{"frames": {

"bb8_00002.png":
{
	"frame": {"x":481,"y":421,"w":146,"h":103},
	"rotated": false,
	"trimmed": true,
	"spriteSourceSize": {"x":128,"y":21,"w":146,"h":103},
	"sourceSize": {"w":274,"h":206}
},
"bb8_00003.png":
{
	"frame": {"x":2,"y":306,"w":156,"h":102},
	"rotated": false,
	"trimmed": true,
	"spriteSourceSize": {"x":118,"y":21,"w":156,"h":102},
	"sourceSize": {"w":274,"h":206}
},
"bb8_00004.png":
{
	"frame": {"x":147,"y":519,"w":166,"h":101},
	"rotated": false,
	"trimmed": true,
	"spriteSourceSize": {"x":108,"y":21,"w":166,"h":101},
	"sourceSize": {"w":274,"h":206}
},
"bb8_00005.png":
{
	"frame": {"x":147,"y":417,"w":176,"h":100},
	"rotated": false,
	"trimmed": true,
	"spriteSourceSize": {"x":98,"y":21,"w":176,"h":100},
	"sourceSize": {"w":274,"h":206}
},
"bb8_00006.png":
{
	"frame": {"x":834,"y":493,"w":185,"h":98},
	"rotated": false,
	"trimmed": true,
	"spriteSourceSize": {"x":89,"y":21,"w":185,"h":98},
	"sourceSize": {"w":274,"h":206}
},
"bb8_00007.png":
{
	"frame": {"x":643,"y":391,"w":194,"h":96},
	"rotated": false,
	"trimmed": true,
	"spriteSourceSize": {"x":80,"y":21,"w":194,"h":96},
	"sourceSize": {"w":274,"h":206}
},
"bb8_00008.png":
{
	"frame": {"x":653,"y":294,"w":204,"h":95},
	"rotated": false,
	"trimmed": true,
	"spriteSourceSize": {"x":70,"y":20,"w":204,"h":95},
	"sourceSize": {"w":274,"h":206}
},
"bb8_00009.png":
{
	"frame": {"x":629,"y":489,"w":203,"h":91},
	"rotated": false,
	"trimmed": true,
	"spriteSourceSize": {"x":58,"y":20,"w":203,"h":91},
	"sourceSize": {"w":274,"h":206}
},
"bb8_00010.png":
{
	"frame": {"x":597,"y":582,"w":203,"h":89},
	"rotated": false,
	"trimmed": true,
	"spriteSourceSize": {"x":51,"y":20,"w":203,"h":89},
	"sourceSize": {"w":274,"h":206}
},
"bb8_00011.png":
{
	"frame": {"x":802,"y":593,"w":200,"h":87},
	"rotated": false,
	"trimmed": true,
	"spriteSourceSize": {"x":46,"y":20,"w":200,"h":87},
	"sourceSize": {"w":274,"h":206}
},
"bb8_00012.png":
{
	"frame": {"x":2,"y":616,"w":136,"h":85},
	"rotated": false,
	"trimmed": true,
	"spriteSourceSize": {"x":41,"y":20,"w":136,"h":85},
	"sourceSize": {"w":274,"h":206}
},
"bb8_00013.png":
{
	"frame": {"x":315,"y":527,"w":133,"h":83},
	"rotated": false,
	"trimmed": true,
	"spriteSourceSize": {"x":36,"y":20,"w":133,"h":83},
	"sourceSize": {"w":274,"h":206}
},
"bb8_00014.png":
{
	"frame": {"x":2,"y":703,"w":131,"h":81},
	"rotated": false,
	"trimmed": true,
	"spriteSourceSize": {"x":32,"y":20,"w":131,"h":81},
	"sourceSize": {"w":274,"h":206}
},
"bb8_00015.png":
{
	"frame": {"x":744,"y":682,"w":132,"h":79},
	"rotated": false,
	"trimmed": true,
	"spriteSourceSize": {"x":27,"y":20,"w":132,"h":79},
	"sourceSize": {"w":274,"h":206}
},
"bb8_00016.png":
{
	"frame": {"x":594,"y":748,"w":132,"h":79},
	"rotated": false,
	"trimmed": true,
	"spriteSourceSize": {"x":24,"y":19,"w":132,"h":79},
	"sourceSize": {"w":274,"h":206}
},
"bb8_00017.png":
{
	"frame": {"x":878,"y":682,"w":134,"h":77},
	"rotated": false,
	"trimmed": true,
	"spriteSourceSize": {"x":19,"y":19,"w":134,"h":77},
	"sourceSize": {"w":274,"h":206}
},
"bb8_00018.png":
{
	"frame": {"x":878,"y":761,"w":137,"h":75},
	"rotated": false,
	"trimmed": true,
	"spriteSourceSize": {"x":15,"y":17,"w":137,"h":75},
	"sourceSize": {"w":274,"h":206}
},
"bb8_00019.png":
{
	"frame": {"x":425,"y":838,"w":140,"h":74},
	"rotated": false,
	"trimmed": true,
	"spriteSourceSize": {"x":12,"y":17,"w":140,"h":74},
	"sourceSize": {"w":274,"h":206}
},
"bb8_00020.png":
{
	"frame": {"x":281,"y":838,"w":142,"h":74},
	"rotated": false,
	"trimmed": true,
	"spriteSourceSize": {"x":9,"y":16,"w":142,"h":74},
	"sourceSize": {"w":274,"h":206}
},
"bb8_00021.png":
{
	"frame": {"x":290,"y":762,"w":144,"h":74},
	"rotated": false,
	"trimmed": true,
	"spriteSourceSize": {"x":7,"y":15,"w":144,"h":74},
	"sourceSize": {"w":274,"h":206}
},
"bb8_00022.png":
{
	"frame": {"x":446,"y":693,"w":146,"h":73},
	"rotated": false,
	"trimmed": true,
	"spriteSourceSize": {"x":5,"y":15,"w":146,"h":73},
	"sourceSize": {"w":274,"h":206}
},
"bb8_00023.png":
{
	"frame": {"x":140,"y":697,"w":148,"h":73},
	"rotated": false,
	"trimmed": true,
	"spriteSourceSize": {"x":3,"y":14,"w":148,"h":73},
	"sourceSize": {"w":274,"h":206}
},
"bb8_00024.png":
{
	"frame": {"x":315,"y":612,"w":150,"h":73},
	"rotated": false,
	"trimmed": true,
	"spriteSourceSize": {"x":1,"y":14,"w":150,"h":73},
	"sourceSize": {"w":274,"h":206}
},
"bb8_00027.png":
{
	"frame": {"x":140,"y":622,"w":151,"h":73},
	"rotated": false,
	"trimmed": true,
	"spriteSourceSize": {"x":0,"y":13,"w":151,"h":73},
	"sourceSize": {"w":274,"h":206}
},
"bb8_00028.png":
{
	"frame": {"x":293,"y":687,"w":151,"h":73},
	"rotated": false,
	"trimmed": true,
	"spriteSourceSize": {"x":0,"y":13,"w":151,"h":73},
	"sourceSize": {"w":274,"h":206}
},
"bb8_00029.png":
{
	"frame": {"x":594,"y":673,"w":148,"h":73},
	"rotated": false,
	"trimmed": true,
	"spriteSourceSize": {"x":2,"y":13,"w":148,"h":73},
	"sourceSize": {"w":274,"h":206}
},
"bb8_00030.png":
{
	"frame": {"x":135,"y":772,"w":144,"h":73},
	"rotated": false,
	"trimmed": true,
	"spriteSourceSize": {"x":5,"y":13,"w":144,"h":73},
	"sourceSize": {"w":274,"h":206}
},
"bb8_00031.png":
{
	"frame": {"x":728,"y":763,"w":139,"h":73},
	"rotated": false,
	"trimmed": true,
	"spriteSourceSize": {"x":9,"y":13,"w":139,"h":73},
	"sourceSize": {"w":274,"h":206}
},
"bb8_00032.png":
{
	"frame": {"x":567,"y":829,"w":136,"h":74},
	"rotated": false,
	"trimmed": true,
	"spriteSourceSize": {"x":12,"y":13,"w":136,"h":74},
	"sourceSize": {"w":274,"h":206}
},
"bb8_00033.png":
{
	"frame": {"x":705,"y":838,"w":133,"h":74},
	"rotated": false,
	"trimmed": true,
	"spriteSourceSize": {"x":14,"y":13,"w":133,"h":74},
	"sourceSize": {"w":274,"h":206}
},
"bb8_00034.png":
{
	"frame": {"x":2,"y":786,"w":129,"h":75},
	"rotated": false,
	"trimmed": true,
	"spriteSourceSize": {"x":17,"y":13,"w":129,"h":75},
	"sourceSize": {"w":274,"h":206}
},
"bb8_00035.png":
{
	"frame": {"x":840,"y":838,"w":128,"h":74},
	"rotated": false,
	"trimmed": true,
	"spriteSourceSize": {"x":19,"y":14,"w":128,"h":74},
	"sourceSize": {"w":274,"h":206}
},
"bb8_00036.png":
{
	"frame": {"x":467,"y":615,"w":125,"h":76},
	"rotated": false,
	"trimmed": true,
	"spriteSourceSize": {"x":21,"y":14,"w":125,"h":76},
	"sourceSize": {"w":274,"h":206}
},
"bb8_00037.png":
{
	"frame": {"x":897,"y":2,"w":124,"h":77},
	"rotated": false,
	"trimmed": true,
	"spriteSourceSize": {"x":22,"y":14,"w":124,"h":77},
	"sourceSize": {"w":274,"h":206}
},
"bb8_00038.png":
{
	"frame": {"x":897,"y":81,"w":124,"h":77},
	"rotated": false,
	"trimmed": true,
	"spriteSourceSize": {"x":22,"y":15,"w":124,"h":77},
	"sourceSize": {"w":274,"h":206}
},
"bb8_00045.png":
{
	"frame": {"x":467,"y":526,"w":128,"h":87},
	"rotated": false,
	"trimmed": true,
	"spriteSourceSize": {"x":14,"y":20,"w":128,"h":87},
	"sourceSize": {"w":274,"h":206}
},
"bb8_00046.png":
{
	"frame": {"x":839,"y":402,"w":128,"h":89},
	"rotated": false,
	"trimmed": true,
	"spriteSourceSize": {"x":13,"y":21,"w":128,"h":89},
	"sourceSize": {"w":274,"h":206}
},
"bb8_00048.png":
{
	"frame": {"x":2,"y":521,"w":129,"h":93},
	"rotated": false,
	"trimmed": true,
	"spriteSourceSize": {"x":10,"y":23,"w":129,"h":93},
	"sourceSize": {"w":274,"h":206}
},
"bb8_00053.png":
{
	"frame": {"x":325,"y":423,"w":140,"h":102},
	"rotated": false,
	"trimmed": true,
	"spriteSourceSize": {"x":4,"y":27,"w":140,"h":102},
	"sourceSize": {"w":274,"h":206}
},
"bb8_00054.png":
{
	"frame": {"x":859,"y":294,"w":143,"h":106},
	"rotated": false,
	"trimmed": true,
	"spriteSourceSize": {"x":2,"y":28,"w":143,"h":106},
	"sourceSize": {"w":274,"h":206}
},
"bb8_00055.png":
{
	"frame": {"x":2,"y":410,"w":143,"h":109},
	"rotated": false,
	"trimmed": true,
	"spriteSourceSize": {"x":2,"y":28,"w":143,"h":109},
	"sourceSize": {"w":274,"h":206}
},
"bb8_00056.png":
{
	"frame": {"x":168,"y":304,"w":144,"h":111},
	"rotated": false,
	"trimmed": true,
	"spriteSourceSize": {"x":2,"y":28,"w":144,"h":111},
	"sourceSize": {"w":274,"h":206}
},
"bb8_00059.png":
{
	"frame": {"x":333,"y":302,"w":146,"h":119},
	"rotated": false,
	"trimmed": true,
	"spriteSourceSize": {"x":3,"y":29,"w":146,"h":119},
	"sourceSize": {"w":274,"h":206}
},
"bb8_00060.png":
{
	"frame": {"x":495,"y":297,"w":146,"h":122},
	"rotated": false,
	"trimmed": true,
	"spriteSourceSize": {"x":4,"y":29,"w":146,"h":122},
	"sourceSize": {"w":274,"h":206}
},
"bb8_00063.png":
{
	"frame": {"x":808,"y":160,"w":151,"h":132},
	"rotated": false,
	"trimmed": true,
	"spriteSourceSize": {"x":9,"y":33,"w":151,"h":132},
	"sourceSize": {"w":274,"h":206}
},
"bb8_00064.png":
{
	"frame": {"x":653,"y":158,"w":153,"h":134},
	"rotated": false,
	"trimmed": true,
	"spriteSourceSize": {"x":11,"y":34,"w":153,"h":134},
	"sourceSize": {"w":274,"h":206}
},
"bb8_00065.png":
{
	"frame": {"x":495,"y":158,"w":156,"h":137},
	"rotated": false,
	"trimmed": true,
	"spriteSourceSize": {"x":12,"y":35,"w":156,"h":137},
	"sourceSize": {"w":274,"h":206}
},
"bb8_00067.png":
{
	"frame": {"x":333,"y":158,"w":160,"h":142},
	"rotated": false,
	"trimmed": true,
	"spriteSourceSize": {"x":14,"y":37,"w":160,"h":142},
	"sourceSize": {"w":274,"h":206}
},
"bb8_00068.png":
{
	"frame": {"x":168,"y":158,"w":163,"h":144},
	"rotated": false,
	"trimmed": true,
	"spriteSourceSize": {"x":15,"y":38,"w":163,"h":144},
	"sourceSize": {"w":274,"h":206}
},
"bb8_00069.png":
{
	"frame": {"x":2,"y":158,"w":164,"h":146},
	"rotated": false,
	"trimmed": true,
	"spriteSourceSize": {"x":17,"y":39,"w":164,"h":146},
	"sourceSize": {"w":274,"h":206}
},
"bb8_move_left_00169.png":
{
	"frame": {"x":2,"y":2,"w":177,"h":154},
	"rotated": false,
	"trimmed": true,
	"spriteSourceSize": {"x":14,"y":16,"w":177,"h":154},
	"sourceSize": {"w":191,"h":173}
},
"bb8_move_left_00171.png":
{
	"frame": {"x":181,"y":2,"w":177,"h":154},
	"rotated": false,
	"trimmed": true,
	"spriteSourceSize": {"x":14,"y":16,"w":177,"h":154},
	"sourceSize": {"w":191,"h":173}
},
"bb8_move_left_00172.png":
{
	"frame": {"x":360,"y":2,"w":177,"h":154},
	"rotated": false,
	"trimmed": true,
	"spriteSourceSize": {"x":14,"y":16,"w":177,"h":154},
	"sourceSize": {"w":191,"h":173}
},
"bb8_move_left_00174.png":
{
	"frame": {"x":539,"y":2,"w":177,"h":154},
	"rotated": false,
	"trimmed": true,
	"spriteSourceSize": {"x":14,"y":16,"w":177,"h":154},
	"sourceSize": {"w":191,"h":173}
},
"bb8_move_left_00175.png":
{
	"frame": {"x":718,"y":2,"w":177,"h":154},
	"rotated": false,
	"trimmed": true,
	"spriteSourceSize": {"x":14,"y":16,"w":177,"h":154},
	"sourceSize": {"w":191,"h":173}
}},
"meta": {
	"app": "http://www.codeandweb.com/texturepacker",
	"version": "1.0",
	"image": "bb8@0.75x_4.png",
	"format": "RGBA8888",
	"size": {"w":1023,"h":914},
	"scale": "0.75",
	"smartupdate": "$TexturePacker:SmartUpdate:5008b4a9d1ef448fb750bf88f23a1858:c9cb500d4ad272fa1d1d13fba7d92101:575c236377ecba880b8d7304eefeb9b5$"
}
}
