<?xml version="1.0" encoding="UTF-8" standalone="no"?>
<!--Created using Glyph Designer - http://71squared.com/glyphdesigner-->
<font>
    <info face="Star Jedi Fighter" size="52" bold="0" italic="0" charset="" unicode="0" stretchH="100" smooth="1" aa="1" padding="1,1,1,1" spacing="1,1"/>
    <common lineHeight="83" base="65" scaleW="665" scaleH="718" pages="1" packed="0"/>
    <pages>
        <page id="0" file="jedi_font_fighter.png"/>
    </pages>
    <chars count="155">
        <char id="32" x="296" y="681" width="0" height="0" xoffset="0" yoffset="70" xadvance="26" page="0" chnl="0" letter="space"/>
        <char id="33" x="411" y="629" width="28" height="51" xoffset="-1" yoffset="19" xadvance="24" page="0" chnl="0" letter="!"/>
        <char id="34" x="494" y="629" width="33" height="31" xoffset="0" yoffset="18" xadvance="31" page="0" chnl="0" letter="&quot;"/>
        <char id="39" x="528" y="629" width="22" height="31" xoffset="-1" yoffset="18" xadvance="18" page="0" chnl="0" letter="'"/>
        <char id="40" x="362" y="67" width="31" height="62" xoffset="-3" yoffset="11" xadvance="21" page="0" chnl="0" letter="("/>
        <char id="41" x="394" y="67" width="31" height="62" xoffset="-4" yoffset="11" xadvance="21" page="0" chnl="0" letter=")"/>
        <char id="43" x="581" y="629" width="57" height="25" xoffset="-8" yoffset="19" xadvance="39" page="0" chnl="0" letter="+"/>
        <char id="44" x="551" y="629" width="29" height="30" xoffset="-3" yoffset="46" xadvance="21" page="0" chnl="0" letter=","/>
        <char id="45" x="266" y="681" width="29" height="24" xoffset="-3" yoffset="36" xadvance="21" page="0" chnl="0" letter="-"/>
        <char id="46" x="239" y="681" width="26" height="25" xoffset="-1" yoffset="45" xadvance="21" page="0" chnl="0" letter="."/>
        <char id="47" x="88" y="368" width="40" height="52" xoffset="-8" yoffset="19" xadvance="21" page="0" chnl="0" letter="/"/>
        <char id="48" x="232" y="315" width="51" height="52" xoffset="-4" yoffset="19" xadvance="40" page="0" chnl="0" letter="0"/>
        <char id="49" x="333" y="629" width="39" height="51" xoffset="-6" yoffset="19" xadvance="29" page="0" chnl="0" letter="1"/>
        <char id="50" x="587" y="315" width="43" height="52" xoffset="-4" yoffset="18" xadvance="33" page="0" chnl="0" letter="2"/>
        <char id="51" x="1" y="368" width="43" height="52" xoffset="-4" yoffset="19" xadvance="33" page="0" chnl="0" letter="3"/>
        <char id="52" x="422" y="577" width="49" height="51" xoffset="-4" yoffset="19" xadvance="39" page="0" chnl="0" letter="4"/>
        <char id="53" x="45" y="368" width="42" height="52" xoffset="-3" yoffset="19" xadvance="33" page="0" chnl="0" letter="5"/>
        <char id="54" x="489" y="315" width="48" height="52" xoffset="-4" yoffset="19" xadvance="38" page="0" chnl="0" letter="6"/>
        <char id="55" x="288" y="629" width="44" height="51" xoffset="-4" yoffset="19" xadvance="33" page="0" chnl="0" letter="7"/>
        <char id="56" x="439" y="315" width="49" height="52" xoffset="-4" yoffset="19" xadvance="38" page="0" chnl="0" letter="8"/>
        <char id="57" x="538" y="315" width="48" height="52" xoffset="-4" yoffset="19" xadvance="38" page="0" chnl="0" letter="9"/>
        <char id="58" x="467" y="629" width="26" height="42" xoffset="-1" yoffset="28" xadvance="21" page="0" chnl="0" letter=":"/>
        <char id="59" x="185" y="473" width="59" height="51" xoffset="-5" yoffset="19" xadvance="37" page="0" chnl="0" letter=";"/>
        <char id="60" x="1" y="681" width="57" height="25" xoffset="-47" yoffset="58" xadvance="2" page="0" chnl="0" letter="&lt;"/>
        <char id="61" x="59" y="681" width="57" height="25" xoffset="-8" yoffset="45" xadvance="39" page="0" chnl="0" letter="="/>
        <char id="62" x="117" y="681" width="57" height="25" xoffset="-5" yoffset="58" xadvance="2" page="0" chnl="0" letter="&gt;"/>
        <char id="63" x="129" y="368" width="40" height="52" xoffset="-3" yoffset="18" xadvance="32" page="0" chnl="0" letter="?"/>
        <char id="65" x="485" y="473" width="58" height="51" xoffset="-8" yoffset="19" xadvance="40" page="0" chnl="0" letter="A"/>
        <char id="66" x="331" y="421" width="62" height="51" xoffset="-11" yoffset="19" xadvance="43" page="0" chnl="0" letter="B"/>
        <char id="67" x="388" y="315" width="50" height="52" xoffset="-5" yoffset="18" xadvance="39" page="0" chnl="0" letter="C"/>
        <char id="68" x="267" y="421" width="63" height="51" xoffset="-11" yoffset="19" xadvance="44" page="0" chnl="0" letter="D"/>
        <char id="69" x="119" y="525" width="57" height="51" xoffset="-11" yoffset="19" xadvance="37" page="0" chnl="0" letter="E"/>
        <char id="70" x="462" y="525" width="54" height="51" xoffset="-11" yoffset="19" xadvance="36" page="0" chnl="0" letter="F"/>
        <char id="71" x="284" y="315" width="51" height="52" xoffset="-5" yoffset="18" xadvance="39" page="0" chnl="0" letter="G"/>
        <char id="72" x="293" y="525" width="56" height="51" xoffset="-12" yoffset="19" xadvance="37" page="0" chnl="0" letter="H"/>
        <char id="73" x="544" y="473" width="58" height="51" xoffset="-4" yoffset="19" xadvance="37" page="0" chnl="0" letter="I"/>
        <char id="74" x="324" y="1" width="41" height="64" xoffset="-5" yoffset="19" xadvance="24" page="0" chnl="0" letter="J"/>
        <char id="75" x="245" y="473" width="59" height="51" xoffset="-3" yoffset="19" xadvance="38" page="0" chnl="0" letter="K"/>
        <char id="76" x="517" y="525" width="54" height="51" xoffset="-11" yoffset="19" xadvance="35" page="0" chnl="0" letter="L"/>
        <char id="77" x="394" y="421" width="62" height="51" xoffset="-12" yoffset="19" xadvance="44" page="0" chnl="0" letter="M"/>
        <char id="78" x="305" y="473" width="59" height="51" xoffset="-3" yoffset="19" xadvance="38" page="0" chnl="0" letter="N"/>
        <char id="79" x="177" y="525" width="57" height="51" xoffset="-11" yoffset="19" xadvance="38" page="0" chnl="0" letter="O"/>
        <char id="80" x="365" y="473" width="59" height="51" xoffset="-11" yoffset="19" xadvance="40" page="0" chnl="0" letter="P"/>
        <char id="81" x="136" y="421" width="65" height="51" xoffset="-4" yoffset="19" xadvance="44" page="0" chnl="0" letter="Q"/>
        <char id="82" x="457" y="421" width="62" height="51" xoffset="-3" yoffset="19" xadvance="41" page="0" chnl="0" letter="R"/>
        <char id="83" x="63" y="473" width="60" height="51" xoffset="-17" yoffset="19" xadvance="31" page="0" chnl="0" letter="S"/>
        <char id="84" x="269" y="577" width="50" height="51" xoffset="-9" yoffset="19" xadvance="29" page="0" chnl="0" letter="T"/>
        <char id="85" x="274" y="1" width="49" height="64" xoffset="-3" yoffset="19" xadvance="38" page="0" chnl="0" letter="U"/>
        <char id="86" x="168" y="1" width="52" height="64" xoffset="-3" yoffset="19" xadvance="41" page="0" chnl="0" letter="V"/>
        <char id="87" x="287" y="368" width="72" height="51" xoffset="-11" yoffset="19" xadvance="48" page="0" chnl="0" letter="W"/>
        <char id="88" x="350" y="525" width="55" height="51" xoffset="-5" yoffset="19" xadvance="41" page="0" chnl="0" letter="X"/>
        <char id="89" x="425" y="473" width="59" height="51" xoffset="-8" yoffset="19" xadvance="39" page="0" chnl="0" letter="Y"/>
        <char id="90" x="603" y="473" width="58" height="51" xoffset="-8" yoffset="19" xadvance="40" page="0" chnl="0" letter="Z"/>
        <char id="91" x="69" y="421" width="66" height="51" xoffset="-11" yoffset="19" xadvance="38" page="0" chnl="0" letter="["/>
        <char id="92" x="175" y="681" width="31" height="25" xoffset="-13" yoffset="45" xadvance="3" page="0" chnl="0" letter="\"/>
        <char id="93" x="211" y="368" width="75" height="51" xoffset="-9" yoffset="19" xadvance="48" page="0" chnl="0" letter="]"/>
        <char id="95" x="551" y="254" width="59" height="52" xoffset="-12" yoffset="19" xadvance="39" page="0" chnl="0" letter="_"/>
        <char id="96" x="202" y="421" width="64" height="51" xoffset="-11" yoffset="19" xadvance="43" page="0" chnl="0" letter="`"/>
        <char id="97" x="235" y="525" width="57" height="51" xoffset="-7" yoffset="19" xadvance="40" page="0" chnl="0" letter="a"/>
        <char id="98" x="572" y="525" width="54" height="51" xoffset="-3" yoffset="19" xadvance="43" page="0" chnl="0" letter="b"/>
        <char id="99" x="111" y="577" width="52" height="51" xoffset="-5" yoffset="19" xadvance="40" page="0" chnl="0" letter="c"/>
        <char id="100" x="406" y="525" width="55" height="51" xoffset="-3" yoffset="19" xadvance="44" page="0" chnl="0" letter="d"/>
        <char id="101" x="472" y="577" width="49" height="51" xoffset="-3" yoffset="19" xadvance="37" page="0" chnl="0" letter="e"/>
        <char id="102" x="148" y="629" width="46" height="51" xoffset="-3" yoffset="19" xadvance="36" page="0" chnl="0" letter="f"/>
        <char id="103" x="164" y="577" width="52" height="51" xoffset="-5" yoffset="19" xadvance="40" page="0" chnl="0" letter="g"/>
        <char id="104" x="572" y="577" width="48" height="51" xoffset="-4" yoffset="19" xadvance="37" page="0" chnl="0" letter="h"/>
        <char id="105" x="440" y="629" width="26" height="51" xoffset="-4" yoffset="19" xadvance="16" page="0" chnl="0" letter="i"/>
        <char id="106" x="373" y="629" width="37" height="51" xoffset="-5" yoffset="19" xadvance="24" page="0" chnl="0" letter="j"/>
        <char id="107" x="320" y="577" width="50" height="51" xoffset="-3" yoffset="19" xadvance="38" page="0" chnl="0" letter="k"/>
        <char id="108" x="195" y="629" width="46" height="51" xoffset="-3" yoffset="19" xadvance="35" page="0" chnl="0" letter="l"/>
        <char id="109" x="1" y="577" width="54" height="51" xoffset="-4" yoffset="19" xadvance="44" page="0" chnl="0" letter="m"/>
        <char id="110" x="522" y="577" width="49" height="51" xoffset="-3" yoffset="19" xadvance="38" page="0" chnl="0" letter="n"/>
        <char id="111" x="1" y="315" width="57" height="52" xoffset="-5" yoffset="19" xadvance="45" page="0" chnl="0" letter="o"/>
        <char id="112" x="217" y="577" width="51" height="51" xoffset="-3" yoffset="19" xadvance="40" page="0" chnl="0" letter="p"/>
        <char id="113" x="175" y="315" width="56" height="52" xoffset="-5" yoffset="19" xadvance="44" page="0" chnl="0" letter="q"/>
        <char id="114" x="56" y="577" width="54" height="51" xoffset="-3" yoffset="19" xadvance="41" page="0" chnl="0" letter="r"/>
        <char id="115" x="242" y="629" width="45" height="51" xoffset="-5" yoffset="19" xadvance="31" page="0" chnl="0" letter="s"/>
        <char id="116" x="371" y="577" width="50" height="51" xoffset="-5" yoffset="19" xadvance="37" page="0" chnl="0" letter="t"/>
        <char id="117" x="336" y="315" width="51" height="52" xoffset="-5" yoffset="19" xadvance="39" page="0" chnl="0" letter="u"/>
        <char id="118" x="124" y="473" width="60" height="51" xoffset="-7" yoffset="19" xadvance="43" page="0" chnl="0" letter="v"/>
        <char id="119" x="1" y="421" width="67" height="51" xoffset="-9" yoffset="19" xadvance="48" page="0" chnl="0" letter="w"/>
        <char id="120" x="1" y="525" width="58" height="51" xoffset="-8" yoffset="19" xadvance="39" page="0" chnl="0" letter="x"/>
        <char id="121" x="60" y="525" width="58" height="51" xoffset="-8" yoffset="19" xadvance="39" page="0" chnl="0" letter="y"/>
        <char id="122" x="1" y="629" width="48" height="51" xoffset="-4" yoffset="19" xadvance="38" page="0" chnl="0" letter="z"/>
        <char id="124" x="207" y="681" width="31" height="25" xoffset="-13" yoffset="19" xadvance="3" page="0" chnl="0" letter="|"/>
        <char id="126" x="520" y="421" width="61" height="51" xoffset="-8" yoffset="19" xadvance="39" page="0" chnl="0" letter="~"/>
        <char id="191" x="170" y="368" width="40" height="52" xoffset="-3" yoffset="18" xadvance="32" page="0" chnl="0" letter="¿"/>
        <char id="192" x="60" y="193" width="57" height="60" xoffset="-7" yoffset="10" xadvance="40" page="0" chnl="0" letter="À"/>
        <char id="193" x="118" y="193" width="57" height="60" xoffset="-7" yoffset="10" xadvance="40" page="0" chnl="0" letter="Á"/>
        <char id="194" x="426" y="67" width="57" height="61" xoffset="-7" yoffset="9" xadvance="40" page="0" chnl="0" letter="Â"/>
        <char id="195" x="366" y="1" width="57" height="63" xoffset="-7" yoffset="7" xadvance="40" page="0" chnl="0" letter="Ã"/>
        <char id="196" x="222" y="254" width="57" height="59" xoffset="-7" yoffset="11" xadvance="40" page="0" chnl="0" letter="Ä"/>
        <char id="197" x="484" y="67" width="57" height="61" xoffset="-7" yoffset="9" xadvance="40" page="0" chnl="0" letter="Å"/>
        <char id="198" x="360" y="368" width="70" height="51" xoffset="-7" yoffset="19" xadvance="54" page="0" chnl="0" letter="Æ"/>
        <char id="199" x="1" y="1" width="50" height="65" xoffset="-5" yoffset="18" xadvance="39" page="0" chnl="0" letter="Ç"/>
        <char id="200" x="512" y="193" width="49" height="60" xoffset="-3" yoffset="10" xadvance="37" page="0" chnl="0" letter="È"/>
        <char id="201" x="562" y="193" width="49" height="60" xoffset="-3" yoffset="10" xadvance="37" page="0" chnl="0" letter="É"/>
        <char id="202" x="441" y="131" width="49" height="61" xoffset="-3" yoffset="9" xadvance="37" page="0" chnl="0" letter="Ê"/>
        <char id="203" x="393" y="254" width="49" height="59" xoffset="-3" yoffset="11" xadvance="37" page="0" chnl="0" letter="Ë"/>
        <char id="204" x="51" y="254" width="27" height="60" xoffset="-4" yoffset="10" xadvance="16" page="0" chnl="0" letter="Ì"/>
        <char id="205" x="79" y="254" width="27" height="60" xoffset="-4" yoffset="10" xadvance="16" page="0" chnl="0" letter="Í"/>
        <char id="206" x="541" y="131" width="26" height="61" xoffset="-4" yoffset="9" xadvance="16" page="0" chnl="0" letter="Î"/>
        <char id="207" x="493" y="254" width="28" height="59" xoffset="-5" yoffset="11" xadvance="16" page="0" chnl="0" letter="Ï"/>
        <char id="208" x="582" y="421" width="61" height="51" xoffset="-6" yoffset="19" xadvance="48" page="0" chnl="0" letter="Ð"/>
        <char id="209" x="482" y="1" width="49" height="63" xoffset="-3" yoffset="7" xadvance="38" page="0" chnl="0" letter="Ñ"/>
        <char id="210" x="542" y="67" width="57" height="61" xoffset="-5" yoffset="10" xadvance="45" page="0" chnl="0" letter="Ò"/>
        <char id="211" x="600" y="67" width="57" height="61" xoffset="-5" yoffset="10" xadvance="45" page="0" chnl="0" letter="Ó"/>
        <char id="212" x="142" y="67" width="57" height="62" xoffset="-5" yoffset="9" xadvance="45" page="0" chnl="0" letter="Ô"/>
        <char id="213" x="52" y="1" width="57" height="64" xoffset="-5" yoffset="7" xadvance="45" page="0" chnl="0" letter="Õ"/>
        <char id="214" x="176" y="193" width="57" height="60" xoffset="-5" yoffset="11" xadvance="45" page="0" chnl="0" letter="Ö"/>
        <char id="216" x="59" y="315" width="57" height="52" xoffset="-5" yoffset="19" xadvance="45" page="0" chnl="0" letter="Ø"/>
        <char id="217" x="233" y="131" width="51" height="61" xoffset="-5" yoffset="10" xadvance="39" page="0" chnl="0" letter="Ù"/>
        <char id="218" x="285" y="131" width="51" height="61" xoffset="-5" yoffset="10" xadvance="39" page="0" chnl="0" letter="Ú"/>
        <char id="219" x="258" y="67" width="51" height="62" xoffset="-5" yoffset="9" xadvance="39" page="0" chnl="0" letter="Û"/>
        <char id="220" x="408" y="193" width="51" height="60" xoffset="-5" yoffset="11" xadvance="39" page="0" chnl="0" letter="Ü"/>
        <char id="221" x="595" y="131" width="58" height="60" xoffset="-8" yoffset="10" xadvance="39" page="0" chnl="0" letter="Ý"/>
        <char id="222" x="50" y="629" width="48" height="51" xoffset="-4" yoffset="19" xadvance="37" page="0" chnl="0" letter="Þ"/>
        <char id="223" x="338" y="254" width="54" height="59" xoffset="-3" yoffset="19" xadvance="43" page="0" chnl="0" letter="ß"/>
        <char id="224" x="234" y="193" width="57" height="60" xoffset="-7" yoffset="10" xadvance="40" page="0" chnl="0" letter="à"/>
        <char id="225" x="292" y="193" width="57" height="60" xoffset="-7" yoffset="10" xadvance="40" page="0" chnl="0" letter="á"/>
        <char id="226" x="1" y="131" width="57" height="61" xoffset="-7" yoffset="9" xadvance="40" page="0" chnl="0" letter="â"/>
        <char id="227" x="424" y="1" width="57" height="63" xoffset="-7" yoffset="7" xadvance="40" page="0" chnl="0" letter="ã"/>
        <char id="228" x="280" y="254" width="57" height="59" xoffset="-7" yoffset="11" xadvance="40" page="0" chnl="0" letter="ä"/>
        <char id="229" x="59" y="131" width="57" height="61" xoffset="-7" yoffset="9" xadvance="40" page="0" chnl="0" letter="å"/>
        <char id="230" x="431" y="368" width="70" height="51" xoffset="-7" yoffset="19" xadvance="54" page="0" chnl="0" letter="æ"/>
        <char id="231" x="221" y="1" width="52" height="64" xoffset="-5" yoffset="19" xadvance="40" page="0" chnl="0" letter="ç"/>
        <char id="232" x="612" y="193" width="49" height="60" xoffset="-3" yoffset="10" xadvance="37" page="0" chnl="0" letter="è"/>
        <char id="233" x="1" y="254" width="49" height="60" xoffset="-3" yoffset="10" xadvance="37" page="0" chnl="0" letter="é"/>
        <char id="234" x="491" y="131" width="49" height="61" xoffset="-3" yoffset="9" xadvance="37" page="0" chnl="0" letter="ê"/>
        <char id="235" x="443" y="254" width="49" height="59" xoffset="-3" yoffset="11" xadvance="37" page="0" chnl="0" letter="ë"/>
        <char id="236" x="107" y="254" width="27" height="60" xoffset="-4" yoffset="10" xadvance="16" page="0" chnl="0" letter="ì"/>
        <char id="237" x="135" y="254" width="27" height="60" xoffset="-4" yoffset="10" xadvance="16" page="0" chnl="0" letter="í"/>
        <char id="238" x="568" y="131" width="26" height="61" xoffset="-4" yoffset="9" xadvance="16" page="0" chnl="0" letter="î"/>
        <char id="239" x="522" y="254" width="28" height="59" xoffset="-5" yoffset="11" xadvance="16" page="0" chnl="0" letter="ï"/>
        <char id="240" x="1" y="473" width="61" height="51" xoffset="-6" yoffset="19" xadvance="48" page="0" chnl="0" letter="ð"/>
        <char id="241" x="532" y="1" width="49" height="63" xoffset="-3" yoffset="7" xadvance="38" page="0" chnl="0" letter="ñ"/>
        <char id="242" x="117" y="131" width="57" height="61" xoffset="-5" yoffset="10" xadvance="45" page="0" chnl="0" letter="ò"/>
        <char id="243" x="175" y="131" width="57" height="61" xoffset="-5" yoffset="10" xadvance="45" page="0" chnl="0" letter="ó"/>
        <char id="244" x="200" y="67" width="57" height="62" xoffset="-5" yoffset="9" xadvance="45" page="0" chnl="0" letter="ô"/>
        <char id="245" x="110" y="1" width="57" height="64" xoffset="-5" yoffset="7" xadvance="45" page="0" chnl="0" letter="õ"/>
        <char id="246" x="350" y="193" width="57" height="60" xoffset="-5" yoffset="11" xadvance="45" page="0" chnl="0" letter="ö"/>
        <char id="248" x="117" y="315" width="57" height="52" xoffset="-5" yoffset="19" xadvance="45" page="0" chnl="0" letter="ø"/>
        <char id="249" x="337" y="131" width="51" height="61" xoffset="-5" yoffset="10" xadvance="39" page="0" chnl="0" letter="ù"/>
        <char id="250" x="389" y="131" width="51" height="61" xoffset="-5" yoffset="10" xadvance="39" page="0" chnl="0" letter="ú"/>
        <char id="251" x="310" y="67" width="51" height="62" xoffset="-5" yoffset="9" xadvance="39" page="0" chnl="0" letter="û"/>
        <char id="252" x="460" y="193" width="51" height="60" xoffset="-5" yoffset="11" xadvance="39" page="0" chnl="0" letter="ü"/>
        <char id="253" x="1" y="193" width="58" height="60" xoffset="-8" yoffset="10" xadvance="39" page="0" chnl="0" letter="ý"/>
        <char id="254" x="99" y="629" width="48" height="51" xoffset="-4" yoffset="19" xadvance="37" page="0" chnl="0" letter="þ"/>
        <char id="338" x="502" y="368" width="68" height="51" xoffset="-5" yoffset="19" xadvance="54" page="0" chnl="0" letter="Œ"/>
        <char id="339" x="571" y="368" width="68" height="51" xoffset="-5" yoffset="19" xadvance="54" page="0" chnl="0" letter="œ"/>
        <char id="352" x="50" y="67" width="45" height="63" xoffset="-5" yoffset="7" xadvance="31" page="0" chnl="0" letter="Š"/>
        <char id="353" x="96" y="67" width="45" height="63" xoffset="-5" yoffset="7" xadvance="31" page="0" chnl="0" letter="š"/>
        <char id="376" x="163" y="254" width="58" height="59" xoffset="-8" yoffset="11" xadvance="39" page="0" chnl="0" letter="Ÿ"/>
        <char id="381" x="582" y="1" width="48" height="63" xoffset="-4" yoffset="7" xadvance="38" page="0" chnl="0" letter="Ž"/>
        <char id="382" x="1" y="67" width="48" height="63" xoffset="-4" yoffset="7" xadvance="38" page="0" chnl="0" letter="ž"/>
    </chars>
    <kernings count="0"/>
</font>
