{"frames": {

"panel_achievement_old.png":
{
	"frame": {"x":2,"y":171,"w":605,"h":80},
	"rotated": false,
	"trimmed": false,
	"spriteSourceSize": {"x":0,"y":0,"w":605,"h":80},
	"sourceSize": {"w":605,"h":80}
},
"panel_list_achievement_old.png":
{
	"frame": {"x":2,"y":2,"w":626,"h":167},
	"rotated": false,
	"trimmed": false,
	"spriteSourceSize": {"x":0,"y":0,"w":626,"h":167},
	"sourceSize": {"w":626,"h":167}
},
"small-star.png":
{
	"frame": {"x":609,"y":171,"w":29,"h":25},
	"rotated": false,
	"trimmed": false,
	"spriteSourceSize": {"x":0,"y":0,"w":29,"h":25},
	"sourceSize": {"w":29,"h":25}
}},
"meta": {
	"app": "http://www.codeandweb.com/texturepacker",
	"version": "1.0",
	"image": "panels.png",
	"format": "RGBA8888",
	"size": {"w":640,"h":253},
	"scale": "1",
	"smartupdate": "$TexturePacker:SmartUpdate:dc7487372b1722af3869bb54865332d3:4a441cb247e706428e8ce9d56b7b0819:d431f8d081158b6c9986365a6c49ed55$"
}
}
