{"frames": {

"end_machine_clean.png":
{
	"frame": {"x":1776,"y":633,"w":147,"h":144},
	"rotated": false,
	"trimmed": false,
	"spriteSourceSize": {"x":0,"y":0,"w":147,"h":144},
	"sourceSize": {"w":147,"h":144}
},
"env1_big_gradiant_sun.png":
{
	"frame": {"x":478,"y":1320,"w":500,"h":362},
	"rotated": false,
	"trimmed": false,
	"spriteSourceSize": {"x":0,"y":0,"w":500,"h":362},
	"sourceSize": {"w":500,"h":362}
},
"env1_cloud_montaign.png":
{
	"frame": {"x":500,"y":1853,"w":433,"h":132},
	"rotated": false,
	"trimmed": true,
	"spriteSourceSize": {"x":2,"y":1,"w":433,"h":132},
	"sourceSize": {"w":437,"h":134}
},
"env1_foreground_cloud.png":
{
	"frame": {"x":1086,"y":1,"w":633,"h":206},
	"rotated": false,
	"trimmed": true,
	"spriteSourceSize": {"x":2,"y":3,"w":633,"h":206},
	"sourceSize": {"w":638,"h":211}
},
"env1_foreground_cloud2.png":
{
	"frame": {"x":1086,"y":209,"w":580,"h":190},
	"rotated": false,
	"trimmed": true,
	"spriteSourceSize": {"x":3,"y":3,"w":580,"h":190},
	"sourceSize": {"w":586,"h":195}
},
"env1_foreground_grass.png":
{
	"frame": {"x":1668,"y":262,"w":300,"h":134},
	"rotated": false,
	"trimmed": false,
	"spriteSourceSize": {"x":0,"y":0,"w":300,"h":134},
	"sourceSize": {"w":300,"h":134}
},
"env1_foreground_tree.png":
{
	"frame": {"x":980,"y":1284,"w":162,"h":347},
	"rotated": false,
	"trimmed": true,
	"spriteSourceSize": {"x":2,"y":3,"w":162,"h":347},
	"sourceSize": {"w":166,"h":350}
},
"env1_montaign3.png":
{
	"frame": {"x":1,"y":593,"w":909,"h":355},
	"rotated": false,
	"trimmed": true,
	"spriteSourceSize": {"x":1,"y":1,"w":909,"h":355},
	"sourceSize": {"w":911,"h":356}
},
"env1_stars_sky.png":
{
	"frame": {"x":1,"y":1,"w":1083,"h":295},
	"rotated": false,
	"trimmed": false,
	"spriteSourceSize": {"x":0,"y":0,"w":1083,"h":295},
	"sourceSize": {"w":1083,"h":295}
},
"env1_strate2.png":
{
	"frame": {"x":1,"y":298,"w":1008,"h":293},
	"rotated": false,
	"trimmed": true,
	"spriteSourceSize": {"x":8,"y":0,"w":1008,"h":293},
	"sourceSize": {"w":1024,"h":293}
},
"env2_batiment_strate.png":
{
	"frame": {"x":1020,"y":909,"w":362,"h":158},
	"rotated": false,
	"trimmed": false,
	"spriteSourceSize": {"x":0,"y":0,"w":362,"h":158},
	"sourceSize": {"w":362,"h":158}
},
"env2_foreground_rock.png":
{
	"frame": {"x":1010,"y":1069,"w":361,"h":143},
	"rotated": false,
	"trimmed": false,
	"spriteSourceSize": {"x":0,"y":0,"w":361,"h":143},
	"sourceSize": {"w":361,"h":143}
},
"env2_foreground_touet.png":
{
	"frame": {"x":912,"y":593,"w":106,"h":454},
	"rotated": false,
	"trimmed": false,
	"spriteSourceSize": {"x":0,"y":0,"w":106,"h":454},
	"sourceSize": {"w":106,"h":454}
},
"env2_strate1.png":
{
	"frame": {"x":1,"y":950,"w":810,"h":368},
	"rotated": false,
	"trimmed": false,
	"spriteSourceSize": {"x":0,"y":0,"w":810,"h":368},
	"sourceSize": {"w":810,"h":368}
},
"env2_strate2.png":
{
	"frame": {"x":500,"y":1684,"w":555,"h":167},
	"rotated": false,
	"trimmed": false,
	"spriteSourceSize": {"x":0,"y":0,"w":555,"h":167},
	"sourceSize": {"w":555,"h":167}
},
"env2_strate_touret2.png":
{
	"frame": {"x":1011,"y":401,"w":555,"h":184},
	"rotated": false,
	"trimmed": true,
	"spriteSourceSize": {"x":0,"y":3,"w":555,"h":184},
	"sourceSize": {"w":555,"h":190}
},
"env3_background_plateform.png":
{
	"frame": {"x":1721,"y":1,"w":286,"h":259},
	"rotated": false,
	"trimmed": false,
	"spriteSourceSize": {"x":0,"y":0,"w":286,"h":259},
	"sourceSize": {"w":286,"h":259}
},
"env3_background_plateform2.png":
{
	"frame": {"x":1302,"y":587,"w":282,"h":257},
	"rotated": false,
	"trimmed": true,
	"spriteSourceSize": {"x":2,"y":2,"w":282,"h":257},
	"sourceSize": {"w":286,"h":259}
},
"env3_foreground_structure1.png":
{
	"frame": {"x":1,"y":1320,"w":475,"h":434},
	"rotated": false,
	"trimmed": true,
	"spriteSourceSize": {"x":0,"y":0,"w":475,"h":434},
	"sourceSize": {"w":482,"h":434}
},
"env3_foreground_structure2.png":
{
	"frame": {"x":1,"y":1756,"w":497,"h":200},
	"rotated": false,
	"trimmed": false,
	"spriteSourceSize": {"x":0,"y":0,"w":497,"h":200},
	"sourceSize": {"w":497,"h":200}
},
"env3_pimpact_lateform.png":
{
	"frame": {"x":1020,"y":587,"w":280,"h":320},
	"rotated": false,
	"trimmed": false,
	"spriteSourceSize": {"x":0,"y":0,"w":280,"h":320},
	"sourceSize": {"w":280,"h":320}
},
"smoke_last_world_00003.png":
{
	"frame": {"x":1568,"y":401,"w":81,"h":184},
	"rotated": false,
	"trimmed": true,
	"spriteSourceSize": {"x":31,"y":51,"w":81,"h":184},
	"sourceSize": {"w":117,"h":254}
},
"touret_last_world_00000.png":
{
	"frame": {"x":1384,"y":846,"w":195,"h":233},
	"rotated": false,
	"trimmed": true,
	"spriteSourceSize": {"x":60,"y":5,"w":195,"h":233},
	"sourceSize": {"w":263,"h":246}
},
"touret_last_world_00001.png":
{
	"frame": {"x":813,"y":1049,"w":195,"h":233},
	"rotated": false,
	"trimmed": true,
	"spriteSourceSize": {"x":60,"y":5,"w":195,"h":233},
	"sourceSize": {"w":263,"h":246}
},
"touret_last_world_00002.png":
{
	"frame": {"x":1144,"y":1214,"w":194,"h":233},
	"rotated": false,
	"trimmed": true,
	"spriteSourceSize": {"x":60,"y":5,"w":194,"h":233},
	"sourceSize": {"w":263,"h":246}
},
"touret_last_world_00003.png":
{
	"frame": {"x":1373,"y":1081,"w":192,"h":233},
	"rotated": false,
	"trimmed": true,
	"spriteSourceSize": {"x":60,"y":5,"w":192,"h":233},
	"sourceSize": {"w":263,"h":246}
},
"touret_last_world_00004.png":
{
	"frame": {"x":1057,"y":1684,"w":186,"h":233},
	"rotated": false,
	"trimmed": true,
	"spriteSourceSize": {"x":60,"y":5,"w":186,"h":233},
	"sourceSize": {"w":263,"h":246}
},
"touret_last_world_00005.png":
{
	"frame": {"x":1432,"y":1786,"w":181,"h":233},
	"rotated": false,
	"trimmed": true,
	"spriteSourceSize": {"x":60,"y":5,"w":181,"h":233},
	"sourceSize": {"w":263,"h":246}
},
"touret_last_world_00006.png":
{
	"frame": {"x":1531,"y":1551,"w":176,"h":233},
	"rotated": false,
	"trimmed": true,
	"spriteSourceSize": {"x":60,"y":5,"w":176,"h":233},
	"sourceSize": {"w":263,"h":246}
},
"touret_last_world_00007.png":
{
	"frame": {"x":1534,"y":1316,"w":169,"h":233},
	"rotated": false,
	"trimmed": true,
	"spriteSourceSize": {"x":60,"y":5,"w":169,"h":233},
	"sourceSize": {"w":263,"h":246}
},
"touret_last_world_00008.png":
{
	"frame": {"x":1709,"y":1551,"w":154,"h":233},
	"rotated": false,
	"trimmed": true,
	"spriteSourceSize": {"x":60,"y":5,"w":154,"h":233},
	"sourceSize": {"w":263,"h":246}
},
"touret_last_world_00009.png":
{
	"frame": {"x":1792,"y":1786,"w":145,"h":233},
	"rotated": false,
	"trimmed": true,
	"spriteSourceSize": {"x":60,"y":5,"w":145,"h":233},
	"sourceSize": {"w":263,"h":246}
},
"touret_last_world_00010.png":
{
	"frame": {"x":1738,"y":1081,"w":144,"h":233},
	"rotated": false,
	"trimmed": true,
	"spriteSourceSize": {"x":60,"y":5,"w":144,"h":233},
	"sourceSize": {"w":263,"h":246}
},
"touret_last_world_00011.png":
{
	"frame": {"x":1862,"y":1316,"w":143,"h":233},
	"rotated": false,
	"trimmed": true,
	"spriteSourceSize": {"x":60,"y":5,"w":143,"h":233},
	"sourceSize": {"w":263,"h":246}
},
"touret_last_world_00013.png":
{
	"frame": {"x":1865,"y":1551,"w":142,"h":233},
	"rotated": false,
	"trimmed": true,
	"spriteSourceSize": {"x":60,"y":5,"w":142,"h":233},
	"sourceSize": {"w":263,"h":246}
},
"touret_last_world_00014.png":
{
	"frame": {"x":1745,"y":822,"w":143,"h":233},
	"rotated": false,
	"trimmed": true,
	"spriteSourceSize": {"x":60,"y":5,"w":143,"h":233},
	"sourceSize": {"w":263,"h":246}
},
"touret_last_world_00015.png":
{
	"frame": {"x":1776,"y":398,"w":143,"h":233},
	"rotated": false,
	"trimmed": true,
	"spriteSourceSize": {"x":60,"y":5,"w":143,"h":233},
	"sourceSize": {"w":263,"h":246}
},
"touret_last_world_00016.png":
{
	"frame": {"x":1705,"y":1316,"w":155,"h":233},
	"rotated": false,
	"trimmed": true,
	"spriteSourceSize": {"x":47,"y":5,"w":155,"h":233},
	"sourceSize": {"w":263,"h":246}
},
"touret_last_world_00017.png":
{
	"frame": {"x":1581,"y":846,"w":162,"h":233},
	"rotated": false,
	"trimmed": true,
	"spriteSourceSize": {"x":39,"y":5,"w":162,"h":233},
	"sourceSize": {"w":263,"h":246}
},
"touret_last_world_00018.png":
{
	"frame": {"x":1567,"y":1081,"w":169,"h":233},
	"rotated": false,
	"trimmed": true,
	"spriteSourceSize": {"x":31,"y":5,"w":169,"h":233},
	"sourceSize": {"w":263,"h":246}
},
"touret_last_world_00019.png":
{
	"frame": {"x":1615,"y":1786,"w":175,"h":233},
	"rotated": false,
	"trimmed": true,
	"spriteSourceSize": {"x":25,"y":5,"w":175,"h":233},
	"sourceSize": {"w":263,"h":246}
},
"touret_last_world_00020.png":
{
	"frame": {"x":1245,"y":1786,"w":185,"h":233},
	"rotated": false,
	"trimmed": true,
	"spriteSourceSize": {"x":16,"y":5,"w":185,"h":233},
	"sourceSize": {"w":263,"h":246}
},
"touret_last_world_00021.png":
{
	"frame": {"x":1586,"y":587,"w":188,"h":233},
	"rotated": false,
	"trimmed": true,
	"spriteSourceSize": {"x":12,"y":5,"w":188,"h":233},
	"sourceSize": {"w":263,"h":246}
},
"touret_last_world_00022.png":
{
	"frame": {"x":1339,"y":1551,"w":190,"h":233},
	"rotated": false,
	"trimmed": true,
	"spriteSourceSize": {"x":10,"y":5,"w":190,"h":233},
	"sourceSize": {"w":263,"h":246}
},
"touret_last_world_00023.png":
{
	"frame": {"x":1340,"y":1316,"w":192,"h":233},
	"rotated": false,
	"trimmed": true,
	"spriteSourceSize": {"x":8,"y":5,"w":192,"h":233},
	"sourceSize": {"w":263,"h":246}
},
"touret_last_world_00024.png":
{
	"frame": {"x":1144,"y":1449,"w":193,"h":233},
	"rotated": false,
	"trimmed": true,
	"spriteSourceSize": {"x":7,"y":5,"w":193,"h":233},
	"sourceSize": {"w":263,"h":246}
}},
"meta": {
	"app": "http://www.codeandweb.com/texturepacker",
	"version": "1.0",
	"image": "world2_1.png",
	"format": "RGBA8888",
	"size": {"w":2008,"h":2020},
	"scale": "1",
	"smartupdate": "$TexturePacker:SmartUpdate:6fe09d306a37afc297b7f1832bada4e7:df4542fcef908a9742417a4075860aee:78c1bcd6945bbbf6c9658d83ae849dc7$"
}
}
