{"frames": {

"castle0000_00002.png":
{
	"frame": {"x":531,"y":556,"w":93,"h":62},
	"rotated": false,
	"trimmed": true,
	"spriteSourceSize": {"x":14,"y":0,"w":93,"h":62},
	"sourceSize": {"w":120,"h":62}
},
"castle0000_00012.png":
{
	"frame": {"x":746,"y":43,"w":109,"h":62},
	"rotated": false,
	"trimmed": true,
	"spriteSourceSize": {"x":7,"y":0,"w":109,"h":62},
	"sourceSize": {"w":120,"h":62}
},
"castle0000_00013.png":
{
	"frame": {"x":746,"y":108,"w":110,"h":62},
	"rotated": false,
	"trimmed": true,
	"spriteSourceSize": {"x":7,"y":0,"w":110,"h":62},
	"sourceSize": {"w":120,"h":62}
},
"castle0000_00014.png":
{
	"frame": {"x":746,"y":173,"w":111,"h":62},
	"rotated": false,
	"trimmed": true,
	"spriteSourceSize": {"x":6,"y":0,"w":111,"h":62},
	"sourceSize": {"w":120,"h":62}
},
"castle0000_00015.png":
{
	"frame": {"x":746,"y":238,"w":113,"h":62},
	"rotated": false,
	"trimmed": true,
	"spriteSourceSize": {"x":6,"y":0,"w":113,"h":62},
	"sourceSize": {"w":120,"h":62}
},
"castle0000_00017.png":
{
	"frame": {"x":628,"y":311,"w":114,"h":62},
	"rotated": false,
	"trimmed": true,
	"spriteSourceSize": {"x":6,"y":0,"w":114,"h":62},
	"sourceSize": {"w":120,"h":62}
},
"castle0000_00018.png":
{
	"frame": {"x":628,"y":246,"w":115,"h":62},
	"rotated": false,
	"trimmed": true,
	"spriteSourceSize": {"x":5,"y":0,"w":115,"h":62},
	"sourceSize": {"w":120,"h":62}
},
"castle0000_00022.png":
{
	"frame": {"x":628,"y":376,"w":114,"h":62},
	"rotated": false,
	"trimmed": true,
	"spriteSourceSize": {"x":6,"y":0,"w":114,"h":62},
	"sourceSize": {"w":120,"h":62}
},
"castle0000_00024.png":
{
	"frame": {"x":628,"y":441,"w":114,"h":62},
	"rotated": false,
	"trimmed": true,
	"spriteSourceSize": {"x":6,"y":0,"w":114,"h":62},
	"sourceSize": {"w":120,"h":62}
},
"castle0000_00025.png":
{
	"frame": {"x":859,"y":97,"w":113,"h":62},
	"rotated": false,
	"trimmed": true,
	"spriteSourceSize": {"x":7,"y":0,"w":113,"h":62},
	"sourceSize": {"w":120,"h":62}
},
"castle0000_00026.png":
{
	"frame": {"x":860,"y":162,"w":113,"h":62},
	"rotated": false,
	"trimmed": true,
	"spriteSourceSize": {"x":7,"y":0,"w":113,"h":62},
	"sourceSize": {"w":120,"h":62}
},
"castle0000_00028.png":
{
	"frame": {"x":862,"y":227,"w":111,"h":62},
	"rotated": false,
	"trimmed": true,
	"spriteSourceSize": {"x":9,"y":0,"w":111,"h":62},
	"sourceSize": {"w":120,"h":62}
},
"castle0000_00029.png":
{
	"frame": {"x":608,"y":766,"w":111,"h":62},
	"rotated": false,
	"trimmed": true,
	"spriteSourceSize": {"x":9,"y":0,"w":111,"h":62},
	"sourceSize": {"w":120,"h":62}
},
"castle0000_00036.png":
{
	"frame": {"x":531,"y":621,"w":93,"h":62},
	"rotated": false,
	"trimmed": true,
	"spriteSourceSize": {"x":19,"y":0,"w":93,"h":62},
	"sourceSize": {"w":120,"h":62}
},
"castle0000_00062.png":
{
	"frame": {"x":745,"y":433,"w":93,"h":62},
	"rotated": false,
	"trimmed": true,
	"spriteSourceSize": {"x":15,"y":0,"w":93,"h":62},
	"sourceSize": {"w":120,"h":62}
},
"castle0000_00063.png":
{
	"frame": {"x":745,"y":498,"w":93,"h":62},
	"rotated": false,
	"trimmed": true,
	"spriteSourceSize": {"x":15,"y":0,"w":93,"h":62},
	"sourceSize": {"w":120,"h":62}
},
"castle0000_00065.png":
{
	"frame": {"x":841,"y":617,"w":91,"h":62},
	"rotated": false,
	"trimmed": true,
	"spriteSourceSize": {"x":16,"y":0,"w":91,"h":62},
	"sourceSize": {"w":120,"h":62}
},
"castle0000_00066.png":
{
	"frame": {"x":840,"y":682,"w":91,"h":62},
	"rotated": false,
	"trimmed": true,
	"spriteSourceSize": {"x":16,"y":0,"w":91,"h":62},
	"sourceSize": {"w":120,"h":62}
},
"castle0000_00067.png":
{
	"frame": {"x":839,"y":747,"w":91,"h":62},
	"rotated": false,
	"trimmed": true,
	"spriteSourceSize": {"x":16,"y":0,"w":91,"h":62},
	"sourceSize": {"w":120,"h":62}
},
"castle0000_00069.png":
{
	"frame": {"x":745,"y":563,"w":93,"h":62},
	"rotated": false,
	"trimmed": true,
	"spriteSourceSize": {"x":16,"y":0,"w":93,"h":62},
	"sourceSize": {"w":120,"h":62}
},
"castle0000_00071.png":
{
	"frame": {"x":862,"y":292,"w":96,"h":62},
	"rotated": false,
	"trimmed": true,
	"spriteSourceSize": {"x":15,"y":0,"w":96,"h":62},
	"sourceSize": {"w":120,"h":62}
},
"castle0000_00081.png":
{
	"frame": {"x":593,"y":831,"w":111,"h":62},
	"rotated": false,
	"trimmed": true,
	"spriteSourceSize": {"x":5,"y":0,"w":111,"h":62},
	"sourceSize": {"w":120,"h":62}
},
"castle0000_00082.png":
{
	"frame": {"x":493,"y":751,"w":112,"h":62},
	"rotated": false,
	"trimmed": true,
	"spriteSourceSize": {"x":4,"y":0,"w":112,"h":62},
	"sourceSize": {"w":120,"h":62}
},
"castle0000_00083.png":
{
	"frame": {"x":478,"y":816,"w":112,"h":62},
	"rotated": false,
	"trimmed": true,
	"spriteSourceSize": {"x":4,"y":0,"w":112,"h":62},
	"sourceSize": {"w":120,"h":62}
},
"castle0000_00084.png":
{
	"frame": {"x":478,"y":881,"w":112,"h":62},
	"rotated": false,
	"trimmed": true,
	"spriteSourceSize": {"x":3,"y":0,"w":112,"h":62},
	"sourceSize": {"w":120,"h":62}
},
"castle0000_00085.png":
{
	"frame": {"x":627,"y":636,"w":113,"h":62},
	"rotated": false,
	"trimmed": true,
	"spriteSourceSize": {"x":2,"y":0,"w":113,"h":62},
	"sourceSize": {"w":120,"h":62}
},
"castle0000_00086.png":
{
	"frame": {"x":628,"y":506,"w":114,"h":62},
	"rotated": false,
	"trimmed": true,
	"spriteSourceSize": {"x":1,"y":0,"w":114,"h":62},
	"sourceSize": {"w":120,"h":62}
},
"castle0000_00087.png":
{
	"frame": {"x":627,"y":571,"w":114,"h":62},
	"rotated": false,
	"trimmed": true,
	"spriteSourceSize": {"x":0,"y":0,"w":114,"h":62},
	"sourceSize": {"w":120,"h":62}
},
"castle0000_00088.png":
{
	"frame": {"x":858,"y":32,"w":114,"h":62},
	"rotated": false,
	"trimmed": true,
	"spriteSourceSize": {"x":0,"y":0,"w":114,"h":62},
	"sourceSize": {"w":120,"h":62}
},
"castle0000_00090.png":
{
	"frame": {"x":493,"y":686,"w":113,"h":62},
	"rotated": false,
	"trimmed": true,
	"spriteSourceSize": {"x":0,"y":0,"w":113,"h":62},
	"sourceSize": {"w":120,"h":62}
},
"castle0000_00091.png":
{
	"frame": {"x":478,"y":946,"w":112,"h":62},
	"rotated": false,
	"trimmed": true,
	"spriteSourceSize": {"x":0,"y":0,"w":112,"h":62},
	"sourceSize": {"w":120,"h":62}
},
"castle0000_00092.png":
{
	"frame": {"x":609,"y":701,"w":112,"h":62},
	"rotated": false,
	"trimmed": true,
	"spriteSourceSize": {"x":0,"y":0,"w":112,"h":62},
	"sourceSize": {"w":120,"h":62}
},
"castle0000_00093.png":
{
	"frame": {"x":593,"y":896,"w":111,"h":62},
	"rotated": false,
	"trimmed": true,
	"spriteSourceSize": {"x":0,"y":0,"w":111,"h":62},
	"sourceSize": {"w":120,"h":62}
},
"castle0000_00105.png":
{
	"frame": {"x":746,"y":303,"w":95,"h":62},
	"rotated": false,
	"trimmed": true,
	"spriteSourceSize": {"x":9,"y":0,"w":95,"h":62},
	"sourceSize": {"w":120,"h":62}
},
"castle0000_00106.png":
{
	"frame": {"x":745,"y":368,"w":95,"h":62},
	"rotated": false,
	"trimmed": true,
	"spriteSourceSize": {"x":10,"y":0,"w":95,"h":62},
	"sourceSize": {"w":120,"h":62}
},
"castle0000_00107.png":
{
	"frame": {"x":531,"y":491,"w":94,"h":62},
	"rotated": false,
	"trimmed": true,
	"spriteSourceSize": {"x":11,"y":0,"w":94,"h":62},
	"sourceSize": {"w":120,"h":62}
},
"castle0000_00108.png":
{
	"frame": {"x":744,"y":628,"w":93,"h":62},
	"rotated": false,
	"trimmed": true,
	"spriteSourceSize": {"x":13,"y":0,"w":93,"h":62},
	"sourceSize": {"w":120,"h":62}
},
"castle0000_00109.png":
{
	"frame": {"x":844,"y":357,"w":92,"h":62},
	"rotated": false,
	"trimmed": true,
	"spriteSourceSize": {"x":15,"y":0,"w":92,"h":62},
	"sourceSize": {"w":120,"h":62}
},
"castle0000_00110.png":
{
	"frame": {"x":743,"y":693,"w":93,"h":62},
	"rotated": false,
	"trimmed": true,
	"spriteSourceSize": {"x":15,"y":0,"w":93,"h":62},
	"sourceSize": {"w":120,"h":62}
},
"castle0000_00112.png":
{
	"frame": {"x":934,"y":682,"w":88,"h":62},
	"rotated": false,
	"trimmed": true,
	"spriteSourceSize": {"x":20,"y":0,"w":88,"h":62},
	"sourceSize": {"w":120,"h":62}
},
"castle0000_00113.png":
{
	"frame": {"x":935,"y":617,"w":87,"h":62},
	"rotated": false,
	"trimmed": true,
	"spriteSourceSize": {"x":21,"y":0,"w":87,"h":62},
	"sourceSize": {"w":120,"h":62}
},
"castle0000_00114.png":
{
	"frame": {"x":936,"y":487,"w":86,"h":62},
	"rotated": false,
	"trimmed": true,
	"spriteSourceSize": {"x":22,"y":0,"w":86,"h":62},
	"sourceSize": {"w":120,"h":62}
},
"castle0000_00115.png":
{
	"frame": {"x":799,"y":942,"w":87,"h":62},
	"rotated": false,
	"trimmed": true,
	"spriteSourceSize": {"x":22,"y":0,"w":87,"h":62},
	"sourceSize": {"w":120,"h":62}
},
"castle0000_00116.png":
{
	"frame": {"x":889,"y":942,"w":87,"h":62},
	"rotated": false,
	"trimmed": true,
	"spriteSourceSize": {"x":21,"y":0,"w":87,"h":62},
	"sourceSize": {"w":120,"h":62}
},
"castle0000_00117.png":
{
	"frame": {"x":910,"y":812,"w":88,"h":62},
	"rotated": false,
	"trimmed": true,
	"spriteSourceSize": {"x":20,"y":0,"w":88,"h":62},
	"sourceSize": {"w":120,"h":62}
},
"castle0000_00118.png":
{
	"frame": {"x":814,"y":877,"w":88,"h":62},
	"rotated": false,
	"trimmed": true,
	"spriteSourceSize": {"x":20,"y":0,"w":88,"h":62},
	"sourceSize": {"w":120,"h":62}
},
"castle0000_00119.png":
{
	"frame": {"x":933,"y":747,"w":89,"h":62},
	"rotated": false,
	"trimmed": true,
	"spriteSourceSize": {"x":19,"y":0,"w":89,"h":62},
	"sourceSize": {"w":120,"h":62}
},
"castle0000_00121.png":
{
	"frame": {"x":722,"y":823,"w":89,"h":62},
	"rotated": false,
	"trimmed": true,
	"spriteSourceSize": {"x":18,"y":0,"w":89,"h":62},
	"sourceSize": {"w":120,"h":62}
},
"castle0000_00122.png":
{
	"frame": {"x":707,"y":888,"w":89,"h":62},
	"rotated": false,
	"trimmed": true,
	"spriteSourceSize": {"x":18,"y":0,"w":89,"h":62},
	"sourceSize": {"w":120,"h":62}
},
"castle0000_00123.png":
{
	"frame": {"x":905,"y":877,"w":88,"h":62},
	"rotated": false,
	"trimmed": true,
	"spriteSourceSize": {"x":17,"y":0,"w":88,"h":62},
	"sourceSize": {"w":120,"h":62}
},
"castle0000_00124.png":
{
	"frame": {"x":707,"y":953,"w":89,"h":62},
	"rotated": false,
	"trimmed": true,
	"spriteSourceSize": {"x":16,"y":0,"w":89,"h":62},
	"sourceSize": {"w":120,"h":62}
},
"castle0000_00125.png":
{
	"frame": {"x":818,"y":812,"w":89,"h":62},
	"rotated": false,
	"trimmed": true,
	"spriteSourceSize": {"x":16,"y":0,"w":89,"h":62},
	"sourceSize": {"w":120,"h":62}
},
"castle0000_00131.png":
{
	"frame": {"x":843,"y":422,"w":92,"h":62},
	"rotated": false,
	"trimmed": true,
	"spriteSourceSize": {"x":13,"y":0,"w":92,"h":62},
	"sourceSize": {"w":120,"h":62}
},
"castle0000_00132.png":
{
	"frame": {"x":841,"y":487,"w":92,"h":62},
	"rotated": false,
	"trimmed": true,
	"spriteSourceSize": {"x":13,"y":0,"w":92,"h":62},
	"sourceSize": {"w":120,"h":62}
},
"castle0000_00133.png":
{
	"frame": {"x":724,"y":758,"w":91,"h":62},
	"rotated": false,
	"trimmed": true,
	"spriteSourceSize": {"x":13,"y":0,"w":91,"h":62},
	"sourceSize": {"w":120,"h":62}
},
"castle0000_00134.png":
{
	"frame": {"x":841,"y":552,"w":92,"h":62},
	"rotated": false,
	"trimmed": true,
	"spriteSourceSize": {"x":13,"y":0,"w":92,"h":62},
	"sourceSize": {"w":120,"h":62}
},
"cloud_montaign.png":
{
	"frame": {"x":2,"y":650,"w":488,"h":142},
	"rotated": false,
	"trimmed": false,
	"spriteSourceSize": {"x":0,"y":0,"w":488,"h":142},
	"sourceSize": {"w":488,"h":142}
},
"forest_layer1.png":
{
	"frame": {"x":2,"y":43,"w":741,"h":200},
	"rotated": false,
	"trimmed": false,
	"spriteSourceSize": {"x":0,"y":0,"w":741,"h":200},
	"sourceSize": {"w":741,"h":200}
},
"montaign3.png":
{
	"frame": {"x":2,"y":246,"w":623,"h":242},
	"rotated": false,
	"trimmed": false,
	"spriteSourceSize": {"x":0,"y":0,"w":623,"h":242},
	"sourceSize": {"w":623,"h":242}
},
"montaign4.png":
{
	"frame": {"x":2,"y":795,"w":473,"h":191},
	"rotated": false,
	"trimmed": false,
	"spriteSourceSize": {"x":0,"y":0,"w":473,"h":191},
	"sourceSize": {"w":473,"h":191}
},
"w1_env3_montaign_strate.png":
{
	"frame": {"x":2,"y":2,"w":852,"h":38},
	"rotated": false,
	"trimmed": false,
	"spriteSourceSize": {"x":0,"y":0,"w":852,"h":38},
	"sourceSize": {"w":852,"h":38}
},
"w1_env3_strate_castle2.png":
{
	"frame": {"x":2,"y":491,"w":526,"h":156},
	"rotated": false,
	"trimmed": false,
	"spriteSourceSize": {"x":0,"y":0,"w":526,"h":156},
	"sourceSize": {"w":526,"h":156}
},
"water_trait2.png":
{
	"frame": {"x":857,"y":18,"w":143,"h":11},
	"rotated": false,
	"trimmed": false,
	"spriteSourceSize": {"x":0,"y":0,"w":143,"h":11},
	"sourceSize": {"w":143,"h":11}
},
"water_trait3.png":
{
	"frame": {"x":857,"y":2,"w":158,"h":13},
	"rotated": false,
	"trimmed": false,
	"spriteSourceSize": {"x":0,"y":0,"w":158,"h":13},
	"sourceSize": {"w":158,"h":13}
}},
"meta": {
	"app": "http://www.codeandweb.com/texturepacker",
	"version": "1.0",
	"image": "world1@0.75x_1.png",
	"format": "RGBA8888",
	"size": {"w":1024,"h":1017},
	"scale": "0.75",
	"smartupdate": "$TexturePacker:SmartUpdate:aa8125b7417b1a2554c1ab8d5ab47fcb:512137a3f067988c633b2d9e53966aed:8f7e636350ac811faaed815f311551ff$"
}
}
