{"frames": {

"env1_montaign1.png":
{
	"frame": {"x":1,"y":377,"w":586,"h":200},
	"rotated": false,
	"trimmed": false,
	"spriteSourceSize": {"x":0,"y":0,"w":586,"h":200},
	"sourceSize": {"w":586,"h":200}
},
"env1_strate2.png":
{
	"frame": {"x":1,"y":1,"w":758,"h":220},
	"rotated": false,
	"trimmed": true,
	"spriteSourceSize": {"x":5,"y":0,"w":758,"h":220},
	"sourceSize": {"w":768,"h":220}
},
"env1_strate_forest.png":
{
	"frame": {"x":1,"y":223,"w":635,"h":152},
	"rotated": false,
	"trimmed": false,
	"spriteSourceSize": {"x":0,"y":0,"w":635,"h":152},
	"sourceSize": {"w":635,"h":152}
},
"env2_foreground_rock.png":
{
	"frame": {"x":1,"y":798,"w":271,"h":107},
	"rotated": false,
	"trimmed": false,
	"spriteSourceSize": {"x":0,"y":0,"w":271,"h":107},
	"sourceSize": {"w":271,"h":107}
},
"env2_strate2.png":
{
	"frame": {"x":356,"y":593,"w":416,"h":125},
	"rotated": false,
	"trimmed": false,
	"spriteSourceSize": {"x":0,"y":0,"w":416,"h":125},
	"sourceSize": {"w":416,"h":125}
},
"env2_trench.png":
{
	"frame": {"x":1,"y":579,"w":852,"h":12},
	"rotated": false,
	"trimmed": false,
	"spriteSourceSize": {"x":0,"y":0,"w":852,"h":12},
	"sourceSize": {"w":852,"h":12}
},
"env3_background_plateform2.png":
{
	"frame": {"x":761,"y":1,"w":213,"h":193},
	"rotated": false,
	"trimmed": true,
	"spriteSourceSize": {"x":1,"y":1,"w":213,"h":193},
	"sourceSize": {"w":215,"h":194}
},
"env3_foreground_structure_haut2.png":
{
	"frame": {"x":1,"y":593,"w":353,"h":203},
	"rotated": false,
	"trimmed": false,
	"spriteSourceSize": {"x":0,"y":0,"w":353,"h":203},
	"sourceSize": {"w":353,"h":203}
},
"env3_impact_element.png":
{
	"frame": {"x":788,"y":196,"w":170,"h":206},
	"rotated": false,
	"trimmed": true,
	"spriteSourceSize": {"x":0,"y":0,"w":170,"h":206},
	"sourceSize": {"w":171,"h":206}
},
"env3_impact_element2.png":
{
	"frame": {"x":787,"y":593,"w":85,"h":250},
	"rotated": false,
	"trimmed": true,
	"spriteSourceSize": {"x":0,"y":0,"w":85,"h":250},
	"sourceSize": {"w":86,"h":250}
},
"smoke_last_world_00002.png":
{
	"frame": {"x":739,"y":401,"w":40,"h":66},
	"rotated": false,
	"trimmed": true,
	"spriteSourceSize": {"x":42,"y":100,"w":40,"h":66},
	"sourceSize": {"w":88,"h":191}
},
"smoke_last_world_00003.png":
{
	"frame": {"x":274,"y":798,"w":61,"h":138},
	"rotated": false,
	"trimmed": true,
	"spriteSourceSize": {"x":23,"y":38,"w":61,"h":138},
	"sourceSize": {"w":88,"h":191}
},
"touret_last_world_00000.png":
{
	"frame": {"x":638,"y":223,"w":148,"h":176},
	"rotated": false,
	"trimmed": true,
	"spriteSourceSize": {"x":44,"y":3,"w":148,"h":176},
	"sourceSize": {"w":197,"h":185}
},
"touret_last_world_00001.png":
{
	"frame": {"x":589,"y":401,"w":148,"h":176},
	"rotated": false,
	"trimmed": true,
	"spriteSourceSize": {"x":44,"y":3,"w":148,"h":176},
	"sourceSize": {"w":197,"h":185}
},
"touret_last_world_00002.png":
{
	"frame": {"x":356,"y":720,"w":147,"h":176},
	"rotated": false,
	"trimmed": true,
	"spriteSourceSize": {"x":44,"y":3,"w":147,"h":176},
	"sourceSize": {"w":197,"h":185}
},
"touret_last_world_00006.png":
{
	"frame": {"x":651,"y":720,"w":134,"h":176},
	"rotated": false,
	"trimmed": true,
	"spriteSourceSize": {"x":44,"y":3,"w":134,"h":176},
	"sourceSize": {"w":197,"h":185}
},
"touret_last_world_00014.png":
{
	"frame": {"x":874,"y":582,"w":109,"h":176},
	"rotated": false,
	"trimmed": true,
	"spriteSourceSize": {"x":44,"y":3,"w":109,"h":176},
	"sourceSize": {"w":197,"h":185}
},
"touret_last_world_00015.png":
{
	"frame": {"x":874,"y":760,"w":109,"h":176},
	"rotated": false,
	"trimmed": true,
	"spriteSourceSize": {"x":44,"y":3,"w":109,"h":176},
	"sourceSize": {"w":197,"h":185}
},
"touret_last_world_00016.png":
{
	"frame": {"x":855,"y":404,"w":118,"h":176},
	"rotated": false,
	"trimmed": true,
	"spriteSourceSize": {"x":34,"y":3,"w":118,"h":176},
	"sourceSize": {"w":197,"h":185}
},
"touret_last_world_00022.png":
{
	"frame": {"x":505,"y":720,"w":144,"h":176},
	"rotated": false,
	"trimmed": true,
	"spriteSourceSize": {"x":7,"y":3,"w":144,"h":176},
	"sourceSize": {"w":197,"h":185}
}},
"meta": {
	"app": "http://www.codeandweb.com/texturepacker",
	"version": "1.0",
	"image": "world2@0.75x_2.png",
	"format": "RGBA8888",
	"size": {"w":984,"h":937},
	"scale": "0.75",
	"smartupdate": "$TexturePacker:SmartUpdate:6fe09d306a37afc297b7f1832bada4e7:df4542fcef908a9742417a4075860aee:78c1bcd6945bbbf6c9658d83ae849dc7$"
}
}
