{"frames": {

"castle0000_00015.png":
{
	"frame": {"x":1147,"y":1769,"w":150,"h":80},
	"rotated": false,
	"trimmed": true,
	"spriteSourceSize": {"x":8,"y":1,"w":150,"h":80},
	"sourceSize": {"w":160,"h":82}
},
"castle0000_00016.png":
{
	"frame": {"x":1371,"y":1594,"w":151,"h":80},
	"rotated": false,
	"trimmed": true,
	"spriteSourceSize": {"x":8,"y":1,"w":151,"h":80},
	"sourceSize": {"w":160,"h":82}
},
"castle0000_00017.png":
{
	"frame": {"x":1525,"y":1594,"w":151,"h":80},
	"rotated": false,
	"trimmed": true,
	"spriteSourceSize": {"x":8,"y":1,"w":151,"h":80},
	"sourceSize": {"w":160,"h":82}
},
"castle0000_00018.png":
{
	"frame": {"x":1001,"y":1536,"w":153,"h":80},
	"rotated": false,
	"trimmed": true,
	"spriteSourceSize": {"x":7,"y":1,"w":153,"h":80},
	"sourceSize": {"w":160,"h":82}
},
"castle0000_00019.png":
{
	"frame": {"x":1215,"y":1516,"w":153,"h":80},
	"rotated": false,
	"trimmed": true,
	"spriteSourceSize": {"x":7,"y":1,"w":153,"h":80},
	"sourceSize": {"w":160,"h":82}
},
"castle0000_00020.png":
{
	"frame": {"x":1393,"y":1511,"w":153,"h":80},
	"rotated": false,
	"trimmed": true,
	"spriteSourceSize": {"x":7,"y":1,"w":153,"h":80},
	"sourceSize": {"w":160,"h":82}
},
"castle0000_00021.png":
{
	"frame": {"x":1549,"y":1511,"w":152,"h":80},
	"rotated": false,
	"trimmed": true,
	"spriteSourceSize": {"x":8,"y":1,"w":152,"h":80},
	"sourceSize": {"w":160,"h":82}
},
"castle0000_00022.png":
{
	"frame": {"x":1704,"y":1512,"w":152,"h":80},
	"rotated": false,
	"trimmed": true,
	"spriteSourceSize": {"x":8,"y":1,"w":152,"h":80},
	"sourceSize": {"w":160,"h":82}
},
"castle0000_00023.png":
{
	"frame": {"x":1679,"y":1595,"w":151,"h":80},
	"rotated": false,
	"trimmed": true,
	"spriteSourceSize": {"x":9,"y":1,"w":151,"h":80},
	"sourceSize": {"w":160,"h":82}
},
"castle0000_00024.png":
{
	"frame": {"x":1833,"y":1597,"w":151,"h":80},
	"rotated": false,
	"trimmed": true,
	"spriteSourceSize": {"x":9,"y":1,"w":151,"h":80},
	"sourceSize": {"w":160,"h":82}
},
"castle0000_00025.png":
{
	"frame": {"x":1320,"y":1677,"w":150,"h":80},
	"rotated": false,
	"trimmed": true,
	"spriteSourceSize": {"x":10,"y":1,"w":150,"h":80},
	"sourceSize": {"w":160,"h":82}
},
"castle0000_00026.png":
{
	"frame": {"x":1473,"y":1677,"w":150,"h":80},
	"rotated": false,
	"trimmed": true,
	"spriteSourceSize": {"x":10,"y":1,"w":150,"h":80},
	"sourceSize": {"w":160,"h":82}
},
"castle0000_00027.png":
{
	"frame": {"x":1168,"y":1937,"w":149,"h":81},
	"rotated": false,
	"trimmed": true,
	"spriteSourceSize": {"x":11,"y":0,"w":149,"h":81},
	"sourceSize": {"w":160,"h":82}
},
"castle0000_00028.png":
{
	"frame": {"x":1777,"y":1680,"w":148,"h":81},
	"rotated": false,
	"trimmed": true,
	"spriteSourceSize": {"x":12,"y":0,"w":148,"h":81},
	"sourceSize": {"w":160,"h":82}
},
"castle0000_00030.png":
{
	"frame": {"x":1618,"y":1848,"w":143,"h":81},
	"rotated": false,
	"trimmed": true,
	"spriteSourceSize": {"x":15,"y":0,"w":143,"h":81},
	"sourceSize": {"w":160,"h":82}
},
"castle0000_00031.png":
{
	"frame": {"x":1903,"y":609,"w":141,"h":81},
	"rotated": false,
	"trimmed": true,
	"spriteSourceSize": {"x":16,"y":0,"w":141,"h":81},
	"sourceSize": {"w":160,"h":82}
},
"castle0000_00032.png":
{
	"frame": {"x":1764,"y":1849,"w":139,"h":81},
	"rotated": false,
	"trimmed": true,
	"spriteSourceSize": {"x":17,"y":0,"w":139,"h":81},
	"sourceSize": {"w":160,"h":82}
},
"castle0000_00044.png":
{
	"frame": {"x":1928,"y":2,"w":114,"h":82},
	"rotated": false,
	"trimmed": true,
	"spriteSourceSize": {"x":21,"y":0,"w":114,"h":82},
	"sourceSize": {"w":160,"h":82}
},
"castle0000_00045.png":
{
	"frame": {"x":1928,"y":172,"w":112,"h":82},
	"rotated": false,
	"trimmed": true,
	"spriteSourceSize": {"x":19,"y":0,"w":112,"h":82},
	"sourceSize": {"w":160,"h":82}
},
"castle0000_00046.png":
{
	"frame": {"x":1053,"y":1892,"w":112,"h":82},
	"rotated": false,
	"trimmed": true,
	"spriteSourceSize": {"x":19,"y":0,"w":112,"h":82},
	"sourceSize": {"w":160,"h":82}
},
"castle0000_00047.png":
{
	"frame": {"x":1928,"y":87,"w":114,"h":82},
	"rotated": false,
	"trimmed": true,
	"spriteSourceSize": {"x":18,"y":0,"w":114,"h":82},
	"sourceSize": {"w":160,"h":82}
},
"castle0000_00075.png":
{
	"frame": {"x":1901,"y":1934,"w":136,"h":82},
	"rotated": false,
	"trimmed": true,
	"spriteSourceSize": {"x":14,"y":0,"w":136,"h":82},
	"sourceSize": {"w":160,"h":82}
},
"castle0000_00076.png":
{
	"frame": {"x":1906,"y":1849,"w":137,"h":82},
	"rotated": false,
	"trimmed": true,
	"spriteSourceSize": {"x":14,"y":0,"w":137,"h":82},
	"sourceSize": {"w":160,"h":82}
},
"castle0000_00077.png":
{
	"frame": {"x":1618,"y":1932,"w":139,"h":82},
	"rotated": false,
	"trimmed": true,
	"spriteSourceSize": {"x":13,"y":0,"w":139,"h":82},
	"sourceSize": {"w":160,"h":82}
},
"castle0000_00078.png":
{
	"frame": {"x":1903,"y":524,"w":141,"h":82},
	"rotated": false,
	"trimmed": true,
	"spriteSourceSize": {"x":12,"y":0,"w":141,"h":82},
	"sourceSize": {"w":160,"h":82}
},
"castle0000_00079.png":
{
	"frame": {"x":1466,"y":1845,"w":142,"h":82},
	"rotated": false,
	"trimmed": true,
	"spriteSourceSize": {"x":11,"y":0,"w":142,"h":82},
	"sourceSize": {"w":160,"h":82}
},
"castle0000_00080.png":
{
	"frame": {"x":1168,"y":1852,"w":143,"h":82},
	"rotated": false,
	"trimmed": true,
	"spriteSourceSize": {"x":10,"y":0,"w":143,"h":82},
	"sourceSize": {"w":160,"h":82}
},
"castle0000_00081.png":
{
	"frame": {"x":1618,"y":1763,"w":147,"h":82},
	"rotated": false,
	"trimmed": true,
	"spriteSourceSize": {"x":7,"y":0,"w":147,"h":82},
	"sourceSize": {"w":160,"h":82}
},
"castle0000_00082.png":
{
	"frame": {"x":1626,"y":1678,"w":148,"h":82},
	"rotated": false,
	"trimmed": true,
	"spriteSourceSize": {"x":6,"y":0,"w":148,"h":82},
	"sourceSize": {"w":160,"h":82}
},
"castle0000_00083.png":
{
	"frame": {"x":1300,"y":1760,"w":149,"h":82},
	"rotated": false,
	"trimmed": true,
	"spriteSourceSize": {"x":5,"y":0,"w":149,"h":82},
	"sourceSize": {"w":160,"h":82}
},
"castle0000_00084.png":
{
	"frame": {"x":1452,"y":1760,"w":149,"h":82},
	"rotated": false,
	"trimmed": true,
	"spriteSourceSize": {"x":4,"y":0,"w":149,"h":82},
	"sourceSize": {"w":160,"h":82}
},
"castle0000_00085.png":
{
	"frame": {"x":1157,"y":1599,"w":150,"h":82},
	"rotated": false,
	"trimmed": true,
	"spriteSourceSize": {"x":3,"y":0,"w":150,"h":82},
	"sourceSize": {"w":160,"h":82}
},
"castle0000_00086.png":
{
	"frame": {"x":933,"y":1020,"w":151,"h":82},
	"rotated": false,
	"trimmed": true,
	"spriteSourceSize": {"x":2,"y":0,"w":151,"h":82},
	"sourceSize": {"w":160,"h":82}
},
"castle0000_00087.png":
{
	"frame": {"x":993,"y":1619,"w":151,"h":82},
	"rotated": false,
	"trimmed": true,
	"spriteSourceSize": {"x":1,"y":0,"w":151,"h":82},
	"sourceSize": {"w":160,"h":82}
},
"castle0000_00088.png":
{
	"frame": {"x":993,"y":1704,"w":151,"h":82},
	"rotated": false,
	"trimmed": true,
	"spriteSourceSize": {"x":0,"y":0,"w":151,"h":82},
	"sourceSize": {"w":160,"h":82}
},
"castle0000_00089.png":
{
	"frame": {"x":1859,"y":1512,"w":151,"h":82},
	"rotated": false,
	"trimmed": true,
	"spriteSourceSize": {"x":0,"y":0,"w":151,"h":82},
	"sourceSize": {"w":160,"h":82}
},
"castle0000_00090.png":
{
	"frame": {"x":1147,"y":1684,"w":150,"h":82},
	"rotated": false,
	"trimmed": true,
	"spriteSourceSize": {"x":0,"y":0,"w":150,"h":82},
	"sourceSize": {"w":160,"h":82}
},
"castle0000_00091.png":
{
	"frame": {"x":1314,"y":1845,"w":149,"h":82},
	"rotated": false,
	"trimmed": true,
	"spriteSourceSize": {"x":0,"y":0,"w":149,"h":82},
	"sourceSize": {"w":160,"h":82}
},
"castle0000_00092.png":
{
	"frame": {"x":1466,"y":1930,"w":149,"h":82},
	"rotated": false,
	"trimmed": true,
	"spriteSourceSize": {"x":0,"y":0,"w":149,"h":82},
	"sourceSize": {"w":160,"h":82}
},
"castle0000_00093.png":
{
	"frame": {"x":1768,"y":1764,"w":147,"h":82},
	"rotated": false,
	"trimmed": true,
	"spriteSourceSize": {"x":0,"y":0,"w":147,"h":82},
	"sourceSize": {"w":160,"h":82}
},
"castle0000_00096.png":
{
	"frame": {"x":1320,"y":1930,"w":143,"h":82},
	"rotated": false,
	"trimmed": true,
	"spriteSourceSize": {"x":0,"y":0,"w":143,"h":82},
	"sourceSize": {"w":160,"h":82}
},
"castle0000_00097.png":
{
	"frame": {"x":1903,"y":693,"w":140,"h":82},
	"rotated": false,
	"trimmed": true,
	"spriteSourceSize": {"x":1,"y":0,"w":140,"h":82},
	"sourceSize": {"w":160,"h":82}
},
"castle0000_00098.png":
{
	"frame": {"x":1760,"y":1933,"w":138,"h":82},
	"rotated": false,
	"trimmed": true,
	"spriteSourceSize": {"x":2,"y":0,"w":138,"h":82},
	"sourceSize": {"w":160,"h":82}
},
"cloud_air.png":
{
	"frame": {"x":2,"y":1892,"w":427,"h":126},
	"rotated": false,
	"trimmed": false,
	"spriteSourceSize": {"x":0,"y":0,"w":427,"h":126},
	"sourceSize": {"w":427,"h":126}
},
"cloud_air2.png":
{
	"frame": {"x":1001,"y":1392,"w":389,"h":121},
	"rotated": false,
	"trimmed": true,
	"spriteSourceSize": {"x":2,"y":2,"w":389,"h":121},
	"sourceSize": {"w":393,"h":125}
},
"cloud_air3.png":
{
	"frame": {"x":1393,"y":1392,"w":376,"h":116},
	"rotated": false,
	"trimmed": true,
	"spriteSourceSize": {"x":4,"y":3,"w":376,"h":116},
	"sourceSize": {"w":384,"h":122}
},
"foreground_cloud.png":
{
	"frame": {"x":2,"y":1249,"w":996,"h":317},
	"rotated": false,
	"trimmed": false,
	"spriteSourceSize": {"x":0,"y":0,"w":996,"h":317},
	"sourceSize": {"w":996,"h":317}
},
"foreground_strate1.png":
{
	"frame": {"x":2,"y":2,"w":1090,"h":372},
	"rotated": false,
	"trimmed": false,
	"spriteSourceSize": {"x":0,"y":0,"w":1090,"h":372},
	"sourceSize": {"w":1090,"h":372}
},
"foreground_tree1.png":
{
	"frame": {"x":515,"y":377,"w":415,"h":869},
	"rotated": false,
	"trimmed": false,
	"spriteSourceSize": {"x":0,"y":0,"w":415,"h":869},
	"sourceSize": {"w":415,"h":869}
},
"foreground_tree2.png":
{
	"frame": {"x":2,"y":377,"w":510,"h":869},
	"rotated": false,
	"trimmed": false,
	"spriteSourceSize": {"x":0,"y":0,"w":510,"h":869},
	"sourceSize": {"w":510,"h":869}
},
"foreground_tree3.png":
{
	"frame": {"x":1870,"y":780,"w":156,"h":300},
	"rotated": false,
	"trimmed": false,
	"spriteSourceSize": {"x":0,"y":0,"w":156,"h":300},
	"sourceSize": {"w":156,"h":300}
},
"forest_layer1.png":
{
	"frame": {"x":2,"y":1569,"w":988,"h":266},
	"rotated": false,
	"trimmed": false,
	"spriteSourceSize": {"x":0,"y":0,"w":988,"h":266},
	"sourceSize": {"w":988,"h":266}
},
"forest_layer1b.png":
{
	"frame": {"x":1001,"y":1123,"w":988,"h":266},
	"rotated": false,
	"trimmed": false,
	"spriteSourceSize": {"x":0,"y":0,"w":988,"h":266},
	"sourceSize": {"w":988,"h":266}
},
"montaign2.png":
{
	"frame": {"x":1200,"y":780,"w":492,"h":169},
	"rotated": false,
	"trimmed": false,
	"spriteSourceSize": {"x":0,"y":0,"w":492,"h":169},
	"sourceSize": {"w":492,"h":169}
},
"montaign3.png":
{
	"frame": {"x":1095,"y":2,"w":830,"h":322},
	"rotated": false,
	"trimmed": false,
	"spriteSourceSize": {"x":0,"y":0,"w":830,"h":322},
	"sourceSize": {"w":830,"h":322}
},
"montaign5.png":
{
	"frame": {"x":1200,"y":952,"w":404,"h":168},
	"rotated": false,
	"trimmed": false,
	"spriteSourceSize": {"x":0,"y":0,"w":404,"h":168},
	"sourceSize": {"w":404,"h":168}
},
"sun_big_gradiant_overlay.png":
{
	"frame": {"x":1200,"y":327,"w":700,"h":450},
	"rotated": false,
	"trimmed": false,
	"spriteSourceSize": {"x":0,"y":0,"w":700,"h":450},
	"sourceSize": {"w":700,"h":450}
},
"w1_env3_foreground_architecture.png":
{
	"frame": {"x":933,"y":377,"w":264,"h":640},
	"rotated": false,
	"trimmed": false,
	"spriteSourceSize": {"x":0,"y":0,"w":264,"h":640},
	"sourceSize": {"w":264,"h":640}
},
"w1_env3_foreground_architecture2.png":
{
	"frame": {"x":1695,"y":780,"w":172,"h":265},
	"rotated": false,
	"trimmed": false,
	"spriteSourceSize": {"x":0,"y":0,"w":172,"h":265},
	"sourceSize": {"w":172,"h":265}
},
"w1_env3_foreground_grass.png":
{
	"frame": {"x":1772,"y":1392,"w":240,"h":117},
	"rotated": false,
	"trimmed": false,
	"spriteSourceSize": {"x":0,"y":0,"w":240,"h":117},
	"sourceSize": {"w":240,"h":117}
},
"w1_env3_foreground_grass2.png":
{
	"frame": {"x":1903,"y":327,"w":139,"h":194},
	"rotated": false,
	"trimmed": false,
	"spriteSourceSize": {"x":0,"y":0,"w":139,"h":194},
	"sourceSize": {"w":139,"h":194}
},
"w1_env3_montaign_strate.png":
{
	"frame": {"x":2,"y":1838,"w":1136,"h":51},
	"rotated": false,
	"trimmed": false,
	"spriteSourceSize": {"x":0,"y":0,"w":1136,"h":51},
	"sourceSize": {"w":1136,"h":51}
},
"w1_env3_strate_castle.png":
{
	"frame": {"x":432,"y":1892,"w":618,"h":90},
	"rotated": false,
	"trimmed": false,
	"spriteSourceSize": {"x":0,"y":0,"w":618,"h":90},
	"sourceSize": {"w":618,"h":90}
},
"water_trait1.png":
{
	"frame": {"x":432,"y":1985,"w":396,"h":8},
	"rotated": false,
	"trimmed": false,
	"spriteSourceSize": {"x":0,"y":0,"w":396,"h":8},
	"sourceSize": {"w":396,"h":8}
},
"water_trait2.png":
{
	"frame": {"x":933,"y":1105,"w":191,"h":15},
	"rotated": false,
	"trimmed": false,
	"spriteSourceSize": {"x":0,"y":0,"w":191,"h":15},
	"sourceSize": {"w":191,"h":15}
},
"water_trait3.png":
{
	"frame": {"x":1001,"y":1516,"w":211,"h":17},
	"rotated": false,
	"trimmed": false,
	"spriteSourceSize": {"x":0,"y":0,"w":211,"h":17},
	"sourceSize": {"w":211,"h":17}
},
"water_trait4.png":
{
	"frame": {"x":432,"y":1996,"w":211,"h":17},
	"rotated": false,
	"trimmed": false,
	"spriteSourceSize": {"x":0,"y":0,"w":211,"h":17},
	"sourceSize": {"w":211,"h":17}
}},
"meta": {
	"app": "http://www.codeandweb.com/texturepacker",
	"version": "1.0",
	"image": "world1_0.png",
	"format": "RGBA8888",
	"size": {"w":2046,"h":2020},
	"scale": "1",
	"smartupdate": "$TexturePacker:SmartUpdate:aa8125b7417b1a2554c1ab8d5ab47fcb:512137a3f067988c633b2d9e53966aed:8f7e636350ac811faaed815f311551ff$"
}
}
