{"frames": {

"castle0000_00016.png":
{
	"frame": {"x":702,"y":349,"w":114,"h":62},
	"rotated": false,
	"trimmed": true,
	"spriteSourceSize": {"x":6,"y":0,"w":114,"h":62},
	"sourceSize": {"w":120,"h":62}
},
"castle0000_00019.png":
{
	"frame": {"x":702,"y":284,"w":115,"h":62},
	"rotated": false,
	"trimmed": true,
	"spriteSourceSize": {"x":5,"y":0,"w":115,"h":62},
	"sourceSize": {"w":120,"h":62}
},
"castle0000_00027.png":
{
	"frame": {"x":702,"y":414,"w":112,"h":62},
	"rotated": false,
	"trimmed": true,
	"spriteSourceSize": {"x":8,"y":0,"w":112,"h":62},
	"sourceSize": {"w":120,"h":62}
},
"castle0000_00111.png":
{
	"frame": {"x":751,"y":923,"w":90,"h":62},
	"rotated": false,
	"trimmed": true,
	"spriteSourceSize": {"x":18,"y":0,"w":90,"h":62},
	"sourceSize": {"w":120,"h":62}
},
"castle0000_00120.png":
{
	"frame": {"x":844,"y":721,"w":90,"h":62},
	"rotated": false,
	"trimmed": true,
	"spriteSourceSize": {"x":18,"y":0,"w":90,"h":62},
	"sourceSize": {"w":120,"h":62}
},
"castle0000_00126.png":
{
	"frame": {"x":834,"y":786,"w":90,"h":62},
	"rotated": false,
	"trimmed": true,
	"spriteSourceSize": {"x":15,"y":0,"w":90,"h":62},
	"sourceSize": {"w":120,"h":62}
},
"castle0000_00127.png":
{
	"frame": {"x":927,"y":786,"w":90,"h":62},
	"rotated": false,
	"trimmed": true,
	"spriteSourceSize": {"x":15,"y":0,"w":90,"h":62},
	"sourceSize": {"w":120,"h":62}
},
"castle0000_00128.png":
{
	"frame": {"x":469,"y":939,"w":91,"h":62},
	"rotated": false,
	"trimmed": true,
	"spriteSourceSize": {"x":14,"y":0,"w":91,"h":62},
	"sourceSize": {"w":120,"h":62}
},
"castle0000_00129.png":
{
	"frame": {"x":563,"y":939,"w":91,"h":62},
	"rotated": false,
	"trimmed": true,
	"spriteSourceSize": {"x":14,"y":0,"w":91,"h":62},
	"sourceSize": {"w":120,"h":62}
},
"castle0000_00130.png":
{
	"frame": {"x":657,"y":939,"w":91,"h":62},
	"rotated": false,
	"trimmed": true,
	"spriteSourceSize": {"x":14,"y":0,"w":91,"h":62},
	"sourceSize": {"w":120,"h":62}
},
"cloud_air.png":
{
	"frame": {"x":702,"y":485,"w":320,"h":95},
	"rotated": false,
	"trimmed": false,
	"spriteSourceSize": {"x":0,"y":0,"w":320,"h":95},
	"sourceSize": {"w":320,"h":95}
},
"foreground_strate1.png":
{
	"frame": {"x":2,"y":2,"w":818,"h":279},
	"rotated": false,
	"trimmed": false,
	"spriteSourceSize": {"x":0,"y":0,"w":818,"h":279},
	"sourceSize": {"w":818,"h":279}
},
"foreground_tree1.png":
{
	"frame": {"x":388,"y":284,"w":311,"h":652},
	"rotated": false,
	"trimmed": false,
	"spriteSourceSize": {"x":0,"y":0,"w":311,"h":652},
	"sourceSize": {"w":311,"h":652}
},
"foreground_tree2.png":
{
	"frame": {"x":2,"y":284,"w":383,"h":652},
	"rotated": false,
	"trimmed": false,
	"spriteSourceSize": {"x":0,"y":0,"w":383,"h":652},
	"sourceSize": {"w":383,"h":652}
},
"montaign5.png":
{
	"frame": {"x":702,"y":583,"w":303,"h":126},
	"rotated": false,
	"trimmed": false,
	"spriteSourceSize": {"x":0,"y":0,"w":303,"h":126},
	"sourceSize": {"w":303,"h":126}
},
"w1_env3_foreground_architecture.png":
{
	"frame": {"x":823,"y":2,"w":198,"h":480},
	"rotated": false,
	"trimmed": false,
	"spriteSourceSize": {"x":0,"y":0,"w":198,"h":480},
	"sourceSize": {"w":198,"h":480}
},
"w1_env3_foreground_architecture2.png":
{
	"frame": {"x":702,"y":721,"w":129,"h":199},
	"rotated": false,
	"trimmed": false,
	"spriteSourceSize": {"x":0,"y":0,"w":129,"h":199},
	"sourceSize": {"w":129,"h":199}
},
"w1_env3_strate_castle.png":
{
	"frame": {"x":2,"y":939,"w":464,"h":68},
	"rotated": false,
	"trimmed": false,
	"spriteSourceSize": {"x":0,"y":0,"w":464,"h":68},
	"sourceSize": {"w":464,"h":68}
},
"water_trait1.png":
{
	"frame": {"x":702,"y":712,"w":297,"h":6},
	"rotated": false,
	"trimmed": false,
	"spriteSourceSize": {"x":0,"y":0,"w":297,"h":6},
	"sourceSize": {"w":297,"h":6}
}},
"meta": {
	"app": "http://www.codeandweb.com/texturepacker",
	"version": "1.0",
	"image": "world1@0.75x_0.png",
	"format": "RGBA8888",
	"size": {"w":1024,"h":1009},
	"scale": "0.75",
	"smartupdate": "$TexturePacker:SmartUpdate:aa8125b7417b1a2554c1ab8d5ab47fcb:512137a3f067988c633b2d9e53966aed:8f7e636350ac811faaed815f311551ff$"
}
}
