{"frames": {

"env1_big_gradiant_sun.png":
{
	"frame": {"x":634,"y":423,"w":375,"h":272},
	"rotated": false,
	"trimmed": false,
	"spriteSourceSize": {"x":0,"y":0,"w":375,"h":272},
	"sourceSize": {"w":375,"h":272}
},
"env1_cloud_montaign.png":
{
	"frame": {"x":1,"y":859,"w":324,"h":99},
	"rotated": false,
	"trimmed": true,
	"spriteSourceSize": {"x":2,"y":1,"w":324,"h":99},
	"sourceSize": {"w":328,"h":101}
},
"env1_foreground_grass.png":
{
	"frame": {"x":327,"y":859,"w":225,"h":101},
	"rotated": false,
	"trimmed": false,
	"spriteSourceSize": {"x":0,"y":0,"w":225,"h":101},
	"sourceSize": {"w":225,"h":101}
},
"env1_montaign2.png":
{
	"frame": {"x":1,"y":405,"w":631,"h":274},
	"rotated": false,
	"trimmed": true,
	"spriteSourceSize": {"x":1,"y":1,"w":631,"h":274},
	"sourceSize": {"w":633,"h":275}
},
"env1_montaign4.png":
{
	"frame": {"x":1,"y":59,"w":733,"h":344},
	"rotated": false,
	"trimmed": true,
	"spriteSourceSize": {"x":2,"y":2,"w":733,"h":344},
	"sourceSize": {"w":737,"h":347}
},
"env2_batiment.png":
{
	"frame": {"x":913,"y":357,"w":110,"h":63},
	"rotated": false,
	"trimmed": false,
	"spriteSourceSize": {"x":0,"y":0,"w":110,"h":63},
	"sourceSize": {"w":110,"h":63}
},
"env2_gradiant_halo_sun2.png":
{
	"frame": {"x":942,"y":697,"w":29,"h":282},
	"rotated": false,
	"trimmed": true,
	"spriteSourceSize": {"x":0,"y":0,"w":29,"h":282},
	"sourceSize": {"w":29,"h":284}
},
"env2_touret_shot.png":
{
	"frame": {"x":584,"y":681,"w":43,"h":14},
	"rotated": false,
	"trimmed": false,
	"spriteSourceSize": {"x":0,"y":0,"w":43,"h":14},
	"sourceSize": {"w":43,"h":14}
},
"env2_trench_vertical.png":
{
	"frame": {"x":554,"y":859,"w":24,"h":101},
	"rotated": false,
	"trimmed": false,
	"spriteSourceSize": {"x":0,"y":0,"w":24,"h":101},
	"sourceSize": {"w":24,"h":101}
},
"env3_background_touret.png":
{
	"frame": {"x":736,"y":59,"w":175,"h":362},
	"rotated": false,
	"trimmed": false,
	"spriteSourceSize": {"x":0,"y":0,"w":175,"h":362},
	"sourceSize": {"w":175,"h":362}
},
"env3_foreground_cloud.png":
{
	"frame": {"x":1,"y":681,"w":581,"h":176},
	"rotated": false,
	"trimmed": true,
	"spriteSourceSize": {"x":3,"y":4,"w":581,"h":176},
	"sourceSize": {"w":587,"h":180}
},
"env3_foreground_structure1.png":
{
	"frame": {"x":584,"y":697,"w":356,"h":326},
	"rotated": false,
	"trimmed": true,
	"spriteSourceSize": {"x":0,"y":0,"w":356,"h":326},
	"sourceSize": {"w":362,"h":326}
},
"env3_pipe_lign2.png":
{
	"frame": {"x":1,"y":1,"w":852,"h":56},
	"rotated": false,
	"trimmed": false,
	"spriteSourceSize": {"x":0,"y":0,"w":852,"h":56},
	"sourceSize": {"w":852,"h":56}
},
"smoke_last_world_00001.png":
{
	"frame": {"x":973,"y":697,"w":31,"h":32},
	"rotated": false,
	"trimmed": true,
	"spriteSourceSize": {"x":48,"y":130,"w":31,"h":32},
	"sourceSize": {"w":88,"h":191}
},
"smoke_last_world_00015.png":
{
	"frame": {"x":855,"y":1,"w":35,"h":29},
	"rotated": false,
	"trimmed": true,
	"spriteSourceSize": {"x":45,"y":7,"w":35,"h":29},
	"sourceSize": {"w":88,"h":191}
},
"touret_last_world_00009.png":
{
	"frame": {"x":913,"y":1,"w":110,"h":176},
	"rotated": false,
	"trimmed": true,
	"spriteSourceSize": {"x":44,"y":3,"w":110,"h":176},
	"sourceSize": {"w":197,"h":185}
},
"touret_last_world_00010.png":
{
	"frame": {"x":913,"y":179,"w":110,"h":176},
	"rotated": false,
	"trimmed": true,
	"spriteSourceSize": {"x":44,"y":3,"w":110,"h":176},
	"sourceSize": {"w":197,"h":185}
}},
"meta": {
	"app": "http://www.codeandweb.com/texturepacker",
	"version": "1.0",
	"image": "world2@0.75x_3.png",
	"format": "RGBA8888",
	"size": {"w":1024,"h":1024},
	"scale": "0.75",
	"smartupdate": "$TexturePacker:SmartUpdate:6fe09d306a37afc297b7f1832bada4e7:df4542fcef908a9742417a4075860aee:78c1bcd6945bbbf6c9658d83ae849dc7$"
}
}
