{"frames": {

"castle0000_00000.png":
{
	"frame": {"x":700,"y":834,"w":91,"h":62},
	"rotated": false,
	"trimmed": true,
	"spriteSourceSize": {"x":14,"y":0,"w":91,"h":62},
	"sourceSize": {"w":120,"h":62}
},
"castle0000_00001.png":
{
	"frame": {"x":894,"y":810,"w":92,"h":62},
	"rotated": false,
	"trimmed": true,
	"spriteSourceSize": {"x":14,"y":0,"w":92,"h":62},
	"sourceSize": {"w":120,"h":62}
},
"castle0000_00003.png":
{
	"frame": {"x":894,"y":875,"w":95,"h":62},
	"rotated": false,
	"trimmed": true,
	"spriteSourceSize": {"x":13,"y":0,"w":95,"h":62},
	"sourceSize": {"w":120,"h":62}
},
"castle0000_00004.png":
{
	"frame": {"x":794,"y":810,"w":97,"h":62},
	"rotated": false,
	"trimmed": true,
	"spriteSourceSize": {"x":12,"y":0,"w":97,"h":62},
	"sourceSize": {"w":120,"h":62}
},
"castle0000_00005.png":
{
	"frame": {"x":794,"y":875,"w":97,"h":62},
	"rotated": false,
	"trimmed": true,
	"spriteSourceSize": {"x":12,"y":0,"w":97,"h":62},
	"sourceSize": {"w":120,"h":62}
},
"castle0000_00020.png":
{
	"frame": {"x":818,"y":680,"w":115,"h":62},
	"rotated": false,
	"trimmed": true,
	"spriteSourceSize": {"x":5,"y":0,"w":115,"h":62},
	"sourceSize": {"w":120,"h":62}
},
"castle0000_00021.png":
{
	"frame": {"x":872,"y":2,"w":114,"h":62},
	"rotated": false,
	"trimmed": true,
	"spriteSourceSize": {"x":6,"y":0,"w":114,"h":62},
	"sourceSize": {"w":120,"h":62}
},
"castle0000_00023.png":
{
	"frame": {"x":872,"y":67,"w":114,"h":62},
	"rotated": false,
	"trimmed": true,
	"spriteSourceSize": {"x":6,"y":0,"w":114,"h":62},
	"sourceSize": {"w":120,"h":62}
},
"castle0000_00031.png":
{
	"frame": {"x":645,"y":769,"w":106,"h":62},
	"rotated": false,
	"trimmed": true,
	"spriteSourceSize": {"x":12,"y":0,"w":106,"h":62},
	"sourceSize": {"w":120,"h":62}
},
"castle0000_00032.png":
{
	"frame": {"x":538,"y":899,"w":105,"h":62},
	"rotated": false,
	"trimmed": true,
	"spriteSourceSize": {"x":12,"y":0,"w":105,"h":62},
	"sourceSize": {"w":120,"h":62}
},
"castle0000_00034.png":
{
	"frame": {"x":646,"y":899,"w":100,"h":62},
	"rotated": false,
	"trimmed": true,
	"spriteSourceSize": {"x":15,"y":0,"w":100,"h":62},
	"sourceSize": {"w":120,"h":62}
},
"castle0000_00037.png":
{
	"frame": {"x":847,"y":940,"w":92,"h":62},
	"rotated": false,
	"trimmed": true,
	"spriteSourceSize": {"x":19,"y":0,"w":92,"h":62},
	"sourceSize": {"w":120,"h":62}
},
"castle0000_00038.png":
{
	"frame": {"x":899,"y":392,"w":92,"h":62},
	"rotated": false,
	"trimmed": true,
	"spriteSourceSize": {"x":19,"y":0,"w":92,"h":62},
	"sourceSize": {"w":120,"h":62}
},
"castle0000_00039.png":
{
	"frame": {"x":899,"y":457,"w":89,"h":62},
	"rotated": false,
	"trimmed": true,
	"spriteSourceSize": {"x":19,"y":0,"w":89,"h":62},
	"sourceSize": {"w":120,"h":62}
},
"castle0000_00070.png":
{
	"frame": {"x":853,"y":327,"w":95,"h":62},
	"rotated": false,
	"trimmed": true,
	"spriteSourceSize": {"x":15,"y":0,"w":95,"h":62},
	"sourceSize": {"w":120,"h":62}
},
"castle0000_00075.png":
{
	"frame": {"x":899,"y":197,"w":102,"h":62},
	"rotated": false,
	"trimmed": true,
	"spriteSourceSize": {"x":11,"y":0,"w":102,"h":62},
	"sourceSize": {"w":120,"h":62}
},
"castle0000_00076.png":
{
	"frame": {"x":746,"y":295,"w":104,"h":62},
	"rotated": false,
	"trimmed": true,
	"spriteSourceSize": {"x":10,"y":0,"w":104,"h":62},
	"sourceSize": {"w":120,"h":62}
},
"castle0000_00077.png":
{
	"frame": {"x":752,"y":230,"w":105,"h":62},
	"rotated": false,
	"trimmed": true,
	"spriteSourceSize": {"x":9,"y":0,"w":105,"h":62},
	"sourceSize": {"w":120,"h":62}
},
"castle0000_00078.png":
{
	"frame": {"x":482,"y":834,"w":106,"h":62},
	"rotated": false,
	"trimmed": true,
	"spriteSourceSize": {"x":9,"y":0,"w":106,"h":62},
	"sourceSize": {"w":120,"h":62}
},
"castle0000_00089.png":
{
	"frame": {"x":872,"y":132,"w":114,"h":62},
	"rotated": false,
	"trimmed": true,
	"spriteSourceSize": {"x":0,"y":0,"w":114,"h":62},
	"sourceSize": {"w":120,"h":62}
},
"castle0000_00094.png":
{
	"frame": {"x":818,"y":745,"w":110,"h":62},
	"rotated": false,
	"trimmed": true,
	"spriteSourceSize": {"x":0,"y":0,"w":110,"h":62},
	"sourceSize": {"w":120,"h":62}
},
"castle0000_00095.png":
{
	"frame": {"x":533,"y":769,"w":109,"h":62},
	"rotated": false,
	"trimmed": true,
	"spriteSourceSize": {"x":0,"y":0,"w":109,"h":62},
	"sourceSize": {"w":120,"h":62}
},
"castle0000_00097.png":
{
	"frame": {"x":591,"y":834,"w":106,"h":62},
	"rotated": false,
	"trimmed": true,
	"spriteSourceSize": {"x":0,"y":0,"w":106,"h":62},
	"sourceSize": {"w":120,"h":62}
},
"castle0000_00098.png":
{
	"frame": {"x":746,"y":360,"w":104,"h":62},
	"rotated": false,
	"trimmed": true,
	"spriteSourceSize": {"x":1,"y":0,"w":104,"h":62},
	"sourceSize": {"w":120,"h":62}
},
"castle0000_00103.png":
{
	"frame": {"x":899,"y":262,"w":96,"h":62},
	"rotated": false,
	"trimmed": true,
	"spriteSourceSize": {"x":6,"y":0,"w":96,"h":62},
	"sourceSize": {"w":120,"h":62}
},
"castle0000_00104.png":
{
	"frame": {"x":749,"y":940,"w":95,"h":62},
	"rotated": false,
	"trimmed": true,
	"spriteSourceSize": {"x":7,"y":0,"w":95,"h":62},
	"sourceSize": {"w":120,"h":62}
},
"cloud_air2.png":
{
	"frame": {"x":2,"y":914,"w":291,"h":90},
	"rotated": false,
	"trimmed": true,
	"spriteSourceSize": {"x":2,"y":2,"w":291,"h":90},
	"sourceSize": {"w":295,"h":94}
},
"cloud_air3.png":
{
	"frame": {"x":533,"y":680,"w":282,"h":86},
	"rotated": false,
	"trimmed": true,
	"spriteSourceSize": {"x":3,"y":3,"w":282,"h":86},
	"sourceSize": {"w":288,"h":92}
},
"cloud_between_strate.png":
{
	"frame": {"x":2,"y":446,"w":522,"h":174},
	"rotated": false,
	"trimmed": true,
	"spriteSourceSize": {"x":1,"y":0,"w":522,"h":174},
	"sourceSize": {"w":523,"h":174}
},
"foreground_cloud.png":
{
	"frame": {"x":2,"y":2,"w":747,"h":238},
	"rotated": false,
	"trimmed": false,
	"spriteSourceSize": {"x":0,"y":0,"w":747,"h":238},
	"sourceSize": {"w":747,"h":238}
},
"foreground_tree3.png":
{
	"frame": {"x":752,"y":2,"w":117,"h":225},
	"rotated": false,
	"trimmed": false,
	"spriteSourceSize": {"x":0,"y":0,"w":117,"h":225},
	"sourceSize": {"w":117,"h":225}
},
"forest_layer1c.png":
{
	"frame": {"x":2,"y":243,"w":741,"h":200},
	"rotated": false,
	"trimmed": false,
	"spriteSourceSize": {"x":0,"y":0,"w":741,"h":200},
	"sourceSize": {"w":741,"h":200}
},
"montaign1.png":
{
	"frame": {"x":2,"y":789,"w":477,"h":122},
	"rotated": false,
	"trimmed": false,
	"spriteSourceSize": {"x":0,"y":0,"w":477,"h":122},
	"sourceSize": {"w":477,"h":122}
},
"montaign2.png":
{
	"frame": {"x":527,"y":446,"w":369,"h":127},
	"rotated": false,
	"trimmed": false,
	"spriteSourceSize": {"x":0,"y":0,"w":369,"h":127},
	"sourceSize": {"w":369,"h":127}
},
"w1_env3_cloud_black_between_strate.png":
{
	"frame": {"x":533,"y":576,"w":433,"h":101},
	"rotated": false,
	"trimmed": false,
	"spriteSourceSize": {"x":0,"y":0,"w":433,"h":101},
	"sourceSize": {"w":433,"h":101}
},
"w1_env3_foreground_cloud_black.png":
{
	"frame": {"x":2,"y":623,"w":528,"h":163},
	"rotated": false,
	"trimmed": false,
	"spriteSourceSize": {"x":0,"y":0,"w":528,"h":163},
	"sourceSize": {"w":528,"h":163}
},
"w1_env3_foreground_rock.png":
{
	"frame": {"x":296,"y":914,"w":239,"h":80},
	"rotated": false,
	"trimmed": false,
	"spriteSourceSize": {"x":0,"y":0,"w":239,"h":80},
	"sourceSize": {"w":239,"h":80}
}},
"meta": {
	"app": "http://www.codeandweb.com/texturepacker",
	"version": "1.0",
	"image": "world1@0.75x_3.png",
	"format": "RGBA8888",
	"size": {"w":1003,"h":1006},
	"scale": "0.75",
	"smartupdate": "$TexturePacker:SmartUpdate:aa8125b7417b1a2554c1ab8d5ab47fcb:512137a3f067988c633b2d9e53966aed:8f7e636350ac811faaed815f311551ff$"
}
}
