{

"images": [
    "anim_backgrounds.png"
],

"frames": [
    [2, 2, 454, 545, 0, 0, 0],
    [2, 549, 454, 545, 0, 0, 0],
    [2, 1096, 454, 545, 0, 0, 0],
    [458, 2, 454, 545, 0, 0, 0],
    [914, 2, 454, 545, 0, 0, 0],
    [1370, 2, 454, 545, 0, 0, 0],
    [458, 549, 454, 545, 0, 0, 0],
    [458, 1096, 454, 545, 0, 0, 0],
    [914, 549, 454, 545, 0, 0, 0],
    [914, 1096, 454, 545, 0, 0, 0]
],

"animations": {
    "beast": [0],
    "bird": [1],
    "bones": [2],
    "bow": [3],
    "crown": [4],
    "diamonds": [5],
    "dragon": [6],
    "flower": [7],
    "shield": [8],
    "snake": [9]
},

"texturepacker": [
        "SmartUpdateHash: $TexturePacker:SmartUpdate:c6a45074d6a9c1aa929f73b4b2f04820:ee18ab2082b3ef9ad84ad5c746a0b852:045bc64f3e5ced140c63cb009b5e4af4$",
        "Created with TexturePacker (https://www.codeandweb.com/texturepacker) for EaselJS"
]

}
