{
"framerate":24,
"images":["animations_4.png"],
"frames":[
    [2033, 1252, 0, 0, 0, 238, 272],
    [2041, 486, 5, 3, 0, 46, -135],
    [2016, 486, 21, 9, 0, 62, -129],
    [1992, 1766, 37, 27, 0, 78, -111],
    [1982, 1563, 51, 45, 0, 92, -93],
    [1933, 1252, 51, 64, 0, 92, -74],
    [2, 1969, 187, 67, 0, 92, -71],
    [395, 1969, 198, 67, 0, 92, -71],
    [193, 1969, 198, 67, 0, 92, -71],
    [1790, 1766, 198, 72, 0, 92, -71],
    [1386, 1766, 198, 75, 0, 92, -71],
    [1588, 1766, 198, 75, 0, 92, -71],
    [1184, 1766, 198, 79, 0, 92, -67],
    [982, 1766, 198, 95, 0, 92, -51],
    [780, 1766, 198, 109, 0, 92, -37],
    [1731, 1252, 198, 262, 0, 92, 116],
    [1848, 925, 198, 272, 0, 92, 126],
    [1527, 1252, 200, 282, 0, 94, 136],
    [1313, 1252, 210, 291, 0, 104, 145],
    [539, 1252, 220, 300, 0, 114, 154],
    [1619, 925, 225, 308, 0, 119, 162],
    [1405, 486, 241, 332, 0, 128, 169],
    [1149, 486, 252, 354, 0, 135, 176],
    [878, 486, 267, 382, 0, 140, 182],
    [597, 486, 277, 400, 0, 145, 187],
    [304, 486, 289, 422, 0, 146, 192],
    [2, 486, 298, 435, 0, 148, 194],
    [1634, 2, 305, 446, 0, 148, 199],
    [1319, 2, 311, 463, 0, 150, 203],
    [1001, 2, 314, 471, 0, 150, 204],
    [668, 2, 329, 473, 0, 157, 206],
    [335, 2, 329, 480, 0, 157, 207],
    [2, 2, 329, 480, 0, 157, 207],
    [1988, 1252, 41, 49, 0, 82, 39],
    [1935, 486, 77, 84, 0, 113, 43],
    [1943, 2, 103, 106, 0, 132, 47],
    [659, 1766, 117, 110, 0, 138, 50],
    [167, 1766, 162, 142, 0, 134, 49],
    [333, 1766, 159, 137, 0, 128, 45],
    [496, 1766, 159, 136, 0, 126, 44],
    [332, 1563, 161, 199, 0, 127, 44],
    [497, 1563, 161, 199, 0, 127, 44],
    [167, 1563, 161, 199, 0, 127, 44],
    [1817, 1563, 161, 199, 0, 127, 44],
    [2, 1563, 161, 199, 0, 127, 44],
    [992, 1563, 161, 199, 0, 127, 44],
    [662, 1563, 161, 199, 0, 127, 44],
    [827, 1563, 161, 199, 0, 127, 44],
    [2, 1766, 161, 199, 0, 127, 44],
    [1157, 1563, 161, 199, 0, 127, 44],
    [1322, 1563, 161, 199, 0, 127, 44],
    [1487, 1563, 161, 199, 0, 127, 44],
    [1652, 1563, 161, 199, 0, 127, 44],
    [1045, 1252, 264, 298, 0, 127, 143],
    [2, 1252, 264, 307, 0, 127, 152],
    [822, 925, 264, 313, 0, 127, 158],
    [554, 925, 264, 315, 0, 127, 160],
    [284, 925, 266, 320, 0, 127, 165],
    [2, 925, 278, 323, 0, 127, 168],
    [1650, 486, 281, 324, 0, 127, 169],
    [1090, 925, 268, 310, 0, 127, 155],
    [763, 1252, 278, 298, 0, 127, 143],
    [270, 1252, 265, 303, 0, 127, 148],
    [1362, 925, 253, 309, 0, 127, 154]
],
"animations":{
    "snake": {
        "speed": 1,
        "frames": [
            0,
            1,
            2,
            3,
            4,
            5,
            6,
            7,
            8,
            9,
            10,
            11,
            12,
            13,
            14,
            15,
            16,
            17,
            18,
            19,
            20,
            21,
            22,
            23,
            24,
            25,
            26,
            27,
            28,
            29,
            30,
            31,
            32
        ],
        "next":false
    },
    "diamonds": {
        "speed": 1,
        "frames": [
            0,
            33,
            34,
            35,
            36,
            37,
            38,
            39,
            40,
            41,
            42,
            43,
            44,
            45,
            46,
            47,
            48,
            49,
            50,
            51,
            52,
            52,
            52,
            52,
            52,
            52,
            53,
            54,
            55,
            56,
            56,
            56,
            56,
            56,
            56,
            57,
            58,
            59,
            60,
            61,
            62,
            63
        ],
        "next":false
    }
}
}