{
"framerate":24,
"images":["animations_1.png"],
"frames":[
    [2034, 2, 7, 7, 0, 13, 30],
    [1829, 973, 25, 25, 0, 22, 39],
    [1954, 2, 39, 40, 0, 29, 46],
    [1858, 973, 23, 23, 0, 21, 38],
    [1997, 2, 33, 28, 0, 24, 40],
    [1845, 2, 105, 55, 0, 58, 67],
    [2, 1518, 236, 145, 0, 122, 135],
    [772, 1255, 292, 184, 0, 150, 165],
    [1068, 1255, 274, 172, 0, 141, 156],
    [1346, 1255, 241, 150, 0, 124, 140],
    [1591, 1255, 228, 150, 0, 117, 133],
    [524, 1255, 244, 201, 0, 124, 142],
    [263, 1255, 257, 238, 0, 130, 149],
    [2, 1255, 257, 259, 0, 130, 149],
    [1568, 973, 257, 260, 0, 130, 149],
    [1307, 973, 257, 268, 0, 130, 149],
    [1046, 973, 257, 272, 0, 130, 149],
    [785, 973, 257, 276, 0, 130, 149],
    [1788, 672, 257, 278, 0, 130, 149],
    [524, 973, 257, 278, 0, 130, 149],
    [263, 973, 257, 278, 0, 130, 149],
    [2, 973, 257, 278, 0, 130, 149],
    [1527, 672, 257, 279, 0, 130, 149],
    [1266, 672, 257, 283, 0, 130, 149],
    [1005, 672, 257, 285, 0, 130, 149],
    [250, 672, 257, 296, 0, 130, 149],
    [2045, 2, 0, 0, 0, 227, 273],
    [758, 672, 243, 294, 0, 123, 128],
    [511, 672, 243, 294, 0, 123, 128],
    [2, 672, 244, 297, 0, 123, 130],
    [1790, 344, 245, 299, 0, 124, 131],
    [1539, 344, 247, 302, 0, 125, 134],
    [1287, 344, 248, 305, 0, 125, 136],
    [1033, 344, 250, 309, 0, 126, 139],
    [778, 344, 251, 312, 0, 127, 141],
    [521, 344, 253, 316, 0, 128, 144],
    [262, 344, 255, 320, 0, 129, 147],
    [2, 344, 256, 324, 0, 130, 150],
    [1584, 2, 257, 327, 0, 130, 152],
    [1322, 2, 258, 330, 0, 131, 154],
    [1059, 2, 259, 333, 0, 131, 156],
    [795, 2, 260, 335, 0, 132, 158],
    [531, 2, 260, 336, 0, 132, 159],
    [267, 2, 260, 338, 0, 132, 160],
    [2, 2, 261, 338, 0, 132, 160]
],
"animations":{
    "bow": {
        "speed": 1,
        "frames": [
            0,
            1,
            2,
            3,
            4,
            5,
            6,
            7,
            8,
            9,
            10,
            11,
            12,
            13,
            14,
            15,
            16,
            17,
            18,
            19,
            20,
            21,
            22,
            23,
            24,
            25
        ],
        "next":false
    },
    "beast": {
        "speed": 1,
        "frames": [
            26,
            27,
            28,
            29,
            30,
            31,
            32,
            33,
            34,
            35,
            36,
            37,
            38,
            39,
            40,
            41,
            42,
            43,
            44,
            44,
            44,
            44,
            44,
            44,
            44,
            44,
            44,
            44,
            44,
            44
        ],
        "next":false
    }
}
}