{
"framerate":24,
"images":["animations_3_0_0.png", "animations_3_0_1.png"],
"frames":[
    [2043, 2, 0, 0, 0, 238, 272],
    [1449, 2, 250, 206, 1, 127, 97],
    [256, 251, 250, 206, 1, 127, 103],
    [510, 251, 250, 206, 1, 127, 108],
    [764, 251, 250, 206, 1, 127, 111],
    [1778, 1573, 250, 207, 0, 127, 114],
    [2, 251, 250, 206, 1, 127, 115],
    [1018, 251, 274, 206, 1, 140, 115],
    [1574, 251, 274, 206, 1, 149, 115],
    [1703, 2, 250, 206, 1, 127, 115],
    [1296, 251, 274, 206, 1, 140, 114],
    [290, 2, 274, 245, 1, 132, 127],
    [1774, 2, 265, 245, 0, 127, 127],
    [1190, 1573, 300, 245, 0, 154, 127],
    [1494, 1573, 280, 245, 0, 142, 127],
    [902, 1573, 284, 245, 0, 143, 127],
    [568, 2, 284, 245, 1, 143, 127],
    [2, 2, 284, 245, 1, 143, 127],
    [856, 2, 291, 245, 1, 150, 127],
    [2, 1573, 296, 246, 0, 155, 128],
    [302, 1573, 296, 246, 0, 155, 128],
    [602, 1573, 296, 246, 0, 155, 128],
    [1573, 1268, 298, 253, 0, 157, 128],
    [948, 1268, 306, 266, 0, 165, 128],
    [638, 1268, 306, 285, 0, 165, 128],
    [2, 1268, 312, 301, 0, 165, 128],
    [1282, 906, 313, 318, 0, 165, 128],
    [965, 906, 313, 336, 0, 165, 128],
    [319, 906, 313, 348, 0, 165, 128],
    [1303, 521, 313, 358, 0, 165, 128],
    [669, 521, 313, 358, 0, 165, 128],
    [1620, 521, 313, 358, 0, 165, 128],
    [2, 906, 313, 358, 0, 165, 128],
    [986, 521, 313, 358, 0, 165, 128],
    [1647, 461, 175, 19, 1, 77, 142],
    [1852, 251, 190, 29, 1, 88, 142],
    [1388, 461, 255, 131, 1, 137, 142],
    [1122, 461, 262, 143, 1, 139, 142],
    [849, 461, 269, 155, 1, 141, 142],
    [571, 461, 274, 165, 1, 143, 142],
    [290, 461, 277, 175, 1, 145, 142],
    [2, 461, 284, 205, 1, 152, 142],
    [1151, 2, 294, 234, 1, 155, 142],
    [1258, 1268, 311, 264, 0, 162, 145],
    [318, 1268, 316, 287, 0, 167, 144],
    [1599, 906, 320, 315, 0, 171, 150],
    [636, 906, 325, 339, 0, 176, 155],
    [336, 521, 329, 367, 0, 180, 167],
    [2, 521, 330, 381, 0, 181, 167],
    [1440, 2, 330, 407, 0, 181, 181],
    [1102, 2, 334, 410, 0, 185, 175],
    [764, 2, 334, 423, 0, 185, 182],
    [422, 2, 338, 429, 0, 189, 187],
    [2, 2, 416, 515, 0, 189, 273]
],
"animations":{
    "dragon": {
        "frames": [
            0,
            34,
            35,
            36,
            37,
            38,
            39,
            40,
            41,
            42,
            43,
            44,
            45,
            46,
            47,
            48,
            49,
            50,
            51,
            52,
            53
        ],
        "speed": 1,
        "next":false
    },
    "crown": {
        "frames": [
            0,
            1,
            2,
            3,
            4,
            5,
            6,
            6,
            6,
            6,
            6,
            6,
            6,
            6,
            6,
            6,
            6,
            6,
            6,
            6,
            6,
            7,
            8,
            9,
            9,
            9,
            9,
            9,
            9,
            9,
            9,
            9,
            9,
            9,
            9,
            9,
            9,
            9,
            10,
            11,
            12,
            12,
            12,
            12,
            12,
            12,
            12,
            12,
            12,
            12,
            12,
            12,
            12,
            13,
            14,
            15,
            16,
            17,
            18,
            19,
            20,
            21,
            22,
            23,
            24,
            25,
            26,
            27,
            28,
            29,
            30,
            31,
            32,
            33,
            33,
            33,
            33,
            33,
            33,
            33,
            33,
            33,
            33,
            33,
            33,
            33,
            33,
            33,
            33,
            33,
            33,
            33,
            33,
            33,
            33
        ],
        "speed": 1,
        "next":false
    }
}
}