{
"framerate":30,
"images":["animations_5_0.png", "animations_5_1.png"],
"frames":[
    [2043, 738, 0, 0, 0, 238, 272],
    [2010, 1106, 23, 29, 0, 120, 144],
    [1882, 1106, 124, 163, 0, 120, 175],
    [1696, 1106, 182, 242, 0, 120, 175],
    [1454, 1106, 238, 289, 0, 120, 175],
    [1212, 1106, 238, 326, 0, 120, 175],
    [970, 1106, 238, 354, 0, 120, 175],
    [728, 1106, 238, 354, 0, 120, 175],
    [970, 738, 238, 364, 0, 120, 175],
    [486, 2, 238, 364, 0, 120, 175],
    [2, 2, 238, 364, 0, 120, 175],
    [244, 2, 238, 364, 0, 120, 175],
    [2, 370, 238, 364, 0, 120, 175],
    [244, 370, 238, 364, 0, 120, 175],
    [486, 370, 238, 364, 0, 120, 175],
    [728, 370, 238, 364, 0, 120, 175],
    [970, 370, 238, 364, 0, 120, 175],
    [1212, 370, 238, 364, 0, 120, 175],
    [1454, 370, 238, 364, 0, 120, 175],
    [1696, 370, 238, 364, 0, 120, 175],
    [2, 738, 238, 364, 0, 120, 175],
    [486, 738, 238, 364, 0, 120, 175],
    [1454, 2, 238, 364, 0, 120, 175],
    [1212, 2, 238, 364, 0, 120, 175],
    [728, 2, 238, 364, 0, 120, 175],
    [970, 2, 238, 364, 0, 120, 175],
    [1454, 738, 238, 364, 0, 120, 175],
    [1696, 738, 238, 364, 0, 120, 175],
    [2, 1106, 238, 364, 0, 120, 175],
    [244, 1106, 238, 364, 0, 120, 175],
    [486, 1106, 238, 364, 0, 120, 175],
    [244, 738, 238, 364, 0, 120, 175],
    [1212, 738, 238, 364, 0, 120, 175],
    [728, 738, 238, 364, 0, 120, 175],
    [1696, 2, 238, 364, 0, 120, 175],
    [2037, 1106, 6, 6, 0, 147, -99],
    [1924, 216, 11, 18, 1, 149, -88],
    [2032, 370, 14, 29, 0, 149, -77],
    [2013, 738, 26, 38, 0, 150, -68],
    [1882, 216, 38, 48, 1, 150, -58],
    [1829, 216, 49, 52, 1, 150, -54],
    [1765, 216, 60, 56, 1, 151, -50],
    [1938, 738, 71, 61, 0, 151, -45],
    [1938, 370, 90, 67, 0, 151, -39],
    [1938, 2, 107, 72, 0, 152, -34],
    [1626, 216, 135, 76, 1, 152, -30],
    [1906, 2, 139, 80, 1, 152, -26],
    [1469, 216, 153, 88, 1, 152, -18],
    [1298, 216, 167, 96, 1, 152, -10],
    [1114, 216, 180, 104, 1, 152, -2],
    [913, 216, 197, 110, 1, 152, 4],
    [1839, 1474, 207, 121, 0, 152, 15],
    [699, 216, 210, 132, 1, 152, 26],
    [476, 216, 219, 143, 1, 152, 37],
    [243, 216, 229, 154, 1, 152, 48],
    [2, 216, 237, 166, 1, 152, 60],
    [1657, 2, 245, 179, 1, 152, 73],
    [1787, 1712, 255, 189, 0, 152, 83],
    [1386, 2, 267, 197, 1, 152, 91],
    [1115, 2, 267, 198, 1, 152, 92],
    [842, 2, 269, 199, 1, 152, 93],
    [566, 2, 272, 202, 1, 152, 96],
    [286, 2, 276, 206, 1, 152, 100],
    [2, 2, 280, 210, 1, 152, 104],
    [1499, 1712, 284, 215, 0, 152, 109],
    [1206, 1712, 289, 219, 0, 152, 113],
    [908, 1712, 294, 224, 0, 152, 118],
    [606, 1712, 298, 228, 0, 152, 122],
    [1230, 1474, 301, 231, 0, 152, 125],
    [617, 1474, 303, 233, 0, 152, 127],
    [2, 1474, 304, 234, 0, 152, 128],
    [310, 1474, 303, 234, 0, 152, 128],
    [924, 1474, 302, 233, 0, 152, 127],
    [1535, 1474, 300, 231, 0, 152, 125],
    [304, 1712, 298, 230, 0, 152, 124],
    [2, 1712, 298, 230, 0, 152, 124]
],
"animations":{
    "flower": {
        "speed": 1,
        "frames": [
            35,
            36,
            37,
            38,
            39,
            40,
            41,
            42,
            43,
            44,
            45,
            46,
            47,
            48,
            49,
            50,
            51,
            52,
            53,
            54,
            55,
            56,
            57,
            58,
            59,
            60,
            61,
            62,
            63,
            64,
            65,
            66,
            67,
            68,
            69,
            70,
            71,
            72,
            73,
            74,
            75,
            75,
            75,
            75,
            75,
            75,
            75,
            75,
            75
        ],
        "next":false
    },
    "shield": {
        "speed": 1,
        "frames": [
            0,
            0,
            1,
            2,
            3,
            4,
            5,
            6,
            7,
            8,
            9,
            9,
            9,
            9,
            9,
            9,
            9,
            10,
            11,
            12,
            13,
            14,
            15,
            16,
            17,
            18,
            19,
            20,
            21,
            22,
            23,
            24,
            25,
            26,
            27,
            28,
            29,
            30,
            31,
            32,
            33,
            34,
            34,
            34,
            34,
            34,
            34
        ],
        "next":false
    }
}
}