{
"framerate":24,
"images":["animations_2.png"],
"frames":[
    [2042, 2, 0, 0, 0, 238, 272],
    [2, 1131, 344, 225, 0, 176, 119],
    [381, 1504, 344, 93, 0, 176, 135],
    [1239, 855, 344, 241, 0, 176, 135],
    [1587, 855, 344, 241, 0, 176, 135],
    [891, 855, 344, 267, 0, 176, 135],
    [284, 855, 344, 270, 0, 176, 135],
    [632, 855, 255, 270, 0, 131, 135],
    [2, 855, 278, 272, 0, 142, 136],
    [1597, 429, 296, 279, 0, 152, 143],
    [1288, 429, 305, 313, 0, 159, 176],
    [985, 429, 299, 339, 0, 159, 203],
    [1742, 2, 296, 376, 0, 159, 214],
    [664, 429, 317, 407, 0, 159, 214],
    [2, 429, 327, 422, 0, 159, 214],
    [333, 429, 327, 422, 0, 159, 214],
    [1046, 2, 344, 422, 0, 176, 214],
    [1394, 2, 344, 422, 0, 176, 214],
    [698, 2, 344, 422, 0, 176, 214],
    [2, 2, 344, 423, 0, 176, 214],
    [350, 2, 344, 423, 0, 176, 214],
    [1973, 1131, 31, 39, 0, 175, -42],
    [1908, 1131, 61, 79, 0, 175, -11],
    [1935, 855, 102, 97, 0, 175, 8],
    [1897, 429, 139, 112, 0, 175, 26],
    [206, 1504, 171, 115, 0, 175, 32],
    [2, 1504, 200, 115, 0, 175, 35],
    [1724, 1360, 225, 116, 0, 175, 39],
    [1473, 1360, 247, 118, 0, 175, 44],
    [1203, 1360, 266, 119, 0, 175, 49],
    [918, 1360, 281, 123, 0, 175, 54],
    [621, 1360, 293, 129, 0, 175, 59],
    [314, 1360, 303, 135, 0, 175, 64],
    [2, 1360, 308, 140, 0, 173, 68],
    [1596, 1131, 308, 145, 0, 167, 71],
    [1284, 1131, 308, 148, 0, 164, 73],
    [973, 1131, 307, 151, 0, 163, 74],
    [661, 1131, 308, 154, 0, 164, 75],
    [350, 1131, 307, 156, 0, 164, 76]
],
"animations":{
    "bones": {
        "speed": 1,
        "frames": [
            0,
            0,
            0,
            0,
            0,
            1,
            2,
            3,
            4,
            5,
            6,
            7,
            8,
            9,
            10,
            11,
            12,
            13,
            14,
            15,
            16,
            17,
            18,
            19,
            20
        ],
        "next":false
    },
    "bird": {
        "speed": 1,
        "frames": [
            0,
            0,
            0,
            0,
            21,
            22,
            23,
            24,
            25,
            26,
            27,
            28,
            29,
            30,
            31,
            32,
            33,
            34,
            35,
            36,
            37,
            38,
            38,
            38
        ],
        "next":false
    }
}
}