{

"images": [
    "anim_foregrounds.png"
],

"frames": [
    [2, 2, 454, 545, 0, 0, 0],
    [2, 549, 454, 545, 0, 0, 0],
    [2, 1096, 454, 545, 0, 0, 0],
    [458, 2, 454, 545, 0, 0, 0],
    [914, 2, 454, 545, 0, 0, 0],
    [1370, 2, 454, 545, 0, 0, 0],
    [458, 549, 454, 545, 0, 0, 0],
    [458, 1096, 454, 545, 0, 0, 0],
    [914, 549, 454, 545, 0, 0, 0],
    [914, 1096, 454, 545, 0, 0, 0]
],

"animations": {
    "beast": [0],
    "bird": [1],
    "bones": [2],
    "bow": [3],
    "crown": [4],
    "diamonds": [5],
    "dragon": [6],
    "flower": [7],
    "shield": [8],
    "snake": [9]
},

"texturepacker": [
        "SmartUpdateHash: $TexturePacker:SmartUpdate:bcd49192f1e4a8cc8a21a0126c3b814d:45ff8095e47806d0f41e69371966883a:145298bd5f916dc91b7a7a537fc64c25$",
        "Created with TexturePacker (https://www.codeandweb.com/texturepacker) for EaselJS"
]

}
