{
	"alpha": {
		"start": 1,
		"end": 1
	},
	"scale": {
		"start": 2,
		"end": 0.4,
		"minimumScaleMultiplier": 1
	},
	"color": {
		"start": "#ffffff",
		"end": "#00ff0d"
	},
	"speed": {
		"start": 600,
		"end": -100
	},
	"acceleration": {
		"x": 0,
		"y": 0
	},
	"startRotation": {
		"min": 0,
		"max": 360
	},
	"rotationSpeed": {
		"min": 0,
		"max": 0
	},
	"lifetime": {
		"min": 0.4,
		"max": 0.8
	},
	"blendMode": "normal",
	"frequency": 0.001,
	"emitterLifetime": 0.4,
	"maxParticles": 20,
	"pos": {
		"x": 0,
		"y": 0
	},
	"addAtBack": false,
	"spawnType": "burst",
	"particlesPerWave": 1,
	"particleSpacing": 0,
	"angleStart": 0
}