{
	"alpha": {
		"start": 1,
		"end": 0
	},
	"scale": {
		"start": 0.7,
		"end": 0.2,
		"minimumScaleMultiplier": 2
	},
	"color": {
		"start": "#fff459",
		"end": "#ff5500"
	},
	"speed": {
		"start": 800,
		"end": 400
	},
	"acceleration": {
		"x": 0,
		"y": 0
	},
	"startRotation": {
		"min": 265,
		"max": 275
	},
	"rotationSpeed": {
		"min": 0,
		"max": 0
	},
	"lifetime": {
		"min": 0.2,
		"max": 0.3
	},
	"blendMode": "add",
	"frequency": 0.01,
	"emitterLifetime": -1,
	"maxParticles": 15,
	"pos": {
		"x": 0,
		"y": 0
	},
	"addAtBack": true,
	"spawnType": "point"
}