{
	"alpha": {
		"start": 1,
		"end": 0.75
	},
	"scale": {
		"start": 0.5,
		"end": 1,
		"minimumScaleMultiplier": 1
	},
	"color": {
		"start": "#fffafa",
		"end": "#ffffff"
	},
	"speed": {
		"start": 1000,
		"end": 250
	},
	"acceleration": {
		"x": 0,
		"y": 0
	},
	"startRotation": {
		"min": 240,
		"max": 300
	},
	"rotationSpeed": {
		"min": 0,
		"max": 0
	},
	"lifetime": {
		"min": 0.25,
		"max": 0.5
	},
	"blendMode": "normal",
	"frequency": 0.001,
	"emitterLifetime": -1,
	"maxParticles": 50,
	"pos": {
		"x": 0,
		"y": 0
	},
	"addAtBack": false,
	"spawnType": "point"
}