{
	"alpha": {
		"start": 1,
		"end": 0
	},
	"scale": {
		"start": 0.5,
		"end": 1.5,
		"minimumScaleMultiplier": 1
	},
	"color": {
		"start": "#ffffff",
		"end": "#ffffff"
	},
	"speed": {
		"start": 150,
		"end": -100
	},
	"acceleration": {
		"x": 0,
		"y": 100
	},
	"startRotation": {
		"min": -180,
		"max": 0
	},
	"rotationSpeed": {
		"min": 200,
		"max": 200
	},
	"lifetime": {
		"min": 0.4,
		"max": 1
	},
	"blendMode": "normal",
	"frequency": 0.001,
	"emitterLifetime": 0.4,
	"maxParticles": 10,
	"pos": {
		"x": 0,
		"y": 0
	},
	"addAtBack": false,
	"spawnType": "point"
}