{
	"alpha": {
		"start": 1,
		"end": 1
	},
	"scale": {
		"start": 2,
		"end": 0.2,
		"minimumScaleMultiplier": 1
	},
	"color": {
		"start": "#ffffff",
		"end": "#ffffff"
	},
	"speed": {
		"start": 600,
		"end": 0
	},
	"acceleration": {
		"x": 0,
		"y": 0
	},
	"startRotation": {
		"min": 0,
		"max": 360
	},
	"rotationSpeed": {
		"min": 0,
		"max": 0
	},
	"lifetime": {
		"min": 0.2,
		"max": 0.6
	},
	"blendMode": "normal",
	"frequency": 0.001,
	"emitterLifetime": 0.2,
	"maxParticles": 15,
	"pos": {
		"x": 0,
		"y": 0
	},
	"addAtBack": false,
	"spawnType": "burst",
	"particlesPerWave": 1,
	"particleSpacing": 0,
	"angleStart": 0
}