{
	"alpha": {
		"start": 1,
		"end": 0
	},
	"scale": {
		"start": 1,
		"end": 1.3,
		"minimumScaleMultiplier": 1.2
	},
	"color": {
		"start": "#ffffff",
		"end": "#606060"
	},
	"speed": {
		"start": 70,
		"end": 150
	},
	"acceleration": {
		"x": 0,
		"y": 0
	},
	"startRotation": {
		"min": 262,
		"max": 278
	},
	"noRotation": false,
	"rotationSpeed": {
		"min": 0,
		"max": 360
	},
	"lifetime": {
		"min": 0.3,
		"max": 1
	},
	"blendMode": "add",
	"frequency": 0.1,
	"emitterLifetime": -1,
	"maxParticles": 10,
	"pos": {
		"x": 0,
		"y": 0
	},
	"addAtBack": false,
	"spawnType": "circle",
	"spawnCircle": {
		"x": 0,
		"y": 0,
		"r": 15
	}
}