{
	"alpha": {
		"start": 1,
		"end": 0
	},
	"scale": {
		"start": 1,
		"end": 0.25,
		"minimumScaleMultiplier": 1
	},
	"color": {
		"start": "#ffffff",
		"end": "#ffffff"
	},
	"speed": {
		"start": 500,
		"end": 0
	},
	"acceleration": {
		"x": 0,
		"y": 3000
	},
	"startRotation": {
		"min": 0,
		"max": 270
	},
	"rotationSpeed": {
		"min": 0,
		"max": 360
	},
	"lifetime": {
		"min": 0.4,
		"max": 0.7
	},
	"blendMode": "normal",
	"frequency": 0.001,
	"emitterLifetime": 0.1,
	"maxParticles": 10,
	"pos": {
		"x": 0,
		"y": 0
	},
	"addAtBack": false,
	"spawnType": "rect",
	"spawnRect": {
		"x": 0,
		"y": 0,
		"w": 400,
		"h": 0
	}
}