{"name":"endless_part_004","layers":[{"name":"bg_objects","depth":-2,"paths":[],"objects":[]},{"name":"tunnel_fill","depth":-1,"paths":[],"objects":[]},{"name":"path","depth":0,"paths":[{"closed":false,"depth":0,"collisions":1,"texFill":"theme_01_fill","texGround":"theme_01_ground","texGroundEdge":"theme_01_ground_edge","texWall":"theme_01_wall","texFillPadding":1024,"texFillSize":256,"texGroundSize":384,"texGroundDelta":0.1,"texWallSize":64,"texWallDelta":0.1,"texWallAngle":31,"texGroundEdgeSide":"none","data":"","points":[{"x":0,"y":0},{"x":128,"y":0},{"x":576,"y":-240},{"x":688,"y":-240},{"x":1040,"y":-240},{"x":1040,"y":-384},{"x":1392,"y":-384},{"x":1568,"y":-384},{"x":1568,"y":-400},{"x":1760,"y":-400},{"x":1920,"y":-400},{"x":2512,"y":0},{"x":2672,"y":0}],"bounds":[0,2672]}],"objects":[]},{"name":"obstacles","depth":1,"paths":[],"objects":[{"id":"snowman_01_00","texture":"theme_01_snowman_00","anchor":{"x":0.5,"y":1},"scale":{"x":1,"y":1},"rotation":0,"depth":0,"data":"","position":{"x":1577,"y":-396}}]},{"name":"pickups","depth":2,"paths":[],"objects":[{"id":"coin","texture":"ui_icon_gameplay_snowflake","anchor":{"x":0.5,"y":0.5},"scale":{"x":1,"y":1},"rotation":0,"depth":0,"data":"","position":{"x":590,"y":-386}},{"id":"coin","texture":"ui_icon_gameplay_snowflake","anchor":{"x":0.5,"y":0.5},"scale":{"x":1,"y":1},"rotation":0,"depth":0,"data":"","position":{"x":997,"y":-483}},{"id":"coin","texture":"ui_icon_gameplay_snowflake","anchor":{"x":0.5,"y":0.5},"scale":{"x":1,"y":1},"rotation":0,"depth":0,"data":"","position":{"x":1304,"y":-604}},{"id":"coin","texture":"ui_icon_gameplay_snowflake","anchor":{"x":0.5,"y":0.5},"scale":{"x":1,"y":1},"rotation":0,"depth":0,"data":"","position":{"x":1817,"y":-573}},{"id":"coin","texture":"ui_icon_gameplay_snowflake","anchor":{"x":0.5,"y":0.5},"scale":{"x":1,"y":1},"rotation":0,"depth":0,"data":"","position":{"x":2187,"y":-426}},{"id":"coin","texture":"ui_icon_gameplay_snowflake","anchor":{"x":0.5,"y":0.5},"scale":{"x":1,"y":1},"rotation":0,"depth":0,"data":"","position":{"x":2506,"y":-224}},{"id":"coin","texture":"ui_icon_gameplay_snowflake","anchor":{"x":0.5,"y":0.5},"scale":{"x":1,"y":1},"rotation":0,"depth":0,"data":"","position":{"x":1562,"y":-712}}]},{"name":"fg_objects","depth":10,"paths":[],"objects":[]}],"length":0}