{"name":"endless_part_006","layers":[{"name":"bg_objects","depth":-2,"paths":[],"objects":[{"id":"forest_01_00","texture":"theme_01_forest_00","anchor":{"x":0.5,"y":1},"scale":{"x":1,"y":1},"rotation":0,"depth":0,"data":"","position":{"x":4239,"y":-1052}}]},{"name":"tunnel_fill","depth":-1,"paths":[],"objects":[]},{"name":"path","depth":0,"paths":[{"closed":false,"depth":0,"collisions":1,"texFill":"theme_01_fill","texGround":"theme_01_ground","texGroundEdge":"theme_01_ground_edge","texWall":"theme_01_wall","texFillPadding":512,"texFillSize":256,"texGroundSize":384,"texGroundDelta":0.1,"texWallSize":240,"texWallDelta":0.1,"texWallAngle":31,"texGroundEdgeSide":"right","data":"","points":[{"x":0,"y":0},{"x":128,"y":0},{"x":576,"y":-240},{"x":688,"y":-240},{"x":1040,"y":-240},{"x":1056,"y":-384},{"x":1408,"y":-384},{"x":1408,"y":-304},{"x":1376,"y":944},{"x":1376,"y":864}],"bounds":[0,1408]},{"closed":false,"depth":0,"collisions":1,"texFill":"theme_01_fill","texGround":"theme_01_ground","texGroundEdge":"theme_01_ground_edge","texWall":"theme_01_wall","texFillPadding":448,"texFillSize":256,"texGroundSize":320,"texGroundDelta":0.1,"texWallSize":336,"texWallDelta":0.1,"texWallAngle":70,"texGroundEdgeSide":"","data":"","points":[{"x":1664,"y":864},{"x":1648,"y":656},{"x":1728,"y":-272},{"x":1632,"y":-416},{"x":1712,"y":-480},{"x":1872,"y":-560},{"x":2080,"y":-560},{"x":2320,"y":-560},{"x":2336,"y":-736},{"x":2496,"y":-736},{"x":2672,"y":-736},{"x":2752,"y":-880},{"x":2912,"y":-880},{"x":3040,"y":-880},{"x":3040,"y":-976},{"x":3184,"y":-976},{"x":3328,"y":-976},{"x":3376,"y":-1040},{"x":3472,"y":-1040},{"x":3536,"y":-1040},{"x":3648,"y":-1056},{"x":3728,"y":-1056},{"x":3728,"y":-992},{"x":3648,"y":496},{"x":3648,"y":528}],"bounds":[1632,3728]},{"closed":true,"depth":0,"collisions":1,"texFill":"theme_01_fill","texGround":"theme_01_ground","texGroundEdge":"theme_01_ground_edge","texWall":"theme_01_wall","texFillPadding":512,"texFillSize":256,"texGroundSize":240,"texGroundDelta":0.1,"texWallSize":160,"texWallDelta":0.1,"texWallAngle":70,"texGroundEdgeSide":"","data":"","points":[{"x":3984,"y":-1056},{"x":4224,"y":-1056},{"x":4256,"y":-1056},{"x":4480,"y":-1056},{"x":4480,"y":-992},{"x":4480,"y":-768},{"x":4448,"y":-768},{"x":4384,"y":-736},{"x":4384,"y":-704},{"x":4336,"y":-704},{"x":4256,"y":-704},{"x":4240,"y":-704},{"x":4160,"y":-704},{"x":4128,"y":-704},{"x":4080,"y":-816},{"x":4016,"y":-896},{"x":4000,"y":-960},{"x":3984,"y":-1024},{"x":3984,"y":-1056}],"bounds":[3984,4480]},{"closed":false,"depth":0,"collisions":1,"texFill":"theme_01_fill","texGround":"theme_01_ground","texGroundEdge":"theme_01_ground_edge","texWall":"theme_01_wall","texFillPadding":512,"texFillSize":256,"texGroundSize":384,"texGroundDelta":0.1,"texWallSize":272,"texWallDelta":0.1,"texWallAngle":70,"texGroundEdgeSide":"left","data":"","points":[{"x":4592,"y":736},{"x":4608,"y":544},{"x":4560,"y":-464},{"x":4576,"y":-608},{"x":4912,"y":-608},{"x":5120,"y":-64},{"x":5328,"y":-64},{"x":5456,"y":-64},{"x":5680,"y":-64},{"x":5808,"y":-64}],"bounds":[4560,5808]}],"objects":[]},{"name":"obstacles","depth":1,"paths":[],"objects":[{"id":"snowball","texture":"ingame_obstacle_snowball_1","anchor":{"x":0.5,"y":0.5},"scale":{"x":0.5,"y":0.5},"rotation":0,"depth":0,"data":"","position":{"x":2640,"y":-1005}},{"id":"snowball","texture":"ingame_obstacle_snowball_1","anchor":{"x":0.5,"y":0.5},"scale":{"x":0.5,"y":0.5},"rotation":0,"depth":0,"data":"","position":{"x":3106,"y":-1131}},{"id":"snowball","texture":"ingame_obstacle_snowball_1","anchor":{"x":0.5,"y":0.5},"scale":{"x":0.5,"y":0.5},"rotation":0,"depth":0,"data":"","position":{"x":3558,"y":-1221}}]},{"name":"pickups","depth":2,"paths":[],"objects":[{"id":"coin","texture":"ui_icon_gameplay_snowflake","anchor":{"x":0.5,"y":0.5},"scale":{"x":1,"y":1},"rotation":0,"depth":0,"data":"","position":{"x":696,"y":-405}},{"id":"coin","texture":"ui_icon_gameplay_snowflake","anchor":{"x":0.5,"y":0.5},"scale":{"x":1,"y":1},"rotation":0,"depth":0,"data":"","position":{"x":4328,"y":-1163}},{"id":"coin","texture":"ui_icon_gameplay_snowflake","anchor":{"x":0.5,"y":0.5},"scale":{"x":1,"y":1},"rotation":0,"depth":0,"data":"","position":{"x":949,"y":-446}},{"id":"coin","texture":"ui_icon_gameplay_snowflake","anchor":{"x":0.5,"y":0.5},"scale":{"x":1,"y":1},"rotation":0,"depth":0,"data":"","position":{"x":1255,"y":-510}},{"id":"coin","texture":"ui_icon_gameplay_snowflake","anchor":{"x":0.5,"y":0.5},"scale":{"x":1,"y":1},"rotation":0,"depth":0,"data":"","position":{"x":1347,"y":-642}},{"id":"coin","texture":"ui_icon_gameplay_snowflake","anchor":{"x":0.5,"y":0.5},"scale":{"x":1,"y":1},"rotation":0,"depth":0,"data":"","position":{"x":1473,"y":-716}},{"id":"coin","texture":"ui_icon_gameplay_snowflake","anchor":{"x":0.5,"y":0.5},"scale":{"x":1,"y":1},"rotation":0,"depth":0,"data":"","position":{"x":1629,"y":-680}},{"id":"coin","texture":"ui_icon_gameplay_snowflake","anchor":{"x":0.5,"y":0.5},"scale":{"x":1,"y":1},"rotation":0,"depth":0,"data":"","position":{"x":1747,"y":-617}},{"id":"coin","texture":"ui_icon_gameplay_snowflake","anchor":{"x":0.5,"y":0.5},"scale":{"x":1,"y":1},"rotation":0,"depth":0,"data":"","position":{"x":4125,"y":-1157}},{"id":"coin","texture":"ui_icon_gameplay_snowflake","anchor":{"x":0.5,"y":0.5},"scale":{"x":1,"y":1},"rotation":0,"depth":0,"data":"","position":{"x":448,"y":-320}},{"id":"coin","texture":"ui_icon_gameplay_snowflake","anchor":{"x":0.5,"y":0.5},"scale":{"x":1,"y":1},"rotation":0,"depth":0,"data":"","position":{"x":4227,"y":-1264}},{"id":"coin","texture":"ui_icon_gameplay_snowflake","anchor":{"x":0.5,"y":0.5},"scale":{"x":1,"y":1},"rotation":0,"depth":0,"data":"","position":{"x":4589,"y":-1138}},{"id":"coin","texture":"ui_icon_gameplay_snowflake","anchor":{"x":0.5,"y":0.5},"scale":{"x":1,"y":1},"rotation":0,"depth":0,"data":"","position":{"x":4712,"y":-1043}},{"id":"coin","texture":"ui_icon_gameplay_snowflake","anchor":{"x":0.5,"y":0.5},"scale":{"x":1,"y":1},"rotation":0,"depth":0,"data":"","position":{"x":4767,"y":-891}},{"id":"coin","texture":"ui_icon_gameplay_snowflake","anchor":{"x":0.5,"y":0.5},"scale":{"x":1,"y":1},"rotation":0,"depth":0,"data":"","position":{"x":4809,"y":-680}},{"id":"coin","texture":"ui_icon_gameplay_snowflake","anchor":{"x":0.5,"y":0.5},"scale":{"x":1,"y":1},"rotation":0,"depth":0,"data":"","position":{"x":4992,"y":-527}},{"id":"coin","texture":"ui_icon_gameplay_snowflake","anchor":{"x":0.5,"y":0.5},"scale":{"x":1,"y":1},"rotation":0,"depth":0,"data":"","position":{"x":5152,"y":-353}},{"id":"coin","texture":"ui_icon_gameplay_snowflake","anchor":{"x":0.5,"y":0.5},"scale":{"x":1,"y":1},"rotation":0,"depth":0,"data":"","position":{"x":5338,"y":-208}}]},{"name":"fg_objects","depth":10,"paths":[],"objects":[{"id":"level_gameover","texture":"level_gameover","anchor":{"x":0.5,"y":0.5},"scale":{"x":7,"y":7},"rotation":14,"depth":0,"data":"","position":{"x":4076,"y":-94}},{"id":"level_gameover","texture":"level_gameover","anchor":{"x":0.5,"y":0.5},"scale":{"x":2.8,"y":2.8},"rotation":0,"depth":0,"data":"","position":{"x":1532,"y":-73}}]}],"length":0}