{"name":"New level","layers":[{"name":"path","depth":0,"paths":[{"closed":false,"depth":0,"collisions":1,"texFill":"theme_01_fill","texGround":"theme_01_ground","texGroundEdge":"theme_01_ground_edge","texWall":"theme_01_wall","texFillPadding":896,"texFillSize":256,"texGroundSize":384,"texGroundDelta":0.1,"texWallSize":64,"texWallDelta":0.1,"texWallAngle":70,"texGroundEdgeSide":"none","data":"","points":[{"x":0,"y":0},{"x":16,"y":0},{"x":112,"y":0},{"x":144,"y":0},{"x":416,"y":0},{"x":432,"y":-160},{"x":624,"y":-160},{"x":736,"y":-160},{"x":784,"y":-368},{"x":1056,"y":-368},{"x":1344,"y":-368},{"x":1456,"y":-96},{"x":1488,"y":-96},{"x":1616,"y":-32},{"x":1792,"y":-64},{"x":1888,"y":-64},{"x":2176,"y":-64},{"x":2352,"y":128},{"x":2624,"y":128}],"bounds":[0,2624]}],"objects":[{"id":"coin","texture":"ui_icon_gameplay_snowflake","anchor":{"x":0.5,"y":0.5},"scale":{"x":1,"y":1},"rotation":0,"depth":0,"data":"","position":{"x":386,"y":-251}},{"id":"coin","texture":"ui_icon_gameplay_snowflake","anchor":{"x":0.5,"y":0.5},"scale":{"x":1,"y":1},"rotation":0,"depth":0,"data":"","position":{"x":625,"y":-369}},{"id":"coin","texture":"ui_icon_gameplay_snowflake","anchor":{"x":0.5,"y":0.5},"scale":{"x":1,"y":1},"rotation":0,"depth":0,"data":"","position":{"x":847,"y":-474}},{"id":"coin","texture":"ui_icon_gameplay_snowflake","anchor":{"x":0.5,"y":0.5},"scale":{"x":1,"y":1},"rotation":0,"depth":0,"data":"","position":{"x":1258,"y":-472}},{"id":"coin","texture":"ui_icon_gameplay_snowflake","anchor":{"x":0.5,"y":0.5},"scale":{"x":1,"y":1},"rotation":0,"depth":0,"data":"","position":{"x":1612,"y":-237}},{"id":"sven","texture":"sven","anchor":{"x":0.5,"y":1},"scale":{"x":1,"y":1},"rotation":0,"depth":0,"data":"","position":{"x":1080,"y":-356}},{"id":"coin","texture":"ui_icon_gameplay_snowflake","anchor":{"x":0.5,"y":0.5},"scale":{"x":1,"y":1},"rotation":0,"depth":0,"data":"","position":{"x":1958,"y":-206}},{"id":"coin","texture":"ui_icon_gameplay_snowflake","anchor":{"x":0.5,"y":0.5},"scale":{"x":1,"y":1},"rotation":0,"depth":0,"data":"","position":{"x":2252,"y":-129}}]}],"length":0}