{"name":"endless_part_022","layers":[{"name":"bg_objects","depth":-2,"paths":[],"objects":[{"id":"tree_03_08","texture":"theme_03_tree_08","anchor":{"x":0.5,"y":1},"scale":{"x":1,"y":1},"rotation":0,"depth":0,"data":"","position":{"x":6377,"y":-1551}},{"id":"tree_01_04","texture":"theme_01_tree_04","anchor":{"x":0.5,"y":1},"scale":{"x":1,"y":1},"rotation":0,"depth":0,"data":"","position":{"x":2010,"y":-382}},{"id":"forest_01_00","texture":"theme_01_forest_00","anchor":{"x":0.5,"y":1},"scale":{"x":1,"y":1},"rotation":0,"depth":0,"data":"","position":{"x":8230,"y":-343}},{"id":"tree_01_08","texture":"theme_01_tree_08","anchor":{"x":0.5,"y":1},"scale":{"x":1,"y":1},"rotation":0,"depth":0,"data":"","position":{"x":7773,"y":-318}},{"id":"tree_01_05","texture":"theme_01_tree_05","anchor":{"x":0.5,"y":1},"scale":{"x":1,"y":1},"rotation":0,"depth":0,"data":"","position":{"x":220,"y":2}},{"id":"forest_01_00","texture":"theme_01_forest_00","anchor":{"x":0.5,"y":1},"scale":{"x":1,"y":1},"rotation":-6,"depth":0,"data":"","position":{"x":9868,"y":-522}},{"id":"forest_01_00","texture":"theme_01_forest_00","anchor":{"x":0.5,"y":1},"scale":{"x":1,"y":1},"rotation":0,"depth":0,"data":"","position":{"x":6071,"y":-1535}},{"id":"tree_01_00","texture":"theme_01_tree_00","anchor":{"x":0.5,"y":1},"scale":{"x":1,"y":1},"rotation":0,"depth":0,"data":"","position":{"x":98,"y":-13}},{"id":"tree_01_03","texture":"theme_01_tree_03","anchor":{"x":0.5,"y":1},"scale":{"x":1,"y":1},"rotation":0,"depth":0,"data":"","position":{"x":2972,"y":-823}},{"id":"tree_01_09","texture":"theme_01_tree_09","anchor":{"x":0.5,"y":1},"scale":{"x":1,"y":1},"rotation":0,"depth":0,"data":"","position":{"x":2844,"y":-723}},{"id":"rock_01_02","texture":"theme_01_rock_02","anchor":{"x":0.5,"y":1},"scale":{"x":1,"y":1},"rotation":-6,"depth":-5,"data":"","position":{"x":9608,"y":-497}},{"id":"tree_01_03","texture":"theme_01_tree_03","anchor":{"x":0.5,"y":1},"scale":{"x":1,"y":1},"rotation":0,"depth":-2,"data":"","position":{"x":9412,"y":-473}},{"id":"tree_01_02","texture":"theme_01_tree_02","anchor":{"x":0.5,"y":1},"scale":{"x":1,"y":1},"rotation":0,"depth":0,"data":"","position":{"x":367,"y":-10}}]},{"name":"tunnel_fill","depth":-1,"paths":[{"closed":false,"depth":0,"collisions":0,"texFill":"theme_02_fill","texGround":"","texGroundEdge":"","texWall":"theme_02_wall","texFillPadding":128,"texFillSize":256,"texGroundSize":160,"texGroundDelta":0.1,"texWallSize":160,"texWallDelta":0.1,"texWallAngle":0,"texGroundEdgeSide":"","data":"","points":[{"x":4320,"y":-1424},{"x":4496,"y":-1424},{"x":4496,"y":-1472},{"x":4672,"y":-1472},{"x":5744,"y":-1472},{"x":5792,"y":-816},{"x":6864,"y":-816},{"x":6704,"y":-576},{"x":6864,"y":-336},{"x":6960,"y":-336}],"bounds":[4320,6960]}],"objects":[]},{"name":"path","depth":0,"paths":[{"closed":false,"depth":0,"collisions":1,"texFill":"theme_01_fill","texGround":"theme_01_ground","texGroundEdge":"theme_01_ground_edge","texWall":"theme_01_wall","texFillPadding":128,"texFillSize":256,"texGroundSize":384,"texGroundDelta":0.1,"texWallSize":160,"texWallDelta":0.1,"texWallAngle":70,"texGroundEdgeSide":"right","data":"","points":[{"x":0,"y":0},{"x":256,"y":0},{"x":256,"y":-16},{"x":512,"y":-16},{"x":576,"y":-16},{"x":592,"y":-16},{"x":688,"y":-16},{"x":688,"y":48},{"x":688,"y":720},{"x":688,"y":816}],"bounds":[0,688]},{"closed":true,"depth":0,"collisions":1,"texFill":"theme_01_fill","texGround":"theme_01_ground","texGroundEdge":"theme_01_ground_edge","texWall":"theme_01_wall","texFillPadding":768,"texFillSize":256,"texGroundSize":384,"texGroundDelta":0.1,"texWallSize":32,"texWallDelta":0.1,"texWallAngle":31,"texGroundEdgeSide":"","data":"","points":[{"x":992,"y":-32},{"x":1744,"y":-144},{"x":4176,"y":-1488},{"x":4400,"y":-1488},{"x":4416,"y":-1488},{"x":4416,"y":-240},{"x":4432,"y":-240},{"x":5552,"y":-240},{"x":6848,"y":-528},{"x":7200,"y":-304},{"x":6976,"y":176},{"x":6704,"y":1456},{"x":6672,"y":1456},{"x":5328,"y":1456},{"x":1952,"y":1328},{"x":1216,"y":1328},{"x":1232,"y":1328},{"x":1008,"y":80},{"x":992,"y":-32}],"bounds":[992,7200]},{"closed":false,"depth":-2,"collisions":1,"texFill":"theme_01_fill","texGround":"theme_01_ground","texGroundEdge":"theme_01_ground_edge","texWall":"theme_01_wall","texFillPadding":64,"texFillSize":256,"texGroundSize":224,"texGroundDelta":0.1,"texWallSize":160,"texWallDelta":0.1,"texWallAngle":70,"texGroundEdgeSide":"","data":"{\"shrinkPath\":true,\"hidden\":false}","points":[{"x":4400,"y":-1488},{"x":4608,"y":-1504},{"x":4400,"y":-1488},{"x":4592,"y":-1504}],"bounds":[4400,4608]},{"closed":true,"depth":0,"collisions":1,"texFill":"theme_01_fill","texGround":"theme_01_ground","texGroundEdge":"theme_01_ground_edge","texWall":"theme_01_wall","texFillPadding":512,"texFillSize":256,"texGroundSize":384,"texGroundDelta":0.1,"texWallSize":160,"texWallDelta":0.1,"texWallAngle":70,"texGroundEdgeSide":"","data":"","points":[{"x":4592,"y":-1504},{"x":5632,"y":-1504},{"x":6112,"y":-1552},{"x":7136,"y":-1552},{"x":7120,"y":-1552},{"x":6848,"y":-800},{"x":6896,"y":-752},{"x":6400,"y":-752},{"x":6096,"y":-544},{"x":5600,"y":-544},{"x":5152,"y":-544},{"x":5280,"y":-640},{"x":4816,"y":-640},{"x":4736,"y":-640},{"x":4656,"y":-1472},{"x":4576,"y":-1472},{"x":4592,"y":-1504},{"x":4592,"y":-1504},{"x":4592,"y":-1504}],"bounds":[4576,7136]},{"closed":false,"depth":0,"collisions":1,"texFill":"theme_01_fill","texGround":"theme_01_ground","texGroundEdge":"theme_01_ground_edge","texWall":"theme_01_wall","texFillPadding":960,"texFillSize":256,"texGroundSize":384,"texGroundDelta":0.1,"texWallSize":288,"texWallDelta":0.1,"texWallAngle":70,"texGroundEdgeSide":"left","data":"","points":[{"x":7472,"y":1152},{"x":7488,"y":912},{"x":7488,"y":-224},{"x":7488,"y":-320},{"x":8976,"y":-320},{"x":9600,"y":-560},{"x":10448,"y":-560},{"x":11328,"y":-560},{"x":11568,"y":672},{"x":12448,"y":672},{"x":12656,"y":672},{"x":13680,"y":1216},{"x":13888,"y":1216}],"bounds":[7472,13888]}],"objects":[{"id":"level_gameover","texture":"level_gameover","anchor":{"x":0.5,"y":0.5},"scale":{"x":5,"y":5},"rotation":0,"depth":0,"data":"","position":{"x":7284,"y":310}},{"id":"level_gameover","texture":"level_gameover","anchor":{"x":0.5,"y":0.5},"scale":{"x":5,"y":5},"rotation":0,"depth":0,"data":"","position":{"x":865,"y":371}}]},{"name":"obstacles","depth":1,"paths":[],"objects":[{"id":"barrel_01_00","texture":"theme_01_barrel_00","anchor":{"x":0.5,"y":1},"scale":{"x":1,"y":1},"rotation":0,"depth":0,"data":"","position":{"x":5103,"y":-1516}},{"id":"barrel_01_00","texture":"theme_01_barrel_00","anchor":{"x":0.5,"y":1},"scale":{"x":1,"y":1},"rotation":0,"depth":0,"data":"","position":{"x":5184,"y":-1516}},{"id":"barrel_01_00","texture":"theme_01_barrel_00","anchor":{"x":0.5,"y":1},"scale":{"x":1,"y":1},"rotation":0,"depth":0,"data":"","position":{"x":5143,"y":-1577}},{"id":"wood_03_00","texture":"theme_03_wood_00","anchor":{"x":0.5,"y":1},"scale":{"x":1,"y":1},"rotation":0,"depth":0,"data":"","position":{"x":8690,"y":-382}},{"id":"wood_03_00","texture":"theme_03_wood_00","anchor":{"x":0.5,"y":1},"scale":{"x":1,"y":1},"rotation":0,"depth":0,"data":"","position":{"x":8790,"y":-385}},{"id":"wood_03_00","texture":"theme_03_wood_00","anchor":{"x":0.5,"y":1},"scale":{"x":1,"y":1},"rotation":0,"depth":0,"data":"","position":{"x":8746,"y":-447}}]},{"name":"pickups","depth":2,"paths":[],"objects":[{"id":"coin","texture":"ui_icon_gameplay_snowflake","anchor":{"x":0.5,"y":0.5},"scale":{"x":1,"y":1},"rotation":0,"depth":0,"data":"","position":{"x":8804,"y":-640}},{"id":"coin","texture":"ui_icon_gameplay_snowflake","anchor":{"x":0.5,"y":0.5},"scale":{"x":1,"y":1},"rotation":0,"depth":0,"data":"","position":{"x":4592,"y":-792}},{"id":"coin","texture":"ui_icon_gameplay_snowflake","anchor":{"x":0.5,"y":0.5},"scale":{"x":1,"y":1},"rotation":0,"depth":0,"data":"","position":{"x":4697,"y":-463}},{"id":"coin","texture":"ui_icon_gameplay_snowflake","anchor":{"x":0.5,"y":0.5},"scale":{"x":1,"y":1},"rotation":0,"depth":0,"data":"","position":{"x":5020,"y":-448}},{"id":"coin","texture":"ui_icon_gameplay_snowflake","anchor":{"x":0.5,"y":0.5},"scale":{"x":1,"y":1},"rotation":0,"depth":0,"data":"","position":{"x":5453,"y":-448}},{"id":"coin","texture":"ui_icon_gameplay_snowflake","anchor":{"x":0.5,"y":0.5},"scale":{"x":1,"y":1},"rotation":0,"depth":0,"data":"","position":{"x":5860,"y":-466}},{"id":"coin","texture":"ui_icon_gameplay_snowflake","anchor":{"x":0.5,"y":0.5},"scale":{"x":1,"y":1},"rotation":0,"depth":0,"data":"","position":{"x":6344,"y":-571}},{"id":"coin","texture":"ui_icon_gameplay_snowflake","anchor":{"x":0.5,"y":0.5},"scale":{"x":1,"y":1},"rotation":0,"depth":0,"data":"","position":{"x":6972,"y":-547}},{"id":"coin","texture":"ui_icon_gameplay_snowflake","anchor":{"x":0.5,"y":0.5},"scale":{"x":1,"y":1},"rotation":0,"depth":0,"data":"","position":{"x":7316,"y":-693}},{"id":"coin","texture":"ui_icon_gameplay_snowflake","anchor":{"x":0.5,"y":0.5},"scale":{"x":1,"y":1},"rotation":0,"depth":0,"data":"","position":{"x":7642,"y":-556}},{"id":"coin","texture":"ui_icon_gameplay_snowflake","anchor":{"x":0.5,"y":0.5},"scale":{"x":1,"y":1},"rotation":0,"depth":0,"data":"","position":{"x":4937,"y":-1652}},{"id":"coin","texture":"ui_icon_gameplay_snowflake","anchor":{"x":0.5,"y":0.5},"scale":{"x":1,"y":1},"rotation":0,"depth":0,"data":"","position":{"x":5197,"y":-1770}},{"id":"coin","texture":"ui_icon_gameplay_snowflake","anchor":{"x":0.5,"y":0.5},"scale":{"x":1,"y":1},"rotation":0,"depth":0,"data":"","position":{"x":5334,"y":-1648}},{"id":"coin","texture":"ui_icon_gameplay_snowflake","anchor":{"x":0.5,"y":0.5},"scale":{"x":1,"y":1},"rotation":0,"depth":0,"data":"","position":{"x":4565,"y":-1091}},{"id":"coin","texture":"ui_icon_gameplay_snowflake","anchor":{"x":0.5,"y":0.5},"scale":{"x":1,"y":1},"rotation":0,"depth":0,"data":"","position":{"x":8558,"y":-532}},{"id":"coin","texture":"ui_icon_gameplay_snowflake","anchor":{"x":0.5,"y":0.5},"scale":{"x":1,"y":1},"rotation":0,"depth":0,"data":"","position":{"x":8936,"y":-551}},{"id":"coin","texture":"ui_icon_gameplay_snowflake","anchor":{"x":0.5,"y":0.5},"scale":{"x":1,"y":1},"rotation":0,"depth":0,"data":"","position":{"x":8656,"y":-628}},{"id":"coin","texture":"ui_icon_gameplay_snowflake","anchor":{"x":0.5,"y":0.5},"scale":{"x":1,"y":1},"rotation":0,"depth":0,"data":"","position":{"x":1598,"y":-319}},{"id":"coin","texture":"ui_icon_gameplay_snowflake","anchor":{"x":0.5,"y":0.5},"scale":{"x":1,"y":1},"rotation":0,"depth":0,"data":"","position":{"x":1757,"y":-377}},{"id":"coin","texture":"ui_icon_gameplay_snowflake","anchor":{"x":0.5,"y":0.5},"scale":{"x":1,"y":1},"rotation":0,"depth":0,"data":"","position":{"x":2257,"y":-605}},{"id":"coin","texture":"ui_icon_gameplay_snowflake","anchor":{"x":0.5,"y":0.5},"scale":{"x":1,"y":1},"rotation":0,"depth":0,"data":"","position":{"x":2455,"y":-698}},{"id":"coin","texture":"ui_icon_gameplay_snowflake","anchor":{"x":0.5,"y":0.5},"scale":{"x":1,"y":1},"rotation":0,"depth":0,"data":"","position":{"x":2634,"y":-778}},{"id":"coin","texture":"ui_icon_gameplay_snowflake","anchor":{"x":0.5,"y":0.5},"scale":{"x":1,"y":1},"rotation":0,"depth":0,"data":"","position":{"x":3206,"y":-1076}},{"id":"coin","texture":"ui_icon_gameplay_snowflake","anchor":{"x":0.5,"y":0.5},"scale":{"x":1,"y":1},"rotation":0,"depth":0,"data":"","position":{"x":3428,"y":-1178}},{"id":"coin","texture":"ui_icon_gameplay_snowflake","anchor":{"x":0.5,"y":0.5},"scale":{"x":1,"y":1},"rotation":0,"depth":0,"data":"","position":{"x":3630,"y":-1264}},{"id":"coin","texture":"ui_icon_gameplay_snowflake","anchor":{"x":0.5,"y":0.5},"scale":{"x":1,"y":1},"rotation":0,"depth":0,"data":"","position":{"x":626,"y":-159}},{"id":"coin","texture":"ui_icon_gameplay_snowflake","anchor":{"x":0.5,"y":0.5},"scale":{"x":1,"y":1},"rotation":0,"depth":0,"data":"","position":{"x":835,"y":-246}},{"id":"coin","texture":"ui_icon_gameplay_snowflake","anchor":{"x":0.5,"y":0.5},"scale":{"x":1,"y":1},"rotation":0,"depth":0,"data":"","position":{"x":1038,"y":-139}},{"id":"coin","texture":"ui_icon_gameplay_snowflake","anchor":{"x":0.5,"y":0.5},"scale":{"x":1,"y":1},"rotation":0,"depth":0,"data":"","position":{"x":1431,"y":-248}},{"id":"coin","texture":"ui_icon_gameplay_snowflake","anchor":{"x":0.5,"y":0.5},"scale":{"x":1,"y":1},"rotation":0,"depth":0,"data":"","position":{"x":11107,"y":-497}},{"id":"coin","texture":"ui_icon_gameplay_snowflake","anchor":{"x":0.5,"y":0.5},"scale":{"x":1,"y":1},"rotation":0,"depth":0,"data":"","position":{"x":11345,"y":-304}},{"id":"coin","texture":"ui_icon_gameplay_snowflake","anchor":{"x":0.5,"y":0.5},"scale":{"x":1,"y":1},"rotation":0,"depth":0,"data":"","position":{"x":11600,"y":-52}},{"id":"coin","texture":"ui_icon_gameplay_snowflake","anchor":{"x":0.5,"y":0.5},"scale":{"x":1,"y":1},"rotation":0,"depth":0,"data":"","position":{"x":11883,"y":158}},{"id":"coin","texture":"ui_icon_gameplay_snowflake","anchor":{"x":0.5,"y":0.5},"scale":{"x":1,"y":1},"rotation":0,"depth":0,"data":"","position":{"x":12179,"y":401}},{"id":"coin","texture":"ui_icon_gameplay_snowflake","anchor":{"x":0.5,"y":0.5},"scale":{"x":1,"y":1},"rotation":0,"depth":0,"data":"","position":{"x":12475,"y":499}},{"id":"coin","texture":"ui_icon_gameplay_snowflake","anchor":{"x":0.5,"y":0.5},"scale":{"x":1,"y":1},"rotation":0,"depth":0,"data":"","position":{"x":12843,"y":656}},{"id":"coin","texture":"ui_icon_gameplay_snowflake","anchor":{"x":0.5,"y":0.5},"scale":{"x":1,"y":1},"rotation":0,"depth":0,"data":"","position":{"x":13175,"y":777}},{"id":"coin","texture":"ui_icon_gameplay_snowflake","anchor":{"x":0.5,"y":0.5},"scale":{"x":1,"y":1},"rotation":0,"depth":0,"data":"","position":{"x":13529,"y":899}},{"id":"coin","texture":"ui_icon_gameplay_snowflake","anchor":{"x":0.5,"y":0.5},"scale":{"x":1,"y":1},"rotation":0,"depth":0,"data":"","position":{"x":5030,"y":-1757}}]},{"name":"fg_objects","depth":10,"paths":[],"objects":[{"id":"icicle_01_00","texture":"theme_01_icicle_00","anchor":{"x":0.5,"y":0},"scale":{"x":1,"y":1},"rotation":0,"depth":0,"data":"","position":{"x":6663,"y":-749}},{"id":"icicle_01_00","texture":"theme_01_icicle_00","anchor":{"x":0.5,"y":0},"scale":{"x":1,"y":1},"rotation":0,"depth":0,"data":"","position":{"x":5012,"y":-645}},{"id":"icicle_01_00","texture":"theme_01_icicle_00","anchor":{"x":0.5,"y":0},"scale":{"x":1,"y":1},"rotation":0,"depth":0,"data":"","position":{"x":4937,"y":-651}},{"id":"tree_01_07","texture":"theme_01_tree_07","anchor":{"x":0.5,"y":1},"scale":{"x":1,"y":1},"rotation":0,"depth":0,"data":"","position":{"x":7996,"y":-266}},{"id":"tree_01_08","texture":"theme_01_tree_08","anchor":{"x":0.5,"y":1},"scale":{"x":1,"y":1},"rotation":0,"depth":0,"data":"","position":{"x":9232,"y":-392}}]}],"length":0}