{"name":"endless_part_013","layers":[{"name":"bg_objects","depth":-2,"paths":[],"objects":[{"id":"forest_01_00","texture":"theme_01_forest_00","anchor":{"x":0.5,"y":1},"scale":{"x":1,"y":1},"rotation":0,"depth":-5,"data":"","position":{"x":4047,"y":-1141}},{"id":"tree_01_02","texture":"theme_01_tree_02","anchor":{"x":0.5,"y":1},"scale":{"x":1,"y":1},"rotation":0,"depth":0,"data":"","position":{"x":4319,"y":-1139}},{"id":"carriage_01_00","texture":"theme_01_carriage_00","anchor":{"x":0.5,"y":1},"scale":{"x":1,"y":1},"rotation":0,"depth":0,"data":"","position":{"x":4090,"y":-1141}},{"id":"tree_01_04","texture":"theme_01_tree_04","anchor":{"x":0.5,"y":1},"scale":{"x":1,"y":1},"rotation":0,"depth":-2,"data":"","position":{"x":2515,"y":-612}},{"id":"tree_01_04","texture":"theme_01_tree_04","anchor":{"x":0.5,"y":1},"scale":{"x":1,"y":1},"rotation":0,"depth":0,"data":"","position":{"x":2630,"y":-665}},{"id":"forest_01_00","texture":"theme_01_forest_00","anchor":{"x":0.5,"y":1},"scale":{"x":1,"y":1},"rotation":0,"depth":-10,"data":"","position":{"x":3665,"y":242}},{"id":"tree_01_08","texture":"theme_01_tree_08","anchor":{"x":0.5,"y":1},"scale":{"x":1,"y":1},"rotation":0,"depth":0,"data":"","position":{"x":3978,"y":262}},{"id":"forest_01_00","texture":"theme_01_forest_00","anchor":{"x":0.5,"y":1},"scale":{"x":1,"y":1},"rotation":0,"depth":-8,"data":"","position":{"x":5190,"y":-912}},{"id":"tree_01_04","texture":"theme_01_tree_04","anchor":{"x":0.5,"y":1},"scale":{"x":1,"y":1},"rotation":0,"depth":0,"data":"","position":{"x":4944,"y":-902}}]},{"name":"tunnel_fill","depth":-1,"paths":[{"closed":true,"depth":0,"collisions":0,"texFill":"theme_02_fill","texGround":"","texGroundEdge":"","texWall":"theme_02_wall","texFillPadding":512,"texFillSize":256,"texGroundSize":160,"texGroundDelta":0.1,"texWallSize":112,"texWallDelta":0.1,"texWallAngle":0,"texGroundEdgeSide":"","data":"","points":[{"x":1520,"y":-176},{"x":1888,"y":-176},{"x":1888,"y":-448},{"x":2256,"y":-448},{"x":2816,"y":-448},{"x":3488,"y":-368},{"x":3760,"y":-368},{"x":3232,"y":-288},{"x":2896,"y":64},{"x":2912,"y":272},{"x":2512,"y":272},{"x":1824,"y":224},{"x":1440,"y":224},{"x":1584,"y":64},{"x":1536,"y":-160},{"x":1424,"y":-160}],"bounds":[1424,3760]}],"objects":[]},{"name":"path","depth":0,"paths":[{"closed":false,"depth":0,"collisions":1,"texFill":"theme_01_fill","texGround":"theme_01_ground","texGroundEdge":"theme_01_ground_edge","texWall":"theme_01_wall","texFillPadding":1024,"texFillSize":256,"texGroundSize":384,"texGroundDelta":0.1,"texWallSize":320,"texWallDelta":0.1,"texWallAngle":70,"texGroundEdgeSide":"right","data":"","points":[{"x":0,"y":0},{"x":160,"y":0},{"x":240,"y":-16},{"x":480,"y":-16},{"x":560,"y":-16},{"x":624,"y":-16},{"x":720,"y":-16},{"x":752,"y":-16},{"x":2288,"y":288},{"x":2496,"y":288},{"x":2640,"y":288},{"x":2848,"y":256},{"x":2928,"y":256}],"bounds":[0,2928]},{"closed":true,"depth":0,"collisions":1,"texFill":"theme_01_fill","texGround":"theme_01_ground","texGroundEdge":"theme_01_ground_edge","texWall":"theme_01_wall","texFillPadding":512,"texFillSize":256,"texGroundSize":160,"texGroundDelta":0.1,"texWallSize":160,"texWallDelta":0.1,"texWallAngle":70,"texGroundEdgeSide":"","data":"","points":[{"x":1296,"y":-192},{"x":1664,"y":-192},{"x":1904,"y":-576},{"x":2256,"y":-576},{"x":2656,"y":-576},{"x":2704,"y":-880},{"x":3104,"y":-880},{"x":3408,"y":-880},{"x":3440,"y":-1136},{"x":3744,"y":-1136},{"x":4016,"y":-1136},{"x":4112,"y":-1152},{"x":4400,"y":-1152},{"x":4416,"y":-944},{"x":4272,"y":-576},{"x":4208,"y":-448},{"x":4016,"y":-448},{"x":4016,"y":-320},{"x":3824,"y":-320},{"x":3536,"y":-320},{"x":3536,"y":-176},{"x":3232,"y":-176},{"x":2768,"y":-176},{"x":2768,"y":-144},{"x":2320,"y":-144},{"x":1968,"y":-144},{"x":1968,"y":-112},{"x":1600,"y":-112},{"x":1440,"y":-112},{"x":1472,"y":-80},{"x":1312,"y":-80},{"x":1296,"y":-80},{"x":1296,"y":-176},{"x":1296,"y":-192}],"bounds":[1296,4416]},{"closed":true,"depth":0,"collisions":1,"texFill":"theme_01_fill","texGround":"theme_01_ground","texGroundEdge":"theme_01_ground_edge","texWall":"theme_01_wall","texFillPadding":512,"texFillSize":256,"texGroundSize":272,"texGroundDelta":0.1,"texWallSize":160,"texWallDelta":0.1,"texWallAngle":70,"texGroundEdgeSide":"","data":"","points":[{"x":3248,"y":256},{"x":3680,"y":256},{"x":3680,"y":256},{"x":4112,"y":256},{"x":4096,"y":256},{"x":4096,"y":640},{"x":4080,"y":640},{"x":4000,"y":640},{"x":4000,"y":784},{"x":3920,"y":784},{"x":3712,"y":784},{"x":3712,"y":768},{"x":3504,"y":768},{"x":3424,"y":768},{"x":3424,"y":512},{"x":3344,"y":512},{"x":3296,"y":512},{"x":3296,"y":288},{"x":3248,"y":288}],"bounds":[3248,4112]},{"closed":false,"depth":0,"collisions":1,"texFill":"theme_01_fill","texGround":"theme_01_ground","texGroundEdge":"theme_01_ground_edge","texWall":"theme_01_wall","texFillPadding":512,"texFillSize":256,"texGroundSize":384,"texGroundDelta":0.1,"texWallSize":256,"texWallDelta":0.1,"texWallAngle":70,"texGroundEdgeSide":"left","data":"","points":[{"x":4496,"y":992},{"x":4480,"y":768},{"x":4464,"y":208},{"x":4464,"y":192},{"x":4896,"y":192},{"x":4832,"y":-112},{"x":5200,"y":-112},{"x":5456,"y":-112},{"x":5552,"y":-384},{"x":5904,"y":-384},{"x":6272,"y":-384},{"x":6048,"y":-624},{"x":6656,"y":-640}],"bounds":[4464,6656]},{"closed":true,"depth":0,"collisions":1,"texFill":"theme_01_fill","texGround":"theme_01_ground","texGroundEdge":"theme_01_ground_edge","texWall":"theme_01_wall","texFillPadding":512,"texFillSize":256,"texGroundSize":160,"texGroundDelta":0.1,"texWallSize":160,"texWallDelta":0.1,"texWallAngle":70,"texGroundEdgeSide":"","data":"","points":[{"x":4816,"y":-912},{"x":5200,"y":-912},{"x":5200,"y":-912},{"x":5600,"y":-912},{"x":5600,"y":-768},{"x":5424,"y":-720},{"x":5408,"y":-720},{"x":5264,"y":-720},{"x":5296,"y":-640},{"x":5168,"y":-640},{"x":5040,"y":-640},{"x":5008,"y":-656},{"x":4896,"y":-656},{"x":4768,"y":-784},{"x":4832,"y":-912},{"x":4816,"y":-912}],"bounds":[4768,5600]}],"objects":[]},{"name":"obstacles","depth":1,"paths":[],"objects":[{"id":"level_gameover","texture":"level_gameover","anchor":{"x":0.5,"y":0.5},"scale":{"x":6.7,"y":6.7},"rotation":0,"depth":0,"data":"","position":{"x":3177,"y":903}},{"id":"icecube_01_01","texture":"theme_01_ice_cube_01","anchor":{"x":0.5,"y":1},"scale":{"x":1,"y":1},"rotation":0,"depth":0,"data":"","position":{"x":5213,"y":-917}},{"id":"icecube_01_00","texture":"theme_01_ice_cube_00","anchor":{"x":0.5,"y":1},"scale":{"x":1,"y":1},"rotation":0,"depth":0,"data":"","position":{"x":1657,"y":143}},{"id":"icecube_01_00","texture":"theme_01_ice_cube_00","anchor":{"x":0.5,"y":1},"scale":{"x":1,"y":1},"rotation":0,"depth":0,"data":"","position":{"x":1737,"y":162}},{"id":"icecube_01_00","texture":"theme_01_ice_cube_00","anchor":{"x":0.5,"y":1},"scale":{"x":1,"y":1},"rotation":0,"depth":0,"data":"","position":{"x":1713,"y":106}},{"id":"crate_01_00","texture":"theme_01_crate_00","anchor":{"x":0.5,"y":1},"scale":{"x":1,"y":1},"rotation":0,"depth":0,"data":"","position":{"x":2379,"y":277}},{"id":"crate_01_00","texture":"theme_01_crate_00","anchor":{"x":0.5,"y":1},"scale":{"x":1,"y":1},"rotation":0,"depth":0,"data":"","position":{"x":2402,"y":224}},{"id":"wood_01_00","texture":"theme_01_wood_00","anchor":{"x":0.5,"y":1},"scale":{"x":1,"y":1},"rotation":0,"depth":0,"data":"","position":{"x":2296,"y":-570}},{"id":"level_gameover","texture":"level_gameover","anchor":{"x":0.5,"y":0.5},"scale":{"x":7.4,"y":7.4},"rotation":0,"depth":0,"data":"","position":{"x":4054,"y":908}},{"id":"icecube_01_01","texture":"theme_01_ice_cube_01","anchor":{"x":0.5,"y":1},"scale":{"x":1,"y":1},"rotation":0,"depth":0,"data":"","position":{"x":5238,"y":-976}},{"id":"barrel_01_00","texture":"theme_01_barrel_00","anchor":{"x":0.5,"y":1},"scale":{"x":1,"y":1},"rotation":0,"depth":0,"data":"","position":{"x":3754,"y":-1133}},{"id":"barrel_01_00","texture":"theme_01_barrel_00","anchor":{"x":0.5,"y":1},"scale":{"x":1,"y":1},"rotation":0,"depth":0,"data":"","position":{"x":3841,"y":-1137}},{"id":"barrel_01_00","texture":"theme_01_barrel_00","anchor":{"x":0.5,"y":1},"scale":{"x":1,"y":1},"rotation":0,"depth":0,"data":"","position":{"x":3793,"y":-1201}},{"id":"wood_01_00","texture":"theme_01_wood_00","anchor":{"x":0.5,"y":1},"scale":{"x":1,"y":1},"rotation":0,"depth":0,"data":"","position":{"x":3665,"y":248}},{"id":"wood_01_00","texture":"theme_01_wood_00","anchor":{"x":0.5,"y":1},"scale":{"x":1,"y":1},"rotation":0,"depth":0,"data":"","position":{"x":3755,"y":252}},{"id":"wood_01_00","texture":"theme_01_wood_00","anchor":{"x":0.5,"y":1},"scale":{"x":1,"y":1},"rotation":0,"depth":0,"data":"","position":{"x":3719,"y":185}}]},{"name":"pickups","depth":2,"paths":[],"objects":[{"id":"coin","texture":"ui_icon_gameplay_snowflake","anchor":{"x":0.5,"y":0.5},"scale":{"x":1,"y":1},"rotation":0,"depth":0,"data":"","position":{"x":2224,"y":-852}},{"id":"troll_magic","texture":"ingame_troll_magic_00","anchor":{"x":0.5,"y":0.5},"scale":{"x":1,"y":1},"rotation":0,"depth":0,"data":"","position":{"x":854,"y":-122}},{"id":"coin","texture":"ui_icon_gameplay_snowflake","anchor":{"x":0.5,"y":0.5},"scale":{"x":1,"y":1},"rotation":0,"depth":0,"data":"","position":{"x":1497,"y":39}},{"id":"coin","texture":"ui_icon_gameplay_snowflake","anchor":{"x":0.5,"y":0.5},"scale":{"x":1,"y":1},"rotation":0,"depth":0,"data":"","position":{"x":1664,"y":-422}},{"id":"coin","texture":"ui_icon_gameplay_snowflake","anchor":{"x":0.5,"y":0.5},"scale":{"x":1,"y":1},"rotation":0,"depth":0,"data":"","position":{"x":1781,"y":-533}},{"id":"coin","texture":"ui_icon_gameplay_snowflake","anchor":{"x":0.5,"y":0.5},"scale":{"x":1,"y":1},"rotation":0,"depth":0,"data":"","position":{"x":1349,"y":6}},{"id":"coin","texture":"ui_icon_gameplay_snowflake","anchor":{"x":0.5,"y":0.5},"scale":{"x":1,"y":1},"rotation":0,"depth":0,"data":"","position":{"x":1182,"y":-31}},{"id":"coin","texture":"ui_icon_gameplay_snowflake","anchor":{"x":0.5,"y":0.5},"scale":{"x":1,"y":1},"rotation":0,"depth":0,"data":"","position":{"x":2301,"y":-11}},{"id":"coin","texture":"ui_icon_gameplay_snowflake","anchor":{"x":0.5,"y":0.5},"scale":{"x":1,"y":1},"rotation":0,"depth":0,"data":"","position":{"x":2402,"y":-78}},{"id":"coin","texture":"ui_icon_gameplay_snowflake","anchor":{"x":0.5,"y":0.5},"scale":{"x":1,"y":1},"rotation":0,"depth":0,"data":"","position":{"x":2392,"y":54}},{"id":"coin","texture":"ui_icon_gameplay_snowflake","anchor":{"x":0.5,"y":0.5},"scale":{"x":1,"y":1},"rotation":0,"depth":0,"data":"","position":{"x":2483,"y":-4}},{"id":"coin","texture":"ui_icon_gameplay_snowflake","anchor":{"x":0.5,"y":0.5},"scale":{"x":1,"y":1},"rotation":0,"depth":0,"data":"","position":{"x":2887,"y":154}},{"id":"coin","texture":"ui_icon_gameplay_snowflake","anchor":{"x":0.5,"y":0.5},"scale":{"x":1,"y":1},"rotation":0,"depth":0,"data":"","position":{"x":2972,"y":39}},{"id":"coin","texture":"ui_icon_gameplay_snowflake","anchor":{"x":0.5,"y":0.5},"scale":{"x":1,"y":1},"rotation":0,"depth":0,"data":"","position":{"x":3088,"y":-5}},{"id":"coin","texture":"ui_icon_gameplay_snowflake","anchor":{"x":0.5,"y":0.5},"scale":{"x":1,"y":1},"rotation":0,"depth":0,"data":"","position":{"x":3228,"y":48}},{"id":"coin","texture":"ui_icon_gameplay_snowflake","anchor":{"x":0.5,"y":0.5},"scale":{"x":1,"y":1},"rotation":0,"depth":0,"data":"","position":{"x":3319,"y":140}},{"id":"coin","texture":"ui_icon_gameplay_snowflake","anchor":{"x":0.5,"y":0.5},"scale":{"x":1,"y":1},"rotation":0,"depth":0,"data":"","position":{"x":2291,"y":-794}},{"id":"coin","texture":"ui_icon_gameplay_snowflake","anchor":{"x":0.5,"y":0.5},"scale":{"x":1,"y":1},"rotation":0,"depth":0,"data":"","position":{"x":1027,"y":-66}},{"id":"coin","texture":"ui_icon_gameplay_snowflake","anchor":{"x":0.5,"y":0.5},"scale":{"x":1,"y":1},"rotation":0,"depth":0,"data":"","position":{"x":2290,"y":-926}},{"id":"coin","texture":"ui_icon_gameplay_snowflake","anchor":{"x":0.5,"y":0.5},"scale":{"x":1,"y":1},"rotation":0,"depth":0,"data":"","position":{"x":2359,"y":-867}},{"id":"coin","texture":"ui_icon_gameplay_snowflake","anchor":{"x":0.5,"y":0.5},"scale":{"x":1,"y":1},"rotation":0,"depth":0,"data":"","position":{"x":2866,"y":-916}},{"id":"coin","texture":"ui_icon_gameplay_snowflake","anchor":{"x":0.5,"y":0.5},"scale":{"x":1,"y":1},"rotation":0,"depth":0,"data":"","position":{"x":3094,"y":-982}},{"id":"coin","texture":"ui_icon_gameplay_snowflake","anchor":{"x":0.5,"y":0.5},"scale":{"x":1,"y":1},"rotation":0,"depth":0,"data":"","position":{"x":3312,"y":-1071}},{"id":"coin","texture":"ui_icon_gameplay_snowflake","anchor":{"x":0.5,"y":0.5},"scale":{"x":1,"y":1},"rotation":0,"depth":0,"data":"","position":{"x":3788,"y":-1471}},{"id":"coin","texture":"ui_icon_gameplay_snowflake","anchor":{"x":0.5,"y":0.5},"scale":{"x":1,"y":1},"rotation":0,"depth":0,"data":"","position":{"x":3692,"y":-1370}},{"id":"coin","texture":"ui_icon_gameplay_snowflake","anchor":{"x":0.5,"y":0.5},"scale":{"x":1,"y":1},"rotation":0,"depth":0,"data":"","position":{"x":3884,"y":-1373}},{"id":"coin","texture":"ui_icon_gameplay_snowflake","anchor":{"x":0.5,"y":0.5},"scale":{"x":1,"y":1},"rotation":0,"depth":0,"data":"","position":{"x":4910,"y":-1002}},{"id":"coin","texture":"ui_icon_gameplay_snowflake","anchor":{"x":0.5,"y":0.5},"scale":{"x":1,"y":1},"rotation":0,"depth":0,"data":"","position":{"x":5054,"y":-999}},{"id":"coin","texture":"ui_icon_gameplay_snowflake","anchor":{"x":0.5,"y":0.5},"scale":{"x":1,"y":1},"rotation":0,"depth":0,"data":"","position":{"x":4979,"y":-1096}},{"id":"coin","texture":"ui_icon_gameplay_snowflake","anchor":{"x":0.5,"y":0.5},"scale":{"x":1,"y":1},"rotation":0,"depth":0,"data":"","position":{"x":5392,"y":-982}},{"id":"coin","texture":"ui_icon_gameplay_snowflake","anchor":{"x":0.5,"y":0.5},"scale":{"x":1,"y":1},"rotation":0,"depth":0,"data":"","position":{"x":5552,"y":-992}},{"id":"coin","texture":"ui_icon_gameplay_snowflake","anchor":{"x":0.5,"y":0.5},"scale":{"x":1,"y":1},"rotation":0,"depth":0,"data":"","position":{"x":5472,"y":-1072}},{"id":"coin","texture":"ui_icon_gameplay_snowflake","anchor":{"x":0.5,"y":0.5},"scale":{"x":1,"y":1},"rotation":0,"depth":0,"data":"","position":{"x":5830,"y":-935}},{"id":"coin","texture":"ui_icon_gameplay_snowflake","anchor":{"x":0.5,"y":0.5},"scale":{"x":1,"y":1},"rotation":0,"depth":0,"data":"","position":{"x":5956,"y":-830}},{"id":"coin","texture":"ui_icon_gameplay_snowflake","anchor":{"x":0.5,"y":0.5},"scale":{"x":1,"y":1},"rotation":0,"depth":0,"data":"","position":{"x":6003,"y":-653}},{"id":"coin","texture":"ui_icon_gameplay_snowflake","anchor":{"x":0.5,"y":0.5},"scale":{"x":1,"y":1},"rotation":0,"depth":0,"data":"","position":{"x":4650,"y":-24}},{"id":"coin","texture":"ui_icon_gameplay_snowflake","anchor":{"x":0.5,"y":0.5},"scale":{"x":1,"y":1},"rotation":0,"depth":0,"data":"","position":{"x":4895,"y":-194}},{"id":"coin","texture":"ui_icon_gameplay_snowflake","anchor":{"x":0.5,"y":0.5},"scale":{"x":1,"y":1},"rotation":0,"depth":0,"data":"","position":{"x":5267,"y":-278}},{"id":"coin","texture":"ui_icon_gameplay_snowflake","anchor":{"x":0.5,"y":0.5},"scale":{"x":1,"y":1},"rotation":0,"depth":0,"data":"","position":{"x":5584,"y":-451}}]},{"name":"fg_objects","depth":10,"paths":[],"objects":[{"id":"icicle_01_00","texture":"theme_01_icicle_00","anchor":{"x":0.5,"y":0},"scale":{"x":1,"y":1},"rotation":0,"depth":0,"data":"","position":{"x":3835,"y":-406}},{"id":"icicle_01_00","texture":"theme_01_icicle_00","anchor":{"x":0.5,"y":0},"scale":{"x":1,"y":1},"rotation":0,"depth":0,"data":"","position":{"x":1914,"y":-192}},{"id":"icicle_01_00","texture":"theme_01_icicle_00","anchor":{"x":0.5,"y":0},"scale":{"x":1,"y":1},"rotation":0,"depth":0,"data":"","position":{"x":3069,"y":-234}},{"id":"icicle_01_00","texture":"theme_01_icicle_00","anchor":{"x":0.5,"y":0},"scale":{"x":1,"y":1},"rotation":0,"depth":0,"data":"","position":{"x":2868,"y":-234}},{"id":"icicle_01_01","texture":"theme_01_icicle_01","anchor":{"x":0.5,"y":0},"scale":{"x":1,"y":1},"rotation":0,"depth":0,"data":"","position":{"x":2634,"y":-210}},{"id":"tree_01_07","texture":"theme_01_tree_07","anchor":{"x":0.5,"y":1},"scale":{"x":1,"y":1},"rotation":0,"depth":0,"data":"","position":{"x":5500,"y":-888}}]}],"length":0}