{"name":"endless_part_011","layers":[{"name":"bg_objects","depth":-2,"paths":[],"objects":[{"id":"forest_01_00","texture":"theme_01_forest_00","anchor":{"x":0.5,"y":1},"scale":{"x":1,"y":1},"rotation":0,"depth":0,"data":"","position":{"x":2799,"y":-1115}},{"id":"tree_01_07","texture":"theme_01_tree_07","anchor":{"x":0.5,"y":1},"scale":{"x":1,"y":1},"rotation":-1,"depth":0,"data":"","position":{"x":2390,"y":-1100}},{"id":"rock_01_01","texture":"theme_01_rock_01","anchor":{"x":0.5,"y":1},"scale":{"x":1,"y":1},"rotation":0,"depth":-1,"data":"","position":{"x":2531,"y":-1118}},{"id":"tree_01_06","texture":"theme_01_tree_06","anchor":{"x":0.5,"y":1},"scale":{"x":1,"y":1},"rotation":0,"depth":-5,"data":"","position":{"x":3161,"y":-1090}},{"id":"forest_01_00","texture":"theme_01_forest_00","anchor":{"x":0.5,"y":1},"scale":{"x":1,"y":1},"rotation":0,"depth":0,"data":"","position":{"x":3993,"y":-1114}},{"id":"tree_01_04","texture":"theme_01_tree_04","anchor":{"x":0.5,"y":1},"scale":{"x":1,"y":1},"rotation":0,"depth":-1,"data":"","position":{"x":3888,"y":-162}},{"id":"tree_01_04","texture":"theme_01_tree_04","anchor":{"x":0.5,"y":1},"scale":{"x":1,"y":1},"rotation":0,"depth":0,"data":"","position":{"x":4007,"y":-123}}]},{"name":"tunnel_fill","depth":-1,"paths":[{"closed":true,"depth":0,"collisions":0,"texFill":"theme_02_fill","texGround":"","texGroundEdge":"","texWall":"theme_02_wall","texFillPadding":512,"texFillSize":256,"texGroundSize":160,"texGroundDelta":0.1,"texWallSize":160,"texWallDelta":0.1,"texWallAngle":0,"texGroundEdgeSide":"","data":"","points":[{"x":1888,"y":-640},{"x":2208,"y":-640},{"x":2832,"y":-624},{"x":3056,"y":-624},{"x":3024,"y":-528},{"x":2912,"y":-352},{"x":3072,"y":-80},{"x":2448,"y":-80},{"x":1232,"y":-112},{"x":1072,"y":-112},{"x":1120,"y":-112},{"x":1104,"y":-352},{"x":1040,"y":-384}],"bounds":[1040,3072]}],"objects":[]},{"name":"path","depth":0,"paths":[{"closed":false,"depth":0,"collisions":1,"texFill":"theme_01_fill","texGround":"theme_01_ground","texGroundEdge":"theme_01_ground_edge","texWall":"theme_01_wall","texFillPadding":512,"texFillSize":256,"texGroundSize":384,"texGroundDelta":0.1,"texWallSize":320,"texWallDelta":0.1,"texWallAngle":70,"texGroundEdgeSide":"right","data":"","points":[{"x":0,"y":0},{"x":160,"y":0},{"x":480,"y":-112},{"x":656,"y":-112},{"x":688,"y":-112},{"x":960,"y":-112},{"x":1008,"y":-112},{"x":1056,"y":-112},{"x":1296,"y":-96},{"x":1552,"y":-96},{"x":2000,"y":-96},{"x":2912,"y":-160},{"x":3264,"y":-160},{"x":3344,"y":-32},{"x":2912,"y":240},{"x":3120,"y":800}],"bounds":[0,3344]},{"closed":true,"depth":0,"collisions":1,"texFill":"theme_01_fill","texGround":"theme_01_ground","texGroundEdge":"theme_01_ground_edge","texWall":"theme_01_wall","texFillPadding":512,"texFillSize":256,"texGroundSize":272,"texGroundDelta":0.1,"texWallSize":48,"texWallDelta":0.1,"texWallAngle":70,"texGroundEdgeSide":"","data":"","points":[{"x":976,"y":-400},{"x":1184,"y":-544},{"x":1584,"y":-832},{"x":1856,"y":-832},{"x":2272,"y":-832},{"x":2112,"y":-1120},{"x":2528,"y":-1120},{"x":2704,"y":-1120},{"x":2704,"y":-1120},{"x":2896,"y":-1120},{"x":3008,"y":-1120},{"x":3200,"y":-1088},{"x":3296,"y":-1088},{"x":3280,"y":-1088},{"x":3088,"y":-480},{"x":3088,"y":-480},{"x":2800,"y":-480},{"x":2800,"y":-336},{"x":2496,"y":-336},{"x":2064,"y":-336},{"x":2064,"y":-400},{"x":1648,"y":-400},{"x":1472,"y":-400},{"x":992,"y":-400},{"x":976,"y":-400}],"bounds":[976,3296]},{"closed":false,"depth":0,"collisions":1,"texFill":"theme_01_fill","texGround":"theme_01_ground","texGroundEdge":"theme_01_ground_edge","texWall":"theme_01_wall","texFillPadding":256,"texFillSize":256,"texGroundSize":384,"texGroundDelta":0.1,"texWallSize":256,"texWallDelta":0.1,"texWallAngle":70,"texGroundEdgeSide":"left","data":"","points":[{"x":3632,"y":752},{"x":3616,"y":528},{"x":3600,"y":-160},{"x":3600,"y":-176},{"x":4400,"y":-240},{"x":4464,"y":272},{"x":4880,"y":272},{"x":4944,"y":272},{"x":5264,"y":272},{"x":5344,"y":272}],"bounds":[3600,5344]},{"closed":true,"depth":0,"collisions":1,"texFill":"theme_01_fill","texGround":"theme_01_ground","texGroundEdge":"theme_01_ground_edge","texWall":"theme_01_wall","texFillPadding":512,"texFillSize":256,"texGroundSize":272,"texGroundDelta":0.1,"texWallSize":160,"texWallDelta":0.1,"texWallAngle":70,"texGroundEdgeSide":"","data":"","points":[{"x":3664,"y":-1104},{"x":3984,"y":-1104},{"x":3984,"y":-1136},{"x":4320,"y":-1136},{"x":4320,"y":-1136},{"x":4320,"y":-768},{"x":4320,"y":-768},{"x":4160,"y":-768},{"x":4160,"y":-640},{"x":4000,"y":-640},{"x":3872,"y":-640},{"x":3872,"y":-784},{"x":3728,"y":-784},{"x":3696,"y":-784},{"x":3696,"y":-1024},{"x":3648,"y":-1024},{"x":3648,"y":-1024},{"x":3664,"y":-1088},{"x":3648,"y":-1088}],"bounds":[3648,4320]}],"objects":[]},{"name":"obstacles","depth":1,"paths":[],"objects":[{"id":"icecube_01_00","texture":"theme_01_ice_cube_00","anchor":{"x":0.5,"y":1},"scale":{"x":1,"y":1},"rotation":0,"depth":0,"data":"","position":{"x":1598,"y":-108}},{"id":"level_gameover","texture":"level_gameover","anchor":{"x":0.5,"y":0.5},"scale":{"x":5,"y":5},"rotation":0,"depth":0,"data":"","position":{"x":3377,"y":406}},{"id":"icecube_01_01","texture":"theme_01_ice_cube_01","anchor":{"x":0.5,"y":1},"scale":{"x":1,"y":1},"rotation":0,"depth":0,"data":"","position":{"x":2027,"y":-119}},{"id":"icecube_01_04","texture":"theme_01_ice_cube_04","anchor":{"x":0.5,"y":1},"scale":{"x":1,"y":1},"rotation":0,"depth":0,"data":"","position":{"x":1124,"y":-121}},{"id":"icecube_01_05","texture":"theme_01_ice_cube_05","anchor":{"x":0.5,"y":1},"scale":{"x":1,"y":1},"rotation":5,"depth":0,"data":"","position":{"x":1088,"y":-175}},{"id":"icecube_01_05","texture":"theme_01_ice_cube_05","anchor":{"x":0.5,"y":1},"scale":{"x":1,"y":1},"rotation":0,"depth":0,"data":"","position":{"x":2147,"y":-122}},{"id":"icecube_01_04","texture":"theme_01_ice_cube_04","anchor":{"x":0.5,"y":1},"scale":{"x":1,"y":1},"rotation":0,"depth":0,"data":"","position":{"x":2093,"y":-170}},{"id":"icecube_01_01","texture":"theme_01_ice_cube_01","anchor":{"x":0.5,"y":1},"scale":{"x":1,"y":1},"rotation":0,"depth":0,"data":"","position":{"x":1016,"y":-128}},{"id":"crate_01_01","texture":"theme_01_crate_01","anchor":{"x":0.5,"y":1},"scale":{"x":1,"y":1},"rotation":0,"depth":0,"data":"","position":{"x":1486,"y":-108}},{"id":"barrel_01_00","texture":"theme_01_barrel_00","anchor":{"x":0.5,"y":1},"scale":{"x":1,"y":1},"rotation":0,"depth":0,"data":"","position":{"x":1829,"y":-835}},{"id":"iceblock_02_00","texture":"theme_02_ice_block_00","anchor":{"x":0.5,"y":1},"scale":{"x":1,"y":1},"rotation":0,"depth":0,"data":"","position":{"x":3936,"y":-153}}]},{"name":"pickups","depth":2,"paths":[],"objects":[{"id":"coin","texture":"ui_icon_gameplay_snowflake","anchor":{"x":0.5,"y":0.5},"scale":{"x":1,"y":1},"rotation":0,"depth":0,"data":"","position":{"x":1259,"y":-210}},{"id":"coin","texture":"ui_icon_gameplay_snowflake","anchor":{"x":0.5,"y":0.5},"scale":{"x":1,"y":1},"rotation":0,"depth":0,"data":"","position":{"x":634,"y":-228}},{"id":"coin","texture":"ui_icon_gameplay_snowflake","anchor":{"x":0.5,"y":0.5},"scale":{"x":1,"y":1},"rotation":0,"depth":0,"data":"","position":{"x":1797,"y":-212}},{"id":"coin","texture":"ui_icon_gameplay_snowflake","anchor":{"x":0.5,"y":0.5},"scale":{"x":1,"y":1},"rotation":0,"depth":0,"data":"","position":{"x":2364,"y":-237}},{"id":"coin","texture":"ui_icon_gameplay_snowflake","anchor":{"x":0.5,"y":0.5},"scale":{"x":1,"y":1},"rotation":0,"depth":0,"data":"","position":{"x":2646,"y":-243}},{"id":"coin","texture":"ui_icon_gameplay_snowflake","anchor":{"x":0.5,"y":0.5},"scale":{"x":1,"y":1},"rotation":0,"depth":0,"data":"","position":{"x":2839,"y":-273}},{"id":"coin","texture":"ui_icon_gameplay_snowflake","anchor":{"x":0.5,"y":0.5},"scale":{"x":1,"y":1},"rotation":0,"depth":0,"data":"","position":{"x":3069,"y":-280}},{"id":"troll_magic","texture":"ingame_troll_magic_00","anchor":{"x":0.5,"y":0.5},"scale":{"x":1,"y":1},"rotation":0,"depth":0,"data":"","position":{"x":443,"y":-234}},{"id":"coin","texture":"ui_icon_gameplay_snowflake","anchor":{"x":0.5,"y":0.5},"scale":{"x":1,"y":1},"rotation":0,"depth":0,"data":"","position":{"x":3333,"y":-1444}},{"id":"coin","texture":"ui_icon_gameplay_snowflake","anchor":{"x":0.5,"y":0.5},"scale":{"x":1,"y":1},"rotation":0,"depth":0,"data":"","position":{"x":3515,"y":-1449}},{"id":"coin","texture":"ui_icon_gameplay_snowflake","anchor":{"x":0.5,"y":0.5},"scale":{"x":1,"y":1},"rotation":0,"depth":0,"data":"","position":{"x":3664,"y":-1333}},{"id":"coin","texture":"ui_icon_gameplay_snowflake","anchor":{"x":0.5,"y":0.5},"scale":{"x":1,"y":1},"rotation":0,"depth":0,"data":"","position":{"x":3307,"y":-517}},{"id":"coin","texture":"ui_icon_gameplay_snowflake","anchor":{"x":0.5,"y":0.5},"scale":{"x":1,"y":1},"rotation":0,"depth":0,"data":"","position":{"x":3516,"y":-516}},{"id":"coin","texture":"ui_icon_gameplay_snowflake","anchor":{"x":0.5,"y":0.5},"scale":{"x":1,"y":1},"rotation":0,"depth":0,"data":"","position":{"x":3739,"y":-290}},{"id":"coin","texture":"ui_icon_gameplay_snowflake","anchor":{"x":0.5,"y":0.5},"scale":{"x":1,"y":1},"rotation":0,"depth":0,"data":"","position":{"x":3647,"y":-429}},{"id":"coin","texture":"ui_icon_gameplay_snowflake","anchor":{"x":0.5,"y":0.5},"scale":{"x":1,"y":1},"rotation":0,"depth":0,"data":"","position":{"x":1124,"y":-648}},{"id":"coin","texture":"ui_icon_gameplay_snowflake","anchor":{"x":0.5,"y":0.5},"scale":{"x":1,"y":1},"rotation":0,"depth":0,"data":"","position":{"x":1292,"y":-766}},{"id":"coin","texture":"ui_icon_gameplay_snowflake","anchor":{"x":0.5,"y":0.5},"scale":{"x":1,"y":1},"rotation":0,"depth":0,"data":"","position":{"x":1739,"y":-1045}},{"id":"coin","texture":"ui_icon_gameplay_snowflake","anchor":{"x":0.5,"y":0.5},"scale":{"x":1,"y":1},"rotation":0,"depth":0,"data":"","position":{"x":1902,"y":-1049}},{"id":"coin","texture":"ui_icon_gameplay_snowflake","anchor":{"x":0.5,"y":0.5},"scale":{"x":1,"y":1},"rotation":0,"depth":0,"data":"","position":{"x":1818,"y":-1143}},{"id":"coin","texture":"ui_icon_gameplay_snowflake","anchor":{"x":0.5,"y":0.5},"scale":{"x":1,"y":1},"rotation":0,"depth":0,"data":"","position":{"x":1445,"y":-821}},{"id":"coin","texture":"ui_icon_gameplay_snowflake","anchor":{"x":0.5,"y":0.5},"scale":{"x":1,"y":1},"rotation":0,"depth":0,"data":"","position":{"x":3164,"y":-1283}},{"id":"coin","texture":"ui_icon_gameplay_snowflake","anchor":{"x":0.5,"y":0.5},"scale":{"x":1,"y":1},"rotation":0,"depth":0,"data":"","position":{"x":1358,"y":-208}},{"id":"coin","texture":"ui_icon_gameplay_snowflake","anchor":{"x":0.5,"y":0.5},"scale":{"x":1,"y":1},"rotation":0,"depth":0,"data":"","position":{"x":1322,"y":-287}},{"id":"coin","texture":"ui_icon_gameplay_snowflake","anchor":{"x":0.5,"y":0.5},"scale":{"x":1,"y":1},"rotation":0,"depth":0,"data":"","position":{"x":1708,"y":-281}},{"id":"coin","texture":"ui_icon_gameplay_snowflake","anchor":{"x":0.5,"y":0.5},"scale":{"x":1,"y":1},"rotation":0,"depth":0,"data":"","position":{"x":1856,"y":-296}},{"id":"coin","texture":"ui_icon_gameplay_snowflake","anchor":{"x":0.5,"y":0.5},"scale":{"x":1,"y":1},"rotation":0,"depth":0,"data":"","position":{"x":3159,"y":-421}},{"id":"coin","texture":"ui_icon_gameplay_snowflake","anchor":{"x":0.5,"y":0.5},"scale":{"x":1,"y":1},"rotation":0,"depth":0,"data":"","position":{"x":4250,"y":-202}},{"id":"coin","texture":"ui_icon_gameplay_snowflake","anchor":{"x":0.5,"y":0.5},"scale":{"x":1,"y":1},"rotation":0,"depth":0,"data":"","position":{"x":4407,"y":-122}},{"id":"coin","texture":"ui_icon_gameplay_snowflake","anchor":{"x":0.5,"y":0.5},"scale":{"x":1,"y":1},"rotation":0,"depth":0,"data":"","position":{"x":4509,"y":-30}},{"id":"coin","texture":"ui_icon_gameplay_snowflake","anchor":{"x":0.5,"y":0.5},"scale":{"x":1,"y":1},"rotation":0,"depth":0,"data":"","position":{"x":4638,"y":72}},{"id":"coin","texture":"ui_icon_gameplay_snowflake","anchor":{"x":0.5,"y":0.5},"scale":{"x":1,"y":1},"rotation":0,"depth":0,"data":"","position":{"x":4808,"y":140}},{"id":"coin","texture":"ui_icon_gameplay_snowflake","anchor":{"x":0.5,"y":0.5},"scale":{"x":1,"y":1},"rotation":0,"depth":0,"data":"","position":{"x":3756,"y":-1214}},{"id":"coin","texture":"ui_icon_gameplay_snowflake","anchor":{"x":0.5,"y":0.5},"scale":{"x":1,"y":1},"rotation":0,"depth":0,"data":"","position":{"x":4109,"y":-1252}},{"id":"coin","texture":"ui_icon_gameplay_snowflake","anchor":{"x":0.5,"y":0.5},"scale":{"x":1,"y":1},"rotation":0,"depth":0,"data":"","position":{"x":4263,"y":-1252}},{"id":"coin","texture":"ui_icon_gameplay_snowflake","anchor":{"x":0.5,"y":0.5},"scale":{"x":1,"y":1},"rotation":0,"depth":0,"data":"","position":{"x":4183,"y":-1351}},{"id":"coin","texture":"ui_icon_gameplay_snowflake","anchor":{"x":0.5,"y":0.5},"scale":{"x":1,"y":1},"rotation":0,"depth":0,"data":"","position":{"x":4535,"y":-1164}},{"id":"coin","texture":"ui_icon_gameplay_snowflake","anchor":{"x":0.5,"y":0.5},"scale":{"x":1,"y":1},"rotation":0,"depth":0,"data":"","position":{"x":4663,"y":-1061}},{"id":"coin","texture":"ui_icon_gameplay_snowflake","anchor":{"x":0.5,"y":0.5},"scale":{"x":1,"y":1},"rotation":0,"depth":0,"data":"","position":{"x":4735,"y":-914}},{"id":"coin","texture":"ui_icon_gameplay_snowflake","anchor":{"x":0.5,"y":0.5},"scale":{"x":1,"y":1},"rotation":0,"depth":0,"data":"","position":{"x":4805,"y":-668}},{"id":"coin","texture":"ui_icon_gameplay_snowflake","anchor":{"x":0.5,"y":0.5},"scale":{"x":1,"y":1},"rotation":0,"depth":0,"data":"","position":{"x":4831,"y":-414}},{"id":"coin","texture":"ui_icon_gameplay_snowflake","anchor":{"x":0.5,"y":0.5},"scale":{"x":1,"y":1},"rotation":0,"depth":0,"data":"","position":{"x":4416,"y":-1224}}]},{"name":"fg_objects","depth":10,"paths":[],"objects":[{"id":"icicle_01_00","texture":"theme_01_icicle_00","anchor":{"x":0.5,"y":0},"scale":{"x":1,"y":1},"rotation":0,"depth":0,"data":"","position":{"x":1410,"y":-421}},{"id":"icicle_01_00","texture":"theme_01_icicle_00","anchor":{"x":0.5,"y":0},"scale":{"x":1,"y":1},"rotation":0,"depth":0,"data":"","position":{"x":3019,"y":-491}},{"id":"icicle_01_00","texture":"theme_01_icicle_00","anchor":{"x":0.5,"y":0},"scale":{"x":1,"y":1},"rotation":0,"depth":0,"data":"","position":{"x":1499,"y":-411}},{"id":"icicle_01_00","texture":"theme_01_icicle_00","anchor":{"x":0.5,"y":0},"scale":{"x":1,"y":1},"rotation":0,"depth":0,"data":"","position":{"x":2009,"y":-388}},{"id":"icicle_01_00","texture":"theme_01_icicle_00","anchor":{"x":0.5,"y":0},"scale":{"x":1,"y":1},"rotation":0,"depth":0,"data":"","position":{"x":2094,"y":-380}}]}],"length":0}