{"name":"level_05","layers":[{"name":"bg_objects","depth":-10,"paths":[],"objects":[{"id":"tree_01_05","texture":"theme_01_tree_05","anchor":{"x":0.5,"y":1},"scale":{"x":1,"y":1},"rotation":0,"depth":0,"data":"","position":{"x":42467,"y":2600}},{"id":"forest_02_00","texture":"theme_02_forest_00","anchor":{"x":0.5,"y":1},"scale":{"x":1,"y":1},"rotation":0,"depth":0,"data":"","position":{"x":155,"y":114}},{"id":"tree_02_03","texture":"theme_02_tree_03","anchor":{"x":0.5,"y":1},"scale":{"x":1,"y":1},"rotation":0,"depth":0,"data":"","position":{"x":41746,"y":2534}},{"id":"forest_02_00","texture":"theme_02_forest_00","anchor":{"x":0.5,"y":1},"scale":{"x":1,"y":1},"rotation":0,"depth":-9,"data":"","position":{"x":42160,"y":2555}},{"id":"tree_02_03","texture":"theme_02_tree_03","anchor":{"x":0.5,"y":1},"scale":{"x":1,"y":1},"rotation":0,"depth":0,"data":"","position":{"x":36137,"y":876}},{"id":"tree_02_00","texture":"theme_02_tree_00","anchor":{"x":0.5,"y":1},"scale":{"x":1,"y":1},"rotation":0,"depth":0,"data":"","position":{"x":35750,"y":758}},{"id":"rock_02_02","texture":"theme_02_rock_02","anchor":{"x":0.5,"y":1},"scale":{"x":1,"y":1},"rotation":0,"depth":-1,"data":"","position":{"x":7694,"y":-991}},{"id":"tree_02_05","texture":"theme_02_tree_05","anchor":{"x":0.5,"y":1},"scale":{"x":1,"y":1},"rotation":0,"depth":0,"data":"","position":{"x":7496,"y":-989}},{"id":"tree_02_03","texture":"theme_02_tree_03","anchor":{"x":0.5,"y":1},"scale":{"x":1,"y":1},"rotation":0,"depth":0,"data":"","position":{"x":7894,"y":-992}},{"id":"tree_02_01","texture":"theme_02_tree_01","anchor":{"x":0.5,"y":1},"scale":{"x":1,"y":1},"rotation":0,"depth":0,"data":"","position":{"x":8014,"y":-1016}},{"id":"tree_02_00","texture":"theme_02_tree_00","anchor":{"x":0.5,"y":1},"scale":{"x":1,"y":1},"rotation":0,"depth":0,"data":"","position":{"x":7337,"y":-1031}},{"id":"rock_02_00","texture":"theme_02_rock_00","anchor":{"x":0.5,"y":1},"scale":{"x":1,"y":1},"rotation":0,"depth":-1,"data":"","position":{"x":8311,"y":-1037}},{"id":"tree_02_07","texture":"theme_02_tree_07","anchor":{"x":0.5,"y":1},"scale":{"x":1,"y":1},"rotation":0,"depth":0,"data":"","position":{"x":8237,"y":-1021}},{"id":"rock_02_01","texture":"theme_02_rock_01","anchor":{"x":0.5,"y":1},"scale":{"x":1,"y":1},"rotation":10,"depth":-1,"data":"","position":{"x":13689,"y":171}},{"id":"tree_02_03","texture":"theme_02_tree_03","anchor":{"x":0.5,"y":1},"scale":{"x":1,"y":1},"rotation":0,"depth":0,"data":"","position":{"x":13543,"y":153}},{"id":"tree_02_00","texture":"theme_02_tree_00","anchor":{"x":0.5,"y":1},"scale":{"x":1,"y":1},"rotation":0,"depth":0,"data":"","position":{"x":826,"y":120}},{"id":"tree_02_02","texture":"theme_02_tree_02","anchor":{"x":0.5,"y":1},"scale":{"x":1,"y":1},"rotation":0,"depth":0,"data":"","position":{"x":35953,"y":799}},{"id":"rock_02_01","texture":"theme_02_rock_01","anchor":{"x":0.5,"y":1},"scale":{"x":1,"y":1},"rotation":5,"depth":-1,"data":"","position":{"x":35848,"y":770}},{"id":"rock_02_00","texture":"theme_02_rock_00","anchor":{"x":0.5,"y":1},"scale":{"x":1,"y":1},"rotation":0,"depth":-1,"data":"","position":{"x":5201,"y":-1119}},{"id":"tree_02_07","texture":"theme_02_tree_07","anchor":{"x":0.5,"y":1},"scale":{"x":1,"y":1},"rotation":0,"depth":0,"data":"","position":{"x":5289,"y":-1113}},{"id":"tree_02_01","texture":"theme_02_tree_01","anchor":{"x":0.5,"y":1},"scale":{"x":1,"y":1},"rotation":0,"depth":0,"data":"","position":{"x":5085,"y":-1087}},{"id":"tree_02_02","texture":"theme_02_tree_02","anchor":{"x":0.5,"y":1},"scale":{"x":1,"y":1},"rotation":0,"depth":0,"data":"","position":{"x":5658,"y":-1150}},{"id":"tree_02_00","texture":"theme_02_tree_00","anchor":{"x":0.5,"y":1},"scale":{"x":1,"y":1},"rotation":0,"depth":0,"data":"","position":{"x":5767,"y":-1130}},{"id":"tree_02_02","texture":"theme_02_tree_02","anchor":{"x":0.5,"y":1},"scale":{"x":1,"y":1},"rotation":0,"depth":0,"data":"","position":{"x":594,"y":114}},{"id":"forest_02_00","texture":"theme_02_forest_00","anchor":{"x":0.5,"y":1},"scale":{"x":1,"y":1},"rotation":0,"depth":-10,"data":"","position":{"x":42635,"y":2568}},{"id":"rock_02_02","texture":"theme_02_rock_02","anchor":{"x":0.5,"y":1},"scale":{"x":1,"y":1},"rotation":0,"depth":-10,"data":"","position":{"x":41807,"y":2539}},{"id":"tree_01_08","texture":"theme_01_tree_08","anchor":{"x":0.5,"y":1},"scale":{"x":1,"y":1},"rotation":0,"depth":1,"data":"","position":{"x":41856,"y":2561}},{"id":"tree_01_09","texture":"theme_01_tree_09","anchor":{"x":0.5,"y":1},"scale":{"x":1,"y":1},"rotation":0,"depth":0,"data":"","position":{"x":42339,"y":2570}},{"id":"tree_02_01","texture":"theme_02_tree_01","anchor":{"x":0.5,"y":1},"scale":{"x":1,"y":1},"rotation":0,"depth":0,"data":"","position":{"x":13776,"y":199}},{"id":"tree_01_01","texture":"theme_01_tree_01","anchor":{"x":0.5,"y":1},"scale":{"x":1,"y":1},"rotation":0,"depth":0,"data":"","position":{"x":41960,"y":2575}},{"id":"rock_02_00","texture":"theme_02_rock_00","anchor":{"x":0.5,"y":1},"scale":{"x":1,"y":1},"rotation":0,"depth":-1,"data":"","position":{"x":39412,"y":1543}},{"id":"tree_02_07","texture":"theme_02_tree_07","anchor":{"x":0.5,"y":1},"scale":{"x":0.7,"y":0.7},"rotation":0,"depth":0,"data":"","position":{"x":39428,"y":1557}},{"id":"rock_02_01","texture":"theme_02_rock_01","anchor":{"x":0.5,"y":1},"scale":{"x":1,"y":1},"rotation":14,"depth":-1,"data":"","position":{"x":24381,"y":33}},{"id":"tree_02_04","texture":"theme_02_tree_04","anchor":{"x":0.5,"y":1},"scale":{"x":1,"y":1},"rotation":0,"depth":0,"data":"","position":{"x":24472,"y":67}},{"id":"tree_02_07","texture":"theme_02_tree_07","anchor":{"x":0.5,"y":1},"scale":{"x":1,"y":1},"rotation":0,"depth":0,"data":"","position":{"x":24340,"y":26}},{"id":"tree_02_00","texture":"theme_02_tree_00","anchor":{"x":0.5,"y":1},"scale":{"x":1,"y":1},"rotation":0,"depth":0,"data":"","position":{"x":23888,"y":73}},{"id":"tree_02_08","texture":"theme_02_tree_08","anchor":{"x":0.5,"y":1},"scale":{"x":1,"y":1},"rotation":0,"depth":0,"data":"","position":{"x":23968,"y":36}},{"id":"rock_02_00","texture":"theme_02_rock_00","anchor":{"x":0.5,"y":1},"scale":{"x":1,"y":1},"rotation":0,"depth":-1,"data":"","position":{"x":22727,"y":117}},{"id":"tree_02_00","texture":"theme_02_tree_00","anchor":{"x":0.5,"y":1},"scale":{"x":1,"y":1},"rotation":0,"depth":0,"data":"","position":{"x":22800,"y":134}},{"id":"tree_02_02","texture":"theme_02_tree_02","anchor":{"x":0.5,"y":1},"scale":{"x":1,"y":1},"rotation":0,"depth":0,"data":"","position":{"x":22673,"y":127}},{"id":"rock_02_01","texture":"theme_02_rock_01","anchor":{"x":0.5,"y":1},"scale":{"x":1,"y":1},"rotation":0,"depth":-1,"data":"","position":{"x":15651,"y":240}},{"id":"tree_02_04","texture":"theme_02_tree_04","anchor":{"x":0.5,"y":1},"scale":{"x":1,"y":1},"rotation":0,"depth":0,"data":"","position":{"x":15598,"y":250}},{"id":"tree_02_07","texture":"theme_02_tree_07","anchor":{"x":0.5,"y":1},"scale":{"x":1,"y":1},"rotation":0,"depth":0,"data":"","position":{"x":15730,"y":237}},{"id":"tree_02_08","texture":"theme_02_tree_08","anchor":{"x":0.5,"y":1},"scale":{"x":1,"y":1},"rotation":0,"depth":0,"data":"","position":{"x":16283,"y":231}},{"id":"tree_02_01","texture":"theme_02_tree_01","anchor":{"x":0.5,"y":1},"scale":{"x":1,"y":1},"rotation":0,"depth":0,"data":"","position":{"x":15988,"y":222}},{"id":"tree_02_01","texture":"theme_02_tree_01","anchor":{"x":0.5,"y":1},"scale":{"x":1,"y":1},"rotation":0,"depth":0,"data":"","position":{"x":17217,"y":-121}},{"id":"tree_02_07","texture":"theme_02_tree_07","anchor":{"x":0.5,"y":1},"scale":{"x":1,"y":1},"rotation":0,"depth":0,"data":"","position":{"x":17320,"y":-116}},{"id":"tree_02_08","texture":"theme_02_tree_08","anchor":{"x":0.5,"y":1},"scale":{"x":1,"y":1},"rotation":0,"depth":0,"data":"","position":{"x":16960,"y":-82}},{"id":"tree_02_05","texture":"theme_02_tree_05","anchor":{"x":0.5,"y":1},"scale":{"x":1,"y":1},"rotation":0,"depth":0,"data":"","position":{"x":11226,"y":210}},{"id":"tree_02_00","texture":"theme_02_tree_00","anchor":{"x":0.5,"y":1},"scale":{"x":1,"y":1},"rotation":0,"depth":0,"data":"","position":{"x":11345,"y":223}},{"id":"rock_02_02","texture":"theme_02_rock_02","anchor":{"x":0.5,"y":1},"scale":{"x":1,"y":1},"rotation":0,"depth":-1,"data":"","position":{"x":8941,"y":165}},{"id":"tree_02_06","texture":"theme_02_tree_06","anchor":{"x":0.5,"y":1},"scale":{"x":1,"y":1},"rotation":0,"depth":0,"data":"","position":{"x":9168,"y":180}},{"id":"tree_02_04","texture":"theme_02_tree_04","anchor":{"x":0.5,"y":1},"scale":{"x":1,"y":1},"rotation":0,"depth":0,"data":"","position":{"x":8732,"y":188}},{"id":"tree_02_07","texture":"theme_02_tree_07","anchor":{"x":0.5,"y":1},"scale":{"x":1,"y":1},"rotation":0,"depth":0,"data":"","position":{"x":8856,"y":180}},{"id":"tree_02_09","texture":"theme_02_tree_09","anchor":{"x":0.5,"y":1},"scale":{"x":1,"y":1},"rotation":0,"depth":0,"data":"","position":{"x":8987,"y":173}},{"id":"tree_02_00","texture":"theme_02_tree_00","anchor":{"x":0.5,"y":1},"scale":{"x":1,"y":1},"rotation":0,"depth":-10,"data":"","position":{"x":9064,"y":118}},{"id":"tree_02_05","texture":"theme_02_tree_05","anchor":{"x":0.5,"y":1},"scale":{"x":1,"y":1},"rotation":0,"depth":0,"data":"","position":{"x":152,"y":149}},{"id":"tree_02_07","texture":"theme_02_tree_07","anchor":{"x":0.5,"y":1},"scale":{"x":1,"y":1},"rotation":0,"depth":0,"data":"","position":{"x":1075,"y":131}},{"id":"tree_02_08","texture":"theme_02_tree_08","anchor":{"x":0.5,"y":1},"scale":{"x":1,"y":1},"rotation":0,"depth":0,"data":"","position":{"x":409,"y":122}},{"id":"rock_02_01","texture":"theme_02_rock_01","anchor":{"x":0.5,"y":1},"scale":{"x":1,"y":1},"rotation":5,"depth":-1,"data":"","position":{"x":31534,"y":-192}},{"id":"tree_02_04","texture":"theme_02_tree_04","anchor":{"x":0.5,"y":1},"scale":{"x":1,"y":1},"rotation":0,"depth":0,"data":"","position":{"x":31638,"y":-166}},{"id":"tree_02_01","texture":"theme_02_tree_01","anchor":{"x":0.5,"y":1},"scale":{"x":1,"y":1},"rotation":0,"depth":-4,"data":"","position":{"x":31392,"y":-205}},{"id":"tree_02_07","texture":"theme_02_tree_07","anchor":{"x":0.5,"y":1},"scale":{"x":1,"y":1},"rotation":0,"depth":-4,"data":"","position":{"x":35857,"y":774}}]},{"name":"tunnel_fill","depth":-1,"paths":[{"closed":false,"depth":0,"collisions":0,"texFill":"theme_01_fill","texGround":"","texGroundEdge":"","texWall":"theme_01_wall","texFillPadding":128,"texFillSize":256,"texGroundSize":160,"texGroundDelta":0.1,"texWallSize":160,"texWallDelta":0.1,"texWallAngle":0,"texGroundEdgeSide":"","data":"","points":[{"x":1168,"y":144},{"x":1440,"y":144},{"x":1504,"y":96},{"x":1696,"y":-32},{"x":1696,"y":-32},{"x":2512,"y":-544},{"x":3376,"y":-544},{"x":3552,"y":-544},{"x":3600,"y":-560},{"x":3776,"y":-560},{"x":4736,"y":-560},{"x":4736,"y":-256},{"x":5712,"y":-256},{"x":5680,"y":-256},{"x":5680,"y":16},{"x":5648,"y":16},{"x":5568,"y":16},{"x":5520,"y":48},{"x":5424,"y":160},{"x":5392,"y":448},{"x":5632,"y":720},{"x":5728,"y":720}],"bounds":[1168,5728]},{"closed":false,"depth":0,"collisions":0,"texFill":"theme_01_fill","texGround":"","texGroundEdge":"","texWall":"theme_01_wall","texFillPadding":256,"texFillSize":256,"texGroundSize":160,"texGroundDelta":0.1,"texWallSize":160,"texWallDelta":0.1,"texWallAngle":0,"texGroundEdgeSide":"","data":"","points":[{"x":10128,"y":928},{"x":10496,"y":928},{"x":10624,"y":736},{"x":10464,"y":240},{"x":10912,"y":240},{"x":10848,"y":288},{"x":11312,"y":288},{"x":11424,"y":464},{"x":11680,"y":672},{"x":11920,"y":464},{"x":12320,"y":464},{"x":12272,"y":416},{"x":12656,"y":416},{"x":12816,"y":544},{"x":12960,"y":480},{"x":13152,"y":224},{"x":13536,"y":224},{"x":13568,"y":256},{"x":13952,"y":256},{"x":14144,"y":432},{"x":14272,"y":368},{"x":14464,"y":176},{"x":14640,"y":176},{"x":14704,"y":192},{"x":14864,"y":192},{"x":14992,"y":416},{"x":15152,"y":480},{"x":15376,"y":320},{"x":15904,"y":320},{"x":15936,"y":304},{"x":16464,"y":304},{"x":16592,"y":304},{"x":16880,"y":320},{"x":16832,"y":0},{"x":17152,"y":0},{"x":17232,"y":-16},{"x":17552,"y":-16},{"x":17440,"y":288},{"x":17536,"y":688},{"x":17792,"y":688}],"bounds":[10128,17792]},{"closed":false,"depth":0,"collisions":0,"texFill":"theme_01_fill","texGround":"","texGroundEdge":"","texWall":"","texFillPadding":512,"texFillSize":256,"texGroundSize":160,"texGroundDelta":0.1,"texWallSize":128,"texWallDelta":0.1,"texWallAngle":0,"texGroundEdgeSide":"","data":"","points":[{"x":25808,"y":1680},{"x":25904,"y":1584},{"x":26096,"y":1392},{"x":26208,"y":1392},{"x":27008,"y":1392},{"x":27232,"y":528},{"x":28016,"y":528},{"x":28304,"y":528},{"x":28992,"y":320},{"x":29264,"y":320},{"x":30016,"y":160},{"x":30336,"y":-112},{"x":31136,"y":-112},{"x":31376,"y":-112},{"x":31520,"y":-144},{"x":31760,"y":-144},{"x":31840,"y":-144},{"x":31888,"y":-80},{"x":31968,"y":-80}],"bounds":[25808,31968]}],"objects":[]},{"name":"path","depth":0,"paths":[{"closed":false,"depth":1,"collisions":0,"texFill":"theme_05_fill","texGround":"theme_05_ground","texGroundEdge":"","texWall":"","texFillPadding":128,"texFillSize":256,"texGroundSize":416,"texGroundDelta":0.1,"texWallSize":160,"texWallDelta":0.1,"texWallAngle":70,"texGroundEdgeSide":"","data":"","points":[{"x":-912,"y":-48},{"x":-640,"y":-48},{"x":-608,"y":-32},{"x":-336,"y":-32},{"x":-64,"y":-32},{"x":256,"y":208},{"x":528,"y":208},{"x":736,"y":208},{"x":1184,"y":688},{"x":1408,"y":688},{"x":1616,"y":688},{"x":1936,"y":1024},{"x":2128,"y":1024},{"x":2416,"y":1024},{"x":3024,"y":1424},{"x":3120,"y":1664}],"bounds":[-912,3120]},{"closed":false,"depth":0,"collisions":1,"texFill":"theme_02_fill","texGround":"theme_02_ground","texGroundEdge":"theme_02_ground_edge","texWall":"theme_02_wall","texFillPadding":512,"texFillSize":256,"texGroundSize":160,"texGroundDelta":0.1,"texWallSize":64,"texWallDelta":0.1,"texWallAngle":70,"texGroundEdgeSide":"right","data":"","points":[{"x":-912,"y":96},{"x":-512,"y":96},{"x":688,"y":112},{"x":1072,"y":112},{"x":1392,"y":112},{"x":1600,"y":608},{"x":2144,"y":688},{"x":2416,"y":720},{"x":2560,"y":736},{"x":3008,"y":752},{"x":3008,"y":752},{"x":5168,"y":768},{"x":5664,"y":704},{"x":5968,"y":640},{"x":6080,"y":512},{"x":6480,"y":256},{"x":6672,"y":160},{"x":6896,"y":80},{"x":7248,"y":80},{"x":7440,"y":80},{"x":7424,"y":80},{"x":7616,"y":80},{"x":7616,"y":384},{"x":7200,"y":272},{"x":7376,"y":1296}],"bounds":[-912,7616]},{"closed":true,"depth":0,"collisions":1,"texFill":"theme_02_fill","texGround":"theme_02_ground","texGroundEdge":"theme_02_ground_edge","texWall":"theme_02_wall","texFillPadding":512,"texFillSize":256,"texGroundSize":160,"texGroundDelta":0.1,"texWallSize":160,"texWallDelta":0.1,"texWallAngle":70,"texGroundEdgeSide":"","data":"","points":[{"x":1440,"y":-16},{"x":1488,"y":-16},{"x":1888,"y":-192},{"x":1936,"y":-192},{"x":2000,"y":-192},{"x":2208,"y":-368},{"x":2272,"y":-368},{"x":2464,"y":-368},{"x":2752,"y":-512},{"x":2992,"y":-544},{"x":3088,"y":-560},{"x":3184,"y":-560},{"x":3392,"y":-560},{"x":3520,"y":-528},{"x":3584,"y":-144},{"x":3664,"y":-144},{"x":3760,"y":-144},{"x":3920,"y":-96},{"x":4016,"y":-96},{"x":4080,"y":-96},{"x":4368,"y":-80},{"x":4432,"y":-80},{"x":4528,"y":-80},{"x":4736,"y":-64},{"x":4832,"y":-64},{"x":4960,"y":-64},{"x":5424,"y":32},{"x":5552,"y":128},{"x":5376,"y":288},{"x":5264,"y":336},{"x":5088,"y":384},{"x":4784,"y":304},{"x":4464,"y":112},{"x":3872,"y":432},{"x":3520,"y":96},{"x":3296,"y":224},{"x":2880,"y":224},{"x":2560,"y":208},{"x":2448,"y":272},{"x":2016,"y":304},{"x":1696,"y":256},{"x":1552,"y":32},{"x":1520,"y":32}],"bounds":[1440,5552]},{"closed":true,"depth":0,"collisions":2,"texFill":"theme_02_fill","texGround":"theme_02_ground","texGroundEdge":"theme_02_ground_edge","texWall":"theme_02_wall","texFillPadding":512,"texFillSize":256,"texGroundSize":160,"texGroundDelta":0.15,"texWallSize":64,"texWallDelta":0.1,"texWallAngle":70,"texGroundEdgeSide":"","data":"","points":[{"x":2896,"y":-896},{"x":2976,"y":-896},{"x":3072,"y":-928},{"x":3152,"y":-928},{"x":3152,"y":-928},{"x":3184,"y":-832},{"x":3136,"y":-800},{"x":3120,"y":-800},{"x":3056,"y":-752},{"x":3040,"y":-752},{"x":3008,"y":-752},{"x":2816,"y":-784},{"x":2896,"y":-896}],"bounds":[2816,3184]},{"closed":false,"depth":-2,"collisions":1,"texFill":"","texGround":"theme_02_ground","texGroundEdge":"","texWall":"","texFillPadding":512,"texFillSize":256,"texGroundSize":64,"texGroundDelta":0.1,"texWallSize":160,"texWallDelta":0.1,"texWallAngle":70,"texGroundEdgeSide":"","data":"{\"shrinkPath\":true,\"hidden\":false}","points":[{"x":3376,"y":-560},{"x":3472,"y":-560},{"x":3472,"y":-560},{"x":3552,"y":-560}],"bounds":[3376,3552]},{"closed":true,"depth":0,"collisions":1,"texFill":"theme_02_fill","texGround":"theme_02_ground","texGroundEdge":"theme_02_ground_edge","texWall":"theme_02_wall","texFillPadding":512,"texFillSize":256,"texGroundSize":160,"texGroundDelta":0.1,"texWallSize":160,"texWallDelta":0.1,"texWallAngle":70,"texGroundEdgeSide":"","data":"","points":[{"x":3536,"y":-560},{"x":3664,"y":-560},{"x":3792,"y":-688},{"x":3920,"y":-688},{"x":4128,"y":-688},{"x":4304,"y":-768},{"x":4528,"y":-768},{"x":4720,"y":-768},{"x":4768,"y":-688},{"x":4976,"y":-688},{"x":5120,"y":-688},{"x":5232,"y":-560},{"x":5376,"y":-560},{"x":5472,"y":-560},{"x":5536,"y":-368},{"x":5648,"y":-368},{"x":5776,"y":-368},{"x":5808,"y":-336},{"x":5920,"y":-336},{"x":5968,"y":-336},{"x":5888,"y":-128},{"x":5840,"y":-64},{"x":5792,"y":-64},{"x":5744,"y":64},{"x":5680,"y":64},{"x":5616,"y":64},{"x":5328,"y":-112},{"x":5248,"y":-112},{"x":5184,"y":-112},{"x":4944,"y":-352},{"x":4864,"y":-352},{"x":4800,"y":-352},{"x":4432,"y":-432},{"x":4384,"y":-432},{"x":4336,"y":-432},{"x":4080,"y":-368},{"x":4032,"y":-368},{"x":4000,"y":-368},{"x":3920,"y":-224},{"x":3904,"y":-224},{"x":3872,"y":-224},{"x":3760,"y":-240},{"x":3728,"y":-240},{"x":3664,"y":-240},{"x":3648,"y":-480},{"x":3536,"y":-560}],"bounds":[3536,5968]},{"closed":true,"depth":0,"collisions":2,"texFill":"theme_02_fill","texGround":"theme_02_ground","texGroundEdge":"theme_02_ground_edge","texWall":"theme_02_wall","texFillPadding":512,"texFillSize":256,"texGroundSize":160,"texGroundDelta":0.15,"texWallSize":80,"texWallDelta":0.1,"texWallAngle":70,"texGroundEdgeSide":"","data":"","points":[{"x":4896,"y":-1040},{"x":4976,"y":-1040},{"x":5040,"y":-1088},{"x":5120,"y":-1104},{"x":5344,"y":-1104},{"x":5296,"y":-1184},{"x":5520,"y":-1184},{"x":5648,"y":-1184},{"x":5696,"y":-1120},{"x":5824,"y":-1120},{"x":5792,"y":-1024},{"x":5696,"y":-912},{"x":5648,"y":-912},{"x":5616,"y":-912},{"x":5408,"y":-976},{"x":5168,"y":-784},{"x":5104,"y":-784},{"x":4944,"y":-976},{"x":4896,"y":-1040}],"bounds":[4896,5824]},{"closed":true,"depth":0,"collisions":1,"texFill":"theme_02_fill","texGround":"theme_02_ground","texGroundEdge":"theme_02_ground_edge","texWall":"theme_02_wall","texFillPadding":512,"texFillSize":256,"texGroundSize":160,"texGroundDelta":0.1,"texWallSize":80,"texWallDelta":0.1,"texWallAngle":70,"texGroundEdgeSide":"","data":"","points":[{"x":6896,"y":-1024},{"x":7008,"y":-1024},{"x":7024,"y":-1040},{"x":7120,"y":-1040},{"x":7216,"y":-1040},{"x":7216,"y":-1056},{"x":7328,"y":-1056},{"x":7456,"y":-1056},{"x":7472,"y":-992},{"x":7600,"y":-992},{"x":7664,"y":-992},{"x":8048,"y":-1040},{"x":8112,"y":-1040},{"x":8304,"y":-1040},{"x":8368,"y":-1024},{"x":8560,"y":-1024},{"x":8544,"y":-848},{"x":8400,"y":-688},{"x":8288,"y":-688},{"x":8208,"y":-688},{"x":8096,"y":-768},{"x":7920,"y":-608},{"x":7872,"y":-608},{"x":7808,"y":-864},{"x":7584,"y":-736},{"x":7488,"y":-800},{"x":7408,"y":-688},{"x":7376,"y":-688},{"x":7360,"y":-688},{"x":7168,"y":-784},{"x":7040,"y":-768},{"x":7008,"y":-784},{"x":6896,"y":-944},{"x":6896,"y":-1024}],"bounds":[6896,8560]},{"closed":false,"depth":0,"collisions":1,"texFill":"theme_05_fill","texGround":"theme_05_ground","texGroundEdge":"","texWall":"","texFillPadding":512,"texFillSize":256,"texGroundSize":368,"texGroundDelta":0.1,"texWallSize":160,"texWallDelta":0.1,"texWallAngle":141,"texGroundEdgeSide":"","data":"","points":[{"x":8000,"y":1728},{"x":8000,"y":1568},{"x":7888,"y":432},{"x":8256,"y":272},{"x":8656,"y":176},{"x":8640,"y":160},{"x":9024,"y":160},{"x":9328,"y":160},{"x":9344,"y":208},{"x":9648,"y":208},{"x":10128,"y":256},{"x":10416,"y":1040},{"x":10688,"y":1040},{"x":10928,"y":1040},{"x":11744,"y":1168},{"x":11984,"y":1168},{"x":12304,"y":1168},{"x":13344,"y":1104},{"x":13648,"y":1104},{"x":13936,"y":1104},{"x":14880,"y":1168},{"x":15152,"y":1168},{"x":15280,"y":1168},{"x":16032,"y":1008},{"x":16176,"y":1008},{"x":16592,"y":1008},{"x":16656,"y":1008},{"x":17072,"y":1008},{"x":17216,"y":1008},{"x":17824,"y":544},{"x":18880,"y":304},{"x":19264,"y":304},{"x":19264,"y":368},{"x":19648,"y":368},{"x":19856,"y":368},{"x":19904,"y":304},{"x":20128,"y":304},{"x":20208,"y":304},{"x":20256,"y":352},{"x":20384,"y":336},{"x":20512,"y":336},{"x":21376,"y":-240},{"x":21104,"y":1696}],"bounds":[7888,21376]},{"closed":true,"depth":0,"collisions":1,"texFill":"theme_02_fill","texGround":"theme_02_ground","texGroundEdge":"theme_02_ground_edge","texWall":"theme_02_wall","texFillPadding":512,"texFillSize":256,"texGroundSize":160,"texGroundDelta":0.1,"texWallSize":80,"texWallDelta":0.1,"texWallAngle":70,"texGroundEdgeSide":"","data":"","points":[{"x":10416,"y":224},{"x":10544,"y":224},{"x":10592,"y":176},{"x":10704,"y":176},{"x":10800,"y":176},{"x":11024,"y":176},{"x":11120,"y":176},{"x":11200,"y":176},{"x":11296,"y":224},{"x":11392,"y":224},{"x":11408,"y":224},{"x":11376,"y":448},{"x":11344,"y":496},{"x":11328,"y":560},{"x":11296,"y":672},{"x":11136,"y":704},{"x":11088,"y":704},{"x":10944,"y":576},{"x":10896,"y":576},{"x":10832,"y":576},{"x":10736,"y":640},{"x":10656,"y":560},{"x":10640,"y":560},{"x":10432,"y":352},{"x":10416,"y":224}],"bounds":[10416,11408]},{"closed":true,"depth":0,"collisions":1,"texFill":"theme_02_fill","texGround":"theme_02_ground","texGroundEdge":"theme_02_ground_edge","texWall":"theme_02_wall","texFillPadding":512,"texFillSize":256,"texGroundSize":160,"texGroundDelta":0.1,"texWallSize":160,"texWallDelta":0.1,"texWallAngle":70,"texGroundEdgeSide":"","data":"","points":[{"x":11824,"y":400},{"x":11904,"y":400},{"x":12032,"y":384},{"x":12096,"y":384},{"x":12176,"y":384},{"x":12384,"y":272},{"x":12448,"y":272},{"x":12544,"y":272},{"x":12624,"y":336},{"x":12704,"y":336},{"x":12704,"y":336},{"x":12656,"y":592},{"x":12640,"y":592},{"x":12624,"y":624},{"x":12528,"y":752},{"x":12512,"y":752},{"x":12480,"y":752},{"x":12352,"y":672},{"x":12304,"y":672},{"x":12288,"y":672},{"x":12224,"y":800},{"x":12064,"y":816},{"x":12000,"y":816},{"x":11824,"y":560},{"x":11824,"y":400}],"bounds":[11824,12704]},{"closed":true,"depth":0,"collisions":1,"texFill":"theme_02_fill","texGround":"theme_02_ground","texGroundEdge":"theme_02_ground_edge","texWall":"theme_02_wall","texFillPadding":512,"texFillSize":256,"texGroundSize":160,"texGroundDelta":0.1,"texWallSize":160,"texWallDelta":0.1,"texWallAngle":70,"texGroundEdgeSide":"","data":"","points":[{"x":13104,"y":192},{"x":13184,"y":176},{"x":13184,"y":160},{"x":13264,"y":144},{"x":13360,"y":144},{"x":13424,"y":128},{"x":13504,"y":128},{"x":13568,"y":128},{"x":13568,"y":160},{"x":13648,"y":160},{"x":13760,"y":160},{"x":13888,"y":208},{"x":14000,"y":208},{"x":14016,"y":208},{"x":13936,"y":464},{"x":13952,"y":464},{"x":13952,"y":464},{"x":13824,"y":624},{"x":13824,"y":624},{"x":13760,"y":624},{"x":13616,"y":736},{"x":13568,"y":736},{"x":13520,"y":736},{"x":13360,"y":688},{"x":13328,"y":688},{"x":13296,"y":688},{"x":13216,"y":544},{"x":13184,"y":512},{"x":13168,"y":512},{"x":13120,"y":192},{"x":13104,"y":192}],"bounds":[13104,14016]},{"closed":true,"depth":0,"collisions":1,"texFill":"theme_02_fill","texGround":"theme_02_ground","texGroundEdge":"theme_02_ground_edge","texWall":"theme_02_wall","texFillPadding":512,"texFillSize":256,"texGroundSize":160,"texGroundDelta":0.1,"texWallSize":96,"texWallDelta":0.1,"texWallAngle":70,"texGroundEdgeSide":"","data":"","points":[{"x":14400,"y":112},{"x":14496,"y":112},{"x":14496,"y":80},{"x":14576,"y":80},{"x":14688,"y":80},{"x":14704,"y":128},{"x":14816,"y":128},{"x":14864,"y":128},{"x":14864,"y":144},{"x":14912,"y":144},{"x":14912,"y":144},{"x":14816,"y":336},{"x":14816,"y":336},{"x":14800,"y":336},{"x":14704,"y":288},{"x":14688,"y":288},{"x":14640,"y":288},{"x":14544,"y":320},{"x":14496,"y":320},{"x":14464,"y":320},{"x":14416,"y":176},{"x":14400,"y":112}],"bounds":[14400,14912]},{"closed":true,"depth":0,"collisions":1,"texFill":"theme_02_fill","texGround":"theme_02_ground","texGroundEdge":"theme_02_ground_edge","texWall":"theme_02_wall","texFillPadding":512,"texFillSize":256,"texGroundSize":160,"texGroundDelta":0.1,"texWallSize":96,"texWallDelta":0.1,"texWallAngle":70,"texGroundEdgeSide":"","data":"","points":[{"x":15296,"y":272},{"x":15440,"y":272},{"x":15440,"y":240},{"x":15584,"y":240},{"x":15728,"y":240},{"x":15760,"y":224},{"x":15888,"y":224},{"x":15984,"y":224},{"x":16032,"y":192},{"x":16128,"y":192},{"x":16272,"y":192},{"x":16384,"y":272},{"x":16512,"y":272},{"x":16448,"y":272},{"x":16352,"y":672},{"x":16288,"y":672},{"x":16272,"y":672},{"x":15952,"y":560},{"x":15936,"y":560},{"x":15872,"y":560},{"x":15696,"y":752},{"x":15632,"y":752},{"x":15552,"y":752},{"x":15280,"y":528},{"x":15296,"y":272}],"bounds":[15280,16512]},{"closed":true,"depth":0,"collisions":1,"texFill":"theme_02_fill","texGround":"theme_02_ground","texGroundEdge":"theme_02_ground_edge","texWall":"theme_02_wall","texFillPadding":512,"texFillSize":256,"texGroundSize":160,"texGroundDelta":0.1,"texWallSize":160,"texWallDelta":0.1,"texWallAngle":70,"texGroundEdgeSide":"","data":"","points":[{"x":16768,"y":-32},{"x":16848,"y":-32},{"x":16848,"y":-96},{"x":16944,"y":-96},{"x":17104,"y":-96},{"x":17104,"y":-144},{"x":17280,"y":-144},{"x":17424,"y":-144},{"x":17424,"y":-48},{"x":17568,"y":-48},{"x":17568,"y":-48},{"x":17504,"y":144},{"x":17504,"y":144},{"x":17488,"y":144},{"x":17360,"y":240},{"x":17328,"y":240},{"x":17312,"y":240},{"x":17152,"y":160},{"x":17136,"y":160},{"x":17120,"y":160},{"x":16992,"y":240},{"x":16960,"y":240},{"x":16912,"y":240},{"x":16784,"y":128},{"x":16768,"y":-32}],"bounds":[16768,17568]},{"closed":false,"depth":0,"collisions":1,"texFill":"theme_02_fill","texGround":"theme_02_ground","texGroundEdge":"theme_02_ground_edge","texWall":"theme_02_wall","texFillPadding":512,"texFillSize":256,"texGroundSize":160,"texGroundDelta":0.1,"texWallSize":96,"texWallDelta":0.1,"texWallAngle":70,"texGroundEdgeSide":"left","data":"","points":[{"x":21920,"y":1536},{"x":21888,"y":1424},{"x":21824,"y":960},{"x":21408,"y":368},{"x":22096,"y":480},{"x":22240,"y":112},{"x":22512,"y":112},{"x":22624,"y":112},{"x":22704,"y":112},{"x":22864,"y":112},{"x":22864,"y":176},{"x":22864,"y":400},{"x":22864,"y":480},{"x":22992,"y":480},{"x":23168,"y":480},{"x":23280,"y":480},{"x":23280,"y":544},{"x":23280,"y":736},{"x":23280,"y":800},{"x":23360,"y":800},{"x":23600,"y":800},{"x":23680,"y":800},{"x":23680,"y":832},{"x":23680,"y":1168},{"x":23680,"y":1184},{"x":23760,"y":1184},{"x":24032,"y":1184},{"x":24128,"y":1184},{"x":24128,"y":1232},{"x":24128,"y":1472},{"x":24128,"y":1504},{"x":24448,"y":1504},{"x":24896,"y":1680},{"x":25200,"y":1680},{"x":25536,"y":1680},{"x":26176,"y":1584},{"x":26528,"y":1584}],"bounds":[21408,26528]},{"closed":true,"depth":0,"collisions":2,"texFill":"theme_02_fill","texGround":"theme_02_ground","texGroundEdge":"theme_02_ground_edge","texWall":"theme_02_wall","texFillPadding":512,"texFillSize":256,"texGroundSize":160,"texGroundDelta":0.2,"texWallSize":64,"texWallDelta":0.1,"texWallAngle":70,"texGroundEdgeSide":"","data":"","points":[{"x":23792,"y":96},{"x":23856,"y":80},{"x":24064,"y":16},{"x":24176,"y":16},{"x":24304,"y":16},{"x":24400,"y":32},{"x":24544,"y":80},{"x":24448,"y":144},{"x":24240,"y":352},{"x":24128,"y":352},{"x":24080,"y":352},{"x":23840,"y":240},{"x":23792,"y":96}],"bounds":[23792,24544]},{"closed":true,"depth":0,"collisions":2,"texFill":"theme_02_fill","texGround":"theme_02_ground","texGroundEdge":"theme_02_ground_edge","texWall":"theme_02_wall","texFillPadding":512,"texFillSize":256,"texGroundSize":160,"texGroundDelta":0.2,"texWallSize":48,"texWallDelta":0.1,"texWallAngle":70,"texGroundEdgeSide":"","data":"","points":[{"x":24592,"y":768},{"x":24864,"y":848},{"x":25088,"y":800},{"x":25360,"y":800},{"x":25360,"y":800},{"x":25008,"y":1072},{"x":24992,"y":1072},{"x":24928,"y":1072},{"x":24688,"y":912},{"x":24592,"y":768}],"bounds":[24592,25360]},{"closed":true,"depth":0,"collisions":2,"texFill":"theme_02_fill","texGround":"theme_02_ground","texGroundEdge":"theme_02_ground_edge","texWall":"theme_02_wall","texFillPadding":512,"texFillSize":256,"texGroundSize":160,"texGroundDelta":0.2,"texWallSize":64,"texWallDelta":0.1,"texWallAngle":70,"texGroundEdgeSide":"","data":"","points":[{"x":25552,"y":320},{"x":25920,"y":400},{"x":26080,"y":272},{"x":26432,"y":272},{"x":26464,"y":272},{"x":25952,"y":704},{"x":25984,"y":704},{"x":25696,"y":608},{"x":25584,"y":416},{"x":25552,"y":320}],"bounds":[25552,26464]},{"closed":false,"depth":-1,"collisions":1,"texFill":"","texGround":"theme_02_ground","texGroundEdge":"","texWall":"","texFillPadding":512,"texFillSize":256,"texGroundSize":96,"texGroundDelta":0.1,"texWallSize":160,"texWallDelta":0.1,"texWallAngle":70,"texGroundEdgeSide":"","data":"{\"shrinkPath\":true,\"hidden\":false}","points":[{"x":25744,"y":1664},{"x":25824,"y":1632},{"x":25888,"y":1568},{"x":25936,"y":1520}],"bounds":[25744,25936]},{"closed":true,"depth":0,"collisions":1,"texFill":"theme_02_fill","texGround":"theme_02_ground","texGroundEdge":"theme_02_ground_edge","texWall":"theme_02_wall","texFillPadding":512,"texFillSize":256,"texGroundSize":160,"texGroundDelta":0.1,"texWallSize":48,"texWallDelta":0.1,"texWallAngle":70,"texGroundEdgeSide":"","data":"","points":[{"x":25936,"y":1520},{"x":26032,"y":1472},{"x":26224,"y":1136},{"x":26384,"y":1136},{"x":26464,"y":1136},{"x":26640,"y":768},{"x":26944,"y":800},{"x":27104,"y":800},{"x":27616,"y":288},{"x":27792,"y":288},{"x":28000,"y":288},{"x":28368,"y":288},{"x":28576,"y":288},{"x":28816,"y":288},{"x":29648,"y":-48},{"x":29632,"y":-48},{"x":29888,"y":-48},{"x":30656,"y":-272},{"x":30912,"y":-272},{"x":31040,"y":-272},{"x":31696,"y":-160},{"x":31824,"y":-160},{"x":31776,"y":-160},{"x":31600,"y":0},{"x":31520,"y":32},{"x":31360,"y":160},{"x":31200,"y":240},{"x":31072,"y":240},{"x":31024,"y":240},{"x":30800,"y":288},{"x":30736,"y":368},{"x":30576,"y":352},{"x":30480,"y":240},{"x":30416,"y":240},{"x":30368,"y":240},{"x":30336,"y":384},{"x":30192,"y":480},{"x":29904,"y":464},{"x":29824,"y":624},{"x":29728,"y":640},{"x":29424,"y":368},{"x":29312,"y":736},{"x":29248,"y":736},{"x":28848,"y":736},{"x":28896,"y":816},{"x":28704,"y":976},{"x":28416,"y":928},{"x":28512,"y":1056},{"x":28208,"y":1120},{"x":28064,"y":1136},{"x":27904,"y":1088},{"x":27712,"y":1264},{"x":27504,"y":1200},{"x":27408,"y":1152},{"x":27296,"y":1152},{"x":27168,"y":1152},{"x":27104,"y":1344},{"x":26912,"y":1408},{"x":26704,"y":1440},{"x":26704,"y":1504},{"x":26640,"y":1504},{"x":26608,"y":1504},{"x":26304,"y":1504},{"x":26240,"y":1520},{"x":26096,"y":1552},{"x":25952,"y":1520},{"x":25936,"y":1520}],"bounds":[25936,31824]},{"closed":false,"depth":0,"collisions":1,"texFill":"theme_02_fill","texGround":"theme_02_ground","texGroundEdge":"theme_02_ground_edge","texWall":"theme_02_wall","texFillPadding":512,"texFillSize":256,"texGroundSize":160,"texGroundDelta":0.1,"texWallSize":160,"texWallDelta":0.1,"texWallAngle":70,"texGroundEdgeSide":"right","data":"","points":[{"x":26528,"y":1584},{"x":26640,"y":1584},{"x":26816,"y":1568},{"x":26912,"y":1568},{"x":27072,"y":1568},{"x":27520,"y":1648},{"x":27680,"y":1648},{"x":27776,"y":1648},{"x":28064,"y":1664},{"x":28144,"y":1664},{"x":28208,"y":1664},{"x":28752,"y":1568},{"x":28816,"y":1568},{"x":29200,"y":1568},{"x":29200,"y":1120},{"x":29584,"y":1120},{"x":29552,"y":1232},{"x":29552,"y":1968},{"x":29552,"y":2032}],"bounds":[26528,29584]},{"closed":false,"depth":0,"collisions":2,"texFill":"","texGround":"theme_02_ground","texGroundEdge":"theme_02_ground_edge","texWall":"","texFillPadding":512,"texFillSize":256,"texGroundSize":160,"texGroundDelta":0.1,"texWallSize":160,"texWallDelta":0.1,"texWallAngle":70,"texGroundEdgeSide":"","data":"","points":[{"x":28128,"y":1424},{"x":28256,"y":1424},{"x":28384,"y":1344},{"x":28496,"y":1344},{"x":28624,"y":1344},{"x":28624,"y":1312},{"x":28752,"y":1312}],"bounds":[28128,28752]},{"closed":false,"depth":0,"collisions":1,"texFill":"theme_02_fill","texGround":"theme_02_ground","texGroundEdge":"theme_02_ground_edge","texWall":"theme_02_wall","texFillPadding":512,"texFillSize":256,"texGroundSize":160,"texGroundDelta":0.1,"texWallSize":160,"texWallDelta":0.1,"texWallAngle":70,"texGroundEdgeSide":"","data":"","points":[{"x":29952,"y":2080},{"x":29920,"y":1952},{"x":29856,"y":1296},{"x":29856,"y":1072},{"x":30048,"y":1072},{"x":30240,"y":832},{"x":30416,"y":832},{"x":30576,"y":832},{"x":30736,"y":432},{"x":31104,"y":352},{"x":31312,"y":352},{"x":31824,"y":-112},{"x":32032,"y":-112},{"x":32160,"y":-112},{"x":32912,"y":-64},{"x":33040,"y":-64},{"x":33472,"y":-64},{"x":33760,"y":256},{"x":34192,"y":256},{"x":34672,"y":256},{"x":35168,"y":752},{"x":35648,"y":752}],"bounds":[29856,35648]},{"closed":false,"depth":0,"collisions":2,"texFill":"","texGround":"theme_02_ground","texGroundEdge":"theme_02_ground_edge","texWall":"","texFillPadding":512,"texFillSize":256,"texGroundSize":160,"texGroundDelta":0.1,"texWallSize":160,"texWallDelta":0.1,"texWallAngle":70,"texGroundEdgeSide":"","data":"","points":[{"x":30224,"y":656},{"x":30304,"y":656},{"x":30368,"y":592},{"x":30464,"y":592}],"bounds":[30224,30464]},{"closed":false,"depth":-1,"collisions":1,"texFill":"","texGround":"theme_02_ground","texGroundEdge":"","texWall":"","texFillPadding":512,"texFillSize":256,"texGroundSize":80,"texGroundDelta":0.1,"texWallSize":160,"texWallDelta":0.1,"texWallAngle":70,"texGroundEdgeSide":"","data":"{\"shrinkPath\":true,\"hidden\":false}\n\n","points":[{"x":31776,"y":-160},{"x":31888,"y":-144},{"x":31936,"y":-96},{"x":32048,"y":-96}],"bounds":[31776,32048]},{"closed":false,"depth":0,"collisions":1,"texFill":"theme_05_fill","texGround":"theme_05_ground","texGroundEdge":"","texWall":"","texFillPadding":512,"texFillSize":256,"texGroundSize":416,"texGroundDelta":0.1,"texWallSize":160,"texWallDelta":0.1,"texWallAngle":70,"texGroundEdgeSide":"","data":"","points":[{"x":34304,"y":1488},{"x":34592,"y":1488},{"x":35344,"y":752},{"x":35648,"y":752},{"x":36544,"y":752},{"x":36528,"y":1344},{"x":37424,"y":1344},{"x":38000,"y":1344},{"x":39040,"y":2064},{"x":39616,"y":2064},{"x":40224,"y":2064},{"x":41072,"y":2528},{"x":41696,"y":2528},{"x":42240,"y":2528},{"x":44512,"y":2672},{"x":45072,"y":2672}],"bounds":[34304,45072]},{"closed":true,"depth":0,"collisions":1,"texFill":"theme_02_fill","texGround":"theme_02_ground","texGroundEdge":"theme_02_ground_edge","texWall":"theme_02_wall","texFillPadding":512,"texFillSize":256,"texGroundSize":160,"texGroundDelta":0.15,"texWallSize":96,"texWallDelta":0.1,"texWallAngle":70,"texGroundEdgeSide":"","data":"","points":[{"x":39280,"y":1552},{"x":39616,"y":1552},{"x":39696,"y":1408},{"x":40032,"y":1408},{"x":40128,"y":1408},{"x":40368,"y":1456},{"x":40464,"y":1456},{"x":40384,"y":1552},{"x":40320,"y":1744},{"x":40256,"y":1792},{"x":40112,"y":1792},{"x":40048,"y":1696},{"x":39904,"y":1696},{"x":39856,"y":1696},{"x":39712,"y":1776},{"x":39664,"y":1776},{"x":39600,"y":1776},{"x":39376,"y":1776},{"x":39280,"y":1552}],"bounds":[39280,40464]}],"objects":[{"id":"level_gameover","texture":"level_gameover","anchor":{"x":0.5,"y":0.5},"scale":{"x":5.4,"y":5.4},"rotation":0,"depth":0,"data":"","position":{"x":7678,"y":978}},{"id":"shrink_lock","texture":"shrink_lock","anchor":{"x":0.5,"y":0.5},"scale":{"x":1,"y":1},"rotation":0,"depth":0,"data":"","position":{"x":3520,"y":-467}},{"id":"shrink_unlock","texture":"shrink_unlock","anchor":{"x":0.5,"y":0.5},"scale":{"x":1,"y":1},"rotation":0,"depth":0,"data":"","position":{"x":5646,"y":171}},{"id":"shrink_unlock","texture":"shrink_unlock","anchor":{"x":0.5,"y":0.5},"scale":{"x":1,"y":1},"rotation":0,"depth":0,"data":"","position":{"x":31951,"y":-216}},{"id":"shrink_lock","texture":"shrink_lock","anchor":{"x":0.5,"y":0.5},"scale":{"x":1,"y":1},"rotation":0,"depth":0,"data":"","position":{"x":26003,"y":1601}},{"id":"level_gameover","texture":"level_gameover","anchor":{"x":0.5,"y":0.5},"scale":{"x":5,"y":5},"rotation":0,"depth":0,"data":"","position":{"x":21391,"y":1059}},{"id":"level_gameover","texture":"level_gameover","anchor":{"x":0.5,"y":0.5},"scale":{"x":2.6,"y":2.6},"rotation":0,"depth":0,"data":"","position":{"x":29734,"y":1572}},{"id":"level_end","texture":"level_end","anchor":{"x":0.5,"y":0.5},"scale":{"x":6.4,"y":6.4},"rotation":0,"depth":0,"data":"","position":{"x":42154,"y":2141}}]},{"name":"obstacles","depth":1,"paths":[],"objects":[{"id":"iceblock_02_00","texture":"theme_02_ice_block_00","anchor":{"x":0.5,"y":1},"scale":{"x":1,"y":1},"rotation":0,"depth":0,"data":"","position":{"x":20035,"y":328}},{"id":"icecube_02_02","texture":"theme_02_ice_cube_02","anchor":{"x":0.5,"y":1},"scale":{"x":1,"y":1},"rotation":34,"depth":0,"data":"","position":{"x":1820,"y":577}},{"id":"icecube_02_02","texture":"theme_02_ice_cube_02","anchor":{"x":0.5,"y":1},"scale":{"x":1,"y":1},"rotation":-15,"depth":0,"data":"","position":{"x":1795,"y":520}},{"id":"icecube_02_01","texture":"theme_02_ice_cube_01","anchor":{"x":0.5,"y":1},"scale":{"x":1,"y":1},"rotation":36,"depth":0,"data":"","position":{"x":1627,"y":445}},{"id":"icecube_02_05","texture":"theme_02_ice_cube_05","anchor":{"x":0.5,"y":1},"scale":{"x":1,"y":1},"rotation":0,"depth":0,"data":"","position":{"x":1746,"y":466}},{"id":"icecube_02_04","texture":"theme_02_ice_cube_04","anchor":{"x":0.5,"y":1},"scale":{"x":1,"y":1},"rotation":0,"depth":0,"data":"","position":{"x":1583,"y":373}},{"id":"icecube_02_00","texture":"theme_02_ice_cube_00","anchor":{"x":0.5,"y":1},"scale":{"x":1,"y":1},"rotation":-19,"depth":0,"data":"","position":{"x":2174,"y":670}},{"id":"icecube_02_02","texture":"theme_02_ice_cube_02","anchor":{"x":0.5,"y":1},"scale":{"x":1,"y":1},"rotation":0,"depth":0,"data":"","position":{"x":1716,"y":409}},{"id":"icecube_02_00","texture":"theme_02_ice_cube_00","anchor":{"x":0.5,"y":1},"scale":{"x":1,"y":1},"rotation":14,"depth":0,"data":"","position":{"x":1669,"y":339}},{"id":"icecube_02_03","texture":"theme_02_ice_cube_03","anchor":{"x":0.5,"y":1},"scale":{"x":1,"y":1},"rotation":0,"depth":0,"data":"","position":{"x":2380,"y":712}},{"id":"icecube_02_02","texture":"theme_02_ice_cube_02","anchor":{"x":0.5,"y":1},"scale":{"x":1,"y":1},"rotation":0,"depth":0,"data":"","position":{"x":2327,"y":658}},{"id":"icecube_02_01","texture":"theme_02_ice_cube_01","anchor":{"x":0.5,"y":1},"scale":{"x":1,"y":1},"rotation":19,"depth":0,"data":"","position":{"x":2225,"y":623}},{"id":"snowman_02_00","texture":"theme_02_snowman_00","anchor":{"x":0.5,"y":1},"scale":{"x":1,"y":1},"rotation":0,"depth":0,"data":"","position":{"x":2727,"y":746}},{"id":"icecube_02_02","texture":"theme_02_ice_cube_02","anchor":{"x":0.5,"y":1},"scale":{"x":1,"y":1},"rotation":0,"depth":0,"data":"","position":{"x":3047,"y":746}},{"id":"icecube_02_03","texture":"theme_02_ice_cube_03","anchor":{"x":0.5,"y":1},"scale":{"x":1,"y":1},"rotation":0,"depth":0,"data":"","position":{"x":3186,"y":749}},{"id":"icecube_02_05","texture":"theme_02_ice_cube_05","anchor":{"x":0.5,"y":1},"scale":{"x":1,"y":1},"rotation":5,"depth":0,"data":"","position":{"x":3127,"y":702}},{"id":"iceblock_02_00","texture":"theme_02_ice_block_00","anchor":{"x":0.5,"y":1},"scale":{"x":1,"y":1},"rotation":0,"depth":0,"data":"","position":{"x":5438,"y":729}},{"id":"icecube_02_04","texture":"theme_02_ice_cube_04","anchor":{"x":0.5,"y":1},"scale":{"x":1,"y":1},"rotation":0,"depth":0,"data":"","position":{"x":4877,"y":739}},{"id":"icecube_02_05","texture":"theme_02_ice_cube_05","anchor":{"x":0.5,"y":1},"scale":{"x":1,"y":1},"rotation":0,"depth":0,"data":"","position":{"x":5000,"y":748}},{"id":"icecube_02_03","texture":"theme_02_ice_cube_03","anchor":{"x":0.5,"y":1},"scale":{"x":1,"y":1},"rotation":12,"depth":0,"data":"","position":{"x":4946,"y":693}},{"id":"snowman_02_00","texture":"theme_02_snowman_00","anchor":{"x":0.5,"y":1},"scale":{"x":1,"y":1},"rotation":0,"depth":0,"data":"","position":{"x":11511,"y":1132}},{"id":"icecube_02_00","texture":"theme_02_ice_cube_00","anchor":{"x":0.5,"y":1},"scale":{"x":1,"y":1},"rotation":10,"depth":0,"data":"","position":{"x":2243,"y":702}},{"id":"icecube_02_00","texture":"theme_02_ice_cube_00","anchor":{"x":0.5,"y":1},"scale":{"x":1,"y":1},"rotation":0,"depth":0,"data":"","position":{"x":12880,"y":1147}},{"id":"snowman_02_00","texture":"theme_02_snowman_00","anchor":{"x":0.5,"y":1},"scale":{"x":1,"y":1},"rotation":0,"depth":0,"data":"","position":{"x":14236,"y":1144}},{"id":"icecube_02_03","texture":"theme_02_ice_cube_03","anchor":{"x":0.5,"y":1},"scale":{"x":1,"y":1},"rotation":-8,"depth":0,"data":"","position":{"x":12932,"y":1099}},{"id":"icecube_02_04","texture":"theme_02_ice_cube_04","anchor":{"x":0.5,"y":1},"scale":{"x":1,"y":1},"rotation":0,"depth":0,"data":"","position":{"x":5459,"y":-1178}},{"id":"icecube_02_05","texture":"theme_02_ice_cube_05","anchor":{"x":0.5,"y":1},"scale":{"x":1,"y":1},"rotation":-10,"depth":0,"data":"","position":{"x":4109,"y":-708}},{"id":"icecube_02_01","texture":"theme_02_ice_cube_01","anchor":{"x":0.5,"y":1},"scale":{"x":1,"y":1},"rotation":5,"depth":0,"data":"","position":{"x":13001,"y":1149}},{"id":"crate_01_00","texture":"theme_01_crate_00","anchor":{"x":0.5,"y":1},"scale":{"x":1,"y":1},"rotation":0,"depth":0,"data":"","position":{"x":7156,"y":82}},{"id":"crate_01_01","texture":"theme_01_crate_01","anchor":{"x":0.5,"y":1},"scale":{"x":1,"y":1},"rotation":28,"depth":0,"data":"","position":{"x":7230,"y":71}},{"id":"icecube_02_05","texture":"theme_02_ice_cube_05","anchor":{"x":0.5,"y":1},"scale":{"x":1,"y":1},"rotation":0,"depth":0,"data":"","position":{"x":15054,"y":1179}},{"id":"icecube_02_04","texture":"theme_02_ice_cube_04","anchor":{"x":0.5,"y":1},"scale":{"x":1,"y":1},"rotation":0,"depth":0,"data":"","position":{"x":14941,"y":1170}},{"id":"icecube_02_02","texture":"theme_02_ice_cube_02","anchor":{"x":0.5,"y":1},"scale":{"x":1,"y":1},"rotation":12,"depth":0,"data":"","position":{"x":15008,"y":1121}},{"id":"icecube_02_01","texture":"theme_02_ice_cube_01","anchor":{"x":0.5,"y":1},"scale":{"x":1,"y":1},"rotation":0,"depth":0,"data":"","position":{"x":30927,"y":-269}},{"id":"icecube_02_04","texture":"theme_02_ice_cube_04","anchor":{"x":0.5,"y":1},"scale":{"x":1,"y":1},"rotation":0,"depth":0,"data":"","position":{"x":30930,"y":-326}},{"id":"icecube_02_05","texture":"theme_02_ice_cube_05","anchor":{"x":0.5,"y":1},"scale":{"x":1,"y":1},"rotation":0,"depth":0,"data":"","position":{"x":30932,"y":-375}},{"id":"icecube_02_05","texture":"theme_02_ice_cube_05","anchor":{"x":0.5,"y":1},"scale":{"x":1,"y":1},"rotation":-22,"depth":0,"data":"","position":{"x":12284,"y":325}},{"id":"icecube_02_03","texture":"theme_02_ice_cube_03","anchor":{"x":0.5,"y":1},"scale":{"x":1,"y":1},"rotation":12,"depth":0,"data":"","position":{"x":12339,"y":278}},{"id":"snowball","texture":"ingame_obstacle_snowball_1","anchor":{"x":0.5,"y":0.5},"scale":{"x":0.6,"y":0.6},"rotation":0,"depth":0,"data":"","position":{"x":30456,"y":-751}},{"id":"iceblock_02_00","texture":"theme_02_ice_block_00","anchor":{"x":0.5,"y":1},"scale":{"x":1,"y":1},"rotation":0,"depth":0,"data":"","position":{"x":34271,"y":273}},{"id":"snowball","texture":"ingame_obstacle_snowball_1","anchor":{"x":0.5,"y":0.5},"scale":{"x":0.4,"y":0.4},"rotation":0,"depth":0,"data":"","position":{"x":29556,"y":-540}},{"id":"icecube_02_02","texture":"theme_02_ice_cube_02","anchor":{"x":0.5,"y":1},"scale":{"x":1,"y":1},"rotation":0,"depth":0,"data":"","position":{"x":32920,"y":-64}},{"id":"icecube_02_04","texture":"theme_02_ice_cube_04","anchor":{"x":0.5,"y":1},"scale":{"x":1,"y":1},"rotation":0,"depth":0,"data":"","position":{"x":33035,"y":-59}},{"id":"icecube_02_00","texture":"theme_02_ice_cube_00","anchor":{"x":0.5,"y":1},"scale":{"x":1,"y":1},"rotation":5,"depth":0,"data":"","position":{"x":32987,"y":-115}},{"id":"snowman_02_00","texture":"theme_02_snowman_00","anchor":{"x":0.5,"y":1},"scale":{"x":1,"y":1},"rotation":0,"depth":0,"data":"","position":{"x":41260,"y":2493}},{"id":"snowman_02_00","texture":"theme_02_snowman_00","anchor":{"x":0.5,"y":1},"scale":{"x":1,"y":1},"rotation":0,"depth":0,"data":"","position":{"x":37663,"y":1407}},{"id":"icecube_02_04","texture":"theme_02_ice_cube_04","anchor":{"x":0.5,"y":1},"scale":{"x":1,"y":1},"rotation":0,"depth":0,"data":"","position":{"x":26906,"y":803}},{"id":"stones_02_02","texture":"theme_02_stones_02","anchor":{"x":0.5,"y":1},"scale":{"x":1,"y":1},"rotation":0,"depth":0,"data":"","position":{"x":4235,"y":757}},{"id":"stones_02_01","texture":"theme_02_stones_01","anchor":{"x":0.5,"y":1},"scale":{"x":1,"y":1},"rotation":0,"depth":0,"data":"","position":{"x":4474,"y":-77}},{"id":"stones_02_01","texture":"theme_02_stones_01","anchor":{"x":0.5,"y":1},"scale":{"x":1,"y":1},"rotation":0,"depth":0,"data":"","position":{"x":16668,"y":1019}},{"id":"stones_02_01","texture":"theme_02_stones_01","anchor":{"x":0.5,"y":1},"scale":{"x":1,"y":1},"rotation":-10,"depth":0,"data":"","position":{"x":28471,"y":1625}},{"id":"wood_02_00","texture":"theme_02_wood_00","anchor":{"x":0.5,"y":1},"scale":{"x":1,"y":1},"rotation":0,"depth":0,"data":"","position":{"x":28371,"y":292}}]},{"name":"pickups","depth":2,"paths":[],"objects":[{"id":"coin","texture":"ui_icon_gameplay_snowflake","anchor":{"x":0.5,"y":0.5},"scale":{"x":1,"y":1},"rotation":0,"depth":0,"data":"","position":{"x":25944,"y":229}},{"id":"coin","texture":"ui_icon_gameplay_snowflake","anchor":{"x":0.5,"y":0.5},"scale":{"x":1,"y":1},"rotation":0,"depth":0,"data":"","position":{"x":24644,"y":1496}},{"id":"crystal_green","texture":"ingame_crystal_green_00","anchor":{"x":0.5,"y":0.5},"scale":{"x":1,"y":1},"rotation":0,"depth":0,"data":"","position":{"x":5437,"y":647}},{"id":"coin","texture":"ui_icon_gameplay_snowflake","anchor":{"x":0.5,"y":0.5},"scale":{"x":1,"y":1},"rotation":0,"depth":0,"data":"","position":{"x":1993,"y":539}},{"id":"coin","texture":"ui_icon_gameplay_snowflake","anchor":{"x":0.5,"y":0.5},"scale":{"x":1,"y":1},"rotation":0,"depth":0,"data":"","position":{"x":2549,"y":645}},{"id":"coin","texture":"ui_icon_gameplay_snowflake","anchor":{"x":0.5,"y":0.5},"scale":{"x":1,"y":1},"rotation":0,"depth":0,"data":"","position":{"x":2904,"y":668}},{"id":"coin","texture":"ui_icon_gameplay_snowflake","anchor":{"x":0.5,"y":0.5},"scale":{"x":1,"y":1},"rotation":0,"depth":0,"data":"","position":{"x":4018,"y":677}},{"id":"coin","texture":"ui_icon_gameplay_snowflake","anchor":{"x":0.5,"y":0.5},"scale":{"x":1,"y":1},"rotation":0,"depth":0,"data":"","position":{"x":4451,"y":681}},{"id":"coin","texture":"ui_icon_gameplay_snowflake","anchor":{"x":0.5,"y":0.5},"scale":{"x":1,"y":1},"rotation":0,"depth":0,"data":"","position":{"x":5145,"y":664}},{"id":"coin","texture":"ui_icon_gameplay_snowflake","anchor":{"x":0.5,"y":0.5},"scale":{"x":1,"y":1},"rotation":0,"depth":0,"data":"","position":{"x":5285,"y":664}},{"id":"coin","texture":"ui_icon_gameplay_snowflake","anchor":{"x":0.5,"y":0.5},"scale":{"x":1,"y":1},"rotation":0,"depth":0,"data":"","position":{"x":5566,"y":635}},{"id":"crystal_cyan","texture":"ingame_crystal_cyan_00","anchor":{"x":0.5,"y":0.5},"scale":{"x":1,"y":1},"rotation":0,"depth":0,"data":"","position":{"x":4519,"y":-296}},{"id":"sven","texture":"sven","anchor":{"x":0.5,"y":1},"scale":{"x":1,"y":1},"rotation":16,"depth":0,"data":"","position":{"x":9766,"y":239}},{"id":"crystal_purple","texture":"ingame_crystal_purple_00","anchor":{"x":0.5,"y":0.5},"scale":{"x":1,"y":1},"rotation":0,"depth":0,"data":"","position":{"x":8423,"y":-1136}},{"id":"coin","texture":"ui_icon_gameplay_snowflake","anchor":{"x":0.5,"y":0.5},"scale":{"x":1,"y":1},"rotation":0,"depth":0,"data":"","position":{"x":8618,"y":-1116}},{"id":"coin","texture":"ui_icon_gameplay_snowflake","anchor":{"x":0.5,"y":0.5},"scale":{"x":1,"y":1},"rotation":0,"depth":0,"data":"","position":{"x":8728,"y":-1097}},{"id":"coin","texture":"ui_icon_gameplay_snowflake","anchor":{"x":0.5,"y":0.5},"scale":{"x":1,"y":1},"rotation":0,"depth":0,"data":"","position":{"x":8812,"y":-1030}},{"id":"coin","texture":"ui_icon_gameplay_snowflake","anchor":{"x":0.5,"y":0.5},"scale":{"x":1,"y":1},"rotation":0,"depth":0,"data":"","position":{"x":8879,"y":-927}},{"id":"coin","texture":"ui_icon_gameplay_snowflake","anchor":{"x":0.5,"y":0.5},"scale":{"x":1,"y":1},"rotation":0,"depth":0,"data":"","position":{"x":8937,"y":-796}},{"id":"coin","texture":"ui_icon_gameplay_snowflake","anchor":{"x":0.5,"y":0.5},"scale":{"x":1,"y":1},"rotation":0,"depth":0,"data":"","position":{"x":8992,"y":-630}},{"id":"coin","texture":"ui_icon_gameplay_snowflake","anchor":{"x":0.5,"y":0.5},"scale":{"x":1,"y":1},"rotation":0,"depth":0,"data":"","position":{"x":4256,"y":-203}},{"id":"coin","texture":"ui_icon_gameplay_snowflake","anchor":{"x":0.5,"y":0.5},"scale":{"x":1,"y":1},"rotation":0,"depth":0,"data":"","position":{"x":4323,"y":-285}},{"id":"coin","texture":"ui_icon_gameplay_snowflake","anchor":{"x":0.5,"y":0.5},"scale":{"x":1,"y":1},"rotation":0,"depth":0,"data":"","position":{"x":4421,"y":-321}},{"id":"coin","texture":"ui_icon_gameplay_snowflake","anchor":{"x":0.5,"y":0.5},"scale":{"x":1,"y":1},"rotation":0,"depth":0,"data":"","position":{"x":4654,"y":-258}},{"id":"coin","texture":"ui_icon_gameplay_snowflake","anchor":{"x":0.5,"y":0.5},"scale":{"x":1,"y":1},"rotation":0,"depth":0,"data":"","position":{"x":4737,"y":-163}},{"id":"coin","texture":"ui_icon_gameplay_snowflake","anchor":{"x":0.5,"y":0.5},"scale":{"x":1,"y":1},"rotation":0,"depth":0,"data":"","position":{"x":4544,"y":-858}},{"id":"coin","texture":"ui_icon_gameplay_snowflake","anchor":{"x":0.5,"y":0.5},"scale":{"x":1,"y":1},"rotation":0,"depth":0,"data":"","position":{"x":4604,"y":-957}},{"id":"coin","texture":"ui_icon_gameplay_snowflake","anchor":{"x":0.5,"y":0.5},"scale":{"x":1,"y":1},"rotation":0,"depth":0,"data":"","position":{"x":4679,"y":-1038}},{"id":"coin","texture":"ui_icon_gameplay_snowflake","anchor":{"x":0.5,"y":0.5},"scale":{"x":1,"y":1},"rotation":0,"depth":0,"data":"","position":{"x":4786,"y":-1105}},{"id":"coin","texture":"ui_icon_gameplay_snowflake","anchor":{"x":0.5,"y":0.5},"scale":{"x":1,"y":1},"rotation":0,"depth":0,"data":"","position":{"x":4901,"y":-1115}},{"id":"coin","texture":"ui_icon_gameplay_snowflake","anchor":{"x":0.5,"y":0.5},"scale":{"x":1,"y":1},"rotation":0,"depth":0,"data":"","position":{"x":6199,"y":-1206}},{"id":"coin","texture":"ui_icon_gameplay_snowflake","anchor":{"x":0.5,"y":0.5},"scale":{"x":1,"y":1},"rotation":0,"depth":0,"data":"","position":{"x":6358,"y":-1200}},{"id":"coin","texture":"ui_icon_gameplay_snowflake","anchor":{"x":0.5,"y":0.5},"scale":{"x":1,"y":1},"rotation":0,"depth":0,"data":"","position":{"x":6512,"y":-1198}},{"id":"coin","texture":"ui_icon_gameplay_snowflake","anchor":{"x":0.5,"y":0.5},"scale":{"x":1,"y":1},"rotation":0,"depth":0,"data":"","position":{"x":6670,"y":-1195}},{"id":"coin","texture":"ui_icon_gameplay_snowflake","anchor":{"x":0.5,"y":0.5},"scale":{"x":1,"y":1},"rotation":0,"depth":0,"data":"","position":{"x":6852,"y":-1185}},{"id":"coin","texture":"ui_icon_gameplay_snowflake","anchor":{"x":0.5,"y":0.5},"scale":{"x":1,"y":1},"rotation":0,"depth":0,"data":"","position":{"x":7011,"y":-1130}},{"id":"coin","texture":"ui_icon_gameplay_snowflake","anchor":{"x":0.5,"y":0.5},"scale":{"x":1,"y":1},"rotation":0,"depth":0,"data":"","position":{"x":1944,"y":-293}},{"id":"coin","texture":"ui_icon_gameplay_snowflake","anchor":{"x":0.5,"y":0.5},"scale":{"x":1,"y":1},"rotation":0,"depth":0,"data":"","position":{"x":2094,"y":-416}},{"id":"coin","texture":"ui_icon_gameplay_snowflake","anchor":{"x":0.5,"y":0.5},"scale":{"x":1,"y":1},"rotation":0,"depth":0,"data":"","position":{"x":2370,"y":-488}},{"id":"coin","texture":"ui_icon_gameplay_snowflake","anchor":{"x":0.5,"y":0.5},"scale":{"x":1,"y":1},"rotation":0,"depth":0,"data":"","position":{"x":2558,"y":-550}},{"id":"coin","texture":"ui_icon_gameplay_snowflake","anchor":{"x":0.5,"y":0.5},"scale":{"x":1,"y":1},"rotation":0,"depth":0,"data":"","position":{"x":2592,"y":-693}},{"id":"coin","texture":"ui_icon_gameplay_snowflake","anchor":{"x":0.5,"y":0.5},"scale":{"x":1,"y":1},"rotation":0,"depth":0,"data":"","position":{"x":2709,"y":-793}},{"id":"coin","texture":"ui_icon_gameplay_snowflake","anchor":{"x":0.5,"y":0.5},"scale":{"x":1,"y":1},"rotation":0,"depth":0,"data":"","position":{"x":2772,"y":-933}},{"id":"coin","texture":"ui_icon_gameplay_snowflake","anchor":{"x":0.5,"y":0.5},"scale":{"x":1,"y":1},"rotation":0,"depth":0,"data":"","position":{"x":2901,"y":-1009}},{"id":"crystal_pink","texture":"ingame_crystal_pink_00","anchor":{"x":0.5,"y":0.5},"scale":{"x":1,"y":1},"rotation":0,"depth":0,"data":"","position":{"x":3027,"y":-1011}},{"id":"coin","texture":"ui_icon_gameplay_snowflake","anchor":{"x":0.5,"y":0.5},"scale":{"x":1,"y":1},"rotation":0,"depth":0,"data":"","position":{"x":11321,"y":100}},{"id":"coin","texture":"ui_icon_gameplay_snowflake","anchor":{"x":0.5,"y":0.5},"scale":{"x":1,"y":1},"rotation":0,"depth":0,"data":"","position":{"x":10848,"y":85}},{"id":"coin","texture":"ui_icon_gameplay_snowflake","anchor":{"x":0.5,"y":0.5},"scale":{"x":1,"y":1},"rotation":0,"depth":0,"data":"","position":{"x":11007,"y":79}},{"id":"coin","texture":"ui_icon_gameplay_snowflake","anchor":{"x":0.5,"y":0.5},"scale":{"x":1,"y":1},"rotation":0,"depth":0,"data":"","position":{"x":11190,"y":81}},{"id":"coin","texture":"ui_icon_gameplay_snowflake","anchor":{"x":0.5,"y":0.5},"scale":{"x":1,"y":1},"rotation":0,"depth":0,"data":"","position":{"x":11906,"y":305}},{"id":"coin","texture":"ui_icon_gameplay_snowflake","anchor":{"x":0.5,"y":0.5},"scale":{"x":1,"y":1},"rotation":0,"depth":0,"data":"","position":{"x":12078,"y":286}},{"id":"coin","texture":"ui_icon_gameplay_snowflake","anchor":{"x":0.5,"y":0.5},"scale":{"x":1,"y":1},"rotation":0,"depth":0,"data":"","position":{"x":12140,"y":152}},{"id":"coin","texture":"ui_icon_gameplay_snowflake","anchor":{"x":0.5,"y":0.5},"scale":{"x":1,"y":1},"rotation":0,"depth":0,"data":"","position":{"x":12246,"y":65}},{"id":"coin","texture":"ui_icon_gameplay_snowflake","anchor":{"x":0.5,"y":0.5},"scale":{"x":1,"y":1},"rotation":0,"depth":0,"data":"","position":{"x":12393,"y":98}},{"id":"coin","texture":"ui_icon_gameplay_snowflake","anchor":{"x":0.5,"y":0.5},"scale":{"x":1,"y":1},"rotation":0,"depth":0,"data":"","position":{"x":12596,"y":228}},{"id":"coin","texture":"ui_icon_gameplay_snowflake","anchor":{"x":0.5,"y":0.5},"scale":{"x":1,"y":1},"rotation":0,"depth":0,"data":"","position":{"x":13216,"y":77}},{"id":"coin","texture":"ui_icon_gameplay_snowflake","anchor":{"x":0.5,"y":0.5},"scale":{"x":1,"y":1},"rotation":0,"depth":0,"data":"","position":{"x":13432,"y":23}},{"id":"coin","texture":"ui_icon_gameplay_snowflake","anchor":{"x":0.5,"y":0.5},"scale":{"x":1,"y":1},"rotation":0,"depth":0,"data":"","position":{"x":13650,"y":48}},{"id":"coin","texture":"ui_icon_gameplay_snowflake","anchor":{"x":0.5,"y":0.5},"scale":{"x":1,"y":1},"rotation":0,"depth":0,"data":"","position":{"x":13868,"y":89}},{"id":"coin","texture":"ui_icon_gameplay_snowflake","anchor":{"x":0.5,"y":0.5},"scale":{"x":1,"y":1},"rotation":0,"depth":0,"data":"","position":{"x":14479,"y":-10}},{"id":"coin","texture":"ui_icon_gameplay_snowflake","anchor":{"x":0.5,"y":0.5},"scale":{"x":1,"y":1},"rotation":0,"depth":0,"data":"","position":{"x":14643,"y":-23}},{"id":"coin","texture":"ui_icon_gameplay_snowflake","anchor":{"x":0.5,"y":0.5},"scale":{"x":1,"y":1},"rotation":0,"depth":0,"data":"","position":{"x":14813,"y":36}},{"id":"coin","texture":"ui_icon_gameplay_snowflake","anchor":{"x":0.5,"y":0.5},"scale":{"x":1,"y":1},"rotation":0,"depth":0,"data":"","position":{"x":16649,"y":239}},{"id":"coin","texture":"ui_icon_gameplay_snowflake","anchor":{"x":0.5,"y":0.5},"scale":{"x":1,"y":1},"rotation":0,"depth":0,"data":"","position":{"x":16542,"y":169}},{"id":"coin","texture":"ui_icon_gameplay_snowflake","anchor":{"x":0.5,"y":0.5},"scale":{"x":1,"y":1},"rotation":0,"depth":0,"data":"","position":{"x":18911,"y":199}},{"id":"coin","texture":"ui_icon_gameplay_snowflake","anchor":{"x":0.5,"y":0.5},"scale":{"x":1,"y":1},"rotation":0,"depth":0,"data":"","position":{"x":16449,"y":890}},{"id":"coin","texture":"ui_icon_gameplay_snowflake","anchor":{"x":0.5,"y":0.5},"scale":{"x":1,"y":1},"rotation":0,"depth":0,"data":"","position":{"x":16838,"y":-159}},{"id":"crystal_purple","texture":"ingame_crystal_purple_00","anchor":{"x":0.5,"y":0.5},"scale":{"x":1,"y":1},"rotation":0,"depth":0,"data":"","position":{"x":16748,"y":345}},{"id":"coin","texture":"ui_icon_gameplay_snowflake","anchor":{"x":0.5,"y":0.5},"scale":{"x":1,"y":1},"rotation":0,"depth":0,"data":"","position":{"x":17672,"y":-170}},{"id":"coin","texture":"ui_icon_gameplay_snowflake","anchor":{"x":0.5,"y":0.5},"scale":{"x":1,"y":1},"rotation":0,"depth":0,"data":"","position":{"x":17748,"y":-269}},{"id":"coin","texture":"ui_icon_gameplay_snowflake","anchor":{"x":0.5,"y":0.5},"scale":{"x":1,"y":1},"rotation":0,"depth":0,"data":"","position":{"x":17860,"y":-352}},{"id":"coin","texture":"ui_icon_gameplay_snowflake","anchor":{"x":0.5,"y":0.5},"scale":{"x":1,"y":1},"rotation":0,"depth":0,"data":"","position":{"x":17918,"y":-470}},{"id":"coin","texture":"ui_icon_gameplay_snowflake","anchor":{"x":0.5,"y":0.5},"scale":{"x":1,"y":1},"rotation":0,"depth":0,"data":"","position":{"x":18012,"y":-544}},{"id":"crystal_pink","texture":"ingame_crystal_pink_00","anchor":{"x":0.5,"y":0.5},"scale":{"x":1,"y":1},"rotation":0,"depth":0,"data":"","position":{"x":18149,"y":-593}},{"id":"coin","texture":"ui_icon_gameplay_snowflake","anchor":{"x":0.5,"y":0.5},"scale":{"x":1,"y":1},"rotation":0,"depth":0,"data":"","position":{"x":17063,"y":-227}},{"id":"coin","texture":"ui_icon_gameplay_snowflake","anchor":{"x":0.5,"y":0.5},"scale":{"x":1,"y":1},"rotation":0,"depth":0,"data":"","position":{"x":17398,"y":-227}},{"id":"coin","texture":"ui_icon_gameplay_snowflake","anchor":{"x":0.5,"y":0.5},"scale":{"x":1,"y":1},"rotation":0,"depth":0,"data":"","position":{"x":15470,"y":154}},{"id":"coin","texture":"ui_icon_gameplay_snowflake","anchor":{"x":0.5,"y":0.5},"scale":{"x":1,"y":1},"rotation":0,"depth":0,"data":"","position":{"x":15829,"y":125}},{"id":"coin","texture":"ui_icon_gameplay_snowflake","anchor":{"x":0.5,"y":0.5},"scale":{"x":1,"y":1},"rotation":0,"depth":0,"data":"","position":{"x":16135,"y":77}},{"id":"coin","texture":"ui_icon_gameplay_snowflake","anchor":{"x":0.5,"y":0.5},"scale":{"x":1,"y":1},"rotation":0,"depth":0,"data":"","position":{"x":16409,"y":165}},{"id":"coin","texture":"ui_icon_gameplay_snowflake","anchor":{"x":0.5,"y":0.5},"scale":{"x":1,"y":1},"rotation":0,"depth":0,"data":"","position":{"x":10468,"y":709}},{"id":"coin","texture":"ui_icon_gameplay_snowflake","anchor":{"x":0.5,"y":0.5},"scale":{"x":1,"y":1},"rotation":0,"depth":0,"data":"","position":{"x":10591,"y":849}},{"id":"coin","texture":"ui_icon_gameplay_snowflake","anchor":{"x":0.5,"y":0.5},"scale":{"x":1,"y":1},"rotation":0,"depth":0,"data":"","position":{"x":10746,"y":906}},{"id":"coin","texture":"ui_icon_gameplay_snowflake","anchor":{"x":0.5,"y":0.5},"scale":{"x":1,"y":1},"rotation":0,"depth":0,"data":"","position":{"x":11112,"y":982}},{"id":"coin","texture":"ui_icon_gameplay_snowflake","anchor":{"x":0.5,"y":0.5},"scale":{"x":1,"y":1},"rotation":0,"depth":0,"data":"","position":{"x":11327,"y":986}},{"id":"coin","texture":"ui_icon_gameplay_snowflake","anchor":{"x":0.5,"y":0.5},"scale":{"x":1,"y":1},"rotation":0,"depth":0,"data":"","position":{"x":11468,"y":852}},{"id":"coin","texture":"ui_icon_gameplay_snowflake","anchor":{"x":0.5,"y":0.5},"scale":{"x":1,"y":1},"rotation":0,"depth":0,"data":"","position":{"x":11610,"y":877}},{"id":"coin","texture":"ui_icon_gameplay_snowflake","anchor":{"x":0.5,"y":0.5},"scale":{"x":1,"y":1},"rotation":0,"depth":0,"data":"","position":{"x":11722,"y":1042}},{"id":"coin","texture":"ui_icon_gameplay_snowflake","anchor":{"x":0.5,"y":0.5},"scale":{"x":1,"y":1},"rotation":0,"depth":0,"data":"","position":{"x":12740,"y":1003}},{"id":"coin","texture":"ui_icon_gameplay_snowflake","anchor":{"x":0.5,"y":0.5},"scale":{"x":1,"y":1},"rotation":0,"depth":0,"data":"","position":{"x":12878,"y":880}},{"id":"coin","texture":"ui_icon_gameplay_snowflake","anchor":{"x":0.5,"y":0.5},"scale":{"x":1,"y":1},"rotation":0,"depth":0,"data":"","position":{"x":13024,"y":875}},{"id":"coin","texture":"ui_icon_gameplay_snowflake","anchor":{"x":0.5,"y":0.5},"scale":{"x":1,"y":1},"rotation":0,"depth":0,"data":"","position":{"x":13142,"y":1010}},{"id":"coin","texture":"ui_icon_gameplay_snowflake","anchor":{"x":0.5,"y":0.5},"scale":{"x":1,"y":1},"rotation":0,"depth":0,"data":"","position":{"x":16587,"y":756}},{"id":"coin","texture":"ui_icon_gameplay_snowflake","anchor":{"x":0.5,"y":0.5},"scale":{"x":1,"y":1},"rotation":0,"depth":0,"data":"","position":{"x":16748,"y":776}},{"id":"troll_magic","texture":"ingame_troll_magic_00","anchor":{"x":0.5,"y":0.5},"scale":{"x":1,"y":1},"rotation":0,"depth":0,"data":"","position":{"x":1447,"y":206}},{"id":"crystal_green","texture":"ingame_crystal_green_00","anchor":{"x":0.5,"y":0.5},"scale":{"x":1,"y":1},"rotation":0,"depth":0,"data":"","position":{"x":20033,"y":245}},{"id":"coin","texture":"ui_icon_gameplay_snowflake","anchor":{"x":0.5,"y":0.5},"scale":{"x":1,"y":1},"rotation":0,"depth":0,"data":"","position":{"x":6253,"y":308}},{"id":"coin","texture":"ui_icon_gameplay_snowflake","anchor":{"x":0.5,"y":0.5},"scale":{"x":1,"y":1},"rotation":0,"depth":0,"data":"","position":{"x":7578,"y":-25}},{"id":"coin","texture":"ui_icon_gameplay_snowflake","anchor":{"x":0.5,"y":0.5},"scale":{"x":1,"y":1},"rotation":0,"depth":0,"data":"","position":{"x":7661,"y":-106}},{"id":"coin","texture":"ui_icon_gameplay_snowflake","anchor":{"x":0.5,"y":0.5},"scale":{"x":1,"y":1},"rotation":0,"depth":0,"data":"","position":{"x":7761,"y":-164}},{"id":"coin","texture":"ui_icon_gameplay_snowflake","anchor":{"x":0.5,"y":0.5},"scale":{"x":1,"y":1},"rotation":0,"depth":0,"data":"","position":{"x":7920,"y":-193}},{"id":"coin","texture":"ui_icon_gameplay_snowflake","anchor":{"x":0.5,"y":0.5},"scale":{"x":1,"y":1},"rotation":0,"depth":0,"data":"","position":{"x":8091,"y":-143}},{"id":"coin","texture":"ui_icon_gameplay_snowflake","anchor":{"x":0.5,"y":0.5},"scale":{"x":1,"y":1},"rotation":0,"depth":0,"data":"","position":{"x":8209,"y":-52}},{"id":"coin","texture":"ui_icon_gameplay_snowflake","anchor":{"x":0.5,"y":0.5},"scale":{"x":1,"y":1},"rotation":0,"depth":0,"data":"","position":{"x":8298,"y":85}},{"id":"coin","texture":"ui_icon_gameplay_snowflake","anchor":{"x":0.5,"y":0.5},"scale":{"x":1,"y":1},"rotation":0,"depth":0,"data":"","position":{"x":6576,"y":100}},{"id":"coin","texture":"ui_icon_gameplay_snowflake","anchor":{"x":0.5,"y":0.5},"scale":{"x":1,"y":1},"rotation":0,"depth":0,"data":"","position":{"x":6970,"y":8}},{"id":"coin","texture":"ui_icon_gameplay_snowflake","anchor":{"x":0.5,"y":0.5},"scale":{"x":1,"y":1},"rotation":0,"depth":0,"data":"","position":{"x":10348,"y":572}},{"id":"coin","texture":"ui_icon_gameplay_snowflake","anchor":{"x":0.5,"y":0.5},"scale":{"x":1,"y":1},"rotation":0,"depth":0,"data":"","position":{"x":18130,"y":412}},{"id":"coin","texture":"ui_icon_gameplay_snowflake","anchor":{"x":0.5,"y":0.5},"scale":{"x":1,"y":1},"rotation":0,"depth":0,"data":"","position":{"x":20045,"y":48}},{"id":"coin","texture":"ui_icon_gameplay_snowflake","anchor":{"x":0.5,"y":0.5},"scale":{"x":1,"y":1},"rotation":0,"depth":0,"data":"","position":{"x":19033,"y":201}},{"id":"coin","texture":"ui_icon_gameplay_snowflake","anchor":{"x":0.5,"y":0.5},"scale":{"x":1,"y":1},"rotation":0,"depth":0,"data":"","position":{"x":14207,"y":843}},{"id":"coin","texture":"ui_icon_gameplay_snowflake","anchor":{"x":0.5,"y":0.5},"scale":{"x":1,"y":1},"rotation":0,"depth":0,"data":"","position":{"x":14080,"y":948}},{"id":"coin","texture":"ui_icon_gameplay_snowflake","anchor":{"x":0.5,"y":0.5},"scale":{"x":1,"y":1},"rotation":0,"depth":0,"data":"","position":{"x":14350,"y":841}},{"id":"coin","texture":"ui_icon_gameplay_snowflake","anchor":{"x":0.5,"y":0.5},"scale":{"x":1,"y":1},"rotation":0,"depth":0,"data":"","position":{"x":14467,"y":987}},{"id":"coin","texture":"ui_icon_gameplay_snowflake","anchor":{"x":0.5,"y":0.5},"scale":{"x":1,"y":1},"rotation":0,"depth":0,"data":"","position":{"x":15321,"y":1049}},{"id":"coin","texture":"ui_icon_gameplay_snowflake","anchor":{"x":0.5,"y":0.5},"scale":{"x":1,"y":1},"rotation":0,"depth":0,"data":"","position":{"x":15457,"y":1029}},{"id":"coin","texture":"ui_icon_gameplay_snowflake","anchor":{"x":0.5,"y":0.5},"scale":{"x":1,"y":1},"rotation":0,"depth":0,"data":"","position":{"x":15588,"y":985}},{"id":"coin","texture":"ui_icon_gameplay_snowflake","anchor":{"x":0.5,"y":0.5},"scale":{"x":1,"y":1},"rotation":0,"depth":0,"data":"","position":{"x":2070,"y":567}},{"id":"coin","texture":"ui_icon_gameplay_snowflake","anchor":{"x":0.5,"y":0.5},"scale":{"x":1,"y":1},"rotation":0,"depth":0,"data":"","position":{"x":3317,"y":680}},{"id":"coin","texture":"ui_icon_gameplay_snowflake","anchor":{"x":0.5,"y":0.5},"scale":{"x":1,"y":1},"rotation":0,"depth":0,"data":"","position":{"x":3427,"y":677}},{"id":"coin","texture":"ui_icon_gameplay_snowflake","anchor":{"x":0.5,"y":0.5},"scale":{"x":1,"y":1},"rotation":0,"depth":0,"data":"","position":{"x":5684,"y":608}},{"id":"coin","texture":"ui_icon_gameplay_snowflake","anchor":{"x":0.5,"y":0.5},"scale":{"x":1,"y":1},"rotation":0,"depth":0,"data":"","position":{"x":29508,"y":1039}},{"id":"coin","texture":"ui_icon_gameplay_snowflake","anchor":{"x":0.5,"y":0.5},"scale":{"x":1,"y":1},"rotation":0,"depth":0,"data":"","position":{"x":29562,"y":943}},{"id":"crystal_cyan","texture":"ingame_crystal_cyan_00","anchor":{"x":0.5,"y":0.5},"scale":{"x":1,"y":1},"rotation":0,"depth":0,"data":"","position":{"x":29697,"y":846}},{"id":"coin","texture":"ui_icon_gameplay_snowflake","anchor":{"x":0.5,"y":0.5},"scale":{"x":1,"y":1},"rotation":0,"depth":0,"data":"","position":{"x":29858,"y":874}},{"id":"coin","texture":"ui_icon_gameplay_snowflake","anchor":{"x":0.5,"y":0.5},"scale":{"x":1,"y":1},"rotation":0,"depth":0,"data":"","position":{"x":1331,"y":120}},{"id":"coin","texture":"ui_icon_gameplay_snowflake","anchor":{"x":0.5,"y":0.5},"scale":{"x":1,"y":1},"rotation":0,"depth":0,"data":"","position":{"x":28208,"y":1331}},{"id":"coin","texture":"ui_icon_gameplay_snowflake","anchor":{"x":0.5,"y":0.5},"scale":{"x":1,"y":1},"rotation":0,"depth":0,"data":"","position":{"x":28353,"y":1292}},{"id":"coin","texture":"ui_icon_gameplay_snowflake","anchor":{"x":0.5,"y":0.5},"scale":{"x":1,"y":1},"rotation":0,"depth":0,"data":"","position":{"x":28508,"y":1258}},{"id":"coin","texture":"ui_icon_gameplay_snowflake","anchor":{"x":0.5,"y":0.5},"scale":{"x":1,"y":1},"rotation":0,"depth":0,"data":"","position":{"x":28629,"y":1249}},{"id":"coin","texture":"ui_icon_gameplay_snowflake","anchor":{"x":0.5,"y":0.5},"scale":{"x":1,"y":1},"rotation":0,"depth":0,"data":"","position":{"x":30003,"y":930}},{"id":"coin","texture":"ui_icon_gameplay_snowflake","anchor":{"x":0.5,"y":0.5},"scale":{"x":1,"y":1},"rotation":0,"depth":0,"data":"","position":{"x":26328,"y":1548}},{"id":"coin","texture":"ui_icon_gameplay_snowflake","anchor":{"x":0.5,"y":0.5},"scale":{"x":1,"y":1},"rotation":0,"depth":0,"data":"","position":{"x":26465,"y":1537}},{"id":"coin","texture":"ui_icon_gameplay_snowflake","anchor":{"x":0.5,"y":0.5},"scale":{"x":1,"y":1},"rotation":0,"depth":0,"data":"","position":{"x":26633,"y":1530}},{"id":"coin","texture":"ui_icon_gameplay_snowflake","anchor":{"x":0.5,"y":0.5},"scale":{"x":1,"y":1},"rotation":0,"depth":0,"data":"","position":{"x":23162,"y":-6}},{"id":"coin","texture":"ui_icon_gameplay_snowflake","anchor":{"x":0.5,"y":0.5},"scale":{"x":1,"y":1},"rotation":0,"depth":0,"data":"","position":{"x":23309,"y":-6}},{"id":"coin","texture":"ui_icon_gameplay_snowflake","anchor":{"x":0.5,"y":0.5},"scale":{"x":1,"y":1},"rotation":0,"depth":0,"data":"","position":{"x":23482,"y":-8}},{"id":"coin","texture":"ui_icon_gameplay_snowflake","anchor":{"x":0.5,"y":0.5},"scale":{"x":1,"y":1},"rotation":0,"depth":0,"data":"","position":{"x":23662,"y":-8}},{"id":"coin","texture":"ui_icon_gameplay_snowflake","anchor":{"x":0.5,"y":0.5},"scale":{"x":1,"y":1},"rotation":0,"depth":0,"data":"","position":{"x":26193,"y":1555}},{"id":"coin","texture":"ui_icon_gameplay_snowflake","anchor":{"x":0.5,"y":0.5},"scale":{"x":1,"y":1},"rotation":0,"depth":0,"data":"","position":{"x":25734,"y":232}},{"id":"crystal_purple","texture":"ingame_crystal_purple_00","anchor":{"x":0.5,"y":0.5},"scale":{"x":1,"y":1},"rotation":0,"depth":0,"data":"","position":{"x":26253,"y":163}},{"id":"coin","texture":"ui_icon_gameplay_snowflake","anchor":{"x":0.5,"y":0.5},"scale":{"x":1,"y":1},"rotation":0,"depth":0,"data":"","position":{"x":24467,"y":1448}},{"id":"coin","texture":"ui_icon_gameplay_snowflake","anchor":{"x":0.5,"y":0.5},"scale":{"x":1,"y":1},"rotation":0,"depth":0,"data":"","position":{"x":16860,"y":909}},{"id":"coin","texture":"ui_icon_gameplay_snowflake","anchor":{"x":0.5,"y":0.5},"scale":{"x":1,"y":1},"rotation":0,"depth":0,"data":"","position":{"x":24848,"y":1539}},{"id":"coin","texture":"ui_icon_gameplay_snowflake","anchor":{"x":0.5,"y":0.5},"scale":{"x":1,"y":1},"rotation":0,"depth":0,"data":"","position":{"x":25039,"y":1578}},{"id":"coin","texture":"ui_icon_gameplay_snowflake","anchor":{"x":0.5,"y":0.5},"scale":{"x":1,"y":1},"rotation":0,"depth":0,"data":"","position":{"x":25494,"y":1596}},{"id":"coin","texture":"ui_icon_gameplay_snowflake","anchor":{"x":0.5,"y":0.5},"scale":{"x":1,"y":1},"rotation":0,"depth":0,"data":"","position":{"x":25950,"y":1365}},{"id":"coin","texture":"ui_icon_gameplay_snowflake","anchor":{"x":0.5,"y":0.5},"scale":{"x":1,"y":1},"rotation":0,"depth":0,"data":"","position":{"x":26067,"y":1225}},{"id":"coin","texture":"ui_icon_gameplay_snowflake","anchor":{"x":0.5,"y":0.5},"scale":{"x":1,"y":1},"rotation":0,"depth":0,"data":"","position":{"x":26213,"y":1073}},{"id":"coin","texture":"ui_icon_gameplay_snowflake","anchor":{"x":0.5,"y":0.5},"scale":{"x":1,"y":1},"rotation":0,"depth":0,"data":"","position":{"x":24751,"y":713}},{"id":"coin","texture":"ui_icon_gameplay_snowflake","anchor":{"x":0.5,"y":0.5},"scale":{"x":1,"y":1},"rotation":0,"depth":0,"data":"","position":{"x":24928,"y":734}},{"id":"coin","texture":"ui_icon_gameplay_snowflake","anchor":{"x":0.5,"y":0.5},"scale":{"x":1,"y":1},"rotation":0,"depth":0,"data":"","position":{"x":25116,"y":730}},{"id":"coin","texture":"ui_icon_gameplay_snowflake","anchor":{"x":0.5,"y":0.5},"scale":{"x":1,"y":1},"rotation":0,"depth":0,"data":"","position":{"x":25272,"y":722}},{"id":"coin","texture":"ui_icon_gameplay_snowflake","anchor":{"x":0.5,"y":0.5},"scale":{"x":1,"y":1},"rotation":0,"depth":0,"data":"","position":{"x":27410,"y":1403}},{"id":"coin","texture":"ui_icon_gameplay_snowflake","anchor":{"x":0.5,"y":0.5},"scale":{"x":1,"y":1},"rotation":0,"depth":0,"data":"","position":{"x":27201,"y":1390}},{"id":"coin","texture":"ui_icon_gameplay_snowflake","anchor":{"x":0.5,"y":0.5},"scale":{"x":1,"y":1},"rotation":0,"depth":0,"data":"","position":{"x":30263,"y":569}},{"id":"coin","texture":"ui_icon_gameplay_snowflake","anchor":{"x":0.5,"y":0.5},"scale":{"x":1,"y":1},"rotation":0,"depth":0,"data":"","position":{"x":30314,"y":487}},{"id":"coin","texture":"ui_icon_gameplay_snowflake","anchor":{"x":0.5,"y":0.5},"scale":{"x":1,"y":1},"rotation":0,"depth":0,"data":"","position":{"x":30399,"y":540}},{"id":"coin","texture":"ui_icon_gameplay_snowflake","anchor":{"x":0.5,"y":0.5},"scale":{"x":1,"y":1},"rotation":0,"depth":0,"data":"","position":{"x":28332,"y":110}},{"id":"coin","texture":"ui_icon_gameplay_snowflake","anchor":{"x":0.5,"y":0.5},"scale":{"x":1,"y":1},"rotation":0,"depth":0,"data":"","position":{"x":28433,"y":122}},{"id":"coin","texture":"ui_icon_gameplay_snowflake","anchor":{"x":0.5,"y":0.5},"scale":{"x":1,"y":1},"rotation":0,"depth":0,"data":"","position":{"x":26884,"y":621}},{"id":"coin","texture":"ui_icon_gameplay_snowflake","anchor":{"x":0.5,"y":0.5},"scale":{"x":1,"y":1},"rotation":0,"depth":0,"data":"","position":{"x":29253,"y":-145}},{"id":"coin","texture":"ui_icon_gameplay_snowflake","anchor":{"x":0.5,"y":0.5},"scale":{"x":1,"y":1},"rotation":0,"depth":0,"data":"","position":{"x":29321,"y":-234}},{"id":"coin","texture":"ui_icon_gameplay_snowflake","anchor":{"x":0.5,"y":0.5},"scale":{"x":1,"y":1},"rotation":0,"depth":0,"data":"","position":{"x":29422,"y":-198}},{"id":"coin","texture":"ui_icon_gameplay_snowflake","anchor":{"x":0.5,"y":0.5},"scale":{"x":1,"y":1},"rotation":0,"depth":0,"data":"","position":{"x":30123,"y":-233}},{"id":"coin","texture":"ui_icon_gameplay_snowflake","anchor":{"x":0.5,"y":0.5},"scale":{"x":1,"y":1},"rotation":0,"depth":0,"data":"","position":{"x":30263,"y":-278}},{"id":"coin","texture":"ui_icon_gameplay_snowflake","anchor":{"x":0.5,"y":0.5},"scale":{"x":1,"y":1},"rotation":0,"depth":0,"data":"","position":{"x":30422,"y":-318}},{"id":"coin","texture":"ui_icon_gameplay_snowflake","anchor":{"x":0.5,"y":0.5},"scale":{"x":1,"y":1},"rotation":0,"depth":0,"data":"","position":{"x":30891,"y":-529}},{"id":"coin","texture":"ui_icon_gameplay_snowflake","anchor":{"x":0.5,"y":0.5},"scale":{"x":1,"y":1},"rotation":0,"depth":0,"data":"","position":{"x":31003,"y":-529}},{"id":"coin","texture":"ui_icon_gameplay_snowflake","anchor":{"x":0.5,"y":0.5},"scale":{"x":1,"y":1},"rotation":0,"depth":0,"data":"","position":{"x":30953,"y":-613}},{"id":"coin","texture":"ui_icon_gameplay_snowflake","anchor":{"x":0.5,"y":0.5},"scale":{"x":1,"y":1},"rotation":0,"depth":0,"data":"","position":{"x":31747,"y":-56}},{"id":"coin","texture":"ui_icon_gameplay_snowflake","anchor":{"x":0.5,"y":0.5},"scale":{"x":1,"y":1},"rotation":0,"depth":0,"data":"","position":{"x":32236,"y":-182}},{"id":"coin","texture":"ui_icon_gameplay_snowflake","anchor":{"x":0.5,"y":0.5},"scale":{"x":1,"y":1},"rotation":0,"depth":0,"data":"","position":{"x":32347,"y":-185}},{"id":"coin","texture":"ui_icon_gameplay_snowflake","anchor":{"x":0.5,"y":0.5},"scale":{"x":1,"y":1},"rotation":0,"depth":0,"data":"","position":{"x":23070,"y":354}},{"id":"coin","texture":"ui_icon_gameplay_snowflake","anchor":{"x":0.5,"y":0.5},"scale":{"x":1,"y":1},"rotation":0,"depth":0,"data":"","position":{"x":23514,"y":676}},{"id":"coin","texture":"ui_icon_gameplay_snowflake","anchor":{"x":0.5,"y":0.5},"scale":{"x":1,"y":1},"rotation":0,"depth":0,"data":"","position":{"x":23926,"y":1036}},{"id":"coin","texture":"ui_icon_gameplay_snowflake","anchor":{"x":0.5,"y":0.5},"scale":{"x":1,"y":1},"rotation":0,"depth":0,"data":"","position":{"x":21816,"y":279}},{"id":"coin","texture":"ui_icon_gameplay_snowflake","anchor":{"x":0.5,"y":0.5},"scale":{"x":1,"y":1},"rotation":0,"depth":0,"data":"","position":{"x":21574,"y":288}},{"id":"coin","texture":"ui_icon_gameplay_snowflake","anchor":{"x":0.5,"y":0.5},"scale":{"x":1,"y":1},"rotation":0,"depth":0,"data":"","position":{"x":22301,"y":60}},{"id":"coin","texture":"ui_icon_gameplay_snowflake","anchor":{"x":0.5,"y":0.5},"scale":{"x":1,"y":1},"rotation":0,"depth":0,"data":"","position":{"x":20516,"y":190}},{"id":"coin","texture":"ui_icon_gameplay_snowflake","anchor":{"x":0.5,"y":0.5},"scale":{"x":1,"y":1},"rotation":0,"depth":0,"data":"","position":{"x":20663,"y":141}},{"id":"coin","texture":"ui_icon_gameplay_snowflake","anchor":{"x":0.5,"y":0.5},"scale":{"x":1,"y":1},"rotation":0,"depth":0,"data":"","position":{"x":20813,"y":156}},{"id":"coin","texture":"ui_icon_gameplay_snowflake","anchor":{"x":0.5,"y":0.5},"scale":{"x":1,"y":1},"rotation":0,"depth":0,"data":"","position":{"x":9584,"y":92}},{"id":"coin","texture":"ui_icon_gameplay_snowflake","anchor":{"x":0.5,"y":0.5},"scale":{"x":1,"y":1},"rotation":0,"depth":0,"data":"","position":{"x":9435,"y":77}},{"id":"coin","texture":"ui_icon_gameplay_snowflake","anchor":{"x":0.5,"y":0.5},"scale":{"x":1,"y":1},"rotation":0,"depth":0,"data":"","position":{"x":22056,"y":195}},{"id":"coin","texture":"ui_icon_gameplay_snowflake","anchor":{"x":0.5,"y":0.5},"scale":{"x":1,"y":1},"rotation":0,"depth":0,"data":"","position":{"x":31604,"y":38}},{"id":"coin","texture":"ui_icon_gameplay_snowflake","anchor":{"x":0.5,"y":0.5},"scale":{"x":1,"y":1},"rotation":0,"depth":0,"data":"","position":{"x":31437,"y":141}},{"id":"coin","texture":"ui_icon_gameplay_snowflake","anchor":{"x":0.5,"y":0.5},"scale":{"x":1,"y":1},"rotation":0,"depth":0,"data":"","position":{"x":27297,"y":477}},{"id":"coin","texture":"ui_icon_gameplay_snowflake","anchor":{"x":0.5,"y":0.5},"scale":{"x":1,"y":1},"rotation":0,"depth":0,"data":"","position":{"x":27449,"y":372}},{"id":"coin","texture":"ui_icon_gameplay_snowflake","anchor":{"x":0.5,"y":0.5},"scale":{"x":1,"y":1},"rotation":0,"depth":0,"data":"","position":{"x":27595,"y":294}},{"id":"sled","texture":"ingame_sled_00","anchor":{"x":0.5,"y":1},"scale":{"x":1,"y":1},"rotation":3,"depth":0,"data":"","position":{"x":35855,"y":772}},{"id":"crystal_green","texture":"ingame_crystal_green_00","anchor":{"x":0.5,"y":0.5},"scale":{"x":1,"y":1},"rotation":0,"depth":0,"data":"","position":{"x":34273,"y":196}},{"id":"coin","texture":"ui_icon_gameplay_snowflake","anchor":{"x":0.5,"y":0.5},"scale":{"x":1,"y":1},"rotation":0,"depth":0,"data":"","position":{"x":34142,"y":173}},{"id":"coin","texture":"ui_icon_gameplay_snowflake","anchor":{"x":0.5,"y":0.5},"scale":{"x":1,"y":1},"rotation":0,"depth":0,"data":"","position":{"x":34018,"y":146}},{"id":"coin","texture":"ui_icon_gameplay_snowflake","anchor":{"x":0.5,"y":0.5},"scale":{"x":1,"y":1},"rotation":0,"depth":0,"data":"","position":{"x":33885,"y":100}},{"id":"coin","texture":"ui_icon_gameplay_snowflake","anchor":{"x":0.5,"y":0.5},"scale":{"x":1,"y":1},"rotation":0,"depth":0,"data":"","position":{"x":33758,"y":40}},{"id":"coin","texture":"ui_icon_gameplay_snowflake","anchor":{"x":0.5,"y":0.5},"scale":{"x":1,"y":1},"rotation":0,"depth":0,"data":"","position":{"x":36222,"y":753}},{"id":"coin","texture":"ui_icon_gameplay_snowflake","anchor":{"x":0.5,"y":0.5},"scale":{"x":1,"y":1},"rotation":0,"depth":0,"data":"","position":{"x":36338,"y":802}},{"id":"coin","texture":"ui_icon_gameplay_snowflake","anchor":{"x":0.5,"y":0.5},"scale":{"x":1,"y":1},"rotation":0,"depth":0,"data":"","position":{"x":36428,"y":864}},{"id":"coin","texture":"ui_icon_gameplay_snowflake","anchor":{"x":0.5,"y":0.5},"scale":{"x":1,"y":1},"rotation":0,"depth":0,"data":"","position":{"x":36552,"y":936}},{"id":"coin","texture":"ui_icon_gameplay_snowflake","anchor":{"x":0.5,"y":0.5},"scale":{"x":1,"y":1},"rotation":0,"depth":0,"data":"","position":{"x":36649,"y":1010}},{"id":"coin","texture":"ui_icon_gameplay_snowflake","anchor":{"x":0.5,"y":0.5},"scale":{"x":1,"y":1},"rotation":0,"depth":0,"data":"","position":{"x":39584,"y":1932}},{"id":"coin","texture":"ui_icon_gameplay_snowflake","anchor":{"x":0.5,"y":0.5},"scale":{"x":1,"y":1},"rotation":0,"depth":0,"data":"","position":{"x":39512,"y":1428}},{"id":"coin","texture":"ui_icon_gameplay_snowflake","anchor":{"x":0.5,"y":0.5},"scale":{"x":1,"y":1},"rotation":0,"depth":0,"data":"","position":{"x":39302,"y":1872}},{"id":"coin","texture":"ui_icon_gameplay_snowflake","anchor":{"x":0.5,"y":0.5},"scale":{"x":1,"y":1},"rotation":0,"depth":0,"data":"","position":{"x":39930,"y":1963}},{"id":"coin","texture":"ui_icon_gameplay_snowflake","anchor":{"x":0.5,"y":0.5},"scale":{"x":1,"y":1},"rotation":0,"depth":0,"data":"","position":{"x":40244,"y":2034}},{"id":"coin","texture":"ui_icon_gameplay_snowflake","anchor":{"x":0.5,"y":0.5},"scale":{"x":1,"y":1},"rotation":0,"depth":0,"data":"","position":{"x":39772,"y":1325}},{"id":"coin","texture":"ui_icon_gameplay_snowflake","anchor":{"x":0.5,"y":0.5},"scale":{"x":1,"y":1},"rotation":0,"depth":0,"data":"","position":{"x":40071,"y":1290}},{"id":"coin","texture":"ui_icon_gameplay_snowflake","anchor":{"x":0.5,"y":0.5},"scale":{"x":1,"y":1},"rotation":0,"depth":0,"data":"","position":{"x":40428,"y":1331}},{"id":"coin","texture":"ui_icon_gameplay_snowflake","anchor":{"x":0.5,"y":0.5},"scale":{"x":1,"y":1},"rotation":0,"depth":0,"data":"","position":{"x":40534,"y":1205}},{"id":"coin","texture":"ui_icon_gameplay_snowflake","anchor":{"x":0.5,"y":0.5},"scale":{"x":1,"y":1},"rotation":0,"depth":0,"data":"","position":{"x":40681,"y":1153}},{"id":"coin","texture":"ui_icon_gameplay_snowflake","anchor":{"x":0.5,"y":0.5},"scale":{"x":1,"y":1},"rotation":0,"depth":0,"data":"","position":{"x":40752,"y":1049}},{"id":"coin","texture":"ui_icon_gameplay_snowflake","anchor":{"x":0.5,"y":0.5},"scale":{"x":1,"y":1},"rotation":0,"depth":0,"data":"","position":{"x":40903,"y":983}},{"id":"crystal_pink","texture":"ingame_crystal_pink_00","anchor":{"x":0.5,"y":0.5},"scale":{"x":1,"y":1},"rotation":0,"depth":0,"data":"","position":{"x":41073,"y":1041}},{"id":"coin","texture":"ui_icon_gameplay_snowflake","anchor":{"x":0.5,"y":0.5},"scale":{"x":1,"y":1},"rotation":0,"depth":0,"data":"","position":{"x":32779,"y":-172}},{"id":"coin","texture":"ui_icon_gameplay_snowflake","anchor":{"x":0.5,"y":0.5},"scale":{"x":1,"y":1},"rotation":0,"depth":0,"data":"","position":{"x":32870,"y":-263}},{"id":"coin","texture":"ui_icon_gameplay_snowflake","anchor":{"x":0.5,"y":0.5},"scale":{"x":1,"y":1},"rotation":0,"depth":0,"data":"","position":{"x":33006,"y":-296}},{"id":"coin","texture":"ui_icon_gameplay_snowflake","anchor":{"x":0.5,"y":0.5},"scale":{"x":1,"y":1},"rotation":0,"depth":0,"data":"","position":{"x":33134,"y":-222}},{"id":"coin","texture":"ui_icon_gameplay_snowflake","anchor":{"x":0.5,"y":0.5},"scale":{"x":1,"y":1},"rotation":0,"depth":0,"data":"","position":{"x":34907,"y":376}},{"id":"coin","texture":"ui_icon_gameplay_snowflake","anchor":{"x":0.5,"y":0.5},"scale":{"x":1,"y":1},"rotation":0,"depth":0,"data":"","position":{"x":35097,"y":487}},{"id":"coin","texture":"ui_icon_gameplay_snowflake","anchor":{"x":0.5,"y":0.5},"scale":{"x":1,"y":1},"rotation":0,"depth":0,"data":"","position":{"x":35309,"y":572}},{"id":"coin","texture":"ui_icon_gameplay_snowflake","anchor":{"x":0.5,"y":0.5},"scale":{"x":1,"y":1},"rotation":0,"depth":0,"data":"","position":{"x":37619,"y":1029}},{"id":"coin","texture":"ui_icon_gameplay_snowflake","anchor":{"x":0.5,"y":0.5},"scale":{"x":1,"y":1},"rotation":0,"depth":0,"data":"","position":{"x":37992,"y":1183}},{"id":"coin","texture":"ui_icon_gameplay_snowflake","anchor":{"x":0.5,"y":0.5},"scale":{"x":1,"y":1},"rotation":0,"depth":0,"data":"","position":{"x":38069,"y":1381}},{"id":"coin","texture":"ui_icon_gameplay_snowflake","anchor":{"x":0.5,"y":0.5},"scale":{"x":1,"y":1},"rotation":0,"depth":0,"data":"","position":{"x":40865,"y":2224}},{"id":"coin","texture":"ui_icon_gameplay_snowflake","anchor":{"x":0.5,"y":0.5},"scale":{"x":1,"y":1},"rotation":0,"depth":0,"data":"","position":{"x":41030,"y":2131}},{"id":"coin","texture":"ui_icon_gameplay_snowflake","anchor":{"x":0.5,"y":0.5},"scale":{"x":1,"y":1},"rotation":0,"depth":0,"data":"","position":{"x":41403,"y":2136}},{"id":"coin","texture":"ui_icon_gameplay_snowflake","anchor":{"x":0.5,"y":0.5},"scale":{"x":1,"y":1},"rotation":0,"depth":0,"data":"","position":{"x":37321,"y":1205}},{"id":"coin","texture":"ui_icon_gameplay_snowflake","anchor":{"x":0.5,"y":0.5},"scale":{"x":1,"y":1},"rotation":0,"depth":0,"data":"","position":{"x":37444,"y":1090}},{"id":"coin","texture":"ui_icon_gameplay_snowflake","anchor":{"x":0.5,"y":0.5},"scale":{"x":1,"y":1},"rotation":0,"depth":0,"data":"","position":{"x":37827,"y":1062}},{"id":"coin","texture":"ui_icon_gameplay_snowflake","anchor":{"x":0.5,"y":0.5},"scale":{"x":1,"y":1},"rotation":0,"depth":0,"data":"","position":{"x":41229,"y":2087}},{"id":"coin","texture":"ui_icon_gameplay_snowflake","anchor":{"x":0.5,"y":0.5},"scale":{"x":1,"y":1},"rotation":0,"depth":0,"data":"","position":{"x":41559,"y":2255}},{"id":"coin","texture":"ui_icon_gameplay_snowflake","anchor":{"x":0.5,"y":0.5},"scale":{"x":1,"y":1},"rotation":0,"depth":0,"data":"","position":{"x":41629,"y":2425}},{"id":"coin","texture":"ui_icon_gameplay_snowflake","anchor":{"x":0.5,"y":0.5},"scale":{"x":1,"y":1},"rotation":0,"depth":0,"data":"","position":{"x":26777,"y":691}},{"id":"coin","texture":"ui_icon_gameplay_snowflake","anchor":{"x":0.5,"y":0.5},"scale":{"x":1,"y":1},"rotation":0,"depth":0,"data":"","position":{"x":27027,"y":656}},{"id":"crystal_cyan","texture":"ingame_crystal_cyan_00","anchor":{"x":0.5,"y":0.5},"scale":{"x":1,"y":1},"rotation":0,"depth":0,"data":"","position":{"x":27317,"y":1316}},{"id":"coin","texture":"ui_icon_gameplay_snowflake","anchor":{"x":0.5,"y":0.5},"scale":{"x":1,"y":1},"rotation":0,"depth":0,"data":"","position":{"x":27138,"y":1485}},{"id":"coin","texture":"ui_icon_gameplay_snowflake","anchor":{"x":0.5,"y":0.5},"scale":{"x":1,"y":1},"rotation":0,"depth":0,"data":"","position":{"x":27451,"y":1515}},{"id":"coin","texture":"ui_icon_gameplay_snowflake","anchor":{"x":0.5,"y":0.5},"scale":{"x":1,"y":1},"rotation":0,"depth":0,"data":"","position":{"x":27813,"y":1534}},{"id":"coin","texture":"ui_icon_gameplay_snowflake","anchor":{"x":0.5,"y":0.5},"scale":{"x":1,"y":1},"rotation":0,"depth":0,"data":"","position":{"x":27878,"y":1426}},{"id":"coin","texture":"ui_icon_gameplay_snowflake","anchor":{"x":0.5,"y":0.5},"scale":{"x":1,"y":1},"rotation":0,"depth":0,"data":"","position":{"x":28012,"y":1352}},{"id":"troll","texture":"troll","anchor":{"x":0.5,"y":1},"scale":{"x":1,"y":1},"rotation":0,"depth":0,"data":"{\"character\":\"anna\", \"crystal\":2}","position":{"x":10578,"y":199}},{"id":"troll_sign","texture":"ingame_troll_sign","anchor":{"x":0.5,"y":1},"scale":{"x":1,"y":1},"rotation":0,"depth":0,"data":"{\"character\":\"anna\", \"crystal\":1}","position":{"x":10658,"y":191}},{"id":"troll_sign_arrow","texture":"ingame_troll_sign_arrow","anchor":{"x":0.5,"y":0.5},"scale":{"x":1,"y":1},"rotation":88,"depth":1,"data":"{\"character\":\"anna\", \"crystal\":2}","position":{"x":10659,"y":74}},{"id":"troll_pabbie","texture":"troll_pabbie","anchor":{"x":0.5,"y":1},"scale":{"x":1,"y":1},"rotation":0,"depth":0,"data":"","position":{"x":10495,"y":216}},{"id":"troll","texture":"troll","anchor":{"x":0.5,"y":1},"scale":{"x":1,"y":1},"rotation":0,"depth":0,"data":"{\"character\":\"elsa\", \"crystal\":1}","position":{"x":5775,"y":-1117}},{"id":"troll_sign","texture":"ingame_troll_sign","anchor":{"x":0.5,"y":1},"scale":{"x":1,"y":1},"rotation":0,"depth":0,"data":"{\"character\":\"elsa\", \"crystal\":1}","position":{"x":5718,"y":-1126}},{"id":"troll_sign_arrow","texture":"ingame_troll_sign_arrow","anchor":{"x":0.5,"y":0.5},"scale":{"x":1,"y":1},"rotation":88,"depth":1,"data":"{\"character\":\"elsa\", \"crystal\":1}","position":{"x":5721,"y":-1245}},{"id":"troll_pabbie","texture":"troll_pabbie","anchor":{"x":0.5,"y":1},"scale":{"x":1,"y":1},"rotation":0,"depth":0,"data":"","position":{"x":25324,"y":1679}},{"id":"troll_pabbie","texture":"troll_pabbie","anchor":{"x":0.5,"y":1},"scale":{"x":1,"y":1},"rotation":0,"depth":0,"data":"","position":{"x":32556,"y":-89}},{"id":"coin","texture":"ui_icon_gameplay_snowflake","anchor":{"x":0.5,"y":0.5},"scale":{"x":1,"y":1},"rotation":0,"depth":0,"data":"","position":{"x":28380,"y":15}},{"id":"coin","texture":"ui_icon_gameplay_snowflake","anchor":{"x":0.5,"y":0.5},"scale":{"x":1,"y":1},"rotation":0,"depth":0,"data":"","position":{"x":24079,"y":-108}},{"id":"coin","texture":"ui_icon_gameplay_snowflake","anchor":{"x":0.5,"y":0.5},"scale":{"x":1,"y":1},"rotation":0,"depth":0,"data":"","position":{"x":24236,"y":-117}},{"id":"coin","texture":"ui_icon_gameplay_snowflake","anchor":{"x":0.5,"y":0.5},"scale":{"x":1,"y":1},"rotation":0,"depth":0,"data":"","position":{"x":24163,"y":-211}},{"id":"troll","texture":"troll","anchor":{"x":0.5,"y":1},"scale":{"x":1,"y":1},"rotation":0,"depth":0,"data":"{\"character\":\"olaf\", \"crystal\":1}","position":{"x":908,"y":105}},{"id":"troll_sign","texture":"ingame_troll_sign","anchor":{"x":0.5,"y":1},"scale":{"x":1,"y":1},"rotation":0,"depth":0,"data":"{\"character\":\"olaf\", \"crystal\":1}","position":{"x":980,"y":112}},{"id":"troll_sign_arrow","texture":"ingame_troll_sign_arrow","anchor":{"x":0.5,"y":0.5},"scale":{"x":1,"y":1},"rotation":46,"depth":1,"data":"{\"character\":\"olaf\", \"crystal\":1}","position":{"x":984,"y":-6}},{"id":"troll_sign","texture":"ingame_troll_sign","anchor":{"x":0.5,"y":1},"scale":{"x":1,"y":1},"rotation":0,"depth":0,"data":"{\"character\":\"olaf\", \"crystal\":1}","position":{"x":3158,"y":-557}},{"id":"troll_sign_arrow","texture":"ingame_troll_sign_arrow","anchor":{"x":0.5,"y":0.5},"scale":{"x":1,"y":1},"rotation":114,"depth":1,"data":"{\"character\":\"olaf\", \"crystal\":1}","position":{"x":3158,"y":-677}},{"id":"troll_sign","texture":"ingame_troll_sign","anchor":{"x":0.5,"y":1},"scale":{"x":1,"y":1},"rotation":0,"depth":0,"data":"{\"character\":\"kristoff\", \"crystal\":1}","position":{"x":1069,"y":118}},{"id":"troll_sign_arrow","texture":"ingame_troll_sign_arrow","anchor":{"x":0.5,"y":0.5},"scale":{"x":1,"y":1},"rotation":123,"depth":1,"data":"{\"character\":\"kristoff\", \"crystal\":1}","position":{"x":1070,"y":-3}},{"id":"troll_sign","texture":"ingame_troll_sign","anchor":{"x":0.5,"y":1},"scale":{"x":1,"y":1},"rotation":0,"depth":0,"data":"{\"character\":\"anna\", \"crystal\":1}","position":{"x":1552,"y":-41}},{"id":"troll_sign_arrow","texture":"ingame_troll_sign_arrow","anchor":{"x":0.5,"y":0.5},"scale":{"x":1,"y":1},"rotation":75,"depth":1,"data":"{\"character\":\"anna\", \"crystal\":1}","position":{"x":1550,"y":-159}},{"id":"troll_sign","texture":"ingame_troll_sign","anchor":{"x":0.5,"y":1},"scale":{"x":1,"y":1},"rotation":0,"depth":0,"data":"{\"character\":\"elsa\", \"crystal\":1}","position":{"x":855,"y":104}},{"id":"troll_sign_arrow","texture":"ingame_troll_sign_arrow","anchor":{"x":0.5,"y":0.5},"scale":{"x":1,"y":1},"rotation":66,"depth":1,"data":"{\"character\":\"elsa\", \"crystal\":1}","position":{"x":858,"y":-18}},{"id":"troll_sign","texture":"ingame_troll_sign","anchor":{"x":0.5,"y":1},"scale":{"x":1,"y":1},"rotation":0,"depth":0,"data":"{\"character\":\"elsa\", \"crystal\":1}","position":{"x":4442,"y":-764}},{"id":"troll_sign_arrow","texture":"ingame_troll_sign_arrow","anchor":{"x":0.5,"y":0.5},"scale":{"x":1,"y":1},"rotation":55,"depth":1,"data":"{\"character\":\"elsa\", \"crystal\":1}","position":{"x":4442,"y":-882}},{"id":"troll_sign","texture":"ingame_troll_sign","anchor":{"x":0.5,"y":1},"scale":{"x":1,"y":1},"rotation":0,"depth":0,"data":"{\"character\":\"elsa\", \"crystal\":2}","position":{"x":10746,"y":192}},{"id":"troll_sign_arrow","texture":"ingame_troll_sign_arrow","anchor":{"x":0.5,"y":0.5},"scale":{"x":1,"y":1},"rotation":93,"depth":1,"data":"{\"character\":\"elsa\", \"crystal\":2}","position":{"x":10748,"y":71}},{"id":"troll_sign","texture":"ingame_troll_sign","anchor":{"x":0.5,"y":1},"scale":{"x":1,"y":1},"rotation":0,"depth":0,"data":"{\"character\":\"elsa\", \"crystal\":3}","position":{"x":22572,"y":111}},{"id":"troll_sign_arrow","texture":"ingame_troll_sign_arrow","anchor":{"x":0.5,"y":0.5},"scale":{"x":1,"y":1},"rotation":84,"depth":1,"data":"{\"character\":\"elsa\", \"crystal\":3}","position":{"x":22571,"y":-9}},{"id":"troll","texture":"troll","anchor":{"x":0.5,"y":1},"scale":{"x":1,"y":1},"rotation":0,"depth":0,"data":"{\"character\":\"elsa\", \"crystal\":3}","position":{"x":22516,"y":109}},{"id":"troll_sign","texture":"ingame_troll_sign","anchor":{"x":0.5,"y":1},"scale":{"x":1,"y":1},"rotation":0,"depth":0,"data":"{\"character\":\"olaf\", \"crystal\":2}","position":{"x":25685,"y":1653}},{"id":"troll_sign_arrow","texture":"ingame_troll_sign_arrow","anchor":{"x":0.5,"y":0.5},"scale":{"x":1,"y":1},"rotation":93,"depth":1,"data":"{\"character\":\"olaf\", \"crystal\":2}","position":{"x":25683,"y":1535}},{"id":"troll","texture":"troll","anchor":{"x":0.5,"y":1},"scale":{"x":1,"y":1},"rotation":0,"depth":0,"data":"{\"character\":\"olaf\", \"crystal\":2}","position":{"x":25618,"y":1656}},{"id":"troll_sign","texture":"ingame_troll_sign","anchor":{"x":0.5,"y":1},"scale":{"x":1,"y":1},"rotation":0,"depth":0,"data":"{\"character\":\"anna\", \"crystal\":3}","position":{"x":38500,"y":1688}},{"id":"troll_sign_arrow","texture":"ingame_troll_sign_arrow","anchor":{"x":0.5,"y":0.5},"scale":{"x":1,"y":1},"rotation":66,"depth":1,"data":"{\"character\":\"anna\", \"crystal\":3}","position":{"x":38500,"y":1572}},{"id":"troll","texture":"troll","anchor":{"x":0.5,"y":1},"scale":{"x":1,"y":1},"rotation":0,"depth":0,"data":"{\"character\":\"anna\", \"crystal\":3}","position":{"x":38433,"y":1669}},{"id":"troll","texture":"troll","anchor":{"x":0.5,"y":1},"scale":{"x":1,"y":1},"rotation":0,"depth":0,"data":"{\"character\":\"elsa\", \"crystal\":1}","position":{"x":797,"y":105}},{"id":"troll","texture":"troll","anchor":{"x":0.5,"y":1},"scale":{"x":1,"y":1},"rotation":0,"depth":0,"data":"{\"character\":\"kristoff\", \"crystal\":1}","position":{"x":1018,"y":111}},{"id":"troll","texture":"troll","anchor":{"x":0.5,"y":1},"scale":{"x":1,"y":1},"rotation":0,"depth":0,"data":"{\"character\":\"anna\", \"crystal\":1}","position":{"x":1493,"y":-31}},{"id":"troll","texture":"troll","anchor":{"x":0.5,"y":1},"scale":{"x":1,"y":1},"rotation":0,"depth":0,"data":"{\"character\":\"olaf\", \"crystal\":1}","position":{"x":3091,"y":-559}},{"id":"troll","texture":"troll","anchor":{"x":0.5,"y":1},"scale":{"x":1,"y":1},"rotation":0,"depth":0,"data":"{\"character\":\"elsa\", \"crystal\":1}","position":{"x":4374,"y":-760}},{"id":"troll","texture":"troll","anchor":{"x":0.5,"y":1},"scale":{"x":1,"y":1},"rotation":0,"depth":0,"data":"{\"character\":\"elsa\", \"crystal\":2}","position":{"x":10695,"y":186}}]},{"name":"fg_objects","depth":10,"paths":[],"objects":[{"id":"tree_02_08","texture":"theme_02_tree_08","anchor":{"x":0.5,"y":1},"scale":{"x":1,"y":1},"rotation":0,"depth":0,"data":"","position":{"x":38658,"y":1935}},{"id":"tree_02_07","texture":"theme_02_tree_07","anchor":{"x":0.5,"y":1},"scale":{"x":1.2,"y":1.2},"rotation":0,"depth":0,"data":"","position":{"x":-229,"y":83}},{"id":"icicle_02_00","texture":"theme_02_icicle_00","anchor":{"x":0.5,"y":0},"scale":{"x":1,"y":1},"rotation":0,"depth":0,"data":"","position":{"x":4868,"y":-381}},{"id":"icicle_02_00","texture":"theme_02_icicle_00","anchor":{"x":0.5,"y":0},"scale":{"x":1,"y":1},"rotation":0,"depth":0,"data":"","position":{"x":4967,"y":279}},{"id":"icicle_02_01","texture":"theme_02_icicle_01","anchor":{"x":0.5,"y":0},"scale":{"x":1,"y":1},"rotation":0,"depth":0,"data":"","position":{"x":2927,"y":110}},{"id":"icicle_02_01","texture":"theme_02_icicle_01","anchor":{"x":0.5,"y":0},"scale":{"x":1,"y":1},"rotation":0,"depth":0,"data":"","position":{"x":3709,"y":231}},{"id":"icicle_02_01","texture":"theme_02_icicle_01","anchor":{"x":0.5,"y":0},"scale":{"x":1,"y":1},"rotation":0,"depth":0,"data":"","position":{"x":4076,"y":-455}},{"id":"icicle_02_01","texture":"theme_02_icicle_01","anchor":{"x":0.5,"y":0},"scale":{"x":1,"y":1},"rotation":0,"depth":0,"data":"","position":{"x":4339,"y":186}},{"id":"tree_02_07","texture":"theme_02_tree_07","anchor":{"x":0.5,"y":1},"scale":{"x":1,"y":1},"rotation":0,"depth":0,"data":"","position":{"x":501,"y":283}},{"id":"tree_02_06","texture":"theme_02_tree_06","anchor":{"x":0.5,"y":1},"scale":{"x":1,"y":1},"rotation":0,"depth":0,"data":"","position":{"x":42143,"y":2581}},{"id":"icicle_02_00","texture":"theme_02_icicle_00","anchor":{"x":0.5,"y":0},"scale":{"x":1,"y":1},"rotation":0,"depth":0,"data":"","position":{"x":2168,"y":250}},{"id":"tree_02_05","texture":"theme_02_tree_05","anchor":{"x":0.5,"y":1},"scale":{"x":1,"y":1},"rotation":0,"depth":0,"data":"","position":{"x":35188,"y":1094}},{"id":"tree_02_08","texture":"theme_02_tree_08","anchor":{"x":0.5,"y":1},"scale":{"x":1,"y":1},"rotation":0,"depth":0,"data":"","position":{"x":36059,"y":1034}},{"id":"tree_02_07","texture":"theme_02_tree_07","anchor":{"x":0.5,"y":1},"scale":{"x":1,"y":1},"rotation":0,"depth":0,"data":"","position":{"x":35673,"y":864}},{"id":"tree_02_04","texture":"theme_02_tree_04","anchor":{"x":0.5,"y":1},"scale":{"x":1,"y":1},"rotation":0,"depth":0,"data":"","position":{"x":36978,"y":1418}},{"id":"tree_02_02","texture":"theme_02_tree_02","anchor":{"x":0.5,"y":1},"scale":{"x":1,"y":1},"rotation":0,"depth":0,"data":"","position":{"x":35571,"y":814}},{"id":"tree_02_08","texture":"theme_02_tree_08","anchor":{"x":0.5,"y":1},"scale":{"x":1,"y":1},"rotation":0,"depth":0,"data":"","position":{"x":35439,"y":961}},{"id":"tree_02_06","texture":"theme_02_tree_06","anchor":{"x":0.5,"y":1},"scale":{"x":1,"y":1},"rotation":0,"depth":0,"data":"","position":{"x":39111,"y":2066}},{"id":"tree_02_00","texture":"theme_02_tree_00","anchor":{"x":0.5,"y":1},"scale":{"x":1,"y":1},"rotation":0,"depth":0,"data":"","position":{"x":38839,"y":1878}},{"id":"tree_02_00","texture":"theme_02_tree_00","anchor":{"x":0.5,"y":1},"scale":{"x":1,"y":1},"rotation":0,"depth":0,"data":"","position":{"x":39334,"y":1557}},{"id":"tree_02_06","texture":"theme_02_tree_06","anchor":{"x":0.5,"y":1},"scale":{"x":1,"y":1},"rotation":0,"depth":0,"data":"","position":{"x":300,"y":303}},{"id":"carriage_02_00","texture":"theme_02_carriage_00","anchor":{"x":0.5,"y":1},"scale":{"x":1,"y":1},"rotation":0,"depth":1,"data":"","position":{"x":619,"y":319}},{"id":"tree_02_07","texture":"theme_02_tree_07","anchor":{"x":0.5,"y":1},"scale":{"x":1.4,"y":1.4},"rotation":0,"depth":0,"data":"","position":{"x":18556,"y":472}},{"id":"tree_02_08","texture":"theme_02_tree_08","anchor":{"x":0.5,"y":1},"scale":{"x":1,"y":1},"rotation":0,"depth":0,"data":"","position":{"x":17858,"y":706}},{"id":"tree_02_07","texture":"theme_02_tree_07","anchor":{"x":0.5,"y":1},"scale":{"x":1,"y":1},"rotation":0,"depth":0,"data":"","position":{"x":1337,"y":758}},{"id":"tree_02_09","texture":"theme_02_tree_09","anchor":{"x":0.5,"y":1},"scale":{"x":1,"y":1},"rotation":0,"depth":0,"data":"","position":{"x":3117,"y":-917}},{"id":"tree_02_08","texture":"theme_02_tree_08","anchor":{"x":0.5,"y":1},"scale":{"x":1,"y":1},"rotation":0,"depth":0,"data":"","position":{"x":7212,"y":-1036}},{"id":"tree_02_08","texture":"theme_02_tree_08","anchor":{"x":0.5,"y":1},"scale":{"x":1,"y":1},"rotation":0,"depth":0,"data":"","position":{"x":10805,"y":190}},{"id":"tree_02_08","texture":"theme_02_tree_08","anchor":{"x":0.5,"y":1},"scale":{"x":1,"y":1},"rotation":0,"depth":0,"data":"","position":{"x":14738,"y":131}},{"id":"tree_02_08","texture":"theme_02_tree_08","anchor":{"x":0.5,"y":1},"scale":{"x":1,"y":1},"rotation":0,"depth":0,"data":"","position":{"x":26124,"y":298}},{"id":"tree_02_09","texture":"theme_02_tree_09","anchor":{"x":0.5,"y":1},"scale":{"x":1,"y":1},"rotation":0,"depth":0,"data":"","position":{"x":24671,"y":786}},{"id":"tree_02_08","texture":"theme_02_tree_08","anchor":{"x":0.5,"y":1},"scale":{"x":1,"y":1},"rotation":0,"depth":0,"data":"","position":{"x":31481,"y":-199}},{"id":"tree_02_08","texture":"theme_02_tree_08","anchor":{"x":0.5,"y":1},"scale":{"x":1,"y":1},"rotation":0,"depth":0,"data":"","position":{"x":40267,"y":1440}},{"id":"tree_02_00","texture":"theme_02_tree_00","anchor":{"x":0.5,"y":1},"scale":{"x":1,"y":1},"rotation":0,"depth":0,"data":"","position":{"x":1635,"y":-75}},{"id":"tree_02_01","texture":"theme_02_tree_01","anchor":{"x":0.5,"y":1},"scale":{"x":1,"y":1},"rotation":0,"depth":0,"data":"","position":{"x":21466,"y":386}}]}],"length":41335}