{"frames": {

"theme_02_bg_mountains.png":
{
	"frame": {"x":1,"y":1,"w":1900,"h":768},
	"rotated": false,
	"trimmed": false,
	"spriteSourceSize": {"x":0,"y":0,"w":1900,"h":768},
	"sourceSize": {"w":1900,"h":768}
},
"theme_02_mg_tile_001.png":
{
	"frame": {"x":1,"y":1305,"w":1772,"h":278},
	"rotated": false,
	"trimmed": true,
	"spriteSourceSize": {"x":42,"y":334,"w":1772,"h":278},
	"sourceSize": {"w":1900,"h":768}
},
"theme_02_mg_tile_002.png":
{
	"frame": {"x":1,"y":771,"w":1792,"h":532},
	"rotated": false,
	"trimmed": true,
	"spriteSourceSize": {"x":28,"y":50,"w":1792,"h":532},
	"sourceSize": {"w":1900,"h":768}
}},
"meta": {
	"app": "http://www.codeandweb.com/texturepacker",
	"version": "1.0",
	"image": "theme_02_tiles.png",
	"format": "RGBA8888",
	"size": {"w":2048,"h":2048},
	"scale": "0.5",
	"smartupdate": "$TexturePacker:SmartUpdate:58e6c3b7b22bd553b34035fe3bc92818:0328fa80bd759ce770ac762fa43e6c04:3425a74b9a102e67eb143f9003ff95d7$"
}
}
