{"frames": {

"projectile_bullet_bandit.png":
{
	"frame": {"x":591,"y":623,"w":98,"h":20},
	"rotated": false,
	"trimmed": true,
	"spriteSourceSize": {"x":78,"y":44,"w":98,"h":20},
	"sourceSize": {"w":183,"h":182}
},
"theme_03_fill_0.png":
{
	"frame": {"x":243,"y":269,"w":128,"h":128},
	"rotated": false,
	"trimmed": false,
	"spriteSourceSize": {"x":0,"y":0,"w":128,"h":128},
	"sourceSize": {"w":128,"h":128}
},
"theme_03_fill_1.png":
{
	"frame": {"x":243,"y":269,"w":128,"h":128},
	"rotated": false,
	"trimmed": false,
	"spriteSourceSize": {"x":0,"y":0,"w":128,"h":128},
	"sourceSize": {"w":128,"h":128}
},
"theme_03_ground_0.png":
{
	"frame": {"x":743,"y":1,"w":256,"h":138},
	"rotated": false,
	"trimmed": true,
	"spriteSourceSize": {"x":0,"y":64,"w":256,"h":138},
	"sourceSize": {"w":256,"h":256}
},
"theme_03_ground_1.png":
{
	"frame": {"x":743,"y":1,"w":256,"h":138},
	"rotated": false,
	"trimmed": true,
	"spriteSourceSize": {"x":0,"y":64,"w":256,"h":138},
	"sourceSize": {"w":256,"h":256}
},
"theme_03_ground_edge_0.png":
{
	"frame": {"x":243,"y":497,"w":122,"h":102},
	"rotated": false,
	"trimmed": true,
	"spriteSourceSize": {"x":134,"y":66,"w":122,"h":102},
	"sourceSize": {"w":256,"h":256}
},
"theme_003_obstacle_falling_platform.png":
{
	"frame": {"x":373,"y":453,"w":226,"h":36},
	"rotated": false,
	"trimmed": true,
	"spriteSourceSize": {"x":0,"y":0,"w":226,"h":36},
	"sourceSize": {"w":225,"h":52}
},
"theme_003_obstacle_finish.png":
{
	"frame": {"x":1,"y":137,"w":240,"h":412},
	"rotated": false,
	"trimmed": true,
	"spriteSourceSize": {"x":0,"y":8,"w":240,"h":412},
	"sourceSize": {"w":240,"h":420}
},
"theme_003_obstacle_flame_off.png":
{
	"frame": {"x":243,"y":399,"w":128,"h":62},
	"rotated": false,
	"trimmed": true,
	"spriteSourceSize": {"x":0,"y":144,"w":128,"h":62},
	"sourceSize": {"w":128,"h":206}
},
"theme_003_obstacle_flame_on.png":
{
	"frame": {"x":243,"y":399,"w":128,"h":62},
	"rotated": false,
	"trimmed": true,
	"spriteSourceSize": {"x":0,"y":144,"w":128,"h":62},
	"sourceSize": {"w":128,"h":206}
},
"theme_003_obstacle_gate_blue_back.png":
{
	"frame": {"x":773,"y":1077,"w":178,"h":318},
	"rotated": false,
	"trimmed": true,
	"spriteSourceSize": {"x":0,"y":36,"w":178,"h":318},
	"sourceSize": {"w":218,"h":354}
},
"theme_003_obstacle_gate_blue_closed.png":
{
	"frame": {"x":373,"y":491,"w":216,"h":346},
	"rotated": false,
	"trimmed": true,
	"spriteSourceSize": {"x":2,"y":8,"w":216,"h":346},
	"sourceSize": {"w":218,"h":354}
},
"theme_003_obstacle_gate_blue_open.png":
{
	"frame": {"x":1,"y":551,"w":216,"h":346},
	"rotated": false,
	"trimmed": true,
	"spriteSourceSize": {"x":2,"y":8,"w":216,"h":346},
	"sourceSize": {"w":218,"h":354}
},
"theme_003_obstacle_gate_green_back.png":
{
	"frame": {"x":773,"y":1077,"w":178,"h":318},
	"rotated": false,
	"trimmed": true,
	"spriteSourceSize": {"x":0,"y":36,"w":178,"h":318},
	"sourceSize": {"w":218,"h":354}
},
"theme_003_obstacle_gate_green_closed.png":
{
	"frame": {"x":711,"y":509,"w":216,"h":346},
	"rotated": false,
	"trimmed": true,
	"spriteSourceSize": {"x":2,"y":8,"w":216,"h":346},
	"sourceSize": {"w":218,"h":354}
},
"theme_003_obstacle_gate_green_open.png":
{
	"frame": {"x":337,"y":839,"w":216,"h":346},
	"rotated": false,
	"trimmed": true,
	"spriteSourceSize": {"x":2,"y":8,"w":216,"h":346},
	"sourceSize": {"w":218,"h":354}
},
"theme_003_obstacle_gate_red_back.png":
{
	"frame": {"x":773,"y":1077,"w":178,"h":318},
	"rotated": false,
	"trimmed": true,
	"spriteSourceSize": {"x":0,"y":36,"w":178,"h":318},
	"sourceSize": {"w":218,"h":354}
},
"theme_003_obstacle_gate_red_closed.png":
{
	"frame": {"x":1,"y":899,"w":216,"h":346},
	"rotated": false,
	"trimmed": true,
	"spriteSourceSize": {"x":2,"y":8,"w":216,"h":346},
	"sourceSize": {"w":218,"h":354}
},
"theme_003_obstacle_gate_red_open.png":
{
	"frame": {"x":555,"y":857,"w":216,"h":346},
	"rotated": false,
	"trimmed": true,
	"spriteSourceSize": {"x":2,"y":8,"w":216,"h":346},
	"sourceSize": {"w":218,"h":354}
},
"theme_003_obstacle_rock.png":
{
	"frame": {"x":929,"y":509,"w":90,"h":200},
	"rotated": false,
	"trimmed": true,
	"spriteSourceSize": {"x":0,"y":0,"w":90,"h":200},
	"sourceSize": {"w":90,"h":199}
},
"theme_003_obstacle_rock_002.png":
{
	"frame": {"x":219,"y":601,"w":116,"h":140},
	"rotated": false,
	"trimmed": true,
	"spriteSourceSize": {"x":0,"y":0,"w":116,"h":140},
	"sourceSize": {"w":115,"h":139}
},
"theme_003_obstacle_spike_large_off.png":
{
	"frame": {"x":243,"y":227,"w":152,"h":40},
	"rotated": false,
	"trimmed": true,
	"spriteSourceSize": {"x":0,"y":52,"w":152,"h":40},
	"sourceSize": {"w":151,"h":91}
},
"theme_003_obstacle_spike_large_on.png":
{
	"frame": {"x":243,"y":137,"w":152,"h":88},
	"rotated": false,
	"trimmed": true,
	"spriteSourceSize": {"x":0,"y":4,"w":152,"h":88},
	"sourceSize": {"w":151,"h":91}
},
"theme_003_obstacle_spike_small_off.png":
{
	"frame": {"x":219,"y":833,"w":116,"h":40},
	"rotated": false,
	"trimmed": true,
	"spriteSourceSize": {"x":0,"y":50,"w":116,"h":40},
	"sourceSize": {"w":116,"h":90}
},
"theme_003_obstacle_spike_small_on.png":
{
	"frame": {"x":219,"y":743,"w":116,"h":88},
	"rotated": false,
	"trimmed": true,
	"spriteSourceSize": {"x":0,"y":2,"w":116,"h":88},
	"sourceSize": {"w":116,"h":90}
},
"theme_003_obstacle_teleport_off.png":
{
	"frame": {"x":401,"y":85,"w":310,"h":366},
	"rotated": false,
	"trimmed": false,
	"spriteSourceSize": {"x":0,"y":0,"w":310,"h":366},
	"sourceSize": {"w":310,"h":366}
},
"theme_003_obstacle_teleport_on.png":
{
	"frame": {"x":713,"y":141,"w":310,"h":366},
	"rotated": false,
	"trimmed": false,
	"spriteSourceSize": {"x":0,"y":0,"w":310,"h":366},
	"sourceSize": {"w":310,"h":366}
},
"theme_003_particle_rock_001.png":
{
	"frame": {"x":591,"y":645,"w":46,"h":50},
	"rotated": false,
	"trimmed": true,
	"spriteSourceSize": {"x":0,"y":0,"w":46,"h":50},
	"sourceSize": {"w":46,"h":49}
},
"theme_003_particle_rock_002.png":
{
	"frame": {"x":601,"y":453,"w":108,"h":74},
	"rotated": false,
	"trimmed": true,
	"spriteSourceSize": {"x":0,"y":0,"w":108,"h":74},
	"sourceSize": {"w":107,"h":74}
},
"theme_003_particle_rock_003.png":
{
	"frame": {"x":337,"y":601,"w":28,"h":126},
	"rotated": false,
	"trimmed": true,
	"spriteSourceSize": {"x":0,"y":0,"w":28,"h":126},
	"sourceSize": {"w":27,"h":125}
},
"theme_003_particle_rock_004.png":
{
	"frame": {"x":639,"y":645,"w":42,"h":60},
	"rotated": false,
	"trimmed": true,
	"spriteSourceSize": {"x":0,"y":0,"w":42,"h":60},
	"sourceSize": {"w":42,"h":59}
},
"theme_003_particle_rock_005.png":
{
	"frame": {"x":929,"y":711,"w":90,"h":130},
	"rotated": false,
	"trimmed": true,
	"spriteSourceSize": {"x":0,"y":0,"w":90,"h":130},
	"sourceSize": {"w":89,"h":130}
},
"theme_003_scenery_chair.png":
{
	"frame": {"x":591,"y":529,"w":114,"h":92},
	"rotated": false,
	"trimmed": true,
	"spriteSourceSize": {"x":0,"y":0,"w":114,"h":92},
	"sourceSize": {"w":113,"h":91}
},
"theme_003_scenery_desk.png":
{
	"frame": {"x":773,"y":923,"w":190,"h":152},
	"rotated": false,
	"trimmed": false,
	"spriteSourceSize": {"x":0,"y":0,"w":190,"h":152},
	"sourceSize": {"w":190,"h":152}
},
"theme_003_scenery_money.png":
{
	"frame": {"x":1,"y":1,"w":398,"h":134},
	"rotated": false,
	"trimmed": false,
	"spriteSourceSize": {"x":0,"y":0,"w":398,"h":134},
	"sourceSize": {"w":398,"h":134}
},
"theme_003_scenery_plant.png":
{
	"frame": {"x":929,"y":843,"w":58,"h":78},
	"rotated": false,
	"trimmed": true,
	"spriteSourceSize": {"x":0,"y":0,"w":58,"h":78},
	"sourceSize": {"w":57,"h":78}
},
"theme_003_scenery_ropes.png":
{
	"frame": {"x":401,"y":1,"w":340,"h":82},
	"rotated": false,
	"trimmed": true,
	"spriteSourceSize": {"x":0,"y":0,"w":340,"h":82},
	"sourceSize": {"w":339,"h":81}
},
"theme_03_wall_0.png":
{
	"frame": {"x":243,"y":463,"w":128,"h":32},
	"rotated": false,
	"trimmed": true,
	"spriteSourceSize": {"x":0,"y":0,"w":128,"h":32},
	"sourceSize": {"w":128,"h":128}
}},
"meta": {
	"app": "http://www.codeandweb.com/texturepacker",
	"version": "1.0",
	"image": "theme_03.png",
	"format": "RGBA8888",
	"size": {"w":1024,"h":2048},
	"scale": "0.5",
	"smartupdate": "$TexturePacker:SmartUpdate:e6e2b9ebdef1b95f3067e0a824d48710:5baa97207cf56a8db06140f971cee3cd:7cb752c3ab454429dddf5adb645ba056$"
}
}
