{"frames": {

"projectile_bullet_maggot.png":
{
	"frame": {"x":831,"y":1741,"w":156,"h":26},
	"rotated": false,
	"trimmed": true,
	"spriteSourceSize": {"x":22,"y":0,"w":156,"h":26},
	"sourceSize": {"w":183,"h":182}
},
"theme_01_fill_0.png":
{
	"frame": {"x":881,"y":1611,"w":128,"h":128},
	"rotated": false,
	"trimmed": false,
	"spriteSourceSize": {"x":0,"y":0,"w":128,"h":128},
	"sourceSize": {"w":128,"h":128}
},
"theme_01_fill_1.png":
{
	"frame": {"x":881,"y":1611,"w":128,"h":128},
	"rotated": false,
	"trimmed": false,
	"spriteSourceSize": {"x":0,"y":0,"w":128,"h":128},
	"sourceSize": {"w":128,"h":128}
},
"theme_01_ground_0.png":
{
	"frame": {"x":665,"y":949,"w":256,"h":154},
	"rotated": false,
	"trimmed": true,
	"spriteSourceSize": {"x":0,"y":64,"w":256,"h":154},
	"sourceSize": {"w":256,"h":256}
},
"theme_01_ground_1.png":
{
	"frame": {"x":665,"y":949,"w":256,"h":154},
	"rotated": false,
	"trimmed": true,
	"spriteSourceSize": {"x":0,"y":64,"w":256,"h":154},
	"sourceSize": {"w":256,"h":256}
},
"theme_01_ground_edge_0.png":
{
	"frame": {"x":899,"y":1465,"w":120,"h":144},
	"rotated": false,
	"trimmed": true,
	"spriteSourceSize": {"x":136,"y":64,"w":120,"h":144},
	"sourceSize": {"w":256,"h":256}
},
"theme_001_obstacle_falling_platform.png":
{
	"frame": {"x":87,"y":1987,"w":226,"h":48},
	"rotated": false,
	"trimmed": true,
	"spriteSourceSize": {"x":0,"y":0,"w":226,"h":48},
	"sourceSize": {"w":225,"h":47}
},
"theme_001_obstacle_finish.png":
{
	"frame": {"x":409,"y":1633,"w":214,"h":398},
	"rotated": false,
	"trimmed": true,
	"spriteSourceSize": {"x":14,"y":22,"w":214,"h":398},
	"sourceSize": {"w":240,"h":420}
},
"theme_001_obstacle_flame_off.png":
{
	"frame": {"x":831,"y":1901,"w":128,"h":62},
	"rotated": false,
	"trimmed": true,
	"spriteSourceSize": {"x":0,"y":144,"w":128,"h":62},
	"sourceSize": {"w":128,"h":206}
},
"theme_001_obstacle_flame_on.png":
{
	"frame": {"x":831,"y":1901,"w":128,"h":62},
	"rotated": false,
	"trimmed": true,
	"spriteSourceSize": {"x":0,"y":144,"w":128,"h":62},
	"sourceSize": {"w":128,"h":206}
},
"theme_001_obstacle_gate_blue_back.png":
{
	"frame": {"x":1,"y":1,"w":662,"h":330},
	"rotated": false,
	"trimmed": true,
	"spriteSourceSize": {"x":0,"y":0,"w":662,"h":330},
	"sourceSize": {"w":662,"h":329}
},
"theme_001_obstacle_gate_blue_closed.png":
{
	"frame": {"x":409,"y":997,"w":254,"h":316},
	"rotated": false,
	"trimmed": true,
	"spriteSourceSize": {"x":12,"y":14,"w":254,"h":316},
	"sourceSize": {"w":662,"h":329}
},
"theme_001_obstacle_gate_blue_open.png":
{
	"frame": {"x":1,"y":997,"w":406,"h":328},
	"rotated": false,
	"trimmed": true,
	"spriteSourceSize": {"x":254,"y":2,"w":406,"h":328},
	"sourceSize": {"w":662,"h":329}
},
"theme_001_obstacle_gate_green_back.png":
{
	"frame": {"x":1,"y":333,"w":662,"h":330},
	"rotated": false,
	"trimmed": true,
	"spriteSourceSize": {"x":0,"y":0,"w":662,"h":330},
	"sourceSize": {"w":662,"h":329}
},
"theme_001_obstacle_gate_green_closed.png":
{
	"frame": {"x":665,"y":1105,"w":254,"h":316},
	"rotated": false,
	"trimmed": true,
	"spriteSourceSize": {"x":12,"y":14,"w":254,"h":316},
	"sourceSize": {"w":662,"h":329}
},
"theme_001_obstacle_gate_green_open.png":
{
	"frame": {"x":1,"y":1327,"w":406,"h":328},
	"rotated": false,
	"trimmed": true,
	"spriteSourceSize": {"x":254,"y":2,"w":406,"h":328},
	"sourceSize": {"w":662,"h":329}
},
"theme_001_obstacle_gate_red_back.png":
{
	"frame": {"x":1,"y":665,"w":662,"h":330},
	"rotated": false,
	"trimmed": true,
	"spriteSourceSize": {"x":0,"y":0,"w":662,"h":330},
	"sourceSize": {"w":662,"h":329}
},
"theme_001_obstacle_gate_red_closed.png":
{
	"frame": {"x":409,"y":1315,"w":254,"h":316},
	"rotated": false,
	"trimmed": true,
	"spriteSourceSize": {"x":12,"y":14,"w":254,"h":316},
	"sourceSize": {"w":662,"h":329}
},
"theme_001_obstacle_gate_red_open.png":
{
	"frame": {"x":1,"y":1657,"w":406,"h":328},
	"rotated": false,
	"trimmed": true,
	"spriteSourceSize": {"x":254,"y":2,"w":406,"h":328},
	"sourceSize": {"w":662,"h":329}
},
"theme_001_obstacle_rock.png":
{
	"frame": {"x":625,"y":1671,"w":204,"h":240},
	"rotated": false,
	"trimmed": false,
	"spriteSourceSize": {"x":0,"y":0,"w":204,"h":240},
	"sourceSize": {"w":204,"h":240}
},
"theme_001_obstacle_spike_large_off.png":
{
	"frame": {"x":831,"y":1859,"w":152,"h":40},
	"rotated": false,
	"trimmed": true,
	"spriteSourceSize": {"x":0,"y":52,"w":152,"h":40},
	"sourceSize": {"w":151,"h":91}
},
"theme_001_obstacle_spike_large_on.png":
{
	"frame": {"x":831,"y":1769,"w":152,"h":88},
	"rotated": false,
	"trimmed": true,
	"spriteSourceSize": {"x":0,"y":4,"w":152,"h":88},
	"sourceSize": {"w":151,"h":91}
},
"theme_001_obstacle_spike_small_off.png":
{
	"frame": {"x":923,"y":1039,"w":100,"h":40},
	"rotated": false,
	"trimmed": true,
	"spriteSourceSize": {"x":0,"y":50,"w":100,"h":40},
	"sourceSize": {"w":100,"h":90}
},
"theme_001_obstacle_spike_small_on.png":
{
	"frame": {"x":923,"y":949,"w":100,"h":88},
	"rotated": false,
	"trimmed": true,
	"spriteSourceSize": {"x":0,"y":2,"w":100,"h":88},
	"sourceSize": {"w":100,"h":90}
},
"theme_001_obstacle_teleport_off.png":
{
	"frame": {"x":665,"y":213,"w":310,"h":366},
	"rotated": false,
	"trimmed": false,
	"spriteSourceSize": {"x":0,"y":0,"w":310,"h":366},
	"sourceSize": {"w":310,"h":366}
},
"theme_001_obstacle_teleport_on.png":
{
	"frame": {"x":665,"y":581,"w":310,"h":366},
	"rotated": false,
	"trimmed": false,
	"spriteSourceSize": {"x":0,"y":0,"w":310,"h":366},
	"sourceSize": {"w":310,"h":366}
},
"theme_001_particle_rock_001.png":
{
	"frame": {"x":977,"y":565,"w":34,"h":64},
	"rotated": false,
	"trimmed": false,
	"spriteSourceSize": {"x":0,"y":0,"w":34,"h":64},
	"sourceSize": {"w":34,"h":64}
},
"theme_001_particle_rock_002.png":
{
	"frame": {"x":977,"y":631,"w":34,"h":50},
	"rotated": false,
	"trimmed": true,
	"spriteSourceSize": {"x":0,"y":0,"w":34,"h":50},
	"sourceSize": {"w":33,"h":50}
},
"theme_001_particle_rock_003.png":
{
	"frame": {"x":977,"y":511,"w":36,"h":52},
	"rotated": false,
	"trimmed": false,
	"spriteSourceSize": {"x":0,"y":0,"w":36,"h":52},
	"sourceSize": {"w":36,"h":52}
},
"theme_001_particle_rock_004.png":
{
	"frame": {"x":977,"y":463,"w":38,"h":46},
	"rotated": false,
	"trimmed": true,
	"spriteSourceSize": {"x":0,"y":0,"w":38,"h":46},
	"sourceSize": {"w":37,"h":45}
},
"theme_001_particle_rock_005.png":
{
	"frame": {"x":977,"y":379,"w":46,"h":54},
	"rotated": false,
	"trimmed": true,
	"spriteSourceSize": {"x":0,"y":0,"w":46,"h":54},
	"sourceSize": {"w":45,"h":54}
},
"theme_001_scenery_barrel_001.png":
{
	"frame": {"x":817,"y":1965,"w":112,"h":66},
	"rotated": false,
	"trimmed": true,
	"spriteSourceSize": {"x":0,"y":0,"w":112,"h":66},
	"sourceSize": {"w":111,"h":65}
},
"theme_001_scenery_barrel_002.png":
{
	"frame": {"x":921,"y":1355,"w":66,"h":108},
	"rotated": false,
	"trimmed": false,
	"spriteSourceSize": {"x":0,"y":0,"w":66,"h":108},
	"sourceSize": {"w":66,"h":108}
},
"theme_001_scenery_barrel_003.png":
{
	"frame": {"x":755,"y":1913,"w":60,"h":96},
	"rotated": false,
	"trimmed": true,
	"spriteSourceSize": {"x":0,"y":0,"w":60,"h":96},
	"sourceSize": {"w":60,"h":95}
},
"theme_001_scenery_brick_sign.png":
{
	"frame": {"x":665,"y":1,"w":340,"h":210},
	"rotated": false,
	"trimmed": true,
	"spriteSourceSize": {"x":0,"y":0,"w":340,"h":210},
	"sourceSize": {"w":339,"h":210}
},
"theme_001_scenery_cacti_001.png":
{
	"frame": {"x":977,"y":213,"w":46,"h":164},
	"rotated": false,
	"trimmed": true,
	"spriteSourceSize": {"x":0,"y":0,"w":46,"h":164},
	"sourceSize": {"w":45,"h":164}
},
"theme_001_scenery_cacti_002.png":
{
	"frame": {"x":923,"y":1081,"w":86,"h":164},
	"rotated": false,
	"trimmed": false,
	"spriteSourceSize": {"x":0,"y":0,"w":86,"h":164},
	"sourceSize": {"w":86,"h":164}
},
"theme_001_scenery_rock_001.png":
{
	"frame": {"x":315,"y":1987,"w":86,"h":40},
	"rotated": false,
	"trimmed": true,
	"spriteSourceSize": {"x":0,"y":0,"w":86,"h":40},
	"sourceSize": {"w":86,"h":39}
},
"theme_001_scenery_rock_002.png":
{
	"frame": {"x":665,"y":1591,"w":214,"h":78},
	"rotated": false,
	"trimmed": true,
	"spriteSourceSize": {"x":0,"y":0,"w":214,"h":78},
	"sourceSize": {"w":213,"h":78}
},
"theme_001_scenery_rock_003.png":
{
	"frame": {"x":665,"y":1423,"w":232,"h":166},
	"rotated": false,
	"trimmed": true,
	"spriteSourceSize": {"x":0,"y":0,"w":232,"h":166},
	"sourceSize": {"w":255,"h":165}
},
"theme_001_scenery_rock_004.png":
{
	"frame": {"x":921,"y":1291,"w":70,"h":62},
	"rotated": false,
	"trimmed": true,
	"spriteSourceSize": {"x":0,"y":0,"w":70,"h":62},
	"sourceSize": {"w":70,"h":61}
},
"theme_001_scenery_rock_005.png":
{
	"frame": {"x":977,"y":435,"w":42,"h":26},
	"rotated": false,
	"trimmed": false,
	"spriteSourceSize": {"x":0,"y":0,"w":42,"h":26},
	"sourceSize": {"w":42,"h":26}
},
"theme_001_scenery_rock_006.png":
{
	"frame": {"x":921,"y":1247,"w":72,"h":42},
	"rotated": false,
	"trimmed": true,
	"spriteSourceSize": {"x":0,"y":0,"w":72,"h":42},
	"sourceSize": {"w":72,"h":41}
},
"theme_001_scenery_skull.png":
{
	"frame": {"x":1,"y":1987,"w":84,"h":58},
	"rotated": false,
	"trimmed": true,
	"spriteSourceSize": {"x":0,"y":0,"w":84,"h":58},
	"sourceSize": {"w":84,"h":57}
},
"theme_01_wall_0.png":
{
	"frame": {"x":625,"y":1913,"w":128,"h":120},
	"rotated": false,
	"trimmed": true,
	"spriteSourceSize": {"x":0,"y":0,"w":128,"h":120},
	"sourceSize": {"w":128,"h":128}
}},
"meta": {
	"app": "http://www.codeandweb.com/texturepacker",
	"version": "1.0",
	"image": "theme_01.png",
	"format": "RGBA8888",
	"size": {"w":1024,"h":2048},
	"scale": "0.5",
	"smartupdate": "$TexturePacker:SmartUpdate:bd5da82362fea865ffcfb45cb83805ab:41559ae7a7c8a901fcf1cdee5dc39b51:05264bb406fa101c8fd1d077d19fd22d$"
}
}
