{"frames": {

"projectile_bullet_mascot.png":
{
	"frame": {"x":877,"y":1,"w":184,"h":68},
	"rotated": false,
	"trimmed": true,
	"spriteSourceSize": {"x":0,"y":114,"w":184,"h":68},
	"sourceSize": {"w":183,"h":182}
},
"theme_02_fill_0.png":
{
	"frame": {"x":1065,"y":1,"w":128,"h":128},
	"rotated": false,
	"trimmed": false,
	"spriteSourceSize": {"x":0,"y":0,"w":128,"h":128},
	"sourceSize": {"w":128,"h":128}
},
"theme_02_fill_1.png":
{
	"frame": {"x":1065,"y":1,"w":128,"h":128},
	"rotated": false,
	"trimmed": false,
	"spriteSourceSize": {"x":0,"y":0,"w":128,"h":128},
	"sourceSize": {"w":128,"h":128}
},
"theme_02_ground_0.png":
{
	"frame": {"x":765,"y":1897,"w":256,"h":140},
	"rotated": false,
	"trimmed": true,
	"spriteSourceSize": {"x":0,"y":64,"w":256,"h":140},
	"sourceSize": {"w":256,"h":256}
},
"theme_02_ground_1.png":
{
	"frame": {"x":765,"y":1897,"w":256,"h":140},
	"rotated": false,
	"trimmed": true,
	"spriteSourceSize": {"x":0,"y":64,"w":256,"h":140},
	"sourceSize": {"w":256,"h":256}
},
"theme_02_ground_edge_0.png":
{
	"frame": {"x":1065,"y":131,"w":122,"h":140},
	"rotated": false,
	"trimmed": true,
	"spriteSourceSize": {"x":134,"y":64,"w":122,"h":140},
	"sourceSize": {"w":256,"h":256}
},
"theme_002_obstacle_falling_platform.png":
{
	"frame": {"x":837,"y":1439,"w":226,"h":52},
	"rotated": false,
	"trimmed": true,
	"spriteSourceSize": {"x":0,"y":0,"w":226,"h":52},
	"sourceSize": {"w":225,"h":52}
},
"theme_002_obstacle_finish.png":
{
	"frame": {"x":663,"y":1021,"w":220,"h":416},
	"rotated": false,
	"trimmed": true,
	"spriteSourceSize": {"x":10,"y":4,"w":220,"h":416},
	"sourceSize": {"w":240,"h":420}
},
"theme_002_obstacle_flame_off.png":
{
	"frame": {"x":663,"y":1439,"w":128,"h":62},
	"rotated": false,
	"trimmed": true,
	"spriteSourceSize": {"x":0,"y":144,"w":128,"h":62},
	"sourceSize": {"w":128,"h":206}
},
"theme_002_obstacle_flame_on.png":
{
	"frame": {"x":663,"y":1439,"w":128,"h":62},
	"rotated": false,
	"trimmed": true,
	"spriteSourceSize": {"x":0,"y":144,"w":128,"h":62},
	"sourceSize": {"w":128,"h":206}
},
"theme_002_obstacle_gate_blue_back.png":
{
	"frame": {"x":741,"y":1503,"w":160,"h":392},
	"rotated": false,
	"trimmed": true,
	"spriteSourceSize": {"x":0,"y":122,"w":160,"h":392},
	"sourceSize": {"w":445,"h":514}
},
"theme_002_obstacle_gate_blue_closed.png":
{
	"frame": {"x":237,"y":1029,"w":424,"h":476},
	"rotated": false,
	"trimmed": true,
	"spriteSourceSize": {"x":18,"y":38,"w":424,"h":476},
	"sourceSize": {"w":445,"h":514}
},
"theme_002_obstacle_gate_blue_open.png":
{
	"frame": {"x":315,"y":1507,"w":424,"h":476},
	"rotated": false,
	"trimmed": true,
	"spriteSourceSize": {"x":18,"y":38,"w":424,"h":476},
	"sourceSize": {"w":445,"h":514}
},
"theme_002_obstacle_gate_green_back.png":
{
	"frame": {"x":741,"y":1503,"w":160,"h":392},
	"rotated": false,
	"trimmed": true,
	"spriteSourceSize": {"x":0,"y":122,"w":160,"h":392},
	"sourceSize": {"w":445,"h":514}
},
"theme_002_obstacle_gate_green_closed.png":
{
	"frame": {"x":1,"y":1,"w":440,"h":512},
	"rotated": false,
	"trimmed": true,
	"spriteSourceSize": {"x":2,"y":2,"w":440,"h":512},
	"sourceSize": {"w":445,"h":514}
},
"theme_002_obstacle_gate_green_open.png":
{
	"frame": {"x":1,"y":515,"w":440,"h":512},
	"rotated": false,
	"trimmed": true,
	"spriteSourceSize": {"x":2,"y":2,"w":440,"h":512},
	"sourceSize": {"w":445,"h":514}
},
"theme_002_obstacle_gate_red_back.png":
{
	"frame": {"x":741,"y":1503,"w":160,"h":392},
	"rotated": false,
	"trimmed": true,
	"spriteSourceSize": {"x":0,"y":122,"w":160,"h":392},
	"sourceSize": {"w":445,"h":514}
},
"theme_002_obstacle_gate_red_closed.png":
{
	"frame": {"x":443,"y":1,"w":404,"h":462},
	"rotated": false,
	"trimmed": true,
	"spriteSourceSize": {"x":38,"y":52,"w":404,"h":462},
	"sourceSize": {"w":445,"h":514}
},
"theme_002_obstacle_gate_red_open.png":
{
	"frame": {"x":443,"y":465,"w":404,"h":462},
	"rotated": false,
	"trimmed": true,
	"spriteSourceSize": {"x":38,"y":52,"w":404,"h":462},
	"sourceSize": {"w":445,"h":514}
},
"theme_002_obstacle_rock.png":
{
	"frame": {"x":1065,"y":361,"w":222,"h":230},
	"rotated": false,
	"trimmed": true,
	"spriteSourceSize": {"x":0,"y":0,"w":222,"h":230},
	"sourceSize": {"w":221,"h":230}
},
"theme_002_obstacle_spike_large_off.png":
{
	"frame": {"x":1,"y":1999,"w":152,"h":40},
	"rotated": false,
	"trimmed": true,
	"spriteSourceSize": {"x":0,"y":52,"w":152,"h":40},
	"sourceSize": {"w":151,"h":91}
},
"theme_002_obstacle_spike_large_on.png":
{
	"frame": {"x":443,"y":929,"w":152,"h":92},
	"rotated": false,
	"trimmed": true,
	"spriteSourceSize": {"x":0,"y":0,"w":152,"h":92},
	"sourceSize": {"w":151,"h":91}
},
"theme_002_obstacle_spike_small_off.png":
{
	"frame": {"x":155,"y":1999,"w":116,"h":40},
	"rotated": false,
	"trimmed": true,
	"spriteSourceSize": {"x":0,"y":50,"w":116,"h":40},
	"sourceSize": {"w":116,"h":90}
},
"theme_002_obstacle_spike_small_on.png":
{
	"frame": {"x":597,"y":929,"w":116,"h":90},
	"rotated": false,
	"trimmed": false,
	"spriteSourceSize": {"x":0,"y":0,"w":116,"h":90},
	"sourceSize": {"w":116,"h":90}
},
"theme_002_obstacle_teleport_off.png":
{
	"frame": {"x":903,"y":1493,"w":310,"h":366},
	"rotated": false,
	"trimmed": false,
	"spriteSourceSize": {"x":0,"y":0,"w":310,"h":366},
	"sourceSize": {"w":310,"h":366}
},
"theme_002_obstacle_teleport_on.png":
{
	"frame": {"x":1329,"y":1,"w":310,"h":366},
	"rotated": false,
	"trimmed": false,
	"spriteSourceSize": {"x":0,"y":0,"w":310,"h":366},
	"sourceSize": {"w":310,"h":366}
},
"theme_002_particle_rock_001.png":
{
	"frame": {"x":849,"y":273,"w":46,"h":50},
	"rotated": false,
	"trimmed": true,
	"spriteSourceSize": {"x":0,"y":0,"w":46,"h":50},
	"sourceSize": {"w":46,"h":49}
},
"theme_002_particle_rock_002.png":
{
	"frame": {"x":767,"y":929,"w":108,"h":74},
	"rotated": false,
	"trimmed": true,
	"spriteSourceSize": {"x":0,"y":0,"w":108,"h":74},
	"sourceSize": {"w":107,"h":74}
},
"theme_002_particle_rock_003.png":
{
	"frame": {"x":1289,"y":361,"w":28,"h":126},
	"rotated": false,
	"trimmed": true,
	"spriteSourceSize": {"x":0,"y":0,"w":28,"h":126},
	"sourceSize": {"w":27,"h":125}
},
"theme_002_particle_rock_004.png":
{
	"frame": {"x":793,"y":1439,"w":42,"h":60},
	"rotated": false,
	"trimmed": true,
	"spriteSourceSize": {"x":0,"y":0,"w":42,"h":60},
	"sourceSize": {"w":42,"h":59}
},
"theme_002_particle_rock_005.png":
{
	"frame": {"x":1215,"y":229,"w":90,"h":130},
	"rotated": false,
	"trimmed": true,
	"spriteSourceSize": {"x":0,"y":0,"w":90,"h":130},
	"sourceSize": {"w":89,"h":130}
},
"theme_002_scenery_bin.png":
{
	"frame": {"x":715,"y":929,"w":50,"h":84},
	"rotated": false,
	"trimmed": true,
	"spriteSourceSize": {"x":0,"y":0,"w":50,"h":84},
	"sourceSize": {"w":50,"h":83}
},
"theme_002_scenery_posts.png":
{
	"frame": {"x":403,"y":1985,"w":360,"h":62},
	"rotated": false,
	"trimmed": true,
	"spriteSourceSize": {"x":0,"y":0,"w":360,"h":62},
	"sourceSize": {"w":360,"h":61}
},
"theme_002_scenery_shrubs.png":
{
	"frame": {"x":1641,"y":1,"w":266,"h":106},
	"rotated": false,
	"trimmed": true,
	"spriteSourceSize": {"x":0,"y":0,"w":266,"h":106},
	"sourceSize": {"w":265,"h":106}
},
"theme_002_scenery_sign.png":
{
	"frame": {"x":1215,"y":1,"w":90,"h":226},
	"rotated": false,
	"trimmed": false,
	"spriteSourceSize": {"x":0,"y":0,"w":90,"h":226},
	"sourceSize": {"w":90,"h":226}
},
"theme_002_scenery_support_001.png":
{
	"frame": {"x":1,"y":1517,"w":312,"h":480},
	"rotated": false,
	"trimmed": false,
	"spriteSourceSize": {"x":0,"y":0,"w":312,"h":480},
	"sourceSize": {"w":312,"h":480}
},
"theme_002_scenery_support_002.png":
{
	"frame": {"x":1,"y":1029,"w":234,"h":486},
	"rotated": false,
	"trimmed": true,
	"spriteSourceSize": {"x":0,"y":0,"w":234,"h":486},
	"sourceSize": {"w":233,"h":485}
},
"theme_002_scenery_wall.png":
{
	"frame": {"x":1023,"y":1861,"w":304,"h":172},
	"rotated": false,
	"trimmed": true,
	"spriteSourceSize": {"x":0,"y":0,"w":304,"h":172},
	"sourceSize": {"w":303,"h":171}
},
"theme_02_wall_0.png":
{
	"frame": {"x":273,"y":1999,"w":128,"h":34},
	"rotated": false,
	"trimmed": true,
	"spriteSourceSize": {"x":0,"y":0,"w":128,"h":34},
	"sourceSize": {"w":128,"h":128}
}},
"meta": {
	"app": "http://www.codeandweb.com/texturepacker",
	"version": "1.0",
	"image": "theme_02.png",
	"format": "RGBA8888",
	"size": {"w":2048,"h":2048},
	"scale": "0.5",
	"smartupdate": "$TexturePacker:SmartUpdate:93a032c640b030f08533d538c633a84f:349062e70e0eae2c08728e1309d79043:a77fd5e532679974064df794e1dcbf10$"
}
}
