{"frames": {

"theme_03_bg_mountains.png":
{
	"frame": {"x":1,"y":1541,"w":1900,"h":332},
	"rotated": false,
	"trimmed": true,
	"spriteSourceSize": {"x":0,"y":84,"w":1900,"h":332},
	"sourceSize": {"w":1900,"h":768}
},
"theme_03_mg_tile_001.png":
{
	"frame": {"x":1,"y":1,"w":1900,"h":768},
	"rotated": false,
	"trimmed": false,
	"spriteSourceSize": {"x":0,"y":0,"w":1900,"h":768},
	"sourceSize": {"w":1900,"h":768}
},
"theme_03_mg_tile_002.png":
{
	"frame": {"x":1,"y":771,"w":1900,"h":768},
	"rotated": false,
	"trimmed": false,
	"spriteSourceSize": {"x":0,"y":0,"w":1900,"h":768},
	"sourceSize": {"w":1900,"h":768}
}},
"meta": {
	"app": "http://www.codeandweb.com/texturepacker",
	"version": "1.0",
	"image": "theme_03_tiles.png",
	"format": "RGBA8888",
	"size": {"w":2048,"h":2048},
	"scale": "0.5",
	"smartupdate": "$TexturePacker:SmartUpdate:5906223036762ed975b0701abef82c57:0fdde1fb44f7d6f91fe072fc79916ab3:8474bc771cc86fbdc70d9fefc46dca4b$"
}
}
