{"frames": {

"theme_01_bg_mountains.png":
{
	"frame": {"x":1,"y":1,"w":1900,"h":768},
	"rotated": false,
	"trimmed": false,
	"spriteSourceSize": {"x":0,"y":0,"w":1900,"h":768},
	"sourceSize": {"w":1900,"h":768}
},
"theme_01_mg_tile_001.png":
{
	"frame": {"x":1,"y":1187,"w":1714,"h":350},
	"rotated": false,
	"trimmed": true,
	"spriteSourceSize": {"x":52,"y":224,"w":1714,"h":350},
	"sourceSize": {"w":1900,"h":768}
},
"theme_01_mg_tile_002.png":
{
	"frame": {"x":1,"y":771,"w":1784,"h":414},
	"rotated": false,
	"trimmed": true,
	"spriteSourceSize": {"x":70,"y":198,"w":1784,"h":414},
	"sourceSize": {"w":1900,"h":768}
}},
"meta": {
	"app": "http://www.codeandweb.com/texturepacker",
	"version": "1.0",
	"image": "theme_01_tiles.png",
	"format": "RGBA8888",
	"size": {"w":2048,"h":2048},
	"scale": "0.5",
	"smartupdate": "$TexturePacker:SmartUpdate:1dfc85dcbf01556461e27f0dd323560d:2f6f4ddd967c424fe4ebf03f8c5e1254:e4dded477bfd9b09bbf7dc31070a0d2e$"
}
}
