{"frames": {

"bg_header.png":
{
	"frame": {"x":2,"y":1630,"w":1800,"h":384},
	"rotated": false,
	"trimmed": false,
	"spriteSourceSize": {"x":0,"y":0,"w":1800,"h":384},
	"sourceSize": {"w":1800,"h":384},
	"pivot": {"x":0.5,"y":0.5}
},
"bg_tile_01.png":
{
	"frame": {"x":2,"y":2,"w":1800,"h":812},
	"rotated": false,
	"trimmed": true,
	"spriteSourceSize": {"x":0,"y":0,"w":1800,"h":812},
	"sourceSize": {"w":1800,"h":811},
	"pivot": {"x":0.5,"y":0.5}
},
"bg_tile_02.png":
{
	"frame": {"x":2,"y":816,"w":1800,"h":812},
	"rotated": false,
	"trimmed": true,
	"spriteSourceSize": {"x":0,"y":0,"w":1800,"h":812},
	"sourceSize": {"w":1800,"h":811},
	"pivot": {"x":0.5,"y":0.5}
}},
"meta": {
	"app": "http://www.codeandweb.com/texturepacker",
	"version": "1.0",
	"image": "backbround.png",
	"format": "RGBA8888",
	"size": {"w":2048,"h":2048},
	"scale": "0.5",
	"smartupdate": "$TexturePacker:SmartUpdate:3b4e602bd3d004ddc0c623b3270e97b5:6f7a02c0fb66decd1b54b8108f121720:76893c1b716a2c1dd0bef745976f6bc5$"
}
}
