{"frames": {

"logo.png":
{
	"frame": {"x":2,"y":2,"w":488,"h":400},
	"rotated": false,
	"trimmed": true,
	"spriteSourceSize": {"x":6,"y":0,"w":488,"h":400},
	"sourceSize": {"w":500,"h":410}
}},
"meta": {
	"app": "http://www.codeandweb.com/texturepacker ",
	"version": "1.0",
	"image": "logo.png",
	"format": "RGBA8888",
	"size": {"w":512,"h":512},
	"scale": "0.5",
	"smartupdate": "$TexturePacker:SmartUpdate:8bd8b8b314e38d2b9cd2e4d53b1a7663:23e7229c2dcbc9e180e45db51f757fd4:f43202918ade00c99053b8efc6a1a856$"
}
}
