{"frames": {

"but_home_default.png":
{
	"frame": {"x":404,"y":1932,"w":104,"h":102},
	"rotated": false,
	"trimmed": false,
	"spriteSourceSize": {"x":0,"y":0,"w":104,"h":102},
	"sourceSize": {"w":104,"h":102},
	"pivot": {"x":0.5,"y":0.5}
},
"but_home_pressed.png":
{
	"frame": {"x":510,"y":1932,"w":104,"h":102},
	"rotated": false,
	"trimmed": false,
	"spriteSourceSize": {"x":0,"y":0,"w":104,"h":102},
	"sourceSize": {"w":104,"h":102},
	"pivot": {"x":0.5,"y":0.5}
},
"but_home_rollover.png":
{
	"frame": {"x":732,"y":1402,"w":104,"h":102},
	"rotated": false,
	"trimmed": false,
	"spriteSourceSize": {"x":0,"y":0,"w":104,"h":102},
	"sourceSize": {"w":104,"h":102},
	"pivot": {"x":0.5,"y":0.5}
},
"but_next_default.png":
{
	"frame": {"x":732,"y":1506,"w":104,"h":102},
	"rotated": false,
	"trimmed": false,
	"spriteSourceSize": {"x":0,"y":0,"w":104,"h":102},
	"sourceSize": {"w":104,"h":102},
	"pivot": {"x":0.5,"y":0.5}
},
"but_next_pressed.png":
{
	"frame": {"x":732,"y":1610,"w":104,"h":102},
	"rotated": false,
	"trimmed": false,
	"spriteSourceSize": {"x":0,"y":0,"w":104,"h":102},
	"sourceSize": {"w":104,"h":102},
	"pivot": {"x":0.5,"y":0.5}
},
"but_next_rollover.png":
{
	"frame": {"x":836,"y":854,"w":104,"h":102},
	"rotated": false,
	"trimmed": false,
	"spriteSourceSize": {"x":0,"y":0,"w":104,"h":102},
	"sourceSize": {"w":104,"h":102},
	"pivot": {"x":0.5,"y":0.5}
},
"but_play_default.png":
{
	"frame": {"x":1904,"y":2,"w":142,"h":140},
	"rotated": false,
	"trimmed": true,
	"spriteSourceSize": {"x":2,"y":2,"w":142,"h":140},
	"sourceSize": {"w":145,"h":145},
	"pivot": {"x":0.5,"y":0.5}
},
"but_play_pressed.png":
{
	"frame": {"x":1904,"y":144,"w":142,"h":140},
	"rotated": false,
	"trimmed": true,
	"spriteSourceSize": {"x":2,"y":2,"w":142,"h":140},
	"sourceSize": {"w":145,"h":145},
	"pivot": {"x":0.5,"y":0.5}
},
"but_play_rollover.png":
{
	"frame": {"x":1904,"y":286,"w":142,"h":140},
	"rotated": false,
	"trimmed": true,
	"spriteSourceSize": {"x":2,"y":2,"w":142,"h":140},
	"sourceSize": {"w":145,"h":145},
	"pivot": {"x":0.5,"y":0.5}
},
"but_replay_default.png":
{
	"frame": {"x":1904,"y":428,"w":142,"h":140},
	"rotated": false,
	"trimmed": true,
	"spriteSourceSize": {"x":2,"y":2,"w":142,"h":140},
	"sourceSize": {"w":145,"h":145},
	"pivot": {"x":0.5,"y":0.5}
},
"but_replay_pressed.png":
{
	"frame": {"x":1904,"y":570,"w":142,"h":140},
	"rotated": false,
	"trimmed": true,
	"spriteSourceSize": {"x":2,"y":2,"w":142,"h":140},
	"sourceSize": {"w":145,"h":145},
	"pivot": {"x":0.5,"y":0.5}
},
"but_replay_rollover.png":
{
	"frame": {"x":1904,"y":712,"w":142,"h":140},
	"rotated": false,
	"trimmed": true,
	"spriteSourceSize": {"x":2,"y":2,"w":142,"h":140},
	"sourceSize": {"w":145,"h":145},
	"pivot": {"x":0.5,"y":0.5}
},
"but_soundoff_default.png":
{
	"frame": {"x":836,"y":958,"w":104,"h":102},
	"rotated": false,
	"trimmed": false,
	"spriteSourceSize": {"x":0,"y":0,"w":104,"h":102},
	"sourceSize": {"w":104,"h":102},
	"pivot": {"x":0.5,"y":0.5}
},
"but_soundoff_pressed.png":
{
	"frame": {"x":836,"y":1062,"w":104,"h":102},
	"rotated": false,
	"trimmed": false,
	"spriteSourceSize": {"x":0,"y":0,"w":104,"h":102},
	"sourceSize": {"w":104,"h":102},
	"pivot": {"x":0.5,"y":0.5}
},
"but_soundoff_rollover.png":
{
	"frame": {"x":836,"y":1166,"w":104,"h":102},
	"rotated": false,
	"trimmed": false,
	"spriteSourceSize": {"x":0,"y":0,"w":104,"h":102},
	"sourceSize": {"w":104,"h":102},
	"pivot": {"x":0.5,"y":0.5}
},
"but_soundon_default.png":
{
	"frame": {"x":836,"y":1270,"w":104,"h":102},
	"rotated": false,
	"trimmed": false,
	"spriteSourceSize": {"x":0,"y":0,"w":104,"h":102},
	"sourceSize": {"w":104,"h":102},
	"pivot": {"x":0.5,"y":0.5}
},
"but_soundon_pressed.png":
{
	"frame": {"x":838,"y":1374,"w":104,"h":102},
	"rotated": false,
	"trimmed": false,
	"spriteSourceSize": {"x":0,"y":0,"w":104,"h":102},
	"sourceSize": {"w":104,"h":102},
	"pivot": {"x":0.5,"y":0.5}
},
"but_soundon_rollover.png":
{
	"frame": {"x":838,"y":1478,"w":104,"h":102},
	"rotated": false,
	"trimmed": false,
	"spriteSourceSize": {"x":0,"y":0,"w":104,"h":102},
	"sourceSize": {"w":104,"h":102},
	"pivot": {"x":0.5,"y":0.5}
},
"gang.png":
{
	"frame": {"x":332,"y":1402,"w":324,"h":406},
	"rotated": false,
	"trimmed": true,
	"spriteSourceSize": {"x":6,"y":2,"w":324,"h":406},
	"sourceSize": {"w":331,"h":408},
	"pivot": {"x":0.5,"y":0.5}
},
"rope_left.png":
{
	"frame": {"x":694,"y":1402,"w":36,"h":334},
	"rotated": false,
	"trimmed": true,
	"spriteSourceSize": {"x":0,"y":0,"w":36,"h":334},
	"sourceSize": {"w":35,"h":336},
	"pivot": {"x":0.5,"y":0.5}
},
"rope_right.png":
{
	"frame": {"x":658,"y":1402,"w":34,"h":336},
	"rotated": false,
	"trimmed": true,
	"spriteSourceSize": {"x":0,"y":0,"w":34,"h":336},
	"sourceSize": {"w":35,"h":336},
	"pivot": {"x":0.5,"y":0.5}
},
"scooby_shaggy.png":
{
	"frame": {"x":2,"y":1402,"w":328,"h":422},
	"rotated": false,
	"trimmed": true,
	"spriteSourceSize": {"x":6,"y":0,"w":328,"h":422},
	"sourceSize": {"w":339,"h":421},
	"pivot": {"x":0.5,"y":0.5}
},
"scorebox_distance.png":
{
	"frame": {"x":2,"y":1826,"w":292,"h":120},
	"rotated": false,
	"trimmed": true,
	"spriteSourceSize": {"x":4,"y":2,"w":292,"h":120},
	"sourceSize": {"w":300,"h":125},
	"pivot": {"x":0.5,"y":0.5}
},
"scorebox_pickups.png":
{
	"frame": {"x":296,"y":1826,"w":268,"h":104},
	"rotated": false,
	"trimmed": true,
	"spriteSourceSize": {"x":4,"y":6,"w":268,"h":104},
	"sourceSize": {"w":275,"h":125},
	"pivot": {"x":0.5,"y":0.5}
},
"scorebox_total.png":
{
	"frame": {"x":732,"y":1714,"w":270,"h":90},
	"rotated": false,
	"trimmed": true,
	"spriteSourceSize": {"x":2,"y":0,"w":270,"h":90},
	"sourceSize": {"w":273,"h":91},
	"pivot": {"x":0.5,"y":0.5}
},
"splash_bg.png":
{
	"frame": {"x":2,"y":2,"w":1900,"h":768},
	"rotated": false,
	"trimmed": false,
	"spriteSourceSize": {"x":0,"y":0,"w":1900,"h":768},
	"sourceSize": {"w":1900,"h":768},
	"pivot": {"x":0.5,"y":0.5}
},
"tutorial_button0001.png":
{
	"frame": {"x":2,"y":772,"w":44,"h":80},
	"rotated": false,
	"trimmed": true,
	"spriteSourceSize": {"x":4,"y":10,"w":44,"h":80},
	"sourceSize": {"w":50,"h":100},
	"pivot": {"x":0.5,"y":0.5}
},
"tutorial_button0002.png":
{
	"frame": {"x":886,"y":1582,"w":44,"h":84},
	"rotated": false,
	"trimmed": true,
	"spriteSourceSize": {"x":4,"y":8,"w":44,"h":84},
	"sourceSize": {"w":50,"h":100},
	"pivot": {"x":0.5,"y":0.5}
},
"tutorial_button0003.png":
{
	"frame": {"x":838,"y":1582,"w":46,"h":88},
	"rotated": false,
	"trimmed": true,
	"spriteSourceSize": {"x":2,"y":6,"w":46,"h":88},
	"sourceSize": {"w":50,"h":100},
	"pivot": {"x":0.5,"y":0.5}
},
"tutorial_button0004.png":
{
	"frame": {"x":566,"y":1810,"w":48,"h":92},
	"rotated": false,
	"trimmed": true,
	"spriteSourceSize": {"x":2,"y":4,"w":48,"h":92},
	"sourceSize": {"w":50,"h":100},
	"pivot": {"x":0.5,"y":0.5}
},
"tutorial_button0005.png":
{
	"frame": {"x":48,"y":772,"w":24,"h":44},
	"rotated": false,
	"trimmed": true,
	"spriteSourceSize": {"x":22,"y":28,"w":24,"h":44},
	"sourceSize": {"w":50,"h":100},
	"pivot": {"x":0.5,"y":0.5}
},
"tutorial_image.png":
{
	"frame": {"x":616,"y":1810,"w":642,"h":232},
	"rotated": false,
	"trimmed": true,
	"spriteSourceSize": {"x":2,"y":2,"w":642,"h":232},
	"sourceSize": {"w":646,"h":235},
	"pivot": {"x":0.5,"y":0.5}
},
"tutorial_keys0001.png":
{
	"frame": {"x":2,"y":1948,"w":132,"h":92},
	"rotated": false,
	"trimmed": true,
	"spriteSourceSize": {"x":0,"y":0,"w":132,"h":92},
	"sourceSize": {"w":133,"h":93},
	"pivot": {"x":0.5,"y":0.5}
},
"tutorial_keys0002.png":
{
	"frame": {"x":136,"y":1948,"w":132,"h":92},
	"rotated": false,
	"trimmed": true,
	"spriteSourceSize": {"x":0,"y":0,"w":132,"h":92},
	"sourceSize": {"w":133,"h":93},
	"pivot": {"x":0.5,"y":0.5}
},
"tutorial_keys0003.png":
{
	"frame": {"x":2,"y":1948,"w":132,"h":92},
	"rotated": false,
	"trimmed": true,
	"spriteSourceSize": {"x":0,"y":0,"w":132,"h":92},
	"sourceSize": {"w":133,"h":93},
	"pivot": {"x":0.5,"y":0.5}
},
"tutorial_keys0004.png":
{
	"frame": {"x":270,"y":1948,"w":132,"h":92},
	"rotated": false,
	"trimmed": true,
	"spriteSourceSize": {"x":0,"y":0,"w":132,"h":92},
	"sourceSize": {"w":133,"h":93},
	"pivot": {"x":0.5,"y":0.5}
},
"wooden_board.png":
{
	"frame": {"x":2,"y":854,"w":832,"h":546},
	"rotated": false,
	"trimmed": true,
	"spriteSourceSize": {"x":6,"y":0,"w":832,"h":546},
	"sourceSize": {"w":839,"h":546},
	"pivot": {"x":0.5,"y":0.5}
}},
"meta": {
	"app": "http://www.codeandweb.com/texturepacker",
	"version": "1.0",
	"image": "ui_atlas.png",
	"format": "RGBA8888",
	"size": {"w":2048,"h":2048},
	"scale": "0.5",
	"smartupdate": "$TexturePacker:SmartUpdate:996649e1b59eff15828afd73c35f7720:1e591c30dd908267f4174af04c741398:353f40a7dedaddd67a2f8cd53ec084a8$"
}
}
