{  
    "goals":
    {  
        "runLevel1":
        {  
            "desc":"STR_GOALS_RUN_LEVEL_1",
            "property":"distance",
            "type":"=",
            "target":100,
            "value":0,
            "achieved":false,
            "cumulative":false
        },
        
        "runLevel2":
        {  
            "desc":"STR_GOALS_RUN_LEVEL_2",
            "property":"distance",
            "type":"=",
            "target":300,
            "value":0,
            "achieved":false,
            "cumulative":false
        },
        
        "runLevel3":
        {  
            "desc":"STR_GOALS_RUN_LEVEL_3",
            "property":"distance",
            "type":"=",
            "target":500,
            "value":0,
            "achieved":false,
            "cumulative":false
        },
        
        "runLevel4":
        {  
            "desc":"STR_GOALS_RUN_LEVEL_4",
            "property":"distance",
            "type":"=",
            "target":1000,
            "value":0,
            "achieved":false,
            "cumulative":false
        },
        
        "runLevel5":
        {  
            "desc":"STR_GOALS_RUN_LEVEL_5",
            "property":"distance",
            "type":"=",
            "target":2000,
            "value":0,
            "achieved":false,
            "cumulative":false
        },
        
        "runLevel6":
        {  
            "desc":"STR_GOALS_RUN_LEVEL_6",
            "property":"distance",
            "type":"=",
            "target":5000,
            "value":0,
            "achieved":false,
            "cumulative":false
        },
        
        "runLevelCumulative1":
        {  
            "desc":"STR_GOALS_RUN_LEVEL_CUMULATIVE_1",
            "property":"distance",
            "type":"=",
            "target":500,
            "value":0,
            "achieved":false,
            "cumulative":true
        },
        
        "runLevelCumulative2":
        {  
            "desc":"STR_GOALS_RUN_LEVEL_CUMULATIVE_2",
            "property":"distance",
            "type":"=",
            "target":2000,
            "value":0,
            "achieved":false,
            "cumulative":true
        },
        
        "runLevelCumulative3":
        {  
            "desc":"STR_GOALS_RUN_LEVEL_CUMULATIVE_3",
            "property":"distance",
            "type":"=",
            "target":3000,
            "value":0,
            "achieved":false,
            "cumulative":true
        },
        
        "runLevelCumulative4":
        {  
            "desc":"STR_GOALS_RUN_LEVEL_CUMULATIVE_4",
            "property":"distance",
            "type":"=",
            "target":10000,
            "value":0,
            "achieved":false,
            "cumulative":true
        },
        
        "crash":
        {  
            "desc":"STR_GOALS_CRASH",
            "property":"deaths",
            "type":"=",
            "target":1,
            "value":0,
            "achieved":false,
            "cumulative":false
        },
        
        "grindLevel1":
        {  
            "desc":"STR_GOALS_GRIND_LEVEL_1",
            "property":"grindDistance",
            "type":"=",
            "target":10,
            "value":0,
            "achieved":false,
            "cumulative":false
        },
        
        "grindLevel2":
        {  
            "desc":"STR_GOALS_GRIND_LEVEL_2",
            "property":"grindDistance",
            "type":"=",
            "target":100,
            "value":0,
            "achieved":false,
            "cumulative":false
        },
        
        "grindLevel3":
        {  
            "desc":"STR_GOALS_GRIND_LEVEL_3",
            "property":"grindDistance",
            "type":"=",
            "target":500,
            "value":0,
            "achieved":false,
            "cumulative":false
        },
        
        "grindLevel4":
        {  
            "desc":"STR_GOALS_GRIND_LEVEL_4",
            "property":"grindDistance",
            "type":"=",
            "target":1000,
            "value":0,
            "achieved":false,
            "cumulative":false
        },
        
        "grindLevelCumulative1":
        {  
            "desc":"STR_GOALS_GRIND_LEVEL_CUMULATIVE_1",
            "property":"grindDistance",
            "type":"=",
            "target":50,
            "value":0,
            "achieved":false,
            "cumulative":true
        },
        
        "grindLevelCumulative2":
        {  
            "desc":"STR_GOALS_GRIND_LEVEL_CUMULATIVE_2",
            "property":"grindDistance",
            "type":"=",
            "target":100,
            "value":0,
            "achieved":false,
            "cumulative":true
        },
        
        "grindLevelCumulative3":
        {  
            "desc":"STR_GOALS_GRIND_LEVEL_CUMULATIVE_3",
            "property":"grindDistance",
            "type":"=",
            "target":150,
            "value":0,
            "achieved":false,
            "cumulative":true
        },
        
        "grindLevelCumulative4":
        {  
            "desc":"STR_GOALS_GRIND_LEVEL_CUMULATIVE_4",
            "property":"grindDistance",
            "type":"=",
            "target":300,
            "value":0,
            "achieved":false,
            "cumulative":true
        },
        
        "smashLevel1":
        {  
            "desc":"STR_GOALS_SMASH_LEVEL_1",
            "property":"smash",
            "type":"=",
            "target":2,
            "value":0,
            "achieved":false,
            "cumulative":false
        },
        
        "smashLevel2":
        {  
            "desc":"STR_GOALS_SMASH_LEVEL_2",
            "property":"smash",
            "type":"=",
            "target":10,
            "value":0,
            "achieved":false,
            "cumulative":false
        },
        
        "smashLevel3":
        {  
            "desc":"STR_GOALS_SMASH_LEVEL_3",
            "property":"smash",
            "type":"=",
            "target":20,
            "value":0,
            "achieved":false,
            "cumulative":false
        },
        
        "smashLevel4":
        {  
            "desc":"STR_GOALS_SMASH_LEVEL_4",
            "property":"smash",
            "type":"=",
            "target":30,
            "value":0,
            "achieved":false,
            "cumulative":false
        },
        
        "smashLevel5":
        {  
            "desc":"STR_GOALS_SMASH_LEVEL_5",
            "property":"smash",
            "type":"=",
            "target":50,
            "value":0,
            "achieved":false,
            "cumulative":false
        },
        
        "smashLevel1Cumulative":
        {  
            "desc":"STR_GOALS_SMASH_LEVEL_1_CUMULATIVE",
            "property":"smash",
            "type":"=",
            "target":15,
            "value":0,
            "achieved":false,
            "cumulative":true
        },
        
        "smashLevel2Cumulative":
        {  
            "desc":"STR_GOALS_SMASH_LEVEL_2_CUMULATIVE",
            "property":"smash",
            "type":"=",
            "target":30,
            "value":0,
            "achieved":false,
            "cumulative":true
        },
        
        "smashLevel3Cumulative":
        {  
            "desc":"STR_GOALS_SMASH_LEVEL_3_CUMULATIVE",
            "property":"smash",
            "type":"=",
            "target":50,
            "value":0,
            "achieved":false,
            "cumulative":true
        },
        
        "smashLevel4Cumulative":
        {  
            "desc":"STR_GOALS_SMASH_LEVEL_4_CUMULATIVE",
            "property":"smash",
            "type":"=",
            "target":100,
            "value":0,
            "achieved":false,
            "cumulative":true
        },
        
        "coinLevel1":
        {  
            "desc":"STR_GOALS_COIN_LEVEL_1",
            "property":"coins",
            "type":"=",
            "target":100,
            "value":0,
            "achieved":false,
            "cumulative":false
        },
        
        "coinLevel2":
        {  
            "desc":"STR_GOALS_COIN_LEVEL_2",
            "property":"coins",
            "type":"=",
            "target":300,
            "value":0,
            "achieved":false,
            "cumulative":false
        },
        
        "coinLevel3":
        {  
            "desc":"STR_GOALS_COIN_LEVEL_3",
            "property":"coins",
            "type":"=",
            "target":750,
            "value":0,
            "achieved":false,
            "cumulative":false
        },
        
        "coinLevel4":
        {  
            "desc":"STR_GOALS_COIN_LEVEL_4",
            "property":"coins",
            "type":"=",
            "target":1500,
            "value":0,
            "achieved":false,
            "cumulative":false
        },
        
        "coinLevel5":
        {  
            "desc":"STR_GOALS_COIN_LEVEL_5",
            "property":"coins",
            "type":"=",
            "target":2000,
            "value":0,
            "achieved":false,
            "cumulative":false
        },
        
        "coinLevel6":
        {  
            "desc":"STR_GOALS_COIN_LEVEL_6",
            "property":"coins",
            "type":"=",
            "target":3000,
            "value":0,
            "achieved":false,
            "cumulative":false
        },
        
        "coinLevel7":
        {  
            "desc":"STR_GOALS_COIN_LEVEL_7",
            "property":"coins",
            "type":"=",
            "target":5000,
            "value":0,
            "achieved":false,
            "cumulative":false
        },
        
        "coinLevel1Cumulative":
        {  
            "desc":"STR_GOALS_COIN_LEVEL_1_CUMULATIVE",
            "property":"coins",
            "type":"=",
            "target":1000,
            "value":0,
            "achieved":false,
            "cumulative":true
        },
        
        "coinLevel2Cumulative":
        {  
            "desc":"STR_GOALS_COIN_LEVEL_2_CUMULATIVE",
            "property":"coins",
            "type":"=",
            "target":3000,
            "value":0,
            "achieved":false,
            "cumulative":true
        },
        
        "coinLevel3Cumulative":
        {  
            "desc":"STR_GOALS_COIN_LEVEL_3_CUMULATIVE",
            "property":"coins",
            "type":"=",
            "target":5000,
            "value":0,
            "achieved":false,
            "cumulative":true
        },
        
        "coinLevel4Cumulative":
        {  
            "desc":"STR_GOALS_COIN_LEVEL_4_CUMULATIVE",
            "property":"coins",
            "type":"=",
            "target":10000,
            "value":0,
            "achieved":false,
            "cumulative":true
        },
        
        "comboLevel1":
        {  
            "desc":"STR_GOALS_COMBO_LEVEL_1",
            "property":"combo",
            "type":"=",
            "target":2,
            "value":0,
            "achieved":false,
            "cumulative":false
        },
        
        "comboLevel2":
        {  
            "desc":"STR_GOALS_COMBO_LEVEL_2",
            "property":"combo",
            "type":"=",
            "target":5,
            "value":0,
            "achieved":false,
            "cumulative":false
        },
        
        "comboLevel3":
        {  
            "desc":"STR_GOALS_COMBO_LEVEL_3",
            "property":"combo",
            "type":"=",
            "target":7,
            "value":0,
            "achieved":false,
            "cumulative":false
        },
        
        "comboLevel4":
        {  
            "desc":"STR_GOALS_COMBO_LEVEL_4",
            "property":"combo",
            "type":"=",
            "target":10,
            "value":0,
            "achieved":false,
            "cumulative":false
        },
        
        "comboLevel5":
        {  
            "desc":"STR_GOALS_COMBO_LEVEL_5",
            "property":"combo",
            "type":"=",
            "target":20,
            "value":0,
            "achieved":false,
            "cumulative":false
        },
        
        "scoreLevel1":
        {  
            "desc":"STR_GOALS_SCORE_LEVEL_1",
            "property":"score",
            "type":"=",
            "target":2000,
            "value":0,
            "achieved":false,
            "cumulative":false
        },
        
        "scoreLevel2":
        {  
            "desc":"STR_GOALS_SCORE_LEVEL_2",
            "property":"score",
            "type":"=",
            "target":4000,
            "value":0,
            "achieved":false,
            "cumulative":false
        },
        
        "scoreLevel3":
        {  
            "desc":"STR_GOALS_SCORE_LEVEL_3",
            "property":"score",
            "type":"=",
            "target":15000,
            "value":0,
            "achieved":false,
            "cumulative":false
        },
        
        "scoreLevel4":
        {  
            "desc":"STR_GOALS_SCORE_LEVEL_4",
            "property":"score",
            "type":"=",
            "target":50000,
            "value":0,
            "achieved":false,
            "cumulative":false
        },
        
        "scoreTrickLevel1":
        {  
            "desc":"STR_GOALS_SCORE_TRICK_LEVEL_1",
            "property":"scoreTrick",
            "type":"=",
            "target":200,
            "value":0,
            "achieved":false,
            "cumulative":false
        },
        
        "scoreTrickLevel2":
        {  
            "desc":"STR_GOALS_SCORE_TRICK_LEVEL_2",
            "property":"scoreTrick",
            "type":"=",
            "target":4000,
            "value":0,
            "achieved":false,
            "cumulative":false
        },
        
        "scoreTrickLevel3":
        {  
            "desc":"STR_GOALS_SCORE_TRICK_LEVEL_3",
            "property":"scoreTrick",
            "type":"=",
            "target":10000,
            "value":0,
            "achieved":false,
            "cumulative":false
        },
        
        "scoreTrickLevel4":
        {  
            "desc":"STR_GOALS_SCORE_TRICK_LEVEL_4",
            "property":"scoreTrick",
            "type":"=",
            "target":15000,
            "value":0,
            "achieved":false,
            "cumulative":false
        },
        
        "scoreTrickLevel5":
        {  
            "desc":"STR_GOALS_SCORE_TRICK_LEVEL_5",
            "property":"scoreTrick",
            "type":"=",
            "target":17500,
            "value":0,
            "achieved":false,
            "cumulative":false
        },
        
        "scoreTrickLevel6":
        {  
            "desc":"STR_GOALS_SCORE_TRICK_LEVEL_6",
            "property":"scoreTrick",
            "type":"=",
            "target":20000,
            "value":0,
            "achieved":false,
            "cumulative":false
        },
        
        "flipLevel1":
        {  
            "desc":"STR_GOALS_FLIP_LEVEL_1",
            "property":"flip",
            "type":"=",
            "target":1,
            "value":0,
            "achieved":false,
            "cumulative":false
        },
        
        "flipLevel2":
        {  
            "desc":"STR_GOALS_FLIP_LEVEL_2",
            "property":"flip",
            "type":"=",
            "target":2,
            "value":0,
            "achieved":false,
            "cumulative":false
        },
        
        "flipLevel3":
        {  
            "desc":"STR_GOALS_FLIP_LEVEL_3",
            "property":"flip",
            "type":"=",
            "target":5,
            "value":0,
            "achieved":false,
            "cumulative":false
        },
        
        "flipLevel4":
        {  
            "desc":"STR_GOALS_FLIP_LEVEL_4",
            "property":"flip",
            "type":"=",
            "target":25,
            "value":0,
            "achieved":false,
            "cumulative":false
        },
        
        "flipLevel5":
        {  
            "desc":"STR_GOALS_FLIP_LEVEL_5",
            "property":"flip",
            "type":"=",
            "target":50,
            "value":0,
            "achieved":false,
            "cumulative":false
        },
        
        "doubleFlipLevel1":
        {  
            "desc":"STR_GOALS_DOUBLE_FLIP_LEVEL_1",
            "property":"doubleFlip",
            "type":"=",
            "target":1,
            "value":0,
            "achieved":false,
            "cumulative":false
        },
        
        "doubleFlipLevel2":
        {  
            "desc":"STR_GOALS_DOUBLE_FLIP_LEVEL_2",
            "property":"doubleFlip",
            "type":"=",
            "target":3,
            "value":0,
            "achieved":false,
            "cumulative":false
        },
        
        "doubleFlipLevel4":
        {  
            "desc":"STR_GOALS_DOUBLE_FLIP_LEVEL_4",
            "property":"doubleFlip",
            "type":"=",
            "target":10,
            "value":0,
            "achieved":false,
            "cumulative":false
        },
        
        "tripleFlipLevel1":
        {  
            "desc":"STR_GOALS_TRIPLE_FLIP_LEVEL_1",
            "property":"tripleFlip",
            "type":"=",
            "target":3,
            "value":0,
            "achieved":false,
            "cumulative":false
        },
        
        "tripleFlipLevel2":
        {  
            "desc":"STR_GOALS_TRIPLE_FLIP_LEVEL_2",
            "property":"tripleFlip",
            "type":"=",
            "target":5,
            "value":0,
            "achieved":false,
            "cumulative":false
        }
    },
    
    "groups" : { 

            "level1":
            {  
                "desc":"STR_GOALS_LEVEL_1_TITLE",
                "achievements":[  
                    "crash",
                    "runLevel1",
                    "coinLevel1"
                ]
            },
            "level2":
            {  
                "desc":"STR_GOALS_LEVEL_2_TITLE",
                "achievements":[  
                    "smashLevel1",
                    "grindLevel1",
                    "flipLevel1"
                ]
            },
            "level3":
            {  
                "desc":"STR_GOALS_LEVEL_3_TITLE",
                "achievements":[  
                    "runLevelCumulative1",
                    "comboLevel1",
                    "coinLevel2"
                ]
            },
            "level4":
            {  
                "desc":"STR_GOALS_LEVEL_4_TITLE",
                "achievements":[  
                    "scoreTrickLevel1",
                    "runLevel2",
                    "smashLevel1Cumulative"
                ]
            },
            "level5":
            {  
                "desc":"STR_GOALS_LEVEL_5_TITLE",
                "achievements":[  
                    "grindLevelCumulative1",
                    "flipLevel2",
                    "scoreLevel1"
                ]
            },
            "level6":
            {  
                "desc":"STR_GOALS_LEVEL_6_TITLE",
                "achievements":[  
                    "runLevel3",
                    "smashLevel2Cumulative",
                    "comboLevel2"
                ]
            },
            "level7":
            {  
                "desc":"STR_GOALS_LEVEL_7_TITLE",
                "achievements":[  
                    "grindLevelCumulative2",
                    "smashLevel2",
                    "coinLevel3"
                ]
            },
            "level8":
            {  
                "desc":"STR_GOALS_LEVEL_8_TITLE",
                "achievements":[  
                    "runLevelCumulative2",
                    "scoreLevel2",
                    "flipLevel3"
                ]
            },
            "level9":
            {  
                "desc":"STR_GOALS_LEVEL_9_TITLE",
                "achievements":[  
                    "coinLevel2Cumulative",
                    "doubleFlipLevel1",
                    "runLevel4"
                ]
            },
            "level10":
            {  
                "desc":"STR_GOALS_LEVEL_10_TITLE",
                "achievements":[  
                    "grindLevel2",
                    "scoreTrickLevel2",
                    "coinLevel4"
                ]
            },
            "level11":
            {  
                "desc":"STR_GOALS_LEVEL_11_TITLE",
                "achievements":[  
                    "smashLevel3",
                    "coinLevel5",
                    "scoreTrickLevel3"
                ]
            },
            "level12":
            {  
                "desc":"STR_GOALS_LEVEL_12_TITLE",
                "achievements":[  
                    "runLevel5",
                    "coinLevel3Cumulative",
                    "grindLevel3"
                ]
            },
            "level13":
            {  
                "desc":"STR_GOALS_LEVEL_13_TITLE",
                "achievements":[  
                    "smashLevel3Cumulative",
                    "scoreTrickLevel4",
                    "flipLevel4"
                ]
            },
            "level14":
            {  
                "desc":"STR_GOALS_LEVEL_14_TITLE",
                "achievements":[  
                    "runLevelCumulative3",
                    "comboLevel3",
                    "smashLevel4"
                ]
            },
            "level15":
            {  
                "desc":"STR_GOALS_LEVEL_15_TITLE",
                "achievements":[  
                    "grindLevelCumulative3",
                    "doubleFlipLevel2",
                    "coinLevel6"
                ]
            },
            "level16":
            {  
                "desc":"STR_GOALS_LEVEL_16_TITLE",
                "achievements":[  
                    "runLevel6",
                    "flipLevel5",
                    "comboLevel4"
                ]
            },
            "level17":
            {  
                "desc":"STR_GOALS_LEVEL_17_TITLE",
                "achievements":[  
                    "grindLevel4",
                    "smashLevel4Cumulative",
                    "doubleFlipLevel4"
                ]
            },
            "level18":
            {  
                "desc":"STR_GOALS_LEVEL_18_TITLE",
                "achievements":[  
                    "coinLevel7",
                    "scoreTrickLevel5",
                    "tripleFlipLevel1"
                ]
            },
            "level19":
            {  
                "desc":"STR_GOALS_LEVEL_19_TITLE",
                "achievements":[  
                    "runLevelCumulative4",
                    "smashLevel5",
                    "comboLevel5"
                ]
            },
            "level20":
            {  
                "desc":"STR_GOALS_LEVEL_20_TITLE",
                "achievements":[  
                    "grindLevelCumulative4",
                    "scoreTrickLevel6",
                    "tripleFlipLevel2"
                ]
            }
        }
}