{"frames": {

"bg_tile_001.png":
{
	"frame": {"x":2,"y":528,"w":950,"h":406},
	"rotated": false,
	"trimmed": true,
	"spriteSourceSize": {"x":0,"y":118,"w":950,"h":406},
	"sourceSize": {"w":950,"h":524},
	"pivot": {"x":0.5,"y":0.5}
},
"bg_tile_002.png":
{
	"frame": {"x":954,"y":888,"w":950,"h":402},
	"rotated": false,
	"trimmed": true,
	"spriteSourceSize": {"x":0,"y":122,"w":950,"h":402},
	"sourceSize": {"w":950,"h":524},
	"pivot": {"x":0.5,"y":0.5}
},
"bg_tile_003.png":
{
	"frame": {"x":954,"y":2,"w":950,"h":466},
	"rotated": false,
	"trimmed": true,
	"spriteSourceSize": {"x":0,"y":58,"w":950,"h":466},
	"sourceSize": {"w":950,"h":524},
	"pivot": {"x":0.5,"y":0.5}
},
"bg_tile_005.png":
{
	"frame": {"x":2,"y":936,"w":950,"h":400},
	"rotated": false,
	"trimmed": true,
	"spriteSourceSize": {"x":0,"y":124,"w":950,"h":400},
	"sourceSize": {"w":950,"h":524},
	"pivot": {"x":0.5,"y":0.5}
},
"bg_tile_006.png":
{
	"frame": {"x":954,"y":470,"w":950,"h":416},
	"rotated": false,
	"trimmed": true,
	"spriteSourceSize": {"x":0,"y":108,"w":950,"h":416},
	"sourceSize": {"w":950,"h":524},
	"pivot": {"x":0.5,"y":0.5}
},
"bg_tile_007.png":
{
	"frame": {"x":954,"y":1292,"w":950,"h":400},
	"rotated": false,
	"trimmed": true,
	"spriteSourceSize": {"x":0,"y":124,"w":950,"h":400},
	"sourceSize": {"w":950,"h":524},
	"pivot": {"x":0.5,"y":0.5}
},
"bg_tile_008.png":
{
	"frame": {"x":2,"y":1338,"w":950,"h":400},
	"rotated": false,
	"trimmed": true,
	"spriteSourceSize": {"x":0,"y":124,"w":950,"h":400},
	"sourceSize": {"w":950,"h":524},
	"pivot": {"x":0.5,"y":0.5}
},
"bg_tile_010.png":
{
	"frame": {"x":2,"y":2,"w":950,"h":524},
	"rotated": false,
	"trimmed": false,
	"spriteSourceSize": {"x":0,"y":0,"w":950,"h":524},
	"sourceSize": {"w":950,"h":524},
	"pivot": {"x":0.5,"y":0.5}
},
"boss_health_back.png":
{
	"frame": {"x":758,"y":2014,"w":282,"h":30},
	"rotated": false,
	"trimmed": true,
	"spriteSourceSize": {"x":0,"y":0,"w":282,"h":30},
	"sourceSize": {"w":282,"h":29},
	"pivot": {"x":0.5,"y":0.5}
},
"boss_health_fill.png":
{
	"frame": {"x":750,"y":1878,"w":278,"h":24},
	"rotated": false,
	"trimmed": true,
	"spriteSourceSize": {"x":2,"y":2,"w":278,"h":24},
	"sourceSize": {"w":282,"h":29},
	"pivot": {"x":0.5,"y":0.5}
},
"boss_health_icon_001.png":
{
	"frame": {"x":682,"y":1838,"w":66,"h":66},
	"rotated": false,
	"trimmed": true,
	"spriteSourceSize": {"x":8,"y":16,"w":66,"h":66},
	"sourceSize": {"w":79,"h":82},
	"pivot": {"x":0.5,"y":0.5}
},
"boss_health_icon_002.png":
{
	"frame": {"x":1474,"y":1958,"w":80,"h":82},
	"rotated": false,
	"trimmed": true,
	"spriteSourceSize": {"x":0,"y":0,"w":80,"h":82},
	"sourceSize": {"w":79,"h":82},
	"pivot": {"x":0.5,"y":0.5}
},
"btn_joystick_pad.png":
{
	"frame": {"x":348,"y":1836,"w":182,"h":180},
	"rotated": false,
	"trimmed": true,
	"spriteSourceSize": {"x":0,"y":0,"w":182,"h":180},
	"sourceSize": {"w":181,"h":180},
	"pivot": {"x":0.5,"y":0.5}
},
"btn_joystick_stick.png":
{
	"frame": {"x":1906,"y":1722,"w":90,"h":90},
	"rotated": false,
	"trimmed": true,
	"spriteSourceSize": {"x":2,"y":2,"w":90,"h":90},
	"sourceSize": {"w":94,"h":94},
	"pivot": {"x":0.5,"y":0.5}
},
"car_001.png":
{
	"frame": {"x":1906,"y":1530,"w":94,"h":94},
	"rotated": false,
	"trimmed": true,
	"spriteSourceSize": {"x":0,"y":0,"w":94,"h":94},
	"sourceSize": {"w":93,"h":93},
	"pivot": {"x":0.5,"y":0.5}
},
"car_002.png":
{
	"frame": {"x":1906,"y":792,"w":124,"h":140},
	"rotated": false,
	"trimmed": true,
	"spriteSourceSize": {"x":0,"y":0,"w":124,"h":140},
	"sourceSize": {"w":124,"h":139},
	"pivot": {"x":0.5,"y":0.5}
},
"car_004.png":
{
	"frame": {"x":1906,"y":1054,"w":116,"h":92},
	"rotated": false,
	"trimmed": true,
	"spriteSourceSize": {"x":0,"y":0,"w":116,"h":92},
	"sourceSize": {"w":115,"h":91},
	"pivot": {"x":0.5,"y":0.5}
},
"car_005.png":
{
	"frame": {"x":1906,"y":462,"w":136,"h":118},
	"rotated": false,
	"trimmed": false,
	"spriteSourceSize": {"x":0,"y":0,"w":136,"h":118},
	"sourceSize": {"w":136,"h":118},
	"pivot": {"x":0.5,"y":0.5}
},
"car_006.png":
{
	"frame": {"x":1906,"y":934,"w":122,"h":118},
	"rotated": false,
	"trimmed": true,
	"spriteSourceSize": {"x":0,"y":0,"w":122,"h":118},
	"sourceSize": {"w":121,"h":117},
	"pivot": {"x":0.5,"y":0.5}
},
"car_007.png":
{
	"frame": {"x":260,"y":1740,"w":196,"h":94},
	"rotated": false,
	"trimmed": true,
	"spriteSourceSize": {"x":0,"y":0,"w":196,"h":94},
	"sourceSize": {"w":195,"h":93},
	"pivot": {"x":0.5,"y":0.5}
},
"car_008.png":
{
	"frame": {"x":1906,"y":1220,"w":104,"h":78},
	"rotated": false,
	"trimmed": false,
	"spriteSourceSize": {"x":0,"y":0,"w":104,"h":78},
	"sourceSize": {"w":104,"h":78},
	"pivot": {"x":0.5,"y":0.5}
},
"cloud_001.png":
{
	"frame": {"x":1426,"y":1836,"w":608,"h":120},
	"rotated": false,
	"trimmed": true,
	"spriteSourceSize": {"x":0,"y":0,"w":608,"h":120},
	"sourceSize": {"w":607,"h":120},
	"pivot": {"x":0.5,"y":0.5}
},
"cloud_003.png":
{
	"frame": {"x":910,"y":1904,"w":496,"h":66},
	"rotated": false,
	"trimmed": true,
	"spriteSourceSize": {"x":0,"y":0,"w":496,"h":66},
	"sourceSize": {"w":495,"h":66},
	"pivot": {"x":0.5,"y":0.5}
},
"enemy_drone_gun.png":
{
	"frame": {"x":930,"y":1836,"w":46,"h":24},
	"rotated": false,
	"trimmed": false,
	"spriteSourceSize": {"x":0,"y":0,"w":46,"h":24},
	"sourceSize": {"w":46,"h":24},
	"pivot": {"x":0.5,"y":0.5}
},
"fg_001.png":
{
	"frame": {"x":954,"y":1694,"w":950,"h":140},
	"rotated": false,
	"trimmed": false,
	"spriteSourceSize": {"x":0,"y":0,"w":950,"h":140},
	"sourceSize": {"w":950,"h":140},
	"pivot": {"x":0.5,"y":0.5}
},
"fg_003.png":
{
	"frame": {"x":954,"y":1694,"w":950,"h":140},
	"rotated": false,
	"trimmed": false,
	"spriteSourceSize": {"x":0,"y":0,"w":950,"h":140},
	"sourceSize": {"w":950,"h":140},
	"pivot": {"x":0.5,"y":0.5}
},
"game_ui_powerbar_back.png":
{
	"frame": {"x":532,"y":1982,"w":496,"h":30},
	"rotated": false,
	"trimmed": true,
	"spriteSourceSize": {"x":0,"y":0,"w":496,"h":30},
	"sourceSize": {"w":495,"h":29},
	"pivot": {"x":0.5,"y":0.5}
},
"game_ui_powerbar_charge_off.png":
{
	"frame": {"x":2020,"y":1196,"w":24,"h":24},
	"rotated": false,
	"trimmed": true,
	"spriteSourceSize": {"x":0,"y":0,"w":24,"h":24},
	"sourceSize": {"w":23,"h":23},
	"pivot": {"x":0.5,"y":0.5}
},
"game_ui_powerbar_charge_on.png":
{
	"frame": {"x":2012,"y":1222,"w":24,"h":24},
	"rotated": false,
	"trimmed": true,
	"spriteSourceSize": {"x":0,"y":0,"w":24,"h":24},
	"sourceSize": {"w":23,"h":23},
	"pivot": {"x":0.5,"y":0.5}
},
"game_ui_powerbar_fill.png":
{
	"frame": {"x":260,"y":2020,"w":496,"h":24},
	"rotated": false,
	"trimmed": true,
	"spriteSourceSize": {"x":0,"y":0,"w":496,"h":24},
	"sourceSize": {"w":495,"h":23},
	"pivot": {"x":0.5,"y":0.5}
},
"game_ui_powerbar_icon_back.png":
{
	"frame": {"x":1890,"y":1958,"w":76,"h":80},
	"rotated": false,
	"trimmed": true,
	"spriteSourceSize": {"x":0,"y":16,"w":76,"h":80},
	"sourceSize": {"w":75,"h":95},
	"pivot": {"x":0.5,"y":0.5}
},
"game_ui_powerbar_icon_fill_ben_001.png":
{
	"frame": {"x":1030,"y":1836,"w":64,"h":64},
	"rotated": false,
	"trimmed": true,
	"spriteSourceSize": {"x":6,"y":24,"w":64,"h":64},
	"sourceSize": {"w":75,"h":95},
	"pivot": {"x":0.5,"y":0.5}
},
"game_ui_powerbar_icon_fill_ben_002.png":
{
	"frame": {"x":1096,"y":1836,"w":64,"h":64},
	"rotated": false,
	"trimmed": true,
	"spriteSourceSize": {"x":6,"y":24,"w":64,"h":64},
	"sourceSize": {"w":75,"h":95},
	"pivot": {"x":0.5,"y":0.5}
},
"game_ui_powerbar_icon_fill_heatblast_001.png":
{
	"frame": {"x":1162,"y":1836,"w":64,"h":64},
	"rotated": false,
	"trimmed": true,
	"spriteSourceSize": {"x":6,"y":24,"w":64,"h":64},
	"sourceSize": {"w":75,"h":95},
	"pivot": {"x":0.5,"y":0.5}
},
"game_ui_powerbar_icon_fill_heatblast_002.png":
{
	"frame": {"x":844,"y":1904,"w":64,"h":76},
	"rotated": false,
	"trimmed": true,
	"spriteSourceSize": {"x":6,"y":12,"w":64,"h":76},
	"sourceSize": {"w":75,"h":95},
	"pivot": {"x":0.5,"y":0.5}
},
"game_ui_powerbar_icon_fill_heatblast_003.png":
{
	"frame": {"x":1408,"y":1958,"w":64,"h":88},
	"rotated": false,
	"trimmed": true,
	"spriteSourceSize": {"x":6,"y":0,"w":64,"h":88},
	"sourceSize": {"w":75,"h":95},
	"pivot": {"x":0.5,"y":0.5}
},
"game_ui_powerbar_icon_fill_stinkfly_001.png":
{
	"frame": {"x":1228,"y":1836,"w":64,"h":64},
	"rotated": false,
	"trimmed": true,
	"spriteSourceSize": {"x":6,"y":24,"w":64,"h":64},
	"sourceSize": {"w":75,"h":95},
	"pivot": {"x":0.5,"y":0.5}
},
"game_ui_powerbar_icon_fill_stinkfly_002.png":
{
	"frame": {"x":1294,"y":1836,"w":64,"h":64},
	"rotated": false,
	"trimmed": true,
	"spriteSourceSize": {"x":6,"y":24,"w":64,"h":64},
	"sourceSize": {"w":75,"h":95},
	"pivot": {"x":0.5,"y":0.5}
},
"game_ui_powerbar_icon_fill_stinkfly_003.png":
{
	"frame": {"x":1360,"y":1836,"w":64,"h":64},
	"rotated": false,
	"trimmed": true,
	"spriteSourceSize": {"x":6,"y":24,"w":64,"h":64},
	"sourceSize": {"w":75,"h":95},
	"pivot": {"x":0.5,"y":0.5}
},
"game_ui_score.png":
{
	"frame": {"x":682,"y":1906,"w":160,"h":74},
	"rotated": false,
	"trimmed": false,
	"spriteSourceSize": {"x":0,"y":0,"w":160,"h":74},
	"sourceSize": {"w":160,"h":74},
	"pivot": {"x":0.5,"y":0.5}
},
"heatblast_flame_001.png":
{
	"frame": {"x":684,"y":1740,"w":246,"h":70},
	"rotated": false,
	"trimmed": true,
	"spriteSourceSize": {"x":96,"y":44,"w":246,"h":70},
	"sourceSize": {"w":342,"h":114},
	"pivot": {"x":0.5,"y":0.5}
},
"heatblast_flame_002.png":
{
	"frame": {"x":1042,"y":1972,"w":218,"h":56},
	"rotated": false,
	"trimmed": true,
	"spriteSourceSize": {"x":124,"y":54,"w":218,"h":56},
	"sourceSize": {"w":342,"h":114},
	"pivot": {"x":0.5,"y":0.5}
},
"heatblast_flame_003.png":
{
	"frame": {"x":1556,"y":1958,"w":332,"h":80},
	"rotated": false,
	"trimmed": true,
	"spriteSourceSize": {"x":10,"y":34,"w":332,"h":80},
	"sourceSize": {"w":342,"h":114},
	"pivot": {"x":0.5,"y":0.5}
},
"icon_bomb.png":
{
	"frame": {"x":532,"y":1832,"w":148,"h":148},
	"rotated": false,
	"trimmed": false,
	"spriteSourceSize": {"x":0,"y":0,"w":148,"h":148},
	"sourceSize": {"w":148,"h":148},
	"pivot": {"x":0.5,"y":0.5}
},
"projectile_bomb_ben_002.png":
{
	"frame": {"x":684,"y":1812,"w":70,"h":24},
	"rotated": false,
	"trimmed": true,
	"spriteSourceSize": {"x":0,"y":0,"w":70,"h":24},
	"sourceSize": {"w":70,"h":23},
	"pivot": {"x":0.5,"y":0.5}
},
"projectile_bomb_heatblast_001.png":
{
	"frame": {"x":158,"y":1740,"w":100,"h":290},
	"rotated": false,
	"trimmed": true,
	"spriteSourceSize": {"x":0,"y":0,"w":100,"h":290},
	"sourceSize": {"w":100,"h":289},
	"pivot": {"x":0.5,"y":0.5}
},
"projectile_boss_disk.png":
{
	"frame": {"x":1906,"y":1626,"w":94,"h":94},
	"rotated": false,
	"trimmed": true,
	"spriteSourceSize": {"x":0,"y":0,"w":94,"h":94},
	"sourceSize": {"w":93,"h":93},
	"pivot": {"x":0.5,"y":0.5}
},
"projectile_boss_gun.png":
{
	"frame": {"x":1906,"y":1196,"w":112,"h":22},
	"rotated": false,
	"trimmed": true,
	"spriteSourceSize": {"x":0,"y":0,"w":112,"h":22},
	"sourceSize": {"w":112,"h":21},
	"pivot": {"x":0.5,"y":0.5}
},
"projectile_boss_laser.png":
{
	"frame": {"x":2032,"y":792,"w":6,"h":28},
	"rotated": false,
	"trimmed": true,
	"spriteSourceSize": {"x":0,"y":0,"w":6,"h":28},
	"sourceSize": {"w":5,"h":27},
	"pivot": {"x":0.5,"y":0.5}
},
"projectile_bullet.png":
{
	"frame": {"x":1906,"y":1510,"w":96,"h":18},
	"rotated": false,
	"trimmed": true,
	"spriteSourceSize": {"x":0,"y":0,"w":96,"h":18},
	"sourceSize": {"w":96,"h":17},
	"pivot": {"x":0.5,"y":0.5}
},
"projectile_disk.png":
{
	"frame": {"x":1906,"y":418,"w":138,"h":20},
	"rotated": false,
	"trimmed": true,
	"spriteSourceSize": {"x":0,"y":0,"w":138,"h":20},
	"sourceSize": {"w":137,"h":20},
	"pivot": {"x":0.5,"y":0.5}
},
"projectile_disk2.png":
{
	"frame": {"x":1906,"y":440,"w":138,"h":20},
	"rotated": false,
	"trimmed": true,
	"spriteSourceSize": {"x":0,"y":0,"w":138,"h":20},
	"sourceSize": {"w":137,"h":20},
	"pivot": {"x":0.5,"y":0.5}
},
"projectile_heatblast.png":
{
	"frame": {"x":1906,"y":1148,"w":116,"h":46},
	"rotated": false,
	"trimmed": true,
	"spriteSourceSize": {"x":12,"y":0,"w":116,"h":46},
	"sourceSize": {"w":128,"h":47},
	"pivot": {"x":0.5,"y":0.5}
},
"projectile_heatblast_001.png":
{
	"frame": {"x":1906,"y":1148,"w":116,"h":46},
	"rotated": false,
	"trimmed": true,
	"spriteSourceSize": {"x":12,"y":0,"w":116,"h":46},
	"sourceSize": {"w":128,"h":47},
	"pivot": {"x":0.5,"y":0.5}
},
"projectile_heatblast_002.png":
{
	"frame": {"x":758,"y":1812,"w":170,"h":64},
	"rotated": false,
	"trimmed": true,
	"spriteSourceSize": {"x":0,"y":0,"w":170,"h":64},
	"sourceSize": {"w":169,"h":63},
	"pivot": {"x":0.5,"y":0.5}
},
"projectile_stinkfly.png":
{
	"frame": {"x":1906,"y":1480,"w":96,"h":28},
	"rotated": false,
	"trimmed": true,
	"spriteSourceSize": {"x":0,"y":0,"w":96,"h":28},
	"sourceSize": {"w":95,"h":28},
	"pivot": {"x":0.5,"y":0.5}
},
"projectile_stinkfly_001.png":
{
	"frame": {"x":1906,"y":1480,"w":96,"h":28},
	"rotated": false,
	"trimmed": true,
	"spriteSourceSize": {"x":0,"y":0,"w":96,"h":28},
	"sourceSize": {"w":95,"h":28},
	"pivot": {"x":0.5,"y":0.5}
},
"projectile_stinkfly_002.png":
{
	"frame": {"x":1262,"y":1972,"w":142,"h":42},
	"rotated": false,
	"trimmed": true,
	"spriteSourceSize": {"x":0,"y":0,"w":142,"h":42},
	"sourceSize": {"w":142,"h":41},
	"pivot": {"x":0.5,"y":0.5}
},
"score_counter.png":
{
	"frame": {"x":458,"y":1740,"w":224,"h":90},
	"rotated": false,
	"trimmed": false,
	"spriteSourceSize": {"x":0,"y":0,"w":224,"h":90},
	"sourceSize": {"w":224,"h":90},
	"pivot": {"x":0.5,"y":0.5}
},
"tree_001.png":
{
	"frame": {"x":1906,"y":1300,"w":100,"h":178},
	"rotated": false,
	"trimmed": false,
	"spriteSourceSize": {"x":0,"y":0,"w":100,"h":178},
	"sourceSize": {"w":100,"h":178},
	"pivot": {"x":0.5,"y":0.5}
},
"tree_002.png":
{
	"frame": {"x":1906,"y":238,"w":140,"h":178},
	"rotated": false,
	"trimmed": false,
	"spriteSourceSize": {"x":0,"y":0,"w":140,"h":178},
	"sourceSize": {"w":140,"h":178},
	"pivot": {"x":0.5,"y":0.5}
},
"tree_003.png":
{
	"frame": {"x":1906,"y":2,"w":140,"h":234},
	"rotated": false,
	"trimmed": true,
	"spriteSourceSize": {"x":0,"y":0,"w":140,"h":234},
	"sourceSize": {"w":139,"h":234},
	"pivot": {"x":0.5,"y":0.5}
},
"tree_004.png":
{
	"frame": {"x":1906,"y":582,"w":134,"h":208},
	"rotated": false,
	"trimmed": true,
	"spriteSourceSize": {"x":0,"y":0,"w":134,"h":208},
	"sourceSize": {"w":133,"h":208},
	"pivot": {"x":0.5,"y":0.5}
},
"tree_005.png":
{
	"frame": {"x":2,"y":1740,"w":154,"h":290},
	"rotated": false,
	"trimmed": true,
	"spriteSourceSize": {"x":0,"y":0,"w":154,"h":290},
	"sourceSize": {"w":154,"h":289},
	"pivot": {"x":0.5,"y":0.5}
},
"tree_006.png":
{
	"frame": {"x":260,"y":1836,"w":86,"h":182},
	"rotated": false,
	"trimmed": true,
	"spriteSourceSize": {"x":0,"y":0,"w":86,"h":182},
	"sourceSize": {"w":85,"h":181},
	"pivot": {"x":0.5,"y":0.5}
}},
"meta": {
	"app": "http://www.codeandweb.com/texturepacker",
	"version": "1.0",
	"image": "game_0.png",
	"format": "RGBA8888",
	"size": {"w":2048,"h":2048},
	"scale": "0.5",
	"smartupdate": "$TexturePacker:SmartUpdate:700ecdedddb5f271bdd88acc439edb33:cbc04e16129d3010f38bb4a1bab2b537:2b5cd2c09fe58b961c6a74ed60b18141$"
}
}
