{"frames": {

"bg_tile_009.png":
{
	"frame": {"x":2,"y":2,"w":950,"h":400},
	"rotated": false,
	"trimmed": true,
	"spriteSourceSize": {"x":0,"y":124,"w":950,"h":400},
	"sourceSize": {"w":950,"h":524},
	"pivot": {"x":0.5,"y":0.5}
},
"btn_shoot.png":
{
	"frame": {"x":646,"y":466,"w":90,"h":90},
	"rotated": false,
	"trimmed": false,
	"spriteSourceSize": {"x":0,"y":0,"w":90,"h":90},
	"sourceSize": {"w":90,"h":90},
	"pivot": {"x":0.5,"y":0.5}
},
"car_003.png":
{
	"frame": {"x":744,"y":404,"w":230,"h":120},
	"rotated": false,
	"trimmed": true,
	"spriteSourceSize": {"x":0,"y":0,"w":230,"h":120},
	"sourceSize": {"w":229,"h":120},
	"pivot": {"x":0.5,"y":0.5}
},
"cloud_002.png":
{
	"frame": {"x":2,"y":1030,"w":552,"h":92},
	"rotated": false,
	"trimmed": false,
	"spriteSourceSize": {"x":0,"y":0,"w":552,"h":92},
	"sourceSize": {"w":552,"h":92},
	"pivot": {"x":0.5,"y":0.5}
},
"fg_002.png":
{
	"frame": {"x":2,"y":404,"w":740,"h":60},
	"rotated": false,
	"trimmed": true,
	"spriteSourceSize": {"x":106,"y":80,"w":740,"h":60},
	"sourceSize": {"w":950,"h":140},
	"pivot": {"x":0.5,"y":0.5}
},
"icon_bomb_glow.png":
{
	"frame": {"x":738,"y":526,"w":148,"h":148},
	"rotated": false,
	"trimmed": false,
	"spriteSourceSize": {"x":0,"y":0,"w":148,"h":148},
	"sourceSize": {"w":148,"h":148},
	"pivot": {"x":0.5,"y":0.5}
},
"icon_level_up.png":
{
	"frame": {"x":646,"y":676,"w":148,"h":148},
	"rotated": false,
	"trimmed": false,
	"spriteSourceSize": {"x":0,"y":0,"w":148,"h":148},
	"sourceSize": {"w":148,"h":148},
	"pivot": {"x":0.5,"y":0.5}
},
"icon_level_up_glow.png":
{
	"frame": {"x":796,"y":676,"w":148,"h":148},
	"rotated": false,
	"trimmed": false,
	"spriteSourceSize": {"x":0,"y":0,"w":148,"h":148},
	"sourceSize": {"w":148,"h":148},
	"pivot": {"x":0.5,"y":0.5}
},
"projectile_bomb_ben.png":
{
	"frame": {"x":2,"y":1124,"w":390,"h":378},
	"rotated": false,
	"trimmed": true,
	"spriteSourceSize": {"x":8,"y":10,"w":390,"h":378},
	"sourceSize": {"w":400,"h":400},
	"pivot": {"x":0.5,"y":0.5}
},
"projectile_bomb_heatblast_002.png":
{
	"frame": {"x":646,"y":826,"w":146,"h":768},
	"rotated": false,
	"trimmed": false,
	"spriteSourceSize": {"x":0,"y":0,"w":146,"h":768},
	"sourceSize": {"w":146,"h":768},
	"pivot": {"x":0.5,"y":0.5}
},
"projectile_bomb_stinkfly_001.png":
{
	"frame": {"x":2,"y":466,"w":642,"h":562},
	"rotated": false,
	"trimmed": true,
	"spriteSourceSize": {"x":0,"y":0,"w":642,"h":562},
	"sourceSize": {"w":643,"h":561},
	"pivot": {"x":0.5,"y":0.5}
},
"projectile_bomb_stinkfly_002.png":
{
	"frame": {"x":2,"y":1596,"w":478,"h":384},
	"rotated": false,
	"trimmed": true,
	"spriteSourceSize": {"x":82,"y":88,"w":478,"h":384},
	"sourceSize": {"w":643,"h":561},
	"pivot": {"x":0.5,"y":0.5}
},
"projectile_bomb_stinkfly_003.png":
{
	"frame": {"x":482,"y":1596,"w":382,"h":380},
	"rotated": false,
	"trimmed": true,
	"spriteSourceSize": {"x":130,"y":90,"w":382,"h":380},
	"sourceSize": {"w":643,"h":561},
	"pivot": {"x":0.5,"y":0.5}
}},
"meta": {
	"app": "http://www.codeandweb.com/texturepacker",
	"version": "1.0",
	"image": "game_1.png",
	"format": "RGBA8888",
	"size": {"w":1024,"h":2048},
	"scale": "0.5",
	"smartupdate": "$TexturePacker:SmartUpdate:700ecdedddb5f271bdd88acc439edb33:cbc04e16129d3010f38bb4a1bab2b537:2b5cd2c09fe58b961c6a74ed60b18141$"
}
}
