{"frames": {

"particle_001.png":
{
	"frame": {"x":118,"y":78,"w":58,"h":56},
	"rotated": false,
	"trimmed": true,
	"spriteSourceSize": {"x":0,"y":0,"w":58,"h":56},
	"sourceSize": {"w":58,"h":55},
	"pivot": {"x":0.5,"y":0.5}
},
"particle_002.png":
{
	"frame": {"x":60,"y":78,"w":56,"h":58},
	"rotated": false,
	"trimmed": true,
	"spriteSourceSize": {"x":0,"y":0,"w":56,"h":58},
	"sourceSize": {"w":55,"h":57},
	"pivot": {"x":0.5,"y":0.5}
},
"particle_003.png":
{
	"frame": {"x":76,"y":140,"w":60,"h":64},
	"rotated": false,
	"trimmed": true,
	"spriteSourceSize": {"x":0,"y":0,"w":60,"h":64},
	"sourceSize": {"w":60,"h":63},
	"pivot": {"x":0.5,"y":0.5}
},
"particle_004.png":
{
	"frame": {"x":268,"y":114,"w":24,"h":24},
	"rotated": false,
	"trimmed": true,
	"spriteSourceSize": {"x":0,"y":0,"w":24,"h":24},
	"sourceSize": {"w":24,"h":23},
	"pivot": {"x":0.5,"y":0.5}
},
"particle_005.png":
{
	"frame": {"x":294,"y":114,"w":28,"h":28},
	"rotated": false,
	"trimmed": true,
	"spriteSourceSize": {"x":0,"y":0,"w":28,"h":28},
	"sourceSize": {"w":28,"h":27},
	"pivot": {"x":0.5,"y":0.5}
},
"particle_006.png":
{
	"frame": {"x":2,"y":140,"w":72,"h":66},
	"rotated": false,
	"trimmed": true,
	"spriteSourceSize": {"x":0,"y":0,"w":72,"h":66},
	"sourceSize": {"w":71,"h":66},
	"pivot": {"x":0.5,"y":0.5}
},
"particle_007.png":
{
	"frame": {"x":370,"y":50,"w":74,"h":64},
	"rotated": false,
	"trimmed": false,
	"spriteSourceSize": {"x":0,"y":0,"w":74,"h":64},
	"sourceSize": {"w":74,"h":64},
	"pivot": {"x":0.5,"y":0.5}
},
"particle_bomb_001.png":
{
	"frame": {"x":194,"y":114,"w":44,"h":24},
	"rotated": false,
	"trimmed": true,
	"spriteSourceSize": {"x":0,"y":8,"w":44,"h":24},
	"sourceSize": {"w":43,"h":41},
	"pivot": {"x":0.5,"y":0.5}
},
"particle_bomb_002.png":
{
	"frame": {"x":108,"y":206,"w":26,"h":42},
	"rotated": false,
	"trimmed": true,
	"spriteSourceSize": {"x":8,"y":0,"w":26,"h":42},
	"sourceSize": {"w":43,"h":41},
	"pivot": {"x":0.5,"y":0.5}
},
"particle_bomb_003.png":
{
	"frame": {"x":324,"y":140,"w":30,"h":32},
	"rotated": false,
	"trimmed": true,
	"spriteSourceSize": {"x":6,"y":4,"w":30,"h":32},
	"sourceSize": {"w":43,"h":41},
	"pivot": {"x":0.5,"y":0.5}
},
"particle_bomb_004.png":
{
	"frame": {"x":240,"y":114,"w":26,"h":24},
	"rotated": false,
	"trimmed": true,
	"spriteSourceSize": {"x":8,"y":8,"w":26,"h":24},
	"sourceSize": {"w":43,"h":41},
	"pivot": {"x":0.5,"y":0.5}
},
"particle_bomb_005.png":
{
	"frame": {"x":418,"y":116,"w":26,"h":28},
	"rotated": false,
	"trimmed": true,
	"spriteSourceSize": {"x":8,"y":6,"w":26,"h":28},
	"sourceSize": {"w":43,"h":41},
	"pivot": {"x":0.5,"y":0.5}
},
"particle_bomb_006.png":
{
	"frame": {"x":272,"y":140,"w":20,"h":24},
	"rotated": false,
	"trimmed": true,
	"spriteSourceSize": {"x":12,"y":8,"w":20,"h":24},
	"sourceSize": {"w":43,"h":41},
	"pivot": {"x":0.5,"y":0.5}
},
"particle_drone_001.png":
{
	"frame": {"x":214,"y":140,"w":56,"h":50},
	"rotated": false,
	"trimmed": true,
	"spriteSourceSize": {"x":0,"y":0,"w":56,"h":50},
	"sourceSize": {"w":55,"h":49},
	"pivot": {"x":0.5,"y":0.5}
},
"particle_drone_002.png":
{
	"frame": {"x":136,"y":206,"w":34,"h":40},
	"rotated": false,
	"trimmed": true,
	"spriteSourceSize": {"x":0,"y":0,"w":34,"h":40},
	"sourceSize": {"w":33,"h":40},
	"pivot": {"x":0.5,"y":0.5}
},
"particle_drone_003.png":
{
	"frame": {"x":178,"y":116,"w":14,"h":14},
	"rotated": false,
	"trimmed": true,
	"spriteSourceSize": {"x":0,"y":0,"w":14,"h":14},
	"sourceSize": {"w":14,"h":13},
	"pivot": {"x":0.5,"y":0.5}
},
"particle_drone_004.png":
{
	"frame": {"x":42,"y":94,"w":14,"h":18},
	"rotated": false,
	"trimmed": true,
	"spriteSourceSize": {"x":0,"y":0,"w":14,"h":18},
	"sourceSize": {"w":13,"h":18},
	"pivot": {"x":0.5,"y":0.5}
},
"particle_drone_005.png":
{
	"frame": {"x":324,"y":108,"w":32,"h":30},
	"rotated": false,
	"trimmed": false,
	"spriteSourceSize": {"x":0,"y":0,"w":32,"h":30},
	"sourceSize": {"w":32,"h":30},
	"pivot": {"x":0.5,"y":0.5}
},
"particle_drone_006.png":
{
	"frame": {"x":446,"y":50,"w":30,"h":16},
	"rotated": false,
	"trimmed": false,
	"spriteSourceSize": {"x":0,"y":0,"w":30,"h":16},
	"sourceSize": {"w":30,"h":16},
	"pivot": {"x":0.5,"y":0.5}
},
"particle_drone_007.png":
{
	"frame": {"x":232,"y":192,"w":22,"h":40},
	"rotated": false,
	"trimmed": true,
	"spriteSourceSize": {"x":0,"y":0,"w":22,"h":40},
	"sourceSize": {"w":21,"h":40},
	"pivot": {"x":0.5,"y":0.5}
},
"particle_drone_008.png":
{
	"frame": {"x":256,"y":192,"w":22,"h":38},
	"rotated": false,
	"trimmed": false,
	"spriteSourceSize": {"x":0,"y":0,"w":22,"h":38},
	"sourceSize": {"w":22,"h":38},
	"pivot": {"x":0.5,"y":0.5}
},
"particle_fire_projectile_01.png":
{
	"frame": {"x":446,"y":68,"w":64,"h":34},
	"rotated": false,
	"trimmed": true,
	"spriteSourceSize": {"x":0,"y":16,"w":64,"h":34},
	"sourceSize": {"w":64,"h":64},
	"pivot": {"x":0.5,"y":0.5}
},
"particle_game_powerbar_001.png":
{
	"frame": {"x":294,"y":144,"w":12,"h":12},
	"rotated": false,
	"trimmed": true,
	"spriteSourceSize": {"x":0,"y":0,"w":12,"h":12},
	"sourceSize": {"w":12,"h":11},
	"pivot": {"x":0.5,"y":0.5}
},
"particle_game_powerbar_002.png":
{
	"frame": {"x":262,"y":232,"w":12,"h":12},
	"rotated": false,
	"trimmed": true,
	"spriteSourceSize": {"x":0,"y":0,"w":12,"h":12},
	"sourceSize": {"w":11,"h":12},
	"pivot": {"x":0.5,"y":0.5}
},
"particle_game_powerbar_003.png":
{
	"frame": {"x":248,"y":234,"w":12,"h":14},
	"rotated": false,
	"trimmed": true,
	"spriteSourceSize": {"x":0,"y":0,"w":12,"h":14},
	"sourceSize": {"w":12,"h":13},
	"pivot": {"x":0.5,"y":0.5}
},
"particle_game_powerbar_004.png":
{
	"frame": {"x":478,"y":50,"w":6,"h":6},
	"rotated": false,
	"trimmed": true,
	"spriteSourceSize": {"x":0,"y":0,"w":6,"h":6},
	"sourceSize": {"w":5,"h":5},
	"pivot": {"x":0.5,"y":0.5}
},
"particle_game_powerbar_005.png":
{
	"frame": {"x":478,"y":58,"w":6,"h":6},
	"rotated": false,
	"trimmed": false,
	"spriteSourceSize": {"x":0,"y":0,"w":6,"h":6},
	"sourceSize": {"w":6,"h":6},
	"pivot": {"x":0.5,"y":0.5}
},
"particle_game_powerbar_006.png":
{
	"frame": {"x":232,"y":234,"w":14,"h":14},
	"rotated": false,
	"trimmed": true,
	"spriteSourceSize": {"x":0,"y":0,"w":14,"h":14},
	"sourceSize": {"w":14,"h":13},
	"pivot": {"x":0.5,"y":0.5}
},
"particle_game_powerbar_007.png":
{
	"frame": {"x":42,"y":78,"w":16,"h":14},
	"rotated": false,
	"trimmed": true,
	"spriteSourceSize": {"x":0,"y":0,"w":16,"h":14},
	"sourceSize": {"w":15,"h":13},
	"pivot": {"x":0.5,"y":0.5}
},
"particle_heatblast_flame.png":
{
	"frame": {"x":2,"y":2,"w":366,"h":74},
	"rotated": false,
	"trimmed": false,
	"spriteSourceSize": {"x":0,"y":0,"w":366,"h":74},
	"sourceSize": {"w":366,"h":74},
	"pivot": {"x":0.5,"y":0.5}
},
"particle_heatblast_flame_00.png":
{
	"frame": {"x":358,"y":116,"w":58,"h":26},
	"rotated": false,
	"trimmed": true,
	"spriteSourceSize": {"x":72,"y":0,"w":58,"h":26},
	"sourceSize": {"w":129,"h":26},
	"pivot": {"x":0.5,"y":0.5}
},
"particle_heatblast_flame_01.png":
{
	"frame": {"x":36,"y":116,"w":22,"h":22},
	"rotated": false,
	"trimmed": false,
	"spriteSourceSize": {"x":0,"y":0,"w":22,"h":22},
	"sourceSize": {"w":22,"h":22},
	"pivot": {"x":0.5,"y":0.5}
},
"particle_level_up_001.png":
{
	"frame": {"x":256,"y":78,"w":34,"h":34},
	"rotated": false,
	"trimmed": true,
	"spriteSourceSize": {"x":2,"y":0,"w":34,"h":34},
	"sourceSize": {"w":38,"h":34},
	"pivot": {"x":0.5,"y":0.5}
},
"particle_level_up_002.png":
{
	"frame": {"x":218,"y":78,"w":36,"h":34},
	"rotated": false,
	"trimmed": true,
	"spriteSourceSize": {"x":2,"y":0,"w":36,"h":34},
	"sourceSize": {"w":38,"h":34},
	"pivot": {"x":0.5,"y":0.5}
},
"particle_level_up_003.png":
{
	"frame": {"x":2,"y":78,"w":38,"h":34},
	"rotated": false,
	"trimmed": false,
	"spriteSourceSize": {"x":0,"y":0,"w":38,"h":34},
	"sourceSize": {"w":38,"h":34},
	"pivot": {"x":0.5,"y":0.5}
},
"particle_level_up_004.png":
{
	"frame": {"x":356,"y":144,"w":26,"h":26},
	"rotated": false,
	"trimmed": true,
	"spriteSourceSize": {"x":6,"y":4,"w":26,"h":26},
	"sourceSize": {"w":38,"h":34},
	"pivot": {"x":0.5,"y":0.5}
},
"particle_level_up_005.png":
{
	"frame": {"x":178,"y":78,"w":38,"h":34},
	"rotated": false,
	"trimmed": false,
	"spriteSourceSize": {"x":0,"y":0,"w":38,"h":34},
	"sourceSize": {"w":38,"h":34},
	"pivot": {"x":0.5,"y":0.5}
},
"particle_player_hit_001.png":
{
	"frame": {"x":2,"y":116,"w":32,"h":22},
	"rotated": false,
	"trimmed": true,
	"spriteSourceSize": {"x":4,"y":10,"w":32,"h":22},
	"sourceSize": {"w":43,"h":41},
	"pivot": {"x":0.5,"y":0.5}
},
"particle_powerup_pickup_00.png":
{
	"frame": {"x":194,"y":114,"w":44,"h":24},
	"rotated": false,
	"trimmed": true,
	"spriteSourceSize": {"x":0,"y":8,"w":44,"h":24},
	"sourceSize": {"w":43,"h":41},
	"pivot": {"x":0.5,"y":0.5}
},
"particle_projectile_bomb_heatblast_001.png":
{
	"frame": {"x":488,"y":2,"w":22,"h":64},
	"rotated": false,
	"trimmed": false,
	"spriteSourceSize": {"x":0,"y":0,"w":22,"h":64},
	"sourceSize": {"w":22,"h":64},
	"pivot": {"x":0.5,"y":0.5}
},
"particle_projectile_bomb_heatblast_002.png":
{
	"frame": {"x":138,"y":140,"w":22,"h":64},
	"rotated": false,
	"trimmed": false,
	"spriteSourceSize": {"x":0,"y":0,"w":22,"h":64},
	"sourceSize": {"w":22,"h":64},
	"pivot": {"x":0.5,"y":0.5}
},
"particle_projectile_heatblast.png":
{
	"frame": {"x":370,"y":2,"w":116,"h":46},
	"rotated": false,
	"trimmed": true,
	"spriteSourceSize": {"x":12,"y":0,"w":116,"h":46},
	"sourceSize": {"w":128,"h":47},
	"pivot": {"x":0.5,"y":0.5}
},
"particle_shield_001.png":
{
	"frame": {"x":272,"y":166,"w":24,"h":24},
	"rotated": false,
	"trimmed": true,
	"spriteSourceSize": {"x":0,"y":0,"w":24,"h":24},
	"sourceSize": {"w":24,"h":23},
	"pivot": {"x":0.5,"y":0.5}
},
"particle_shield_fire_001.png":
{
	"frame": {"x":194,"y":114,"w":44,"h":24},
	"rotated": false,
	"trimmed": true,
	"spriteSourceSize": {"x":0,"y":8,"w":44,"h":24},
	"sourceSize": {"w":43,"h":41},
	"pivot": {"x":0.5,"y":0.5}
},
"particle_slime_projectile_00.png":
{
	"frame": {"x":446,"y":104,"w":64,"h":34},
	"rotated": false,
	"trimmed": true,
	"spriteSourceSize": {"x":0,"y":16,"w":64,"h":34},
	"sourceSize": {"w":64,"h":64},
	"pivot": {"x":0.5,"y":0.5}
},
"particle_slime_projectile_01.png":
{
	"frame": {"x":292,"y":78,"w":30,"h":34},
	"rotated": false,
	"trimmed": true,
	"spriteSourceSize": {"x":16,"y":16,"w":30,"h":34},
	"sourceSize": {"w":64,"h":64},
	"pivot": {"x":0.5,"y":0.5}
},
"particle_smoke_001.png":
{
	"frame": {"x":2,"y":208,"w":52,"h":42},
	"rotated": false,
	"trimmed": false,
	"spriteSourceSize": {"x":0,"y":0,"w":52,"h":42},
	"sourceSize": {"w":52,"h":42},
	"pivot": {"x":0.5,"y":0.5}
},
"particle_smoke_002.png":
{
	"frame": {"x":162,"y":140,"w":50,"h":54},
	"rotated": false,
	"trimmed": true,
	"spriteSourceSize": {"x":0,"y":0,"w":50,"h":54},
	"sourceSize": {"w":50,"h":53},
	"pivot": {"x":0.5,"y":0.5}
},
"particle_smoke_003.png":
{
	"frame": {"x":56,"y":208,"w":50,"h":42},
	"rotated": false,
	"trimmed": true,
	"spriteSourceSize": {"x":0,"y":0,"w":50,"h":42},
	"sourceSize": {"w":50,"h":41},
	"pivot": {"x":0.5,"y":0.5}
},
"particle_smoke_004.png":
{
	"frame": {"x":172,"y":196,"w":58,"h":52},
	"rotated": false,
	"trimmed": true,
	"spriteSourceSize": {"x":0,"y":0,"w":58,"h":52},
	"sourceSize": {"w":57,"h":52},
	"pivot": {"x":0.5,"y":0.5}
},
"particle_transform_pickup_00.png":
{
	"frame": {"x":324,"y":78,"w":40,"h":28},
	"rotated": false,
	"trimmed": true,
	"spriteSourceSize": {"x":2,"y":6,"w":40,"h":28},
	"sourceSize": {"w":43,"h":41},
	"pivot": {"x":0.5,"y":0.5}
}},
"meta": {
	"app": "http://www.codeandweb.com/texturepacker",
	"version": "1.0",
	"image": "particles_0.png",
	"format": "RGBA8888",
	"size": {"w":512,"h":256},
	"scale": "0.5",
	"smartupdate": "$TexturePacker:SmartUpdate:d86569ce15743e9a9eb939e76cbbc105:7964ddcfba2489ce42b1aba22ece9780:8555ceeae92a4761ce0f9ea90aa16457$"
}
}
