{"frames": {

"end_game_char_stinkfly.png":
{
	"frame": {"x":2,"y":1186,"w":518,"h":820},
	"rotated": false,
	"trimmed": true,
	"spriteSourceSize": {"x":4,"y":6,"w":518,"h":820},
	"sourceSize": {"w":525,"h":825},
	"pivot": {"x":0.5,"y":0.5}
},
"end_game_panel_002.png":
{
	"frame": {"x":990,"y":544,"w":634,"h":634},
	"rotated": false,
	"trimmed": true,
	"spriteSourceSize": {"x":128,"y":128,"w":634,"h":634},
	"sourceSize": {"w":890,"h":890},
	"pivot": {"x":0.5,"y":0.5}
},
"level_panel.png":
{
	"frame": {"x":2,"y":2,"w":1900,"h":254},
	"rotated": false,
	"trimmed": false,
	"spriteSourceSize": {"x":0,"y":0,"w":1900,"h":254},
	"sourceSize": {"w":1900,"h":254},
	"pivot": {"x":0.5,"y":0.5}
},
"page_counter_001.png":
{
	"frame": {"x":2,"y":2008,"w":164,"h":32},
	"rotated": false,
	"trimmed": true,
	"spriteSourceSize": {"x":8,"y":8,"w":164,"h":32},
	"sourceSize": {"w":181,"h":50},
	"pivot": {"x":0.5,"y":0.5}
},
"page_counter_002.png":
{
	"frame": {"x":168,"y":2008,"w":164,"h":32},
	"rotated": false,
	"trimmed": true,
	"spriteSourceSize": {"x":8,"y":8,"w":164,"h":32},
	"sourceSize": {"w":181,"h":50},
	"pivot": {"x":0.5,"y":0.5}
},
"page_counter_003.png":
{
	"frame": {"x":334,"y":2008,"w":164,"h":32},
	"rotated": false,
	"trimmed": true,
	"spriteSourceSize": {"x":8,"y":8,"w":164,"h":32},
	"sourceSize": {"w":181,"h":50},
	"pivot": {"x":0.5,"y":0.5}
},
"splash_drone_001.png":
{
	"frame": {"x":1970,"y":2,"w":56,"h":36},
	"rotated": false,
	"trimmed": true,
	"spriteSourceSize": {"x":0,"y":0,"w":56,"h":36},
	"sourceSize": {"w":56,"h":35},
	"pivot": {"x":0.5,"y":0.5}
},
"splash_drone_002.png":
{
	"frame": {"x":1904,"y":2,"w":64,"h":22},
	"rotated": false,
	"trimmed": true,
	"spriteSourceSize": {"x":0,"y":0,"w":64,"h":22},
	"sourceSize": {"w":63,"h":21},
	"pivot": {"x":0.5,"y":0.5}
},
"splash_drone_003.png":
{
	"frame": {"x":1626,"y":1080,"w":178,"h":96},
	"rotated": false,
	"trimmed": false,
	"spriteSourceSize": {"x":0,"y":0,"w":178,"h":96},
	"sourceSize": {"w":178,"h":96},
	"pivot": {"x":0.5,"y":0.5}
},
"splash_heatblast.png":
{
	"frame": {"x":1626,"y":544,"w":350,"h":246},
	"rotated": false,
	"trimmed": true,
	"spriteSourceSize": {"x":0,"y":0,"w":350,"h":246},
	"sourceSize": {"w":350,"h":245},
	"pivot": {"x":0.5,"y":0.5}
},
"splash_logo.png":
{
	"frame": {"x":990,"y":258,"w":254,"h":274},
	"rotated": false,
	"trimmed": false,
	"spriteSourceSize": {"x":0,"y":0,"w":254,"h":274},
	"sourceSize": {"w":254,"h":274},
	"pivot": {"x":0.5,"y":0.5}
},
"splash_middle.png":
{
	"frame": {"x":522,"y":1186,"w":798,"h":796},
	"rotated": false,
	"trimmed": true,
	"spriteSourceSize": {"x":96,"y":98,"w":798,"h":796},
	"sourceSize": {"w":990,"h":990},
	"pivot": {"x":0.5,"y":0.5}
},
"splash_outside.png":
{
	"frame": {"x":2,"y":258,"w":986,"h":926},
	"rotated": false,
	"trimmed": true,
	"spriteSourceSize": {"x":2,"y":30,"w":986,"h":926},
	"sourceSize": {"w":990,"h":990},
	"pivot": {"x":0.5,"y":0.5}
},
"splash_stinkfly.png":
{
	"frame": {"x":1626,"y":792,"w":296,"h":286},
	"rotated": false,
	"trimmed": true,
	"spriteSourceSize": {"x":0,"y":0,"w":296,"h":286},
	"sourceSize": {"w":296,"h":285},
	"pivot": {"x":0.5,"y":0.5}
},
"tutorial_desktop_001.png":
{
	"frame": {"x":1322,"y":258,"w":718,"h":284},
	"rotated": false,
	"trimmed": true,
	"spriteSourceSize": {"x":0,"y":0,"w":718,"h":284},
	"sourceSize": {"w":718,"h":283},
	"pivot": {"x":0.5,"y":0.5}
},
"tutorial_desktop_002.png":
{
	"frame": {"x":1322,"y":1180,"w":718,"h":284},
	"rotated": false,
	"trimmed": true,
	"spriteSourceSize": {"x":0,"y":0,"w":718,"h":284},
	"sourceSize": {"w":718,"h":283},
	"pivot": {"x":0.5,"y":0.5}
},
"tutorial_desktop_003.png":
{
	"frame": {"x":1322,"y":1466,"w":718,"h":284},
	"rotated": false,
	"trimmed": true,
	"spriteSourceSize": {"x":0,"y":0,"w":718,"h":284},
	"sourceSize": {"w":718,"h":283},
	"pivot": {"x":0.5,"y":0.5}
},
"tutorial_mobile_001.png":
{
	"frame": {"x":1322,"y":1752,"w":718,"h":284},
	"rotated": false,
	"trimmed": true,
	"spriteSourceSize": {"x":0,"y":0,"w":718,"h":284},
	"sourceSize": {"w":718,"h":283},
	"pivot": {"x":0.5,"y":0.5}
},
"tutorial_mobile_002.png":
{
	"frame": {"x":1322,"y":1180,"w":718,"h":284},
	"rotated": false,
	"trimmed": true,
	"spriteSourceSize": {"x":0,"y":0,"w":718,"h":284},
	"sourceSize": {"w":718,"h":283},
	"pivot": {"x":0.5,"y":0.5}
},
"tutorial_mobile_003.png":
{
	"frame": {"x":1322,"y":1466,"w":718,"h":284},
	"rotated": false,
	"trimmed": true,
	"spriteSourceSize": {"x":0,"y":0,"w":718,"h":284},
	"sourceSize": {"w":718,"h":283},
	"pivot": {"x":0.5,"y":0.5}
}},
"meta": {
	"app": "http://www.codeandweb.com/texturepacker",
	"version": "1.0",
	"image": "ui_0.png",
	"format": "RGBA8888",
	"size": {"w":2048,"h":2048},
	"scale": "0.5",
	"smartupdate": "$TexturePacker:SmartUpdate:a308ce803e8a83e79f45810065d93a70:1998e61493db28a2a319dae7abfd735b:84bbb25e6d9003ee06ff80b628f6896c$"
}
}
