{"frames": {

"border_left_space.png":
{
	"frame": {"x":1,"y":1,"w":798,"h":1022},
	"rotated": false,
	"trimmed": false,
	"spriteSourceSize": {"x":0,"y":0,"w":798,"h":1022},
	"sourceSize": {"w":798,"h":1022}
},
"border_right_space.png":
{
	"frame": {"x":801,"y":1,"w":798,"h":1022},
	"rotated": false,
	"trimmed": false,
	"spriteSourceSize": {"x":0,"y":0,"w":798,"h":1022},
	"sourceSize": {"w":798,"h":1022}
}},
"meta": {
	"app": "http://www.codeandweb.com/texturepacker",
	"version": "1.0",
	"image": "story3_chapter2_borders.png",
	"format": "RGBA8888",
	"size": {"w":1600,"h":1024},
	"scale": "1",
	"smartupdate": "$TexturePacker:SmartUpdate:81986dfb2506cf08919079c45a8ab4f6:f6d91fa0720bc331b1da273dbea80c2c:99f2c28bf57c5d5440d7cf4e4534f143$"
}
}
