{"frames": {

"back_flower.png":
{
	"frame": {"x":1075,"y":849,"w":224,"h":103},
	"rotated": false,
	"trimmed": false,
	"spriteSourceSize": {"x":0,"y":0,"w":224,"h":103},
	"sourceSize": {"w":224,"h":103}
},
"back_grass.png":
{
	"frame": {"x":486,"y":162,"w":482,"h":48},
	"rotated": false,
	"trimmed": false,
	"spriteSourceSize": {"x":0,"y":0,"w":482,"h":48},
	"sourceSize": {"w":482,"h":48}
},
"back_mushroom.png":
{
	"frame": {"x":1732,"y":1177,"w":78,"h":100},
	"rotated": false,
	"trimmed": false,
	"spriteSourceSize": {"x":0,"y":0,"w":78,"h":100},
	"sourceSize": {"w":78,"h":100}
},
"back_shrub_big.png":
{
	"frame": {"x":1377,"y":753,"w":243,"h":100},
	"rotated": false,
	"trimmed": false,
	"spriteSourceSize": {"x":0,"y":0,"w":243,"h":100},
	"sourceSize": {"w":243,"h":100}
},
"back_shrub_bigger.png":
{
	"frame": {"x":1659,"y":331,"w":377,"h":118},
	"rotated": false,
	"trimmed": false,
	"spriteSourceSize": {"x":0,"y":0,"w":377,"h":118},
	"sourceSize": {"w":377,"h":118}
},
"boss_cable1.png":
{
	"frame": {"x":1507,"y":1251,"w":87,"h":85},
	"rotated": false,
	"trimmed": false,
	"spriteSourceSize": {"x":0,"y":0,"w":87,"h":85},
	"sourceSize": {"w":87,"h":85}
},
"boss_cable2.png":
{
	"frame": {"x":1936,"y":866,"w":92,"h":90},
	"rotated": false,
	"trimmed": false,
	"spriteSourceSize": {"x":0,"y":0,"w":92,"h":90},
	"sourceSize": {"w":92,"h":90}
},
"boss_cog.png":
{
	"frame": {"x":1812,"y":1161,"w":75,"h":70},
	"rotated": false,
	"trimmed": false,
	"spriteSourceSize": {"x":0,"y":0,"w":75,"h":70},
	"sourceSize": {"w":75,"h":70}
},
"boss_cog2.png":
{
	"frame": {"x":1889,"y":1166,"w":75,"h":70},
	"rotated": false,
	"trimmed": false,
	"spriteSourceSize": {"x":0,"y":0,"w":75,"h":70},
	"sourceSize": {"w":75,"h":70}
},
"boss_spring.png":
{
	"frame": {"x":1812,"y":1233,"w":56,"h":43},
	"rotated": false,
	"trimmed": false,
	"spriteSourceSize": {"x":0,"y":0,"w":56,"h":43},
	"sourceSize": {"w":56,"h":43}
},
"coral.png":
{
	"frame": {"x":936,"y":234,"w":75,"h":117},
	"rotated": false,
	"trimmed": false,
	"spriteSourceSize": {"x":0,"y":0,"w":75,"h":117},
	"sourceSize": {"w":75,"h":117}
},
"detail_crack1.png":
{
	"frame": {"x":1292,"y":405,"w":116,"h":265},
	"rotated": false,
	"trimmed": false,
	"spriteSourceSize": {"x":0,"y":0,"w":116,"h":265},
	"sourceSize": {"w":116,"h":265}
},
"detail_crack2.png":
{
	"frame": {"x":831,"y":263,"w":103,"h":375},
	"rotated": false,
	"trimmed": false,
	"spriteSourceSize": {"x":0,"y":0,"w":103,"h":375},
	"sourceSize": {"w":103,"h":375}
},
"detail_crack3.png":
{
	"frame": {"x":827,"y":664,"w":284,"h":183},
	"rotated": false,
	"trimmed": false,
	"spriteSourceSize": {"x":0,"y":0,"w":284,"h":183},
	"sourceSize": {"w":284,"h":183}
},
"detail_curve1.png":
{
	"frame": {"x":1301,"y":855,"w":240,"h":55},
	"rotated": false,
	"trimmed": false,
	"spriteSourceSize": {"x":0,"y":0,"w":240,"h":55},
	"sourceSize": {"w":240,"h":55}
},
"detail_curve2.png":
{
	"frame": {"x":1611,"y":1177,"w":119,"h":55},
	"rotated": false,
	"trimmed": false,
	"spriteSourceSize": {"x":0,"y":0,"w":119,"h":55},
	"sourceSize": {"w":119,"h":55}
},
"detail_curve3.png":
{
	"frame": {"x":1513,"y":23,"w":132,"h":48},
	"rotated": false,
	"trimmed": false,
	"spriteSourceSize": {"x":0,"y":0,"w":132,"h":48},
	"sourceSize": {"w":132,"h":48}
},
"detail_spots1.png":
{
	"frame": {"x":1870,"y":1238,"w":69,"h":59},
	"rotated": false,
	"trimmed": false,
	"spriteSourceSize": {"x":0,"y":0,"w":69,"h":59},
	"sourceSize": {"w":69,"h":59}
},
"detail_spots2.png":
{
	"frame": {"x":1904,"y":1299,"w":44,"h":57},
	"rotated": false,
	"trimmed": false,
	"spriteSourceSize": {"x":0,"y":0,"w":44,"h":57},
	"sourceSize": {"w":44,"h":57}
},
"detail_spots3.png":
{
	"frame": {"x":435,"y":534,"w":47,"h":23},
	"rotated": false,
	"trimmed": false,
	"spriteSourceSize": {"x":0,"y":0,"w":47,"h":23},
	"sourceSize": {"w":47,"h":23}
},
"floor1_jungle.png":
{
	"frame": {"x":1062,"y":23,"w":449,"h":57},
	"rotated": false,
	"trimmed": false,
	"spriteSourceSize": {"x":0,"y":0,"w":449,"h":57},
	"sourceSize": {"w":449,"h":57}
},
"floor2_jungle.png":
{
	"frame": {"x":486,"y":1,"w":574,"h":78},
	"rotated": false,
	"trimmed": false,
	"spriteSourceSize": {"x":0,"y":0,"w":574,"h":78},
	"sourceSize": {"w":574,"h":78}
},
"floor3_jungle.png":
{
	"frame": {"x":486,"y":212,"w":412,"h":49},
	"rotated": false,
	"trimmed": false,
	"spriteSourceSize": {"x":0,"y":0,"w":412,"h":49},
	"sourceSize": {"w":412,"h":49}
},
"floor4_jungle.png":
{
	"frame": {"x":486,"y":81,"w":569,"h":79},
	"rotated": false,
	"trimmed": false,
	"spriteSourceSize": {"x":0,"y":0,"w":569,"h":79},
	"sourceSize": {"w":569,"h":79}
},
"floor5_jungle.png":
{
	"frame": {"x":1,"y":1249,"w":366,"h":62},
	"rotated": false,
	"trimmed": false,
	"spriteSourceSize": {"x":0,"y":0,"w":366,"h":62},
	"sourceSize": {"w":366,"h":62}
},
"floor6_jungle.png":
{
	"frame": {"x":1,"y":1313,"w":204,"h":49},
	"rotated": false,
	"trimmed": false,
	"spriteSourceSize": {"x":0,"y":0,"w":204,"h":49},
	"sourceSize": {"w":204,"h":49}
},
"flower.png":
{
	"frame": {"x":1669,"y":990,"w":93,"h":92},
	"rotated": false,
	"trimmed": false,
	"spriteSourceSize": {"x":0,"y":0,"w":93,"h":92},
	"sourceSize": {"w":93,"h":92}
},
"flower2.png":
{
	"frame": {"x":1764,"y":1279,"w":83,"h":82},
	"rotated": false,
	"trimmed": false,
	"spriteSourceSize": {"x":0,"y":0,"w":83,"h":82},
	"sourceSize": {"w":83,"h":82}
},
"flower3.png":
{
	"frame": {"x":1935,"y":762,"w":101,"h":102},
	"rotated": false,
	"trimmed": false,
	"spriteSourceSize": {"x":0,"y":0,"w":101,"h":102},
	"sourceSize": {"w":101,"h":102}
},
"flower4.png":
{
	"frame": {"x":1819,"y":755,"w":114,"h":117},
	"rotated": false,
	"trimmed": false,
	"spriteSourceSize": {"x":0,"y":0,"w":114,"h":117},
	"sourceSize": {"w":114,"h":117}
},
"frog_boss_foot_l.png":
{
	"frame": {"x":643,"y":985,"w":147,"h":66},
	"rotated": false,
	"trimmed": true,
	"spriteSourceSize": {"x":0,"y":3,"w":147,"h":66},
	"sourceSize": {"w":147,"h":69}
},
"frog_boss_foot_r.png":
{
	"frame": {"x":493,"y":985,"w":148,"h":66},
	"rotated": false,
	"trimmed": true,
	"spriteSourceSize": {"x":0,"y":3,"w":148,"h":66},
	"sourceSize": {"w":148,"h":69}
},
"frog_boss_head_1.png":
{
	"frame": {"x":383,"y":1053,"w":380,"h":313},
	"rotated": false,
	"trimmed": true,
	"spriteSourceSize": {"x":0,"y":29,"w":380,"h":313},
	"sourceSize": {"w":380,"h":342}
},
"frog_boss_head_2.png":
{
	"frame": {"x":1057,"y":82,"w":380,"h":321},
	"rotated": false,
	"trimmed": true,
	"spriteSourceSize": {"x":0,"y":21,"w":380,"h":321},
	"sourceSize": {"w":380,"h":342}
},
"frog_boss_head_3.png":
{
	"frame": {"x":1659,"y":1,"w":380,"h":328},
	"rotated": false,
	"trimmed": true,
	"spriteSourceSize": {"x":0,"y":14,"w":380,"h":328},
	"sourceSize": {"w":380,"h":342}
},
"frog_boss_head_4.png":
{
	"frame": {"x":1,"y":911,"w":380,"h":336},
	"rotated": false,
	"trimmed": true,
	"spriteSourceSize": {"x":0,"y":6,"w":380,"h":336},
	"sourceSize": {"w":380,"h":342}
},
"frog_boss_head_5.png":
{
	"frame": {"x":1,"y":567,"w":380,"h":342},
	"rotated": false,
	"trimmed": false,
	"spriteSourceSize": {"x":0,"y":0,"w":380,"h":342},
	"sourceSize": {"w":380,"h":342}
},
"frog_boss_leg_l_bottom.png":
{
	"frame": {"x":1140,"y":1162,"w":75,"h":199},
	"rotated": false,
	"trimmed": false,
	"spriteSourceSize": {"x":0,"y":0,"w":75,"h":199},
	"sourceSize": {"w":75,"h":199}
},
"frog_boss_leg_l_top.png":
{
	"frame": {"x":1217,"y":1148,"w":82,"h":201},
	"rotated": false,
	"trimmed": false,
	"spriteSourceSize": {"x":0,"y":0,"w":82,"h":201},
	"sourceSize": {"w":82,"h":201}
},
"frog_boss_leg_r_bottom.png":
{
	"frame": {"x":1330,"y":912,"w":75,"h":199},
	"rotated": false,
	"trimmed": false,
	"spriteSourceSize": {"x":0,"y":0,"w":75,"h":199},
	"sourceSize": {"w":75,"h":199}
},
"frog_boss_leg_r_top.png":
{
	"frame": {"x":1301,"y":1148,"w":82,"h":201},
	"rotated": false,
	"trimmed": false,
	"spriteSourceSize": {"x":0,"y":0,"w":82,"h":201},
	"sourceSize": {"w":82,"h":201}
},
"frog_boss_warning.png":
{
	"frame": {"x":1764,"y":946,"w":70,"h":103},
	"rotated": false,
	"trimmed": false,
	"spriteSourceSize": {"x":0,"y":0,"w":70,"h":103},
	"sourceSize": {"w":70,"h":103}
},
"ground_vine1.png":
{
	"frame": {"x":936,"y":353,"w":74,"h":33},
	"rotated": false,
	"trimmed": false,
	"spriteSourceSize": {"x":0,"y":0,"w":74,"h":33},
	"sourceSize": {"w":74,"h":33}
},
"ground_vine2.png":
{
	"frame": {"x":1547,"y":889,"w":238,"h":55},
	"rotated": false,
	"trimmed": false,
	"spriteSourceSize": {"x":0,"y":0,"w":238,"h":55},
	"sourceSize": {"w":238,"h":55}
},
"ground_vine3.png":
{
	"frame": {"x":207,"y":1313,"w":166,"h":38},
	"rotated": false,
	"trimmed": false,
	"spriteSourceSize": {"x":0,"y":0,"w":166,"h":38},
	"sourceSize": {"w":166,"h":38}
},
"ground_vine4.png":
{
	"frame": {"x":493,"y":919,"w":306,"h":64},
	"rotated": false,
	"trimmed": false,
	"spriteSourceSize": {"x":0,"y":0,"w":306,"h":64},
	"sourceSize": {"w":306,"h":64}
},
"hanging_grass.png":
{
	"frame": {"x":1182,"y":954,"w":146,"h":192},
	"rotated": false,
	"trimmed": false,
	"spriteSourceSize": {"x":0,"y":0,"w":146,"h":192},
	"sourceSize": {"w":146,"h":192}
},
"hanging_hedge.png":
{
	"frame": {"x":1274,"y":672,"w":101,"h":157},
	"rotated": false,
	"trimmed": false,
	"spriteSourceSize": {"x":0,"y":0,"w":101,"h":157},
	"sourceSize": {"w":101,"h":157}
},
"hanging_vine1.png":
{
	"frame": {"x":1407,"y":912,"w":138,"h":123},
	"rotated": false,
	"trimmed": false,
	"spriteSourceSize": {"x":0,"y":0,"w":138,"h":123},
	"sourceSize": {"w":138,"h":123}
},
"hanging_vine2.png":
{
	"frame": {"x":1501,"y":1176,"w":108,"h":73},
	"rotated": false,
	"trimmed": false,
	"spriteSourceSize": {"x":0,"y":0,"w":108,"h":73},
	"sourceSize": {"w":108,"h":73}
},
"hanging_vine3.png":
{
	"frame": {"x":1113,"y":664,"w":159,"h":183},
	"rotated": false,
	"trimmed": false,
	"spriteSourceSize": {"x":0,"y":0,"w":159,"h":183},
	"sourceSize": {"w":159,"h":183}
},
"leaf.png":
{
	"frame": {"x":970,"y":162,"w":84,"h":70},
	"rotated": false,
	"trimmed": false,
	"spriteSourceSize": {"x":0,"y":0,"w":84,"h":70},
	"sourceSize": {"w":84,"h":70}
},
"leaf_big.png":
{
	"frame": {"x":1773,"y":1051,"w":45,"h":100},
	"rotated": false,
	"trimmed": false,
	"spriteSourceSize": {"x":0,"y":0,"w":45,"h":100},
	"sourceSize": {"w":45,"h":100}
},
"leaf_left.png":
{
	"frame": {"x":1611,"y":1234,"w":107,"h":62},
	"rotated": false,
	"trimmed": false,
	"spriteSourceSize": {"x":0,"y":0,"w":107,"h":62},
	"sourceSize": {"w":107,"h":62}
},
"leaf_medium.png":
{
	"frame": {"x":1849,"y":1299,"w":53,"h":65},
	"rotated": false,
	"trimmed": false,
	"spriteSourceSize": {"x":0,"y":0,"w":53,"h":65},
	"sourceSize": {"w":53,"h":65}
},
"leaf_purple.png":
{
	"frame": {"x":1941,"y":1238,"w":49,"h":51},
	"rotated": false,
	"trimmed": false,
	"spriteSourceSize": {"x":0,"y":0,"w":49,"h":51},
	"sourceSize": {"w":49,"h":51}
},
"leaf_right.png":
{
	"frame": {"x":408,"y":995,"w":71,"h":42},
	"rotated": false,
	"trimmed": false,
	"spriteSourceSize": {"x":0,"y":0,"w":71,"h":42},
	"sourceSize": {"w":71,"h":42}
},
"leaf_small.png":
{
	"frame": {"x":827,"y":640,"w":42,"h":22},
	"rotated": false,
	"trimmed": false,
	"spriteSourceSize": {"x":0,"y":0,"w":42,"h":22},
	"sourceSize": {"w":42,"h":22}
},
"mech_shadow_blur.png":
{
	"frame": {"x":827,"y":849,"w":246,"h":94},
	"rotated": false,
	"trimmed": false,
	"spriteSourceSize": {"x":0,"y":0,"w":246,"h":94},
	"sourceSize": {"w":246,"h":94}
},
"mech_shadow_solid.png":
{
	"frame": {"x":1547,"y":946,"w":202,"h":42},
	"rotated": false,
	"trimmed": true,
	"spriteSourceSize": {"x":22,"y":26,"w":202,"h":42},
	"sourceSize": {"w":246,"h":94}
},
"pod.png":
{
	"frame": {"x":1819,"y":874,"w":115,"h":69},
	"rotated": false,
	"trimmed": false,
	"spriteSourceSize": {"x":0,"y":0,"w":115,"h":69},
	"sourceSize": {"w":115,"h":69}
},
"rock_hole.png":
{
	"frame": {"x":1385,"y":1129,"w":114,"h":122},
	"rotated": false,
	"trimmed": false,
	"spriteSourceSize": {"x":0,"y":0,"w":114,"h":122},
	"sourceSize": {"w":114,"h":122}
},
"solid_bottom1.png":
{
	"frame": {"x":1410,"y":407,"w":217,"h":344},
	"rotated": false,
	"trimmed": false,
	"spriteSourceSize": {"x":0,"y":0,"w":217,"h":344},
	"sourceSize": {"w":217,"h":344}
},
"solid_bottom2.png":
{
	"frame": {"x":1439,"y":82,"w":218,"h":323},
	"rotated": false,
	"trimmed": false,
	"spriteSourceSize": {"x":0,"y":0,"w":218,"h":323},
	"sourceSize": {"w":218,"h":323}
},
"solid_bottom3.png":
{
	"frame": {"x":1818,"y":451,"w":158,"h":302},
	"rotated": false,
	"trimmed": false,
	"spriteSourceSize": {"x":0,"y":0,"w":158,"h":302},
	"sourceSize": {"w":158,"h":302}
},
"solid_bottom4.png":
{
	"frame": {"x":493,"y":601,"w":332,"h":316},
	"rotated": false,
	"trimmed": false,
	"spriteSourceSize": {"x":0,"y":0,"w":332,"h":316},
	"sourceSize": {"w":332,"h":316}
},
"solid_bottom5.png":
{
	"frame": {"x":1629,"y":451,"w":187,"h":304},
	"rotated": false,
	"trimmed": false,
	"spriteSourceSize": {"x":0,"y":0,"w":187,"h":304},
	"sourceSize": {"w":187,"h":304}
},
"solid_jungle.png":
{
	"frame": {"x":493,"y":263,"w":336,"h":336},
	"rotated": false,
	"trimmed": false,
	"spriteSourceSize": {"x":0,"y":0,"w":336,"h":336},
	"sourceSize": {"w":336,"h":336}
},
"solid_side1.png":
{
	"frame": {"x":805,"y":945,"w":82,"h":411},
	"rotated": false,
	"trimmed": false,
	"spriteSourceSize": {"x":0,"y":0,"w":82,"h":411},
	"sourceSize": {"w":82,"h":411}
},
"solid_side2.png":
{
	"frame": {"x":435,"y":264,"w":54,"h":268},
	"rotated": false,
	"trimmed": false,
	"spriteSourceSize": {"x":0,"y":0,"w":54,"h":268},
	"sourceSize": {"w":54,"h":268}
},
"solid_side3.png":
{
	"frame": {"x":408,"y":567,"w":83,"h":426},
	"rotated": false,
	"trimmed": false,
	"spriteSourceSize": {"x":0,"y":0,"w":83,"h":426},
	"sourceSize": {"w":83,"h":426}
},
"solid_side4.png":
{
	"frame": {"x":383,"y":567,"w":23,"h":484},
	"rotated": false,
	"trimmed": false,
	"spriteSourceSize": {"x":0,"y":0,"w":23,"h":484},
	"sourceSize": {"w":23,"h":484}
},
"solid_side5.png":
{
	"frame": {"x":1978,"y":451,"w":48,"h":309},
	"rotated": false,
	"trimmed": false,
	"spriteSourceSize": {"x":0,"y":0,"w":48,"h":309},
	"sourceSize": {"w":48,"h":309}
},
"solid_side6.png":
{
	"frame": {"x":889,"y":945,"w":62,"h":392},
	"rotated": false,
	"trimmed": false,
	"spriteSourceSize": {"x":0,"y":0,"w":62,"h":392},
	"sourceSize": {"w":62,"h":392}
},
"solid_side7.png":
{
	"frame": {"x":765,"y":1053,"w":38,"h":262},
	"rotated": false,
	"trimmed": false,
	"spriteSourceSize": {"x":0,"y":0,"w":38,"h":262},
	"sourceSize": {"w":38,"h":262}
},
"spacebee1.png":
{
	"frame": {"x":1836,"y":945,"w":82,"h":70},
	"rotated": false,
	"trimmed": false,
	"spriteSourceSize": {"x":0,"y":0,"w":82,"h":70},
	"sourceSize": {"w":82,"h":70}
},
"spacebee2.png":
{
	"frame": {"x":1596,"y":1298,"w":82,"h":66},
	"rotated": false,
	"trimmed": true,
	"spriteSourceSize": {"x":0,"y":4,"w":82,"h":66},
	"sourceSize": {"w":82,"h":70}
},
"spacebee3.png":
{
	"frame": {"x":1920,"y":958,"w":82,"h":70},
	"rotated": false,
	"trimmed": false,
	"spriteSourceSize": {"x":0,"y":0,"w":82,"h":70},
	"sourceSize": {"w":82,"h":70}
},
"spacebee4.png":
{
	"frame": {"x":1680,"y":1298,"w":82,"h":66},
	"rotated": false,
	"trimmed": true,
	"spriteSourceSize": {"x":0,"y":4,"w":82,"h":66},
	"sourceSize": {"w":82,"h":70}
},
"spacebee5.png":
{
	"frame": {"x":1836,"y":1017,"w":82,"h":70},
	"rotated": false,
	"trimmed": false,
	"spriteSourceSize": {"x":0,"y":0,"w":82,"h":70},
	"sourceSize": {"w":82,"h":70}
},
"spacebee6.png":
{
	"frame": {"x":1920,"y":1030,"w":82,"h":66},
	"rotated": false,
	"trimmed": true,
	"spriteSourceSize": {"x":0,"y":4,"w":82,"h":66},
	"sourceSize": {"w":82,"h":70}
},
"spacebee7.png":
{
	"frame": {"x":1820,"y":1089,"w":82,"h":70},
	"rotated": false,
	"trimmed": false,
	"spriteSourceSize": {"x":0,"y":0,"w":82,"h":70},
	"sourceSize": {"w":82,"h":70}
},
"spacebee8.png":
{
	"frame": {"x":1904,"y":1098,"w":82,"h":66},
	"rotated": false,
	"trimmed": true,
	"spriteSourceSize": {"x":0,"y":4,"w":82,"h":66},
	"sourceSize": {"w":82,"h":70}
},
"static_fly_trap_1.png":
{
	"frame": {"x":1407,"y":1037,"w":120,"h":90},
	"rotated": false,
	"trimmed": true,
	"spriteSourceSize": {"x":0,"y":1,"w":120,"h":90},
	"sourceSize": {"w":120,"h":91}
},
"static_fly_trap_2.png":
{
	"frame": {"x":1385,"y":1253,"w":120,"h":91},
	"rotated": false,
	"trimmed": false,
	"spriteSourceSize": {"x":0,"y":0,"w":120,"h":91},
	"sourceSize": {"w":120,"h":91}
},
"static_fly_trap_3.png":
{
	"frame": {"x":1547,"y":990,"w":120,"h":91},
	"rotated": false,
	"trimmed": false,
	"spriteSourceSize": {"x":0,"y":0,"w":120,"h":91},
	"sourceSize": {"w":120,"h":91}
},
"static_fly_trap_4.png":
{
	"frame": {"x":1529,"y":1083,"w":120,"h":91},
	"rotated": false,
	"trimmed": false,
	"spriteSourceSize": {"x":0,"y":0,"w":120,"h":91},
	"sourceSize": {"w":120,"h":91}
},
"static_fly_trap_5.png":
{
	"frame": {"x":1651,"y":1084,"w":120,"h":91},
	"rotated": false,
	"trimmed": false,
	"spriteSourceSize": {"x":0,"y":0,"w":120,"h":91},
	"sourceSize": {"w":120,"h":91}
},
"tongue.png":
{
	"frame": {"x":1062,"y":1,"w":595,"h":20},
	"rotated": false,
	"trimmed": false,
	"spriteSourceSize": {"x":0,"y":0,"w":595,"h":20},
	"sourceSize": {"w":595,"h":20}
},
"tree.png":
{
	"frame": {"x":1622,"y":757,"w":166,"h":130},
	"rotated": false,
	"trimmed": false,
	"spriteSourceSize": {"x":0,"y":0,"w":166,"h":130},
	"sourceSize": {"w":166,"h":130}
},
"vine.png":
{
	"frame": {"x":1790,"y":757,"w":27,"h":175},
	"rotated": false,
	"trimmed": false,
	"spriteSourceSize": {"x":0,"y":0,"w":27,"h":175},
	"sourceSize": {"w":27,"h":175}
},
"vine_purple.png":
{
	"frame": {"x":1,"y":264,"w":432,"h":301},
	"rotated": false,
	"trimmed": false,
	"spriteSourceSize": {"x":0,"y":0,"w":432,"h":301},
	"sourceSize": {"w":432,"h":301}
},
"vine_spotty.png":
{
	"frame": {"x":936,"y":405,"w":354,"h":257},
	"rotated": false,
	"trimmed": false,
	"spriteSourceSize": {"x":0,"y":0,"w":354,"h":257},
	"sourceSize": {"w":354,"h":257}
},
"vine_thick.png":
{
	"frame": {"x":953,"y":954,"w":227,"h":206},
	"rotated": false,
	"trimmed": false,
	"spriteSourceSize": {"x":0,"y":0,"w":227,"h":206},
	"sourceSize": {"w":227,"h":206}
},
"vine_thin.png":
{
	"frame": {"x":953,"y":1162,"w":185,"h":196},
	"rotated": false,
	"trimmed": false,
	"spriteSourceSize": {"x":0,"y":0,"w":185,"h":196},
	"sourceSize": {"w":185,"h":196}
},
"vine_thorny.png":
{
	"frame": {"x":1,"y":1,"w":483,"h":261},
	"rotated": false,
	"trimmed": false,
	"spriteSourceSize": {"x":0,"y":0,"w":483,"h":261},
	"sourceSize": {"w":483,"h":261}
}},
"meta": {
	"app": "http://www.codeandweb.com/texturepacker",
	"version": "1.0",
	"image": "story3_chapter2.png",
	"format": "RGBA8888",
	"size": {"w":2040,"h":1367},
	"scale": "1",
	"smartupdate": "$TexturePacker:SmartUpdate:b9b1c3daaebd34d705599c4c23e14d2b:cd1b7ddf23f1f6ea9d32822213528a0f:077766decb2ef610f42e0ca1283a6933$"
}
}
