{
    "strings": {
        "STR_ACH_RUN_LEVEL_1": "Run 100m in one run",
        "STR_ACH_RUN_LEVEL_2": "Run 300m in one run",
        "STR_ACH_RUN_LEVEL_3": "Run 1000m in one run",
        "STR_ACH_RUN_LEVEL_4": "Run 2000m in one run",
        "STR_ACH_RUN_LEVEL_5": "Run 3000m in one run",
        "STR_ACH_RUN_LEVEL_CUMULATIVE_1": "Run a total of 1000m",
        "STR_ACH_RUN_LEVEL_CUMULATIVE_2": "Run a total of 5000m",
        "STR_ACH_RUN_LEVEL_CUMULATIVE_3": "Run a total of 10000m",
        "STR_ACH_RUN_LEVEL_CUMULATIVE_4": "Run a total of 20000m",
        "STR_ACH_WALLJUMP_LEVEL_1": "Do a wall jump",
        "STR_ACH_WALLJUMP_LEVEL_2": "Do 25 wall jumps in one run",
        "STR_ACH_WALLJUMP_LEVEL_CUMULATIVE_1": "Do 50 wall jumps",
        "STR_ACH_WALLJUMP_LEVEL_CUMULATIVE_2": "Do 100 wall jumps",
        "STR_ACH_SMASH_LEVEL_1": "Lightsaber 2 vines or nests in one run",
        "STR_ACH_SMASH_LEVEL_2": "Lightsaber 10 vines or nests in one run",
        "STR_ACH_SMASH_LEVEL_3": "Lightsaber 30 vines or nests in one run",
        "STR_ACH_SMASH_LEVEL_1_CUMULATIVE": "Lightsaber 50 vines or nests",
        "STR_ACH_SMASH_LEVEL_2_CUMULATIVE": "Lightsaber 100 vines or nests",
        "STR_ACH_SMASH_LEVEL_3_CUMULATIVE": "Lightsaber 200 vines or nests",
        "STR_ACH_COIN_LEVEL_1": "Collect 50 Jedi coins in one run",
        "STR_ACH_COIN_LEVEL_2": "Collect 100 Jedi coins in one run",
        "STR_ACH_COIN_LEVEL_3": "Collect 500 Jedi coins in one run",
        "STR_ACH_COIN_LEVEL_1_CUMULATIVE": "Collect 500 Jedi coins",
        "STR_ACH_COIN_LEVEL_2_CUMULATIVE": "Collect 1000 Jedi coins",
        "STR_ACH_COMBO_LEVEL_1": "Get a x2 Combo",
        "STR_ACH_COMBO_LEVEL_2": "Get a x5 Combo",
        "STR_ACH_COMBO_LEVEL_3": "Get a x7 Combo",
        "STR_ACH_COMBO_LEVEL_4": "Get a x10 Combo",
        "STR_ACH_SCORE_LEVEL_1": "Get a skill score of 5000",
        "STR_ACH_SCORE_LEVEL_2": "Get a skill score of 10000",
        "STR_ACH_SCORE_LEVEL_3": "Get a skill score of 20000",
        "STR_ACH_SCORE_LEVEL_4": "Get a skill score of 40000",
        "STR_ACH_SCORE_TRICK_LEVEL_1": "Get a single combo skill score of 4000",
        "STR_ACH_SCORE_TRICK_LEVEL_2": "Get a single combo skill score of 10000",
        "STR_ACH_SCORE_TRICK_LEVEL_3": "Get a single combo skill score of 20000",
        "STR_ACH_FLIP_LEVEL_1": "Do a flip",
        "STR_ACH_FLIP_LEVEL_2": "Flip 5 times in one run",
        "STR_ACH_FLIP_LEVEL_3": "Flip 10 times in one run",
        "STR_ACH_FLIP_LEVEL_4": "Flip 25 times in one run",
        "STR_ACH_DOUBLE_FLIP_LEVEL_1": "Do a Double flip",
        "STR_ACH_DOUBLE_FLIP_LEVEL_2": "Double flip 3 times in one run",
        "STR_ACH_DOUBLE_FLIP_LEVEL_3": "Double flip 10 times in one run",
        "STR_ACH_TRIPLE_FLIP_LEVEL_1": "Do a Triple flip",
        "STR_ACH_TRIPLE_FLIP_LEVEL_2": "Do 5 Triple flips in one run"
    }
}
