<?xml version="1.0" encoding="UTF-8" standalone="no"?>
<!--Created using Glyph Designer - http://www.71squared.com/glyphdesigner-->
<font>
    <info face="ahkio_60_white_endgame" size="60" bold="0" italic="0" chasrset="" unicode="0" stretchH="100" smooth="1" aa="1" padding="0,0,0,0" spacing="2,2"/>
    <common lineHeight="70" base="56" scaleW="1024" scaleH="512" pages="1" packed="0"/>
    <pages>
        <page id="0" file="ahkio_60_white_endgame.png"/>
    </pages>
    <chars count="189">
        <char id="32" x="84" y="479" width="0" height="0" xoffset="0" yoffset="60" xadvance="9" page="0" chnl="0" letter="space"/>
        <char id="33" x="782" y="320" width="31" height="55" xoffset="-4" yoffset="5" xadvance="12" page="0" chnl="0" letter="!"/>
        <char id="34" x="625" y="433" width="33" height="30" xoffset="2" yoffset="3" xadvance="19" page="0" chnl="0" letter="&quot;"/>
        <char id="35" x="127" y="377" width="45" height="51" xoffset="-1" yoffset="4" xadvance="33" page="0" chnl="0" letter="#"/>
        <char id="36" x="136" y="204" width="37" height="57" xoffset="-1" yoffset="4" xadvance="24" page="0" chnl="0" letter="$"/>
        <char id="37" x="229" y="263" width="48" height="55" xoffset="1" yoffset="5" xadvance="40" page="0" chnl="0" letter="%"/>
        <char id="38" x="49" y="2" width="44" height="70" xoffset="-2" yoffset="-2" xadvance="30" page="0" chnl="0" letter="&amp;"/>
        <char id="39" x="660" y="433" width="24" height="30" xoffset="2" yoffset="3" xadvance="10" page="0" chnl="0" letter="'"/>
        <char id="40" x="697" y="143" width="31" height="58" xoffset="-1" yoffset="3" xadvance="15" page="0" chnl="0" letter="("/>
        <char id="41" x="730" y="143" width="31" height="58" xoffset="-4" yoffset="3" xadvance="16" page="0" chnl="0" letter=")"/>
        <char id="42" x="463" y="433" width="34" height="35" xoffset="2" yoffset="2" xadvance="22" page="0" chnl="0" letter="*"/>
        <char id="43" x="80" y="433" width="38" height="42" xoffset="-1" yoffset="13" xadvance="28" page="0" chnl="0" letter="+"/>
        <char id="44" x="686" y="433" width="24" height="29" xoffset="-4" yoffset="37" xadvance="11" page="0" chnl="0" letter=","/>
        <char id="45" x="924" y="433" width="33" height="22" xoffset="-1" yoffset="25" xadvance="22" page="0" chnl="0" letter="-"/>
        <char id="46" x="836" y="433" width="24" height="24" xoffset="-4" yoffset="36" xadvance="12" page="0" chnl="0" letter="."/>
        <char id="47" x="959" y="74" width="41" height="59" xoffset="-4" yoffset="2" xadvance="22" page="0" chnl="0" letter="/"/>
        <char id="48" x="2" y="320" width="43" height="55" xoffset="-1" yoffset="5" xadvance="30" page="0" chnl="0" letter="0"/>
        <char id="49" x="815" y="320" width="30" height="55" xoffset="0" yoffset="5" xadvance="16" page="0" chnl="0" letter="1"/>
        <char id="50" x="47" y="320" width="43" height="55" xoffset="-3" yoffset="5" xadvance="28" page="0" chnl="0" letter="2"/>
        <char id="51" x="317" y="320" width="42" height="55" xoffset="-3" yoffset="5" xadvance="27" page="0" chnl="0" letter="3"/>
        <char id="52" x="92" y="320" width="43" height="55" xoffset="-3" yoffset="5" xadvance="29" page="0" chnl="0" letter="4"/>
        <char id="53" x="581" y="320" width="41" height="55" xoffset="-3" yoffset="5" xadvance="27" page="0" chnl="0" letter="5"/>
        <char id="54" x="361" y="320" width="42" height="55" xoffset="-1" yoffset="5" xadvance="28" page="0" chnl="0" letter="6"/>
        <char id="55" x="405" y="320" width="42" height="55" xoffset="-1" yoffset="5" xadvance="27" page="0" chnl="0" letter="7"/>
        <char id="56" x="762" y="263" width="44" height="55" xoffset="-2" yoffset="5" xadvance="29" page="0" chnl="0" letter="8"/>
        <char id="57" x="449" y="320" width="42" height="55" xoffset="-2" yoffset="5" xadvance="28" page="0" chnl="0" letter="9"/>
        <char id="58" x="323" y="377" width="28" height="46" xoffset="-3" yoffset="14" xadvance="13" page="0" chnl="0" letter=":"/>
        <char id="59" x="174" y="377" width="28" height="51" xoffset="-4" yoffset="15" xadvance="12" page="0" chnl="0" letter=";"/>
        <char id="60" x="159" y="433" width="39" height="40" xoffset="-1" yoffset="14" xadvance="27" page="0" chnl="0" letter="&lt;"/>
        <char id="61" x="585" y="433" width="38" height="31" xoffset="-1" yoffset="18" xadvance="26" page="0" chnl="0" letter="="/>
        <char id="62" x="200" y="433" width="39" height="40" xoffset="-3" yoffset="14" xadvance="26" page="0" chnl="0" letter=">"/>
        <char id="63" x="624" y="320" width="40" height="55" xoffset="1" yoffset="5" xadvance="29" page="0" chnl="0" letter="?"/>
        <char id="64" x="255" y="2" width="62" height="68" xoffset="-1" yoffset="1" xadvance="50" page="0" chnl="0" letter="@"/>
        <char id="65" x="808" y="263" width="44" height="55" xoffset="-3" yoffset="5" xadvance="32" page="0" chnl="0" letter="A"/>
        <char id="66" x="621" y="263" width="45" height="55" xoffset="-2" yoffset="5" xadvance="31" page="0" chnl="0" letter="B"/>
        <char id="67" x="854" y="263" width="44" height="55" xoffset="-2" yoffset="5" xadvance="30" page="0" chnl="0" letter="C"/>
        <char id="68" x="477" y="263" width="46" height="55" xoffset="-2" yoffset="5" xadvance="33" page="0" chnl="0" letter="D"/>
        <char id="69" x="137" y="320" width="43" height="55" xoffset="-2" yoffset="5" xadvance="27" page="0" chnl="0" letter="E"/>
        <char id="70" x="182" y="320" width="43" height="55" xoffset="-2" yoffset="5" xadvance="27" page="0" chnl="0" letter="F"/>
        <char id="71" x="668" y="263" width="45" height="55" xoffset="-2" yoffset="5" xadvance="32" page="0" chnl="0" letter="G"/>
        <char id="72" x="279" y="263" width="48" height="55" xoffset="-2" yoffset="5" xadvance="32" page="0" chnl="0" letter="H"/>
        <char id="73" x="847" y="320" width="30" height="55" xoffset="-2" yoffset="5" xadvance="13" page="0" chnl="0" letter="I"/>
        <char id="74" x="493" y="320" width="42" height="55" xoffset="-3" yoffset="5" xadvance="26" page="0" chnl="0" letter="J"/>
        <char id="75" x="379" y="263" width="47" height="55" xoffset="-2" yoffset="5" xadvance="30" page="0" chnl="0" letter="K"/>
        <char id="76" x="708" y="320" width="37" height="55" xoffset="-2" yoffset="5" xadvance="25" page="0" chnl="0" letter="L"/>
        <char id="77" x="68" y="263" width="55" height="55" xoffset="-2" yoffset="5" xadvance="39" page="0" chnl="0" letter="M"/>
        <char id="78" x="178" y="263" width="49" height="55" xoffset="-2" yoffset="5" xadvance="32" page="0" chnl="0" letter="N"/>
        <char id="79" x="428" y="263" width="47" height="55" xoffset="-1" yoffset="5" xadvance="34" page="0" chnl="0" letter="O"/>
        <char id="80" x="525" y="263" width="46" height="55" xoffset="-2" yoffset="5" xadvance="30" page="0" chnl="0" letter="P"/>
        <char id="81" x="589" y="74" width="46" height="61" xoffset="-1" yoffset="5" xadvance="34" page="0" chnl="0" letter="Q"/>
        <char id="82" x="573" y="263" width="46" height="55" xoffset="-2" yoffset="5" xadvance="31" page="0" chnl="0" letter="R"/>
        <char id="83" x="900" y="263" width="44" height="55" xoffset="-2" yoffset="5" xadvance="29" page="0" chnl="0" letter="S"/>
        <char id="84" x="666" y="320" width="40" height="55" xoffset="2" yoffset="5" xadvance="27" page="0" chnl="0" letter="T"/>
        <char id="85" x="946" y="263" width="44" height="55" xoffset="-1" yoffset="5" xadvance="31" page="0" chnl="0" letter="U"/>
        <char id="86" x="2" y="377" width="43" height="54" xoffset="2" yoffset="6" xadvance="30" page="0" chnl="0" letter="V"/>
        <char id="87" x="879" y="320" width="57" height="54" xoffset="1" yoffset="6" xadvance="44" page="0" chnl="0" letter="W"/>
        <char id="88" x="125" y="263" width="51" height="55" xoffset="-3" yoffset="5" xadvance="33" page="0" chnl="0" letter="X"/>
        <char id="89" x="227" y="320" width="43" height="55" xoffset="2" yoffset="5" xadvance="31" page="0" chnl="0" letter="Y"/>
        <char id="90" x="938" y="320" width="46" height="54" xoffset="-3" yoffset="6" xadvance="29" page="0" chnl="0" letter="Z"/>
        <char id="91" x="2" y="143" width="35" height="59" xoffset="-3" yoffset="2" xadvance="17" page="0" chnl="0" letter="["/>
        <char id="92" x="592" y="143" width="34" height="58" xoffset="3" yoffset="2" xadvance="28" page="0" chnl="0" letter="\"/>
        <char id="93" x="39" y="143" width="35" height="59" xoffset="-4" yoffset="2" xadvance="18" page="0" chnl="0" letter="]"/>
        <char id="94" x="120" y="433" width="37" height="42" xoffset="-0" yoffset="0" xadvance="26" page="0" chnl="0" letter="^"/>
        <char id="95" x="2" y="479" width="39" height="21" xoffset="-5" yoffset="48" xadvance="23" page="0" chnl="0" letter="_"/>
        <char id="96" x="712" y="433" width="27" height="27" xoffset="3" yoffset="1" xadvance="15" page="0" chnl="0" letter="`"/>
        <char id="97" x="566" y="377" width="42" height="45" xoffset="-2" yoffset="15" xadvance="28" page="0" chnl="0" letter="a"/>
        <char id="98" x="701" y="204" width="41" height="56" xoffset="-2" yoffset="4" xadvance="28" page="0" chnl="0" letter="b"/>
        <char id="99" x="905" y="377" width="38" height="45" xoffset="-2" yoffset="15" xadvance="25" page="0" chnl="0" letter="c"/>
        <char id="100" x="214" y="204" width="45" height="56" xoffset="-2" yoffset="4" xadvance="28" page="0" chnl="0" letter="d"/>
        <char id="101" x="741" y="377" width="39" height="45" xoffset="-2" yoffset="15" xadvance="25" page="0" chnl="0" letter="e"/>
        <char id="102" x="175" y="204" width="37" height="57" xoffset="-1" yoffset="3" xadvance="20" page="0" chnl="0" letter="f"/>
        <char id="103" x="261" y="204" width="42" height="56" xoffset="-2" yoffset="15" xadvance="28" page="0" chnl="0" letter="g"/>
        <char id="104" x="305" y="204" width="42" height="56" xoffset="-3" yoffset="4" xadvance="28" page="0" chnl="0" letter="h"/>
        <char id="105" x="796" y="143" width="30" height="58" xoffset="-3" yoffset="2" xadvance="13" page="0" chnl="0" letter="i"/>
        <char id="106" x="184" y="2" width="35" height="69" xoffset="-8" yoffset="2" xadvance="13" page="0" chnl="0" letter="j"/>
        <char id="107" x="349" y="204" width="42" height="56" xoffset="-3" yoffset="4" xadvance="27" page="0" chnl="0" letter="k"/>
        <char id="108" x="905" y="204" width="31" height="56" xoffset="-3" yoffset="4" xadvance="13" page="0" chnl="0" letter="l"/>
        <char id="109" x="353" y="377" width="56" height="45" xoffset="-3" yoffset="15" xadvance="43" page="0" chnl="0" letter="m"/>
        <char id="110" x="610" y="377" width="42" height="45" xoffset="-3" yoffset="15" xadvance="28" page="0" chnl="0" letter="n"/>
        <char id="111" x="698" y="377" width="41" height="45" xoffset="-2" yoffset="15" xadvance="27" page="0" chnl="0" letter="o"/>
        <char id="112" x="272" y="320" width="43" height="55" xoffset="-4" yoffset="15" xadvance="28" page="0" chnl="0" letter="p"/>
        <char id="113" x="393" y="204" width="42" height="56" xoffset="-2" yoffset="15" xadvance="28" page="0" chnl="0" letter="q"/>
        <char id="114" x="945" y="377" width="35" height="45" xoffset="-3" yoffset="15" xadvance="20" page="0" chnl="0" letter="r"/>
        <char id="115" x="782" y="377" width="39" height="45" xoffset="-3" yoffset="15" xadvance="24" page="0" chnl="0" letter="s"/>
        <char id="116" x="747" y="320" width="33" height="55" xoffset="-1" yoffset="5" xadvance="20" page="0" chnl="0" letter="t"/>
        <char id="117" x="654" y="377" width="42" height="45" xoffset="-2" yoffset="15" xadvance="28" page="0" chnl="0" letter="u"/>
        <char id="118" x="823" y="377" width="39" height="45" xoffset="0" yoffset="15" xadvance="27" page="0" chnl="0" letter="v"/>
        <char id="119" x="467" y="377" width="52" height="45" xoffset="0" yoffset="15" xadvance="39" page="0" chnl="0" letter="w"/>
        <char id="120" x="521" y="377" width="43" height="45" xoffset="-4" yoffset="15" xadvance="27" page="0" chnl="0" letter="x"/>
        <char id="121" x="437" y="204" width="42" height="56" xoffset="-2" yoffset="15" xadvance="28" page="0" chnl="0" letter="y"/>
        <char id="122" x="864" y="377" width="39" height="45" xoffset="-3" yoffset="15" xadvance="24" page="0" chnl="0" letter="z"/>
        <char id="123" x="685" y="74" width="34" height="61" xoffset="-1" yoffset="1" xadvance="17" page="0" chnl="0" letter="{"/>
        <char id="124" x="221" y="2" width="32" height="69" xoffset="-2" yoffset="-2" xadvance="15" page="0" chnl="0" letter="|"/>
        <char id="125" x="721" y="74" width="34" height="61" xoffset="-4" yoffset="1" xadvance="19" page="0" chnl="0" letter="}"/>
        <char id="126" x="799" y="433" width="35" height="24" xoffset="-1" yoffset="23" xadvance="23" page="0" chnl="0" letter="~"/>
        <char id="161" x="938" y="204" width="30" height="56" xoffset="-5" yoffset="15" xadvance="13" page="0" chnl="0" letter="¡"/>
        <char id="162" x="90" y="377" width="35" height="52" xoffset="-1" yoffset="6" xadvance="23" page="0" chnl="0" letter="¢"/>
        <char id="163" x="204" y="377" width="38" height="48" xoffset="-1" yoffset="7" xadvance="25" page="0" chnl="0" letter="£"/>
        <char id="164" x="39" y="433" width="39" height="42" xoffset="-1" yoffset="12" xadvance="27" page="0" chnl="0" letter="¤"/>
        <char id="165" x="244" y="377" width="38" height="48" xoffset="1" yoffset="7" xadvance="26" page="0" chnl="0" letter="¥"/>
        <char id="166" x="585" y="2" width="31" height="68" xoffset="-2" yoffset="-1" xadvance="15" page="0" chnl="0" letter="¦"/>
        <char id="167" x="494" y="74" width="43" height="63" xoffset="-3" yoffset="3" xadvance="27" page="0" chnl="0" letter="§"/>
        <char id="168" x="888" y="433" width="34" height="23" xoffset="3" yoffset="4" xadvance="22" page="0" chnl="0" letter="¨"/>
        <char id="169" x="801" y="74" width="55" height="59" xoffset="-0" yoffset="2" xadvance="44" page="0" chnl="0" letter="©"/>
        <char id="170" x="982" y="377" width="35" height="44" xoffset="0" yoffset="3" xadvance="23" page="0" chnl="0" letter="ª"/>
        <char id="171" x="381" y="433" width="39" height="35" xoffset="-2" yoffset="16" xadvance="26" page="0" chnl="0" letter="«"/>
        <char id="172" x="534" y="433" width="49" height="32" xoffset="4" yoffset="19" xadvance="48" page="0" chnl="0" letter="¬"/>
        <char id="173" x="959" y="433" width="33" height="22" xoffset="-0" yoffset="25" xadvance="24" page="0" chnl="0" letter="­"/>
        <char id="174" x="858" y="74" width="55" height="59" xoffset="-0" yoffset="2" xadvance="44" page="0" chnl="0" letter="®"/>
        <char id="175" x="43" y="479" width="39" height="19" xoffset="-0" yoffset="-2" xadvance="30" page="0" chnl="0" letter="¯"/>
        <char id="176" x="499" y="433" width="33" height="35" xoffset="2" yoffset="3" xadvance="21" page="0" chnl="0" letter="°"/>
        <char id="177" x="47" y="377" width="41" height="53" xoffset="-2" yoffset="7" xadvance="29" page="0" chnl="0" letter="±"/>
        <char id="178" x="241" y="433" width="34" height="40" xoffset="-0" yoffset="3" xadvance="21" page="0" chnl="0" letter="²"/>
        <char id="179" x="277" y="433" width="34" height="40" xoffset="-1" yoffset="3" xadvance="20" page="0" chnl="0" letter="³"/>
        <char id="180" x="769" y="433" width="28" height="26" xoffset="3" yoffset="1" xadvance="15" page="0" chnl="0" letter="´"/>
        <char id="181" x="715" y="263" width="45" height="55" xoffset="-4" yoffset="15" xadvance="29" page="0" chnl="0" letter="µ"/>
        <char id="182" x="637" y="74" width="46" height="61" xoffset="2" yoffset="3" xadvance="35" page="0" chnl="0" letter="¶"/>
        <char id="183" x="862" y="433" width="24" height="24" xoffset="-1" yoffset="21" xadvance="13" page="0" chnl="0" letter="·"/>
        <char id="184" x="741" y="433" width="26" height="27" xoffset="-7" yoffset="44" xadvance="9" page="0" chnl="0" letter="¸"/>
        <char id="185" x="313" y="433" width="25" height="40" xoffset="1" yoffset="3" xadvance="12" page="0" chnl="0" letter="¹"/>
        <char id="186" x="2" y="433" width="35" height="44" xoffset="-0" yoffset="3" xadvance="22" page="0" chnl="0" letter="º"/>
        <char id="187" x="422" y="433" width="39" height="35" xoffset="-2" yoffset="16" xadvance="26" page="0" chnl="0" letter="»"/>
        <char id="188" x="946" y="143" width="52" height="57" xoffset="2" yoffset="3" xadvance="44" page="0" chnl="0" letter="¼"/>
        <char id="189" x="890" y="143" width="54" height="57" xoffset="2" yoffset="3" xadvance="46" page="0" chnl="0" letter="½"/>
        <char id="190" x="828" y="143" width="60" height="57" xoffset="-0" yoffset="3" xadvance="50" page="0" chnl="0" letter="¾"/>
        <char id="191" x="94" y="204" width="40" height="57" xoffset="-4" yoffset="15" xadvance="24" page="0" chnl="0" letter="¿"/>
        <char id="192" x="319" y="2" width="45" height="68" xoffset="-3" yoffset="-8" xadvance="32" page="0" chnl="0" letter="À"/>
        <char id="193" x="366" y="2" width="45" height="68" xoffset="-3" yoffset="-8" xadvance="32" page="0" chnl="0" letter="Á"/>
        <char id="194" x="762" y="2" width="45" height="67" xoffset="-3" yoffset="-7" xadvance="32" page="0" chnl="0" letter="Â"/>
        <char id="195" x="266" y="74" width="46" height="65" xoffset="-3" yoffset="-5" xadvance="32" page="0" chnl="0" letter="Ã"/>
        <char id="196" x="217" y="74" width="47" height="65" xoffset="-3" yoffset="-5" xadvance="32" page="0" chnl="0" letter="Ä"/>
        <char id="197" x="2" y="2" width="45" height="70" xoffset="-3" yoffset="-10" xadvance="32" page="0" chnl="0" letter="Å"/>
        <char id="198" x="2" y="263" width="64" height="55" xoffset="-4" yoffset="5" xadvance="46" page="0" chnl="0" letter="Æ"/>
        <char id="199" x="75" y="74" width="44" height="66" xoffset="-2" yoffset="5" xadvance="30" page="0" chnl="0" letter="Ç"/>
        <char id="200" x="95" y="2" width="43" height="69" xoffset="-2" yoffset="-9" xadvance="27" page="0" chnl="0" letter="È"/>
        <char id="201" x="459" y="2" width="43" height="68" xoffset="-2" yoffset="-8" xadvance="27" page="0" chnl="0" letter="É"/>
        <char id="202" x="504" y="2" width="43" height="68" xoffset="-2" yoffset="-8" xadvance="27" page="0" chnl="0" letter="Ê"/>
        <char id="203" x="121" y="74" width="43" height="66" xoffset="-2" yoffset="-6" xadvance="27" page="0" chnl="0" letter="Ë"/>
        <char id="204" x="549" y="2" width="34" height="68" xoffset="-2" yoffset="-8" xadvance="13" page="0" chnl="0" letter="Ì"/>
        <char id="205" x="39" y="74" width="34" height="67" xoffset="-2" yoffset="-7" xadvance="13" page="0" chnl="0" letter="Í"/>
        <char id="206" x="2" y="74" width="35" height="67" xoffset="-2" yoffset="-7" xadvance="13" page="0" chnl="0" letter="Î"/>
        <char id="207" x="456" y="74" width="36" height="65" xoffset="-2" yoffset="-5" xadvance="13" page="0" chnl="0" letter="Ï"/>
        <char id="208" x="329" y="263" width="48" height="55" xoffset="-2" yoffset="5" xadvance="34" page="0" chnl="0" letter="Ð"/>
        <char id="209" x="166" y="74" width="49" height="65" xoffset="-2" yoffset="-5" xadvance="32" page="0" chnl="0" letter="Ñ"/>
        <char id="210" x="618" y="2" width="46" height="67" xoffset="-1" yoffset="-7" xadvance="34" page="0" chnl="0" letter="Ò"/>
        <char id="211" x="666" y="2" width="46" height="67" xoffset="-1" yoffset="-7" xadvance="34" page="0" chnl="0" letter="Ó"/>
        <char id="212" x="714" y="2" width="46" height="67" xoffset="-1" yoffset="-7" xadvance="34" page="0" chnl="0" letter="Ô"/>
        <char id="213" x="314" y="74" width="46" height="65" xoffset="-1" yoffset="-5" xadvance="34" page="0" chnl="0" letter="Õ"/>
        <char id="214" x="362" y="74" width="46" height="65" xoffset="-1" yoffset="-5" xadvance="34" page="0" chnl="0" letter="Ö"/>
        <char id="215" x="340" y="433" width="39" height="39" xoffset="-3" yoffset="15" xadvance="24" page="0" chnl="0" letter="×"/>
        <char id="216" x="539" y="74" width="48" height="62" xoffset="-1" yoffset="2" xadvance="34" page="0" chnl="0" letter="Ø"/>
        <char id="217" x="413" y="2" width="44" height="68" xoffset="-1" yoffset="-8" xadvance="31" page="0" chnl="0" letter="Ù"/>
        <char id="218" x="809" y="2" width="44" height="67" xoffset="-1" yoffset="-7" xadvance="31" page="0" chnl="0" letter="Ú"/>
        <char id="219" x="855" y="2" width="44" height="67" xoffset="-1" yoffset="-7" xadvance="31" page="0" chnl="0" letter="Û"/>
        <char id="220" x="410" y="74" width="44" height="65" xoffset="-1" yoffset="-5" xadvance="31" page="0" chnl="0" letter="Ü"/>
        <char id="221" x="901" y="2" width="43" height="67" xoffset="2" yoffset="-7" xadvance="31" page="0" chnl="0" letter="Ý"/>
        <char id="222" x="2" y="204" width="45" height="57" xoffset="-2" yoffset="3" xadvance="30" page="0" chnl="0" letter="Þ"/>
        <char id="223" x="49" y="204" width="43" height="57" xoffset="-3" yoffset="3" xadvance="31" page="0" chnl="0" letter="ß"/>
        <char id="224" x="76" y="143" width="42" height="58" xoffset="-2" yoffset="2" xadvance="28" page="0" chnl="0" letter="à"/>
        <char id="225" x="120" y="143" width="42" height="58" xoffset="-2" yoffset="2" xadvance="28" page="0" chnl="0" letter="á"/>
        <char id="226" x="164" y="143" width="42" height="58" xoffset="-2" yoffset="2" xadvance="28" page="0" chnl="0" letter="â"/>
        <char id="227" x="481" y="204" width="42" height="56" xoffset="-2" yoffset="4" xadvance="28" page="0" chnl="0" letter="ã"/>
        <char id="228" x="525" y="204" width="42" height="56" xoffset="-2" yoffset="4" xadvance="28" page="0" chnl="0" letter="ä"/>
        <char id="229" x="757" y="74" width="42" height="60" xoffset="-2" yoffset="0" xadvance="28" page="0" chnl="0" letter="å"/>
        <char id="230" x="411" y="377" width="54" height="45" xoffset="-2" yoffset="15" xadvance="40" page="0" chnl="0" letter="æ"/>
        <char id="231" x="829" y="204" width="38" height="56" xoffset="-2" yoffset="15" xadvance="25" page="0" chnl="0" letter="ç"/>
        <char id="232" x="469" y="143" width="39" height="58" xoffset="-2" yoffset="2" xadvance="25" page="0" chnl="0" letter="è"/>
        <char id="233" x="510" y="143" width="39" height="58" xoffset="-2" yoffset="2" xadvance="25" page="0" chnl="0" letter="é"/>
        <char id="234" x="551" y="143" width="39" height="58" xoffset="-2" yoffset="2" xadvance="25" page="0" chnl="0" letter="ê"/>
        <char id="235" x="787" y="204" width="40" height="56" xoffset="-2" yoffset="4" xadvance="25" page="0" chnl="0" letter="ë"/>
        <char id="236" x="663" y="143" width="32" height="58" xoffset="-3" yoffset="2" xadvance="13" page="0" chnl="0" letter="ì"/>
        <char id="237" x="763" y="143" width="31" height="58" xoffset="-3" yoffset="2" xadvance="13" page="0" chnl="0" letter="í"/>
        <char id="238" x="628" y="143" width="33" height="58" xoffset="-3" yoffset="2" xadvance="13" page="0" chnl="0" letter="î"/>
        <char id="239" x="869" y="204" width="34" height="56" xoffset="-3" yoffset="4" xadvance="13" page="0" chnl="0" letter="ï"/>
        <char id="240" x="915" y="74" width="42" height="59" xoffset="-2" yoffset="1" xadvance="27" page="0" chnl="0" letter="ð"/>
        <char id="241" x="569" y="204" width="42" height="56" xoffset="-3" yoffset="4" xadvance="28" page="0" chnl="0" letter="ñ"/>
        <char id="242" x="340" y="143" width="41" height="58" xoffset="-2" yoffset="2" xadvance="27" page="0" chnl="0" letter="ò"/>
        <char id="243" x="383" y="143" width="41" height="58" xoffset="-2" yoffset="2" xadvance="27" page="0" chnl="0" letter="ó"/>
        <char id="244" x="426" y="143" width="41" height="58" xoffset="-2" yoffset="2" xadvance="27" page="0" chnl="0" letter="ô"/>
        <char id="245" x="744" y="204" width="41" height="56" xoffset="-2" yoffset="4" xadvance="27" page="0" chnl="0" letter="õ"/>
        <char id="246" x="613" y="204" width="42" height="56" xoffset="-2" yoffset="4" xadvance="27" page="0" chnl="0" letter="ö"/>
        <char id="247" x="284" y="377" width="37" height="47" xoffset="-0" yoffset="11" xadvance="28" page="0" chnl="0" letter="÷"/>
        <char id="248" x="537" y="320" width="42" height="55" xoffset="-2" yoffset="10" xadvance="27" page="0" chnl="0" letter="ø"/>
        <char id="249" x="208" y="143" width="42" height="58" xoffset="-2" yoffset="2" xadvance="28" page="0" chnl="0" letter="ù"/>
        <char id="250" x="252" y="143" width="42" height="58" xoffset="-2" yoffset="2" xadvance="28" page="0" chnl="0" letter="ú"/>
        <char id="251" x="296" y="143" width="42" height="58" xoffset="-2" yoffset="2" xadvance="28" page="0" chnl="0" letter="û"/>
        <char id="252" x="657" y="204" width="42" height="56" xoffset="-2" yoffset="4" xadvance="28" page="0" chnl="0" letter="ü"/>
        <char id="253" x="140" y="2" width="42" height="69" xoffset="-2" yoffset="2" xadvance="28" page="0" chnl="0" letter="ý"/>
        <char id="254" x="946" y="2" width="43" height="67" xoffset="-4" yoffset="3" xadvance="28" page="0" chnl="0" letter="þ"/>
    </chars>
    <kernings count="1340">
        <kerning first="33" second="98" amount="-1"/>
        <kerning first="33" second="108" amount="-1"/>
        <kerning first="33" second="146" amount="-3"/>
        <kerning first="33" second="147" amount="-2"/>
        <kerning first="33" second="152" amount="-1"/>
        <kerning first="33" second="154" amount="-1"/>
        <kerning first="33" second="175" amount="-2"/>
        <kerning first="33" second="182" amount="-3"/>
        <kerning first="33" second="183" amount="-2"/>
        <kerning first="33" second="188" amount="-1"/>
        <kerning first="33" second="190" amount="-1"/>
        <kerning first="33" second="200" amount="-1"/>
        <kerning first="33" second="201" amount="-1"/>
        <kerning first="33" second="203" amount="-1"/>
        <kerning first="33" second="207" amount="-1"/>
        <kerning first="33" second="210" amount="-2"/>
        <kerning first="33" second="215" amount="-1"/>
        <kerning first="33" second="226" amount="-1"/>
        <kerning first="33" second="233" amount="-1"/>
        <kerning first="33" second="235" amount="-1"/>
        <kerning first="33" second="237" amount="-1"/>
        <kerning first="33" second="247" amount="-1"/>
        <kerning first="33" second="248" amount="-1"/>
        <kerning first="33" second="251" amount="-1"/>
        <kerning first="34" second="128" amount="-1"/>
        <kerning first="34" second="139" amount="-1"/>
        <kerning first="34" second="141" amount="-2"/>
        <kerning first="34" second="142" amount="-1"/>
        <kerning first="34" second="146" amount="-4"/>
        <kerning first="34" second="147" amount="-3"/>
        <kerning first="34" second="150" amount="-1"/>
        <kerning first="34" second="151" amount="-2"/>
        <kerning first="34" second="152" amount="-1"/>
        <kerning first="34" second="155" amount="-2"/>
        <kerning first="34" second="156" amount="-1"/>
        <kerning first="34" second="162" amount="-1"/>
        <kerning first="34" second="172" amount="-3"/>
        <kerning first="34" second="174" amount="-1"/>
        <kerning first="34" second="177" amount="-2"/>
        <kerning first="34" second="178" amount="-1"/>
        <kerning first="34" second="182" amount="-4"/>
        <kerning first="34" second="183" amount="-3"/>
        <kerning first="34" second="186" amount="-1"/>
        <kerning first="34" second="187" amount="-2"/>
        <kerning first="34" second="188" amount="-1"/>
        <kerning first="34" second="191" amount="-2"/>
        <kerning first="34" second="192" amount="-1"/>
        <kerning first="34" second="199" amount="-2"/>
        <kerning first="34" second="201" amount="-2"/>
        <kerning first="34" second="210" amount="-3"/>
        <kerning first="34" second="220" amount="-3"/>
        <kerning first="34" second="222" amount="-1"/>
        <kerning first="34" second="223" amount="-1"/>
        <kerning first="34" second="224" amount="-3"/>
        <kerning first="34" second="225" amount="-2"/>
        <kerning first="34" second="226" amount="-2"/>
        <kerning first="34" second="228" amount="-3"/>
        <kerning first="34" second="229" amount="-3"/>
        <kerning first="35" second="145" amount="-1"/>
        <kerning first="35" second="152" amount="-2"/>
        <kerning first="35" second="154" amount="-1"/>
        <kerning first="35" second="181" amount="-1"/>
        <kerning first="35" second="188" amount="-2"/>
        <kerning first="35" second="190" amount="-1"/>
        <kerning first="35" second="200" amount="-1"/>
        <kerning first="35" second="201" amount="-1"/>
        <kerning first="35" second="203" amount="-1"/>
        <kerning first="35" second="207" amount="-1"/>
        <kerning first="35" second="210" amount="-2"/>
        <kerning first="35" second="215" amount="-1"/>
        <kerning first="35" second="222" amount="-1"/>
        <kerning first="35" second="224" amount="-1"/>
        <kerning first="35" second="226" amount="-1"/>
        <kerning first="35" second="228" amount="-1"/>
        <kerning first="35" second="233" amount="-1"/>
        <kerning first="35" second="235" amount="-1"/>
        <kerning first="35" second="237" amount="-1"/>
        <kerning first="35" second="247" amount="-1"/>
        <kerning first="35" second="251" amount="-1"/>
        <kerning first="35" second="253" amount="-1"/>
        <kerning first="36" second="51" amount="-1"/>
        <kerning first="36" second="55" amount="-2"/>
        <kerning first="36" second="57" amount="-1"/>
        <kerning first="36" second="175" amount="-3"/>
        <kerning first="37" second="139" amount="-3"/>
        <kerning first="37" second="142" amount="-3"/>
        <kerning first="37" second="155" amount="-1"/>
        <kerning first="37" second="157" amount="-1"/>
        <kerning first="37" second="174" amount="-3"/>
        <kerning first="37" second="175" amount="-2"/>
        <kerning first="37" second="178" amount="-3"/>
        <kerning first="37" second="191" amount="-1"/>
        <kerning first="37" second="193" amount="-1"/>
        <kerning first="37" second="199" amount="-3"/>
        <kerning first="37" second="219" amount="-1"/>
        <kerning first="37" second="220" amount="-4"/>
        <kerning first="37" second="222" amount="-3"/>
        <kerning first="37" second="223" amount="-1"/>
        <kerning first="37" second="225" amount="-3"/>
        <kerning first="37" second="228" amount="-6"/>
        <kerning first="38" second="52" amount="-1"/>
        <kerning first="38" second="54" amount="-1"/>
        <kerning first="38" second="67" amount="-1"/>
        <kerning first="38" second="71" amount="-1"/>
        <kerning first="38" second="79" amount="-1"/>
        <kerning first="38" second="84" amount="-1"/>
        <kerning first="38" second="86" amount="-1"/>
        <kerning first="38" second="87" amount="-1"/>
        <kerning first="38" second="89" amount="-1"/>
        <kerning first="38" second="111" amount="-1"/>
        <kerning first="38" second="139" amount="-2"/>
        <kerning first="38" second="141" amount="-1"/>
        <kerning first="38" second="142" amount="-2"/>
        <kerning first="38" second="152" amount="-1"/>
        <kerning first="38" second="155" amount="-1"/>
        <kerning first="38" second="156" amount="-1"/>
        <kerning first="38" second="157" amount="-1"/>
        <kerning first="38" second="174" amount="-2"/>
        <kerning first="38" second="175" amount="-1"/>
        <kerning first="38" second="177" amount="-1"/>
        <kerning first="38" second="178" amount="-2"/>
        <kerning first="38" second="188" amount="-1"/>
        <kerning first="38" second="191" amount="-1"/>
        <kerning first="38" second="192" amount="-1"/>
        <kerning first="38" second="193" amount="-1"/>
        <kerning first="38" second="199" amount="-3"/>
        <kerning first="38" second="220" amount="-2"/>
        <kerning first="38" second="222" amount="-1"/>
        <kerning first="38" second="223" amount="-1"/>
        <kerning first="38" second="225" amount="-3"/>
        <kerning first="38" second="228" amount="-4"/>
        <kerning first="38" second="237" amount="-1"/>
        <kerning first="39" second="52" amount="-2"/>
        <kerning first="39" second="65" amount="-3"/>
        <kerning first="39" second="74" amount="-2"/>
        <kerning first="39" second="79" amount="-1"/>
        <kerning first="39" second="97" amount="-2"/>
        <kerning first="39" second="99" amount="-2"/>
        <kerning first="39" second="101" amount="-1"/>
        <kerning first="39" second="106" amount="1"/>
        <kerning first="39" second="111" amount="-1"/>
        <kerning first="40" second="48" amount="-2"/>
        <kerning first="40" second="52" amount="-1"/>
        <kerning first="40" second="54" amount="-1"/>
        <kerning first="40" second="57" amount="-1"/>
        <kerning first="40" second="65" amount="-1"/>
        <kerning first="40" second="67" amount="-1"/>
        <kerning first="40" second="71" amount="-1"/>
        <kerning first="40" second="79" amount="-1"/>
        <kerning first="40" second="97" amount="-1"/>
        <kerning first="40" second="99" amount="-1"/>
        <kerning first="40" second="101" amount="-1"/>
        <kerning first="40" second="111" amount="-1"/>
        <kerning first="40" second="117" amount="-1"/>
        <kerning first="40" second="152" amount="-2"/>
        <kerning first="40" second="188" amount="-2"/>
        <kerning first="40" second="201" amount="-3"/>
        <kerning first="40" second="210" amount="-3"/>
        <kerning first="40" second="225" amount="-1"/>
        <kerning first="40" second="233" amount="-1"/>
        <kerning first="40" second="238" amount="1"/>
        <kerning first="40" second="247" amount="-1"/>
        <kerning first="40" second="252" amount="1"/>
        <kerning first="42" second="52" amount="-2"/>
        <kerning first="42" second="65" amount="-3"/>
        <kerning first="42" second="74" amount="-2"/>
        <kerning first="42" second="97" amount="-2"/>
        <kerning first="42" second="99" amount="-1"/>
        <kerning first="42" second="101" amount="-1"/>
        <kerning first="42" second="102" amount="1"/>
        <kerning first="42" second="111" amount="-1"/>
        <kerning first="42" second="116" amount="1"/>
        <kerning first="45" second="50" amount="-1"/>
        <kerning first="45" second="51" amount="-1"/>
        <kerning first="45" second="55" amount="-2"/>
        <kerning first="45" second="57" amount="-2"/>
        <kerning first="45" second="65" amount="-1"/>
        <kerning first="45" second="74" amount="-1"/>
        <kerning first="45" second="84" amount="-3"/>
        <kerning first="45" second="86" amount="-2"/>
        <kerning first="45" second="87" amount="-1"/>
        <kerning first="45" second="88" amount="-1"/>
        <kerning first="45" second="89" amount="-3"/>
        <kerning first="46" second="48" amount="-3"/>
        <kerning first="46" second="49" amount="-2"/>
        <kerning first="46" second="51" amount="-1"/>
        <kerning first="46" second="52" amount="-2"/>
        <kerning first="46" second="53" amount="-1"/>
        <kerning first="46" second="54" amount="-3"/>
        <kerning first="46" second="55" amount="-1"/>
        <kerning first="46" second="56" amount="-1"/>
        <kerning first="46" second="57" amount="-2"/>
        <kerning first="46" second="66" amount="-1"/>
        <kerning first="46" second="67" amount="-3"/>
        <kerning first="46" second="68" amount="-1"/>
        <kerning first="46" second="71" amount="-3"/>
        <kerning first="46" second="79" amount="-4"/>
        <kerning first="46" second="83" amount="-1"/>
        <kerning first="46" second="84" amount="-5"/>
        <kerning first="46" second="85" amount="-3"/>
        <kerning first="46" second="86" amount="-4"/>
        <kerning first="46" second="87" amount="-3"/>
        <kerning first="46" second="89" amount="-4"/>
        <kerning first="46" second="97" amount="-1"/>
        <kerning first="46" second="99" amount="-1"/>
        <kerning first="46" second="101" amount="-1"/>
        <kerning first="46" second="111" amount="-1"/>
        <kerning first="46" second="116" amount="-2"/>
        <kerning first="46" second="117" amount="-1"/>
        <kerning first="46" second="118" amount="-3"/>
        <kerning first="46" second="119" amount="-2"/>
        <kerning first="46" second="121" amount="-1"/>
        <kerning first="47" second="47" amount="-6"/>
        <kerning first="47" second="48" amount="-1"/>
        <kerning first="47" second="50" amount="-1"/>
        <kerning first="47" second="52" amount="-4"/>
        <kerning first="47" second="54" amount="-2"/>
        <kerning first="47" second="56" amount="-1"/>
        <kerning first="47" second="65" amount="-4"/>
        <kerning first="47" second="67" amount="-1"/>
        <kerning first="47" second="71" amount="-1"/>
        <kerning first="47" second="74" amount="-4"/>
        <kerning first="47" second="79" amount="-1"/>
        <kerning first="47" second="97" amount="-3"/>
        <kerning first="47" second="99" amount="-3"/>
        <kerning first="47" second="101" amount="-3"/>
        <kerning first="47" second="106" amount="1"/>
        <kerning first="47" second="109" amount="-1"/>
        <kerning first="47" second="110" amount="-1"/>
        <kerning first="47" second="111" amount="-3"/>
        <kerning first="47" second="112" amount="-2"/>
        <kerning first="47" second="114" amount="-1"/>
        <kerning first="47" second="115" amount="-2"/>
        <kerning first="47" second="117" amount="-2"/>
        <kerning first="47" second="120" amount="-2"/>
        <kerning first="47" second="121" amount="-2"/>
        <kerning first="47" second="122" amount="-1"/>
        <kerning first="48" second="36" amount="-1"/>
        <kerning first="48" second="39" amount="-2"/>
        <kerning first="48" second="41" amount="-1"/>
        <kerning first="48" second="42" amount="-2"/>
        <kerning first="48" second="46" amount="-1"/>
        <kerning first="48" second="50" amount="-1"/>
        <kerning first="48" second="55" amount="-2"/>
        <kerning first="48" second="63" amount="-2"/>
        <kerning first="48" second="65" amount="-1"/>
        <kerning first="48" second="74" amount="-1"/>
        <kerning first="48" second="83" amount="-1"/>
        <kerning first="48" second="84" amount="-3"/>
        <kerning first="48" second="86" amount="-2"/>
        <kerning first="48" second="87" amount="-1"/>
        <kerning first="48" second="88" amount="-1"/>
        <kerning first="48" second="89" amount="-2"/>
        <kerning first="48" second="90" amount="-1"/>
        <kerning first="48" second="92" amount="-4"/>
        <kerning first="48" second="93" amount="-2"/>
        <kerning first="48" second="131" amount="-2"/>
        <kerning first="48" second="140" amount="-2"/>
        <kerning first="48" second="155" amount="-1"/>
        <kerning first="48" second="165" amount="-2"/>
        <kerning first="48" second="176" amount="-2"/>
        <kerning first="48" second="191" amount="-1"/>
        <kerning first="50" second="39" amount="-1"/>
        <kerning first="50" second="50" amount="-1"/>
        <kerning first="50" second="51" amount="-1"/>
        <kerning first="50" second="52" amount="-1"/>
        <kerning first="50" second="55" amount="-2"/>
        <kerning first="50" second="56" amount="-1"/>
        <kerning first="50" second="63" amount="-2"/>
        <kerning first="50" second="84" amount="-2"/>
        <kerning first="50" second="86" amount="-1"/>
        <kerning first="50" second="87" amount="-1"/>
        <kerning first="50" second="88" amount="-1"/>
        <kerning first="50" second="89" amount="-2"/>
        <kerning first="50" second="92" amount="-3"/>
        <kerning first="50" second="93" amount="-1"/>
        <kerning first="50" second="99" amount="-1"/>
        <kerning first="50" second="101" amount="-1"/>
        <kerning first="50" second="131" amount="-1"/>
        <kerning first="50" second="140" amount="-1"/>
        <kerning first="50" second="165" amount="-1"/>
        <kerning first="50" second="176" amount="-1"/>
        <kerning first="51" second="39" amount="-1"/>
        <kerning first="51" second="42" amount="-1"/>
        <kerning first="51" second="51" amount="-1"/>
        <kerning first="51" second="55" amount="-1"/>
        <kerning first="51" second="63" amount="-2"/>
        <kerning first="51" second="84" amount="-1"/>
        <kerning first="51" second="86" amount="-1"/>
        <kerning first="51" second="89" amount="-2"/>
        <kerning first="51" second="92" amount="-3"/>
        <kerning first="51" second="93" amount="-1"/>
        <kerning first="51" second="131" amount="-1"/>
        <kerning first="51" second="140" amount="-1"/>
        <kerning first="51" second="165" amount="-1"/>
        <kerning first="51" second="176" amount="-1"/>
        <kerning first="52" second="36" amount="-1"/>
        <kerning first="52" second="39" amount="-2"/>
        <kerning first="52" second="42" amount="-2"/>
        <kerning first="52" second="46" amount="-1"/>
        <kerning first="52" second="49" amount="-1"/>
        <kerning first="52" second="55" amount="-1"/>
        <kerning first="52" second="56" amount="1"/>
        <kerning first="52" second="63" amount="-2"/>
        <kerning first="52" second="84" amount="-1"/>
        <kerning first="52" second="86" amount="-2"/>
        <kerning first="52" second="87" amount="-1"/>
        <kerning first="52" second="89" amount="-2"/>
        <kerning first="52" second="92" amount="-3"/>
        <kerning first="52" second="93" amount="-1"/>
        <kerning first="52" second="128" amount="-1"/>
        <kerning first="52" second="131" amount="-2"/>
        <kerning first="52" second="140" amount="-2"/>
        <kerning first="52" second="162" amount="-1"/>
        <kerning first="52" second="165" amount="-2"/>
        <kerning first="52" second="176" amount="-2"/>
        <kerning first="53" second="39" amount="-1"/>
        <kerning first="53" second="41" amount="-1"/>
        <kerning first="53" second="42" amount="-1"/>
        <kerning first="53" second="49" amount="-1"/>
        <kerning first="53" second="50" amount="-1"/>
        <kerning first="53" second="55" amount="-1"/>
        <kerning first="53" second="57" amount="-1"/>
        <kerning first="53" second="63" amount="-2"/>
        <kerning first="53" second="84" amount="-2"/>
        <kerning first="53" second="86" amount="-1"/>
        <kerning first="53" second="87" amount="-1"/>
        <kerning first="53" second="89" amount="-2"/>
        <kerning first="53" second="92" amount="-2"/>
        <kerning first="53" second="93" amount="-1"/>
        <kerning first="53" second="128" amount="-1"/>
        <kerning first="53" second="131" amount="-1"/>
        <kerning first="53" second="140" amount="-2"/>
        <kerning first="53" second="162" amount="-1"/>
        <kerning first="53" second="165" amount="-1"/>
        <kerning first="53" second="176" amount="-2"/>
        <kerning first="54" second="36" amount="-1"/>
        <kerning first="54" second="39" amount="-1"/>
        <kerning first="54" second="42" amount="-2"/>
        <kerning first="54" second="50" amount="-1"/>
        <kerning first="54" second="55" amount="-1"/>
        <kerning first="54" second="57" amount="-1"/>
        <kerning first="54" second="63" amount="-2"/>
        <kerning first="54" second="84" amount="-2"/>
        <kerning first="54" second="86" amount="-1"/>
        <kerning first="54" second="87" amount="-1"/>
        <kerning first="54" second="89" amount="-2"/>
        <kerning first="54" second="92" amount="-3"/>
        <kerning first="54" second="128" amount="-1"/>
        <kerning first="54" second="131" amount="-1"/>
        <kerning first="54" second="140" amount="-1"/>
        <kerning first="54" second="162" amount="-1"/>
        <kerning first="54" second="165" amount="-1"/>
        <kerning first="54" second="176" amount="-1"/>
        <kerning first="55" second="36" amount="-1"/>
        <kerning first="55" second="41" amount="-1"/>
        <kerning first="55" second="45" amount="-2"/>
        <kerning first="55" second="46" amount="-4"/>
        <kerning first="55" second="47" amount="-4"/>
        <kerning first="55" second="48" amount="-1"/>
        <kerning first="55" second="52" amount="-3"/>
        <kerning first="55" second="58" amount="-1"/>
        <kerning first="55" second="59" amount="-1"/>
        <kerning first="55" second="64" amount="-1"/>
        <kerning first="55" second="65" amount="-4"/>
        <kerning first="55" second="67" amount="-1"/>
        <kerning first="55" second="71" amount="-1"/>
        <kerning first="55" second="74" amount="-4"/>
        <kerning first="55" second="79" amount="-1"/>
        <kerning first="55" second="90" amount="-1"/>
        <kerning first="55" second="97" amount="-3"/>
        <kerning first="55" second="99" amount="-2"/>
        <kerning first="55" second="101" amount="-3"/>
        <kerning first="55" second="104" amount="-1"/>
        <kerning first="55" second="109" amount="-1"/>
        <kerning first="55" second="110" amount="-1"/>
        <kerning first="55" second="111" amount="-3"/>
        <kerning first="55" second="112" amount="-1"/>
        <kerning first="55" second="114" amount="-1"/>
        <kerning first="55" second="115" amount="-1"/>
        <kerning first="55" second="117" amount="-1"/>
        <kerning first="55" second="120" amount="-1"/>
        <kerning first="55" second="121" amount="-1"/>
        <kerning first="55" second="122" amount="-1"/>
        <kerning first="55" second="128" amount="-2"/>
        <kerning first="55" second="129" amount="-2"/>
        <kerning first="55" second="155" amount="-6"/>
        <kerning first="55" second="162" amount="-2"/>
        <kerning first="55" second="163" amount="-2"/>
        <kerning first="55" second="191" amount="-6"/>
        <kerning first="56" second="39" amount="-1"/>
        <kerning first="56" second="42" amount="-1"/>
        <kerning first="56" second="50" amount="-1"/>
        <kerning first="56" second="55" amount="-1"/>
        <kerning first="56" second="63" amount="-1"/>
        <kerning first="56" second="65" amount="-1"/>
        <kerning first="56" second="84" amount="-2"/>
        <kerning first="56" second="86" amount="-2"/>
        <kerning first="56" second="87" amount="-2"/>
        <kerning first="56" second="89" amount="-2"/>
        <kerning first="56" second="92" amount="-3"/>
        <kerning first="56" second="93" amount="-1"/>
        <kerning first="56" second="131" amount="-2"/>
        <kerning first="56" second="140" amount="-1"/>
        <kerning first="56" second="165" amount="-2"/>
        <kerning first="56" second="176" amount="-1"/>
        <kerning first="57" second="36" amount="-1"/>
        <kerning first="57" second="39" amount="-2"/>
        <kerning first="57" second="41" amount="-2"/>
        <kerning first="57" second="42" amount="-1"/>
        <kerning first="57" second="46" amount="-1"/>
        <kerning first="57" second="47" amount="-1"/>
        <kerning first="57" second="50" amount="-1"/>
        <kerning first="57" second="51" amount="-1"/>
        <kerning first="57" second="55" amount="-2"/>
        <kerning first="57" second="57" amount="-1"/>
        <kerning first="57" second="63" amount="-2"/>
        <kerning first="57" second="84" amount="-3"/>
        <kerning first="57" second="86" amount="-2"/>
        <kerning first="57" second="87" amount="-1"/>
        <kerning first="57" second="88" amount="-1"/>
        <kerning first="57" second="89" amount="-3"/>
        <kerning first="57" second="90" amount="-1"/>
        <kerning first="57" second="92" amount="-4"/>
        <kerning first="57" second="93" amount="-2"/>
        <kerning first="57" second="131" amount="-2"/>
        <kerning first="57" second="140" amount="-1"/>
        <kerning first="57" second="165" amount="-2"/>
        <kerning first="57" second="176" amount="-1"/>
        <kerning first="58" second="52" amount="-1"/>
        <kerning first="58" second="55" amount="-1"/>
        <kerning first="58" second="84" amount="-3"/>
        <kerning first="58" second="86" amount="-2"/>
        <kerning first="58" second="87" amount="-1"/>
        <kerning first="58" second="89" amount="-2"/>
        <kerning first="59" second="55" amount="-1"/>
        <kerning first="59" second="84" amount="-3"/>
        <kerning first="59" second="86" amount="-2"/>
        <kerning first="59" second="87" amount="-1"/>
        <kerning first="59" second="89" amount="-3"/>
        <kerning first="63" second="50" amount="-1"/>
        <kerning first="63" second="51" amount="-2"/>
        <kerning first="63" second="52" amount="-2"/>
        <kerning first="63" second="55" amount="-1"/>
        <kerning first="63" second="56" amount="-1"/>
        <kerning first="63" second="65" amount="-3"/>
        <kerning first="63" second="74" amount="-3"/>
        <kerning first="63" second="84" amount="-1"/>
        <kerning first="63" second="86" amount="-1"/>
        <kerning first="63" second="87" amount="-1"/>
        <kerning first="63" second="88" amount="-2"/>
        <kerning first="63" second="89" amount="-2"/>
        <kerning first="63" second="90" amount="-2"/>
        <kerning first="63" second="116" amount="1"/>
        <kerning first="63" second="118" amount="1"/>
        <kerning first="63" second="119" amount="1"/>
        <kerning first="64" second="50" amount="-2"/>
        <kerning first="64" second="51" amount="-1"/>
        <kerning first="64" second="55" amount="-2"/>
        <kerning first="64" second="57" amount="-1"/>
        <kerning first="64" second="65" amount="-1"/>
        <kerning first="64" second="74" amount="-1"/>
        <kerning first="64" second="83" amount="-1"/>
        <kerning first="64" second="84" amount="-4"/>
        <kerning first="64" second="86" amount="-2"/>
        <kerning first="64" second="87" amount="-2"/>
        <kerning first="64" second="88" amount="-2"/>
        <kerning first="64" second="89" amount="-3"/>
        <kerning first="64" second="90" amount="-1"/>
        <kerning first="65" second="39" amount="-2"/>
        <kerning first="65" second="42" amount="-3"/>
        <kerning first="65" second="45" amount="-1"/>
        <kerning first="65" second="48" amount="-1"/>
        <kerning first="65" second="49" amount="-1"/>
        <kerning first="65" second="54" amount="-1"/>
        <kerning first="65" second="55" amount="-1"/>
        <kerning first="65" second="63" amount="-3"/>
        <kerning first="65" second="64" amount="-1"/>
        <kerning first="65" second="66" amount="-1"/>
        <kerning first="65" second="67" amount="-1"/>
        <kerning first="65" second="68" amount="-1"/>
        <kerning first="65" second="69" amount="-1"/>
        <kerning first="65" second="71" amount="-1"/>
        <kerning first="65" second="76" amount="-1"/>
        <kerning first="65" second="79" amount="-1"/>
        <kerning first="65" second="83" amount="-1"/>
        <kerning first="65" second="84" amount="-4"/>
        <kerning first="65" second="85" amount="-1"/>
        <kerning first="65" second="86" amount="-3"/>
        <kerning first="65" second="87" amount="-2"/>
        <kerning first="65" second="89" amount="-4"/>
        <kerning first="65" second="92" amount="-5"/>
        <kerning first="65" second="116" amount="-1"/>
        <kerning first="65" second="118" amount="-1"/>
        <kerning first="65" second="119" amount="-1"/>
        <kerning first="65" second="140" amount="-3"/>
        <kerning first="65" second="176" amount="-3"/>
        <kerning first="66" second="39" amount="-1"/>
        <kerning first="66" second="42" amount="-1"/>
        <kerning first="66" second="55" amount="-1"/>
        <kerning first="66" second="63" amount="-2"/>
        <kerning first="66" second="74" amount="1"/>
        <kerning first="66" second="84" amount="-3"/>
        <kerning first="66" second="86" amount="-2"/>
        <kerning first="66" second="87" amount="-1"/>
        <kerning first="66" second="89" amount="-3"/>
        <kerning first="66" second="92" amount="-3"/>
        <kerning first="66" second="140" amount="-1"/>
        <kerning first="66" second="176" amount="-1"/>
        <kerning first="67" second="42" amount="-1"/>
        <kerning first="67" second="52" amount="-1"/>
        <kerning first="67" second="55" amount="-1"/>
        <kerning first="67" second="63" amount="-1"/>
        <kerning first="67" second="84" amount="-1"/>
        <kerning first="67" second="86" amount="-1"/>
        <kerning first="67" second="89" amount="-2"/>
        <kerning first="67" second="92" amount="-2"/>
        <kerning first="67" second="122" amount="1"/>
        <kerning first="68" second="39" amount="-2"/>
        <kerning first="68" second="41" amount="-2"/>
        <kerning first="68" second="42" amount="-2"/>
        <kerning first="68" second="46" amount="-2"/>
        <kerning first="68" second="47" amount="-1"/>
        <kerning first="68" second="50" amount="-2"/>
        <kerning first="68" second="51" amount="-2"/>
        <kerning first="68" second="55" amount="-2"/>
        <kerning first="68" second="57" amount="-1"/>
        <kerning first="68" second="63" amount="-4"/>
        <kerning first="68" second="83" amount="-1"/>
        <kerning first="68" second="84" amount="-4"/>
        <kerning first="68" second="86" amount="-2"/>
        <kerning first="68" second="87" amount="-1"/>
        <kerning first="68" second="88" amount="-2"/>
        <kerning first="68" second="89" amount="-3"/>
        <kerning first="68" second="90" amount="-1"/>
        <kerning first="68" second="92" amount="-4"/>
        <kerning first="68" second="93" amount="-2"/>
        <kerning first="68" second="140" amount="-2"/>
        <kerning first="68" second="155" amount="-2"/>
        <kerning first="68" second="176" amount="-2"/>
        <kerning first="68" second="191" amount="-2"/>
        <kerning first="69" second="42" amount="-1"/>
        <kerning first="69" second="48" amount="-1"/>
        <kerning first="69" second="52" amount="-1"/>
        <kerning first="69" second="54" amount="-1"/>
        <kerning first="69" second="57" amount="-1"/>
        <kerning first="69" second="67" amount="-1"/>
        <kerning first="69" second="71" amount="-1"/>
        <kerning first="69" second="74" amount="-1"/>
        <kerning first="69" second="79" amount="-1"/>
        <kerning first="69" second="97" amount="-1"/>
        <kerning first="69" second="99" amount="-1"/>
        <kerning first="69" second="101" amount="-1"/>
        <kerning first="69" second="111" amount="-1"/>
        <kerning first="70" second="46" amount="-3"/>
        <kerning first="70" second="47" amount="-2"/>
        <kerning first="70" second="52" amount="-1"/>
        <kerning first="70" second="54" amount="-1"/>
        <kerning first="70" second="64" amount="-1"/>
        <kerning first="70" second="65" amount="-1"/>
        <kerning first="70" second="67" amount="-1"/>
        <kerning first="70" second="71" amount="-1"/>
        <kerning first="70" second="74" amount="-2"/>
        <kerning first="70" second="79" amount="-1"/>
        <kerning first="70" second="90" amount="-1"/>
        <kerning first="70" second="97" amount="-1"/>
        <kerning first="70" second="99" amount="-1"/>
        <kerning first="70" second="101" amount="-1"/>
        <kerning first="70" second="111" amount="-1"/>
        <kerning first="70" second="112" amount="-1"/>
        <kerning first="70" second="115" amount="-1"/>
        <kerning first="70" second="120" amount="-1"/>
        <kerning first="70" second="122" amount="-1"/>
        <kerning first="70" second="155" amount="-3"/>
        <kerning first="70" second="191" amount="-3"/>
        <kerning first="71" second="39" amount="-1"/>
        <kerning first="71" second="42" amount="-1"/>
        <kerning first="71" second="55" amount="-2"/>
        <kerning first="71" second="63" amount="-2"/>
        <kerning first="71" second="84" amount="-2"/>
        <kerning first="71" second="86" amount="-2"/>
        <kerning first="71" second="87" amount="-2"/>
        <kerning first="71" second="89" amount="-3"/>
        <kerning first="71" second="92" amount="-3"/>
        <kerning first="71" second="93" amount="-1"/>
        <kerning first="71" second="140" amount="-2"/>
        <kerning first="71" second="176" amount="-2"/>
        <kerning first="74" second="46" amount="-1"/>
        <kerning first="74" second="74" amount="-2"/>
        <kerning first="74" second="92" amount="-1"/>
        <kerning first="74" second="155" amount="-1"/>
        <kerning first="74" second="191" amount="-1"/>
        <kerning first="75" second="38" amount="-1"/>
        <kerning first="75" second="45" amount="-2"/>
        <kerning first="75" second="47" amount="1"/>
        <kerning first="75" second="48" amount="-1"/>
        <kerning first="75" second="52" amount="-2"/>
        <kerning first="75" second="54" amount="-1"/>
        <kerning first="75" second="64" amount="-1"/>
        <kerning first="75" second="67" amount="-1"/>
        <kerning first="75" second="71" amount="-1"/>
        <kerning first="75" second="74" amount="-1"/>
        <kerning first="75" second="79" amount="-1"/>
        <kerning first="75" second="97" amount="-1"/>
        <kerning first="75" second="99" amount="-1"/>
        <kerning first="75" second="101" amount="-1"/>
        <kerning first="75" second="111" amount="-1"/>
        <kerning first="76" second="38" amount="-1"/>
        <kerning first="76" second="39" amount="-3"/>
        <kerning first="76" second="41" amount="1"/>
        <kerning first="76" second="42" amount="-5"/>
        <kerning first="76" second="45" amount="-2"/>
        <kerning first="76" second="46" amount="2"/>
        <kerning first="76" second="47" amount="2"/>
        <kerning first="76" second="48" amount="-2"/>
        <kerning first="76" second="49" amount="-1"/>
        <kerning first="76" second="52" amount="-1"/>
        <kerning first="76" second="54" amount="-3"/>
        <kerning first="76" second="55" amount="-1"/>
        <kerning first="76" second="56" amount="-1"/>
        <kerning first="76" second="57" amount="-2"/>
        <kerning first="76" second="63" amount="-3"/>
        <kerning first="76" second="64" amount="-1"/>
        <kerning first="76" second="65" amount="1"/>
        <kerning first="76" second="66" amount="-1"/>
        <kerning first="76" second="67" amount="-3"/>
        <kerning first="76" second="68" amount="-1"/>
        <kerning first="76" second="69" amount="-1"/>
        <kerning first="76" second="71" amount="-3"/>
        <kerning first="76" second="74" amount="-1"/>
        <kerning first="76" second="76" amount="-1"/>
        <kerning first="76" second="79" amount="-2"/>
        <kerning first="76" second="83" amount="-1"/>
        <kerning first="76" second="84" amount="-5"/>
        <kerning first="76" second="85" amount="-2"/>
        <kerning first="76" second="86" amount="-4"/>
        <kerning first="76" second="87" amount="-3"/>
        <kerning first="76" second="89" amount="-4"/>
        <kerning first="76" second="92" amount="-7"/>
        <kerning first="76" second="93" amount="1"/>
        <kerning first="76" second="99" amount="-1"/>
        <kerning first="76" second="101" amount="-1"/>
        <kerning first="76" second="111" amount="-1"/>
        <kerning first="76" second="116" amount="-2"/>
        <kerning first="76" second="118" amount="-1"/>
        <kerning first="76" second="119" amount="-1"/>
        <kerning first="76" second="140" amount="-6"/>
        <kerning first="76" second="176" amount="-6"/>
        <kerning first="79" second="39" amount="-2"/>
        <kerning first="79" second="41" amount="-1"/>
        <kerning first="79" second="42" amount="-2"/>
        <kerning first="79" second="46" amount="-2"/>
        <kerning first="79" second="47" amount="-1"/>
        <kerning first="79" second="50" amount="-1"/>
        <kerning first="79" second="51" amount="-1"/>
        <kerning first="79" second="55" amount="-2"/>
        <kerning first="79" second="57" amount="-1"/>
        <kerning first="79" second="63" amount="-3"/>
        <kerning first="79" second="84" amount="-4"/>
        <kerning first="79" second="86" amount="-2"/>
        <kerning first="79" second="87" amount="-2"/>
        <kerning first="79" second="88" amount="-2"/>
        <kerning first="79" second="89" amount="-3"/>
        <kerning first="79" second="90" amount="-1"/>
        <kerning first="79" second="92" amount="-4"/>
        <kerning first="79" second="93" amount="-3"/>
        <kerning first="79" second="140" amount="-2"/>
        <kerning first="79" second="176" amount="-2"/>
        <kerning first="80" second="39" amount="-1"/>
        <kerning first="80" second="41" amount="-2"/>
        <kerning first="80" second="42" amount="-1"/>
        <kerning first="80" second="46" amount="-4"/>
        <kerning first="80" second="47" amount="-3"/>
        <kerning first="80" second="50" amount="-1"/>
        <kerning first="80" second="51" amount="-2"/>
        <kerning first="80" second="52" amount="-1"/>
        <kerning first="80" second="55" amount="-2"/>
        <kerning first="80" second="56" amount="-1"/>
        <kerning first="80" second="63" amount="-2"/>
        <kerning first="80" second="65" amount="-2"/>
        <kerning first="80" second="74" amount="-3"/>
        <kerning first="80" second="84" amount="-3"/>
        <kerning first="80" second="86" amount="-1"/>
        <kerning first="80" second="87" amount="-1"/>
        <kerning first="80" second="88" amount="-3"/>
        <kerning first="80" second="89" amount="-2"/>
        <kerning first="80" second="90" amount="-2"/>
        <kerning first="80" second="92" amount="-3"/>
        <kerning first="80" second="93" amount="-3"/>
        <kerning first="80" second="140" amount="-1"/>
        <kerning first="80" second="155" amount="-5"/>
        <kerning first="80" second="176" amount="-1"/>
        <kerning first="80" second="191" amount="-5"/>
        <kerning first="81" second="46" amount="1"/>
        <kerning first="82" second="39" amount="-2"/>
        <kerning first="82" second="41" amount="-1"/>
        <kerning first="82" second="42" amount="-1"/>
        <kerning first="82" second="51" amount="-1"/>
        <kerning first="82" second="52" amount="-1"/>
        <kerning first="82" second="55" amount="-1"/>
        <kerning first="82" second="63" amount="-2"/>
        <kerning first="82" second="64" amount="-1"/>
        <kerning first="82" second="74" amount="-2"/>
        <kerning first="82" second="83" amount="-1"/>
        <kerning first="82" second="84" amount="-3"/>
        <kerning first="82" second="86" amount="-2"/>
        <kerning first="82" second="87" amount="-1"/>
        <kerning first="82" second="88" amount="-1"/>
        <kerning first="82" second="89" amount="-3"/>
        <kerning first="82" second="90" amount="-1"/>
        <kerning first="82" second="92" amount="-3"/>
        <kerning first="82" second="93" amount="-1"/>
        <kerning first="82" second="140" amount="-1"/>
        <kerning first="82" second="176" amount="-1"/>
        <kerning first="83" second="39" amount="-1"/>
        <kerning first="83" second="41" amount="-1"/>
        <kerning first="83" second="42" amount="-1"/>
        <kerning first="83" second="63" amount="-2"/>
        <kerning first="83" second="84" amount="-2"/>
        <kerning first="83" second="86" amount="-1"/>
        <kerning first="83" second="87" amount="-1"/>
        <kerning first="83" second="88" amount="-1"/>
        <kerning first="83" second="89" amount="-2"/>
        <kerning first="83" second="92" amount="-2"/>
        <kerning first="83" second="93" amount="-1"/>
        <kerning first="83" second="140" amount="-1"/>
        <kerning first="83" second="176" amount="-1"/>
        <kerning first="84" second="45" amount="-2"/>
        <kerning first="84" second="46" amount="-3"/>
        <kerning first="84" second="47" amount="-2"/>
        <kerning first="84" second="52" amount="-3"/>
        <kerning first="84" second="54" amount="-1"/>
        <kerning first="84" second="58" amount="-1"/>
        <kerning first="84" second="59" amount="-1"/>
        <kerning first="84" second="64" amount="-1"/>
        <kerning first="84" second="65" amount="-3"/>
        <kerning first="84" second="67" amount="-1"/>
        <kerning first="84" second="71" amount="-1"/>
        <kerning first="84" second="74" amount="-4"/>
        <kerning first="84" second="79" amount="-1"/>
        <kerning first="84" second="84" amount="-4"/>
        <kerning first="84" second="97" amount="-3"/>
        <kerning first="84" second="99" amount="-3"/>
        <kerning first="84" second="101" amount="-3"/>
        <kerning first="84" second="109" amount="-2"/>
        <kerning first="84" second="110" amount="-2"/>
        <kerning first="84" second="111" amount="-3"/>
        <kerning first="84" second="112" amount="-2"/>
        <kerning first="84" second="114" amount="-2"/>
        <kerning first="84" second="115" amount="-2"/>
        <kerning first="84" second="117" amount="-2"/>
        <kerning first="84" second="118" amount="-1"/>
        <kerning first="84" second="119" amount="-1"/>
        <kerning first="84" second="120" amount="-2"/>
        <kerning first="84" second="121" amount="-1"/>
        <kerning first="84" second="122" amount="-1"/>
        <kerning first="84" second="155" amount="-4"/>
        <kerning first="84" second="191" amount="-4"/>
        <kerning first="85" second="41" amount="-1"/>
        <kerning first="85" second="46" amount="-1"/>
        <kerning first="85" second="63" amount="-1"/>
        <kerning first="85" second="84" amount="-1"/>
        <kerning first="85" second="86" amount="-1"/>
        <kerning first="85" second="87" amount="-1"/>
        <kerning first="85" second="88" amount="-1"/>
        <kerning first="85" second="89" amount="-1"/>
        <kerning first="85" second="90" amount="-1"/>
        <kerning first="85" second="92" amount="-2"/>
        <kerning first="85" second="93" amount="-1"/>
        <kerning first="86" second="45" amount="-1"/>
        <kerning first="86" second="46" amount="-3"/>
        <kerning first="86" second="47" amount="-2"/>
        <kerning first="86" second="52" amount="-2"/>
        <kerning first="86" second="64" amount="-1"/>
        <kerning first="86" second="65" amount="-3"/>
        <kerning first="86" second="74" amount="-3"/>
        <kerning first="86" second="97" amount="-1"/>
        <kerning first="86" second="99" amount="-1"/>
        <kerning first="86" second="101" amount="-1"/>
        <kerning first="86" second="106" amount="1"/>
        <kerning first="86" second="111" amount="-1"/>
        <kerning first="86" second="155" amount="-4"/>
        <kerning first="86" second="191" amount="-4"/>
        <kerning first="87" second="46" amount="-3"/>
        <kerning first="87" second="47" amount="-2"/>
        <kerning first="87" second="52" amount="-1"/>
        <kerning first="87" second="65" amount="-2"/>
        <kerning first="87" second="74" amount="-2"/>
        <kerning first="87" second="97" amount="-1"/>
        <kerning first="87" second="99" amount="-1"/>
        <kerning first="87" second="101" amount="-1"/>
        <kerning first="87" second="111" amount="-1"/>
        <kerning first="87" second="155" amount="-3"/>
        <kerning first="87" second="191" amount="-3"/>
        <kerning first="88" second="38" amount="-1"/>
        <kerning first="88" second="45" amount="-1"/>
        <kerning first="88" second="48" amount="-1"/>
        <kerning first="88" second="52" amount="-2"/>
        <kerning first="88" second="54" amount="-1"/>
        <kerning first="88" second="56" amount="-1"/>
        <kerning first="88" second="64" amount="-1"/>
        <kerning first="88" second="65" amount="-1"/>
        <kerning first="88" second="67" amount="-1"/>
        <kerning first="88" second="71" amount="-1"/>
        <kerning first="88" second="74" amount="-1"/>
        <kerning first="88" second="79" amount="-1"/>
        <kerning first="88" second="97" amount="-1"/>
        <kerning first="88" second="99" amount="-1"/>
        <kerning first="88" second="101" amount="-1"/>
        <kerning first="88" second="111" amount="-1"/>
        <kerning first="88" second="117" amount="-1"/>
        <kerning first="88" second="121" amount="-1"/>
        <kerning first="89" second="45" amount="-1"/>
        <kerning first="89" second="46" amount="-4"/>
        <kerning first="89" second="47" amount="-2"/>
        <kerning first="89" second="52" amount="-2"/>
        <kerning first="89" second="59" amount="-1"/>
        <kerning first="89" second="65" amount="-4"/>
        <kerning first="89" second="74" amount="-4"/>
        <kerning first="89" second="97" amount="-2"/>
        <kerning first="89" second="99" amount="-2"/>
        <kerning first="89" second="101" amount="-2"/>
        <kerning first="89" second="111" amount="-2"/>
        <kerning first="89" second="112" amount="-1"/>
        <kerning first="89" second="115" amount="-1"/>
        <kerning first="89" second="117" amount="-1"/>
        <kerning first="89" second="120" amount="-1"/>
        <kerning first="89" second="121" amount="-1"/>
        <kerning first="89" second="155" amount="-5"/>
        <kerning first="89" second="191" amount="-5"/>
        <kerning first="90" second="45" amount="-1"/>
        <kerning first="90" second="52" amount="-2"/>
        <kerning first="90" second="54" amount="-1"/>
        <kerning first="90" second="64" amount="-1"/>
        <kerning first="90" second="65" amount="-1"/>
        <kerning first="90" second="67" amount="-1"/>
        <kerning first="90" second="71" amount="-1"/>
        <kerning first="90" second="74" amount="-2"/>
        <kerning first="90" second="79" amount="-1"/>
        <kerning first="90" second="86" amount="-1"/>
        <kerning first="90" second="88" amount="-1"/>
        <kerning first="90" second="90" amount="-1"/>
        <kerning first="90" second="92" amount="-1"/>
        <kerning first="90" second="97" amount="-1"/>
        <kerning first="90" second="99" amount="-1"/>
        <kerning first="90" second="101" amount="-1"/>
        <kerning first="90" second="111" amount="-1"/>
        <kerning first="90" second="115" amount="-1"/>
        <kerning first="90" second="117" amount="-1"/>
        <kerning first="90" second="121" amount="-1"/>
        <kerning first="91" second="48" amount="-1"/>
        <kerning first="91" second="52" amount="-2"/>
        <kerning first="91" second="54" amount="-2"/>
        <kerning first="91" second="67" amount="-1"/>
        <kerning first="91" second="71" amount="-2"/>
        <kerning first="91" second="79" amount="-2"/>
        <kerning first="91" second="97" amount="-1"/>
        <kerning first="91" second="99" amount="-1"/>
        <kerning first="91" second="101" amount="-1"/>
        <kerning first="91" second="111" amount="-1"/>
        <kerning first="92" second="48" amount="-3"/>
        <kerning first="92" second="49" amount="-1"/>
        <kerning first="92" second="51" amount="-1"/>
        <kerning first="92" second="52" amount="-3"/>
        <kerning first="92" second="53" amount="-1"/>
        <kerning first="92" second="54" amount="-3"/>
        <kerning first="92" second="55" amount="-2"/>
        <kerning first="92" second="56" amount="-2"/>
        <kerning first="92" second="57" amount="-2"/>
        <kerning first="92" second="66" amount="-1"/>
        <kerning first="92" second="67" amount="-3"/>
        <kerning first="92" second="71" amount="-3"/>
        <kerning first="92" second="76" amount="-1"/>
        <kerning first="92" second="79" amount="-3"/>
        <kerning first="92" second="83" amount="-1"/>
        <kerning first="92" second="84" amount="-6"/>
        <kerning first="92" second="85" amount="-3"/>
        <kerning first="92" second="86" amount="-4"/>
        <kerning first="92" second="87" amount="-3"/>
        <kerning first="92" second="89" amount="-4"/>
        <kerning first="92" second="92" amount="-11"/>
        <kerning first="92" second="97" amount="-1"/>
        <kerning first="92" second="99" amount="-2"/>
        <kerning first="92" second="101" amount="-1"/>
        <kerning first="92" second="102" amount="-1"/>
        <kerning first="92" second="111" amount="-2"/>
        <kerning first="92" second="116" amount="-2"/>
        <kerning first="92" second="118" amount="-2"/>
        <kerning first="92" second="119" amount="-1"/>
        <kerning first="92" second="121" amount="-1"/>
        <kerning first="97" second="39" amount="-2"/>
        <kerning first="97" second="42" amount="-3"/>
        <kerning first="97" second="55" amount="-1"/>
        <kerning first="97" second="57" amount="-1"/>
        <kerning first="97" second="63" amount="-3"/>
        <kerning first="97" second="83" amount="-1"/>
        <kerning first="97" second="84" amount="-4"/>
        <kerning first="97" second="86" amount="-3"/>
        <kerning first="97" second="87" amount="-1"/>
        <kerning first="97" second="89" amount="-4"/>
        <kerning first="97" second="92" amount="-6"/>
        <kerning first="97" second="118" amount="-1"/>
        <kerning first="97" second="119" amount="-1"/>
        <kerning first="97" second="140" amount="-3"/>
        <kerning first="97" second="176" amount="-3"/>
        <kerning first="98" second="39" amount="-3"/>
        <kerning first="98" second="41" amount="-1"/>
        <kerning first="98" second="42" amount="-4"/>
        <kerning first="98" second="46" amount="-1"/>
        <kerning first="98" second="49" amount="-1"/>
        <kerning first="98" second="51" amount="-1"/>
        <kerning first="98" second="55" amount="-2"/>
        <kerning first="98" second="57" amount="-2"/>
        <kerning first="98" second="63" amount="-4"/>
        <kerning first="98" second="83" amount="-1"/>
        <kerning first="98" second="84" amount="-4"/>
        <kerning first="98" second="86" amount="-3"/>
        <kerning first="98" second="87" amount="-1"/>
        <kerning first="98" second="89" amount="-4"/>
        <kerning first="98" second="92" amount="-6"/>
        <kerning first="98" second="93" amount="-1"/>
        <kerning first="98" second="118" amount="-1"/>
        <kerning first="98" second="119" amount="-1"/>
        <kerning first="98" second="140" amount="-3"/>
        <kerning first="98" second="176" amount="-3"/>
        <kerning first="99" second="39" amount="-3"/>
        <kerning first="99" second="42" amount="-4"/>
        <kerning first="99" second="55" amount="-1"/>
        <kerning first="99" second="57" amount="-1"/>
        <kerning first="99" second="63" amount="-3"/>
        <kerning first="99" second="83" amount="-1"/>
        <kerning first="99" second="84" amount="-4"/>
        <kerning first="99" second="86" amount="-3"/>
        <kerning first="99" second="87" amount="-1"/>
        <kerning first="99" second="89" amount="-4"/>
        <kerning first="99" second="92" amount="-6"/>
        <kerning first="99" second="118" amount="-1"/>
        <kerning first="99" second="119" amount="-1"/>
        <kerning first="99" second="140" amount="-3"/>
        <kerning first="99" second="176" amount="-3"/>
        <kerning first="101" second="35" amount="-2"/>
        <kerning first="101" second="37" amount="-1"/>
        <kerning first="101" second="39" amount="-3"/>
        <kerning first="101" second="42" amount="-3"/>
        <kerning first="101" second="55" amount="-1"/>
        <kerning first="101" second="57" amount="-1"/>
        <kerning first="101" second="63" amount="-3"/>
        <kerning first="101" second="83" amount="-1"/>
        <kerning first="101" second="84" amount="-4"/>
        <kerning first="101" second="86" amount="-3"/>
        <kerning first="101" second="87" amount="-2"/>
        <kerning first="101" second="89" amount="-3"/>
        <kerning first="101" second="92" amount="-6"/>
        <kerning first="101" second="118" amount="-1"/>
        <kerning first="101" second="119" amount="-1"/>
        <kerning first="101" second="140" amount="-3"/>
        <kerning first="101" second="176" amount="-3"/>
        <kerning first="102" second="41" amount="1"/>
        <kerning first="102" second="42" amount="2"/>
        <kerning first="102" second="45" amount="-1"/>
        <kerning first="102" second="46" amount="-2"/>
        <kerning first="102" second="52" amount="-1"/>
        <kerning first="102" second="65" amount="-2"/>
        <kerning first="102" second="74" amount="-2"/>
        <kerning first="102" second="97" amount="-1"/>
        <kerning first="102" second="155" amount="-1"/>
        <kerning first="102" second="191" amount="-1"/>
        <kerning first="104" second="39" amount="-3"/>
        <kerning first="104" second="42" amount="-4"/>
        <kerning first="104" second="55" amount="-1"/>
        <kerning first="104" second="57" amount="-1"/>
        <kerning first="104" second="63" amount="-3"/>
        <kerning first="104" second="83" amount="-1"/>
        <kerning first="104" second="84" amount="-4"/>
        <kerning first="104" second="86" amount="-3"/>
        <kerning first="104" second="87" amount="-1"/>
        <kerning first="104" second="89" amount="-3"/>
        <kerning first="104" second="92" amount="-6"/>
        <kerning first="104" second="140" amount="-3"/>
        <kerning first="104" second="176" amount="-3"/>
        <kerning first="106" second="89" amount="-1"/>
        <kerning first="107" second="39" amount="-2"/>
        <kerning first="107" second="42" amount="-2"/>
        <kerning first="107" second="45" amount="-1"/>
        <kerning first="107" second="51" amount="-1"/>
        <kerning first="107" second="55" amount="-1"/>
        <kerning first="107" second="56" amount="-1"/>
        <kerning first="107" second="57" amount="-1"/>
        <kerning first="107" second="63" amount="-3"/>
        <kerning first="107" second="84" amount="-2"/>
        <kerning first="107" second="86" amount="-2"/>
        <kerning first="107" second="87" amount="-1"/>
        <kerning first="107" second="89" amount="-2"/>
        <kerning first="107" second="92" amount="-4"/>
        <kerning first="107" second="97" amount="-1"/>
        <kerning first="107" second="101" amount="-1"/>
        <kerning first="107" second="111" amount="-1"/>
        <kerning first="107" second="140" amount="-2"/>
        <kerning first="107" second="176" amount="-2"/>
        <kerning first="109" second="39" amount="-3"/>
        <kerning first="109" second="42" amount="-3"/>
        <kerning first="109" second="55" amount="-1"/>
        <kerning first="109" second="57" amount="-1"/>
        <kerning first="109" second="63" amount="-3"/>
        <kerning first="109" second="83" amount="-1"/>
        <kerning first="109" second="84" amount="-4"/>
        <kerning first="109" second="86" amount="-3"/>
        <kerning first="109" second="87" amount="-1"/>
        <kerning first="109" second="89" amount="-3"/>
        <kerning first="109" second="92" amount="-6"/>
        <kerning first="109" second="140" amount="-3"/>
        <kerning first="109" second="176" amount="-3"/>
        <kerning first="110" second="39" amount="-3"/>
        <kerning first="110" second="42" amount="-3"/>
        <kerning first="110" second="55" amount="-1"/>
        <kerning first="110" second="57" amount="-1"/>
        <kerning first="110" second="63" amount="-3"/>
        <kerning first="110" second="83" amount="-1"/>
        <kerning first="110" second="84" amount="-4"/>
        <kerning first="110" second="86" amount="-3"/>
        <kerning first="110" second="87" amount="-1"/>
        <kerning first="110" second="89" amount="-3"/>
        <kerning first="110" second="92" amount="-6"/>
        <kerning first="110" second="140" amount="-3"/>
        <kerning first="110" second="176" amount="-3"/>
        <kerning first="111" second="39" amount="-4"/>
        <kerning first="111" second="41" amount="-1"/>
        <kerning first="111" second="42" amount="-5"/>
        <kerning first="111" second="46" amount="-1"/>
        <kerning first="111" second="49" amount="-1"/>
        <kerning first="111" second="55" amount="-2"/>
        <kerning first="111" second="63" amount="-4"/>
        <kerning first="111" second="83" amount="-1"/>
        <kerning first="111" second="84" amount="-4"/>
        <kerning first="111" second="86" amount="-2"/>
        <kerning first="111" second="87" amount="-1"/>
        <kerning first="111" second="88" amount="-1"/>
        <kerning first="111" second="89" amount="-4"/>
        <kerning first="111" second="92" amount="-7"/>
        <kerning first="111" second="93" amount="-1"/>
        <kerning first="111" second="118" amount="-1"/>
        <kerning first="111" second="119" amount="-1"/>
        <kerning first="111" second="140" amount="-4"/>
        <kerning first="111" second="176" amount="-4"/>
        <kerning first="112" second="39" amount="-3"/>
        <kerning first="112" second="41" amount="-1"/>
        <kerning first="112" second="42" amount="-4"/>
        <kerning first="112" second="49" amount="-1"/>
        <kerning first="112" second="55" amount="-2"/>
        <kerning first="112" second="63" amount="-4"/>
        <kerning first="112" second="83" amount="-1"/>
        <kerning first="112" second="84" amount="-4"/>
        <kerning first="112" second="86" amount="-2"/>
        <kerning first="112" second="87" amount="-1"/>
        <kerning first="112" second="89" amount="-4"/>
        <kerning first="112" second="92" amount="-7"/>
        <kerning first="112" second="116" amount="-1"/>
        <kerning first="112" second="118" amount="-1"/>
        <kerning first="112" second="119" amount="-1"/>
        <kerning first="112" second="140" amount="-4"/>
        <kerning first="112" second="176" amount="-4"/>
        <kerning first="114" second="46" amount="-1"/>
        <kerning first="114" second="47" amount="-1"/>
        <kerning first="114" second="50" amount="-1"/>
        <kerning first="114" second="51" amount="-1"/>
        <kerning first="114" second="55" amount="-2"/>
        <kerning first="114" second="63" amount="-2"/>
        <kerning first="114" second="65" amount="-1"/>
        <kerning first="114" second="74" amount="-2"/>
        <kerning first="114" second="84" amount="-2"/>
        <kerning first="114" second="86" amount="-1"/>
        <kerning first="114" second="88" amount="-2"/>
        <kerning first="114" second="89" amount="-2"/>
        <kerning first="114" second="92" amount="-2"/>
        <kerning first="114" second="155" amount="-1"/>
        <kerning first="114" second="191" amount="-1"/>
        <kerning first="115" second="39" amount="-2"/>
        <kerning first="115" second="42" amount="-3"/>
        <kerning first="115" second="46" amount="1"/>
        <kerning first="115" second="55" amount="-1"/>
        <kerning first="115" second="57" amount="-1"/>
        <kerning first="115" second="63" amount="-3"/>
        <kerning first="115" second="84" amount="-3"/>
        <kerning first="115" second="86" amount="-2"/>
        <kerning first="115" second="87" amount="-1"/>
        <kerning first="115" second="89" amount="-3"/>
        <kerning first="115" second="92" amount="-5"/>
        <kerning first="115" second="118" amount="-1"/>
        <kerning first="115" second="119" amount="-1"/>
        <kerning first="115" second="140" amount="-2"/>
        <kerning first="115" second="176" amount="-2"/>
        <kerning first="116" second="55" amount="-1"/>
        <kerning first="116" second="56" amount="-1"/>
        <kerning first="116" second="63" amount="-2"/>
        <kerning first="116" second="84" amount="-1"/>
        <kerning first="116" second="86" amount="-1"/>
        <kerning first="116" second="89" amount="-2"/>
        <kerning first="116" second="92" amount="-2"/>
        <kerning first="116" second="97" amount="-1"/>
        <kerning first="116" second="99" amount="-1"/>
        <kerning first="116" second="116" amount="-3"/>
        <kerning first="116" second="140" amount="-1"/>
        <kerning first="116" second="176" amount="-1"/>
        <kerning first="117" second="39" amount="-1"/>
        <kerning first="117" second="42" amount="-2"/>
        <kerning first="117" second="55" amount="-1"/>
        <kerning first="117" second="63" amount="-2"/>
        <kerning first="117" second="83" amount="-1"/>
        <kerning first="117" second="84" amount="-2"/>
        <kerning first="117" second="86" amount="-1"/>
        <kerning first="117" second="88" amount="-1"/>
        <kerning first="117" second="89" amount="-2"/>
        <kerning first="117" second="92" amount="-4"/>
        <kerning first="117" second="140" amount="-2"/>
        <kerning first="117" second="176" amount="-2"/>
        <kerning first="118" second="39" amount="-1"/>
        <kerning first="118" second="41" amount="-1"/>
        <kerning first="118" second="42" amount="-2"/>
        <kerning first="118" second="46" amount="-1"/>
        <kerning first="118" second="47" amount="-1"/>
        <kerning first="118" second="50" amount="-1"/>
        <kerning first="118" second="51" amount="-1"/>
        <kerning first="118" second="55" amount="-2"/>
        <kerning first="118" second="63" amount="-3"/>
        <kerning first="118" second="65" amount="-1"/>
        <kerning first="118" second="84" amount="-3"/>
        <kerning first="118" second="86" amount="-1"/>
        <kerning first="118" second="87" amount="-1"/>
        <kerning first="118" second="88" amount="-1"/>
        <kerning first="118" second="89" amount="-3"/>
        <kerning first="118" second="92" amount="-4"/>
        <kerning first="118" second="93" amount="-1"/>
        <kerning first="118" second="140" amount="-1"/>
        <kerning first="118" second="155" amount="-1"/>
        <kerning first="118" second="176" amount="-1"/>
        <kerning first="118" second="191" amount="-1"/>
        <kerning first="119" second="39" amount="-1"/>
        <kerning first="119" second="41" amount="-1"/>
        <kerning first="119" second="42" amount="-2"/>
        <kerning first="119" second="46" amount="-1"/>
        <kerning first="119" second="50" amount="-1"/>
        <kerning first="119" second="51" amount="-1"/>
        <kerning first="119" second="55" amount="-2"/>
        <kerning first="119" second="63" amount="-3"/>
        <kerning first="119" second="84" amount="-3"/>
        <kerning first="119" second="86" amount="-1"/>
        <kerning first="119" second="87" amount="-1"/>
        <kerning first="119" second="88" amount="-1"/>
        <kerning first="119" second="89" amount="-3"/>
        <kerning first="119" second="92" amount="-4"/>
        <kerning first="119" second="93" amount="-1"/>
        <kerning first="119" second="140" amount="-1"/>
        <kerning first="119" second="155" amount="-1"/>
        <kerning first="119" second="176" amount="-1"/>
        <kerning first="119" second="191" amount="-1"/>
        <kerning first="120" second="39" amount="-2"/>
        <kerning first="120" second="41" amount="-1"/>
        <kerning first="120" second="42" amount="-2"/>
        <kerning first="120" second="52" amount="-1"/>
        <kerning first="120" second="55" amount="-1"/>
        <kerning first="120" second="56" amount="-1"/>
        <kerning first="120" second="57" amount="-1"/>
        <kerning first="120" second="63" amount="-3"/>
        <kerning first="120" second="84" amount="-2"/>
        <kerning first="120" second="86" amount="-1"/>
        <kerning first="120" second="87" amount="-1"/>
        <kerning first="120" second="89" amount="-3"/>
        <kerning first="120" second="92" amount="-4"/>
        <kerning first="120" second="101" amount="-1"/>
        <kerning first="120" second="140" amount="-1"/>
        <kerning first="120" second="176" amount="-1"/>
        <kerning first="121" second="32" amount="-1"/>
        <kerning first="121" second="34" amount="-1"/>
        <kerning first="121" second="39" amount="-1"/>
        <kerning first="121" second="42" amount="-1"/>
        <kerning first="121" second="55" amount="-1"/>
        <kerning first="121" second="63" amount="-2"/>
        <kerning first="121" second="83" amount="-1"/>
        <kerning first="121" second="84" amount="-2"/>
        <kerning first="121" second="86" amount="-1"/>
        <kerning first="121" second="88" amount="-1"/>
        <kerning first="121" second="89" amount="-3"/>
        <kerning first="121" second="92" amount="-4"/>
        <kerning first="121" second="140" amount="-2"/>
        <kerning first="121" second="160" amount="-1"/>
        <kerning first="121" second="176" amount="-2"/>
        <kerning first="122" second="37" amount="-1"/>
        <kerning first="122" second="39" amount="-1"/>
        <kerning first="122" second="42" amount="-2"/>
        <kerning first="122" second="55" amount="-1"/>
        <kerning first="122" second="63" amount="-3"/>
        <kerning first="122" second="83" amount="-1"/>
        <kerning first="122" second="84" amount="-3"/>
        <kerning first="122" second="86" amount="-2"/>
        <kerning first="122" second="89" amount="-3"/>
        <kerning first="122" second="92" amount="-4"/>
        <kerning first="122" second="140" amount="-2"/>
        <kerning first="122" second="176" amount="-2"/>
        <kerning first="124" second="34" amount="-1"/>
        <kerning first="124" second="36" amount="-1"/>
        <kerning first="124" second="37" amount="-1"/>
        <kerning first="128" second="50" amount="-1"/>
        <kerning first="128" second="55" amount="-2"/>
        <kerning first="129" second="55" amount="-1"/>
        <kerning first="131" second="32" amount="-2"/>
        <kerning first="131" second="160" amount="-2"/>
        <kerning first="132" second="35" amount="-3"/>
        <kerning first="133" second="34" amount="-2"/>
        <kerning first="135" second="37" amount="-2"/>
        <kerning first="136" second="36" amount="1"/>
        <kerning first="140" second="38" amount="-2"/>
        <kerning first="140" second="52" amount="-2"/>
        <kerning first="140" second="65" amount="-3"/>
        <kerning first="140" second="74" amount="-3"/>
        <kerning first="140" second="89" amount="-1"/>
        <kerning first="140" second="97" amount="-1"/>
        <kerning first="140" second="102" amount="1"/>
        <kerning first="140" second="111" amount="-1"/>
        <kerning first="140" second="116" amount="1"/>
        <kerning first="141" second="32" amount="-1"/>
        <kerning first="141" second="34" amount="-1"/>
        <kerning first="141" second="37" amount="-1"/>
        <kerning first="141" second="160" amount="-1"/>
        <kerning first="142" second="35" amount="-1"/>
        <kerning first="142" second="37" amount="-1"/>
        <kerning first="145" second="37" amount="-1"/>
        <kerning first="147" second="37" amount="-1"/>
        <kerning first="155" second="51" amount="-1"/>
        <kerning first="155" second="55" amount="-1"/>
        <kerning first="155" second="57" amount="-1"/>
        <kerning first="155" second="67" amount="-1"/>
        <kerning first="155" second="71" amount="-1"/>
        <kerning first="155" second="79" amount="-1"/>
        <kerning first="155" second="83" amount="-1"/>
        <kerning first="155" second="84" amount="-3"/>
        <kerning first="155" second="86" amount="-1"/>
        <kerning first="155" second="87" amount="-1"/>
        <kerning first="155" second="89" amount="-3"/>
        <kerning first="155" second="97" amount="-1"/>
        <kerning first="155" second="99" amount="-1"/>
        <kerning first="155" second="101" amount="-1"/>
        <kerning first="155" second="106" amount="1"/>
        <kerning first="155" second="111" amount="-1"/>
        <kerning first="162" second="50" amount="-1"/>
        <kerning first="162" second="55" amount="-2"/>
        <kerning first="163" second="55" amount="-1"/>
        <kerning first="165" second="32" amount="-2"/>
        <kerning first="165" second="160" amount="-2"/>
        <kerning first="166" second="35" amount="-3"/>
        <kerning first="167" second="34" amount="-2"/>
        <kerning first="169" second="37" amount="-2"/>
        <kerning first="170" second="36" amount="1"/>
        <kerning first="172" second="34" amount="-1"/>
        <kerning first="176" second="38" amount="-2"/>
        <kerning first="176" second="52" amount="-2"/>
        <kerning first="176" second="65" amount="-3"/>
        <kerning first="176" second="74" amount="-3"/>
        <kerning first="176" second="89" amount="-1"/>
        <kerning first="176" second="97" amount="-1"/>
        <kerning first="176" second="102" amount="1"/>
        <kerning first="176" second="111" amount="-1"/>
        <kerning first="176" second="116" amount="1"/>
        <kerning first="177" second="32" amount="-1"/>
        <kerning first="177" second="34" amount="-1"/>
        <kerning first="177" second="37" amount="-1"/>
        <kerning first="177" second="160" amount="-1"/>
        <kerning first="178" second="35" amount="-1"/>
        <kerning first="178" second="37" amount="-1"/>
        <kerning first="181" second="37" amount="-1"/>
        <kerning first="183" second="37" amount="-1"/>
        <kerning first="191" second="51" amount="-1"/>
        <kerning first="191" second="55" amount="-1"/>
        <kerning first="191" second="57" amount="-1"/>
        <kerning first="191" second="67" amount="-1"/>
        <kerning first="191" second="71" amount="-1"/>
        <kerning first="191" second="79" amount="-1"/>
        <kerning first="191" second="83" amount="-1"/>
        <kerning first="191" second="84" amount="-3"/>
        <kerning first="191" second="86" amount="-1"/>
        <kerning first="191" second="87" amount="-1"/>
        <kerning first="191" second="89" amount="-3"/>
        <kerning first="191" second="97" amount="-1"/>
        <kerning first="191" second="99" amount="-1"/>
        <kerning first="191" second="101" amount="-1"/>
        <kerning first="191" second="106" amount="1"/>
        <kerning first="191" second="111" amount="-1"/>
        <kerning first="197" second="32" amount="-2"/>
        <kerning first="197" second="160" amount="-2"/>
        <kerning first="198" second="35" amount="-3"/>
        <kerning first="199" second="34" amount="-2"/>
        <kerning first="201" second="37" amount="-2"/>
        <kerning first="202" second="32" amount="1"/>
        <kerning first="202" second="160" amount="1"/>
        <kerning first="203" second="36" amount="1"/>
        <kerning first="227" second="35" amount="-2"/>
        <kerning first="227" second="37" amount="-2"/>
        <kerning first="228" second="35" amount="-1"/>
        <kerning first="229" second="34" amount="-1"/>
        <kerning first="230" second="34" amount="-3"/>
        <kerning first="230" second="36" amount="-2"/>
        <kerning first="230" second="37" amount="-1"/>
        <kerning first="230" second="38" amount="-1"/>
        <kerning first="236" second="38" amount="-3"/>
        <kerning first="237" second="32" amount="-2"/>
        <kerning first="237" second="33" amount="-1"/>
        <kerning first="237" second="34" amount="-3"/>
        <kerning first="237" second="35" amount="-1"/>
        <kerning first="237" second="36" amount="-1"/>
        <kerning first="237" second="37" amount="-2"/>
        <kerning first="237" second="160" amount="-2"/>
        <kerning first="238" second="36" amount="-1"/>
        <kerning first="238" second="37" amount="-3"/>
        <kerning first="238" second="38" amount="-1"/>
        <kerning first="240" second="33" amount="-1"/>
        <kerning first="240" second="34" amount="-5"/>
        <kerning first="240" second="35" amount="-3"/>
        <kerning first="240" second="36" amount="-4"/>
        <kerning first="240" second="37" amount="-3"/>
        <kerning first="241" second="37" amount="-1"/>
        <kerning first="243" second="36" amount="-2"/>
        <kerning first="243" second="37" amount="-1"/>
        <kerning first="243" second="38" amount="-3"/>
        <kerning first="246" second="37" amount="-6"/>
        <kerning first="246" second="38" amount="-1"/>
        <kerning first="247" second="32" amount="-4"/>
        <kerning first="247" second="34" amount="-2"/>
        <kerning first="247" second="36" amount="-1"/>
        <kerning first="247" second="160" amount="-4"/>
        <kerning first="248" second="35" amount="-4"/>
        <kerning first="248" second="37" amount="-1"/>
        <kerning first="249" second="34" amount="-4"/>
        <kerning first="251" second="37" amount="-3"/>
        <kerning first="252" second="36" amount="1"/>
        <kerning first="253" second="32" amount="-2"/>
        <kerning first="253" second="34" amount="-1"/>
        <kerning first="253" second="35" amount="-2"/>
        <kerning first="253" second="37" amount="-2"/>
        <kerning first="253" second="160" amount="-2"/>
        <kerning first="254" second="32" amount="-1"/>
        <kerning first="254" second="160" amount="-1"/>
    </kernings>
</font>