<?xml version="1.0" encoding="UTF-8" standalone="no"?>
<!--Created using Glyph Designer - http://www.71squared.com/glyphdesigner-->
<font>
    <info face="ahkio_90_orange_endgame" size="90" bold="0" italic="0" chasrset="" unicode="0" stretchH="100" smooth="1" aa="1" padding="0,0,0,0" spacing="2,2"/>
    <common lineHeight="105" base="85" scaleW="256" scaleH="256" pages="1" packed="0"/>
    <pages>
        <page id="0" file="ahkio_90_orange_endgame.png"/>
    </pages>
    <chars count="12">
        <char id="32" x="128" y="156" width="0" height="0" xoffset="0" yoffset="89" xadvance="13" page="0" chnl="0" letter="space"/>
        <char id="44" x="97" y="156" width="29" height="37" xoffset="-5" yoffset="61" xadvance="16" page="0" chnl="0" letter=","/>
        <char id="48" x="63" y="2" width="58" height="75" xoffset="-0" yoffset="14" xadvance="45" page="0" chnl="0" letter="0"/>
        <char id="49" x="58" y="156" width="37" height="75" xoffset="2" yoffset="14" xadvance="24" page="0" chnl="0" letter="1"/>
        <char id="50" x="123" y="2" width="58" height="75" xoffset="-3" yoffset="14" xadvance="42" page="0" chnl="0" letter="2"/>
        <char id="51" x="2" y="79" width="56" height="75" xoffset="-2" yoffset="14" xadvance="41" page="0" chnl="0" letter="3"/>
        <char id="52" x="183" y="2" width="58" height="75" xoffset="-3" yoffset="14" xadvance="44" page="0" chnl="0" letter="4"/>
        <char id="53" x="2" y="156" width="54" height="75" xoffset="-2" yoffset="14" xadvance="40" page="0" chnl="0" letter="5"/>
        <char id="54" x="176" y="79" width="55" height="75" xoffset="-0" yoffset="14" xadvance="42" page="0" chnl="0" letter="6"/>
        <char id="55" x="60" y="79" width="56" height="75" xoffset="0" yoffset="14" xadvance="40" page="0" chnl="0" letter="7"/>
        <char id="56" x="2" y="2" width="59" height="75" xoffset="-2" yoffset="14" xadvance="44" page="0" chnl="0" letter="8"/>
        <char id="57" x="118" y="79" width="56" height="75" xoffset="-1" yoffset="14" xadvance="43" page="0" chnl="0" letter="9"/>
    </chars>
    <kernings count="32">
        <kerning first="48" second="50" amount="-2"/>
        <kerning first="48" second="51" amount="-1"/>
        <kerning first="48" second="55" amount="-4"/>
        <kerning first="48" second="57" amount="-1"/>
        <kerning first="50" second="50" amount="-1"/>
        <kerning first="50" second="51" amount="-1"/>
        <kerning first="50" second="52" amount="-1"/>
        <kerning first="50" second="55" amount="-3"/>
        <kerning first="50" second="56" amount="-1"/>
        <kerning first="51" second="50" amount="-1"/>
        <kerning first="51" second="51" amount="-1"/>
        <kerning first="51" second="55" amount="-2"/>
        <kerning first="52" second="49" amount="-1"/>
        <kerning first="52" second="50" amount="-1"/>
        <kerning first="52" second="55" amount="-1"/>
        <kerning first="52" second="56" amount="1"/>
        <kerning first="53" second="49" amount="-1"/>
        <kerning first="53" second="50" amount="-1"/>
        <kerning first="53" second="55" amount="-1"/>
        <kerning first="53" second="57" amount="-1"/>
        <kerning first="54" second="50" amount="-1"/>
        <kerning first="54" second="55" amount="-2"/>
        <kerning first="54" second="57" amount="-1"/>
        <kerning first="55" second="48" amount="-1"/>
        <kerning first="55" second="52" amount="-5"/>
        <kerning first="56" second="50" amount="-1"/>
        <kerning first="56" second="55" amount="-2"/>
        <kerning first="56" second="57" amount="-1"/>
        <kerning first="57" second="50" amount="-2"/>
        <kerning first="57" second="51" amount="-1"/>
        <kerning first="57" second="55" amount="-3"/>
        <kerning first="57" second="57" amount="-1"/>
    </kernings>
</font>