{"frames": {

"force_plateform1.png":
{
	"frame": {"x":2,"y":305,"w":234,"h":151},
	"rotated": false,
	"trimmed": false,
	"spriteSourceSize": {"x":0,"y":0,"w":234,"h":151},
	"sourceSize": {"w":234,"h":151}
},
"force_plateform2.png":
{
	"frame": {"x":2,"y":2,"w":251,"h":182},
	"rotated": false,
	"trimmed": false,
	"spriteSourceSize": {"x":0,"y":0,"w":251,"h":182},
	"sourceSize": {"w":251,"h":182}
},
"force_plateform3.png":
{
	"frame": {"x":2,"y":186,"w":239,"h":117},
	"rotated": false,
	"trimmed": false,
	"spriteSourceSize": {"x":0,"y":0,"w":239,"h":117},
	"sourceSize": {"w":239,"h":117}
},
"force_plateform4.png":
{
	"frame": {"x":2,"y":458,"w":165,"h":204},
	"rotated": false,
	"trimmed": false,
	"spriteSourceSize": {"x":0,"y":0,"w":165,"h":204},
	"sourceSize": {"w":165,"h":204}
},
"force_plateform5.png":
{
	"frame": {"x":2,"y":664,"w":127,"h":178},
	"rotated": false,
	"trimmed": true,
	"spriteSourceSize": {"x":0,"y":0,"w":127,"h":178},
	"sourceSize": {"w":134,"h":178}
},
"force_rock1.png":
{
	"frame": {"x":223,"y":545,"w":20,"h":24},
	"rotated": false,
	"trimmed": false,
	"spriteSourceSize": {"x":0,"y":0,"w":20,"h":24},
	"sourceSize": {"w":20,"h":24}
},
"force_rock2.png":
{
	"frame": {"x":238,"y":305,"w":15,"h":13},
	"rotated": false,
	"trimmed": false,
	"spriteSourceSize": {"x":0,"y":0,"w":15,"h":13},
	"sourceSize": {"w":15,"h":13}
},
"force_rock3.png":
{
	"frame": {"x":169,"y":517,"w":31,"h":29},
	"rotated": false,
	"trimmed": false,
	"spriteSourceSize": {"x":0,"y":0,"w":31,"h":29},
	"sourceSize": {"w":31,"h":29}
},
"leaf1.png":
{
	"frame": {"x":223,"y":571,"w":16,"h":6},
	"rotated": false,
	"trimmed": false,
	"spriteSourceSize": {"x":0,"y":0,"w":16,"h":6},
	"sourceSize": {"w":16,"h":6}
},
"leaf2.png":
{
	"frame": {"x":238,"y":320,"w":12,"h":13},
	"rotated": false,
	"trimmed": false,
	"spriteSourceSize": {"x":0,"y":0,"w":12,"h":13},
	"sourceSize": {"w":12,"h":13}
},
"leaf3.png":
{
	"frame": {"x":169,"y":498,"w":33,"h":17},
	"rotated": false,
	"trimmed": true,
	"spriteSourceSize": {"x":0,"y":0,"w":33,"h":17},
	"sourceSize": {"w":34,"h":17}
},
"leaf4.png":
{
	"frame": {"x":223,"y":517,"w":21,"h":26},
	"rotated": false,
	"trimmed": true,
	"spriteSourceSize": {"x":0,"y":0,"w":21,"h":26},
	"sourceSize": {"w":22,"h":26}
},
"leaf5.png":
{
	"frame": {"x":223,"y":458,"w":23,"h":57},
	"rotated": false,
	"trimmed": false,
	"spriteSourceSize": {"x":0,"y":0,"w":23,"h":57},
	"sourceSize": {"w":23,"h":57}
},
"plant1.png":
{
	"frame": {"x":131,"y":664,"w":90,"h":38},
	"rotated": false,
	"trimmed": false,
	"spriteSourceSize": {"x":0,"y":0,"w":90,"h":38},
	"sourceSize": {"w":90,"h":38}
},
"plant2.png":
{
	"frame": {"x":169,"y":458,"w":48,"h":38},
	"rotated": false,
	"trimmed": false,
	"spriteSourceSize": {"x":0,"y":0,"w":48,"h":38},
	"sourceSize": {"w":48,"h":38}
}},
"meta": {
	"app": "http://www.codeandweb.com/texturepacker",
	"version": "1.0",
	"image": "force_assets@0.5x.png",
	"format": "RGBA8888",
	"size": {"w":255,"h":844},
	"scale": "0.5",
	"smartupdate": "$TexturePacker:SmartUpdate:a58319f6310e2a24ffb3c869d4350388:5ded34b7061d799fcd1ad11a0bf14a2c:3fbef60b876a4e23064147cc6439e94d$"
}
}
