{"frames": {

"foreground1_cave.png":
{
	"frame": {"x":207,"y":105,"w":35,"h":125},
	"rotated": false,
	"trimmed": true,
	"spriteSourceSize": {"x":0,"y":0,"w":35,"h":125},
	"sourceSize": {"w":35,"h":124}
},
"foreground1_tree.png":
{
	"frame": {"x":259,"y":385,"w":187,"h":77},
	"rotated": false,
	"trimmed": true,
	"spriteSourceSize": {"x":0,"y":0,"w":187,"h":77},
	"sourceSize": {"w":187,"h":76}
},
"foreground2_cave.png":
{
	"frame": {"x":256,"y":103,"w":259,"h":78},
	"rotated": false,
	"trimmed": true,
	"spriteSourceSize": {"x":2,"y":2,"w":259,"h":78},
	"sourceSize": {"w":263,"h":80}
},
"foreground2_ground.png":
{
	"frame": {"x":2,"y":105,"w":160,"h":118},
	"rotated": false,
	"trimmed": true,
	"spriteSourceSize": {"x":0,"y":0,"w":160,"h":118},
	"sourceSize": {"w":159,"h":117}
},
"foreground2_tree.png":
{
	"frame": {"x":259,"y":464,"w":200,"h":44},
	"rotated": false,
	"trimmed": true,
	"spriteSourceSize": {"x":0,"y":0,"w":200,"h":44},
	"sourceSize": {"w":199,"h":44}
},
"foreground3_cave.png":
{
	"frame": {"x":164,"y":105,"w":41,"h":125},
	"rotated": false,
	"trimmed": true,
	"spriteSourceSize": {"x":0,"y":0,"w":41,"h":125},
	"sourceSize": {"w":41,"h":125}
},
"foreground3_ground.png":
{
	"frame": {"x":244,"y":183,"w":256,"h":43},
	"rotated": false,
	"trimmed": true,
	"spriteSourceSize": {"x":0,"y":0,"w":256,"h":43},
	"sourceSize": {"w":256,"h":42}
},
"foreground3_tree.png":
{
	"frame": {"x":152,"y":232,"w":241,"h":60},
	"rotated": false,
	"trimmed": true,
	"spriteSourceSize": {"x":1,"y":0,"w":241,"h":60},
	"sourceSize": {"w":242,"h":60}
},
"foreground4_cave.png":
{
	"frame": {"x":2,"y":225,"w":91,"h":161},
	"rotated": false,
	"trimmed": true,
	"spriteSourceSize": {"x":0,"y":0,"w":91,"h":161},
	"sourceSize": {"w":90,"h":161}
},
"foreground4_ground.png":
{
	"frame": {"x":2,"y":468,"w":218,"h":39},
	"rotated": false,
	"trimmed": true,
	"spriteSourceSize": {"x":0,"y":1,"w":218,"h":39},
	"sourceSize": {"w":218,"h":40}
},
"foreground4_tree.png":
{
	"frame": {"x":95,"y":307,"w":197,"h":76},
	"rotated": false,
	"trimmed": true,
	"spriteSourceSize": {"x":0,"y":0,"w":197,"h":76},
	"sourceSize": {"w":197,"h":76}
},
"foreground5_cave.png":
{
	"frame": {"x":256,"y":2,"w":238,"h":99},
	"rotated": false,
	"trimmed": true,
	"spriteSourceSize": {"x":0,"y":0,"w":238,"h":99},
	"sourceSize": {"w":238,"h":98}
},
"foreground6_cave.png":
{
	"frame": {"x":2,"y":2,"w":252,"h":101},
	"rotated": false,
	"trimmed": true,
	"spriteSourceSize": {"x":0,"y":0,"w":252,"h":101},
	"sourceSize": {"w":253,"h":100}
},
"foregroundup1_ground.png":
{
	"frame": {"x":95,"y":225,"w":55,"h":80},
	"rotated": false,
	"trimmed": true,
	"spriteSourceSize": {"x":0,"y":0,"w":55,"h":80},
	"sourceSize": {"w":55,"h":80}
},
"foregroundup2_ground.png":
{
	"frame": {"x":448,"y":355,"w":49,"h":84},
	"rotated": false,
	"trimmed": true,
	"spriteSourceSize": {"x":0,"y":0,"w":49,"h":84},
	"sourceSize": {"w":49,"h":84}
},
"foregroundup2_tree.png":
{
	"frame": {"x":461,"y":441,"w":55,"h":56},
	"rotated": false,
	"trimmed": true,
	"spriteSourceSize": {"x":0,"y":0,"w":55,"h":56},
	"sourceSize": {"w":55,"h":56}
},
"foregroundup3_ground.png":
{
	"frame": {"x":429,"y":293,"w":69,"h":60},
	"rotated": false,
	"trimmed": true,
	"spriteSourceSize": {"x":0,"y":0,"w":69,"h":60},
	"sourceSize": {"w":69,"h":60}
},
"foregroundup3_tree.png":
{
	"frame": {"x":294,"y":294,"w":133,"h":80},
	"rotated": false,
	"trimmed": true,
	"spriteSourceSize": {"x":0,"y":0,"w":133,"h":80},
	"sourceSize": {"w":133,"h":80}
},
"foregroundup4_ground.png":
{
	"frame": {"x":395,"y":228,"w":118,"h":63},
	"rotated": false,
	"trimmed": true,
	"spriteSourceSize": {"x":0,"y":0,"w":118,"h":63},
	"sourceSize": {"w":117,"h":62}
},
"foregroundup4_tree.png":
{
	"frame": {"x":2,"y":388,"w":255,"h":78},
	"rotated": false,
	"trimmed": true,
	"spriteSourceSize": {"x":0,"y":0,"w":255,"h":78},
	"sourceSize": {"w":254,"h":79}
}},
"meta": {
	"app": "http://www.codeandweb.com/texturepacker",
	"version": "1.0",
	"image": "foreground_assets@0.25x.png",
	"format": "RGBA8888",
	"size": {"w":518,"h":510},
	"scale": "0.25",
	"smartupdate": "$TexturePacker:SmartUpdate:3905fda5074b6a7f7ade4c23dabac1b6:de19c0c634092298aed50fed8c5a758e:e54143fea9762cec82f1b168b2475403$"
}
}
