{"skeleton":{"hash":"/KTJGLjV3cwFpCQCqJKHqonPq8c","spine":"2.1.27","width":192.88,"height":495.71,"images":"./../"},"bones":[{"name":"hip","y":247.47},{"name":"front_thigh","parent":"hip","length":74.8,"x":-6.15,"y":-14.83,"rotation":-95.51,"color":"00ff04ff"},{"name":"rear_thigh","parent":"hip","length":85.71,"x":8.91,"y":-5.62,"rotation":-72.54,"color":"ff000dff"},{"name":"torso","parent":"hip","length":127.55,"x":-1.61,"y":4.9,"rotation":103.82,"color":"e0da19ff"},{"name":"Bag","parent":"torso","x":25,"y":43.65,"color":"e0da19ff"},{"name":"front_shin","parent":"front_thigh","length":128.76,"x":106.67,"y":4.39,"rotation":-2.21,"inheritScale":false,"color":"00ff04ff"},{"name":"front_upper_arm","parent":"torso","length":69.45,"x":98.13,"y":7.34,"rotation":168.37,"color":"00ff04ff"},{"name":"hipBone","parent":"torso","x":-6.06,"y":15.98,"color":"e0da19ff"},{"name":"neck","parent":"torso","length":25.45,"x":127.49,"y":-0.3,"rotation":-31.53,"color":"e0da19ff"},{"name":"rear_shin","parent":"rear_thigh","length":121.87,"x":102.07,"y":-5.44,"rotation":-19.83,"color":"ff000dff"},{"name":"rear_upper_arm","parent":"torso","length":51.93,"x":92.35,"y":-19.22,"rotation":-169.55,"color":"ff000dff"},{"name":"front_bracer","parent":"front_upper_arm","length":40.57,"x":62.82,"y":-4.37,"rotation":1.8,"color":"00ff04ff"},{"name":"front_foot","parent":"front_shin","length":76.89,"x":113.63,"y":11.18,"rotation":83.46,"color":"00ff04ff"},{"name":"head","parent":"neck","length":263.57,"x":13.72,"y":-5.5,"rotation":22.85,"color":"e0da19ff"},{"name":"rear_bracer","parent":"rear_upper_arm","length":34.55,"x":51.35,"rotation":23.15,"color":"ff000dff"},{"name":"rear_foot","parent":"rear_shin","length":82.57,"x":121.45,"y":-0.75,"scaleX":1.006,"scaleY":1.006,"rotation":69.3,"color":"ff000dff"},{"name":"yoda_bod","parent":"Bag","length":39.87,"x":68.85,"y":30.7,"rotation":-26.74,"color":"e0da19ff"},{"name":"front_fist","parent":"front_bracer","length":65.38,"x":45.5,"y":-6.34,"rotation":12.43,"color":"00ff04ff"},{"name":"rear_fist","parent":"rear_bracer","length":43.1,"x":46.16,"y":6.01,"rotation":18.72,"color":"ff000dff"},{"name":"yoda_arm","parent":"yoda_bod","length":28.76,"x":36.35,"y":15.12,"rotation":-116.02,"color":"e0da19ff"},{"name":"yoda_head","parent":"yoda_bod","length":70.57,"x":43.89,"y":0.75,"rotation":29.2,"color":"e0da19ff"},{"name":"yoda_forearm","parent":"yoda_arm","length":37.67,"x":24.39,"y":-2.59,"rotation":54.37,"color":"e0da19ff"},{"name":"yoda_hand","parent":"yoda_forearm","length":42.95,"x":39.83,"y":-1.57,"rotation":-14.14,"color":"e0da19ff"}],"slots":[{"name":"rear_upper_arm","bone":"rear_upper_arm","attachment":"ArmL"},{"name":"rear_fist","bone":"rear_fist","attachment":"HandL"},{"name":"rear_bracer","bone":"rear_bracer","attachment":"ForearmL"},{"name":"rear_foot","bone":"rear_foot","attachment":"FootL"},{"name":"rear_shin","bone":"rear_shin","attachment":"ShinL"},{"name":"kneeL","bone":"rear_shin","attachment":"TrouserfoldL"},{"name":"rear_thigh","bone":"rear_thigh","attachment":"LegL"},{"name":"yoda_body","bone":"yoda_bod","attachment":"Yodabody"},{"name":"bag","bone":"Bag","attachment":"Bag"},{"name":"eye","bone":"head"},{"name":"front_foot","bone":"front_foot","attachment":"FootR"},{"name":"front_shin","bone":"front_shin","attachment":"ShinR"},{"name":"kneeR","bone":"front_shin","attachment":"TrouserfoldR"},{"name":"front_thigh","bone":"front_thigh","attachment":"LegR"},{"name":"hipbone","bone":"hipBone","attachment":"Thigh"},{"name":"torso","bone":"torso","attachment":"Torso"},{"name":"neck","bone":"neck","attachment":"Neck"},{"name":"face","bone":"head","attachment":"Head"},{"name":"hair","bone":"head","attachment":"Hair"},{"name":"mouth","bone":"head"},{"name":"head-bb","bone":"head","attachment":"head"},{"name":"yoda_head","bone":"yoda_head","attachment":"Yodahead"},{"name":"yoda_arm","bone":"yoda_arm","attachment":"Yodaarm"},{"name":"yoda_hand","bone":"yoda_hand","attachment":"Yodahand"},{"name":"yoda_forearm","bone":"yoda_forearm","attachment":"Yodaforearm"},{"name":"front_upper_arm","bone":"front_upper_arm","attachment":"ArmR"},{"name":"front_fist","bone":"front_fist","attachment":"HandR"},{"name":"front_bracer","bone":"front_bracer","attachment":"ForearmR"},{"name":"X-Wing/torso","bone":"hip"}],"skins":{"default":{"head-bb":{"head":{"type":"boundingbox","vertices":[-19.14309,-70.30209,40.80313,-118.07423,257.77155,-115.61827,285.16193,57.18005,120.77191,164.95125,-5.06762,76.94907]}}},"luke_default":{"bag":{"Bag":{"x":19.77,"y":30.6,"scaleX":0.295,"scaleY":0.295,"rotation":-78.29,"width":357,"height":390}},"face":{"Head":{"x":42.06,"y":-15.06,"scaleX":0.257,"scaleY":0.257,"rotation":-95.47,"width":300,"height":347}},"front_bracer":{"ForearmR":{"x":23.66,"y":-4.56,"scaleX":0.274,"scaleY":0.274,"rotation":82.98,"width":166,"height":293}},"front_fist":{"HandR":{"x":26.05,"y":-3.87,"scaleX":0.284,"scaleY":0.284,"rotation":80.44,"width":203,"height":172}},"front_foot":{"FootR":{"x":32.61,"y":7.07,"scaleX":0.25,"scaleY":0.25,"rotation":18.68,"width":368,"height":238}},"front_shin":{"ShinR":{"x":60.87,"y":8.72,"scaleX":0.265,"scaleY":0.265,"rotation":96.59,"width":239,"height":636}},"front_thigh":{"LegR":{"x":42.47,"y":4.44,"scaleX":0.271,"scaleY":0.271,"rotation":84.86,"width":267,"height":522}},"front_upper_arm":{"ArmR":{"x":30.76,"y":0.79,"scaleX":0.271,"scaleY":0.271,"rotation":87.79,"width":190,"height":350}},"hair":{"Hair":{"x":54.45,"y":-2.22,"scaleX":0.273,"scaleY":0.273,"rotation":-95.47,"width":364,"height":371}},"hipbone":{"Thigh":{"x":-5.44,"y":0.93,"scaleX":0.243,"scaleY":0.243,"rotation":-103.82,"width":256,"height":199}},"kneeL":{"TrouserfoldL":{"x":-5.61,"y":0.63,"scaleX":0.28,"scaleY":0.28,"rotation":96.81,"width":203,"height":184}},"kneeR":{"TrouserfoldR":{"x":-3.09,"y":-1.39,"scaleX":0.275,"scaleY":0.275,"rotation":93.04,"width":201,"height":183}},"neck":{"Neck":{"x":9.76,"y":-3.01,"scaleX":0.281,"scaleY":0.281,"rotation":-55.22,"width":202,"height":182}},"rear_bracer":{"ForearmL":{"x":26.25,"y":4.83,"scaleX":0.246,"scaleY":0.246,"rotation":99.49,"width":181,"height":283}},"rear_fist":{"HandL":{"x":23.35,"y":4.66,"scaleX":0.251,"scaleY":0.251,"rotation":79.22,"width":207,"height":174}},"rear_foot":{"FootL":{"x":17.35,"y":9.98,"scaleX":0.254,"scaleY":0.254,"rotation":23.07,"width":389,"height":226}},"rear_shin":{"ShinL":{"x":64.17,"y":1.82,"scaleX":0.249,"scaleY":0.249,"rotation":81.87,"width":235,"height":638}},"rear_thigh":{"LegL":{"x":46.81,"y":-3.87,"scaleX":0.25,"scaleY":0.25,"rotation":93.49,"width":246,"height":528}},"rear_upper_arm":{"ArmL":{"x":29.5,"y":0.2,"scaleX":0.255,"scaleY":0.255,"rotation":89.32,"width":190,"height":346}},"torso":{"Torso":{"x":67.72,"y":-1.02,"scaleX":0.296,"scaleY":0.296,"rotation":-94.53,"width":296,"height":492}},"yoda_arm":{"Yodaarm":{"x":17.75,"y":-1.75,"scaleX":0.265,"scaleY":0.265,"rotation":38.94,"width":160,"height":153}},"yoda_body":{"Yodabody":{"x":17.05,"y":1.92,"scaleX":0.263,"scaleY":0.263,"rotation":-56.79,"width":268,"height":213}},"yoda_forearm":{"Yodaforearm":{"x":18.79,"y":-15.69,"scaleX":0.292,"scaleY":0.292,"rotation":-5.57,"width":162,"height":175}},"yoda_hand":{"Yodahand":{"x":20.98,"y":4.71,"scaleX":0.332,"scaleY":0.332,"rotation":-1.29,"width":163,"height":86}},"yoda_head":{"Yodahead":{"x":33.67,"y":8.02,"scaleX":0.291,"scaleY":0.291,"rotation":-97.31,"width":409,"height":299}}},"luke_jedi":{"face":{"Head":{"name":"Blacksuit/head","x":28.67,"y":-45.74,"scaleX":0.257,"scaleY":0.257,"rotation":-95.47,"width":262,"height":340}},"front_bracer":{"ForearmR":{"name":"Blacksuit/forearmR","x":23.66,"y":-4.56,"scaleX":0.274,"scaleY":0.274,"rotation":82.98,"width":174,"height":289}},"front_fist":{"HandR":{"name":"Blacksuit/handR","x":30.18,"y":-3.49,"scaleX":0.27,"scaleY":0.27,"rotation":78.24,"width":213,"height":285}},"front_foot":{"FootR":{"name":"Blacksuit/footR","x":15.67,"y":6.77,"scaleX":0.25,"scaleY":0.25,"rotation":18.68,"width":354,"height":205}},"front_shin":{"ShinR":{"name":"Blacksuit/shinR","x":59.81,"y":-8.36,"scaleX":0.265,"scaleY":0.265,"rotation":96.59,"width":215,"height":604}},"front_thigh":{"LegR":{"name":"Blacksuit/legR","x":36.51,"y":-16.5,"scaleX":0.271,"scaleY":0.271,"rotation":84.86,"width":250,"height":456}},"front_upper_arm":{"ArmR":{"name":"Blacksuit/armR","x":30.76,"y":0.79,"scaleX":0.271,"scaleY":0.271,"rotation":87.79,"width":182,"height":332}},"hair":{"Hair":{"name":"Blacksuit/hair","x":40.97,"y":-26.27,"scaleX":0.273,"scaleY":0.273,"rotation":-95.47,"width":371,"height":367}},"hipbone":{"Thigh":{"name":"Blacksuit/thigh","x":-9.36,"y":-5.27,"scaleX":0.243,"scaleY":0.243,"rotation":-93.05,"width":449,"height":338}},"kneeL":{"TrouserfoldL":{"name":"Blacksuit/trouserfoldL","x":-3.43,"y":-19.57,"scaleX":0.28,"scaleY":0.28,"rotation":96.81,"width":180,"height":124}},"kneeR":{"TrouserfoldR":{"name":"Blacksuit/trouserfoldR","x":-2.14,"y":-15.65,"scaleX":0.275,"scaleY":0.275,"rotation":97.25,"width":180,"height":124}},"neck":{"Neck":{"name":"Blacksuit/neck","x":22.6,"y":-15.27,"scaleX":0.281,"scaleY":0.281,"rotation":-81.41,"width":179,"height":329}},"rear_bracer":{"ForearmL":{"name":"Blacksuit/forearmL","x":25.92,"y":-2.98,"scaleX":0.246,"scaleY":0.246,"rotation":99.49,"width":182,"height":286}},"rear_fist":{"HandL":{"name":"Blacksuit/handL","x":22.62,"y":-1.15,"scaleX":0.251,"scaleY":0.251,"rotation":79.22,"width":217,"height":290}},"rear_foot":{"FootL":{"name":"Blacksuit/footL","x":-2.4,"y":13.61,"scaleX":0.254,"scaleY":0.254,"rotation":23.07,"width":358,"height":201}},"rear_shin":{"ShinL":{"name":"Blacksuit/shinL","x":57.17,"y":-21.08,"scaleX":0.249,"scaleY":0.249,"rotation":81.87,"width":209,"height":604}},"rear_thigh":{"LegL":{"name":"Blacksuit/legL","x":33.15,"y":-20.85,"scaleX":0.25,"scaleY":0.25,"rotation":93.49,"width":212,"height":467}},"rear_upper_arm":{"ArmL":{"name":"Blacksuit/armL","x":29.5,"y":0.2,"scaleX":0.255,"scaleY":0.255,"rotation":89.32,"width":177,"height":332}},"torso":{"Torso":{"name":"Blacksuit/torso","x":67.72,"y":-1.02,"scaleX":0.296,"scaleY":0.296,"rotation":-94.53,"width":303,"height":488}}},"luke_xwing":{"face":{"Head":{"name":"X-Wing/head","x":35.44,"y":-16.79,"scaleX":0.257,"scaleY":0.257,"rotation":-95.47,"width":330,"height":355}},"front_bracer":{"ForearmR":{"name":"X-Wing/forearmR","x":23.6,"y":-5.43,"scaleX":0.274,"scaleY":0.274,"rotation":82.98,"width":171,"height":290}},"front_fist":{"HandR":{"name":"X-Wing/handR","x":24.93,"y":-7.66,"scaleX":0.284,"scaleY":0.284,"rotation":75.94,"width":210,"height":285}},"front_foot":{"FootR":{"name":"X-Wing/footR","x":19.38,"y":9.7,"scaleX":0.25,"scaleY":0.25,"rotation":18.68,"width":349,"height":208}},"front_shin":{"ShinR":{"name":"X-Wing/shinR","x":66.23,"y":3.41,"scaleX":0.265,"scaleY":0.265,"rotation":96.59,"width":237,"height":499}},"front_thigh":{"LegR":{"name":"X-Wing/legR","x":42.47,"y":4.44,"scaleX":0.271,"scaleY":0.271,"rotation":84.86,"width":251,"height":514}},"front_upper_arm":{"ArmR":{"name":"X-Wing/armR","x":30.76,"y":0.79,"scaleX":0.271,"scaleY":0.271,"rotation":87.79,"width":183,"height":334}},"hair":{"Hair":{"name":"X-Wing/hair","x":47.84,"y":-3.94,"scaleX":0.273,"scaleY":0.273,"rotation":-95.47,"width":370,"height":368}},"hipbone":{"Thigh":{"name":"X-Wing/thigh","x":-6.83,"y":-4.7,"scaleX":0.243,"scaleY":0.243,"rotation":-96.61,"width":394,"height":251}},"kneeL":{"TrouserfoldL":{"name":"X-Wing/trouserfoldL","x":-3.15,"y":-2.74,"scaleX":0.28,"scaleY":0.28,"rotation":96.81,"width":233,"height":167}},"kneeR":{"TrouserfoldR":{"name":"X-Wing/trouserfoldR","x":-0.47,"y":-3.38,"scaleX":0.275,"scaleY":0.275,"rotation":97.25,"width":267,"height":265}},"neck":{"Neck":{"name":"X-Wing/neck","x":4.34,"y":-7.17,"scaleX":0.281,"scaleY":0.281,"rotation":-55.22,"width":176,"height":173}},"rear_bracer":{"ForearmL":{"name":"X-Wing/forearmL","x":26.25,"y":4.83,"scaleX":0.246,"scaleY":0.246,"rotation":99.49,"width":191,"height":288}},"rear_fist":{"HandL":{"name":"X-Wing/handL","x":25.23,"y":0.41,"scaleX":0.251,"scaleY":0.251,"rotation":79.22,"width":213,"height":279}},"rear_foot":{"FootL":{"name":"X-Wing/footL","x":19.14,"y":13.47,"scaleX":0.254,"scaleY":0.254,"rotation":23.07,"width":350,"height":208}},"rear_shin":{"ShinL":{"name":"X-Wing/shinL","x":64.17,"y":1.82,"scaleX":0.249,"scaleY":0.249,"rotation":81.87,"width":237,"height":602}},"rear_thigh":{"LegL":{"name":"X-Wing/legL","x":46.81,"y":-3.87,"scaleX":0.25,"scaleY":0.25,"rotation":93.49,"width":258,"height":490}},"rear_upper_arm":{"ArmL":{"name":"X-Wing/armL","x":29.5,"y":0.2,"scaleX":0.255,"scaleY":0.255,"rotation":89.32,"width":184,"height":334}},"torso":{"Torso":{"name":"X-Wing/torso","x":67.72,"y":-1.02,"scaleX":0.296,"scaleY":0.296,"rotation":-94.53,"width":365,"height":533}}}},"events":{"footstep":{},"headAttach":{"int":3,"float":4},"headBehind":{"int":5,"float":6,"string":"setup"},"headPop":{"int":1,"float":2}},"animations":{"crouch":{"bones":{"front_shin":{"rotate":[{"time":0,"angle":-132.19}],"translate":[{"time":0,"x":-15.92,"y":-6.9}]},"front_foot":{"rotate":[{"time":0,"angle":24.4}],"translate":[{"time":0,"x":12.3,"y":-4}]},"front_thigh":{"rotate":[{"time":0,"angle":108.93}]},"rear_thigh":{"rotate":[{"time":0,"angle":57.15}]},"rear_shin":{"rotate":[{"time":0,"angle":-111.01}],"translate":[{"time":0,"x":-26.38,"y":-0.05}]},"rear_foot":{"rotate":[{"time":0,"angle":50.55}]},"torso":{"rotate":[{"time":0,"angle":-45.15}]},"head":{"rotate":[{"time":0,"angle":44.61}],"translate":[{"time":0,"x":-10.5,"y":-8.47}]},"yoda_bod":{"rotate":[{"time":0,"angle":38.72}]},"yoda_arm":{"rotate":[{"time":0,"angle":-15.41}]},"Bag":{"translate":[{"time":0,"x":-7.65,"y":-14.13}]},"hip":{"translate":[{"time":0,"x":-41.65,"y":-118.01}]},"front_upper_arm":{"rotate":[{"time":0,"angle":-343}]},"rear_upper_arm":{"rotate":[{"time":0,"angle":28.2}]},"rear_bracer":{"rotate":[{"time":0,"angle":14.51}]},"neck":{"translate":[{"time":0,"x":15.2,"y":-6.44}]}}},"fall":{"bones":{"torso":{"rotate":[{"time":0,"angle":-47.51},{"time":1.3333,"angle":-63.15}],"translate":[{"time":0,"x":0,"y":0}],"scale":[{"time":0,"x":1,"y":1}]},"front_thigh":{"rotate":[{"time":0,"angle":20.98},{"time":1.3333,"angle":4.33}],"translate":[{"time":0,"x":0,"y":0},{"time":1.3333,"x":-9.05,"y":5.18}],"scale":[{"time":0,"x":1,"y":1}]},"front_shin":{"rotate":[{"time":0,"angle":-31.23}],"translate":[{"time":0,"x":-19.01,"y":-8.99}],"scale":[{"time":0,"x":1,"y":1}]},"front_foot":{"rotate":[{"time":0,"angle":24.63},{"time":1.3333,"angle":-2.29}],"translate":[{"time":0,"x":8.38,"y":-3.42},{"time":1.3333,"x":2.54,"y":4.87}],"scale":[{"time":0,"x":0.989,"y":0.989}]},"head":{"rotate":[{"time":0,"angle":0.79}],"translate":[{"time":0,"x":-4.17,"y":-0.84}],"scale":[{"time":0,"x":1,"y":1}]},"yoda_bod":{"rotate":[{"time":0,"angle":-21.65},{"time":1.3333,"angle":-1.89}],"translate":[{"time":0,"x":-9.78,"y":-4.16}],"scale":[{"time":0,"x":1,"y":1}]},"yoda_arm":{"rotate":[{"time":0,"angle":1.59},{"time":1.3333,"angle":-8.72}],"translate":[{"time":0,"x":0,"y":0}],"scale":[{"time":0,"x":1,"y":1}]},"Bag":{"rotate":[{"time":0,"angle":5.32}],"translate":[{"time":0,"x":44.1,"y":-2.44}],"scale":[{"time":0,"x":1,"y":1}]},"yoda_forearm":{"rotate":[{"time":0,"angle":-15.1}],"translate":[{"time":0,"x":0,"y":0}],"scale":[{"time":0,"x":1,"y":1}]},"yoda_hand":{"rotate":[{"time":0,"angle":12.12}],"translate":[{"time":0,"x":0,"y":0}],"scale":[{"time":0,"x":1,"y":1}]},"yoda_head":{"rotate":[{"time":0,"angle":-2.33},{"time":1.3333,"angle":-20.24}],"translate":[{"time":0,"x":0,"y":0}],"scale":[{"time":0,"x":1,"y":1}]},"rear_thigh":{"rotate":[{"time":0,"angle":32.3},{"time":1.3333,"angle":1.94}],"translate":[{"time":0,"x":0,"y":0}],"scale":[{"time":0,"x":1,"y":1}]},"rear_shin":{"rotate":[{"time":0,"angle":-64.25},{"time":1.3333,"angle":-37.29}],"translate":[{"time":0,"x":0,"y":0}],"scale":[{"time":0,"x":1,"y":1}]},"rear_foot":{"rotate":[{"time":0,"angle":-27.42},{"time":1.3333,"angle":12.13}],"translate":[{"time":0,"x":-5.72,"y":0.13}],"scale":[{"time":0,"x":1,"y":1}]},"rear_upper_arm":{"rotate":[{"time":0,"angle":7.23},{"time":1.3333,"angle":311.5}],"translate":[{"time":0,"x":0,"y":0}],"scale":[{"time":0,"x":1,"y":1}]},"rear_bracer":{"rotate":[{"time":0,"angle":-23.51}],"translate":[{"time":0,"x":5.45,"y":4.34}],"scale":[{"time":0,"x":1,"y":1}]},"front_bracer":{"rotate":[{"time":0,"angle":48.73}],"translate":[{"time":0,"x":-0.7,"y":6.72}],"scale":[{"time":0,"x":1,"y":1}]},"front_upper_arm":{"rotate":[{"time":0,"angle":-68.85},{"time":1.3333,"angle":-78.64}],"translate":[{"time":0,"x":0,"y":0}],"scale":[{"time":0,"x":1,"y":1}]},"rear_fist":{"rotate":[{"time":0,"angle":20.81}],"translate":[{"time":0,"x":0,"y":0}],"scale":[{"time":0,"x":1,"y":1}]},"hip":{"rotate":[{"time":0,"angle":46.5}],"translate":[{"time":0,"x":0,"y":0}],"scale":[{"time":0,"x":1,"y":1}]},"hipBone":{"rotate":[{"time":0,"angle":0}],"translate":[{"time":0,"x":0,"y":0}],"scale":[{"time":0,"x":1,"y":1}]},"neck":{"rotate":[{"time":0,"angle":0}],"translate":[{"time":0,"x":16.32,"y":-8.06}],"scale":[{"time":0,"x":1,"y":1}]},"front_fist":{"rotate":[{"time":0,"angle":0}],"translate":[{"time":0,"x":0,"y":0}],"scale":[{"time":0,"x":1,"y":1}]}}},"flip":{"bones":{"front_shin":{"rotate":[{"time":0,"angle":-148.11,"curve":"stepped"},{"time":1.6666,"angle":-148.11}],"translate":[{"time":0,"x":-15.92,"y":-6.9,"curve":"stepped"},{"time":1.6666,"x":-15.92,"y":-6.9}]},"front_foot":{"rotate":[{"time":0,"angle":24.4,"curve":"stepped"},{"time":1.6666,"angle":24.4}],"translate":[{"time":0,"x":12.3,"y":-4,"curve":"stepped"},{"time":1.6666,"x":12.3,"y":-4}]},"front_thigh":{"rotate":[{"time":0,"angle":108.93,"curve":"stepped"},{"time":1.6666,"angle":108.93}],"translate":[{"time":0,"x":-2.26,"y":12.48,"curve":"stepped"},{"time":1.6666,"x":-2.26,"y":12.48}]},"rear_thigh":{"rotate":[{"time":0,"angle":111.93,"curve":"stepped"},{"time":1.6666,"angle":111.93}]},"rear_shin":{"rotate":[{"time":0,"angle":-111.01,"curve":"stepped"},{"time":1.6666,"angle":-111.01}],"translate":[{"time":0,"x":-26.38,"y":-0.05,"curve":"stepped"},{"time":1.6666,"x":-26.38,"y":-0.05}]},"rear_foot":{"rotate":[{"time":0,"angle":11.44,"curve":"stepped"},{"time":1.6666,"angle":11.44}]},"torso":{"rotate":[{"time":0,"angle":-45.15,"curve":"stepped"},{"time":1.6666,"angle":-45.15}]},"head":{"rotate":[{"time":0,"angle":-43.01}],"translate":[{"time":0,"x":-2.28,"y":1.52}]},"yoda_bod":{"rotate":[{"time":0,"angle":38.72,"curve":"stepped"},{"time":1.6666,"angle":38.72}]},"yoda_arm":{"rotate":[{"time":0,"angle":-27.46,"curve":"stepped"},{"time":1.6666,"angle":-27.46}]},"Bag":{"translate":[{"time":0,"x":-7.65,"y":-14.13,"curve":"stepped"},{"time":1.6666,"x":-7.65,"y":-14.13}]},"hip":{"translate":[{"time":0,"x":-41.65,"y":-118.01,"curve":"stepped"},{"time":1.6666,"x":-41.65,"y":-118.01}]},"front_upper_arm":{"rotate":[{"time":0,"angle":-343,"curve":"stepped"},{"time":1.6666,"angle":-343}]},"rear_upper_arm":{"rotate":[{"time":0,"angle":-4.53,"curve":"stepped"},{"time":1.6666,"angle":-4.53}]},"rear_bracer":{"rotate":[{"time":0,"angle":14.51,"curve":"stepped"},{"time":1.6666,"angle":14.51}]},"front_bracer":{"rotate":[{"time":0,"angle":81.21,"curve":"stepped"},{"time":1.6666,"angle":81.21}],"translate":[{"time":0,"x":-5.17,"y":9.72,"curve":"stepped"},{"time":1.6666,"x":-5.17,"y":9.72}]},"yoda_head":{"rotate":[{"time":0,"angle":-77.08,"curve":"stepped"},{"time":1.6666,"angle":-77.08}],"translate":[{"time":0,"x":-7.81,"y":-5.14,"curve":"stepped"},{"time":1.6666,"x":-7.81,"y":-5.14}]},"rear_fist":{"rotate":[{"time":0,"angle":36.11,"curve":"stepped"},{"time":1.6666,"angle":36.11}]},"neck":{"translate":[{"time":0,"x":17.87,"y":-11.38}]}}},"jump":{"bones":{"torso":{"rotate":[{"time":0,"angle":-39.02,"curve":"stepped"},{"time":1.3333,"angle":-39.02}],"translate":[{"time":0,"x":0,"y":0,"curve":"stepped"},{"time":1.3333,"x":0,"y":0}],"scale":[{"time":1.3333,"x":1,"y":1}]},"front_thigh":{"rotate":[{"time":0,"angle":74.04},{"time":1.3333,"angle":99.54}],"translate":[{"time":0,"x":0,"y":0,"curve":"stepped"},{"time":1.3333,"x":0,"y":0}],"scale":[{"time":1.3333,"x":1,"y":1}]},"front_shin":{"rotate":[{"time":0,"angle":-129.23,"curve":"stepped"},{"time":1.3333,"angle":-129.23}],"translate":[{"time":0,"x":-16.18,"y":-21.13},{"time":1.3333,"x":-14.47,"y":-21.32}],"scale":[{"time":1.3333,"x":1,"y":1}]},"front_foot":{"rotate":[{"time":0,"angle":-24.81},{"time":1.3333,"angle":-1.78}],"translate":[{"time":0,"x":0,"y":0},{"time":1.3333,"x":-0.14,"y":0}],"scale":[{"time":1.3333,"x":1,"y":1}]},"head":{"rotate":[{"time":0,"angle":37.49},{"time":1.3333,"angle":59.77}],"translate":[{"time":0,"x":-8.52,"y":-2.91},{"time":1.3333,"x":-2.63,"y":-17.16}],"scale":[{"time":1.3333,"x":1,"y":1}]},"yoda_bod":{"rotate":[{"time":0,"angle":-21.65},{"time":1.3333,"angle":-8.25}],"translate":[{"time":0,"x":0,"y":0,"curve":"stepped"},{"time":1.3333,"x":0,"y":0}],"scale":[{"time":1.3333,"x":1,"y":1}]},"yoda_arm":{"rotate":[{"time":0,"angle":27.53},{"time":1.3333,"angle":17.6}],"translate":[{"time":0,"x":0,"y":0,"curve":"stepped"},{"time":1.3333,"x":0,"y":0}],"scale":[{"time":1.3333,"x":1,"y":1}]},"Bag":{"rotate":[{"time":0,"angle":21.99,"curve":"stepped"},{"time":1.3333,"angle":21.99}],"translate":[{"time":0,"x":9.9,"y":-9.95},{"time":1.3333,"x":1.74,"y":-7.82}],"scale":[{"time":1.3333,"x":1,"y":1}]},"yoda_forearm":{"rotate":[{"time":0,"angle":-15.1,"curve":"stepped"},{"time":1.3333,"angle":-15.1}],"translate":[{"time":0,"x":0,"y":0,"curve":"stepped"},{"time":1.3333,"x":0,"y":0}],"scale":[{"time":1.3333,"x":1,"y":1}]},"yoda_hand":{"rotate":[{"time":0,"angle":12.12,"curve":"stepped"},{"time":1.3333,"angle":12.12}],"translate":[{"time":0,"x":0,"y":0,"curve":"stepped"},{"time":1.3333,"x":0,"y":0}],"scale":[{"time":1.3333,"x":1,"y":1}]},"yoda_head":{"rotate":[{"time":0,"angle":24.92,"curve":"stepped"},{"time":1.3333,"angle":24.92}],"translate":[{"time":0,"x":0,"y":0,"curve":"stepped"},{"time":1.3333,"x":0,"y":0}],"scale":[{"time":1.3333,"x":1,"y":1}]},"rear_thigh":{"rotate":[{"time":0,"angle":-16.03},{"time":1.3333,"angle":-40.36}],"translate":[{"time":0,"x":0,"y":0,"curve":"stepped"},{"time":1.3333,"x":0,"y":0}],"scale":[{"time":1.3333,"x":1,"y":1}]},"rear_shin":{"rotate":[{"time":0,"angle":-12.43,"curve":"stepped"},{"time":1.3333,"angle":-12.43}],"translate":[{"time":0,"x":0,"y":0,"curve":"stepped"},{"time":1.3333,"x":0,"y":0}],"scale":[{"time":1.3333,"x":1,"y":1}]},"rear_foot":{"rotate":[{"time":0,"angle":-22.66},{"time":1.3333,"angle":-40.77}],"translate":[{"time":0,"x":1.29,"y":-6.23},{"time":1.3333,"x":10.01,"y":-7.8}],"scale":[{"time":1.3333,"x":1,"y":1}]},"rear_upper_arm":{"rotate":[{"time":0,"angle":21.44},{"time":1.3333,"angle":56.73}],"translate":[{"time":0,"x":0,"y":0,"curve":"stepped"},{"time":1.3333,"x":0,"y":0}],"scale":[{"time":1.3333,"x":1,"y":1}]},"rear_bracer":{"rotate":[{"time":0,"angle":63.09,"curve":"stepped"},{"time":1.3333,"angle":63.09}],"translate":[{"time":0,"x":1.98,"y":-7.21},{"time":1.3333,"x":-0.18,"y":-1.92}],"scale":[{"time":1.3333,"x":1,"y":1}]},"front_bracer":{"rotate":[{"time":0,"angle":-7.99},{"time":1.3333,"angle":8.07}],"translate":[{"time":0,"x":-2.95,"y":-0.13},{"time":1.3333,"x":-3.65,"y":0.68}],"scale":[{"time":1.3333,"x":1,"y":1}]},"front_upper_arm":{"rotate":[{"time":0,"angle":-7.68},{"time":1.3333,"angle":-43.01}],"translate":[{"time":0,"x":0,"y":0,"curve":"stepped"},{"time":1.3333,"x":0,"y":0}],"scale":[{"time":1.3333,"x":1,"y":1}]},"rear_fist":{"rotate":[{"time":0,"angle":15.15},{"time":1.3333,"angle":10.96}],"translate":[{"time":0,"x":0.83,"y":-4.47},{"time":1.3333,"x":2.51,"y":-1.87}],"scale":[{"time":1.3333,"x":1,"y":1}]},"hip":{"rotate":[{"time":0,"angle":0,"curve":"stepped"},{"time":1.3333,"angle":0}],"translate":[{"time":0,"x":0,"y":0,"curve":"stepped"},{"time":1.3333,"x":0,"y":0}],"scale":[{"time":1.3333,"x":1,"y":1}]},"hipBone":{"rotate":[{"time":0,"angle":0,"curve":"stepped"},{"time":1.3333,"angle":0}],"translate":[{"time":0,"x":0,"y":0,"curve":"stepped"},{"time":1.3333,"x":0,"y":0}],"scale":[{"time":1.3333,"x":1,"y":1}]},"neck":{"rotate":[{"time":0,"angle":0,"curve":"stepped"},{"time":1.3333,"angle":0}],"translate":[{"time":0,"x":16.93,"y":-8.12},{"time":1.3333,"x":17.76,"y":-8.53}],"scale":[{"time":1.3333,"x":1,"y":1}]},"front_fist":{"rotate":[{"time":0,"angle":0},{"time":1.3333,"angle":-7.97}],"translate":[{"time":0,"x":0,"y":0,"curve":"stepped"},{"time":1.3333,"x":0,"y":0}],"scale":[{"time":1.3333,"x":1,"y":1}]}}},"knockdown":{"bones":{"torso":{"rotate":[{"time":0,"angle":-59.71},{"time":0.3333,"angle":-90.32},{"time":0.6666,"angle":-22.29},{"time":0.7666,"angle":-12.77},{"time":0.9333,"angle":-22.29,"curve":"stepped"},{"time":1.1666,"angle":-22.29}],"translate":[{"time":0,"x":0,"y":0},{"time":0.3333,"x":17.65,"y":-11.23},{"time":0.6666,"x":-5.57,"y":-7.03,"curve":"stepped"},{"time":0.9333,"x":-5.57,"y":-7.03,"curve":"stepped"},{"time":1.1666,"x":-5.57,"y":-7.03}],"scale":[{"time":0,"x":1,"y":1,"curve":"stepped"},{"time":0.3333,"x":1,"y":1}]},"front_thigh":{"rotate":[{"time":0,"angle":8.78},{"time":0.1666,"angle":58.38},{"time":0.3333,"angle":55.71},{"time":0.6666,"angle":64.72},{"time":0.7666,"angle":85.45},{"time":0.8666,"angle":64.72}],"translate":[{"time":0,"x":-13.29,"y":7.53},{"time":0.3333,"x":8,"y":3.71},{"time":0.6666,"x":-6.2,"y":2.85,"curve":"stepped"},{"time":0.8666,"x":-6.2,"y":2.85}],"scale":[{"time":0,"x":1,"y":1,"curve":"stepped"},{"time":0.3333,"x":1,"y":1}]},"front_shin":{"rotate":[{"time":0,"angle":-43.43},{"time":0.3333,"angle":-9.05},{"time":0.6666,"angle":-35.03},{"time":0.7666,"angle":-50.45},{"time":0.8666,"angle":-35.03}],"translate":[{"time":0,"x":-19.01,"y":-8.99,"curve":"stepped"},{"time":0.3333,"x":-19.01,"y":-8.99}],"scale":[{"time":0,"x":1,"y":1,"curve":"stepped"},{"time":0.3333,"x":1,"y":1}]},"front_foot":{"rotate":[{"time":0,"angle":12.43},{"time":0.3333,"angle":11.72},{"time":0.6666,"angle":-9.56},{"time":0.8666,"angle":1.89}],"translate":[{"time":0,"x":1.98,"y":-0.38},{"time":0.3333,"x":8.38,"y":-3.42},{"time":0.6666,"x":2.63,"y":-4.16}],"scale":[{"time":0,"x":0.989,"y":0.989,"curve":"stepped"},{"time":0.3333,"x":0.989,"y":0.989}]},"head":{"rotate":[{"time":0,"angle":28.23},{"time":0.3333,"angle":-35.72},{"time":0.6666,"angle":-30.38,"curve":"stepped"},{"time":0.8666,"angle":-30.38}],"translate":[{"time":0,"x":-5.86,"y":-0.05},{"time":0.3333,"x":7.95,"y":2.2},{"time":0.6666,"x":2.34,"y":2.63}],"scale":[{"time":0,"x":1,"y":1,"curve":"stepped"},{"time":0.3333,"x":1,"y":1}]},"yoda_bod":{"rotate":[{"time":0,"angle":25.63},{"time":0.2,"angle":-2.36},{"time":0.3333,"angle":-21.65}],"translate":[{"time":0,"x":-9.78,"y":-4.16,"curve":"stepped"},{"time":0.3333,"x":-9.78,"y":-4.16}],"scale":[{"time":0,"x":1,"y":1,"curve":"stepped"},{"time":0.3333,"x":1,"y":1}]},"yoda_arm":{"rotate":[{"time":0,"angle":-10.6},{"time":0.3333,"angle":1.59}],"translate":[{"time":0,"x":0,"y":0,"curve":"stepped"},{"time":0.3333,"x":0,"y":0}],"scale":[{"time":0,"x":1,"y":1,"curve":"stepped"},{"time":0.3333,"x":1,"y":1}]},"Bag":{"rotate":[{"time":0,"angle":-6.87},{"time":0.3333,"angle":5.32}],"translate":[{"time":0,"x":44.1,"y":-2.44,"curve":"stepped"},{"time":0.3333,"x":44.1,"y":-2.44}],"scale":[{"time":0,"x":1,"y":1,"curve":"stepped"},{"time":0.3333,"x":1,"y":1}]},"yoda_forearm":{"rotate":[{"time":0,"angle":-27.3},{"time":0.3333,"angle":-15.1}],"translate":[{"time":0,"x":0,"y":0,"curve":"stepped"},{"time":0.3333,"x":0,"y":0}],"scale":[{"time":0,"x":1,"y":1,"curve":"stepped"},{"time":0.3333,"x":1,"y":1}]},"yoda_hand":{"rotate":[{"time":0,"angle":-0.07},{"time":0.3333,"angle":12.12}],"translate":[{"time":0,"x":0,"y":0,"curve":"stepped"},{"time":0.3333,"x":0,"y":0}],"scale":[{"time":0,"x":1,"y":1,"curve":"stepped"},{"time":0.3333,"x":1,"y":1}]},"yoda_head":{"rotate":[{"time":0,"angle":-14.53},{"time":0.3333,"angle":-19.79},{"time":0.6666,"angle":-13.61,"curve":"stepped"},{"time":0.8666,"angle":-13.61}],"translate":[{"time":0,"x":0,"y":0,"curve":"stepped"},{"time":0.3333,"x":0,"y":0}],"scale":[{"time":0,"x":1,"y":1,"curve":"stepped"},{"time":0.3333,"x":1,"y":1}]},"rear_thigh":{"rotate":[{"time":0,"angle":20.1},{"time":0.3333,"angle":39.26},{"time":0.6666,"angle":64.5,"curve":"stepped"},{"time":0.8666,"angle":64.5}],"translate":[{"time":0,"x":0,"y":0,"curve":"stepped"},{"time":0.3333,"x":0,"y":0},{"time":0.6666,"x":-0.49,"y":15.27,"curve":"stepped"},{"time":0.8666,"x":-0.49,"y":15.27}],"scale":[{"time":0,"x":1,"y":1,"curve":"stepped"},{"time":0.3333,"x":1,"y":1}]},"rear_shin":{"rotate":[{"time":0,"angle":-76.45},{"time":0.1666,"angle":29.33},{"time":0.3333,"angle":18.63},{"time":0.6666,"angle":-89.95},{"time":0.7666,"angle":-66.44},{"time":0.8666,"angle":-89.95}],"translate":[{"time":0,"x":-4.72,"y":-8.21},{"time":0.1666,"x":-6.22,"y":8.01},{"time":0.3333,"x":0,"y":0},{"time":0.6666,"x":4.14,"y":-15.85}],"scale":[{"time":0,"x":1,"y":1,"curve":"stepped"},{"time":0.3333,"x":1,"y":1}]},"rear_foot":{"rotate":[{"time":0,"angle":-5.3},{"time":0.3333,"angle":-27.42},{"time":0.6666,"angle":-19.52,"curve":"stepped"},{"time":0.8666,"angle":-19.52}],"translate":[{"time":0,"x":-2.8,"y":0.13},{"time":0.3333,"x":-5.72,"y":0.13},{"time":0.6666,"x":-0.12,"y":1.7}],"scale":[{"time":0,"x":1,"y":1,"curve":"stepped"},{"time":0.3333,"x":1,"y":1}]},"rear_upper_arm":{"rotate":[{"time":0,"angle":-4.96},{"time":0.1666,"angle":98.11},{"time":0.3333,"angle":114.28},{"time":0.6666,"angle":3.73},{"time":0.8666,"angle":308.11}],"translate":[{"time":0,"x":0,"y":0,"curve":"stepped"},{"time":0.3333,"x":0,"y":0}],"scale":[{"time":0,"x":1,"y":1,"curve":"stepped"},{"time":0.3333,"x":1,"y":1}]},"rear_bracer":{"rotate":[{"time":0,"angle":-35.71},{"time":0.3333,"angle":-23.51}],"translate":[{"time":0,"x":5.45,"y":4.34,"curve":"stepped"},{"time":0.3333,"x":5.45,"y":4.34}],"scale":[{"time":0,"x":1,"y":1,"curve":"stepped"},{"time":0.3333,"x":1,"y":1}]},"front_bracer":{"rotate":[{"time":0,"angle":36.53},{"time":0.3333,"angle":3.43},{"time":0.7666,"angle":50.33}],"translate":[{"time":0,"x":-0.7,"y":3.41},{"time":0.3333,"x":-6.39,"y":1.53},{"time":0.4,"x":-8.61,"y":-0.67}],"scale":[{"time":0,"x":1,"y":1,"curve":"stepped"},{"time":0.3333,"x":1,"y":1}]},"front_upper_arm":{"rotate":[{"time":0,"angle":-340.29},{"time":0.1666,"angle":-285.21},{"time":0.4333,"angle":-236.18},{"time":0.5666,"angle":-261.95},{"time":0.7333,"angle":-331.63},{"time":0.8333,"angle":-1.94},{"time":0.9333,"angle":-81.8}],"translate":[{"time":0,"x":0,"y":0,"curve":"stepped"},{"time":0.4333,"x":0,"y":0},{"time":0.7333,"x":3.99,"y":-3.12,"curve":"stepped"},{"time":0.9333,"x":3.99,"y":-3.12}],"scale":[{"time":0,"x":1,"y":1,"curve":"stepped"},{"time":0.4333,"x":1,"y":1}]},"rear_fist":{"rotate":[{"time":0,"angle":8.61},{"time":0.3333,"angle":20.81}],"translate":[{"time":0,"x":0,"y":0,"curve":"stepped"},{"time":0.3333,"x":0,"y":0}],"scale":[{"time":0,"x":1,"y":1,"curve":"stepped"},{"time":0.3333,"x":1,"y":1}]},"hip":{"rotate":[{"time":0,"angle":34.3},{"time":0.3333,"angle":46.5}],"translate":[{"time":0,"x":0,"y":0,"curve":"stepped"},{"time":0.3333,"x":0,"y":0},{"time":0.6666,"x":-31.72,"y":-186.54},{"time":0.7666,"x":-29.18,"y":-137.05},{"time":0.8666,"x":-31.72,"y":-186.54}],"scale":[{"time":0,"x":1,"y":1,"curve":"stepped"},{"time":0.3333,"x":1,"y":1}]},"hipBone":{"rotate":[{"time":0,"angle":-12.19},{"time":0.3333,"angle":0}],"translate":[{"time":0,"x":0,"y":0,"curve":"stepped"},{"time":0.3333,"x":0,"y":0}],"scale":[{"time":0,"x":1,"y":1,"curve":"stepped"},{"time":0.3333,"x":1,"y":1}]},"neck":{"rotate":[{"time":0,"angle":-12.19},{"time":0.3333,"angle":0}],"translate":[{"time":0,"x":15.77,"y":-16.45},{"time":0.3333,"x":16.83,"y":-4.9}],"scale":[{"time":0,"x":1,"y":1,"curve":"stepped"},{"time":0.3333,"x":1,"y":1}]},"front_fist":{"rotate":[{"time":0,"angle":-12.19},{"time":0.3333,"angle":0}],"translate":[{"time":0,"x":0,"y":0,"curve":"stepped"},{"time":0.3333,"x":0,"y":0}],"scale":[{"time":0,"x":1,"y":1,"curve":"stepped"},{"time":0.3333,"x":1,"y":1}]}}},"push":{"bones":{"torso":{"rotate":[{"time":0,"angle":-42.48},{"time":0.2333,"angle":-55.88,"curve":"stepped"},{"time":0.5333,"angle":-55.88},{"time":1,"angle":-42.48}],"translate":[{"time":0,"x":0,"y":0},{"time":0.2333,"x":-2.78,"y":-15.08,"curve":"stepped"},{"time":0.5333,"x":-2.78,"y":-15.08},{"time":1,"x":0,"y":0}]},"front_thigh":{"rotate":[{"time":0,"angle":66.15},{"time":0.2333,"angle":-12.04},{"time":0.5333,"angle":-19.07},{"time":1,"angle":66.15}],"translate":[{"time":0,"x":0,"y":0},{"time":0.5333,"x":-12.62,"y":-7.06},{"time":1,"x":0,"y":0}]},"front_shin":{"rotate":[{"time":0,"angle":-49.44},{"time":0.2333,"angle":-14.35},{"time":0.5333,"angle":-5.72},{"time":0.7,"angle":-72.25},{"time":1,"angle":-49.44}],"translate":[{"time":0,"x":-19.01,"y":-8.99},{"time":0.5333,"x":-23.75,"y":5.07},{"time":1,"x":-19.01,"y":-8.99}]},"front_foot":{"rotate":[{"time":0,"angle":-3.24},{"time":0.2333,"angle":32.17,"curve":"stepped"},{"time":0.5333,"angle":32.17},{"time":0.7,"angle":6.71},{"time":1,"angle":-3.24}],"translate":[{"time":0,"x":0,"y":0},{"time":0.2333,"x":13.29,"y":3.42,"curve":"stepped"},{"time":0.5333,"x":13.29,"y":3.42},{"time":1,"x":0,"y":0}]},"head":{"rotate":[{"time":0,"angle":53.64},{"time":0.2333,"angle":40.55},{"time":0.5333,"angle":30.09},{"time":1,"angle":53.64}],"translate":[{"time":0,"x":-3.63,"y":-11.52},{"time":0.2333,"x":-1.42,"y":-8.15},{"time":0.5333,"x":0.81,"y":-5.18},{"time":1,"x":-3.63,"y":-11.52}]},"yoda_bod":{"rotate":[{"time":0,"angle":-14.01},{"time":0.2333,"angle":-2.38},{"time":1,"angle":-14.01}],"translate":[{"time":0,"x":-10.79,"y":-2.88,"curve":"stepped"},{"time":1,"x":-10.79,"y":-2.88}]},"yoda_arm":{"rotate":[{"time":0,"angle":27.53},{"time":0.2333,"angle":11.37},{"time":1,"angle":27.53}],"translate":[{"time":0,"x":0,"y":0,"curve":"stepped"},{"time":1,"x":0,"y":0}]},"Bag":{"rotate":[{"time":0,"angle":21.99,"curve":"stepped"},{"time":1,"angle":21.99}],"translate":[{"time":0,"x":9.9,"y":-9.95,"curve":"stepped"},{"time":1,"x":9.9,"y":-9.95}]},"yoda_forearm":{"rotate":[{"time":0,"angle":-15.1,"curve":"stepped"},{"time":1,"angle":-15.1}],"translate":[{"time":0,"x":0,"y":0,"curve":"stepped"},{"time":1,"x":0,"y":0}]},"yoda_hand":{"rotate":[{"time":0,"angle":12.12,"curve":"stepped"},{"time":1,"angle":12.12}],"translate":[{"time":0,"x":0,"y":0,"curve":"stepped"},{"time":1,"x":0,"y":0}]},"yoda_head":{"rotate":[{"time":0,"angle":33.48,"curve":"stepped"},{"time":1,"angle":33.48}],"translate":[{"time":0,"x":0,"y":0,"curve":"stepped"},{"time":1,"x":0,"y":0}]},"rear_thigh":{"rotate":[{"time":0,"angle":-16.03},{"time":0.2333,"angle":31.88},{"time":0.5333,"angle":42.39},{"time":1,"angle":-16.03}],"translate":[{"time":0,"x":0,"y":0,"curve":"stepped"},{"time":1,"x":0,"y":0}]},"rear_shin":{"rotate":[{"time":0,"angle":-8.98},{"time":0.1333,"angle":-73.97},{"time":0.2333,"angle":-54.94},{"time":0.5333,"angle":-41.91},{"time":1,"angle":-8.98}],"translate":[{"time":0,"x":0,"y":0,"curve":"stepped"},{"time":1,"x":0,"y":0}]},"rear_foot":{"rotate":[{"time":0,"angle":34.25},{"time":0.1333,"angle":-11.21},{"time":0.2333,"angle":25.17},{"time":0.5333,"angle":13.6},{"time":1,"angle":34.25}],"translate":[{"time":0,"x":-5.72,"y":0.13,"curve":"stepped"},{"time":1,"x":-5.72,"y":0.13}]},"rear_upper_arm":{"rotate":[{"time":0,"angle":39.14},{"time":0.2333,"angle":80.52},{"time":0.5333,"angle":88.33},{"time":1,"angle":39.14}],"translate":[{"time":0,"x":0,"y":0,"curve":"stepped"},{"time":1,"x":0,"y":0}]},"rear_bracer":{"rotate":[{"time":0,"angle":63.09},{"time":0.2333,"angle":20.96},{"time":0.5333,"angle":29.3},{"time":1,"angle":63.09}],"translate":[{"time":0,"x":3.05,"y":-7.63},{"time":0.5333,"x":3.24,"y":1.51},{"time":1,"x":3.05,"y":-7.63}]},"front_bracer":{"rotate":[{"time":0,"angle":61.3},{"time":0.5333,"angle":70.26},{"time":1,"angle":61.3}],"translate":[{"time":0,"x":-0.06,"y":1.92},{"time":1,"x":-0.06,"y":1.92}]},"front_upper_arm":{"rotate":[{"time":0,"angle":-275.8},{"time":0.2333,"angle":-257.84,"curve":"stepped"},{"time":0.5333,"angle":-257.84},{"time":1,"angle":-275.8}],"translate":[{"time":0,"x":0,"y":0},{"time":0.5333,"x":7,"y":-7.77},{"time":1,"x":0,"y":0}]},"rear_fist":{"rotate":[{"time":0,"angle":20.81,"curve":"stepped"},{"time":1,"angle":20.81}],"translate":[{"time":0,"x":0,"y":0,"curve":"stepped"},{"time":1,"x":0,"y":0}]},"hip":{"rotate":[{"time":0,"angle":-14.01,"curve":"stepped"},{"time":1,"angle":-14.01}],"translate":[{"time":0,"x":-12.23,"y":-31.13,"curve":"stepped"},{"time":1,"x":-12.23,"y":-31.13}]},"hipBone":{"rotate":[{"time":0,"angle":0,"curve":"stepped"},{"time":1,"angle":0}],"translate":[{"time":0,"x":-0.2,"y":-7.82},{"time":0.2333,"x":8.98,"y":-11.16},{"time":1,"x":-0.2,"y":-7.82}]},"neck":{"rotate":[{"time":0,"angle":7.19},{"time":0.2333,"angle":23.05},{"time":1,"angle":367.19}],"translate":[{"time":0,"x":16.88,"y":-9.29},{"time":1,"x":16.88,"y":-9.3}]},"front_fist":{"rotate":[{"time":0,"angle":26.2},{"time":0.2333,"angle":17.93,"curve":"stepped"},{"time":0.5333,"angle":17.93},{"time":1,"angle":26.2}],"translate":[{"time":0,"x":0,"y":0,"curve":"stepped"},{"time":1,"x":0,"y":0}]}}},"run":{"bones":{"front_thigh":{"rotate":[{"time":0,"angle":42.05,"curve":[0.195,0.86,0.75,1]},{"time":0.0666,"angle":46.07},{"time":0.1333,"angle":-20.28},{"time":0.2,"angle":-27.23},{"time":0.2666,"angle":-47.16},{"time":0.3333,"angle":-39.79},{"time":0.4,"angle":-25.86},{"time":0.4666,"angle":14.35},{"time":0.5333,"angle":55.62},{"time":0.6,"angle":69.65},{"time":0.6666,"angle":86.4},{"time":0.7333,"angle":65.87},{"time":0.8,"angle":42.05}],"translate":[{"time":0,"x":0,"y":0},{"time":0.0333,"x":-5.79,"y":11.15},{"time":0.0666,"x":-5.13,"y":11.55},{"time":0.1333,"x":-7.7,"y":8.98},{"time":0.5333,"x":-1.26,"y":3.83},{"time":0.6666,"x":-0.63,"y":8.5},{"time":0.8,"x":0,"y":0}],"scale":[{"time":0,"x":1,"y":1,"curve":"stepped"},{"time":0.8,"x":1,"y":1}]},"torso":{"rotate":[{"time":0,"angle":-39.7},{"time":0.2,"angle":-57.29},{"time":0.4,"angle":-39.7},{"time":0.6,"angle":-57.29},{"time":0.8,"angle":-39.7}],"translate":[{"time":0,"x":0,"y":0,"curve":"stepped"},{"time":0.4,"x":0,"y":0,"curve":"stepped"},{"time":0.8,"x":0,"y":0}],"scale":[{"time":0,"x":1,"y":1,"curve":"stepped"},{"time":0.8,"x":1,"y":1}]},"rear_thigh":{"rotate":[{"time":0,"angle":-56.59},{"time":0.0666,"angle":-21.57},{"time":0.1333,"angle":27.95},{"time":0.2,"angle":42.42},{"time":0.2666,"angle":62.37},{"time":0.3333,"angle":45.42},{"time":0.4,"angle":15.67},{"time":0.4666,"angle":28.22},{"time":0.5333,"angle":-38.62},{"time":0.6,"angle":-53.26},{"time":0.6666,"angle":-79.31},{"time":0.7333,"angle":-86.47},{"time":0.8,"angle":-56.59}],"translate":[{"time":0,"x":0,"y":0},{"time":0.4,"x":-6.76,"y":-3.86},{"time":0.4333,"x":-15.85,"y":-1.19},{"time":0.4666,"x":-13.04,"y":1.39},{"time":0.5,"x":-10.24,"y":4.46},{"time":0.5333,"x":-9.01,"y":-5.15},{"time":0.6666,"x":-23.18,"y":-2.57},{"time":0.8,"x":0,"y":0}],"scale":[{"time":0,"x":1,"y":1,"curve":"stepped"},{"time":0.8,"x":1,"y":1}]},"rear_shin":{"rotate":[{"time":0,"angle":-74},{"time":0.0666,"angle":-83.38},{"time":0.1333,"angle":-106.69},{"time":0.2,"angle":-66.01},{"time":0.2666,"angle":-55.22},{"time":0.3333,"angle":-24.8},{"time":0.4,"angle":18.44,"curve":[0.25,0,0.75,1]},{"time":0.4666,"angle":-56.65},{"time":0.5333,"angle":-11.94,"curve":[0.25,0,0.75,1]},{"time":0.6666,"angle":-41.26},{"time":0.7333,"angle":-43.6},{"time":0.8,"angle":-74}],"translate":[{"time":0,"x":-0.34,"y":-13.29},{"time":0.1333,"x":-5.45,"y":-20.21},{"time":0.2,"x":0.08,"y":-15.3},{"time":0.2666,"x":-1.57,"y":-4.37},{"time":0.3333,"x":-3.35,"y":0.02},{"time":0.4,"x":-2.34,"y":7.42},{"time":0.4666,"x":5.28,"y":-9.91},{"time":0.5333,"x":4.64,"y":-5.35},{"time":0.8,"x":-0.34,"y":-13.29}],"scale":[{"time":0,"x":1,"y":1,"curve":"stepped"},{"time":0.8,"x":1,"y":1}]},"front_upper_arm":{"rotate":[{"time":0,"angle":-89.36},{"time":0.0666,"angle":-95.67},{"time":0.1333,"angle":-22},{"time":0.2,"angle":-316.04},{"time":0.2666,"angle":-274.94},{"time":0.3333,"angle":-273.74},{"time":0.4,"angle":-272.09},{"time":0.4666,"angle":-264.89},{"time":0.5333,"angle":-320.09},{"time":0.6,"angle":-50.83},{"time":0.6666,"angle":-81.72},{"time":0.7333,"angle":-83.92},{"time":0.8,"angle":-89.36}],"translate":[{"time":0,"x":9.12,"y":-4.85},{"time":0.1333,"x":7.56,"y":-4.94},{"time":0.2,"x":3.78,"y":-6.42},{"time":0.2666,"x":1.87,"y":-9.13},{"time":0.6,"x":10.62,"y":-5.54},{"time":0.6666,"x":9.69,"y":-9.34},{"time":0.7333,"x":9.87,"y":-10.17},{"time":0.8,"x":9.12,"y":-4.85}],"scale":[{"time":0,"x":1,"y":1,"curve":"stepped"},{"time":0.8,"x":1,"y":1}]},"front_bracer":{"rotate":[{"time":0,"angle":33.43},{"time":0.0666,"angle":20.53},{"time":0.1333,"angle":15.26},{"time":0.2,"angle":19.28},{"time":0.2666,"angle":22.62},{"time":0.3333,"angle":37.29},{"time":0.4,"angle":41.53},{"time":0.4666,"angle":31.73},{"time":0.5333,"angle":67.45},{"time":0.6666,"angle":39.77},{"time":0.7333,"angle":30.95},{"time":0.8,"angle":33.43}],"translate":[{"time":0,"x":-8.23,"y":0.55},{"time":0.0666,"x":-7.24,"y":0.06},{"time":0.1333,"x":-7.14,"y":-0.23},{"time":0.2,"x":-5.43,"y":-0.87},{"time":0.2666,"x":-4.2,"y":-1.93},{"time":0.3333,"x":-6.54,"y":-1.02},{"time":0.4,"x":-2.76,"y":-2.27},{"time":0.4666,"x":-5.3,"y":-0.93},{"time":0.5333,"x":-5.85,"y":-0.03},{"time":0.5666,"x":-8.86,"y":1.21},{"time":0.6666,"x":-10.94,"y":0.17},{"time":0.7333,"x":-8.7,"y":-0.52},{"time":0.8,"x":-8.23,"y":0.55}],"scale":[{"time":0,"x":1,"y":1,"curve":"stepped"},{"time":0.8,"x":1,"y":1}]},"front_fist":{"rotate":[{"time":0,"angle":-19.75},{"time":0.0666,"angle":-15.57},{"time":0.1333,"angle":-18.35},{"time":0.2666,"angle":-12.69},{"time":0.3333,"angle":3.01},{"time":0.4333,"angle":12.05},{"time":0.5333,"angle":1.32},{"time":0.8,"angle":-19.75}],"translate":[{"time":0,"x":0,"y":0},{"time":0.0666,"x":-1.85,"y":1.5},{"time":0.1333,"x":-0.48,"y":3.01},{"time":0.4333,"x":-0.21,"y":-4.1},{"time":0.5333,"x":-0.15,"y":-2.98},{"time":0.8,"x":0,"y":0}],"scale":[{"time":0,"x":1,"y":1,"curve":"stepped"},{"time":0.8,"x":1,"y":1}]},"rear_upper_arm":{"rotate":[{"time":0,"angle":68.68},{"time":0.0666,"angle":73.89},{"time":0.1333,"angle":-9.64},{"time":0.2,"angle":284.27},{"time":0.2666,"angle":283.29},{"time":0.3333,"angle":278.28},{"time":0.4,"angle":271.02},{"time":0.4666,"angle":263.2},{"time":0.5333,"angle":314.25},{"time":0.6,"angle":16.83},{"time":0.6666,"angle":70.35},{"time":0.7333,"angle":73.53},{"time":0.8,"angle":68.68}],"translate":[{"time":0,"x":-2.57,"y":-8.89},{"time":0.1333,"x":-4.68,"y":7.2},{"time":0.2,"x":21.95,"y":40.46},{"time":0.6,"x":4.33,"y":2.05},{"time":0.6666,"x":-1.92,"y":3.54},{"time":0.7333,"x":-4.52,"y":1},{"time":0.8,"x":-2.57,"y":-8.89}],"scale":[{"time":0,"x":1,"y":1,"curve":"stepped"},{"time":0.8,"x":1,"y":1}]},"rear_bracer":{"rotate":[{"time":0,"angle":31.04},{"time":0.0666,"angle":28.28},{"time":0.1333,"angle":49.36},{"time":0.2,"angle":59.37},{"time":0.2666,"angle":8.56},{"time":0.3333,"angle":9.38},{"time":0.4,"angle":11.51},{"time":0.4666,"angle":7.22},{"time":0.5333,"angle":-18.44},{"time":0.6,"angle":11.44},{"time":0.6666,"angle":9.99},{"time":0.7333,"angle":8.28},{"time":0.8,"angle":31.04}],"translate":[{"time":0,"x":4.74,"y":-1.68},{"time":0.8,"x":4.75,"y":-1.68}],"scale":[{"time":0,"x":1,"y":1,"curve":"stepped"},{"time":0.8,"x":1,"y":1}]},"neck":{"rotate":[{"time":0,"angle":11.03},{"time":0.2,"angle":13.58},{"time":0.4,"angle":11.03},{"time":0.6,"angle":13.58},{"time":0.8,"angle":11.03}],"translate":[{"time":0,"x":17.6,"y":-2.72},{"time":0.4,"x":16.57,"y":0},{"time":0.8,"x":17.6,"y":-2.72}],"scale":[{"time":0,"x":1,"y":1,"curve":"stepped"},{"time":0.8,"x":1,"y":1}]},"head":{"rotate":[{"time":0,"angle":11.03},{"time":0.1,"angle":12.34},{"time":0.2,"angle":25.55},{"time":0.4,"angle":11.03},{"time":0.5,"angle":15.88},{"time":0.6,"angle":25.55},{"time":0.8,"angle":11.03}],"translate":[{"time":0,"x":-6.92,"y":0},{"time":0.1,"x":-7.39,"y":0},{"time":0.2,"x":-9.06,"y":-2},{"time":0.4,"x":-2.9,"y":0},{"time":0.5,"x":-4.85,"y":1.28},{"time":0.6,"x":-6.88,"y":-2.05},{"time":0.8,"x":0,"y":0}],"scale":[{"time":0,"x":1,"y":1,"curve":"stepped"},{"time":0.8,"x":1,"y":1}]},"hip":{"rotate":[{"time":0,"angle":0,"curve":"stepped"},{"time":0.8,"angle":0}],"translate":[{"time":0,"x":-62.47,"y":-23.1},{"time":0.0666,"x":-62.47,"y":-38.51,"curve":[0.244,0.04,0.75,1]},{"time":0.2666,"x":-62.47,"y":22.28,"curve":[0.17,0.52,0.75,1]},{"time":0.4,"x":-62.47,"y":-23.1},{"time":0.4333,"x":-62.47,"y":-24.59},{"time":0.4666,"x":-62.47,"y":-43.29,"curve":[0.25,0,0.75,1]},{"time":0.6666,"x":-62.47,"y":22.28},{"time":0.8,"x":-62.47,"y":-23.1}],"scale":[{"time":0,"x":1,"y":1,"curve":"stepped"},{"time":0.8,"x":1,"y":1}]},"front_shin":{"rotate":[{"time":0,"angle":0,"curve":[0.481,0.01,0.75,1]},{"time":0.0666,"angle":-64.42},{"time":0.1333,"angle":-20.59,"curve":[0.25,0,0.75,1]},{"time":0.2666,"angle":-62.51},{"time":0.3333,"angle":-79.74},{"time":0.4,"angle":-78.28},{"time":0.4666,"angle":-118.96,"curve":[0.93,0,0.952,0.95]},{"time":0.6,"angle":-88.95},{"time":0.6666,"angle":-79.09},{"time":0.7333,"angle":-47.77},{"time":0.8,"angle":0}],"translate":[{"time":0,"x":0,"y":0},{"time":0.0666,"x":-3.67,"y":-7.12},{"time":0.4666,"x":-2.73,"y":-23.04},{"time":0.5666,"x":-5.76,"y":-16.21},{"time":0.8,"x":0,"y":0}],"scale":[{"time":0,"x":1,"y":1,"curve":"stepped"},{"time":0.8,"x":1,"y":1}]},"front_foot":{"rotate":[{"time":0,"angle":0},{"time":0.0333,"angle":-5.27,"curve":[0.121,0.23,0.75,1]},{"time":0.0666,"angle":17.64},{"time":0.1,"angle":22.79},{"time":0.1333,"angle":9.68},{"time":0.2,"angle":-20.17},{"time":0.2666,"angle":-1.61},{"time":0.3333,"angle":-10.22},{"time":0.4666,"angle":-11.38},{"time":0.6,"angle":9.03},{"time":0.7333,"angle":17.32},{"time":0.8,"angle":0}],"translate":[{"time":0,"x":0,"y":0,"curve":"stepped"},{"time":0.1,"x":0,"y":0,"curve":"stepped"},{"time":0.8,"x":0,"y":0}],"scale":[{"time":0,"x":1,"y":1,"curve":"stepped"},{"time":0.8,"x":1,"y":1}]},"rear_foot":{"rotate":[{"time":0,"angle":0},{"time":0.0666,"angle":-12.04},{"time":0.1333,"angle":-0.87},{"time":0.2,"angle":24.02},{"time":0.2666,"angle":4.71},{"time":0.4,"angle":18.09,"curve":[0.281,0.73,0.75,1]},{"time":0.4333,"angle":-1.7},{"time":0.4666,"angle":27.12},{"time":0.5,"angle":38.83},{"time":0.5333,"angle":21.31},{"time":0.5666,"angle":-11.49},{"time":0.6,"angle":-23.79},{"time":0.6666,"angle":-1.31},{"time":0.8,"angle":0}],"translate":[{"time":0,"x":0,"y":0},{"time":0.2,"x":-6.63,"y":0.3},{"time":0.2666,"x":-1.01,"y":1.46},{"time":0.4666,"x":0.67,"y":4.54},{"time":0.5,"x":-6.21,"y":12.48},{"time":0.5333,"x":-2.16,"y":8.22},{"time":0.5666,"x":3.07,"y":3.41},{"time":0.6,"x":5.92,"y":-0.31},{"time":0.8,"x":0,"y":0}],"scale":[{"time":0,"x":1,"y":1,"curve":"stepped"},{"time":0.6,"x":1,"y":1,"curve":"stepped"},{"time":0.8,"x":1,"y":1}]},"rear_fist":{"rotate":[{"time":0,"angle":0},{"time":0.1333,"angle":24.72},{"time":0.5,"angle":-11.87},{"time":0.8,"angle":0}],"translate":[{"time":0,"x":0,"y":0,"curve":"stepped"},{"time":0.8,"x":0,"y":0}],"scale":[{"time":0,"x":1,"y":1,"curve":"stepped"},{"time":0.8,"x":1,"y":1}]},"yoda_bod":{"rotate":[{"time":0,"angle":26.77},{"time":0.2,"angle":37.42},{"time":0.5,"angle":43.63},{"time":0.8,"angle":26.77}],"translate":[{"time":0,"x":0,"y":0},{"time":0.2,"x":6.57,"y":4.12},{"time":0.8,"x":0,"y":0}],"scale":[{"time":0,"x":1,"y":1,"curve":"stepped"},{"time":0.8,"x":1,"y":1}]},"Bag":{"rotate":[{"time":0,"angle":0.39},{"time":0.5,"angle":-7.3},{"time":0.6666,"angle":-6.47},{"time":0.8,"angle":0.39}],"translate":[{"time":0,"x":-6.88,"y":1.8},{"time":0.2,"x":25.69,"y":20.3},{"time":0.5,"x":-6.74,"y":-1.69},{"time":0.6666,"x":12.99,"y":14.06},{"time":0.8,"x":-6.88,"y":1.8}],"scale":[{"time":0,"x":1,"y":1,"curve":"stepped"},{"time":0.8,"x":1,"y":1}]},"yoda_forearm":{"rotate":[{"time":0,"angle":-11.91},{"time":0.4,"angle":-5.75},{"time":0.8,"angle":-11.91}],"translate":[{"time":0,"x":0,"y":0,"curve":"stepped"},{"time":0.8,"x":0,"y":0}],"scale":[{"time":0,"x":1,"y":1,"curve":"stepped"},{"time":0.8,"x":1,"y":1}]},"yoda_head":{"rotate":[{"time":0,"angle":3.97},{"time":0.1666,"angle":-8.18},{"time":0.2,"angle":-16.16},{"time":0.4,"angle":13.51},{"time":0.4333,"angle":4.14},{"time":0.5,"angle":10.7},{"time":0.6666,"angle":-7},{"time":0.8,"angle":3.97}],"translate":[{"time":0,"x":0,"y":0,"curve":"stepped"},{"time":0.8,"x":0,"y":0}],"scale":[{"time":0,"x":1,"y":1,"curve":"stepped"},{"time":0.8,"x":1,"y":1}]},"yoda_arm":{"rotate":[{"time":0,"angle":0},{"time":0.2,"angle":-16.28},{"time":0.4,"angle":-14.65},{"time":0.5,"angle":-20.53},{"time":0.6666,"angle":-22.09},{"time":0.8,"angle":0}],"translate":[{"time":0,"x":0,"y":0,"curve":"stepped"},{"time":0.8,"x":0,"y":0}],"scale":[{"time":0,"x":1,"y":1,"curve":"stepped"},{"time":0.8,"x":1,"y":1}]},"yoda_hand":{"rotate":[{"time":0.4,"angle":11.81}]}}},"swing":{"bones":{"torso":{"rotate":[{"time":0,"angle":-22.97,"curve":"stepped"},{"time":1.3333,"angle":-22.97}],"translate":[{"time":0,"x":15.92,"y":-5.06,"curve":"stepped"},{"time":1.3333,"x":15.92,"y":-5.06}]},"front_thigh":{"rotate":[{"time":0,"angle":103.57}],"translate":[{"time":0,"x":33.62,"y":3.14}]},"front_shin":{"rotate":[{"time":0,"angle":-114.45,"curve":"stepped"},{"time":1.3333,"angle":-114.45}],"translate":[{"time":0,"x":-19.01,"y":-8.99,"curve":"stepped"},{"time":1.3333,"x":-19.01,"y":-8.99}]},"front_foot":{"rotate":[{"time":0,"angle":-18.59,"curve":"stepped"},{"time":1.3333,"angle":-18.59}],"translate":[{"time":0,"x":9.32,"y":-1.86,"curve":"stepped"},{"time":1.3333,"x":9.32,"y":-1.86}]},"head":{"rotate":[{"time":0,"angle":-18.69,"curve":"stepped"},{"time":1.3333,"angle":-18.69}],"translate":[{"time":0,"x":3.26,"y":4.12,"curve":"stepped"},{"time":1.3333,"x":3.26,"y":4.12}]},"yoda_bod":{"rotate":[{"time":0,"angle":-20.52,"curve":"stepped"},{"time":1.3333,"angle":-20.52}],"translate":[{"time":0,"x":0,"y":0,"curve":"stepped"},{"time":1.3333,"x":0,"y":0}]},"yoda_arm":{"rotate":[{"time":0,"angle":26.86,"curve":"stepped"},{"time":1.3333,"angle":26.86}],"translate":[{"time":0,"x":0,"y":0,"curve":"stepped"},{"time":1.3333,"x":0,"y":0}]},"Bag":{"rotate":[{"time":0,"angle":21.32,"curve":"stepped"},{"time":1.3333,"angle":21.32}],"translate":[{"time":0,"x":9.9,"y":-9.95,"curve":"stepped"},{"time":1.3333,"x":9.9,"y":-9.95}]},"yoda_forearm":{"rotate":[{"time":0,"angle":-24.37,"curve":"stepped"},{"time":1.3333,"angle":-24.37}],"translate":[{"time":0,"x":0,"y":0,"curve":"stepped"},{"time":1.3333,"x":0,"y":0}]},"yoda_hand":{"rotate":[{"time":0,"angle":11.45,"curve":"stepped"},{"time":1.3333,"angle":11.45}],"translate":[{"time":0,"x":0,"y":0,"curve":"stepped"},{"time":1.3333,"x":0,"y":0}]},"yoda_head":{"rotate":[{"time":0,"angle":65.5,"curve":"stepped"},{"time":1.3333,"angle":65.5}],"translate":[{"time":0,"x":0,"y":0,"curve":"stepped"},{"time":1.3333,"x":0,"y":0}]},"rear_thigh":{"rotate":[{"time":0,"angle":61.97,"curve":"stepped"},{"time":1.3333,"angle":61.97}],"translate":[{"time":0,"x":16.77,"y":-13.97,"curve":"stepped"},{"time":1.3333,"x":16.77,"y":-13.97}]},"rear_shin":{"rotate":[{"time":0,"angle":-91.13,"curve":"stepped"},{"time":1.3333,"angle":-91.13}],"translate":[{"time":0,"x":0,"y":0,"curve":"stepped"},{"time":1.3333,"x":0,"y":0}]},"rear_foot":{"rotate":[{"time":0,"angle":23.89,"curve":"stepped"},{"time":1.3333,"angle":23.89}],"translate":[{"time":0,"x":-5.72,"y":0.13,"curve":"stepped"},{"time":1.3333,"x":-5.72,"y":0.13}]},"rear_upper_arm":{"rotate":[{"time":0,"angle":144.23,"curve":"stepped"},{"time":1.3333,"angle":144.23}],"translate":[{"time":0,"x":12.96,"y":-13.66,"curve":"stepped"},{"time":1.3333,"x":12.96,"y":-13.66}]},"rear_bracer":{"rotate":[{"time":0,"angle":-14.14,"curve":"stepped"},{"time":1.3333,"angle":-14.14}],"translate":[{"time":0,"x":6.45,"y":-4.51,"curve":"stepped"},{"time":1.3333,"x":6.45,"y":-4.51}]},"front_bracer":{"rotate":[{"time":0,"angle":16.77,"curve":"stepped"},{"time":1.3333,"angle":16.77}],"translate":[{"time":0,"x":2.8,"y":-1.55,"curve":"stepped"},{"time":1.3333,"x":2.8,"y":-1.55}]},"front_upper_arm":{"rotate":[{"time":0,"angle":-225.57,"curve":"stepped"},{"time":1.3333,"angle":-225.57}],"translate":[{"time":0,"x":-13.08,"y":3.92,"curve":"stepped"},{"time":1.3333,"x":-13.08,"y":3.92}]},"rear_fist":{"rotate":[{"time":0,"angle":8.38,"curve":"stepped"},{"time":1.3333,"angle":8.38}],"translate":[{"time":0,"x":1.9,"y":-6.87,"curve":"stepped"},{"time":1.3333,"x":1.9,"y":-6.87}]},"hip":{"rotate":[{"time":0,"angle":-0.66,"curve":"stepped"},{"time":1.3333,"angle":-0.66}],"translate":[{"time":0,"x":-95.8,"y":-49.89,"curve":"stepped"},{"time":1.3333,"x":-95.8,"y":-49.89}]},"hipBone":{"rotate":[{"time":0,"angle":36.36},{"time":1.3333,"angle":36.37}],"translate":[{"time":0,"x":9.06,"y":-28.32,"curve":"stepped"},{"time":1.3333,"x":9.06,"y":-28.32}]},"neck":{"rotate":[{"time":0,"angle":46.19}],"translate":[{"time":0,"x":13.39,"y":8.01}]},"front_fist":{"rotate":[{"time":0,"angle":33.37,"curve":"stepped"},{"time":1.3333,"angle":33.37}],"translate":[{"time":0,"x":0,"y":0,"curve":"stepped"},{"time":1.3333,"x":0,"y":0}]}}},"wallslide":{"bones":{"torso":{"rotate":[{"time":0,"angle":-55.11},{"time":0.1333,"angle":-56.52},{"time":0.3,"angle":-56},{"time":0.5666,"angle":-55.11}],"translate":[{"time":0,"x":15.92,"y":-5.06,"curve":"stepped"},{"time":0.1333,"x":15.92,"y":-5.06},{"time":0.3,"x":15.92,"y":-7.96},{"time":0.4,"x":15.92,"y":-5.06,"curve":"stepped"},{"time":0.5666,"x":15.92,"y":-5.06}]},"front_thigh":{"rotate":[{"time":0,"angle":118.07,"curve":"stepped"},{"time":0.1333,"angle":118.07,"curve":"stepped"},{"time":0.5666,"angle":118.07}],"translate":[{"time":0,"x":33.62,"y":3.14,"curve":"stepped"},{"time":0.1333,"x":33.62,"y":3.14,"curve":"stepped"},{"time":0.4,"x":33.62,"y":3.14,"curve":"stepped"},{"time":0.5666,"x":33.62,"y":3.14}]},"front_shin":{"rotate":[{"time":0,"angle":-63.01},{"time":0.1333,"angle":-59.81},{"time":0.3,"angle":-57.81},{"time":0.4,"angle":-58.25},{"time":0.5666,"angle":-63.01}],"translate":[{"time":0,"x":-19.01,"y":-8.99,"curve":"stepped"},{"time":0.1333,"x":-19.01,"y":-8.99,"curve":"stepped"},{"time":0.5666,"x":-19.01,"y":-8.99}]},"front_foot":{"rotate":[{"time":0,"angle":40.04,"curve":"stepped"},{"time":0.5666,"angle":40.04}],"translate":[{"time":0,"x":9.32,"y":-1.86,"curve":"stepped"},{"time":0.5666,"x":9.32,"y":-1.86}]},"head":{"rotate":[{"time":0,"angle":23.04},{"time":0.1333,"angle":17.71},{"time":0.4,"angle":17.41},{"time":0.5666,"angle":23.04}],"translate":[{"time":0,"x":-9.72,"y":-6.72},{"time":0.1333,"x":-9.28,"y":-6.72},{"time":0.4,"x":-12.05,"y":-6.72},{"time":0.5666,"x":-9.72,"y":-6.72}]},"yoda_bod":{"rotate":[{"time":0,"angle":-19.85,"curve":"stepped"},{"time":0.1333,"angle":-19.85,"curve":"stepped"},{"time":0.4,"angle":-19.85,"curve":"stepped"},{"time":0.5666,"angle":-19.85}],"translate":[{"time":0,"x":0,"y":0,"curve":"stepped"},{"time":0.1333,"x":0,"y":0,"curve":"stepped"},{"time":0.5666,"x":0,"y":0}]},"yoda_arm":{"rotate":[{"time":0,"angle":27.53,"curve":"stepped"},{"time":0.1333,"angle":27.53,"curve":"stepped"},{"time":0.5666,"angle":27.53}],"translate":[{"time":0,"x":0,"y":0,"curve":"stepped"},{"time":0.1333,"x":0,"y":0,"curve":"stepped"},{"time":0.5666,"x":0,"y":0}]},"Bag":{"rotate":[{"time":0,"angle":21.99,"curve":"stepped"},{"time":0.1333,"angle":21.99,"curve":"stepped"},{"time":0.5666,"angle":21.99}],"translate":[{"time":0,"x":9.9,"y":-9.95,"curve":"stepped"},{"time":0.1333,"x":9.9,"y":-9.95,"curve":"stepped"},{"time":0.5666,"x":9.9,"y":-9.95}]},"yoda_forearm":{"rotate":[{"time":0,"angle":-23.7,"curve":"stepped"},{"time":0.1333,"angle":-23.7,"curve":"stepped"},{"time":0.4,"angle":-23.7,"curve":"stepped"},{"time":0.5666,"angle":-23.7}],"translate":[{"time":0,"x":0,"y":0,"curve":"stepped"},{"time":0.1333,"x":0,"y":0,"curve":"stepped"},{"time":0.5666,"x":0,"y":0}]},"yoda_hand":{"rotate":[{"time":0,"angle":12.12,"curve":"stepped"},{"time":0.1333,"angle":12.12,"curve":"stepped"},{"time":0.5666,"angle":12.12}],"translate":[{"time":0,"x":0,"y":0,"curve":"stepped"},{"time":0.1333,"x":0,"y":0,"curve":"stepped"},{"time":0.5666,"x":0,"y":0}]},"yoda_head":{"rotate":[{"time":0,"angle":66.17,"curve":"stepped"},{"time":0.1333,"angle":66.17},{"time":0.4,"angle":57.44},{"time":0.5666,"angle":66.17}],"translate":[{"time":0,"x":0,"y":0,"curve":"stepped"},{"time":0.1333,"x":0,"y":0,"curve":"stepped"},{"time":0.5666,"x":0,"y":0}]},"rear_thigh":{"rotate":[{"time":0,"angle":54.74,"curve":"stepped"},{"time":0.1333,"angle":54.74},{"time":0.4,"angle":58.82},{"time":0.5,"angle":55.91},{"time":0.5666,"angle":54.74}],"translate":[{"time":0,"x":16.77,"y":-13.97,"curve":"stepped"},{"time":0.1333,"x":16.77,"y":-13.97,"curve":"stepped"},{"time":0.5666,"x":16.77,"y":-13.97}]},"rear_shin":{"rotate":[{"time":0,"angle":-4.27},{"time":0.0666,"angle":-8.21},{"time":0.2333,"angle":-4.27},{"time":0.4,"angle":-9.16},{"time":0.5666,"angle":-4.27}],"translate":[{"time":0,"x":0,"y":0,"curve":"stepped"},{"time":0.2333,"x":0,"y":0,"curve":"stepped"},{"time":0.5666,"x":0,"y":0}]},"rear_foot":{"rotate":[{"time":0,"angle":33.47,"curve":"stepped"},{"time":0.1333,"angle":33.47,"curve":"stepped"},{"time":0.4,"angle":33.47,"curve":"stepped"},{"time":0.5666,"angle":33.47}],"translate":[{"time":0,"x":-5.72,"y":0.13,"curve":"stepped"},{"time":0.1333,"x":-5.72,"y":0.13,"curve":"stepped"},{"time":0.5666,"x":-5.72,"y":0.13}]},"rear_upper_arm":{"rotate":[{"time":0,"angle":111.19},{"time":0.1333,"angle":116.66},{"time":0.4,"angle":111.19,"curve":"stepped"},{"time":0.5666,"angle":111.19}],"translate":[{"time":0,"x":12.96,"y":-13.66,"curve":"stepped"},{"time":0.1333,"x":12.96,"y":-13.66,"curve":"stepped"},{"time":0.4,"x":12.96,"y":-13.66,"curve":"stepped"},{"time":0.5666,"x":12.96,"y":-13.66}]},"rear_bracer":{"rotate":[{"time":0,"angle":-11.77,"curve":"stepped"},{"time":0.1333,"angle":-11.77,"curve":"stepped"},{"time":0.4,"angle":-11.77,"curve":"stepped"},{"time":0.5666,"angle":-11.77}],"translate":[{"time":0,"x":0.59,"y":0.1},{"time":0.1333,"x":0.48,"y":-0.05},{"time":0.4,"x":2.98,"y":-1.52},{"time":0.5666,"x":0.59,"y":0.1}]},"front_bracer":{"rotate":[{"time":0,"angle":10.36,"curve":"stepped"},{"time":0.1333,"angle":10.36,"curve":"stepped"},{"time":0.5666,"angle":10.36}],"translate":[{"time":0,"x":2.8,"y":-1.55,"curve":"stepped"},{"time":0.1333,"x":2.8,"y":-1.55,"curve":"stepped"},{"time":0.5666,"x":2.8,"y":-1.55}]},"front_upper_arm":{"rotate":[{"time":0,"angle":49.89,"curve":"stepped"},{"time":0.1333,"angle":49.89,"curve":"stepped"},{"time":0.5666,"angle":49.89}],"translate":[{"time":0,"x":-13.08,"y":3.92,"curve":"stepped"},{"time":0.1333,"x":-13.08,"y":3.92,"curve":"stepped"},{"time":0.4,"x":-13.08,"y":3.92,"curve":"stepped"},{"time":0.5666,"x":-13.08,"y":3.92}]},"rear_fist":{"rotate":[{"time":0,"angle":27.71,"curve":"stepped"},{"time":0.1333,"angle":27.71,"curve":"stepped"},{"time":0.4,"angle":27.71,"curve":"stepped"},{"time":0.5666,"angle":27.71}],"translate":[{"time":0,"x":1.9,"y":-6.87,"curve":"stepped"},{"time":0.1333,"x":1.9,"y":-6.87,"curve":"stepped"},{"time":0.5666,"x":1.9,"y":-6.87}]},"hip":{"rotate":[{"time":0,"angle":0,"curve":"stepped"},{"time":0.1333,"angle":0,"curve":"stepped"},{"time":0.5666,"angle":0}],"translate":[{"time":0,"x":0,"y":0,"curve":"stepped"},{"time":0.1333,"x":0,"y":0,"curve":"stepped"},{"time":0.5666,"x":0,"y":0}]},"hipBone":{"rotate":[{"time":0,"angle":0,"curve":"stepped"},{"time":0.1333,"angle":0,"curve":"stepped"},{"time":0.5666,"angle":0}],"translate":[{"time":0,"x":9.06,"y":-28.32,"curve":"stepped"},{"time":0.1333,"x":9.06,"y":-28.32,"curve":"stepped"},{"time":0.5666,"x":9.06,"y":-28.32}]},"neck":{"rotate":[{"time":0,"angle":49.29,"curve":"stepped"},{"time":0.1333,"angle":49.29,"curve":"stepped"},{"time":0.5666,"angle":49.29}],"translate":[{"time":0,"x":8.05,"y":17.74},{"time":0.1333,"x":7.82,"y":17.41},{"time":0.5666,"x":8.05,"y":17.74}]},"front_fist":{"rotate":[{"time":0,"angle":0,"curve":"stepped"},{"time":0.1333,"angle":0,"curve":"stepped"},{"time":0.5666,"angle":0}],"translate":[{"time":0,"x":0,"y":0,"curve":"stepped"},{"time":0.1333,"x":0,"y":0,"curve":"stepped"},{"time":0.5666,"x":0,"y":0}]}}}}}