{"frames": {

"map_bird_01.png":
{
	"frame": {"x":982,"y":90,"w":20,"h":10},
	"rotated": false,
	"trimmed": false,
	"spriteSourceSize": {"x":0,"y":0,"w":20,"h":10},
	"sourceSize": {"w":20,"h":10}
},
"map_bird_02.png":
{
	"frame": {"x":1004,"y":108,"w":16,"h":10},
	"rotated": false,
	"trimmed": true,
	"spriteSourceSize": {"x":2,"y":0,"w":16,"h":10},
	"sourceSize": {"w":20,"h":10}
},
"map_bird_03.png":
{
	"frame": {"x":982,"y":102,"w":20,"h":10},
	"rotated": false,
	"trimmed": false,
	"spriteSourceSize": {"x":0,"y":0,"w":20,"h":10},
	"sourceSize": {"w":20,"h":10}
},
"map_bird_04.png":
{
	"frame": {"x":1000,"y":120,"w":14,"h":8},
	"rotated": false,
	"trimmed": true,
	"spriteSourceSize": {"x":0,"y":0,"w":14,"h":8},
	"sourceSize": {"w":14,"h":7}
},
"map_star_01.png":
{
	"frame": {"x":982,"y":122,"w":10,"h":10},
	"rotated": false,
	"trimmed": false,
	"spriteSourceSize": {"x":0,"y":0,"w":10,"h":10},
	"sourceSize": {"w":10,"h":10}
},
"map_star_02.png":
{
	"frame": {"x":1004,"y":90,"w":16,"h":16},
	"rotated": false,
	"trimmed": true,
	"spriteSourceSize": {"x":0,"y":0,"w":16,"h":16},
	"sourceSize": {"w":15,"h":15}
},
"map_wave_01.png":
{
	"frame": {"x":982,"y":114,"w":16,"h":6},
	"rotated": false,
	"trimmed": true,
	"spriteSourceSize": {"x":0,"y":0,"w":16,"h":6},
	"sourceSize": {"w":15,"h":5}
},
"map_wave_02.png":
{
	"frame": {"x":982,"y":74,"w":30,"h":6},
	"rotated": false,
	"trimmed": true,
	"spriteSourceSize": {"x":0,"y":0,"w":30,"h":6},
	"sourceSize": {"w":30,"h":5}
},
"map_wave_03.png":
{
	"frame": {"x":982,"y":82,"w":30,"h":6},
	"rotated": false,
	"trimmed": true,
	"spriteSourceSize": {"x":0,"y":0,"w":30,"h":6},
	"sourceSize": {"w":30,"h":5}
},
"ui_map_bg_1.png":
{
	"frame": {"x":2,"y":2,"w":856,"h":456},
	"rotated": false,
	"trimmed": false,
	"spriteSourceSize": {"x":0,"y":0,"w":856,"h":456},
	"sourceSize": {"w":856,"h":456}
},
"ui_map_bg_2.png":
{
	"frame": {"x":2,"y":460,"w":852,"h":456},
	"rotated": false,
	"trimmed": true,
	"spriteSourceSize": {"x":0,"y":0,"w":852,"h":456},
	"sourceSize": {"w":856,"h":456}
},
"ui_map_char_elsa.png":
{
	"frame": {"x":860,"y":440,"w":76,"h":152},
	"rotated": false,
	"trimmed": true,
	"spriteSourceSize": {"x":0,"y":0,"w":76,"h":152},
	"sourceSize": {"w":76,"h":151}
},
"ui_map_char_kristoff.png":
{
	"frame": {"x":860,"y":284,"w":100,"h":154},
	"rotated": false,
	"trimmed": false,
	"spriteSourceSize": {"x":0,"y":0,"w":100,"h":154},
	"sourceSize": {"w":100,"h":154}
},
"ui_map_char_olaf.png":
{
	"frame": {"x":860,"y":2,"w":120,"h":140},
	"rotated": false,
	"trimmed": true,
	"spriteSourceSize": {"x":0,"y":0,"w":120,"h":140},
	"sourceSize": {"w":120,"h":139}
},
"ui_map_crystals_bg.png":
{
	"frame": {"x":860,"y":190,"w":110,"h":92},
	"rotated": false,
	"trimmed": true,
	"spriteSourceSize": {"x":0,"y":0,"w":110,"h":92},
	"sourceSize": {"w":110,"h":93}
},
"ui_map_crystals_cyan.png":
{
	"frame": {"x":972,"y":190,"w":48,"h":50},
	"rotated": false,
	"trimmed": true,
	"spriteSourceSize": {"x":42,"y":36,"w":48,"h":50},
	"sourceSize": {"w":110,"h":93}
},
"ui_map_crystals_green.png":
{
	"frame": {"x":972,"y":242,"w":48,"h":50},
	"rotated": false,
	"trimmed": true,
	"spriteSourceSize": {"x":18,"y":36,"w":48,"h":50},
	"sourceSize": {"w":110,"h":93}
},
"ui_map_crystals_pink.png":
{
	"frame": {"x":962,"y":294,"w":46,"h":50},
	"rotated": false,
	"trimmed": true,
	"spriteSourceSize": {"x":0,"y":30,"w":46,"h":50},
	"sourceSize": {"w":110,"h":93}
},
"ui_map_crystals_purple.png":
{
	"frame": {"x":962,"y":346,"w":44,"h":48},
	"rotated": false,
	"trimmed": true,
	"spriteSourceSize": {"x":66,"y":34,"w":44,"h":48},
	"sourceSize": {"w":110,"h":93}
},
"ui_map_path_off.png":
{
	"frame": {"x":982,"y":2,"w":34,"h":34},
	"rotated": false,
	"trimmed": true,
	"spriteSourceSize": {"x":0,"y":0,"w":34,"h":34},
	"sourceSize": {"w":33,"h":33}
},
"ui_map_path_on.png":
{
	"frame": {"x":982,"y":38,"w":34,"h":34},
	"rotated": false,
	"trimmed": true,
	"spriteSourceSize": {"x":0,"y":0,"w":34,"h":34},
	"sourceSize": {"w":33,"h":33}
},
"ui_map_trolls_bg.png":
{
	"frame": {"x":860,"y":144,"w":118,"h":44},
	"rotated": false,
	"trimmed": true,
	"spriteSourceSize": {"x":2,"y":2,"w":118,"h":44},
	"sourceSize": {"w":120,"h":48}
}},
"meta": {
	"app": "http://www.codeandweb.com/texturepacker",
	"version": "1.0",
	"image": "map0.png",
	"format": "RGBA8888",
	"size": {"w":1024,"h":1024},
	"scale": "0.5",
	"smartupdate": "$TexturePacker:SmartUpdate:301d0f4587ba1a8420c42729429adb2b:1fd3ee547f51e9e9f199adb19b1bcbfa:67a171cd34f32373721edbdf547e70d3$"
}
}
