{"frames": {

"theme_02_barrel_00.png":
{
	"frame": {"x":485,"y":1399,"w":124,"h":90},
	"rotated": false,
	"trimmed": true,
	"spriteSourceSize": {"x":0,"y":0,"w":124,"h":90},
	"sourceSize": {"w":125,"h":89}
},
"theme_02_bg_00.png":
{
	"frame": {"x":1015,"y":749,"w":8,"h":768},
	"rotated": false,
	"trimmed": false,
	"spriteSourceSize": {"x":0,"y":0,"w":8,"h":768},
	"sourceSize": {"w":8,"h":768}
},
"theme_02_carriage_00.png":
{
	"frame": {"x":731,"y":1303,"w":246,"h":94},
	"rotated": false,
	"trimmed": true,
	"spriteSourceSize": {"x":0,"y":0,"w":246,"h":94},
	"sourceSize": {"w":246,"h":93}
},
"theme_02_crate_00.png":
{
	"frame": {"x":611,"y":1303,"w":104,"h":58},
	"rotated": false,
	"trimmed": true,
	"spriteSourceSize": {"x":0,"y":0,"w":104,"h":58},
	"sourceSize": {"w":106,"h":60}
},
"theme_02_crate_01.png":
{
	"frame": {"x":697,"y":1461,"w":88,"h":46},
	"rotated": false,
	"trimmed": true,
	"spriteSourceSize": {"x":0,"y":2,"w":88,"h":46},
	"sourceSize": {"w":90,"h":50}
},
"theme_02_forest_00.png":
{
	"frame": {"x":465,"y":1021,"w":542,"h":280},
	"rotated": false,
	"trimmed": true,
	"spriteSourceSize": {"x":0,"y":0,"w":542,"h":280},
	"sourceSize": {"w":542,"h":279}
},
"theme_02_hills_00.png":
{
	"frame": {"x":1,"y":1,"w":1022,"h":396},
	"rotated": false,
	"trimmed": true,
	"spriteSourceSize": {"x":0,"y":0,"w":1022,"h":396},
	"sourceSize": {"w":1021,"h":396}
},
"theme_02_hills_01.png":
{
	"frame": {"x":1,"y":399,"w":1022,"h":326},
	"rotated": false,
	"trimmed": true,
	"spriteSourceSize": {"x":0,"y":70,"w":1022,"h":326},
	"sourceSize": {"w":1021,"h":396}
},
"theme_02_ice_block_00.png":
{
	"frame": {"x":375,"y":1343,"w":108,"h":156},
	"rotated": false,
	"trimmed": true,
	"spriteSourceSize": {"x":0,"y":2,"w":108,"h":156},
	"sourceSize": {"w":110,"h":160}
},
"theme_02_ice_block_01.png":
{
	"frame": {"x":977,"y":727,"w":40,"h":20},
	"rotated": false,
	"trimmed": false,
	"spriteSourceSize": {"x":0,"y":0,"w":40,"h":20},
	"sourceSize": {"w":40,"h":20}
},
"theme_02_ice_block_02.png":
{
	"frame": {"x":977,"y":787,"w":32,"h":30},
	"rotated": false,
	"trimmed": true,
	"spriteSourceSize": {"x":4,"y":0,"w":32,"h":30},
	"sourceSize": {"w":40,"h":30}
},
"theme_02_ice_block_03.png":
{
	"frame": {"x":977,"y":749,"w":36,"h":36},
	"rotated": false,
	"trimmed": true,
	"spriteSourceSize": {"x":2,"y":2,"w":36,"h":36},
	"sourceSize": {"w":40,"h":40}
},
"theme_02_ice_block_04.png":
{
	"frame": {"x":965,"y":819,"w":28,"h":20},
	"rotated": false,
	"trimmed": true,
	"spriteSourceSize": {"x":0,"y":0,"w":28,"h":20},
	"sourceSize": {"w":30,"h":20}
},
"theme_02_ice_cube_00.png":
{
	"frame": {"x":375,"y":1277,"w":88,"h":64},
	"rotated": false,
	"trimmed": true,
	"spriteSourceSize": {"x":6,"y":0,"w":88,"h":64},
	"sourceSize": {"w":100,"h":64}
},
"theme_02_ice_cube_01.png":
{
	"frame": {"x":435,"y":945,"w":100,"h":64},
	"rotated": false,
	"trimmed": false,
	"spriteSourceSize": {"x":0,"y":0,"w":100,"h":64},
	"sourceSize": {"w":100,"h":64}
},
"theme_02_ice_cube_02.png":
{
	"frame": {"x":537,"y":945,"w":96,"h":64},
	"rotated": false,
	"trimmed": true,
	"spriteSourceSize": {"x":2,"y":0,"w":96,"h":64},
	"sourceSize": {"w":100,"h":64}
},
"theme_02_ice_cube_03.png":
{
	"frame": {"x":697,"y":1399,"w":94,"h":60},
	"rotated": false,
	"trimmed": true,
	"spriteSourceSize": {"x":4,"y":2,"w":94,"h":60},
	"sourceSize": {"w":100,"h":64}
},
"theme_02_ice_cube_04.png":
{
	"frame": {"x":485,"y":1303,"w":98,"h":60},
	"rotated": false,
	"trimmed": true,
	"spriteSourceSize": {"x":2,"y":2,"w":98,"h":60},
	"sourceSize": {"w":100,"h":64}
},
"theme_02_ice_cube_05.png":
{
	"frame": {"x":1,"y":1213,"w":100,"h":56},
	"rotated": false,
	"trimmed": true,
	"spriteSourceSize": {"x":0,"y":4,"w":100,"h":56},
	"sourceSize": {"w":100,"h":64}
},
"theme_02_ice_flow_00.png":
{
	"frame": {"x":181,"y":945,"w":128,"h":70},
	"rotated": false,
	"trimmed": false,
	"spriteSourceSize": {"x":0,"y":0,"w":128,"h":70},
	"sourceSize": {"w":128,"h":70}
},
"theme_02_ice_flow_l_00.png":
{
	"frame": {"x":311,"y":945,"w":122,"h":70},
	"rotated": false,
	"trimmed": true,
	"spriteSourceSize": {"x":6,"y":0,"w":122,"h":70},
	"sourceSize": {"w":128,"h":70}
},
"theme_02_icicle_00.png":
{
	"frame": {"x":447,"y":1907,"w":98,"h":112},
	"rotated": false,
	"trimmed": true,
	"spriteSourceSize": {"x":0,"y":0,"w":98,"h":112},
	"sourceSize": {"w":98,"h":140}
},
"theme_02_icicle_01.png":
{
	"frame": {"x":361,"y":1907,"w":84,"h":140},
	"rotated": false,
	"trimmed": true,
	"spriteSourceSize": {"x":6,"y":0,"w":84,"h":140},
	"sourceSize": {"w":98,"h":140}
},
"theme_02_mountains_00.png":
{
	"frame": {"x":1,"y":727,"w":700,"h":216},
	"rotated": false,
	"trimmed": true,
	"spriteSourceSize": {"x":0,"y":2,"w":700,"h":216},
	"sourceSize": {"w":699,"h":218}
},
"theme_02_rock_00.png":
{
	"frame": {"x":243,"y":1213,"w":200,"h":62},
	"rotated": false,
	"trimmed": false,
	"spriteSourceSize": {"x":0,"y":0,"w":200,"h":62},
	"sourceSize": {"w":200,"h":62}
},
"theme_02_rock_01.png":
{
	"frame": {"x":703,"y":727,"w":272,"h":76},
	"rotated": false,
	"trimmed": true,
	"spriteSourceSize": {"x":0,"y":0,"w":272,"h":76},
	"sourceSize": {"w":272,"h":75}
},
"theme_02_rock_02.png":
{
	"frame": {"x":1,"y":1017,"w":446,"h":194},
	"rotated": false,
	"trimmed": true,
	"spriteSourceSize": {"x":0,"y":2,"w":446,"h":194},
	"sourceSize": {"w":445,"h":196}
},
"theme_02_snowman_00.png":
{
	"frame": {"x":653,"y":1835,"w":90,"h":144},
	"rotated": false,
	"trimmed": true,
	"spriteSourceSize": {"x":0,"y":4,"w":90,"h":144},
	"sourceSize": {"w":90,"h":150}
},
"theme_02_stones_00.png":
{
	"frame": {"x":261,"y":1907,"w":94,"h":40},
	"rotated": false,
	"trimmed": true,
	"spriteSourceSize": {"x":0,"y":0,"w":94,"h":40},
	"sourceSize": {"w":94,"h":39}
},
"theme_02_stones_01.png":
{
	"frame": {"x":1,"y":945,"w":178,"h":70},
	"rotated": false,
	"trimmed": true,
	"spriteSourceSize": {"x":0,"y":0,"w":178,"h":70},
	"sourceSize": {"w":178,"h":69}
},
"theme_02_stones_02.png":
{
	"frame": {"x":127,"y":1949,"w":232,"h":96},
	"rotated": false,
	"trimmed": false,
	"spriteSourceSize": {"x":0,"y":0,"w":232,"h":96},
	"sourceSize": {"w":232,"h":96}
},
"theme_02_stones_03.png":
{
	"frame": {"x":703,"y":805,"w":260,"h":214},
	"rotated": false,
	"trimmed": false,
	"spriteSourceSize": {"x":0,"y":0,"w":260,"h":214},
	"sourceSize": {"w":260,"h":214}
},
"theme_02_tree_00.png":
{
	"frame": {"x":611,"y":1363,"w":84,"h":154},
	"rotated": false,
	"trimmed": true,
	"spriteSourceSize": {"x":0,"y":0,"w":84,"h":154},
	"sourceSize": {"w":84,"h":156}
},
"theme_02_tree_01.png":
{
	"frame": {"x":547,"y":1867,"w":104,"h":180},
	"rotated": false,
	"trimmed": false,
	"spriteSourceSize": {"x":0,"y":0,"w":104,"h":180},
	"sourceSize": {"w":104,"h":180}
},
"theme_02_tree_02.png":
{
	"frame": {"x":1,"y":1303,"w":100,"h":204},
	"rotated": false,
	"trimmed": true,
	"spriteSourceSize": {"x":0,"y":0,"w":100,"h":204},
	"sourceSize": {"w":100,"h":203}
},
"theme_02_tree_03.png":
{
	"frame": {"x":243,"y":1277,"w":130,"h":234},
	"rotated": false,
	"trimmed": true,
	"spriteSourceSize": {"x":0,"y":0,"w":130,"h":234},
	"sourceSize": {"w":130,"h":236}
},
"theme_02_tree_04.png":
{
	"frame": {"x":103,"y":1213,"w":138,"h":304},
	"rotated": false,
	"trimmed": true,
	"spriteSourceSize": {"x":0,"y":0,"w":138,"h":304},
	"sourceSize": {"w":138,"h":306}
},
"theme_02_tree_05.png":
{
	"frame": {"x":571,"y":1519,"w":158,"h":314},
	"rotated": false,
	"trimmed": true,
	"spriteSourceSize": {"x":0,"y":0,"w":158,"h":314},
	"sourceSize": {"w":157,"h":316}
},
"theme_02_tree_06.png":
{
	"frame": {"x":261,"y":1519,"w":202,"h":386},
	"rotated": false,
	"trimmed": true,
	"spriteSourceSize": {"x":0,"y":0,"w":202,"h":386},
	"sourceSize": {"w":202,"h":387}
},
"theme_02_tree_07.png":
{
	"frame": {"x":465,"y":1519,"w":104,"h":346},
	"rotated": false,
	"trimmed": false,
	"spriteSourceSize": {"x":0,"y":0,"w":104,"h":346},
	"sourceSize": {"w":104,"h":346}
},
"theme_02_tree_08.png":
{
	"frame": {"x":119,"y":1519,"w":140,"h":428},
	"rotated": false,
	"trimmed": true,
	"spriteSourceSize": {"x":0,"y":0,"w":140,"h":428},
	"sourceSize": {"w":139,"h":427}
},
"theme_02_tree_09.png":
{
	"frame": {"x":1,"y":1519,"w":116,"h":442},
	"rotated": false,
	"trimmed": false,
	"spriteSourceSize": {"x":0,"y":0,"w":116,"h":442},
	"sourceSize": {"w":116,"h":442}
},
"theme_02_wood_00.png":
{
	"frame": {"x":1,"y":1963,"w":124,"h":76},
	"rotated": false,
	"trimmed": true,
	"spriteSourceSize": {"x":0,"y":0,"w":124,"h":76},
	"sourceSize": {"w":124,"h":75}
}},
"meta": {
	"app": "http://www.codeandweb.com/texturepacker",
	"version": "1.0",
	"image": "theme_02_0.png",
	"format": "RGBA8888",
	"size": {"w":1024,"h":2048},
	"scale": "0.5",
	"smartupdate": "$TexturePacker:SmartUpdate:931b50f9ced1446705ef3dcd28335c47:dc8bd052b064f854970f5a5cd1cfa34a:6fa04b19cf9fe23a77ee714e12b618d3$"
}
}
