{"frames": {

"ingame_goal_bg.png":
{
	"frame": {"x":1320,"y":746,"w":710,"h":56},
	"rotated": false,
	"trimmed": true,
	"spriteSourceSize": {"x":0,"y":2,"w":710,"h":56},
	"sourceSize": {"w":710,"h":60}
},
"ingame_personal_best_00.png":
{
	"frame": {"x":1080,"y":1170,"w":24,"h":768},
	"rotated": false,
	"trimmed": false,
	"spriteSourceSize": {"x":0,"y":0,"w":24,"h":768},
	"sourceSize": {"w":24,"h":768}
},
"ingame_personal_best_01.png":
{
	"frame": {"x":1022,"y":1170,"w":54,"h":768},
	"rotated": false,
	"trimmed": true,
	"spriteSourceSize": {"x":0,"y":0,"w":54,"h":768},
	"sourceSize": {"w":56,"h":768}
},
"ingame_progress_bar_cyan_off.png":
{
	"frame": {"x":1394,"y":350,"w":8,"h":16},
	"rotated": false,
	"trimmed": false,
	"spriteSourceSize": {"x":0,"y":0,"w":8,"h":16},
	"sourceSize": {"w":8,"h":16}
},
"ingame_progress_bar_cyan_on.png":
{
	"frame": {"x":1394,"y":370,"w":8,"h":16},
	"rotated": false,
	"trimmed": false,
	"spriteSourceSize": {"x":0,"y":0,"w":8,"h":16},
	"sourceSize": {"w":8,"h":16}
},
"ingame_progress_bar_green_off.png":
{
	"frame": {"x":2036,"y":512,"w":8,"h":16},
	"rotated": false,
	"trimmed": false,
	"spriteSourceSize": {"x":0,"y":0,"w":8,"h":16},
	"sourceSize": {"w":8,"h":16}
},
"ingame_progress_bar_green_on.png":
{
	"frame": {"x":2036,"y":532,"w":8,"h":16},
	"rotated": false,
	"trimmed": false,
	"spriteSourceSize": {"x":0,"y":0,"w":8,"h":16},
	"sourceSize": {"w":8,"h":16}
},
"ingame_progress_bar_pink_off.png":
{
	"frame": {"x":2036,"y":552,"w":8,"h":16},
	"rotated": false,
	"trimmed": false,
	"spriteSourceSize": {"x":0,"y":0,"w":8,"h":16},
	"sourceSize": {"w":8,"h":16}
},
"ingame_progress_bar_pink_on.png":
{
	"frame": {"x":2036,"y":572,"w":8,"h":16},
	"rotated": false,
	"trimmed": false,
	"spriteSourceSize": {"x":0,"y":0,"w":8,"h":16},
	"sourceSize": {"w":8,"h":16}
},
"ingame_progress_bar_purple_off.png":
{
	"frame": {"x":2036,"y":592,"w":8,"h":16},
	"rotated": false,
	"trimmed": false,
	"spriteSourceSize": {"x":0,"y":0,"w":8,"h":16},
	"sourceSize": {"w":8,"h":16}
},
"ingame_progress_bar_purple_on.png":
{
	"frame": {"x":2036,"y":612,"w":8,"h":16},
	"rotated": false,
	"trimmed": false,
	"spriteSourceSize": {"x":0,"y":0,"w":8,"h":16},
	"sourceSize": {"w":8,"h":16}
},
"ingame_progress_cap_cyan_l.png":
{
	"frame": {"x":2036,"y":632,"w":8,"h":16},
	"rotated": false,
	"trimmed": false,
	"spriteSourceSize": {"x":0,"y":0,"w":8,"h":16},
	"sourceSize": {"w":8,"h":16}
},
"ingame_progress_cap_cyan_r.png":
{
	"frame": {"x":2036,"y":652,"w":8,"h":16},
	"rotated": false,
	"trimmed": false,
	"spriteSourceSize": {"x":0,"y":0,"w":8,"h":16},
	"sourceSize": {"w":8,"h":16}
},
"ingame_progress_cap_green_l.png":
{
	"frame": {"x":2036,"y":672,"w":8,"h":16},
	"rotated": false,
	"trimmed": false,
	"spriteSourceSize": {"x":0,"y":0,"w":8,"h":16},
	"sourceSize": {"w":8,"h":16}
},
"ingame_progress_cap_green_r.png":
{
	"frame": {"x":884,"y":604,"w":8,"h":16},
	"rotated": false,
	"trimmed": false,
	"spriteSourceSize": {"x":0,"y":0,"w":8,"h":16},
	"sourceSize": {"w":8,"h":16}
},
"ingame_progress_cap_pink_l.png":
{
	"frame": {"x":884,"y":624,"w":8,"h":16},
	"rotated": false,
	"trimmed": false,
	"spriteSourceSize": {"x":0,"y":0,"w":8,"h":16},
	"sourceSize": {"w":8,"h":16}
},
"ingame_progress_cap_pink_r.png":
{
	"frame": {"x":884,"y":644,"w":8,"h":16},
	"rotated": false,
	"trimmed": false,
	"spriteSourceSize": {"x":0,"y":0,"w":8,"h":16},
	"sourceSize": {"w":8,"h":16}
},
"ingame_progress_cap_purple_l.png":
{
	"frame": {"x":884,"y":664,"w":8,"h":16},
	"rotated": false,
	"trimmed": false,
	"spriteSourceSize": {"x":0,"y":0,"w":8,"h":16},
	"sourceSize": {"w":8,"h":16}
},
"ingame_progress_cap_purple_r.png":
{
	"frame": {"x":884,"y":684,"w":8,"h":16},
	"rotated": false,
	"trimmed": false,
	"spriteSourceSize": {"x":0,"y":0,"w":8,"h":16},
	"sourceSize": {"w":8,"h":16}
},
"ingame_progress_char_elsa.png":
{
	"frame": {"x":1406,"y":326,"w":68,"h":70},
	"rotated": false,
	"trimmed": true,
	"spriteSourceSize": {"x":16,"y":14,"w":68,"h":70},
	"sourceSize": {"w":100,"h":100}
},
"ingame_progress_char_olaf.png":
{
	"frame": {"x":1406,"y":158,"w":68,"h":84},
	"rotated": false,
	"trimmed": true,
	"spriteSourceSize": {"x":16,"y":0,"w":68,"h":84},
	"sourceSize": {"w":100,"h":100}
},
"ingame_sled_00.png":
{
	"frame": {"x":1810,"y":682,"w":152,"h":56},
	"rotated": false,
	"trimmed": true,
	"spriteSourceSize": {"x":4,"y":0,"w":152,"h":56},
	"sourceSize": {"w":160,"h":56}
},
"ingame_troll_sign_arrow.png":
{
	"frame": {"x":1708,"y":512,"w":48,"h":48},
	"rotated": false,
	"trimmed": true,
	"spriteSourceSize": {"x":0,"y":0,"w":48,"h":48},
	"sourceSize": {"w":47,"h":47}
},
"ingame_tutorial_text_bg.png":
{
	"frame": {"x":1348,"y":806,"w":600,"h":130},
	"rotated": false,
	"trimmed": false,
	"spriteSourceSize": {"x":0,"y":0,"w":600,"h":130},
	"sourceSize": {"w":600,"h":130}
},
"map_star_01.png":
{
	"frame": {"x":1878,"y":554,"w":10,"h":10},
	"rotated": false,
	"trimmed": false,
	"spriteSourceSize": {"x":0,"y":0,"w":10,"h":10},
	"sourceSize": {"w":10,"h":10}
},
"map_star_02.png":
{
	"frame": {"x":2028,"y":692,"w":16,"h":16},
	"rotated": false,
	"trimmed": true,
	"spriteSourceSize": {"x":0,"y":0,"w":16,"h":16},
	"sourceSize": {"w":15,"h":15}
},
"map_wave_01.png":
{
	"frame": {"x":1972,"y":554,"w":16,"h":6},
	"rotated": false,
	"trimmed": true,
	"spriteSourceSize": {"x":0,"y":0,"w":16,"h":6},
	"sourceSize": {"w":15,"h":5}
},
"map_wave_02.png":
{
	"frame": {"x":1904,"y":554,"w":30,"h":6},
	"rotated": false,
	"trimmed": true,
	"spriteSourceSize": {"x":0,"y":0,"w":30,"h":6},
	"sourceSize": {"w":30,"h":5}
},
"map_wave_03.png":
{
	"frame": {"x":1938,"y":554,"w":30,"h":6},
	"rotated": false,
	"trimmed": true,
	"spriteSourceSize": {"x":0,"y":0,"w":30,"h":6},
	"sourceSize": {"w":30,"h":5}
},
"menu_barrel_00.png":
{
	"frame": {"x":884,"y":988,"w":250,"h":178},
	"rotated": false,
	"trimmed": false,
	"spriteSourceSize": {"x":0,"y":0,"w":250,"h":178},
	"sourceSize": {"w":250,"h":178}
},
"menu_carriage_00.png":
{
	"frame": {"x":898,"y":350,"w":492,"h":188},
	"rotated": false,
	"trimmed": true,
	"spriteSourceSize": {"x":0,"y":0,"w":492,"h":188},
	"sourceSize": {"w":492,"h":190}
},
"menu_rock_00.png":
{
	"frame": {"x":4,"y":158,"w":890,"h":388},
	"rotated": false,
	"trimmed": true,
	"spriteSourceSize": {"x":0,"y":4,"w":890,"h":388},
	"sourceSize": {"w":890,"h":392}
},
"menu_tree_05.png":
{
	"frame": {"x":1348,"y":1408,"w":316,"h":628},
	"rotated": false,
	"trimmed": true,
	"spriteSourceSize": {"x":2,"y":0,"w":316,"h":628},
	"sourceSize": {"w":320,"h":640}
},
"menu_tree_06.png":
{
	"frame": {"x":618,"y":1170,"w":400,"h":774},
	"rotated": false,
	"trimmed": true,
	"spriteSourceSize": {"x":0,"y":2,"w":400,"h":774},
	"sourceSize": {"w":400,"h":780}
},
"olaf_ankle_l_01.png":
{
	"frame": {"x":1108,"y":1170,"w":26,"h":22},
	"rotated": false,
	"trimmed": true,
	"spriteSourceSize": {"x":4,"y":6,"w":26,"h":22},
	"sourceSize": {"w":32,"h":32}
},
"olaf_ankle_r_01.png":
{
	"frame": {"x":1108,"y":1170,"w":26,"h":22},
	"rotated": false,
	"trimmed": true,
	"spriteSourceSize": {"x":4,"y":6,"w":26,"h":22},
	"sourceSize": {"w":32,"h":32}
},
"olaf_chest_upper_01.png":
{
	"frame": {"x":2006,"y":2016,"w":30,"h":26},
	"rotated": false,
	"trimmed": true,
	"spriteSourceSize": {"x":2,"y":4,"w":30,"h":26},
	"sourceSize": {"w":32,"h":32}
},
"olaf_hip_01.png":
{
	"frame": {"x":1828,"y":512,"w":46,"h":46},
	"rotated": false,
	"trimmed": true,
	"spriteSourceSize": {"x":2,"y":2,"w":46,"h":46},
	"sourceSize": {"w":48,"h":48}
},
"particle_rock_00.png":
{
	"frame": {"x":1572,"y":532,"w":32,"h":32},
	"rotated": false,
	"trimmed": false,
	"spriteSourceSize": {"x":0,"y":0,"w":32,"h":32},
	"sourceSize": {"w":32,"h":32}
},
"particle_rock_01.png":
{
	"frame": {"x":1320,"y":884,"w":20,"h":20},
	"rotated": false,
	"trimmed": true,
	"spriteSourceSize": {"x":6,"y":6,"w":20,"h":20},
	"sourceSize": {"w":32,"h":32}
},
"particle_rock_02.png":
{
	"frame": {"x":1320,"y":856,"w":22,"h":24},
	"rotated": false,
	"trimmed": true,
	"spriteSourceSize": {"x":6,"y":4,"w":22,"h":24},
	"sourceSize": {"w":32,"h":32}
},
"particle_snowflake_00.png":
{
	"frame": {"x":1608,"y":532,"w":32,"h":32},
	"rotated": false,
	"trimmed": false,
	"spriteSourceSize": {"x":0,"y":0,"w":32,"h":32},
	"sourceSize": {"w":32,"h":32}
},
"particle_snowflake_01.png":
{
	"frame": {"x":1372,"y":542,"w":18,"h":20},
	"rotated": false,
	"trimmed": true,
	"spriteSourceSize": {"x":8,"y":6,"w":18,"h":20},
	"sourceSize": {"w":32,"h":32}
},
"particle_snowflake_02.png":
{
	"frame": {"x":1892,"y":554,"w":8,"h":8},
	"rotated": false,
	"trimmed": true,
	"spriteSourceSize": {"x":4,"y":4,"w":8,"h":8},
	"sourceSize": {"w":16,"h":16}
},
"particle_snowflake_03.png":
{
	"frame": {"x":2028,"y":712,"w":16,"h":16},
	"rotated": false,
	"trimmed": false,
	"spriteSourceSize": {"x":0,"y":0,"w":16,"h":16},
	"sourceSize": {"w":16,"h":16}
},
"particle_snowflake_offset_00.png":
{
	"frame": {"x":1372,"y":588,"w":16,"h":20},
	"rotated": false,
	"trimmed": true,
	"spriteSourceSize": {"x":8,"y":0,"w":16,"h":20},
	"sourceSize": {"w":32,"h":32}
},
"particle_snowflake_offset_01.png":
{
	"frame": {"x":1372,"y":566,"w":18,"h":18},
	"rotated": false,
	"trimmed": true,
	"spriteSourceSize": {"x":8,"y":0,"w":18,"h":18},
	"sourceSize": {"w":32,"h":32}
},
"particle_snowflake_offset_02.png":
{
	"frame": {"x":1892,"y":554,"w":8,"h":8},
	"rotated": false,
	"trimmed": true,
	"spriteSourceSize": {"x":12,"y":4,"w":8,"h":8},
	"sourceSize": {"w":32,"h":32}
},
"particle_snowflake_offset_03.png":
{
	"frame": {"x":1320,"y":908,"w":20,"h":16},
	"rotated": false,
	"trimmed": true,
	"spriteSourceSize": {"x":6,"y":0,"w":20,"h":16},
	"sourceSize": {"w":32,"h":32}
},
"particle_sparkle_00.png":
{
	"frame": {"x":1320,"y":928,"w":16,"h":16},
	"rotated": false,
	"trimmed": true,
	"spriteSourceSize": {"x":8,"y":8,"w":16,"h":16},
	"sourceSize": {"w":32,"h":32}
},
"particle_sparkle_01.png":
{
	"frame": {"x":70,"y":2030,"w":16,"h":14},
	"rotated": false,
	"trimmed": true,
	"spriteSourceSize": {"x":8,"y":8,"w":16,"h":14},
	"sourceSize": {"w":32,"h":32}
},
"particle_sparkle_02.png":
{
	"frame": {"x":1320,"y":948,"w":16,"h":16},
	"rotated": false,
	"trimmed": true,
	"spriteSourceSize": {"x":8,"y":8,"w":16,"h":16},
	"sourceSize": {"w":32,"h":32}
},
"particle_sparkle_03.png":
{
	"frame": {"x":1320,"y":928,"w":16,"h":16},
	"rotated": false,
	"trimmed": true,
	"spriteSourceSize": {"x":8,"y":8,"w":16,"h":16},
	"sourceSize": {"w":32,"h":32}
},
"particle_sparkle_offset_00.png":
{
	"frame": {"x":90,"y":2030,"w":16,"h":14},
	"rotated": false,
	"trimmed": true,
	"spriteSourceSize": {"x":8,"y":0,"w":16,"h":14},
	"sourceSize": {"w":32,"h":32}
},
"particle_sparkle_offset_01.png":
{
	"frame": {"x":110,"y":2030,"w":16,"h":14},
	"rotated": false,
	"trimmed": true,
	"spriteSourceSize": {"x":8,"y":0,"w":16,"h":14},
	"sourceSize": {"w":32,"h":32}
},
"particle_sparkle_offset_02.png":
{
	"frame": {"x":70,"y":2030,"w":16,"h":14},
	"rotated": false,
	"trimmed": true,
	"spriteSourceSize": {"x":8,"y":18,"w":16,"h":14},
	"sourceSize": {"w":32,"h":32}
},
"particle_sparkle_offset_03.png":
{
	"frame": {"x":90,"y":2030,"w":16,"h":14},
	"rotated": false,
	"trimmed": true,
	"spriteSourceSize": {"x":8,"y":18,"w":16,"h":14},
	"sourceSize": {"w":32,"h":32}
},
"particle_wood_00.png":
{
	"frame": {"x":1884,"y":940,"w":60,"h":16},
	"rotated": false,
	"trimmed": true,
	"spriteSourceSize": {"x":0,"y":0,"w":60,"h":16},
	"sourceSize": {"w":60,"h":15}
},
"particle_wood_01.png":
{
	"frame": {"x":1572,"y":512,"w":68,"h":16},
	"rotated": false,
	"trimmed": true,
	"spriteSourceSize": {"x":0,"y":0,"w":68,"h":16},
	"sourceSize": {"w":68,"h":15}
},
"particle_wood_02.png":
{
	"frame": {"x":4,"y":2030,"w":62,"h":14},
	"rotated": false,
	"trimmed": true,
	"spriteSourceSize": {"x":0,"y":0,"w":62,"h":14},
	"sourceSize": {"w":61,"h":14}
},
"ui_bonus_snowflake_6.png":
{
	"frame": {"x":1108,"y":1368,"w":236,"h":256},
	"rotated": false,
	"trimmed": true,
	"spriteSourceSize": {"x":12,"y":2,"w":236,"h":256},
	"sourceSize": {"w":260,"h":260}
},
"ui_btn_con_down.png":
{
	"frame": {"x":1942,"y":1018,"w":102,"h":100},
	"rotated": false,
	"trimmed": true,
	"spriteSourceSize": {"x":20,"y":18,"w":102,"h":100},
	"sourceSize": {"w":140,"h":140}
},
"ui_btn_exit_blue.png":
{
	"frame": {"x":1878,"y":512,"w":150,"h":38},
	"rotated": false,
	"trimmed": false,
	"spriteSourceSize": {"x":0,"y":0,"w":150,"h":38},
	"sourceSize": {"w":150,"h":38}
},
"ui_btn_exit_white.png":
{
	"frame": {"x":1630,"y":940,"w":150,"h":38},
	"rotated": false,
	"trimmed": false,
	"spriteSourceSize": {"x":0,"y":0,"w":150,"h":38},
	"sourceSize": {"w":150,"h":38}
},
"ui_btn_nav_down.png":
{
	"frame": {"x":1886,"y":1750,"w":158,"h":170},
	"rotated": false,
	"trimmed": true,
	"spriteSourceSize": {"x":4,"y":0,"w":158,"h":170},
	"sourceSize": {"w":170,"h":170}
},
"ui_btn_secnav_out.png":
{
	"frame": {"x":1886,"y":1924,"w":116,"h":116},
	"rotated": false,
	"trimmed": true,
	"spriteSourceSize": {"x":22,"y":24,"w":116,"h":116},
	"sourceSize": {"w":160,"h":160}
},
"ui_btn_upgrade_close_out.png":
{
	"frame": {"x":1460,"y":682,"w":60,"h":60},
	"rotated": false,
	"trimmed": true,
	"spriteSourceSize": {"x":10,"y":10,"w":60,"h":60},
	"sourceSize": {"w":80,"h":80}
},
"ui_btn_upgrade_down.png":
{
	"frame": {"x":1394,"y":400,"w":80,"h":80},
	"rotated": false,
	"trimmed": false,
	"spriteSourceSize": {"x":0,"y":0,"w":80,"h":80},
	"sourceSize": {"w":80,"h":80}
},
"ui_goals_3.png":
{
	"frame": {"x":618,"y":1948,"w":726,"h":96},
	"rotated": false,
	"trimmed": true,
	"spriteSourceSize": {"x":4,"y":2,"w":726,"h":96},
	"sourceSize": {"w":740,"h":100}
},
"ui_help_characters_crystals.png":
{
	"frame": {"x":898,"y":158,"w":504,"h":188},
	"rotated": false,
	"trimmed": true,
	"spriteSourceSize": {"x":224,"y":0,"w":504,"h":188},
	"sourceSize": {"w":727,"h":337}
},
"ui_help_characters_magic.png":
{
	"frame": {"x":1108,"y":1716,"w":236,"h":82},
	"rotated": false,
	"trimmed": true,
	"spriteSourceSize": {"x":138,"y":220,"w":236,"h":82},
	"sourceSize": {"w":727,"h":337}
},
"ui_help_characters_magnet.png":
{
	"frame": {"x":1108,"y":1628,"w":236,"h":84},
	"rotated": false,
	"trimmed": true,
	"spriteSourceSize": {"x":138,"y":164,"w":236,"h":84},
	"sourceSize": {"w":727,"h":337}
},
"ui_help_characters_tumble.png":
{
	"frame": {"x":1108,"y":1802,"w":236,"h":80},
	"rotated": false,
	"trimmed": true,
	"spriteSourceSize": {"x":138,"y":112,"w":236,"h":80},
	"sourceSize": {"w":727,"h":337}
},
"ui_help_gameplay_enter.png":
{
	"frame": {"x":1952,"y":806,"w":90,"h":102},
	"rotated": false,
	"trimmed": true,
	"spriteSourceSize": {"x":314,"y":234,"w":90,"h":102},
	"sourceSize": {"w":727,"h":337}
},
"ui_help_gameplay_enter_olaf.png":
{
	"frame": {"x":1952,"y":912,"w":90,"h":102},
	"rotated": false,
	"trimmed": true,
	"spriteSourceSize": {"x":314,"y":22,"w":90,"h":102},
	"sourceSize": {"w":727,"h":337}
},
"ui_help_tap_highlight_r.png":
{
	"frame": {"x":1668,"y":1408,"w":374,"h":338},
	"rotated": false,
	"trimmed": true,
	"spriteSourceSize": {"x":354,"y":0,"w":374,"h":338},
	"sourceSize": {"w":727,"h":337}
},
"ui_icon_con_back.png":
{
	"frame": {"x":1398,"y":1368,"w":40,"h":36},
	"rotated": false,
	"trimmed": true,
	"spriteSourceSize": {"x":48,"y":50,"w":40,"h":36},
	"sourceSize": {"w":140,"h":140}
},
"ui_icon_con_cross.png":
{
	"frame": {"x":2006,"y":1924,"w":38,"h":38},
	"rotated": false,
	"trimmed": true,
	"spriteSourceSize": {"x":52,"y":48,"w":38,"h":38},
	"sourceSize": {"w":140,"h":140}
},
"ui_icon_con_goals.png":
{
	"frame": {"x":1348,"y":1368,"w":46,"h":36},
	"rotated": false,
	"trimmed": true,
	"spriteSourceSize": {"x":48,"y":52,"w":46,"h":36},
	"sourceSize": {"w":140,"h":140}
},
"ui_icon_con_help.png":
{
	"frame": {"x":1436,"y":940,"w":30,"h":42},
	"rotated": false,
	"trimmed": true,
	"spriteSourceSize": {"x":56,"y":46,"w":30,"h":42},
	"sourceSize": {"w":140,"h":140}
},
"ui_icon_con_home.png":
{
	"frame": {"x":1838,"y":940,"w":42,"h":38},
	"rotated": false,
	"trimmed": true,
	"spriteSourceSize": {"x":50,"y":46,"w":42,"h":38},
	"sourceSize": {"w":140,"h":140}
},
"ui_icon_con_pause.png":
{
	"frame": {"x":1442,"y":1368,"w":32,"h":36},
	"rotated": false,
	"trimmed": true,
	"spriteSourceSize": {"x":54,"y":50,"w":32,"h":36},
	"sourceSize": {"w":140,"h":140}
},
"ui_icon_con_restart.png":
{
	"frame": {"x":1394,"y":940,"w":38,"h":42},
	"rotated": false,
	"trimmed": true,
	"spriteSourceSize": {"x":52,"y":46,"w":38,"h":42},
	"sourceSize": {"w":140,"h":140}
},
"ui_icon_con_sound_off.png":
{
	"frame": {"x":1470,"y":940,"w":44,"h":40},
	"rotated": false,
	"trimmed": true,
	"spriteSourceSize": {"x":50,"y":48,"w":44,"h":40},
	"sourceSize": {"w":140,"h":140}
},
"ui_icon_con_sound_on.png":
{
	"frame": {"x":1518,"y":940,"w":40,"h":40},
	"rotated": false,
	"trimmed": true,
	"spriteSourceSize": {"x":50,"y":48,"w":40,"h":40},
	"sourceSize": {"w":140,"h":140}
},
"ui_icon_deco_2.png":
{
	"frame": {"x":898,"y":542,"w":470,"h":60},
	"rotated": false,
	"trimmed": false,
	"spriteSourceSize": {"x":0,"y":0,"w":470,"h":60},
	"sourceSize": {"w":470,"h":60}
},
"ui_icon_gameplay_distance_record.png":
{
	"frame": {"x":1942,"y":1280,"w":100,"h":124},
	"rotated": false,
	"trimmed": true,
	"spriteSourceSize": {"x":0,"y":2,"w":100,"h":124},
	"sourceSize": {"w":100,"h":130}
},
"ui_icon_input_001.png":
{
	"frame": {"x":1320,"y":806,"w":24,"h":46},
	"rotated": false,
	"trimmed": true,
	"spriteSourceSize": {"x":38,"y":26,"w":24,"h":46},
	"sourceSize": {"w":98,"h":98}
},
"ui_icon_input_002.png":
{
	"frame": {"x":2006,"y":1966,"w":32,"h":46},
	"rotated": false,
	"trimmed": true,
	"spriteSourceSize": {"x":34,"y":26,"w":32,"h":46},
	"sourceSize": {"w":98,"h":98}
},
"ui_icon_input_003.png":
{
	"frame": {"x":1274,"y":1886,"w":32,"h":46},
	"rotated": false,
	"trimmed": true,
	"spriteSourceSize": {"x":34,"y":26,"w":32,"h":46},
	"sourceSize": {"w":98,"h":98}
},
"ui_icon_input_004.png":
{
	"frame": {"x":1310,"y":1886,"w":32,"h":46},
	"rotated": false,
	"trimmed": true,
	"spriteSourceSize": {"x":34,"y":26,"w":32,"h":46},
	"sourceSize": {"w":98,"h":98}
},
"ui_icon_input_005.png":
{
	"frame": {"x":1760,"y":512,"w":30,"h":48},
	"rotated": false,
	"trimmed": true,
	"spriteSourceSize": {"x":34,"y":24,"w":30,"h":48},
	"sourceSize": {"w":98,"h":98}
},
"ui_icon_input_007.png":
{
	"frame": {"x":1794,"y":512,"w":30,"h":48},
	"rotated": false,
	"trimmed": true,
	"spriteSourceSize": {"x":34,"y":24,"w":30,"h":48},
	"sourceSize": {"w":98,"h":98}
},
"ui_icon_input_delete.png":
{
	"frame": {"x":1784,"y":940,"w":50,"h":38},
	"rotated": false,
	"trimmed": true,
	"spriteSourceSize": {"x":22,"y":28,"w":50,"h":38},
	"sourceSize": {"w":98,"h":98}
},
"ui_icon_input_enter.png":
{
	"frame": {"x":1340,"y":940,"w":50,"h":44},
	"rotated": false,
	"trimmed": true,
	"spriteSourceSize": {"x":24,"y":76,"w":50,"h":44},
	"sourceSize": {"w":98,"h":194}
},
"ui_icon_map_lock.png":
{
	"frame": {"x":1108,"y":1886,"w":46,"h":56},
	"rotated": false,
	"trimmed": true,
	"spriteSourceSize": {"x":50,"y":44,"w":46,"h":56},
	"sourceSize": {"w":150,"h":150}
},
"ui_icon_map_play.png":
{
	"frame": {"x":1708,"y":682,"w":52,"h":58},
	"rotated": false,
	"trimmed": true,
	"spriteSourceSize": {"x":50,"y":46,"w":52,"h":58},
	"sourceSize": {"w":150,"h":150}
},
"ui_icon_nav_cross.png":
{
	"frame": {"x":1158,"y":1886,"w":54,"h":54},
	"rotated": false,
	"trimmed": true,
	"spriteSourceSize": {"x":56,"y":56,"w":54,"h":54},
	"sourceSize": {"w":170,"h":170}
},
"ui_icon_nav_play.png":
{
	"frame": {"x":1406,"y":246,"w":68,"h":76},
	"rotated": false,
	"trimmed": true,
	"spriteSourceSize": {"x":68,"y":62,"w":68,"h":76},
	"sourceSize": {"w":200,"h":200}
},
"ui_icon_nav_restart.png":
{
	"frame": {"x":1648,"y":682,"w":56,"h":58},
	"rotated": false,
	"trimmed": true,
	"spriteSourceSize": {"x":56,"y":54,"w":56,"h":58},
	"sourceSize": {"w":170,"h":170}
},
"ui_icon_nav_tick.png":
{
	"frame": {"x":1644,"y":512,"w":60,"h":50},
	"rotated": false,
	"trimmed": true,
	"spriteSourceSize": {"x":54,"y":60,"w":60,"h":50},
	"sourceSize": {"w":170,"h":170}
},
"ui_icon_secnav_cross.png":
{
	"frame": {"x":1216,"y":1886,"w":54,"h":54},
	"rotated": false,
	"trimmed": true,
	"spriteSourceSize": {"x":54,"y":54,"w":54,"h":54},
	"sourceSize": {"w":160,"h":160}
},
"ui_icon_secnav_help.png":
{
	"frame": {"x":1764,"y":682,"w":42,"h":58},
	"rotated": false,
	"trimmed": true,
	"spriteSourceSize": {"x":60,"y":52,"w":42,"h":58},
	"sourceSize": {"w":160,"h":160}
},
"ui_icon_secnav_home.png":
{
	"frame": {"x":1966,"y":682,"w":58,"h":56},
	"rotated": false,
	"trimmed": true,
	"spriteSourceSize": {"x":52,"y":50,"w":58,"h":56},
	"sourceSize": {"w":160,"h":160}
},
"ui_icon_secnav_restart.png":
{
	"frame": {"x":1524,"y":682,"w":58,"h":60},
	"rotated": false,
	"trimmed": true,
	"spriteSourceSize": {"x":52,"y":50,"w":58,"h":60},
	"sourceSize": {"w":160,"h":160}
},
"ui_icon_secnav_sound_off.png":
{
	"frame": {"x":1394,"y":682,"w":62,"h":60},
	"rotated": false,
	"trimmed": true,
	"spriteSourceSize": {"x":52,"y":50,"w":62,"h":60},
	"sourceSize": {"w":160,"h":160}
},
"ui_icon_secnav_sound_on.png":
{
	"frame": {"x":1586,"y":682,"w":58,"h":60},
	"rotated": false,
	"trimmed": true,
	"spriteSourceSize": {"x":52,"y":50,"w":58,"h":60},
	"sourceSize": {"w":160,"h":160}
},
"ui_icon_snowflake.png":
{
	"frame": {"x":1394,"y":484,"w":80,"h":80},
	"rotated": false,
	"trimmed": false,
	"spriteSourceSize": {"x":0,"y":0,"w":80,"h":80},
	"sourceSize": {"w":80,"h":80}
},
"ui_map_char_kristoff.png":
{
	"frame": {"x":1942,"y":1122,"w":100,"h":154},
	"rotated": false,
	"trimmed": false,
	"spriteSourceSize": {"x":0,"y":0,"w":100,"h":154},
	"sourceSize": {"w":100,"h":154}
},
"ui_menu_character_kristoff.png":
{
	"frame": {"x":4,"y":1170,"w":610,"h":856},
	"rotated": false,
	"trimmed": true,
	"spriteSourceSize": {"x":0,"y":0,"w":610,"h":856},
	"sourceSize": {"w":610,"h":855}
},
"ui_menu_character_olaf.png":
{
	"frame": {"x":1668,"y":1750,"w":214,"h":290},
	"rotated": false,
	"trimmed": true,
	"spriteSourceSize": {"x":0,"y":0,"w":214,"h":290},
	"sourceSize": {"w":213,"h":290}
},
"ui_menu_snow.png":
{
	"frame": {"x":4,"y":4,"w":1470,"h":150},
	"rotated": false,
	"trimmed": false,
	"spriteSourceSize": {"x":0,"y":0,"w":1470,"h":150},
	"sourceSize": {"w":1470,"h":150}
},
"ui_popup_bg.png":
{
	"frame": {"x":4,"y":604,"w":876,"h":562},
	"rotated": false,
	"trimmed": true,
	"spriteSourceSize": {"x":2,"y":4,"w":876,"h":562},
	"sourceSize": {"w":880,"h":570}
},
"ui_popup_snowflakes_bg.png":
{
	"frame": {"x":1138,"y":988,"w":800,"h":376},
	"rotated": false,
	"trimmed": true,
	"spriteSourceSize": {"x":0,"y":0,"w":800,"h":376},
	"sourceSize": {"w":800,"h":380}
},
"ui_redeem_panel.png":
{
	"frame": {"x":1478,"y":4,"w":564,"h":504},
	"rotated": false,
	"trimmed": false,
	"spriteSourceSize": {"x":0,"y":0,"w":564,"h":504},
	"sourceSize": {"w":564,"h":504}
},
"ui_result_element_1.png":
{
	"frame": {"x":1478,"y":1368,"w":180,"h":30},
	"rotated": false,
	"trimmed": false,
	"spriteSourceSize": {"x":0,"y":0,"w":180,"h":30},
	"sourceSize": {"w":180,"h":30}
},
"ui_scroll_handle.png":
{
	"frame": {"x":1320,"y":612,"w":70,"h":130},
	"rotated": false,
	"trimmed": false,
	"spriteSourceSize": {"x":0,"y":0,"w":70,"h":130},
	"sourceSize": {"w":70,"h":130}
},
"ui_scroll_rope_bottom.png":
{
	"frame": {"x":1562,"y":940,"w":30,"h":40},
	"rotated": false,
	"trimmed": false,
	"spriteSourceSize": {"x":0,"y":0,"w":30,"h":40},
	"sourceSize": {"w":30,"h":40}
},
"ui_scroll_rope_tile.png":
{
	"frame": {"x":1884,"y":960,"w":30,"h":16},
	"rotated": false,
	"trimmed": false,
	"spriteSourceSize": {"x":0,"y":0,"w":30,"h":16},
	"sourceSize": {"w":30,"h":16}
},
"ui_scroll_rope_top.png":
{
	"frame": {"x":1596,"y":940,"w":30,"h":40},
	"rotated": false,
	"trimmed": false,
	"spriteSourceSize": {"x":0,"y":0,"w":30,"h":40},
	"sourceSize": {"w":30,"h":40}
},
"ui_snow_top.png":
{
	"frame": {"x":4,"y":550,"w":882,"h":50},
	"rotated": false,
	"trimmed": true,
	"spriteSourceSize": {"x":4,"y":2,"w":882,"h":50},
	"sourceSize": {"w":890,"h":56}
},
"ui_title_bg.png":
{
	"frame": {"x":1394,"y":568,"w":638,"h":110},
	"rotated": false,
	"trimmed": true,
	"spriteSourceSize": {"x":0,"y":0,"w":638,"h":110},
	"sourceSize": {"w":640,"h":110}
},
"ui_upgrade_gem.png":
{
	"frame": {"x":1478,"y":512,"w":90,"h":52},
	"rotated": false,
	"trimmed": true,
	"spriteSourceSize": {"x":0,"y":2,"w":90,"h":52},
	"sourceSize": {"w":90,"h":56}
},
"ui_upgrade_panel.png":
{
	"frame": {"x":896,"y":606,"w":420,"h":378},
	"rotated": false,
	"trimmed": true,
	"spriteSourceSize": {"x":0,"y":0,"w":420,"h":378},
	"sourceSize": {"w":420,"h":380}
}},
"meta": {
	"app": "http://www.codeandweb.com/texturepacker",
	"version": "1.0",
	"image": "ui0.png",
	"format": "RGBA8888",
	"size": {"w":2048,"h":2048},
	"scale": "0.5",
	"smartupdate": "$TexturePacker:SmartUpdate:e7a2cddb39a831e77dad1433587c6a28:232fd1d2f268a0539cae63e6ef84bd0a:0e59c0d667e8e1d8ab93e7135eaa1fba$"
}
}
