{
    "height": 800,
    "sections": [
        {
            "id": 0,
            "length": 8400,
            "blocks": [
                {"texture": "texture_1", "x": 0, "y": 150, "width": 1002, "height": 150},
                {"texture": "texture_1", "x": 1000, "y": 150, "width": 1002, "height": 150},
                {"texture": "texture_1", "x": 2000, "y": 150, "width": 1002, "height": 150},
                {"texture": "texture_1", "x": 3000, "y": 150, "width": 200, "height": 150},
                {"texture": "texture_2", "x": 3400, "y": 150, "width": 602, "height": 150},
                {"texture": "texture_1", "x": 4000, "y": 150, "width": 1002, "height": 150},
                {"texture": "texture_1", "x": 5000, "y": 150, "width": 302, "height": 150},
                {"texture": "texture_2", "x": 5300, "y": 250, "width": 702, "height": 250},
                {"texture": "texture_1", "x": 6000, "y": 250, "width": 1002, "height": 250},
                {"texture": "texture_2", "x": 6300, "y": 800, "width": 90, "height": 470},
                {"texture": "texture_1", "x": 7000, "y": 250, "width": 802, "height": 250},
                {"texture": "texture_1", "x": 7800, "y": 150, "width": 602, "height": 150}
            ],
            "stalls": [
            ],
            "platforms": [
                {"x": 4100, "y": 280, "width": 300, "height": 30}
            ],
            "enemies": [
                {"model": "crab", "x": 7600, "y": 250}
            ],
            "items": [
                {"type": "o3", "x": 1100, "y": 200},
                {"type": "o3", "x": 1600, "y": 200},
                {"type": "o7", "x": 2060, "y": 250},
                {"type": "o7", "x": 3160, "y": 250},
                {"type": "o5", "x": 4150, "y": 330},
                {"type": "o7", "x": 5100, "y": 270},
                {"type": "o3", "x": 6300, "y": 280},
                {"type": "o7", "x": 7150, "y": 370}
            ],
            "barriers": [
                {"x": 2200, "y": 150}
            ]
        },
        {
            "id": 1,
            "length": 3600,
            "blocks": [
                {"texture": "texture_1", "x": 0, "y": 150, "width": 1500, "height": 150},
                {"texture": "texture_2", "x": 1700, "y": 150, "width": 700, "height": 150},
                {"texture": "texture_2", "x": 2100, "y": 250, "width": 300, "height": 100},
                {"texture": "texture_1", "x": 2400, "y": 150, "width": 1200, "height": 150}
            ],
            "stalls": [
                {"model": 2, "x": 500, "y": 150},
                {"model": 1, "x": 970, "y": 150},
                {"model": 0, "x": 2500, "y": 150}
            ],
            "platforms": [
                {"x": 1500, "y": 400, "width": 300, "height": 30},
                {"x": 1950, "y": 450, "width": 400, "height": 30},
                {"x": 3000, "y": 450, "width": 400, "height": 30}
            ],
            "enemies": [

            ],
            "items": [
                {"type": "o3", "x": 620, "y": 200},
                {"type": "o3", "x": 1100, "y": 360},
                {"type": "o3", "x": 1600, "y": 450},
                {"type": "o5", "x": 1700, "y": 300},
                {"type": "o3", "x": 2200, "y": 300},
                {"type": "o7", "x": 2260, "y": 530},
                {"type": "o3", "x": 2640, "y": 200},
                {"type": "o3", "x": 3050, "y": 500},
                {"type": "o3", "x": 3100, "y": 200},
                {"type": "powerup", "x": 2700, "y": 450}
            ],
            "barriers": [
                {"x": 870, "y": 150},
                {"x": 3450, "y": 150}
            ]
        },
        {
            "id": 2,
            "length": 4400,
            "blocks": [
                {"texture": "texture_1", "x": 0, "y": 150, "width": 700, "height": 150},
                {"texture": "texture_2", "x": 850, "y": 200, "width": 500, "height": 200},
                {"texture": "texture_1", "x": 1550, "y": 150, "width": 1050, "height": 150},
                {"texture": "texture_2", "x": 2250, "y": 800, "width": 100, "height": 270, "custom": "bch"},
                {"texture": "texture_2", "x": 2750, "y": 250, "width": 350, "height": 250},
                {"texture": "texture_1", "x": 3100, "y": 250, "width": 400, "height": 250},
                {"texture": "texture_1", "x": 3700, "y": 150, "width": 702, "height": 150}
            ],
            "stalls": [
                {"model": 2, "x": 970, "y": 200},
                {"model": 1, "x": 3060, "y": 250}
            ],
            "platforms": [
                {"x": 200, "y": 300, "width": 300, "height": 30},
                {"x": 500, "y": 400, "width": 300, "height": 30},
                {"x": 1400, "y": 500, "width": 300, "height": 30},
                {"x": 1950, "y": 450, "width": 500, "height": 30},
                {"x": 2600, "y": 500, "width": 200, "height": 30},
                {"x": 3600, "y": 500, "width": 500, "height": 30}
            ],
            "enemies": [
                {"model": "droid", "x": 2400, "y": 200},
                {"model": "droid", "x": 4000, "y": 550},
                {"model": "crab", "x": 4250, "y": 150}
            ],
            "items": [
                {"type": "o3", "x": 250, "y": 200},
                {"type": "o3", "x": 600, "y": 450},
                {"type": "o5", "x": 1050, "y": 250},
                {"type": "o5", "x": 1450, "y": 530},
                {"type": "o7", "x": 1670, "y": 250},
                {"type": "o3", "x": 2250, "y": 490},
                {"type": "o7", "x": 2850, "y": 570},
                {"type": "o3", "x": 3200, "y": 300},
                {"type": "o5", "x": 3700, "y": 530},
                {"type": "o5", "x": 3750, "y": 200},
                {"type": "powerup", "x": 3350, "y": 500}
            ],
            "barriers": [
                {"x": 1800, "y": 150},
                {"x": 2950, "y": 250}
            ]
        },
        {
            "id": 3,
            "length": 5000,
            "blocks": [
                {"texture": "texture_1", "x": 0, "y": 150, "width": 900, "height": 150},
                {"texture": "texture_2", "x": 1050, "y": 250, "width": 700, "height": 250},
                {"texture": "texture_1", "x": 1750, "y": 400, "width": 302, "height": 400},
                {"texture": "texture_2", "x": 2050, "y": 800, "width": 100, "height": 320, "custom": "bch"},
                {"texture": "texture_1", "x": 2050, "y": 400, "width": 200, "height": 400, "custom": "bch"},
                {"texture": "texture_1", "x": 2250, "y": 400, "width": 200, "height": 400},
                {"texture": "texture_2", "x": 3600, "y": 200, "width": 702, "height": 200},
                {"texture": "texture_1", "x": 4300, "y": 150, "width": 702, "height": 150}
            ],
            "stalls": [
                {"model": 0, "x": 400, "y": 150},
                {"model": 1, "x": 4400, "y": 150}
            ],
            "platforms": [
                {"x": 50, "y": 300, "width": 250, "height": 30},
                {"x": 700, "y": 375, "width": 300, "height": 30},
                {"x": 1100, "y": 500, "width": 600, "height": 30},
                {"x": 2650, "y": 400, "width": 600, "height": 30},
                {"x": 3250, "y": 300, "width": 300, "height": 30},
                {"x": 3600, "y": 500, "width": 400, "height": 30},
                {"x": 4300, "y": 500, "width": 400, "height": 30}
            ],
            "enemies": [
                {"model": "crab", "x": 790, "y": 375},
                {"model": "droid", "x": 1500, "y": 300},
                {"model": "droid", "x": 3100, "y": 450}
            ],
            "items": [
                {"type": "o3", "x": 100, "y": 350},
                {"type": "o5", "x": 350, "y": 200},
                {"type": "o3", "x": 500, "y": 430},
                {"type": "o5", "x": 1100, "y": 300},
                {"type": "o7", "x": 1200, "y": 600},
                {"type": "o7", "x": 2000, "y": 500, "custom": "a"},
                {"type": "o3", "x": 2050, "y": 430, "custom": "bch"},
                {"type": "o5", "x": 2750, "y": 450},
                {"type": "o5", "x": 3700, "y": 550},
                {"type": "o3", "x": 3750, "y": 250},
                {"type": "o7", "x": 4000, "y": 650},
                {"type": "o5", "x": 4400, "y": 550},
                {"type": "o3", "x": 4450, "y": 200},
                {"type": "o3", "x": 4550, "y": 350},
                {"type": "powerup", "x": 4300, "y": 400}
            ],
            "barriers": [
                {"x": 1300, "y": 500},
                {"x": 4000, "y": 200}
            ]
        },
        {
            "id": 4,
            "length": 5000,
            "blocks": [
                {"texture": "texture_1", "x": 0, "y": 150, "width": 702, "height": 150},
                {"texture": "texture_1", "x": 700, "y": 250, "width": 500, "height": 250},
                {"texture": "texture_2", "x": 1350, "y": 350, "width": 200, "height": 300},
                {"texture": "texture_2", "x": 1700, "y": 450, "width": 702, "height": 400},
                {"texture": "texture_1", "x": 2400, "y": 150, "width": 900, "height": 150},
                {"texture": "texture_2", "x": 3450, "y": 200, "width": 550, "height": 200},
                {"texture": "texture_2", "x": 3600, "y": 500, "width": 300, "height": 100},
                {"texture": "texture_1", "x": 3800, "y": 400, "width": 100, "height": 120, "custom": "bch"},
                {"texture": "texture_2", "x": 4250, "y": 150, "width": 352, "height": 150},
                {"texture": "texture_1", "x": 4600, "y": 150, "width": 402, "height": 150}
            ],
            "stalls": [
                {"model": 0, "x": 2600, "y": 150},
                {"model": 1, "x": 4500, "y": 150}
            ],
            "platforms": [
                {"x": 200, "y": 350, "width": 400, "height": 30},
                {"x": 800, "y": 500, "width": 600, "height": 30},
                {"x": 3050, "y": 400, "width": 350, "height": 30},
                {"x": 3900, "y": 450, "width": 550, "height": 30}
            ],
            "enemies": [
                {"model": "droid", "x": 400, "y": 200},
                {"model": "crab", "x": 3050, "y": 150},
                {"model": "droid", "x": 4400, "y": 500}
            ],
            "items": [
                {"type": "o3", "x": 200, "y": 200},
                {"type": "o5", "x": 300, "y": 400},
                {"type": "o5", "x": 1000, "y": 550},
                {"type": "o3", "x": 1400, "y": 400},
                {"type": "o7", "x": 1850, "y": 550},
                {"type": "o5", "x": 2700, "y": 200},
                {"type": "o7", "x": 2850, "y": 450},
                {"type": "o3", "x": 3600, "y": 250},
                {"type": "o3", "x": 3700, "y": 550},
                {"type": "o5", "x": 4050, "y": 500},
                {"type": "o5", "x": 4400, "y": 200},
                {"type": "o3", "x": 4700, "y": 350},
                {"type": "powerup", "x": 4300, "y": 300}
            ],
            "barriers": [
                {"x": 2000, "y": 450}
            ]
        },
        {
            "id": 5,
            "length": 5000,
            "blocks": [
                {"texture": "texture_1", "x": 0, "y": 250, "width": 300, "height": 250},
                {"texture": "texture_2", "x": 0, "y": 250, "width": 17, "height": 100},
                {"texture": "texture_2", "x": 500, "y": 350, "width": 302, "height": 350},
                {"texture": "texture_1", "x": 800, "y": 350, "width": 400, "height": 350},
                {"texture": "texture_2", "x": 1450, "y": 800, "width": 200, "height": 200},
                {"texture": "texture_1", "x": 1900, "y": 300, "width": 900, "height": 300},
                {"texture": "texture_1", "x": 2950, "y": 150, "width": 350, "height": 150},
                {"texture": "texture_2", "x": 3500, "y": 250, "width": 600, "height": 250},
                {"texture": "texture_1", "x": 4100, "y": 350, "width": 600, "height": 350},
                {"texture": "texture_2", "x": 4100, "y": 350, "width": 17, "height": 100},
                {"texture": "texture_1", "x": 4700, "y": 150, "width": 302, "height": 150}
            ],
            "stalls": [
                {"model": 2, "x": 850, "y": 350},
                {"model": 0, "x": 2000, "y": 300},
                {"model": 1, "x": 4150, "y": 350}
            ],
            "platforms": [
                {"x": 1300, "y": 450, "width": 500, "height": 30},
                {"x": 2310, "y": 525, "width": 400, "height": 30},
                {"x": 2900, "y": 500, "width": 500, "height": 30},
                {"x": 3650, "y": 550, "width": 300, "height": 30},
                {"x": 4700, "y": 550, "width": 300, "height": 30}
            ],
            "enemies": [
                {"model": "droid", "x": 1650, "y": 500},
                {"model": "crab", "x": 2600, "y": 300},
                {"model": "droid", "x": 3250, "y": 550},
                {"model": "droid", "x": 3950, "y": 300}
            ],
            "items": [
                {"type": "o7", "x": 300, "y": 400},
                {"type": "o3", "x": 1000, "y": 400},
                {"type": "o3", "x": 1500, "y": 500},
                {"type": "o5", "x": 2000, "y": 350},
                {"type": "o7", "x": 2150, "y": 600},
                {"type": "o5", "x": 3000, "y": 200},
                {"type": "o3", "x": 3000, "y": 530},
                {"type": "o3", "x": 3200, "y": 530},
                {"type": "o7", "x": 3900, "y": 650},
                {"type": "o5", "x": 4450, "y": 400},
                {"type": "o3", "x": 4800, "y": 600},
                {"type": "powerup", "x": 3600, "y": 350}
            ],
            "barriers": [
                {"x": 700, "y": 350},
                {"x": 2300, "y": 525}
            ]
        }
    ],
    "temp":
        {
            "id": 99,
            "length": 1200,
            "blocks": [
                {"texture": "texture_1", "x": 0, "y": 150, "width": 1202, "height": 150}
            ],
            "stalls": [

            ],
            "platforms": [

            ],
            "enemies": [

            ],
            "items": [

            ],
            "barriers": [

            ]
        }

}