{
"skeleton": {
	"hash": "Celo4VHqZdwBCxtoEFDGwJYY2Fw",
	"spine": "3.4.02",
	"width": 161.05,
	"height": 149.4,
	"images": "./../texture_packer/textures/characters/trolls/troll_sign/"
},
"bones": [
	{ "name": "root" },
	{ "name": "hip", "parent": "root", "x": -0.19, "y": 47.09 },
	{ "name": "hip_bone", "parent": "hip", "length": 13.98, "rotation": 81, "x": 0.14, "y": 8.48, "color": "00ecffff" },
	{
		"name": "thigh_l",
		"parent": "hip_bone",
		"length": 23.55,
		"rotation": -111.51,
		"x": -16.32,
		"y": -18.82,
		"inheritScale": false,
		"color": "3cff64ff"
	},
	{
		"name": "shin_l",
		"parent": "thigh_l",
		"length": 24,
		"rotation": -49.72,
		"x": 21.69,
		"y": -0.6,
		"inheritScale": false,
		"color": "3cff64ff"
	},
	{ "name": "ankle_l", "parent": "shin_l", "length": 28.23, "rotation": 136.1, "x": 25.39, "y": -0.13, "color": "3cff64ff" },
	{
		"name": "thigh_r",
		"parent": "hip_bone",
		"length": 24.62,
		"rotation": 142.46,
		"x": -16.76,
		"y": 5.2,
		"inheritScale": false,
		"color": "ff4a57ff"
	},
	{
		"name": "shin_r",
		"parent": "thigh_r",
		"length": 24.64,
		"rotation": 37.57,
		"x": 22,
		"y": 0.42,
		"inheritScale": false,
		"color": "ff4a57ff"
	},
	{ "name": "ankle_r", "parent": "shin_r", "length": 28.49, "rotation": -124.43, "x": 21.25, "y": -0.4, "color": "ff4a57ff" },
	{
		"name": "chest",
		"parent": "hip_bone",
		"length": 12.49,
		"rotation": 5.42,
		"x": 14.37,
		"y": 0.57,
		"inheritScale": false,
		"color": "00ecffff"
	},
	{ "name": "bicep_l", "parent": "chest", "length": 30.27, "rotation": -69.26, "x": 6.69, "y": -33.3, "color": "3cff64ff" },
	{
		"name": "bicep_r",
		"parent": "chest",
		"length": 24.02,
		"rotation": 73.25,
		"x": 10.84,
		"y": 21.33,
		"inheritScale": false,
		"color": "ff4a57ff"
	},
	{ "name": "hand_l", "parent": "bicep_l", "length": 14.54, "rotation": -5.56, "x": 29.58, "y": -0.96 },
	{
		"name": "hand_r",
		"parent": "bicep_r",
		"length": 18.76,
		"rotation": -4.62,
		"x": 25.1,
		"y": -0.58,
		"inheritScale": false,
		"color": "ff4a57ff"
	},
	{
		"name": "head_bone",
		"parent": "chest",
		"length": 52.71,
		"rotation": -2.17,
		"x": 12.12,
		"y": 0.31,
		"inheritScale": false,
		"color": "00ecffff"
	}
],
"slots": [
	{ "name": "bicep_l", "bone": "bicep_l", "attachment": "bicep_l" },
	{ "name": "hand_l", "bone": "hand_l", "attachment": "hand_l_00" },
	{ "name": "hand_r", "bone": "hand_r", "attachment": "hand_r_00" },
	{ "name": "bicep_r", "bone": "bicep_r", "attachment": "bicep_r" },
	{ "name": "thigh_l", "bone": "thigh_l", "attachment": "thigh_l" },
	{ "name": "shin_l", "bone": "shin_l", "attachment": "shin_l" },
	{ "name": "ankle_l", "bone": "ankle_l", "attachment": "ankle_l" },
	{ "name": "thigh_r", "bone": "thigh_r", "attachment": "thigh_r" },
	{ "name": "shin_r", "bone": "shin_r", "attachment": "shin_r" },
	{ "name": "ankle_r", "bone": "ankle_r", "attachment": "ankle_r" },
	{ "name": "chest", "bone": "chest", "attachment": "chest" },
	{ "name": "head_bone", "bone": "head_bone", "attachment": "head_bone" }
],
"skins": {
	"default": {},
	"troll_sign": {
		"ankle_l": {
			"ankle_l": { "name": "troll_sign_foot_l_00", "x": 14.03, "y": -1.81, "rotation": -49.77, "width": 39, "height": 37 }
		},
		"ankle_r": {
			"ankle_r": { "name": "troll_sign_foot_r_00", "x": 11.81, "y": -0.1, "rotation": -128.16, "width": 38, "height": 37 }
		},
		"bicep_l": {
			"bicep_l": { "name": "troll_sign_arm_l_00", "x": 15.93, "y": -1.01, "rotation": -13.25, "width": 39, "height": 37 }
		},
		"bicep_r": {
			"bicep_r": { "name": "troll_sign_arm_r_00", "x": 12.66, "y": 2.32, "rotation": -173.49, "width": 39, "height": 36 }
		},
		"chest": {
			"chest": { "name": "troll_sign_body_00", "x": -9.41, "y": -2.58, "rotation": -90.3, "width": 110, "height": 92 }
		},
		"hand_l": {
			"hand_l_00": { "name": "troll_sign_hand_l_00", "x": 8.79, "y": 0.91, "rotation": 1.39, "width": 26, "height": 37 }
		},
		"hand_r": {
			"hand_r_00": { "name": "troll_sign_hand_r_00", "x": 9.99, "y": -0.95, "rotation": 172.12, "width": 26, "height": 37 }
		},
		"head_bone": {
			"head_bone": { "name": "troll_sign_head_00", "x": 16.83, "y": -8.97, "rotation": -84.1, "width": 95, "height": 83 }
		},
		"shin_l": {
			"shin_l": { "name": "troll_sign_shin_l_00", "x": 13.47, "y": 7.47, "rotation": 81.01, "width": 43, "height": 42 }
		},
		"shin_r": {
			"shin_r": { "name": "troll_sign_shin_r_00", "x": 9.18, "y": -6.37, "rotation": 102.96, "width": 44, "height": 42 }
		},
		"thigh_l": {
			"thigh_l": { "name": "troll_sign_thigh_l_00", "x": 12.6, "y": 0.43, "rotation": 34.92, "width": 45, "height": 41 }
		},
		"thigh_r": {
			"thigh_r": { "name": "troll_sign_thigh_r_00", "x": 14.06, "y": -2.81, "rotation": 151.34, "width": 45, "height": 41 }
		}
	}
},
"animations": {
	"collected": {
		"bones": {
			"hip": {
				"rotate": [
					{ "time": 0, "angle": 0, "curve": "stepped" },
					{
						"time": 0.1333,
						"angle": 0,
						"curve": [ 0.553, 0, 0.901, 0.79 ]
					},
					{ "time": 0.3666, "angle": -146.79 },
					{
						"time": 0.4333,
						"angle": 142.04,
						"curve": [ 0.138, 0.17, 0.419, 1 ]
					},
					{ "time": 0.6666, "angle": 0, "curve": "stepped" },
					{ "time": 1.3333, "angle": 0 }
				],
				"translate": [
					{
						"time": 0,
						"x": 0,
						"y": 0,
						"curve": [ 0.263, 0.51, 0.75, 1 ]
					},
					{
						"time": 0.2666,
						"x": 0,
						"y": 68.02,
						"curve": [ 0.242, 0, 0.635, 0.4 ]
					},
					{
						"time": 0.4,
						"x": 0,
						"y": 78.8,
						"curve": [ 0.391, 0.28, 0.76, 0.64 ]
					},
					{
						"time": 0.5,
						"x": 0,
						"y": 68.02,
						"curve": [ 0.25, 0, 0.769, 0.48 ]
					},
					{
						"time": 0.7666,
						"x": 0,
						"y": 0,
						"curve": [ 0.25, 0, 0.75, 1 ]
					},
					{ "time": 0.9666, "x": 0, "y": 7.32, "curve": "stepped" },
					{
						"time": 1.1333,
						"x": 0,
						"y": 7.32,
						"curve": [ 0.25, 0, 0.75, 1 ]
					},
					{ "time": 1.3333, "x": 0, "y": 0 }
				],
				"scale": [
					{ "time": 0, "x": 1, "y": 1, "curve": "stepped" },
					{ "time": 0.7666, "x": 1, "y": 1, "curve": "stepped" },
					{ "time": 1.3333, "x": 1, "y": 1 }
				]
			},
			"hip_bone": {
				"rotate": [
					{ "time": 0, "angle": 0, "curve": "stepped" },
					{ "time": 1.3333, "angle": 0 }
				],
				"translate": [
					{ "time": 0, "x": 0, "y": 0, "curve": "stepped" },
					{ "time": 1.3333, "x": 0, "y": 0 }
				],
				"scale": [
					{ "time": 0, "x": 1, "y": 1, "curve": "stepped" },
					{ "time": 1.3333, "x": 1, "y": 1 }
				]
			},
			"thigh_l": {
				"rotate": [
					{ "time": 0, "angle": -15.83, "curve": "stepped" },
					{
						"time": 0.6333,
						"angle": -15.83,
						"curve": [ 0.25, 0, 0.75, 1 ]
					},
					{
						"time": 0.7666,
						"angle": 15.05,
						"curve": [ 0.25, 0, 0.75, 1 ]
					},
					{ "time": 0.9666, "angle": -15.83, "curve": "stepped" },
					{ "time": 1.3333, "angle": -15.83 }
				],
				"translate": [
					{
						"time": 0,
						"x": 0,
						"y": 0,
						"curve": [ 0.25, 0, 0.75, 1 ]
					},
					{
						"time": 0.1333,
						"x": -9.39,
						"y": -1.71,
						"curve": [ 0.138, 0, 0.59, 1 ]
					},
					{
						"time": 0.3666,
						"x": 6.67,
						"y": 0.97,
						"curve": [ 0.356, 0, 0.795, 0.58 ]
					},
					{
						"time": 0.6333,
						"x": 0,
						"y": 0,
						"curve": [ 0.25, 0, 0.75, 1 ]
					},
					{
						"time": 0.7666,
						"x": -12.05,
						"y": -1.9,
						"curve": [ 0.25, 0, 0.75, 1 ]
					},
					{ "time": 0.9666, "x": -6.13, "y": -0.97, "curve": "stepped" },
					{
						"time": 1.1333,
						"x": -6.13,
						"y": -0.97,
						"curve": [ 0.25, 0, 0.75, 1 ]
					},
					{ "time": 1.3333, "x": 0, "y": 0 }
				],
				"scale": [
					{ "time": 0, "x": 1, "y": 1, "curve": "stepped" },
					{ "time": 0.6333, "x": 1, "y": 1, "curve": "stepped" },
					{ "time": 0.7666, "x": 1, "y": 1, "curve": "stepped" },
					{ "time": 0.9666, "x": 1, "y": 1, "curve": "stepped" },
					{ "time": 1.3333, "x": 1, "y": 1 }
				]
			},
			"shin_l": {
				"rotate": [
					{ "time": 0, "angle": -36.43 },
					{ "time": 0.1333, "angle": -21.24 },
					{ "time": 0.6333, "angle": -36.43 },
					{
						"time": 0.7666,
						"angle": -82.17,
						"curve": [ 0.25, 0, 0.75, 1 ]
					},
					{ "time": 0.9666, "angle": -36.43, "curve": "stepped" },
					{ "time": 1.3333, "angle": -36.43 }
				],
				"translate": [
					{ "time": 0, "x": 0, "y": 0, "curve": "stepped" },
					{ "time": 0.6333, "x": 0, "y": 0, "curve": "stepped" },
					{ "time": 0.7666, "x": 0, "y": 0, "curve": "stepped" },
					{ "time": 0.9666, "x": 0, "y": 0, "curve": "stepped" },
					{ "time": 1.3333, "x": 0, "y": 0 }
				],
				"scale": [
					{ "time": 0, "x": 1, "y": 1, "curve": "stepped" },
					{ "time": 0.6333, "x": 1, "y": 1, "curve": "stepped" },
					{ "time": 0.7666, "x": 1, "y": 1, "curve": "stepped" },
					{ "time": 0.9666, "x": 1, "y": 1, "curve": "stepped" },
					{ "time": 1.3333, "x": 1, "y": 1 }
				]
			},
			"thigh_r": {
				"rotate": [
					{ "time": 0, "angle": 0, "curve": "stepped" },
					{
						"time": 0.6333,
						"angle": 0,
						"curve": [ 0.25, 0, 0.75, 1 ]
					},
					{
						"time": 0.7666,
						"angle": -20.68,
						"curve": [ 0.25, 0, 0.75, 1 ]
					},
					{ "time": 0.9666, "angle": 0, "curve": "stepped" },
					{ "time": 1.3333, "angle": 0 }
				],
				"translate": [
					{
						"time": 0,
						"x": 1.38,
						"y": -8.77,
						"curve": [ 0.25, 0, 0.75, 1 ]
					},
					{
						"time": 0.1333,
						"x": -13.43,
						"y": -8.86,
						"curve": [ 0.171, 0.02, 0.561, 0.99 ]
					},
					{
						"time": 0.3666,
						"x": 6.08,
						"y": -7.2,
						"curve": [ 0.324, 0, 0.848, 0.77 ]
					},
					{
						"time": 0.6333,
						"x": 1.38,
						"y": -8.77,
						"curve": [ 0.25, 0, 0.75, 1 ]
					},
					{
						"time": 0.7666,
						"x": -9.24,
						"y": -9.77,
						"curve": [ 0.25, 0, 0.75, 1 ]
					},
					{ "time": 0.9666, "x": -6.72, "y": -10.05, "curve": "stepped" },
					{
						"time": 1.1333,
						"x": -6.72,
						"y": -10.05,
						"curve": [ 0.25, 0, 0.75, 1 ]
					},
					{ "time": 1.3333, "x": 1.38, "y": -8.77 }
				],
				"scale": [
					{ "time": 0, "x": 1, "y": 1, "curve": "stepped" },
					{ "time": 0.6333, "x": 1, "y": 1, "curve": "stepped" },
					{ "time": 0.7666, "x": 1, "y": 1, "curve": "stepped" },
					{ "time": 0.9666, "x": 1, "y": 1, "curve": "stepped" },
					{ "time": 1.3333, "x": 1, "y": 1 }
				]
			},
			"shin_r": {
				"rotate": [
					{
						"time": 0,
						"angle": 19.48,
						"curve": [ 0.25, 0, 0.75, 1 ]
					},
					{
						"time": 0.1333,
						"angle": 23.44,
						"curve": [ 0.25, 0, 0.75, 1 ]
					},
					{
						"time": 0.6333,
						"angle": 19.48,
						"curve": [ 0.25, 0, 0.75, 1 ]
					},
					{
						"time": 0.7666,
						"angle": 61.57,
						"curve": [ 0.25, 0, 0.75, 1 ]
					},
					{ "time": 0.9666, "angle": 19.48, "curve": "stepped" },
					{ "time": 1.3333, "angle": 19.48 }
				],
				"translate": [
					{ "time": 0, "x": 0, "y": 0, "curve": "stepped" },
					{ "time": 0.6333, "x": 0, "y": 0, "curve": "stepped" },
					{ "time": 0.7666, "x": 0, "y": 0, "curve": "stepped" },
					{ "time": 0.9666, "x": 0, "y": 0, "curve": "stepped" },
					{ "time": 1.3333, "x": 0, "y": 0 }
				],
				"scale": [
					{ "time": 0, "x": 1, "y": 1, "curve": "stepped" },
					{ "time": 0.6333, "x": 1, "y": 1, "curve": "stepped" },
					{ "time": 0.7666, "x": 1, "y": 1, "curve": "stepped" },
					{ "time": 0.9666, "x": 1, "y": 1, "curve": "stepped" },
					{ "time": 1.3333, "x": 1, "y": 1 }
				]
			},
			"ankle_r": {
				"rotate": [
					{
						"time": 0,
						"angle": 19.48,
						"curve": [ 0.25, 0, 0.75, 1 ]
					},
					{
						"time": 0.1333,
						"angle": 31.57,
						"curve": [ 0.284, 0, 0.625, 0.38 ]
					},
					{
						"time": 0.2333,
						"angle": 61.91,
						"curve": [ 0.32, 0.28, 0.757, 1 ]
					},
					{
						"time": 0.6333,
						"angle": 43.56,
						"curve": [ 0.25, 0, 0.75, 1 ]
					},
					{
						"time": 0.7666,
						"angle": 0.33,
						"curve": [ 0.25, 0, 0.75, 1 ]
					},
					{ "time": 0.9666, "angle": 19.48, "curve": "stepped" },
					{ "time": 1.3333, "angle": 19.48 }
				],
				"translate": [
					{
						"time": 0,
						"x": 0,
						"y": 0,
						"curve": [ 0.25, 0, 0.75, 1 ]
					},
					{
						"time": 0.6333,
						"x": 0.05,
						"y": 2.7,
						"curve": [ 0.25, 0, 0.75, 1 ]
					},
					{ "time": 0.7666, "x": 0, "y": 0, "curve": "stepped" },
					{ "time": 0.9666, "x": 0, "y": 0, "curve": "stepped" },
					{ "time": 1.3333, "x": 0, "y": 0 }
				],
				"scale": [
					{ "time": 0, "x": 1, "y": 1, "curve": "stepped" },
					{ "time": 0.6333, "x": 1, "y": 1, "curve": "stepped" },
					{ "time": 0.7666, "x": 1, "y": 1, "curve": "stepped" },
					{ "time": 0.9666, "x": 1, "y": 1, "curve": "stepped" },
					{ "time": 1.3333, "x": 1, "y": 1 }
				]
			},
			"chest": {
				"rotate": [
					{ "time": 0, "angle": 0, "curve": "stepped" },
					{ "time": 0.1, "angle": 0, "curve": "stepped" },
					{ "time": 0.7666, "angle": 0 },
					{ "time": 1.0666, "angle": -0.06 },
					{ "time": 1.3333, "angle": 0 }
				],
				"translate": [
					{
						"time": 0,
						"x": -10.78,
						"y": -1.7,
						"curve": [ 0.381, 0.58, 0.731, 1 ]
					},
					{ "time": 0.1, "x": -13.81, "y": -2.18 },
					{
						"time": 0.4666,
						"x": -1.31,
						"y": -0.2,
						"curve": [ 0.242, 0, 0.655, 0.62 ]
					},
					{
						"time": 0.7666,
						"x": -25.25,
						"y": -3.99,
						"curve": [ 0.381, 0.58, 0.731, 1 ]
					},
					{ "time": 1.3333, "x": -10.78, "y": -1.7 }
				],
				"scale": [
					{ "time": 0, "x": 1, "y": 1, "curve": "stepped" },
					{
						"time": 0.1,
						"x": 1,
						"y": 1,
						"curve": [ 0.25, 0, 0.75, 1 ]
					},
					{
						"time": 0.4666,
						"x": 1.135,
						"y": 1,
						"curve": [ 0.25, 0, 0.75, 1 ]
					},
					{ "time": 0.7666, "x": 0.861, "y": 1 },
					{ "time": 1.0666, "x": 1, "y": 1, "curve": "stepped" },
					{ "time": 1.3333, "x": 1, "y": 1 }
				]
			},
			"bicep_l": {
				"rotate": [
					{
						"time": 0,
						"angle": -56.33,
						"curve": [ 0.25, 0, 0.75, 1 ]
					},
					{
						"time": 0.2,
						"angle": 34.05,
						"curve": [ 0.25, 0, 0.75, 1 ]
					},
					{
						"time": 0.9666,
						"angle": -53.94,
						"curve": [ 0.375, 0.5, 0.75, 1 ]
					},
					{
						"time": 1.1333,
						"angle": -38.11,
						"curve": [ 0.25, 0, 0.75, 1 ]
					},
					{ "time": 1.3333, "angle": -56.33 }
				],
				"translate": [
					{ "time": 0, "x": -2.36, "y": -0.64, "curve": "stepped" },
					{ "time": 1.3333, "x": -2.36, "y": -0.64 }
				],
				"scale": [
					{ "time": 0, "x": 1, "y": 1, "curve": "stepped" },
					{ "time": 1.3333, "x": 1, "y": 1 }
				]
			},
			"bicep_r": {
				"rotate": [
					{
						"time": 0,
						"angle": 31.66,
						"curve": [ 0.25, 0, 0.75, 1 ]
					},
					{
						"time": 0.2,
						"angle": -28.67,
						"curve": [ 0.25, 0, 0.75, 1 ]
					},
					{
						"time": 0.9666,
						"angle": 39.47,
						"curve": [ 0.375, 0.5, 0.75, 1 ]
					},
					{
						"time": 1.1333,
						"angle": 17.17,
						"curve": [ 0.25, 0, 0.75, 1 ]
					},
					{ "time": 1.3333, "angle": 31.66 }
				],
				"translate": [
					{ "time": 0, "x": -10.42, "y": -1.27, "curve": "stepped" },
					{ "time": 0.7666, "x": -10.42, "y": -1.27, "curve": "stepped" },
					{ "time": 1.1333, "x": -10.42, "y": -1.27, "curve": "stepped" },
					{ "time": 1.3333, "x": -10.42, "y": -1.27 }
				],
				"scale": [
					{ "time": 0, "x": 1, "y": 1, "curve": "stepped" },
					{ "time": 0.7666, "x": 1, "y": 1, "curve": "stepped" },
					{ "time": 1.1333, "x": 1, "y": 1, "curve": "stepped" },
					{ "time": 1.3333, "x": 1, "y": 1 }
				]
			},
			"hand_l": {
				"rotate": [
					{ "time": 0, "angle": 0, "curve": "stepped" },
					{ "time": 1.3333, "angle": 0 }
				],
				"translate": [
					{ "time": 0, "x": 0, "y": 0, "curve": "stepped" },
					{ "time": 1.3333, "x": 0, "y": 0 }
				],
				"scale": [
					{ "time": 0, "x": 1, "y": 1, "curve": "stepped" },
					{ "time": 1.3333, "x": 1, "y": 1 }
				]
			},
			"hand_r": {
				"rotate": [
					{ "time": 0, "angle": 0, "curve": "stepped" },
					{ "time": 1.3333, "angle": 0 }
				],
				"translate": [
					{ "time": 0, "x": 0, "y": 0, "curve": "stepped" },
					{ "time": 1.3333, "x": 0, "y": 0 }
				],
				"scale": [
					{ "time": 0, "x": 1, "y": 1, "curve": "stepped" },
					{ "time": 1.3333, "x": 1, "y": 1 }
				]
			},
			"head_bone": {
				"rotate": [
					{ "time": 0, "angle": 0, "curve": "stepped" },
					{ "time": 1.3333, "angle": 0 }
				],
				"translate": [
					{
						"time": 0,
						"x": 0,
						"y": 0,
						"curve": [ 0.25, 0, 0.75, 1 ]
					},
					{
						"time": 0.1333,
						"x": -5.14,
						"y": -0.32,
						"curve": [ 0.25, 0, 0.75, 1 ]
					},
					{
						"time": 0.6333,
						"x": 7.64,
						"y": 0.35,
						"curve": [ 0.25, 0, 0.75, 1 ]
					},
					{
						"time": 0.9,
						"x": -9.62,
						"y": -0.94,
						"curve": [ 0.25, 0, 0.75, 1 ]
					},
					{ "time": 1.1333, "x": 0, "y": 0, "curve": "stepped" },
					{ "time": 1.3333, "x": 0, "y": 0 }
				],
				"scale": [
					{ "time": 0, "x": 1, "y": 1, "curve": "stepped" },
					{ "time": 1.3333, "x": 1, "y": 1 }
				]
			},
			"ankle_l": {
				"rotate": [
					{
						"time": 0,
						"angle": 0,
						"curve": [ 0.25, 0, 0.75, 1 ]
					},
					{
						"time": 0.1333,
						"angle": -32.17,
						"curve": [ 0.284, 0, 0.625, 0.38 ]
					},
					{
						"time": 0.2333,
						"angle": -51.45,
						"curve": [ 0.32, 0.28, 0.757, 1 ]
					},
					{ "time": 0.6333, "angle": -19.46 },
					{
						"time": 0.7666,
						"angle": 7.92,
						"curve": [ 0.25, 0, 0.75, 1 ]
					},
					{ "time": 0.9666, "angle": 0, "curve": "stepped" },
					{ "time": 1.3333, "angle": 0 }
				],
				"translate": [
					{ "time": 0, "x": 0, "y": 0, "curve": "stepped" },
					{ "time": 0.6333, "x": 0, "y": 0, "curve": "stepped" },
					{ "time": 0.7666, "x": 0, "y": 0, "curve": "stepped" },
					{ "time": 0.9666, "x": 0, "y": 0, "curve": "stepped" },
					{ "time": 1.3333, "x": 0, "y": 0 }
				],
				"scale": [
					{ "time": 0, "x": 1, "y": 1, "curve": "stepped" },
					{ "time": 0.6333, "x": 1, "y": 1, "curve": "stepped" },
					{ "time": 0.7666, "x": 1, "y": 1, "curve": "stepped" },
					{ "time": 0.9666, "x": 1, "y": 1, "curve": "stepped" },
					{ "time": 1.3333, "x": 1, "y": 1 }
				]
			}
		}
	},
	"idle1": {
		"bones": {
			"hip": {
				"rotate": [
					{ "time": 0, "angle": 0, "curve": "stepped" },
					{ "time": 0.5333, "angle": 0, "curve": "stepped" },
					{ "time": 0.9333, "angle": 0 }
				],
				"translate": [
					{
						"time": 0,
						"x": 0,
						"y": 0,
						"curve": [ 0.263, 0.51, 0.75, 1 ]
					},
					{
						"time": 0.2666,
						"x": 0,
						"y": 24.86,
						"curve": [ 0.25, 0, 0.769, 0.48 ]
					},
					{
						"time": 0.5333,
						"x": 0,
						"y": 0,
						"curve": [ 0.25, 0, 0.75, 1 ]
					},
					{ "time": 0.6666, "x": 0, "y": 7.32, "curve": "stepped" },
					{
						"time": 0.8,
						"x": 0,
						"y": 7.32,
						"curve": [ 0.25, 0, 0.75, 1 ]
					},
					{ "time": 0.9333, "x": 0, "y": 0 }
				],
				"scale": [
					{ "time": 0, "x": 1, "y": 1, "curve": "stepped" },
					{ "time": 0.5333, "x": 1, "y": 1, "curve": "stepped" },
					{ "time": 0.9333, "x": 1, "y": 1 }
				]
			},
			"hip_bone": {
				"rotate": [
					{ "time": 0, "angle": 0 }
				],
				"translate": [
					{ "time": 0, "x": 0, "y": 0 }
				],
				"scale": [
					{ "time": 0, "x": 1, "y": 1 }
				]
			},
			"thigh_l": {
				"rotate": [
					{ "time": 0, "angle": -15.83, "curve": "stepped" },
					{
						"time": 0.4333,
						"angle": -15.83,
						"curve": [ 0.25, 0, 0.75, 1 ]
					},
					{
						"time": 0.5333,
						"angle": 15.05,
						"curve": [ 0.25, 0, 0.75, 1 ]
					},
					{ "time": 0.6666, "angle": -15.83, "curve": "stepped" },
					{ "time": 0.9333, "angle": -15.83 }
				],
				"translate": [
					{
						"time": 0,
						"x": 0,
						"y": 0,
						"curve": [ 0.25, 0, 0.75, 1 ]
					},
					{
						"time": 0.1,
						"x": -9.39,
						"y": -1.71,
						"curve": [ 0.138, 0, 0.59, 1 ]
					},
					{
						"time": 0.2666,
						"x": 6.67,
						"y": 0.97,
						"curve": [ 0.356, 0, 0.795, 0.58 ]
					},
					{
						"time": 0.4333,
						"x": 0,
						"y": 0,
						"curve": [ 0.25, 0, 0.75, 1 ]
					},
					{
						"time": 0.5333,
						"x": -12.05,
						"y": -1.9,
						"curve": [ 0.25, 0, 0.75, 1 ]
					},
					{ "time": 0.6666, "x": -6.13, "y": -0.97, "curve": "stepped" },
					{
						"time": 0.8,
						"x": -6.13,
						"y": -0.97,
						"curve": [ 0.25, 0, 0.75, 1 ]
					},
					{ "time": 0.9333, "x": 0, "y": 0 }
				],
				"scale": [
					{ "time": 0, "x": 1, "y": 1, "curve": "stepped" },
					{ "time": 0.4333, "x": 1, "y": 1, "curve": "stepped" },
					{ "time": 0.5333, "x": 1, "y": 1, "curve": "stepped" },
					{ "time": 0.6666, "x": 1, "y": 1, "curve": "stepped" },
					{ "time": 0.9333, "x": 1, "y": 1 }
				]
			},
			"shin_l": {
				"rotate": [
					{ "time": 0, "angle": -36.43 },
					{ "time": 0.1, "angle": -21.24 },
					{ "time": 0.4333, "angle": -36.43 },
					{
						"time": 0.5333,
						"angle": -82.17,
						"curve": [ 0.25, 0, 0.75, 1 ]
					},
					{ "time": 0.6666, "angle": -36.43, "curve": "stepped" },
					{ "time": 0.9333, "angle": -36.43 }
				],
				"translate": [
					{ "time": 0, "x": 0, "y": 0, "curve": "stepped" },
					{ "time": 0.4333, "x": 0, "y": 0, "curve": "stepped" },
					{ "time": 0.5333, "x": 0, "y": 0, "curve": "stepped" },
					{ "time": 0.6666, "x": 0, "y": 0, "curve": "stepped" },
					{ "time": 0.9333, "x": 0, "y": 0 }
				],
				"scale": [
					{ "time": 0, "x": 1, "y": 1, "curve": "stepped" },
					{ "time": 0.4333, "x": 1, "y": 1, "curve": "stepped" },
					{ "time": 0.5333, "x": 1, "y": 1, "curve": "stepped" },
					{ "time": 0.6666, "x": 1, "y": 1, "curve": "stepped" },
					{ "time": 0.9333, "x": 1, "y": 1 }
				]
			},
			"thigh_r": {
				"rotate": [
					{ "time": 0, "angle": 0, "curve": "stepped" },
					{
						"time": 0.4333,
						"angle": 0,
						"curve": [ 0.25, 0, 0.75, 1 ]
					},
					{
						"time": 0.5333,
						"angle": -20.68,
						"curve": [ 0.25, 0, 0.75, 1 ]
					},
					{ "time": 0.6666, "angle": 0, "curve": "stepped" },
					{ "time": 0.9333, "angle": 0 }
				],
				"translate": [
					{
						"time": 0,
						"x": 1.38,
						"y": -8.77,
						"curve": [ 0.25, 0, 0.75, 1 ]
					},
					{
						"time": 0.1,
						"x": -13.43,
						"y": -8.86,
						"curve": [ 0.171, 0.02, 0.561, 0.99 ]
					},
					{
						"time": 0.2666,
						"x": 6.08,
						"y": -7.2,
						"curve": [ 0.324, 0, 0.848, 0.77 ]
					},
					{
						"time": 0.4333,
						"x": 1.38,
						"y": -8.77,
						"curve": [ 0.25, 0, 0.75, 1 ]
					},
					{
						"time": 0.5333,
						"x": -9.24,
						"y": -9.77,
						"curve": [ 0.25, 0, 0.75, 1 ]
					},
					{ "time": 0.6666, "x": -6.72, "y": -10.05, "curve": "stepped" },
					{
						"time": 0.8,
						"x": -6.72,
						"y": -10.05,
						"curve": [ 0.25, 0, 0.75, 1 ]
					},
					{ "time": 0.9333, "x": 1.38, "y": -8.77 }
				],
				"scale": [
					{ "time": 0, "x": 1, "y": 1, "curve": "stepped" },
					{ "time": 0.4333, "x": 1, "y": 1, "curve": "stepped" },
					{ "time": 0.5333, "x": 1, "y": 1, "curve": "stepped" },
					{ "time": 0.6666, "x": 1, "y": 1, "curve": "stepped" },
					{ "time": 0.9333, "x": 1, "y": 1 }
				]
			},
			"shin_r": {
				"rotate": [
					{
						"time": 0,
						"angle": 19.48,
						"curve": [ 0.25, 0, 0.75, 1 ]
					},
					{
						"time": 0.1,
						"angle": 23.44,
						"curve": [ 0.25, 0, 0.75, 1 ]
					},
					{
						"time": 0.4333,
						"angle": 19.48,
						"curve": [ 0.25, 0, 0.75, 1 ]
					},
					{
						"time": 0.5333,
						"angle": 61.57,
						"curve": [ 0.25, 0, 0.75, 1 ]
					},
					{ "time": 0.6666, "angle": 19.48, "curve": "stepped" },
					{ "time": 0.9333, "angle": 19.48 }
				],
				"translate": [
					{ "time": 0, "x": 0, "y": 0, "curve": "stepped" },
					{ "time": 0.4333, "x": 0, "y": 0, "curve": "stepped" },
					{ "time": 0.5333, "x": 0, "y": 0, "curve": "stepped" },
					{ "time": 0.6666, "x": 0, "y": 0, "curve": "stepped" },
					{ "time": 0.9333, "x": 0, "y": 0 }
				],
				"scale": [
					{ "time": 0, "x": 1, "y": 1, "curve": "stepped" },
					{ "time": 0.4333, "x": 1, "y": 1, "curve": "stepped" },
					{ "time": 0.5333, "x": 1, "y": 1, "curve": "stepped" },
					{ "time": 0.6666, "x": 1, "y": 1, "curve": "stepped" },
					{ "time": 0.9333, "x": 1, "y": 1 }
				]
			},
			"ankle_r": {
				"rotate": [
					{
						"time": 0,
						"angle": 19.48,
						"curve": [ 0.25, 0, 0.75, 1 ]
					},
					{
						"time": 0.1,
						"angle": 31.57,
						"curve": [ 0.284, 0, 0.625, 0.38 ]
					},
					{
						"time": 0.1666,
						"angle": 61.91,
						"curve": [ 0.32, 0.28, 0.757, 1 ]
					},
					{
						"time": 0.4333,
						"angle": 43.56,
						"curve": [ 0.25, 0, 0.75, 1 ]
					},
					{
						"time": 0.5333,
						"angle": 0.33,
						"curve": [ 0.25, 0, 0.75, 1 ]
					},
					{ "time": 0.6666, "angle": 19.48, "curve": "stepped" },
					{ "time": 0.9333, "angle": 19.48 }
				],
				"translate": [
					{
						"time": 0,
						"x": 0,
						"y": 0,
						"curve": [ 0.25, 0, 0.75, 1 ]
					},
					{
						"time": 0.4333,
						"x": 0.05,
						"y": 2.7,
						"curve": [ 0.25, 0, 0.75, 1 ]
					},
					{ "time": 0.5333, "x": 0, "y": 0, "curve": "stepped" },
					{ "time": 0.6666, "x": 0, "y": 0, "curve": "stepped" },
					{ "time": 0.9333, "x": 0, "y": 0 }
				],
				"scale": [
					{ "time": 0, "x": 1, "y": 1, "curve": "stepped" },
					{ "time": 0.4333, "x": 1, "y": 1, "curve": "stepped" },
					{ "time": 0.5333, "x": 1, "y": 1, "curve": "stepped" },
					{ "time": 0.6666, "x": 1, "y": 1, "curve": "stepped" },
					{ "time": 0.9333, "x": 1, "y": 1 }
				]
			},
			"chest": {
				"rotate": [
					{ "time": 0, "angle": 0, "curve": "stepped" },
					{ "time": 0.0666, "angle": 0, "curve": "stepped" },
					{ "time": 0.5333, "angle": 0 },
					{ "time": 0.7333, "angle": -0.06 },
					{ "time": 0.9333, "angle": 0 }
				],
				"translate": [
					{
						"time": 0,
						"x": -10.78,
						"y": -1.7,
						"curve": [ 0.381, 0.58, 0.731, 1 ]
					},
					{ "time": 0.0666, "x": -13.81, "y": -2.18 },
					{
						"time": 0.3333,
						"x": -1.31,
						"y": -0.2,
						"curve": [ 0.242, 0, 0.655, 0.62 ]
					},
					{
						"time": 0.5333,
						"x": -25.25,
						"y": -3.99,
						"curve": [ 0.381, 0.58, 0.731, 1 ]
					},
					{ "time": 0.9333, "x": -10.78, "y": -1.7 }
				],
				"scale": [
					{ "time": 0, "x": 1, "y": 1, "curve": "stepped" },
					{
						"time": 0.0666,
						"x": 1,
						"y": 1,
						"curve": [ 0.25, 0, 0.75, 1 ]
					},
					{
						"time": 0.3333,
						"x": 1.135,
						"y": 1,
						"curve": [ 0.25, 0, 0.75, 1 ]
					},
					{ "time": 0.5333, "x": 0.861, "y": 1 },
					{ "time": 0.7333, "x": 1, "y": 1, "curve": "stepped" },
					{ "time": 0.9333, "x": 1, "y": 1 }
				]
			},
			"bicep_l": {
				"rotate": [
					{
						"time": 0,
						"angle": -56.33,
						"curve": [ 0.25, 0, 0.75, 1 ]
					},
					{
						"time": 0.1333,
						"angle": 34.05,
						"curve": [ 0.25, 0, 0.75, 1 ]
					},
					{
						"time": 0.6666,
						"angle": -53.94,
						"curve": [ 0.375, 0.5, 0.75, 1 ]
					},
					{
						"time": 0.8,
						"angle": -38.11,
						"curve": [ 0.25, 0, 0.75, 1 ]
					},
					{ "time": 0.9333, "angle": -56.33 }
				],
				"translate": [
					{ "time": 0, "x": -2.36, "y": -0.64, "curve": "stepped" },
					{ "time": 0.9333, "x": -2.36, "y": -0.64 }
				],
				"scale": [
					{ "time": 0, "x": 1, "y": 1, "curve": "stepped" },
					{ "time": 0.9333, "x": 1, "y": 1 }
				]
			},
			"bicep_r": {
				"rotate": [
					{
						"time": 0,
						"angle": 31.66,
						"curve": [ 0.25, 0, 0.75, 1 ]
					},
					{
						"time": 0.1333,
						"angle": -28.67,
						"curve": [ 0.25, 0, 0.75, 1 ]
					},
					{
						"time": 0.6666,
						"angle": 39.47,
						"curve": [ 0.375, 0.5, 0.75, 1 ]
					},
					{
						"time": 0.8,
						"angle": 17.17,
						"curve": [ 0.25, 0, 0.75, 1 ]
					},
					{ "time": 0.9333, "angle": 31.66 }
				],
				"translate": [
					{ "time": 0, "x": -10.42, "y": -1.27, "curve": "stepped" },
					{ "time": 0.5333, "x": -10.42, "y": -1.27, "curve": "stepped" },
					{ "time": 0.8, "x": -10.42, "y": -1.27, "curve": "stepped" },
					{ "time": 0.9333, "x": -10.42, "y": -1.27 }
				],
				"scale": [
					{ "time": 0, "x": 1, "y": 1, "curve": "stepped" },
					{ "time": 0.5333, "x": 1, "y": 1, "curve": "stepped" },
					{ "time": 0.8, "x": 1, "y": 1, "curve": "stepped" },
					{ "time": 0.9333, "x": 1, "y": 1 }
				]
			},
			"hand_l": {
				"rotate": [
					{ "time": 0, "angle": 0 }
				],
				"translate": [
					{ "time": 0, "x": 0, "y": 0 }
				],
				"scale": [
					{ "time": 0, "x": 1, "y": 1 }
				]
			},
			"hand_r": {
				"rotate": [
					{ "time": 0, "angle": 0 }
				],
				"translate": [
					{ "time": 0, "x": 0, "y": 0 }
				],
				"scale": [
					{ "time": 0, "x": 1, "y": 1 }
				]
			},
			"head_bone": {
				"rotate": [
					{ "time": 0, "angle": 0, "curve": "stepped" },
					{ "time": 0.9333, "angle": 0 }
				],
				"translate": [
					{
						"time": 0,
						"x": 0,
						"y": 0,
						"curve": [ 0.25, 0, 0.75, 1 ]
					},
					{
						"time": 0.1,
						"x": -5.14,
						"y": -0.32,
						"curve": [ 0.25, 0, 0.75, 1 ]
					},
					{
						"time": 0.4333,
						"x": 7.64,
						"y": 0.35,
						"curve": [ 0.25, 0, 0.75, 1 ]
					},
					{
						"time": 0.6333,
						"x": -9.62,
						"y": -0.94,
						"curve": [ 0.25, 0, 0.75, 1 ]
					},
					{ "time": 0.8, "x": 0, "y": 0, "curve": "stepped" },
					{ "time": 0.9333, "x": 0, "y": 0 }
				],
				"scale": [
					{ "time": 0, "x": 1, "y": 1, "curve": "stepped" },
					{ "time": 0.9333, "x": 1, "y": 1 }
				]
			},
			"ankle_l": {
				"rotate": [
					{
						"time": 0,
						"angle": 0,
						"curve": [ 0.25, 0, 0.75, 1 ]
					},
					{
						"time": 0.1,
						"angle": -32.17,
						"curve": [ 0.284, 0, 0.625, 0.38 ]
					},
					{
						"time": 0.1666,
						"angle": -51.45,
						"curve": [ 0.32, 0.28, 0.757, 1 ]
					},
					{ "time": 0.4333, "angle": -19.46 },
					{
						"time": 0.5333,
						"angle": 7.92,
						"curve": [ 0.25, 0, 0.75, 1 ]
					},
					{ "time": 0.6666, "angle": 0, "curve": "stepped" },
					{ "time": 0.9333, "angle": 0 }
				],
				"translate": [
					{ "time": 0, "x": 0, "y": 0, "curve": "stepped" },
					{ "time": 0.4333, "x": 0, "y": 0, "curve": "stepped" },
					{ "time": 0.5333, "x": 0, "y": 0, "curve": "stepped" },
					{ "time": 0.6666, "x": 0, "y": 0, "curve": "stepped" },
					{ "time": 0.9333, "x": 0, "y": 0 }
				],
				"scale": [
					{ "time": 0, "x": 1, "y": 1, "curve": "stepped" },
					{ "time": 0.4333, "x": 1, "y": 1, "curve": "stepped" },
					{ "time": 0.5333, "x": 1, "y": 1, "curve": "stepped" },
					{ "time": 0.6666, "x": 1, "y": 1, "curve": "stepped" },
					{ "time": 0.9333, "x": 1, "y": 1 }
				]
			}
		}
	},
	"idle2": {
		"bones": {
			"hip": {
				"rotate": [
					{ "time": 0, "angle": 0, "curve": "stepped" },
					{ "time": 0.5666, "angle": 0, "curve": "stepped" },
					{ "time": 1.1333, "angle": 0 }
				],
				"translate": [
					{
						"time": 0,
						"x": 0,
						"y": 0,
						"curve": [ 0.25, 0, 0.75, 1 ]
					},
					{
						"time": 0.2666,
						"x": 0,
						"y": 24.86,
						"curve": [ 0.25, 0, 0.769, 0.48 ]
					},
					{
						"time": 0.4333,
						"x": 0,
						"y": 7.32,
						"curve": [ 0.25, 0, 0.75, 1 ]
					},
					{ "time": 0.5666, "x": 0, "y": 0 },
					{
						"time": 0.7,
						"x": 0,
						"y": 7.32,
						"curve": [ 0.25, 0, 0.75, 1 ]
					},
					{
						"time": 0.8666,
						"x": 0,
						"y": 24.86,
						"curve": [ 0.25, 0, 0.75, 1 ]
					},
					{ "time": 1.1333, "x": 0, "y": 0 }
				],
				"scale": [
					{ "time": 0, "x": 1, "y": 1, "curve": "stepped" },
					{ "time": 0.5666, "x": 1, "y": 1, "curve": "stepped" },
					{ "time": 1.1333, "x": 1, "y": 1 }
				]
			},
			"hip_bone": {
				"rotate": [
					{
						"time": 0,
						"angle": 28.48,
						"curve": [ 0.25, 0, 0.75, 1 ]
					},
					{
						"time": 0.5666,
						"angle": -20.83,
						"curve": [ 0.25, 0, 0.75, 1 ]
					},
					{ "time": 1.1333, "angle": 28.48 }
				],
				"translate": [
					{ "time": 0, "x": 0, "y": 0, "curve": "stepped" },
					{ "time": 1.1333, "x": 0, "y": 0 }
				],
				"scale": [
					{ "time": 0, "x": 1, "y": 1, "curve": "stepped" },
					{ "time": 1.1333, "x": 1, "y": 1 }
				]
			},
			"thigh_l": {
				"rotate": [
					{ "time": 0, "angle": -15.83, "curve": "stepped" },
					{
						"time": 0.4333,
						"angle": -15.83,
						"curve": [ 0.25, 0, 0.75, 1 ]
					},
					{ "time": 0.5666, "angle": 9.24 },
					{
						"time": 0.7666,
						"angle": -36.11,
						"curve": [ 0.306, 0.23, 0.756, 1 ]
					},
					{ "time": 1.1333, "angle": -15.83 }
				],
				"translate": [
					{
						"time": 0,
						"x": 0,
						"y": 0,
						"curve": [ 0.25, 0, 0.75, 1 ]
					},
					{
						"time": 0.2666,
						"x": 6.67,
						"y": 0.97,
						"curve": [ 0.356, 0, 0.795, 0.58 ]
					},
					{
						"time": 0.4333,
						"x": -6.13,
						"y": -0.97,
						"curve": [ 0.25, 0, 0.75, 1 ]
					},
					{ "time": 0.5666, "x": 0, "y": 0 },
					{
						"time": 0.7666,
						"x": -6.13,
						"y": -0.97,
						"curve": [ 0.25, 0, 0.75, 1 ]
					},
					{
						"time": 0.8666,
						"x": 6.67,
						"y": 0.97,
						"curve": [ 0.25, 0, 0.75, 1 ]
					},
					{ "time": 1.1333, "x": 0, "y": 0 }
				],
				"scale": [
					{ "time": 0, "x": 1, "y": 1, "curve": "stepped" },
					{ "time": 0.4333, "x": 1, "y": 1, "curve": "stepped" },
					{ "time": 0.5666, "x": 1, "y": 1, "curve": "stepped" },
					{ "time": 0.7666, "x": 1, "y": 1, "curve": "stepped" },
					{ "time": 1.1333, "x": 1, "y": 1 }
				]
			},
			"shin_l": {
				"rotate": [
					{ "time": 0, "angle": -36.43, "curve": "stepped" },
					{ "time": 0.4333, "angle": -36.43, "curve": "stepped" },
					{ "time": 0.5666, "angle": -36.43 },
					{ "time": 0.7666, "angle": -1.85 },
					{ "time": 1.1333, "angle": -36.43 }
				],
				"translate": [
					{ "time": 0, "x": 0, "y": 0, "curve": "stepped" },
					{ "time": 0.4333, "x": 0, "y": 0, "curve": "stepped" },
					{ "time": 0.5666, "x": 0, "y": 0, "curve": "stepped" },
					{ "time": 0.7666, "x": 0, "y": 0, "curve": "stepped" },
					{ "time": 1.1333, "x": 0, "y": 0 }
				],
				"scale": [
					{ "time": 0, "x": 1, "y": 1, "curve": "stepped" },
					{ "time": 0.4333, "x": 1, "y": 1, "curve": "stepped" },
					{ "time": 0.5666, "x": 1, "y": 1, "curve": "stepped" },
					{ "time": 0.7666, "x": 1, "y": 1, "curve": "stepped" },
					{ "time": 1.1333, "x": 1, "y": 1 }
				]
			},
			"thigh_r": {
				"rotate": [
					{
						"time": 0,
						"angle": -25.11,
						"curve": [ 0.138, 0, 0.75, 1 ]
					},
					{
						"time": 0.1666,
						"angle": 19.26,
						"curve": [ 0.138, 0, 0.75, 1 ]
					},
					{
						"time": 0.3666,
						"angle": -25.11,
						"curve": [ 0.138, 0, 0.75, 1 ]
					},
					{ "time": 0.5666, "angle": 0 },
					{ "time": 1.1333, "angle": -25.11 }
				],
				"translate": [
					{
						"time": 0,
						"x": 1.38,
						"y": -8.77,
						"curve": [ 0.135, 0, 0.644, 0.71 ]
					},
					{
						"time": 0.1666,
						"x": -7.47,
						"y": 1.78,
						"curve": [ 0.386, 0.61, 0.732, 1 ]
					},
					{ "time": 0.3666, "x": 1.38, "y": -8.77, "curve": "stepped" },
					{ "time": 0.5666, "x": 1.38, "y": -8.77 },
					{
						"time": 0.8666,
						"x": 6.08,
						"y": -7.2,
						"curve": [ 0.25, 0, 0.75, 1 ]
					},
					{
						"time": 1,
						"x": -13.43,
						"y": -8.86,
						"curve": [ 0.25, 0, 0.75, 1 ]
					},
					{ "time": 1.1333, "x": 1.38, "y": -8.77 }
				],
				"scale": [
					{ "time": 0, "x": 1, "y": 1, "curve": "stepped" },
					{ "time": 0.3666, "x": 1, "y": 1, "curve": "stepped" },
					{ "time": 0.5666, "x": 1, "y": 1, "curve": "stepped" },
					{ "time": 1.1333, "x": 1, "y": 1 }
				]
			},
			"shin_r": {
				"rotate": [
					{
						"time": 0,
						"angle": 19.48,
						"curve": [ 0.138, 0, 0.75, 1 ]
					},
					{
						"time": 0.1666,
						"angle": -1.24,
						"curve": [ 0.138, 0, 0.75, 1 ]
					},
					{ "time": 0.3666, "angle": 19.48, "curve": "stepped" },
					{
						"time": 0.5666,
						"angle": 19.48,
						"curve": [ 0.25, 0, 0.75, 1 ]
					},
					{
						"time": 1,
						"angle": 23.44,
						"curve": [ 0.25, 0, 0.75, 1 ]
					},
					{ "time": 1.1333, "angle": 19.48 }
				],
				"translate": [
					{ "time": 0, "x": 0, "y": 0, "curve": "stepped" },
					{ "time": 0.3666, "x": 0, "y": 0, "curve": "stepped" },
					{ "time": 0.5666, "x": 0, "y": 0, "curve": "stepped" },
					{ "time": 1.1333, "x": 0, "y": 0 }
				],
				"scale": [
					{ "time": 0, "x": 1, "y": 1, "curve": "stepped" },
					{ "time": 0.3666, "x": 1, "y": 1, "curve": "stepped" },
					{ "time": 0.5666, "x": 1, "y": 1, "curve": "stepped" },
					{ "time": 1.1333, "x": 1, "y": 1 }
				]
			},
			"ankle_r": {
				"rotate": [
					{
						"time": 0,
						"angle": 19.48,
						"curve": [ 0.138, 0, 0.75, 1 ]
					},
					{
						"time": 0.1666,
						"angle": 6.73,
						"curve": [ 0.15, 0, 0.56, 0.5 ]
					},
					{
						"time": 0.2666,
						"angle": 38.46,
						"curve": [ 0.371, 0.5, 0.769, 1 ]
					},
					{ "time": 0.3666, "angle": 19.48, "curve": "stepped" },
					{
						"time": 0.5666,
						"angle": 19.48,
						"curve": [ 0.25, 0, 0.75, 1 ]
					},
					{
						"time": 1,
						"angle": 31.57,
						"curve": [ 0.25, 0, 0.75, 1 ]
					},
					{ "time": 1.1333, "angle": 19.48 }
				],
				"translate": [
					{
						"time": 0,
						"x": 0,
						"y": 0,
						"curve": [ 0.138, 0, 0.75, 1 ]
					},
					{
						"time": 0.1666,
						"x": -0.49,
						"y": -0.54,
						"curve": [ 0.15, 0, 0.56, 0.5 ]
					},
					{
						"time": 0.2666,
						"x": -0.14,
						"y": 3.13,
						"curve": [ 0.371, 0.5, 0.769, 1 ]
					},
					{ "time": 0.3666, "x": 0, "y": 0, "curve": "stepped" },
					{ "time": 0.5666, "x": 0, "y": 0, "curve": "stepped" },
					{ "time": 1.1333, "x": 0, "y": 0 }
				],
				"scale": [
					{ "time": 0, "x": 1, "y": 1, "curve": "stepped" },
					{ "time": 0.3666, "x": 1, "y": 1, "curve": "stepped" },
					{ "time": 0.5666, "x": 1, "y": 1, "curve": "stepped" },
					{ "time": 1.1333, "x": 1, "y": 1 }
				]
			},
			"chest": {
				"rotate": [
					{ "time": 0, "angle": 0, "curve": "stepped" },
					{ "time": 0.1333, "angle": 0, "curve": "stepped" },
					{ "time": 0.5666, "angle": 0, "curve": "stepped" },
					{ "time": 1.0666, "angle": 0, "curve": "stepped" },
					{ "time": 1.1333, "angle": 0 }
				],
				"translate": [
					{
						"time": 0,
						"x": -24.52,
						"y": 2.32,
						"curve": [ 0.381, 0.58, 0.731, 1 ]
					},
					{ "time": 0.1333, "x": -13.81, "y": -2.18 },
					{
						"time": 0.3333,
						"x": -1.31,
						"y": -0.2,
						"curve": [ 0.242, 0, 0.655, 0.62 ]
					},
					{
						"time": 0.5666,
						"x": -24.32,
						"y": -7.37,
						"curve": [ 0.25, 0, 0.75, 1 ]
					},
					{
						"time": 0.8,
						"x": -1.31,
						"y": -0.2,
						"curve": [ 0.25, 0, 0.75, 1 ]
					},
					{ "time": 1.0666, "x": -13.81, "y": -2.18 },
					{ "time": 1.1333, "x": -24.52, "y": 2.32 }
				],
				"scale": [
					{ "time": 0, "x": 0.744, "y": 1 },
					{
						"time": 0.2,
						"x": 1.135,
						"y": 1,
						"curve": [ 0.25, 0, 0.75, 1 ]
					},
					{ "time": 0.5666, "x": 0.753, "y": 1 },
					{
						"time": 0.8,
						"x": 1.135,
						"y": 1,
						"curve": [ 0.25, 0, 0.75, 1 ]
					},
					{
						"time": 1.0333,
						"x": 1,
						"y": 1,
						"curve": [ 0.25, 0, 0.75, 1 ]
					},
					{ "time": 1.1333, "x": 0.744, "y": 1 }
				]
			},
			"bicep_l": {
				"rotate": [
					{
						"time": 0,
						"angle": -56.33,
						"curve": [ 0.25, 0, 0.75, 1 ]
					},
					{
						"time": 0.2333,
						"angle": 14.18,
						"curve": [ 0.25, 0, 0.75, 1 ]
					},
					{
						"time": 0.5666,
						"angle": -36.73,
						"curve": [ 0.25, 0, 0.75, 1 ]
					},
					{
						"time": 0.7333,
						"angle": 36.5,
						"curve": [ 0.25, 0, 0.75, 1 ]
					},
					{
						"time": 1,
						"angle": 14.18,
						"curve": [ 0.25, 0, 0.75, 1 ]
					},
					{ "time": 1.1333, "angle": -56.33 }
				],
				"translate": [
					{ "time": 0, "x": -2.36, "y": -0.64, "curve": "stepped" },
					{ "time": 0.5666, "x": -2.36, "y": -0.64, "curve": "stepped" },
					{ "time": 1.1333, "x": -2.36, "y": -0.64 }
				],
				"scale": [
					{ "time": 0, "x": 1, "y": 1, "curve": "stepped" },
					{ "time": 0.5666, "x": 1, "y": 1, "curve": "stepped" },
					{ "time": 1.1333, "x": 1, "y": 1 }
				]
			},
			"bicep_r": {
				"rotate": [
					{
						"time": 0,
						"angle": 19.55,
						"curve": [ 0.25, 0, 0.75, 1 ]
					},
					{ "time": 0.2, "angle": -20.23, "curve": "stepped" },
					{
						"time": 0.4,
						"angle": -20.23,
						"curve": [ 0.25, 0, 0.75, 1 ]
					},
					{ "time": 0.5666, "angle": 31.66 },
					{ "time": 0.7666, "angle": -20.23, "curve": "stepped" },
					{
						"time": 1,
						"angle": -20.23,
						"curve": [ 0.25, 0, 0.75, 1 ]
					},
					{ "time": 1.1333, "angle": 19.55 }
				],
				"translate": [
					{ "time": 0, "x": -10.42, "y": -1.27, "curve": "stepped" },
					{ "time": 0.5666, "x": -10.42, "y": -1.27, "curve": "stepped" },
					{ "time": 1.1333, "x": -10.42, "y": -1.27 }
				],
				"scale": [
					{ "time": 0, "x": 1, "y": 1, "curve": "stepped" },
					{ "time": 0.5666, "x": 1, "y": 1, "curve": "stepped" },
					{ "time": 1.1333, "x": 1, "y": 1 }
				]
			},
			"hand_l": {
				"rotate": [
					{ "time": 0, "angle": 0, "curve": "stepped" },
					{ "time": 1.1333, "angle": 0 }
				],
				"translate": [
					{ "time": 0, "x": 0, "y": 0, "curve": "stepped" },
					{ "time": 1.1333, "x": 0, "y": 0 }
				],
				"scale": [
					{ "time": 0, "x": 1, "y": 1, "curve": "stepped" },
					{ "time": 1.1333, "x": 1, "y": 1 }
				]
			},
			"hand_r": {
				"rotate": [
					{ "time": 0, "angle": 0, "curve": "stepped" },
					{ "time": 1.1333, "angle": 0 }
				],
				"translate": [
					{ "time": 0, "x": 0, "y": 0, "curve": "stepped" },
					{ "time": 1.1333, "x": 0, "y": 0 }
				],
				"scale": [
					{ "time": 0, "x": 1, "y": 1, "curve": "stepped" },
					{ "time": 1.1333, "x": 1, "y": 1 }
				]
			},
			"head_bone": {
				"rotate": [
					{ "time": 0, "angle": 0, "curve": "stepped" },
					{ "time": 0.5666, "angle": 0, "curve": "stepped" },
					{ "time": 1.1333, "angle": 0 }
				],
				"translate": [
					{
						"time": 0,
						"x": 1.64,
						"y": 3.53,
						"curve": [ 0.25, 0, 0.75, 1 ]
					},
					{
						"time": 0.1666,
						"x": -6.17,
						"y": 5.68,
						"curve": [ 0.25, 0, 0.75, 1 ]
					},
					{
						"time": 0.4333,
						"x": 7.64,
						"y": 0.35,
						"curve": [ 0.25, 0, 0.75, 1 ]
					},
					{
						"time": 0.5666,
						"x": -2.88,
						"y": -8.73,
						"curve": [ 0.25, 0, 0.75, 1 ]
					},
					{
						"time": 0.7,
						"x": -8.95,
						"y": -8.28,
						"curve": [ 0.25, 0, 0.75, 1 ]
					},
					{
						"time": 0.9666,
						"x": 5.16,
						"y": -2.09,
						"curve": [ 0.25, 0, 0.75, 1 ]
					},
					{ "time": 1.1333, "x": 1.64, "y": 3.53 }
				],
				"scale": [
					{ "time": 0, "x": 1, "y": 1, "curve": "stepped" },
					{ "time": 0.5666, "x": 1, "y": 1, "curve": "stepped" },
					{ "time": 1.1333, "x": 1, "y": 1 }
				]
			},
			"ankle_l": {
				"rotate": [
					{ "time": 0, "angle": 0, "curve": "stepped" },
					{ "time": 0.4333, "angle": 0, "curve": "stepped" },
					{ "time": 0.5666, "angle": 0 },
					{ "time": 0.7666, "angle": -22.03 },
					{ "time": 0.8333, "angle": -30.43 },
					{ "time": 1.1333, "angle": 0 }
				],
				"translate": [
					{ "time": 0, "x": 0, "y": 0, "curve": "stepped" },
					{ "time": 0.4333, "x": 0, "y": 0, "curve": "stepped" },
					{ "time": 0.5666, "x": 0, "y": 0, "curve": "stepped" },
					{ "time": 0.7666, "x": 0, "y": 0 },
					{ "time": 0.8333, "x": 0.51, "y": -1.49 },
					{ "time": 1.1333, "x": 0, "y": 0 }
				],
				"scale": [
					{ "time": 0, "x": 1, "y": 1, "curve": "stepped" },
					{ "time": 0.4333, "x": 1, "y": 1, "curve": "stepped" },
					{ "time": 0.5666, "x": 1, "y": 1, "curve": "stepped" },
					{ "time": 1.1333, "x": 1, "y": 1 }
				]
			}
		}
	},
	"idle3": {
		"bones": {
			"hip": {
				"rotate": [
					{ "time": 0, "angle": 0, "curve": "stepped" },
					{ "time": 1.1666, "angle": 0, "curve": "stepped" },
					{ "time": 2, "angle": 0 }
				],
				"translate": [
					{
						"time": 0,
						"x": 0,
						"y": 0,
						"curve": [ 0.295, 0, 0.632, 0.36 ]
					},
					{
						"time": 0.1666,
						"x": 0,
						"y": 3.89,
						"curve": [ 0.303, 0.22, 0.756, 1 ]
					},
					{ "time": 0.3, "x": 0, "y": 0, "curve": "stepped" },
					{ "time": 1.1666, "x": 0, "y": 0, "curve": "stepped" },
					{ "time": 2, "x": 0, "y": 0 }
				],
				"scale": [
					{ "time": 0, "x": 1, "y": 1, "curve": "stepped" },
					{ "time": 1.1666, "x": 1, "y": 1, "curve": "stepped" },
					{ "time": 2, "x": 1, "y": 1 }
				]
			},
			"hip_bone": {
				"rotate": [
					{ "time": 0, "angle": 0 }
				],
				"translate": [
					{ "time": 0, "x": 0, "y": 0 }
				],
				"scale": [
					{ "time": 0, "x": 1, "y": 1 }
				]
			},
			"thigh_l": {
				"rotate": [
					{ "time": 0, "angle": -15.83, "curve": "stepped" },
					{ "time": 1.1666, "angle": -15.83, "curve": "stepped" },
					{ "time": 2, "angle": -15.83 }
				],
				"translate": [
					{
						"time": 0,
						"x": 0,
						"y": 0,
						"curve": [ 0.25, 0, 0.75, 1 ]
					},
					{ "time": 0.1666, "x": 9.5, "y": 1.5, "curve": "stepped" },
					{
						"time": 0.8333,
						"x": 9.5,
						"y": 1.5,
						"curve": [ 0.25, 0, 0.75, 1 ]
					},
					{ "time": 1.1666, "x": 0, "y": 0, "curve": "stepped" },
					{ "time": 2, "x": 0, "y": 0 }
				],
				"scale": [
					{ "time": 0, "x": 1, "y": 1, "curve": "stepped" },
					{ "time": 1.1666, "x": 1, "y": 1, "curve": "stepped" },
					{ "time": 2, "x": 1, "y": 1 }
				]
			},
			"shin_l": {
				"rotate": [
					{ "time": 0, "angle": -36.43, "curve": "stepped" },
					{ "time": 1.1666, "angle": -36.43, "curve": "stepped" },
					{ "time": 2, "angle": -36.43 }
				],
				"translate": [
					{ "time": 0, "x": 0, "y": 0, "curve": "stepped" },
					{ "time": 1.1666, "x": 0, "y": 0, "curve": "stepped" },
					{ "time": 2, "x": 0, "y": 0 }
				],
				"scale": [
					{ "time": 0, "x": 1, "y": 1, "curve": "stepped" },
					{ "time": 1.1666, "x": 1, "y": 1, "curve": "stepped" },
					{ "time": 2, "x": 1, "y": 1 }
				]
			},
			"thigh_r": {
				"rotate": [
					{ "time": 0, "angle": 0, "curve": "stepped" },
					{ "time": 1.1666, "angle": 0, "curve": "stepped" },
					{ "time": 2, "angle": 0 }
				],
				"translate": [
					{
						"time": 0,
						"x": 1.38,
						"y": -8.77,
						"curve": [ 0.25, 0, 0.75, 1 ]
					},
					{ "time": 0.1666, "x": 10.89, "y": -7.26, "curve": "stepped" },
					{
						"time": 0.8333,
						"x": 10.89,
						"y": -7.26,
						"curve": [ 0.25, 0, 0.75, 1 ]
					},
					{ "time": 1.1666, "x": 1.38, "y": -8.77, "curve": "stepped" },
					{ "time": 2, "x": 1.38, "y": -8.77 }
				],
				"scale": [
					{ "time": 0, "x": 1, "y": 1, "curve": "stepped" },
					{ "time": 1.1666, "x": 1, "y": 1, "curve": "stepped" },
					{ "time": 2, "x": 1, "y": 1 }
				]
			},
			"shin_r": {
				"rotate": [
					{ "time": 0, "angle": 19.48, "curve": "stepped" },
					{ "time": 1.1666, "angle": 19.48, "curve": "stepped" },
					{ "time": 2, "angle": 19.48 }
				],
				"translate": [
					{ "time": 0, "x": 0, "y": 0, "curve": "stepped" },
					{ "time": 1.1666, "x": 0, "y": 0, "curve": "stepped" },
					{ "time": 2, "x": 0, "y": 0 }
				],
				"scale": [
					{ "time": 0, "x": 1, "y": 1, "curve": "stepped" },
					{ "time": 1.1666, "x": 1, "y": 1, "curve": "stepped" },
					{ "time": 2, "x": 1, "y": 1 }
				]
			},
			"ankle_r": {
				"rotate": [
					{
						"time": 0,
						"angle": 19.48,
						"curve": [ 0.25, 0, 0.75, 1 ]
					},
					{
						"time": 0.1666,
						"angle": 50.1,
						"curve": [ 0.284, 0, 0.625, 0.38 ]
					},
					{ "time": 0.3, "angle": 41.32, "curve": "stepped" },
					{
						"time": 0.8333,
						"angle": 41.32,
						"curve": [ 0.32, 0.28, 0.757, 1 ]
					},
					{ "time": 1.1666, "angle": 19.48, "curve": "stepped" },
					{ "time": 2, "angle": 19.48 }
				],
				"translate": [
					{
						"time": 0,
						"x": 0,
						"y": 0,
						"curve": [ 0.25, 0, 0.75, 1 ]
					},
					{ "time": 0.1666, "x": 0.38, "y": 2.04, "curve": "stepped" },
					{
						"time": 0.8333,
						"x": 0.38,
						"y": 2.04,
						"curve": [ 0.25, 0, 0.75, 1 ]
					},
					{ "time": 1.1666, "x": 0, "y": 0, "curve": "stepped" },
					{ "time": 2, "x": 0, "y": 0 }
				],
				"scale": [
					{ "time": 0, "x": 1, "y": 1, "curve": "stepped" },
					{ "time": 1.1666, "x": 1, "y": 1, "curve": "stepped" },
					{ "time": 2, "x": 1, "y": 1 }
				]
			},
			"chest": {
				"rotate": [
					{ "time": 0, "angle": 0, "curve": "stepped" },
					{
						"time": 0.8333,
						"angle": 0,
						"curve": [ 0.25, 0, 0.75, 1 ]
					},
					{
						"time": 1.5,
						"angle": 7.13,
						"curve": [ 0.25, 0, 0.75, 1 ]
					},
					{ "time": 2, "angle": 0 }
				],
				"translate": [
					{
						"time": 0,
						"x": -10.78,
						"y": -1.7,
						"curve": [ 0.25, 0, 0.75, 1 ]
					},
					{
						"time": 0.1666,
						"x": 14.42,
						"y": 2.01,
						"curve": [ 0.293, 0, 0.708, 1 ]
					},
					{
						"time": 0.3,
						"x": 8.23,
						"y": 1.04,
						"curve": [ 0.305, 0.23, 0.756, 1 ]
					},
					{
						"time": 0.8333,
						"x": 8,
						"y": 1,
						"curve": [ 0.25, 0, 0.75, 1 ]
					},
					{ "time": 1.0666, "x": -10.78, "y": -1.7, "curve": "stepped" },
					{ "time": 1.1666, "x": -10.78, "y": -1.7, "curve": "stepped" },
					{ "time": 2, "x": -10.78, "y": -1.7 }
				],
				"scale": [
					{
						"time": 0,
						"x": 1,
						"y": 1,
						"curve": [ 0.25, 0, 0.75, 1 ]
					},
					{ "time": 0.2333, "x": 1.085, "y": 1, "curve": "stepped" },
					{
						"time": 0.8333,
						"x": 1.085,
						"y": 1,
						"curve": [ 0.25, 0, 0.75, 1 ]
					},
					{ "time": 1.1666, "x": 1, "y": 1, "curve": "stepped" },
					{ "time": 2, "x": 1, "y": 1 }
				]
			},
			"bicep_l": {
				"rotate": [
					{
						"time": 0,
						"angle": -56.33,
						"curve": [ 0.25, 0, 0.75, 1 ]
					},
					{
						"time": 0.1666,
						"angle": 24.66,
						"curve": [ 0.25, 0, 0.75, 1 ]
					},
					{
						"time": 0.3,
						"angle": -22.52,
						"curve": [ 0.25, 0, 0.75, 1 ]
					},
					{
						"time": 0.4333,
						"angle": 14.51,
						"curve": [ 0.25, 0, 0.75, 1 ]
					},
					{
						"time": 0.5666,
						"angle": -22.52,
						"curve": [ 0.25, 0, 0.75, 1 ]
					},
					{
						"time": 0.7,
						"angle": 14.51,
						"curve": [ 0.25, 0, 0.75, 1 ]
					},
					{
						"time": 0.8333,
						"angle": -22.52,
						"curve": [ 0.25, 0, 0.75, 1 ]
					},
					{
						"time": 1.1666,
						"angle": 216.07,
						"curve": [ 0.379, 0.52, 0.745, 1 ]
					},
					{
						"time": 1.8333,
						"angle": 235.77,
						"curve": [ 0.25, 0, 0.753, 0.65 ]
					},
					{ "time": 2, "angle": -56.33 }
				],
				"translate": [
					{ "time": 0, "x": -2.36, "y": -0.64, "curve": "stepped" },
					{ "time": 1.1666, "x": -2.36, "y": -0.64, "curve": "stepped" },
					{ "time": 2, "x": -2.36, "y": -0.64 }
				],
				"scale": [
					{ "time": 0, "x": 1, "y": 1, "curve": "stepped" },
					{ "time": 1.1666, "x": 1, "y": 1, "curve": "stepped" },
					{ "time": 2, "x": 1, "y": 1 }
				]
			},
			"bicep_r": {
				"rotate": [
					{
						"time": 0,
						"angle": 31.66,
						"curve": [ 0.25, 0, 0.75, 1 ]
					},
					{
						"time": 0.1666,
						"angle": -30.01,
						"curve": [ 0.25, 0, 0.75, 1 ]
					},
					{
						"time": 0.3,
						"angle": 11.2,
						"curve": [ 0.25, 0, 0.75, 1 ]
					},
					{
						"time": 0.4333,
						"angle": -30.01,
						"curve": [ 0.25, 0, 0.75, 1 ]
					},
					{
						"time": 0.5666,
						"angle": 11.2,
						"curve": [ 0.25, 0, 0.75, 1 ]
					},
					{
						"time": 0.7,
						"angle": -30.01,
						"curve": [ 0.25, 0, 0.75, 1 ]
					},
					{
						"time": 0.8333,
						"angle": 11.2,
						"curve": [ 0.25, 0, 0.75, 1 ]
					},
					{
						"time": 1.1666,
						"angle": -243.91,
						"curve": [ 0.379, 0.52, 0.745, 1 ]
					},
					{
						"time": 1.8333,
						"angle": 106.45,
						"curve": [ 0.25, 0, 0.753, 0.65 ]
					},
					{ "time": 2, "angle": 31.66 }
				],
				"translate": [
					{
						"time": 0,
						"x": -10.42,
						"y": -1.27,
						"curve": [ 0.295, 0, 0.632, 0.36 ]
					},
					{ "time": 0.1666, "x": -2.14, "y": -0.72, "curve": "stepped" },
					{ "time": 0.4333, "x": -2.14, "y": -0.72, "curve": "stepped" },
					{
						"time": 0.7,
						"x": -2.14,
						"y": -0.72,
						"curve": [ 0.303, 0.22, 0.756, 1 ]
					},
					{
						"time": 1.1666,
						"x": -10.42,
						"y": -1.27,
						"curve": [ 0.242, 0, 0.679, 0.71 ]
					},
					{
						"time": 1.8333,
						"x": -10.13,
						"y": -8.29,
						"curve": [ 0.374, 0.61, 0.715, 1 ]
					},
					{ "time": 2, "x": -10.42, "y": -1.27 }
				],
				"scale": [
					{ "time": 0, "x": 1, "y": 1, "curve": "stepped" },
					{ "time": 1.1666, "x": 1, "y": 1, "curve": "stepped" },
					{ "time": 2, "x": 1, "y": 1 }
				]
			},
			"hand_l": {
				"rotate": [
					{
						"time": 0,
						"angle": 0,
						"curve": [ 0.25, 0, 0.75, 1 ]
					},
					{
						"time": 0.1666,
						"angle": 35.12,
						"curve": [ 0.25, 0, 0.75, 1 ]
					},
					{
						"time": 0.3,
						"angle": 0,
						"curve": [ 0.25, 0, 0.75, 1 ]
					},
					{
						"time": 0.4333,
						"angle": 35.12,
						"curve": [ 0.25, 0, 0.75, 1 ]
					},
					{
						"time": 0.5666,
						"angle": 0,
						"curve": [ 0.25, 0, 0.75, 1 ]
					},
					{
						"time": 0.7,
						"angle": 35.12,
						"curve": [ 0.25, 0, 0.75, 1 ]
					},
					{ "time": 0.8333, "angle": 0 }
				],
				"translate": [
					{ "time": 0, "x": 0, "y": 0 }
				],
				"scale": [
					{ "time": 0, "x": 1, "y": 1 }
				]
			},
			"hand_r": {
				"rotate": [
					{
						"time": 0,
						"angle": 0,
						"curve": [ 0.25, 0, 0.75, 1 ]
					},
					{
						"time": 0.1666,
						"angle": -25.38,
						"curve": [ 0.25, 0, 0.75, 1 ]
					},
					{
						"time": 0.3,
						"angle": 0,
						"curve": [ 0.25, 0, 0.75, 1 ]
					},
					{
						"time": 0.4333,
						"angle": -25.38,
						"curve": [ 0.25, 0, 0.75, 1 ]
					},
					{
						"time": 0.5666,
						"angle": 0,
						"curve": [ 0.25, 0, 0.75, 1 ]
					},
					{
						"time": 0.7,
						"angle": -25.38,
						"curve": [ 0.25, 0, 0.75, 1 ]
					},
					{ "time": 0.8333, "angle": 0 }
				],
				"translate": [
					{ "time": 0, "x": 0, "y": 0 }
				],
				"scale": [
					{ "time": 0, "x": 1, "y": 1 }
				]
			},
			"head_bone": {
				"rotate": [
					{
						"time": 0,
						"angle": 0,
						"curve": [ 0.25, 0, 0.75, 1 ]
					},
					{ "time": 0.3333, "angle": -14.06, "curve": "stepped" },
					{
						"time": 0.8333,
						"angle": -14.06,
						"curve": [ 0.25, 0, 0.75, 1 ]
					},
					{
						"time": 1.1666,
						"angle": 0,
						"curve": [ 0.25, 0, 0.75, 1 ]
					},
					{
						"time": 1.5666,
						"angle": 19.46,
						"curve": [ 0.25, 0, 0.75, 1 ]
					},
					{ "time": 2, "angle": 0 }
				],
				"translate": [
					{
						"time": 0,
						"x": 0,
						"y": 0,
						"curve": [ 0.25, 0, 0.75, 1 ]
					},
					{ "time": 0.2333, "x": 7.26, "y": 0.45, "curve": "stepped" },
					{
						"time": 0.8666,
						"x": 7.26,
						"y": 0.45,
						"curve": [ 0.25, 0, 0.75, 1 ]
					},
					{ "time": 1.1666, "x": 0, "y": 0, "curve": "stepped" },
					{ "time": 2, "x": 0, "y": 0 }
				],
				"scale": [
					{ "time": 0, "x": 1, "y": 1, "curve": "stepped" },
					{ "time": 1.1666, "x": 1, "y": 1, "curve": "stepped" },
					{ "time": 2, "x": 1, "y": 1 }
				]
			},
			"ankle_l": {
				"rotate": [
					{
						"time": 0,
						"angle": 0,
						"curve": [ 0.25, 0, 0.75, 1 ]
					},
					{
						"time": 0.1666,
						"angle": -25.43,
						"curve": [ 0.284, 0, 0.625, 0.38 ]
					},
					{ "time": 0.3, "angle": -19.36, "curve": "stepped" },
					{
						"time": 0.8333,
						"angle": -19.36,
						"curve": [ 0.32, 0.28, 0.757, 1 ]
					},
					{ "time": 1.1666, "angle": 0, "curve": "stepped" },
					{ "time": 2, "angle": 0 }
				],
				"translate": [
					{ "time": 0, "x": 0, "y": 0, "curve": "stepped" },
					{ "time": 1.1666, "x": 0, "y": 0, "curve": "stepped" },
					{ "time": 2, "x": 0, "y": 0 }
				],
				"scale": [
					{ "time": 0, "x": 1, "y": 1, "curve": "stepped" },
					{ "time": 1.1666, "x": 1, "y": 1, "curve": "stepped" },
					{ "time": 2, "x": 1, "y": 1 }
				]
			}
		}
	}
}
}