{
"skeleton": { "hash": "cBwZv7UZNYIEXFpMnj9HWs0EmiU", "spine": "3.4.02", "width": 920, "height": 716, "images": "" },
"bones": [
	{ "name": "root" }
],
"slots": [
	{ "name": "ui_char_pabbie", "bone": "root", "attachment": "ui_char_pabbie" },
	{ "name": "ui_char_pabbie_eyes_2", "bone": "root", "attachment": "ui_char_pabbie_eyes_2" },
	{ "name": "ui_char_pabbie_eyes_3", "bone": "root", "attachment": "ui_char_pabbie_eyes_3" },
	{ "name": "ui_char_pabbie_eyes_1", "bone": "root", "attachment": "ui_char_pabbie_eyes_1" }
],
"skins": {
	"default": {
		"ui_char_pabbie": {
			"ui_char_pabbie": { "y": 357.27, "width": 920, "height": 716 }
		},
		"ui_char_pabbie_eyes_1": {
			"ui_char_pabbie_eyes_1": { "x": 45.06, "y": 481.11, "width": 190, "height": 78 }
		},
		"ui_char_pabbie_eyes_2": {
			"ui_char_pabbie_eyes_2": { "x": 45.54, "y": 476.31, "width": 190, "height": 78 }
		},
		"ui_char_pabbie_eyes_3": {
			"ui_char_pabbie_eyes_3": { "x": 44.58, "y": 480.63, "width": 190, "height": 78 }
		}
	}
},
"animations": {
	"look_left": {
		"slots": {
			"ui_char_pabbie": {
				"attachment": [
					{ "time": 0, "name": "ui_char_pabbie" }
				]
			},
			"ui_char_pabbie_eyes_1": {
				"attachment": [
					{ "time": 0, "name": null },
					{ "time": 0.5, "name": "ui_char_pabbie_eyes_1" },
					{ "time": 0.7, "name": null },
					{ "time": 2.2333, "name": "ui_char_pabbie_eyes_1" },
					{ "time": 2.4333, "name": null },
					{ "time": 4.0333, "name": "ui_char_pabbie_eyes_1" },
					{ "time": 4.1666, "name": null }
				]
			},
			"ui_char_pabbie_eyes_2": {
				"attachment": [
					{ "time": 0, "name": null },
					{ "time": 0.7, "name": "ui_char_pabbie_eyes_2" },
					{ "time": 2.2333, "name": null },
					{ "time": 2.4333, "name": "ui_char_pabbie_eyes_2" },
					{ "time": 4.0333, "name": null }
				]
			},
			"ui_char_pabbie_eyes_3": {
				"attachment": [
					{ "time": 0, "name": null }
				]
			}
		},
		"bones": {
			"root": {
				"scale": [
					{
						"time": 0,
						"x": 1,
						"y": 1,
						"curve": [ 0.25, 0, 0.75, 1 ]
					},
					{
						"time": 1.3,
						"x": 1.01,
						"y": 1.007,
						"curve": [ 0.25, 0, 0.75, 1 ]
					},
					{
						"time": 3.2,
						"x": 1,
						"y": 1,
						"curve": [ 0.25, 0, 0.75, 1 ]
					},
					{
						"time": 4.7333,
						"x": 1.01,
						"y": 1.007,
						"curve": [ 0.25, 0, 0.75, 1 ]
					},
					{ "time": 7.1, "x": 1, "y": 1 }
				]
			}
		},
		"drawOrder": [
			{ "time": 0 }
		]
	},
	"look_right": {
		"slots": {
			"ui_char_pabbie": {
				"attachment": [
					{ "time": 0, "name": "ui_char_pabbie" }
				]
			},
			"ui_char_pabbie_eyes_1": {
				"attachment": [
					{ "time": 0, "name": null },
					{ "time": 0.5, "name": "ui_char_pabbie_eyes_1" },
					{ "time": 0.7, "name": null },
					{ "time": 2.2333, "name": "ui_char_pabbie_eyes_1" },
					{ "time": 2.4333, "name": null },
					{ "time": 4.0333, "name": "ui_char_pabbie_eyes_1" },
					{ "time": 4.1666, "name": null }
				]
			},
			"ui_char_pabbie_eyes_2": {
				"attachment": [
					{ "time": 0, "name": null },
					{ "time": 0.7, "name": null },
					{ "time": 2.2333, "name": null },
					{ "time": 2.4333, "name": null },
					{ "time": 4.0333, "name": null }
				]
			},
			"ui_char_pabbie_eyes_3": {
				"attachment": [
					{ "time": 0, "name": null },
					{ "time": 0.7, "name": "ui_char_pabbie_eyes_3" },
					{ "time": 4.1666, "name": null }
				]
			}
		},
		"bones": {
			"root": {
				"scale": [
					{
						"time": 0,
						"x": 1,
						"y": 1,
						"curve": [ 0.25, 0, 0.75, 1 ]
					},
					{
						"time": 1.3,
						"x": 1.01,
						"y": 1.007,
						"curve": [ 0.25, 0, 0.75, 1 ]
					},
					{
						"time": 3.2,
						"x": 1,
						"y": 1,
						"curve": [ 0.25, 0, 0.75, 1 ]
					},
					{
						"time": 4.7333,
						"x": 1.01,
						"y": 1.007,
						"curve": [ 0.25, 0, 0.75, 1 ]
					},
					{ "time": 7.1, "x": 1, "y": 1 }
				]
			}
		}
	}
}
}