{
"images": ["sprites-map.png"],
"frames": [

        
      [499, 2, 203, 472, 0,  -0, -0, 203, 472], 
        
      [164, 2, 333, 495, 0,  -0, -0, 333, 495], 
        
      [164, 499, 273, 490, 0,  -0, -0, 273, 490], 
        
      [439, 499, 280, 472, 0,  -0, -0, 280, 472], 
        
      [2, 2, 160, 768, 0,  -0, -0, 160, 768]
],
"animations": {
    
        "carlos":[0], 
        "evie":[1], 
        "jay":[2], 
        "mal":[3], 
        "roll":[4]
},
"texturepacker": [
        "SmartUpdateHash: $TexturePacker:SmartUpdate:bdec1a7593f04728e2df741eb77957cf:fda26d89c674c5fbec55ff6c2ef8b800:d27ca5cb66e73acaa8e8cbc2e57d1123$",
        "EaselJS Extended Exporter - Trim support"
]
}