{
"images": ["sprites.png"],
"frames": [

        
      [2, 503, 220, 253, 0,  -15, -3, 250, 256], 
        
      [2, 758, 82, 88, 0,  -96, -88, 250, 256], 
        
      [2, 2, 250, 250, 0,  -0, -3, 250, 256], 
        
      [2, 254, 247, 247, 0,  -0, -6, 250, 256]
],
"animations": {
    
        "apple":[0], 
        "play":[1], 
        "ring-empty":[2], 
        "ring-full":[3]
},
"texturepacker": [
        "SmartUpdateHash: $TexturePacker:SmartUpdate:97f984398f4e86dd8089915b1b9f3f86:6f9471d7d4f4a5a6abc71247da67ceea:feb32656f3fe6fe853a17958260cc930$",
        "EaselJS Extended Exporter - Trim support"
]
}