{
	"DAILY_BONUS":
	{
		"en": "Daily Bonus"
	},
	"DAILY_BONUS_DESC":
	{
		"en": "Click on a snowflake for a reward!"
	},
	"REWARD":
	{
		"en": "Reward"
	},
	"SURPRISE":
	{
		"en": "Surprise!"
	},
	"REWARD_MESSAGE":
	{
		"en": "You won\n{value} snowflakes!"
	},
	"STORY":
	{
		"en": "Story"
	},
	"ENDLESS":
	{
		"en": "Endless"
	},
	"HISCORE":
	{
		"en": "Hi-Score: {value}"
	},
	"TROLLS":
	{
		"en": "Trolls"
	},
	"ENTER_CODE":
	{
		"en": "Enter Code"
	},
	"SORRY":
	{
		"en": "Sorry"
	},
	"CODE_WRONG":
	{
		"en": "The code is wrong\nPlease try again"
	},
	"CODE_USED":
	{
		"en": "The code has already \nbeen redeemed"
	},
	"HELP":
	{
		"en": "Help"
	},
	"PAUSE":
	{
		"en": "Pause"
	},
	"PAUSE_EXIT":
	{
		"en": "Are you sure you want to \nreturn to the main menu?"
	},
	"PAUSE_RESTART":
	{
		"en": "Are you sure you want to \nrestart the level?"
	},
	"HELP_MAIN_0":
	{
		"en": "Play story mode and collect crystals to unlock \nthe Northern Lights"
	},
	"HELP_MAIN_1":
	{
		"en": "Play endless mode to see how far you can get."
	},
	"HELP_MAIN_2":
	{
		"en": "Get a hi-score and try to beat it each time you play."
	},
	"HELP_GOALS_0":
	{
		"en": "Check your progress on goals. Finishing goals earns \nyou extra snowflakes."
	},
	"HELP_CHARACTER_0":
	{
		"en": "Select a character to play with"
	},
	"HELP_CHARACTER_1":
	{
		"en": "Upgrade your character to make them \nfaster and stronger"
	},
	"HELP_CHARACTER_2":
	{
		"en": "Tumble Speed will help you to spin faster in-air \nwhen tumbling"
	},
	"HELP_CHARACTER_3":
	{
		"en": "Snow Magnet will help you to attract more snowflakes"
	},
	"HELP_CHARACTER_4":
	{
		"en": "Troll Magic will help you to stay invincible longer"
	},
	"HELP_CHARACTER_5":
	{
		"en": "Each character can collect crystals of a specific colour."
	},
	"HELP_CHARACTER_6":
	{
		"en": "Each character has a different ability. \nBe sure to try them all out!"
	},
	"HELP_CHARACTER_7":
	{
		"en": "Collecting all the crystals in all the levels will restore \nthe Northern Lights (and unlock a bonus character)."
	},
	"HELP_MAP_0":
	{
		"en": "This map will show you the way to the Trolls Valley."
	},
	"HELP_MAP_1":
	{
		"en": "Unlock additional characters as you progress \nthrough the levels."
	},
	"HELP_MAP_2":
	{
		"en": "Travel to the Trolls Valley (by finishing all the story levels) to find Grand Pabbie."
	},
	"HELP_GENERIC_0_PC":
	{
		"en": "Left click to jump."
	},
	"HELP_GENERIC_0_MOB":
	{
		"en": "Tap on the right to jump"
	},
	"HELP_GENERIC_1_PC":
	{
		"en": "Left click and hold to tumble."
	},
	"HELP_GENERIC_1_MOB":
	{
		"en": "Tap and hold to perform a tumble"
	},
	"HELP_GENERIC_2_PC":
	{
		"en": "Press 'ENTER' to trigger character abilities."
	},
	"HELP_GENERIC_2_MOB":
	{
		"en": "Tap on the left of the screen to perform character's special ability"
	},
	"HELP_GENERIC_3":
	{
		"en": "Use Sven or a sleigh to travel faster and more safely."
	},
	"HELP_GENERIC_4":
	{
		"en": "Marshmallow will protect you from snow balls."
	},
	"HELP_STORY_0":
	{
		"en": "Collect crystals through out the level."
	},
	"HELP_CHARACTER_ANNA_0":
	{
		"en": "Anna can double-jump to allow her to reach special places \nthat nobody else can."
	},
	"HELP_CHARACTER_KRISTOFF_0":
	{
		"en": "Kristoff can break through ice blocks using his trusty ice axe."
	},
	"HELP_CHARACTER_OLAF_0":
	{
		"en": "Olaf can roll along the floor to get into tight spaces \nthat nobody else can access."
	},
	"HELP_CHARACTER_ELSA_0":
	{
		"en": "Elsa can use bursts of ice magic to create bridges in the air."
	},
	"HELP_CHARACTER_PABBIE_0":
	{
		"en": "Grand Pabbie can break throught all the obstacles in the game!\nHe's also the fastest tumbler."
	},
	"HELP_ENDLESS_0":
	{
		"en": "This shows how far you have travelled."
	},
	"HELP_ENDLESS_1":
	{
		"en": "This will show you your personal best."
	},
	"ARE_YOU_SURE":
	{
		"en": "Are you sure?"
	},
	"QUIT":
	{
		"en": "Are you sure you want to quit?"
	},
	"LOCKED":
	{
		"en": "Locked"
	},
	"UNLOCKED":
	{
		"en": "Unlocked"
	},
	"ENDLESS_LOCKED":
	{
		"en": "Please finish {value} levels \nof Story to unlock \nEndless Mode."
	},
	"ENDLESS_UNLOCKED":
	{
		"en": "Endless Mode Unlocked!\nGet a hi-score and try \nto beat it each time you play!"
	},
	"GOALS":
	{
		"en": "Goals"
	},
	"LEVEL":
	{
		"en": "Level {value}"
	},
	"WELL_DONE":
	{
		"en": "Well done!"
	},
	"NICE_TRY":
	{
		"en": "Nice try!"
	},
	"DISTANCE":
	{
		"en": "Distance"
	},
	"CRYSTALS":
	{
		"en": "Crystals"
	},
	"STYLE_POINTS":
	{
		"en": "Style points"
	},
	"SNOWFLAKES":
	{
		"en": "Snowflakes"
	},
	"TOTAL":
	{
		"en": "Total"
	},
	"ENDGAME_LEVELS":
	{
		"en": "You've found Grand Pabbie!\nHelp find the remaining crystals to unlock him and fully restore the Northern Lights."
	},
	"ENDGAME_CRYSTALS":
	{
		"en": "Congratulations!\nYou've restored the Northern Lights!\nHelp Grand Pabbie find the trolls scattered through the levels!"
	},
	"ENDGAME_TROLLS":
	{
		"en": "Congratulations!\nYou found all of the trolls!\nNow everybody can enjoy the Northern Lights!"
	},
	"TUTORIAL_JUMP":
	{
		"en": "Jump over obstacles and pits"
	},
	"TUTORIAL_TUMBLE":
	{
		"en": "Hold down jump to tumble \nand earn style points"
	},
	"TUTORIAL_CRYSTAL":
	{
		"en": "Collect all your character's crystals"
	},
	"TUTORIAL_SNOWFLAKE":
	{
		"en": "Collecting snowflakes increases your \nscore and allows you to buy upgrades."
	},
	"TUTORIAL_TROLL":
	{
		"en": "The trolls will help you find crystals"
	},
	"TUTORIAL_ABILITY":
	{
		"en": "Use your special ability \nto collect crystals"
	},
	"TUTORIAL_MAGIC":
	{
		"en": "Troll Magic will make you invincible \nfor a few seconds"
	},

	"INTRO_0":
	{
		"en": "Something isn't right..."
	},
	"INTRO_1":
	{
		"en": "These crystals have lost their glow."
	},
	"INTRO_2":
	{
		"en": "Without them the Northern Lights are fading!"
	},
	"INTRO_3":
	{
		"en": "Don't Worry Grand Pabbie. "
	},
	"INTRO_4":
	{
		"en": "We will help you find new crystals \nto bring back the Northern Lights."
	},

	"OUTRO_0":
	{
		"en": "Thank you for collecting all of the crystals. "
	},
	"OUTRO_1":
	{
		"en": "You have done well..."
	},
	"OUTRO_2":
	{
		"en": "The Northern Lights are restored!"
	},
	"OUTRO_3":
	{
		"en": "You are true heroes!"
	},
	"THE_STORY":
	{
		"en": "The Story"
	},
	"ARENDELLE":
	{
		"en": "Arendelle"
	},
	"OAKEN":
	{
		"en": "Oaken"
	},
	"TROLLS_DEN":
	{
		"en": "Troll's Valley"
	},
	"EXIT_DISNEY":
	{
		"en": "Are you sure you want to leave Frozen Rush?"
	},
	"EXIT_NOT_DISNEY":
	{
		"en": "Are you sure you want to leave Disney?"
	},
	"EXIT_NOT_DISNEY_DESCRIPTION":
	{
		"en": "Disney does not control the website you are going to so please make sure you are happy to continue. Disney's privacy practices and controls do not apply once you leave our site. If you are a child reading this, please get your parent or guardian's permission to continue."
	},
	"EXIT_YES":
	{
		"en": "Yes, Continue"
	},
	"EXIT_NO":
	{
		"en": "Go Back"
	},
	"goal_labels" :
	{
		"run" :
		{
			"en" : "Run {value}m"
		},
		"slide" :
		{
			"en" : "Slide {value}m"
		},
		"slide_run" :
		{
			"en" : "Slide {value}m in a single run"
		},
		"jump" :
		{
			"en" : "Land {value} jumps"
		},
		"jump_run" :
		{
			"en" : "Land {value} jumps in a single run"
		},
		"tumble" :
		{
			"en" : "Land {value} tumble-jumps"
		},
		"tumble_run" :
		{
			"en" : "Land {value} tumble-jumps in a single run"
		},
		"tumble_double" :
		{
			"en" : "Land {value} double tumble-jumps"
		},
		"tumble_triple" :
		{
			"en" : "Land {value} triple tumble-jumps"
		},
		"ride_sven" :
		{
			"en" : "Ride {value}m on Sven"
		},
		"ride_sled" :
		{
			"en" : "Ride {value}m on a sleigh"
		},
		"marshmallow" :
		{
			"en" : "Get Marshmallow to help you {value} time"
		},
		"marshmallow_plural" :
		{
			"en" : "Get Marshmallow to help you {value} times"
		},
		"coins" :
		{
			"en" : "Collect {value} snowflakes"
		},
		"coins_run" :
		{
			"en" : "Collect {value} snowflakes in a single run"
		},
		"crystals" :
		{
			"en" : "Collect {value} crystal"
		},
		"crystals_plural" :
		{
			"en" : "Collect {value} crystals"
		},
		"powerups" :
		{
			"en" : "Use troll magic {value} time"
		},
		"powerups_plural" :
		{
			"en" : "Use troll magic {value} times"
		}
	},

	"characters" :
	{
		"anna" :
		{
			"name" :
			{
				"en" : "Anna"
			},
			"description" :
			{
				"en" : "Anna can double-jump \nto allow her to reach \nspecial places that \nnobody else can."
			}
		},
		"kristoff":
		{
			"name" :
			{
				"en" : "Kristoff"
			},
			"description" :
			{
				"en" : "Kristoff can break \nthrough ice blocks using \nhis trusty ice axe."
			}
		},
		"olaf":
		{
			"name" :
			{
				"en" : "Olaf"
			},
			"description" :
			{
				"en" : "Olaf can roll along \nthe floor to get into \ntight spaces that nobody \nelse can access."
			}
		},
		"elsa":
		{
			"name" :
			{
				"en" : "Elsa"
			},
			"description" :
			{
				"en" : "Elsa can use bursts \nof ice magic to create \nbridges in the air."
			}
		},
		"pabbie":
		{
			"name" :
			{
				"en" : "Grand Pabbie"
			},
			"description" :
			{
				"en" : "Grand Pabbie can \nbreak throught any obstacle \nin the game! He's \nalso the fastest tumbler."
			}
		}
	},

	"powerups" :
	{
		"tumble_speed" :
		{
			"text"    :
			{
				"en" : "Tumble Speed"
			},
			"description" :
			{
				"en" : "Spin faster\nin-air"
			}
		},
		"snow_magnet" :
		{
			"text"    :
			{
				"en" : "Snow Magnet"
			},
			"description" :
			{
				"en" : "Attracts\nSnowflakes"
			}
		},
		"troll_magic":
		{
			"text"    :
			{
				"en" : "Troll Magic"
			},
			"description" :
			{
				"en" : "Stay invincible\nlonger"
			}
		}
	},

	"comms" :
	[
		{"image" : "promo_0.png", "url" : "https://games.greenish.xyz", "disney": false}
	],

	"promos" :
	[
		{
			"en":
			{
				"image"  : "promo_1.png",
				"url"    : "https://www.greenish.xyz",
				"title"  : "Frozen Online",
				"text"   : "Discover more Frozen content",
				"disney" : true
			}
		}
	]
}