{"frames": {

"door_2way001.png":
{
	"frame": {"x":4,"y":4,"w":96,"h":112},
	"rotated": false,
	"trimmed": false,
	"spriteSourceSize": {"x":0,"y":0,"w":96,"h":112},
	"sourceSize": {"w":96,"h":112},
	"pivot": {"x":0.5,"y":0.5}
},
"door_2way002.png":
{
	"frame": {"x":106,"y":4,"w":96,"h":112},
	"rotated": false,
	"trimmed": false,
	"spriteSourceSize": {"x":0,"y":0,"w":96,"h":112},
	"sourceSize": {"w":96,"h":112},
	"pivot": {"x":0.5,"y":0.5}
},
"door_2way003.png":
{
	"frame": {"x":208,"y":4,"w":96,"h":112},
	"rotated": false,
	"trimmed": false,
	"spriteSourceSize": {"x":0,"y":0,"w":96,"h":112},
	"sourceSize": {"w":96,"h":112},
	"pivot": {"x":0.5,"y":0.5}
},
"door_2way004.png":
{
	"frame": {"x":310,"y":4,"w":96,"h":112},
	"rotated": false,
	"trimmed": false,
	"spriteSourceSize": {"x":0,"y":0,"w":96,"h":112},
	"sourceSize": {"w":96,"h":112},
	"pivot": {"x":0.5,"y":0.5}
},
"door_2way005.png":
{
	"frame": {"x":412,"y":4,"w":96,"h":112},
	"rotated": false,
	"trimmed": false,
	"spriteSourceSize": {"x":0,"y":0,"w":96,"h":112},
	"sourceSize": {"w":96,"h":112},
	"pivot": {"x":0.5,"y":0.5}
},
"door_2way006.png":
{
	"frame": {"x":4,"y":122,"w":96,"h":112},
	"rotated": false,
	"trimmed": false,
	"spriteSourceSize": {"x":0,"y":0,"w":96,"h":112},
	"sourceSize": {"w":96,"h":112},
	"pivot": {"x":0.5,"y":0.5}
},
"door_2way007.png":
{
	"frame": {"x":106,"y":122,"w":96,"h":112},
	"rotated": false,
	"trimmed": false,
	"spriteSourceSize": {"x":0,"y":0,"w":96,"h":112},
	"sourceSize": {"w":96,"h":112},
	"pivot": {"x":0.5,"y":0.5}
},
"door_2way008.png":
{
	"frame": {"x":208,"y":122,"w":96,"h":112},
	"rotated": false,
	"trimmed": false,
	"spriteSourceSize": {"x":0,"y":0,"w":96,"h":112},
	"sourceSize": {"w":96,"h":112},
	"pivot": {"x":0.5,"y":0.5}
},
"door_Entry001.png":
{
	"frame": {"x":310,"y":122,"w":96,"h":112},
	"rotated": false,
	"trimmed": false,
	"spriteSourceSize": {"x":0,"y":0,"w":96,"h":112},
	"sourceSize": {"w":96,"h":112},
	"pivot": {"x":0.5,"y":0.5}
},
"door_Entry002.png":
{
	"frame": {"x":412,"y":122,"w":96,"h":112},
	"rotated": false,
	"trimmed": false,
	"spriteSourceSize": {"x":0,"y":0,"w":96,"h":112},
	"sourceSize": {"w":96,"h":112},
	"pivot": {"x":0.5,"y":0.5}
},
"door_Entry003.png":
{
	"frame": {"x":4,"y":240,"w":96,"h":112},
	"rotated": false,
	"trimmed": false,
	"spriteSourceSize": {"x":0,"y":0,"w":96,"h":112},
	"sourceSize": {"w":96,"h":112},
	"pivot": {"x":0.5,"y":0.5}
},
"door_Entry004.png":
{
	"frame": {"x":106,"y":240,"w":96,"h":112},
	"rotated": false,
	"trimmed": false,
	"spriteSourceSize": {"x":0,"y":0,"w":96,"h":112},
	"sourceSize": {"w":96,"h":112},
	"pivot": {"x":0.5,"y":0.5}
},
"door_Entry005.png":
{
	"frame": {"x":208,"y":240,"w":96,"h":112},
	"rotated": false,
	"trimmed": false,
	"spriteSourceSize": {"x":0,"y":0,"w":96,"h":112},
	"sourceSize": {"w":96,"h":112},
	"pivot": {"x":0.5,"y":0.5}
},
"door_Entry006.png":
{
	"frame": {"x":310,"y":240,"w":96,"h":112},
	"rotated": false,
	"trimmed": false,
	"spriteSourceSize": {"x":0,"y":0,"w":96,"h":112},
	"sourceSize": {"w":96,"h":112},
	"pivot": {"x":0.5,"y":0.5}
},
"door_Entry007.png":
{
	"frame": {"x":412,"y":240,"w":96,"h":112},
	"rotated": false,
	"trimmed": false,
	"spriteSourceSize": {"x":0,"y":0,"w":96,"h":112},
	"sourceSize": {"w":96,"h":112},
	"pivot": {"x":0.5,"y":0.5}
},
"door_Entry008.png":
{
	"frame": {"x":4,"y":358,"w":96,"h":112},
	"rotated": false,
	"trimmed": false,
	"spriteSourceSize": {"x":0,"y":0,"w":96,"h":112},
	"sourceSize": {"w":96,"h":112},
	"pivot": {"x":0.5,"y":0.5}
},
"door_Exit001.png":
{
	"frame": {"x":106,"y":358,"w":96,"h":112},
	"rotated": false,
	"trimmed": false,
	"spriteSourceSize": {"x":0,"y":0,"w":96,"h":112},
	"sourceSize": {"w":96,"h":112},
	"pivot": {"x":0.5,"y":0.5}
},
"door_Exit002.png":
{
	"frame": {"x":208,"y":358,"w":96,"h":112},
	"rotated": false,
	"trimmed": false,
	"spriteSourceSize": {"x":0,"y":0,"w":96,"h":112},
	"sourceSize": {"w":96,"h":112},
	"pivot": {"x":0.5,"y":0.5}
},
"door_Exit003.png":
{
	"frame": {"x":310,"y":358,"w":96,"h":112},
	"rotated": false,
	"trimmed": false,
	"spriteSourceSize": {"x":0,"y":0,"w":96,"h":112},
	"sourceSize": {"w":96,"h":112},
	"pivot": {"x":0.5,"y":0.5}
},
"door_Exit004.png":
{
	"frame": {"x":412,"y":358,"w":96,"h":112},
	"rotated": false,
	"trimmed": false,
	"spriteSourceSize": {"x":0,"y":0,"w":96,"h":112},
	"sourceSize": {"w":96,"h":112},
	"pivot": {"x":0.5,"y":0.5}
},
"door_Exit005.png":
{
	"frame": {"x":4,"y":476,"w":96,"h":112},
	"rotated": false,
	"trimmed": false,
	"spriteSourceSize": {"x":0,"y":0,"w":96,"h":112},
	"sourceSize": {"w":96,"h":112},
	"pivot": {"x":0.5,"y":0.5}
},
"door_Exit006.png":
{
	"frame": {"x":106,"y":476,"w":96,"h":112},
	"rotated": false,
	"trimmed": false,
	"spriteSourceSize": {"x":0,"y":0,"w":96,"h":112},
	"sourceSize": {"w":96,"h":112},
	"pivot": {"x":0.5,"y":0.5}
},
"door_Exit007.png":
{
	"frame": {"x":208,"y":476,"w":96,"h":112},
	"rotated": false,
	"trimmed": false,
	"spriteSourceSize": {"x":0,"y":0,"w":96,"h":112},
	"sourceSize": {"w":96,"h":112},
	"pivot": {"x":0.5,"y":0.5}
},
"door_Exit008.png":
{
	"frame": {"x":310,"y":476,"w":96,"h":112},
	"rotated": false,
	"trimmed": false,
	"spriteSourceSize": {"x":0,"y":0,"w":96,"h":112},
	"sourceSize": {"w":96,"h":112},
	"pivot": {"x":0.5,"y":0.5}
}},
"meta": {
	"app": "http://www.codeandweb.com/texturepacker",
	"version": "1.0",
	"image": "Doors.png",
	"format": "RGBA8888",
	"size": {"w":512,"h":1024},
	"scale": "0.5",
	"smartupdate": "$TexturePacker:SmartUpdate:3aa3cf62b71e97d5eca1c14e623bfbd8:4c77a81c4f0f36b31a5daf8ef7f24b76:52d7cd72038f275e08a1823347ce75f6$"
}
}
