{"frames": {

"icon_cannonbolt.png":
{
	"frame": {"x":638,"y":300,"w":148,"h":148},
	"rotated": false,
	"trimmed": true,
	"spriteSourceSize": {"x":0,"y":0,"w":148,"h":148},
	"sourceSize": {"w":147,"h":147},
	"pivot": {"x":0.5,"y":0.5}
},
"icon_fourarms.png":
{
	"frame": {"x":788,"y":380,"w":148,"h":148},
	"rotated": false,
	"trimmed": true,
	"spriteSourceSize": {"x":0,"y":0,"w":148,"h":148},
	"sourceSize": {"w":147,"h":147},
	"pivot": {"x":0.5,"y":0.5}
},
"icon_level_up.png":
{
	"frame": {"x":312,"y":318,"w":148,"h":148},
	"rotated": false,
	"trimmed": false,
	"spriteSourceSize": {"x":0,"y":0,"w":148,"h":148},
	"sourceSize": {"w":148,"h":148},
	"pivot": {"x":0.5,"y":0.5}
},
"icon_overflow.png":
{
	"frame": {"x":462,"y":318,"w":148,"h":148},
	"rotated": false,
	"trimmed": true,
	"spriteSourceSize": {"x":0,"y":0,"w":148,"h":148},
	"sourceSize": {"w":147,"h":147},
	"pivot": {"x":0.5,"y":0.5}
},
"icon_upgrade.png":
{
	"frame": {"x":612,"y":450,"w":148,"h":148},
	"rotated": false,
	"trimmed": true,
	"spriteSourceSize": {"x":0,"y":0,"w":148,"h":148},
	"sourceSize": {"w":147,"h":147},
	"pivot": {"x":0.5,"y":0.5}
},
"particle_001.png":
{
	"frame": {"x":964,"y":416,"w":58,"h":56},
	"rotated": false,
	"trimmed": true,
	"spriteSourceSize": {"x":0,"y":0,"w":58,"h":56},
	"sourceSize": {"w":58,"h":55},
	"pivot": {"x":0.5,"y":0.5}
},
"particle_002.png":
{
	"frame": {"x":966,"y":356,"w":56,"h":58},
	"rotated": false,
	"trimmed": true,
	"spriteSourceSize": {"x":0,"y":0,"w":56,"h":58},
	"sourceSize": {"w":55,"h":57},
	"pivot": {"x":0.5,"y":0.5}
},
"particle_003.png":
{
	"frame": {"x":904,"y":314,"w":60,"h":64},
	"rotated": false,
	"trimmed": true,
	"spriteSourceSize": {"x":0,"y":0,"w":60,"h":64},
	"sourceSize": {"w":60,"h":63},
	"pivot": {"x":0.5,"y":0.5}
},
"particle_004.png":
{
	"frame": {"x":938,"y":436,"w":24,"h":24},
	"rotated": false,
	"trimmed": true,
	"spriteSourceSize": {"x":0,"y":0,"w":24,"h":24},
	"sourceSize": {"w":24,"h":23},
	"pivot": {"x":0.5,"y":0.5}
},
"particle_005.png":
{
	"frame": {"x":762,"y":582,"w":28,"h":28},
	"rotated": false,
	"trimmed": true,
	"spriteSourceSize": {"x":0,"y":0,"w":28,"h":28},
	"sourceSize": {"w":28,"h":27},
	"pivot": {"x":0.5,"y":0.5}
},
"particle_006.png":
{
	"frame": {"x":912,"y":158,"w":72,"h":66},
	"rotated": false,
	"trimmed": true,
	"spriteSourceSize": {"x":0,"y":0,"w":72,"h":66},
	"sourceSize": {"w":71,"h":66},
	"pivot": {"x":0.5,"y":0.5}
},
"particle_007.png":
{
	"frame": {"x":912,"y":92,"w":74,"h":64},
	"rotated": false,
	"trimmed": false,
	"spriteSourceSize": {"x":0,"y":0,"w":74,"h":64},
	"sourceSize": {"w":74,"h":64},
	"pivot": {"x":0.5,"y":0.5}
},
"particle_draw.png":
{
	"frame": {"x":986,"y":212,"w":36,"h":36},
	"rotated": false,
	"trimmed": true,
	"spriteSourceSize": {"x":0,"y":0,"w":36,"h":36},
	"sourceSize": {"w":35,"h":35},
	"pivot": {"x":0.5,"y":0.5}
},
"particle_rock_001.png":
{
	"frame": {"x":988,"y":92,"w":34,"h":64},
	"rotated": false,
	"trimmed": false,
	"spriteSourceSize": {"x":0,"y":0,"w":34,"h":64},
	"sourceSize": {"w":34,"h":64},
	"pivot": {"x":0.5,"y":0.5}
},
"particle_rock_002.png":
{
	"frame": {"x":972,"y":584,"w":34,"h":50},
	"rotated": false,
	"trimmed": true,
	"spriteSourceSize": {"x":0,"y":0,"w":34,"h":50},
	"sourceSize": {"w":33,"h":50},
	"pivot": {"x":0.5,"y":0.5}
},
"particle_rock_003.png":
{
	"frame": {"x":986,"y":158,"w":36,"h":52},
	"rotated": false,
	"trimmed": false,
	"spriteSourceSize": {"x":0,"y":0,"w":36,"h":52},
	"sourceSize": {"w":36,"h":52},
	"pivot": {"x":0.5,"y":0.5}
},
"particle_rock_004.png":
{
	"frame": {"x":974,"y":250,"w":46,"h":54},
	"rotated": false,
	"trimmed": true,
	"spriteSourceSize": {"x":0,"y":0,"w":46,"h":54},
	"sourceSize": {"w":45,"h":54},
	"pivot": {"x":0.5,"y":0.5}
},
"particle_rock_005.png":
{
	"frame": {"x":982,"y":536,"w":38,"h":46},
	"rotated": false,
	"trimmed": true,
	"spriteSourceSize": {"x":0,"y":0,"w":38,"h":46},
	"sourceSize": {"w":37,"h":45},
	"pivot": {"x":0.5,"y":0.5}
},
"particle_smoke_001.png":
{
	"frame": {"x":876,"y":530,"w":52,"h":42},
	"rotated": false,
	"trimmed": false,
	"spriteSourceSize": {"x":0,"y":0,"w":52,"h":42},
	"sourceSize": {"w":52,"h":42},
	"pivot": {"x":0.5,"y":0.5}
},
"particle_smoke_002.png":
{
	"frame": {"x":788,"y":324,"w":50,"h":54},
	"rotated": false,
	"trimmed": true,
	"spriteSourceSize": {"x":0,"y":0,"w":50,"h":54},
	"sourceSize": {"w":50,"h":53},
	"pivot": {"x":0.5,"y":0.5}
},
"particle_smoke_003.png":
{
	"frame": {"x":930,"y":536,"w":50,"h":42},
	"rotated": false,
	"trimmed": true,
	"spriteSourceSize": {"x":0,"y":0,"w":50,"h":42},
	"sourceSize": {"w":50,"h":41},
	"pivot": {"x":0.5,"y":0.5}
},
"particle_smoke_004.png":
{
	"frame": {"x":840,"y":324,"w":58,"h":52},
	"rotated": false,
	"trimmed": true,
	"spriteSourceSize": {"x":0,"y":0,"w":58,"h":52},
	"sourceSize": {"w":57,"h":52},
	"pivot": {"x":0.5,"y":0.5}
},
"particle_star_001.png":
{
	"frame": {"x":938,"y":380,"w":26,"h":26},
	"rotated": false,
	"trimmed": true,
	"spriteSourceSize": {"x":0,"y":0,"w":26,"h":26},
	"sourceSize": {"w":25,"h":25},
	"pivot": {"x":0.5,"y":0.5}
},
"particle_star_002.png":
{
	"frame": {"x":1000,"y":2,"w":22,"h":22},
	"rotated": false,
	"trimmed": true,
	"spriteSourceSize": {"x":0,"y":0,"w":22,"h":22},
	"sourceSize": {"w":21,"h":21},
	"pivot": {"x":0.5,"y":0.5}
},
"particle_star_003.png":
{
	"frame": {"x":1000,"y":50,"w":18,"h":18},
	"rotated": false,
	"trimmed": true,
	"spriteSourceSize": {"x":0,"y":0,"w":18,"h":18},
	"sourceSize": {"w":17,"h":18},
	"pivot": {"x":0.5,"y":0.5}
},
"particle_transform_001.png":
{
	"frame": {"x":938,"y":408,"w":24,"h":26},
	"rotated": false,
	"trimmed": true,
	"spriteSourceSize": {"x":0,"y":0,"w":24,"h":26},
	"sourceSize": {"w":24,"h":25},
	"pivot": {"x":0.5,"y":0.5}
},
"particle_transform_002.png":
{
	"frame": {"x":928,"y":580,"w":42,"h":44},
	"rotated": false,
	"trimmed": true,
	"spriteSourceSize": {"x":0,"y":0,"w":42,"h":44},
	"sourceSize": {"w":42,"h":43},
	"pivot": {"x":0.5,"y":0.5}
},
"particle_transform_003.png":
{
	"frame": {"x":762,"y":530,"w":56,"h":50},
	"rotated": false,
	"trimmed": true,
	"spriteSourceSize": {"x":0,"y":0,"w":56,"h":50},
	"sourceSize": {"w":56,"h":49},
	"pivot": {"x":0.5,"y":0.5}
},
"particle_transform_004.png":
{
	"frame": {"x":974,"y":306,"w":46,"h":48},
	"rotated": false,
	"trimmed": false,
	"spriteSourceSize": {"x":0,"y":0,"w":46,"h":48},
	"sourceSize": {"w":46,"h":48},
	"pivot": {"x":0.5,"y":0.5}
},
"particle_transform_005.png":
{
	"frame": {"x":820,"y":530,"w":54,"h":50},
	"rotated": false,
	"trimmed": true,
	"spriteSourceSize": {"x":0,"y":0,"w":54,"h":50},
	"sourceSize": {"w":54,"h":49},
	"pivot": {"x":0.5,"y":0.5}
},
"particle_waterfall_001.png":
{
	"frame": {"x":822,"y":606,"w":28,"h":18},
	"rotated": false,
	"trimmed": true,
	"spriteSourceSize": {"x":0,"y":0,"w":28,"h":18},
	"sourceSize": {"w":27,"h":18},
	"pivot": {"x":0.5,"y":0.5}
},
"particle_waterfall_002.png":
{
	"frame": {"x":792,"y":582,"w":28,"h":28},
	"rotated": false,
	"trimmed": true,
	"spriteSourceSize": {"x":0,"y":0,"w":28,"h":28},
	"sourceSize": {"w":27,"h":27},
	"pivot": {"x":0.5,"y":0.5}
},
"particle_waterfall_003.png":
{
	"frame": {"x":822,"y":582,"w":28,"h":22},
	"rotated": false,
	"trimmed": true,
	"spriteSourceSize": {"x":0,"y":0,"w":28,"h":22},
	"sourceSize": {"w":28,"h":27},
	"pivot": {"x":0.5,"y":0.5}
},
"particle_waterfall_004.png":
{
	"frame": {"x":882,"y":594,"w":28,"h":18},
	"rotated": false,
	"trimmed": true,
	"spriteSourceSize": {"x":0,"y":4,"w":28,"h":18},
	"sourceSize": {"w":28,"h":27},
	"pivot": {"x":0.5,"y":0.5}
},
"particle_waterfall_005.png":
{
	"frame": {"x":882,"y":614,"w":28,"h":18},
	"rotated": false,
	"trimmed": true,
	"spriteSourceSize": {"x":0,"y":4,"w":28,"h":18},
	"sourceSize": {"w":28,"h":27},
	"pivot": {"x":0.5,"y":0.5}
},
"particle_waterfall_006.png":
{
	"frame": {"x":852,"y":594,"w":28,"h":22},
	"rotated": false,
	"trimmed": true,
	"spriteSourceSize": {"x":0,"y":0,"w":28,"h":22},
	"sourceSize": {"w":28,"h":27},
	"pivot": {"x":0.5,"y":0.5}
},
"pickup_00.png":
{
	"frame": {"x":938,"y":474,"w":60,"h":60},
	"rotated": false,
	"trimmed": true,
	"spriteSourceSize": {"x":0,"y":0,"w":60,"h":60},
	"sourceSize": {"w":59,"h":59},
	"pivot": {"x":0.5,"y":0.5}
},
"pointer_cursor.png":
{
	"frame": {"x":912,"y":226,"w":60,"h":86},
	"rotated": false,
	"trimmed": true,
	"spriteSourceSize": {"x":20,"y":4,"w":60,"h":86},
	"sourceSize": {"w":85,"h":90},
	"pivot": {"x":0.5,"y":0.5}
},
"pointer_hand.png":
{
	"frame": {"x":912,"y":2,"w":86,"h":88},
	"rotated": false,
	"trimmed": true,
	"spriteSourceSize": {"x":0,"y":0,"w":86,"h":88},
	"sourceSize": {"w":85,"h":90},
	"pivot": {"x":0.5,"y":0.5}
},
"projectile_overflow.png":
{
	"frame": {"x":788,"y":300,"w":114,"h":22},
	"rotated": false,
	"trimmed": true,
	"spriteSourceSize": {"x":0,"y":0,"w":114,"h":22},
	"sourceSize": {"w":114,"h":21},
	"pivot": {"x":0.5,"y":0.5}
},
"projectile_stinkfly.png":
{
	"frame": {"x":876,"y":574,"w":50,"h":18},
	"rotated": false,
	"trimmed": true,
	"spriteSourceSize": {"x":0,"y":0,"w":50,"h":18},
	"sourceSize": {"w":49,"h":17},
	"pivot": {"x":0.5,"y":0.5}
},
"projectile_upgrade.png":
{
	"frame": {"x":1000,"y":26,"w":22,"h":22},
	"rotated": false,
	"trimmed": false,
	"spriteSourceSize": {"x":0,"y":0,"w":22,"h":22},
	"sourceSize": {"w":22,"h":22},
	"pivot": {"x":0.5,"y":0.5}
},
"transform_001.png":
{
	"frame": {"x":2,"y":286,"w":308,"h":306},
	"rotated": false,
	"trimmed": true,
	"spriteSourceSize": {"x":20,"y":20,"w":308,"h":306},
	"sourceSize": {"w":347,"h":347},
	"pivot": {"x":0.5,"y":0.5}
},
"transform_002.png":
{
	"frame": {"x":324,"y":2,"w":312,"h":314},
	"rotated": false,
	"trimmed": true,
	"spriteSourceSize": {"x":18,"y":16,"w":312,"h":314},
	"sourceSize": {"w":347,"h":347},
	"pivot": {"x":0.5,"y":0.5}
},
"transform_003.png":
{
	"frame": {"x":2,"y":2,"w":320,"h":282},
	"rotated": false,
	"trimmed": true,
	"spriteSourceSize": {"x":26,"y":0,"w":320,"h":282},
	"sourceSize": {"w":347,"h":347},
	"pivot": {"x":0.5,"y":0.5}
},
"transform_004.png":
{
	"frame": {"x":638,"y":2,"w":272,"h":296},
	"rotated": false,
	"trimmed": true,
	"spriteSourceSize": {"x":18,"y":0,"w":272,"h":296},
	"sourceSize": {"w":365,"h":365},
	"pivot": {"x":0.5,"y":0.5}
}},
"meta": {
	"app": "http://www.codeandweb.com/texturepacker",
	"version": "1.0",
	"image": "game_0.png",
	"format": "RGBA8888",
	"size": {"w":1024,"h":1024},
	"scale": "0.5",
	"smartupdate": "$TexturePacker:SmartUpdate:688bb4f1960d219add4574aebf7237c7:bee52d98a04cc34190e9d973437f131c:3ab264abc936ca470c8a38e61e4dde36$"
}
}
