{"frames": {

"4arms.png":
{
	"frame": {"x":730,"y":1206,"w":250,"h":278},
	"rotated": false,
	"trimmed": true,
	"spriteSourceSize": {"x":10,"y":8,"w":250,"h":278},
	"sourceSize": {"w":270,"h":295},
	"pivot": {"x":0.5,"y":0.5}
},
"ben.png":
{
	"frame": {"x":990,"y":2,"w":890,"h":776},
	"rotated": false,
	"trimmed": true,
	"spriteSourceSize": {"x":8,"y":98,"w":890,"h":776},
	"sourceSize": {"w":908,"h":882},
	"pivot": {"x":0.5,"y":0.5}
},
"cannonbolt.png":
{
	"frame": {"x":1456,"y":1672,"w":324,"h":244},
	"rotated": false,
	"trimmed": true,
	"spriteSourceSize": {"x":8,"y":6,"w":324,"h":244},
	"sourceSize": {"w":340,"h":260},
	"pivot": {"x":0.5,"y":0.5}
},
"endlevel/omnitrix_icon.png":
{
	"frame": {"x":1882,"y":60,"w":90,"h":94},
	"rotated": false,
	"trimmed": true,
	"spriteSourceSize": {"x":0,"y":0,"w":90,"h":94},
	"sourceSize": {"w":92,"h":95},
	"pivot": {"x":0.5,"y":0.5}
},
"endlevel/star_off_big.png":
{
	"frame": {"x":1868,"y":946,"w":170,"h":162},
	"rotated": false,
	"trimmed": true,
	"spriteSourceSize": {"x":0,"y":0,"w":170,"h":162},
	"sourceSize": {"w":171,"h":163},
	"pivot": {"x":0.5,"y":0.5}
},
"endlevel/star_on_big.png":
{
	"frame": {"x":1868,"y":780,"w":172,"h":164},
	"rotated": false,
	"trimmed": true,
	"spriteSourceSize": {"x":0,"y":0,"w":172,"h":164},
	"sourceSize": {"w":171,"h":163},
	"pivot": {"x":0.5,"y":0.5}
},
"icon_room_off.png":
{
	"frame": {"x":1882,"y":156,"w":82,"h":38},
	"rotated": false,
	"trimmed": true,
	"spriteSourceSize": {"x":4,"y":10,"w":82,"h":38},
	"sourceSize": {"w":95,"h":55},
	"pivot": {"x":0.5,"y":0.5}
},
"icon_room_off_filled.png":
{
	"frame": {"x":1882,"y":2,"w":94,"h":56},
	"rotated": false,
	"trimmed": true,
	"spriteSourceSize": {"x":0,"y":0,"w":94,"h":56},
	"sourceSize": {"w":95,"h":55},
	"pivot": {"x":0.5,"y":0.5}
},
"icon_room_on.png":
{
	"frame": {"x":1882,"y":196,"w":82,"h":38},
	"rotated": false,
	"trimmed": true,
	"spriteSourceSize": {"x":4,"y":10,"w":82,"h":38},
	"sourceSize": {"w":95,"h":55},
	"pivot": {"x":0.5,"y":0.5}
},
"lock.png":
{
	"frame": {"x":1966,"y":204,"w":74,"h":94},
	"rotated": false,
	"trimmed": true,
	"spriteSourceSize": {"x":6,"y":4,"w":74,"h":94},
	"sourceSize": {"w":84,"h":100},
	"pivot": {"x":0.5,"y":0.5}
},
"panel/end_game_panel_003.png":
{
	"frame": {"x":990,"y":780,"w":876,"h":890},
	"rotated": false,
	"trimmed": true,
	"spriteSourceSize": {"x":0,"y":0,"w":876,"h":890},
	"sourceSize": {"w":890,"h":890},
	"pivot": {"x":0.5,"y":0.5}
},
"panel/star_off.png":
{
	"frame": {"x":1974,"y":72,"w":64,"h":64},
	"rotated": false,
	"trimmed": false,
	"spriteSourceSize": {"x":0,"y":0,"w":64,"h":64},
	"sourceSize": {"w":64,"h":64},
	"pivot": {"x":0.5,"y":0.5}
},
"panel/star_on.png":
{
	"frame": {"x":1974,"y":138,"w":64,"h":64},
	"rotated": false,
	"trimmed": false,
	"spriteSourceSize": {"x":0,"y":0,"w":64,"h":64},
	"sourceSize": {"w":64,"h":64},
	"pivot": {"x":0.5,"y":0.5}
},
"pickup_icon.png":
{
	"frame": {"x":1978,"y":2,"w":66,"h":68},
	"rotated": false,
	"trimmed": true,
	"spriteSourceSize": {"x":0,"y":0,"w":66,"h":68},
	"sourceSize": {"w":66,"h":67},
	"pivot": {"x":0.5,"y":0.5}
},
"splash_outside.png":
{
	"frame": {"x":2,"y":2,"w":986,"h":926},
	"rotated": false,
	"trimmed": true,
	"spriteSourceSize": {"x":2,"y":30,"w":986,"h":926},
	"sourceSize": {"w":990,"h":990},
	"pivot": {"x":0.5,"y":0.5}
},
"tutorials/tutorial_ben002.png":
{
	"frame": {"x":2,"y":930,"w":724,"h":288},
	"rotated": false,
	"trimmed": true,
	"spriteSourceSize": {"x":2,"y":2,"w":724,"h":288},
	"sourceSize": {"w":728,"h":291},
	"pivot": {"x":0.5,"y":0.5}
},
"tutorials/tutorial_ben003.png":
{
	"frame": {"x":2,"y":1220,"w":724,"h":288},
	"rotated": false,
	"trimmed": true,
	"spriteSourceSize": {"x":2,"y":2,"w":724,"h":288},
	"sourceSize": {"w":728,"h":291},
	"pivot": {"x":0.5,"y":0.5}
},
"tutorials/tutorial_cannonbolt.png":
{
	"frame": {"x":730,"y":1698,"w":724,"h":288},
	"rotated": false,
	"trimmed": true,
	"spriteSourceSize": {"x":2,"y":2,"w":724,"h":288},
	"sourceSize": {"w":728,"h":291},
	"pivot": {"x":0.5,"y":0.5}
},
"tutorials/tutorial_fourarms.png":
{
	"frame": {"x":2,"y":1672,"w":726,"h":288},
	"rotated": false,
	"trimmed": true,
	"spriteSourceSize": {"x":0,"y":2,"w":726,"h":288},
	"sourceSize": {"w":728,"h":291},
	"pivot": {"x":0.5,"y":0.5}
},
"ui_logo.png":
{
	"frame": {"x":730,"y":930,"w":254,"h":274},
	"rotated": false,
	"trimmed": false,
	"spriteSourceSize": {"x":0,"y":0,"w":254,"h":274},
	"sourceSize": {"w":254,"h":274},
	"pivot": {"x":0.5,"y":0.5}
},
"upgrade.png":
{
	"frame": {"x":730,"y":1486,"w":210,"h":210},
	"rotated": false,
	"trimmed": true,
	"spriteSourceSize": {"x":4,"y":4,"w":210,"h":210},
	"sourceSize": {"w":220,"h":220},
	"pivot": {"x":0.5,"y":0.5}
}},
"meta": {
	"app": "http://www.codeandweb.com/texturepacker",
	"version": "1.0",
	"image": "ui_0.png",
	"format": "RGBA8888",
	"size": {"w":2048,"h":2048},
	"scale": "0.5",
	"smartupdate": "$TexturePacker:SmartUpdate:d2e7bbcd1607694e7222a3b419eee91b:1e3c420077f9aa3d5ec73a3759d2b9c0:61afb9ff7ecf3ff2cbb58ff670c4104e$"
}
}
