{"frames": {

"endlevel/4arms.png":
{
	"frame": {"x":924,"y":1508,"w":406,"h":500},
	"rotated": false,
	"trimmed": true,
	"spriteSourceSize": {"x":0,"y":0,"w":406,"h":500},
	"sourceSize": {"w":406,"h":502},
	"pivot": {"x":0.5,"y":0.5}
},
"endlevel/cannonbolt.png":
{
	"frame": {"x":1332,"y":1508,"w":430,"h":472},
	"rotated": false,
	"trimmed": true,
	"spriteSourceSize": {"x":0,"y":0,"w":430,"h":472},
	"sourceSize": {"w":435,"h":475},
	"pivot": {"x":0.5,"y":0.5}
},
"endlevel/overflow.png":
{
	"frame": {"x":1528,"y":2,"w":466,"h":498},
	"rotated": false,
	"trimmed": true,
	"spriteSourceSize": {"x":0,"y":0,"w":466,"h":498},
	"sourceSize": {"w":465,"h":499},
	"pivot": {"x":0.5,"y":0.5}
},
"endlevel/upgrade.png":
{
	"frame": {"x":538,"y":1508,"w":384,"h":518},
	"rotated": false,
	"trimmed": true,
	"spriteSourceSize": {"x":2,"y":0,"w":384,"h":518},
	"sourceSize": {"w":390,"h":520},
	"pivot": {"x":0.5,"y":0.5}
},
"overflow.png":
{
	"frame": {"x":1528,"y":502,"w":464,"h":386},
	"rotated": false,
	"trimmed": true,
	"spriteSourceSize": {"x":4,"y":8,"w":464,"h":386},
	"sourceSize": {"w":473,"h":400},
	"pivot": {"x":0.5,"y":0.5}
},
"panel/end_game_panel_001.png":
{
	"frame": {"x":1364,"y":890,"w":542,"h":542},
	"rotated": false,
	"trimmed": true,
	"spriteSourceSize": {"x":174,"y":174,"w":542,"h":542},
	"sourceSize": {"w":890,"h":890},
	"pivot": {"x":0.5,"y":0.5}
},
"panel/end_game_panel_002.png":
{
	"frame": {"x":728,"y":872,"w":634,"h":634},
	"rotated": false,
	"trimmed": true,
	"spriteSourceSize": {"x":128,"y":128,"w":634,"h":634},
	"sourceSize": {"w":890,"h":890},
	"pivot": {"x":0.5,"y":0.5}
},
"splash_centre.png":
{
	"frame": {"x":2,"y":1508,"w":534,"h":534},
	"rotated": false,
	"trimmed": true,
	"spriteSourceSize": {"x":228,"y":228,"w":534,"h":534},
	"sourceSize": {"w":990,"h":990},
	"pivot": {"x":0.5,"y":0.5}
},
"splash_middle.png":
{
	"frame": {"x":2,"y":2,"w":798,"h":796},
	"rotated": false,
	"trimmed": true,
	"spriteSourceSize": {"x":96,"y":98,"w":798,"h":796},
	"sourceSize": {"w":990,"h":990},
	"pivot": {"x":0.5,"y":0.5}
},
"tutorials/tutorial_desktop_ben001.png":
{
	"frame": {"x":802,"y":2,"w":724,"h":288},
	"rotated": false,
	"trimmed": true,
	"spriteSourceSize": {"x":2,"y":2,"w":724,"h":288},
	"sourceSize": {"w":728,"h":291},
	"pivot": {"x":0.5,"y":0.5}
},
"tutorials/tutorial_mobile_ben001.png":
{
	"frame": {"x":802,"y":292,"w":724,"h":288},
	"rotated": false,
	"trimmed": true,
	"spriteSourceSize": {"x":2,"y":2,"w":724,"h":288},
	"sourceSize": {"w":728,"h":291},
	"pivot": {"x":0.5,"y":0.5}
},
"tutorials/tutorial_overflow.png":
{
	"frame": {"x":802,"y":582,"w":724,"h":288},
	"rotated": false,
	"trimmed": true,
	"spriteSourceSize": {"x":2,"y":2,"w":724,"h":288},
	"sourceSize": {"w":728,"h":291},
	"pivot": {"x":0.5,"y":0.5}
},
"tutorials/tutorial_upgrade.png":
{
	"frame": {"x":2,"y":800,"w":724,"h":288},
	"rotated": false,
	"trimmed": true,
	"spriteSourceSize": {"x":2,"y":2,"w":724,"h":288},
	"sourceSize": {"w":728,"h":291},
	"pivot": {"x":0.5,"y":0.5}
}},
"meta": {
	"app": "http://www.codeandweb.com/texturepacker",
	"version": "1.0",
	"image": "ui_1.png",
	"format": "RGBA8888",
	"size": {"w":2048,"h":2048},
	"scale": "0.5",
	"smartupdate": "$TexturePacker:SmartUpdate:d2e7bbcd1607694e7222a3b419eee91b:1e3c420077f9aa3d5ec73a3759d2b9c0:61afb9ff7ecf3ff2cbb58ff670c4104e$"
}
}
