{"frames": {

"image_chaper_1.png":
{
	"frame": {"x":2,"y":2,"w":422,"h":422},
	"rotated": false,
	"trimmed": true,
	"spriteSourceSize": {"x":10,"y":10,"w":422,"h":422},
	"sourceSize": {"w":441,"h":441},
	"pivot": {"x":0.5,"y":0.5}
},
"image_chaper_2.png":
{
	"frame": {"x":2,"y":426,"w":422,"h":422},
	"rotated": false,
	"trimmed": true,
	"spriteSourceSize": {"x":10,"y":10,"w":422,"h":422},
	"sourceSize": {"w":441,"h":441},
	"pivot": {"x":0.5,"y":0.5}
},
"image_chaper_3.png":
{
	"frame": {"x":426,"y":2,"w":422,"h":422},
	"rotated": false,
	"trimmed": true,
	"spriteSourceSize": {"x":10,"y":10,"w":422,"h":422},
	"sourceSize": {"w":441,"h":441},
	"pivot": {"x":0.5,"y":0.5}
}},
"meta": {
	"app": "http://www.codeandweb.com/texturepacker",
	"version": "1.0",
	"image": "ui_2.png",
	"format": "RGBA8888",
	"size": {"w":1024,"h":1024},
	"scale": "0.5",
	"smartupdate": "$TexturePacker:SmartUpdate:d2e7bbcd1607694e7222a3b419eee91b:1e3c420077f9aa3d5ec73a3759d2b9c0:61afb9ff7ecf3ff2cbb58ff670c4104e$"
}
}
