{"frames": {

"btn_play_icon_off.png":
{
	"frame": {"x":165,"y":484,"w":70,"h":82},
	"rotated": false,
	"trimmed": true,
	"spriteSourceSize": {"x":66,"y":56,"w":70,"h":82},
	"sourceSize": {"w":193,"h":193},
	"pivot": {"x":0.5,"y":0.5}
},
"btn_play_icon_over.png":
{
	"frame": {"x":165,"y":567,"w":70,"h":82},
	"rotated": false,
	"trimmed": true,
	"spriteSourceSize": {"x":66,"y":56,"w":70,"h":82},
	"sourceSize": {"w":193,"h":193},
	"pivot": {"x":0.5,"y":0.5}
},
"btn_play_off.png":
{
	"frame": {"x":1,"y":1,"w":180,"h":180},
	"rotated": false,
	"trimmed": true,
	"spriteSourceSize": {"x":6,"y":6,"w":180,"h":180},
	"sourceSize": {"w":193,"h":193},
	"pivot": {"x":0.5,"y":0.5}
},
"btn_play_over.png":
{
	"frame": {"x":182,"y":1,"w":180,"h":180},
	"rotated": false,
	"trimmed": true,
	"spriteSourceSize": {"x":6,"y":6,"w":180,"h":180},
	"sourceSize": {"w":193,"h":193},
	"pivot": {"x":0.5,"y":0.5}
},
"btn_primary_large_disable.png":
{
	"frame": {"x":1,"y":182,"w":172,"h":176},
	"rotated": false,
	"trimmed": true,
	"spriteSourceSize": {"x":4,"y":2,"w":172,"h":176},
	"sourceSize": {"w":180,"h":180},
	"pivot": {"x":0.5,"y":0.5}
},
"btn_primary_large_icon_play_off.png":
{
	"frame": {"x":287,"y":496,"w":48,"h":64},
	"rotated": false,
	"trimmed": true,
	"spriteSourceSize": {"x":70,"y":58,"w":48,"h":64},
	"sourceSize": {"w":172,"h":176},
	"pivot": {"x":0.5,"y":0.5}
},
"btn_primary_large_icon_play_over.png":
{
	"frame": {"x":459,"y":524,"w":50,"h":66},
	"rotated": false,
	"trimmed": true,
	"spriteSourceSize": {"x":70,"y":56,"w":50,"h":66},
	"sourceSize": {"w":172,"h":176},
	"pivot": {"x":0.5,"y":0.5}
},
"btn_primary_large_off.png":
{
	"frame": {"x":363,"y":1,"w":148,"h":148},
	"rotated": false,
	"trimmed": true,
	"spriteSourceSize": {"x":12,"y":12,"w":148,"h":148},
	"sourceSize": {"w":173,"h":173},
	"pivot": {"x":0.5,"y":0.5}
},
"btn_primary_large_off_ring_001.png":
{
	"frame": {"x":174,"y":182,"w":170,"h":174},
	"rotated": false,
	"trimmed": true,
	"spriteSourceSize": {"x":0,"y":0,"w":170,"h":174},
	"sourceSize": {"w":173,"h":173},
	"pivot": {"x":0.5,"y":0.5}
},
"btn_primary_large_off_ring_002.png":
{
	"frame": {"x":345,"y":299,"w":160,"h":142},
	"rotated": false,
	"trimmed": true,
	"spriteSourceSize": {"x":6,"y":8,"w":160,"h":142},
	"sourceSize": {"w":173,"h":173},
	"pivot": {"x":0.5,"y":0.5}
},
"btn_primary_large_over.png":
{
	"frame": {"x":363,"y":150,"w":148,"h":148},
	"rotated": false,
	"trimmed": true,
	"spriteSourceSize": {"x":12,"y":12,"w":148,"h":148},
	"sourceSize": {"w":173,"h":173},
	"pivot": {"x":0.5,"y":0.5}
},
"btn_primary_large_over_ring_001.png":
{
	"frame": {"x":174,"y":182,"w":170,"h":174},
	"rotated": false,
	"trimmed": true,
	"spriteSourceSize": {"x":0,"y":0,"w":170,"h":174},
	"sourceSize": {"w":173,"h":173},
	"pivot": {"x":0.5,"y":0.5}
},
"btn_primary_large_over_ring_002.png":
{
	"frame": {"x":345,"y":299,"w":160,"h":142},
	"rotated": false,
	"trimmed": true,
	"spriteSourceSize": {"x":6,"y":8,"w":160,"h":142},
	"sourceSize": {"w":173,"h":173},
	"pivot": {"x":0.5,"y":0.5}
},
"btn_primary_large_play_icon_off.png":
{
	"frame": {"x":287,"y":496,"w":48,"h":64},
	"rotated": false,
	"trimmed": true,
	"spriteSourceSize": {"x":70,"y":58,"w":48,"h":64},
	"sourceSize": {"w":172,"h":176},
	"pivot": {"x":0.5,"y":0.5}
},
"btn_primary_large_play_icon_over.png":
{
	"frame": {"x":459,"y":524,"w":50,"h":66},
	"rotated": false,
	"trimmed": true,
	"spriteSourceSize": {"x":70,"y":56,"w":50,"h":66},
	"sourceSize": {"w":172,"h":176},
	"pivot": {"x":0.5,"y":0.5}
},
"btn_primary_medium_icon_audio_off.png":
{
	"frame": {"x":110,"y":504,"w":54,"h":48},
	"rotated": false,
	"trimmed": true,
	"spriteSourceSize": {"x":34,"y":40,"w":54,"h":48},
	"sourceSize": {"w":124,"h":128},
	"pivot": {"x":0.5,"y":0.5}
},
"btn_primary_medium_icon_audio_over.png":
{
	"frame": {"x":110,"y":553,"w":54,"h":48},
	"rotated": false,
	"trimmed": true,
	"spriteSourceSize": {"x":34,"y":40,"w":54,"h":48},
	"sourceSize": {"w":124,"h":128},
	"pivot": {"x":0.5,"y":0.5}
},
"btn_primary_medium_icon_back_off.png":
{
	"frame": {"x":130,"y":645,"w":34,"h":54},
	"rotated": false,
	"trimmed": true,
	"spriteSourceSize": {"x":42,"y":36,"w":34,"h":54},
	"sourceSize": {"w":124,"h":128},
	"pivot": {"x":0.5,"y":0.5}
},
"btn_primary_medium_icon_back_over.png":
{
	"frame": {"x":1,"y":665,"w":34,"h":54},
	"rotated": false,
	"trimmed": true,
	"spriteSourceSize": {"x":42,"y":36,"w":34,"h":54},
	"sourceSize": {"w":124,"h":128},
	"pivot": {"x":0.5,"y":0.5}
},
"btn_primary_medium_icon_close_off.png":
{
	"frame": {"x":1,"y":624,"w":38,"h":40},
	"rotated": false,
	"trimmed": true,
	"spriteSourceSize": {"x":44,"y":44,"w":38,"h":40},
	"sourceSize": {"w":124,"h":128},
	"pivot": {"x":0.5,"y":0.5}
},
"btn_primary_medium_icon_close_over.png":
{
	"frame": {"x":91,"y":645,"w":38,"h":40},
	"rotated": false,
	"trimmed": true,
	"spriteSourceSize": {"x":44,"y":44,"w":38,"h":40},
	"sourceSize": {"w":124,"h":128},
	"pivot": {"x":0.5,"y":0.5}
},
"btn_primary_medium_icon_exit_off.png":
{
	"frame": {"x":297,"y":357,"w":44,"h":46},
	"rotated": false,
	"trimmed": true,
	"spriteSourceSize": {"x":36,"y":40,"w":44,"h":46},
	"sourceSize": {"w":124,"h":128},
	"pivot": {"x":0.5,"y":0.5}
},
"btn_primary_medium_icon_exit_over.png":
{
	"frame": {"x":297,"y":404,"w":44,"h":46},
	"rotated": false,
	"trimmed": true,
	"spriteSourceSize": {"x":36,"y":40,"w":44,"h":46},
	"sourceSize": {"w":124,"h":128},
	"pivot": {"x":0.5,"y":0.5}
},
"btn_primary_medium_icon_home_off.png":
{
	"frame": {"x":236,"y":543,"w":48,"h":46},
	"rotated": false,
	"trimmed": true,
	"spriteSourceSize": {"x":38,"y":38,"w":48,"h":46},
	"sourceSize": {"w":124,"h":128},
	"pivot": {"x":0.5,"y":0.5}
},
"btn_primary_medium_icon_home_over.png":
{
	"frame": {"x":1,"y":577,"w":48,"h":46},
	"rotated": false,
	"trimmed": true,
	"spriteSourceSize": {"x":38,"y":38,"w":48,"h":46},
	"sourceSize": {"w":124,"h":128},
	"pivot": {"x":0.5,"y":0.5}
},
"btn_primary_medium_icon_levels_off.png":
{
	"frame": {"x":459,"y":442,"w":52,"h":40},
	"rotated": false,
	"trimmed": true,
	"spriteSourceSize": {"x":36,"y":42,"w":52,"h":40},
	"sourceSize": {"w":125,"h":125},
	"pivot": {"x":0.5,"y":0.5}
},
"btn_primary_medium_icon_levels_over.png":
{
	"frame": {"x":459,"y":483,"w":52,"h":40},
	"rotated": false,
	"trimmed": true,
	"spriteSourceSize": {"x":36,"y":42,"w":52,"h":40},
	"sourceSize": {"w":125,"h":125},
	"pivot": {"x":0.5,"y":0.5}
},
"btn_primary_medium_icon_mute_off.png":
{
	"frame": {"x":110,"y":359,"w":56,"h":40},
	"rotated": false,
	"trimmed": true,
	"spriteSourceSize": {"x":34,"y":44,"w":56,"h":40},
	"sourceSize": {"w":124,"h":128},
	"pivot": {"x":0.5,"y":0.5}
},
"btn_primary_medium_icon_mute_over.png":
{
	"frame": {"x":110,"y":400,"w":56,"h":40},
	"rotated": false,
	"trimmed": true,
	"spriteSourceSize": {"x":34,"y":44,"w":56,"h":40},
	"sourceSize": {"w":124,"h":128},
	"pivot": {"x":0.5,"y":0.5}
},
"btn_primary_medium_icon_next_off.png":
{
	"frame": {"x":36,"y":665,"w":34,"h":54},
	"rotated": false,
	"trimmed": true,
	"spriteSourceSize": {"x":48,"y":36,"w":34,"h":54},
	"sourceSize": {"w":124,"h":128},
	"pivot": {"x":0.5,"y":0.5}
},
"btn_primary_medium_icon_next_over.png":
{
	"frame": {"x":71,"y":686,"w":34,"h":54},
	"rotated": false,
	"trimmed": true,
	"spriteSourceSize": {"x":48,"y":36,"w":34,"h":54},
	"sourceSize": {"w":124,"h":128},
	"pivot": {"x":0.5,"y":0.5}
},
"btn_primary_medium_icon_pause_off.png":
{
	"frame": {"x":1,"y":720,"w":34,"h":40},
	"rotated": false,
	"trimmed": true,
	"spriteSourceSize": {"x":44,"y":44,"w":34,"h":40},
	"sourceSize": {"w":124,"h":128},
	"pivot": {"x":0.5,"y":0.5}
},
"btn_primary_medium_icon_pause_over.png":
{
	"frame": {"x":36,"y":720,"w":34,"h":40},
	"rotated": false,
	"trimmed": true,
	"spriteSourceSize": {"x":44,"y":44,"w":34,"h":40},
	"sourceSize": {"w":124,"h":128},
	"pivot": {"x":0.5,"y":0.5}
},
"btn_primary_medium_icon_replay_off.png":
{
	"frame": {"x":236,"y":484,"w":50,"h":58},
	"rotated": false,
	"trimmed": true,
	"spriteSourceSize": {"x":38,"y":32,"w":50,"h":58},
	"sourceSize": {"w":124,"h":128},
	"pivot": {"x":0.5,"y":0.5}
},
"btn_primary_medium_icon_replay_over.png":
{
	"frame": {"x":110,"y":441,"w":54,"h":62},
	"rotated": false,
	"trimmed": true,
	"spriteSourceSize": {"x":36,"y":30,"w":54,"h":62},
	"sourceSize": {"w":124,"h":128},
	"pivot": {"x":0.5,"y":0.5}
},
"btn_primary_medium_icon_skip_off.png":
{
	"frame": {"x":95,"y":602,"w":40,"h":42},
	"rotated": false,
	"trimmed": true,
	"spriteSourceSize": {"x":42,"y":42,"w":40,"h":42},
	"sourceSize": {"w":124,"h":128},
	"pivot": {"x":0.5,"y":0.5}
},
"btn_primary_medium_icon_skip_over.png":
{
	"frame": {"x":50,"y":622,"w":40,"h":42},
	"rotated": false,
	"trimmed": true,
	"spriteSourceSize": {"x":42,"y":42,"w":40,"h":42},
	"sourceSize": {"w":124,"h":128},
	"pivot": {"x":0.5,"y":0.5}
},
"btn_primary_medium_icon_tick_off.png":
{
	"frame": {"x":297,"y":451,"w":44,"h":44},
	"rotated": false,
	"trimmed": true,
	"spriteSourceSize": {"x":38,"y":44,"w":44,"h":44},
	"sourceSize": {"w":124,"h":128},
	"pivot": {"x":0.5,"y":0.5}
},
"btn_primary_medium_icon_tick_over.png":
{
	"frame": {"x":50,"y":577,"w":44,"h":44},
	"rotated": false,
	"trimmed": true,
	"spriteSourceSize": {"x":38,"y":44,"w":44,"h":44},
	"sourceSize": {"w":124,"h":128},
	"pivot": {"x":0.5,"y":0.5}
},
"btn_primary_medium_off.png":
{
	"frame": {"x":1,"y":359,"w":108,"h":108},
	"rotated": false,
	"trimmed": true,
	"spriteSourceSize": {"x":8,"y":8,"w":108,"h":108},
	"sourceSize": {"w":125,"h":125},
	"pivot": {"x":0.5,"y":0.5}
},
"btn_primary_medium_off_ring_001.png":
{
	"frame": {"x":174,"y":357,"w":122,"h":126},
	"rotated": false,
	"trimmed": true,
	"spriteSourceSize": {"x":0,"y":0,"w":122,"h":126},
	"sourceSize": {"w":125,"h":125},
	"pivot": {"x":0.5,"y":0.5}
},
"btn_primary_medium_off_ring_002.png":
{
	"frame": {"x":342,"y":442,"w":116,"h":104},
	"rotated": false,
	"trimmed": true,
	"spriteSourceSize": {"x":4,"y":6,"w":116,"h":104},
	"sourceSize": {"w":125,"h":125},
	"pivot": {"x":0.5,"y":0.5}
},
"btn_primary_medium_over.png":
{
	"frame": {"x":1,"y":468,"w":108,"h":108},
	"rotated": false,
	"trimmed": true,
	"spriteSourceSize": {"x":8,"y":8,"w":108,"h":108},
	"sourceSize": {"w":125,"h":125},
	"pivot": {"x":0.5,"y":0.5}
},
"btn_primary_medium_over_ring_001.png":
{
	"frame": {"x":174,"y":357,"w":122,"h":126},
	"rotated": false,
	"trimmed": true,
	"spriteSourceSize": {"x":0,"y":0,"w":122,"h":126},
	"sourceSize": {"w":125,"h":125},
	"pivot": {"x":0.5,"y":0.5}
},
"btn_primary_medium_over_ring_002.png":
{
	"frame": {"x":342,"y":442,"w":116,"h":104},
	"rotated": false,
	"trimmed": true,
	"spriteSourceSize": {"x":4,"y":6,"w":116,"h":104},
	"sourceSize": {"w":125,"h":125},
	"pivot": {"x":0.5,"y":0.5}
}},
"meta": {
	"app": "http://www.codeandweb.com/texturepacker",
	"version": "1.0",
	"image": "ui_buttons.png",
	"format": "RGBA8888",
	"size": {"w":512,"h":1024},
	"scale": "0.5",
	"smartupdate": "$TexturePacker:SmartUpdate:e46e0fae3c9ac46101778ce4aa72e22f:ce911abe92c1a43f4da61c0c18147bef:b270292214df7ce1198875b796cabf15$"
}
}
