{
	"alpha": {
		"start": 1,
		"end": 0
	},
	"scale": {
		"start": 0.2,
		"end": 1.34,
		"minimumScaleMultiplier": 2
	},
	"color": {
		"start": "#ff7300",
		"end": "#0f0907"
	},
	"speed": {
		"start": 800,
		"end": 100
	},
	"acceleration": {
		"x": 0,
		"y": 0
	},
	"startRotation": {
		"min": 0,
		"max": 360
	},
	"rotationSpeed": {
		"min": 0,
		"max": 200
	},
	"lifetime": {
		"min": 0.5,
		"max": 1
	},
	"blendMode": "normal",
	"ease": [
		{
			"s": 0,
			"cp": 0.329,
			"e": 0.548
		},
		{
			"s": 0.548,
			"cp": 0.767,
			"e": 0.876
		},
		{
			"s": 0.876,
			"cp": 0.985,
			"e": 1
		}
	],
	"frequency": 0.1,
	"emitterLifetime": 0.3,
	"maxParticles": 100,
	"pos": {
		"x": 0,
		"y": 0
	},
	"addAtBack": false,
	"spawnType": "burst",
	"particlesPerWave": 33,
	"particleSpacing": 0,
	"angleStart": 0
}