{
	"alpha": {
		"start": 0,
		"end": 1
	},
	"scale": {
		"start": 0.6,
		"end": 0.1,
		"minimumScaleMultiplier": 1
	},
	"color": {
		"start": "#ffffff",
		"end": "#ffffff"
	},
	"speed": {
		"start": 50,
		"end": 10
	},
	"acceleration": {
		"x": 0,
		"y": -80
	},
	"startRotation": {
		"min": 0,
		"max": 360
	},
	"rotationSpeed": {
		"min": 0,
		"max": 10
	},
	"lifetime": {
		"min": 0.2,
		"max": 1
	},
	"blendMode": "add",
	"frequency": 0.1,
	"emitterLifetime": -1,
	"maxParticles": 10,
	"pos": {
		"x": 0,
		"y": 0
	},
	"addAtBack": false,
	"spawnType": "ring",
	"spawnCircle": {
		"x": 0,
		"y": 0,
		"r": 50,
		"minR": 40
	}
}