{
	"alpha": {
		"start": 1,
		"end": 1
	},
	"scale": {
		"start": 2,
		"end": 0.1,
		"minimumScaleMultiplier": 1.2
	},
	"color": {
		"start": "#ffffff",
		"end": "#ffffff"
	},
	"speed": {
		"start": 600,
		"end": 50
	},
	"acceleration": {
		"x": 0,
		"y": 0
	},
	"startRotation": {
		"min": 0,
		"max": 360
	},
	"rotationSpeed": {
		"min": 0,
		"max": 0
	},
	"lifetime": {
		"min": 0.4,
		"max": 0.6
	},
	"blendMode": "normal",
	"frequency": 0.05,
	"emitterLifetime": 0.3,
	"maxParticles": 18,
	"pos": {
		"x": 0,
		"y": 0
	},
	"addAtBack": true,
	"spawnType": "burst",
	"particlesPerWave": 6,
	"particleSpacing": 60,
	"angleStart": 0
}