<?xml version="1.0" encoding="UTF-8" standalone="no"?>
<!--Created using Glyph Designer - http://www.71squared.com/glyphdesigner-->
<font>
    <info face="Ahkio Green" size="100" bold="0" italic="0" chasrset="" unicode="0" stretchH="100" smooth="1" aa="1" padding="0,0,0,0" spacing="2,2"/>
    <common lineHeight="116" base="94" scaleW="1024" scaleH="1024" pages="1" packed="0"/>
    <pages>
        <page id="0" file="ahkio_90_endgame.png"/>
    </pages>
    <chars count="95">
        <char id="32" x="964" y="461" width="0" height="0" xoffset="0" yoffset="98" xadvance="15" page="0" chnl="0" letter="space"/>
        <char id="33" x="741" y="202" width="45" height="85" xoffset="-5" yoffset="13" xadvance="21" page="0" chnl="0" letter="!"/>
        <char id="34" x="603" y="461" width="48" height="44" xoffset="4" yoffset="8" xadvance="32" page="0" chnl="0" letter="&quot;"/>
        <char id="35" x="254" y="375" width="69" height="78" xoffset="0" yoffset="12" xadvance="55" page="0" chnl="0" letter="#"/>
        <char id="36" x="870" y="2" width="55" height="88" xoffset="-1" yoffset="12" xadvance="40" page="0" chnl="0" letter="$"/>
        <char id="37" x="2" y="289" width="74" height="84" xoffset="3" yoffset="14" xadvance="67" page="0" chnl="0" letter="%"/>
        <char id="38" x="2" y="2" width="67" height="109" xoffset="-3" yoffset="2" xadvance="49" page="0" chnl="0" letter="&amp;"/>
        <char id="39" x="653" y="461" width="33" height="44" xoffset="4" yoffset="8" xadvance="17" page="0" chnl="0" letter="'"/>
        <char id="40" x="673" y="2" width="45" height="90" xoffset="-1" yoffset="9" xadvance="25" page="0" chnl="0" letter="("/>
        <char id="41" x="720" y="2" width="45" height="90" xoffset="-5" yoffset="9" xadvance="26" page="0" chnl="0" letter=")"/>
        <char id="42" x="493" y="461" width="50" height="52" xoffset="4" yoffset="7" xadvance="37" page="0" chnl="0" letter="*"/>
        <char id="43" x="255" y="461" width="57" height="63" xoffset="-0" yoffset="27" xadvance="47" page="0" chnl="0" letter="+"/>
        <char id="44" x="688" y="461" width="34" height="42" xoffset="-6" yoffset="66" xadvance="18" page="0" chnl="0" letter=","/>
        <char id="45" x="853" y="461" width="48" height="31" xoffset="-1" yoffset="45" xadvance="37" page="0" chnl="0" letter="-"/>
        <char id="46" x="818" y="461" width="33" height="34" xoffset="-5" yoffset="64" xadvance="19" page="0" chnl="0" letter="."/>
        <char id="47" x="449" y="2" width="62" height="91" xoffset="-5" yoffset="8" xadvance="37" page="0" chnl="0" letter="/"/>
        <char id="48" x="346" y="202" width="65" height="85" xoffset="-1" yoffset="13" xadvance="51" page="0" chnl="0" letter="0"/>
        <char id="49" x="121" y="375" width="43" height="84" xoffset="1" yoffset="14" xadvance="27" page="0" chnl="0" letter="1"/>
        <char id="50" x="413" y="202" width="65" height="85" xoffset="-4" yoffset="13" xadvance="46" page="0" chnl="0" letter="2"/>
        <char id="51" x="614" y="202" width="64" height="85" xoffset="-3" yoffset="13" xadvance="45" page="0" chnl="0" letter="3"/>
        <char id="52" x="445" y="289" width="66" height="84" xoffset="-4" yoffset="14" xadvance="49" page="0" chnl="0" letter="4"/>
        <char id="53" x="910" y="289" width="62" height="84" xoffset="-3" yoffset="14" xadvance="45" page="0" chnl="0" letter="5"/>
        <char id="54" x="780" y="289" width="63" height="84" xoffset="-1" yoffset="14" xadvance="47" page="0" chnl="0" letter="6"/>
        <char id="55" x="845" y="289" width="63" height="84" xoffset="-0" yoffset="14" xadvance="44" page="0" chnl="0" letter="7"/>
        <char id="56" x="72" y="202" width="67" height="85" xoffset="-3" yoffset="13" xadvance="49" page="0" chnl="0" letter="8"/>
        <char id="57" x="648" y="289" width="64" height="84" xoffset="-2" yoffset="14" xadvance="47" page="0" chnl="0" letter="9"/>
        <char id="58" x="923" y="375" width="39" height="69" xoffset="-5" yoffset="29" xadvance="22" page="0" chnl="0" letter=":"/>
        <char id="59" x="211" y="375" width="41" height="79" xoffset="-6" yoffset="29" xadvance="21" page="0" chnl="0" letter=";"/>
        <char id="60" x="371" y="461" width="59" height="60" xoffset="-1" yoffset="29" xadvance="44" page="0" chnl="0" letter="&lt;"/>
        <char id="61" x="545" y="461" width="56" height="45" xoffset="-0" yoffset="35" xadvance="44" page="0" chnl="0" letter="="/>
        <char id="62" x="432" y="461" width="59" height="60" xoffset="-3" yoffset="29" xadvance="44" page="0" chnl="0" letter=">"/>
        <char id="63" x="680" y="202" width="59" height="85" xoffset="3" yoffset="13" xadvance="48" page="0" chnl="0" letter="?"/>
        <char id="64" x="173" y="2" width="97" height="106" xoffset="-0" yoffset="7" xadvance="84" page="0" chnl="0" letter="@"/>
        <char id="65" x="210" y="202" width="66" height="85" xoffset="-4" yoffset="13" xadvance="53" page="0" chnl="0" letter="A"/>
        <char id="66" x="791" y="113" width="69" height="85" xoffset="-2" yoffset="13" xadvance="52" page="0" chnl="0" letter="B"/>
        <char id="67" x="141" y="202" width="67" height="85" xoffset="-2" yoffset="13" xadvance="50" page="0" chnl="0" letter="C"/>
        <char id="68" x="645" y="113" width="71" height="85" xoffset="-2" yoffset="13" xadvance="55" page="0" chnl="0" letter="D"/>
        <char id="69" x="480" y="202" width="65" height="85" xoffset="-2" yoffset="13" xadvance="46" page="0" chnl="0" letter="E"/>
        <char id="70" x="547" y="202" width="65" height="85" xoffset="-3" yoffset="13" xadvance="44" page="0" chnl="0" letter="F"/>
        <char id="71" x="2" y="202" width="68" height="85" xoffset="-2" yoffset="13" xadvance="53" page="0" chnl="0" letter="G"/>
        <char id="72" x="78" y="289" width="74" height="84" xoffset="-3" yoffset="14" xadvance="53" page="0" chnl="0" letter="H"/>
        <char id="73" x="166" y="375" width="43" height="84" xoffset="-3" yoffset="14" xadvance="22" page="0" chnl="0" letter="I"/>
        <char id="74" x="714" y="289" width="64" height="84" xoffset="-4" yoffset="14" xadvance="44" page="0" chnl="0" letter="J"/>
        <char id="75" x="230" y="289" width="72" height="84" xoffset="-3" yoffset="14" xadvance="51" page="0" chnl="0" letter="K"/>
        <char id="76" x="65" y="375" width="54" height="84" xoffset="-2" yoffset="14" xadvance="41" page="0" chnl="0" letter="L"/>
        <char id="77" x="557" y="113" width="86" height="85" xoffset="-3" yoffset="13" xadvance="64" page="0" chnl="0" letter="M"/>
        <char id="78" x="154" y="289" width="74" height="84" xoffset="-3" yoffset="14" xadvance="53" page="0" chnl="0" letter="N"/>
        <char id="79" x="718" y="113" width="71" height="85" xoffset="-1" yoffset="13" xadvance="56" page="0" chnl="0" letter="O"/>
        <char id="80" x="862" y="113" width="69" height="85" xoffset="-3" yoffset="13" xadvance="51" page="0" chnl="0" letter="P"/>
        <char id="81" x="376" y="2" width="71" height="94" xoffset="-1" yoffset="14" xadvance="56" page="0" chnl="0" letter="Q"/>
        <char id="82" x="933" y="113" width="69" height="85" xoffset="-3" yoffset="13" xadvance="52" page="0" chnl="0" letter="R"/>
        <char id="83" x="278" y="202" width="66" height="85" xoffset="-3" yoffset="14" xadvance="48" page="0" chnl="0" letter="S"/>
        <char id="84" x="2" y="375" width="61" height="84" xoffset="4" yoffset="14" xadvance="46" page="0" chnl="0" letter="T"/>
        <char id="85" x="376" y="289" width="67" height="84" xoffset="-1" yoffset="14" xadvance="51" page="0" chnl="0" letter="U"/>
        <char id="86" x="581" y="289" width="65" height="84" xoffset="5" yoffset="14" xadvance="51" page="0" chnl="0" letter="V"/>
        <char id="87" x="788" y="202" width="89" height="84" xoffset="3" yoffset="14" xadvance="73" page="0" chnl="0" letter="W"/>
        <char id="88" x="879" y="202" width="78" height="84" xoffset="-5" yoffset="14" xadvance="54" page="0" chnl="0" letter="X"/>
        <char id="89" x="513" y="289" width="66" height="84" xoffset="5" yoffset="14" xadvance="51" page="0" chnl="0" letter="Y"/>
        <char id="90" x="304" y="289" width="70" height="84" xoffset="-4" yoffset="14" xadvance="48" page="0" chnl="0" letter="Z"/>
        <char id="91" x="513" y="2" width="52" height="91" xoffset="-4" yoffset="9" xadvance="29" page="0" chnl="0" letter="["/>
        <char id="92" x="621" y="2" width="50" height="90" xoffset="6" yoffset="9" xadvance="46" page="0" chnl="0" letter="\"/>
        <char id="93" x="567" y="2" width="52" height="91" xoffset="-5" yoffset="9" xadvance="31" page="0" chnl="0" letter="]"/>
        <char id="94" x="314" y="461" width="55" height="63" xoffset="0" yoffset="4" xadvance="43" page="0" chnl="0" letter="^"/>
        <char id="95" x="903" y="461" width="59" height="29" xoffset="-8" yoffset="84" xadvance="38" page="0" chnl="0" letter="_"/>
        <char id="96" x="724" y="461" width="39" height="38" xoffset="6" yoffset="7" xadvance="26" page="0" chnl="0" letter="`"/>
        <char id="97" x="562" y="375" width="63" height="69" xoffset="-3" yoffset="29" xadvance="47" page="0" chnl="0" letter="a"/>
        <char id="98" x="329" y="113" width="62" height="87" xoffset="-3" yoffset="11" xadvance="47" page="0" chnl="0" letter="b"/>
        <char id="99" x="810" y="375" width="57" height="69" xoffset="-3" yoffset="29" xadvance="42" page="0" chnl="0" letter="c"/>
        <char id="100" x="927" y="2" width="69" height="87" xoffset="-3" yoffset="11" xadvance="47" page="0" chnl="0" letter="d"/>
        <char id="101" x="690" y="375" width="58" height="69" xoffset="-2" yoffset="29" xadvance="42" page="0" chnl="0" letter="e"/>
        <char id="102" x="813" y="2" width="55" height="89" xoffset="-1" yoffset="9" xadvance="33" page="0" chnl="0" letter="f"/>
        <char id="103" x="134" y="113" width="63" height="87" xoffset="-3" yoffset="29" xadvance="46" page="0" chnl="0" letter="g"/>
        <char id="104" x="199" y="113" width="63" height="87" xoffset="-3" yoffset="11" xadvance="47" page="0" chnl="0" letter="h"/>
        <char id="105" x="767" y="2" width="44" height="90" xoffset="-4" yoffset="8" xadvance="22" page="0" chnl="0" letter="i"/>
        <char id="106" x="71" y="2" width="52" height="108" xoffset="-12" yoffset="8" xadvance="21" page="0" chnl="0" letter="j"/>
        <char id="107" x="2" y="113" width="64" height="87" xoffset="-3" yoffset="11" xadvance="46" page="0" chnl="0" letter="k"/>
        <char id="108" x="393" y="113" width="44" height="87" xoffset="-3" yoffset="11" xadvance="22" page="0" chnl="0" letter="l"/>
        <char id="109" x="325" y="375" width="87" height="69" xoffset="-4" yoffset="29" xadvance="71" page="0" chnl="0" letter="m"/>
        <char id="110" x="496" y="375" width="64" height="69" xoffset="-4" yoffset="29" xadvance="47" page="0" chnl="0" letter="n"/>
        <char id="111" x="627" y="375" width="61" height="69" xoffset="-3" yoffset="29" xadvance="46" page="0" chnl="0" letter="o"/>
        <char id="112" x="439" y="113" width="65" height="86" xoffset="-6" yoffset="29" xadvance="47" page="0" chnl="0" letter="p"/>
        <char id="113" x="264" y="113" width="63" height="87" xoffset="-3" yoffset="29" xadvance="46" page="0" chnl="0" letter="q"/>
        <char id="114" x="869" y="375" width="52" height="69" xoffset="-4" yoffset="29" xadvance="33" page="0" chnl="0" letter="r"/>
        <char id="115" x="750" y="375" width="58" height="69" xoffset="-4" yoffset="29" xadvance="40" page="0" chnl="0" letter="s"/>
        <char id="116" x="506" y="113" width="49" height="86" xoffset="-0" yoffset="12" xadvance="33" page="0" chnl="0" letter="t"/>
        <char id="117" x="69" y="461" width="64" height="68" xoffset="-2" yoffset="30" xadvance="47" page="0" chnl="0" letter="u"/>
        <char id="118" x="135" y="461" width="58" height="68" xoffset="2" yoffset="30" xadvance="44" page="0" chnl="0" letter="v"/>
        <char id="119" x="414" y="375" width="80" height="69" xoffset="1" yoffset="29" xadvance="66" page="0" chnl="0" letter="w"/>
        <char id="120" x="2" y="461" width="65" height="68" xoffset="-5" yoffset="30" xadvance="45" page="0" chnl="0" letter="x"/>
        <char id="121" x="68" y="113" width="64" height="87" xoffset="-2" yoffset="29" xadvance="47" page="0" chnl="0" letter="y"/>
        <char id="122" x="195" y="461" width="58" height="68" xoffset="-4" yoffset="30" xadvance="40" page="0" chnl="0" letter="z"/>
        <char id="123" x="272" y="2" width="50" height="96" xoffset="-1" yoffset="6" xadvance="29" page="0" chnl="0" letter="{"/>
        <char id="124" x="125" y="2" width="46" height="108" xoffset="-3" yoffset="2" xadvance="26" page="0" chnl="0" letter="|"/>
        <char id="125" x="324" y="2" width="50" height="96" xoffset="-6" yoffset="6" xadvance="31" page="0" chnl="0" letter="}"/>
        <char id="126" x="765" y="461" width="51" height="34" xoffset="-1" yoffset="42" xadvance="39" page="0" chnl="0" letter="~"/>
    </chars>
    <kernings count="1293">
        <kerning first="32" second="98" amount="-1"/>
        <kerning first="33" second="98" amount="-1"/>
        <kerning first="33" second="108" amount="-2"/>
        <kerning first="34" second="68" amount="-1"/>
        <kerning first="36" second="50" amount="-1"/>
        <kerning first="36" second="51" amount="-1"/>
        <kerning first="36" second="55" amount="-3"/>
        <kerning first="36" second="57" amount="-2"/>
        <kerning first="38" second="48" amount="-1"/>
        <kerning first="38" second="49" amount="-1"/>
        <kerning first="38" second="51" amount="-1"/>
        <kerning first="38" second="52" amount="-2"/>
        <kerning first="38" second="54" amount="-2"/>
        <kerning first="38" second="57" amount="-1"/>
        <kerning first="38" second="66" amount="-1"/>
        <kerning first="38" second="67" amount="-2"/>
        <kerning first="38" second="69" amount="-1"/>
        <kerning first="38" second="71" amount="-2"/>
        <kerning first="38" second="79" amount="-2"/>
        <kerning first="38" second="83" amount="-1"/>
        <kerning first="38" second="84" amount="-1"/>
        <kerning first="38" second="85" amount="-1"/>
        <kerning first="38" second="86" amount="-1"/>
        <kerning first="38" second="87" amount="-2"/>
        <kerning first="38" second="89" amount="-2"/>
        <kerning first="38" second="97" amount="-1"/>
        <kerning first="38" second="99" amount="-1"/>
        <kerning first="38" second="101" amount="-1"/>
        <kerning first="38" second="111" amount="-1"/>
        <kerning first="38" second="115" amount="-1"/>
        <kerning first="38" second="118" amount="-1"/>
        <kerning first="38" second="119" amount="-1"/>
        <kerning first="39" second="50" amount="-1"/>
        <kerning first="39" second="52" amount="-4"/>
        <kerning first="39" second="65" amount="-5"/>
        <kerning first="39" second="66" amount="1"/>
        <kerning first="39" second="71" amount="-1"/>
        <kerning first="39" second="74" amount="-3"/>
        <kerning first="39" second="79" amount="-1"/>
        <kerning first="39" second="97" amount="-3"/>
        <kerning first="39" second="99" amount="-3"/>
        <kerning first="39" second="101" amount="-2"/>
        <kerning first="39" second="106" amount="1"/>
        <kerning first="39" second="111" amount="-2"/>
        <kerning first="39" second="117" amount="-1"/>
        <kerning first="39" second="121" amount="-1"/>
        <kerning first="40" second="48" amount="-3"/>
        <kerning first="40" second="52" amount="-2"/>
        <kerning first="40" second="54" amount="-2"/>
        <kerning first="40" second="55" amount="1"/>
        <kerning first="40" second="56" amount="-1"/>
        <kerning first="40" second="57" amount="-2"/>
        <kerning first="40" second="65" amount="-1"/>
        <kerning first="40" second="67" amount="-2"/>
        <kerning first="40" second="71" amount="-2"/>
        <kerning first="40" second="79" amount="-2"/>
        <kerning first="40" second="86" amount="1"/>
        <kerning first="40" second="88" amount="-1"/>
        <kerning first="40" second="97" amount="-2"/>
        <kerning first="40" second="99" amount="-2"/>
        <kerning first="40" second="101" amount="-2"/>
        <kerning first="40" second="111" amount="-2"/>
        <kerning first="40" second="115" amount="-1"/>
        <kerning first="40" second="117" amount="-1"/>
        <kerning first="40" second="120" amount="-1"/>
        <kerning first="42" second="52" amount="-3"/>
        <kerning first="42" second="65" amount="-5"/>
        <kerning first="42" second="74" amount="-4"/>
        <kerning first="42" second="97" amount="-3"/>
        <kerning first="42" second="99" amount="-2"/>
        <kerning first="42" second="101" amount="-2"/>
        <kerning first="42" second="102" amount="1"/>
        <kerning first="42" second="106" amount="1"/>
        <kerning first="42" second="111" amount="-1"/>
        <kerning first="42" second="116" amount="1"/>
        <kerning first="45" second="50" amount="-2"/>
        <kerning first="45" second="51" amount="-2"/>
        <kerning first="45" second="53" amount="-1"/>
        <kerning first="45" second="55" amount="-4"/>
        <kerning first="45" second="57" amount="-4"/>
        <kerning first="45" second="65" amount="-1"/>
        <kerning first="45" second="74" amount="-2"/>
        <kerning first="45" second="84" amount="-5"/>
        <kerning first="45" second="86" amount="-4"/>
        <kerning first="45" second="87" amount="-1"/>
        <kerning first="45" second="88" amount="-2"/>
        <kerning first="45" second="89" amount="-5"/>
        <kerning first="45" second="120" amount="-1"/>
        <kerning first="45" second="122" amount="-1"/>
        <kerning first="46" second="48" amount="-4"/>
        <kerning first="46" second="49" amount="-3"/>
        <kerning first="46" second="51" amount="-1"/>
        <kerning first="46" second="52" amount="-4"/>
        <kerning first="46" second="53" amount="-1"/>
        <kerning first="46" second="54" amount="-5"/>
        <kerning first="46" second="55" amount="-2"/>
        <kerning first="46" second="56" amount="-2"/>
        <kerning first="46" second="57" amount="-3"/>
        <kerning first="46" second="66" amount="-1"/>
        <kerning first="46" second="67" amount="-5"/>
        <kerning first="46" second="68" amount="-1"/>
        <kerning first="46" second="69" amount="-1"/>
        <kerning first="46" second="71" amount="-5"/>
        <kerning first="46" second="76" amount="-1"/>
        <kerning first="46" second="79" amount="-6"/>
        <kerning first="46" second="83" amount="-2"/>
        <kerning first="46" second="84" amount="-9"/>
        <kerning first="46" second="85" amount="-5"/>
        <kerning first="46" second="86" amount="-7"/>
        <kerning first="46" second="87" amount="-5"/>
        <kerning first="46" second="89" amount="-6"/>
        <kerning first="46" second="97" amount="-2"/>
        <kerning first="46" second="99" amount="-2"/>
        <kerning first="46" second="101" amount="-2"/>
        <kerning first="46" second="111" amount="-2"/>
        <kerning first="46" second="116" amount="-4"/>
        <kerning first="46" second="117" amount="-2"/>
        <kerning first="46" second="118" amount="-5"/>
        <kerning first="46" second="119" amount="-3"/>
        <kerning first="46" second="121" amount="-2"/>
        <kerning first="47" second="47" amount="-10"/>
        <kerning first="47" second="48" amount="-2"/>
        <kerning first="47" second="49" amount="-1"/>
        <kerning first="47" second="50" amount="-1"/>
        <kerning first="47" second="52" amount="-7"/>
        <kerning first="47" second="54" amount="-4"/>
        <kerning first="47" second="56" amount="-2"/>
        <kerning first="47" second="57" amount="-1"/>
        <kerning first="47" second="65" amount="-7"/>
        <kerning first="47" second="67" amount="-2"/>
        <kerning first="47" second="71" amount="-2"/>
        <kerning first="47" second="74" amount="-7"/>
        <kerning first="47" second="79" amount="-2"/>
        <kerning first="47" second="83" amount="-1"/>
        <kerning first="47" second="97" amount="-6"/>
        <kerning first="47" second="99" amount="-5"/>
        <kerning first="47" second="101" amount="-5"/>
        <kerning first="47" second="106" amount="1"/>
        <kerning first="47" second="109" amount="-2"/>
        <kerning first="47" second="110" amount="-2"/>
        <kerning first="47" second="111" amount="-5"/>
        <kerning first="47" second="112" amount="-3"/>
        <kerning first="47" second="114" amount="-2"/>
        <kerning first="47" second="115" amount="-4"/>
        <kerning first="47" second="116" amount="-1"/>
        <kerning first="47" second="117" amount="-3"/>
        <kerning first="47" second="118" amount="-1"/>
        <kerning first="47" second="119" amount="-1"/>
        <kerning first="47" second="120" amount="-3"/>
        <kerning first="47" second="121" amount="-3"/>
        <kerning first="47" second="122" amount="-2"/>
        <kerning first="48" second="36" amount="-1"/>
        <kerning first="48" second="39" amount="-3"/>
        <kerning first="48" second="41" amount="-2"/>
        <kerning first="48" second="42" amount="-3"/>
        <kerning first="48" second="46" amount="-1"/>
        <kerning first="48" second="47" amount="-1"/>
        <kerning first="48" second="50" amount="-2"/>
        <kerning first="48" second="51" amount="-1"/>
        <kerning first="48" second="55" amount="-4"/>
        <kerning first="48" second="57" amount="-1"/>
        <kerning first="48" second="63" amount="-4"/>
        <kerning first="48" second="65" amount="-1"/>
        <kerning first="48" second="74" amount="-2"/>
        <kerning first="48" second="83" amount="-1"/>
        <kerning first="48" second="84" amount="-5"/>
        <kerning first="48" second="86" amount="-3"/>
        <kerning first="48" second="87" amount="-2"/>
        <kerning first="48" second="88" amount="-1"/>
        <kerning first="48" second="89" amount="-4"/>
        <kerning first="48" second="90" amount="-2"/>
        <kerning first="48" second="92" amount="-7"/>
        <kerning first="48" second="93" amount="-3"/>
        <kerning first="50" second="39" amount="-1"/>
        <kerning first="50" second="41" amount="-1"/>
        <kerning first="50" second="42" amount="-1"/>
        <kerning first="50" second="50" amount="-1"/>
        <kerning first="50" second="51" amount="-1"/>
        <kerning first="50" second="52" amount="-2"/>
        <kerning first="50" second="55" amount="-3"/>
        <kerning first="50" second="56" amount="-1"/>
        <kerning first="50" second="63" amount="-3"/>
        <kerning first="50" second="67" amount="-1"/>
        <kerning first="50" second="84" amount="-3"/>
        <kerning first="50" second="86" amount="-1"/>
        <kerning first="50" second="87" amount="-1"/>
        <kerning first="50" second="88" amount="-1"/>
        <kerning first="50" second="89" amount="-3"/>
        <kerning first="50" second="92" amount="-5"/>
        <kerning first="50" second="93" amount="-1"/>
        <kerning first="50" second="99" amount="-1"/>
        <kerning first="50" second="101" amount="-1"/>
        <kerning first="50" second="116" amount="1"/>
        <kerning first="51" second="36" amount="-1"/>
        <kerning first="51" second="39" amount="-1"/>
        <kerning first="51" second="41" amount="-1"/>
        <kerning first="51" second="42" amount="-1"/>
        <kerning first="51" second="46" amount="-1"/>
        <kerning first="51" second="50" amount="-1"/>
        <kerning first="51" second="51" amount="-1"/>
        <kerning first="51" second="55" amount="-2"/>
        <kerning first="51" second="63" amount="-3"/>
        <kerning first="51" second="65" amount="-1"/>
        <kerning first="51" second="84" amount="-2"/>
        <kerning first="51" second="86" amount="-2"/>
        <kerning first="51" second="87" amount="-1"/>
        <kerning first="51" second="88" amount="-1"/>
        <kerning first="51" second="89" amount="-3"/>
        <kerning first="51" second="92" amount="-4"/>
        <kerning first="51" second="93" amount="-2"/>
        <kerning first="51" second="102" amount="1"/>
        <kerning first="51" second="116" amount="1"/>
        <kerning first="52" second="36" amount="-1"/>
        <kerning first="52" second="39" amount="-4"/>
        <kerning first="52" second="42" amount="-4"/>
        <kerning first="52" second="46" amount="-1"/>
        <kerning first="52" second="49" amount="-1"/>
        <kerning first="52" second="50" amount="-1"/>
        <kerning first="52" second="55" amount="-1"/>
        <kerning first="52" second="56" amount="1"/>
        <kerning first="52" second="63" amount="-3"/>
        <kerning first="52" second="84" amount="-2"/>
        <kerning first="52" second="86" amount="-3"/>
        <kerning first="52" second="87" amount="-1"/>
        <kerning first="52" second="89" amount="-3"/>
        <kerning first="52" second="92" amount="-5"/>
        <kerning first="52" second="93" amount="-1"/>
        <kerning first="52" second="119" amount="-1"/>
        <kerning first="52" second="122" amount="1"/>
        <kerning first="53" second="36" amount="-1"/>
        <kerning first="53" second="39" amount="-2"/>
        <kerning first="53" second="41" amount="-1"/>
        <kerning first="53" second="42" amount="-2"/>
        <kerning first="53" second="46" amount="-1"/>
        <kerning first="53" second="49" amount="-1"/>
        <kerning first="53" second="50" amount="-1"/>
        <kerning first="53" second="54" amount="-1"/>
        <kerning first="53" second="55" amount="-1"/>
        <kerning first="53" second="57" amount="-1"/>
        <kerning first="53" second="63" amount="-3"/>
        <kerning first="53" second="84" amount="-3"/>
        <kerning first="53" second="86" amount="-2"/>
        <kerning first="53" second="87" amount="-2"/>
        <kerning first="53" second="89" amount="-3"/>
        <kerning first="53" second="92" amount="-4"/>
        <kerning first="53" second="93" amount="-2"/>
        <kerning first="53" second="118" amount="-1"/>
        <kerning first="53" second="120" amount="-1"/>
        <kerning first="54" second="36" amount="-1"/>
        <kerning first="54" second="39" amount="-1"/>
        <kerning first="54" second="42" amount="-3"/>
        <kerning first="54" second="49" amount="-1"/>
        <kerning first="54" second="50" amount="-1"/>
        <kerning first="54" second="54" amount="-1"/>
        <kerning first="54" second="55" amount="-2"/>
        <kerning first="54" second="57" amount="-1"/>
        <kerning first="54" second="63" amount="-3"/>
        <kerning first="54" second="84" amount="-3"/>
        <kerning first="54" second="86" amount="-2"/>
        <kerning first="54" second="87" amount="-2"/>
        <kerning first="54" second="88" amount="-1"/>
        <kerning first="54" second="89" amount="-3"/>
        <kerning first="54" second="92" amount="-6"/>
        <kerning first="54" second="119" amount="-1"/>
        <kerning first="55" second="36" amount="-1"/>
        <kerning first="55" second="41" amount="-2"/>
        <kerning first="55" second="45" amount="-4"/>
        <kerning first="55" second="46" amount="-7"/>
        <kerning first="55" second="47" amount="-7"/>
        <kerning first="55" second="48" amount="-1"/>
        <kerning first="55" second="52" amount="-6"/>
        <kerning first="55" second="55" amount="-1"/>
        <kerning first="55" second="58" amount="-2"/>
        <kerning first="55" second="59" amount="-1"/>
        <kerning first="55" second="64" amount="-2"/>
        <kerning first="55" second="65" amount="-7"/>
        <kerning first="55" second="67" amount="-1"/>
        <kerning first="55" second="71" amount="-1"/>
        <kerning first="55" second="74" amount="-7"/>
        <kerning first="55" second="79" amount="-1"/>
        <kerning first="55" second="83" amount="-1"/>
        <kerning first="55" second="89" amount="-1"/>
        <kerning first="55" second="90" amount="-1"/>
        <kerning first="55" second="92" amount="-1"/>
        <kerning first="55" second="97" amount="-5"/>
        <kerning first="55" second="99" amount="-4"/>
        <kerning first="55" second="101" amount="-5"/>
        <kerning first="55" second="104" amount="-1"/>
        <kerning first="55" second="109" amount="-2"/>
        <kerning first="55" second="110" amount="-2"/>
        <kerning first="55" second="111" amount="-4"/>
        <kerning first="55" second="112" amount="-2"/>
        <kerning first="55" second="114" amount="-2"/>
        <kerning first="55" second="115" amount="-2"/>
        <kerning first="55" second="117" amount="-2"/>
        <kerning first="55" second="118" amount="-1"/>
        <kerning first="55" second="119" amount="-1"/>
        <kerning first="55" second="120" amount="-2"/>
        <kerning first="55" second="121" amount="-1"/>
        <kerning first="55" second="122" amount="-1"/>
        <kerning first="56" second="36" amount="-1"/>
        <kerning first="56" second="39" amount="-2"/>
        <kerning first="56" second="41" amount="-1"/>
        <kerning first="56" second="42" amount="-2"/>
        <kerning first="56" second="49" amount="-1"/>
        <kerning first="56" second="50" amount="-1"/>
        <kerning first="56" second="55" amount="-2"/>
        <kerning first="56" second="57" amount="-1"/>
        <kerning first="56" second="63" amount="-2"/>
        <kerning first="56" second="65" amount="-1"/>
        <kerning first="56" second="67" amount="-1"/>
        <kerning first="56" second="71" amount="-1"/>
        <kerning first="56" second="79" amount="-1"/>
        <kerning first="56" second="84" amount="-4"/>
        <kerning first="56" second="86" amount="-3"/>
        <kerning first="56" second="87" amount="-3"/>
        <kerning first="56" second="88" amount="-1"/>
        <kerning first="56" second="89" amount="-4"/>
        <kerning first="56" second="92" amount="-5"/>
        <kerning first="56" second="93" amount="-1"/>
        <kerning first="57" second="36" amount="-1"/>
        <kerning first="57" second="39" amount="-3"/>
        <kerning first="57" second="41" amount="-3"/>
        <kerning first="57" second="42" amount="-2"/>
        <kerning first="57" second="46" amount="-1"/>
        <kerning first="57" second="47" amount="-2"/>
        <kerning first="57" second="50" amount="-2"/>
        <kerning first="57" second="51" amount="-1"/>
        <kerning first="57" second="53" amount="-1"/>
        <kerning first="57" second="55" amount="-4"/>
        <kerning first="57" second="56" amount="-1"/>
        <kerning first="57" second="57" amount="-1"/>
        <kerning first="57" second="63" amount="-3"/>
        <kerning first="57" second="83" amount="-1"/>
        <kerning first="57" second="84" amount="-5"/>
        <kerning first="57" second="86" amount="-3"/>
        <kerning first="57" second="87" amount="-2"/>
        <kerning first="57" second="88" amount="-2"/>
        <kerning first="57" second="89" amount="-4"/>
        <kerning first="57" second="90" amount="-1"/>
        <kerning first="57" second="92" amount="-7"/>
        <kerning first="57" second="93" amount="-3"/>
        <kerning first="58" second="48" amount="-1"/>
        <kerning first="58" second="52" amount="-1"/>
        <kerning first="58" second="54" amount="-1"/>
        <kerning first="58" second="55" amount="-2"/>
        <kerning first="58" second="84" amount="-5"/>
        <kerning first="58" second="86" amount="-3"/>
        <kerning first="58" second="87" amount="-2"/>
        <kerning first="58" second="89" amount="-4"/>
        <kerning first="59" second="55" amount="-2"/>
        <kerning first="59" second="65" amount="-1"/>
        <kerning first="59" second="84" amount="-5"/>
        <kerning first="59" second="86" amount="-3"/>
        <kerning first="59" second="87" amount="-2"/>
        <kerning first="59" second="89" amount="-5"/>
        <kerning first="63" second="50" amount="-2"/>
        <kerning first="63" second="51" amount="-3"/>
        <kerning first="63" second="52" amount="-3"/>
        <kerning first="63" second="55" amount="-1"/>
        <kerning first="63" second="56" amount="-2"/>
        <kerning first="63" second="65" amount="-5"/>
        <kerning first="63" second="74" amount="-5"/>
        <kerning first="63" second="84" amount="-1"/>
        <kerning first="63" second="86" amount="-2"/>
        <kerning first="63" second="87" amount="-2"/>
        <kerning first="63" second="88" amount="-3"/>
        <kerning first="63" second="89" amount="-3"/>
        <kerning first="63" second="90" amount="-3"/>
        <kerning first="63" second="116" amount="2"/>
        <kerning first="63" second="118" amount="2"/>
        <kerning first="63" second="119" amount="2"/>
        <kerning first="63" second="122" amount="1"/>
        <kerning first="64" second="49" amount="-1"/>
        <kerning first="64" second="50" amount="-3"/>
        <kerning first="64" second="51" amount="-2"/>
        <kerning first="64" second="53" amount="-1"/>
        <kerning first="64" second="55" amount="-4"/>
        <kerning first="64" second="57" amount="-2"/>
        <kerning first="64" second="65" amount="-1"/>
        <kerning first="64" second="74" amount="-2"/>
        <kerning first="64" second="83" amount="-1"/>
        <kerning first="64" second="84" amount="-6"/>
        <kerning first="64" second="86" amount="-4"/>
        <kerning first="64" second="87" amount="-3"/>
        <kerning first="64" second="88" amount="-4"/>
        <kerning first="64" second="89" amount="-6"/>
        <kerning first="64" second="90" amount="-1"/>
        <kerning first="64" second="120" amount="-1"/>
        <kerning first="65" second="38" amount="-1"/>
        <kerning first="65" second="39" amount="-4"/>
        <kerning first="65" second="42" amount="-5"/>
        <kerning first="65" second="45" amount="-1"/>
        <kerning first="65" second="48" amount="-2"/>
        <kerning first="65" second="49" amount="-2"/>
        <kerning first="65" second="50" amount="-1"/>
        <kerning first="65" second="52" amount="-1"/>
        <kerning first="65" second="53" amount="-1"/>
        <kerning first="65" second="54" amount="-2"/>
        <kerning first="65" second="55" amount="-2"/>
        <kerning first="65" second="56" amount="-1"/>
        <kerning first="65" second="57" amount="-1"/>
        <kerning first="65" second="63" amount="-4"/>
        <kerning first="65" second="64" amount="-1"/>
        <kerning first="65" second="66" amount="-1"/>
        <kerning first="65" second="67" amount="-1"/>
        <kerning first="65" second="68" amount="-1"/>
        <kerning first="65" second="69" amount="-1"/>
        <kerning first="65" second="71" amount="-2"/>
        <kerning first="65" second="76" amount="-1"/>
        <kerning first="65" second="79" amount="-1"/>
        <kerning first="65" second="83" amount="-2"/>
        <kerning first="65" second="84" amount="-6"/>
        <kerning first="65" second="85" amount="-1"/>
        <kerning first="65" second="86" amount="-5"/>
        <kerning first="65" second="87" amount="-4"/>
        <kerning first="65" second="88" amount="-1"/>
        <kerning first="65" second="89" amount="-7"/>
        <kerning first="65" second="90" amount="-1"/>
        <kerning first="65" second="92" amount="-9"/>
        <kerning first="65" second="97" amount="-1"/>
        <kerning first="65" second="99" amount="-1"/>
        <kerning first="65" second="101" amount="-1"/>
        <kerning first="65" second="102" amount="-1"/>
        <kerning first="65" second="111" amount="-1"/>
        <kerning first="65" second="116" amount="-1"/>
        <kerning first="65" second="118" amount="-1"/>
        <kerning first="65" second="119" amount="-1"/>
        <kerning first="66" second="39" amount="-1"/>
        <kerning first="66" second="41" amount="-1"/>
        <kerning first="66" second="42" amount="-2"/>
        <kerning first="66" second="51" amount="-1"/>
        <kerning first="66" second="55" amount="-1"/>
        <kerning first="66" second="57" amount="-1"/>
        <kerning first="66" second="63" amount="-3"/>
        <kerning first="66" second="66" amount="-1"/>
        <kerning first="66" second="67" amount="-1"/>
        <kerning first="66" second="71" amount="-1"/>
        <kerning first="66" second="74" amount="1"/>
        <kerning first="66" second="84" amount="-4"/>
        <kerning first="66" second="86" amount="-3"/>
        <kerning first="66" second="87" amount="-2"/>
        <kerning first="66" second="88" amount="-1"/>
        <kerning first="66" second="89" amount="-4"/>
        <kerning first="66" second="92" amount="-5"/>
        <kerning first="66" second="93" amount="-1"/>
        <kerning first="67" second="39" amount="-1"/>
        <kerning first="67" second="42" amount="-1"/>
        <kerning first="67" second="45" amount="-1"/>
        <kerning first="67" second="52" amount="-2"/>
        <kerning first="67" second="54" amount="-1"/>
        <kerning first="67" second="55" amount="-1"/>
        <kerning first="67" second="63" amount="-2"/>
        <kerning first="67" second="64" amount="-1"/>
        <kerning first="67" second="67" amount="-1"/>
        <kerning first="67" second="79" amount="-1"/>
        <kerning first="67" second="83" amount="-1"/>
        <kerning first="67" second="84" amount="-2"/>
        <kerning first="67" second="86" amount="-2"/>
        <kerning first="67" second="87" amount="-1"/>
        <kerning first="67" second="89" amount="-3"/>
        <kerning first="67" second="92" amount="-3"/>
        <kerning first="67" second="97" amount="-1"/>
        <kerning first="67" second="99" amount="-1"/>
        <kerning first="67" second="101" amount="-1"/>
        <kerning first="67" second="111" amount="-1"/>
        <kerning first="67" second="122" amount="1"/>
        <kerning first="68" second="38" amount="-1"/>
        <kerning first="68" second="39" amount="-4"/>
        <kerning first="68" second="41" amount="-3"/>
        <kerning first="68" second="42" amount="-4"/>
        <kerning first="68" second="46" amount="-4"/>
        <kerning first="68" second="47" amount="-2"/>
        <kerning first="68" second="50" amount="-3"/>
        <kerning first="68" second="51" amount="-3"/>
        <kerning first="68" second="55" amount="-4"/>
        <kerning first="68" second="57" amount="-1"/>
        <kerning first="68" second="63" amount="-6"/>
        <kerning first="68" second="65" amount="-1"/>
        <kerning first="68" second="83" amount="-1"/>
        <kerning first="68" second="84" amount="-7"/>
        <kerning first="68" second="86" amount="-3"/>
        <kerning first="68" second="87" amount="-2"/>
        <kerning first="68" second="88" amount="-4"/>
        <kerning first="68" second="89" amount="-6"/>
        <kerning first="68" second="90" amount="-2"/>
        <kerning first="68" second="92" amount="-7"/>
        <kerning first="68" second="93" amount="-4"/>
        <kerning first="68" second="122" amount="-1"/>
        <kerning first="69" second="42" amount="-1"/>
        <kerning first="69" second="48" amount="-1"/>
        <kerning first="69" second="52" amount="-1"/>
        <kerning first="69" second="54" amount="-2"/>
        <kerning first="69" second="57" amount="-1"/>
        <kerning first="69" second="64" amount="-1"/>
        <kerning first="69" second="67" amount="-2"/>
        <kerning first="69" second="71" amount="-1"/>
        <kerning first="69" second="74" amount="-1"/>
        <kerning first="69" second="79" amount="-1"/>
        <kerning first="69" second="83" amount="-1"/>
        <kerning first="69" second="85" amount="-1"/>
        <kerning first="69" second="87" amount="-1"/>
        <kerning first="69" second="92" amount="-1"/>
        <kerning first="69" second="97" amount="-1"/>
        <kerning first="69" second="99" amount="-1"/>
        <kerning first="69" second="101" amount="-1"/>
        <kerning first="69" second="111" amount="-1"/>
        <kerning first="69" second="118" amount="-1"/>
        <kerning first="69" second="119" amount="-1"/>
        <kerning first="70" second="46" amount="-5"/>
        <kerning first="70" second="47" amount="-4"/>
        <kerning first="70" second="48" amount="-1"/>
        <kerning first="70" second="50" amount="-1"/>
        <kerning first="70" second="52" amount="-1"/>
        <kerning first="70" second="54" amount="-2"/>
        <kerning first="70" second="56" amount="-1"/>
        <kerning first="70" second="57" amount="-1"/>
        <kerning first="70" second="64" amount="-1"/>
        <kerning first="70" second="65" amount="-2"/>
        <kerning first="70" second="67" amount="-2"/>
        <kerning first="70" second="71" amount="-2"/>
        <kerning first="70" second="74" amount="-3"/>
        <kerning first="70" second="79" amount="-2"/>
        <kerning first="70" second="83" amount="-1"/>
        <kerning first="70" second="85" amount="-1"/>
        <kerning first="70" second="86" amount="-1"/>
        <kerning first="70" second="87" amount="-1"/>
        <kerning first="70" second="88" amount="-1"/>
        <kerning first="70" second="90" amount="-1"/>
        <kerning first="70" second="97" amount="-2"/>
        <kerning first="70" second="99" amount="-2"/>
        <kerning first="70" second="101" amount="-2"/>
        <kerning first="70" second="111" amount="-1"/>
        <kerning first="70" second="112" amount="-1"/>
        <kerning first="70" second="115" amount="-1"/>
        <kerning first="70" second="118" amount="-1"/>
        <kerning first="70" second="120" amount="-2"/>
        <kerning first="70" second="122" amount="-1"/>
        <kerning first="71" second="39" amount="-2"/>
        <kerning first="71" second="42" amount="-2"/>
        <kerning first="71" second="50" amount="-1"/>
        <kerning first="71" second="51" amount="-1"/>
        <kerning first="71" second="55" amount="-3"/>
        <kerning first="71" second="63" amount="-4"/>
        <kerning first="71" second="67" amount="-1"/>
        <kerning first="71" second="79" amount="-1"/>
        <kerning first="71" second="84" amount="-4"/>
        <kerning first="71" second="85" amount="-1"/>
        <kerning first="71" second="86" amount="-3"/>
        <kerning first="71" second="87" amount="-3"/>
        <kerning first="71" second="88" amount="-1"/>
        <kerning first="71" second="89" amount="-5"/>
        <kerning first="71" second="92" amount="-5"/>
        <kerning first="71" second="93" amount="-2"/>
        <kerning first="74" second="41" amount="-1"/>
        <kerning first="74" second="46" amount="-2"/>
        <kerning first="74" second="65" amount="-1"/>
        <kerning first="74" second="74" amount="-3"/>
        <kerning first="74" second="86" amount="-1"/>
        <kerning first="74" second="87" amount="-1"/>
        <kerning first="74" second="89" amount="-1"/>
        <kerning first="74" second="92" amount="-1"/>
        <kerning first="75" second="38" amount="-1"/>
        <kerning first="75" second="45" amount="-3"/>
        <kerning first="75" second="46" amount="1"/>
        <kerning first="75" second="47" amount="1"/>
        <kerning first="75" second="48" amount="-2"/>
        <kerning first="75" second="52" amount="-3"/>
        <kerning first="75" second="54" amount="-2"/>
        <kerning first="75" second="56" amount="-1"/>
        <kerning first="75" second="64" amount="-2"/>
        <kerning first="75" second="67" amount="-2"/>
        <kerning first="75" second="71" amount="-2"/>
        <kerning first="75" second="74" amount="-2"/>
        <kerning first="75" second="79" amount="-2"/>
        <kerning first="75" second="83" amount="-1"/>
        <kerning first="75" second="89" amount="-1"/>
        <kerning first="75" second="92" amount="-1"/>
        <kerning first="75" second="97" amount="-1"/>
        <kerning first="75" second="99" amount="-2"/>
        <kerning first="75" second="101" amount="-2"/>
        <kerning first="75" second="111" amount="-2"/>
        <kerning first="75" second="116" amount="-1"/>
        <kerning first="75" second="117" amount="-1"/>
        <kerning first="75" second="118" amount="-1"/>
        <kerning first="75" second="119" amount="-1"/>
        <kerning first="75" second="121" amount="-1"/>
        <kerning first="76" second="38" amount="-2"/>
        <kerning first="76" second="39" amount="-6"/>
        <kerning first="76" second="41" amount="1"/>
        <kerning first="76" second="42" amount="-8"/>
        <kerning first="76" second="45" amount="-3"/>
        <kerning first="76" second="46" amount="3"/>
        <kerning first="76" second="47" amount="3"/>
        <kerning first="76" second="48" amount="-4"/>
        <kerning first="76" second="49" amount="-2"/>
        <kerning first="76" second="50" amount="1"/>
        <kerning first="76" second="52" amount="-2"/>
        <kerning first="76" second="54" amount="-4"/>
        <kerning first="76" second="55" amount="-2"/>
        <kerning first="76" second="56" amount="-1"/>
        <kerning first="76" second="57" amount="-3"/>
        <kerning first="76" second="58" amount="1"/>
        <kerning first="76" second="63" amount="-5"/>
        <kerning first="76" second="64" amount="-2"/>
        <kerning first="76" second="65" amount="2"/>
        <kerning first="76" second="66" amount="-2"/>
        <kerning first="76" second="67" amount="-5"/>
        <kerning first="76" second="68" amount="-2"/>
        <kerning first="76" second="69" amount="-1"/>
        <kerning first="76" second="71" amount="-5"/>
        <kerning first="76" second="74" amount="-1"/>
        <kerning first="76" second="76" amount="-2"/>
        <kerning first="76" second="79" amount="-4"/>
        <kerning first="76" second="83" amount="-2"/>
        <kerning first="76" second="84" amount="-9"/>
        <kerning first="76" second="85" amount="-4"/>
        <kerning first="76" second="86" amount="-6"/>
        <kerning first="76" second="87" amount="-5"/>
        <kerning first="76" second="89" amount="-7"/>
        <kerning first="76" second="92" amount="-11"/>
        <kerning first="76" second="93" amount="1"/>
        <kerning first="76" second="97" amount="-1"/>
        <kerning first="76" second="99" amount="-1"/>
        <kerning first="76" second="101" amount="-1"/>
        <kerning first="76" second="111" amount="-1"/>
        <kerning first="76" second="116" amount="-3"/>
        <kerning first="76" second="117" amount="-1"/>
        <kerning first="76" second="118" amount="-2"/>
        <kerning first="76" second="119" amount="-2"/>
        <kerning first="79" second="39" amount="-4"/>
        <kerning first="79" second="41" amount="-2"/>
        <kerning first="79" second="42" amount="-4"/>
        <kerning first="79" second="46" amount="-3"/>
        <kerning first="79" second="47" amount="-1"/>
        <kerning first="79" second="50" amount="-2"/>
        <kerning first="79" second="51" amount="-2"/>
        <kerning first="79" second="55" amount="-3"/>
        <kerning first="79" second="56" amount="-1"/>
        <kerning first="79" second="57" amount="-1"/>
        <kerning first="79" second="63" amount="-6"/>
        <kerning first="79" second="65" amount="-1"/>
        <kerning first="79" second="83" amount="-1"/>
        <kerning first="79" second="84" amount="-6"/>
        <kerning first="79" second="86" amount="-4"/>
        <kerning first="79" second="87" amount="-3"/>
        <kerning first="79" second="88" amount="-3"/>
        <kerning first="79" second="89" amount="-5"/>
        <kerning first="79" second="90" amount="-2"/>
        <kerning first="79" second="92" amount="-7"/>
        <kerning first="79" second="93" amount="-5"/>
        <kerning first="79" second="120" amount="-1"/>
        <kerning first="80" second="39" amount="-2"/>
        <kerning first="80" second="41" amount="-3"/>
        <kerning first="80" second="42" amount="-2"/>
        <kerning first="80" second="46" amount="-7"/>
        <kerning first="80" second="47" amount="-4"/>
        <kerning first="80" second="50" amount="-2"/>
        <kerning first="80" second="51" amount="-4"/>
        <kerning first="80" second="52" amount="-1"/>
        <kerning first="80" second="55" amount="-4"/>
        <kerning first="80" second="56" amount="-1"/>
        <kerning first="80" second="63" amount="-4"/>
        <kerning first="80" second="65" amount="-3"/>
        <kerning first="80" second="74" amount="-5"/>
        <kerning first="80" second="83" amount="-1"/>
        <kerning first="80" second="84" amount="-4"/>
        <kerning first="80" second="86" amount="-2"/>
        <kerning first="80" second="87" amount="-1"/>
        <kerning first="80" second="88" amount="-4"/>
        <kerning first="80" second="89" amount="-4"/>
        <kerning first="80" second="90" amount="-4"/>
        <kerning first="80" second="92" amount="-4"/>
        <kerning first="80" second="93" amount="-4"/>
        <kerning first="80" second="101" amount="-1"/>
        <kerning first="81" second="41" amount="1"/>
        <kerning first="81" second="46" amount="1"/>
        <kerning first="81" second="93" amount="1"/>
        <kerning first="82" second="38" amount="-1"/>
        <kerning first="82" second="39" amount="-4"/>
        <kerning first="82" second="41" amount="-1"/>
        <kerning first="82" second="42" amount="-2"/>
        <kerning first="82" second="50" amount="-1"/>
        <kerning first="82" second="51" amount="-1"/>
        <kerning first="82" second="52" amount="-2"/>
        <kerning first="82" second="55" amount="-2"/>
        <kerning first="82" second="56" amount="-1"/>
        <kerning first="82" second="57" amount="-1"/>
        <kerning first="82" second="63" amount="-4"/>
        <kerning first="82" second="64" amount="-1"/>
        <kerning first="82" second="65" amount="-1"/>
        <kerning first="82" second="67" amount="-1"/>
        <kerning first="82" second="71" amount="-1"/>
        <kerning first="82" second="74" amount="-3"/>
        <kerning first="82" second="79" amount="-1"/>
        <kerning first="82" second="83" amount="-1"/>
        <kerning first="82" second="84" amount="-5"/>
        <kerning first="82" second="86" amount="-4"/>
        <kerning first="82" second="87" amount="-2"/>
        <kerning first="82" second="88" amount="-1"/>
        <kerning first="82" second="89" amount="-5"/>
        <kerning first="82" second="90" amount="-1"/>
        <kerning first="82" second="92" amount="-6"/>
        <kerning first="82" second="93" amount="-2"/>
        <kerning first="82" second="97" amount="-1"/>
        <kerning first="82" second="99" amount="-1"/>
        <kerning first="82" second="101" amount="-1"/>
        <kerning first="82" second="111" amount="-1"/>
        <kerning first="83" second="39" amount="-2"/>
        <kerning first="83" second="41" amount="-1"/>
        <kerning first="83" second="42" amount="-1"/>
        <kerning first="83" second="55" amount="-1"/>
        <kerning first="83" second="63" amount="-3"/>
        <kerning first="83" second="64" amount="-1"/>
        <kerning first="83" second="67" amount="-1"/>
        <kerning first="83" second="71" amount="-1"/>
        <kerning first="83" second="79" amount="-1"/>
        <kerning first="83" second="84" amount="-3"/>
        <kerning first="83" second="85" amount="-1"/>
        <kerning first="83" second="86" amount="-2"/>
        <kerning first="83" second="87" amount="-2"/>
        <kerning first="83" second="88" amount="-1"/>
        <kerning first="83" second="89" amount="-4"/>
        <kerning first="83" second="92" amount="-3"/>
        <kerning first="83" second="93" amount="-2"/>
        <kerning first="83" second="122" amount="1"/>
        <kerning first="84" second="45" amount="-4"/>
        <kerning first="84" second="46" amount="-5"/>
        <kerning first="84" second="47" amount="-4"/>
        <kerning first="84" second="48" amount="-1"/>
        <kerning first="84" second="52" amount="-5"/>
        <kerning first="84" second="54" amount="-1"/>
        <kerning first="84" second="56" amount="-1"/>
        <kerning first="84" second="58" amount="-2"/>
        <kerning first="84" second="59" amount="-1"/>
        <kerning first="84" second="63" amount="1"/>
        <kerning first="84" second="64" amount="-1"/>
        <kerning first="84" second="65" amount="-6"/>
        <kerning first="84" second="67" amount="-2"/>
        <kerning first="84" second="71" amount="-1"/>
        <kerning first="84" second="74" amount="-7"/>
        <kerning first="84" second="79" amount="-1"/>
        <kerning first="84" second="84" amount="-7"/>
        <kerning first="84" second="92" amount="1"/>
        <kerning first="84" second="97" amount="-5"/>
        <kerning first="84" second="99" amount="-5"/>
        <kerning first="84" second="101" amount="-5"/>
        <kerning first="84" second="109" amount="-3"/>
        <kerning first="84" second="110" amount="-3"/>
        <kerning first="84" second="111" amount="-4"/>
        <kerning first="84" second="112" amount="-4"/>
        <kerning first="84" second="114" amount="-3"/>
        <kerning first="84" second="115" amount="-3"/>
        <kerning first="84" second="117" amount="-3"/>
        <kerning first="84" second="118" amount="-2"/>
        <kerning first="84" second="119" amount="-2"/>
        <kerning first="84" second="120" amount="-3"/>
        <kerning first="84" second="121" amount="-2"/>
        <kerning first="84" second="122" amount="-2"/>
        <kerning first="85" second="39" amount="-1"/>
        <kerning first="85" second="41" amount="-1"/>
        <kerning first="85" second="42" amount="-1"/>
        <kerning first="85" second="46" amount="-2"/>
        <kerning first="85" second="47" amount="-1"/>
        <kerning first="85" second="50" amount="-1"/>
        <kerning first="85" second="57" amount="-1"/>
        <kerning first="85" second="63" amount="-1"/>
        <kerning first="85" second="65" amount="-1"/>
        <kerning first="85" second="74" amount="-1"/>
        <kerning first="85" second="84" amount="-2"/>
        <kerning first="85" second="86" amount="-2"/>
        <kerning first="85" second="87" amount="-1"/>
        <kerning first="85" second="88" amount="-2"/>
        <kerning first="85" second="89" amount="-2"/>
        <kerning first="85" second="90" amount="-1"/>
        <kerning first="85" second="92" amount="-3"/>
        <kerning first="85" second="93" amount="-2"/>
        <kerning first="86" second="45" amount="-1"/>
        <kerning first="86" second="46" amount="-6"/>
        <kerning first="86" second="47" amount="-4"/>
        <kerning first="86" second="52" amount="-3"/>
        <kerning first="86" second="59" amount="-1"/>
        <kerning first="86" second="64" amount="-1"/>
        <kerning first="86" second="65" amount="-5"/>
        <kerning first="86" second="74" amount="-5"/>
        <kerning first="86" second="79" amount="-1"/>
        <kerning first="86" second="97" amount="-2"/>
        <kerning first="86" second="99" amount="-2"/>
        <kerning first="86" second="101" amount="-2"/>
        <kerning first="86" second="106" amount="1"/>
        <kerning first="86" second="111" amount="-2"/>
        <kerning first="86" second="112" amount="-1"/>
        <kerning first="86" second="115" amount="-1"/>
        <kerning first="86" second="117" amount="-1"/>
        <kerning first="86" second="120" amount="-1"/>
        <kerning first="86" second="121" amount="-1"/>
        <kerning first="87" second="45" amount="-1"/>
        <kerning first="87" second="46" amount="-5"/>
        <kerning first="87" second="47" amount="-3"/>
        <kerning first="87" second="52" amount="-1"/>
        <kerning first="87" second="64" amount="-1"/>
        <kerning first="87" second="65" amount="-3"/>
        <kerning first="87" second="74" amount="-4"/>
        <kerning first="87" second="88" amount="-1"/>
        <kerning first="87" second="90" amount="-1"/>
        <kerning first="87" second="97" amount="-1"/>
        <kerning first="87" second="99" amount="-1"/>
        <kerning first="87" second="101" amount="-1"/>
        <kerning first="87" second="102" amount="1"/>
        <kerning first="87" second="106" amount="1"/>
        <kerning first="87" second="111" amount="-1"/>
        <kerning first="87" second="112" amount="-1"/>
        <kerning first="87" second="122" amount="1"/>
        <kerning first="88" second="38" amount="-1"/>
        <kerning first="88" second="45" amount="-2"/>
        <kerning first="88" second="48" amount="-2"/>
        <kerning first="88" second="52" amount="-4"/>
        <kerning first="88" second="54" amount="-1"/>
        <kerning first="88" second="56" amount="-1"/>
        <kerning first="88" second="64" amount="-2"/>
        <kerning first="88" second="65" amount="-1"/>
        <kerning first="88" second="67" amount="-2"/>
        <kerning first="88" second="71" amount="-2"/>
        <kerning first="88" second="74" amount="-2"/>
        <kerning first="88" second="79" amount="-2"/>
        <kerning first="88" second="83" amount="-1"/>
        <kerning first="88" second="86" amount="-1"/>
        <kerning first="88" second="89" amount="-1"/>
        <kerning first="88" second="90" amount="-1"/>
        <kerning first="88" second="97" amount="-2"/>
        <kerning first="88" second="99" amount="-2"/>
        <kerning first="88" second="101" amount="-2"/>
        <kerning first="88" second="111" amount="-2"/>
        <kerning first="88" second="115" amount="-1"/>
        <kerning first="88" second="117" amount="-1"/>
        <kerning first="88" second="118" amount="-1"/>
        <kerning first="88" second="119" amount="-1"/>
        <kerning first="88" second="121" amount="-1"/>
        <kerning first="89" second="41" amount="-1"/>
        <kerning first="89" second="45" amount="-2"/>
        <kerning first="89" second="46" amount="-6"/>
        <kerning first="89" second="47" amount="-4"/>
        <kerning first="89" second="52" amount="-4"/>
        <kerning first="89" second="54" amount="-1"/>
        <kerning first="89" second="58" amount="-1"/>
        <kerning first="89" second="59" amount="-1"/>
        <kerning first="89" second="64" amount="-1"/>
        <kerning first="89" second="65" amount="-6"/>
        <kerning first="89" second="67" amount="-1"/>
        <kerning first="89" second="71" amount="-1"/>
        <kerning first="89" second="74" amount="-6"/>
        <kerning first="89" second="97" amount="-3"/>
        <kerning first="89" second="99" amount="-3"/>
        <kerning first="89" second="101" amount="-3"/>
        <kerning first="89" second="106" amount="1"/>
        <kerning first="89" second="111" amount="-3"/>
        <kerning first="89" second="112" amount="-1"/>
        <kerning first="89" second="114" amount="-1"/>
        <kerning first="89" second="115" amount="-2"/>
        <kerning first="89" second="117" amount="-1"/>
        <kerning first="89" second="120" amount="-2"/>
        <kerning first="89" second="121" amount="-1"/>
        <kerning first="89" second="122" amount="-1"/>
        <kerning first="90" second="45" amount="-1"/>
        <kerning first="90" second="47" amount="-1"/>
        <kerning first="90" second="48" amount="-1"/>
        <kerning first="90" second="52" amount="-4"/>
        <kerning first="90" second="54" amount="-1"/>
        <kerning first="90" second="56" amount="-1"/>
        <kerning first="90" second="63" amount="-1"/>
        <kerning first="90" second="64" amount="-1"/>
        <kerning first="90" second="65" amount="-1"/>
        <kerning first="90" second="67" amount="-2"/>
        <kerning first="90" second="69" amount="-1"/>
        <kerning first="90" second="71" amount="-2"/>
        <kerning first="90" second="74" amount="-3"/>
        <kerning first="90" second="79" amount="-1"/>
        <kerning first="90" second="83" amount="-1"/>
        <kerning first="90" second="85" amount="-1"/>
        <kerning first="90" second="86" amount="-1"/>
        <kerning first="90" second="87" amount="-1"/>
        <kerning first="90" second="88" amount="-1"/>
        <kerning first="90" second="89" amount="-1"/>
        <kerning first="90" second="90" amount="-2"/>
        <kerning first="90" second="92" amount="-1"/>
        <kerning first="90" second="97" amount="-2"/>
        <kerning first="90" second="99" amount="-2"/>
        <kerning first="90" second="101" amount="-2"/>
        <kerning first="90" second="111" amount="-2"/>
        <kerning first="90" second="115" amount="-1"/>
        <kerning first="90" second="117" amount="-1"/>
        <kerning first="90" second="119" amount="1"/>
        <kerning first="90" second="120" amount="-1"/>
        <kerning first="90" second="121" amount="-1"/>
        <kerning first="91" second="48" amount="-2"/>
        <kerning first="91" second="52" amount="-4"/>
        <kerning first="91" second="54" amount="-3"/>
        <kerning first="91" second="56" amount="-1"/>
        <kerning first="91" second="57" amount="-1"/>
        <kerning first="91" second="67" amount="-2"/>
        <kerning first="91" second="71" amount="-3"/>
        <kerning first="91" second="79" amount="-3"/>
        <kerning first="91" second="83" amount="-1"/>
        <kerning first="91" second="90" amount="-1"/>
        <kerning first="91" second="97" amount="-1"/>
        <kerning first="91" second="99" amount="-1"/>
        <kerning first="91" second="101" amount="-1"/>
        <kerning first="91" second="111" amount="-1"/>
        <kerning first="91" second="119" amount="-1"/>
        <kerning first="92" second="48" amount="-5"/>
        <kerning first="92" second="49" amount="-1"/>
        <kerning first="92" second="51" amount="-1"/>
        <kerning first="92" second="52" amount="-5"/>
        <kerning first="92" second="53" amount="-1"/>
        <kerning first="92" second="54" amount="-4"/>
        <kerning first="92" second="55" amount="-3"/>
        <kerning first="92" second="56" amount="-3"/>
        <kerning first="92" second="57" amount="-4"/>
        <kerning first="92" second="66" amount="-1"/>
        <kerning first="92" second="67" amount="-6"/>
        <kerning first="92" second="68" amount="-1"/>
        <kerning first="92" second="69" amount="-1"/>
        <kerning first="92" second="71" amount="-4"/>
        <kerning first="92" second="76" amount="-1"/>
        <kerning first="92" second="79" amount="-4"/>
        <kerning first="92" second="83" amount="-2"/>
        <kerning first="92" second="84" amount="-10"/>
        <kerning first="92" second="85" amount="-5"/>
        <kerning first="92" second="86" amount="-7"/>
        <kerning first="92" second="87" amount="-6"/>
        <kerning first="92" second="88" amount="-1"/>
        <kerning first="92" second="89" amount="-7"/>
        <kerning first="92" second="92" amount="-19"/>
        <kerning first="92" second="97" amount="-2"/>
        <kerning first="92" second="99" amount="-3"/>
        <kerning first="92" second="101" amount="-2"/>
        <kerning first="92" second="102" amount="-1"/>
        <kerning first="92" second="111" amount="-3"/>
        <kerning first="92" second="116" amount="-4"/>
        <kerning first="92" second="118" amount="-3"/>
        <kerning first="92" second="119" amount="-1"/>
        <kerning first="92" second="121" amount="-1"/>
        <kerning first="97" second="39" amount="-3"/>
        <kerning first="97" second="42" amount="-5"/>
        <kerning first="97" second="55" amount="-2"/>
        <kerning first="97" second="57" amount="-1"/>
        <kerning first="97" second="63" amount="-5"/>
        <kerning first="97" second="83" amount="-1"/>
        <kerning first="97" second="84" amount="-6"/>
        <kerning first="97" second="86" amount="-4"/>
        <kerning first="97" second="87" amount="-2"/>
        <kerning first="97" second="89" amount="-6"/>
        <kerning first="97" second="92" amount="-10"/>
        <kerning first="97" second="118" amount="-1"/>
        <kerning first="97" second="119" amount="-1"/>
        <kerning first="98" second="39" amount="-6"/>
        <kerning first="98" second="41" amount="-1"/>
        <kerning first="98" second="42" amount="-7"/>
        <kerning first="98" second="46" amount="-1"/>
        <kerning first="98" second="49" amount="-1"/>
        <kerning first="98" second="50" amount="-1"/>
        <kerning first="98" second="51" amount="-1"/>
        <kerning first="98" second="55" amount="-3"/>
        <kerning first="98" second="57" amount="-3"/>
        <kerning first="98" second="63" amount="-6"/>
        <kerning first="98" second="65" amount="-1"/>
        <kerning first="98" second="83" amount="-2"/>
        <kerning first="98" second="84" amount="-7"/>
        <kerning first="98" second="86" amount="-6"/>
        <kerning first="98" second="87" amount="-2"/>
        <kerning first="98" second="88" amount="-1"/>
        <kerning first="98" second="89" amount="-7"/>
        <kerning first="98" second="92" amount="-10"/>
        <kerning first="98" second="93" amount="-2"/>
        <kerning first="98" second="118" amount="-2"/>
        <kerning first="98" second="119" amount="-2"/>
        <kerning first="98" second="120" amount="-1"/>
        <kerning first="98" second="122" amount="-1"/>
        <kerning first="99" second="39" amount="-4"/>
        <kerning first="99" second="42" amount="-6"/>
        <kerning first="99" second="55" amount="-2"/>
        <kerning first="99" second="57" amount="-2"/>
        <kerning first="99" second="63" amount="-6"/>
        <kerning first="99" second="83" amount="-2"/>
        <kerning first="99" second="84" amount="-7"/>
        <kerning first="99" second="86" amount="-5"/>
        <kerning first="99" second="87" amount="-2"/>
        <kerning first="99" second="89" amount="-6"/>
        <kerning first="99" second="92" amount="-10"/>
        <kerning first="99" second="99" amount="-1"/>
        <kerning first="99" second="101" amount="-1"/>
        <kerning first="99" second="118" amount="-2"/>
        <kerning first="99" second="119" amount="-2"/>
        <kerning first="99" second="122" amount="-1"/>
        <kerning first="101" second="35" amount="-3"/>
        <kerning first="101" second="37" amount="-2"/>
        <kerning first="101" second="39" amount="-5"/>
        <kerning first="101" second="42" amount="-6"/>
        <kerning first="101" second="49" amount="-1"/>
        <kerning first="101" second="55" amount="-2"/>
        <kerning first="101" second="57" amount="-2"/>
        <kerning first="101" second="63" amount="-6"/>
        <kerning first="101" second="83" amount="-1"/>
        <kerning first="101" second="84" amount="-7"/>
        <kerning first="101" second="86" amount="-4"/>
        <kerning first="101" second="87" amount="-3"/>
        <kerning first="101" second="89" amount="-6"/>
        <kerning first="101" second="92" amount="-10"/>
        <kerning first="101" second="99" amount="-1"/>
        <kerning first="101" second="101" amount="-1"/>
        <kerning first="101" second="111" amount="-1"/>
        <kerning first="101" second="118" amount="-2"/>
        <kerning first="101" second="119" amount="-1"/>
        <kerning first="102" second="39" amount="1"/>
        <kerning first="102" second="41" amount="2"/>
        <kerning first="102" second="42" amount="3"/>
        <kerning first="102" second="45" amount="-1"/>
        <kerning first="102" second="46" amount="-3"/>
        <kerning first="102" second="52" amount="-2"/>
        <kerning first="102" second="63" amount="1"/>
        <kerning first="102" second="65" amount="-3"/>
        <kerning first="102" second="74" amount="-4"/>
        <kerning first="102" second="84" amount="1"/>
        <kerning first="102" second="97" amount="-1"/>
        <kerning first="102" second="99" amount="-1"/>
        <kerning first="102" second="106" amount="1"/>
        <kerning first="102" second="111" amount="-1"/>
        <kerning first="104" second="39" amount="-5"/>
        <kerning first="104" second="41" amount="-1"/>
        <kerning first="104" second="42" amount="-6"/>
        <kerning first="104" second="55" amount="-2"/>
        <kerning first="104" second="57" amount="-1"/>
        <kerning first="104" second="63" amount="-6"/>
        <kerning first="104" second="83" amount="-1"/>
        <kerning first="104" second="84" amount="-6"/>
        <kerning first="104" second="86" amount="-5"/>
        <kerning first="104" second="87" amount="-2"/>
        <kerning first="104" second="89" amount="-6"/>
        <kerning first="104" second="92" amount="-10"/>
        <kerning first="104" second="102" amount="-1"/>
        <kerning first="104" second="119" amount="-1"/>
        <kerning first="105" second="84" amount="1"/>
        <kerning first="106" second="55" amount="-1"/>
        <kerning first="106" second="89" amount="-1"/>
        <kerning first="107" second="39" amount="-4"/>
        <kerning first="107" second="42" amount="-3"/>
        <kerning first="107" second="45" amount="-2"/>
        <kerning first="107" second="46" amount="1"/>
        <kerning first="107" second="51" amount="-1"/>
        <kerning first="107" second="52" amount="-1"/>
        <kerning first="107" second="55" amount="-1"/>
        <kerning first="107" second="56" amount="-1"/>
        <kerning first="107" second="57" amount="-1"/>
        <kerning first="107" second="63" amount="-6"/>
        <kerning first="107" second="64" amount="-1"/>
        <kerning first="107" second="84" amount="-4"/>
        <kerning first="107" second="86" amount="-3"/>
        <kerning first="107" second="87" amount="-2"/>
        <kerning first="107" second="89" amount="-4"/>
        <kerning first="107" second="92" amount="-7"/>
        <kerning first="107" second="97" amount="-1"/>
        <kerning first="107" second="99" amount="-1"/>
        <kerning first="107" second="101" amount="-1"/>
        <kerning first="107" second="111" amount="-1"/>
        <kerning first="109" second="39" amount="-5"/>
        <kerning first="109" second="41" amount="-1"/>
        <kerning first="109" second="42" amount="-6"/>
        <kerning first="109" second="55" amount="-2"/>
        <kerning first="109" second="57" amount="-1"/>
        <kerning first="109" second="63" amount="-6"/>
        <kerning first="109" second="83" amount="-1"/>
        <kerning first="109" second="84" amount="-6"/>
        <kerning first="109" second="86" amount="-5"/>
        <kerning first="109" second="87" amount="-2"/>
        <kerning first="109" second="89" amount="-6"/>
        <kerning first="109" second="92" amount="-10"/>
        <kerning first="109" second="102" amount="-1"/>
        <kerning first="109" second="119" amount="-1"/>
        <kerning first="110" second="39" amount="-5"/>
        <kerning first="110" second="41" amount="-1"/>
        <kerning first="110" second="42" amount="-6"/>
        <kerning first="110" second="55" amount="-2"/>
        <kerning first="110" second="57" amount="-1"/>
        <kerning first="110" second="63" amount="-6"/>
        <kerning first="110" second="83" amount="-1"/>
        <kerning first="110" second="84" amount="-6"/>
        <kerning first="110" second="86" amount="-5"/>
        <kerning first="110" second="87" amount="-2"/>
        <kerning first="110" second="89" amount="-6"/>
        <kerning first="110" second="92" amount="-10"/>
        <kerning first="110" second="102" amount="-1"/>
        <kerning first="111" second="39" amount="-6"/>
        <kerning first="111" second="41" amount="-2"/>
        <kerning first="111" second="42" amount="-8"/>
        <kerning first="111" second="46" amount="-1"/>
        <kerning first="111" second="49" amount="-1"/>
        <kerning first="111" second="51" amount="-1"/>
        <kerning first="111" second="55" amount="-3"/>
        <kerning first="111" second="63" amount="-6"/>
        <kerning first="111" second="83" amount="-1"/>
        <kerning first="111" second="84" amount="-7"/>
        <kerning first="111" second="86" amount="-3"/>
        <kerning first="111" second="87" amount="-2"/>
        <kerning first="111" second="88" amount="-1"/>
        <kerning first="111" second="89" amount="-7"/>
        <kerning first="111" second="92" amount="-11"/>
        <kerning first="111" second="93" amount="-2"/>
        <kerning first="111" second="102" amount="-1"/>
        <kerning first="111" second="116" amount="-1"/>
        <kerning first="111" second="118" amount="-2"/>
        <kerning first="111" second="119" amount="-2"/>
        <kerning first="112" second="39" amount="-6"/>
        <kerning first="112" second="41" amount="-1"/>
        <kerning first="112" second="42" amount="-7"/>
        <kerning first="112" second="46" amount="-1"/>
        <kerning first="112" second="49" amount="-1"/>
        <kerning first="112" second="50" amount="-1"/>
        <kerning first="112" second="55" amount="-3"/>
        <kerning first="112" second="57" amount="-1"/>
        <kerning first="112" second="63" amount="-6"/>
        <kerning first="112" second="83" amount="-1"/>
        <kerning first="112" second="84" amount="-7"/>
        <kerning first="112" second="86" amount="-4"/>
        <kerning first="112" second="87" amount="-2"/>
        <kerning first="112" second="88" amount="-1"/>
        <kerning first="112" second="89" amount="-7"/>
        <kerning first="112" second="92" amount="-12"/>
        <kerning first="112" second="93" amount="-1"/>
        <kerning first="112" second="102" amount="-1"/>
        <kerning first="112" second="116" amount="-1"/>
        <kerning first="112" second="118" amount="-1"/>
        <kerning first="112" second="119" amount="-1"/>
        <kerning first="114" second="41" amount="-1"/>
        <kerning first="114" second="46" amount="-2"/>
        <kerning first="114" second="47" amount="-1"/>
        <kerning first="114" second="50" amount="-1"/>
        <kerning first="114" second="51" amount="-2"/>
        <kerning first="114" second="52" amount="1"/>
        <kerning first="114" second="55" amount="-3"/>
        <kerning first="114" second="56" amount="-1"/>
        <kerning first="114" second="63" amount="-4"/>
        <kerning first="114" second="65" amount="-2"/>
        <kerning first="114" second="74" amount="-4"/>
        <kerning first="114" second="84" amount="-4"/>
        <kerning first="114" second="86" amount="-2"/>
        <kerning first="114" second="87" amount="-1"/>
        <kerning first="114" second="88" amount="-3"/>
        <kerning first="114" second="89" amount="-3"/>
        <kerning first="114" second="90" amount="-1"/>
        <kerning first="114" second="92" amount="-4"/>
        <kerning first="114" second="93" amount="-1"/>
        <kerning first="115" second="39" amount="-4"/>
        <kerning first="115" second="42" amount="-5"/>
        <kerning first="115" second="46" amount="1"/>
        <kerning first="115" second="55" amount="-2"/>
        <kerning first="115" second="57" amount="-1"/>
        <kerning first="115" second="63" amount="-5"/>
        <kerning first="115" second="84" amount="-5"/>
        <kerning first="115" second="86" amount="-3"/>
        <kerning first="115" second="87" amount="-1"/>
        <kerning first="115" second="89" amount="-5"/>
        <kerning first="115" second="92" amount="-8"/>
        <kerning first="115" second="111" amount="-1"/>
        <kerning first="115" second="118" amount="-1"/>
        <kerning first="115" second="119" amount="-2"/>
        <kerning first="116" second="45" amount="-1"/>
        <kerning first="116" second="46" amount="-1"/>
        <kerning first="116" second="51" amount="-1"/>
        <kerning first="116" second="52" amount="-1"/>
        <kerning first="116" second="55" amount="-1"/>
        <kerning first="116" second="56" amount="-1"/>
        <kerning first="116" second="63" amount="-3"/>
        <kerning first="116" second="65" amount="-1"/>
        <kerning first="116" second="84" amount="-2"/>
        <kerning first="116" second="86" amount="-2"/>
        <kerning first="116" second="87" amount="-1"/>
        <kerning first="116" second="89" amount="-4"/>
        <kerning first="116" second="92" amount="-3"/>
        <kerning first="116" second="97" amount="-1"/>
        <kerning first="116" second="99" amount="-1"/>
        <kerning first="116" second="101" amount="-1"/>
        <kerning first="116" second="111" amount="-1"/>
        <kerning first="116" second="116" amount="-5"/>
        <kerning first="117" second="39" amount="-2"/>
        <kerning first="117" second="42" amount="-3"/>
        <kerning first="117" second="55" amount="-1"/>
        <kerning first="117" second="63" amount="-4"/>
        <kerning first="117" second="83" amount="-1"/>
        <kerning first="117" second="84" amount="-4"/>
        <kerning first="117" second="86" amount="-2"/>
        <kerning first="117" second="87" amount="-1"/>
        <kerning first="117" second="88" amount="-1"/>
        <kerning first="117" second="89" amount="-4"/>
        <kerning first="117" second="92" amount="-7"/>
        <kerning first="118" second="39" amount="-2"/>
        <kerning first="118" second="41" amount="-2"/>
        <kerning first="118" second="42" amount="-3"/>
        <kerning first="118" second="46" amount="-2"/>
        <kerning first="118" second="47" amount="-2"/>
        <kerning first="118" second="50" amount="-1"/>
        <kerning first="118" second="51" amount="-2"/>
        <kerning first="118" second="55" amount="-3"/>
        <kerning first="118" second="57" amount="-1"/>
        <kerning first="118" second="63" amount="-5"/>
        <kerning first="118" second="65" amount="-2"/>
        <kerning first="118" second="74" amount="-1"/>
        <kerning first="118" second="83" amount="-1"/>
        <kerning first="118" second="84" amount="-4"/>
        <kerning first="118" second="86" amount="-2"/>
        <kerning first="118" second="87" amount="-1"/>
        <kerning first="118" second="88" amount="-2"/>
        <kerning first="118" second="89" amount="-4"/>
        <kerning first="118" second="90" amount="-1"/>
        <kerning first="118" second="92" amount="-6"/>
        <kerning first="118" second="93" amount="-1"/>
        <kerning first="119" second="39" amount="-2"/>
        <kerning first="119" second="41" amount="-2"/>
        <kerning first="119" second="42" amount="-3"/>
        <kerning first="119" second="46" amount="-2"/>
        <kerning first="119" second="47" amount="-1"/>
        <kerning first="119" second="50" amount="-1"/>
        <kerning first="119" second="51" amount="-2"/>
        <kerning first="119" second="55" amount="-3"/>
        <kerning first="119" second="63" amount="-5"/>
        <kerning first="119" second="74" amount="-1"/>
        <kerning first="119" second="83" amount="-1"/>
        <kerning first="119" second="84" amount="-4"/>
        <kerning first="119" second="86" amount="-2"/>
        <kerning first="119" second="87" amount="-1"/>
        <kerning first="119" second="88" amount="-1"/>
        <kerning first="119" second="89" amount="-4"/>
        <kerning first="119" second="90" amount="-1"/>
        <kerning first="119" second="92" amount="-6"/>
        <kerning first="119" second="93" amount="-2"/>
        <kerning first="119" second="115" amount="1"/>
        <kerning first="120" second="38" amount="-1"/>
        <kerning first="120" second="39" amount="-3"/>
        <kerning first="120" second="41" amount="-1"/>
        <kerning first="120" second="42" amount="-3"/>
        <kerning first="120" second="45" amount="-1"/>
        <kerning first="120" second="51" amount="-1"/>
        <kerning first="120" second="52" amount="-1"/>
        <kerning first="120" second="54" amount="-1"/>
        <kerning first="120" second="55" amount="-2"/>
        <kerning first="120" second="56" amount="-1"/>
        <kerning first="120" second="57" amount="-1"/>
        <kerning first="120" second="63" amount="-5"/>
        <kerning first="120" second="83" amount="-1"/>
        <kerning first="120" second="84" amount="-4"/>
        <kerning first="120" second="86" amount="-2"/>
        <kerning first="120" second="87" amount="-1"/>
        <kerning first="120" second="89" amount="-6"/>
        <kerning first="120" second="92" amount="-6"/>
        <kerning first="120" second="97" amount="-1"/>
        <kerning first="120" second="99" amount="-1"/>
        <kerning first="120" second="101" amount="-1"/>
        <kerning first="120" second="111" amount="-1"/>
        <kerning first="121" second="32" amount="-2"/>
        <kerning first="121" second="34" amount="-2"/>
        <kerning first="121" second="37" amount="-1"/>
        <kerning first="121" second="39" amount="-2"/>
        <kerning first="121" second="41" amount="-1"/>
        <kerning first="121" second="42" amount="-2"/>
        <kerning first="121" second="55" amount="-1"/>
        <kerning first="121" second="63" amount="-4"/>
        <kerning first="121" second="83" amount="-1"/>
        <kerning first="121" second="84" amount="-4"/>
        <kerning first="121" second="86" amount="-2"/>
        <kerning first="121" second="87" amount="-1"/>
        <kerning first="121" second="88" amount="-1"/>
        <kerning first="121" second="89" amount="-5"/>
        <kerning first="121" second="92" amount="-7"/>
        <kerning first="122" second="36" amount="-1"/>
        <kerning first="122" second="37" amount="-2"/>
        <kerning first="122" second="39" amount="-2"/>
        <kerning first="122" second="42" amount="-3"/>
        <kerning first="122" second="55" amount="-1"/>
        <kerning first="122" second="56" amount="-1"/>
        <kerning first="122" second="63" amount="-4"/>
        <kerning first="122" second="65" amount="-1"/>
        <kerning first="122" second="83" amount="-1"/>
        <kerning first="122" second="84" amount="-5"/>
        <kerning first="122" second="86" amount="-3"/>
        <kerning first="122" second="87" amount="-1"/>
        <kerning first="122" second="89" amount="-5"/>
        <kerning first="122" second="92" amount="-7"/>
        <kerning first="122" second="101" amount="-1"/>
        <kerning first="124" second="33" amount="-1"/>
        <kerning first="124" second="34" amount="-1"/>
        <kerning first="124" second="35" amount="-1"/>
        <kerning first="124" second="36" amount="-1"/>
        <kerning first="124" second="37" amount="-2"/>
        <kerning first="125" second="37" amount="-1"/>
    </kernings>
</font>