<?xml version="1.0" encoding="UTF-8" standalone="no"?>
<!--Created using Glyph Designer - http://www.71squared.com/glyphdesigner-->
<font>
    <info face="Ahkio Preloader" size="75" bold="0" italic="0" chasrset="" unicode="0" stretchH="100" smooth="1" aa="1" padding="0,0,0,0" spacing="2,2"/>
    <common lineHeight="87" base="71" scaleW="256" scaleH="128" pages="1" packed="0"/>
    <pages>
        <page id="0" file="ahkio_70_preloader.png"/>
    </pages>
    <chars count="12">
        <char id="32" x="179" y="57" width="0" height="0" xoffset="0" yoffset="71" xadvance="11" page="0" chnl="0" letter="space"/>
        <char id="37" x="2" y="2" width="45" height="53" xoffset="6" yoffset="18" xadvance="50" page="0" chnl="0" letter="%"/>
        <char id="48" x="172" y="2" width="38" height="53" xoffset="2" yoffset="18" xadvance="38" page="0" chnl="0" letter="0"/>
        <char id="49" x="156" y="57" width="21" height="53" xoffset="4" yoffset="18" xadvance="20" page="0" chnl="0" letter="1"/>
        <char id="50" x="132" y="2" width="38" height="53" xoffset="0" yoffset="18" xadvance="35" page="0" chnl="0" letter="2"/>
        <char id="51" x="212" y="2" width="37" height="53" xoffset="0" yoffset="18" xadvance="34" page="0" chnl="0" letter="3"/>
        <char id="52" x="91" y="2" width="39" height="53" xoffset="0" yoffset="18" xadvance="36" page="0" chnl="0" letter="4"/>
        <char id="53" x="80" y="57" width="36" height="53" xoffset="1" yoffset="18" xadvance="34" page="0" chnl="0" letter="5"/>
        <char id="54" x="118" y="57" width="36" height="53" xoffset="2" yoffset="18" xadvance="35" page="0" chnl="0" letter="6"/>
        <char id="55" x="2" y="57" width="37" height="53" xoffset="3" yoffset="18" xadvance="33" page="0" chnl="0" letter="7"/>
        <char id="56" x="49" y="2" width="40" height="53" xoffset="1" yoffset="18" xadvance="37" page="0" chnl="0" letter="8"/>
        <char id="57" x="41" y="57" width="37" height="53" xoffset="1" yoffset="18" xadvance="35" page="0" chnl="0" letter="9"/>
    </chars>
    <kernings count="32">
        <kerning first="48" second="50" amount="-2"/>
        <kerning first="48" second="51" amount="-1"/>
        <kerning first="48" second="55" amount="-3"/>
        <kerning first="48" second="57" amount="-1"/>
        <kerning first="50" second="50" amount="-1"/>
        <kerning first="50" second="51" amount="-1"/>
        <kerning first="50" second="52" amount="-1"/>
        <kerning first="50" second="55" amount="-2"/>
        <kerning first="50" second="56" amount="-1"/>
        <kerning first="51" second="50" amount="-1"/>
        <kerning first="51" second="51" amount="-1"/>
        <kerning first="51" second="55" amount="-2"/>
        <kerning first="52" second="49" amount="-1"/>
        <kerning first="52" second="50" amount="-1"/>
        <kerning first="52" second="55" amount="-1"/>
        <kerning first="52" second="56" amount="1"/>
        <kerning first="53" second="49" amount="-1"/>
        <kerning first="53" second="50" amount="-1"/>
        <kerning first="53" second="55" amount="-1"/>
        <kerning first="53" second="57" amount="-1"/>
        <kerning first="54" second="50" amount="-1"/>
        <kerning first="54" second="55" amount="-2"/>
        <kerning first="54" second="57" amount="-1"/>
        <kerning first="55" second="48" amount="-1"/>
        <kerning first="55" second="52" amount="-4"/>
        <kerning first="56" second="50" amount="-1"/>
        <kerning first="56" second="55" amount="-2"/>
        <kerning first="56" second="57" amount="-1"/>
        <kerning first="57" second="50" amount="-2"/>
        <kerning first="57" second="51" amount="-1"/>
        <kerning first="57" second="55" amount="-3"/>
        <kerning first="57" second="57" amount="-1"/>
    </kernings>
</font>