<?xml version="1.0" encoding="UTF-8" standalone="no"?>
<!--Created using Glyph Designer - http://www.71squared.com/glyphdesigner-->
<font>
    <info face="Ahkio Game" size="26" bold="0" italic="0" chasrset="" unicode="0" stretchH="100" smooth="1" aa="1" padding="0,0,0,0" spacing="0,0"/>
    <common lineHeight="31" base="24" scaleW="128" scaleH="64" pages="1" packed="0"/>
    <pages>
        <page id="0" file="ahkio_26_game.png"/>
    </pages>
    <chars count="12">
        <char id="32" x="120" y="27" width="0" height="0" xoffset="0" yoffset="26" xadvance="4" page="0" chnl="0" letter="space"/>
        <char id="44" x="105" y="27" width="15" height="16" xoffset="-3" yoffset="13" xadvance="5" page="0" chnl="0" letter=","/>
        <char id="48" x="0" y="0" width="23" height="27" xoffset="-1" yoffset="-1" xadvance="13" page="0" chnl="0" letter="0"/>
        <char id="49" x="88" y="27" width="17" height="27" xoffset="-1" yoffset="-1" xadvance="7" page="0" chnl="0" letter="1"/>
        <char id="50" x="23" y="0" width="23" height="27" xoffset="-2" yoffset="-1" xadvance="12" page="0" chnl="0" letter="2"/>
        <char id="51" x="46" y="0" width="23" height="27" xoffset="-2" yoffset="-1" xadvance="12" page="0" chnl="0" letter="3"/>
        <char id="52" x="69" y="0" width="23" height="27" xoffset="-2" yoffset="-1" xadvance="13" page="0" chnl="0" letter="4"/>
        <char id="53" x="0" y="27" width="22" height="27" xoffset="-2" yoffset="-1" xadvance="12" page="0" chnl="0" letter="5"/>
        <char id="54" x="22" y="27" width="22" height="27" xoffset="-1" yoffset="-1" xadvance="12" page="0" chnl="0" letter="6"/>
        <char id="55" x="44" y="27" width="22" height="27" xoffset="-1" yoffset="-1" xadvance="11" page="0" chnl="0" letter="7"/>
        <char id="56" x="92" y="0" width="23" height="27" xoffset="-2" yoffset="-1" xadvance="13" page="0" chnl="0" letter="8"/>
        <char id="57" x="66" y="27" width="22" height="27" xoffset="-2" yoffset="-1" xadvance="12" page="0" chnl="0" letter="9"/>
    </chars>
    <kernings count="9">
        <kerning first="48" second="50" amount="-1"/>
        <kerning first="48" second="55" amount="-1"/>
        <kerning first="50" second="55" amount="-1"/>
        <kerning first="51" second="55" amount="-1"/>
        <kerning first="54" second="55" amount="-1"/>
        <kerning first="55" second="52" amount="-1"/>
        <kerning first="56" second="55" amount="-1"/>
        <kerning first="57" second="50" amount="-1"/>
        <kerning first="57" second="55" amount="-1"/>
    </kernings>
</font>