<?xml version="1.0" encoding="UTF-8" standalone="no"?>
<!--Created using Glyph Designer - http://www.71squared.com/glyphdesigner-->
<font>
    <info face="Ahkio26" size="26" bold="0" italic="0" chasrset="" unicode="0" stretchH="100" smooth="1" aa="1" padding="0,0,0,0" spacing="0,0"/>
    <common lineHeight="31" base="24" scaleW="256" scaleH="256" pages="1" packed="0"/>
    <pages>
        <page id="0" file="ahkio_26_game.png"/>
    </pages>
    <chars count="196">
        <char id="32" x="192" y="214" width="0" height="0" xoffset="0" yoffset="25" xadvance="4" page="0" chnl="0" letter="space"/>
        <char id="33" x="0" y="178" width="10" height="20" xoffset="-0" yoffset="5" xadvance="5" page="0" chnl="0" letter="!"/>
        <char id="34" x="55" y="214" width="11" height="9" xoffset="2" yoffset="4" xadvance="8" page="0" chnl="0" letter="&quot;"/>
        <char id="35" x="53" y="178" width="16" height="18" xoffset="1" yoffset="5" xadvance="14" page="0" chnl="0" letter="#"/>
        <char id="36" x="147" y="96" width="12" height="21" xoffset="1" yoffset="5" xadvance="10" page="0" chnl="0" letter="$"/>
        <char id="37" x="110" y="117" width="17" height="20" xoffset="2" yoffset="5" xadvance="17" page="0" chnl="0" letter="%"/>
        <char id="38" x="71" y="0" width="15" height="26" xoffset="0" yoffset="2" xadvance="13" page="0" chnl="0" letter="&amp;"/>
        <char id="39" x="66" y="214" width="7" height="9" xoffset="2" yoffset="4" xadvance="4" page="0" chnl="0" letter="'"/>
        <char id="40" x="204" y="96" width="10" height="21" xoffset="1" yoffset="4" xadvance="6" page="0" chnl="0" letter="("/>
        <char id="41" x="214" y="96" width="10" height="21" xoffset="-0" yoffset="4" xadvance="7" page="0" chnl="0" letter=")"/>
        <char id="42" x="221" y="198" width="11" height="12" xoffset="2" yoffset="3" xadvance="10" page="0" chnl="0" letter="*"/>
        <char id="43" x="115" y="198" width="13" height="14" xoffset="1" yoffset="9" xadvance="12" page="0" chnl="0" letter="+"/>
        <char id="44" x="73" y="214" width="7" height="9" xoffset="-1" yoffset="19" xadvance="5" page="0" chnl="0" letter=","/>
        <char id="45" x="146" y="214" width="10" height="6" xoffset="1" yoffset="13" xadvance="10" page="0" chnl="0" letter="-"/>
        <char id="46" x="121" y="214" width="7" height="7" xoffset="-0" yoffset="18" xadvance="5" page="0" chnl="0" letter="."/>
        <char id="47" x="126" y="51" width="14" height="22" xoffset="-0" yoffset="3" xadvance="10" page="0" chnl="0" letter="/"/>
        <char id="48" x="80" y="138" width="15" height="20" xoffset="1" yoffset="5" xadvance="13" page="0" chnl="0" letter="0"/>
        <char id="49" x="10" y="178" width="9" height="20" xoffset="1" yoffset="5" xadvance="7" page="0" chnl="0" letter="1"/>
        <char id="50" x="95" y="138" width="15" height="20" xoffset="0" yoffset="5" xadvance="12" page="0" chnl="0" letter="2"/>
        <char id="51" x="110" y="138" width="15" height="20" xoffset="0" yoffset="5" xadvance="12" page="0" chnl="0" letter="3"/>
        <char id="52" x="125" y="138" width="15" height="20" xoffset="0" yoffset="5" xadvance="13" page="0" chnl="0" letter="4"/>
        <char id="53" x="75" y="158" width="14" height="20" xoffset="0" yoffset="5" xadvance="12" page="0" chnl="0" letter="5"/>
        <char id="54" x="89" y="158" width="14" height="20" xoffset="1" yoffset="5" xadvance="12" page="0" chnl="0" letter="6"/>
        <char id="55" x="103" y="158" width="14" height="20" xoffset="1" yoffset="5" xadvance="11" page="0" chnl="0" letter="7"/>
        <char id="56" x="140" y="138" width="15" height="20" xoffset="0" yoffset="5" xadvance="13" page="0" chnl="0" letter="8"/>
        <char id="57" x="117" y="158" width="14" height="20" xoffset="0" yoffset="5" xadvance="12" page="0" chnl="0" letter="9"/>
        <char id="58" x="76" y="198" width="8" height="16" xoffset="-0" yoffset="9" xadvance="6" page="0" chnl="0" letter=":"/>
        <char id="59" x="69" y="178" width="9" height="18" xoffset="-1" yoffset="10" xadvance="5" page="0" chnl="0" letter=";"/>
        <char id="60" x="128" y="198" width="13" height="14" xoffset="1" yoffset="9" xadvance="12" page="0" chnl="0" letter="&lt;"/>
        <char id="61" x="42" y="214" width="13" height="10" xoffset="1" yoffset="10" xadvance="11" page="0" chnl="0" letter="="/>
        <char id="62" x="141" y="198" width="13" height="14" xoffset="0" yoffset="9" xadvance="11" page="0" chnl="0" letter=">"/>
        <char id="63" x="215" y="158" width="13" height="20" xoffset="2" yoffset="5" xadvance="12" page="0" chnl="0" letter="?"/>
        <char id="64" x="0" y="0" width="23" height="26" xoffset="1" yoffset="3" xadvance="22" page="0" chnl="0" letter="@"/>
        <char id="65" x="155" y="138" width="15" height="20" xoffset="-0" yoffset="5" xadvance="14" page="0" chnl="0" letter="A"/>
        <char id="66" x="195" y="117" width="16" height="20" xoffset="0" yoffset="5" xadvance="13" page="0" chnl="0" letter="B"/>
        <char id="67" x="170" y="138" width="15" height="20" xoffset="1" yoffset="5" xadvance="13" page="0" chnl="0" letter="C"/>
        <char id="68" x="211" y="117" width="16" height="20" xoffset="1" yoffset="5" xadvance="14" page="0" chnl="0" letter="D"/>
        <char id="69" x="185" y="138" width="15" height="20" xoffset="0" yoffset="5" xadvance="12" page="0" chnl="0" letter="E"/>
        <char id="70" x="200" y="138" width="15" height="20" xoffset="0" yoffset="5" xadvance="12" page="0" chnl="0" letter="F"/>
        <char id="71" x="227" y="117" width="16" height="20" xoffset="1" yoffset="5" xadvance="14" page="0" chnl="0" letter="G"/>
        <char id="72" x="127" y="117" width="17" height="20" xoffset="0" yoffset="5" xadvance="14" page="0" chnl="0" letter="H"/>
        <char id="73" x="19" y="178" width="9" height="20" xoffset="0" yoffset="5" xadvance="6" page="0" chnl="0" letter="I"/>
        <char id="74" x="215" y="138" width="15" height="20" xoffset="0" yoffset="5" xadvance="11" page="0" chnl="0" letter="J"/>
        <char id="75" x="144" y="117" width="17" height="20" xoffset="0" yoffset="5" xadvance="13" page="0" chnl="0" letter="K"/>
        <char id="76" x="228" y="158" width="12" height="20" xoffset="0" yoffset="5" xadvance="11" page="0" chnl="0" letter="L"/>
        <char id="77" x="72" y="117" width="20" height="20" xoffset="0" yoffset="5" xadvance="17" page="0" chnl="0" letter="M"/>
        <char id="78" x="161" y="117" width="17" height="20" xoffset="0" yoffset="5" xadvance="14" page="0" chnl="0" letter="N"/>
        <char id="79" x="0" y="138" width="16" height="20" xoffset="1" yoffset="5" xadvance="15" page="0" chnl="0" letter="O"/>
        <char id="80" x="16" y="138" width="16" height="20" xoffset="0" yoffset="5" xadvance="13" page="0" chnl="0" letter="P"/>
        <char id="81" x="110" y="51" width="16" height="22" xoffset="1" yoffset="6" xadvance="15" page="0" chnl="0" letter="Q"/>
        <char id="82" x="32" y="138" width="16" height="20" xoffset="0" yoffset="5" xadvance="13" page="0" chnl="0" letter="R"/>
        <char id="83" x="230" y="138" width="15" height="20" xoffset="0" yoffset="5" xadvance="12" page="0" chnl="0" letter="S"/>
        <char id="84" x="145" y="158" width="14" height="20" xoffset="2" yoffset="5" xadvance="12" page="0" chnl="0" letter="T"/>
        <char id="85" x="45" y="158" width="15" height="20" xoffset="1" yoffset="5" xadvance="13" page="0" chnl="0" letter="U"/>
        <char id="86" x="30" y="158" width="15" height="20" xoffset="2" yoffset="5" xadvance="13" page="0" chnl="0" letter="V"/>
        <char id="87" x="51" y="117" width="21" height="20" xoffset="2" yoffset="5" xadvance="19" page="0" chnl="0" letter="W"/>
        <char id="88" x="92" y="117" width="18" height="20" xoffset="-0" yoffset="5" xadvance="14" page="0" chnl="0" letter="X"/>
        <char id="89" x="60" y="158" width="15" height="20" xoffset="2" yoffset="5" xadvance="13" page="0" chnl="0" letter="Y"/>
        <char id="90" x="48" y="138" width="16" height="20" xoffset="-0" yoffset="5" xadvance="12" page="0" chnl="0" letter="Z"/>
        <char id="91" x="168" y="51" width="12" height="22" xoffset="0" yoffset="3" xadvance="8" page="0" chnl="0" letter="["/>
        <char id="92" x="182" y="96" width="11" height="21" xoffset="3" yoffset="4" xadvance="12" page="0" chnl="0" letter="\"/>
        <char id="93" x="180" y="51" width="12" height="22" xoffset="-0" yoffset="3" xadvance="8" page="0" chnl="0" letter="]"/>
        <char id="94" x="167" y="198" width="12" height="14" xoffset="1" yoffset="3" xadvance="11" page="0" chnl="0" letter="^"/>
        <char id="95" x="166" y="214" width="13" height="5" xoffset="-1" yoffset="24" xadvance="10" page="0" chnl="0" letter="_"/>
        <char id="96" x="87" y="214" width="8" height="8" xoffset="3" yoffset="3" xadvance="7" page="0" chnl="0" letter="`"/>
        <char id="97" x="221" y="178" width="14" height="16" xoffset="0" yoffset="9" xadvance="12" page="0" chnl="0" letter="a"/>
        <char id="98" x="166" y="75" width="14" height="21" xoffset="0" yoffset="4" xadvance="12" page="0" chnl="0" letter="b"/>
        <char id="99" x="39" y="198" width="13" height="16" xoffset="0" yoffset="9" xadvance="11" page="0" chnl="0" letter="c"/>
        <char id="100" x="0" y="75" width="16" height="21" xoffset="0" yoffset="4" xadvance="12" page="0" chnl="0" letter="d"/>
        <char id="101" x="13" y="198" width="13" height="16" xoffset="0" yoffset="9" xadvance="11" page="0" chnl="0" letter="e"/>
        <char id="102" x="159" y="96" width="12" height="21" xoffset="1" yoffset="4" xadvance="9" page="0" chnl="0" letter="f"/>
        <char id="103" x="194" y="75" width="14" height="21" xoffset="0" yoffset="9" xadvance="12" page="0" chnl="0" letter="g"/>
        <char id="104" x="152" y="75" width="14" height="21" xoffset="0" yoffset="4" xadvance="12" page="0" chnl="0" letter="h"/>
        <char id="105" x="0" y="117" width="9" height="21" xoffset="0" yoffset="4" xadvance="6" page="0" chnl="0" letter="i"/>
        <char id="106" x="175" y="0" width="12" height="26" xoffset="-2" yoffset="4" xadvance="6" page="0" chnl="0" letter="j"/>
        <char id="107" x="32" y="75" width="15" height="21" xoffset="0" yoffset="4" xadvance="12" page="0" chnl="0" letter="k"/>
        <char id="108" x="9" y="117" width="9" height="21" xoffset="0" yoffset="4" xadvance="6" page="0" chnl="0" letter="l"/>
        <char id="109" x="116" y="178" width="21" height="16" xoffset="0" yoffset="9" xadvance="18" page="0" chnl="0" letter="m"/>
        <char id="110" x="191" y="178" width="15" height="16" xoffset="0" yoffset="9" xadvance="12" page="0" chnl="0" letter="n"/>
        <char id="111" x="235" y="178" width="14" height="16" xoffset="0" yoffset="9" xadvance="12" page="0" chnl="0" letter="o"/>
        <char id="112" x="0" y="158" width="15" height="20" xoffset="-1" yoffset="9" xadvance="12" page="0" chnl="0" letter="p"/>
        <char id="113" x="180" y="75" width="14" height="21" xoffset="0" yoffset="9" xadvance="12" page="0" chnl="0" letter="q"/>
        <char id="114" x="65" y="198" width="11" height="16" xoffset="0" yoffset="9" xadvance="9" page="0" chnl="0" letter="r"/>
        <char id="115" x="0" y="198" width="13" height="16" xoffset="0" yoffset="9" xadvance="11" page="0" chnl="0" letter="s"/>
        <char id="116" x="240" y="158" width="11" height="20" xoffset="1" yoffset="5" xadvance="9" page="0" chnl="0" letter="t"/>
        <char id="117" x="176" y="178" width="15" height="16" xoffset="0" yoffset="9" xadvance="12" page="0" chnl="0" letter="u"/>
        <char id="118" x="52" y="198" width="13" height="16" xoffset="1" yoffset="9" xadvance="11" page="0" chnl="0" letter="v"/>
        <char id="119" x="157" y="178" width="19" height="16" xoffset="1" yoffset="9" xadvance="17" page="0" chnl="0" letter="w"/>
        <char id="120" x="206" y="178" width="15" height="16" xoffset="-0" yoffset="9" xadvance="12" page="0" chnl="0" letter="x"/>
        <char id="121" x="15" y="158" width="15" height="20" xoffset="0" yoffset="10" xadvance="12" page="0" chnl="0" letter="y"/>
        <char id="122" x="26" y="198" width="13" height="16" xoffset="0" yoffset="9" xadvance="10" page="0" chnl="0" letter="z"/>
        <char id="123" x="48" y="51" width="11" height="23" xoffset="1" yoffset="3" xadvance="8" page="0" chnl="0" letter="{"/>
        <char id="124" x="198" y="0" width="10" height="26" xoffset="0" yoffset="2" xadvance="7" page="0" chnl="0" letter="|"/>
        <char id="125" x="59" y="51" width="11" height="23" xoffset="-0" yoffset="3" xadvance="8" page="0" chnl="0" letter="}"/>
        <char id="126" x="102" y="214" width="11" height="7" xoffset="1" yoffset="12" xadvance="10" page="0" chnl="0" letter="~"/>
        <char id="161" x="18" y="117" width="9" height="21" xoffset="-1" yoffset="9" xadvance="6" page="0" chnl="0" letter="¡"/>
        <char id="162" x="42" y="178" width="11" height="19" xoffset="1" yoffset="5" xadvance="10" page="0" chnl="0" letter="¢"/>
        <char id="163" x="78" y="178" width="13" height="17" xoffset="1" yoffset="6" xadvance="11" page="0" chnl="0" letter="£"/>
        <char id="164" x="154" y="198" width="13" height="14" xoffset="1" yoffset="8" xadvance="12" page="0" chnl="0" letter="¤"/>
        <char id="165" x="91" y="178" width="13" height="17" xoffset="2" yoffset="6" xadvance="11" page="0" chnl="0" letter="¥"/>
        <char id="166" x="208" y="0" width="10" height="26" xoffset="0" yoffset="2" xadvance="7" page="0" chnl="0" letter="¦"/>
        <char id="167" x="0" y="51" width="15" height="24" xoffset="-0" yoffset="4" xadvance="12" page="0" chnl="0" letter="§"/>
        <char id="168" x="135" y="214" width="11" height="6" xoffset="3" yoffset="5" xadvance="10" page="0" chnl="0" letter="¨"/>
        <char id="169" x="70" y="51" width="20" height="22" xoffset="1" yoffset="4" xadvance="19" page="0" chnl="0" letter="©"/>
        <char id="170" x="92" y="198" width="12" height="15" xoffset="1" yoffset="5" xadvance="10" page="0" chnl="0" letter="ª"/>
        <char id="171" x="232" y="198" width="13" height="11" xoffset="1" yoffset="10" xadvance="11" page="0" chnl="0" letter="«"/>
        <char id="172" x="24" y="214" width="18" height="10" xoffset="3" yoffset="11" xadvance="21" page="0" chnl="0" letter="¬"/>
        <char id="173" x="156" y="214" width="10" height="6" xoffset="1" yoffset="13" xadvance="10" page="0" chnl="0" letter="­"/>
        <char id="174" x="90" y="51" width="20" height="22" xoffset="1" yoffset="4" xadvance="19" page="0" chnl="0" letter="®"/>
        <char id="175" x="179" y="214" width="13" height="4" xoffset="1" yoffset="3" xadvance="13" page="0" chnl="0" letter="¯"/>
        <char id="176" x="13" y="214" width="11" height="11" xoffset="2" yoffset="4" xadvance="9" page="0" chnl="0" letter="°"/>
        <char id="177" x="28" y="178" width="14" height="19" xoffset="0" yoffset="6" xadvance="12" page="0" chnl="0" letter="±"/>
        <char id="178" x="179" y="198" width="11" height="14" xoffset="1" yoffset="4" xadvance="9" page="0" chnl="0" letter="²"/>
        <char id="179" x="190" y="198" width="11" height="14" xoffset="1" yoffset="4" xadvance="8" page="0" chnl="0" letter="³"/>
        <char id="180" x="113" y="214" width="8" height="7" xoffset="2" yoffset="4" xadvance="7" page="0" chnl="0" letter="´"/>
        <char id="181" x="64" y="138" width="16" height="20" xoffset="-1" yoffset="9" xadvance="13" page="0" chnl="0" letter="µ"/>
        <char id="182" x="32" y="51" width="16" height="23" xoffset="2" yoffset="4" xadvance="15" page="0" chnl="0" letter="¶"/>
        <char id="183" x="128" y="214" width="7" height="7" xoffset="1" yoffset="12" xadvance="6" page="0" chnl="0" letter="·"/>
        <char id="184" x="95" y="214" width="7" height="8" xoffset="-2" yoffset="22" xadvance="4" page="0" chnl="0" letter="¸"/>
        <char id="185" x="214" y="198" width="7" height="13" xoffset="2" yoffset="5" xadvance="5" page="0" chnl="0" letter="¹"/>
        <char id="186" x="104" y="198" width="11" height="15" xoffset="1" yoffset="5" xadvance="10" page="0" chnl="0" letter="º"/>
        <char id="187" x="0" y="214" width="13" height="11" xoffset="0" yoffset="10" xadvance="11" page="0" chnl="0" letter="»"/>
        <char id="188" x="234" y="51" width="19" height="21" xoffset="2" yoffset="4" xadvance="19" page="0" chnl="0" letter="¼"/>
        <char id="189" x="214" y="51" width="20" height="21" xoffset="2" yoffset="4" xadvance="20" page="0" chnl="0" letter="½"/>
        <char id="190" x="192" y="51" width="22" height="21" xoffset="1" yoffset="4" xadvance="22" page="0" chnl="0" letter="¾"/>
        <char id="191" x="56" y="96" width="13" height="21" xoffset="-0" yoffset="9" xadvance="11" page="0" chnl="0" letter="¿"/>
        <char id="192" x="23" y="0" width="16" height="26" xoffset="-0" yoffset="-1" xadvance="14" page="0" chnl="0" letter="À"/>
        <char id="193" x="39" y="0" width="16" height="26" xoffset="-0" yoffset="-1" xadvance="14" page="0" chnl="0" letter="Á"/>
        <char id="194" x="235" y="0" width="16" height="25" xoffset="-0" yoffset="0" xadvance="14" page="0" chnl="0" letter="Â"/>
        <char id="195" x="219" y="26" width="16" height="24" xoffset="-0" yoffset="1" xadvance="14" page="0" chnl="0" letter="Ã"/>
        <char id="196" x="0" y="26" width="16" height="25" xoffset="-0" yoffset="0" xadvance="14" page="0" chnl="0" letter="Ä"/>
        <char id="197" x="55" y="0" width="16" height="26" xoffset="-0" yoffset="-1" xadvance="14" page="0" chnl="0" letter="Å"/>
        <char id="198" x="27" y="117" width="24" height="20" xoffset="-0" yoffset="5" xadvance="20" page="0" chnl="0" letter="Æ"/>
        <char id="199" x="80" y="26" width="15" height="25" xoffset="1" yoffset="5" xadvance="13" page="0" chnl="0" letter="Ç"/>
        <char id="200" x="86" y="0" width="15" height="26" xoffset="0" yoffset="-1" xadvance="12" page="0" chnl="0" letter="È"/>
        <char id="201" x="101" y="0" width="15" height="26" xoffset="0" yoffset="-1" xadvance="12" page="0" chnl="0" letter="É"/>
        <char id="202" x="116" y="0" width="15" height="26" xoffset="0" yoffset="-1" xadvance="12" page="0" chnl="0" letter="Ê"/>
        <char id="203" x="95" y="26" width="15" height="25" xoffset="0" yoffset="0" xadvance="12" page="0" chnl="0" letter="Ë"/>
        <char id="204" x="187" y="0" width="11" height="26" xoffset="0" yoffset="-1" xadvance="6" page="0" chnl="0" letter="Ì"/>
        <char id="205" x="197" y="26" width="11" height="25" xoffset="0" yoffset="0" xadvance="6" page="0" chnl="0" letter="Í"/>
        <char id="206" x="208" y="26" width="11" height="25" xoffset="0" yoffset="0" xadvance="6" page="0" chnl="0" letter="Î"/>
        <char id="207" x="185" y="26" width="12" height="25" xoffset="0" yoffset="0" xadvance="6" page="0" chnl="0" letter="Ï"/>
        <char id="208" x="178" y="117" width="17" height="20" xoffset="0" yoffset="5" xadvance="15" page="0" chnl="0" letter="Ð"/>
        <char id="209" x="218" y="0" width="17" height="25" xoffset="0" yoffset="0" xadvance="14" page="0" chnl="0" letter="Ñ"/>
        <char id="210" x="16" y="26" width="16" height="25" xoffset="1" yoffset="0" xadvance="15" page="0" chnl="0" letter="Ò"/>
        <char id="211" x="32" y="26" width="16" height="25" xoffset="1" yoffset="0" xadvance="15" page="0" chnl="0" letter="Ó"/>
        <char id="212" x="48" y="26" width="16" height="25" xoffset="1" yoffset="0" xadvance="15" page="0" chnl="0" letter="Ô"/>
        <char id="213" x="235" y="26" width="16" height="24" xoffset="1" yoffset="1" xadvance="15" page="0" chnl="0" letter="Õ"/>
        <char id="214" x="64" y="26" width="16" height="25" xoffset="1" yoffset="0" xadvance="15" page="0" chnl="0" letter="Ö"/>
        <char id="215" x="201" y="198" width="13" height="13" xoffset="0" yoffset="9" xadvance="11" page="0" chnl="0" letter="×"/>
        <char id="216" x="15" y="51" width="17" height="23" xoffset="1" yoffset="4" xadvance="15" page="0" chnl="0" letter="Ø"/>
        <char id="217" x="131" y="0" width="15" height="26" xoffset="1" yoffset="-1" xadvance="13" page="0" chnl="0" letter="Ù"/>
        <char id="218" x="110" y="26" width="15" height="25" xoffset="1" yoffset="0" xadvance="13" page="0" chnl="0" letter="Ú"/>
        <char id="219" x="125" y="26" width="15" height="25" xoffset="1" yoffset="0" xadvance="13" page="0" chnl="0" letter="Û"/>
        <char id="220" x="140" y="26" width="15" height="25" xoffset="1" yoffset="0" xadvance="13" page="0" chnl="0" letter="Ü"/>
        <char id="221" x="155" y="26" width="15" height="25" xoffset="2" yoffset="0" xadvance="13" page="0" chnl="0" letter="Ý"/>
        <char id="222" x="16" y="75" width="16" height="21" xoffset="0" yoffset="4" xadvance="13" page="0" chnl="0" letter="Þ"/>
        <char id="223" x="92" y="75" width="15" height="21" xoffset="0" yoffset="4" xadvance="13" page="0" chnl="0" letter="ß"/>
        <char id="224" x="222" y="75" width="14" height="21" xoffset="0" yoffset="4" xadvance="12" page="0" chnl="0" letter="à"/>
        <char id="225" x="208" y="75" width="14" height="21" xoffset="0" yoffset="4" xadvance="12" page="0" chnl="0" letter="á"/>
        <char id="226" x="236" y="75" width="14" height="21" xoffset="0" yoffset="4" xadvance="12" page="0" chnl="0" letter="â"/>
        <char id="227" x="159" y="158" width="14" height="20" xoffset="0" yoffset="5" xadvance="12" page="0" chnl="0" letter="ã"/>
        <char id="228" x="0" y="96" width="14" height="21" xoffset="0" yoffset="4" xadvance="12" page="0" chnl="0" letter="ä"/>
        <char id="229" x="140" y="51" width="14" height="22" xoffset="0" yoffset="3" xadvance="12" page="0" chnl="0" letter="å"/>
        <char id="230" x="137" y="178" width="20" height="16" xoffset="0" yoffset="9" xadvance="17" page="0" chnl="0" letter="æ"/>
        <char id="231" x="108" y="96" width="13" height="21" xoffset="0" yoffset="9" xadvance="11" page="0" chnl="0" letter="ç"/>
        <char id="232" x="121" y="96" width="13" height="21" xoffset="0" yoffset="4" xadvance="11" page="0" chnl="0" letter="è"/>
        <char id="233" x="95" y="96" width="13" height="21" xoffset="0" yoffset="4" xadvance="11" page="0" chnl="0" letter="é"/>
        <char id="234" x="134" y="96" width="13" height="21" xoffset="0" yoffset="4" xadvance="11" page="0" chnl="0" letter="ê"/>
        <char id="235" x="173" y="158" width="14" height="20" xoffset="0" yoffset="5" xadvance="11" page="0" chnl="0" letter="ë"/>
        <char id="236" x="234" y="96" width="10" height="21" xoffset="0" yoffset="4" xadvance="6" page="0" chnl="0" letter="ì"/>
        <char id="237" x="224" y="96" width="10" height="21" xoffset="0" yoffset="4" xadvance="6" page="0" chnl="0" letter="í"/>
        <char id="238" x="244" y="96" width="10" height="21" xoffset="0" yoffset="4" xadvance="6" page="0" chnl="0" letter="î"/>
        <char id="239" x="193" y="96" width="11" height="21" xoffset="0" yoffset="4" xadvance="6" page="0" chnl="0" letter="ï"/>
        <char id="240" x="154" y="51" width="14" height="22" xoffset="0" yoffset="3" xadvance="12" page="0" chnl="0" letter="ð"/>
        <char id="241" x="107" y="75" width="15" height="21" xoffset="0" yoffset="4" xadvance="12" page="0" chnl="0" letter="ñ"/>
        <char id="242" x="14" y="96" width="14" height="21" xoffset="0" yoffset="4" xadvance="12" page="0" chnl="0" letter="ò"/>
        <char id="243" x="28" y="96" width="14" height="21" xoffset="0" yoffset="4" xadvance="12" page="0" chnl="0" letter="ó"/>
        <char id="244" x="42" y="96" width="14" height="21" xoffset="0" yoffset="4" xadvance="12" page="0" chnl="0" letter="ô"/>
        <char id="245" x="187" y="158" width="14" height="20" xoffset="0" yoffset="5" xadvance="12" page="0" chnl="0" letter="õ"/>
        <char id="246" x="131" y="158" width="14" height="20" xoffset="0" yoffset="5" xadvance="12" page="0" chnl="0" letter="ö"/>
        <char id="247" x="104" y="178" width="12" height="17" xoffset="1" yoffset="7" xadvance="12" page="0" chnl="0" letter="÷"/>
        <char id="248" x="201" y="158" width="14" height="20" xoffset="0" yoffset="7" xadvance="12" page="0" chnl="0" letter="ø"/>
        <char id="249" x="122" y="75" width="15" height="21" xoffset="0" yoffset="4" xadvance="12" page="0" chnl="0" letter="ù"/>
        <char id="250" x="137" y="75" width="15" height="21" xoffset="0" yoffset="4" xadvance="12" page="0" chnl="0" letter="ú"/>
        <char id="251" x="47" y="75" width="15" height="21" xoffset="0" yoffset="4" xadvance="12" page="0" chnl="0" letter="û"/>
        <char id="252" x="77" y="75" width="15" height="21" xoffset="0" yoffset="4" xadvance="12" page="0" chnl="0" letter="ü"/>
        <char id="253" x="146" y="0" width="15" height="26" xoffset="0" yoffset="4" xadvance="12" page="0" chnl="0" letter="ý"/>
        <char id="254" x="170" y="26" width="15" height="25" xoffset="-1" yoffset="4" xadvance="12" page="0" chnl="0" letter="þ"/>
        <char id="263" x="69" y="96" width="13" height="21" xoffset="0" yoffset="4" xadvance="11" page="0" chnl="0" letter="ć"/>
        <char id="281" x="82" y="96" width="13" height="21" xoffset="0" yoffset="9" xadvance="11" page="0" chnl="0" letter="ę"/>
        <char id="287" x="161" y="0" width="14" height="26" xoffset="0" yoffset="4" xadvance="12" page="0" chnl="0" letter="ğ"/>
        <char id="305" x="84" y="198" width="8" height="16" xoffset="0" yoffset="9" xadvance="6" page="0" chnl="0" letter="ı"/>
        <char id="322" x="171" y="96" width="11" height="21" xoffset="0" yoffset="4" xadvance="8" page="0" chnl="0" letter="ł"/>
        <char id="324" x="62" y="75" width="15" height="21" xoffset="0" yoffset="4" xadvance="12" page="0" chnl="0" letter="ń"/>
        <char id="8217" x="80" y="214" width="7" height="9" xoffset="2" yoffset="4" xadvance="5" page="0" chnl="0" letter="’"/>
    </chars>
    <kernings count="843">
        <kerning first="33" second="108" amount="-1"/>
        <kerning first="33" second="146" amount="-1"/>
        <kerning first="33" second="147" amount="-1"/>
        <kerning first="33" second="175" amount="-1"/>
        <kerning first="33" second="182" amount="-1"/>
        <kerning first="33" second="183" amount="-1"/>
        <kerning first="33" second="201" amount="-1"/>
        <kerning first="33" second="210" amount="-1"/>
        <kerning first="33" second="233" amount="-1"/>
        <kerning first="33" second="322" amount="-1"/>
        <kerning first="33" second="324" amount="-1"/>
        <kerning first="34" second="141" amount="-1"/>
        <kerning first="34" second="142" amount="-1"/>
        <kerning first="34" second="146" amount="-2"/>
        <kerning first="34" second="147" amount="-1"/>
        <kerning first="34" second="151" amount="-1"/>
        <kerning first="34" second="155" amount="-1"/>
        <kerning first="34" second="172" amount="-1"/>
        <kerning first="34" second="177" amount="-1"/>
        <kerning first="34" second="178" amount="-1"/>
        <kerning first="34" second="182" amount="-2"/>
        <kerning first="34" second="183" amount="-1"/>
        <kerning first="34" second="187" amount="-1"/>
        <kerning first="34" second="191" amount="-1"/>
        <kerning first="34" second="199" amount="-1"/>
        <kerning first="34" second="201" amount="-1"/>
        <kerning first="34" second="210" amount="-1"/>
        <kerning first="34" second="220" amount="-1"/>
        <kerning first="34" second="222" amount="-1"/>
        <kerning first="34" second="224" amount="-1"/>
        <kerning first="34" second="225" amount="-1"/>
        <kerning first="34" second="226" amount="-1"/>
        <kerning first="34" second="228" amount="-1"/>
        <kerning first="34" second="229" amount="-1"/>
        <kerning first="35" second="152" amount="-1"/>
        <kerning first="35" second="188" amount="-1"/>
        <kerning first="35" second="207" amount="-1"/>
        <kerning first="35" second="210" amount="-1"/>
        <kerning first="35" second="233" amount="-1"/>
        <kerning first="35" second="235" amount="-1"/>
        <kerning first="35" second="237" amount="-1"/>
        <kerning first="35" second="247" amount="-1"/>
        <kerning first="35" second="305" amount="-1"/>
        <kerning first="36" second="55" amount="-1"/>
        <kerning first="36" second="175" amount="-1"/>
        <kerning first="36" second="322" amount="-2"/>
        <kerning first="36" second="324" amount="-1"/>
        <kerning first="37" second="139" amount="-1"/>
        <kerning first="37" second="142" amount="-2"/>
        <kerning first="37" second="155" amount="-1"/>
        <kerning first="37" second="174" amount="-1"/>
        <kerning first="37" second="175" amount="-1"/>
        <kerning first="37" second="178" amount="-2"/>
        <kerning first="37" second="191" amount="-1"/>
        <kerning first="37" second="199" amount="-1"/>
        <kerning first="37" second="220" amount="-2"/>
        <kerning first="37" second="222" amount="-1"/>
        <kerning first="37" second="225" amount="-1"/>
        <kerning first="37" second="228" amount="-3"/>
        <kerning first="37" second="322" amount="-2"/>
        <kerning first="37" second="324" amount="-1"/>
        <kerning first="38" second="79" amount="-1"/>
        <kerning first="38" second="89" amount="-1"/>
        <kerning first="38" second="139" amount="-1"/>
        <kerning first="38" second="142" amount="-1"/>
        <kerning first="38" second="155" amount="-1"/>
        <kerning first="38" second="174" amount="-1"/>
        <kerning first="38" second="178" amount="-1"/>
        <kerning first="38" second="191" amount="-1"/>
        <kerning first="38" second="199" amount="-1"/>
        <kerning first="38" second="220" amount="-1"/>
        <kerning first="38" second="222" amount="-1"/>
        <kerning first="38" second="225" amount="-1"/>
        <kerning first="38" second="228" amount="-2"/>
        <kerning first="38" second="322" amount="-1"/>
        <kerning first="39" second="52" amount="-1"/>
        <kerning first="39" second="65" amount="-1"/>
        <kerning first="39" second="74" amount="-1"/>
        <kerning first="39" second="97" amount="-1"/>
        <kerning first="39" second="99" amount="-1"/>
        <kerning first="39" second="101" amount="-1"/>
        <kerning first="40" second="48" amount="-1"/>
        <kerning first="40" second="52" amount="-1"/>
        <kerning first="40" second="54" amount="-1"/>
        <kerning first="40" second="67" amount="-1"/>
        <kerning first="40" second="152" amount="-1"/>
        <kerning first="40" second="188" amount="-1"/>
        <kerning first="40" second="201" amount="-1"/>
        <kerning first="40" second="210" amount="-1"/>
        <kerning first="42" second="52" amount="-1"/>
        <kerning first="42" second="65" amount="-1"/>
        <kerning first="42" second="74" amount="-1"/>
        <kerning first="42" second="97" amount="-1"/>
        <kerning first="45" second="55" amount="-1"/>
        <kerning first="45" second="57" amount="-1"/>
        <kerning first="45" second="84" amount="-1"/>
        <kerning first="45" second="86" amount="-1"/>
        <kerning first="45" second="89" amount="-1"/>
        <kerning first="46" second="48" amount="-1"/>
        <kerning first="46" second="49" amount="-1"/>
        <kerning first="46" second="52" amount="-1"/>
        <kerning first="46" second="54" amount="-1"/>
        <kerning first="46" second="56" amount="-1"/>
        <kerning first="46" second="57" amount="-1"/>
        <kerning first="46" second="67" amount="-1"/>
        <kerning first="46" second="71" amount="-1"/>
        <kerning first="46" second="79" amount="-2"/>
        <kerning first="46" second="83" amount="-1"/>
        <kerning first="46" second="84" amount="-2"/>
        <kerning first="46" second="85" amount="-1"/>
        <kerning first="46" second="86" amount="-2"/>
        <kerning first="46" second="87" amount="-1"/>
        <kerning first="46" second="89" amount="-2"/>
        <kerning first="46" second="116" amount="-1"/>
        <kerning first="46" second="118" amount="-1"/>
        <kerning first="46" second="119" amount="-1"/>
        <kerning first="47" second="47" amount="-3"/>
        <kerning first="47" second="48" amount="-1"/>
        <kerning first="47" second="52" amount="-2"/>
        <kerning first="47" second="54" amount="-1"/>
        <kerning first="47" second="65" amount="-2"/>
        <kerning first="47" second="67" amount="-1"/>
        <kerning first="47" second="71" amount="-1"/>
        <kerning first="47" second="74" amount="-2"/>
        <kerning first="47" second="79" amount="-1"/>
        <kerning first="47" second="97" amount="-1"/>
        <kerning first="47" second="99" amount="-1"/>
        <kerning first="47" second="101" amount="-1"/>
        <kerning first="47" second="109" amount="-1"/>
        <kerning first="47" second="110" amount="-1"/>
        <kerning first="47" second="111" amount="-1"/>
        <kerning first="47" second="112" amount="-1"/>
        <kerning first="47" second="114" amount="-1"/>
        <kerning first="47" second="115" amount="-1"/>
        <kerning first="47" second="117" amount="-1"/>
        <kerning first="47" second="120" amount="-1"/>
        <kerning first="47" second="121" amount="-1"/>
        <kerning first="48" second="39" amount="-1"/>
        <kerning first="48" second="41" amount="-1"/>
        <kerning first="48" second="42" amount="-1"/>
        <kerning first="48" second="50" amount="-1"/>
        <kerning first="48" second="55" amount="-1"/>
        <kerning first="48" second="63" amount="-1"/>
        <kerning first="48" second="84" amount="-1"/>
        <kerning first="48" second="86" amount="-1"/>
        <kerning first="48" second="87" amount="-1"/>
        <kerning first="48" second="89" amount="-1"/>
        <kerning first="48" second="92" amount="-2"/>
        <kerning first="48" second="93" amount="-1"/>
        <kerning first="48" second="131" amount="-1"/>
        <kerning first="48" second="140" amount="-1"/>
        <kerning first="48" second="165" amount="-1"/>
        <kerning first="48" second="176" amount="-1"/>
        <kerning first="48" second="8217" amount="-1"/>
        <kerning first="50" second="55" amount="-1"/>
        <kerning first="50" second="63" amount="-1"/>
        <kerning first="50" second="84" amount="-1"/>
        <kerning first="50" second="89" amount="-1"/>
        <kerning first="50" second="92" amount="-1"/>
        <kerning first="50" second="131" amount="-1"/>
        <kerning first="50" second="165" amount="-1"/>
        <kerning first="51" second="55" amount="-1"/>
        <kerning first="51" second="63" amount="-1"/>
        <kerning first="51" second="84" amount="-1"/>
        <kerning first="51" second="89" amount="-1"/>
        <kerning first="51" second="92" amount="-1"/>
        <kerning first="51" second="131" amount="-1"/>
        <kerning first="51" second="165" amount="-1"/>
        <kerning first="52" second="39" amount="-1"/>
        <kerning first="52" second="42" amount="-1"/>
        <kerning first="52" second="63" amount="-1"/>
        <kerning first="52" second="84" amount="-1"/>
        <kerning first="52" second="86" amount="-1"/>
        <kerning first="52" second="89" amount="-1"/>
        <kerning first="52" second="92" amount="-1"/>
        <kerning first="52" second="131" amount="-1"/>
        <kerning first="52" second="140" amount="-1"/>
        <kerning first="52" second="165" amount="-1"/>
        <kerning first="52" second="176" amount="-1"/>
        <kerning first="52" second="8217" amount="-1"/>
        <kerning first="53" second="39" amount="-1"/>
        <kerning first="53" second="42" amount="-1"/>
        <kerning first="53" second="63" amount="-1"/>
        <kerning first="53" second="84" amount="-1"/>
        <kerning first="53" second="86" amount="-1"/>
        <kerning first="53" second="89" amount="-1"/>
        <kerning first="53" second="92" amount="-1"/>
        <kerning first="53" second="131" amount="-1"/>
        <kerning first="53" second="140" amount="-1"/>
        <kerning first="53" second="165" amount="-1"/>
        <kerning first="53" second="176" amount="-1"/>
        <kerning first="53" second="8217" amount="-1"/>
        <kerning first="54" second="42" amount="-1"/>
        <kerning first="54" second="55" amount="-1"/>
        <kerning first="54" second="63" amount="-1"/>
        <kerning first="54" second="84" amount="-1"/>
        <kerning first="54" second="86" amount="-1"/>
        <kerning first="54" second="87" amount="-1"/>
        <kerning first="54" second="89" amount="-1"/>
        <kerning first="54" second="92" amount="-1"/>
        <kerning first="54" second="131" amount="-1"/>
        <kerning first="54" second="140" amount="-1"/>
        <kerning first="54" second="165" amount="-1"/>
        <kerning first="54" second="176" amount="-1"/>
        <kerning first="54" second="8217" amount="-1"/>
        <kerning first="55" second="41" amount="-1"/>
        <kerning first="55" second="45" amount="-1"/>
        <kerning first="55" second="46" amount="-2"/>
        <kerning first="55" second="47" amount="-2"/>
        <kerning first="55" second="52" amount="-1"/>
        <kerning first="55" second="65" amount="-2"/>
        <kerning first="55" second="74" amount="-2"/>
        <kerning first="55" second="97" amount="-1"/>
        <kerning first="55" second="99" amount="-1"/>
        <kerning first="55" second="101" amount="-1"/>
        <kerning first="55" second="111" amount="-1"/>
        <kerning first="55" second="112" amount="-1"/>
        <kerning first="55" second="115" amount="-1"/>
        <kerning first="55" second="120" amount="-1"/>
        <kerning first="55" second="128" amount="-1"/>
        <kerning first="55" second="129" amount="-1"/>
        <kerning first="55" second="155" amount="-3"/>
        <kerning first="55" second="162" amount="-1"/>
        <kerning first="55" second="163" amount="-1"/>
        <kerning first="55" second="191" amount="-3"/>
        <kerning first="56" second="39" amount="-1"/>
        <kerning first="56" second="55" amount="-1"/>
        <kerning first="56" second="63" amount="-1"/>
        <kerning first="56" second="84" amount="-1"/>
        <kerning first="56" second="86" amount="-1"/>
        <kerning first="56" second="87" amount="-1"/>
        <kerning first="56" second="89" amount="-1"/>
        <kerning first="56" second="92" amount="-1"/>
        <kerning first="56" second="131" amount="-1"/>
        <kerning first="56" second="165" amount="-1"/>
        <kerning first="57" second="39" amount="-1"/>
        <kerning first="57" second="41" amount="-1"/>
        <kerning first="57" second="42" amount="-1"/>
        <kerning first="57" second="50" amount="-1"/>
        <kerning first="57" second="55" amount="-1"/>
        <kerning first="57" second="63" amount="-1"/>
        <kerning first="57" second="84" amount="-1"/>
        <kerning first="57" second="86" amount="-1"/>
        <kerning first="57" second="87" amount="-1"/>
        <kerning first="57" second="88" amount="-1"/>
        <kerning first="57" second="89" amount="-1"/>
        <kerning first="57" second="92" amount="-2"/>
        <kerning first="57" second="93" amount="-1"/>
        <kerning first="57" second="131" amount="-1"/>
        <kerning first="57" second="140" amount="-1"/>
        <kerning first="57" second="165" amount="-1"/>
        <kerning first="57" second="176" amount="-1"/>
        <kerning first="57" second="8217" amount="-1"/>
        <kerning first="58" second="84" amount="-1"/>
        <kerning first="58" second="86" amount="-1"/>
        <kerning first="58" second="89" amount="-1"/>
        <kerning first="59" second="84" amount="-1"/>
        <kerning first="59" second="86" amount="-1"/>
        <kerning first="59" second="87" amount="-1"/>
        <kerning first="59" second="89" amount="-1"/>
        <kerning first="63" second="51" amount="-1"/>
        <kerning first="63" second="52" amount="-1"/>
        <kerning first="63" second="56" amount="-1"/>
        <kerning first="63" second="65" amount="-1"/>
        <kerning first="63" second="74" amount="-1"/>
        <kerning first="63" second="88" amount="-1"/>
        <kerning first="63" second="89" amount="-1"/>
        <kerning first="63" second="90" amount="-1"/>
        <kerning first="64" second="50" amount="-1"/>
        <kerning first="64" second="51" amount="-1"/>
        <kerning first="64" second="55" amount="-1"/>
        <kerning first="64" second="74" amount="-1"/>
        <kerning first="64" second="84" amount="-2"/>
        <kerning first="64" second="86" amount="-1"/>
        <kerning first="64" second="87" amount="-1"/>
        <kerning first="64" second="88" amount="-1"/>
        <kerning first="64" second="89" amount="-1"/>
        <kerning first="65" second="39" amount="-1"/>
        <kerning first="65" second="42" amount="-1"/>
        <kerning first="65" second="48" amount="-1"/>
        <kerning first="65" second="49" amount="-1"/>
        <kerning first="65" second="55" amount="-1"/>
        <kerning first="65" second="63" amount="-1"/>
        <kerning first="65" second="84" amount="-2"/>
        <kerning first="65" second="86" amount="-1"/>
        <kerning first="65" second="87" amount="-1"/>
        <kerning first="65" second="89" amount="-2"/>
        <kerning first="65" second="92" amount="-2"/>
        <kerning first="65" second="140" amount="-1"/>
        <kerning first="65" second="176" amount="-1"/>
        <kerning first="65" second="8217" amount="-1"/>
        <kerning first="66" second="42" amount="-1"/>
        <kerning first="66" second="63" amount="-1"/>
        <kerning first="66" second="84" amount="-1"/>
        <kerning first="66" second="86" amount="-1"/>
        <kerning first="66" second="89" amount="-1"/>
        <kerning first="66" second="92" amount="-1"/>
        <kerning first="66" second="8217" amount="-1"/>
        <kerning first="67" second="52" amount="-1"/>
        <kerning first="67" second="63" amount="-1"/>
        <kerning first="67" second="84" amount="-1"/>
        <kerning first="67" second="86" amount="-1"/>
        <kerning first="67" second="89" amount="-1"/>
        <kerning first="67" second="92" amount="-1"/>
        <kerning first="68" second="39" amount="-1"/>
        <kerning first="68" second="41" amount="-1"/>
        <kerning first="68" second="42" amount="-1"/>
        <kerning first="68" second="46" amount="-1"/>
        <kerning first="68" second="50" amount="-1"/>
        <kerning first="68" second="51" amount="-1"/>
        <kerning first="68" second="55" amount="-1"/>
        <kerning first="68" second="63" amount="-2"/>
        <kerning first="68" second="84" amount="-2"/>
        <kerning first="68" second="86" amount="-1"/>
        <kerning first="68" second="87" amount="-1"/>
        <kerning first="68" second="88" amount="-1"/>
        <kerning first="68" second="89" amount="-1"/>
        <kerning first="68" second="90" amount="-1"/>
        <kerning first="68" second="92" amount="-2"/>
        <kerning first="68" second="93" amount="-1"/>
        <kerning first="68" second="140" amount="-1"/>
        <kerning first="68" second="155" amount="-1"/>
        <kerning first="68" second="176" amount="-1"/>
        <kerning first="68" second="191" amount="-1"/>
        <kerning first="68" second="8217" amount="-1"/>
        <kerning first="70" second="46" amount="-1"/>
        <kerning first="70" second="47" amount="-1"/>
        <kerning first="70" second="65" amount="-1"/>
        <kerning first="70" second="74" amount="-1"/>
        <kerning first="70" second="97" amount="-1"/>
        <kerning first="70" second="120" amount="-1"/>
        <kerning first="70" second="155" amount="-1"/>
        <kerning first="70" second="191" amount="-1"/>
        <kerning first="71" second="39" amount="-1"/>
        <kerning first="71" second="42" amount="-1"/>
        <kerning first="71" second="55" amount="-1"/>
        <kerning first="71" second="63" amount="-1"/>
        <kerning first="71" second="84" amount="-1"/>
        <kerning first="71" second="86" amount="-1"/>
        <kerning first="71" second="87" amount="-1"/>
        <kerning first="71" second="89" amount="-1"/>
        <kerning first="71" second="92" amount="-1"/>
        <kerning first="71" second="140" amount="-1"/>
        <kerning first="71" second="176" amount="-1"/>
        <kerning first="71" second="8217" amount="-1"/>
        <kerning first="74" second="46" amount="-1"/>
        <kerning first="74" second="74" amount="-1"/>
        <kerning first="74" second="155" amount="-1"/>
        <kerning first="74" second="191" amount="-1"/>
        <kerning first="75" second="45" amount="-1"/>
        <kerning first="75" second="52" amount="-1"/>
        <kerning first="75" second="54" amount="-1"/>
        <kerning first="75" second="67" amount="-1"/>
        <kerning first="75" second="74" amount="-1"/>
        <kerning first="76" second="38" amount="-1"/>
        <kerning first="76" second="39" amount="-1"/>
        <kerning first="76" second="42" amount="-2"/>
        <kerning first="76" second="45" amount="-1"/>
        <kerning first="76" second="46" amount="1"/>
        <kerning first="76" second="47" amount="1"/>
        <kerning first="76" second="48" amount="-1"/>
        <kerning first="76" second="49" amount="-1"/>
        <kerning first="76" second="52" amount="-1"/>
        <kerning first="76" second="54" amount="-1"/>
        <kerning first="76" second="57" amount="-1"/>
        <kerning first="76" second="63" amount="-1"/>
        <kerning first="76" second="64" amount="-1"/>
        <kerning first="76" second="66" amount="-1"/>
        <kerning first="76" second="67" amount="-1"/>
        <kerning first="76" second="68" amount="-1"/>
        <kerning first="76" second="71" amount="-1"/>
        <kerning first="76" second="79" amount="-1"/>
        <kerning first="76" second="83" amount="-1"/>
        <kerning first="76" second="84" amount="-2"/>
        <kerning first="76" second="85" amount="-1"/>
        <kerning first="76" second="86" amount="-2"/>
        <kerning first="76" second="87" amount="-1"/>
        <kerning first="76" second="89" amount="-2"/>
        <kerning first="76" second="92" amount="-3"/>
        <kerning first="76" second="116" amount="-1"/>
        <kerning first="76" second="118" amount="-1"/>
        <kerning first="76" second="119" amount="-1"/>
        <kerning first="76" second="140" amount="-3"/>
        <kerning first="76" second="176" amount="-3"/>
        <kerning first="76" second="8217" amount="-2"/>
        <kerning first="79" second="39" amount="-1"/>
        <kerning first="79" second="41" amount="-1"/>
        <kerning first="79" second="42" amount="-1"/>
        <kerning first="79" second="46" amount="-1"/>
        <kerning first="79" second="50" amount="-1"/>
        <kerning first="79" second="55" amount="-1"/>
        <kerning first="79" second="63" amount="-1"/>
        <kerning first="79" second="84" amount="-2"/>
        <kerning first="79" second="86" amount="-1"/>
        <kerning first="79" second="87" amount="-1"/>
        <kerning first="79" second="88" amount="-1"/>
        <kerning first="79" second="89" amount="-1"/>
        <kerning first="79" second="92" amount="-2"/>
        <kerning first="79" second="93" amount="-1"/>
        <kerning first="79" second="140" amount="-1"/>
        <kerning first="79" second="176" amount="-1"/>
        <kerning first="79" second="8217" amount="-1"/>
        <kerning first="80" second="41" amount="-1"/>
        <kerning first="80" second="42" amount="-1"/>
        <kerning first="80" second="46" amount="-2"/>
        <kerning first="80" second="47" amount="-1"/>
        <kerning first="80" second="51" amount="-1"/>
        <kerning first="80" second="55" amount="-1"/>
        <kerning first="80" second="63" amount="-1"/>
        <kerning first="80" second="65" amount="-1"/>
        <kerning first="80" second="74" amount="-1"/>
        <kerning first="80" second="84" amount="-1"/>
        <kerning first="80" second="86" amount="-1"/>
        <kerning first="80" second="88" amount="-1"/>
        <kerning first="80" second="89" amount="-1"/>
        <kerning first="80" second="90" amount="-1"/>
        <kerning first="80" second="92" amount="-1"/>
        <kerning first="80" second="93" amount="-1"/>
        <kerning first="80" second="155" amount="-2"/>
        <kerning first="80" second="191" amount="-2"/>
        <kerning first="80" second="8217" amount="-1"/>
        <kerning first="82" second="39" amount="-1"/>
        <kerning first="82" second="63" amount="-1"/>
        <kerning first="82" second="74" amount="-1"/>
        <kerning first="82" second="84" amount="-1"/>
        <kerning first="82" second="86" amount="-1"/>
        <kerning first="82" second="87" amount="-1"/>
        <kerning first="82" second="89" amount="-1"/>
        <kerning first="82" second="92" amount="-1"/>
        <kerning first="82" second="8217" amount="-1"/>
        <kerning first="83" second="63" amount="-1"/>
        <kerning first="83" second="84" amount="-1"/>
        <kerning first="83" second="86" amount="-1"/>
        <kerning first="83" second="87" amount="-1"/>
        <kerning first="83" second="89" amount="-1"/>
        <kerning first="83" second="92" amount="-1"/>
        <kerning first="83" second="140" amount="-1"/>
        <kerning first="83" second="176" amount="-1"/>
        <kerning first="84" second="45" amount="-1"/>
        <kerning first="84" second="46" amount="-1"/>
        <kerning first="84" second="47" amount="-1"/>
        <kerning first="84" second="52" amount="-1"/>
        <kerning first="84" second="65" amount="-1"/>
        <kerning first="84" second="74" amount="-2"/>
        <kerning first="84" second="84" amount="-2"/>
        <kerning first="84" second="97" amount="-1"/>
        <kerning first="84" second="99" amount="-1"/>
        <kerning first="84" second="101" amount="-1"/>
        <kerning first="84" second="109" amount="-1"/>
        <kerning first="84" second="110" amount="-1"/>
        <kerning first="84" second="111" amount="-1"/>
        <kerning first="84" second="112" amount="-1"/>
        <kerning first="84" second="114" amount="-1"/>
        <kerning first="84" second="115" amount="-1"/>
        <kerning first="84" second="117" amount="-1"/>
        <kerning first="84" second="120" amount="-1"/>
        <kerning first="84" second="121" amount="-1"/>
        <kerning first="84" second="155" amount="-2"/>
        <kerning first="84" second="191" amount="-2"/>
        <kerning first="85" second="46" amount="-1"/>
        <kerning first="85" second="89" amount="-1"/>
        <kerning first="85" second="92" amount="-1"/>
        <kerning first="85" second="93" amount="-1"/>
        <kerning first="86" second="46" amount="-1"/>
        <kerning first="86" second="47" amount="-1"/>
        <kerning first="86" second="52" amount="-1"/>
        <kerning first="86" second="65" amount="-1"/>
        <kerning first="86" second="74" amount="-1"/>
        <kerning first="86" second="155" amount="-2"/>
        <kerning first="86" second="191" amount="-2"/>
        <kerning first="87" second="46" amount="-1"/>
        <kerning first="87" second="47" amount="-1"/>
        <kerning first="87" second="65" amount="-1"/>
        <kerning first="87" second="74" amount="-1"/>
        <kerning first="87" second="155" amount="-1"/>
        <kerning first="87" second="191" amount="-1"/>
        <kerning first="88" second="48" amount="-1"/>
        <kerning first="88" second="52" amount="-1"/>
        <kerning first="88" second="67" amount="-1"/>
        <kerning first="88" second="97" amount="-1"/>
        <kerning first="88" second="99" amount="-1"/>
        <kerning first="88" second="101" amount="-1"/>
        <kerning first="88" second="111" amount="-1"/>
        <kerning first="89" second="46" amount="-2"/>
        <kerning first="89" second="47" amount="-1"/>
        <kerning first="89" second="52" amount="-1"/>
        <kerning first="89" second="65" amount="-2"/>
        <kerning first="89" second="74" amount="-2"/>
        <kerning first="89" second="97" amount="-1"/>
        <kerning first="89" second="99" amount="-1"/>
        <kerning first="89" second="101" amount="-1"/>
        <kerning first="89" second="111" amount="-1"/>
        <kerning first="89" second="155" amount="-2"/>
        <kerning first="89" second="191" amount="-2"/>
        <kerning first="90" second="52" amount="-1"/>
        <kerning first="90" second="71" amount="-1"/>
        <kerning first="90" second="74" amount="-1"/>
        <kerning first="90" second="97" amount="-1"/>
        <kerning first="90" second="99" amount="-1"/>
        <kerning first="90" second="101" amount="-1"/>
        <kerning first="90" second="111" amount="-1"/>
        <kerning first="91" second="48" amount="-1"/>
        <kerning first="91" second="52" amount="-1"/>
        <kerning first="91" second="54" amount="-1"/>
        <kerning first="91" second="67" amount="-1"/>
        <kerning first="91" second="71" amount="-1"/>
        <kerning first="91" second="79" amount="-1"/>
        <kerning first="92" second="48" amount="-1"/>
        <kerning first="92" second="52" amount="-1"/>
        <kerning first="92" second="54" amount="-1"/>
        <kerning first="92" second="55" amount="-1"/>
        <kerning first="92" second="56" amount="-1"/>
        <kerning first="92" second="57" amount="-1"/>
        <kerning first="92" second="67" amount="-1"/>
        <kerning first="92" second="71" amount="-1"/>
        <kerning first="92" second="79" amount="-1"/>
        <kerning first="92" second="84" amount="-3"/>
        <kerning first="92" second="85" amount="-1"/>
        <kerning first="92" second="86" amount="-2"/>
        <kerning first="92" second="87" amount="-1"/>
        <kerning first="92" second="89" amount="-2"/>
        <kerning first="92" second="92" amount="-5"/>
        <kerning first="92" second="97" amount="-1"/>
        <kerning first="92" second="99" amount="-1"/>
        <kerning first="92" second="101" amount="-1"/>
        <kerning first="92" second="111" amount="-1"/>
        <kerning first="92" second="116" amount="-1"/>
        <kerning first="92" second="118" amount="-1"/>
        <kerning first="97" second="39" amount="-1"/>
        <kerning first="97" second="42" amount="-1"/>
        <kerning first="97" second="55" amount="-1"/>
        <kerning first="97" second="63" amount="-1"/>
        <kerning first="97" second="84" amount="-2"/>
        <kerning first="97" second="86" amount="-1"/>
        <kerning first="97" second="87" amount="-1"/>
        <kerning first="97" second="89" amount="-2"/>
        <kerning first="97" second="92" amount="-3"/>
        <kerning first="97" second="140" amount="-1"/>
        <kerning first="97" second="176" amount="-1"/>
        <kerning first="97" second="8217" amount="-1"/>
        <kerning first="98" second="39" amount="-1"/>
        <kerning first="98" second="42" amount="-2"/>
        <kerning first="98" second="55" amount="-1"/>
        <kerning first="98" second="57" amount="-1"/>
        <kerning first="98" second="63" amount="-2"/>
        <kerning first="98" second="84" amount="-2"/>
        <kerning first="98" second="86" amount="-1"/>
        <kerning first="98" second="87" amount="-1"/>
        <kerning first="98" second="89" amount="-2"/>
        <kerning first="98" second="92" amount="-3"/>
        <kerning first="98" second="119" amount="-1"/>
        <kerning first="98" second="140" amount="-1"/>
        <kerning first="98" second="176" amount="-1"/>
        <kerning first="98" second="8217" amount="-2"/>
        <kerning first="99" second="39" amount="-1"/>
        <kerning first="99" second="42" amount="-2"/>
        <kerning first="99" second="57" amount="-1"/>
        <kerning first="99" second="63" amount="-1"/>
        <kerning first="99" second="84" amount="-2"/>
        <kerning first="99" second="86" amount="-1"/>
        <kerning first="99" second="89" amount="-2"/>
        <kerning first="99" second="92" amount="-3"/>
        <kerning first="99" second="140" amount="-1"/>
        <kerning first="99" second="176" amount="-1"/>
        <kerning first="99" second="8217" amount="-1"/>
        <kerning first="101" second="35" amount="-1"/>
        <kerning first="101" second="39" amount="-1"/>
        <kerning first="101" second="42" amount="-1"/>
        <kerning first="101" second="55" amount="-1"/>
        <kerning first="101" second="57" amount="-1"/>
        <kerning first="101" second="63" amount="-1"/>
        <kerning first="101" second="84" amount="-2"/>
        <kerning first="101" second="86" amount="-1"/>
        <kerning first="101" second="87" amount="-1"/>
        <kerning first="101" second="89" amount="-1"/>
        <kerning first="101" second="92" amount="-2"/>
        <kerning first="101" second="140" amount="-1"/>
        <kerning first="101" second="176" amount="-1"/>
        <kerning first="101" second="8217" amount="-1"/>
        <kerning first="102" second="42" amount="1"/>
        <kerning first="102" second="46" amount="-1"/>
        <kerning first="102" second="65" amount="-1"/>
        <kerning first="102" second="74" amount="-1"/>
        <kerning first="102" second="8217" amount="1"/>
        <kerning first="104" second="39" amount="-1"/>
        <kerning first="104" second="42" amount="-2"/>
        <kerning first="104" second="55" amount="-1"/>
        <kerning first="104" second="63" amount="-1"/>
        <kerning first="104" second="84" amount="-2"/>
        <kerning first="104" second="86" amount="-1"/>
        <kerning first="104" second="89" amount="-1"/>
        <kerning first="104" second="92" amount="-3"/>
        <kerning first="104" second="140" amount="-1"/>
        <kerning first="104" second="176" amount="-1"/>
        <kerning first="104" second="8217" amount="-1"/>
        <kerning first="107" second="39" amount="-1"/>
        <kerning first="107" second="42" amount="-1"/>
        <kerning first="107" second="63" amount="-1"/>
        <kerning first="107" second="84" amount="-1"/>
        <kerning first="107" second="86" amount="-1"/>
        <kerning first="107" second="87" amount="-1"/>
        <kerning first="107" second="89" amount="-1"/>
        <kerning first="107" second="92" amount="-2"/>
        <kerning first="107" second="140" amount="-1"/>
        <kerning first="107" second="176" amount="-1"/>
        <kerning first="107" second="8217" amount="-1"/>
        <kerning first="109" second="39" amount="-1"/>
        <kerning first="109" second="42" amount="-1"/>
        <kerning first="109" second="55" amount="-1"/>
        <kerning first="109" second="63" amount="-1"/>
        <kerning first="109" second="84" amount="-2"/>
        <kerning first="109" second="86" amount="-1"/>
        <kerning first="109" second="89" amount="-1"/>
        <kerning first="109" second="92" amount="-3"/>
        <kerning first="109" second="140" amount="-1"/>
        <kerning first="109" second="176" amount="-1"/>
        <kerning first="109" second="8217" amount="-1"/>
        <kerning first="110" second="39" amount="-1"/>
        <kerning first="110" second="42" amount="-2"/>
        <kerning first="110" second="55" amount="-1"/>
        <kerning first="110" second="63" amount="-1"/>
        <kerning first="110" second="84" amount="-2"/>
        <kerning first="110" second="86" amount="-1"/>
        <kerning first="110" second="89" amount="-1"/>
        <kerning first="110" second="92" amount="-3"/>
        <kerning first="110" second="140" amount="-1"/>
        <kerning first="110" second="176" amount="-1"/>
        <kerning first="110" second="8217" amount="-1"/>
        <kerning first="111" second="39" amount="-2"/>
        <kerning first="111" second="41" amount="-1"/>
        <kerning first="111" second="42" amount="-2"/>
        <kerning first="111" second="55" amount="-1"/>
        <kerning first="111" second="63" amount="-2"/>
        <kerning first="111" second="84" amount="-2"/>
        <kerning first="111" second="86" amount="-1"/>
        <kerning first="111" second="87" amount="-1"/>
        <kerning first="111" second="89" amount="-2"/>
        <kerning first="111" second="92" amount="-3"/>
        <kerning first="111" second="140" amount="-2"/>
        <kerning first="111" second="176" amount="-2"/>
        <kerning first="111" second="8217" amount="-1"/>
        <kerning first="112" second="39" amount="-1"/>
        <kerning first="112" second="42" amount="-2"/>
        <kerning first="112" second="55" amount="-1"/>
        <kerning first="112" second="63" amount="-2"/>
        <kerning first="112" second="84" amount="-2"/>
        <kerning first="112" second="86" amount="-1"/>
        <kerning first="112" second="87" amount="-1"/>
        <kerning first="112" second="89" amount="-2"/>
        <kerning first="112" second="92" amount="-3"/>
        <kerning first="112" second="140" amount="-2"/>
        <kerning first="112" second="176" amount="-2"/>
        <kerning first="112" second="8217" amount="-1"/>
        <kerning first="114" second="51" amount="-1"/>
        <kerning first="114" second="55" amount="-1"/>
        <kerning first="114" second="63" amount="-1"/>
        <kerning first="114" second="65" amount="-1"/>
        <kerning first="114" second="74" amount="-1"/>
        <kerning first="114" second="84" amount="-1"/>
        <kerning first="114" second="86" amount="-1"/>
        <kerning first="114" second="88" amount="-1"/>
        <kerning first="114" second="89" amount="-1"/>
        <kerning first="114" second="92" amount="-1"/>
        <kerning first="115" second="39" amount="-1"/>
        <kerning first="115" second="42" amount="-1"/>
        <kerning first="115" second="63" amount="-1"/>
        <kerning first="115" second="84" amount="-1"/>
        <kerning first="115" second="86" amount="-1"/>
        <kerning first="115" second="89" amount="-1"/>
        <kerning first="115" second="92" amount="-2"/>
        <kerning first="115" second="140" amount="-1"/>
        <kerning first="115" second="176" amount="-1"/>
        <kerning first="115" second="8217" amount="-1"/>
        <kerning first="116" second="63" amount="-1"/>
        <kerning first="116" second="84" amount="-1"/>
        <kerning first="116" second="89" amount="-1"/>
        <kerning first="116" second="92" amount="-1"/>
        <kerning first="116" second="116" amount="-1"/>
        <kerning first="117" second="39" amount="-1"/>
        <kerning first="117" second="42" amount="-1"/>
        <kerning first="117" second="63" amount="-1"/>
        <kerning first="117" second="84" amount="-1"/>
        <kerning first="117" second="89" amount="-1"/>
        <kerning first="117" second="92" amount="-2"/>
        <kerning first="117" second="140" amount="-1"/>
        <kerning first="117" second="176" amount="-1"/>
        <kerning first="118" second="39" amount="-1"/>
        <kerning first="118" second="42" amount="-1"/>
        <kerning first="118" second="46" amount="-1"/>
        <kerning first="118" second="51" amount="-1"/>
        <kerning first="118" second="55" amount="-1"/>
        <kerning first="118" second="63" amount="-1"/>
        <kerning first="118" second="84" amount="-1"/>
        <kerning first="118" second="86" amount="-1"/>
        <kerning first="118" second="88" amount="-1"/>
        <kerning first="118" second="89" amount="-1"/>
        <kerning first="118" second="92" amount="-2"/>
        <kerning first="118" second="140" amount="-1"/>
        <kerning first="118" second="176" amount="-1"/>
        <kerning first="119" second="39" amount="-1"/>
        <kerning first="119" second="42" amount="-1"/>
        <kerning first="119" second="46" amount="-1"/>
        <kerning first="119" second="55" amount="-1"/>
        <kerning first="119" second="63" amount="-1"/>
        <kerning first="119" second="84" amount="-1"/>
        <kerning first="119" second="86" amount="-1"/>
        <kerning first="119" second="89" amount="-1"/>
        <kerning first="119" second="92" amount="-2"/>
        <kerning first="119" second="140" amount="-1"/>
        <kerning first="119" second="176" amount="-1"/>
        <kerning first="120" second="39" amount="-1"/>
        <kerning first="120" second="42" amount="-1"/>
        <kerning first="120" second="55" amount="-1"/>
        <kerning first="120" second="63" amount="-1"/>
        <kerning first="120" second="84" amount="-1"/>
        <kerning first="120" second="86" amount="-1"/>
        <kerning first="120" second="89" amount="-1"/>
        <kerning first="120" second="92" amount="-2"/>
        <kerning first="120" second="140" amount="-1"/>
        <kerning first="120" second="176" amount="-1"/>
        <kerning first="120" second="8217" amount="-1"/>
        <kerning first="121" second="42" amount="-1"/>
        <kerning first="121" second="63" amount="-1"/>
        <kerning first="121" second="84" amount="-1"/>
        <kerning first="121" second="89" amount="-1"/>
        <kerning first="121" second="92" amount="-2"/>
        <kerning first="121" second="140" amount="-1"/>
        <kerning first="121" second="176" amount="-1"/>
        <kerning first="122" second="39" amount="-1"/>
        <kerning first="122" second="42" amount="-1"/>
        <kerning first="122" second="63" amount="-1"/>
        <kerning first="122" second="84" amount="-1"/>
        <kerning first="122" second="86" amount="-1"/>
        <kerning first="122" second="89" amount="-1"/>
        <kerning first="122" second="92" amount="-2"/>
        <kerning first="122" second="140" amount="-1"/>
        <kerning first="122" second="176" amount="-1"/>
        <kerning first="128" second="55" amount="-1"/>
        <kerning first="129" second="55" amount="-1"/>
        <kerning first="131" second="9" amount="-1"/>
        <kerning first="131" second="10" amount="-1"/>
        <kerning first="131" second="32" amount="-1"/>
        <kerning first="131" second="160" amount="-1"/>
        <kerning first="132" second="35" amount="-1"/>
        <kerning first="133" second="34" amount="-1"/>
        <kerning first="135" second="37" amount="-1"/>
        <kerning first="140" second="38" amount="-1"/>
        <kerning first="140" second="52" amount="-1"/>
        <kerning first="140" second="65" amount="-1"/>
        <kerning first="140" second="74" amount="-1"/>
        <kerning first="141" second="9" amount="-1"/>
        <kerning first="141" second="10" amount="-1"/>
        <kerning first="141" second="32" amount="-1"/>
        <kerning first="141" second="34" amount="-1"/>
        <kerning first="141" second="160" amount="-1"/>
        <kerning first="142" second="37" amount="-1"/>
        <kerning first="155" second="84" amount="-1"/>
        <kerning first="155" second="86" amount="-1"/>
        <kerning first="155" second="87" amount="-1"/>
        <kerning first="155" second="89" amount="-1"/>
        <kerning first="162" second="55" amount="-1"/>
        <kerning first="163" second="55" amount="-1"/>
        <kerning first="165" second="9" amount="-1"/>
        <kerning first="165" second="10" amount="-1"/>
        <kerning first="165" second="32" amount="-1"/>
        <kerning first="165" second="160" amount="-1"/>
        <kerning first="166" second="35" amount="-1"/>
        <kerning first="167" second="34" amount="-1"/>
        <kerning first="169" second="37" amount="-1"/>
        <kerning first="176" second="38" amount="-1"/>
        <kerning first="176" second="52" amount="-1"/>
        <kerning first="176" second="65" amount="-1"/>
        <kerning first="176" second="74" amount="-1"/>
        <kerning first="177" second="9" amount="-1"/>
        <kerning first="177" second="10" amount="-1"/>
        <kerning first="177" second="32" amount="-1"/>
        <kerning first="177" second="34" amount="-1"/>
        <kerning first="177" second="160" amount="-1"/>
        <kerning first="178" second="37" amount="-1"/>
        <kerning first="191" second="84" amount="-1"/>
        <kerning first="191" second="86" amount="-1"/>
        <kerning first="191" second="87" amount="-1"/>
        <kerning first="191" second="89" amount="-1"/>
        <kerning first="197" second="9" amount="-1"/>
        <kerning first="197" second="10" amount="-1"/>
        <kerning first="197" second="32" amount="-1"/>
        <kerning first="197" second="160" amount="-1"/>
        <kerning first="198" second="35" amount="-1"/>
        <kerning first="199" second="34" amount="-1"/>
        <kerning first="201" second="37" amount="-1"/>
        <kerning first="227" second="35" amount="-1"/>
        <kerning first="227" second="37" amount="-1"/>
        <kerning first="230" second="34" amount="-1"/>
        <kerning first="230" second="36" amount="-1"/>
        <kerning first="236" second="38" amount="-1"/>
        <kerning first="237" second="9" amount="-1"/>
        <kerning first="237" second="10" amount="-1"/>
        <kerning first="237" second="32" amount="-1"/>
        <kerning first="237" second="34" amount="-1"/>
        <kerning first="237" second="36" amount="-1"/>
        <kerning first="237" second="37" amount="-1"/>
        <kerning first="237" second="160" amount="-1"/>
        <kerning first="238" second="37" amount="-1"/>
        <kerning first="240" second="33" amount="-1"/>
        <kerning first="240" second="34" amount="-2"/>
        <kerning first="240" second="35" amount="-1"/>
        <kerning first="240" second="36" amount="-2"/>
        <kerning first="240" second="37" amount="-1"/>
        <kerning first="243" second="36" amount="-1"/>
        <kerning first="243" second="38" amount="-1"/>
        <kerning first="246" second="37" amount="-3"/>
        <kerning first="246" second="38" amount="-1"/>
        <kerning first="247" second="9" amount="-2"/>
        <kerning first="247" second="10" amount="-2"/>
        <kerning first="247" second="32" amount="-2"/>
        <kerning first="247" second="34" amount="-1"/>
        <kerning first="247" second="160" amount="-2"/>
        <kerning first="248" second="35" amount="-2"/>
        <kerning first="248" second="37" amount="-1"/>
        <kerning first="249" second="34" amount="-2"/>
        <kerning first="251" second="37" amount="-1"/>
        <kerning first="253" second="9" amount="-1"/>
        <kerning first="253" second="10" amount="-1"/>
        <kerning first="253" second="32" amount="-1"/>
        <kerning first="253" second="34" amount="-1"/>
        <kerning first="253" second="35" amount="-1"/>
        <kerning first="253" second="37" amount="-1"/>
        <kerning first="253" second="160" amount="-1"/>
        <kerning first="281" second="9" amount="-1"/>
        <kerning first="281" second="10" amount="-1"/>
        <kerning first="281" second="32" amount="-1"/>
        <kerning first="281" second="160" amount="-1"/>
        <kerning first="287" second="35" amount="-1"/>
        <kerning first="322" second="34" amount="-1"/>
        <kerning first="322" second="36" amount="-1"/>
        <kerning first="322" second="37" amount="-1"/>
        <kerning first="8217" second="52" amount="-1"/>
        <kerning first="8217" second="65" amount="-2"/>
        <kerning first="8217" second="74" amount="-1"/>
        <kerning first="8217" second="97" amount="-1"/>
        <kerning first="8217" second="99" amount="-1"/>
        <kerning first="8217" second="101" amount="-1"/>
        <kerning first="8217" second="111" amount="-1"/>
    </kernings>
</font>