{
"skeleton": { "hash": "DUt4Nfn1hv+ggnqnErJoeGPsv/Q", "spine": "3.4.02", "width": 251.13, "height": 112.8, "images": "./images/" },
"bones": [
	{ "name": "root" },
	{ "name": "hip", "parent": "root", "y": 18.36 },
	{ "name": "body", "parent": "hip", "length": 60, "rotation": 179.41, "x": -3.73, "y": 6.39 },
	{ "name": "eye_l", "parent": "body", "rotation": -179.04, "x": 118.94, "y": -11.35, "inheritScale": false },
	{ "name": "eye_r", "parent": "body", "rotation": -179.04, "x": 52.83, "y": -5.02, "inheritScale": false },
	{ "name": "pelvis", "parent": "hip", "length": 48.04, "rotation": -2.38, "x": -5.1, "y": 7.14 },
	{ "name": "tail", "parent": "pelvis", "length": 43.06, "rotation": 1.19, "x": 45.48, "y": 2.2, "inheritScale": false },
	{ "name": "leg_back_r", "parent": "tail", "rotation": -1.19, "x": 22.49, "y": -9.32, "inheritScale": false },
	{ "name": "leg_front_l", "parent": "hip", "rotation": -2.38, "x": -131.99, "y": -7.64, "inheritScale": false },
	{ "name": "leg_front_r", "parent": "pelvis", "x": 14.6, "y": -20.33, "inheritScale": false },
	{ "name": "mouth", "parent": "body", "rotation": -179.04, "x": 94.56, "y": 15.46, "inheritScale": false }
],
"slots": [
	{ "name": "tail", "bone": "tail", "attachment": "tail" },
	{ "name": "pelvis", "bone": "pelvis", "attachment": "hip" },
	{ "name": "leg_front_l", "bone": "leg_front_l", "attachment": "leg_front_l" },
	{ "name": "body", "bone": "body", "attachment": "body" },
	{ "name": "eye_l", "bone": "eye_l", "attachment": "eye_l" },
	{ "name": "eye_r", "bone": "eye_r", "attachment": "eye_r" },
	{ "name": "mouth", "bone": "mouth", "attachment": "mouth" },
	{ "name": "leg_front_r", "bone": "leg_front_r", "attachment": "leg_front_r" },
	{ "name": "leg_back_r", "bone": "leg_back_r", "attachment": "leg_back_r" }
],
"skins": {
	"default": {
		"body": {
			"body": { "x": 59.67, "y": -18.09, "rotation": -179.11, "width": 152, "height": 112 }
		},
		"eye_l": {
			"eye_l": { "width": 46, "height": 42 }
		},
		"eye_r": {
			"eye_r": { "width": 54, "height": 42 }
		},
		"leg_back_r": {
			"leg_back_r": { "x": -1.88, "y": -5.67, "rotation": 2.38, "width": 14, "height": 18 }
		},
		"leg_front_l": {
			"leg_front_l": { "x": -7.9, "y": -4.06, "rotation": 2.38, "width": 28, "height": 20 }
		},
		"leg_front_r": {
			"leg_front_r": { "x": 2.13, "y": -5.51, "rotation": 2.38, "width": 18, "height": 20 }
		},
		"mouth": {
			"mouth": { "width": 60, "height": 34 }
		},
		"pelvis": {
			"hip": { "x": 16.03, "y": 0.66, "rotation": 2.38, "width": 80, "height": 58 }
		},
		"tail": {
			"tail": { "x": 20.63, "y": -0.39, "rotation": 1.19, "width": 72, "height": 38 }
		}
	}
},
"events": {
	"shoot": {}
},
"animations": {
	"move": {
		"bones": {
			"root": {
				"rotate": [
					{ "time": 0, "angle": 0, "curve": "stepped" },
					{ "time": 1, "angle": 0 }
				],
				"translate": [
					{ "time": 0, "x": 0, "y": 0, "curve": "stepped" },
					{ "time": 1, "x": 0, "y": 0 }
				],
				"scale": [
					{ "time": 0, "x": 1, "y": 1, "curve": "stepped" },
					{ "time": 1, "x": 1, "y": 1 }
				]
			},
			"hip": {
				"rotate": [
					{ "time": 0, "angle": 0, "curve": "stepped" },
					{ "time": 1, "angle": 0 }
				],
				"translate": [
					{ "time": 0, "x": 0, "y": 0, "curve": "stepped" },
					{ "time": 1, "x": 0, "y": 0 }
				],
				"scale": [
					{ "time": 0, "x": 1, "y": 1, "curve": "stepped" },
					{ "time": 1, "x": 1, "y": 1 }
				]
			},
			"body": {
				"rotate": [
					{ "time": 0, "angle": 0.75, "curve": "stepped" },
					{
						"time": 0.5,
						"angle": 0.75,
						"curve": [ 0.25, 0, 0.75, 1 ]
					},
					{
						"time": 0.6666,
						"angle": -353.06,
						"curve": [ 0.35, 0.42, 0.685, 0.76 ]
					},
					{
						"time": 0.8333,
						"angle": -7.33,
						"curve": [ 0.358, 0.64, 0.693, 1 ]
					},
					{ "time": 1, "angle": 0.75 }
				],
				"translate": [
					{ "time": 0, "x": 0, "y": 0 },
					{
						"time": 0.5,
						"x": 13.74,
						"y": 0,
						"curve": [ 0.25, 0, 0.75, 1 ]
					},
					{
						"time": 0.7666,
						"x": 6.41,
						"y": 8.65,
						"curve": [ 0.25, 0, 0.75, 1 ]
					},
					{ "time": 1, "x": 0, "y": 0 }
				],
				"scale": [
					{
						"time": 0,
						"x": 1,
						"y": 1,
						"curve": [ 0.25, 0, 0.75, 1 ]
					},
					{ "time": 0.5, "x": 0.893, "y": 1, "curve": "stepped" },
					{
						"time": 0.7666,
						"x": 0.893,
						"y": 1,
						"curve": [ 0.344, 0.36, 0.688, 0.73 ]
					},
					{
						"time": 0.8666,
						"x": 1.067,
						"y": 1,
						"curve": [ 0.378, 0.6, 0.721, 1 ]
					},
					{ "time": 1, "x": 1, "y": 1 }
				]
			},
			"pelvis": {
				"rotate": [
					{
						"time": 0,
						"angle": -1.69,
						"curve": [ 0.336, 0.34, 0.67, 0.67 ]
					},
					{
						"time": 0.2,
						"angle": 14.31,
						"curve": [ 0.345, 0.37, 0.68, 0.71 ]
					},
					{ "time": 0.3333, "angle": 4.78, "curve": "stepped" },
					{ "time": 0.6666, "angle": 4.78 },
					{ "time": 1, "angle": -1.69 }
				],
				"translate": [
					{
						"time": 0,
						"x": 8.65,
						"y": 0,
						"curve": [ 0.25, 0, 0.75, 1 ]
					},
					{ "time": 0.3333, "x": 0.5, "y": 0 },
					{ "time": 0.6666, "x": -12.72, "y": 0 },
					{ "time": 1, "x": 8.65, "y": 0 }
				],
				"scale": [
					{ "time": 0, "x": 1.148, "y": 1 },
					{ "time": 0.3333, "x": 0.682, "y": 1 },
					{ "time": 0.6666, "x": 1, "y": 1 },
					{ "time": 1, "x": 1.148, "y": 1 }
				]
			},
			"eye_l": {
				"rotate": [
					{ "time": 0, "angle": 0, "curve": "stepped" },
					{ "time": 1, "angle": 0 }
				],
				"translate": [
					{ "time": 0, "x": 0, "y": 0, "curve": "stepped" },
					{ "time": 1, "x": 0, "y": 0 }
				],
				"scale": [
					{ "time": 0, "x": 1, "y": 1, "curve": "stepped" },
					{ "time": 1, "x": 1, "y": 1 }
				]
			},
			"tail": {
				"rotate": [
					{
						"time": 0,
						"angle": 0,
						"curve": [ 0.25, 0, 0.75, 1 ]
					},
					{
						"time": 0.2333,
						"angle": -35.83,
						"curve": [ 0.25, 0, 0.75, 1 ]
					},
					{
						"time": 0.6666,
						"angle": -23.87,
						"curve": [ 0.25, 0, 0.75, 1 ]
					},
					{ "time": 1, "angle": 0 }
				],
				"translate": [
					{ "time": 0, "x": 0, "y": 0, "curve": "stepped" },
					{ "time": 1, "x": 0, "y": 0 }
				],
				"scale": [
					{ "time": 0, "x": 1.175, "y": 1 },
					{ "time": 0.3333, "x": 0.763, "y": 1 },
					{ "time": 0.6666, "x": 1, "y": 1 },
					{ "time": 1, "x": 1.175, "y": 1 }
				]
			},
			"eye_r": {
				"rotate": [
					{ "time": 0, "angle": 0, "curve": "stepped" },
					{ "time": 1, "angle": 0 }
				],
				"translate": [
					{ "time": 0, "x": 0, "y": 0, "curve": "stepped" },
					{ "time": 1, "x": 0, "y": 0 }
				],
				"scale": [
					{ "time": 0, "x": 1, "y": 1, "curve": "stepped" },
					{ "time": 1, "x": 1, "y": 1 }
				]
			},
			"mouth": {
				"rotate": [
					{ "time": 0, "angle": 0 }
				],
				"translate": [
					{ "time": 0, "x": 0, "y": 0 }
				],
				"scale": [
					{ "time": 0, "x": 1, "y": 1 }
				]
			},
			"leg_front_r": {
				"rotate": [
					{
						"time": 0,
						"angle": 0,
						"curve": [ 0.25, 0, 0.75, 1 ]
					},
					{
						"time": 0.1333,
						"angle": 22.22,
						"curve": [ 0.242, 0, 0.661, 0.64 ]
					},
					{
						"time": 0.4,
						"angle": -42.36,
						"curve": [ 0.38, 0.59, 0.727, 1 ]
					},
					{ "time": 0.5, "angle": 0, "curve": "stepped" },
					{ "time": 1, "angle": 0 }
				],
				"translate": [
					{ "time": 0, "x": 0, "y": 0 },
					{ "time": 0.3333, "x": -1.72, "y": 2.52 },
					{ "time": 0.6666, "x": -4.54, "y": -1.63 },
					{ "time": 1, "x": 0, "y": 0 }
				],
				"scale": [
					{ "time": 0, "x": 1, "y": 1, "curve": "stepped" },
					{ "time": 1, "x": 1, "y": 1 }
				]
			},
			"leg_back_r": {
				"rotate": [
					{ "time": 0, "angle": 39.38 },
					{
						"time": 0.3333,
						"angle": 71.56,
						"curve": [ 0.25, 0, 0.75, 1 ]
					},
					{
						"time": 0.5666,
						"angle": 22.73,
						"curve": [ 0.25, 0, 0.75, 1 ]
					},
					{
						"time": 0.6666,
						"angle": 53.02,
						"curve": [ 0.25, 0, 0.75, 1 ]
					},
					{ "time": 1, "angle": 39.38 }
				],
				"translate": [
					{ "time": 0, "x": -13.21, "y": -0.66 },
					{ "time": 0.3333, "x": 13.66, "y": 0.91 },
					{ "time": 0.4666, "x": 1.52, "y": 5.2 },
					{ "time": 0.6666, "x": -11.8, "y": -4.48 },
					{ "time": 1, "x": -13.21, "y": -0.66 }
				],
				"scale": [
					{ "time": 0, "x": 1, "y": 1, "curve": "stepped" },
					{ "time": 1, "x": 1, "y": 1 }
				]
			},
			"leg_front_l": {
				"rotate": [
					{
						"time": 0,
						"angle": 0,
						"curve": [ 0.25, 0, 0.75, 1 ]
					},
					{ "time": 0.0666, "angle": -30.02, "curve": "stepped" },
					{
						"time": 0.4,
						"angle": -30.02,
						"curve": [ 0.25, 0, 0.75, 1 ]
					},
					{ "time": 0.5, "angle": 362.38 }
				],
				"translate": [
					{ "time": 0, "x": 41.22, "y": 0 },
					{ "time": 0.5, "x": 25.45, "y": 0 },
					{ "time": 1, "x": 41.22, "y": 0 }
				]
			}
		}
	},
	"shoot": {
		"bones": {
			"root": {
				"rotate": [
					{ "time": 0, "angle": 0, "curve": "stepped" },
					{ "time": 0.1333, "angle": 0, "curve": "stepped" },
					{ "time": 0.8, "angle": 0 }
				],
				"translate": [
					{ "time": 0, "x": 0, "y": 0, "curve": "stepped" },
					{ "time": 0.1333, "x": 0, "y": 0, "curve": "stepped" },
					{ "time": 0.8, "x": 0, "y": 0 }
				],
				"scale": [
					{ "time": 0, "x": 1, "y": 1, "curve": "stepped" },
					{ "time": 0.1333, "x": 1, "y": 1, "curve": "stepped" },
					{ "time": 0.8, "x": 1, "y": 1 }
				]
			},
			"hip": {
				"rotate": [
					{ "time": 0, "angle": 0, "curve": "stepped" },
					{ "time": 0.1333, "angle": 0, "curve": "stepped" },
					{ "time": 0.8, "angle": 0 }
				],
				"translate": [
					{
						"time": 0,
						"x": 0,
						"y": 15.92,
						"curve": [ 0.32, 0.28, 0.655, 0.62 ]
					},
					{
						"time": 0.1333,
						"x": 8.14,
						"y": 15.92,
						"curve": [ 0.32, 0.28, 0.655, 0.62 ]
					},
					{
						"time": 0.3,
						"x": 0,
						"y": 11.19,
						"curve": [ 0, 0.29, 0.75, 1 ]
					},
					{
						"time": 0.4666,
						"x": 0,
						"y": 29.66,
						"curve": [ 0.614, 0, 0.776, 0.62 ]
					},
					{ "time": 0.6333, "x": 0, "y": 0, "curve": "stepped" },
					{ "time": 0.8, "x": 0, "y": 0 }
				],
				"scale": [
					{ "time": 0, "x": 1, "y": 1, "curve": "stepped" },
					{ "time": 0.1333, "x": 1, "y": 1, "curve": "stepped" },
					{ "time": 0.8, "x": 1, "y": 1 }
				]
			},
			"body": {
				"rotate": [
					{ "time": 0, "angle": -2.65, "curve": "stepped" },
					{
						"time": 0.1333,
						"angle": -2.65,
						"curve": [ 0.25, 0, 0.75, 1 ]
					},
					{
						"time": 0.3,
						"angle": -8.14,
						"curve": [ 0.25, 0, 0.75, 1 ]
					},
					{ "time": 0.6333, "angle": 0.75 }
				],
				"translate": [
					{ "time": 0, "x": 11.7, "y": 12.21, "curve": "stepped" },
					{ "time": 0.1333, "x": 11.7, "y": 12.21 },
					{ "time": 0.5, "x": 5.26, "y": -4.68 },
					{ "time": 0.8, "x": 0, "y": 0 }
				],
				"scale": [
					{
						"time": 0,
						"x": 0.914,
						"y": 1,
						"curve": [ 0.375, 0.5, 0.75, 1 ]
					},
					{
						"time": 0.1333,
						"x": 0.824,
						"y": 1,
						"curve": [ 0.25, 0, 0.75, 1 ]
					},
					{
						"time": 0.3,
						"x": 0.909,
						"y": 1,
						"curve": [ 0.25, 0, 0.75, 1 ]
					},
					{
						"time": 0.4666,
						"x": 1.107,
						"y": 1,
						"curve": [ 0.25, 0, 0.625, 0.5 ]
					},
					{ "time": 0.6333, "x": 1, "y": 1 },
					{ "time": 0.7333, "x": 0.954, "y": 0.954 },
					{ "time": 0.8, "x": 1, "y": 1 }
				]
			},
			"pelvis": {
				"rotate": [
					{
						"time": 0,
						"angle": -107.95,
						"curve": [ 0.338, 0.35, 0.672, 0.68 ]
					},
					{
						"time": 0.1333,
						"angle": -123.41,
						"curve": [ 0.338, 0.35, 0.672, 0.68 ]
					},
					{
						"time": 0.3,
						"angle": -61.97,
						"curve": [ 0.34, 0.36, 0.674, 0.69 ]
					},
					{
						"time": 0.4666,
						"angle": 12.28,
						"curve": [ 0.345, 0.37, 0.68, 0.71 ]
					},
					{ "time": 0.8, "angle": -1.69 }
				],
				"translate": [
					{ "time": 0, "x": 0, "y": 0, "curve": "stepped" },
					{ "time": 0.1333, "x": 0, "y": 0, "curve": "stepped" },
					{
						"time": 0.4666,
						"x": 0,
						"y": 0,
						"curve": [ 0.351, 0.4, 0.756, 1 ]
					},
					{ "time": 0.8, "x": 8.65, "y": 0 }
				],
				"scale": [
					{ "time": 0, "x": 0.914, "y": 1, "curve": "stepped" },
					{
						"time": 0.1333,
						"x": 0.914,
						"y": 1,
						"curve": [ 0.375, 0.5, 0.75, 1 ]
					},
					{
						"time": 0.3,
						"x": 0.828,
						"y": 1,
						"curve": [ 0.36, 0.63, 0.469, 1 ]
					},
					{
						"time": 0.4666,
						"x": 1.106,
						"y": 1,
						"curve": [ 0.25, 0, 0.75, 1 ]
					},
					{ "time": 0.6333, "x": 1, "y": 1 },
					{ "time": 0.8, "x": 1.148, "y": 1 }
				]
			},
			"eye_l": {
				"rotate": [
					{ "time": 0, "angle": 0, "curve": "stepped" },
					{ "time": 0.1333, "angle": 0, "curve": "stepped" },
					{ "time": 0.8, "angle": 0 }
				],
				"translate": [
					{ "time": 0, "x": 0, "y": 0, "curve": "stepped" },
					{ "time": 0.1333, "x": 0, "y": 0, "curve": "stepped" },
					{ "time": 0.8, "x": 0, "y": 0 }
				],
				"scale": [
					{ "time": 0, "x": 1, "y": 1, "curve": "stepped" },
					{ "time": 0.1333, "x": 1, "y": 1, "curve": "stepped" },
					{ "time": 0.8, "x": 1, "y": 1 }
				]
			},
			"leg_front_l": {
				"rotate": [
					{ "time": 0, "angle": 87.63 },
					{ "time": 0.1333, "angle": 27.66 },
					{ "time": 0.4666, "angle": -41.73 },
					{ "time": 0.6, "angle": 13.86 },
					{ "time": 0.8, "angle": 3.93 }
				],
				"translate": [
					{ "time": 0, "x": 49, "y": 8.94, "curve": "stepped" },
					{ "time": 0.1333, "x": 49, "y": 8.94 },
					{ "time": 0.3, "x": 58.9, "y": 7.87 },
					{ "time": 0.4666, "x": 4.67, "y": -12.53 },
					{ "time": 0.6, "x": 20.82, "y": -7.93 },
					{ "time": 0.8, "x": 41.22, "y": 0 }
				],
				"scale": [
					{ "time": 0, "x": 1, "y": 1, "curve": "stepped" },
					{ "time": 0.1333, "x": 1, "y": 1 }
				]
			},
			"tail": {
				"rotate": [
					{ "time": 0, "angle": 106.3 },
					{ "time": 0.1333, "angle": 120.22 },
					{ "time": 0.3, "angle": 70.98 },
					{ "time": 0.4666, "angle": -41.87 },
					{ "time": 0.6, "angle": 27.65 },
					{ "time": 0.8, "angle": 0 }
				],
				"translate": [
					{ "time": 0, "x": 0, "y": 0, "curve": "stepped" },
					{ "time": 0.1333, "x": 0, "y": 0, "curve": "stepped" },
					{ "time": 0.4666, "x": 0, "y": 0, "curve": "stepped" },
					{ "time": 0.8, "x": 0, "y": 0 }
				],
				"scale": [
					{ "time": 0, "x": 1, "y": 1, "curve": "stepped" },
					{ "time": 0.1333, "x": 1, "y": 1 },
					{ "time": 0.8, "x": 1.175, "y": 1 }
				]
			},
			"eye_r": {
				"rotate": [
					{ "time": 0, "angle": 0, "curve": "stepped" },
					{ "time": 0.1333, "angle": 0, "curve": "stepped" },
					{ "time": 0.8, "angle": 0 }
				],
				"translate": [
					{ "time": 0, "x": 0, "y": 0, "curve": "stepped" },
					{ "time": 0.1333, "x": 0, "y": 0, "curve": "stepped" },
					{ "time": 0.8, "x": 0, "y": 0 }
				],
				"scale": [
					{ "time": 0, "x": 1, "y": 1, "curve": "stepped" },
					{ "time": 0.1333, "x": 1, "y": 1, "curve": "stepped" },
					{ "time": 0.8, "x": 1, "y": 1 }
				]
			},
			"mouth": {
				"rotate": [
					{ "time": 0, "angle": 0, "curve": "stepped" },
					{ "time": 0.1333, "angle": 0 }
				],
				"translate": [
					{ "time": 0, "x": 0, "y": 0, "curve": "stepped" },
					{ "time": 0.1333, "x": 0, "y": 0 }
				],
				"scale": [
					{ "time": 0, "x": 1, "y": 1, "curve": "stepped" },
					{ "time": 0.1333, "x": 1, "y": 1 }
				]
			},
			"leg_front_r": {
				"rotate": [
					{ "time": 0, "angle": 75.93 },
					{ "time": 0.1333, "angle": 61.14 },
					{ "time": 0.4666, "angle": 75.93 },
					{ "time": 0.8, "angle": 0 }
				],
				"translate": [
					{ "time": 0, "x": -2.7, "y": 27.4, "curve": "stepped" },
					{ "time": 0.1333, "x": -2.7, "y": 27.4 },
					{ "time": 0.8, "x": 0, "y": 0 }
				],
				"scale": [
					{ "time": 0, "x": 1, "y": 1, "curve": "stepped" },
					{ "time": 0.1333, "x": 1, "y": 1, "curve": "stepped" },
					{ "time": 0.8, "x": 1, "y": 1 }
				]
			},
			"leg_back_r": {
				"rotate": [
					{ "time": 0, "angle": 62.03, "curve": "stepped" },
					{ "time": 0.1333, "angle": 62.03 },
					{ "time": 0.4666, "angle": 141.4 },
					{ "time": 0.7333, "angle": 0 },
					{ "time": 0.8, "angle": 39.38 }
				],
				"translate": [
					{ "time": 0, "x": 0, "y": 0, "curve": "stepped" },
					{ "time": 0.1333, "x": 0, "y": 0 },
					{ "time": 0.8, "x": -13.21, "y": -0.66 }
				],
				"scale": [
					{ "time": 0, "x": 1, "y": 1, "curve": "stepped" },
					{ "time": 0.1333, "x": 1, "y": 1, "curve": "stepped" },
					{ "time": 0.8, "x": 1, "y": 1 }
				]
			}
		},
		"events": [
			{ "time": 0.3, "name": "shoot" }
		]
	}
}
}