{
"skeleton": { "hash": "n+OErXKNcKrQqy5KPPTetE742Yg", "spine": "3.4.02", "width": 111.63, "height": 285.4, "images": "./images/" },
"bones": [
	{ "name": "root" },
	{ "name": "hip", "parent": "root", "x": 0.33, "y": 107.88 },
	{ "name": "spine", "parent": "hip", "length": 65.36, "rotation": 95.41, "x": 1.23, "y": -4.1 },
	{ "name": "head", "parent": "spine", "length": 32.57, "rotation": -15.63, "x": 87.7, "y": -1.74, "inheritScale": false },
	{ "name": "hair", "parent": "head", "x": 45.88, "y": 1.28 },
	{ "name": "left_leg_upper", "parent": "hip", "length": 37.81, "rotation": -90.44, "x": 9.51, "y": -11.43, "inheritScale": false },
	{
		"name": "left_leg_lower",
		"parent": "left_leg_upper",
		"length": 48.13,
		"rotation": -6.91,
		"x": 38.44,
		"y": 3.7,
		"inheritScale": false
	},
	{
		"name": "left_foot_back",
		"parent": "left_leg_lower",
		"length": 17.73,
		"rotation": 75.19,
		"x": 49.57,
		"y": 0.17,
		"inheritScale": false
	},
	{
		"name": "left_foot_front",
		"parent": "left_foot_back",
		"length": 11.97,
		"rotation": 24.58,
		"x": 16.07,
		"y": 1.04,
		"inheritScale": false
	},
	{
		"name": "right_upper_arm",
		"parent": "spine",
		"length": 34.76,
		"rotation": 173.61,
		"x": 58.07,
		"y": -13.12,
		"inheritScale": false
	},
	{
		"name": "left_lower_arm",
		"parent": "right_upper_arm",
		"length": 24.04,
		"rotation": 7.42,
		"x": 36.74,
		"y": 1.14,
		"inheritScale": false
	},
	{
		"name": "left_hand",
		"parent": "left_lower_arm",
		"length": 13.24,
		"rotation": 0.08,
		"x": 24.46,
		"y": -0.49,
		"inheritScale": false
	},
	{ "name": "left_upper_arm", "parent": "spine", "length": 35.05, "rotation": 162.21, "x": 56.6, "y": 14.52, "inheritScale": false },
	{ "name": "right_leg_upper", "parent": "hip", "length": 42.36, "rotation": -91.81, "x": -4.55, "y": -12.4, "inheritScale": false },
	{
		"name": "right_leg_lower",
		"parent": "right_leg_upper",
		"length": 47.37,
		"rotation": -9.76,
		"x": 42.39,
		"y": -1.84,
		"inheritScale": false
	},
	{
		"name": "right_foot_back",
		"parent": "right_leg_lower",
		"length": 18.03,
		"rotation": 78.2,
		"x": 52.59,
		"y": 6.94,
		"inheritScale": false
	},
	{
		"name": "right_food_front",
		"parent": "right_foot_back",
		"length": 12.75,
		"rotation": 25.13,
		"x": 14.79,
		"y": -0.01,
		"inheritScale": false
	},
	{
		"name": "right_lower_arm",
		"parent": "left_upper_arm",
		"length": 22.78,
		"rotation": 12.86,
		"x": 36.66,
		"y": -0.78,
		"inheritScale": false
	},
	{
		"name": "right_hand",
		"parent": "right_lower_arm",
		"length": 13.83,
		"rotation": 1.83,
		"x": 22.71,
		"y": 0.12,
		"inheritScale": false
	}
],
"slots": [
	{ "name": "left_lower_arm", "bone": "left_lower_arm", "attachment": "left_lower_arm" },
	{ "name": "left_upper_arm", "bone": "right_upper_arm", "attachment": "left_upper_arm" },
	{ "name": "left_hand_fist", "bone": "left_hand", "attachment": "hand_l" },
	{ "name": "foot_back2", "bone": "left_foot_back", "attachment": "foot_back" },
	{ "name": "foot_front2", "bone": "left_foot_front", "attachment": "foot_front" },
	{ "name": "left_lower_leg", "bone": "left_leg_lower", "attachment": "left_lower_leg" },
	{ "name": "left_upper_leg", "bone": "left_leg_upper", "attachment": "left_upper_leg" },
	{ "name": "hip", "bone": "hip", "attachment": "pelvis" },
	{ "name": "foot_back", "bone": "right_foot_back", "attachment": "foot_back" },
	{ "name": "foot_front", "bone": "right_food_front", "attachment": "foot_front" },
	{ "name": "right_lower_leg", "bone": "right_leg_lower", "attachment": "right_lower_leg" },
	{ "name": "right_upper_leg", "bone": "right_leg_upper", "attachment": "right_upper_leg" },
	{ "name": "spine_01", "bone": "spine", "attachment": "spine_01" },
	{ "name": "head", "bone": "head", "attachment": "head_sad" },
	{ "name": "face1", "bone": "head", "attachment": "face1" },
	{ "name": "hair1", "bone": "hair", "attachment": "hair1" },
	{ "name": "right_hand_fist", "bone": "right_hand", "attachment": "hand_r" },
	{ "name": "right_lower_arm", "bone": "right_lower_arm", "attachment": "right_lower_arm" },
	{ "name": "right_upper_arm", "bone": "left_upper_arm", "attachment": "right_upper_arm" }
],
"skins": {
	"default": {
		"face1": {
			"face1": { "x": 6.44, "y": -21.83, "rotation": -80.2, "width": 57, "height": 59 },
			"face2": { "x": 7.74, "y": -19.85, "rotation": -78.28, "width": 57, "height": 60 }
		},
		"foot_back": {
			"foot_back": { "x": 8.32, "y": -1.24, "rotation": 30.99, "width": 31, "height": 21 }
		},
		"foot_back2": {
			"foot_back": { "x": 9.09, "y": -2.51, "rotation": 31.15, "width": 31, "height": 21 }
		},
		"foot_front": {
			"foot_front": { "x": 6.84, "y": -0.7, "rotation": 0.1, "width": 23, "height": 18 }
		},
		"foot_front2": {
			"foot_front": { "x": 4.74, "y": -2.25, "rotation": 0.8, "width": 23, "height": 18 }
		},
		"hair1": {
			"hair1": { "x": -10.88, "y": -3.29, "rotation": -80.2, "width": 111, "height": 86 },
			"hair2": { "x": -19.08, "y": -1.63, "rotation": -80.2, "width": 118, "height": 111 }
		},
		"head": {
			"head": { "x": 21.32, "y": -8.24, "rotation": -80.2, "width": 72, "height": 76 },
			"head_focused": { "x": 20.89, "y": -7.91, "rotation": -79.77, "width": 74, "height": 78 },
			"head_sad": { "x": 20.98, "y": -7.73, "rotation": -79.77, "width": 74, "height": 78 },
			"head_worried": { "x": 20.98, "y": -7.73, "rotation": -79.77, "width": 74, "height": 78 }
		},
		"hip": {
			"pelvis": { "x": 0.9, "y": -5.9, "rotation": 14.25, "width": 32, "height": 32 }
		},
		"left_hand_fist": {
			"hand_l": { "x": 8.49, "y": -0.97, "rotation": 83.46, "width": 14, "height": 26 },
			"left_hand_fist": { "x": 6.64, "y": -0.49, "rotation": 89.56, "width": 16, "height": 21 }
		},
		"left_lower_arm": {
			"left_lower_arm": { "x": 11.08, "y": 0.57, "rotation": 87.32, "width": 17, "height": 32 }
		},
		"left_lower_leg": {
			"left_lower_leg": { "x": 22.32, "y": 1.05, "rotation": 89.73, "width": 27, "height": 63 }
		},
		"left_upper_arm": {
			"left_upper_arm": { "x": 16.83, "y": 0.72, "rotation": 89.55, "width": 17, "height": 44 }
		},
		"left_upper_leg": {
			"left_upper_leg": { "x": 19.59, "y": 4.51, "rotation": 90, "width": 29, "height": 57 }
		},
		"right_hand_fist": {
			"hand_r": { "x": 9.11, "y": -0.37, "rotation": 87.66, "width": 14, "height": 26 },
			"right_hand_fist": { "x": 5.83, "y": 0.68, "rotation": 86.64, "width": 19, "height": 21 }
		},
		"right_lower_arm": {
			"right_lower_arm": { "x": 9.77, "y": 0.02, "rotation": 86.79, "width": 12, "height": 32 }
		},
		"right_lower_leg": {
			"right_lower_leg": { "x": 21.6, "y": 2.57, "rotation": 94.2, "width": 28, "height": 65 }
		},
		"right_upper_arm": {
			"right_upper_arm": { "x": 15.83, "y": -1.14, "rotation": 88.95, "width": 17, "height": 44 }
		},
		"right_upper_leg": {
			"right_upper_leg": { "x": 23.15, "y": -3.34, "rotation": 91.81, "width": 29, "height": 59 }
		},
		"spine_01": {
			"spine_01": { "x": 39.61, "y": 1.23, "rotation": -92.91, "width": 39, "height": 91 },
			"spine_03": { "x": 45, "y": -1.89, "rotation": -83.88, "width": 39, "height": 91 },
			"spine_04": { "x": 40.37, "y": 3.94, "rotation": -78.41, "width": 39, "height": 91 }
		}
	}
},
"animations": {
	"die": {
		"slots": {
			"face1": {
				"attachment": [
					{ "time": 0.1666, "name": "face1" }
				]
			},
			"head": {
				"attachment": [
					{ "time": 0, "name": "head_sad" },
					{ "time": 0.1666, "name": "head_worried" }
				]
			},
			"left_hand_fist": {
				"attachment": [
					{ "time": 0, "name": "hand_l" }
				]
			},
			"right_hand_fist": {
				"attachment": [
					{ "time": 0, "name": "hand_r" }
				]
			}
		},
		"bones": {
			"hip": {
				"rotate": [
					{
						"time": 0,
						"angle": 42.71,
						"curve": [ 0.222, 0.22, 1, 1 ]
					},
					{
						"time": 0.1333,
						"angle": 65.97,
						"curve": [ 0, 0, 0.75, 1 ]
					},
					{
						"time": 0.3,
						"angle": 98.84,
						"curve": [ 0.25, 0, 0.75, 1 ]
					},
					{
						"time": 0.3666,
						"angle": 85.6,
						"curve": [ 0.25, 0, 0.75, 1 ]
					},
					{ "time": 0.4666, "angle": 98.84 }
				],
				"translate": [
					{
						"time": 0,
						"x": 4.24,
						"y": 28.32,
						"curve": [ 0.222, 0.22, 1, 1 ]
					},
					{
						"time": 0.1333,
						"x": 4.24,
						"y": -4.73,
						"curve": [ 0.25, 0, 1, 0.73 ]
					},
					{
						"time": 0.3333,
						"x": 29.74,
						"y": -123.77,
						"curve": [ 0, 0, 0.75, 1 ]
					},
					{ "time": 0.4, "x": 29.74, "y": -101.56 }
				],
				"scale": [
					{ "time": 0, "x": 1, "y": 1 }
				]
			},
			"head": {
				"rotate": [
					{
						"time": 0,
						"angle": -18.91,
						"curve": [ 0.444, 0.54, 1, 1 ]
					},
					{
						"time": 0.2333,
						"angle": -33.65,
						"curve": [ 0, 0, 0.75, 1 ]
					},
					{ "time": 0.4333, "angle": 0, "curve": "stepped" },
					{ "time": 1, "angle": 0 }
				],
				"translate": [
					{ "time": 0, "x": 0, "y": 0, "curve": "stepped" },
					{ "time": 1, "x": 0, "y": 0 }
				],
				"scale": [
					{ "time": 0, "x": 1, "y": 1, "curve": "stepped" },
					{ "time": 1, "x": 1, "y": 1 }
				]
			},
			"root": {
				"rotate": [
					{ "time": 0, "angle": 0, "curve": "stepped" },
					{ "time": 1, "angle": 0 }
				],
				"translate": [
					{ "time": 0, "x": 0, "y": 0, "curve": "stepped" },
					{ "time": 1, "x": 0, "y": 0 }
				],
				"scale": [
					{ "time": 0, "x": 1, "y": 1, "curve": "stepped" },
					{ "time": 1, "x": 1, "y": 1 }
				]
			},
			"spine": {
				"rotate": [
					{ "time": 0, "angle": -45.12 },
					{ "time": 0.3333, "angle": 0 },
					{ "time": 0.5, "angle": -11.24 }
				]
			},
			"right_leg_lower": {
				"rotate": [
					{
						"time": 0,
						"angle": -55.04,
						"curve": [ 0, 0, 0.314, 1 ]
					},
					{ "time": 0.2333, "angle": -54.33 },
					{ "time": 0.4, "angle": 0 }
				]
			},
			"left_leg_lower": {
				"rotate": [
					{
						"time": 0,
						"angle": -6.27,
						"curve": [ 0, 0, 0.314, 1 ]
					},
					{ "time": 0.2333, "angle": -29.94 },
					{ "time": 0.4, "angle": 17.62 },
					{ "time": 0.5, "angle": 12.84 }
				]
			},
			"left_upper_arm": {
				"rotate": [
					{ "time": 0, "angle": -279.37 },
					{ "time": 0.1666, "angle": -242.69 },
					{ "time": 0.3333, "angle": -7.87 },
					{ "time": 0.4, "angle": -329.7 },
					{ "time": 0.4666, "angle": 11.83 }
				]
			},
			"right_upper_arm": {
				"rotate": [
					{ "time": 0, "angle": -279.37 },
					{ "time": 0.1666, "angle": -242.69 },
					{ "time": 0.3333, "angle": -7.87 },
					{ "time": 0.4, "angle": -350.97 },
					{ "time": 0.4666, "angle": -7.87 }
				]
			},
			"left_lower_arm": {
				"rotate": [
					{ "time": 0, "angle": 0 },
					{ "time": 0.3333, "angle": 10.07 },
					{ "time": 0.4, "angle": 26.97 },
					{ "time": 0.4666, "angle": 10.07 }
				]
			},
			"right_lower_arm": {
				"rotate": [
					{ "time": 0, "angle": 0 },
					{ "time": 0.3333, "angle": 10.07 },
					{ "time": 0.4, "angle": 31.62 },
					{ "time": 0.4666, "angle": -3.46 }
				]
			},
			"left_leg_upper": {
				"rotate": [
					{
						"time": 0,
						"angle": 6.38,
						"curve": [ 0, 0, 0.314, 1 ]
					},
					{ "time": 0.2333, "angle": 101.74 },
					{ "time": 0.4, "angle": -13.9 },
					{ "time": 0.5, "angle": -14.35 }
				]
			},
			"right_leg_upper": {
				"rotate": [
					{
						"time": 0,
						"angle": 0,
						"curve": [ 0, 0, 0.314, 1 ]
					},
					{ "time": 0.2333, "angle": 95.35 },
					{ "time": 0.4, "angle": 2.91 },
					{ "time": 0.5, "angle": -7.03 }
				]
			},
			"left_foot_back": {
				"rotate": [
					{ "time": 0, "angle": 0 },
					{ "time": 0.2333, "angle": -33.87 },
					{ "time": 0.4, "angle": 0 }
				]
			},
			"right_foot_back": {
				"rotate": [
					{ "time": 0, "angle": 0 },
					{ "time": 0.2333, "angle": -33.87 },
					{ "time": 0.4, "angle": 0 }
				]
			}
		},
		"drawOrder": [
			{ "time": 0 }
		]
	},
	"fall": {
		"slots": {
			"face1": {
				"attachment": [
					{ "time": 0, "name": "face1" }
				]
			},
			"head": {
				"attachment": [
					{ "time": 0, "name": "head" }
				]
			},
			"spine_01": {
				"attachment": [
					{ "time": 0, "name": "spine_03" }
				]
			}
		},
		"bones": {
			"right_food_front": {
				"rotate": [
					{ "time": 0, "angle": -2.94, "curve": "stepped" },
					{ "time": 1.5, "angle": -2.94 }
				],
				"translate": [
					{
						"time": 0,
						"x": -2.52,
						"y": -0.33,
						"curve": [ 0.236, 0.31, 0.75, 1 ]
					},
					{ "time": 1.5, "x": 0, "y": 0 }
				],
				"scale": [
					{ "time": 0, "x": 1, "y": 1, "curve": "stepped" },
					{ "time": 1.5, "x": 1, "y": 1 }
				]
			},
			"head": {
				"rotate": [
					{
						"time": 0,
						"angle": 19.62,
						"curve": [ 0.236, 0.31, 0.75, 1 ]
					},
					{ "time": 1.5, "angle": -21.3 }
				],
				"translate": [
					{
						"time": 0,
						"x": 6.5,
						"y": 10.68,
						"curve": [ 0.236, 0.31, 0.75, 1 ]
					},
					{ "time": 1.5, "x": 5.62, "y": 5.54 }
				],
				"scale": [
					{ "time": 0, "x": 1.014, "y": 1 }
				]
			},
			"spine": {
				"rotate": [
					{
						"time": 0,
						"angle": -26.56,
						"curve": [ 0.236, 0.31, 0.75, 1 ]
					},
					{ "time": 1.5, "angle": -8.54 }
				],
				"translate": [
					{ "time": 0, "x": -7.6, "y": 0, "curve": "stepped" },
					{ "time": 1.5, "x": -7.6, "y": 0 }
				],
				"scale": [
					{ "time": 0, "x": 1, "y": 1, "curve": "stepped" },
					{ "time": 1.5, "x": 1, "y": 1 }
				]
			},
			"right_leg_upper": {
				"rotate": [
					{
						"time": 0,
						"angle": 54.4,
						"curve": [ 0.236, 0.31, 0.75, 1 ]
					},
					{ "time": 1.5, "angle": 20.1 }
				],
				"translate": [
					{ "time": 0, "x": -2, "y": 0.71 }
				],
				"scale": [
					{ "time": 0, "x": 1, "y": 1, "curve": "stepped" },
					{ "time": 1.5, "x": 1, "y": 1 }
				]
			},
			"hip": {
				"rotate": [
					{ "time": 0, "angle": 0, "curve": "stepped" },
					{ "time": 1.5, "angle": 0 }
				],
				"translate": [
					{ "time": 0, "x": 0, "y": 11.72, "curve": "stepped" },
					{ "time": 1.5, "x": 0, "y": 11.72 }
				],
				"scale": [
					{ "time": 0, "x": 1, "y": 1, "curve": "stepped" },
					{ "time": 1.5, "x": 1, "y": 1 }
				]
			},
			"right_lower_arm": {
				"rotate": [
					{
						"time": 0,
						"angle": 44.37,
						"curve": [ 0.236, 0.31, 0.75, 1 ]
					},
					{ "time": 1.5, "angle": 121.27 }
				],
				"translate": [
					{
						"time": 0,
						"x": -0.03,
						"y": 3.09,
						"curve": [ 0.236, 0.31, 0.75, 1 ]
					},
					{ "time": 1.5, "x": 0, "y": 0 }
				],
				"scale": [
					{
						"time": 0,
						"x": 1.265,
						"y": 1,
						"curve": [ 0.236, 0.31, 0.75, 1 ]
					},
					{ "time": 1.5, "x": 0.826, "y": 1 }
				]
			},
			"right_foot_back": {
				"rotate": [
					{
						"time": 0,
						"angle": -17.87,
						"curve": [ 0.236, 0.31, 0.75, 1 ]
					},
					{ "time": 1.5, "angle": 8.07 }
				],
				"translate": [
					{ "time": 0, "x": 1.4, "y": 0.49 }
				],
				"scale": [
					{ "time": 0, "x": 1, "y": 1, "curve": "stepped" },
					{ "time": 1.5, "x": 1, "y": 1 }
				]
			},
			"hair": {
				"rotate": [
					{ "time": 0, "angle": 0, "curve": "stepped" },
					{ "time": 1.5, "angle": 0 }
				],
				"translate": [
					{ "time": 0, "x": 0, "y": 0, "curve": "stepped" },
					{ "time": 1.5, "x": 0, "y": 0 }
				],
				"scale": [
					{ "time": 0, "x": 1, "y": 1, "curve": "stepped" },
					{ "time": 1.5, "x": 1, "y": 1 }
				]
			},
			"left_lower_arm": {
				"rotate": [
					{ "time": 0, "angle": 48.37, "curve": "stepped" },
					{ "time": 1.5, "angle": 48.37 }
				],
				"translate": [
					{
						"time": 0,
						"x": -1.78,
						"y": -1.61,
						"curve": [ 0.236, 0.31, 0.75, 1 ]
					},
					{ "time": 1.5, "x": -2.78, "y": 0.04 }
				],
				"scale": [
					{
						"time": 0,
						"x": 0.848,
						"y": 1,
						"curve": [ 0.236, 0.31, 0.75, 1 ]
					},
					{ "time": 1.5, "x": 1.133, "y": 1 }
				]
			},
			"left_leg_lower": {
				"rotate": [
					{
						"time": 0,
						"angle": -88.96,
						"curve": [ 0.236, 0.31, 0.75, 1 ]
					},
					{ "time": 1.5, "angle": -104.16 }
				],
				"translate": [
					{ "time": 0, "x": 0, "y": 0, "curve": "stepped" },
					{ "time": 1.5, "x": 0, "y": 0 }
				],
				"scale": [
					{ "time": 0, "x": 1, "y": 1, "curve": "stepped" },
					{ "time": 1.5, "x": 1, "y": 1 }
				]
			},
			"root": {
				"rotate": [
					{ "time": 0, "angle": 0, "curve": "stepped" },
					{ "time": 1.5, "angle": 0 }
				],
				"translate": [
					{ "time": 0, "x": 0, "y": 0, "curve": "stepped" },
					{ "time": 1.5, "x": 0, "y": 0 }
				],
				"scale": [
					{ "time": 0, "x": 1, "y": 1, "curve": "stepped" },
					{ "time": 1.5, "x": 1, "y": 1 }
				]
			},
			"left_foot_back": {
				"rotate": [
					{
						"time": 0,
						"angle": 4.41,
						"curve": [ 0.236, 0.31, 0.75, 1 ]
					},
					{ "time": 1.5, "angle": -5.42 }
				],
				"translate": [
					{ "time": 0, "x": -0.33, "y": -0.04 }
				],
				"scale": [
					{ "time": 0, "x": 1, "y": 1, "curve": "stepped" },
					{ "time": 1.5, "x": 1, "y": 1 }
				]
			},
			"left_leg_upper": {
				"rotate": [
					{
						"time": 0,
						"angle": -28.1,
						"curve": [ 0.236, 0.31, 0.75, 1 ]
					},
					{ "time": 1.5, "angle": -6.65 }
				],
				"translate": [
					{ "time": 0, "x": -0.74, "y": 1.66 }
				],
				"scale": [
					{ "time": 0, "x": 1, "y": 1, "curve": "stepped" },
					{ "time": 1.5, "x": 1, "y": 1 }
				]
			},
			"left_hand": {
				"rotate": [
					{ "time": 0, "angle": 0, "curve": "stepped" },
					{ "time": 1.5, "angle": 0 }
				],
				"translate": [
					{ "time": 0, "x": 0, "y": 0, "curve": "stepped" },
					{ "time": 1.5, "x": 0, "y": 0 }
				],
				"scale": [
					{ "time": 0, "x": 1, "y": 1, "curve": "stepped" },
					{ "time": 1.5, "x": 1, "y": 1 }
				]
			},
			"right_leg_lower": {
				"rotate": [
					{
						"time": 0,
						"angle": -20.73,
						"curve": [ 0.236, 0.31, 0.75, 1 ]
					},
					{ "time": 1.5, "angle": 8.01 }
				],
				"translate": [
					{ "time": 0, "x": 0, "y": 0, "curve": "stepped" },
					{ "time": 1.5, "x": 0, "y": 0 }
				],
				"scale": [
					{ "time": 0, "x": 1, "y": 1, "curve": "stepped" },
					{ "time": 1.5, "x": 1, "y": 1 }
				]
			},
			"right_upper_arm": {
				"rotate": [
					{
						"time": 0,
						"angle": 100.56,
						"curve": [ 0.236, 0.31, 0.75, 1 ]
					},
					{ "time": 1.5, "angle": -297.78 }
				],
				"translate": [
					{
						"time": 0,
						"x": 6.64,
						"y": 5.28,
						"curve": [ 0.236, 0.31, 0.75, 1 ]
					},
					{ "time": 1.5, "x": 2.82, "y": 0.96 }
				],
				"scale": [
					{
						"time": 0,
						"x": 1,
						"y": 1,
						"curve": [ 0.236, 0.31, 0.75, 1 ]
					},
					{ "time": 1.5, "x": 0.455, "y": 1 }
				]
			},
			"left_upper_arm": {
				"rotate": [
					{
						"time": 0,
						"angle": -42.33,
						"curve": [ 0.236, 0.31, 0.75, 1 ]
					},
					{ "time": 1.5, "angle": -90.22 }
				],
				"translate": [
					{
						"time": 0,
						"x": 5.21,
						"y": -1.5,
						"curve": [ 0.236, 0.31, 0.75, 1 ]
					},
					{ "time": 1.5, "x": 7, "y": -2.02 }
				],
				"scale": [
					{
						"time": 0,
						"x": 0.898,
						"y": 1,
						"curve": [ 0.236, 0.31, 0.75, 1 ]
					},
					{ "time": 1.5, "x": 1.109, "y": 1 }
				]
			},
			"right_hand": {
				"rotate": [
					{
						"time": 0,
						"angle": 0,
						"curve": [ 0.236, 0.31, 0.75, 1 ]
					},
					{ "time": 1.5, "angle": -2.11 }
				],
				"translate": [
					{ "time": 0, "x": 0, "y": 0, "curve": "stepped" },
					{ "time": 1.5, "x": 0, "y": 0 }
				],
				"scale": [
					{ "time": 0, "x": 1, "y": 1, "curve": "stepped" },
					{ "time": 1.5, "x": 1, "y": 1 }
				]
			},
			"left_foot_front": {
				"rotate": [
					{ "time": 0, "angle": -7.42, "curve": "stepped" },
					{ "time": 1.5, "angle": -7.42 }
				],
				"translate": [
					{
						"time": 0,
						"x": -0.36,
						"y": -1.07,
						"curve": [ 0.236, 0.31, 0.75, 1 ]
					},
					{ "time": 1.5, "x": 0, "y": 0 }
				],
				"scale": [
					{ "time": 0, "x": 1, "y": 1, "curve": "stepped" },
					{ "time": 1.5, "x": 1, "y": 1 }
				]
			}
		}
	},
	"fall_to_land": {
		"slots": {
			"face1": {
				"attachment": [
					{ "time": 0, "name": "face1" }
				]
			}
		},
		"bones": {
			"right_food_front": {
				"rotate": [
					{ "time": 0, "angle": -2.94 },
					{ "time": 0.2666, "angle": 69.43 }
				],
				"translate": [
					{ "time": 0, "x": 0, "y": 0, "curve": "stepped" },
					{ "time": 0.2666, "x": 0, "y": 0 }
				],
				"scale": [
					{ "time": 0, "x": 1, "y": 1, "curve": "stepped" },
					{ "time": 0.2666, "x": 1, "y": 1 }
				]
			},
			"root": {
				"rotate": [
					{ "time": 0, "angle": 0, "curve": "stepped" },
					{ "time": 0.2666, "angle": 0 }
				],
				"translate": [
					{ "time": 0, "x": 0, "y": 0, "curve": "stepped" },
					{ "time": 0.2666, "x": 0, "y": 0 }
				],
				"scale": [
					{ "time": 0, "x": 1, "y": 1, "curve": "stepped" },
					{ "time": 0.2666, "x": 1, "y": 1 }
				]
			},
			"left_foot_front": {
				"rotate": [
					{ "time": 0, "angle": -7.42 },
					{ "time": 0.1333, "angle": 38.88 },
					{ "time": 0.2666, "angle": 50.21 }
				],
				"translate": [
					{ "time": 0, "x": 0, "y": 0, "curve": "stepped" },
					{ "time": 0.2666, "x": 0, "y": 0 }
				],
				"scale": [
					{ "time": 0, "x": 1, "y": 1, "curve": "stepped" },
					{ "time": 0.2666, "x": 1, "y": 1 }
				]
			},
			"hair": {
				"rotate": [
					{ "time": 0, "angle": 0, "curve": "stepped" },
					{ "time": 0.2666, "angle": 0 }
				],
				"translate": [
					{ "time": 0, "x": 0, "y": 0, "curve": "stepped" },
					{ "time": 0.2666, "x": 0, "y": 0 }
				],
				"scale": [
					{ "time": 0, "x": 1, "y": 1, "curve": "stepped" },
					{ "time": 0.2666, "x": 1, "y": 1 }
				]
			},
			"left_foot_back": {
				"rotate": [
					{ "time": 0, "angle": -5.42 },
					{ "time": 0.2666, "angle": 4.41 }
				],
				"scale": [
					{ "time": 0, "x": 1, "y": 1, "curve": "stepped" },
					{ "time": 0.2666, "x": 1, "y": 1 }
				]
			},
			"left_lower_arm": {
				"rotate": [
					{ "time": 0, "angle": 48.37 },
					{ "time": 0.2666, "angle": 5.55 }
				],
				"translate": [
					{ "time": 0, "x": -2.78, "y": 0.04 },
					{ "time": 0.2666, "x": 0.3, "y": 0.06 }
				],
				"scale": [
					{ "time": 0, "x": 1.133, "y": 1 },
					{ "time": 0.2666, "x": 1.325, "y": 1 }
				]
			},
			"left_hand": {
				"rotate": [
					{ "time": 0, "angle": 0, "curve": "stepped" },
					{ "time": 0.2666, "angle": 0 }
				],
				"translate": [
					{ "time": 0, "x": 0, "y": 0, "curve": "stepped" },
					{ "time": 0.2666, "x": 0, "y": 0 }
				],
				"scale": [
					{ "time": 0, "x": 1, "y": 1, "curve": "stepped" },
					{ "time": 0.2666, "x": 1, "y": 1 }
				]
			},
			"right_upper_arm": {
				"rotate": [
					{ "time": 0, "angle": -297.78 },
					{ "time": 0.1333, "angle": -232.06 },
					{ "time": 0.2666, "angle": -304.9 }
				],
				"translate": [
					{ "time": 0, "x": 2.82, "y": 0.96 },
					{ "time": 0.2666, "x": 1.28, "y": 9.23 }
				],
				"scale": [
					{ "time": 0, "x": 0.455, "y": 1 },
					{ "time": 0.1333, "x": 0.327, "y": 1 },
					{ "time": 0.2666, "x": 1.206, "y": 1 }
				]
			},
			"left_leg_upper": {
				"rotate": [
					{ "time": 0, "angle": -6.65 },
					{
						"time": 0.1333,
						"angle": 32.97,
						"curve": [ 0.29, 0.22, 0.636, 0.64 ]
					},
					{ "time": 0.2666, "angle": 71.8 }
				],
				"translate": [
					{ "time": 0, "x": -7.52, "y": 0 },
					{ "time": 0.2666, "x": -2.67, "y": 7 }
				],
				"scale": [
					{ "time": 0, "x": 1, "y": 1, "curve": "stepped" },
					{ "time": 0.2666, "x": 1, "y": 1 }
				]
			},
			"right_lower_arm": {
				"rotate": [
					{ "time": 0, "angle": 121.27 },
					{ "time": 0.1333, "angle": 55.67 },
					{ "time": 0.2666, "angle": 31.08 }
				],
				"translate": [
					{ "time": 0, "x": 0, "y": 0 },
					{ "time": 0.2666, "x": 1.66, "y": 2.88 }
				],
				"scale": [
					{ "time": 0, "x": 0.826, "y": 1 },
					{ "time": 0.2666, "x": 1.529, "y": 1 }
				]
			},
			"spine": {
				"rotate": [
					{ "time": 0, "angle": -8.54 },
					{ "time": 0.2666, "angle": -51.22 }
				],
				"translate": [
					{ "time": 0, "x": 1.43, "y": 0 }
				],
				"scale": [
					{ "time": 0, "x": 1, "y": 1 },
					{ "time": 0.2666, "x": 0.847, "y": 1 }
				]
			},
			"hip": {
				"rotate": [
					{ "time": 0, "angle": 0 }
				],
				"translate": [
					{ "time": 0, "x": 0, "y": 11.72 },
					{ "time": 0.2666, "x": -35.86, "y": -66.52 }
				],
				"scale": [
					{ "time": 0, "x": 1, "y": 1, "curve": "stepped" },
					{ "time": 0.2666, "x": 1, "y": 1 }
				]
			},
			"head": {
				"rotate": [
					{ "time": 0, "angle": -21.3 },
					{
						"time": 0.1,
						"angle": 38.54,
						"curve": [ 0.363, 0.53, 0.753, 1 ]
					},
					{ "time": 0.2666, "angle": -3.56 }
				],
				"translate": [
					{ "time": 0, "x": 5.62, "y": 5.54 },
					{ "time": 0.2666, "x": -1.11, "y": 4.04 }
				],
				"scale": [
					{ "time": 0, "x": 1.066, "y": 1 },
					{ "time": 0.2666, "x": 1.014, "y": 1 }
				]
			},
			"left_leg_lower": {
				"rotate": [
					{ "time": 0, "angle": -104.16 },
					{ "time": 0.1333, "angle": -80.47 },
					{ "time": 0.2666, "angle": -122.89 }
				],
				"translate": [
					{ "time": 0, "x": 0, "y": 0, "curve": "stepped" },
					{ "time": 0.2666, "x": 0, "y": 0 }
				],
				"scale": [
					{ "time": 0, "x": 1, "y": 1 },
					{ "time": 0.2666, "x": 0.8, "y": 1 }
				]
			},
			"left_upper_arm": {
				"rotate": [
					{ "time": 0, "angle": -90.22 },
					{ "time": 0.1333, "angle": -81.75 },
					{ "time": 0.2666, "angle": -327.5 }
				],
				"translate": [
					{ "time": 0, "x": 7, "y": -2.02 },
					{ "time": 0.2666, "x": -3.05, "y": -0.41 }
				],
				"scale": [
					{ "time": 0, "x": 1.109, "y": 1 },
					{ "time": 0.2666, "x": 1.098, "y": 1 }
				]
			},
			"right_hand": {
				"rotate": [
					{ "time": 0, "angle": -2.11 },
					{ "time": 0.2666, "angle": 6.68 }
				],
				"translate": [
					{ "time": 0, "x": 0, "y": 0, "curve": "stepped" },
					{ "time": 0.2666, "x": 0, "y": 0 }
				],
				"scale": [
					{ "time": 0, "x": 1, "y": 1, "curve": "stepped" },
					{ "time": 0.2666, "x": 1, "y": 1 }
				]
			},
			"right_foot_back": {
				"rotate": [
					{ "time": 0, "angle": 8.07 },
					{ "time": 0.0333, "angle": -15.51 },
					{ "time": 0.2666, "angle": -17.87 }
				],
				"scale": [
					{ "time": 0, "x": 1, "y": 1, "curve": "stepped" },
					{ "time": 0.2666, "x": 1, "y": 1 }
				]
			},
			"right_leg_upper": {
				"rotate": [
					{ "time": 0, "angle": 20.1 },
					{ "time": 0.2666, "angle": 92.62 }
				],
				"translate": [
					{ "time": 0, "x": 0, "y": 8.28 },
					{ "time": 0.2666, "x": -1.73, "y": -1.37 }
				],
				"scale": [
					{ "time": 0, "x": 1, "y": 1, "curve": "stepped" },
					{ "time": 0.2666, "x": 1, "y": 1 }
				]
			},
			"right_leg_lower": {
				"rotate": [
					{ "time": 0, "angle": 8.01 },
					{ "time": 0.2666, "angle": -153.56 }
				],
				"translate": [
					{ "time": 0, "x": 0, "y": 0, "curve": "stepped" },
					{ "time": 0.2666, "x": 0, "y": 0 }
				],
				"scale": [
					{ "time": 0, "x": 1, "y": 1 },
					{ "time": 0.2666, "x": 0.754, "y": 1 }
				]
			}
		}
	},
	"idle": {
		"slots": {
			"head": {
				"attachment": [
					{ "time": 0, "name": "head" }
				]
			}
		},
		"bones": {
			"spine": {
				"rotate": [
					{ "time": 0, "angle": -15.71, "curve": "stepped" },
					{ "time": 0.8, "angle": -15.71 }
				],
				"translate": [
					{ "time": 0, "x": 0, "y": 0, "curve": "stepped" },
					{ "time": 0.8, "x": 0, "y": 0 }
				],
				"scale": [
					{
						"time": 0,
						"x": 1,
						"y": 1,
						"curve": [ 0.25, 0, 0.75, 1 ]
					},
					{
						"time": 0.4,
						"x": 1.028,
						"y": 1.071,
						"curve": [ 0.25, 0, 0.75, 1 ]
					},
					{ "time": 0.8, "x": 1, "y": 1 }
				]
			},
			"head": {
				"rotate": [
					{ "time": 0, "angle": 16.41, "curve": "stepped" },
					{ "time": 0.8, "angle": 16.41 }
				],
				"translate": [
					{
						"time": 0,
						"x": -2.01,
						"y": 0.69,
						"curve": [ 0.25, 0, 0.75, 1 ]
					},
					{
						"time": 0.4,
						"x": -4.19,
						"y": 0.31,
						"curve": [ 0.25, 0, 0.75, 1 ]
					},
					{ "time": 0.8, "x": -2.01, "y": 0.69 }
				],
				"scale": [
					{ "time": 0, "x": 1, "y": 1 },
					{ "time": 0.4, "x": 1, "y": 1.017 },
					{ "time": 0.8, "x": 1, "y": 1 }
				]
			},
			"left_upper_arm": {
				"rotate": [
					{ "time": 0, "angle": -11.69, "curve": "stepped" },
					{ "time": 0.8, "angle": -11.69 }
				],
				"translate": [
					{ "time": 0, "x": 1.42, "y": 1.49, "curve": "stepped" },
					{ "time": 0.8, "x": 1.42, "y": 1.49 }
				],
				"scale": [
					{ "time": 0, "x": 1.107, "y": 1, "curve": "stepped" },
					{ "time": 0.8, "x": 1.107, "y": 1 }
				]
			},
			"right_lower_arm": {
				"rotate": [
					{
						"time": 0,
						"angle": 22.92,
						"curve": [ 0.25, 0, 0.75, 1 ]
					},
					{
						"time": 0.4,
						"angle": 30.07,
						"curve": [ 0.25, 0, 0.75, 1 ]
					},
					{ "time": 0.8, "angle": 22.92 }
				],
				"translate": [
					{ "time": 0, "x": 0, "y": 0, "curve": "stepped" },
					{ "time": 0.8, "x": 0, "y": 0 }
				],
				"scale": [
					{ "time": 0, "x": 1.239, "y": 1, "curve": "stepped" },
					{ "time": 0.8, "x": 1.239, "y": 1 }
				]
			},
			"right_upper_arm": {
				"rotate": [
					{ "time": 0, "angle": -352.21, "curve": "stepped" },
					{ "time": 0.8, "angle": -352.21 }
				],
				"translate": [
					{ "time": 0, "x": 0, "y": 0, "curve": "stepped" },
					{ "time": 0.8, "x": 0, "y": 0 }
				],
				"scale": [
					{ "time": 0, "x": 1, "y": 1, "curve": "stepped" },
					{ "time": 0.8, "x": 1, "y": 1 }
				]
			},
			"left_lower_arm": {
				"rotate": [
					{
						"time": 0,
						"angle": 26.02,
						"curve": [ 0.25, 0, 0.75, 1 ]
					},
					{
						"time": 0.4333,
						"angle": 30.13,
						"curve": [ 0.25, 0, 0.75, 1 ]
					},
					{ "time": 0.8, "angle": 26.02 }
				],
				"translate": [
					{ "time": 0, "x": 0, "y": 0, "curve": "stepped" },
					{ "time": 0.8, "x": 0, "y": 0 }
				],
				"scale": [
					{ "time": 0, "x": 1, "y": 1, "curve": "stepped" },
					{ "time": 0.8, "x": 1, "y": 1 }
				]
			},
			"left_leg_upper": {
				"rotate": [
					{ "time": 0, "angle": 24.48, "curve": "stepped" },
					{ "time": 0.8, "angle": 24.48 }
				],
				"translate": [
					{ "time": 0, "x": 0, "y": 0, "curve": "stepped" },
					{ "time": 0.8, "x": 0, "y": 0 }
				],
				"scale": [
					{
						"time": 0,
						"x": 1,
						"y": 1,
						"curve": [ 0.25, 0, 0.625, 0.5 ]
					},
					{
						"time": 0.4,
						"x": 1.051,
						"y": 1,
						"curve": [ 0.375, 0.5, 0.75, 1 ]
					},
					{ "time": 0.8, "x": 1, "y": 1 }
				]
			},
			"right_leg_upper": {
				"rotate": [
					{ "time": 0, "angle": 15.78, "curve": "stepped" },
					{ "time": 0.8, "angle": 15.78 }
				],
				"translate": [
					{ "time": 0, "x": 0, "y": 8.28, "curve": "stepped" },
					{ "time": 0.8, "x": 0, "y": 8.28 }
				],
				"scale": [
					{
						"time": 0,
						"x": 1,
						"y": 1,
						"curve": [ 0.275, 0, 0.62, 0.4 ]
					},
					{
						"time": 0.4,
						"x": 1.051,
						"y": 1,
						"curve": [ 0.314, 0.27, 0.657, 0.63 ]
					},
					{ "time": 0.8, "x": 1, "y": 1 }
				]
			},
			"right_leg_lower": {
				"rotate": [
					{ "time": 0, "angle": -31.04, "curve": "stepped" },
					{ "time": 0.8, "angle": -31.04 }
				],
				"translate": [
					{ "time": 0, "x": 0, "y": 0, "curve": "stepped" },
					{ "time": 0.8, "x": 0, "y": 0 }
				],
				"scale": [
					{ "time": 0, "x": 1, "y": 1, "curve": "stepped" },
					{ "time": 0.8, "x": 1, "y": 1 }
				]
			},
			"left_leg_lower": {
				"rotate": [
					{ "time": 0, "angle": -29.74, "curve": "stepped" },
					{ "time": 0.8, "angle": -29.74 }
				],
				"translate": [
					{ "time": 0, "x": 0, "y": 0, "curve": "stepped" },
					{ "time": 0.8, "x": 0, "y": 0 }
				],
				"scale": [
					{ "time": 0, "x": 1, "y": 1, "curve": "stepped" },
					{ "time": 0.8, "x": 1, "y": 1 }
				]
			},
			"right_food_front": {
				"rotate": [
					{ "time": 0, "angle": 6.51, "curve": "stepped" },
					{ "time": 0.8, "angle": 6.51 }
				],
				"translate": [
					{ "time": 0, "x": 0, "y": 0, "curve": "stepped" },
					{ "time": 0.8, "x": 0, "y": 0 }
				],
				"scale": [
					{ "time": 0, "x": 1, "y": 1, "curve": "stepped" },
					{ "time": 0.8, "x": 1, "y": 1 }
				]
			},
			"hip": {
				"rotate": [
					{ "time": 0, "angle": 0, "curve": "stepped" },
					{ "time": 0.8, "angle": 0 }
				],
				"translate": [
					{
						"time": 0,
						"x": 0,
						"y": -9.57,
						"curve": [ 0.25, 0, 0.625, 0.5 ]
					},
					{
						"time": 0.4,
						"x": 0,
						"y": -7.44,
						"curve": [ 0.375, 0.5, 0.75, 1 ]
					},
					{ "time": 0.8, "x": 0, "y": -9.57 }
				],
				"scale": [
					{ "time": 0, "x": 1, "y": 1, "curve": "stepped" },
					{ "time": 0.8, "x": 1, "y": 1 }
				]
			},
			"root": {
				"rotate": [
					{ "time": 0, "angle": 0, "curve": "stepped" },
					{ "time": 0.8, "angle": 0 }
				],
				"translate": [
					{ "time": 0, "x": 0, "y": 0, "curve": "stepped" },
					{ "time": 0.8, "x": 0, "y": 0 }
				],
				"scale": [
					{ "time": 0, "x": 1, "y": 1, "curve": "stepped" },
					{ "time": 0.8, "x": 1, "y": 1 }
				]
			},
			"hair": {
				"rotate": [
					{ "time": 0, "angle": 0, "curve": "stepped" },
					{ "time": 0.8, "angle": 0 }
				],
				"translate": [
					{ "time": 0, "x": 0, "y": 0, "curve": "stepped" },
					{ "time": 0.8, "x": 0, "y": 0 }
				],
				"scale": [
					{ "time": 0, "x": 1, "y": 1, "curve": "stepped" },
					{ "time": 0.8, "x": 1, "y": 1 }
				]
			},
			"left_foot_back": {
				"rotate": [
					{ "time": 0, "angle": 8.56, "curve": "stepped" },
					{ "time": 0.8, "angle": 8.56 }
				],
				"translate": [
					{ "time": 0, "x": 0, "y": 0, "curve": "stepped" },
					{ "time": 0.8, "x": 0, "y": 0 }
				],
				"scale": [
					{ "time": 0, "x": 1, "y": 1, "curve": "stepped" },
					{ "time": 0.8, "x": 1, "y": 1 }
				]
			},
			"right_foot_back": {
				"rotate": [
					{ "time": 0, "angle": 12.42, "curve": "stepped" },
					{ "time": 0.8, "angle": 12.42 }
				],
				"translate": [
					{ "time": 0, "x": 0, "y": 0, "curve": "stepped" },
					{ "time": 0.8, "x": 0, "y": 0 }
				],
				"scale": [
					{ "time": 0, "x": 1, "y": 1, "curve": "stepped" },
					{ "time": 0.8, "x": 1, "y": 1 }
				]
			},
			"left_foot_front": {
				"rotate": [
					{ "time": 0, "angle": -5.39, "curve": "stepped" },
					{ "time": 0.8, "angle": -5.39 }
				],
				"translate": [
					{ "time": 0, "x": 0, "y": 0, "curve": "stepped" },
					{ "time": 0.8, "x": 0, "y": 0 }
				],
				"scale": [
					{ "time": 0, "x": 1, "y": 1, "curve": "stepped" },
					{ "time": 0.8, "x": 1, "y": 1 }
				]
			},
			"left_hand": {
				"rotate": [
					{ "time": 0, "angle": 0, "curve": "stepped" },
					{ "time": 0.8, "angle": 0 }
				],
				"translate": [
					{ "time": 0, "x": 0, "y": 0, "curve": "stepped" },
					{ "time": 0.8, "x": 0, "y": 0 }
				],
				"scale": [
					{ "time": 0, "x": 1, "y": 1, "curve": "stepped" },
					{ "time": 0.8, "x": 1, "y": 1 }
				]
			},
			"right_hand": {
				"rotate": [
					{ "time": 0, "angle": 0, "curve": "stepped" },
					{ "time": 0.8, "angle": 0 }
				],
				"translate": [
					{ "time": 0, "x": 0, "y": 0, "curve": "stepped" },
					{ "time": 0.8, "x": 0, "y": 0 }
				],
				"scale": [
					{ "time": 0, "x": 1, "y": 1, "curve": "stepped" },
					{ "time": 0.8, "x": 1, "y": 1 }
				]
			}
		}
	},
	"jump": {
		"slots": {
			"face1": {
				"attachment": [
					{ "time": 0, "name": "face1" }
				]
			},
			"spine_01": {
				"attachment": [
					{ "time": 0, "name": "spine_01" }
				]
			}
		},
		"bones": {
			"right_food_front": {
				"rotate": [
					{ "time": 0, "angle": 10.45 },
					{ "time": 0.1333, "angle": -10.75 },
					{ "time": 0.3, "angle": -2.94 }
				],
				"translate": [
					{ "time": 0, "x": 0, "y": 0, "curve": "stepped" },
					{ "time": 0.3, "x": 0, "y": 0 }
				],
				"scale": [
					{ "time": 0, "x": 1, "y": 1, "curve": "stepped" },
					{ "time": 0.3, "x": 1, "y": 1 }
				]
			},
			"head": {
				"rotate": [
					{
						"time": 0,
						"angle": 0.52,
						"curve": [ 0.25, 0, 0.75, 1 ]
					},
					{ "time": 0.3, "angle": 19.62 }
				],
				"translate": [
					{
						"time": 0,
						"x": -3.58,
						"y": 0.06,
						"curve": [ 0.25, 0, 0.75, 1 ]
					},
					{ "time": 0.3, "x": 1.14, "y": 4.78 }
				],
				"scale": [
					{ "time": 0, "x": 1.014, "y": 1, "curve": "stepped" },
					{ "time": 0.3, "x": 1.014, "y": 1 }
				]
			},
			"spine": {
				"rotate": [
					{ "time": 0, "angle": -26.56, "curve": "stepped" },
					{ "time": 0.3, "angle": -26.56 }
				],
				"translate": [
					{ "time": 0, "x": 0, "y": 0, "curve": "stepped" },
					{ "time": 0.3, "x": 0, "y": 0 }
				],
				"scale": [
					{ "time": 0, "x": 1, "y": 1, "curve": "stepped" },
					{ "time": 0.3, "x": 1, "y": 1 }
				]
			},
			"right_leg_upper": {
				"rotate": [
					{
						"time": 0,
						"angle": 38.38,
						"curve": [ 0, 0.4, 0.581, 0.99 ]
					},
					{ "time": 0.3, "angle": 54.4 }
				],
				"translate": [
					{
						"time": 0,
						"x": -3.4,
						"y": 5.41,
						"curve": [ 0, 0.36, 0.75, 1 ]
					},
					{ "time": 0.3, "x": -3.25, "y": 5.74 }
				],
				"scale": [
					{ "time": 0, "x": 1, "y": 1, "curve": "stepped" },
					{ "time": 0.3, "x": 1, "y": 1 }
				]
			},
			"hip": {
				"rotate": [
					{ "time": 0, "angle": 0, "curve": "stepped" },
					{ "time": 0.3, "angle": 0 }
				],
				"translate": [
					{
						"time": 0,
						"x": 0,
						"y": -21.27,
						"curve": [ 0.266, 0.33, 0.75, 1 ]
					},
					{ "time": 0.3, "x": 0, "y": 11.72 }
				],
				"scale": [
					{ "time": 0, "x": 1, "y": 1, "curve": "stepped" },
					{ "time": 0.3, "x": 1, "y": 1 }
				]
			},
			"right_lower_arm": {
				"rotate": [
					{
						"time": 0,
						"angle": 64.39,
						"curve": [ 0.374, 0.61, 0.715, 1 ]
					},
					{ "time": 0.3, "angle": 44.37 }
				],
				"translate": [
					{
						"time": 0,
						"x": -2.47,
						"y": 4.35,
						"curve": [ 0.25, 0, 0.75, 1 ]
					},
					{ "time": 0.3, "x": 1.04, "y": 3.44 }
				],
				"scale": [
					{ "time": 0, "x": 1, "y": 1 },
					{ "time": 0.3, "x": 1.429, "y": 1 }
				]
			},
			"right_foot_back": {
				"rotate": [
					{ "time": 0, "angle": 9.28 },
					{ "time": 0.1333, "angle": -12.88 },
					{ "time": 0.3, "angle": -17.87 }
				],
				"translate": [
					{ "time": 0.3, "x": 0, "y": 0 }
				],
				"scale": [
					{ "time": 0, "x": 1, "y": 1, "curve": "stepped" },
					{ "time": 0.3, "x": 1, "y": 1 }
				]
			},
			"hair": {
				"rotate": [
					{ "time": 0, "angle": 0, "curve": "stepped" },
					{ "time": 0.3, "angle": 0 }
				],
				"translate": [
					{ "time": 0, "x": 0, "y": 0, "curve": "stepped" },
					{ "time": 0.3, "x": 0, "y": 0 }
				],
				"scale": [
					{ "time": 0, "x": 1, "y": 1, "curve": "stepped" },
					{ "time": 0.3, "x": 1, "y": 1 }
				]
			},
			"left_lower_arm": {
				"rotate": [
					{
						"time": 0,
						"angle": 24.3,
						"curve": [ 0.25, 0, 0.75, 1 ]
					},
					{ "time": 0.3, "angle": 48.37 }
				],
				"translate": [
					{ "time": 0, "x": 0.17, "y": 0.18 },
					{ "time": 0.3, "x": -1.04, "y": -0.58 }
				],
				"scale": [
					{ "time": 0, "x": 0.991, "y": 1 },
					{ "time": 0.3, "x": 0.479, "y": 1 }
				]
			},
			"left_leg_lower": {
				"rotate": [
					{
						"time": 0,
						"angle": -45,
						"curve": [ 0.23, 0.28, 0.75, 1 ]
					},
					{
						"time": 0.1333,
						"angle": -28.67,
						"curve": [ 0.25, 0, 0.75, 1 ]
					},
					{ "time": 0.3, "angle": -88.96 }
				],
				"translate": [
					{ "time": 0, "x": -5, "y": -4.56 },
					{ "time": 0.3, "x": 0, "y": 0 }
				],
				"scale": [
					{ "time": 0, "x": 1, "y": 1, "curve": "stepped" },
					{ "time": 0.3, "x": 1, "y": 1 }
				]
			},
			"root": {
				"rotate": [
					{ "time": 0, "angle": 0, "curve": "stepped" },
					{ "time": 0.3, "angle": 0 }
				],
				"translate": [
					{ "time": 0, "x": 0, "y": 0, "curve": "stepped" },
					{ "time": 0.3, "x": 0, "y": 0 }
				],
				"scale": [
					{ "time": 0, "x": 1, "y": 1, "curve": "stepped" },
					{ "time": 0.3, "x": 1, "y": 1 }
				]
			},
			"left_foot_back": {
				"rotate": [
					{
						"time": 0,
						"angle": -7.82,
						"curve": [ 0.325, 0.3, 0.674, 0.69 ]
					},
					{
						"time": 0.1333,
						"angle": -13.16,
						"curve": [ 0.382, 0.57, 0.735, 1 ]
					},
					{ "time": 0.3, "angle": 4.41 }
				],
				"translate": [
					{ "time": 0.3, "x": 0, "y": 0 }
				],
				"scale": [
					{ "time": 0, "x": 1, "y": 1, "curve": "stepped" },
					{ "time": 0.3, "x": 1, "y": 1 }
				]
			},
			"left_leg_upper": {
				"rotate": [
					{
						"time": 0,
						"angle": 30.11,
						"curve": [ 0, 0.41, 0.75, 1 ]
					},
					{ "time": 0.3, "angle": -28.1 }
				],
				"translate": [
					{
						"time": 0,
						"x": -7.39,
						"y": -0.17,
						"curve": [ 0, 0.4, 0.75, 1 ]
					},
					{ "time": 0.3, "x": -15.9, "y": 1.64 }
				],
				"scale": [
					{ "time": 0, "x": 1, "y": 1, "curve": "stepped" },
					{ "time": 0.3, "x": 1, "y": 1 }
				]
			},
			"left_hand": {
				"rotate": [
					{ "time": 0, "angle": 0, "curve": "stepped" },
					{ "time": 0.3, "angle": 0 }
				],
				"translate": [
					{ "time": 0, "x": 0, "y": 0, "curve": "stepped" },
					{ "time": 0.3, "x": 0, "y": 0 }
				],
				"scale": [
					{ "time": 0, "x": 1, "y": 1, "curve": "stepped" },
					{ "time": 0.3, "x": 1, "y": 1 }
				]
			},
			"right_leg_lower": {
				"rotate": [
					{
						"time": 0,
						"angle": -115.76,
						"curve": [ 0.25, 0, 0.75, 1 ]
					},
					{ "time": 0.3, "angle": -20.73 }
				],
				"translate": [
					{ "time": 0, "x": 0, "y": 0, "curve": "stepped" },
					{ "time": 0.3, "x": 0, "y": 0 }
				],
				"scale": [
					{ "time": 0, "x": 1, "y": 1, "curve": "stepped" },
					{ "time": 0.3, "x": 1, "y": 1 }
				]
			},
			"right_upper_arm": {
				"rotate": [
					{
						"time": 0,
						"angle": -19.09,
						"curve": [ 0, 0.4, 0.52, 1 ]
					},
					{ "time": 0.3, "angle": -259.43 }
				],
				"translate": [
					{
						"time": 0,
						"x": -1.45,
						"y": 24.05,
						"curve": [ 0.25, 0, 0.75, 1 ]
					},
					{ "time": 0.3, "x": 2.62, "y": 1.55 }
				],
				"scale": [
					{ "time": 0, "x": 1, "y": 1, "curve": "stepped" },
					{ "time": 0.3, "x": 1, "y": 1 }
				]
			},
			"left_upper_arm": {
				"rotate": [
					{
						"time": 0,
						"angle": -312.21,
						"curve": [ 0, 0.3, 0.75, 1 ]
					},
					{ "time": 0.3, "angle": -42.33 }
				],
				"translate": [
					{
						"time": 0,
						"x": -2.87,
						"y": -4.81,
						"curve": [ 0.25, 0, 0.75, 1 ]
					},
					{ "time": 0.3, "x": -0.95, "y": 1.92 }
				],
				"scale": [
					{ "time": 0, "x": 1, "y": 1, "curve": "stepped" },
					{ "time": 0.3, "x": 1, "y": 1 }
				]
			},
			"right_hand": {
				"rotate": [
					{ "time": 0, "angle": 0, "curve": "stepped" },
					{ "time": 0.3, "angle": 0 }
				],
				"translate": [
					{ "time": 0, "x": 0, "y": 0, "curve": "stepped" },
					{ "time": 0.3, "x": 0, "y": 0 }
				],
				"scale": [
					{ "time": 0, "x": 1, "y": 1, "curve": "stepped" },
					{ "time": 0.3, "x": 1, "y": 1 }
				]
			},
			"left_foot_front": {
				"rotate": [
					{ "time": 0, "angle": 51.01 },
					{ "time": 0.1333, "angle": -1.95 },
					{ "time": 0.3, "angle": -7.42 }
				],
				"translate": [
					{ "time": 0, "x": 0, "y": 0, "curve": "stepped" },
					{ "time": 0.3, "x": 0, "y": 0 }
				],
				"scale": [
					{ "time": 0, "x": 1, "y": 1, "curve": "stepped" },
					{ "time": 0.3, "x": 1, "y": 1 }
				]
			}
		}
	},
	"land_to_run": {
		"slots": {
			"hair1": {
				"attachment": [
					{ "time": 0, "name": "hair1" }
				]
			}
		},
		"bones": {
			"right_food_front": {
				"rotate": [
					{ "time": 0, "angle": 69.43 },
					{ "time": 0.1333, "angle": 50.39 },
					{ "time": 0.1666, "angle": 9.14 },
					{ "time": 0.3333, "angle": -2.94 }
				],
				"translate": [
					{ "time": 0, "x": 0, "y": 0, "curve": "stepped" },
					{ "time": 0.3333, "x": 0, "y": 0 }
				],
				"scale": [
					{ "time": 0, "x": 1, "y": 1, "curve": "stepped" },
					{ "time": 0.3333, "x": 1, "y": 1 }
				]
			},
			"root": {
				"rotate": [
					{ "time": 0, "angle": 0, "curve": "stepped" },
					{ "time": 0.3333, "angle": 0 }
				],
				"translate": [
					{ "time": 0, "x": 0, "y": 0, "curve": "stepped" },
					{ "time": 0.3333, "x": 0, "y": 0 }
				],
				"scale": [
					{ "time": 0, "x": 1, "y": 1, "curve": "stepped" },
					{ "time": 0.3333, "x": 1, "y": 1 }
				]
			},
			"left_foot_front": {
				"rotate": [
					{ "time": 0, "angle": 50.21 },
					{ "time": 0.3333, "angle": -7.42 }
				],
				"translate": [
					{ "time": 0, "x": 0, "y": 0, "curve": "stepped" },
					{ "time": 0.3333, "x": 0, "y": 0 }
				],
				"scale": [
					{ "time": 0, "x": 1, "y": 1, "curve": "stepped" },
					{ "time": 0.3333, "x": 1, "y": 1 }
				]
			},
			"hair": {
				"rotate": [
					{ "time": 0, "angle": 0, "curve": "stepped" },
					{ "time": 0.3333, "angle": 0 }
				],
				"translate": [
					{ "time": 0, "x": 0, "y": 0, "curve": "stepped" },
					{ "time": 0.3333, "x": 0, "y": 0 }
				],
				"scale": [
					{ "time": 0, "x": 1, "y": 1, "curve": "stepped" },
					{ "time": 0.3333, "x": 1, "y": 1 }
				]
			},
			"left_foot_back": {
				"rotate": [
					{ "time": 0, "angle": 4.41 },
					{ "time": 0.1666, "angle": -20.63 },
					{ "time": 0.3333, "angle": 4.41 }
				],
				"scale": [
					{ "time": 0, "x": 1, "y": 1, "curve": "stepped" },
					{ "time": 0.3333, "x": 1, "y": 1 }
				]
			},
			"left_lower_arm": {
				"rotate": [
					{
						"time": 0,
						"angle": 5.55,
						"curve": [ 0.25, 0, 0.75, 1 ]
					},
					{ "time": 0.3333, "angle": 48.37 }
				],
				"translate": [
					{ "time": 0, "x": 0.3, "y": 0.06 }
				],
				"scale": [
					{ "time": 0, "x": 1.325, "y": 1 },
					{ "time": 0.3333, "x": 1, "y": 1 }
				]
			},
			"left_hand": {
				"rotate": [
					{ "time": 0, "angle": 0, "curve": "stepped" },
					{ "time": 0.3333, "angle": 0 }
				],
				"translate": [
					{ "time": 0, "x": 0, "y": 0, "curve": "stepped" },
					{ "time": 0.3333, "x": 0, "y": 0 }
				],
				"scale": [
					{ "time": 0, "x": 1, "y": 1, "curve": "stepped" },
					{ "time": 0.3333, "x": 1, "y": 1 }
				]
			},
			"right_upper_arm": {
				"rotate": [
					{
						"time": 0,
						"angle": -304.9,
						"curve": [ 0.281, 0, 0.568, 0.5 ]
					},
					{
						"time": 0.1666,
						"angle": -3.08,
						"curve": [ 0.23, 0.5, 0.539, 1 ]
					},
					{ "time": 0.3333, "angle": -51.22 }
				],
				"translate": [
					{
						"time": 0,
						"x": 1.28,
						"y": 9.23,
						"curve": [ 0.25, 0, 0.75, 1 ]
					},
					{ "time": 0.3333, "x": -2.6, "y": 18.82 }
				],
				"scale": [
					{ "time": 0, "x": 1.206, "y": 1 },
					{ "time": 0.3333, "x": 1, "y": 1 }
				]
			},
			"left_leg_upper": {
				"rotate": [
					{
						"time": 0,
						"angle": 71.8,
						"curve": [ 0.29, 0.22, 0.636, 0.64 ]
					},
					{
						"time": 0.1666,
						"angle": 88.78,
						"curve": [ 0.33, 0.53, 0.676, 0.98 ]
					},
					{ "time": 0.3333, "angle": 24.98 }
				],
				"translate": [
					{ "time": 0, "x": -2.67, "y": 7 },
					{ "time": 0.3333, "x": -7.3, "y": 2.6 }
				],
				"scale": [
					{ "time": 0, "x": 1, "y": 1, "curve": "stepped" },
					{ "time": 0.3333, "x": 1, "y": 1 }
				]
			},
			"right_lower_arm": {
				"rotate": [
					{
						"time": 0,
						"angle": 31.08,
						"curve": [ 0.349, 0.38, 0.688, 0.74 ]
					},
					{ "time": 0.3333, "angle": 93.69 }
				],
				"translate": [
					{
						"time": 0,
						"x": 1.66,
						"y": 2.88,
						"curve": [ 0.25, 0, 0.75, 1 ]
					},
					{ "time": 0.3333, "x": 0, "y": 0 }
				],
				"scale": [
					{ "time": 0, "x": 1.529, "y": 1 },
					{ "time": 0.3333, "x": 0.536, "y": 1 }
				]
			},
			"spine": {
				"rotate": [
					{ "time": 0, "angle": -51.22 },
					{ "time": 0.3333, "angle": -26.56 }
				],
				"translate": [
					{ "time": 0, "x": 0, "y": 0, "curve": "stepped" },
					{ "time": 0.3333, "x": 0, "y": 0 }
				],
				"scale": [
					{
						"time": 0,
						"x": 0.847,
						"y": 1,
						"curve": [ 0.419, 0, 0.747, 0.02 ]
					},
					{ "time": 0.3333, "x": 0.965, "y": 1 }
				]
			},
			"hip": {
				"rotate": [
					{ "time": 0, "angle": 0, "curve": "stepped" },
					{ "time": 0.3333, "angle": 0 }
				],
				"translate": [
					{
						"time": 0,
						"x": -35.86,
						"y": -66.52,
						"curve": [ 0.255, 0.23, 0.616, 0.61 ]
					},
					{
						"time": 0.1666,
						"x": -14.2,
						"y": 30.4,
						"curve": [ 0.354, 0, 0.847, 0.73 ]
					},
					{ "time": 0.3333, "x": 0, "y": -14.07 }
				],
				"scale": [
					{ "time": 0, "x": 1, "y": 1, "curve": "stepped" },
					{ "time": 0.3333, "x": 1, "y": 1 }
				]
			},
			"head": {
				"rotate": [
					{
						"time": 0,
						"angle": -3.56,
						"curve": [ 0.342, 0.36, 0.685, 0.72 ]
					},
					{
						"time": 0.1666,
						"angle": 41.02,
						"curve": [ 0.379, 0.6, 0.724, 1 ]
					},
					{ "time": 0.3333, "angle": 14.24 }
				],
				"translate": [
					{
						"time": 0,
						"x": -1.11,
						"y": 4.04,
						"curve": [ 0.25, 0, 0.75, 1 ]
					},
					{ "time": 0.3333, "x": -2.17, "y": 1.21 }
				],
				"scale": [
					{ "time": 0, "x": 1.014, "y": 1 },
					{ "time": 0.3333, "x": 1.014, "y": 0.962 }
				]
			},
			"left_leg_lower": {
				"rotate": [
					{
						"time": 0,
						"angle": -122.89,
						"curve": [ 0.263, 0.25, 0.631, 0.65 ]
					},
					{
						"time": 0.1,
						"angle": -108.09,
						"curve": [ 0.323, 0.33, 0.661, 0.67 ]
					},
					{
						"time": 0.1666,
						"angle": -113.77,
						"curve": [ 0.368, 0.55, 0.736, 1 ]
					},
					{ "time": 0.3333, "angle": -0.77 }
				],
				"translate": [
					{ "time": 0, "x": 0, "y": 0, "curve": "stepped" },
					{ "time": 0.3333, "x": 0, "y": 0 }
				],
				"scale": [
					{ "time": 0, "x": 0.8, "y": 1 },
					{ "time": 0.3333, "x": 1, "y": 1 }
				]
			},
			"left_upper_arm": {
				"rotate": [
					{
						"time": 0,
						"angle": -327.5,
						"curve": [ 0.16, 0.4, 0.54, 1 ]
					},
					{ "time": 0.3333, "angle": -301.76 }
				],
				"translate": [
					{
						"time": 0,
						"x": -3.05,
						"y": -0.41,
						"curve": [ 0.25, 0, 0.75, 1 ]
					},
					{ "time": 0.3333, "x": -0.22, "y": -13.2 }
				],
				"scale": [
					{ "time": 0, "x": 1.098, "y": 1 },
					{ "time": 0.3333, "x": 1, "y": 1 }
				]
			},
			"right_hand": {
				"rotate": [
					{ "time": 0, "angle": 6.68 },
					{ "time": 0.3333, "angle": 0 }
				],
				"translate": [
					{ "time": 0, "x": 0, "y": 0, "curve": "stepped" },
					{ "time": 0.3333, "x": 0, "y": 0 }
				],
				"scale": [
					{ "time": 0, "x": 1, "y": 1, "curve": "stepped" },
					{ "time": 0.3333, "x": 1, "y": 1 }
				]
			},
			"right_foot_back": {
				"rotate": [
					{ "time": 0, "angle": -17.87 },
					{ "time": 0.1, "angle": -47.63 },
					{ "time": 0.3333, "angle": 18.76 }
				],
				"scale": [
					{ "time": 0, "x": 1, "y": 1, "curve": "stepped" },
					{ "time": 0.3333, "x": 1, "y": 1 }
				]
			},
			"right_leg_upper": {
				"rotate": [
					{
						"time": 0,
						"angle": 92.62,
						"curve": [ 0.257, 0, 0.618, 0.45 ]
					},
					{
						"time": 0.1333,
						"angle": 15.96,
						"curve": [ 0.362, 0.44, 0.754, 1 ]
					},
					{ "time": 0.3333, "angle": -11.53 }
				],
				"translate": [
					{ "time": 0, "x": -1.73, "y": -1.37 },
					{ "time": 0.1333, "x": -0.38, "y": 2 },
					{ "time": 0.3333, "x": -5.16, "y": 9.07 }
				],
				"scale": [
					{ "time": 0, "x": 1, "y": 1, "curve": "stepped" },
					{ "time": 0.3333, "x": 1, "y": 1 }
				]
			},
			"right_leg_lower": {
				"rotate": [
					{
						"time": 0,
						"angle": -153.56,
						"curve": [ 0.257, 0, 0.618, 0.45 ]
					},
					{
						"time": 0.1333,
						"angle": -14.01,
						"curve": [ 0.267, 0.38, 0.761, 1 ]
					},
					{ "time": 0.3333, "angle": -88.47 }
				],
				"translate": [
					{ "time": 0, "x": 0, "y": 0, "curve": "stepped" },
					{ "time": 0.3333, "x": 0, "y": 0 }
				],
				"scale": [
					{ "time": 0, "x": 0.754, "y": 1 },
					{ "time": 0.3333, "x": 1, "y": 1 }
				]
			}
		}
	},
	"run_level": {
		"slots": {
			"face1": {
				"attachment": [
					{ "time": 0, "name": "face1" },
					{ "time": 0.6666, "name": "face1" }
				]
			},
			"hair1": {
				"attachment": [
					{ "time": 0, "name": "hair1" }
				]
			},
			"spine_01": {
				"attachment": [
					{ "time": 0, "name": "spine_01" },
					{ "time": 0.6666, "name": "spine_01" }
				]
			}
		},
		"bones": {
			"left_leg_upper": {
				"rotate": [
					{
						"time": 0,
						"angle": 24.98,
						"curve": [ 0.276, 0.26, 0.661, 0.98 ]
					},
					{
						"time": 0.1666,
						"angle": -10.5,
						"curve": [ 0.25, 0, 0.75, 1 ]
					},
					{
						"time": 0.3333,
						"angle": 2.05,
						"curve": [ 0.25, 0, 0.665, 1 ]
					},
					{
						"time": 0.5,
						"angle": 42.54,
						"curve": [ 0.375, 0.5, 0.75, 1 ]
					},
					{ "time": 0.6666, "angle": 24.98 }
				],
				"translate": [
					{ "time": 0, "x": -7.3, "y": 2.6 },
					{ "time": 0.3333, "x": -17.78, "y": 7.51 },
					{ "time": 0.5, "x": -10.28, "y": 1.66 },
					{ "time": 0.6666, "x": -7.3, "y": 2.6 }
				],
				"scale": [
					{ "time": 0, "x": 1, "y": 1, "curve": "stepped" },
					{ "time": 0.6666, "x": 1, "y": 1 }
				]
			},
			"left_leg_lower": {
				"rotate": [
					{
						"time": 0,
						"angle": -0.77,
						"curve": [ 0.263, 0.3, 0.736, 1 ]
					},
					{
						"time": 0.3333,
						"angle": -95.72,
						"curve": [ 0.25, 0, 0.879, 0.83 ]
					},
					{
						"time": 0.5,
						"angle": -72.83,
						"curve": [ 0.124, 0.2, 0.75, 1 ]
					},
					{ "time": 0.6666, "angle": -0.77 }
				],
				"translate": [
					{ "time": 0, "x": 0, "y": 0 },
					{ "time": 0.1333, "x": -0.26, "y": 3.75, "curve": "stepped" },
					{ "time": 0.5, "x": -0.26, "y": 3.75 },
					{ "time": 0.6666, "x": 0, "y": 0 }
				],
				"scale": [
					{ "time": 0, "x": 1, "y": 1, "curve": "stepped" },
					{ "time": 0.6666, "x": 1, "y": 1 }
				]
			},
			"right_leg_upper": {
				"rotate": [
					{
						"time": 0,
						"angle": -11.53,
						"curve": [ 0.25, 0, 0.75, 1 ]
					},
					{
						"time": 0.1666,
						"angle": 65.54,
						"curve": [ 0.25, 0, 0.75, 1 ]
					},
					{
						"time": 0.3333,
						"angle": 36.68,
						"curve": [ 0.203, 0.3, 0.568, 1 ]
					},
					{
						"time": 0.5,
						"angle": -14.87,
						"curve": [ 0.375, 0.5, 0.75, 1 ]
					},
					{ "time": 0.6666, "angle": -11.53 }
				],
				"translate": [
					{ "time": 0, "x": -5.16, "y": 9.07 },
					{ "time": 0.1666, "x": 0.75, "y": -1.15 },
					{ "time": 0.3333, "x": 1.02, "y": 8.57 },
					{ "time": 0.5, "x": -0.37, "y": 3.27 },
					{ "time": 0.6666, "x": -5.16, "y": 9.07 }
				],
				"scale": [
					{ "time": 0, "x": 1, "y": 1, "curve": "stepped" },
					{ "time": 0.6666, "x": 1, "y": 1 }
				]
			},
			"right_leg_lower": {
				"rotate": [
					{
						"time": 0,
						"angle": -88.47,
						"curve": [ 0.25, 0, 0.75, 1 ]
					},
					{
						"time": 0.1666,
						"angle": -84.08,
						"curve": [ 0.25, 0, 0.75, 1 ]
					},
					{
						"time": 0.3333,
						"angle": -7.55,
						"curve": [ 0.23, 0.26, 0.75, 1 ]
					},
					{ "time": 0.6666, "angle": -88.47 }
				],
				"translate": [
					{ "time": 0, "x": 0, "y": 0, "curve": "stepped" },
					{ "time": 0.6666, "x": 0, "y": 0 }
				],
				"scale": [
					{ "time": 0, "x": 1, "y": 1, "curve": "stepped" },
					{ "time": 0.6666, "x": 1, "y": 1 }
				]
			},
			"right_foot_back": {
				"rotate": [
					{ "time": 0, "angle": 18.76 },
					{ "time": 0.0666, "angle": -25.17 },
					{ "time": 0.3333, "angle": 9.28 },
					{
						"time": 0.4333,
						"angle": -13.1,
						"curve": [ 0.167, 0.24, 0.75, 1 ]
					},
					{ "time": 0.6666, "angle": 18.76 }
				],
				"scale": [
					{ "time": 0, "x": 1, "y": 1, "curve": "stepped" },
					{ "time": 0.6666, "x": 1, "y": 1 }
				]
			},
			"left_upper_arm": {
				"rotate": [
					{
						"time": 0,
						"angle": -301.76,
						"curve": [ 0.304, 0.64, 0.635, 1 ]
					},
					{
						"time": 0.3333,
						"angle": -49.42,
						"curve": [ 0.25, 0, 0.625, 0.5 ]
					},
					{
						"time": 0.5,
						"angle": -290.3,
						"curve": [ 0.296, 0.46, 0.575, 0.86 ]
					},
					{ "time": 0.6666, "angle": -301.76 }
				],
				"translate": [
					{
						"time": 0,
						"x": -0.22,
						"y": -13.2,
						"curve": [ 0.25, 0, 0.75, 1 ]
					},
					{
						"time": 0.3333,
						"x": -1.93,
						"y": 2.22,
						"curve": [ 0.25, 0, 0.387, 1 ]
					},
					{ "time": 0.6666, "x": -0.22, "y": -13.2 }
				],
				"scale": [
					{ "time": 0, "x": 1, "y": 1, "curve": "stepped" },
					{ "time": 0.6666, "x": 1, "y": 1 }
				]
			},
			"right_lower_arm": {
				"rotate": [
					{
						"time": 0,
						"angle": 93.69,
						"curve": [ 0.381, 0.54, 0.742, 1 ]
					},
					{
						"time": 0.3333,
						"angle": 52.74,
						"curve": [ 0.374, 0.61, 0.715, 1 ]
					},
					{ "time": 0.6666, "angle": 93.69 }
				],
				"translate": [
					{
						"time": 0,
						"x": 0,
						"y": 0,
						"curve": [ 0.25, 0, 0.75, 1 ]
					},
					{
						"time": 0.3333,
						"x": -0.31,
						"y": 4.35,
						"curve": [ 0.25, 0, 0.75, 1 ]
					},
					{ "time": 0.6666, "x": 0, "y": 0 }
				],
				"scale": [
					{ "time": 0, "x": 0.536, "y": 1 },
					{ "time": 0.0666, "x": 1, "y": 1, "curve": "stepped" },
					{ "time": 0.5, "x": 1, "y": 1 },
					{ "time": 0.6666, "x": 0.536, "y": 1 }
				]
			},
			"right_upper_arm": {
				"rotate": [
					{
						"time": 0,
						"angle": -51.22,
						"curve": [ 0.281, 0, 0.568, 0.5 ]
					},
					{
						"time": 0.1666,
						"angle": -328.99,
						"curve": [ 0.23, 0.5, 0.539, 1 ]
					},
					{
						"time": 0.3333,
						"angle": -323.32,
						"curve": [ 0.16, 0, 0.52, 1 ]
					},
					{ "time": 0.6666, "angle": -51.22 }
				],
				"translate": [
					{
						"time": 0,
						"x": -2.6,
						"y": 18.82,
						"curve": [ 0.25, 0, 0.14, 1 ]
					},
					{
						"time": 0.3333,
						"x": 5.17,
						"y": 1.05,
						"curve": [ 0.25, 0, 0.75, 1 ]
					},
					{ "time": 0.6666, "x": -2.6, "y": 18.82 }
				],
				"scale": [
					{ "time": 0, "x": 1, "y": 1 }
				]
			},
			"left_lower_arm": {
				"rotate": [
					{
						"time": 0,
						"angle": 48.37,
						"curve": [ 0.366, 0, 0.605, 0.5 ]
					},
					{
						"time": 0.1666,
						"angle": 83,
						"curve": [ 0.204, 0.5, 0.488, 1 ]
					},
					{
						"time": 0.3333,
						"angle": 117.94,
						"curve": [ 0.25, 0, 0.75, 1 ]
					},
					{ "time": 0.6666, "angle": 48.37 }
				],
				"scale": [
					{ "time": 0, "x": 1, "y": 1, "curve": "stepped" },
					{ "time": 0.1666, "x": 1, "y": 1 },
					{ "time": 0.3333, "x": 0.625, "y": 1 },
					{ "time": 0.5, "x": 1, "y": 1, "curve": "stepped" },
					{ "time": 0.6666, "x": 1, "y": 1 }
				]
			},
			"spine": {
				"rotate": [
					{ "time": 0, "angle": -26.56 },
					{ "time": 0.1666, "angle": -32.33 },
					{ "time": 0.3333, "angle": -26.56 },
					{ "time": 0.5, "angle": -32.33 },
					{ "time": 0.6666, "angle": -26.56 }
				],
				"translate": [
					{ "time": 0, "x": 0, "y": 0 }
				],
				"scale": [
					{
						"time": 0,
						"x": 0.965,
						"y": 1,
						"curve": [ 0.364, 0, 0.697, 0.05 ]
					},
					{
						"time": 0.1333,
						"x": 1,
						"y": 0.909,
						"curve": [ 0.387, 0.1, 0.718, 0.36 ]
					},
					{
						"time": 0.3333,
						"x": 0.965,
						"y": 1,
						"curve": [ 0.364, 0, 0.697, 0.05 ]
					},
					{
						"time": 0.4666,
						"x": 1,
						"y": 0.909,
						"curve": [ 0.387, 0.1, 0.718, 0.36 ]
					},
					{ "time": 0.6666, "x": 0.965, "y": 1 }
				]
			},
			"head": {
				"rotate": [
					{
						"time": 0,
						"angle": 14.24,
						"curve": [ 0.375, 0.5, 0.75, 1 ]
					},
					{
						"time": 0.1666,
						"angle": 19.62,
						"curve": [ 0.25, 0, 0.75, 1 ]
					},
					{
						"time": 0.3333,
						"angle": 14.24,
						"curve": [ 0.375, 0.5, 0.75, 1 ]
					},
					{
						"time": 0.5,
						"angle": 24.13,
						"curve": [ 0.25, 0, 0.75, 1 ]
					},
					{ "time": 0.6666, "angle": 14.24 }
				],
				"translate": [
					{
						"time": 0,
						"x": -2.17,
						"y": 1.21,
						"curve": [ 0.25, 0, 0.625, 0.5 ]
					},
					{
						"time": 0.1666,
						"x": -5.44,
						"y": 2.13,
						"curve": [ 0.375, 0.5, 0.75, 1 ]
					},
					{
						"time": 0.3333,
						"x": -3.64,
						"y": 5.01,
						"curve": [ 0.25, 0, 0.625, 0.5 ]
					},
					{
						"time": 0.5,
						"x": -5.86,
						"y": 1.97,
						"curve": [ 0.375, 0.5, 0.75, 1 ]
					},
					{ "time": 0.6666, "x": -2.17, "y": 1.21 }
				],
				"scale": [
					{
						"time": 0,
						"x": 1.014,
						"y": 0.962,
						"curve": [ 0.25, 0, 0.75, 1 ]
					},
					{
						"time": 0.1666,
						"x": 0.939,
						"y": 0.981,
						"curve": [ 0.375, 0.5, 0.75, 1 ]
					},
					{
						"time": 0.3333,
						"x": 1,
						"y": 1,
						"curve": [ 0.25, 0, 0.75, 1 ]
					},
					{
						"time": 0.5,
						"x": 0.939,
						"y": 0.981,
						"curve": [ 0.25, 0, 0.625, 0.5 ]
					},
					{ "time": 0.6666, "x": 1.014, "y": 0.962 }
				]
			},
			"left_foot_back": {
				"rotate": [
					{ "time": 0, "angle": 4.41 },
					{
						"time": 0.2333,
						"angle": -16.79,
						"curve": [ 0.264, 0, 0.617, 0.42 ]
					},
					{
						"time": 0.3333,
						"angle": -28.31,
						"curve": [ 0.351, 0.4, 0.756, 1 ]
					},
					{ "time": 0.5333, "angle": 14.82 },
					{ "time": 0.6666, "angle": 4.41 }
				],
				"scale": [
					{ "time": 0, "x": 1, "y": 1, "curve": "stepped" },
					{ "time": 0.6666, "x": 1, "y": 1 }
				]
			},
			"root": {
				"rotate": [
					{ "time": 0, "angle": 0, "curve": "stepped" },
					{ "time": 0.6666, "angle": 0 }
				],
				"translate": [
					{ "time": 0, "x": 0, "y": 0, "curve": "stepped" },
					{ "time": 0.6666, "x": 0, "y": 0 }
				],
				"scale": [
					{ "time": 0, "x": 1, "y": 1, "curve": "stepped" },
					{ "time": 0.6666, "x": 1, "y": 1 }
				]
			},
			"hair": {
				"rotate": [
					{ "time": 0, "angle": 0, "curve": "stepped" },
					{ "time": 0.6666, "angle": 0 }
				],
				"translate": [
					{ "time": 0, "x": 0, "y": 0, "curve": "stepped" },
					{ "time": 0.6666, "x": 0, "y": 0 }
				],
				"scale": [
					{ "time": 0, "x": 1, "y": 1, "curve": "stepped" },
					{ "time": 0.6666, "x": 1, "y": 1 }
				]
			},
			"left_foot_front": {
				"rotate": [
					{ "time": 0, "angle": -7.42 },
					{ "time": 0.1, "angle": 20.03 },
					{ "time": 0.3333, "angle": 8.72 },
					{ "time": 0.4333, "angle": -7.19 },
					{ "time": 0.6666, "angle": -7.42 }
				],
				"scale": [
					{ "time": 0, "x": 1, "y": 1, "curve": "stepped" },
					{ "time": 0.6666, "x": 1, "y": 1 }
				]
			},
			"left_hand": {
				"rotate": [
					{ "time": 0, "angle": 0, "curve": "stepped" },
					{ "time": 0.6666, "angle": 0 }
				],
				"translate": [
					{ "time": 0, "x": 0, "y": 0, "curve": "stepped" },
					{ "time": 0.6666, "x": 0, "y": 0 }
				],
				"scale": [
					{ "time": 0, "x": 1, "y": 1, "curve": "stepped" },
					{ "time": 0.6666, "x": 1, "y": 1 }
				]
			},
			"right_food_front": {
				"rotate": [
					{ "time": 0, "angle": -2.94 },
					{ "time": 0.0666, "angle": -12.13 },
					{
						"time": 0.3333,
						"angle": -2.94,
						"curve": [ 0.25, 0, 0.801, 0.73 ]
					},
					{
						"time": 0.4333,
						"angle": 49.75,
						"curve": [ 0, 0.34, 0.75, 1 ]
					},
					{ "time": 0.6666, "angle": -2.94 }
				],
				"translate": [
					{ "time": 0, "x": 0, "y": 0, "curve": "stepped" },
					{ "time": 0.6666, "x": 0, "y": 0 }
				],
				"scale": [
					{ "time": 0, "x": 1, "y": 1, "curve": "stepped" },
					{ "time": 0.6666, "x": 1, "y": 1 }
				]
			},
			"right_hand": {
				"rotate": [
					{ "time": 0, "angle": 0, "curve": "stepped" },
					{ "time": 0.6666, "angle": 0 }
				],
				"translate": [
					{ "time": 0, "x": 0, "y": 0, "curve": "stepped" },
					{ "time": 0.6666, "x": 0, "y": 0 }
				],
				"scale": [
					{ "time": 0, "x": 1, "y": 1, "curve": "stepped" },
					{ "time": 0.6666, "x": 1, "y": 1 }
				]
			},
			"hip": {
				"rotate": [
					{ "time": 0, "angle": 0 }
				],
				"translate": [
					{
						"time": 0,
						"x": 0,
						"y": -14.07,
						"curve": [ 0.246, 0.27, 0.75, 1 ]
					},
					{
						"time": 0.1666,
						"x": 0,
						"y": 12.45,
						"curve": [ 0.25, 0, 0.763, 0.72 ]
					},
					{
						"time": 0.3333,
						"x": 0,
						"y": -14.07,
						"curve": [ 0.216, 0.3, 0.75, 1 ]
					},
					{
						"time": 0.5,
						"x": 0,
						"y": 12.45,
						"curve": [ 0.25, 0, 0.763, 0.72 ]
					},
					{ "time": 0.6666, "x": 0, "y": -14.07 }
				],
				"scale": [
					{ "time": 0, "x": 1, "y": 1, "curve": "stepped" },
					{ "time": 0.6666, "x": 1, "y": 1 }
				]
			}
		}
	}
}
}