{
"skeleton": { "hash": "S82xjG1oggL3rVywA5RnR1JsnKM", "spine": "3.4.02", "width": 383.05, "height": 389.51, "images": "./images/" },
"bones": [
	{ "name": "root" },
	{ "name": "hip", "parent": "root", "rotation": -0.01, "x": -2.66, "y": 181.65 },
	{ "name": "torso", "parent": "hip", "length": 113.5, "rotation": 90.5, "x": 2.41, "y": -3.71 },
	{ "name": "arm_top_l", "parent": "torso", "length": 135.95, "rotation": 179.5, "x": 116.66, "y": 113.72, "inheritScale": false },
	{ "name": "arm_btm_l", "parent": "arm_top_l", "length": 94.08, "rotation": 360, "x": 137.1, "y": -0.31 },
	{ "name": "arm_top_r", "parent": "torso", "length": 120.41, "rotation": 179.5, "x": 116.18, "y": -105.81, "inheritScale": false },
	{ "name": "arm_btm_r", "parent": "arm_top_r", "length": 90.08, "x": 120.53, "y": -0.3, "inheritScale": false },
	{ "name": "ball_top", "parent": "hip", "x": 2.67, "y": -27.41 },
	{ "name": "ball_btm", "parent": "ball_top", "rotation": -0.01, "inheritRotation": false },
	{ "name": "pelvis", "parent": "hip", "x": 0.78, "y": -3.67 },
	{ "name": "leg_top_l", "parent": "pelvis", "length": 61.3, "rotation": -92.27, "x": -63.06, "y": -31.21, "inheritScale": false },
	{ "name": "leg_btm_l", "parent": "leg_top_l", "length": 49.32, "rotation": 362.28, "x": 72.88, "y": 7.93, "inheritScale": false },
	{ "name": "foot_l", "parent": "leg_btm_l", "length": 27.97, "rotation": 63.72, "x": 54.69, "y": -8.38 },
	{ "name": "leg_top_r", "parent": "pelvis", "length": 74.04, "rotation": -91.22, "x": 68.81, "y": -17.59, "inheritScale": false },
	{ "name": "leg_btm_r", "parent": "leg_top_r", "length": 56.12, "rotation": 1.23, "x": 75.65, "y": 0.33, "inheritScale": false },
	{ "name": "foot_r", "parent": "leg_btm_r", "length": 30.87, "rotation": 61.54, "x": 60.33, "y": 3.2 },
	{ "name": "hand_l", "parent": "arm_btm_l", "length": 26.25, "rotation": 360, "x": 101.13, "y": 11.35 },
	{ "name": "hand_r", "parent": "arm_btm_r", "length": 28.6, "rotation": 360, "x": 95.75, "y": -4.6 },
	{ "name": "head", "parent": "torso", "length": 42.22, "rotation": -0.49, "x": 146.01, "y": -14.17, "inheritScale": false }
],
"slots": [
	{ "name": "arm_top_r", "bone": "arm_top_r", "attachment": "cannonbolt_arm_top_r" },
	{ "name": "hand_r", "bone": "hand_r" },
	{ "name": "arm_btm_r", "bone": "arm_btm_r", "attachment": "cannonbolt_arm_btm_r" },
	{ "name": "foot_r", "bone": "foot_r" },
	{ "name": "leg_top_r", "bone": "leg_top_r", "attachment": "cannonbolt_leg_r" },
	{ "name": "leg_btm_r", "bone": "leg_btm_r", "attachment": "cannonbolt_foot_r" },
	{ "name": "foot_l", "bone": "foot_l" },
	{ "name": "pelvis", "bone": "pelvis", "attachment": "cannonbolt_hip" },
	{ "name": "torso", "bone": "torso", "attachment": "cannonbolt_torso" },
	{ "name": "head", "bone": "head" },
	{ "name": "leg_top_l", "bone": "leg_top_l", "attachment": "cannonbolt_leg_l" },
	{ "name": "leg_btm_l", "bone": "leg_btm_l", "attachment": "cannonbolt_foot_l" },
	{ "name": "arm_top_l", "bone": "arm_top_l", "attachment": "cannonbolt_arm_top_l" },
	{ "name": "hand_l", "bone": "hand_l" },
	{ "name": "arm_btm_l", "bone": "arm_btm_l", "attachment": "cannonbolt_arm_btm_l" },
	{ "name": "ball_btm", "bone": "ball_btm" },
	{ "name": "ball_top", "bone": "ball_top" }
],
"skins": {
	"default": {
		"arm_btm_l": {
			"cannonbolt_arm_btm_l": { "x": 60.29, "y": -21.57, "rotation": 91.03, "width": 126, "height": 176 }
		},
		"arm_btm_r": {
			"cannonbolt_arm_btm_r": { "x": 56.27, "y": 0.53, "rotation": 77.54, "width": 122, "height": 160 }
		},
		"arm_top_l": {
			"cannonbolt_arm_top_l": { "x": 70.82, "y": -8.77, "rotation": 89.69, "width": 122, "height": 200 }
		},
		"arm_top_r": {
			"cannonbolt_arm_top_r": { "x": 63.39, "y": 8.93, "rotation": 88.68, "width": 109, "height": 174 }
		},
		"ball_btm": {
			"cannonbolt_ball_btm": { "rotation": 0.01, "width": 270, "height": 269 }
		},
		"ball_top": {
			"cannonbolt_ball_top": { "rotation": 0.01, "width": 273, "height": 274 }
		},
		"leg_btm_l": {
			"cannonbolt_foot_l": { "x": 30.78, "y": 0.19, "rotation": 91.02, "width": 102, "height": 116 }
		},
		"leg_btm_r": {
			"cannonbolt_foot_r": { "x": 27.41, "y": 0.68, "rotation": 93.35, "width": 100, "height": 128 }
		},
		"leg_top_l": {
			"cannonbolt_leg_l": { "x": 47.26, "y": 1.1, "rotation": 99.91, "width": 103, "height": 151 }
		},
		"leg_top_r": {
			"cannonbolt_leg_r": { "x": 46.31, "y": 4.64, "rotation": 89.13, "width": 101, "height": 150 }
		},
		"pelvis": {
			"cannonbolt_hip": { "x": -1.95, "y": 1.27, "rotation": 0.01, "width": 214, "height": 173 }
		},
		"torso": {
			"cannonbolt_torso": { "x": 74.58, "y": 5.67, "rotation": -90.49, "width": 267, "height": 242 }
		}
	}
},
"events": {
	"shoot": {}
},
"animations": {
	"die": {
		"slots": {
			"ball_btm": {
				"attachment": [
					{ "time": 0, "name": null }
				]
			},
			"ball_top": {
				"attachment": [
					{ "time": 0, "name": null }
				]
			}
		},
		"bones": {
			"hip": {
				"rotate": [
					{
						"time": 0,
						"angle": 0,
						"curve": [ 0, 0.39, 1, 1 ]
					},
					{ "time": 0.1, "angle": 29.61 },
					{
						"time": 0.3333,
						"angle": 121.32,
						"curve": [ 0, 0, 0.75, 1 ]
					},
					{ "time": 0.5, "angle": 98.84 }
				],
				"translate": [
					{ "time": 0, "x": 0, "y": 0, "curve": "stepped" },
					{ "time": 0.1, "x": 0, "y": 0 },
					{
						"time": 0.3333,
						"x": 29.74,
						"y": -143.04,
						"curve": [ 0, 0, 0.75, 1 ]
					},
					{ "time": 0.4, "x": 29.74, "y": -121.97 }
				],
				"scale": [
					{ "time": 0, "x": 1, "y": 1 }
				]
			},
			"pelvis": {
				"rotate": [
					{
						"time": 0,
						"angle": 0,
						"curve": [ 0, 0.39, 1, 1 ]
					},
					{ "time": 0.1, "angle": 27.94 },
					{
						"time": 0.3333,
						"angle": 96.5,
						"curve": [ 0, 0, 0.75, 1 ]
					},
					{ "time": 0.5, "angle": -2.62 }
				],
				"translate": [
					{ "time": 0, "x": 0, "y": 0, "curve": "stepped" },
					{ "time": 1, "x": 0, "y": 0 }
				],
				"scale": [
					{ "time": 0, "x": 1, "y": 1 }
				]
			},
			"torso": {
				"rotate": [
					{
						"time": 0,
						"angle": 0,
						"curve": [ 0, 0.39, 1, 1 ]
					},
					{ "time": 0.1, "angle": 28.76 },
					{
						"time": 0.3333,
						"angle": -29.91,
						"curve": [ 0, 0, 0.75, 1 ]
					},
					{ "time": 0.5, "angle": -18.41 }
				],
				"translate": [
					{ "time": 0, "x": 0, "y": 0 }
				],
				"scale": [
					{ "time": 0, "x": 1, "y": 1 }
				]
			},
			"leg_top_l": {
				"rotate": [
					{
						"time": 0,
						"angle": 0,
						"curve": [ 0, 0.39, 1, 1 ]
					},
					{ "time": 0.1, "angle": -18.51 },
					{
						"time": 0.3333,
						"angle": 40.74,
						"curve": [ 0, 0, 0.51, 0.57 ]
					},
					{
						"time": 0.5,
						"angle": 22.91,
						"curve": [ 0.395, 0.55, 0.78, 1 ]
					},
					{ "time": 0.5333, "angle": 1.45 },
					{ "time": 0.5666, "angle": -6.57 }
				],
				"translate": [
					{ "time": 0, "x": 0, "y": 0 },
					{ "time": 0.3333, "x": -9.17, "y": 13.18 },
					{ "time": 0.5333, "x": 0, "y": 0 }
				],
				"scale": [
					{ "time": 0, "x": 1, "y": 1 }
				]
			},
			"leg_btm_l": {
				"rotate": [
					{
						"time": 0,
						"angle": 0,
						"curve": [ 0, 0.39, 1, 1 ]
					},
					{ "time": 0.1, "angle": -54.86 },
					{
						"time": 0.3333,
						"angle": -19.35,
						"curve": [ 0, 0, 0.75, 1 ]
					},
					{
						"time": 0.5,
						"angle": -54.94,
						"curve": [ 0.25, 0, 0.75, 1 ]
					},
					{ "time": 0.5333, "angle": -390.84 },
					{ "time": 0.5666, "angle": -379.22 }
				],
				"translate": [
					{ "time": 0, "x": 0, "y": 0 }
				],
				"scale": [
					{ "time": 0, "x": 1, "y": 1 }
				]
			},
			"leg_top_r": {
				"rotate": [
					{
						"time": 0,
						"angle": 0,
						"curve": [ 0, 0.39, 1, 1 ]
					},
					{ "time": 0.1, "angle": 71.05 },
					{
						"time": 0.3333,
						"angle": 13.38,
						"curve": [ 0, 0, 0.75, 1 ]
					},
					{
						"time": 0.5,
						"angle": 7.6,
						"curve": [ 0.25, 0, 0.75, 1 ]
					},
					{ "time": 0.5333, "angle": -17.92 }
				],
				"translate": [
					{ "time": 0, "x": 0, "y": 0 }
				],
				"scale": [
					{ "time": 0, "x": 1, "y": 1 }
				]
			},
			"leg_btm_r": {
				"rotate": [
					{
						"time": 0,
						"angle": 0,
						"curve": [ 0, 0.39, 1, 1 ]
					},
					{ "time": 0.1, "angle": -94.16 },
					{
						"time": 0.3333,
						"angle": -48.8,
						"curve": [ 0, 0, 0.75, 1 ]
					},
					{
						"time": 0.5,
						"angle": -385.39,
						"curve": [ 0.25, 0, 0.75, 1 ]
					},
					{ "time": 0.5666, "angle": -373.46 }
				],
				"translate": [
					{ "time": 0, "x": 0, "y": 0 }
				],
				"scale": [
					{ "time": 0, "x": 1, "y": 1 }
				]
			},
			"foot_r": {
				"rotate": [
					{
						"time": 0,
						"angle": 0,
						"curve": [ 0, 0.39, 1, 1 ]
					},
					{ "time": 0.1, "angle": -16.37, "curve": "stepped" },
					{ "time": 0.3333, "angle": -16.37, "curve": "stepped" },
					{ "time": 0.5, "angle": -16.37 }
				],
				"translate": [
					{ "time": 0, "x": 0, "y": 0 }
				],
				"scale": [
					{ "time": 0, "x": 1, "y": 1 }
				]
			},
			"arm_top_l": {
				"rotate": [
					{
						"time": 0,
						"angle": -7.22,
						"curve": [ 0, 0.39, 1, 1 ]
					},
					{ "time": 0.2, "angle": -223.67 },
					{
						"time": 0.5,
						"angle": -358.46,
						"curve": [ 0.25, 0, 0.75, 1 ]
					},
					{ "time": 0.5666, "angle": -347.03 }
				],
				"translate": [
					{ "time": 0, "x": 0, "y": 0 }
				],
				"scale": [
					{ "time": 0, "x": 1, "y": 1 }
				]
			},
			"arm_btm_l": {
				"rotate": [
					{
						"time": 0,
						"angle": 11.75,
						"curve": [ 0, 0.39, 1, 1 ]
					},
					{ "time": 0.2, "angle": 30.07 },
					{
						"time": 0.5,
						"angle": -356.54,
						"curve": [ 0.25, 0, 0.75, 1 ]
					},
					{ "time": 0.5666, "angle": -6.29 }
				],
				"translate": [
					{ "time": 0, "x": 0, "y": 0 }
				],
				"scale": [
					{ "time": 0, "x": 1, "y": 1 }
				]
			},
			"arm_top_r": {
				"rotate": [
					{
						"time": 0,
						"angle": 4.82,
						"curve": [ 0, 0.39, 1, 1 ]
					},
					{ "time": 0.2, "angle": 116.95 },
					{ "time": 0.5, "angle": -48.21 },
					{ "time": 0.5666, "angle": -49.47 }
				],
				"translate": [
					{ "time": 0, "x": 0, "y": 0 }
				],
				"scale": [
					{ "time": 0, "x": 1, "y": 1 }
				]
			},
			"arm_btm_r": {
				"rotate": [
					{ "time": 0, "angle": 0 },
					{ "time": 0.2, "angle": -318.52 },
					{ "time": 0.5, "angle": -311.84 },
					{ "time": 0.5666, "angle": -302.72 }
				],
				"translate": [
					{ "time": 0, "x": 0, "y": 0 }
				],
				"scale": [
					{ "time": 0, "x": 1, "y": 1 }
				]
			},
			"head": {
				"rotate": [
					{
						"time": 0,
						"angle": 0,
						"curve": [ 0, 0.39, 1, 1 ]
					},
					{
						"time": 0.3333,
						"angle": -33.65,
						"curve": [ 0, 0, 0.75, 1 ]
					},
					{ "time": 0.5, "angle": 0 }
				],
				"translate": [
					{ "time": 0, "x": 0, "y": 0 }
				],
				"scale": [
					{ "time": 0, "x": 1, "y": 1 }
				]
			},
			"root": {
				"rotate": [
					{ "time": 0, "angle": 0 }
				],
				"translate": [
					{ "time": 0, "x": 0, "y": 0 }
				],
				"scale": [
					{ "time": 0, "x": 1, "y": 1 }
				]
			},
			"foot_l": {
				"rotate": [
					{ "time": 0, "angle": 0 }
				],
				"translate": [
					{ "time": 0, "x": 0, "y": 0 }
				],
				"scale": [
					{ "time": 0, "x": 1, "y": 1 }
				]
			},
			"hand_l": {
				"rotate": [
					{ "time": 0, "angle": 0, "curve": "stepped" },
					{ "time": 0.4, "angle": 0 },
					{ "time": 0.5, "angle": -330.79 },
					{ "time": 0.5666, "angle": 0 }
				],
				"translate": [
					{ "time": 0, "x": 0, "y": 0 }
				],
				"scale": [
					{ "time": 0, "x": 1, "y": 1 }
				]
			},
			"hand_r": {
				"rotate": [
					{ "time": 0, "angle": 0, "curve": "stepped" },
					{ "time": 0.4, "angle": 0 },
					{ "time": 0.5, "angle": 16.3 },
					{ "time": 0.5666, "angle": -5.7 }
				],
				"translate": [
					{ "time": 0, "x": 0, "y": 0 }
				],
				"scale": [
					{ "time": 0, "x": 1, "y": 1 }
				]
			},
			"ball_top": {
				"rotate": [
					{ "time": 0, "angle": 0 }
				],
				"translate": [
					{ "time": 0, "x": 0, "y": 0 }
				],
				"scale": [
					{ "time": 0, "x": 1, "y": 1 }
				]
			},
			"ball_btm": {
				"rotate": [
					{ "time": 0, "angle": 0 }
				],
				"translate": [
					{ "time": 0, "x": 0, "y": 0 }
				],
				"scale": [
					{ "time": 0, "x": 1, "y": 1 }
				]
			}
		},
		"drawOrder": [
			{ "time": 0 }
		]
	},
	"fall": {
		"slots": {
			"ball_btm": {
				"attachment": [
					{ "time": 0, "name": null }
				]
			},
			"ball_top": {
				"attachment": [
					{ "time": 0, "name": null }
				]
			}
		},
		"bones": {
			"head": {
				"rotate": [
					{
						"time": 0,
						"angle": 19.62,
						"curve": [ 0.236, 0.31, 0.75, 1 ]
					},
					{ "time": 0.6666, "angle": -21.3 }
				],
				"translate": [
					{
						"time": 0,
						"x": 6.5,
						"y": 10.68,
						"curve": [ 0.236, 0.31, 0.75, 1 ]
					},
					{ "time": 0.6666, "x": 5.62, "y": 5.54 }
				],
				"scale": [
					{ "time": 0, "x": 1.014, "y": 1 }
				]
			},
			"torso": {
				"rotate": [
					{
						"time": 0,
						"angle": -26.56,
						"curve": [ 0.236, 0.31, 0.75, 1 ]
					},
					{ "time": 0.6666, "angle": -8.54 }
				],
				"translate": [
					{ "time": 0, "x": 0, "y": 0 }
				],
				"scale": [
					{ "time": 0, "x": 1, "y": 1, "curve": "stepped" },
					{ "time": 0.6666, "x": 1, "y": 1 }
				]
			},
			"leg_top_l": {
				"rotate": [
					{
						"time": 0,
						"angle": 30.42,
						"curve": [ 0.236, 0.31, 0.75, 1 ]
					},
					{ "time": 0.6666, "angle": 20.1 }
				],
				"translate": [
					{ "time": 0, "x": -1.1, "y": 19.81 },
					{ "time": 0.6666, "x": -1.1, "y": 13.21 }
				],
				"scale": [
					{ "time": 0, "x": 1, "y": 1, "curve": "stepped" },
					{ "time": 0.6666, "x": 1, "y": 1 }
				]
			},
			"hip": {
				"rotate": [
					{ "time": 0, "angle": 0, "curve": "stepped" },
					{ "time": 0.6666, "angle": 0 }
				],
				"translate": [
					{
						"time": 0,
						"x": 0,
						"y": -14.07,
						"curve": [ 0.236, 0.31, 0.75, 1 ]
					},
					{ "time": 0.6666, "x": 0, "y": 16 }
				],
				"scale": [
					{ "time": 0, "x": 1, "y": 1, "curve": "stepped" },
					{ "time": 0.6666, "x": 1, "y": 1 }
				]
			},
			"arm_btm_l": {
				"rotate": [
					{
						"time": 0,
						"angle": 44.37,
						"curve": [ 0.236, 0.31, 0.75, 1 ]
					},
					{ "time": 0.6666, "angle": 121.27 }
				],
				"translate": [
					{ "time": 0, "x": 0, "y": 0, "curve": "stepped" },
					{ "time": 0.6666, "x": 0, "y": 0 }
				],
				"scale": [
					{ "time": 0, "x": 1, "y": 1 },
					{ "time": 0.6666, "x": 0.95, "y": 1.113 }
				]
			},
			"foot_l": {
				"rotate": [
					{
						"time": 0,
						"angle": -17.87,
						"curve": [ 0.236, 0.31, 0.75, 1 ]
					},
					{ "time": 0.6666, "angle": 8.07 }
				],
				"translate": [
					{
						"time": 0,
						"x": 1.4,
						"y": 0.49,
						"curve": [ 0.236, 0.31, 0.75, 1 ]
					},
					{ "time": 0.6666, "x": 0, "y": 0 }
				],
				"scale": [
					{ "time": 0, "x": 1, "y": 1, "curve": "stepped" },
					{ "time": 0.6666, "x": 1, "y": 1 }
				]
			},
			"arm_btm_r": {
				"rotate": [
					{ "time": 0, "angle": 48.37, "curve": "stepped" },
					{ "time": 0.6666, "angle": 48.37 }
				],
				"translate": [
					{ "time": 0, "x": -2.72, "y": -5.49 }
				],
				"scale": [
					{ "time": 0, "x": 0.7, "y": 0.893 },
					{ "time": 0.6666, "x": 0.827, "y": 1.016 }
				]
			},
			"leg_btm_r": {
				"rotate": [
					{
						"time": 0,
						"angle": -77.59,
						"curve": [ 0.236, 0.31, 0.75, 1 ]
					},
					{ "time": 0.6666, "angle": -104.16 }
				],
				"translate": [
					{ "time": 0, "x": -2.22, "y": 6.87 }
				],
				"scale": [
					{ "time": 0, "x": 1, "y": 1, "curve": "stepped" },
					{ "time": 0.6666, "x": 1, "y": 1 }
				]
			},
			"root": {
				"rotate": [
					{ "time": 0, "angle": 0, "curve": "stepped" },
					{ "time": 0.6666, "angle": 0 }
				],
				"translate": [
					{ "time": 0, "x": 0, "y": 0, "curve": "stepped" },
					{ "time": 0.6666, "x": 0, "y": 0 }
				],
				"scale": [
					{ "time": 0, "x": 1, "y": 1, "curve": "stepped" },
					{ "time": 0.6666, "x": 1, "y": 1 }
				]
			},
			"foot_r": {
				"rotate": [
					{
						"time": 0,
						"angle": 10.92,
						"curve": [ 0.236, 0.31, 0.75, 1 ]
					},
					{ "time": 0.6666, "angle": -13.37 }
				],
				"translate": [
					{ "time": 0, "x": 0, "y": 0 }
				],
				"scale": [
					{ "time": 0, "x": 1, "y": 1, "curve": "stepped" },
					{ "time": 0.6666, "x": 1, "y": 1 }
				]
			},
			"leg_top_r": {
				"rotate": [
					{
						"time": 0,
						"angle": -28.1,
						"curve": [ 0.236, 0.31, 0.75, 1 ]
					},
					{ "time": 0.6666, "angle": -6.65 }
				],
				"scale": [
					{ "time": 0, "x": 1, "y": 1, "curve": "stepped" },
					{ "time": 0.6666, "x": 1, "y": 1 }
				]
			},
			"hand_r": {
				"rotate": [
					{ "time": 0, "angle": 0, "curve": "stepped" },
					{ "time": 0.6666, "angle": 0 }
				],
				"translate": [
					{ "time": 0, "x": 0, "y": 0, "curve": "stepped" },
					{ "time": 0.6666, "x": 0, "y": 0 }
				],
				"scale": [
					{ "time": 0, "x": 1, "y": 1 }
				]
			},
			"leg_btm_l": {
				"rotate": [
					{
						"time": 0,
						"angle": -20.73,
						"curve": [ 0.236, 0.31, 0.75, 1 ]
					},
					{ "time": 0.6666, "angle": 8.01 }
				],
				"translate": [
					{
						"time": 0,
						"x": 0,
						"y": 0,
						"curve": [ 0.236, 0.31, 0.75, 1 ]
					},
					{ "time": 0.6666, "x": -3.48, "y": -0.03 }
				],
				"scale": [
					{ "time": 0, "x": 1, "y": 1, "curve": "stepped" },
					{ "time": 0.6666, "x": 1, "y": 1 }
				]
			},
			"arm_top_r": {
				"rotate": [
					{
						"time": 0,
						"angle": -268.43,
						"curve": [ 0.236, 0.31, 0.75, 1 ]
					},
					{ "time": 0.6666, "angle": -297.78 }
				],
				"translate": [
					{ "time": 0, "x": -0.86, "y": -0.42 },
					{ "time": 0.6666, "x": -1.9, "y": -0.24 }
				],
				"scale": [
					{
						"time": 0,
						"x": 1,
						"y": 1,
						"curve": [ 0.236, 0.31, 0.75, 1 ]
					},
					{ "time": 0.6666, "x": 0.612, "y": 1 }
				]
			},
			"arm_top_l": {
				"rotate": [
					{
						"time": 0,
						"angle": -42.33,
						"curve": [ 0.236, 0.31, 0.75, 1 ]
					},
					{ "time": 0.6666, "angle": -71.29 }
				],
				"translate": [
					{ "time": 0, "x": 0, "y": 0 },
					{ "time": 0.6666, "x": 1.74, "y": -16.43 }
				],
				"scale": [
					{
						"time": 0,
						"x": 1,
						"y": 1,
						"curve": [ 0.236, 0.31, 0.75, 1 ]
					},
					{ "time": 0.6666, "x": 0.75, "y": 1 }
				]
			},
			"hand_l": {
				"rotate": [
					{
						"time": 0,
						"angle": 0,
						"curve": [ 0.236, 0.31, 0.75, 1 ]
					},
					{ "time": 0.6666, "angle": -2.11 }
				],
				"translate": [
					{ "time": 0, "x": 0, "y": 0, "curve": "stepped" },
					{ "time": 0.6666, "x": 0, "y": 0 }
				],
				"scale": [
					{ "time": 0, "x": 1, "y": 1, "curve": "stepped" },
					{ "time": 0.6666, "x": 1, "y": 1 }
				]
			},
			"pelvis": {
				"translate": [
					{ "time": 0, "x": 0, "y": 0 }
				]
			},
			"ball_top": {
				"rotate": [
					{ "time": 0, "angle": 0 }
				],
				"translate": [
					{ "time": 0, "x": 0, "y": 0 }
				],
				"scale": [
					{ "time": 0, "x": 1, "y": 1 }
				]
			},
			"ball_btm": {
				"rotate": [
					{ "time": 0, "angle": 0 }
				],
				"translate": [
					{ "time": 0, "x": 0, "y": 0 }
				],
				"scale": [
					{ "time": 0, "x": 1, "y": 1 }
				]
			}
		},
		"drawOrder": [
			{ "time": 0 }
		]
	},
	"fall_to_land": {
		"slots": {
			"ball_btm": {
				"attachment": [
					{ "time": 0, "name": null }
				]
			},
			"ball_top": {
				"attachment": [
					{ "time": 0, "name": null }
				]
			}
		},
		"bones": {
			"root": {
				"rotate": [
					{ "time": 0, "angle": 0, "curve": "stepped" },
					{ "time": 0.2666, "angle": 0 }
				],
				"translate": [
					{ "time": 0, "x": 0, "y": 0, "curve": "stepped" },
					{ "time": 0.2666, "x": 0, "y": 0 }
				],
				"scale": [
					{ "time": 0, "x": 1, "y": 1, "curve": "stepped" },
					{ "time": 0.2666, "x": 1, "y": 1 }
				]
			},
			"foot_r": {
				"rotate": [
					{ "time": 0, "angle": -5.42 },
					{ "time": 0.2666, "angle": 4.41 }
				],
				"translate": [
					{ "time": 0, "x": 12.95, "y": -6.91, "curve": "stepped" },
					{ "time": 0.2666, "x": 12.95, "y": -6.91 }
				],
				"scale": [
					{ "time": 0, "x": 1, "y": 1, "curve": "stepped" },
					{ "time": 0.2666, "x": 1, "y": 1 }
				]
			},
			"arm_btm_r": {
				"rotate": [
					{ "time": 0, "angle": 48.37 },
					{ "time": 0.2666, "angle": 68.54 }
				],
				"translate": [
					{ "time": 0, "x": 0, "y": -6.62 },
					{ "time": 0.2666, "x": 2.76, "y": -1.9 }
				],
				"scale": [
					{ "time": 0, "x": 1, "y": 1 }
				]
			},
			"hand_r": {
				"rotate": [
					{ "time": 0, "angle": 0 },
					{ "time": 0.2666, "angle": -379.56 }
				],
				"translate": [
					{ "time": 0, "x": 0, "y": 0, "curve": "stepped" },
					{ "time": 0.2666, "x": 0, "y": 0 }
				],
				"scale": [
					{ "time": 0, "x": 1, "y": 1, "curve": "stepped" },
					{ "time": 0.2666, "x": 1, "y": 1 }
				]
			},
			"arm_top_r": {
				"rotate": [
					{ "time": 0, "angle": 62.21 },
					{ "time": 0.1333, "angle": -232.06 },
					{ "time": 0.2666, "angle": -303.48 }
				],
				"translate": [
					{ "time": 0, "x": -1.9, "y": -0.24 },
					{ "time": 0.2666, "x": 37.03, "y": 57.92 }
				],
				"scale": [
					{ "time": 0, "x": 1, "y": 1 }
				]
			},
			"leg_top_r": {
				"rotate": [
					{ "time": 0, "angle": -1.14 },
					{
						"time": 0.1333,
						"angle": -1.8,
						"curve": [ 0.29, 0.22, 0.636, 0.64 ]
					},
					{ "time": 0.2666, "angle": 7.95 }
				],
				"translate": [
					{ "time": 0, "x": -15.9, "y": 1.64 },
					{ "time": 0.2666, "x": -28.36, "y": 17.09 }
				],
				"scale": [
					{ "time": 0, "x": 1, "y": 1, "curve": "stepped" },
					{ "time": 0.2666, "x": 1, "y": 1 }
				]
			},
			"arm_btm_l": {
				"rotate": [
					{ "time": 0, "angle": 121.27 },
					{ "time": 0.1333, "angle": 55.67 },
					{ "time": 0.2666, "angle": 31.08 }
				],
				"translate": [
					{ "time": 0, "x": 0, "y": 0, "curve": "stepped" },
					{ "time": 0.2666, "x": 0, "y": 0 }
				],
				"scale": [
					{ "time": 0, "x": 1, "y": 1 }
				]
			},
			"torso": {
				"rotate": [
					{ "time": 0, "angle": -8.54 },
					{ "time": 0.2666, "angle": -51.22 }
				],
				"translate": [
					{ "time": 0, "x": 0, "y": 0 }
				],
				"scale": [
					{ "time": 0, "x": 1, "y": 1 }
				]
			},
			"hip": {
				"rotate": [
					{ "time": 0, "angle": 0 }
				],
				"translate": [
					{ "time": 0, "x": 0, "y": -14.07 },
					{ "time": 0.2666, "x": -35.86, "y": -117.39 }
				],
				"scale": [
					{ "time": 0, "x": 1, "y": 1, "curve": "stepped" },
					{ "time": 0.2666, "x": 1, "y": 1 }
				]
			},
			"head": {
				"rotate": [
					{ "time": 0, "angle": -21.3 },
					{
						"time": 0.1,
						"angle": 38.54,
						"curve": [ 0.363, 0.53, 0.753, 1 ]
					},
					{ "time": 0.2666, "angle": -3.56 }
				],
				"translate": [
					{ "time": 0, "x": 5.97, "y": -0.93 },
					{ "time": 0.2666, "x": -1.11, "y": 4.04 }
				],
				"scale": [
					{ "time": 0, "x": 1.066, "y": 1 },
					{ "time": 0.2666, "x": 1.014, "y": 1 }
				]
			},
			"leg_btm_r": {
				"rotate": [
					{ "time": 0, "angle": -123.84 },
					{ "time": 0.1333, "angle": -80.47 },
					{ "time": 0.2666, "angle": -122.89 }
				],
				"translate": [
					{ "time": 0, "x": 0, "y": 0, "curve": "stepped" },
					{ "time": 0.2666, "x": 0, "y": 0 }
				],
				"scale": [
					{ "time": 0, "x": 1, "y": 1 }
				]
			},
			"arm_top_l": {
				"rotate": [
					{ "time": 0, "angle": -77.81 },
					{ "time": 0.2666, "angle": -342.13 }
				],
				"translate": [
					{ "time": 0, "x": -3.45, "y": -17.13 },
					{ "time": 0.2666, "x": -5.2, "y": 2.76 }
				],
				"scale": [
					{ "time": 0, "x": 0.788, "y": 1 },
					{ "time": 0.2666, "x": 1, "y": 1 }
				]
			},
			"hand_l": {
				"rotate": [
					{ "time": 0, "angle": -2.11 },
					{ "time": 0.2666, "angle": 6.68 }
				],
				"translate": [
					{ "time": 0, "x": 0, "y": 0, "curve": "stepped" },
					{ "time": 0.2666, "x": 0, "y": 0 }
				],
				"scale": [
					{ "time": 0, "x": 1, "y": 1, "curve": "stepped" },
					{ "time": 0.2666, "x": 1, "y": 1 }
				]
			},
			"foot_l": {
				"rotate": [
					{ "time": 0, "angle": 8.07 },
					{ "time": 0.0333, "angle": -15.51 },
					{ "time": 0.2666, "angle": -17.87 }
				],
				"translate": [
					{ "time": 0, "x": 0, "y": 0, "curve": "stepped" },
					{ "time": 0.2666, "x": 0, "y": 0 }
				],
				"scale": [
					{ "time": 0, "x": 1, "y": 1, "curve": "stepped" },
					{ "time": 0.2666, "x": 1, "y": 1 }
				]
			},
			"leg_top_l": {
				"rotate": [
					{ "time": 0, "angle": 27.25 },
					{ "time": 0.2666, "angle": 92.62 }
				],
				"translate": [
					{ "time": 0, "x": 5.54, "y": 13.45 },
					{ "time": 0.2666, "x": -10.96, "y": 3.54 }
				],
				"scale": [
					{ "time": 0, "x": 1, "y": 1, "curve": "stepped" },
					{ "time": 0.2666, "x": 1, "y": 1 }
				]
			},
			"leg_btm_l": {
				"rotate": [
					{ "time": 0, "angle": -4.11 },
					{ "time": 0.2666, "angle": -101.98 }
				],
				"translate": [
					{ "time": 0, "x": 0, "y": 0, "curve": "stepped" },
					{ "time": 0.2666, "x": 0, "y": 0 }
				],
				"scale": [
					{ "time": 0, "x": 1, "y": 1 },
					{ "time": 0.2666, "x": 0.754, "y": 1 }
				]
			},
			"pelvis": {
				"rotate": [
					{ "time": 0, "angle": 0 }
				],
				"translate": [
					{ "time": 0, "x": 0, "y": 0 }
				],
				"scale": [
					{ "time": 0, "x": 1, "y": 1 }
				]
			},
			"ball_top": {
				"rotate": [
					{ "time": 0, "angle": 0 }
				],
				"translate": [
					{ "time": 0, "x": 0, "y": 0 }
				],
				"scale": [
					{ "time": 0, "x": 1, "y": 1 }
				]
			},
			"ball_btm": {
				"rotate": [
					{ "time": 0, "angle": 0 }
				],
				"translate": [
					{ "time": 0, "x": 0, "y": 0 }
				],
				"scale": [
					{ "time": 0, "x": 1, "y": 1 }
				]
			}
		},
		"drawOrder": [
			{ "time": 0 }
		]
	},
	"idle": {
		"slots": {
			"ball_btm": {
				"attachment": [
					{ "time": 0, "name": null }
				]
			},
			"ball_top": {
				"attachment": [
					{ "time": 0, "name": null }
				]
			}
		},
		"bones": {
			"torso": {
				"rotate": [
					{ "time": 0, "angle": -3.42 }
				],
				"translate": [
					{ "time": 0, "x": 0, "y": 0 }
				],
				"scale": [
					{ "time": 0, "x": 1, "y": 1 },
					{ "time": 0.4, "x": 1, "y": 1.071 },
					{ "time": 0.8, "x": 1, "y": 1 }
				]
			},
			"head": {
				"rotate": [
					{
						"time": 0,
						"angle": 16.41,
						"curve": [ 0.305, 0.23, 0.756, 1 ]
					},
					{
						"time": 0.3333,
						"angle": 18.38,
						"curve": [ 0.25, 0, 0.75, 1 ]
					},
					{
						"time": 0.7666,
						"angle": 17.01,
						"curve": [ 0.293, 0, 0.631, 0.37 ]
					},
					{ "time": 0.8, "angle": 16.41 }
				],
				"translate": [
					{
						"time": 0,
						"x": -6.79,
						"y": 1.38,
						"curve": [ 0.247, 0, 0.629, 0.52 ]
					},
					{
						"time": 0.4,
						"x": -5.23,
						"y": 1.64,
						"curve": [ 0.378, 0.51, 0.747, 1 ]
					},
					{ "time": 0.7666, "x": -6.79, "y": 1.38 }
				],
				"scale": [
					{ "time": 0, "x": 1, "y": 1 },
					{ "time": 0.4, "x": 0.97, "y": 1 },
					{ "time": 0.8, "x": 1, "y": 1 }
				]
			},
			"arm_top_l": {
				"rotate": [
					{
						"time": 0,
						"angle": -12.75,
						"curve": [ 0.31, 0.25, 0.756, 1 ]
					},
					{
						"time": 0.3333,
						"angle": -22.64,
						"curve": [ 0.25, 0, 0.75, 1 ]
					},
					{
						"time": 0.7333,
						"angle": -11.69,
						"curve": [ 0.29, 0, 0.629, 0.37 ]
					},
					{ "time": 0.8, "angle": -12.75 }
				],
				"translate": [
					{ "time": 0, "x": -2.25, "y": -1.57 }
				]
			},
			"arm_btm_l": {
				"rotate": [
					{
						"time": 0,
						"angle": 22.92,
						"curve": [ 0.25, 0, 0.75, 1 ]
					},
					{
						"time": 0.4,
						"angle": -323.84,
						"curve": [ 0.25, 0, 0.75, 1 ]
					},
					{ "time": 0.8, "angle": 22.92 }
				],
				"translate": [
					{ "time": 0, "x": 0, "y": 0 }
				]
			},
			"arm_top_r": {
				"rotate": [
					{
						"time": 0,
						"angle": 27.21,
						"curve": [ 0.31, 0.25, 0.756, 1 ]
					},
					{
						"time": 0.3333,
						"angle": -320.18,
						"curve": [ 0.25, 0, 0.75, 1 ]
					},
					{
						"time": 0.7333,
						"angle": 25.87,
						"curve": [ 0.29, 0, 0.629, 0.37 ]
					},
					{ "time": 0.8, "angle": 27.21 }
				],
				"translate": [
					{ "time": 0, "x": 0, "y": 0 }
				]
			},
			"arm_btm_r": {
				"rotate": [
					{
						"time": 0,
						"angle": -388.15,
						"curve": [ 0.25, 0, 0.75, 1 ]
					},
					{
						"time": 0.4,
						"angle": -403.48,
						"curve": [ 0.25, 0, 0.75, 1 ]
					},
					{ "time": 0.8, "angle": -388.15 }
				],
				"translate": [
					{ "time": 0, "x": 0, "y": 0 }
				]
			},
			"leg_top_r": {
				"rotate": [
					{
						"time": 0,
						"angle": 10.51,
						"curve": [ 0.25, 0, 0.75, 1 ]
					},
					{
						"time": 0.4,
						"angle": 18.8,
						"curve": [ 0.25, 0, 0.75, 1 ]
					},
					{ "time": 0.8, "angle": 10.51 }
				],
				"translate": [
					{ "time": 0, "x": 0, "y": 0 }
				],
				"scale": [
					{
						"time": 0,
						"x": 1,
						"y": 1,
						"curve": [ 0.25, 0, 0.625, 0.5 ]
					},
					{
						"time": 0.4,
						"x": 0.91,
						"y": 1,
						"curve": [ 0.375, 0.5, 0.75, 1 ]
					},
					{ "time": 0.8, "x": 1, "y": 1 }
				]
			},
			"leg_top_l": {
				"rotate": [
					{
						"time": 0,
						"angle": 4.16,
						"curve": [ 0.25, 0, 0.75, 1 ]
					},
					{
						"time": 0.4,
						"angle": -3.82,
						"curve": [ 0.25, 0, 0.75, 1 ]
					},
					{ "time": 0.8, "angle": 4.16 }
				],
				"translate": [
					{ "time": 0, "x": 0, "y": 0 }
				],
				"scale": [
					{
						"time": 0,
						"x": 1,
						"y": 1,
						"curve": [ 0.25, 0, 0.625, 0.5 ]
					},
					{
						"time": 0.4,
						"x": 0.91,
						"y": 1,
						"curve": [ 0.375, 0.5, 0.75, 1 ]
					},
					{ "time": 0.8, "x": 1, "y": 1 }
				]
			},
			"leg_btm_l": {
				"rotate": [
					{
						"time": 0,
						"angle": -377.43,
						"curve": [ 0.25, 0, 0.75, 1 ]
					},
					{
						"time": 0.4,
						"angle": -366.89,
						"curve": [ 0.25, 0, 0.75, 1 ]
					},
					{ "time": 0.8, "angle": -377.43 }
				],
				"translate": [
					{ "time": 0, "x": 0, "y": 0 }
				]
			},
			"leg_btm_r": {
				"rotate": [
					{
						"time": 0,
						"angle": -370.61,
						"curve": [ 0.25, 0, 0.75, 1 ]
					},
					{
						"time": 0.4,
						"angle": -381.66,
						"curve": [ 0.25, 0, 0.75, 1 ]
					},
					{ "time": 0.8, "angle": -370.61 }
				],
				"translate": [
					{ "time": 0, "x": 0, "y": 0 }
				]
			},
			"hip": {
				"rotate": [
					{ "time": 0, "angle": 0 }
				],
				"translate": [
					{
						"time": 0,
						"x": 0,
						"y": -8.83,
						"curve": [ 0.231, 0, 0.772, 0.7 ]
					},
					{
						"time": 0.4,
						"x": 0,
						"y": -24.83,
						"curve": [ 0.235, 0.3, 0.772, 1 ]
					},
					{ "time": 0.8, "x": 0, "y": -8.83 }
				]
			},
			"root": {
				"rotate": [
					{ "time": 0, "angle": 0 }
				],
				"translate": [
					{ "time": 0, "x": 0, "y": 0 }
				]
			},
			"foot_r": {
				"rotate": [
					{ "time": 0, "angle": 0 }
				],
				"translate": [
					{ "time": 0, "x": 0, "y": 0 }
				],
				"scale": [
					{ "time": 0, "x": 1, "y": 1 }
				]
			},
			"foot_l": {
				"rotate": [
					{ "time": 0, "angle": 0 }
				],
				"translate": [
					{ "time": 0, "x": 0, "y": 0 }
				]
			},
			"hand_r": {
				"rotate": [
					{
						"time": 0,
						"angle": -351.41,
						"curve": [ 0.25, 0, 0.75, 1 ]
					},
					{
						"time": 0.4,
						"angle": -343.7,
						"curve": [ 0.25, 0, 0.75, 1 ]
					},
					{ "time": 0.8, "angle": -351.41 }
				],
				"translate": [
					{ "time": 0, "x": 0, "y": 0 }
				]
			},
			"hand_l": {
				"rotate": [
					{ "time": 0, "angle": 0 },
					{ "time": 0.4, "angle": -371.66 },
					{ "time": 0.8, "angle": 0 }
				],
				"translate": [
					{ "time": 0, "x": 0, "y": 0 }
				]
			},
			"ball_top": {
				"rotate": [
					{ "time": 0, "angle": 0 }
				],
				"translate": [
					{ "time": 0, "x": 0, "y": 0 }
				],
				"scale": [
					{ "time": 0, "x": 1, "y": 1 }
				]
			},
			"ball_btm": {
				"rotate": [
					{ "time": 0, "angle": 0 }
				],
				"translate": [
					{ "time": 0, "x": 0, "y": 0 }
				],
				"scale": [
					{ "time": 0, "x": 1, "y": 1 }
				]
			}
		},
		"drawOrder": [
			{ "time": 0 }
		]
	},
	"jump": {
		"slots": {
			"ball_btm": {
				"attachment": [
					{ "time": 0, "name": null }
				]
			},
			"ball_top": {
				"attachment": [
					{ "time": 0, "name": null }
				]
			}
		},
		"bones": {
			"head": {
				"rotate": [
					{
						"time": 0,
						"angle": 0.52,
						"curve": [ 0.25, 0, 0.75, 1 ]
					},
					{ "time": 0.4, "angle": 19.62 }
				],
				"translate": [
					{
						"time": 0,
						"x": -7.63,
						"y": 0.68,
						"curve": [ 0.25, 0, 0.75, 1 ]
					},
					{ "time": 0.4, "x": 6.5, "y": 10.68 }
				],
				"scale": [
					{ "time": 0, "x": 1.014, "y": 1 }
				]
			},
			"torso": {
				"rotate": [
					{ "time": 0, "angle": -26.56 }
				],
				"translate": [
					{ "time": 0, "x": 0, "y": 0 }
				],
				"scale": [
					{ "time": 0, "x": 1, "y": 1 }
				]
			},
			"leg_top_l": {
				"rotate": [
					{
						"time": 0,
						"angle": 3.04,
						"curve": [ 0.222, 0.33, 0.581, 0.99 ]
					},
					{ "time": 0.4, "angle": 42.21 }
				],
				"translate": [
					{ "time": 0, "x": 0.99, "y": 2.11 },
					{ "time": 0.4, "x": -5.46, "y": 28.86 }
				],
				"scale": [
					{ "time": 0, "x": 1, "y": 1 }
				]
			},
			"hip": {
				"rotate": [
					{ "time": 0, "angle": 0 }
				],
				"translate": [
					{
						"time": 0,
						"x": 0,
						"y": -40.1,
						"curve": [ 0.266, 0.33, 0.75, 1 ]
					},
					{
						"time": 0.2,
						"x": 21.02,
						"y": 21.57,
						"curve": [ 0.25, 0, 0.763, 0.68 ]
					},
					{ "time": 0.4, "x": 0, "y": -14.07 }
				],
				"scale": [
					{ "time": 0, "x": 1, "y": 1 }
				]
			},
			"arm_btm_l": {
				"rotate": [
					{
						"time": 0,
						"angle": 64.39,
						"curve": [ 0.374, 0.61, 0.715, 1 ]
					},
					{ "time": 0.4, "angle": 44.37 }
				],
				"translate": [
					{
						"time": 0,
						"x": -2.47,
						"y": 4.35,
						"curve": [ 0.25, 0, 0.75, 1 ]
					},
					{ "time": 0.4, "x": 0, "y": 0 }
				],
				"scale": [
					{ "time": 0, "x": 0.735, "y": 1 },
					{ "time": 0.4, "x": 1, "y": 1 }
				]
			},
			"foot_l": {
				"rotate": [
					{ "time": 0, "angle": 9.28 },
					{ "time": 0.2, "angle": -12.88 },
					{ "time": 0.4, "angle": -17.87 }
				],
				"translate": [
					{ "time": 0, "x": 3.4, "y": 2.89 },
					{ "time": 0.4, "x": 0.89, "y": -0.93 }
				],
				"scale": [
					{ "time": 0, "x": 1, "y": 1 }
				]
			},
			"arm_btm_r": {
				"rotate": [
					{
						"time": 0,
						"angle": 24.3,
						"curve": [ 0.25, 0, 0.75, 1 ]
					},
					{ "time": 0.4, "angle": 48.37 }
				],
				"translate": [
					{ "time": 0, "x": -0.02, "y": 1.3 },
					{ "time": 0.4, "x": -2.5, "y": -1.03 }
				],
				"scale": [
					{ "time": 0, "x": 0.991, "y": 1 },
					{ "time": 0.4, "x": 0.735, "y": 1 }
				]
			},
			"leg_btm_r": {
				"rotate": [
					{
						"time": 0,
						"angle": -74.9,
						"curve": [ 0.23, 0.28, 0.75, 1 ]
					},
					{
						"time": 0.2,
						"angle": -28.67,
						"curve": [ 0.25, 0, 0.75, 1 ]
					},
					{ "time": 0.4, "angle": -88.96 }
				],
				"translate": [
					{ "time": 0, "x": 0, "y": 0 }
				],
				"scale": [
					{ "time": 0, "x": 1, "y": 1 }
				]
			},
			"root": {
				"rotate": [
					{ "time": 0, "angle": 0 }
				],
				"translate": [
					{ "time": 0, "x": 0, "y": 0 }
				],
				"scale": [
					{ "time": 0, "x": 1, "y": 1 }
				]
			},
			"foot_r": {
				"rotate": [
					{
						"time": 0,
						"angle": -7.82,
						"curve": [ 0.325, 0.3, 0.674, 0.69 ]
					},
					{
						"time": 0.2,
						"angle": -13.16,
						"curve": [ 0.382, 0.57, 0.735, 1 ]
					},
					{ "time": 0.4, "angle": 4.41 }
				],
				"translate": [
					{ "time": 0, "x": 4.96, "y": -1.11 },
					{ "time": 0.4, "x": 6.96, "y": 0.94 }
				],
				"scale": [
					{ "time": 0, "x": 1, "y": 1 }
				]
			},
			"leg_top_r": {
				"rotate": [
					{
						"time": 0,
						"angle": 53.73,
						"curve": [ 0.236, 0.31, 0.75, 1 ]
					},
					{ "time": 0.4, "angle": -28.1 }
				],
				"translate": [
					{ "time": 0, "x": -7.39, "y": -0.17 },
					{ "time": 0.4, "x": -15.9, "y": 1.64 }
				],
				"scale": [
					{ "time": 0, "x": 1, "y": 1 }
				]
			},
			"hand_r": {
				"rotate": [
					{ "time": 0, "angle": 0 }
				],
				"translate": [
					{ "time": 0, "x": 0, "y": 0 }
				],
				"scale": [
					{ "time": 0, "x": 1, "y": 1 }
				]
			},
			"leg_btm_l": {
				"rotate": [
					{
						"time": 0,
						"angle": -115.76,
						"curve": [ 0.25, 0, 0.75, 1 ]
					},
					{ "time": 0.4, "angle": -363.12 }
				],
				"translate": [
					{ "time": 0, "x": 0, "y": 0 }
				],
				"scale": [
					{ "time": 0, "x": 1, "y": 1 }
				]
			},
			"arm_top_r": {
				"rotate": [
					{
						"time": 0,
						"angle": -45.95,
						"curve": [ 0.16, 0, 0.52, 1 ]
					},
					{ "time": 0.4, "angle": -259.43 }
				],
				"translate": [
					{
						"time": 0,
						"x": -13.13,
						"y": 52.83,
						"curve": [ 0.25, 0, 0.75, 1 ]
					},
					{ "time": 0.4, "x": 4.68, "y": 15.99 }
				],
				"scale": [
					{ "time": 0, "x": 1, "y": 1 }
				]
			},
			"arm_top_l": {
				"rotate": [
					{
						"time": 0,
						"angle": 79,
						"curve": [ 0.25, 0, 0.625, 0.5 ]
					},
					{ "time": 0.4, "angle": -42.33 }
				],
				"translate": [
					{
						"time": 0,
						"x": -7.18,
						"y": -9.21,
						"curve": [ 0.25, 0, 0.75, 1 ]
					},
					{ "time": 0.4, "x": -3.23, "y": 9.22 }
				],
				"scale": [
					{ "time": 0, "x": 1, "y": 1 }
				]
			},
			"hand_l": {
				"rotate": [
					{ "time": 0, "angle": 0 }
				],
				"translate": [
					{ "time": 0, "x": 0, "y": 0 }
				],
				"scale": [
					{ "time": 0, "x": 1, "y": 1, "curve": "stepped" },
					{ "time": 0.2, "x": 1, "y": -1 }
				]
			},
			"ball_top": {
				"rotate": [
					{ "time": 0, "angle": 0 }
				],
				"translate": [
					{ "time": 0, "x": 0, "y": 0 }
				],
				"scale": [
					{ "time": 0, "x": 1, "y": 1 }
				]
			},
			"ball_btm": {
				"rotate": [
					{ "time": 0, "angle": 0 }
				],
				"translate": [
					{ "time": 0, "x": 0, "y": 0 }
				],
				"scale": [
					{ "time": 0, "x": 1, "y": 1 }
				]
			}
		},
		"drawOrder": [
			{ "time": 0 }
		]
	},
	"land_to_run": {
		"slots": {
			"ball_btm": {
				"attachment": [
					{ "time": 0, "name": null }
				]
			},
			"ball_top": {
				"attachment": [
					{ "time": 0, "name": null }
				]
			}
		},
		"bones": {
			"root": {
				"rotate": [
					{ "time": 0, "angle": 0, "curve": "stepped" },
					{ "time": 0.3333, "angle": 0 }
				],
				"translate": [
					{ "time": 0, "x": 0, "y": 0, "curve": "stepped" },
					{ "time": 0.3333, "x": 0, "y": 0 }
				],
				"scale": [
					{ "time": 0, "x": 1, "y": 1, "curve": "stepped" },
					{ "time": 0.3333, "x": 1, "y": 1 }
				]
			},
			"foot_r": {
				"rotate": [
					{ "time": 0, "angle": 4.41 },
					{ "time": 0.1666, "angle": -20.63 },
					{ "time": 0.3333, "angle": 4.41 }
				],
				"translate": [
					{ "time": 0, "x": 6.81, "y": 0.22 },
					{ "time": 0.3333, "x": 7.66, "y": 0.58 }
				],
				"scale": [
					{ "time": 0, "x": 1, "y": 1, "curve": "stepped" },
					{ "time": 0.3333, "x": 1, "y": 1 }
				]
			},
			"arm_btm_r": {
				"rotate": [
					{
						"time": 0,
						"angle": 5.55,
						"curve": [ 0.25, 0, 0.75, 1 ]
					},
					{ "time": 0.3333, "angle": 48.37 }
				],
				"translate": [
					{ "time": 0, "x": 2.76, "y": -1.9 },
					{ "time": 0.3333, "x": -1.9, "y": 0.33 }
				],
				"scale": [
					{ "time": 0, "x": 0.8, "y": 1 }
				]
			},
			"hand_r": {
				"rotate": [
					{ "time": 0, "angle": 0, "curve": "stepped" },
					{ "time": 0.3333, "angle": 0 }
				],
				"translate": [
					{ "time": 0, "x": 0, "y": 0, "curve": "stepped" },
					{ "time": 0.3333, "x": 0, "y": 0 }
				],
				"scale": [
					{ "time": 0, "x": 1, "y": 1 }
				]
			},
			"arm_top_r": {
				"rotate": [
					{
						"time": 0,
						"angle": 55.09,
						"curve": [ 0.281, 0, 0.568, 0.5 ]
					},
					{
						"time": 0.1666,
						"angle": -3.08,
						"curve": [ 0.23, 0.5, 0.539, 1 ]
					},
					{ "time": 0.3333, "angle": -51.22 }
				],
				"translate": [
					{
						"time": 0,
						"x": 19.96,
						"y": 40.37,
						"curve": [ 0.25, 0, 0.75, 1 ]
					},
					{ "time": 0.3333, "x": -4.52, "y": 41.59 }
				],
				"scale": [
					{ "time": 0, "x": 0.938, "y": 0.8 }
				]
			},
			"leg_top_r": {
				"rotate": [
					{
						"time": 0,
						"angle": 35.12,
						"curve": [ 0.29, 0.22, 0.636, 0.64 ]
					},
					{
						"time": 0.1666,
						"angle": 88.78,
						"curve": [ 0.33, 0.53, 0.676, 0.98 ]
					},
					{ "time": 0.3333, "angle": 56.54 }
				],
				"translate": [
					{ "time": 0, "x": -15.9, "y": -8.77 },
					{ "time": 0.3333, "x": -15.9, "y": 1.64 }
				],
				"scale": [
					{ "time": 0, "x": 1, "y": 1, "curve": "stepped" },
					{ "time": 0.3333, "x": 1, "y": 1 }
				]
			},
			"arm_btm_l": {
				"rotate": [
					{
						"time": 0,
						"angle": -313.19,
						"curve": [ 0.349, 0.38, 0.688, 0.74 ]
					},
					{ "time": 0.3333, "angle": 90.07 }
				],
				"translate": [
					{
						"time": 0,
						"x": 0.2,
						"y": 2.88,
						"curve": [ 0.25, 0, 0.75, 1 ]
					},
					{ "time": 0.3333, "x": 0, "y": 0 }
				],
				"scale": [
					{ "time": 0, "x": 1, "y": 1 }
				]
			},
			"torso": {
				"rotate": [
					{ "time": 0, "angle": -51.22 },
					{ "time": 0.3333, "angle": -26.56 }
				],
				"translate": [
					{ "time": 0, "x": 0, "y": 0 }
				],
				"scale": [
					{ "time": 0, "x": 1, "y": 1 }
				]
			},
			"hip": {
				"rotate": [
					{ "time": 0, "angle": 0 }
				],
				"translate": [
					{
						"time": 0,
						"x": -35.86,
						"y": -141.34,
						"curve": [ 0.208, 0, 0.6, 0.99 ]
					},
					{
						"time": 0.1666,
						"x": -14.2,
						"y": 30.4,
						"curve": [ 0.354, 0, 0.847, 0.73 ]
					},
					{ "time": 0.3333, "x": 0, "y": -14.07 }
				],
				"scale": [
					{ "time": 0, "x": 1, "y": 1, "curve": "stepped" },
					{ "time": 0.3333, "x": 1, "y": 1 }
				]
			},
			"head": {
				"rotate": [
					{
						"time": 0,
						"angle": -3.56,
						"curve": [ 0.342, 0.36, 0.685, 0.72 ]
					},
					{
						"time": 0.1666,
						"angle": 41.02,
						"curve": [ 0.379, 0.6, 0.724, 1 ]
					},
					{ "time": 0.3333, "angle": 19.62 }
				],
				"translate": [
					{
						"time": 0,
						"x": -1.11,
						"y": 4.04,
						"curve": [ 0.25, 0, 0.75, 1 ]
					},
					{ "time": 0.3333, "x": 6.5, "y": 10.68 }
				],
				"scale": [
					{ "time": 0, "x": 1.014, "y": 1, "curve": "stepped" },
					{ "time": 0.3333, "x": 1.014, "y": 1 }
				]
			},
			"leg_btm_r": {
				"rotate": [
					{
						"time": 0,
						"angle": -122.89,
						"curve": [ 0.279, 0.26, 0.626, 0.62 ]
					},
					{
						"time": 0.1,
						"angle": -108.09,
						"curve": [ 0.323, 0.33, 0.661, 0.67 ]
					},
					{
						"time": 0.1666,
						"angle": -113.77,
						"curve": [ 0.368, 0.55, 0.736, 1 ]
					},
					{ "time": 0.3333, "angle": -30.75 }
				],
				"translate": [
					{ "time": 0, "x": 0, "y": 0, "curve": "stepped" },
					{ "time": 0.3333, "x": 0, "y": 0 }
				],
				"scale": [
					{ "time": 0, "x": 0.8, "y": 1 },
					{ "time": 0.3333, "x": 1, "y": 1 }
				]
			},
			"arm_top_l": {
				"rotate": [
					{
						"time": 0,
						"angle": -15.37,
						"curve": [ 0.16, 0.4, 0.54, 1 ]
					},
					{ "time": 0.3333, "angle": -313.77 }
				],
				"translate": [
					{
						"time": 0,
						"x": -2.4,
						"y": 4.63,
						"curve": [ 0.25, 0, 0.75, 1 ]
					},
					{ "time": 0.3333, "x": -2.17, "y": -9.63 }
				],
				"scale": [
					{ "time": 0, "x": 1, "y": 1 }
				]
			},
			"hand_l": {
				"rotate": [
					{ "time": 0, "angle": 6.68 },
					{ "time": 0.3333, "angle": 0 }
				],
				"translate": [
					{ "time": 0, "x": 0, "y": 0, "curve": "stepped" },
					{ "time": 0.3333, "x": 0, "y": 0 }
				],
				"scale": [
					{ "time": 0, "x": 1, "y": 1 }
				]
			},
			"foot_l": {
				"rotate": [
					{ "time": 0, "angle": -17.87 },
					{ "time": 0.1, "angle": -47.63 },
					{ "time": 0.3333, "angle": -17.87 }
				],
				"translate": [
					{ "time": 0, "x": 0, "y": 0 },
					{ "time": 0.1333, "x": 19.87, "y": 3.72 },
					{ "time": 0.3333, "x": 0, "y": 0 }
				],
				"scale": [
					{ "time": 0, "x": 1, "y": 1, "curve": "stepped" },
					{ "time": 0.3333, "x": 1, "y": 1 }
				]
			},
			"leg_top_l": {
				"rotate": [
					{
						"time": 0,
						"angle": 92.62,
						"curve": [ 0.268, 0, 0.618, 0.41 ]
					},
					{
						"time": 0.1333,
						"angle": 15.96,
						"curve": [ 0.362, 0.44, 0.754, 1 ]
					},
					{ "time": 0.3333, "angle": -11.53 }
				],
				"translate": [
					{ "time": 0, "x": -15.46, "y": 12.86 },
					{ "time": 0.1333, "x": -0.21, "y": 11.15 },
					{ "time": 0.3333, "x": -7.32, "y": -0.35 }
				],
				"scale": [
					{ "time": 0, "x": 1, "y": 1, "curve": "stepped" },
					{ "time": 0.3333, "x": 1, "y": 1 }
				]
			},
			"leg_btm_l": {
				"rotate": [
					{
						"time": 0,
						"angle": -76.69,
						"curve": [ 0.257, 0, 0.618, 0.45 ]
					},
					{
						"time": 0.1333,
						"angle": -14.01,
						"curve": [ 0.267, 0.38, 0.761, 1 ]
					},
					{ "time": 0.3333, "angle": -88.47 }
				],
				"translate": [
					{ "time": 0, "x": 0, "y": 0, "curve": "stepped" },
					{ "time": 0.3333, "x": 0, "y": 0 }
				],
				"scale": [
					{ "time": 0, "x": 0.754, "y": 1 },
					{ "time": 0.3333, "x": 1, "y": 1 }
				]
			},
			"pelvis": {
				"rotate": [
					{ "time": 0, "angle": 0 }
				],
				"translate": [
					{ "time": 0, "x": 0, "y": 0 }
				],
				"scale": [
					{ "time": 0, "x": 1, "y": 1 }
				]
			},
			"ball_top": {
				"rotate": [
					{ "time": 0, "angle": 0 }
				],
				"translate": [
					{ "time": 0, "x": 0, "y": 0 }
				],
				"scale": [
					{ "time": 0, "x": 1, "y": 1 }
				]
			},
			"ball_btm": {
				"rotate": [
					{ "time": 0, "angle": 0 }
				],
				"translate": [
					{ "time": 0, "x": 0, "y": 0 }
				],
				"scale": [
					{ "time": 0, "x": 1, "y": 1 }
				]
			}
		},
		"drawOrder": [
			{ "time": 0 }
		]
	},
	"roll": {
		"slots": {
			"arm_btm_l": {
				"attachment": [
					{ "time": 0, "name": null }
				]
			},
			"arm_btm_r": {
				"attachment": [
					{ "time": 0, "name": null }
				]
			},
			"arm_top_l": {
				"attachment": [
					{ "time": 0, "name": null }
				]
			},
			"arm_top_r": {
				"attachment": [
					{ "time": 0, "name": null }
				]
			},
			"ball_btm": {
				"attachment": [
					{ "time": 0, "name": "cannonbolt_ball_btm" }
				]
			},
			"ball_top": {
				"attachment": [
					{ "time": 0, "name": "cannonbolt_ball_top" }
				]
			},
			"leg_btm_l": {
				"attachment": [
					{ "time": 0, "name": null }
				]
			},
			"leg_btm_r": {
				"attachment": [
					{ "time": 0, "name": null }
				]
			},
			"leg_top_l": {
				"attachment": [
					{ "time": 0, "name": null }
				]
			},
			"leg_top_r": {
				"attachment": [
					{ "time": 0, "name": null }
				]
			},
			"pelvis": {
				"attachment": [
					{ "time": 0, "name": null }
				]
			},
			"torso": {
				"attachment": [
					{ "time": 0, "name": null }
				]
			}
		},
		"bones": {
			"ball_btm": {
				"rotate": [
					{ "time": 0, "angle": 0 }
				],
				"translate": [
					{ "time": 0, "x": 0, "y": 0 }
				],
				"scale": [
					{ "time": 0, "x": 1, "y": 1 }
				]
			},
			"ball_top": {
				"rotate": [
					{ "time": 0, "angle": 0 },
					{ "time": 0.3333, "angle": 180.01 },
					{ "time": 0.6666, "angle": 0.01 }
				],
				"translate": [
					{ "time": 0, "x": 0, "y": -23.39 }
				],
				"scale": [
					{ "time": 0, "x": 1, "y": 1 }
				]
			},
			"pelvis": {
				"rotate": [
					{ "time": 0, "angle": 0 }
				],
				"translate": [
					{ "time": 0, "x": 0, "y": 0 }
				],
				"scale": [
					{ "time": 0, "x": 1, "y": 1 }
				]
			},
			"leg_top_r": {
				"rotate": [
					{ "time": 0, "angle": 0 }
				],
				"translate": [
					{ "time": 0, "x": 0, "y": 0 }
				],
				"scale": [
					{ "time": 0, "x": 1, "y": 1 }
				]
			},
			"leg_btm_r": {
				"rotate": [
					{ "time": 0, "angle": 0 }
				],
				"translate": [
					{ "time": 0, "x": 0, "y": 0 }
				],
				"scale": [
					{ "time": 0, "x": 1, "y": 1 }
				]
			},
			"arm_btm_r": {
				"rotate": [
					{ "time": 0, "angle": 0 }
				],
				"translate": [
					{ "time": 0, "x": 0, "y": 0 }
				],
				"scale": [
					{ "time": 0, "x": 1, "y": 1 }
				]
			},
			"arm_top_r": {
				"rotate": [
					{ "time": 0, "angle": 0 }
				],
				"translate": [
					{ "time": 0, "x": 0, "y": 0 }
				],
				"scale": [
					{ "time": 0, "x": 1, "y": 1 }
				]
			},
			"arm_btm_l": {
				"rotate": [
					{ "time": 0, "angle": 0 }
				],
				"translate": [
					{ "time": 0, "x": 0, "y": 0 }
				],
				"scale": [
					{ "time": 0, "x": 1, "y": 1 }
				]
			},
			"arm_top_l": {
				"rotate": [
					{ "time": 0, "angle": 0 }
				],
				"translate": [
					{ "time": 0, "x": 0, "y": 0 }
				],
				"scale": [
					{ "time": 0, "x": 1, "y": 1 }
				]
			},
			"torso": {
				"rotate": [
					{ "time": 0, "angle": 0 }
				],
				"translate": [
					{ "time": 0, "x": 0, "y": 0 }
				],
				"scale": [
					{ "time": 0, "x": 1, "y": 1 }
				]
			},
			"root": {
				"rotate": [
					{ "time": 0, "angle": 0 }
				],
				"translate": [
					{ "time": 0, "x": 0, "y": 0 }
				],
				"scale": [
					{ "time": 0, "x": 1, "y": 1 }
				]
			},
			"hip": {
				"rotate": [
					{ "time": 0, "angle": 0 }
				],
				"translate": [
					{ "time": 0, "x": 0, "y": 0 }
				],
				"scale": [
					{ "time": 0, "x": 1, "y": 1 }
				]
			},
			"leg_top_l": {
				"rotate": [
					{ "time": 0, "angle": 0 }
				],
				"translate": [
					{ "time": 0, "x": 0, "y": 0 }
				],
				"scale": [
					{ "time": 0, "x": 1, "y": 1 }
				]
			},
			"leg_btm_l": {
				"rotate": [
					{ "time": 0, "angle": 0 }
				],
				"translate": [
					{ "time": 0, "x": 0, "y": 0 }
				],
				"scale": [
					{ "time": 0, "x": 1, "y": 1 }
				]
			},
			"foot_l": {
				"rotate": [
					{ "time": 0, "angle": 0 }
				],
				"translate": [
					{ "time": 0, "x": 0, "y": 0 }
				],
				"scale": [
					{ "time": 0, "x": 1, "y": 1 }
				]
			},
			"foot_r": {
				"rotate": [
					{ "time": 0, "angle": 0 }
				],
				"translate": [
					{ "time": 0, "x": 0, "y": 0 }
				],
				"scale": [
					{ "time": 0, "x": 1, "y": 1 }
				]
			},
			"hand_l": {
				"rotate": [
					{ "time": 0, "angle": 0 }
				],
				"translate": [
					{ "time": 0, "x": 0, "y": 0 }
				],
				"scale": [
					{ "time": 0, "x": 1, "y": 1 }
				]
			},
			"hand_r": {
				"rotate": [
					{ "time": 0, "angle": 0 }
				],
				"translate": [
					{ "time": 0, "x": 0, "y": 0 }
				],
				"scale": [
					{ "time": 0, "x": 1, "y": 1 }
				]
			},
			"head": {
				"rotate": [
					{ "time": 0, "angle": 0 }
				],
				"translate": [
					{ "time": 0, "x": 0, "y": 0 }
				],
				"scale": [
					{ "time": 0, "x": 1, "y": 1 }
				]
			}
		}
	},
	"roll_end": {
		"slots": {
			"arm_btm_l": {
				"attachment": [
					{ "time": 0, "name": null },
					{ "time": 0.0333, "name": "cannonbolt_arm_btm_l" }
				]
			},
			"arm_btm_r": {
				"attachment": [
					{ "time": 0, "name": null },
					{ "time": 0.0333, "name": "cannonbolt_arm_btm_r" }
				]
			},
			"arm_top_l": {
				"attachment": [
					{ "time": 0, "name": null },
					{ "time": 0.0333, "name": "cannonbolt_arm_top_l" }
				]
			},
			"arm_top_r": {
				"attachment": [
					{ "time": 0, "name": null },
					{ "time": 0.0333, "name": "cannonbolt_arm_top_r" }
				]
			},
			"ball_btm": {
				"attachment": [
					{ "time": 0, "name": "cannonbolt_ball_btm" },
					{ "time": 0.0333, "name": null }
				]
			},
			"ball_top": {
				"attachment": [
					{ "time": 0, "name": "cannonbolt_ball_top" },
					{ "time": 0.0333, "name": null }
				]
			},
			"foot_l": {
				"attachment": [
					{ "time": 0.0333, "name": null }
				]
			},
			"foot_r": {
				"attachment": [
					{ "time": 0.0333, "name": null }
				]
			},
			"hand_l": {
				"attachment": [
					{ "time": 0.0333, "name": null }
				]
			},
			"hand_r": {
				"attachment": [
					{ "time": 0.0333, "name": null }
				]
			},
			"head": {
				"attachment": [
					{ "time": 0.0333, "name": null }
				]
			},
			"leg_btm_l": {
				"attachment": [
					{ "time": 0, "name": null },
					{ "time": 0.0333, "name": "cannonbolt_foot_l" }
				]
			},
			"leg_btm_r": {
				"attachment": [
					{ "time": 0, "name": null },
					{ "time": 0.0333, "name": "cannonbolt_foot_r" }
				]
			},
			"leg_top_l": {
				"attachment": [
					{ "time": 0, "name": null },
					{ "time": 0.0333, "name": "cannonbolt_leg_l" }
				]
			},
			"leg_top_r": {
				"attachment": [
					{ "time": 0, "name": null },
					{ "time": 0.0333, "name": "cannonbolt_leg_r" }
				]
			},
			"pelvis": {
				"attachment": [
					{ "time": 0, "name": null },
					{ "time": 0.0333, "name": "cannonbolt_hip" }
				]
			},
			"torso": {
				"attachment": [
					{ "time": 0, "name": null },
					{ "time": 0.0333, "name": "cannonbolt_torso" }
				]
			}
		},
		"bones": {
			"ball_btm": {
				"rotate": [
					{ "time": 0, "angle": 0, "curve": "stepped" },
					{ "time": 0.0333, "angle": 0, "curve": "stepped" },
					{ "time": 0.2, "angle": 0 }
				],
				"translate": [
					{ "time": 0, "x": 0, "y": 0, "curve": "stepped" },
					{ "time": 0.0333, "x": 0, "y": 0, "curve": "stepped" },
					{ "time": 0.2, "x": 0, "y": 0 }
				],
				"scale": [
					{ "time": 0, "x": 1, "y": 1, "curve": "stepped" },
					{ "time": 0.0333, "x": 1, "y": 1, "curve": "stepped" },
					{ "time": 0.2, "x": 1, "y": 1 }
				]
			},
			"ball_top": {
				"rotate": [
					{ "time": 0, "angle": 180.01, "curve": "stepped" },
					{ "time": 0.0333, "angle": 0, "curve": "stepped" },
					{ "time": 0.2, "angle": 0 }
				],
				"translate": [
					{ "time": 0, "x": 0, "y": -23.39, "curve": "stepped" },
					{
						"time": 0.0333,
						"x": 0,
						"y": -21.05,
						"curve": [ 0, 0, 0.24, 1 ]
					},
					{ "time": 0.2, "x": 0, "y": 0 }
				]
			},
			"pelvis": {
				"rotate": [
					{ "time": 0, "angle": 0, "curve": "stepped" },
					{ "time": 0.0333, "angle": 0, "curve": "stepped" },
					{ "time": 0.2, "angle": 0 }
				],
				"translate": [
					{ "time": 0, "x": 0, "y": 0, "curve": "stepped" },
					{ "time": 0.0333, "x": 0, "y": 0, "curve": "stepped" },
					{ "time": 0.2, "x": 0, "y": 0 }
				],
				"scale": [
					{ "time": 0, "x": 1, "y": 1, "curve": "stepped" },
					{
						"time": 0.0333,
						"x": 1,
						"y": 0.908,
						"curve": [ 0, 0, 0.24, 1 ]
					},
					{ "time": 0.2, "x": 1, "y": 1 }
				]
			},
			"leg_top_r": {
				"rotate": [
					{ "time": 0, "angle": 0, "curve": "stepped" },
					{
						"time": 0.0333,
						"angle": 46.55,
						"curve": [ 0, 0, 0.24, 1 ]
					},
					{ "time": 0.2, "angle": 10.51 }
				],
				"translate": [
					{ "time": 0, "x": 0, "y": 0, "curve": "stepped" },
					{
						"time": 0.0333,
						"x": -42.71,
						"y": 0,
						"curve": [ 0, 0, 0.24, 1 ]
					},
					{ "time": 0.2, "x": 0, "y": 0 }
				],
				"scale": [
					{ "time": 0, "x": 1, "y": 1, "curve": "stepped" },
					{ "time": 0.0333, "x": 1, "y": 1, "curve": "stepped" },
					{ "time": 0.2, "x": 1, "y": 1 }
				]
			},
			"leg_btm_r": {
				"rotate": [
					{ "time": 0, "angle": 0, "curve": "stepped" },
					{
						"time": 0.0333,
						"angle": -58.9,
						"curve": [ 0, 0, 0.24, 1 ]
					},
					{ "time": 0.2, "angle": -10.61 }
				],
				"translate": [
					{ "time": 0, "x": 0, "y": 0, "curve": "stepped" },
					{ "time": 0.0333, "x": 0, "y": 0, "curve": "stepped" },
					{ "time": 0.2, "x": 0, "y": 0 }
				],
				"scale": [
					{ "time": 0, "x": 1, "y": 1, "curve": "stepped" },
					{ "time": 0.0333, "x": 1, "y": 1, "curve": "stepped" },
					{ "time": 0.2, "x": 1, "y": 1 }
				]
			},
			"arm_btm_r": {
				"rotate": [
					{ "time": 0, "angle": 0, "curve": "stepped" },
					{
						"time": 0.0333,
						"angle": -68.03,
						"curve": [ 0, 0, 0.24, 1 ]
					},
					{ "time": 0.2, "angle": -42.79 }
				],
				"translate": [
					{ "time": 0, "x": 0, "y": 0, "curve": "stepped" },
					{ "time": 0.0333, "x": 0, "y": 0, "curve": "stepped" },
					{ "time": 0.2, "x": 0, "y": 0 }
				],
				"scale": [
					{ "time": 0, "x": 1, "y": 1, "curve": "stepped" },
					{ "time": 0.0333, "x": 1, "y": 1, "curve": "stepped" },
					{ "time": 0.2, "x": 1, "y": 1 }
				]
			},
			"arm_top_r": {
				"rotate": [
					{ "time": 0, "angle": 0, "curve": "stepped" },
					{
						"time": 0.0333,
						"angle": -359.42,
						"curve": [ 0, 0, 0.24, 1 ]
					},
					{ "time": 0.2, "angle": -314.8 }
				],
				"translate": [
					{ "time": 0, "x": 0, "y": 0, "curve": "stepped" },
					{
						"time": 0.0333,
						"x": 27.76,
						"y": 18.65,
						"curve": [ 0, 0, 0.24, 1 ]
					},
					{ "time": 0.2, "x": 0, "y": 0 }
				],
				"scale": [
					{ "time": 0, "x": 1, "y": 1, "curve": "stepped" },
					{ "time": 0.0333, "x": 1, "y": 1, "curve": "stepped" },
					{ "time": 0.2, "x": 1, "y": 1 }
				]
			},
			"arm_btm_l": {
				"rotate": [
					{ "time": 0, "angle": 0, "curve": "stepped" },
					{
						"time": 0.0333,
						"angle": -278.12,
						"curve": [ 0, 0, 0.24, 1 ]
					},
					{ "time": 0.2, "angle": -314.79 }
				],
				"translate": [
					{ "time": 0, "x": 0, "y": 0, "curve": "stepped" },
					{ "time": 0.0333, "x": 0, "y": 0, "curve": "stepped" },
					{ "time": 0.2, "x": 0, "y": 0 }
				],
				"scale": [
					{ "time": 0, "x": 1, "y": 1, "curve": "stepped" },
					{ "time": 0.0333, "x": 1, "y": 1, "curve": "stepped" },
					{ "time": 0.2, "x": 1, "y": 1 }
				]
			},
			"arm_top_l": {
				"rotate": [
					{ "time": 0, "angle": 0, "curve": "stepped" },
					{
						"time": 0.0333,
						"angle": -345.49,
						"curve": [ 0, 0, 0.24, 1 ]
					},
					{ "time": 0.2, "angle": -30.33 }
				],
				"translate": [
					{ "time": 0, "x": 0, "y": 0, "curve": "stepped" },
					{
						"time": 0.0333,
						"x": -0.09,
						"y": -0.06,
						"curve": [ 0, 0, 0.24, 1 ]
					},
					{ "time": 0.2, "x": -2.25, "y": -1.57 }
				],
				"scale": [
					{ "time": 0, "x": 1, "y": 1, "curve": "stepped" },
					{ "time": 0.0333, "x": 1, "y": 1, "curve": "stepped" },
					{ "time": 0.2, "x": 1, "y": 1 }
				]
			},
			"torso": {
				"rotate": [
					{ "time": 0, "angle": 0, "curve": "stepped" },
					{
						"time": 0.0333,
						"angle": -54.38,
						"curve": [ 0, 0, 0.24, 1 ]
					},
					{ "time": 0.2, "angle": -3.42 }
				],
				"translate": [
					{ "time": 0, "x": 0, "y": 0, "curve": "stepped" },
					{
						"time": 0.0333,
						"x": -29.48,
						"y": -36.61,
						"curve": [ 0, 0, 0.24, 1 ]
					},
					{ "time": 0.2, "x": 0, "y": 0 }
				],
				"scale": [
					{ "time": 0, "x": 1, "y": 1, "curve": "stepped" },
					{
						"time": 0.0333,
						"x": 0.943,
						"y": 1,
						"curve": [ 0, 0, 0.24, 1 ]
					},
					{ "time": 0.2, "x": 1, "y": 1 }
				]
			},
			"root": {
				"rotate": [
					{ "time": 0, "angle": 0, "curve": "stepped" },
					{ "time": 0.0333, "angle": 0, "curve": "stepped" },
					{ "time": 0.2, "angle": 0 }
				],
				"translate": [
					{ "time": 0, "x": 0, "y": 0, "curve": "stepped" },
					{ "time": 0.0333, "x": 0, "y": 0, "curve": "stepped" },
					{ "time": 0.2, "x": 0, "y": 0 }
				],
				"scale": [
					{ "time": 0, "x": 1, "y": 1, "curve": "stepped" },
					{ "time": 0.0333, "x": 1, "y": 1, "curve": "stepped" },
					{ "time": 0.2, "x": 1, "y": 1 }
				]
			},
			"hip": {
				"rotate": [
					{ "time": 0, "angle": 0, "curve": "stepped" },
					{ "time": 0.0333, "angle": 0, "curve": "stepped" },
					{ "time": 0.2, "angle": 0 }
				],
				"translate": [
					{ "time": 0, "x": 0, "y": 0, "curve": "stepped" },
					{
						"time": 0.0333,
						"x": -9.15,
						"y": -35.7,
						"curve": [ 0, 0, 0.24, 1 ]
					},
					{ "time": 0.2, "x": 0, "y": -8.83 }
				],
				"scale": [
					{ "time": 0, "x": 1, "y": 1, "curve": "stepped" },
					{ "time": 0.0333, "x": 1, "y": 1, "curve": "stepped" },
					{ "time": 0.2, "x": 1, "y": 1 }
				]
			},
			"leg_top_l": {
				"rotate": [
					{ "time": 0, "angle": 0, "curve": "stepped" },
					{
						"time": 0.0333,
						"angle": 52.04,
						"curve": [ 0, 0, 0.24, 1 ]
					},
					{ "time": 0.2, "angle": 4.16 }
				],
				"translate": [
					{ "time": 0, "x": 0, "y": 0, "curve": "stepped" },
					{
						"time": 0.0333,
						"x": -9.15,
						"y": 0,
						"curve": [ 0, 0, 0.24, 1 ]
					},
					{ "time": 0.2, "x": 0, "y": 0 }
				],
				"scale": [
					{ "time": 0, "x": 1, "y": 1, "curve": "stepped" },
					{ "time": 0.0333, "x": 1, "y": 1, "curve": "stepped" },
					{ "time": 0.2, "x": 1, "y": 1 }
				]
			},
			"leg_btm_l": {
				"rotate": [
					{ "time": 0, "angle": 0, "curve": "stepped" },
					{
						"time": 0.0333,
						"angle": -64.7,
						"curve": [ 0, 0, 0.24, 1 ]
					},
					{ "time": 0.2, "angle": -17.43 }
				],
				"translate": [
					{ "time": 0, "x": 0, "y": 0, "curve": "stepped" },
					{ "time": 0.0333, "x": 0, "y": 0, "curve": "stepped" },
					{ "time": 0.2, "x": 0, "y": 0 }
				],
				"scale": [
					{ "time": 0, "x": 1, "y": 1, "curve": "stepped" },
					{ "time": 0.0333, "x": 1, "y": 1, "curve": "stepped" },
					{ "time": 0.2, "x": 1, "y": 1 }
				]
			},
			"foot_l": {
				"rotate": [
					{ "time": 0, "angle": 0, "curve": "stepped" },
					{ "time": 0.0333, "angle": 0, "curve": "stepped" },
					{ "time": 0.2, "angle": 0 }
				],
				"translate": [
					{ "time": 0, "x": 0, "y": 0, "curve": "stepped" },
					{ "time": 0.0333, "x": 0, "y": 0, "curve": "stepped" },
					{ "time": 0.2, "x": 0, "y": 0 }
				],
				"scale": [
					{ "time": 0, "x": 1, "y": 1, "curve": "stepped" },
					{ "time": 0.0333, "x": 1, "y": 1, "curve": "stepped" },
					{ "time": 0.2, "x": 1, "y": 1 }
				]
			},
			"foot_r": {
				"rotate": [
					{ "time": 0, "angle": 0, "curve": "stepped" },
					{ "time": 0.0333, "angle": 0, "curve": "stepped" },
					{ "time": 0.2, "angle": 0 }
				],
				"translate": [
					{ "time": 0, "x": 0, "y": 0, "curve": "stepped" },
					{ "time": 0.0333, "x": 0, "y": 0, "curve": "stepped" },
					{ "time": 0.2, "x": 0, "y": 0 }
				],
				"scale": [
					{ "time": 0, "x": 1, "y": 1, "curve": "stepped" },
					{ "time": 0.0333, "x": 1, "y": 1, "curve": "stepped" },
					{ "time": 0.2, "x": 1, "y": 1 }
				]
			},
			"hand_l": {
				"rotate": [
					{ "time": 0, "angle": 0, "curve": "stepped" },
					{ "time": 0.0333, "angle": 0, "curve": "stepped" },
					{ "time": 0.2, "angle": 0 }
				],
				"translate": [
					{ "time": 0, "x": 0, "y": 0, "curve": "stepped" },
					{ "time": 0.0333, "x": 0, "y": 0, "curve": "stepped" },
					{ "time": 0.2, "x": 0, "y": 0 }
				],
				"scale": [
					{ "time": 0, "x": 1, "y": 1, "curve": "stepped" },
					{ "time": 0.0333, "x": 1, "y": 1, "curve": "stepped" },
					{ "time": 0.2, "x": 1, "y": 1 }
				]
			},
			"hand_r": {
				"rotate": [
					{ "time": 0, "angle": 0, "curve": "stepped" },
					{
						"time": 0.0333,
						"angle": 0.36,
						"curve": [ 0, 0, 0.24, 1 ]
					},
					{ "time": 0.2, "angle": 8.58 }
				],
				"translate": [
					{ "time": 0, "x": 0, "y": 0, "curve": "stepped" },
					{ "time": 0.0333, "x": 0, "y": 0, "curve": "stepped" },
					{ "time": 0.2, "x": 0, "y": 0 }
				],
				"scale": [
					{ "time": 0, "x": 1, "y": 1, "curve": "stepped" },
					{ "time": 0.0333, "x": 1, "y": 1, "curve": "stepped" },
					{ "time": 0.2, "x": 1, "y": 1 }
				]
			},
			"head": {
				"rotate": [
					{ "time": 0, "angle": 0, "curve": "stepped" },
					{
						"time": 0.0333,
						"angle": 0.59,
						"curve": [ 0, 0, 0.24, 1 ]
					},
					{ "time": 0.2, "angle": 16.41 }
				],
				"translate": [
					{ "time": 0, "x": 0, "y": 0, "curve": "stepped" },
					{
						"time": 0.0333,
						"x": -0.88,
						"y": 0.17,
						"curve": [ 0, 0, 0.24, 1 ]
					},
					{ "time": 0.2, "x": -6.79, "y": 1.38 }
				],
				"scale": [
					{ "time": 0, "x": 1, "y": 1, "curve": "stepped" },
					{ "time": 0.0333, "x": 1, "y": 1, "curve": "stepped" },
					{ "time": 0.2, "x": 1, "y": 1 }
				]
			}
		},
		"drawOrder": [
			{ "time": 0.0333 }
		]
	},
	"roll_start": {
		"slots": {
			"arm_btm_l": {
				"attachment": [
					{ "time": 0, "name": "cannonbolt_arm_btm_l" },
					{ "time": 0.1666, "name": "cannonbolt_arm_btm_l" },
					{ "time": 0.2, "name": null }
				]
			},
			"arm_btm_r": {
				"attachment": [
					{ "time": 0, "name": "cannonbolt_arm_btm_r" },
					{ "time": 0.1666, "name": "cannonbolt_arm_btm_r" },
					{ "time": 0.2, "name": null }
				]
			},
			"arm_top_l": {
				"attachment": [
					{ "time": 0, "name": "cannonbolt_arm_top_l" },
					{ "time": 0.1666, "name": "cannonbolt_arm_top_l" },
					{ "time": 0.2, "name": null }
				]
			},
			"arm_top_r": {
				"attachment": [
					{ "time": 0, "name": "cannonbolt_arm_top_r" },
					{ "time": 0.1666, "name": "cannonbolt_arm_top_r" },
					{ "time": 0.2, "name": null }
				]
			},
			"ball_btm": {
				"attachment": [
					{ "time": 0, "name": null },
					{ "time": 0.1666, "name": null },
					{ "time": 0.2, "name": "cannonbolt_ball_btm" }
				]
			},
			"ball_top": {
				"attachment": [
					{ "time": 0, "name": null },
					{ "time": 0.1666, "name": null },
					{ "time": 0.2, "name": "cannonbolt_ball_top" }
				]
			},
			"foot_l": {
				"attachment": [
					{ "time": 0, "name": null },
					{ "time": 0.1666, "name": null }
				]
			},
			"foot_r": {
				"attachment": [
					{ "time": 0, "name": null },
					{ "time": 0.1666, "name": null }
				]
			},
			"hand_l": {
				"attachment": [
					{ "time": 0, "name": null },
					{ "time": 0.1666, "name": null }
				]
			},
			"hand_r": {
				"attachment": [
					{ "time": 0, "name": null },
					{ "time": 0.1666, "name": null }
				]
			},
			"head": {
				"attachment": [
					{ "time": 0, "name": null },
					{ "time": 0.1666, "name": null }
				]
			},
			"leg_btm_l": {
				"attachment": [
					{ "time": 0, "name": "cannonbolt_foot_l" },
					{ "time": 0.1666, "name": "cannonbolt_foot_l" },
					{ "time": 0.2, "name": null }
				]
			},
			"leg_btm_r": {
				"attachment": [
					{ "time": 0, "name": "cannonbolt_foot_r" },
					{ "time": 0.1666, "name": "cannonbolt_foot_r" },
					{ "time": 0.2, "name": null }
				]
			},
			"leg_top_l": {
				"attachment": [
					{ "time": 0, "name": "cannonbolt_leg_l" },
					{ "time": 0.1666, "name": "cannonbolt_leg_l" },
					{ "time": 0.2, "name": null }
				]
			},
			"leg_top_r": {
				"attachment": [
					{ "time": 0, "name": "cannonbolt_leg_r" },
					{ "time": 0.1666, "name": "cannonbolt_leg_r" },
					{ "time": 0.2, "name": null }
				]
			},
			"pelvis": {
				"attachment": [
					{ "time": 0, "name": "cannonbolt_hip" },
					{ "time": 0.1666, "name": "cannonbolt_hip" },
					{ "time": 0.2, "name": null }
				]
			},
			"torso": {
				"attachment": [
					{ "time": 0, "name": "cannonbolt_torso" },
					{ "time": 0.1666, "name": "cannonbolt_torso" },
					{ "time": 0.2, "name": null }
				]
			}
		},
		"bones": {
			"ball_btm": {
				"rotate": [
					{ "time": 0, "angle": 0, "curve": "stepped" },
					{ "time": 0.1666, "angle": 0, "curve": "stepped" },
					{ "time": 0.2, "angle": 0 }
				],
				"translate": [
					{ "time": 0, "x": 0, "y": 0, "curve": "stepped" },
					{ "time": 0.1666, "x": 0, "y": 0, "curve": "stepped" },
					{ "time": 0.2, "x": 0, "y": 0 }
				],
				"scale": [
					{ "time": 0, "x": 1, "y": 1, "curve": "stepped" },
					{ "time": 0.1666, "x": 1, "y": 1, "curve": "stepped" },
					{ "time": 0.2, "x": 1, "y": 1 }
				]
			},
			"ball_top": {
				"rotate": [
					{ "time": 0, "angle": 0, "curve": "stepped" },
					{ "time": 0.1666, "angle": 0, "curve": "stepped" },
					{ "time": 0.2, "angle": 0 }
				],
				"translate": [
					{
						"time": 0,
						"x": 0,
						"y": 0,
						"curve": [ 0.774, 0, 1, 1 ]
					},
					{ "time": 0.1666, "x": 0, "y": -21.05, "curve": "stepped" },
					{ "time": 0.2, "x": 0, "y": -22.37 }
				],
				"scale": [
					{
						"time": 0,
						"x": 1,
						"y": 1,
						"curve": [ 0.774, 0, 1, 1 ]
					},
					{ "time": 0.2, "x": 1.023, "y": 1.023 }
				]
			},
			"pelvis": {
				"rotate": [
					{ "time": 0, "angle": 0, "curve": "stepped" },
					{ "time": 0.1666, "angle": 0, "curve": "stepped" },
					{ "time": 0.2, "angle": 0 }
				],
				"translate": [
					{ "time": 0, "x": 0, "y": 0, "curve": "stepped" },
					{ "time": 0.1666, "x": 0, "y": 0, "curve": "stepped" },
					{ "time": 0.2, "x": 0, "y": 0 }
				],
				"scale": [
					{
						"time": 0,
						"x": 1,
						"y": 1,
						"curve": [ 0.774, 0, 1, 1 ]
					},
					{ "time": 0.1666, "x": 1, "y": 0.908, "curve": "stepped" },
					{ "time": 0.2, "x": 1, "y": 1 }
				]
			},
			"leg_top_r": {
				"rotate": [
					{
						"time": 0,
						"angle": 10.51,
						"curve": [ 0.774, 0, 1, 1 ]
					},
					{ "time": 0.1666, "angle": 46.55, "curve": "stepped" },
					{ "time": 0.2, "angle": 0 }
				],
				"translate": [
					{
						"time": 0,
						"x": 0,
						"y": 0,
						"curve": [ 0.774, 0, 1, 1 ]
					},
					{ "time": 0.1666, "x": -42.71, "y": 0, "curve": "stepped" },
					{ "time": 0.2, "x": 0, "y": 0 }
				],
				"scale": [
					{ "time": 0, "x": 1, "y": 1, "curve": "stepped" },
					{ "time": 0.1666, "x": 1, "y": 1, "curve": "stepped" },
					{ "time": 0.2, "x": 1, "y": 1 }
				]
			},
			"leg_btm_r": {
				"rotate": [
					{
						"time": 0,
						"angle": -10.61,
						"curve": [ 0.774, 0, 1, 1 ]
					},
					{ "time": 0.1666, "angle": -58.9, "curve": "stepped" },
					{ "time": 0.2, "angle": 0 }
				],
				"translate": [
					{ "time": 0, "x": 0, "y": 0, "curve": "stepped" },
					{ "time": 0.1666, "x": 0, "y": 0, "curve": "stepped" },
					{ "time": 0.2, "x": 0, "y": 0 }
				],
				"scale": [
					{ "time": 0, "x": 1, "y": 1, "curve": "stepped" },
					{ "time": 0.1666, "x": 1, "y": 1, "curve": "stepped" },
					{ "time": 0.2, "x": 1, "y": 1 }
				]
			},
			"arm_btm_r": {
				"rotate": [
					{
						"time": 0,
						"angle": -30.19,
						"curve": [ 0.774, 0, 1, 1 ]
					},
					{ "time": 0.1666, "angle": -68.03, "curve": "stepped" },
					{ "time": 0.2, "angle": 0 }
				],
				"translate": [
					{ "time": 0, "x": 0, "y": 0, "curve": "stepped" },
					{ "time": 0.1666, "x": 0, "y": 0, "curve": "stepped" },
					{ "time": 0.2, "x": 0, "y": 0 }
				],
				"scale": [
					{ "time": 0, "x": 1, "y": 1, "curve": "stepped" },
					{ "time": 0.1666, "x": 1, "y": 1, "curve": "stepped" },
					{ "time": 0.2, "x": 1, "y": 1 }
				]
			},
			"arm_top_r": {
				"rotate": [
					{
						"time": 0,
						"angle": 39.05,
						"curve": [ 0.774, 0, 1, 1 ]
					},
					{ "time": 0.1666, "angle": -359.42, "curve": "stepped" },
					{ "time": 0.2, "angle": 0 }
				],
				"translate": [
					{
						"time": 0,
						"x": 0,
						"y": 0,
						"curve": [ 0.774, 0, 1, 1 ]
					},
					{ "time": 0.1666, "x": 27.76, "y": 18.65, "curve": "stepped" },
					{ "time": 0.2, "x": 0, "y": 0 }
				],
				"scale": [
					{ "time": 0, "x": 1, "y": 1, "curve": "stepped" },
					{ "time": 0.1666, "x": 1, "y": 1, "curve": "stepped" },
					{ "time": 0.2, "x": 1, "y": 1 }
				]
			},
			"arm_btm_l": {
				"rotate": [
					{
						"time": 0,
						"angle": 36.76,
						"curve": [ 0.774, 0, 1, 1 ]
					},
					{ "time": 0.1666, "angle": -278.12, "curve": "stepped" },
					{ "time": 0.2, "angle": 0 }
				],
				"translate": [
					{ "time": 0, "x": 0, "y": 0, "curve": "stepped" },
					{ "time": 0.1666, "x": 0, "y": 0, "curve": "stepped" },
					{ "time": 0.2, "x": 0, "y": 0 }
				],
				"scale": [
					{ "time": 0, "x": 1, "y": 1, "curve": "stepped" },
					{ "time": 0.1666, "x": 1, "y": 1, "curve": "stepped" },
					{ "time": 0.2, "x": 1, "y": 1 }
				]
			},
			"arm_top_l": {
				"rotate": [
					{
						"time": 0,
						"angle": -23.29,
						"curve": [ 0.774, 0, 1, 1 ]
					},
					{ "time": 0.1666, "angle": -345.49, "curve": "stepped" },
					{ "time": 0.2, "angle": 0 }
				],
				"translate": [
					{
						"time": 0,
						"x": -2.25,
						"y": -1.57,
						"curve": [ 0.774, 0, 1, 1 ]
					},
					{ "time": 0.1666, "x": -0.09, "y": -0.06, "curve": "stepped" },
					{ "time": 0.2, "x": 0, "y": 0 }
				],
				"scale": [
					{ "time": 0, "x": 1, "y": 1, "curve": "stepped" },
					{ "time": 0.1666, "x": 1, "y": 1, "curve": "stepped" },
					{ "time": 0.2, "x": 1, "y": 1 }
				]
			},
			"torso": {
				"rotate": [
					{
						"time": 0,
						"angle": -3.42,
						"curve": [ 0.774, 0, 1, 1 ]
					},
					{ "time": 0.1666, "angle": -54.38, "curve": "stepped" },
					{ "time": 0.2, "angle": 0 }
				],
				"translate": [
					{
						"time": 0,
						"x": 0,
						"y": 0,
						"curve": [ 0.774, 0, 1, 1 ]
					},
					{ "time": 0.1666, "x": -29.48, "y": -36.61, "curve": "stepped" },
					{ "time": 0.2, "x": 0, "y": 0 }
				],
				"scale": [
					{
						"time": 0,
						"x": 1,
						"y": 1,
						"curve": [ 0.774, 0, 1, 1 ]
					},
					{ "time": 0.1666, "x": 0.943, "y": 1, "curve": "stepped" },
					{ "time": 0.2, "x": 1, "y": 1 }
				]
			},
			"root": {
				"rotate": [
					{ "time": 0, "angle": 0, "curve": "stepped" },
					{ "time": 0.1666, "angle": 0, "curve": "stepped" },
					{ "time": 0.2, "angle": 0 }
				],
				"translate": [
					{ "time": 0, "x": 0, "y": 0, "curve": "stepped" },
					{ "time": 0.1666, "x": 0, "y": 0, "curve": "stepped" },
					{ "time": 0.2, "x": 0, "y": 0 }
				],
				"scale": [
					{ "time": 0, "x": 1, "y": 1, "curve": "stepped" },
					{ "time": 0.1666, "x": 1, "y": 1, "curve": "stepped" },
					{ "time": 0.2, "x": 1, "y": 1 }
				]
			},
			"hip": {
				"rotate": [
					{ "time": 0, "angle": 0, "curve": "stepped" },
					{ "time": 0.1666, "angle": 0, "curve": "stepped" },
					{ "time": 0.2, "angle": 0 }
				],
				"translate": [
					{
						"time": 0,
						"x": 0,
						"y": -8.83,
						"curve": [ 0.774, 0, 1, 1 ]
					},
					{ "time": 0.1666, "x": -9.15, "y": -35.7, "curve": "stepped" },
					{ "time": 0.2, "x": 0, "y": 0 }
				],
				"scale": [
					{ "time": 0, "x": 1, "y": 1, "curve": "stepped" },
					{ "time": 0.1666, "x": 1, "y": 1, "curve": "stepped" },
					{ "time": 0.2, "x": 1, "y": 1 }
				]
			},
			"leg_top_l": {
				"rotate": [
					{
						"time": 0,
						"angle": 4.16,
						"curve": [ 0.774, 0, 1, 1 ]
					},
					{ "time": 0.1666, "angle": 52.04, "curve": "stepped" },
					{ "time": 0.2, "angle": 0 }
				],
				"translate": [
					{
						"time": 0,
						"x": 0,
						"y": 0,
						"curve": [ 0.774, 0, 1, 1 ]
					},
					{ "time": 0.1666, "x": -9.15, "y": 0, "curve": "stepped" },
					{ "time": 0.2, "x": 0, "y": 0 }
				],
				"scale": [
					{ "time": 0, "x": 1, "y": 1, "curve": "stepped" },
					{ "time": 0.1666, "x": 1, "y": 1, "curve": "stepped" },
					{ "time": 0.2, "x": 1, "y": 1 }
				]
			},
			"leg_btm_l": {
				"rotate": [
					{
						"time": 0,
						"angle": -17.43,
						"curve": [ 0.774, 0, 1, 1 ]
					},
					{ "time": 0.1666, "angle": -64.7, "curve": "stepped" },
					{ "time": 0.2, "angle": 0 }
				],
				"translate": [
					{ "time": 0, "x": 0, "y": 0, "curve": "stepped" },
					{ "time": 0.1666, "x": 0, "y": 0, "curve": "stepped" },
					{ "time": 0.2, "x": 0, "y": 0 }
				],
				"scale": [
					{ "time": 0, "x": 1, "y": 1, "curve": "stepped" },
					{ "time": 0.1666, "x": 1, "y": 1, "curve": "stepped" },
					{ "time": 0.2, "x": 1, "y": 1 }
				]
			},
			"foot_l": {
				"rotate": [
					{ "time": 0, "angle": 0, "curve": "stepped" },
					{ "time": 0.1666, "angle": 0, "curve": "stepped" },
					{ "time": 0.2, "angle": 0 }
				],
				"translate": [
					{ "time": 0, "x": 0, "y": 0, "curve": "stepped" },
					{ "time": 0.1666, "x": 0, "y": 0, "curve": "stepped" },
					{ "time": 0.2, "x": 0, "y": 0 }
				],
				"scale": [
					{ "time": 0, "x": 1, "y": 1, "curve": "stepped" },
					{ "time": 0.1666, "x": 1, "y": 1, "curve": "stepped" },
					{ "time": 0.2, "x": 1, "y": 1 }
				]
			},
			"foot_r": {
				"rotate": [
					{ "time": 0, "angle": 0, "curve": "stepped" },
					{ "time": 0.1666, "angle": 0, "curve": "stepped" },
					{ "time": 0.2, "angle": 0 }
				],
				"translate": [
					{ "time": 0, "x": 0, "y": 0, "curve": "stepped" },
					{ "time": 0.1666, "x": 0, "y": 0, "curve": "stepped" },
					{ "time": 0.2, "x": 0, "y": 0 }
				],
				"scale": [
					{ "time": 0, "x": 1, "y": 1, "curve": "stepped" },
					{ "time": 0.1666, "x": 1, "y": 1, "curve": "stepped" },
					{ "time": 0.2, "x": 1, "y": 1 }
				]
			},
			"hand_l": {
				"rotate": [
					{ "time": 0, "angle": 0, "curve": "stepped" },
					{ "time": 0.1666, "angle": 0, "curve": "stepped" },
					{ "time": 0.2, "angle": 0 }
				],
				"translate": [
					{ "time": 0, "x": 0, "y": 0, "curve": "stepped" },
					{ "time": 0.1666, "x": 0, "y": 0, "curve": "stepped" },
					{ "time": 0.2, "x": 0, "y": 0 }
				],
				"scale": [
					{ "time": 0, "x": 1, "y": 1, "curve": "stepped" },
					{ "time": 0.1666, "x": 1, "y": 1, "curve": "stepped" },
					{ "time": 0.2, "x": 1, "y": 1 }
				]
			},
			"hand_r": {
				"rotate": [
					{
						"time": 0,
						"angle": 8.58,
						"curve": [ 0.774, 0, 1, 1 ]
					},
					{ "time": 0.1666, "angle": 0.36, "curve": "stepped" },
					{ "time": 0.2, "angle": 0 }
				],
				"translate": [
					{ "time": 0, "x": 0, "y": 0, "curve": "stepped" },
					{ "time": 0.1666, "x": 0, "y": 0, "curve": "stepped" },
					{ "time": 0.2, "x": 0, "y": 0 }
				],
				"scale": [
					{ "time": 0, "x": 1, "y": 1, "curve": "stepped" },
					{ "time": 0.1666, "x": 1, "y": 1, "curve": "stepped" },
					{ "time": 0.2, "x": 1, "y": 1 }
				]
			},
			"head": {
				"rotate": [
					{
						"time": 0,
						"angle": 16.41,
						"curve": [ 0.774, 0, 1, 1 ]
					},
					{ "time": 0.1666, "angle": 0.59, "curve": "stepped" },
					{ "time": 0.2, "angle": 0 }
				],
				"translate": [
					{
						"time": 0,
						"x": -6.79,
						"y": 1.38,
						"curve": [ 0.774, 0, 1, 1 ]
					},
					{ "time": 0.1666, "x": -0.88, "y": 0.17, "curve": "stepped" },
					{ "time": 0.2, "x": 0, "y": 0 }
				],
				"scale": [
					{ "time": 0, "x": 1, "y": 1, "curve": "stepped" },
					{ "time": 0.1666, "x": 1, "y": 1, "curve": "stepped" },
					{ "time": 0.2, "x": 1, "y": 1 }
				]
			}
		},
		"drawOrder": [
			{ "time": 0 },
			{ "time": 0.1666 }
		]
	},
	"run_level": {
		"slots": {
			"ball_btm": {
				"attachment": [
					{ "time": 0, "name": null }
				]
			},
			"ball_top": {
				"attachment": [
					{ "time": 0, "name": null }
				]
			}
		},
		"bones": {
			"leg_top_r": {
				"rotate": [
					{
						"time": 0,
						"angle": 37.32,
						"curve": [ 0.276, 0.26, 0.661, 0.98 ]
					},
					{
						"time": 0.1666,
						"angle": -10.5,
						"curve": [ 0.25, 0, 0.75, 1 ]
					},
					{
						"time": 0.3333,
						"angle": 2.05,
						"curve": [ 0.25, 0, 0.665, 1 ]
					},
					{
						"time": 0.5,
						"angle": 67.21,
						"curve": [ 0.375, 0.5, 0.75, 1 ]
					},
					{ "time": 0.6666, "angle": 37.32 }
				],
				"translate": [
					{ "time": 0, "x": -2.49, "y": 2.6 },
					{ "time": 0.3333, "x": -0.55, "y": -0.1 },
					{ "time": 0.6666, "x": -2.49, "y": 2.6 }
				],
				"scale": [
					{ "time": 0, "x": 1, "y": 1 }
				]
			},
			"leg_btm_r": {
				"rotate": [
					{
						"time": 0,
						"angle": -37.17,
						"curve": [ 0.263, 0.3, 0.736, 1 ]
					},
					{
						"time": 0.3333,
						"angle": -95.72,
						"curve": [ 0.25, 0, 0.75, 1 ]
					},
					{
						"time": 0.5,
						"angle": -38.11,
						"curve": [ 0.25, 0, 0.75, 1 ]
					},
					{ "time": 0.6666, "angle": -37.17 }
				],
				"translate": [
					{ "time": 0, "x": 0, "y": 0 },
					{ "time": 0.1333, "x": -5, "y": -4.56, "curve": "stepped" },
					{ "time": 0.5333, "x": -5, "y": -4.56 },
					{ "time": 0.6666, "x": 0, "y": 0 }
				],
				"scale": [
					{ "time": 0, "x": 1, "y": 1 }
				]
			},
			"leg_top_l": {
				"rotate": [
					{
						"time": 0,
						"angle": -11.53,
						"curve": [ 0.25, 0, 0.75, 1 ]
					},
					{
						"time": 0.1666,
						"angle": 65.54,
						"curve": [ 0.25, 0, 0.75, 1 ]
					},
					{
						"time": 0.3333,
						"angle": 36.68,
						"curve": [ 0.203, 0.3, 0.568, 1 ]
					},
					{
						"time": 0.5,
						"angle": -14.87,
						"curve": [ 0.375, 0.5, 0.75, 1 ]
					},
					{ "time": 0.6666, "angle": -11.53 }
				],
				"translate": [
					{ "time": 0, "x": -1.47, "y": -1.23 },
					{ "time": 0.1666, "x": -11.42, "y": 41.31 },
					{ "time": 0.3333, "x": 6.72, "y": 19.29 },
					{ "time": 0.5, "x": -1.16, "y": 0.27 },
					{ "time": 0.6666, "x": -1.47, "y": -1.23 }
				],
				"scale": [
					{ "time": 0, "x": 1, "y": 1 }
				]
			},
			"leg_btm_l": {
				"rotate": [
					{
						"time": 0,
						"angle": -88.47,
						"curve": [ 0.25, 0, 0.75, 1 ]
					},
					{
						"time": 0.1666,
						"angle": -49.12,
						"curve": [ 0.25, 0, 0.75, 1 ]
					},
					{
						"time": 0.3333,
						"angle": -370.68,
						"curve": [ 0.23, 0.26, 0.75, 1 ]
					},
					{ "time": 0.6666, "angle": -88.47 }
				],
				"translate": [
					{ "time": 0, "x": 0, "y": 0 }
				],
				"scale": [
					{ "time": 0, "x": 1, "y": 1 }
				]
			},
			"foot_l": {
				"rotate": [
					{ "time": 0, "angle": -17.87 },
					{ "time": 0.3333, "angle": 9.28 },
					{ "time": 0.6666, "angle": -17.87 }
				],
				"translate": [
					{ "time": 0, "x": 0, "y": 0 },
					{ "time": 0.0666, "x": 4.55, "y": -0.23 },
					{ "time": 0.1333, "x": 3.59, "y": 0.07 },
					{ "time": 0.3333, "x": 3.33, "y": 0.98 },
					{ "time": 0.4666, "x": 5.97, "y": 0.49 },
					{ "time": 0.5333, "x": 5.37, "y": 0.62 },
					{ "time": 0.6, "x": 6.05, "y": 0.39 },
					{ "time": 0.6666, "x": 0, "y": 0 }
				],
				"scale": [
					{ "time": 0, "x": 1, "y": 1 }
				]
			},
			"arm_top_l": {
				"rotate": [
					{
						"time": 0,
						"angle": -303.79,
						"curve": [ 0.393, 0, 0.75, 1 ]
					},
					{
						"time": 0.3333,
						"angle": -49.42,
						"curve": [ 0.25, 0, 0.547, 1 ]
					},
					{ "time": 0.6666, "angle": -303.79 }
				],
				"translate": [
					{
						"time": 0,
						"x": -30.74,
						"y": -5.76,
						"curve": [ 0.25, 0, 0.75, 1 ]
					},
					{
						"time": 0.3333,
						"x": -7.08,
						"y": 4.95,
						"curve": [ 0.25, 0, 0.75, 1 ]
					},
					{ "time": 0.6666, "x": -30.74, "y": -5.76 }
				],
				"scale": [
					{
						"time": 0,
						"x": 1.158,
						"y": 1,
						"curve": [ 0.25, 0, 0.75, 1 ]
					},
					{
						"time": 0.3333,
						"x": 1,
						"y": 1,
						"curve": [ 0.25, 0, 0.75, 1 ]
					},
					{ "time": 0.6666, "x": 1.158, "y": 1 }
				]
			},
			"arm_btm_l": {
				"rotate": [
					{
						"time": 0,
						"angle": -272.26,
						"curve": [ 0.381, 0.54, 0.742, 1 ]
					},
					{
						"time": 0.3333,
						"angle": -318.81,
						"curve": [ 0.381, 0.54, 0.742, 1 ]
					},
					{ "time": 0.6666, "angle": -272.26 }
				],
				"translate": [
					{
						"time": 0,
						"x": 0.92,
						"y": 9.36,
						"curve": [ 0.25, 0, 0.75, 1 ]
					},
					{
						"time": 0.3333,
						"x": 0.08,
						"y": -1.22,
						"curve": [ 0.25, 0, 0.75, 1 ]
					},
					{ "time": 0.6666, "x": 0.92, "y": 9.36 }
				],
				"scale": [
					{ "time": 0, "x": 0.797, "y": 1 },
					{ "time": 0.0666, "x": 1, "y": 1, "curve": "stepped" },
					{ "time": 0.5, "x": 1, "y": 1 },
					{ "time": 0.6666, "x": 0.797, "y": 1 }
				]
			},
			"arm_top_r": {
				"rotate": [
					{
						"time": 0,
						"angle": -51.22,
						"curve": [ 0.196, 0, 0.4, 1 ]
					},
					{
						"time": 0.3333,
						"angle": -294.38,
						"curve": [ 0.16, 0, 0.52, 1 ]
					},
					{ "time": 0.6666, "angle": -51.22 }
				],
				"translate": [
					{
						"time": 0,
						"x": -0.85,
						"y": 33.88,
						"curve": [ 0.25, 0, 0.75, 1 ]
					},
					{
						"time": 0.3333,
						"x": 4.98,
						"y": 13.06,
						"curve": [ 0.25, 0, 0.75, 1 ]
					},
					{ "time": 0.6666, "x": -0.85, "y": 33.88 }
				],
				"scale": [
					{ "time": 0, "x": 1, "y": 1 }
				]
			},
			"arm_btm_r": {
				"rotate": [
					{
						"time": 0,
						"angle": 48.37,
						"curve": [ 0.25, 0, 0.75, 1 ]
					},
					{
						"time": 0.3333,
						"angle": 79.37,
						"curve": [ 0.25, 0, 0.75, 1 ]
					},
					{ "time": 0.6666, "angle": 48.37 }
				],
				"translate": [
					{ "time": 0, "x": -3.1, "y": -2.01 }
				],
				"scale": [
					{ "time": 0, "x": 1, "y": 1, "curve": "stepped" },
					{ "time": 0.1666, "x": 1, "y": 1 },
					{ "time": 0.3333, "x": 0.797, "y": 1 },
					{ "time": 0.5, "x": 1, "y": 1 }
				]
			},
			"torso": {
				"rotate": [
					{ "time": 0, "angle": -26.56 }
				],
				"translate": [
					{ "time": 0, "x": 0, "y": 0 }
				],
				"scale": [
					{ "time": 0, "x": 1, "y": 1 }
				]
			},
			"head": {
				"rotate": [
					{
						"time": 0,
						"angle": 19.62,
						"curve": [ 0.375, 0.5, 0.75, 1 ]
					},
					{
						"time": 0.1666,
						"angle": 14.24,
						"curve": [ 0.25, 0, 0.75, 1 ]
					},
					{
						"time": 0.3333,
						"angle": 19.62,
						"curve": [ 0.375, 0.5, 0.75, 1 ]
					},
					{
						"time": 0.5,
						"angle": 18.81,
						"curve": [ 0.25, 0, 0.75, 1 ]
					},
					{ "time": 0.6666, "angle": 19.62 }
				],
				"translate": [
					{
						"time": 0,
						"x": -3.89,
						"y": 1,
						"curve": [ 0.25, 0, 0.75, 1 ]
					},
					{
						"time": 0.1666,
						"x": -8.51,
						"y": -0.98,
						"curve": [ 0.25, 0, 0.75, 1 ]
					},
					{
						"time": 0.3333,
						"x": -3.89,
						"y": 1,
						"curve": [ 0.25, 0, 0.75, 1 ]
					},
					{
						"time": 0.5,
						"x": -8.51,
						"y": -0.98,
						"curve": [ 0.25, 0, 0.75, 1 ]
					},
					{ "time": 0.6666, "x": -3.89, "y": 1 }
				],
				"scale": [
					{ "time": 0, "x": 1.014, "y": 1 },
					{ "time": 0.0666, "x": 1.042, "y": 1 },
					{ "time": 0.2333, "x": 0.972, "y": 1 },
					{ "time": 0.4, "x": 1.042, "y": 1 },
					{ "time": 0.5666, "x": 0.972, "y": 1 },
					{ "time": 0.6666, "x": 1.014, "y": 1 }
				]
			},
			"foot_r": {
				"rotate": [
					{ "time": 0, "angle": 4.41 },
					{
						"time": 0.2333,
						"angle": -16.79,
						"curve": [ 0.25, 0, 0.75, 1 ]
					},
					{ "time": 0.5333, "angle": 14.82 },
					{ "time": 0.6666, "angle": 4.41 }
				],
				"translate": [
					{ "time": 0, "x": 7.03, "y": 0.56 }
				],
				"scale": [
					{ "time": 0, "x": 1, "y": 1 }
				]
			},
			"root": {
				"rotate": [
					{ "time": 0, "angle": 0 }
				],
				"translate": [
					{ "time": 0, "x": 0, "y": 0 }
				],
				"scale": [
					{ "time": 0, "x": 1, "y": 1 }
				]
			},
			"hand_r": {
				"rotate": [
					{ "time": 0, "angle": 0 }
				],
				"translate": [
					{ "time": 0, "x": 0, "y": 0 }
				],
				"scale": [
					{ "time": 0, "x": 1, "y": 1 }
				]
			},
			"hand_l": {
				"rotate": [
					{ "time": 0, "angle": 0 }
				],
				"translate": [
					{ "time": 0, "x": 0, "y": 0 }
				],
				"scale": [
					{ "time": 0, "x": 1, "y": -1 }
				]
			},
			"hip": {
				"rotate": [
					{ "time": 0, "angle": 0 }
				],
				"translate": [
					{
						"time": 0,
						"x": 0,
						"y": -26.52,
						"curve": [ 0.246, 0.27, 0.75, 1 ]
					},
					{
						"time": 0.1666,
						"x": 0,
						"y": 21.49,
						"curve": [ 0.25, 0, 0.763, 0.72 ]
					},
					{
						"time": 0.3333,
						"x": 0,
						"y": -26.52,
						"curve": [ 0.246, 0.27, 0.75, 1 ]
					},
					{
						"time": 0.5,
						"x": 0,
						"y": 21.49,
						"curve": [ 0.25, 0, 0.763, 0.72 ]
					},
					{ "time": 0.6666, "x": 0, "y": -26.52 }
				],
				"scale": [
					{ "time": 0, "x": 1, "y": 1 }
				]
			},
			"ball_top": {
				"rotate": [
					{ "time": 0, "angle": 0 }
				],
				"translate": [
					{ "time": 0, "x": 0, "y": 0 }
				],
				"scale": [
					{ "time": 0, "x": 1, "y": 1 }
				]
			},
			"ball_btm": {
				"rotate": [
					{ "time": 0, "angle": 0 }
				],
				"translate": [
					{ "time": 0, "x": 0, "y": 0 }
				],
				"scale": [
					{ "time": 0, "x": 1, "y": 1 }
				]
			}
		},
		"drawOrder": [
			{ "time": 0 }
		]
	},
	"walk": {
		"slots": {
			"ball_btm": {
				"attachment": [
					{ "time": 0, "name": null }
				]
			},
			"ball_top": {
				"attachment": [
					{ "time": 0, "name": null }
				]
			}
		},
		"bones": {
			"hip": {
				"rotate": [
					{ "time": 0, "angle": 0 }
				],
				"translate": [
					{
						"time": 0,
						"x": 0,
						"y": -20.46,
						"curve": [ 0.25, 0, 0.75, 1 ]
					},
					{
						"time": 0.3333,
						"x": 0,
						"y": 0,
						"curve": [ 0.25, 0, 0.75, 1 ]
					},
					{
						"time": 0.6666,
						"x": 0,
						"y": -20.46,
						"curve": [ 0.25, 0, 0.75, 1 ]
					},
					{
						"time": 1,
						"x": 0,
						"y": 0,
						"curve": [ 0.25, 0, 0.75, 1 ]
					},
					{ "time": 1.3333, "x": 0, "y": -20.46 }
				],
				"scale": [
					{ "time": 0, "x": 1, "y": 1 }
				]
			},
			"leg_top_l": {
				"rotate": [
					{
						"time": 0,
						"angle": 16.62,
						"curve": [ 0.25, 0, 0.75, 1 ]
					},
					{
						"time": 0.3333,
						"angle": 0,
						"curve": [ 0.25, 0, 0.75, 1 ]
					},
					{
						"time": 0.6666,
						"angle": 22.04,
						"curve": [ 0.25, 0, 0.75, 1 ]
					},
					{
						"time": 1,
						"angle": 39.45,
						"curve": [ 0.25, 0, 0.75, 1 ]
					},
					{ "time": 1.3333, "angle": 16.62 }
				],
				"translate": [
					{ "time": 0, "x": 0, "y": 0 }
				],
				"scale": [
					{ "time": 0, "x": 1, "y": 1 }
				]
			},
			"leg_btm_l": {
				"rotate": [
					{
						"time": 0,
						"angle": -15.78,
						"curve": [ 0.25, 0, 0.75, 1 ]
					},
					{
						"time": 0.3333,
						"angle": -9.81,
						"curve": [ 0.25, 0, 0.75, 1 ]
					},
					{
						"time": 0.6666,
						"angle": -82.7,
						"curve": [ 0.25, 0, 0.75, 1 ]
					},
					{
						"time": 1,
						"angle": -18.6,
						"curve": [ 0.25, 0, 0.75, 1 ]
					},
					{ "time": 1.3333, "angle": -15.78 }
				],
				"translate": [
					{ "time": 0, "x": 0, "y": 0 }
				],
				"scale": [
					{ "time": 0, "x": 1, "y": 1 }
				]
			},
			"foot_l": {
				"rotate": [
					{
						"time": 0,
						"angle": 1.63,
						"curve": [ 0.25, 0, 0.75, 1 ]
					},
					{
						"time": 0.3333,
						"angle": 0,
						"curve": [ 0.25, 0, 0.75, 1 ]
					},
					{
						"time": 0.6666,
						"angle": -18.02,
						"curve": [ 0.25, 0, 0.75, 1 ]
					},
					{
						"time": 1,
						"angle": 14.52,
						"curve": [ 0.25, 0, 0.75, 1 ]
					},
					{ "time": 1.3333, "angle": 1.63 }
				],
				"translate": [
					{ "time": 0, "x": 0, "y": 0 }
				],
				"scale": [
					{ "time": 0, "x": 1, "y": 1 }
				]
			},
			"leg_top_r": {
				"rotate": [
					{
						"time": 0,
						"angle": -2.76,
						"curve": [ 0.25, 0, 0.75, 1 ]
					},
					{
						"time": 0.3333,
						"angle": 15.47,
						"curve": [ 0.25, 0, 0.75, 1 ]
					},
					{
						"time": 0.6666,
						"angle": 5.21,
						"curve": [ 0.25, 0, 0.75, 1 ]
					},
					{
						"time": 1,
						"angle": -17.79,
						"curve": [ 0.25, 0, 0.75, 1 ]
					},
					{ "time": 1.3333, "angle": -2.76 }
				],
				"translate": [
					{ "time": 0, "x": 0, "y": 0 }
				],
				"scale": [
					{ "time": 0, "x": 1, "y": 1 }
				]
			},
			"leg_btm_r": {
				"rotate": [
					{
						"time": 0,
						"angle": -63.97,
						"curve": [ 0.25, 0, 0.75, 1 ]
					},
					{
						"time": 0.3333,
						"angle": -2.76,
						"curve": [ 0.25, 0, 0.75, 1 ]
					},
					{
						"time": 0.6666,
						"angle": -13.01,
						"curve": [ 0.25, 0, 0.75, 1 ]
					},
					{
						"time": 1,
						"angle": -6.93,
						"curve": [ 0.25, 0, 0.75, 1 ]
					},
					{ "time": 1.3333, "angle": -63.97 }
				],
				"translate": [
					{ "time": 0, "x": 0, "y": 0 }
				],
				"scale": [
					{ "time": 0, "x": 1, "y": 1 }
				]
			},
			"foot_r": {
				"rotate": [
					{
						"time": 0,
						"angle": -0.09,
						"curve": [ 0.25, 0, 0.75, 1 ]
					},
					{
						"time": 0.3333,
						"angle": 14.64,
						"curve": [ 0.25, 0, 0.75, 1 ]
					},
					{
						"time": 0.6666,
						"angle": 9.13,
						"curve": [ 0.25, 0, 0.75, 1 ]
					},
					{
						"time": 1,
						"angle": 29.16,
						"curve": [ 0.25, 0, 0.75, 1 ]
					},
					{ "time": 1.3333, "angle": -0.09 }
				],
				"translate": [
					{ "time": 0, "x": 0, "y": 0 }
				],
				"scale": [
					{ "time": 0, "x": 1, "y": 1 }
				]
			},
			"arm_top_l": {
				"rotate": [
					{
						"time": 0,
						"angle": 16.19,
						"curve": [ 0.25, 0, 0.75, 1 ]
					},
					{
						"time": 0.6666,
						"angle": -16.26,
						"curve": [ 0.25, 0, 0.75, 1 ]
					},
					{ "time": 1.3333, "angle": 16.19 }
				],
				"translate": [
					{ "time": 0, "x": 0, "y": 0 }
				],
				"scale": [
					{ "time": 0, "x": 1, "y": 1 }
				]
			},
			"arm_btm_l": {
				"rotate": [
					{
						"time": 0,
						"angle": 19.06,
						"curve": [ 0.25, 0, 0.75, 1 ]
					},
					{
						"time": 0.6666,
						"angle": 28.18,
						"curve": [ 0.25, 0, 0.75, 1 ]
					},
					{ "time": 1.3333, "angle": 19.06 }
				],
				"translate": [
					{ "time": 0, "x": 0, "y": 0 }
				],
				"scale": [
					{ "time": 0, "x": 1, "y": 1 }
				]
			},
			"hand_l": {
				"rotate": [
					{
						"time": 0,
						"angle": 16.13,
						"curve": [ 0.25, 0, 0.75, 1 ]
					},
					{
						"time": 0.6666,
						"angle": -10.44,
						"curve": [ 0.25, 0, 0.75, 1 ]
					},
					{ "time": 1.3333, "angle": 16.13 }
				],
				"translate": [
					{ "time": 0, "x": 0, "y": 0 }
				],
				"scale": [
					{ "time": 0, "x": 1, "y": 1 }
				]
			},
			"arm_top_r": {
				"rotate": [
					{
						"time": 0,
						"angle": -8.22,
						"curve": [ 0.25, 0, 0.75, 1 ]
					},
					{
						"time": 0.6666,
						"angle": 7.67,
						"curve": [ 0.25, 0, 0.75, 1 ]
					},
					{ "time": 1.3333, "angle": 351.77 }
				],
				"translate": [
					{ "time": 0, "x": 0, "y": 0 }
				],
				"scale": [
					{ "time": 0, "x": 1, "y": 1 }
				]
			},
			"arm_btm_r": {
				"rotate": [
					{
						"time": 0,
						"angle": 5.27,
						"curve": [ 0.25, 0, 0.75, 1 ]
					},
					{
						"time": 0.6666,
						"angle": 8.52,
						"curve": [ 0.25, 0, 0.75, 1 ]
					},
					{ "time": 1.3333, "angle": 5.27 }
				],
				"translate": [
					{ "time": 0, "x": 0, "y": 0 }
				],
				"scale": [
					{ "time": 0, "x": 1, "y": 1 }
				]
			},
			"hand_r": {
				"rotate": [
					{
						"time": 0,
						"angle": 0.11,
						"curve": [ 0.25, 0, 0.75, 1 ]
					},
					{
						"time": 0.6666,
						"angle": 23.24,
						"curve": [ 0.25, 0, 0.75, 1 ]
					},
					{ "time": 1.3333, "angle": 0.11 }
				],
				"translate": [
					{ "time": 0, "x": 0, "y": 0 }
				],
				"scale": [
					{ "time": 0, "x": 1, "y": 1 }
				]
			},
			"root": {
				"rotate": [
					{ "time": 0, "angle": 0 }
				],
				"translate": [
					{ "time": 0, "x": 0, "y": 0 }
				],
				"scale": [
					{ "time": 0, "x": 1, "y": 1 }
				]
			},
			"torso": {
				"rotate": [
					{ "time": 0, "angle": 0 }
				],
				"translate": [
					{ "time": 0, "x": 0, "y": 0 }
				],
				"scale": [
					{ "time": 0, "x": 1, "y": 1 }
				]
			},
			"pelvis": {
				"rotate": [
					{ "time": 0, "angle": 0 }
				],
				"translate": [
					{ "time": 0, "x": 0, "y": 0 }
				],
				"scale": [
					{ "time": 0, "x": 1, "y": 1 }
				]
			},
			"head": {
				"rotate": [
					{ "time": 0, "angle": 0 }
				],
				"translate": [
					{ "time": 0, "x": 0, "y": 0 }
				],
				"scale": [
					{ "time": 0, "x": 1, "y": 1 }
				]
			},
			"ball_top": {
				"rotate": [
					{ "time": 0, "angle": 0 }
				],
				"translate": [
					{ "time": 0, "x": 0, "y": 0 }
				],
				"scale": [
					{ "time": 0, "x": 1, "y": 1 }
				]
			},
			"ball_btm": {
				"rotate": [
					{ "time": 0, "angle": 0 }
				],
				"translate": [
					{ "time": 0, "x": 0, "y": 0 }
				],
				"scale": [
					{ "time": 0, "x": 1, "y": 1 }
				]
			}
		},
		"drawOrder": [
			{ "time": 0 }
		]
	}
}
}