{"frames": {

"generic_comms_panel.png":
{
	"frame": {"x":0,"y":820,"w":503,"h":152},
	"rotated": false,
	"trimmed": false,
	"spriteSourceSize": {"x":0,"y":0,"w":503,"h":152},
	"sourceSize": {"w":503,"h":152}
},
"panel_frame_medium.png":
{
	"frame": {"x":0,"y":0,"w":545,"h":408},
	"rotated": false,
	"trimmed": false,
	"spriteSourceSize": {"x":0,"y":0,"w":545,"h":408},
	"sourceSize": {"w":545,"h":408}
},
"panel_frame_shop_A.png":
{
	"frame": {"x":0,"y":410,"w":508,"h":408},
	"rotated": false,
	"trimmed": false,
	"spriteSourceSize": {"x":0,"y":0,"w":508,"h":408},
	"sourceSize": {"w":508,"h":408}
},
"panel_frame_shop_B.png":
{
	"frame": {"x":510,"y":410,"w":282,"h":331},
	"rotated": false,
	"trimmed": false,
	"spriteSourceSize": {"x":0,"y":0,"w":282,"h":331},
	"sourceSize": {"w":282,"h":331}
},
"ring_large.png":
{
	"frame": {"x":547,"y":0,"w":173,"h":173},
	"rotated": false,
	"trimmed": true,
	"spriteSourceSize": {"x":0,"y":0,"w":173,"h":173},
	"sourceSize": {"w":174,"h":174}
},
"ring_small.png":
{
	"frame": {"x":547,"y":175,"w":100,"h":100},
	"rotated": false,
	"trimmed": true,
	"spriteSourceSize": {"x":0,"y":0,"w":100,"h":100},
	"sourceSize": {"w":101,"h":101}
}},
"meta": {
	"app": "http://www.codeandweb.com/texturepacker",
	"version": "1.0",
	"image": "ui_elements_rebels.png",
	"format": "RGBA8888",
	"size": {"w":792,"h":972},
	"scale": "1",
	"smartupdate": "$TexturePacker:SmartUpdate:3ab06f098bdf35f1475582c35f4503c9:2f8510ec73cd3291c345adc07f6c54e6:5e6e999e4e2562934706d55e9bfdac3a$"
}
}
