{
	"alpha": {
		"start": 1,
		"end": 0
	},
	"scale": {
		"start": 1,
		"end": 0.2,
		"minimumScaleMultiplier": 2
	},
	"color": {
		"start": "#ffffff",
		"end": "#ffffff"
	},
	"speed": {
		"start": 300,
		"end": 0
	},
	"acceleration": {
		"x": 0,
		"y": 400
	},
	"startRotation": {
		"min": 240,
		"max": 300
	},
	"rotationSpeed": {
		"min": -180,
		"max": 180
	},
	"lifetime": {
		"min": 0.6,
		"max": 1.4
	},
	"blendMode": "add",
	"frequency": 0.003,
	"emitterLifetime": 0.4,
	"maxParticles": 80,
	"pos": {
		"x": 0,
		"y": 0
	},
	"addAtBack": false,
	"spawnType": "rect",
	"spawnRect": {
		"x": -200,
		"y": -300,
		"w": 400,
		"h": 500
	}
}