{
	"alpha": {
		"start": 1,
		"end": 1
	},
	"scale": {
		"start": 2,
		"end": 0.1,
		"minimumScaleMultiplier": 1
	},
	"color": {
		"start": "#ffffff",
		"end": "#00ff2b"
	},
	"speed": {
		"start": 150,
		"end": 80
	},
	"acceleration": {
		"x": 0,
		"y": 0
	},
	"startRotation": {
		"min": 250,
		"max": 290
	},
	"noRotation": false,
	"rotationSpeed": {
		"min": 360,
		"max": 360
	},
	"lifetime": {
		"min": 2,
		"max": 3
	},
	"blendMode": "screen",
	"frequency": 0.05,
	"emitterLifetime": -1,
	"maxParticles": 500,
	"pos": {
		"x": 0,
		"y": 0
	},
	"addAtBack": false,
	"spawnType": "circle",
	"spawnCircle": {
		"x": 0,
		"y": 0,
		"r": 65
	}
}