{
	"alpha": {
		"start": 1,
		"end": 1
	},
	"scale": {
		"start": 0.8,
		"end": 0.2,
		"minimumScaleMultiplier": 1
	},
	"color": {
		"start": "#ffee00",
		"end": "#ffa43d"
	},
	"speed": {
		"start": 400,
		"end": 0
	},
	"acceleration": {
		"x": 0,
		"y": 0
	},
	"startRotation": {
		"min": 0,
		"max": 360
	},
	"rotationSpeed": {
		"min": 0,
		"max": 0
	},
	"lifetime": {
		"min": 0.2,
		"max": 0.5
	},
	"blendMode": "add",
	"frequency": 0.001,
	"emitterLifetime": 0.1,
	"maxParticles": 30,
	"pos": {
		"x": 0,
		"y": 0
	},
	"addAtBack": false,
	"spawnType": "circle",
	"spawnCircle": {
		"x": 0,
		"y": 0,
		"r": 0
	}
}