{
	"alpha": {
		"start": 1,
		"end": 1
	},
	"scale": {
		"start": 2.5,
		"end": 0.3,
		"minimumScaleMultiplier": 2
	},
	"color": {
		"start": "#ffffff",
		"end": "#00d5ff"
	},
	"speed": {
		"start": 800,
		"end": -200
	},
	"acceleration": {
		"x": 0,
		"y": 0
	},
	"startRotation": {
		"min": 0,
		"max": 360
	},
	"rotationSpeed": {
		"min": 0,
		"max": 360
	},
	"lifetime": {
		"min": 0.4,
		"max": 0.6
	},
	"blendMode": "normal",
	"frequency": 0.003,
	"emitterLifetime": 0.2,
	"maxParticles": 30,
	"pos": {
		"x": 0,
		"y": 0
	},
	"addAtBack": false,
	"spawnType": "point"
}