{
"skeleton": { "hash": "PLYdx90GpPB5b0OmvYwXzEDEPbI", "spine": "3.4.02", "width": 199.08, "height": 93.79, "images": "./images/" },
"bones": [
	{ "name": "root" },
	{ "name": "hip", "parent": "root", "y": 18.36 },
	{ "name": "body_back", "parent": "hip", "length": 48.04, "rotation": -2.38, "x": 1.5, "y": 21.99 },
	{ "name": "body_front", "parent": "hip", "length": 60, "rotation": 179.04, "x": -2.08, "y": 22.89 },
	{ "name": "claw_back_001", "parent": "body_back", "rotation": 2.38, "x": 50.87, "y": -30.77, "inheritScale": false },
	{ "name": "claw_back_002", "parent": "body_back", "rotation": 2.38, "x": 25.8, "y": -31.81, "inheritScale": false },
	{ "name": "claw_back_003", "parent": "body_back", "rotation": 2.38, "x": 2.08, "y": -32.8, "inheritScale": false },
	{ "name": "claw_back_004", "parent": "body_front", "rotation": -179.04, "x": 20.22, "y": 34.1, "inheritScale": false },
	{ "name": "claw_back_005", "parent": "body_front", "rotation": -179.04, "x": 44.85, "y": 34.51, "inheritScale": false },
	{ "name": "claw_front_001", "parent": "body_back", "rotation": 2.38, "x": 66.39, "y": -31.57, "inheritScale": false },
	{ "name": "claw_front_002", "parent": "body_back", "rotation": 2.38, "x": 43.11, "y": -32.54, "inheritScale": false },
	{ "name": "claw_front_003", "parent": "body_back", "rotation": 2.38, "x": 19.39, "y": -33.53, "inheritScale": false },
	{ "name": "claw_front_004", "parent": "body_front", "rotation": -179.04, "x": 4.72, "y": 35.29, "inheritScale": false },
	{ "name": "claw_front_005", "parent": "body_front", "rotation": -179.04, "x": 29.36, "y": 35.7, "inheritScale": false },
	{ "name": "head", "parent": "body_front", "rotation": -179.04, "x": 77.33, "y": 10.29, "inheritScale": false }
],
"slots": [
	{ "name": "claw_back_001", "bone": "claw_back_001", "attachment": "claw_back" },
	{ "name": "claw_back_004", "bone": "claw_back_004", "attachment": "claw_back" },
	{ "name": "claw_back_005", "bone": "claw_back_005", "attachment": "claw_back" },
	{ "name": "claw_back_002", "bone": "claw_back_002", "attachment": "claw_back" },
	{ "name": "claw_back_003", "bone": "claw_back_003", "attachment": "claw_back" },
	{ "name": "body_back", "bone": "body_back", "attachment": "body_back" },
	{ "name": "body_front", "bone": "body_front", "attachment": "body_front" },
	{ "name": "claw_front_001", "bone": "claw_front_001", "attachment": "claw_front" },
	{ "name": "claw_front_004", "bone": "claw_front_004", "attachment": "claw_front" },
	{ "name": "claw_front_005", "bone": "claw_front_005", "attachment": "claw_front" },
	{ "name": "claw_front_002", "bone": "claw_front_002", "attachment": "claw_front" },
	{ "name": "claw_front_003", "bone": "claw_front_003", "attachment": "claw_front" },
	{ "name": "head", "bone": "head", "attachment": "head" }
],
"skins": {
	"default": {
		"body_back": {
			"body_back": { "x": 20.98, "y": 0.87, "rotation": 2.38, "width": 130, "height": 80 }
		},
		"body_front": {
			"body_front": { "x": 36.02, "y": -1.39, "rotation": -179.04, "width": 126, "height": 86 }
		},
		"claw_back_001": {
			"claw_back": { "x": -2.23, "y": -3.58, "width": 16, "height": 18 }
		},
		"claw_back_002": {
			"claw_back": { "x": -2.23, "y": -3.58, "width": 16, "height": 18 }
		},
		"claw_back_003": {
			"claw_back": { "x": -2.23, "y": -3.58, "width": 16, "height": 18 }
		},
		"claw_back_004": {
			"claw_back": { "x": -2.23, "y": -3.58, "width": 16, "height": 18 }
		},
		"claw_back_005": {
			"claw_back": { "x": -2.23, "y": -3.58, "width": 16, "height": 18 }
		},
		"claw_front_001": {
			"claw_front": { "x": 3.13, "y": -3.58, "width": 16, "height": 20 }
		},
		"claw_front_002": {
			"claw_front": { "x": 3.13, "y": -3.58, "width": 16, "height": 20 }
		},
		"claw_front_003": {
			"claw_front": { "x": 3.13, "y": -3.58, "width": 16, "height": 20 }
		},
		"claw_front_004": {
			"claw_front": { "x": 3.13, "y": -3.58, "width": 16, "height": 20 }
		},
		"claw_front_005": {
			"claw_front": { "x": 3.13, "y": -3.58, "width": 16, "height": 20 }
		},
		"head": {
			"head": { "width": 64, "height": 46 }
		}
	}
},
"events": {
	"shoot": {},
	"step": {}
},
"animations": {
	"idle": {
		"bones": {
			"root": {
				"rotate": [
					{ "time": 0, "angle": 0 }
				],
				"translate": [
					{ "time": 0, "x": 0, "y": 0 }
				],
				"scale": [
					{ "time": 0, "x": 1, "y": 1 }
				]
			},
			"hip": {
				"rotate": [
					{ "time": 0, "angle": 0 }
				],
				"translate": [
					{
						"time": 0,
						"x": 0,
						"y": 0,
						"curve": [ 0.25, 0, 0.75, 1 ]
					},
					{
						"time": 0.8333,
						"x": 0,
						"y": 2.54,
						"curve": [ 0.25, 0, 0.75, 1 ]
					},
					{
						"time": 1.6666,
						"x": 0,
						"y": 0,
						"curve": [ 0.25, 0, 0.75, 1 ]
					},
					{
						"time": 2.5,
						"x": 0,
						"y": 2.54,
						"curve": [ 0.25, 0, 0.75, 1 ]
					},
					{ "time": 3.3333, "x": 0, "y": 0 }
				],
				"scale": [
					{
						"time": 0,
						"x": 1,
						"y": 1,
						"curve": [ 0.25, 0, 0.75, 1 ]
					},
					{
						"time": 0.8333,
						"x": 0.966,
						"y": 1.094,
						"curve": [ 0.25, 0, 0.75, 1 ]
					},
					{
						"time": 1.6666,
						"x": 1,
						"y": 1,
						"curve": [ 0.25, 0, 0.75, 1 ]
					},
					{
						"time": 2.5,
						"x": 0.966,
						"y": 1.094,
						"curve": [ 0.25, 0, 0.75, 1 ]
					},
					{ "time": 3.3333, "x": 1, "y": 1 }
				]
			},
			"body_back": {
				"rotate": [
					{ "time": 0, "angle": 0 }
				],
				"translate": [
					{ "time": 0, "x": 0, "y": 0 }
				],
				"scale": [
					{ "time": 0, "x": 1, "y": 1 }
				]
			},
			"body_front": {
				"rotate": [
					{ "time": 0, "angle": 0 }
				],
				"translate": [
					{ "time": 0, "x": 0, "y": 0 }
				],
				"scale": [
					{ "time": 0, "x": 1, "y": 1 }
				]
			},
			"claw_back_001": {
				"rotate": [
					{ "time": 0, "angle": 0 }
				],
				"translate": [
					{ "time": 0, "x": 0, "y": 0 }
				],
				"scale": [
					{ "time": 0, "x": 1, "y": 1 }
				]
			},
			"claw_back_002": {
				"rotate": [
					{ "time": 0, "angle": 0 }
				],
				"translate": [
					{ "time": 0, "x": 0, "y": 0 }
				],
				"scale": [
					{ "time": 0, "x": 1, "y": 1 }
				]
			},
			"claw_back_003": {
				"rotate": [
					{ "time": 0, "angle": 0 }
				],
				"translate": [
					{ "time": 0, "x": 0, "y": 0 }
				],
				"scale": [
					{ "time": 0, "x": 1, "y": 1 }
				]
			},
			"claw_back_004": {
				"rotate": [
					{ "time": 0, "angle": 0 }
				],
				"translate": [
					{ "time": 0, "x": 0, "y": 0 }
				],
				"scale": [
					{ "time": 0, "x": 1, "y": 1 }
				]
			},
			"claw_back_005": {
				"rotate": [
					{ "time": 0, "angle": 0 }
				],
				"translate": [
					{ "time": 0, "x": 0, "y": 0 }
				],
				"scale": [
					{ "time": 0, "x": 1, "y": 1 }
				]
			},
			"claw_front_001": {
				"rotate": [
					{ "time": 0, "angle": 0 }
				],
				"translate": [
					{ "time": 0, "x": 0, "y": 0 }
				],
				"scale": [
					{ "time": 0, "x": 1, "y": 1 }
				]
			},
			"claw_front_002": {
				"rotate": [
					{ "time": 0, "angle": 0 }
				],
				"translate": [
					{ "time": 0, "x": 0, "y": 0 }
				],
				"scale": [
					{ "time": 0, "x": 1, "y": 1 }
				]
			},
			"claw_front_003": {
				"rotate": [
					{ "time": 0, "angle": 0 }
				],
				"translate": [
					{ "time": 0, "x": 0, "y": 0 }
				],
				"scale": [
					{ "time": 0, "x": 1, "y": 1 }
				]
			},
			"claw_front_004": {
				"rotate": [
					{ "time": 0, "angle": 0 }
				],
				"translate": [
					{ "time": 0, "x": 0, "y": 0 }
				],
				"scale": [
					{ "time": 0, "x": 1, "y": 1 }
				]
			},
			"claw_front_005": {
				"rotate": [
					{ "time": 0, "angle": 0 }
				],
				"translate": [
					{ "time": 0, "x": 0, "y": 0 }
				],
				"scale": [
					{ "time": 0, "x": 1, "y": 1 }
				]
			},
			"head": {
				"rotate": [
					{ "time": 0, "angle": 0, "curve": "stepped" },
					{ "time": 0.3333, "angle": 0 },
					{ "time": 0.5, "angle": 346.5, "curve": "stepped" },
					{ "time": 2, "angle": 346.5 },
					{ "time": 2.1666, "angle": 0 }
				],
				"translate": [
					{ "time": 0, "x": 0, "y": 0 }
				],
				"scale": [
					{ "time": 0, "x": 1, "y": 1 }
				]
			}
		}
	},
	"move": {
		"bones": {
			"root": {
				"rotate": [
					{ "time": 0, "angle": 0, "curve": "stepped" },
					{ "time": 0.6666, "angle": 0 }
				],
				"translate": [
					{ "time": 0, "x": 0, "y": 0, "curve": "stepped" },
					{ "time": 0.6666, "x": 0, "y": 0 }
				],
				"scale": [
					{ "time": 0, "x": 1, "y": 1, "curve": "stepped" },
					{ "time": 0.6666, "x": 1, "y": 1 }
				]
			},
			"hip": {
				"rotate": [
					{ "time": 0, "angle": 0, "curve": "stepped" },
					{ "time": 0.6666, "angle": 0 }
				],
				"translate": [
					{
						"time": 0,
						"x": 0,
						"y": 0,
						"curve": [ 0.25, 0, 0.75, 1 ]
					},
					{
						"time": 0.3333,
						"x": 0,
						"y": 5.37,
						"curve": [ 0.25, 0, 0.75, 1 ]
					},
					{ "time": 0.6666, "x": 0, "y": 0 }
				],
				"scale": [
					{ "time": 0, "x": 1, "y": 1, "curve": "stepped" },
					{ "time": 0.6666, "x": 1, "y": 1 }
				]
			},
			"body_front": {
				"rotate": [
					{
						"time": 0,
						"angle": 0.75,
						"curve": [ 0.32, 0.28, 0.757, 1 ]
					},
					{
						"time": 0.2666,
						"angle": -357.58,
						"curve": [ 0.25, 0, 0.625, 0.5 ]
					},
					{
						"time": 0.4333,
						"angle": -5.9,
						"curve": [ 0.375, 0.5, 0.75, 1 ]
					},
					{
						"time": 0.6,
						"angle": 0,
						"curve": [ 0.284, 0, 0.625, 0.38 ]
					},
					{ "time": 0.6666, "angle": 0.75 }
				],
				"translate": [
					{ "time": 0, "x": 0, "y": 0 },
					{ "time": 0.2666, "x": 0, "y": -4.12 },
					{ "time": 0.4333, "x": 0, "y": 2.47 },
					{ "time": 0.6666, "x": 0, "y": 0 }
				],
				"scale": [
					{
						"time": 0,
						"x": 1.098,
						"y": 1,
						"curve": [ 0.25, 0, 0.75, 1 ]
					},
					{
						"time": 0.2666,
						"x": 0.848,
						"y": 1.043,
						"curve": [ 0.26, 0, 0.617, 0.44 ]
					},
					{
						"time": 0.3666,
						"x": 0.935,
						"y": 0.941,
						"curve": [ 0.358, 0.42, 0.755, 1 ]
					},
					{
						"time": 0.5333,
						"x": 1.107,
						"y": 1.009,
						"curve": [ 0.284, 0, 0.625, 0.38 ]
					},
					{ "time": 0.6666, "x": 1.098, "y": 1 }
				]
			},
			"body_back": {
				"rotate": [
					{
						"time": 0,
						"angle": -1.69,
						"curve": [ 0.348, 0.38, 0.685, 0.73 ]
					},
					{
						"time": 0.0666,
						"angle": 0,
						"curve": [ 0.304, 0, 0.64, 0.35 ]
					},
					{
						"time": 0.2333,
						"angle": 18.36,
						"curve": [ 0.313, 0.23, 0.648, 0.57 ]
					},
					{
						"time": 0.4,
						"angle": -8.06,
						"curve": [ 0.243, 0, 0.643, 0.58 ]
					},
					{ "time": 0.6666, "angle": -1.69 }
				],
				"translate": [
					{
						"time": 0,
						"x": 0,
						"y": 0,
						"curve": [ 0.245, 0, 0.634, 0.54 ]
					},
					{
						"time": 0.2333,
						"x": 2.01,
						"y": 1.83,
						"curve": [ 0.38, 0.53, 0.743, 1 ]
					},
					{
						"time": 0.4,
						"x": 3.29,
						"y": -2.47,
						"curve": [ 0.25, 0, 0.75, 1 ]
					},
					{ "time": 0.6666, "x": 0, "y": 0 }
				],
				"scale": [
					{
						"time": 0,
						"x": 1.118,
						"y": 1,
						"curve": [ 0.374, 0.61, 0.715, 1 ]
					},
					{
						"time": 0.0666,
						"x": 1,
						"y": 1,
						"curve": [ 0.284, 0, 0.625, 0.38 ]
					},
					{
						"time": 0.4,
						"x": 0.644,
						"y": 0.961,
						"curve": [ 0.242, 0, 0.679, 0.71 ]
					},
					{ "time": 0.6666, "x": 1.118, "y": 1 }
				]
			},
			"head": {
				"rotate": [
					{
						"time": 0,
						"angle": 0,
						"curve": [ 0.25, 0, 0.75, 1 ]
					},
					{
						"time": 0.3333,
						"angle": 352.25,
						"curve": [ 0.25, 0, 0.75, 1 ]
					},
					{ "time": 0.6666, "angle": 0 }
				],
				"translate": [
					{
						"time": 0,
						"x": 0,
						"y": 0,
						"curve": [ 0.25, 0, 0.625, 0.5 ]
					},
					{
						"time": 0.1666,
						"x": -0.02,
						"y": 3.49,
						"curve": [ 0.375, 0.5, 0.75, 1 ]
					},
					{
						"time": 0.3333,
						"x": -0.22,
						"y": -2.67,
						"curve": [ 0.257, 0, 0.618, 0.45 ]
					},
					{
						"time": 0.4666,
						"x": 0.35,
						"y": -7.4,
						"curve": [ 0.362, 0.44, 0.754, 1 ]
					},
					{ "time": 0.6666, "x": 0, "y": 0 }
				],
				"scale": [
					{ "time": 0, "x": 1, "y": 1, "curve": "stepped" },
					{ "time": 0.6666, "x": 1, "y": 1 }
				]
			},
			"claw_front_001": {
				"rotate": [
					{
						"time": 0,
						"angle": 0,
						"curve": [ 0.242, 0, 0.679, 0.71 ]
					},
					{
						"time": 0.2666,
						"angle": -25.97,
						"curve": [ 0.374, 0.61, 0.715, 1 ]
					},
					{
						"time": 0.4333,
						"angle": -31.73,
						"curve": [ 0.25, 0, 0.75, 1 ]
					},
					{ "time": 0.6666, "angle": 0 }
				],
				"translate": [
					{ "time": 0, "x": 8.25, "y": 0.65 },
					{ "time": 0.2666, "x": -7.3, "y": 0.65 },
					{ "time": 0.6666, "x": 8.25, "y": 0.65 }
				],
				"scale": [
					{ "time": 0, "x": 1, "y": 1, "curve": "stepped" },
					{ "time": 0.6666, "x": 1, "y": 1 }
				]
			},
			"claw_back_001": {
				"rotate": [
					{
						"time": 0,
						"angle": 0,
						"curve": [ 0.25, 0, 0.75, 1 ]
					},
					{
						"time": 0.3333,
						"angle": -33.59,
						"curve": [ 0.25, 0, 0.75, 1 ]
					},
					{ "time": 0.6666, "angle": 0 }
				],
				"translate": [
					{ "time": 0, "x": 0, "y": 0, "curve": "stepped" },
					{ "time": 0.6666, "x": 0, "y": 0 }
				],
				"scale": [
					{ "time": 0, "x": 1, "y": 1, "curve": "stepped" },
					{ "time": 0.6666, "x": 1, "y": 1 }
				]
			},
			"claw_back_002": {
				"rotate": [
					{
						"time": 0,
						"angle": 0,
						"curve": [ 0.25, 0, 0.75, 1 ]
					},
					{
						"time": 0.3333,
						"angle": -26.52,
						"curve": [ 0.25, 0, 0.75, 1 ]
					},
					{ "time": 0.6666, "angle": 0 }
				],
				"translate": [
					{ "time": 0, "x": 0, "y": 0, "curve": "stepped" },
					{ "time": 0.6666, "x": 0, "y": 0 }
				],
				"scale": [
					{ "time": 0, "x": 1, "y": 1, "curve": "stepped" },
					{ "time": 0.6666, "x": 1, "y": 1 }
				]
			},
			"claw_front_002": {
				"rotate": [
					{
						"time": 0,
						"angle": 0,
						"curve": [ 0.242, 0, 0.679, 0.71 ]
					},
					{
						"time": 0.2666,
						"angle": -31.39,
						"curve": [ 0.374, 0.61, 0.715, 1 ]
					},
					{
						"time": 0.4333,
						"angle": -37.97,
						"curve": [ 0.25, 0, 0.75, 1 ]
					},
					{ "time": 0.6666, "angle": 0 }
				],
				"translate": [
					{ "time": 0, "x": 8.25, "y": 0.65 },
					{ "time": 0.2666, "x": -7.3, "y": 0.65 },
					{ "time": 0.6666, "x": 8.25, "y": 0.65 }
				],
				"scale": [
					{ "time": 0, "x": 1, "y": 1, "curve": "stepped" },
					{ "time": 0.6666, "x": 1, "y": 1 }
				]
			},
			"claw_front_003": {
				"rotate": [
					{
						"time": 0,
						"angle": 0,
						"curve": [ 0.242, 0, 0.679, 0.71 ]
					},
					{
						"time": 0.2666,
						"angle": -47.01,
						"curve": [ 0.374, 0.61, 0.715, 1 ]
					},
					{
						"time": 0.4333,
						"angle": -55.92,
						"curve": [ 0.25, 0, 0.75, 1 ]
					},
					{ "time": 0.6666, "angle": 0 }
				],
				"translate": [
					{ "time": 0, "x": 8.25, "y": 0.65 },
					{ "time": 0.2666, "x": -7.3, "y": 0.65 },
					{ "time": 0.6666, "x": 8.25, "y": 0.65 }
				],
				"scale": [
					{ "time": 0, "x": 1, "y": 1, "curve": "stepped" },
					{ "time": 0.6666, "x": 1, "y": 1 }
				]
			},
			"claw_back_003": {
				"rotate": [
					{
						"time": 0,
						"angle": 0,
						"curve": [ 0.25, 0, 0.75, 1 ]
					},
					{
						"time": 0.3333,
						"angle": -9.42,
						"curve": [ 0.25, 0, 0.75, 1 ]
					},
					{ "time": 0.6666, "angle": 0 }
				],
				"translate": [
					{ "time": 0, "x": 0, "y": 0, "curve": "stepped" },
					{ "time": 0.6666, "x": 0, "y": 0 }
				],
				"scale": [
					{ "time": 0, "x": 1, "y": 1, "curve": "stepped" },
					{ "time": 0.6666, "x": 1, "y": 1 }
				]
			},
			"claw_back_004": {
				"rotate": [
					{
						"time": 0,
						"angle": 0,
						"curve": [ 0.25, 0, 0.75, 1 ]
					},
					{
						"time": 0.3333,
						"angle": 322.63,
						"curve": [ 0.25, 0, 0.75, 1 ]
					},
					{ "time": 0.6666, "angle": 0 }
				],
				"translate": [
					{ "time": 0, "x": 0, "y": 0, "curve": "stepped" },
					{ "time": 0.6666, "x": 0, "y": 0 }
				],
				"scale": [
					{ "time": 0, "x": 1, "y": 1, "curve": "stepped" },
					{ "time": 0.6666, "x": 1, "y": 1 }
				]
			},
			"claw_front_004": {
				"rotate": [
					{
						"time": 0,
						"angle": 305.7,
						"curve": [ 0.25, 0, 0.75, 1 ]
					},
					{
						"time": 0.3333,
						"angle": 17.04,
						"curve": [ 0.25, 0, 0.75, 1 ]
					},
					{ "time": 0.6666, "angle": 305.7 }
				],
				"translate": [
					{ "time": 0, "x": 8.04, "y": 0.03 },
					{ "time": 0.3333, "x": -6.3, "y": -0.09 },
					{ "time": 0.6666, "x": 8.04, "y": 0.03 }
				],
				"scale": [
					{ "time": 0, "x": 1, "y": 1, "curve": "stepped" },
					{ "time": 0.6666, "x": 1, "y": 1 }
				]
			},
			"claw_back_005": {
				"rotate": [
					{
						"time": 0,
						"angle": 0,
						"curve": [ 0.25, 0, 0.75, 1 ]
					},
					{
						"time": 0.3333,
						"angle": 315.66,
						"curve": [ 0.25, 0, 0.75, 1 ]
					},
					{ "time": 0.6666, "angle": 0 }
				],
				"translate": [
					{ "time": 0, "x": 0, "y": 0, "curve": "stepped" },
					{ "time": 0.6666, "x": 0, "y": 0 }
				],
				"scale": [
					{ "time": 0, "x": 1, "y": 1, "curve": "stepped" },
					{ "time": 0.6666, "x": 1, "y": 1 }
				]
			},
			"claw_front_005": {
				"rotate": [
					{
						"time": 0,
						"angle": 305.7,
						"curve": [ 0.25, 0, 0.75, 1 ]
					},
					{
						"time": 0.3333,
						"angle": 17.04,
						"curve": [ 0.25, 0, 0.75, 1 ]
					},
					{ "time": 0.6666, "angle": 305.7 }
				],
				"translate": [
					{ "time": 0, "x": 8.04, "y": 0.03 },
					{ "time": 0.3333, "x": -6.3, "y": -0.09 },
					{ "time": 0.6666, "x": 8.04, "y": 0.03 }
				],
				"scale": [
					{ "time": 0, "x": 1, "y": 1, "curve": "stepped" },
					{ "time": 0.6666, "x": 1, "y": 1 }
				]
			}
		},
		"events": [
			{ "time": 0.3, "name": "step" },
			{ "time": 0.6333, "name": "step" }
		]
	},
	"shoot": {
		"bones": {
			"root": {
				"rotate": [
					{ "time": 0, "angle": 0, "curve": "stepped" },
					{ "time": 1, "angle": 0 }
				],
				"translate": [
					{ "time": 0, "x": 0, "y": 0, "curve": "stepped" },
					{ "time": 1, "x": 0, "y": 0 }
				],
				"scale": [
					{ "time": 0, "x": 1, "y": 1, "curve": "stepped" },
					{ "time": 1, "x": 1, "y": 1 }
				]
			},
			"hip": {
				"rotate": [
					{ "time": 0, "angle": 0, "curve": "stepped" },
					{ "time": 0.3333, "angle": 0, "curve": "stepped" },
					{ "time": 1, "angle": 0 }
				],
				"translate": [
					{ "time": 0, "x": 0, "y": 0, "curve": "stepped" },
					{ "time": 0.3333, "x": 0, "y": 0, "curve": "stepped" },
					{ "time": 1, "x": 0, "y": 0 }
				],
				"scale": [
					{ "time": 0, "x": 1, "y": 1, "curve": "stepped" },
					{ "time": 0.3333, "x": 1, "y": 1, "curve": "stepped" },
					{ "time": 1, "x": 1, "y": 1 }
				]
			},
			"body_front": {
				"rotate": [
					{ "time": 0, "angle": -17.85, "curve": "stepped" },
					{ "time": 0.3333, "angle": -17.85, "curve": "stepped" },
					{ "time": 0.7333, "angle": -17.85 },
					{ "time": 1, "angle": 0.75 }
				],
				"translate": [
					{ "time": 0, "x": 0, "y": 0, "curve": "stepped" },
					{ "time": 0.3333, "x": 0, "y": 0, "curve": "stepped" },
					{ "time": 1, "x": 0, "y": 0 }
				],
				"scale": [
					{
						"time": 0,
						"x": 0.914,
						"y": 1,
						"curve": [ 0.375, 0.5, 0.75, 1 ]
					},
					{
						"time": 0.3333,
						"x": 1.107,
						"y": 1,
						"curve": [ 0.25, 0, 0.75, 1 ]
					},
					{
						"time": 0.5,
						"x": 0.828,
						"y": 1,
						"curve": [ 0.36, 0.63, 0.469, 1 ]
					},
					{ "time": 0.8333, "x": 1, "y": 1, "curve": "stepped" },
					{ "time": 1, "x": 1, "y": 1 }
				]
			},
			"body_back": {
				"rotate": [
					{ "time": 0, "angle": -1.69, "curve": "stepped" },
					{ "time": 0.3333, "angle": -1.69, "curve": "stepped" },
					{ "time": 1, "angle": -1.69 }
				],
				"translate": [
					{ "time": 0, "x": 0, "y": 0, "curve": "stepped" },
					{ "time": 0.3333, "x": 0, "y": 0, "curve": "stepped" },
					{ "time": 1, "x": 0, "y": 0 }
				],
				"scale": [
					{
						"time": 0,
						"x": 0.914,
						"y": 1,
						"curve": [ 0.375, 0.5, 0.75, 1 ]
					},
					{
						"time": 0.1666,
						"x": 1,
						"y": 1,
						"curve": [ 0.25, 0, 0.625, 0.5 ]
					},
					{
						"time": 0.3333,
						"x": 0.914,
						"y": 1,
						"curve": [ 0.375, 0.5, 0.75, 1 ]
					},
					{
						"time": 0.5,
						"x": 0.828,
						"y": 1,
						"curve": [ 0.36, 0.63, 0.469, 1 ]
					},
					{
						"time": 0.6666,
						"x": 1.106,
						"y": 1,
						"curve": [ 0.25, 0, 0.75, 1 ]
					},
					{ "time": 0.8333, "x": 1, "y": 1, "curve": "stepped" },
					{ "time": 1, "x": 1, "y": 1 }
				]
			},
			"head": {
				"rotate": [
					{ "time": 0, "angle": 12.89, "curve": "stepped" },
					{ "time": 0.3333, "angle": 12.89, "curve": "stepped" },
					{ "time": 0.6666, "angle": 12.89 },
					{
						"time": 0.8,
						"angle": 12.41,
						"curve": [ 0.25, 0, 0.75, 1 ]
					},
					{ "time": 1, "angle": 0 }
				],
				"translate": [
					{ "time": 0, "x": -4.47, "y": 0.49, "curve": "stepped" },
					{ "time": 0.3333, "x": -4.47, "y": 0.49, "curve": "stepped" },
					{
						"time": 0.5,
						"x": -4.47,
						"y": 0.49,
						"curve": [ 0.25, 0, 0.75, 1 ]
					},
					{
						"time": 0.6666,
						"x": 2.98,
						"y": 4.31,
						"curve": [ 0.25, 0, 0.75, 1 ]
					},
					{
						"time": 0.8,
						"x": -4.47,
						"y": 0.49,
						"curve": [ 0.25, 0, 0.75, 1 ]
					},
					{ "time": 1, "x": 0, "y": 0 }
				],
				"scale": [
					{ "time": 0, "x": 1, "y": 1, "curve": "stepped" },
					{ "time": 0.3333, "x": 1, "y": 1, "curve": "stepped" },
					{ "time": 1, "x": 1, "y": 1 }
				]
			},
			"claw_front_001": {
				"rotate": [
					{ "time": 0, "angle": 13.64, "curve": "stepped" },
					{ "time": 0.3333, "angle": 13.64, "curve": "stepped" },
					{
						"time": 0.5,
						"angle": 13.64,
						"curve": [ 0.351, 0.4, 0.756, 1 ]
					},
					{ "time": 1, "angle": 0 }
				],
				"translate": [
					{ "time": 0, "x": 0, "y": 0, "curve": "stepped" },
					{ "time": 0.3333, "x": 0, "y": 0, "curve": "stepped" },
					{ "time": 1, "x": 0, "y": 0 }
				],
				"scale": [
					{ "time": 0, "x": 1, "y": 1, "curve": "stepped" },
					{ "time": 0.3333, "x": 1, "y": 1, "curve": "stepped" },
					{ "time": 1, "x": 1, "y": 1 }
				]
			},
			"claw_back_001": {
				"rotate": [
					{ "time": 0, "angle": -10.21, "curve": "stepped" },
					{ "time": 0.3333, "angle": -10.21, "curve": "stepped" },
					{
						"time": 0.5,
						"angle": -10.21,
						"curve": [ 0.351, 0.4, 0.756, 1 ]
					},
					{ "time": 1, "angle": 0 }
				],
				"translate": [
					{ "time": 0, "x": 0, "y": 0, "curve": "stepped" },
					{ "time": 0.3333, "x": 0, "y": 0, "curve": "stepped" },
					{ "time": 1, "x": 0, "y": 0 }
				],
				"scale": [
					{ "time": 0, "x": 1, "y": 1, "curve": "stepped" },
					{ "time": 0.3333, "x": 1, "y": 1, "curve": "stepped" },
					{ "time": 1, "x": 1, "y": 1 }
				]
			},
			"claw_back_002": {
				"rotate": [
					{ "time": 0, "angle": -10.21, "curve": "stepped" },
					{ "time": 0.3333, "angle": -10.21, "curve": "stepped" },
					{
						"time": 0.5,
						"angle": -10.21,
						"curve": [ 0.351, 0.4, 0.756, 1 ]
					},
					{ "time": 1, "angle": 0 }
				],
				"translate": [
					{ "time": 0, "x": 0, "y": 0, "curve": "stepped" },
					{ "time": 0.3333, "x": 0, "y": 0, "curve": "stepped" },
					{ "time": 1, "x": 0, "y": 0 }
				],
				"scale": [
					{ "time": 0, "x": 1, "y": 1, "curve": "stepped" },
					{ "time": 0.3333, "x": 1, "y": 1, "curve": "stepped" },
					{ "time": 1, "x": 1, "y": 1 }
				]
			},
			"claw_front_002": {
				"rotate": [
					{ "time": 0, "angle": 13.64, "curve": "stepped" },
					{ "time": 0.3333, "angle": 13.64, "curve": "stepped" },
					{
						"time": 0.5,
						"angle": 13.64,
						"curve": [ 0.351, 0.4, 0.756, 1 ]
					},
					{ "time": 1, "angle": 0 }
				],
				"translate": [
					{ "time": 0, "x": 0, "y": 0, "curve": "stepped" },
					{ "time": 0.3333, "x": 0, "y": 0, "curve": "stepped" },
					{ "time": 1, "x": 0, "y": 0 }
				],
				"scale": [
					{ "time": 0, "x": 1, "y": 1, "curve": "stepped" },
					{ "time": 0.3333, "x": 1, "y": 1, "curve": "stepped" },
					{ "time": 1, "x": 1, "y": 1 }
				]
			},
			"claw_front_003": {
				"rotate": [
					{ "time": 0, "angle": 13.64, "curve": "stepped" },
					{ "time": 0.3333, "angle": 13.64, "curve": "stepped" },
					{
						"time": 0.5,
						"angle": 13.64,
						"curve": [ 0.351, 0.4, 0.756, 1 ]
					},
					{ "time": 1, "angle": 0 }
				],
				"translate": [
					{ "time": 0, "x": 0, "y": 0, "curve": "stepped" },
					{ "time": 0.3333, "x": 0, "y": 0, "curve": "stepped" },
					{ "time": 1, "x": 0, "y": 0 }
				],
				"scale": [
					{ "time": 0, "x": 1, "y": 1, "curve": "stepped" },
					{ "time": 0.3333, "x": 1, "y": 1, "curve": "stepped" },
					{ "time": 1, "x": 1, "y": 1 }
				]
			},
			"claw_back_003": {
				"rotate": [
					{ "time": 0, "angle": 0, "curve": "stepped" },
					{ "time": 0.3333, "angle": 0, "curve": "stepped" },
					{ "time": 1, "angle": 0 }
				],
				"translate": [
					{ "time": 0, "x": 0, "y": 0, "curve": "stepped" },
					{ "time": 0.3333, "x": 0, "y": 0, "curve": "stepped" },
					{ "time": 1, "x": 0, "y": 0 }
				],
				"scale": [
					{ "time": 0, "x": 1, "y": 1, "curve": "stepped" },
					{ "time": 0.3333, "x": 1, "y": 1, "curve": "stepped" },
					{ "time": 1, "x": 1, "y": 1 }
				]
			},
			"claw_back_004": {
				"rotate": [
					{ "time": 0, "angle": 30.52, "curve": "stepped" },
					{ "time": 0.3333, "angle": 30.52, "curve": "stepped" },
					{
						"time": 0.5,
						"angle": 30.52,
						"curve": [ 0.382, 0.57, 0.735, 1 ]
					},
					{
						"time": 0.6666,
						"angle": 348.69,
						"curve": [ 0.471, 0, 0.75, 1 ]
					},
					{ "time": 1, "angle": 0 }
				],
				"translate": [
					{ "time": 0, "x": 0, "y": 0, "curve": "stepped" },
					{ "time": 0.3333, "x": 0, "y": 0, "curve": "stepped" },
					{ "time": 1, "x": 0, "y": 0 }
				],
				"scale": [
					{ "time": 0, "x": 1, "y": 1, "curve": "stepped" },
					{ "time": 0.3333, "x": 1, "y": 1, "curve": "stepped" },
					{ "time": 1, "x": 1, "y": 1 }
				]
			},
			"claw_front_004": {
				"rotate": [
					{ "time": 0, "angle": 20.27, "curve": "stepped" },
					{ "time": 0.3333, "angle": 20.27, "curve": "stepped" },
					{
						"time": 0.5,
						"angle": 20.27,
						"curve": [ 0.382, 0.57, 0.735, 1 ]
					},
					{
						"time": 0.6666,
						"angle": 338.44,
						"curve": [ 0.471, 0, 0.75, 1 ]
					},
					{ "time": 1, "angle": 0 }
				],
				"translate": [
					{ "time": 0, "x": 0, "y": 0, "curve": "stepped" },
					{ "time": 0.3333, "x": 0, "y": 0, "curve": "stepped" },
					{ "time": 1, "x": 0, "y": 0 }
				],
				"scale": [
					{ "time": 0, "x": 1, "y": 1, "curve": "stepped" },
					{ "time": 0.3333, "x": 1, "y": 1, "curve": "stepped" },
					{ "time": 1, "x": 1, "y": 1 }
				]
			},
			"claw_back_005": {
				"rotate": [
					{ "time": 0, "angle": 30.52, "curve": "stepped" },
					{ "time": 0.3333, "angle": 30.52, "curve": "stepped" },
					{
						"time": 0.5,
						"angle": 30.52,
						"curve": [ 0.382, 0.57, 0.735, 1 ]
					},
					{
						"time": 0.6666,
						"angle": 348.69,
						"curve": [ 0.471, 0, 0.75, 1 ]
					},
					{ "time": 1, "angle": 0 }
				],
				"translate": [
					{ "time": 0, "x": 0, "y": 0, "curve": "stepped" },
					{ "time": 0.3333, "x": 0, "y": 0, "curve": "stepped" },
					{ "time": 1, "x": 0, "y": 0 }
				],
				"scale": [
					{ "time": 0, "x": 1, "y": 1, "curve": "stepped" },
					{ "time": 0.3333, "x": 1, "y": 1, "curve": "stepped" },
					{ "time": 1, "x": 1, "y": 1 }
				]
			},
			"claw_front_005": {
				"rotate": [
					{ "time": 0, "angle": 30.52, "curve": "stepped" },
					{ "time": 0.3333, "angle": 30.52, "curve": "stepped" },
					{
						"time": 0.5,
						"angle": 30.52,
						"curve": [ 0.382, 0.57, 0.735, 1 ]
					},
					{
						"time": 0.6666,
						"angle": 348.69,
						"curve": [ 0.471, 0, 0.75, 1 ]
					},
					{ "time": 1, "angle": 0 }
				],
				"translate": [
					{ "time": 0, "x": 0, "y": 0, "curve": "stepped" },
					{ "time": 0.3333, "x": 0, "y": 0, "curve": "stepped" },
					{ "time": 1, "x": 0, "y": 0 }
				],
				"scale": [
					{ "time": 0, "x": 1, "y": 1, "curve": "stepped" },
					{ "time": 0.3333, "x": 1, "y": 1, "curve": "stepped" },
					{ "time": 1, "x": 1, "y": 1 }
				]
			}
		},
		"events": [
			{ "time": 0.4, "name": "shoot" }
		]
	}
}
}