{
"skeleton": { "hash": "fBOmXSLlkCJTc5a7jREE23yHIRQ", "spine": "3.4.02", "width": 202.62, "height": 295.66, "images": "./images/" },
"bones": [
	{ "name": "root" },
	{ "name": "hip", "parent": "root", "rotation": -0.01, "x": -5.62, "y": 65.18 },
	{ "name": "body", "parent": "hip", "length": 165.16, "rotation": 90.5, "x": 2.05, "y": 10.71 },
	{ "name": "arm_top_l", "parent": "body", "length": 28.98, "rotation": 175.34, "x": 62.17, "y": 52.2, "inheritScale": false },
	{ "name": "arm_btm_l", "parent": "arm_top_l", "length": 27.87, "rotation": 55.04, "x": 30.91, "y": 1.21, "inheritScale": false },
	{ "name": "arm_top_r", "parent": "body", "length": 30.24, "rotation": -149.97, "x": 56.43, "y": -62.74, "inheritScale": false },
	{ "name": "arm_btm_r", "parent": "arm_top_r", "length": 26.98, "rotation": -34.22, "x": 29.62, "y": 0.85 },
	{ "name": "pelvis", "parent": "hip", "rotation": 0.18, "x": 4.82, "y": -0.01 },
	{ "name": "leg_top_l", "parent": "pelvis", "length": 19.96, "rotation": -89.98, "x": -29.02, "y": -12.88, "inheritScale": false },
	{ "name": "leg_btm_l", "parent": "leg_top_l", "length": 20.8, "x": 19.66, "y": 0.56 },
	{ "name": "foot_l", "parent": "leg_btm_l", "length": 24.54, "rotation": 56.96, "x": 22.94, "y": 0.17 },
	{ "name": "leg_top_r", "parent": "pelvis", "length": 20.8, "rotation": -90.43, "x": 22.91, "y": -3.39, "inheritScale": false },
	{ "name": "leg_btm_r", "parent": "leg_top_r", "length": 22.97, "rotation": 0.45, "x": 21.02, "y": 0.6 },
	{ "name": "foot_r", "parent": "leg_btm_r", "length": 26.62, "rotation": 57.01, "x": 24.6, "y": -0.14 },
	{ "name": "glasses", "parent": "body", "x": 115.6, "y": -3.41 },
	{ "name": "hand_l", "parent": "arm_btm_l", "length": 10.2, "rotation": 8.67, "x": 26.94, "y": 0.33, "inheritScale": false },
	{ "name": "gun", "parent": "hand_l", "length": 64.46, "rotation": 26.07, "x": 9.82, "y": 5.28 },
	{ "name": "hand_r", "parent": "arm_btm_r", "length": 14.78, "rotation": 12.89, "x": 29.66, "y": -3.15, "inheritScale": false },
	{ "name": "mouth", "parent": "body", "x": 72.07, "y": -26.98 }
],
"slots": [
	{ "name": "leg_btm_r", "bone": "leg_btm_r", "attachment": "leg_btm_r" },
	{ "name": "leg_top_r", "bone": "leg_top_r", "attachment": "leg_top_r" },
	{ "name": "foot_r", "bone": "foot_r", "attachment": "foot_r" },
	{ "name": "leg_btm_l", "bone": "leg_btm_l", "attachment": "leg_btm_l" },
	{ "name": "leg_top_l", "bone": "leg_top_l", "attachment": "leg_top_l" },
	{ "name": "foot_l", "bone": "foot_l", "attachment": "foot_l" },
	{ "name": "arm_top_r", "bone": "arm_top_r", "attachment": "arm_top_r" },
	{ "name": "body", "bone": "body", "attachment": "body" },
	{ "name": "glasses", "bone": "glasses", "attachment": "glasses" },
	{ "name": "mouth", "bone": "mouth", "attachment": "mouth" },
	{ "name": "arm_btm_r", "bone": "arm_btm_r", "attachment": "arm_btm_r" },
	{ "name": "arm_top_l", "bone": "arm_top_l", "attachment": "arm_top_l" },
	{ "name": "arm_btm_l", "bone": "arm_btm_l", "attachment": "arm_btm_l" },
	{ "name": "gun", "bone": "gun", "attachment": "gun" },
	{ "name": "hand_r", "bone": "hand_r", "attachment": "hand_r" },
	{ "name": "hand_l", "bone": "hand_l", "attachment": "hand_l" }
],
"skins": {
	"default": {
		"arm_btm_l": {
			"arm_btm_l": { "x": 12.95, "y": -0.56, "rotation": 91.57, "width": 15, "height": 37 }
		},
		"arm_btm_r": {
			"arm_btm_r": { "x": 13.3, "y": 0.24, "rotation": 89.48, "width": 16, "height": 37 }
		},
		"arm_top_l": {
			"arm_top_l": { "x": 16.28, "y": -2.43, "rotation": 118.92, "width": 23, "height": 41 }
		},
		"arm_top_r": {
			"arm_top_r": { "x": 14.8, "y": 3.6, "rotation": 65.93, "width": 23, "height": 42 }
		},
		"glasses": {
			"glasses": { "rotation": -90.49, "width": 197, "height": 77 }
		},
		"gun": {
			"gun": { "x": 32.37, "y": 18.03, "rotation": -4.67, "width": 103, "height": 77 }
		},
		"hand_l": {
			"hand_l": { "x": 8.63, "y": -1.16, "rotation": 25.13, "width": 27, "height": 28 }
		},
		"hand_r": {
			"hand_open_r": { "x": 13.76, "y": 2.97, "rotation": 80.81, "width": 30, "height": 46 },
			"hand_r": { "x": 5.78, "y": 0.86, "rotation": 82.55, "width": 22, "height": 15 }
		},
		"leg_btm_l": {
			"leg_btm_l": { "x": 9.85, "rotation": 90, "width": 15, "height": 33 }
		},
		"leg_btm_r": {
			"leg_btm_r": { "x": 11.21, "y": -0.18, "rotation": 89.99, "width": 15, "height": 33 }
		},
		"leg_top_l": {
			"leg_top_l": { "x": 9.27, "y": 0.41, "rotation": 90, "width": 15, "height": 30 }
		},
		"leg_top_r": {
			"leg_top_r": { "x": 8.98, "y": 0.37, "rotation": 90.45, "width": 15, "height": 30 }
		},
		"mouth": {
			"mouth": { "rotation": -90.49, "width": 53, "height": 22 }
		}
	},
	"mascot_001": {
		"body": {
			"body": { "name": "body_can", "x": 90.65, "y": 2.63, "rotation": -90.49, "width": 170, "height": 242 }
		},
		"foot_l": {
			"foot_l": { "name": "foot_l_can", "x": 10.58, "y": -0.62, "rotation": 32.41, "width": 46, "height": 30 }
		},
		"foot_r": {
			"foot_r": { "name": "foot_r_can", "x": 12.29, "y": -2.24, "rotation": 32.79, "width": 46, "height": 30 }
		}
	},
	"mascot_002": {
		"body": {
			"body": { "name": "body_cup", "x": 88.96, "y": 4.93, "rotation": -90.49, "width": 192, "height": 238 }
		},
		"foot_l": {
			"foot_l": { "name": "foot_l_cup", "x": 10.58, "y": -0.62, "rotation": 32.41, "width": 46, "height": 30 }
		},
		"foot_r": {
			"foot_r": { "name": "foot_r_cup", "x": 12.29, "y": -2.24, "rotation": 32.79, "width": 46, "height": 30 }
		}
	}
},
"events": {
	"shoot": {},
	"step": {}
},
"animations": {
	"die": {
		"slots": {
			"hand_r": {
				"attachment": [
					{ "time": 0, "name": "hand_open_r" }
				]
			}
		},
		"bones": {
			"hip": {
				"rotate": [
					{
						"time": 0,
						"angle": 0,
						"curve": [ 0, 0.39, 1, 1 ]
					},
					{ "time": 0.1, "angle": 29.61 },
					{
						"time": 0.3333,
						"angle": 121.32,
						"curve": [ 0, 0, 0.75, 1 ]
					},
					{ "time": 0.5, "angle": 98.84, "curve": "stepped" },
					{ "time": 0.5666, "angle": 98.84 }
				],
				"translate": [
					{ "time": 0, "x": 0, "y": 0, "curve": "stepped" },
					{ "time": 0.1, "x": 0, "y": 0 },
					{
						"time": 0.3333,
						"x": 29.74,
						"y": -50.66,
						"curve": [ 0, 0, 0.75, 1 ]
					},
					{ "time": 0.4, "x": 29.74, "y": -46.04, "curve": "stepped" },
					{ "time": 0.5666, "x": 29.74, "y": -46.04 }
				],
				"scale": [
					{ "time": 0, "x": 1, "y": 1, "curve": "stepped" },
					{ "time": 0.5666, "x": 1, "y": 1 }
				]
			},
			"pelvis": {
				"rotate": [
					{
						"time": 0,
						"angle": 0,
						"curve": [ 0, 0.39, 1, 1 ]
					},
					{ "time": 0.1, "angle": 27.94 },
					{
						"time": 0.3333,
						"angle": 96.5,
						"curve": [ 0, 0, 0.75, 1 ]
					},
					{ "time": 0.5, "angle": -2.62, "curve": "stepped" },
					{ "time": 0.5666, "angle": -2.62 }
				],
				"translate": [
					{ "time": 0, "x": 0, "y": 0 },
					{ "time": 0.3333, "x": 7.17, "y": 5.38 },
					{ "time": 0.5, "x": 0, "y": 0, "curve": "stepped" },
					{ "time": 0.5666, "x": 0, "y": 0 }
				],
				"scale": [
					{ "time": 0, "x": 1, "y": 1, "curve": "stepped" },
					{ "time": 0.5666, "x": 1, "y": 1 }
				]
			},
			"body": {
				"rotate": [
					{
						"time": 0,
						"angle": 0,
						"curve": [ 0, 0.39, 1, 1 ]
					},
					{ "time": 0.1, "angle": 28.76 },
					{
						"time": 0.3333,
						"angle": -29.91,
						"curve": [ 0, 0, 0.75, 1 ]
					},
					{ "time": 0.5, "angle": -18.41, "curve": "stepped" },
					{ "time": 0.5666, "angle": -18.41 }
				],
				"translate": [
					{ "time": 0, "x": 0, "y": 0, "curve": "stepped" },
					{ "time": 0.5666, "x": 0, "y": 0 }
				],
				"scale": [
					{ "time": 0, "x": 1, "y": 1, "curve": "stepped" },
					{ "time": 0.5666, "x": 1, "y": 1 }
				]
			},
			"leg_top_l": {
				"rotate": [
					{
						"time": 0,
						"angle": 0,
						"curve": [ 0, 0.39, 1, 1 ]
					},
					{ "time": 0.1, "angle": -18.51 },
					{
						"time": 0.3333,
						"angle": 40.74,
						"curve": [ 0, 0, 0.51, 0.57 ]
					},
					{
						"time": 0.5,
						"angle": 22.91,
						"curve": [ 0.395, 0.55, 0.78, 1 ]
					},
					{ "time": 0.5333, "angle": 7.11, "curve": "stepped" },
					{ "time": 0.5666, "angle": 7.11 }
				],
				"translate": [
					{ "time": 0, "x": 0, "y": 0 },
					{ "time": 0.3333, "x": 0.87, "y": -1 },
					{ "time": 0.5333, "x": 0, "y": 0, "curve": "stepped" },
					{ "time": 0.5666, "x": 0, "y": 0 }
				],
				"scale": [
					{ "time": 0, "x": 1, "y": 1, "curve": "stepped" },
					{ "time": 0.5666, "x": 1, "y": 1 }
				]
			},
			"leg_btm_l": {
				"rotate": [
					{
						"time": 0,
						"angle": 0,
						"curve": [ 0, 0.39, 1, 1 ]
					},
					{ "time": 0.1, "angle": -54.86 },
					{
						"time": 0.3333,
						"angle": -19.35,
						"curve": [ 0, 0, 0.75, 1 ]
					},
					{
						"time": 0.5,
						"angle": -54.94,
						"curve": [ 0.25, 0, 0.75, 1 ]
					},
					{ "time": 0.5333, "angle": -22.29, "curve": "stepped" },
					{ "time": 0.5666, "angle": -22.29 }
				],
				"translate": [
					{ "time": 0, "x": 0, "y": 0, "curve": "stepped" },
					{ "time": 0.5666, "x": 0, "y": 0 }
				],
				"scale": [
					{ "time": 0, "x": 1, "y": 1, "curve": "stepped" },
					{ "time": 0.5666, "x": 1, "y": 1 }
				]
			},
			"leg_top_r": {
				"rotate": [
					{
						"time": 0,
						"angle": 0,
						"curve": [ 0, 0.39, 1, 1 ]
					},
					{ "time": 0.1, "angle": 71.05 },
					{
						"time": 0.3333,
						"angle": 13.38,
						"curve": [ 0, 0, 0.75, 1 ]
					},
					{
						"time": 0.5,
						"angle": 7.6,
						"curve": [ 0.25, 0, 0.75, 1 ]
					},
					{ "time": 0.5333, "angle": -9.38, "curve": "stepped" },
					{ "time": 0.5666, "angle": -9.38 }
				],
				"translate": [
					{ "time": 0, "x": 0, "y": 0 },
					{ "time": 0.3333, "x": -5.07, "y": -3.78 },
					{ "time": 0.5333, "x": 0, "y": 0, "curve": "stepped" },
					{ "time": 0.5666, "x": 0, "y": 0 }
				],
				"scale": [
					{ "time": 0, "x": 1, "y": 1, "curve": "stepped" },
					{ "time": 0.5666, "x": 1, "y": 1 }
				]
			},
			"leg_btm_r": {
				"rotate": [
					{
						"time": 0,
						"angle": 0,
						"curve": [ 0, 0.39, 1, 1 ]
					},
					{ "time": 0.1, "angle": -94.16 },
					{
						"time": 0.3333,
						"angle": -48.8,
						"curve": [ 0, 0, 0.75, 1 ]
					},
					{
						"time": 0.5,
						"angle": -385.39,
						"curve": [ 0.25, 0, 0.75, 1 ]
					},
					{ "time": 0.5333, "angle": -16.85, "curve": "stepped" },
					{ "time": 0.5666, "angle": -16.85 }
				],
				"translate": [
					{ "time": 0, "x": 0, "y": 0, "curve": "stepped" },
					{ "time": 0.5666, "x": 0, "y": 0 }
				],
				"scale": [
					{ "time": 0, "x": 1, "y": 1, "curve": "stepped" },
					{ "time": 0.5666, "x": 1, "y": 1 }
				]
			},
			"foot_r": {
				"rotate": [
					{
						"time": 0,
						"angle": 0,
						"curve": [ 0, 0.39, 1, 1 ]
					},
					{ "time": 0.1, "angle": -16.37, "curve": "stepped" },
					{ "time": 0.3333, "angle": -16.37, "curve": "stepped" },
					{
						"time": 0.5,
						"angle": -16.37,
						"curve": [ 0.25, 0, 0.75, 1 ]
					},
					{ "time": 0.5666, "angle": -53.11 }
				],
				"translate": [
					{ "time": 0, "x": 0, "y": 0, "curve": "stepped" },
					{ "time": 0.5666, "x": 0, "y": 0 }
				],
				"scale": [
					{ "time": 0, "x": 1, "y": 1, "curve": "stepped" },
					{ "time": 0.5666, "x": 1, "y": 1 }
				]
			},
			"arm_top_l": {
				"rotate": [
					{
						"time": 0,
						"angle": -7.22,
						"curve": [ 0, 0.39, 1, 1 ]
					},
					{
						"time": 0.2,
						"angle": -223.67,
						"curve": [ 0, 0, 0.473, 0.47 ]
					},
					{ "time": 0.3333, "angle": 76.41, "curve": "stepped" },
					{ "time": 0.5666, "angle": 76.41 }
				],
				"translate": [
					{ "time": 0, "x": 0, "y": 0, "curve": "stepped" },
					{ "time": 0.5666, "x": 0, "y": 0 }
				],
				"scale": [
					{ "time": 0, "x": 1, "y": 1, "curve": "stepped" },
					{ "time": 0.5666, "x": 1, "y": 1 }
				]
			},
			"arm_btm_l": {
				"rotate": [
					{
						"time": 0,
						"angle": 11.75,
						"curve": [ 0, 0.39, 1, 1 ]
					},
					{
						"time": 0.2,
						"angle": 30.07,
						"curve": [ 0, 0, 0.473, 0.47 ]
					},
					{
						"time": 0.3333,
						"angle": 18.24,
						"curve": [ 0.47, 0.47, 1, 1 ]
					},
					{ "time": 0.4666, "angle": 46.38, "curve": "stepped" },
					{ "time": 0.5666, "angle": 46.38 }
				],
				"translate": [
					{ "time": 0, "x": 0, "y": 0, "curve": "stepped" },
					{ "time": 0.5666, "x": 0, "y": 0 }
				],
				"scale": [
					{ "time": 0, "x": 1, "y": 1, "curve": "stepped" },
					{ "time": 0.5666, "x": 1, "y": 1 }
				]
			},
			"arm_top_r": {
				"rotate": [
					{
						"time": 0,
						"angle": 4.82,
						"curve": [ 0, 0.39, 1, 1 ]
					},
					{ "time": 0.2, "angle": 116.95 },
					{ "time": 0.5, "angle": -48.21 },
					{ "time": 0.5666, "angle": -61.36 }
				],
				"translate": [
					{ "time": 0, "x": 0, "y": 0, "curve": "stepped" },
					{ "time": 0.5666, "x": 0, "y": 0 }
				],
				"scale": [
					{ "time": 0, "x": 1, "y": -1, "curve": "stepped" },
					{ "time": 0.5666, "x": 1, "y": -1 }
				]
			},
			"arm_btm_r": {
				"rotate": [
					{ "time": 0, "angle": 0 },
					{
						"time": 0.2,
						"angle": -40.36,
						"curve": [ 0, 0, 0.692, 0.69 ]
					},
					{ "time": 0.4333, "angle": 10.29, "curve": "stepped" },
					{ "time": 0.5666, "angle": 10.29 }
				],
				"translate": [
					{ "time": 0, "x": 0, "y": 0, "curve": "stepped" },
					{ "time": 0.5666, "x": 0, "y": 0 }
				],
				"scale": [
					{ "time": 0, "x": 1, "y": 1, "curve": "stepped" },
					{ "time": 0.5666, "x": 1, "y": 1 }
				]
			},
			"root": {
				"rotate": [
					{ "time": 0, "angle": 0, "curve": "stepped" },
					{ "time": 0.5666, "angle": 0 }
				],
				"translate": [
					{ "time": 0, "x": 0, "y": 0, "curve": "stepped" },
					{ "time": 0.5666, "x": 0, "y": 0 }
				],
				"scale": [
					{ "time": 0, "x": 1, "y": 1, "curve": "stepped" },
					{ "time": 0.5666, "x": 1, "y": 1 }
				]
			},
			"foot_l": {
				"rotate": [
					{ "time": 0, "angle": 0, "curve": "stepped" },
					{ "time": 0.5, "angle": 0 },
					{ "time": 0.5666, "angle": -36.73 }
				],
				"translate": [
					{ "time": 0, "x": 0, "y": 0, "curve": "stepped" },
					{ "time": 0.5666, "x": 0, "y": 0 }
				],
				"scale": [
					{ "time": 0, "x": 1, "y": 1, "curve": "stepped" },
					{ "time": 0.5666, "x": 1, "y": 1 }
				]
			},
			"hand_l": {
				"rotate": [
					{ "time": 0, "angle": 0, "curve": "stepped" },
					{ "time": 0.3333, "angle": 0 },
					{ "time": 0.4666, "angle": -21.39, "curve": "stepped" },
					{ "time": 0.5666, "angle": -21.39 }
				],
				"translate": [
					{ "time": 0, "x": 0, "y": 0, "curve": "stepped" },
					{ "time": 0.5666, "x": 0, "y": 0 }
				],
				"scale": [
					{ "time": 0, "x": 1, "y": 1, "curve": "stepped" },
					{ "time": 0.5666, "x": 1, "y": 1 }
				]
			},
			"hand_r": {
				"rotate": [
					{ "time": 0, "angle": 61.46 },
					{ "time": 0.2, "angle": 152.36 },
					{ "time": 0.4, "angle": 77.1 },
					{ "time": 0.5, "angle": 16.3 },
					{ "time": 0.5666, "angle": -5.7 }
				],
				"translate": [
					{ "time": 0, "x": -1.43, "y": 8.3, "curve": "stepped" },
					{ "time": 0.5666, "x": -1.43, "y": 8.3 }
				],
				"scale": [
					{ "time": 0, "x": 1, "y": 1, "curve": "stepped" },
					{ "time": 0.5666, "x": 1, "y": 1 }
				]
			},
			"gun": {
				"rotate": [
					{ "time": 0, "angle": 0, "curve": "stepped" },
					{ "time": 0.3333, "angle": 0, "curve": "stepped" },
					{ "time": 0.5666, "angle": 0 }
				],
				"translate": [
					{ "time": 0, "x": 0, "y": 0, "curve": "stepped" },
					{ "time": 0.5666, "x": 0, "y": 0 }
				],
				"scale": [
					{ "time": 0, "x": 1, "y": 1, "curve": "stepped" },
					{ "time": 0.5666, "x": 1, "y": 1 }
				]
			},
			"mouth": {
				"rotate": [
					{ "time": 0, "angle": 0, "curve": "stepped" },
					{ "time": 0.5666, "angle": 0 }
				],
				"translate": [
					{ "time": 0, "x": 0, "y": 0, "curve": "stepped" },
					{ "time": 0.5666, "x": 0, "y": 0 }
				],
				"scale": [
					{ "time": 0, "x": 1, "y": 1, "curve": "stepped" },
					{ "time": 0.5666, "x": 1, "y": 1 }
				]
			},
			"glasses": {
				"rotate": [
					{ "time": 0, "angle": 0, "curve": "stepped" },
					{ "time": 0.5666, "angle": 0 }
				],
				"translate": [
					{ "time": 0, "x": 0, "y": 0, "curve": "stepped" },
					{ "time": 0.5666, "x": 0, "y": 0 }
				],
				"scale": [
					{ "time": 0, "x": 1, "y": 1, "curve": "stepped" },
					{ "time": 0.5666, "x": 1, "y": 1 }
				]
			}
		},
		"drawOrder": [
			{
				"time": 0,
				"offsets": [
					{ "slot": "arm_btm_r", "offset": -3 },
					{ "slot": "hand_r", "offset": -6 }
				]
			}
		]
	},
	"idle": {
		"slots": {
			"hand_l": {
				"attachment": [
					{ "time": 0, "name": "hand_l" }
				]
			},
			"hand_r": {
				"attachment": [
					{ "time": 0, "name": "hand_open_r" }
				]
			}
		},
		"bones": {
			"body": {
				"rotate": [
					{
						"time": 0,
						"angle": -1.91,
						"curve": [ 0.375, 0.5, 0.75, 1 ]
					},
					{
						"time": 0.2666,
						"angle": -0.41,
						"curve": [ 0.25, 0, 0.75, 1 ]
					},
					{
						"time": 0.8,
						"angle": -3.42,
						"curve": [ 0.25, 0, 0.625, 0.5 ]
					},
					{ "time": 1.0666, "angle": -1.91 }
				],
				"translate": [
					{ "time": 0, "x": 0, "y": 0, "curve": "stepped" },
					{ "time": 1.0666, "x": 0, "y": 0 }
				],
				"scale": [
					{ "time": 0, "x": 1, "y": 1 },
					{ "time": 0.5333, "x": 1.03, "y": 1 },
					{ "time": 1.0666, "x": 1, "y": 1 }
				]
			},
			"arm_top_l": {
				"rotate": [
					{ "time": 0, "angle": -14.37, "curve": "stepped" },
					{ "time": 1.0666, "angle": -14.37 }
				],
				"translate": [
					{ "time": 0, "x": -0.67, "y": 0.17, "curve": "stepped" },
					{ "time": 1.0666, "x": -0.67, "y": 0.17 }
				],
				"scale": [
					{ "time": 0, "x": 1, "y": 1, "curve": "stepped" },
					{ "time": 1.0666, "x": 1, "y": 1 }
				]
			},
			"arm_btm_l": {
				"rotate": [
					{
						"time": 0,
						"angle": -17.59,
						"curve": [ 0.25, 0, 0.75, 1 ]
					},
					{
						"time": 0.5333,
						"angle": -4.48,
						"curve": [ 0.25, 0, 0.75, 1 ]
					},
					{ "time": 1.0666, "angle": -17.59 }
				],
				"translate": [
					{ "time": 0, "x": 0, "y": 0, "curve": "stepped" },
					{ "time": 1.0666, "x": 0, "y": 0 }
				],
				"scale": [
					{ "time": 0, "x": 1, "y": 1, "curve": "stepped" },
					{ "time": 1.0666, "x": 1, "y": 1 }
				]
			},
			"arm_top_r": {
				"rotate": [
					{ "time": 0, "angle": -28.99, "curve": "stepped" },
					{ "time": 1.0666, "angle": -28.99 }
				],
				"translate": [
					{ "time": 0, "x": 0, "y": 0, "curve": "stepped" },
					{ "time": 1.0666, "x": 0, "y": 0 }
				],
				"scale": [
					{ "time": 0, "x": 1, "y": -1, "curve": "stepped" },
					{ "time": 1.0666, "x": 1, "y": -1 }
				]
			},
			"arm_btm_r": {
				"rotate": [
					{
						"time": 0,
						"angle": 9.8,
						"curve": [ 0.368, 0.47, 0.753, 1 ]
					},
					{
						"time": 0.3666,
						"angle": 15.56,
						"curve": [ 0.375, 0.5, 0.75, 1 ]
					},
					{
						"time": 0.9,
						"angle": 6.58,
						"curve": [ 0.31, 0.25, 0.756, 1 ]
					},
					{ "time": 1.0666, "angle": 9.8 }
				],
				"translate": [
					{ "time": 0, "x": 0, "y": 0, "curve": "stepped" },
					{ "time": 1.0666, "x": 0, "y": 0 }
				],
				"scale": [
					{ "time": 0, "x": 1, "y": 1, "curve": "stepped" },
					{ "time": 1.0666, "x": 1, "y": 1 }
				]
			},
			"leg_top_r": {
				"rotate": [
					{ "time": 0, "angle": 10.51, "curve": "stepped" },
					{ "time": 1.0666, "angle": 10.51 }
				],
				"translate": [
					{ "time": 0, "x": 0, "y": 0, "curve": "stepped" },
					{ "time": 1.0666, "x": 0, "y": 0 }
				],
				"scale": [
					{ "time": 0, "x": 1, "y": 1, "curve": "stepped" },
					{ "time": 1.0666, "x": 1, "y": 1 }
				]
			},
			"leg_top_l": {
				"rotate": [
					{ "time": 0, "angle": 4.16, "curve": "stepped" },
					{ "time": 1.0666, "angle": 4.16 }
				],
				"translate": [
					{ "time": 0, "x": 0, "y": 0, "curve": "stepped" },
					{ "time": 1.0666, "x": 0, "y": 0 }
				],
				"scale": [
					{ "time": 0, "x": 1, "y": 1, "curve": "stepped" },
					{ "time": 1.0666, "x": 1, "y": 1 }
				]
			},
			"leg_btm_l": {
				"rotate": [
					{ "time": 0, "angle": -17.43, "curve": "stepped" },
					{ "time": 1.0666, "angle": -17.43 }
				],
				"translate": [
					{ "time": 0, "x": 0, "y": 0, "curve": "stepped" },
					{ "time": 1.0666, "x": 0, "y": 0 }
				],
				"scale": [
					{ "time": 0, "x": 1, "y": 1, "curve": "stepped" },
					{ "time": 1.0666, "x": 1, "y": 1 }
				]
			},
			"leg_btm_r": {
				"rotate": [
					{ "time": 0, "angle": -10.61, "curve": "stepped" },
					{ "time": 1.0666, "angle": -10.61 }
				],
				"translate": [
					{ "time": 0, "x": 0, "y": 0, "curve": "stepped" },
					{ "time": 1.0666, "x": 0, "y": 0 }
				],
				"scale": [
					{ "time": 0, "x": 1, "y": 1, "curve": "stepped" },
					{ "time": 1.0666, "x": 1, "y": 1 }
				]
			},
			"hip": {
				"rotate": [
					{ "time": 0, "angle": 0, "curve": "stepped" },
					{ "time": 1.0666, "angle": 0 }
				],
				"translate": [
					{ "time": 0, "x": 0, "y": -4.73, "curve": "stepped" },
					{ "time": 1.0666, "x": 0, "y": -4.73 }
				],
				"scale": [
					{ "time": 0, "x": 1, "y": 1, "curve": "stepped" },
					{ "time": 1.0666, "x": 1, "y": 1 }
				]
			},
			"root": {
				"rotate": [
					{ "time": 0, "angle": 0, "curve": "stepped" },
					{ "time": 1.0666, "angle": 0 }
				],
				"translate": [
					{ "time": 0, "x": 0, "y": 0, "curve": "stepped" },
					{ "time": 1.0666, "x": 0, "y": 0 }
				],
				"scale": [
					{ "time": 0, "x": 1, "y": 1, "curve": "stepped" },
					{ "time": 1.0666, "x": 1, "y": 1 }
				]
			},
			"foot_r": {
				"rotate": [
					{ "time": 0, "angle": 0, "curve": "stepped" },
					{ "time": 1.0666, "angle": 0 }
				],
				"translate": [
					{ "time": 0, "x": 0, "y": 0, "curve": "stepped" },
					{ "time": 1.0666, "x": 0, "y": 0 }
				],
				"scale": [
					{ "time": 0, "x": 1, "y": 1, "curve": "stepped" },
					{ "time": 1.0666, "x": 1, "y": 1 }
				]
			},
			"foot_l": {
				"rotate": [
					{ "time": 0, "angle": 11.03, "curve": "stepped" },
					{ "time": 1.0666, "angle": 11.03 }
				],
				"translate": [
					{ "time": 0, "x": 0, "y": 0, "curve": "stepped" },
					{ "time": 1.0666, "x": 0, "y": 0 }
				],
				"scale": [
					{ "time": 0, "x": 1, "y": 1, "curve": "stepped" },
					{ "time": 1.0666, "x": 1, "y": 1 }
				]
			},
			"hand_r": {
				"rotate": [
					{
						"time": 0,
						"angle": 51.5,
						"curve": [ 0.25, 0, 0.75, 1 ]
					},
					{
						"time": 0.3666,
						"angle": 31.25,
						"curve": [ 0.25, 0, 0.75, 1 ]
					},
					{
						"time": 0.9,
						"angle": 56.29,
						"curve": [ 0.25, 0, 0.75, 1 ]
					},
					{ "time": 1.0666, "angle": 51.5 }
				],
				"translate": [
					{ "time": 0, "x": 0.69, "y": 6.85, "curve": "stepped" },
					{ "time": 1.0666, "x": 0.69, "y": 6.85 }
				],
				"scale": [
					{ "time": 0, "x": 0.691, "y": 1, "curve": "stepped" },
					{ "time": 1.0666, "x": 0.691, "y": 1 }
				]
			},
			"hand_l": {
				"rotate": [
					{
						"time": 0,
						"angle": -2.38,
						"curve": [ 0.31, 0.25, 0.756, 1 ]
					},
					{
						"time": 0.4333,
						"angle": -19.53,
						"curve": [ 0.25, 0, 0.75, 1 ]
					},
					{
						"time": 0.9666,
						"angle": -0.55,
						"curve": [ 0.29, 0, 0.629, 0.37 ]
					},
					{ "time": 1.0666, "angle": -2.38 }
				],
				"translate": [
					{ "time": 0, "x": 0, "y": 0, "curve": "stepped" },
					{ "time": 1.0666, "x": 0, "y": 0 }
				],
				"scale": [
					{ "time": 0, "x": 1, "y": 1, "curve": "stepped" },
					{ "time": 1.0666, "x": 1, "y": 1 }
				]
			},
			"mouth": {
				"rotate": [
					{ "time": 0, "angle": 0, "curve": "stepped" },
					{ "time": 1.0666, "angle": 0 }
				],
				"translate": [
					{ "time": 0, "x": 0, "y": 0, "curve": "stepped" },
					{ "time": 1.0666, "x": 0, "y": 0 }
				],
				"scale": [
					{ "time": 0, "x": 1, "y": 1, "curve": "stepped" },
					{ "time": 1.0666, "x": 1, "y": 1 }
				]
			},
			"glasses": {
				"rotate": [
					{ "time": 0, "angle": 0, "curve": "stepped" },
					{ "time": 1.0666, "angle": 0 }
				],
				"translate": [
					{ "time": 0, "x": 0, "y": 0, "curve": "stepped" },
					{ "time": 1.0666, "x": 0, "y": 0 }
				],
				"scale": [
					{ "time": 0, "x": 1, "y": 1, "curve": "stepped" },
					{ "time": 1.0666, "x": 1, "y": 1 }
				]
			},
			"gun": {
				"rotate": [
					{ "time": 0, "angle": 0, "curve": "stepped" },
					{ "time": 1.0666, "angle": 0 }
				],
				"translate": [
					{ "time": 0, "x": 0, "y": 0, "curve": "stepped" },
					{ "time": 1.0666, "x": 0, "y": 0 }
				],
				"scale": [
					{ "time": 0, "x": 1, "y": 1, "curve": "stepped" },
					{ "time": 1.0666, "x": 1, "y": 1 }
				]
			},
			"pelvis": {
				"rotate": [
					{ "time": 0, "angle": 0, "curve": "stepped" },
					{ "time": 1.0666, "angle": 0 }
				],
				"translate": [
					{ "time": 0, "x": 0, "y": 0, "curve": "stepped" },
					{ "time": 1.0666, "x": 0, "y": 0 }
				],
				"scale": [
					{ "time": 0, "x": 1, "y": 1, "curve": "stepped" },
					{ "time": 1.0666, "x": 1, "y": 1 }
				]
			}
		},
		"drawOrder": [
			{
				"time": 0,
				"offsets": [
					{ "slot": "arm_btm_r", "offset": -3 },
					{ "slot": "hand_r", "offset": -6 }
				]
			},
			{
				"time": 1.0666,
				"offsets": [
					{ "slot": "arm_btm_r", "offset": -3 },
					{ "slot": "hand_r", "offset": -6 }
				]
			}
		]
	},
	"run": {
		"slots": {
			"hand_r": {
				"attachment": [
					{ "time": 0, "name": "hand_open_r" }
				]
			}
		},
		"bones": {
			"leg_top_r": {
				"rotate": [
					{
						"time": 0,
						"angle": 37.32,
						"curve": [ 0.276, 0.26, 0.661, 0.98 ]
					},
					{
						"time": 0.1666,
						"angle": -23.28,
						"curve": [ 0.25, 0, 0.75, 1 ]
					},
					{
						"time": 0.3333,
						"angle": 2.05,
						"curve": [ 0.25, 0, 0.665, 1 ]
					},
					{
						"time": 0.5,
						"angle": 50.29,
						"curve": [ 0.375, 0.5, 0.75, 1 ]
					},
					{ "time": 0.6666, "angle": 37.32 }
				],
				"translate": [
					{ "time": 0, "x": 0.26, "y": -3.51 },
					{ "time": 0.1666, "x": -0.14, "y": -12.23 },
					{ "time": 0.3333, "x": -0.55, "y": 13.3 },
					{ "time": 0.5, "x": 0.26, "y": -3.51, "curve": "stepped" },
					{ "time": 0.6666, "x": 0.26, "y": -3.51 }
				],
				"scale": [
					{ "time": 0, "x": 1, "y": 1, "curve": "stepped" },
					{ "time": 0.6666, "x": 1, "y": 1 }
				]
			},
			"leg_btm_r": {
				"rotate": [
					{
						"time": 0,
						"angle": -37.17,
						"curve": [ 0.263, 0.25, 0.631, 0.65 ]
					},
					{
						"time": 0.1666,
						"angle": -41.52,
						"curve": [ 0.368, 0.55, 0.736, 1 ]
					},
					{
						"time": 0.3333,
						"angle": -49.9,
						"curve": [ 0.25, 0, 0.75, 1 ]
					},
					{
						"time": 0.5,
						"angle": -38.11,
						"curve": [ 0.25, 0, 0.75, 1 ]
					},
					{ "time": 0.6666, "angle": -37.17 }
				],
				"translate": [
					{ "time": 0, "x": 0, "y": 0, "curve": "stepped" },
					{ "time": 0.6666, "x": 0, "y": 0 }
				],
				"scale": [
					{ "time": 0, "x": 1, "y": 1, "curve": "stepped" },
					{ "time": 0.6666, "x": 1, "y": 1 }
				]
			},
			"leg_top_l": {
				"rotate": [
					{ "time": 0, "angle": -32.75 },
					{
						"time": 0.1666,
						"angle": 9.23,
						"curve": [ 0.25, 0, 0.75, 1 ]
					},
					{
						"time": 0.3333,
						"angle": 36.68,
						"curve": [ 0.203, 0.3, 0.568, 1 ]
					},
					{
						"time": 0.5,
						"angle": -14.87,
						"curve": [ 0.375, 0.5, 0.75, 1 ]
					},
					{ "time": 0.6666, "angle": -32.75 }
				],
				"translate": [
					{ "time": 0, "x": 0, "y": -2.11 },
					{ "time": 0.1666, "x": -0.06, "y": 8.12 },
					{ "time": 0.3333, "x": 0, "y": -2.11 },
					{ "time": 0.5, "x": -0.06, "y": -3.05 },
					{ "time": 0.6666, "x": 0, "y": -2.11 }
				],
				"scale": [
					{ "time": 0, "x": 1, "y": 1, "curve": "stepped" },
					{ "time": 0.6666, "x": 1, "y": 1 }
				]
			},
			"leg_btm_l": {
				"rotate": [
					{
						"time": 0,
						"angle": -74.83,
						"curve": [ 0.25, 0, 0.75, 1 ]
					},
					{
						"time": 0.1666,
						"angle": -49.65,
						"curve": [ 0.25, 0, 0.75, 1 ]
					},
					{
						"time": 0.3333,
						"angle": -27.72,
						"curve": [ 0.23, 0.26, 0.75, 1 ]
					},
					{ "time": 0.6666, "angle": -74.83 }
				],
				"translate": [
					{ "time": 0, "x": 0, "y": 0, "curve": "stepped" },
					{ "time": 0.6666, "x": 0, "y": 0 }
				],
				"scale": [
					{ "time": 0, "x": 1, "y": 1, "curve": "stepped" },
					{ "time": 0.6666, "x": 1, "y": 1 }
				]
			},
			"foot_l": {
				"rotate": [
					{
						"time": 0,
						"angle": 1.62,
						"curve": [ 0.25, 0, 0.75, 1 ]
					},
					{ "time": 0.1666, "angle": 15.61 },
					{
						"time": 0.3333,
						"angle": 16.95,
						"curve": [ 0.59, 0, 0.75, 1 ]
					},
					{ "time": 0.6666, "angle": 1.62 }
				],
				"translate": [
					{ "time": 0, "x": 0, "y": 0, "curve": "stepped" },
					{ "time": 0.6666, "x": 0, "y": 0 }
				],
				"scale": [
					{ "time": 0, "x": 1, "y": 1, "curve": "stepped" },
					{ "time": 0.6666, "x": 1, "y": 1 }
				]
			},
			"arm_top_l": {
				"rotate": [
					{
						"time": 0,
						"angle": 9.5,
						"curve": [ 0.344, 0.37, 0.757, 1 ]
					},
					{
						"time": 0.2333,
						"angle": -63.19,
						"curve": [ 0.25, 0, 0.75, 1 ]
					},
					{
						"time": 0.5666,
						"angle": 32.73,
						"curve": [ 0.25, 0, 0.75, 1 ]
					},
					{ "time": 0.6666, "angle": 9.5 }
				],
				"translate": [
					{ "time": 0, "x": 0.49, "y": -0.52, "curve": "stepped" },
					{ "time": 0.6666, "x": 0.49, "y": -0.52 }
				],
				"scale": [
					{
						"time": 0,
						"x": 1.158,
						"y": 1,
						"curve": [ 0.25, 0, 0.75, 1 ]
					},
					{
						"time": 0.3333,
						"x": 1,
						"y": 1,
						"curve": [ 0.25, 0, 0.75, 1 ]
					},
					{ "time": 0.6666, "x": 1.158, "y": 1 }
				]
			},
			"arm_btm_l": {
				"rotate": [
					{ "time": 0, "angle": 27.92 },
					{
						"time": 0.1,
						"angle": 45.42,
						"curve": [ 0.25, 0, 0.75, 1 ]
					},
					{ "time": 0.4333, "angle": -12.9 },
					{ "time": 0.6666, "angle": 27.92 }
				],
				"translate": [
					{ "time": 0, "x": 0, "y": 0, "curve": "stepped" },
					{ "time": 0.6666, "x": 0, "y": 0 }
				],
				"scale": [
					{ "time": 0, "x": 0.797, "y": 1, "curve": "stepped" },
					{ "time": 0.6666, "x": 0.797, "y": 1 }
				]
			},
			"arm_top_r": {
				"rotate": [
					{
						"time": 0,
						"angle": -116.27,
						"curve": [ 0.294, 0.2, 0.647, 0.6 ]
					},
					{
						"time": 0.2333,
						"angle": 322.85,
						"curve": [ 0.25, 0, 0.75, 1 ]
					},
					{
						"time": 0.5666,
						"angle": -131.51,
						"curve": [ 0.25, 0, 0.75, 1 ]
					},
					{ "time": 0.6666, "angle": -116.27 }
				],
				"translate": [
					{ "time": 0, "x": 3.15, "y": 21.39 },
					{
						"time": 0.3333,
						"x": 7.26,
						"y": 0.15,
						"curve": [ 0.25, 0, 0.75, 1 ]
					},
					{ "time": 0.6666, "x": 3.15, "y": 21.39 }
				],
				"scale": [
					{ "time": 0, "x": 1, "y": -1, "curve": "stepped" },
					{ "time": 0.6666, "x": 1, "y": -1 }
				]
			},
			"arm_btm_r": {
				"rotate": [
					{
						"time": 0,
						"angle": -35.4,
						"curve": [ 0.363, 0.63, 0.699, 1 ]
					},
					{
						"time": 0.1,
						"angle": -33.26,
						"curve": [ 0.25, 0, 0.625, 0.5 ]
					},
					{
						"time": 0.4333,
						"angle": -47.57,
						"curve": [ 0.359, 0.43, 0.705, 0.81 ]
					},
					{ "time": 0.6666, "angle": -35.4 }
				],
				"translate": [
					{ "time": 0, "x": -1.24, "y": 0.96, "curve": "stepped" },
					{ "time": 0.6666, "x": -1.24, "y": 0.96 }
				],
				"scale": [
					{ "time": 0, "x": 1, "y": -1, "curve": "stepped" },
					{ "time": 0.6666, "x": 1, "y": -1 }
				]
			},
			"foot_r": {
				"rotate": [
					{
						"time": 0,
						"angle": 30.96,
						"curve": [ 0.25, 0, 0.75, 1 ]
					},
					{
						"time": 0.2333,
						"angle": 3.76,
						"curve": [ 0.25, 0, 0.75, 1 ]
					},
					{ "time": 0.5333, "angle": 18.09 },
					{ "time": 0.6666, "angle": 30.96 }
				],
				"translate": [
					{ "time": 0, "x": 0, "y": 0, "curve": "stepped" },
					{ "time": 0.6666, "x": 0, "y": 0 }
				],
				"scale": [
					{ "time": 0, "x": 1, "y": 1, "curve": "stepped" },
					{ "time": 0.6666, "x": 1, "y": 1 }
				]
			},
			"root": {
				"rotate": [
					{ "time": 0, "angle": 0, "curve": "stepped" },
					{ "time": 0.6666, "angle": 0 }
				],
				"translate": [
					{ "time": 0, "x": 0, "y": 0, "curve": "stepped" },
					{ "time": 0.6666, "x": 0, "y": 0 }
				],
				"scale": [
					{ "time": 0, "x": 1, "y": 1, "curve": "stepped" },
					{ "time": 0.6666, "x": 1, "y": 1 }
				]
			},
			"hand_r": {
				"rotate": [
					{
						"time": 0,
						"angle": 135.21,
						"curve": [ 0.381, 0.58, 0.731, 1 ]
					},
					{
						"time": 0.1,
						"angle": 125.81,
						"curve": [ 0.25, 0, 0.75, 1 ]
					},
					{
						"time": 0.4333,
						"angle": 164.63,
						"curve": [ 0.242, 0, 0.655, 0.62 ]
					},
					{ "time": 0.6666, "angle": 135.21 }
				],
				"translate": [
					{ "time": 0, "x": -0.93, "y": 0.18 },
					{ "time": 0.3333, "x": -1.92, "y": -0.62 },
					{ "time": 0.6666, "x": -0.93, "y": 0.18 }
				],
				"scale": [
					{ "time": 0, "x": 0.653, "y": 1, "curve": "stepped" },
					{ "time": 0.3333, "x": 0.653, "y": 1, "curve": "stepped" },
					{ "time": 0.6666, "x": 0.653, "y": 1 }
				]
			},
			"hand_l": {
				"rotate": [
					{ "time": 0, "angle": -28.74 },
					{ "time": 0.3333, "angle": 5.12 },
					{ "time": 0.6666, "angle": -28.74 }
				],
				"translate": [
					{ "time": 0, "x": 0, "y": 0, "curve": "stepped" },
					{ "time": 0.6666, "x": 0, "y": 0 }
				],
				"scale": [
					{ "time": 0, "x": 1, "y": 1, "curve": "stepped" },
					{ "time": 0.6666, "x": 1, "y": 1 }
				]
			},
			"hip": {
				"rotate": [
					{ "time": 0, "angle": 0, "curve": "stepped" },
					{ "time": 0.6666, "angle": 0 }
				],
				"translate": [
					{
						"time": 0,
						"x": 0,
						"y": -7.26,
						"curve": [ 0.582, 0, 0.75, 1 ]
					},
					{
						"time": 0.1666,
						"x": 0,
						"y": 17.85,
						"curve": [ 0.25, 0, 1, 0.83 ]
					},
					{
						"time": 0.3333,
						"x": 0,
						"y": -7.26,
						"curve": [ 0.59, 0, 0.75, 1 ]
					},
					{
						"time": 0.5,
						"x": 0,
						"y": 17.85,
						"curve": [ 0.25, 0, 1, 0.77 ]
					},
					{ "time": 0.6666, "x": 0, "y": -7.26 }
				],
				"scale": [
					{ "time": 0, "x": 1, "y": 1, "curve": "stepped" },
					{ "time": 0.6666, "x": 1, "y": 1 }
				]
			},
			"pelvis": {
				"rotate": [
					{ "time": 0, "angle": 0, "curve": "stepped" },
					{ "time": 0.6666, "angle": 0 }
				],
				"translate": [
					{ "time": 0, "x": 1.1, "y": 0, "curve": "stepped" },
					{ "time": 0.6666, "x": 1.1, "y": 0 }
				],
				"scale": [
					{ "time": 0, "x": 1, "y": 1, "curve": "stepped" },
					{ "time": 0.6666, "x": 1, "y": 1 }
				]
			},
			"body": {
				"rotate": [
					{
						"time": 0,
						"angle": -10.53,
						"curve": [ 0.25, 0, 0.75, 1 ]
					},
					{
						"time": 0.3333,
						"angle": -6.55,
						"curve": [ 0.25, 0, 0.75, 1 ]
					},
					{ "time": 0.6666, "angle": -10.53 }
				],
				"translate": [
					{ "time": 0, "x": 0, "y": -1.7, "curve": "stepped" },
					{ "time": 0.6666, "x": 0, "y": -1.7 }
				],
				"scale": [
					{
						"time": 0,
						"x": 0.951,
						"y": 1,
						"curve": [ 0.362, 0.44, 0.754, 1 ]
					},
					{ "time": 0.1, "x": 1, "y": 1 },
					{
						"time": 0.2666,
						"x": 0.924,
						"y": 1,
						"curve": [ 0.25, 0, 0.75, 1 ]
					},
					{
						"time": 0.4333,
						"x": 1,
						"y": 1,
						"curve": [ 0.25, 0, 0.75, 1 ]
					},
					{
						"time": 0.6,
						"x": 0.924,
						"y": 1,
						"curve": [ 0.257, 0, 0.618, 0.45 ]
					},
					{ "time": 0.6666, "x": 0.951, "y": 1 }
				]
			},
			"gun": {
				"rotate": [
					{ "time": 0, "angle": 10.19, "curve": "stepped" },
					{ "time": 0.6666, "angle": 10.19 }
				],
				"translate": [
					{ "time": 0, "x": -1.74, "y": -2.52, "curve": "stepped" },
					{ "time": 0.6666, "x": -1.74, "y": -2.52 }
				],
				"scale": [
					{ "time": 0, "x": 1, "y": 1, "curve": "stepped" },
					{ "time": 0.6666, "x": 1, "y": 1 }
				]
			},
			"mouth": {
				"rotate": [
					{ "time": 0, "angle": 0, "curve": "stepped" },
					{ "time": 0.6666, "angle": 0 }
				],
				"translate": [
					{ "time": 0, "x": 0, "y": 0, "curve": "stepped" },
					{ "time": 0.6666, "x": 0, "y": 0 }
				],
				"scale": [
					{ "time": 0, "x": 1, "y": 1, "curve": "stepped" },
					{ "time": 0.6666, "x": 1, "y": 1 }
				]
			},
			"glasses": {
				"rotate": [
					{ "time": 0, "angle": 0, "curve": "stepped" },
					{ "time": 0.6666, "angle": 0 }
				],
				"translate": [
					{ "time": 0, "x": 0, "y": 0, "curve": "stepped" },
					{ "time": 0.6666, "x": 0, "y": 0 }
				],
				"scale": [
					{ "time": 0, "x": 1, "y": 1, "curve": "stepped" },
					{ "time": 0.6666, "x": 1, "y": 1 }
				]
			}
		},
		"drawOrder": [
			{
				"time": 0,
				"offsets": [
					{ "slot": "arm_btm_r", "offset": -3 },
					{ "slot": "hand_r", "offset": -6 }
				]
			},
			{
				"time": 0.6666,
				"offsets": [
					{ "slot": "arm_btm_r", "offset": -3 },
					{ "slot": "hand_r", "offset": -6 }
				]
			}
		]
	},
	"shoot": {
		"slots": {
			"hand_l": {
				"attachment": [
					{ "time": 0, "name": "hand_l" }
				]
			},
			"hand_r": {
				"attachment": [
					{ "time": 0, "name": "hand_r" }
				]
			}
		},
		"bones": {
			"body": {
				"rotate": [
					{ "time": 0, "angle": -3.42, "curve": "stepped" },
					{ "time": 0.1333, "angle": -3.42, "curve": "stepped" },
					{ "time": 0.3333, "angle": -3.42 }
				],
				"translate": [
					{ "time": 0, "x": 0, "y": 0, "curve": "stepped" },
					{ "time": 0.1333, "x": 0, "y": 0, "curve": "stepped" },
					{ "time": 0.3333, "x": 0, "y": 0 }
				],
				"scale": [
					{
						"time": 0,
						"x": 1,
						"y": 1,
						"curve": [ 0, 0.38, 0.37, 0.71 ]
					},
					{
						"time": 0.0666,
						"x": 0.981,
						"y": 0.981,
						"curve": [ 0.246, 0.39, 0.594, 0.72 ]
					},
					{
						"time": 0.1333,
						"x": 0.975,
						"y": 1,
						"curve": [ 0.308, 0.38, 0.647, 0.71 ]
					},
					{
						"time": 0.2333,
						"x": 0.954,
						"y": 1,
						"curve": [ 0.324, 0.39, 0.662, 0.72 ]
					},
					{ "time": 0.3333, "x": 0.97, "y": 1 }
				]
			},
			"arm_top_l": {
				"rotate": [
					{ "time": 0, "angle": 29.42 },
					{ "time": 0.0666, "angle": -350.45 },
					{
						"time": 0.1333,
						"angle": 13.24,
						"curve": [ 0.296, 0.43, 0.648, 0.76 ]
					},
					{ "time": 0.3333, "angle": 21.33 }
				],
				"translate": [
					{ "time": 0, "x": -4.14, "y": 1.14 },
					{
						"time": 0.1333,
						"x": -1.11,
						"y": 0.29,
						"curve": [ 0.284, 0.44, 0.632, 0.71 ]
					},
					{ "time": 0.3333, "x": -2.63, "y": 0.71 }
				],
				"scale": [
					{ "time": 0, "x": 1, "y": 1, "curve": "stepped" },
					{ "time": 0.1333, "x": 1, "y": 1, "curve": "stepped" },
					{ "time": 0.3333, "x": 1, "y": 1 }
				]
			},
			"arm_btm_l": {
				"rotate": [
					{ "time": 0, "angle": -22.02 },
					{ "time": 0.0666, "angle": -7.19 },
					{
						"time": 0.1333,
						"angle": -14.93,
						"curve": [ 0.296, 0.43, 0.648, 0.76 ]
					},
					{ "time": 0.3333, "angle": -18.48 }
				],
				"translate": [
					{ "time": 0, "x": 0, "y": 0, "curve": "stepped" },
					{ "time": 0.1333, "x": 0, "y": 0, "curve": "stepped" },
					{ "time": 0.3333, "x": 0, "y": 0 }
				],
				"scale": [
					{ "time": 0, "x": 1, "y": 1, "curve": "stepped" },
					{ "time": 0.1333, "x": 1, "y": 1, "curve": "stepped" },
					{ "time": 0.3333, "x": 1, "y": 1 }
				]
			},
			"arm_top_r": {
				"rotate": [
					{ "time": 0, "angle": -1.58 },
					{ "time": 0.1333, "angle": -25.53 },
					{ "time": 0.3333, "angle": -13.55 }
				],
				"translate": [
					{ "time": 0, "x": -2.43, "y": -8.11 },
					{ "time": 0.1333, "x": 0.49, "y": -6.97 },
					{ "time": 0.3333, "x": -0.97, "y": -7.54 }
				],
				"scale": [
					{ "time": 0, "x": 1, "y": 1, "curve": "stepped" },
					{ "time": 0.1333, "x": 1, "y": 1, "curve": "stepped" },
					{ "time": 0.3333, "x": 1, "y": 1 }
				]
			},
			"arm_btm_r": {
				"rotate": [
					{ "time": 0, "angle": -66.28 },
					{ "time": 0.1333, "angle": -52.05 },
					{ "time": 0.3333, "angle": -59.17 }
				],
				"translate": [
					{ "time": 0, "x": -1.02, "y": -3.54 },
					{ "time": 0.1333, "x": 0, "y": 0 },
					{ "time": 0.3333, "x": -0.51, "y": -1.77 }
				],
				"scale": [
					{ "time": 0, "x": 1.469, "y": 1 },
					{ "time": 0.1333, "x": 1.062, "y": 1 },
					{ "time": 0.3333, "x": 1.265, "y": 1 }
				]
			},
			"leg_top_r": {
				"rotate": [
					{
						"time": 0,
						"angle": 10.51,
						"curve": [ 0, 0.44, 0.416, 0.76 ]
					},
					{
						"time": 0.1333,
						"angle": 17.45,
						"curve": [ 0.295, 0.43, 0.647, 0.76 ]
					},
					{ "time": 0.2333, "angle": 10.51, "curve": "stepped" },
					{ "time": 0.3333, "angle": 10.51 }
				],
				"translate": [
					{ "time": 0, "x": 0, "y": 0, "curve": "stepped" },
					{ "time": 0.1333, "x": 0, "y": 0, "curve": "stepped" },
					{ "time": 0.2333, "x": 0, "y": 0, "curve": "stepped" },
					{ "time": 0.3333, "x": 0, "y": 0 }
				],
				"scale": [
					{
						"time": 0,
						"x": 1,
						"y": 1,
						"curve": [ 0, 0.54, 0.4, 0.82 ]
					},
					{
						"time": 0.1333,
						"x": 0.921,
						"y": 1,
						"curve": [ 0.284, 0.44, 0.632, 0.71 ]
					},
					{ "time": 0.2333, "x": 1, "y": 1, "curve": "stepped" },
					{ "time": 0.3333, "x": 1, "y": 1 }
				]
			},
			"leg_top_l": {
				"rotate": [
					{
						"time": 0,
						"angle": 4.16,
						"curve": [ 0, 0.44, 0.416, 0.76 ]
					},
					{
						"time": 0.1333,
						"angle": -2.52,
						"curve": [ 0.295, 0.43, 0.647, 0.76 ]
					},
					{ "time": 0.2333, "angle": 4.16, "curve": "stepped" },
					{ "time": 0.3333, "angle": 4.16 }
				],
				"translate": [
					{ "time": 0, "x": 0, "y": 0, "curve": "stepped" },
					{ "time": 0.1333, "x": 0, "y": 0, "curve": "stepped" },
					{ "time": 0.2333, "x": 0, "y": 0, "curve": "stepped" },
					{ "time": 0.3333, "x": 0, "y": 0 }
				],
				"scale": [
					{
						"time": 0,
						"x": 1,
						"y": 1,
						"curve": [ 0, 0.54, 0.4, 0.82 ]
					},
					{
						"time": 0.1333,
						"x": 0.921,
						"y": 1,
						"curve": [ 0.284, 0.44, 0.632, 0.71 ]
					},
					{ "time": 0.2333, "x": 1, "y": 1, "curve": "stepped" },
					{ "time": 0.3333, "x": 1, "y": 1 }
				]
			},
			"leg_btm_l": {
				"rotate": [
					{
						"time": 0,
						"angle": -17.43,
						"curve": [ 0, 0.44, 0.416, 0.76 ]
					},
					{
						"time": 0.1333,
						"angle": -8.61,
						"curve": [ 0.295, 0.43, 0.647, 0.76 ]
					},
					{ "time": 0.2333, "angle": -17.43, "curve": "stepped" },
					{ "time": 0.3333, "angle": -17.43 }
				],
				"translate": [
					{ "time": 0, "x": 0, "y": 0, "curve": "stepped" },
					{ "time": 0.1333, "x": 0, "y": 0, "curve": "stepped" },
					{ "time": 0.2333, "x": 0, "y": 0, "curve": "stepped" },
					{ "time": 0.3333, "x": 0, "y": 0 }
				],
				"scale": [
					{ "time": 0, "x": 1, "y": 1, "curve": "stepped" },
					{ "time": 0.1333, "x": 1, "y": 1, "curve": "stepped" },
					{ "time": 0.2333, "x": 1, "y": 1, "curve": "stepped" },
					{ "time": 0.3333, "x": 1, "y": 1 }
				]
			},
			"leg_btm_r": {
				"rotate": [
					{
						"time": 0,
						"angle": -10.61,
						"curve": [ 0, 0.44, 0.416, 0.76 ]
					},
					{
						"time": 0.1333,
						"angle": -19.86,
						"curve": [ 0.295, 0.43, 0.647, 0.76 ]
					},
					{ "time": 0.2333, "angle": -10.61, "curve": "stepped" },
					{ "time": 0.3333, "angle": -10.61 }
				],
				"translate": [
					{ "time": 0, "x": 0, "y": 0, "curve": "stepped" },
					{ "time": 0.1333, "x": 0, "y": 0, "curve": "stepped" },
					{ "time": 0.2333, "x": 0, "y": 0, "curve": "stepped" },
					{ "time": 0.3333, "x": 0, "y": 0 }
				],
				"scale": [
					{ "time": 0, "x": 1, "y": 1, "curve": "stepped" },
					{ "time": 0.1333, "x": 1, "y": 1, "curve": "stepped" },
					{ "time": 0.2333, "x": 1, "y": 1, "curve": "stepped" },
					{ "time": 0.3333, "x": 1, "y": 1 }
				]
			},
			"hip": {
				"rotate": [
					{ "time": 0, "angle": 0, "curve": "stepped" },
					{ "time": 0.1333, "angle": 0, "curve": "stepped" },
					{ "time": 0.3333, "angle": 0 }
				],
				"translate": [
					{
						"time": 0,
						"x": 0,
						"y": -5.31,
						"curve": [ 0, 0.4, 0.371, 0.73 ]
					},
					{
						"time": 0.1,
						"x": 0,
						"y": 0.75,
						"curve": [ 0.742, 0, 1, 0.74 ]
					},
					{ "time": 0.2333, "x": 0, "y": -5.31, "curve": "stepped" },
					{ "time": 0.3333, "x": 0, "y": -5.31 }
				],
				"scale": [
					{ "time": 0, "x": 1, "y": 1, "curve": "stepped" },
					{ "time": 0.1333, "x": 1, "y": 1, "curve": "stepped" },
					{ "time": 0.3333, "x": 1, "y": 1 }
				]
			},
			"root": {
				"rotate": [
					{ "time": 0, "angle": 0, "curve": "stepped" },
					{ "time": 0.1333, "angle": 0, "curve": "stepped" },
					{ "time": 0.3333, "angle": 0 }
				],
				"translate": [
					{ "time": 0, "x": 0, "y": 0, "curve": "stepped" },
					{ "time": 0.1333, "x": 0, "y": 0, "curve": "stepped" },
					{ "time": 0.3333, "x": 0, "y": 0 }
				],
				"scale": [
					{ "time": 0, "x": 1, "y": 1, "curve": "stepped" },
					{ "time": 0.1333, "x": 1, "y": 1, "curve": "stepped" },
					{ "time": 0.3333, "x": 1, "y": 1 }
				]
			},
			"foot_r": {
				"rotate": [
					{
						"time": 0,
						"angle": 0,
						"curve": [ 0, 0.38, 0.37, 0.71 ]
					},
					{
						"time": 0.0666,
						"angle": -4.7,
						"curve": [ 0.246, 0.39, 0.594, 0.72 ]
					},
					{
						"time": 0.1333,
						"angle": 11.85,
						"curve": [ 0.295, 0.43, 0.647, 0.76 ]
					},
					{ "time": 0.2333, "angle": 0, "curve": "stepped" },
					{ "time": 0.3333, "angle": 0 }
				],
				"translate": [
					{ "time": 0, "x": 0, "y": 0, "curve": "stepped" },
					{ "time": 0.1333, "x": 0, "y": 0, "curve": "stepped" },
					{ "time": 0.2333, "x": 0, "y": 0, "curve": "stepped" },
					{ "time": 0.3333, "x": 0, "y": 0 }
				],
				"scale": [
					{ "time": 0, "x": 1, "y": 1, "curve": "stepped" },
					{ "time": 0.1333, "x": 1, "y": 1, "curve": "stepped" },
					{ "time": 0.2333, "x": 1, "y": 1, "curve": "stepped" },
					{ "time": 0.3333, "x": 1, "y": 1 }
				]
			},
			"foot_l": {
				"rotate": [
					{
						"time": 0,
						"angle": 11.03,
						"curve": [ 0, 0.38, 0.37, 0.71 ]
					},
					{
						"time": 0.0666,
						"angle": -1.9,
						"curve": [ 0.246, 0.39, 0.594, 0.72 ]
					},
					{
						"time": 0.1333,
						"angle": 11.85,
						"curve": [ 0.295, 0.43, 0.647, 0.76 ]
					},
					{ "time": 0.2333, "angle": 11.03, "curve": "stepped" },
					{ "time": 0.3333, "angle": 11.03 }
				],
				"translate": [
					{ "time": 0, "x": 0, "y": 0, "curve": "stepped" },
					{ "time": 0.1333, "x": 0, "y": 0, "curve": "stepped" },
					{ "time": 0.2333, "x": 0, "y": 0, "curve": "stepped" },
					{ "time": 0.3333, "x": 0, "y": 0 }
				],
				"scale": [
					{ "time": 0, "x": 1, "y": 1, "curve": "stepped" },
					{ "time": 0.1333, "x": 1, "y": 1, "curve": "stepped" },
					{ "time": 0.2333, "x": 1, "y": 1, "curve": "stepped" },
					{ "time": 0.3333, "x": 1, "y": 1 }
				]
			},
			"hand_r": {
				"rotate": [
					{ "time": 0, "angle": 57.65 },
					{ "time": 0.1333, "angle": 77.51 },
					{ "time": 0.3333, "angle": 67.58 }
				],
				"translate": [
					{ "time": 0, "x": 8.24, "y": -12.8 },
					{ "time": 0.1333, "x": 27.69, "y": -9.63 },
					{ "time": 0.3333, "x": 17.96, "y": -11.22 }
				],
				"scale": [
					{ "time": 0, "x": 1, "y": 1, "curve": "stepped" },
					{ "time": 0.1333, "x": 1, "y": 1, "curve": "stepped" },
					{ "time": 0.3333, "x": 1, "y": 1 }
				]
			},
			"hand_l": {
				"rotate": [
					{ "time": 0, "angle": 4.89 },
					{
						"time": 0.1333,
						"angle": 24.14,
						"curve": [ 0.295, 0.43, 0.647, 0.76 ]
					},
					{ "time": 0.3333, "angle": 14.51 }
				],
				"translate": [
					{ "time": 0, "x": 0, "y": 0, "curve": "stepped" },
					{ "time": 0.1333, "x": 0, "y": 0, "curve": "stepped" },
					{ "time": 0.3333, "x": 0, "y": 0 }
				],
				"scale": [
					{ "time": 0, "x": 1, "y": 1, "curve": "stepped" },
					{ "time": 0.1333, "x": 1, "y": 1, "curve": "stepped" },
					{ "time": 0.3333, "x": 1, "y": 1 }
				]
			},
			"pelvis": {
				"rotate": [
					{ "time": 0, "angle": 0, "curve": "stepped" },
					{ "time": 0.1333, "angle": 0, "curve": "stepped" },
					{ "time": 0.3333, "angle": 0 }
				],
				"translate": [
					{ "time": 0, "x": 0, "y": 0, "curve": "stepped" },
					{ "time": 0.1333, "x": 0, "y": 0, "curve": "stepped" },
					{ "time": 0.3333, "x": 0, "y": 0 }
				],
				"scale": [
					{ "time": 0, "x": 1, "y": 1, "curve": "stepped" },
					{ "time": 0.1333, "x": 1, "y": 1, "curve": "stepped" },
					{ "time": 0.3333, "x": 1, "y": 1 }
				]
			},
			"gun": {
				"rotate": [
					{ "time": 0, "angle": -7.94 },
					{ "time": 0.1333, "angle": -8.18 },
					{ "time": 0.3333, "angle": -8.06 }
				],
				"translate": [
					{ "time": 0, "x": 0, "y": 0, "curve": "stepped" },
					{ "time": 0.1333, "x": 0, "y": 0, "curve": "stepped" },
					{ "time": 0.3333, "x": 0, "y": 0 }
				],
				"scale": [
					{ "time": 0, "x": 1, "y": 1 },
					{ "time": 0.0666, "x": 1, "y": 1.128 },
					{ "time": 0.1333, "x": 1.03, "y": 0.867 },
					{ "time": 0.3333, "x": 1, "y": 1 }
				]
			},
			"glasses": {
				"rotate": [
					{ "time": 0, "angle": 0, "curve": "stepped" },
					{ "time": 0.1333, "angle": 0, "curve": "stepped" },
					{ "time": 0.3333, "angle": 0 }
				],
				"translate": [
					{ "time": 0, "x": 0, "y": 0, "curve": "stepped" },
					{ "time": 0.1333, "x": 0, "y": 0, "curve": "stepped" },
					{ "time": 0.3333, "x": 0, "y": 0 }
				],
				"scale": [
					{ "time": 0, "x": 1, "y": 1, "curve": "stepped" },
					{ "time": 0.1333, "x": 1, "y": 1, "curve": "stepped" },
					{ "time": 0.3333, "x": 1, "y": 1 }
				]
			},
			"mouth": {
				"rotate": [
					{ "time": 0, "angle": 0, "curve": "stepped" },
					{ "time": 0.1333, "angle": 0, "curve": "stepped" },
					{ "time": 0.3333, "angle": 0 }
				],
				"translate": [
					{ "time": 0, "x": 0, "y": 0, "curve": "stepped" },
					{ "time": 0.1333, "x": 0, "y": 0, "curve": "stepped" },
					{ "time": 0.3333, "x": 0, "y": 0 }
				],
				"scale": [
					{ "time": 0, "x": 1, "y": 1, "curve": "stepped" },
					{ "time": 0.1333, "x": 1, "y": 1, "curve": "stepped" },
					{ "time": 0.3333, "x": 1, "y": 1 }
				]
			}
		},
		"drawOrder": [
			{ "time": 0 },
			{ "time": 0.2333 },
			{ "time": 0.3333 }
		],
		"events": [
			{ "time": 0.0333, "name": "shoot" }
		]
	},
	"walk": {
		"slots": {
			"hand_r": {
				"attachment": [
					{ "time": 0, "name": "hand_open_r" }
				]
			}
		},
		"bones": {
			"hip": {
				"rotate": [
					{ "time": 0, "angle": 0 }
				],
				"translate": [
					{
						"time": 0,
						"x": 0,
						"y": -5.81,
						"curve": [ 0.25, 0, 0.75, 1 ]
					},
					{
						"time": 0.3,
						"x": 0,
						"y": -15.23,
						"curve": [ 0.25, 0, 0.75, 1 ]
					},
					{
						"time": 0.6,
						"x": 0,
						"y": -5.81,
						"curve": [ 0.25, 0, 0.75, 1 ]
					},
					{
						"time": 0.9,
						"x": 0,
						"y": -15.23,
						"curve": [ 0.25, 0, 0.75, 1 ]
					},
					{ "time": 1.2, "x": 0, "y": -5.81 }
				],
				"scale": [
					{ "time": 0, "x": 1, "y": 1 }
				]
			},
			"leg_top_l": {
				"rotate": [
					{
						"time": 0,
						"angle": 7.47,
						"curve": [ 0.25, 0, 0.75, 1 ]
					},
					{
						"time": 0.3,
						"angle": -12.55,
						"curve": [ 0.25, 0, 0.75, 1 ]
					},
					{
						"time": 0.6,
						"angle": 22.04,
						"curve": [ 0.25, 0, 0.75, 1 ]
					},
					{
						"time": 0.9,
						"angle": 39.45,
						"curve": [ 0.25, 0, 0.75, 1 ]
					},
					{ "time": 1.2, "angle": 7.47 }
				],
				"translate": [
					{ "time": 0, "x": -0.62, "y": 0 }
				],
				"scale": [
					{ "time": 0, "x": 1, "y": 1, "curve": "stepped" },
					{ "time": 1.2, "x": 1, "y": 1 }
				]
			},
			"leg_btm_l": {
				"rotate": [
					{
						"time": 0,
						"angle": -8.57,
						"curve": [ 0.25, 0, 0.75, 1 ]
					},
					{
						"time": 0.3,
						"angle": -22.36,
						"curve": [ 0.25, 0, 0.75, 1 ]
					},
					{
						"time": 0.6,
						"angle": -82.7,
						"curve": [ 0.25, 0, 0.75, 1 ]
					},
					{
						"time": 0.9,
						"angle": -18.6,
						"curve": [ 0.25, 0, 0.75, 1 ]
					},
					{ "time": 1.2, "angle": -8.57 }
				],
				"translate": [
					{ "time": 0, "x": 0, "y": 0, "curve": "stepped" },
					{ "time": 1.2, "x": 0, "y": 0 }
				],
				"scale": [
					{ "time": 0, "x": 1, "y": 1, "curve": "stepped" },
					{ "time": 1.2, "x": 1, "y": 1 }
				]
			},
			"foot_l": {
				"rotate": [
					{
						"time": 0,
						"angle": 3.5,
						"curve": [ 0.25, 0, 0.75, 1 ]
					},
					{
						"time": 0.3,
						"angle": 40.74,
						"curve": [ 0.25, 0, 0.75, 1 ]
					},
					{
						"time": 0.6,
						"angle": -18.02,
						"curve": [ 0.25, 0, 0.75, 1 ]
					},
					{
						"time": 0.9,
						"angle": 14.52,
						"curve": [ 0.25, 0, 0.75, 1 ]
					},
					{ "time": 1.2, "angle": 3.5 }
				],
				"translate": [
					{ "time": 0, "x": 0, "y": 0, "curve": "stepped" },
					{ "time": 1.2, "x": 0, "y": 0 }
				],
				"scale": [
					{ "time": 0, "x": 1, "y": 1, "curve": "stepped" },
					{ "time": 1.2, "x": 1, "y": 1 }
				]
			},
			"leg_top_r": {
				"rotate": [
					{
						"time": 0,
						"angle": -2.76,
						"curve": [ 0.25, 0, 0.75, 1 ]
					},
					{
						"time": 0.3,
						"angle": 15.47,
						"curve": [ 0.25, 0, 0.75, 1 ]
					},
					{
						"time": 0.6,
						"angle": 5.21,
						"curve": [ 0.25, 0, 0.75, 1 ]
					},
					{
						"time": 0.9,
						"angle": -17.79,
						"curve": [ 0.25, 0, 0.75, 1 ]
					},
					{ "time": 1.2, "angle": -2.76 }
				],
				"translate": [
					{ "time": 0, "x": 0, "y": 0 }
				],
				"scale": [
					{ "time": 0, "x": 1, "y": 1 }
				]
			},
			"leg_btm_r": {
				"rotate": [
					{
						"time": 0,
						"angle": -63.97,
						"curve": [ 0.25, 0, 0.75, 1 ]
					},
					{
						"time": 0.3,
						"angle": -2.76,
						"curve": [ 0.25, 0, 0.75, 1 ]
					},
					{
						"time": 0.6,
						"angle": -13.01,
						"curve": [ 0.25, 0, 0.75, 1 ]
					},
					{
						"time": 0.9,
						"angle": -6.93,
						"curve": [ 0.25, 0, 0.75, 1 ]
					},
					{ "time": 1.2, "angle": -63.97 }
				],
				"translate": [
					{ "time": 0, "x": 0, "y": 0 }
				],
				"scale": [
					{ "time": 0, "x": 1, "y": 1 }
				]
			},
			"foot_r": {
				"rotate": [
					{
						"time": 0,
						"angle": -0.09,
						"curve": [ 0.25, 0, 0.75, 1 ]
					},
					{
						"time": 0.3,
						"angle": 14.64,
						"curve": [ 0.25, 0, 0.75, 1 ]
					},
					{
						"time": 0.6,
						"angle": 9.79,
						"curve": [ 0.25, 0, 0.75, 1 ]
					},
					{
						"time": 0.9,
						"angle": 29.16,
						"curve": [ 0.25, 0, 0.75, 1 ]
					},
					{ "time": 1.2, "angle": -0.09 }
				],
				"translate": [
					{ "time": 0, "x": 0, "y": 0 }
				],
				"scale": [
					{ "time": 0, "x": 1, "y": 1 }
				]
			},
			"arm_top_l": {
				"rotate": [
					{
						"time": 0,
						"angle": -31,
						"curve": [ 0.375, 0.5, 0.75, 1 ]
					},
					{
						"time": 0.3,
						"angle": -346.69,
						"curve": [ 0.25, 0, 0.75, 1 ]
					},
					{
						"time": 0.9,
						"angle": -47.94,
						"curve": [ 0.25, 0, 0.625, 0.5 ]
					},
					{ "time": 1.2, "angle": -31 }
				]
			},
			"arm_btm_l": {
				"rotate": [
					{ "time": 0, "angle": -16.33 },
					{ "time": 0.6333, "angle": -30.29 },
					{ "time": 1.2, "angle": -16.33 }
				],
				"translate": [
					{ "time": 0, "x": 0, "y": 0 }
				],
				"scale": [
					{ "time": 0, "x": 1, "y": 1 }
				]
			},
			"hand_l": {
				"rotate": [
					{
						"time": 0,
						"angle": -47.65,
						"curve": [ 0.61, 0.27, 0.815, 0.8 ]
					},
					{
						"time": 0.4333,
						"angle": -14.39,
						"curve": [ 0.25, 0, 0.75, 1 ]
					},
					{
						"time": 1.0333,
						"angle": -49.43,
						"curve": [ 0.25, 0, 0.75, 1 ]
					},
					{ "time": 1.2, "angle": -47.65 }
				],
				"translate": [
					{ "time": 0, "x": 0, "y": 0 }
				],
				"scale": [
					{ "time": 0, "x": 1, "y": 1 }
				]
			},
			"arm_top_r": {
				"rotate": [
					{
						"time": 0,
						"angle": 309.28,
						"curve": [ 0.375, 0.5, 0.75, 1 ]
					},
					{
						"time": 0.3,
						"angle": -75.32,
						"curve": [ 0.25, 0, 0.75, 1 ]
					},
					{
						"time": 0.9,
						"angle": 324.82,
						"curve": [ 0.25, 0, 0.625, 0.5 ]
					},
					{ "time": 1.2, "angle": 309.28 }
				],
				"translate": [
					{ "time": 0, "x": 0, "y": 0 }
				],
				"scale": [
					{ "time": 0, "x": 1, "y": -1 }
				]
			},
			"arm_btm_r": {
				"rotate": [
					{
						"time": 0,
						"angle": -10.22,
						"curve": [ 0.309, 0.24, 0.648, 0.59 ]
					},
					{
						"time": 0.6333,
						"angle": -24.17,
						"curve": [ 0.325, 0.31, 0.662, 0.65 ]
					},
					{ "time": 1.2, "angle": -10.22 }
				]
			},
			"hand_r": {
				"rotate": [
					{
						"time": 0,
						"angle": 97.7,
						"curve": [ 0.375, 0.5, 0.75, 1 ]
					},
					{
						"time": 0.3333,
						"angle": 93.72,
						"curve": [ 0.25, 0, 0.75, 1 ]
					},
					{
						"time": 0.9,
						"angle": 101.68,
						"curve": [ 0.25, 0, 0.625, 0.5 ]
					},
					{ "time": 1.2, "angle": 97.7 }
				],
				"translate": [
					{ "time": 0, "x": -2.74, "y": 7.95 }
				]
			},
			"root": {
				"rotate": [
					{ "time": 0, "angle": 0 }
				],
				"translate": [
					{ "time": 0, "x": 0, "y": 0 }
				],
				"scale": [
					{ "time": 0, "x": 1, "y": 1 }
				]
			},
			"body": {
				"rotate": [
					{
						"time": 0,
						"angle": 0,
						"curve": [ 0.25, 0, 0.75, 1 ]
					},
					{
						"time": 0.6,
						"angle": -6.21,
						"curve": [ 0.25, 0, 0.75, 1 ]
					},
					{ "time": 1.2, "angle": 0 }
				],
				"translate": [
					{ "time": 0, "x": 0, "y": 0 }
				],
				"scale": [
					{ "time": 0, "x": 1, "y": 1 },
					{ "time": 0.3, "x": 0.95, "y": 1 },
					{ "time": 0.6, "x": 1, "y": 1 },
					{ "time": 0.9, "x": 0.95, "y": 1 },
					{ "time": 1.2, "x": 1, "y": 1 }
				]
			},
			"pelvis": {
				"rotate": [
					{ "time": 0, "angle": 0 }
				],
				"translate": [
					{ "time": 0, "x": 0, "y": 0 }
				],
				"scale": [
					{ "time": 0, "x": 1, "y": 1 }
				]
			},
			"gun": {
				"rotate": [
					{ "time": 0, "angle": 15.65, "curve": "stepped" },
					{ "time": 1.2, "angle": 15.65 }
				],
				"translate": [
					{ "time": 0, "x": 0, "y": 0 }
				],
				"scale": [
					{ "time": 0, "x": 1, "y": 1 }
				]
			}
		},
		"drawOrder": [
			{
				"time": 0,
				"offsets": [
					{ "slot": "arm_btm_r", "offset": -3 },
					{ "slot": "hand_r", "offset": -6 }
				]
			}
		],
		"events": [
			{ "time": 0.3, "name": "step" },
			{ "time": 1.0333, "name": "step" }
		]
	}
}
}