{
"skeleton": { "hash": "x36Z6dvVHx+THjEGei/7R8LrWf8", "spine": "3.4.02", "width": 256.5, "height": 311.31, "images": "./images/" },
"bones": [
	{ "name": "root" },
	{ "name": "hip", "parent": "root", "rotation": -0.01, "x": -4.48, "y": 127.49 },
	{ "name": "torso", "parent": "hip", "length": 83.16, "rotation": 90.5, "x": -1.36, "y": 10.86 },
	{
		"name": "arm_top_l",
		"parent": "torso",
		"length": 36.95,
		"rotation": -97.29,
		"x": 66.66,
		"y": 27.5,
		"inheritRotation": false,
		"inheritScale": false
	},
	{
		"name": "arm_btm_l",
		"parent": "arm_top_l",
		"length": 35.71,
		"rotation": -27.74,
		"x": 36.5,
		"y": -0.13,
		"inheritRotation": false,
		"inheritScale": false
	},
	{
		"name": "arm_top_r",
		"parent": "torso",
		"length": 34.24,
		"rotation": -58.79,
		"x": 63.27,
		"y": -17.24,
		"inheritRotation": false,
		"inheritScale": false
	},
	{
		"name": "arm_btm_r",
		"parent": "arm_top_r",
		"length": 26.98,
		"rotation": -44.48,
		"x": 32.45,
		"y": 1.14,
		"inheritRotation": false,
		"inheritScale": false
	},
	{ "name": "pelvis", "parent": "hip", "rotation": 0.18, "x": -3.91, "y": 0.61 },
	{ "name": "leg_top_l", "parent": "pelvis", "length": 48.45, "rotation": -89.98, "x": -10.02, "y": -12.14, "inheritScale": false },
	{ "name": "leg_btm_l", "parent": "leg_top_l", "length": 61.84, "x": 48.16, "y": 0.47 },
	{ "name": "foot_l", "parent": "leg_btm_l", "length": 24.54, "rotation": 56.96, "x": 62.28, "y": 1.76 },
	{ "name": "leg_top_r", "parent": "pelvis", "length": 46.46, "rotation": -90.43, "x": 10.83, "y": -7.7, "inheritScale": false },
	{ "name": "leg_btm_r", "parent": "leg_top_r", "length": 54.89, "rotation": 0.45, "x": 46.67, "y": 0.15 },
	{ "name": "foot_r", "parent": "leg_btm_r", "length": 26.62, "rotation": 57.01, "x": 57.1, "y": 2.6 },
	{ "name": "hand_l", "parent": "arm_btm_l", "length": 10.2, "rotation": -13.53, "x": 46.76, "y": 2.16, "inheritScale": false },
	{ "name": "gun", "parent": "hand_l", "length": 97.27, "rotation": 36.83, "x": 8.59, "y": 5.36 },
	{ "name": "hand_r", "parent": "arm_btm_r", "length": 14.78, "rotation": 6.93, "x": 42.07, "y": 1.73, "inheritScale": false },
	{ "name": "head", "parent": "torso", "length": 29.41, "rotation": -0.49, "x": 107.06, "y": 3.67, "inheritScale": false },
	{ "name": "wing_l", "parent": "torso", "x": 70.07, "y": 30.83 },
	{ "name": "wing_r", "parent": "torso", "x": 68.91, "y": -20.64 }
],
"slots": [
	{ "name": "wing_r", "bone": "wing_r", "attachment": "wing_r" },
	{ "name": "foot_r", "bone": "foot_r", "attachment": "foot_r" },
	{ "name": "leg_top_r", "bone": "leg_top_r", "attachment": "leg_top_r" },
	{ "name": "leg_btm_r", "bone": "leg_btm_r", "attachment": "leg_btm_r" },
	{ "name": "foot_l", "bone": "foot_l", "attachment": "foot_l" },
	{ "name": "leg_top_l", "bone": "leg_top_l", "attachment": "leg_top_l" },
	{ "name": "leg_btm_l", "bone": "leg_btm_l", "attachment": "leg_btm_l" },
	{ "name": "arm_top_r", "bone": "arm_top_r", "attachment": "arm_top_r" },
	{ "name": "hand_r", "bone": "hand_r", "attachment": "hand_r" },
	{ "name": "arm_btm_r", "bone": "arm_btm_r", "attachment": "arm_btm_r" },
	{ "name": "pelvis", "bone": "pelvis", "attachment": "hip" },
	{ "name": "wing_l", "bone": "wing_l", "attachment": "wing_l" },
	{ "name": "torso", "bone": "torso", "attachment": "torso" },
	{ "name": "head", "bone": "head", "attachment": "head" },
	{ "name": "gun", "bone": "gun", "attachment": "gun" },
	{ "name": "hand_l", "bone": "hand_l", "attachment": "hand_l" },
	{ "name": "arm_top_l", "bone": "arm_top_l", "attachment": "arm_top_l" },
	{ "name": "arm_btm_l", "bone": "arm_btm_l", "attachment": "arm_btm_l" }
],
"skins": {
	"default": {
		"arm_btm_l": {
			"arm_btm_l": { "x": 24.4, "y": -0.74, "rotation": 89.72, "width": 26, "height": 49 }
		},
		"arm_btm_r": {
			"arm_btm_r": { "x": 20.95, "y": -0.23, "rotation": 89.48, "width": 26, "height": 46 }
		},
		"arm_top_l": {
			"arm_top_l": { "x": 21.28, "y": -0.46, "rotation": 97.29, "width": 27, "height": 58 }
		},
		"arm_top_r": {
			"arm_top_r": { "x": 17.32, "y": 0.07, "rotation": 81.07, "width": 28, "height": 55 }
		},
		"foot_l": {
			"foot_l": { "x": 9.64, "y": 0.12, "rotation": 33.03, "width": 38, "height": 28 }
		},
		"foot_r": {
			"foot_r": { "x": 9.78, "y": -0.4, "rotation": 32.98, "width": 38, "height": 28 }
		},
		"gun": {
			"gun": { "x": 52.62, "y": 21.96, "rotation": 8.64, "width": 148, "height": 49 }
		},
		"hand_l": {
			"hand_l": { "x": 7.3, "y": 2.08, "rotation": 58.8, "width": 19, "height": 19 }
		},
		"hand_r": {
			"hand_r": { "x": 5.78, "y": 0.86, "rotation": 82.55, "width": 15, "height": 9 }
		},
		"leg_btm_l": {
			"leg_btm_l": { "x": 26.95, "y": -0.62, "rotation": 90, "width": 25, "height": 75 }
		},
		"leg_btm_r": {
			"leg_btm_r": { "x": 24.32, "y": -0.22, "rotation": 89.99, "width": 25, "height": 72 }
		},
		"leg_top_l": {
			"leg_top_l": { "x": 24.09, "y": -0.2, "rotation": 90, "width": 25, "height": 73 }
		},
		"leg_top_r": {
			"leg_top_r": { "x": 23.24, "y": -0.12, "rotation": 90.45, "width": 25, "height": 70 }
		},
		"pelvis": {
			"hip": { "x": -0.13, "y": -1.34, "rotation": -0.17, "width": 46, "height": 33 }
		},
		"torso": {
			"torso": { "x": 52.11, "y": 5.25, "rotation": -90.49, "width": 60, "height": 132 }
		},
		"wing_l": {
			"wing_l": { "x": 9.56, "y": 30.66, "rotation": -90.49, "width": 90, "height": 45 }
		},
		"wing_r": {
			"wing_r": { "x": 10.46, "y": -30.83, "rotation": -90.39, "width": 77, "height": 43 }
		}
	},
	"bandit_001": {
		"head": {
			"head": { "name": "head_001", "x": 18.73, "y": -2.67, "rotation": -89.99, "width": 50, "height": 67 },
			"head2": { "name": "head_001", "x": 18.73, "y": -2.67, "scaleX": -1, "rotation": -89.99, "width": 50, "height": 67 }
		}
	},
	"bandit_002": {
		"head": {
			"head": { "name": "head_002", "x": 12.71, "y": -3.34, "rotation": -89.99, "width": 52, "height": 66 },
			"head2": { "name": "head_002", "x": 12.71, "y": -3.34, "rotation": -89.99, "width": 52, "height": 66 }
		}
	},
	"bandit_003": {
		"head": {
			"head": { "name": "head_003", "x": 11.44, "y": -5, "rotation": -89.99, "width": 57, "height": 64 },
			"head2": { "name": "head_003", "x": 11.44, "y": -5, "rotation": -89.99, "width": 57, "height": 64 }
		}
	}
},
"events": {
	"shoot": {},
	"step": {}
},
"animations": {
	"die": {
		"bones": {
			"hip": {
				"rotate": [
					{ "time": 0, "angle": 29.61, "curve": "stepped" },
					{ "time": 0.1, "angle": 29.61 },
					{
						"time": 0.3333,
						"angle": 121.32,
						"curve": [ 0, 0, 0.75, 1 ]
					},
					{ "time": 0.5, "angle": 98.84, "curve": "stepped" },
					{ "time": 0.5666, "angle": 98.84 }
				],
				"translate": [
					{
						"time": 0,
						"x": 0,
						"y": 0,
						"curve": [ 0.331, 0.36, 0.75, 1 ]
					},
					{
						"time": 0.1,
						"x": 0,
						"y": 15.84,
						"curve": [ 0.25, 0, 1, 0.64 ]
					},
					{
						"time": 0.3333,
						"x": 29.74,
						"y": -111.65,
						"curve": [ 0, 0, 0.75, 1 ]
					},
					{
						"time": 0.4,
						"x": 29.74,
						"y": -106.62,
						"curve": [ 0, 0, 0.75, 1 ]
					},
					{ "time": 0.5666, "x": 29.74, "y": -129.66 }
				],
				"scale": [
					{ "time": 0, "x": 1, "y": 1, "curve": "stepped" },
					{ "time": 0.1, "x": 1, "y": 1, "curve": "stepped" },
					{ "time": 0.5666, "x": 1, "y": 1 }
				]
			},
			"pelvis": {
				"rotate": [
					{ "time": 0, "angle": 27.94, "curve": "stepped" },
					{ "time": 0.1, "angle": 27.94 },
					{
						"time": 0.3333,
						"angle": 96.5,
						"curve": [ 0, 0, 0.75, 1 ]
					},
					{ "time": 0.5, "angle": -2.62, "curve": "stepped" },
					{ "time": 0.5666, "angle": -2.62 }
				],
				"translate": [
					{ "time": 0, "x": 2.15, "y": 1.61, "curve": "stepped" },
					{ "time": 0.1, "x": 2.15, "y": 1.61 },
					{ "time": 0.3333, "x": 7.17, "y": 5.38 },
					{ "time": 0.5, "x": 0, "y": 0, "curve": "stepped" },
					{ "time": 0.5666, "x": 0, "y": 0 }
				],
				"scale": [
					{ "time": 0, "x": 1, "y": 1, "curve": "stepped" },
					{ "time": 0.1, "x": 1, "y": 1, "curve": "stepped" },
					{ "time": 0.5666, "x": 1, "y": 1 }
				]
			},
			"torso": {
				"rotate": [
					{ "time": 0, "angle": 28.76, "curve": "stepped" },
					{ "time": 0.1, "angle": 28.76 },
					{
						"time": 0.3333,
						"angle": -29.91,
						"curve": [ 0, 0, 0.75, 1 ]
					},
					{ "time": 0.5, "angle": -18.41, "curve": "stepped" },
					{ "time": 0.5666, "angle": -18.41 }
				],
				"translate": [
					{ "time": 0, "x": 0, "y": 0, "curve": "stepped" },
					{ "time": 0.1, "x": 0, "y": 0, "curve": "stepped" },
					{ "time": 0.5666, "x": 0, "y": 0 }
				],
				"scale": [
					{ "time": 0, "x": 1, "y": 1, "curve": "stepped" },
					{ "time": 0.1, "x": 1, "y": 1, "curve": "stepped" },
					{ "time": 0.5666, "x": 1, "y": 1 }
				]
			},
			"leg_top_l": {
				"rotate": [
					{ "time": 0, "angle": -18.51, "curve": "stepped" },
					{ "time": 0.1, "angle": -18.51 },
					{
						"time": 0.3333,
						"angle": 40.74,
						"curve": [ 0, 0, 0.51, 0.57 ]
					},
					{
						"time": 0.5,
						"angle": 22.91,
						"curve": [ 0.395, 0.55, 0.78, 1 ]
					},
					{ "time": 0.5333, "angle": 7.11, "curve": "stepped" },
					{ "time": 0.5666, "angle": 7.11 }
				],
				"translate": [
					{ "time": 0, "x": 0.26, "y": -0.3, "curve": "stepped" },
					{ "time": 0.1, "x": 0.26, "y": -0.3 },
					{ "time": 0.3333, "x": 0.87, "y": -1 },
					{ "time": 0.5333, "x": 0, "y": 0, "curve": "stepped" },
					{ "time": 0.5666, "x": 0, "y": 0 }
				],
				"scale": [
					{ "time": 0, "x": 1, "y": 1, "curve": "stepped" },
					{ "time": 0.1, "x": 1, "y": 1, "curve": "stepped" },
					{ "time": 0.5666, "x": 1, "y": 1 }
				]
			},
			"leg_btm_l": {
				"rotate": [
					{ "time": 0, "angle": -54.86, "curve": "stepped" },
					{ "time": 0.1, "angle": -54.86 },
					{
						"time": 0.3333,
						"angle": -19.35,
						"curve": [ 0, 0, 0.75, 1 ]
					},
					{
						"time": 0.5,
						"angle": -54.94,
						"curve": [ 0.25, 0, 0.75, 1 ]
					},
					{ "time": 0.5333, "angle": -22.29, "curve": "stepped" },
					{ "time": 0.5666, "angle": -22.29 }
				],
				"translate": [
					{ "time": 0, "x": 0, "y": 0, "curve": "stepped" },
					{ "time": 0.1, "x": 0, "y": 0, "curve": "stepped" },
					{ "time": 0.5666, "x": 0, "y": 0 }
				],
				"scale": [
					{ "time": 0, "x": 1, "y": 1, "curve": "stepped" },
					{ "time": 0.1, "x": 1, "y": 1, "curve": "stepped" },
					{ "time": 0.5666, "x": 1, "y": 1 }
				]
			},
			"leg_top_r": {
				"rotate": [
					{ "time": 0, "angle": 71.05, "curve": "stepped" },
					{ "time": 0.1, "angle": 71.05 },
					{
						"time": 0.3333,
						"angle": 13.38,
						"curve": [ 0, 0, 0.75, 1 ]
					},
					{
						"time": 0.5,
						"angle": 7.6,
						"curve": [ 0.25, 0, 0.75, 1 ]
					},
					{ "time": 0.5333, "angle": -9.38, "curve": "stepped" },
					{ "time": 0.5666, "angle": -9.38 }
				],
				"translate": [
					{ "time": 0, "x": -1.52, "y": -1.13, "curve": "stepped" },
					{ "time": 0.1, "x": -1.52, "y": -1.13 },
					{ "time": 0.3333, "x": -5.07, "y": -3.78 },
					{ "time": 0.5333, "x": 0, "y": 0, "curve": "stepped" },
					{ "time": 0.5666, "x": 0, "y": 0 }
				],
				"scale": [
					{ "time": 0, "x": 1, "y": 1, "curve": "stepped" },
					{ "time": 0.1, "x": 1, "y": 1, "curve": "stepped" },
					{ "time": 0.5666, "x": 1, "y": 1 }
				]
			},
			"leg_btm_r": {
				"rotate": [
					{ "time": 0, "angle": -94.16, "curve": "stepped" },
					{ "time": 0.1, "angle": -94.16 },
					{
						"time": 0.3333,
						"angle": -48.8,
						"curve": [ 0, 0, 0.75, 1 ]
					},
					{
						"time": 0.5,
						"angle": -385.39,
						"curve": [ 0.25, 0, 0.75, 1 ]
					},
					{ "time": 0.5333, "angle": -16.85, "curve": "stepped" },
					{ "time": 0.5666, "angle": -16.85 }
				],
				"translate": [
					{ "time": 0, "x": 0, "y": 0, "curve": "stepped" },
					{ "time": 0.1, "x": 0, "y": 0, "curve": "stepped" },
					{ "time": 0.5666, "x": 0, "y": 0 }
				],
				"scale": [
					{ "time": 0, "x": 1, "y": 1, "curve": "stepped" },
					{ "time": 0.1, "x": 1, "y": 1, "curve": "stepped" },
					{ "time": 0.5666, "x": 1, "y": 1 }
				]
			},
			"foot_r": {
				"rotate": [
					{ "time": 0, "angle": -16.37, "curve": "stepped" },
					{ "time": 0.1, "angle": -16.37, "curve": "stepped" },
					{ "time": 0.3333, "angle": -16.37, "curve": "stepped" },
					{
						"time": 0.5,
						"angle": -16.37,
						"curve": [ 0.25, 0, 0.75, 1 ]
					},
					{ "time": 0.5666, "angle": -53.11 }
				],
				"translate": [
					{ "time": 0, "x": 0, "y": 0, "curve": "stepped" },
					{ "time": 0.1, "x": 0, "y": 0, "curve": "stepped" },
					{ "time": 0.5666, "x": 0, "y": 0 }
				],
				"scale": [
					{ "time": 0, "x": 1, "y": 1, "curve": "stepped" },
					{ "time": 0.1, "x": 1, "y": 1, "curve": "stepped" },
					{ "time": 0.5666, "x": 1, "y": 1 }
				]
			},
			"arm_top_l": {
				"rotate": [
					{ "time": 0, "angle": 85.63, "curve": "stepped" },
					{
						"time": 0.1,
						"angle": 85.63,
						"curve": [ 0.5, 0.56, 1, 1 ]
					},
					{
						"time": 0.2,
						"angle": -223.67,
						"curve": [ 0, 0, 0.473, 0.47 ]
					},
					{ "time": 0.3333, "angle": 76.41, "curve": "stepped" },
					{ "time": 0.5666, "angle": 76.41 }
				],
				"translate": [
					{ "time": 0, "x": 0, "y": 0, "curve": "stepped" },
					{ "time": 0.1, "x": 0, "y": 0, "curve": "stepped" },
					{ "time": 0.5666, "x": 0, "y": 0 }
				],
				"scale": [
					{ "time": 0, "x": 1, "y": 1, "curve": "stepped" },
					{ "time": 0.1, "x": 1, "y": 1, "curve": "stepped" },
					{ "time": 0.5666, "x": 1, "y": 1 }
				]
			},
			"arm_btm_l": {
				"rotate": [
					{ "time": 0, "angle": 23.6, "curve": "stepped" },
					{
						"time": 0.1,
						"angle": 23.6,
						"curve": [ 0.5, 0.56, 1, 1 ]
					},
					{
						"time": 0.2,
						"angle": 30.07,
						"curve": [ 0, 0, 0.473, 0.47 ]
					},
					{
						"time": 0.3333,
						"angle": 18.24,
						"curve": [ 0.47, 0.47, 1, 1 ]
					},
					{ "time": 0.4666, "angle": 46.38, "curve": "stepped" },
					{ "time": 0.5666, "angle": 46.38 }
				],
				"translate": [
					{ "time": 0, "x": 0, "y": 0, "curve": "stepped" },
					{ "time": 0.1, "x": 0, "y": 0, "curve": "stepped" },
					{ "time": 0.5666, "x": 0, "y": 0 }
				],
				"scale": [
					{ "time": 0, "x": 1, "y": 1, "curve": "stepped" },
					{ "time": 0.1, "x": 1, "y": 1, "curve": "stepped" },
					{ "time": 0.5666, "x": 1, "y": 1 }
				]
			},
			"arm_top_r": {
				"rotate": [
					{ "time": 0, "angle": 77.36, "curve": "stepped" },
					{
						"time": 0.1,
						"angle": 77.36,
						"curve": [ 0.5, 0.56, 1, 1 ]
					},
					{ "time": 0.2, "angle": 116.95 },
					{ "time": 0.5, "angle": -48.21 },
					{ "time": 0.5666, "angle": -61.36 }
				],
				"translate": [
					{ "time": 0, "x": 0, "y": 0, "curve": "stepped" },
					{ "time": 0.1, "x": 0, "y": 0, "curve": "stepped" },
					{ "time": 0.5666, "x": 0, "y": 0 }
				],
				"scale": [
					{ "time": 0, "x": 1, "y": 1, "curve": "stepped" },
					{ "time": 0.1, "x": 1, "y": 1, "curve": "stepped" },
					{ "time": 0.5666, "x": 1, "y": 1 }
				]
			},
			"arm_btm_r": {
				"rotate": [
					{ "time": 0, "angle": 20.73, "curve": "stepped" },
					{ "time": 0.1, "angle": 20.73 },
					{ "time": 0.2, "angle": -318.52 },
					{ "time": 0.5, "angle": -311.84 },
					{ "time": 0.5666, "angle": 24.85 }
				],
				"translate": [
					{ "time": 0, "x": 0, "y": 0, "curve": "stepped" },
					{ "time": 0.1, "x": 0, "y": 0, "curve": "stepped" },
					{ "time": 0.5666, "x": 0, "y": 0 }
				],
				"scale": [
					{ "time": 0, "x": 1, "y": -1, "curve": "stepped" },
					{ "time": 0.0666, "x": 1, "y": -1, "curve": "stepped" },
					{ "time": 0.1, "x": 1, "y": -1, "curve": "stepped" },
					{ "time": 0.5666, "x": 1, "y": -1 }
				]
			},
			"head": {
				"rotate": [
					{
						"time": 0,
						"angle": -49.08,
						"curve": [ 0.374, 0.51, 1, 1 ]
					},
					{
						"time": 0.1,
						"angle": -15.83,
						"curve": [ 0.374, 0.51, 1, 1 ]
					},
					{
						"time": 0.3333,
						"angle": -33.65,
						"curve": [ 0, 0, 0.428, 0.45 ]
					},
					{
						"time": 0.4,
						"angle": 18.35,
						"curve": [ 0.333, 0.44, 0.791, 1 ]
					},
					{ "time": 0.5, "angle": 0, "curve": "stepped" },
					{ "time": 0.5666, "angle": 0 }
				],
				"translate": [
					{ "time": 0, "x": -4.61, "y": 1.69 },
					{ "time": 0.1, "x": 0, "y": 0, "curve": "stepped" },
					{ "time": 0.5666, "x": 0, "y": 0 }
				],
				"scale": [
					{ "time": 0, "x": 1, "y": 1, "curve": "stepped" },
					{ "time": 0.1, "x": 1, "y": 1, "curve": "stepped" },
					{ "time": 0.5666, "x": 1, "y": 1 }
				]
			},
			"root": {
				"rotate": [
					{ "time": 0, "angle": 0, "curve": "stepped" },
					{ "time": 0.1, "angle": 0, "curve": "stepped" },
					{ "time": 0.5666, "angle": 0 }
				],
				"translate": [
					{ "time": 0, "x": 0, "y": 0, "curve": "stepped" },
					{ "time": 0.1, "x": 0, "y": 0, "curve": "stepped" },
					{ "time": 0.5666, "x": 0, "y": 0 }
				],
				"scale": [
					{ "time": 0, "x": 1, "y": 1, "curve": "stepped" },
					{ "time": 0.1, "x": 1, "y": 1, "curve": "stepped" },
					{ "time": 0.5666, "x": 1, "y": 1 }
				]
			},
			"foot_l": {
				"rotate": [
					{ "time": 0, "angle": 0, "curve": "stepped" },
					{ "time": 0.1, "angle": 0, "curve": "stepped" },
					{ "time": 0.5, "angle": 0 },
					{ "time": 0.5666, "angle": -36.73 }
				],
				"translate": [
					{ "time": 0, "x": 0, "y": 0, "curve": "stepped" },
					{ "time": 0.1, "x": 0, "y": 0, "curve": "stepped" },
					{ "time": 0.5666, "x": 0, "y": 0 }
				],
				"scale": [
					{ "time": 0, "x": 1, "y": 1, "curve": "stepped" },
					{ "time": 0.1, "x": 1, "y": 1, "curve": "stepped" },
					{ "time": 0.5666, "x": 1, "y": 1 }
				]
			},
			"hand_l": {
				"rotate": [
					{ "time": 0, "angle": 0, "curve": "stepped" },
					{ "time": 0.1, "angle": 0, "curve": "stepped" },
					{ "time": 0.3333, "angle": 0 },
					{ "time": 0.4666, "angle": -21.39, "curve": "stepped" },
					{ "time": 0.5666, "angle": -21.39 }
				],
				"translate": [
					{ "time": 0, "x": 0, "y": 0, "curve": "stepped" },
					{ "time": 0.1, "x": 0, "y": 0, "curve": "stepped" },
					{ "time": 0.5666, "x": 0, "y": 0 }
				],
				"scale": [
					{ "time": 0, "x": 1, "y": 1, "curve": "stepped" },
					{ "time": 0.1, "x": 1, "y": 1, "curve": "stepped" },
					{ "time": 0.5666, "x": 1, "y": 1 }
				]
			},
			"hand_r": {
				"rotate": [
					{ "time": 0, "angle": 0, "curve": "stepped" },
					{ "time": 0.1, "angle": 0, "curve": "stepped" },
					{ "time": 0.4, "angle": 0 },
					{ "time": 0.5, "angle": 16.3 },
					{ "time": 0.5666, "angle": -5.7 }
				],
				"translate": [
					{ "time": 0, "x": 0, "y": 0, "curve": "stepped" },
					{ "time": 0.1, "x": 0, "y": 0, "curve": "stepped" },
					{ "time": 0.5666, "x": 0, "y": 0 }
				],
				"scale": [
					{ "time": 0, "x": 1, "y": 1, "curve": "stepped" },
					{ "time": 0.1, "x": 1, "y": 1, "curve": "stepped" },
					{ "time": 0.5666, "x": 1, "y": 1 }
				]
			},
			"gun": {
				"rotate": [
					{ "time": 0, "angle": 0, "curve": "stepped" },
					{ "time": 0.1, "angle": 0, "curve": "stepped" },
					{ "time": 0.3333, "angle": 0, "curve": "stepped" },
					{ "time": 0.5666, "angle": 0 }
				],
				"translate": [
					{ "time": 0, "x": 0, "y": 0, "curve": "stepped" },
					{ "time": 0.1, "x": 0, "y": 0, "curve": "stepped" },
					{ "time": 0.5666, "x": 0, "y": 0 }
				],
				"scale": [
					{ "time": 0, "x": 1, "y": 1, "curve": "stepped" },
					{ "time": 0.1, "x": 1, "y": 1, "curve": "stepped" },
					{ "time": 0.5666, "x": 1, "y": 1 }
				]
			},
			"wing_l": {
				"rotate": [
					{ "time": 0, "angle": 62.14 },
					{ "time": 0.1, "angle": 0 },
					{ "time": 0.2666, "angle": -8.94 },
					{ "time": 0.5666, "angle": 0 }
				],
				"translate": [
					{ "time": 0, "x": 0, "y": 0, "curve": "stepped" },
					{ "time": 0.1, "x": 0, "y": 0, "curve": "stepped" },
					{ "time": 0.5666, "x": 0, "y": 0 }
				],
				"scale": [
					{ "time": 0, "x": 1, "y": 1, "curve": "stepped" },
					{ "time": 0.1, "x": 1, "y": 1 },
					{ "time": 0.2666, "x": 1.402, "y": 0.171 },
					{ "time": 0.5666, "x": 1.402, "y": 0.434 }
				]
			},
			"wing_r": {
				"rotate": [
					{ "time": 0, "angle": -56.75 },
					{ "time": 0.1, "angle": 0, "curve": "stepped" },
					{ "time": 0.5666, "angle": 0 }
				],
				"translate": [
					{ "time": 0, "x": 0, "y": 0, "curve": "stepped" },
					{ "time": 0.1, "x": 0, "y": 0, "curve": "stepped" },
					{ "time": 0.5666, "x": 0, "y": 0 }
				],
				"scale": [
					{ "time": 0, "x": 0.406, "y": 1 },
					{ "time": 0.1, "x": 1, "y": 1 },
					{ "time": 0.2666, "x": 1, "y": 1.18 },
					{ "time": 0.5666, "x": 1, "y": 0.371 }
				]
			}
		},
		"drawOrder": [
			{ "time": 0 }
		]
	},
	"exports": {
		"slots": {
			"hand_l": {
				"attachment": [
					{ "time": 0.0333, "name": "hand_l" }
				]
			},
			"hand_r": {
				"attachment": [
					{ "time": 0.0333, "name": "hand_r" }
				]
			}
		},
		"bones": {
			"hip": {
				"rotate": [
					{ "time": 0, "angle": 29.61 },
					{ "time": 0.0333, "angle": -0.01 }
				],
				"translate": [
					{
						"time": 0,
						"x": 0,
						"y": 0,
						"curve": [ 0.331, 0.36, 0.75, 1 ]
					},
					{ "time": 0.0333, "x": 0, "y": -5.31 }
				],
				"scale": [
					{ "time": 0, "x": 1, "y": 1, "curve": "stepped" },
					{ "time": 0.0333, "x": 1, "y": 1 }
				]
			},
			"pelvis": {
				"rotate": [
					{ "time": 0, "angle": 27.94 },
					{ "time": 0.0333, "angle": -0.01 }
				],
				"translate": [
					{ "time": 0, "x": 2.15, "y": 1.61 },
					{ "time": 0.0333, "x": 0, "y": 0 }
				],
				"scale": [
					{ "time": 0, "x": 1, "y": 1, "curve": "stepped" },
					{ "time": 0.0333, "x": 1, "y": 1 }
				]
			},
			"torso": {
				"rotate": [
					{ "time": 0, "angle": 28.76 },
					{ "time": 0.0333, "angle": -3.43 }
				],
				"translate": [
					{ "time": 0, "x": 0, "y": 0, "curve": "stepped" },
					{ "time": 0.0333, "x": 0, "y": 0 }
				],
				"scale": [
					{ "time": 0, "x": 1, "y": 1 },
					{ "time": 0.0333, "x": 1, "y": 1.087 }
				]
			},
			"leg_top_l": {
				"rotate": [
					{ "time": 0, "angle": -18.51 },
					{ "time": 0.0333, "angle": 4.15 }
				],
				"translate": [
					{ "time": 0, "x": 0.26, "y": -0.3 },
					{ "time": 0.0333, "x": 0, "y": 0 }
				],
				"scale": [
					{ "time": 0, "x": 1, "y": 1 },
					{ "time": 0.0333, "x": 0.937, "y": 1 }
				]
			},
			"leg_btm_l": {
				"rotate": [
					{ "time": 0, "angle": -54.86 },
					{ "time": 0.0333, "angle": -17.44 }
				],
				"translate": [
					{ "time": 0, "x": 0, "y": 0, "curve": "stepped" },
					{ "time": 0.0333, "x": 0, "y": 0 }
				],
				"scale": [
					{ "time": 0, "x": 1, "y": 1, "curve": "stepped" },
					{ "time": 0.0333, "x": 1, "y": 1 }
				]
			},
			"leg_top_r": {
				"rotate": [
					{ "time": 0, "angle": 71.05 },
					{ "time": 0.0333, "angle": 27.53 }
				],
				"translate": [
					{ "time": 0, "x": -1.52, "y": -1.13 },
					{ "time": 0.0333, "x": 0, "y": 0 }
				],
				"scale": [
					{ "time": 0, "x": 1, "y": 1, "curve": "stepped" },
					{ "time": 0.0333, "x": 1, "y": 1 }
				]
			},
			"leg_btm_r": {
				"rotate": [
					{ "time": 0, "angle": -94.16 },
					{ "time": 0.0333, "angle": -25.86 }
				],
				"translate": [
					{ "time": 0, "x": 0, "y": 0, "curve": "stepped" },
					{ "time": 0.0333, "x": 0, "y": 0 }
				],
				"scale": [
					{ "time": 0, "x": 1, "y": 1, "curve": "stepped" },
					{ "time": 0.0333, "x": 1, "y": 1 }
				]
			},
			"foot_r": {
				"rotate": [
					{ "time": 0, "angle": -16.37 },
					{ "time": 0.0333, "angle": -0.01 }
				],
				"translate": [
					{ "time": 0, "x": 0, "y": 0, "curve": "stepped" },
					{ "time": 0.0333, "x": 0, "y": 0 }
				],
				"scale": [
					{ "time": 0, "x": 1, "y": 1, "curve": "stepped" },
					{ "time": 0.0333, "x": 1, "y": 1 }
				]
			},
			"arm_top_l": {
				"rotate": [
					{
						"time": 0,
						"angle": 85.63,
						"curve": [ 0.5, 0.56, 1, 1 ]
					},
					{ "time": 0.0333, "angle": -40.96 }
				],
				"translate": [
					{ "time": 0, "x": 0, "y": 0 },
					{ "time": 0.0333, "x": -0.67, "y": 0.17 }
				],
				"scale": [
					{ "time": 0, "x": 1, "y": 1, "curve": "stepped" },
					{ "time": 0.0333, "x": 1, "y": 1 }
				]
			},
			"arm_btm_l": {
				"rotate": [
					{
						"time": 0,
						"angle": 23.6,
						"curve": [ 0.5, 0.56, 1, 1 ]
					},
					{ "time": 0.0333, "angle": -4.59 }
				],
				"translate": [
					{ "time": 0, "x": 0, "y": 0, "curve": "stepped" },
					{ "time": 0.0333, "x": 0, "y": 0 }
				],
				"scale": [
					{ "time": 0, "x": 1, "y": 1, "curve": "stepped" },
					{ "time": 0.0333, "x": 1, "y": 1 }
				]
			},
			"arm_top_r": {
				"rotate": [
					{
						"time": 0,
						"angle": 77.36,
						"curve": [ 0.5, 0.56, 1, 1 ]
					},
					{ "time": 0.0333, "angle": -9.05 }
				],
				"translate": [
					{ "time": 0, "x": 0, "y": 0, "curve": "stepped" },
					{ "time": 0.0333, "x": 0, "y": 0 }
				],
				"scale": [
					{ "time": 0, "x": 1, "y": 1, "curve": "stepped" },
					{ "time": 0.0333, "x": 1, "y": 1 }
				]
			},
			"arm_btm_r": {
				"rotate": [
					{ "time": 0, "angle": 20.73 },
					{ "time": 0.0333, "angle": 36.24 }
				],
				"translate": [
					{ "time": 0, "x": 0, "y": 0, "curve": "stepped" },
					{ "time": 0.0333, "x": 0, "y": 0 }
				],
				"scale": [
					{ "time": 0, "x": 1, "y": -1 },
					{ "time": 0.0333, "x": 0.823, "y": 1 }
				]
			},
			"head": {
				"rotate": [
					{
						"time": 0,
						"angle": -49.08,
						"curve": [ 0.374, 0.51, 1, 1 ]
					},
					{ "time": 0.0333, "angle": 3.56 }
				],
				"translate": [
					{ "time": 0, "x": -4.61, "y": 1.69 },
					{ "time": 0.0333, "x": 0.19, "y": -3.55 }
				],
				"scale": [
					{ "time": 0, "x": 1, "y": 1, "curve": "stepped" },
					{ "time": 0.0333, "x": 1, "y": 1 }
				]
			},
			"root": {
				"rotate": [
					{ "time": 0, "angle": 0 },
					{ "time": 0.0333, "angle": -0.01 }
				],
				"translate": [
					{ "time": 0, "x": 0, "y": 0, "curve": "stepped" },
					{ "time": 0.0333, "x": 0, "y": 0 }
				],
				"scale": [
					{ "time": 0, "x": 1, "y": 1, "curve": "stepped" },
					{ "time": 0.0333, "x": 1, "y": 1 }
				]
			},
			"foot_l": {
				"rotate": [
					{ "time": 0, "angle": 0 },
					{ "time": 0.0333, "angle": 15.13 }
				],
				"translate": [
					{ "time": 0, "x": 0, "y": 0, "curve": "stepped" },
					{ "time": 0.0333, "x": 0, "y": 0 }
				],
				"scale": [
					{ "time": 0, "x": 1, "y": 1, "curve": "stepped" },
					{ "time": 0.0333, "x": 1, "y": 1 }
				]
			},
			"hand_l": {
				"rotate": [
					{ "time": 0, "angle": 0 },
					{ "time": 0.0333, "angle": -1.85 }
				],
				"translate": [
					{ "time": 0, "x": 0, "y": 0, "curve": "stepped" },
					{ "time": 0.0333, "x": 0, "y": 0 }
				],
				"scale": [
					{ "time": 0, "x": 1, "y": 1, "curve": "stepped" },
					{ "time": 0.0333, "x": 1, "y": 1 }
				]
			},
			"hand_r": {
				"rotate": [
					{ "time": 0, "angle": 0 },
					{ "time": 0.0333, "angle": 9.31 }
				],
				"translate": [
					{ "time": 0, "x": 0, "y": 0, "curve": "stepped" },
					{ "time": 0.0333, "x": 0, "y": 0 }
				],
				"scale": [
					{ "time": 0, "x": 1, "y": 1, "curve": "stepped" },
					{ "time": 0.0333, "x": 1, "y": 1 }
				]
			},
			"gun": {
				"rotate": [
					{ "time": 0, "angle": 0 },
					{ "time": 0.0333, "angle": 16.07 }
				],
				"translate": [
					{ "time": 0, "x": 0, "y": 0, "curve": "stepped" },
					{ "time": 0.0333, "x": 0, "y": 0 }
				],
				"scale": [
					{ "time": 0, "x": 1, "y": 1 },
					{ "time": 0.0333, "x": 0.95, "y": 1 }
				]
			},
			"wing_l": {
				"rotate": [
					{ "time": 0, "angle": 62.14 },
					{ "time": 0.0333, "angle": -0.01 }
				],
				"translate": [
					{ "time": 0, "x": 0, "y": 0, "curve": "stepped" },
					{ "time": 0.0333, "x": 0, "y": 0 }
				],
				"scale": [
					{ "time": 0, "x": 1, "y": 1, "curve": "stepped" },
					{ "time": 0.0333, "x": 1, "y": 1 }
				]
			},
			"wing_r": {
				"rotate": [
					{ "time": 0, "angle": -56.75 },
					{ "time": 0.0333, "angle": -0.01 }
				],
				"translate": [
					{ "time": 0, "x": 0, "y": 0, "curve": "stepped" },
					{ "time": 0.0333, "x": 0, "y": 0 }
				],
				"scale": [
					{ "time": 0, "x": 0.406, "y": 1 },
					{ "time": 0.0333, "x": 1, "y": 0.315 }
				]
			}
		},
		"drawOrder": [
			{ "time": 0 },
			{ "time": 0.0333 }
		]
	},
	"idle": {
		"slots": {
			"hand_l": {
				"attachment": [
					{ "time": 0, "name": "hand_l" },
					{ "time": 0.8, "name": "hand_l" },
					{ "time": 1.6, "name": "hand_l" },
					{ "time": 2.4, "name": "hand_l" },
					{ "time": 3.2, "name": "hand_l" }
				]
			},
			"hand_r": {
				"attachment": [
					{ "time": 0, "name": "hand_r" },
					{ "time": 0.8, "name": "hand_r" },
					{ "time": 1.6, "name": "hand_r" },
					{ "time": 2.4, "name": "hand_r" },
					{ "time": 3.2, "name": "hand_r" }
				]
			},
			"head": {
				"attachment": [
					{ "time": 0, "name": "head" },
					{ "time": 1.1333, "name": "head2" },
					{ "time": 2.4, "name": "head" }
				]
			}
		},
		"bones": {
			"torso": {
				"rotate": [
					{ "time": 0, "angle": -3.42, "curve": "stepped" },
					{ "time": 0.8, "angle": -3.42, "curve": "stepped" },
					{ "time": 1.6, "angle": -3.42, "curve": "stepped" },
					{ "time": 2.4, "angle": -3.42, "curve": "stepped" },
					{ "time": 3.2, "angle": -3.42 }
				],
				"translate": [
					{ "time": 0, "x": 0, "y": 0, "curve": "stepped" },
					{ "time": 0.8, "x": 0, "y": 0, "curve": "stepped" },
					{ "time": 1.6, "x": 0, "y": 0, "curve": "stepped" },
					{ "time": 2.4, "x": 0, "y": 0, "curve": "stepped" },
					{ "time": 3.2, "x": 0, "y": 0 }
				],
				"scale": [
					{
						"time": 0,
						"x": 1,
						"y": 1,
						"curve": [ 0.25, 0, 0.75, 1 ]
					},
					{
						"time": 0.4,
						"x": 1,
						"y": 1.06,
						"curve": [ 0.25, 0, 0.75, 1 ]
					},
					{
						"time": 0.8,
						"x": 1,
						"y": 1,
						"curve": [ 0.25, 0, 0.75, 1 ]
					},
					{
						"time": 1.2,
						"x": 1,
						"y": 1.06,
						"curve": [ 0.25, 0, 0.75, 1 ]
					},
					{
						"time": 1.6,
						"x": 1,
						"y": 1,
						"curve": [ 0.25, 0, 0.75, 1 ]
					},
					{
						"time": 2,
						"x": 1,
						"y": 1.06,
						"curve": [ 0.25, 0, 0.75, 1 ]
					},
					{
						"time": 2.4,
						"x": 1,
						"y": 1,
						"curve": [ 0.25, 0, 0.75, 1 ]
					},
					{
						"time": 2.8,
						"x": 1,
						"y": 1.06,
						"curve": [ 0.25, 0, 0.75, 1 ]
					},
					{ "time": 3.2, "x": 1, "y": 1 }
				]
			},
			"head": {
				"rotate": [
					{ "time": 0, "angle": 3.57, "curve": "stepped" },
					{ "time": 0.8, "angle": 3.57, "curve": "stepped" },
					{ "time": 1.6, "angle": 3.57, "curve": "stepped" },
					{ "time": 2.4, "angle": 3.57, "curve": "stepped" },
					{ "time": 3.2, "angle": 3.57 }
				],
				"translate": [
					{ "time": 0, "x": 0, "y": 0, "curve": "stepped" },
					{ "time": 0.8, "x": 0, "y": 0, "curve": "stepped" },
					{
						"time": 1.0666,
						"x": 0,
						"y": 0,
						"curve": [ 0.25, 0, 0.75, 1 ]
					},
					{
						"time": 1.1333,
						"x": 0.25,
						"y": -4.71,
						"curve": [ 0.25, 0, 0.75, 1 ]
					},
					{ "time": 1.2, "x": 0, "y": 0, "curve": "stepped" },
					{ "time": 1.6, "x": 0, "y": 0, "curve": "stepped" },
					{
						"time": 2.3333,
						"x": 0,
						"y": 0,
						"curve": [ 0.25, 0, 0.75, 1 ]
					},
					{
						"time": 2.4,
						"x": 0.25,
						"y": -4.71,
						"curve": [ 0.25, 0, 0.75, 1 ]
					},
					{ "time": 2.4666, "x": 0, "y": 0, "curve": "stepped" },
					{ "time": 3.2, "x": 0, "y": 0 }
				],
				"scale": [
					{ "time": 0, "x": 1, "y": 1, "curve": "stepped" },
					{ "time": 0.8, "x": 1, "y": 1, "curve": "stepped" },
					{ "time": 1.6, "x": 1, "y": 1, "curve": "stepped" },
					{ "time": 2.4, "x": 1, "y": 1, "curve": "stepped" },
					{ "time": 3.2, "x": 1, "y": 1 }
				]
			},
			"arm_top_l": {
				"rotate": [
					{ "time": 0, "angle": 21.93, "curve": "stepped" },
					{ "time": 0.8, "angle": 21.93, "curve": "stepped" },
					{ "time": 1.6, "angle": 21.93, "curve": "stepped" },
					{ "time": 2.4, "angle": 21.93, "curve": "stepped" },
					{ "time": 3.2, "angle": 21.93 }
				],
				"translate": [
					{ "time": 0, "x": -0.67, "y": 0.17, "curve": "stepped" },
					{ "time": 0.8, "x": -0.67, "y": 0.17, "curve": "stepped" },
					{ "time": 1.6, "x": -0.67, "y": 0.17, "curve": "stepped" },
					{ "time": 2.4, "x": -0.67, "y": 0.17, "curve": "stepped" },
					{ "time": 3.2, "x": -0.67, "y": 0.17 }
				],
				"scale": [
					{ "time": 0, "x": 1, "y": 1, "curve": "stepped" },
					{ "time": 0.8, "x": 1, "y": 1, "curve": "stepped" },
					{ "time": 1.6, "x": 1, "y": 1, "curve": "stepped" },
					{ "time": 2.4, "x": 1, "y": 1, "curve": "stepped" },
					{ "time": 3.2, "x": 1, "y": 1 }
				]
			},
			"arm_btm_l": {
				"rotate": [
					{ "time": 0, "angle": 7.24, "curve": "stepped" },
					{ "time": 0.8, "angle": 7.24, "curve": "stepped" },
					{ "time": 1.6, "angle": 7.24, "curve": "stepped" },
					{ "time": 2.4, "angle": 7.24, "curve": "stepped" },
					{ "time": 3.2, "angle": 7.24 }
				],
				"translate": [
					{ "time": 0, "x": 0, "y": 0, "curve": "stepped" },
					{ "time": 0.8, "x": 0, "y": 0, "curve": "stepped" },
					{ "time": 1.6, "x": 0, "y": 0, "curve": "stepped" },
					{ "time": 2.4, "x": 0, "y": 0, "curve": "stepped" },
					{ "time": 3.2, "x": 0, "y": 0 }
				],
				"scale": [
					{ "time": 0, "x": 1, "y": 1, "curve": "stepped" },
					{ "time": 0.8, "x": 1, "y": 1, "curve": "stepped" },
					{ "time": 1.6, "x": 1, "y": 1, "curve": "stepped" },
					{ "time": 2.4, "x": 1, "y": 1, "curve": "stepped" },
					{ "time": 3.2, "x": 1, "y": 1 }
				]
			},
			"arm_top_r": {
				"rotate": [
					{ "time": 0, "angle": 37.6, "curve": "stepped" },
					{ "time": 0.8, "angle": 37.6, "curve": "stepped" },
					{ "time": 1.6, "angle": 37.6, "curve": "stepped" },
					{ "time": 2.4, "angle": 37.6, "curve": "stepped" },
					{ "time": 3.2, "angle": 37.6 }
				],
				"translate": [
					{ "time": 0, "x": 0, "y": 0, "curve": "stepped" },
					{ "time": 0.8, "x": 0, "y": 0, "curve": "stepped" },
					{ "time": 1.6, "x": 0, "y": 0, "curve": "stepped" },
					{ "time": 2.4, "x": 0, "y": 0, "curve": "stepped" },
					{ "time": 3.2, "x": 0, "y": 0 }
				],
				"scale": [
					{ "time": 0, "x": 1, "y": 1, "curve": "stepped" },
					{ "time": 0.8, "x": 1, "y": 1, "curve": "stepped" },
					{ "time": 1.6, "x": 1, "y": 1, "curve": "stepped" },
					{ "time": 2.4, "x": 1, "y": 1, "curve": "stepped" },
					{ "time": 3.2, "x": 1, "y": 1 }
				]
			},
			"arm_btm_r": {
				"rotate": [
					{ "time": 0, "angle": 91.27, "curve": "stepped" },
					{ "time": 0.8, "angle": 91.27, "curve": "stepped" },
					{ "time": 1.6, "angle": 91.27, "curve": "stepped" },
					{ "time": 2.4, "angle": 91.27, "curve": "stepped" },
					{ "time": 3.2, "angle": 91.27 }
				],
				"translate": [
					{ "time": 0, "x": 0, "y": 0, "curve": "stepped" },
					{ "time": 0.8, "x": 0, "y": 0, "curve": "stepped" },
					{ "time": 1.6, "x": 0, "y": 0, "curve": "stepped" },
					{ "time": 2.4, "x": 0, "y": 0, "curve": "stepped" },
					{ "time": 3.2, "x": 0, "y": 0 }
				],
				"scale": [
					{ "time": 0, "x": 1, "y": 1, "curve": "stepped" },
					{ "time": 0.8, "x": 1, "y": 1, "curve": "stepped" },
					{ "time": 1.6, "x": 1, "y": 1, "curve": "stepped" },
					{ "time": 2.4, "x": 1, "y": 1, "curve": "stepped" },
					{ "time": 3.2, "x": 1, "y": 1 }
				]
			},
			"leg_top_r": {
				"rotate": [
					{ "time": 0, "angle": 5.02, "curve": "stepped" },
					{ "time": 0.8, "angle": 5.02, "curve": "stepped" },
					{ "time": 1.6, "angle": 5.02, "curve": "stepped" },
					{ "time": 2.4, "angle": 5.02, "curve": "stepped" },
					{ "time": 3.2, "angle": 5.02 }
				],
				"translate": [
					{ "time": 0, "x": 0, "y": 0, "curve": "stepped" },
					{ "time": 0.8, "x": 0, "y": 0, "curve": "stepped" },
					{ "time": 1.6, "x": 0, "y": 0, "curve": "stepped" },
					{ "time": 2.4, "x": 0, "y": 0, "curve": "stepped" },
					{ "time": 3.2, "x": 0, "y": 0 }
				],
				"scale": [
					{ "time": 0, "x": 1, "y": 1, "curve": "stepped" },
					{ "time": 0.8, "x": 1, "y": 1, "curve": "stepped" },
					{ "time": 1.6, "x": 1, "y": 1, "curve": "stepped" },
					{ "time": 2.4, "x": 1, "y": 1, "curve": "stepped" },
					{ "time": 3.2, "x": 1, "y": 1 }
				]
			},
			"leg_top_l": {
				"rotate": [
					{ "time": 0, "angle": -0.29, "curve": "stepped" },
					{ "time": 0.8, "angle": -0.29, "curve": "stepped" },
					{ "time": 1.6, "angle": -0.29, "curve": "stepped" },
					{ "time": 2.4, "angle": -0.29, "curve": "stepped" },
					{ "time": 3.2, "angle": -0.29 }
				],
				"translate": [
					{ "time": 0, "x": 0, "y": 0, "curve": "stepped" },
					{ "time": 0.8, "x": 0, "y": 0, "curve": "stepped" },
					{ "time": 1.6, "x": 0, "y": 0, "curve": "stepped" },
					{ "time": 2.4, "x": 0, "y": 0, "curve": "stepped" },
					{ "time": 3.2, "x": 0, "y": 0 }
				],
				"scale": [
					{ "time": 0, "x": 1, "y": 1, "curve": "stepped" },
					{ "time": 0.8, "x": 1, "y": 1, "curve": "stepped" },
					{ "time": 1.6, "x": 1, "y": 1, "curve": "stepped" },
					{ "time": 2.4, "x": 1, "y": 1, "curve": "stepped" },
					{ "time": 3.2, "x": 1, "y": 1 }
				]
			},
			"leg_btm_l": {
				"rotate": [
					{ "time": 0, "angle": -3.77, "curve": "stepped" },
					{ "time": 0.8, "angle": -3.77, "curve": "stepped" },
					{ "time": 1.6, "angle": -3.77, "curve": "stepped" },
					{ "time": 2.4, "angle": -3.77, "curve": "stepped" },
					{ "time": 3.2, "angle": -3.77 }
				],
				"translate": [
					{ "time": 0, "x": 0, "y": 0, "curve": "stepped" },
					{ "time": 0.8, "x": 0, "y": 0, "curve": "stepped" },
					{ "time": 1.6, "x": 0, "y": 0, "curve": "stepped" },
					{ "time": 2.4, "x": 0, "y": 0, "curve": "stepped" },
					{ "time": 3.2, "x": 0, "y": 0 }
				],
				"scale": [
					{ "time": 0, "x": 1, "y": 1, "curve": "stepped" },
					{ "time": 0.8, "x": 1, "y": 1, "curve": "stepped" },
					{ "time": 1.6, "x": 1, "y": 1, "curve": "stepped" },
					{ "time": 2.4, "x": 1, "y": 1, "curve": "stepped" },
					{ "time": 3.2, "x": 1, "y": 1 }
				]
			},
			"leg_btm_r": {
				"rotate": [
					{ "time": 0, "angle": -4.73, "curve": "stepped" },
					{ "time": 0.8, "angle": -4.73, "curve": "stepped" },
					{ "time": 1.6, "angle": -4.73, "curve": "stepped" },
					{ "time": 2.4, "angle": -4.73, "curve": "stepped" },
					{ "time": 3.2, "angle": -4.73 }
				],
				"translate": [
					{ "time": 0, "x": 0, "y": 0, "curve": "stepped" },
					{ "time": 0.8, "x": 0, "y": 0, "curve": "stepped" },
					{ "time": 1.6, "x": 0, "y": 0, "curve": "stepped" },
					{ "time": 2.4, "x": 0, "y": 0, "curve": "stepped" },
					{ "time": 3.2, "x": 0, "y": 0 }
				],
				"scale": [
					{ "time": 0, "x": 1.087, "y": 1, "curve": "stepped" },
					{ "time": 0.8, "x": 1.087, "y": 1, "curve": "stepped" },
					{ "time": 1.6, "x": 1.087, "y": 1, "curve": "stepped" },
					{ "time": 2.4, "x": 1.087, "y": 1, "curve": "stepped" },
					{ "time": 3.2, "x": 1.087, "y": 1 }
				]
			},
			"hip": {
				"rotate": [
					{ "time": 0, "angle": 0, "curve": "stepped" },
					{ "time": 0.8, "angle": 0, "curve": "stepped" },
					{ "time": 1.6, "angle": 0, "curve": "stepped" },
					{ "time": 2.4, "angle": 0, "curve": "stepped" },
					{ "time": 3.2, "angle": 0 }
				],
				"translate": [
					{ "time": 0, "x": 0, "y": 0.25, "curve": "stepped" },
					{ "time": 0.8, "x": 0, "y": 0.25, "curve": "stepped" },
					{ "time": 1.6, "x": 0, "y": 0.25, "curve": "stepped" },
					{ "time": 2.4, "x": 0, "y": 0.25, "curve": "stepped" },
					{ "time": 3.2, "x": 0, "y": 0.25 }
				],
				"scale": [
					{ "time": 0, "x": 1, "y": 1, "curve": "stepped" },
					{ "time": 0.8, "x": 1, "y": 1, "curve": "stepped" },
					{ "time": 1.6, "x": 1, "y": 1, "curve": "stepped" },
					{ "time": 2.4, "x": 1, "y": 1, "curve": "stepped" },
					{ "time": 3.2, "x": 1, "y": 1 }
				]
			},
			"root": {
				"rotate": [
					{ "time": 0, "angle": 0, "curve": "stepped" },
					{ "time": 0.8, "angle": 0, "curve": "stepped" },
					{ "time": 1.6, "angle": 0, "curve": "stepped" },
					{ "time": 2.4, "angle": 0, "curve": "stepped" },
					{ "time": 3.2, "angle": 0 }
				],
				"translate": [
					{ "time": 0, "x": 0, "y": 0, "curve": "stepped" },
					{ "time": 0.8, "x": 0, "y": 0, "curve": "stepped" },
					{ "time": 1.6, "x": 0, "y": 0, "curve": "stepped" },
					{ "time": 2.4, "x": 0, "y": 0, "curve": "stepped" },
					{ "time": 3.2, "x": 0, "y": 0 }
				],
				"scale": [
					{ "time": 0, "x": 1, "y": 1, "curve": "stepped" },
					{ "time": 0.8, "x": 1, "y": 1, "curve": "stepped" },
					{ "time": 1.6, "x": 1, "y": 1, "curve": "stepped" },
					{ "time": 2.4, "x": 1, "y": 1, "curve": "stepped" },
					{ "time": 3.2, "x": 1, "y": 1 }
				]
			},
			"foot_r": {
				"rotate": [
					{ "time": 0, "angle": 8.53, "curve": "stepped" },
					{ "time": 0.8, "angle": 8.53, "curve": "stepped" },
					{ "time": 1.6, "angle": 8.53, "curve": "stepped" },
					{ "time": 2.4, "angle": 8.53, "curve": "stepped" },
					{ "time": 3.2, "angle": 8.53 }
				],
				"translate": [
					{ "time": 0, "x": 0, "y": 0, "curve": "stepped" },
					{ "time": 0.8, "x": 0, "y": 0, "curve": "stepped" },
					{ "time": 1.6, "x": 0, "y": 0, "curve": "stepped" },
					{ "time": 2.4, "x": 0, "y": 0, "curve": "stepped" },
					{ "time": 3.2, "x": 0, "y": 0 }
				],
				"scale": [
					{ "time": 0, "x": 1, "y": 1, "curve": "stepped" },
					{ "time": 0.8, "x": 1, "y": 1, "curve": "stepped" },
					{ "time": 1.6, "x": 1, "y": 1, "curve": "stepped" },
					{ "time": 2.4, "x": 1, "y": 1, "curve": "stepped" },
					{ "time": 3.2, "x": 1, "y": 1 }
				]
			},
			"foot_l": {
				"rotate": [
					{ "time": 0, "angle": 15.9, "curve": "stepped" },
					{ "time": 0.8, "angle": 15.9, "curve": "stepped" },
					{ "time": 1.6, "angle": 15.9, "curve": "stepped" },
					{ "time": 2.4, "angle": 15.9, "curve": "stepped" },
					{ "time": 3.2, "angle": 15.9 }
				],
				"translate": [
					{ "time": 0, "x": 0, "y": 0, "curve": "stepped" },
					{ "time": 0.8, "x": 0, "y": 0, "curve": "stepped" },
					{ "time": 1.6, "x": 0, "y": 0, "curve": "stepped" },
					{ "time": 2.4, "x": 0, "y": 0, "curve": "stepped" },
					{ "time": 3.2, "x": 0, "y": 0 }
				],
				"scale": [
					{ "time": 0, "x": 1, "y": 1, "curve": "stepped" },
					{ "time": 0.8, "x": 1, "y": 1, "curve": "stepped" },
					{ "time": 1.6, "x": 1, "y": 1, "curve": "stepped" },
					{ "time": 2.4, "x": 1, "y": 1, "curve": "stepped" },
					{ "time": 3.2, "x": 1, "y": 1 }
				]
			},
			"hand_r": {
				"rotate": [
					{ "time": 0, "angle": 9.32, "curve": "stepped" },
					{ "time": 0.8, "angle": 9.32, "curve": "stepped" },
					{ "time": 1.6, "angle": 9.32, "curve": "stepped" },
					{ "time": 2.4, "angle": 9.32, "curve": "stepped" },
					{ "time": 3.2, "angle": 9.32 }
				],
				"translate": [
					{ "time": 0, "x": 0, "y": 0, "curve": "stepped" },
					{ "time": 0.8, "x": 0, "y": 0, "curve": "stepped" },
					{ "time": 1.6, "x": 0, "y": 0, "curve": "stepped" },
					{ "time": 2.4, "x": 0, "y": 0, "curve": "stepped" },
					{ "time": 3.2, "x": 0, "y": 0 }
				],
				"scale": [
					{ "time": 0, "x": 1, "y": 1, "curve": "stepped" },
					{ "time": 0.8, "x": 1, "y": 1, "curve": "stepped" },
					{ "time": 1.6, "x": 1, "y": 1, "curve": "stepped" },
					{ "time": 2.4, "x": 1, "y": 1, "curve": "stepped" },
					{ "time": 3.2, "x": 1, "y": 1 }
				]
			},
			"hand_l": {
				"rotate": [
					{ "time": 0, "angle": 42.03, "curve": "stepped" },
					{ "time": 0.8, "angle": 42.03, "curve": "stepped" },
					{ "time": 1.6, "angle": 42.03, "curve": "stepped" },
					{ "time": 2.4, "angle": 42.03, "curve": "stepped" },
					{ "time": 3.2, "angle": 42.03 }
				],
				"translate": [
					{ "time": 0, "x": 0, "y": 0, "curve": "stepped" },
					{ "time": 0.8, "x": 0, "y": 0, "curve": "stepped" },
					{ "time": 1.6, "x": 0, "y": 0, "curve": "stepped" },
					{ "time": 2.4, "x": 0, "y": 0, "curve": "stepped" },
					{ "time": 3.2, "x": 0, "y": 0 }
				],
				"scale": [
					{ "time": 0, "x": 1, "y": 1, "curve": "stepped" },
					{ "time": 0.8, "x": 1, "y": 1, "curve": "stepped" },
					{ "time": 1.6, "x": 1, "y": 1, "curve": "stepped" },
					{ "time": 2.4, "x": 1, "y": 1, "curve": "stepped" },
					{ "time": 3.2, "x": 1, "y": 1 }
				]
			},
			"pelvis": {
				"rotate": [
					{ "time": 0, "angle": 0, "curve": "stepped" },
					{ "time": 0.8, "angle": 0, "curve": "stepped" },
					{ "time": 1.6, "angle": 0, "curve": "stepped" },
					{ "time": 2.4, "angle": 0, "curve": "stepped" },
					{ "time": 3.2, "angle": 0 }
				],
				"translate": [
					{ "time": 0, "x": 0, "y": 0, "curve": "stepped" },
					{ "time": 0.8, "x": 0, "y": 0, "curve": "stepped" },
					{ "time": 1.6, "x": 0, "y": 0, "curve": "stepped" },
					{ "time": 2.4, "x": 0, "y": 0, "curve": "stepped" },
					{ "time": 3.2, "x": 0, "y": 0 }
				],
				"scale": [
					{ "time": 0, "x": 1, "y": 1, "curve": "stepped" },
					{ "time": 0.8, "x": 1, "y": 1, "curve": "stepped" },
					{ "time": 1.6, "x": 1, "y": 1, "curve": "stepped" },
					{ "time": 2.4, "x": 1, "y": 1, "curve": "stepped" },
					{ "time": 3.2, "x": 1, "y": 1 }
				]
			},
			"gun": {
				"rotate": [
					{ "time": 0, "angle": 0, "curve": "stepped" },
					{ "time": 0.8, "angle": 0, "curve": "stepped" },
					{ "time": 1.6, "angle": 0, "curve": "stepped" },
					{ "time": 2.4, "angle": 0, "curve": "stepped" },
					{ "time": 3.2, "angle": 0 }
				],
				"translate": [
					{ "time": 0, "x": 0, "y": 0, "curve": "stepped" },
					{ "time": 0.8, "x": 0, "y": 0, "curve": "stepped" },
					{ "time": 1.6, "x": 0, "y": 0, "curve": "stepped" },
					{ "time": 2.4, "x": 0, "y": 0, "curve": "stepped" },
					{ "time": 3.2, "x": 0, "y": 0 }
				],
				"scale": [
					{ "time": 0, "x": 1, "y": 1, "curve": "stepped" },
					{ "time": 0.8, "x": 1, "y": 1, "curve": "stepped" },
					{ "time": 1.6, "x": 1, "y": 1, "curve": "stepped" },
					{ "time": 2.4, "x": 1, "y": 1, "curve": "stepped" },
					{ "time": 3.2, "x": 1, "y": 1 }
				]
			},
			"wing_l": {
				"rotate": [
					{
						"time": 0,
						"angle": -3.27,
						"curve": [ 0.25, 0, 0.75, 1 ]
					},
					{
						"time": 0.4,
						"angle": -17.08,
						"curve": [ 0.25, 0, 0.75, 1 ]
					},
					{
						"time": 0.8,
						"angle": -3.27,
						"curve": [ 0.25, 0, 0.75, 1 ]
					},
					{
						"time": 1.2,
						"angle": -17.08,
						"curve": [ 0.25, 0, 0.75, 1 ]
					},
					{
						"time": 1.6,
						"angle": -3.27,
						"curve": [ 0.25, 0, 0.75, 1 ]
					},
					{
						"time": 2,
						"angle": -17.08,
						"curve": [ 0.25, 0, 0.75, 1 ]
					},
					{
						"time": 2.4,
						"angle": -3.27,
						"curve": [ 0.25, 0, 0.75, 1 ]
					},
					{
						"time": 2.8,
						"angle": -17.08,
						"curve": [ 0.25, 0, 0.75, 1 ]
					},
					{ "time": 3.2, "angle": -3.27 }
				],
				"translate": [
					{ "time": 0, "x": 0, "y": 0, "curve": "stepped" },
					{ "time": 0.8, "x": 0, "y": 0, "curve": "stepped" },
					{ "time": 1.6, "x": 0, "y": 0, "curve": "stepped" },
					{ "time": 2.4, "x": 0, "y": 0, "curve": "stepped" },
					{ "time": 3.2, "x": 0, "y": 0 }
				],
				"scale": [
					{ "time": 0, "x": 1, "y": 1, "curve": "stepped" },
					{ "time": 0.8, "x": 1, "y": 1, "curve": "stepped" },
					{ "time": 1.6, "x": 1, "y": 1, "curve": "stepped" },
					{ "time": 2.4, "x": 1, "y": 1, "curve": "stepped" },
					{ "time": 3.2, "x": 1, "y": 1 }
				]
			},
			"wing_r": {
				"rotate": [
					{
						"time": 0,
						"angle": 17.39,
						"curve": [ 0.25, 0, 0.75, 1 ]
					},
					{
						"time": 0.4,
						"angle": 31,
						"curve": [ 0.25, 0, 0.75, 1 ]
					},
					{
						"time": 0.8,
						"angle": 17.39,
						"curve": [ 0.25, 0, 0.75, 1 ]
					},
					{
						"time": 1.2,
						"angle": 31,
						"curve": [ 0.25, 0, 0.75, 1 ]
					},
					{
						"time": 1.6,
						"angle": 17.39,
						"curve": [ 0.25, 0, 0.75, 1 ]
					},
					{
						"time": 2,
						"angle": 31,
						"curve": [ 0.25, 0, 0.75, 1 ]
					},
					{
						"time": 2.4,
						"angle": 17.39,
						"curve": [ 0.25, 0, 0.75, 1 ]
					},
					{
						"time": 2.8,
						"angle": 31,
						"curve": [ 0.25, 0, 0.75, 1 ]
					},
					{ "time": 3.2, "angle": 17.39 }
				],
				"translate": [
					{ "time": 0, "x": 0, "y": 0, "curve": "stepped" },
					{ "time": 0.8, "x": 0, "y": 0, "curve": "stepped" },
					{ "time": 1.6, "x": 0, "y": 0, "curve": "stepped" },
					{ "time": 2.4, "x": 0, "y": 0, "curve": "stepped" },
					{ "time": 3.2, "x": 0, "y": 0 }
				],
				"scale": [
					{ "time": 0, "x": 1, "y": 1, "curve": "stepped" },
					{ "time": 0.8, "x": 1, "y": 1, "curve": "stepped" },
					{ "time": 1.6, "x": 1, "y": 1, "curve": "stepped" },
					{ "time": 2.4, "x": 1, "y": 1, "curve": "stepped" },
					{ "time": 3.2, "x": 1, "y": 1 }
				]
			}
		},
		"drawOrder": [
			{ "time": 0 },
			{ "time": 0.8 },
			{ "time": 1.6 },
			{ "time": 2.4 },
			{ "time": 3.2 }
		]
	},
	"run": {
		"bones": {
			"leg_top_r": {
				"rotate": [
					{
						"time": 0,
						"angle": 37.32,
						"curve": [ 0.276, 0.26, 0.661, 0.98 ]
					},
					{
						"time": 0.1666,
						"angle": -10.5,
						"curve": [ 0.25, 0, 0.75, 1 ]
					},
					{
						"time": 0.3333,
						"angle": 2.05,
						"curve": [ 0.25, 0, 0.665, 1 ]
					},
					{
						"time": 0.5,
						"angle": 67.21,
						"curve": [ 0.375, 0.5, 0.75, 1 ]
					},
					{ "time": 0.6666, "angle": 37.32 }
				],
				"translate": [
					{ "time": 0, "x": 0.26, "y": -3.51 },
					{ "time": 0.3333, "x": -0.55, "y": -0.1 },
					{ "time": 0.6666, "x": 0.26, "y": -3.51 }
				],
				"scale": [
					{ "time": 0, "x": 1, "y": 1 }
				]
			},
			"leg_btm_r": {
				"rotate": [
					{
						"time": 0,
						"angle": -37.17,
						"curve": [ 0.263, 0.3, 0.736, 1 ]
					},
					{
						"time": 0.3333,
						"angle": -95.72,
						"curve": [ 0.25, 0, 0.75, 1 ]
					},
					{
						"time": 0.5,
						"angle": -38.11,
						"curve": [ 0.25, 0, 0.75, 1 ]
					},
					{ "time": 0.6666, "angle": -37.17 }
				],
				"translate": [
					{ "time": 0, "x": 0, "y": 0, "curve": "stepped" },
					{ "time": 0.6666, "x": 0, "y": 0 }
				],
				"scale": [
					{ "time": 0, "x": 1, "y": 1 }
				]
			},
			"leg_top_l": {
				"rotate": [
					{
						"time": 0,
						"angle": -11.53,
						"curve": [ 0.25, 0, 0.75, 1 ]
					},
					{
						"time": 0.1666,
						"angle": 65.54,
						"curve": [ 0.25, 0, 0.75, 1 ]
					},
					{
						"time": 0.3333,
						"angle": 36.68,
						"curve": [ 0.203, 0.3, 0.568, 1 ]
					},
					{
						"time": 0.5,
						"angle": -14.87,
						"curve": [ 0.375, 0.5, 0.75, 1 ]
					},
					{ "time": 0.6666, "angle": -11.53 }
				],
				"translate": [
					{ "time": 0, "x": 0, "y": -2.11 },
					{ "time": 0.1666, "x": -0.06, "y": -3.05 },
					{ "time": 0.3333, "x": 0, "y": -2.11 },
					{ "time": 0.5, "x": -0.06, "y": -3.05 },
					{ "time": 0.6666, "x": 0, "y": -2.11 }
				],
				"scale": [
					{ "time": 0, "x": 1, "y": 1 }
				]
			},
			"leg_btm_l": {
				"rotate": [
					{
						"time": 0,
						"angle": -88.47,
						"curve": [ 0.25, 0, 0.75, 1 ]
					},
					{
						"time": 0.1666,
						"angle": -49.12,
						"curve": [ 0.25, 0, 0.75, 1 ]
					},
					{
						"time": 0.3333,
						"angle": -27.72,
						"curve": [ 0.23, 0.26, 0.75, 1 ]
					},
					{ "time": 0.6666, "angle": -88.47 }
				],
				"translate": [
					{ "time": 0, "x": 0, "y": 0 }
				],
				"scale": [
					{ "time": 0, "x": 1, "y": 1 }
				]
			},
			"foot_l": {
				"rotate": [
					{ "time": 0, "angle": -32.42 },
					{ "time": 0.1666, "angle": 30.95 },
					{ "time": 0.3333, "angle": 38.28 },
					{ "time": 0.6666, "angle": -32.42 }
				],
				"translate": [
					{ "time": 0, "x": 0, "y": 0, "curve": "stepped" },
					{ "time": 0.6666, "x": 0, "y": 0 }
				],
				"scale": [
					{ "time": 0, "x": 1, "y": 1 }
				]
			},
			"arm_top_l": {
				"rotate": [
					{
						"time": 0,
						"angle": -14.83,
						"curve": [ 0.25, 0, 0.75, 1 ]
					},
					{
						"time": 0.3333,
						"angle": 16.64,
						"curve": [ 0.25, 0, 0.75, 1 ]
					},
					{ "time": 0.6666, "angle": -14.83 }
				],
				"translate": [
					{ "time": 0, "x": 0, "y": 0, "curve": "stepped" },
					{ "time": 0.6666, "x": 0, "y": 0 }
				],
				"scale": [
					{ "time": 0, "x": 1, "y": 1, "curve": "stepped" },
					{ "time": 0.1666, "x": 1, "y": 1, "curve": "stepped" },
					{ "time": 0.3333, "x": 1, "y": 1 },
					{ "time": 0.5, "x": 1.236, "y": 1 },
					{ "time": 0.6666, "x": 1, "y": 1 }
				]
			},
			"arm_btm_l": {
				"rotate": [
					{ "time": 0, "angle": -5.19, "curve": "stepped" },
					{ "time": 0.6666, "angle": -5.19 }
				],
				"translate": [
					{ "time": 0, "x": 0, "y": 0, "curve": "stepped" },
					{ "time": 0.6666, "x": 0, "y": 0 }
				],
				"scale": [
					{ "time": 0, "x": 1.006, "y": 1 },
					{ "time": 0.3333, "x": 1, "y": 1 },
					{ "time": 0.5, "x": 0.862, "y": 1 },
					{ "time": 0.6666, "x": 1, "y": 1 }
				]
			},
			"arm_top_r": {
				"rotate": [
					{
						"time": 0,
						"angle": 1.6,
						"curve": [ 0.25, 0, 0.75, 1 ]
					},
					{
						"time": 0.3333,
						"angle": 33.08,
						"curve": [ 0.25, 0, 0.75, 1 ]
					},
					{ "time": 0.6666, "angle": 1.6 }
				],
				"translate": [
					{ "time": 0, "x": 0, "y": 0, "curve": "stepped" },
					{ "time": 0.6666, "x": 0, "y": 0 }
				],
				"scale": [
					{ "time": 0, "x": 1, "y": 1, "curve": "stepped" },
					{ "time": 0.6666, "x": 1, "y": 1 }
				]
			},
			"arm_btm_r": {
				"rotate": [
					{ "time": 0, "angle": 36.89, "curve": "stepped" },
					{ "time": 0.6666, "angle": 36.89 }
				],
				"translate": [
					{ "time": 0, "x": 0, "y": 0, "curve": "stepped" },
					{ "time": 0.6666, "x": 0, "y": 0 }
				],
				"scale": [
					{ "time": 0, "x": 1, "y": 1, "curve": "stepped" },
					{ "time": 0.6666, "x": 1, "y": 1 }
				]
			},
			"torso": {
				"rotate": [
					{ "time": 0, "angle": -26.56 }
				],
				"translate": [
					{ "time": 0, "x": 0, "y": 0 }
				],
				"scale": [
					{ "time": 0, "x": 1, "y": 1 }
				]
			},
			"head": {
				"rotate": [
					{
						"time": 0,
						"angle": 19.62,
						"curve": [ 0.375, 0.5, 0.75, 1 ]
					},
					{
						"time": 0.1666,
						"angle": 14.24,
						"curve": [ 0.25, 0, 0.75, 1 ]
					},
					{
						"time": 0.3333,
						"angle": 19.62,
						"curve": [ 0.375, 0.5, 0.75, 1 ]
					},
					{
						"time": 0.5,
						"angle": 18.81,
						"curve": [ 0.25, 0, 0.75, 1 ]
					},
					{ "time": 0.6666, "angle": 19.62 }
				],
				"translate": [
					{
						"time": 0,
						"x": 0,
						"y": 0,
						"curve": [ 0.25, 0, 0.75, 1 ]
					},
					{
						"time": 0.1666,
						"x": -8.51,
						"y": -0.98,
						"curve": [ 0.25, 0, 0.75, 1 ]
					},
					{
						"time": 0.3333,
						"x": 0,
						"y": 0,
						"curve": [ 0.25, 0, 0.75, 1 ]
					},
					{
						"time": 0.5,
						"x": -8.51,
						"y": -0.98,
						"curve": [ 0.25, 0, 0.75, 1 ]
					},
					{ "time": 0.6666, "x": 0, "y": 0 }
				],
				"scale": [
					{ "time": 0, "x": 1.014, "y": 1 },
					{ "time": 0.0666, "x": 1.042, "y": 1 },
					{ "time": 0.2333, "x": 0.972, "y": 1 },
					{ "time": 0.4, "x": 1.042, "y": 1 },
					{ "time": 0.5666, "x": 0.972, "y": 1 },
					{ "time": 0.6666, "x": 1.014, "y": 1 }
				]
			},
			"foot_r": {
				"rotate": [
					{ "time": 0, "angle": 47.93 },
					{
						"time": 0.2333,
						"angle": -41.47,
						"curve": [ 0.25, 0, 0.75, 1 ]
					},
					{ "time": 0.5333, "angle": 18.09 },
					{ "time": 0.6666, "angle": 47.93 }
				],
				"translate": [
					{ "time": 0, "x": 0, "y": 0 }
				],
				"scale": [
					{ "time": 0, "x": 1, "y": 1 }
				]
			},
			"root": {
				"rotate": [
					{ "time": 0, "angle": 0 }
				],
				"translate": [
					{ "time": 0, "x": 0, "y": 0 }
				],
				"scale": [
					{ "time": 0, "x": 1, "y": 1 }
				]
			},
			"hand_r": {
				"rotate": [
					{
						"time": 0,
						"angle": 8.39,
						"curve": [ 0.25, 0, 0.75, 1 ]
					},
					{
						"time": 0.1666,
						"angle": 2.21,
						"curve": [ 0.25, 0, 0.75, 1 ]
					},
					{
						"time": 0.3333,
						"angle": 8.39,
						"curve": [ 0.25, 0, 0.75, 1 ]
					},
					{
						"time": 0.5,
						"angle": 2.21,
						"curve": [ 0.25, 0, 0.75, 1 ]
					},
					{ "time": 0.6666, "angle": 8.39 }
				],
				"translate": [
					{ "time": 0, "x": 0, "y": 0, "curve": "stepped" },
					{ "time": 0.6666, "x": 0, "y": 0 }
				],
				"scale": [
					{ "time": 0, "x": 1, "y": 1, "curve": "stepped" },
					{ "time": 0.6666, "x": 1, "y": 1 }
				]
			},
			"hand_l": {
				"rotate": [
					{ "time": 0, "angle": 19.32, "curve": "stepped" },
					{ "time": 0.6666, "angle": 19.32 }
				],
				"translate": [
					{ "time": 0, "x": 0, "y": 0, "curve": "stepped" },
					{ "time": 0.6666, "x": 0, "y": 0 }
				],
				"scale": [
					{ "time": 0, "x": 1, "y": 1, "curve": "stepped" },
					{ "time": 0.6666, "x": 1, "y": 1 }
				]
			},
			"hip": {
				"rotate": [
					{ "time": 0, "angle": 0 }
				],
				"translate": [
					{
						"time": 0,
						"x": 0,
						"y": -10.98,
						"curve": [ 0.246, 0.27, 0.75, 1 ]
					},
					{
						"time": 0.1666,
						"x": 0,
						"y": 7.46,
						"curve": [ 0.25, 0, 0.763, 0.72 ]
					},
					{
						"time": 0.3333,
						"x": 0,
						"y": -10.98,
						"curve": [ 0.246, 0.27, 0.75, 1 ]
					},
					{
						"time": 0.5,
						"x": 0,
						"y": 7.46,
						"curve": [ 0.25, 0, 0.763, 0.72 ]
					},
					{ "time": 0.6666, "x": 0, "y": -10.98 }
				],
				"scale": [
					{ "time": 0, "x": 1, "y": 1 }
				]
			},
			"pelvis": {
				"translate": [
					{ "time": 0, "x": 1.1, "y": 0 }
				]
			},
			"gun": {
				"rotate": [
					{ "time": 0, "angle": -10.74, "curve": "stepped" },
					{ "time": 0.6666, "angle": -10.74 }
				],
				"translate": [
					{ "time": 0, "x": 0, "y": 0, "curve": "stepped" },
					{ "time": 0.6666, "x": 0, "y": 0 }
				],
				"scale": [
					{ "time": 0, "x": 1, "y": 1, "curve": "stepped" },
					{ "time": 0.6666, "x": 1, "y": 1 }
				]
			},
			"wing_r": {
				"rotate": [
					{
						"time": 0,
						"angle": 29.26,
						"curve": [ 0.25, 0, 0.75, 1 ]
					},
					{
						"time": 0.1666,
						"angle": 53.26,
						"curve": [ 0.25, 0, 0.75, 1 ]
					},
					{
						"time": 0.3333,
						"angle": 29.26,
						"curve": [ 0.25, 0, 0.75, 1 ]
					},
					{
						"time": 0.5,
						"angle": 28.7,
						"curve": [ 0.25, 0, 0.75, 1 ]
					},
					{ "time": 0.6666, "angle": 29.26 }
				],
				"translate": [
					{
						"time": 0,
						"x": 10.99,
						"y": 15.06,
						"curve": [ 0.25, 0, 0.75, 1 ]
					},
					{
						"time": 0.1666,
						"x": 6.36,
						"y": 14.31,
						"curve": [ 0.25, 0, 0.75, 1 ]
					},
					{
						"time": 0.3333,
						"x": 10.99,
						"y": 15.06,
						"curve": [ 0.25, 0, 0.75, 1 ]
					},
					{
						"time": 0.5,
						"x": 6.36,
						"y": 14.31,
						"curve": [ 0.25, 0, 0.75, 1 ]
					},
					{ "time": 0.6666, "x": 10.99, "y": 15.06 }
				]
			},
			"wing_l": {
				"rotate": [
					{
						"time": 0,
						"angle": 0,
						"curve": [ 0.25, 0, 0.75, 1 ]
					},
					{
						"time": 0.1666,
						"angle": 7.81,
						"curve": [ 0.25, 0, 0.75, 1 ]
					},
					{
						"time": 0.3333,
						"angle": 0,
						"curve": [ 0.25, 0, 0.75, 1 ]
					},
					{
						"time": 0.5,
						"angle": -16.74,
						"curve": [ 0.25, 0, 0.75, 1 ]
					},
					{ "time": 0.6666, "angle": 0 }
				],
				"translate": [
					{
						"time": 0,
						"x": -2.28,
						"y": 1.11,
						"curve": [ 0.25, 0, 0.75, 1 ]
					},
					{
						"time": 0.1666,
						"x": -6.92,
						"y": 0.36,
						"curve": [ 0.25, 0, 0.75, 1 ]
					},
					{
						"time": 0.3333,
						"x": -2.28,
						"y": 1.11,
						"curve": [ 0.25, 0, 0.75, 1 ]
					},
					{
						"time": 0.5,
						"x": -6.92,
						"y": 0.36,
						"curve": [ 0.25, 0, 0.75, 1 ]
					},
					{ "time": 0.6666, "x": -2.28, "y": 1.11 }
				]
			}
		},
		"drawOrder": [
			{ "time": 0 }
		],
		"events": [
			{ "time": 0.3, "name": "step" },
			{ "time": 0.6333, "name": "step" }
		]
	},
	"shoot": {
		"slots": {
			"hand_l": {
				"attachment": [
					{ "time": 0, "name": "hand_l" },
					{ "time": 0.2333, "name": "hand_l" }
				]
			},
			"hand_r": {
				"attachment": [
					{ "time": 0, "name": "hand_r" },
					{ "time": 0.2333, "name": "hand_r" }
				]
			}
		},
		"bones": {
			"torso": {
				"rotate": [
					{ "time": 0, "angle": -3.43, "curve": "stepped" },
					{ "time": 0.2333, "angle": -3.43 }
				],
				"translate": [
					{ "time": 0, "x": 0, "y": 0, "curve": "stepped" },
					{ "time": 0.2333, "x": 0, "y": 0 }
				],
				"scale": [
					{
						"time": 0,
						"x": 1,
						"y": 1.087,
						"curve": [ 0, 0.54, 0.5, 0.84 ]
					},
					{ "time": 0.2333, "x": 1, "y": 1 }
				]
			},
			"head": {
				"rotate": [
					{ "time": 0, "angle": 3.56, "curve": "stepped" },
					{ "time": 0.2333, "angle": 3.56 }
				],
				"translate": [
					{ "time": 0, "x": 0.19, "y": -3.55, "curve": "stepped" },
					{ "time": 0.2333, "x": 0.19, "y": -3.55 }
				],
				"scale": [
					{
						"time": 0,
						"x": 1,
						"y": 1,
						"curve": [ 0, 0.37, 0.368, 0.71 ]
					},
					{
						"time": 0.0666,
						"x": 1.037,
						"y": 1,
						"curve": [ 0.196, 0.49, 0.598, 0.81 ]
					},
					{ "time": 0.2333, "x": 1, "y": 1 }
				]
			},
			"arm_top_l": {
				"rotate": [
					{
						"time": 0,
						"angle": -40.96,
						"curve": [ 0, 0.54, 0.501, 0.84 ]
					},
					{ "time": 0.2333, "angle": -14.38 }
				],
				"translate": [
					{ "time": 0, "x": -0.67, "y": 0.17, "curve": "stepped" },
					{ "time": 0.2333, "x": -0.67, "y": 0.17 }
				],
				"scale": [
					{ "time": 0, "x": 1, "y": 1, "curve": "stepped" },
					{ "time": 0.2333, "x": 1, "y": 1 }
				]
			},
			"arm_btm_l": {
				"rotate": [
					{
						"time": 0,
						"angle": -4.59,
						"curve": [ 0, 0.54, 0.501, 0.84 ]
					},
					{ "time": 0.1333, "angle": 7.23, "curve": "stepped" },
					{ "time": 0.2333, "angle": 7.23 }
				],
				"translate": [
					{ "time": 0, "x": 0, "y": 0, "curve": "stepped" },
					{ "time": 0.2333, "x": 0, "y": 0 }
				],
				"scale": [
					{ "time": 0, "x": 1, "y": 1, "curve": "stepped" },
					{ "time": 0.2333, "x": 1, "y": 1 }
				]
			},
			"arm_top_r": {
				"rotate": [
					{
						"time": 0,
						"angle": -9.05,
						"curve": [ 0, 0.54, 0.501, 0.84 ]
					},
					{ "time": 0.2333, "angle": 11.25 }
				],
				"translate": [
					{ "time": 0, "x": 0, "y": 0, "curve": "stepped" },
					{ "time": 0.2333, "x": 0, "y": 0 }
				],
				"scale": [
					{ "time": 0, "x": 1, "y": 1, "curve": "stepped" },
					{ "time": 0.2333, "x": 1, "y": 1 }
				]
			},
			"arm_btm_r": {
				"rotate": [
					{
						"time": 0,
						"angle": 36.24,
						"curve": [ 0, 0.54, 0.501, 0.84 ]
					},
					{ "time": 0.2333, "angle": 15.99 }
				],
				"translate": [
					{ "time": 0, "x": 0, "y": 0, "curve": "stepped" },
					{ "time": 0.2333, "x": 0, "y": 0 }
				],
				"scale": [
					{
						"time": 0,
						"x": 0.823,
						"y": 1,
						"curve": [ 0, 0.54, 0.5, 0.84 ]
					},
					{ "time": 0.2333, "x": 1, "y": 1 }
				]
			},
			"leg_top_r": {
				"rotate": [
					{ "time": 0, "angle": 27.53, "curve": "stepped" },
					{ "time": 0.2333, "angle": 27.53 }
				],
				"translate": [
					{ "time": 0, "x": 0, "y": 0, "curve": "stepped" },
					{ "time": 0.2333, "x": 0, "y": 0 }
				],
				"scale": [
					{ "time": 0, "x": 1, "y": 1, "curve": "stepped" },
					{ "time": 0.2333, "x": 1, "y": 1 }
				]
			},
			"leg_top_l": {
				"rotate": [
					{ "time": 0, "angle": 4.15, "curve": "stepped" },
					{ "time": 0.2333, "angle": 4.15 }
				],
				"translate": [
					{ "time": 0, "x": 0, "y": 0, "curve": "stepped" },
					{ "time": 0.2333, "x": 0, "y": 0 }
				],
				"scale": [
					{ "time": 0, "x": 0.937, "y": 1, "curve": "stepped" },
					{ "time": 0.2333, "x": 0.937, "y": 1 }
				]
			},
			"leg_btm_l": {
				"rotate": [
					{ "time": 0, "angle": -17.44, "curve": "stepped" },
					{ "time": 0.2333, "angle": -17.44 }
				],
				"translate": [
					{ "time": 0, "x": 0, "y": 0, "curve": "stepped" },
					{ "time": 0.2333, "x": 0, "y": 0 }
				],
				"scale": [
					{ "time": 0, "x": 1, "y": 1, "curve": "stepped" },
					{ "time": 0.2333, "x": 1, "y": 1 }
				]
			},
			"leg_btm_r": {
				"rotate": [
					{ "time": 0, "angle": -25.86, "curve": "stepped" },
					{ "time": 0.2333, "angle": -25.86 }
				],
				"translate": [
					{ "time": 0, "x": 0, "y": 0, "curve": "stepped" },
					{ "time": 0.2333, "x": 0, "y": 0 }
				],
				"scale": [
					{ "time": 0, "x": 1, "y": 1, "curve": "stepped" },
					{ "time": 0.2333, "x": 1, "y": 1 }
				]
			},
			"hip": {
				"rotate": [
					{ "time": 0, "angle": -0.01, "curve": "stepped" },
					{ "time": 0.2333, "angle": -0.01 }
				],
				"translate": [
					{ "time": 0, "x": 0, "y": -5.31, "curve": "stepped" },
					{ "time": 0.2333, "x": 0, "y": -5.31 }
				],
				"scale": [
					{ "time": 0, "x": 1, "y": 1, "curve": "stepped" },
					{ "time": 0.2333, "x": 1, "y": 1 }
				]
			},
			"root": {
				"rotate": [
					{
						"time": 0,
						"angle": -0.01,
						"curve": [ 0, 0.54, 0.5, 0.84 ]
					},
					{ "time": 0.1666, "angle": 0 },
					{ "time": 0.2333, "angle": -0.01 }
				],
				"translate": [
					{ "time": 0, "x": 0, "y": 0, "curve": "stepped" },
					{ "time": 0.1666, "x": 0, "y": 0, "curve": "stepped" },
					{ "time": 0.2333, "x": 0, "y": 0 }
				],
				"scale": [
					{ "time": 0, "x": 1, "y": 1, "curve": "stepped" },
					{ "time": 0.1666, "x": 1, "y": 1, "curve": "stepped" },
					{ "time": 0.2333, "x": 1, "y": 1 }
				]
			},
			"foot_r": {
				"rotate": [
					{ "time": 0, "angle": -0.01, "curve": "stepped" },
					{ "time": 0.2333, "angle": -0.01 }
				],
				"translate": [
					{ "time": 0, "x": 0, "y": 0, "curve": "stepped" },
					{ "time": 0.2333, "x": 0, "y": 0 }
				],
				"scale": [
					{ "time": 0, "x": 1, "y": 1, "curve": "stepped" },
					{ "time": 0.2333, "x": 1, "y": 1 }
				]
			},
			"foot_l": {
				"rotate": [
					{ "time": 0, "angle": 15.13, "curve": "stepped" },
					{ "time": 0.2333, "angle": 15.13 }
				],
				"translate": [
					{ "time": 0, "x": 0, "y": 0, "curve": "stepped" },
					{ "time": 0.2333, "x": 0, "y": 0 }
				],
				"scale": [
					{ "time": 0, "x": 1, "y": 1, "curve": "stepped" },
					{ "time": 0.2333, "x": 1, "y": 1 }
				]
			},
			"hand_r": {
				"rotate": [
					{ "time": 0, "angle": 9.31, "curve": "stepped" },
					{ "time": 0.2333, "angle": 9.31 }
				],
				"translate": [
					{ "time": 0, "x": 0, "y": 0, "curve": "stepped" },
					{ "time": 0.2333, "x": 0, "y": 0 }
				],
				"scale": [
					{ "time": 0, "x": 1, "y": 1, "curve": "stepped" },
					{ "time": 0.2333, "x": 1, "y": 1 }
				]
			},
			"hand_l": {
				"rotate": [
					{
						"time": 0,
						"angle": -1.85,
						"curve": [ 0, 0.54, 0.5, 0.84 ]
					},
					{ "time": 0.1333, "angle": -6.06, "curve": "stepped" },
					{ "time": 0.2333, "angle": -6.06 }
				],
				"translate": [
					{ "time": 0, "x": 0, "y": 0, "curve": "stepped" },
					{ "time": 0.2333, "x": 0, "y": 0 }
				],
				"scale": [
					{ "time": 0, "x": 1, "y": 1, "curve": "stepped" },
					{ "time": 0.2333, "x": 1, "y": 1 }
				]
			},
			"pelvis": {
				"rotate": [
					{ "time": 0, "angle": -0.01 },
					{ "time": 0.1666, "angle": 0 },
					{ "time": 0.2333, "angle": -0.01 }
				],
				"translate": [
					{ "time": 0, "x": 0, "y": 0, "curve": "stepped" },
					{ "time": 0.1666, "x": 0, "y": 0, "curve": "stepped" },
					{ "time": 0.2333, "x": 0, "y": 0 }
				],
				"scale": [
					{ "time": 0, "x": 1, "y": 1, "curve": "stepped" },
					{ "time": 0.1666, "x": 1, "y": 1, "curve": "stepped" },
					{ "time": 0.2333, "x": 1, "y": 1 }
				]
			},
			"wing_r": {
				"rotate": [
					{ "time": 0, "angle": -0.01, "curve": "stepped" },
					{ "time": 0.2333, "angle": -0.01 }
				],
				"translate": [
					{ "time": 0, "x": 0, "y": 0, "curve": "stepped" },
					{ "time": 0.2333, "x": 0, "y": 0 }
				],
				"scale": [
					{ "time": 0, "x": 1, "y": 0.315, "curve": "stepped" },
					{ "time": 0.2333, "x": 1, "y": 0.315 }
				]
			},
			"wing_l": {
				"rotate": [
					{ "time": 0, "angle": -0.01, "curve": "stepped" },
					{ "time": 0.2333, "angle": -0.01 }
				],
				"translate": [
					{ "time": 0, "x": 0, "y": 0, "curve": "stepped" },
					{ "time": 0.2333, "x": 0, "y": 0 }
				],
				"scale": [
					{ "time": 0, "x": 1, "y": 1, "curve": "stepped" },
					{ "time": 0.2333, "x": 1, "y": 1 }
				]
			},
			"gun": {
				"rotate": [
					{
						"time": 0,
						"angle": 16.07,
						"curve": [ 0, 0.21, 0.437, 0.61 ]
					},
					{ "time": 0.1333, "angle": -0.01, "curve": "stepped" },
					{ "time": 0.2333, "angle": -0.01 }
				],
				"translate": [
					{ "time": 0, "x": 0, "y": 0, "curve": "stepped" },
					{ "time": 0.2333, "x": 0, "y": 0 }
				],
				"scale": [
					{ "time": 0, "x": 0.95, "y": 1 },
					{ "time": 0.0666, "x": 0.961, "y": 1.068 },
					{ "time": 0.1666, "x": 0.978, "y": 0.999 },
					{ "time": 0.2333, "x": 1, "y": 1 }
				]
			}
		},
		"drawOrder": [
			{ "time": 0 },
			{ "time": 0.2333 }
		],
		"events": [
			{ "time": 0.0666, "name": "shoot" }
		]
	},
	"walk": {
		"bones": {
			"hip": {
				"rotate": [
					{ "time": 0, "angle": 0, "curve": "stepped" },
					{ "time": 0.9333, "angle": 0 }
				],
				"translate": [
					{
						"time": 0,
						"x": 0,
						"y": -5.81,
						"curve": [ 0.25, 0, 0.75, 1 ]
					},
					{
						"time": 0.2333,
						"x": 0,
						"y": -3.7,
						"curve": [ 0.25, 0, 0.75, 1 ]
					},
					{
						"time": 0.4666,
						"x": 0,
						"y": -5.81,
						"curve": [ 0.25, 0, 0.75, 1 ]
					},
					{
						"time": 0.7,
						"x": 0,
						"y": -3.7,
						"curve": [ 0.25, 0, 0.75, 1 ]
					},
					{ "time": 0.9333, "x": 0, "y": -5.81 }
				],
				"scale": [
					{ "time": 0, "x": 1, "y": 1, "curve": "stepped" },
					{ "time": 0.9333, "x": 1, "y": 1 }
				]
			},
			"leg_top_l": {
				"rotate": [
					{
						"time": 0,
						"angle": -2.08,
						"curve": [ 0.25, 0, 0.75, 1 ]
					},
					{ "time": 0.4666, "angle": 9.17 },
					{ "time": 0.9333, "angle": -2.08 }
				],
				"translate": [
					{
						"time": 0,
						"x": -0.62,
						"y": 0,
						"curve": [ 0.25, 0, 0.75, 1 ]
					},
					{
						"time": 0.2333,
						"x": -0.6,
						"y": 5.8,
						"curve": [ 0.25, 0, 0.75, 1 ]
					},
					{ "time": 0.4666, "x": -0.62, "y": 0, "curve": "stepped" },
					{ "time": 0.9333, "x": -0.62, "y": 0 }
				],
				"scale": [
					{ "time": 0, "x": 1, "y": 1, "curve": "stepped" },
					{ "time": 0.9333, "x": 1, "y": 1 }
				]
			},
			"leg_btm_l": {
				"rotate": [
					{
						"time": 0,
						"angle": -35.97,
						"curve": [ 0.25, 0, 0.75, 1 ]
					},
					{ "time": 0.4666, "angle": -2.78 },
					{ "time": 0.9333, "angle": -35.97 }
				],
				"translate": [
					{ "time": 0, "x": 0, "y": 0, "curve": "stepped" },
					{ "time": 0.9333, "x": 0, "y": 0 }
				],
				"scale": [
					{ "time": 0, "x": 1, "y": 1, "curve": "stepped" },
					{ "time": 0.9333, "x": 1, "y": 1 }
				]
			},
			"foot_l": {
				"rotate": [
					{
						"time": 0,
						"angle": 19.49,
						"curve": [ 0.25, 0, 0.75, 1 ]
					},
					{
						"time": 0.2,
						"angle": -0.79,
						"curve": [ 0.309, 0.25, 0.654, 0.62 ]
					},
					{
						"time": 0.4666,
						"angle": 19.49,
						"curve": [ 0.334, 0.33, 0.668, 0.67 ]
					},
					{
						"time": 0.5666,
						"angle": 8.89,
						"curve": [ 0.775, 0, 0.743, 1 ]
					},
					{ "time": 0.9333, "angle": 19.49 }
				],
				"translate": [
					{ "time": 0, "x": 0, "y": 0, "curve": "stepped" },
					{ "time": 0.9333, "x": 0, "y": 0 }
				],
				"scale": [
					{ "time": 0, "x": 1, "y": 1, "curve": "stepped" },
					{ "time": 0.9333, "x": 1, "y": 1 }
				]
			},
			"leg_top_r": {
				"rotate": [
					{ "time": 0, "angle": 8.59 },
					{
						"time": 0.4666,
						"angle": -4.46,
						"curve": [ 0.25, 0, 0.75, 1 ]
					},
					{ "time": 0.9333, "angle": 8.59 }
				],
				"translate": [
					{ "time": 0, "x": 0, "y": 0, "curve": "stepped" },
					{
						"time": 0.4666,
						"x": 0,
						"y": 0,
						"curve": [ 0.25, 0, 0.75, 1 ]
					},
					{
						"time": 0.7,
						"x": 0.02,
						"y": 8.44,
						"curve": [ 0.25, 0, 0.75, 1 ]
					},
					{ "time": 0.9333, "x": 0, "y": 0 }
				],
				"scale": [
					{ "time": 0, "x": 1, "y": 1, "curve": "stepped" },
					{ "time": 0.9333, "x": 1, "y": 1 }
				]
			},
			"leg_btm_r": {
				"rotate": [
					{ "time": 0, "angle": -7.38 },
					{
						"time": 0.4666,
						"angle": -32.87,
						"curve": [ 0.25, 0, 0.75, 1 ]
					},
					{ "time": 0.9333, "angle": -7.38 }
				],
				"translate": [
					{ "time": 0, "x": 0, "y": 0, "curve": "stepped" },
					{ "time": 0.9333, "x": 0, "y": 0 }
				],
				"scale": [
					{ "time": 0, "x": 1, "y": 1, "curve": "stepped" },
					{ "time": 0.9333, "x": 1, "y": 1 }
				]
			},
			"foot_r": {
				"rotate": [
					{
						"time": 0,
						"angle": 27.16,
						"curve": [ 0.302, 0, 0.638, 0.36 ]
					},
					{
						"time": 0.1,
						"angle": 13.84,
						"curve": [ 0.548, 0, 0.778, 1 ]
					},
					{
						"time": 0.4666,
						"angle": 20.07,
						"curve": [ 0.337, 0.34, 0.674, 0.69 ]
					},
					{
						"time": 0.6333,
						"angle": -1.23,
						"curve": [ 0.382, 0.57, 0.735, 1 ]
					},
					{ "time": 0.9333, "angle": 27.16 }
				],
				"translate": [
					{ "time": 0, "x": 0, "y": 0, "curve": "stepped" },
					{ "time": 0.9333, "x": 0, "y": 0 }
				],
				"scale": [
					{ "time": 0, "x": 1, "y": 1, "curve": "stepped" },
					{ "time": 0.9333, "x": 1, "y": 1 }
				]
			},
			"arm_top_l": {
				"rotate": [
					{
						"time": 0,
						"angle": -26.27,
						"curve": [ 0.25, 0, 0.75, 1 ]
					},
					{
						"time": 0.4666,
						"angle": -35.28,
						"curve": [ 0.25, 0, 0.75, 1 ]
					},
					{ "time": 0.9333, "angle": -26.27 }
				],
				"translate": [
					{ "time": 0, "x": 0, "y": 0, "curve": "stepped" },
					{ "time": 0.4666, "x": 0, "y": 0, "curve": "stepped" },
					{ "time": 0.9333, "x": 0, "y": 0 }
				],
				"scale": [
					{ "time": 0, "x": 1, "y": 1, "curve": "stepped" },
					{ "time": 0.4666, "x": 1, "y": 1, "curve": "stepped" },
					{ "time": 0.9333, "x": 1, "y": 1 }
				]
			},
			"arm_btm_l": {
				"rotate": [
					{ "time": 0, "angle": -27.94, "curve": "stepped" },
					{ "time": 0.4666, "angle": -27.94, "curve": "stepped" },
					{ "time": 0.9333, "angle": -27.94 }
				],
				"translate": [
					{ "time": 0, "x": 0, "y": 0, "curve": "stepped" },
					{ "time": 0.4666, "x": 0, "y": 0, "curve": "stepped" },
					{ "time": 0.9333, "x": 0, "y": 0 }
				],
				"scale": [
					{ "time": 0, "x": 1, "y": 1, "curve": "stepped" },
					{ "time": 0.4666, "x": 1, "y": 1, "curve": "stepped" },
					{ "time": 0.9333, "x": 1, "y": 1 }
				]
			},
			"hand_l": {
				"rotate": [
					{ "time": 0, "angle": 16.13, "curve": "stepped" },
					{ "time": 0.4666, "angle": 16.13, "curve": "stepped" },
					{ "time": 0.9333, "angle": 16.13 }
				],
				"translate": [
					{ "time": 0, "x": 0, "y": 0, "curve": "stepped" },
					{ "time": 0.4666, "x": 0, "y": 0, "curve": "stepped" },
					{ "time": 0.9333, "x": 0, "y": 0 }
				],
				"scale": [
					{ "time": 0, "x": 1, "y": 1, "curve": "stepped" },
					{ "time": 0.4666, "x": 1, "y": 1, "curve": "stepped" },
					{ "time": 0.9333, "x": 1, "y": 1 }
				]
			},
			"arm_top_r": {
				"rotate": [
					{
						"time": 0,
						"angle": -10.54,
						"curve": [ 0.25, 0, 0.75, 1 ]
					},
					{
						"time": 0.4666,
						"angle": -13.12,
						"curve": [ 0.25, 0, 0.75, 1 ]
					},
					{ "time": 0.9333, "angle": -10.54 }
				],
				"translate": [
					{ "time": 0, "x": 0, "y": 0, "curve": "stepped" },
					{ "time": 0.4666, "x": 0, "y": 0, "curve": "stepped" },
					{ "time": 0.9333, "x": 0, "y": 0 }
				],
				"scale": [
					{ "time": 0, "x": 1.268, "y": 1, "curve": "stepped" },
					{ "time": 0.4666, "x": 1.268, "y": 1, "curve": "stepped" },
					{ "time": 0.9333, "x": 1.268, "y": 1 }
				]
			},
			"arm_btm_r": {
				"rotate": [
					{ "time": 0, "angle": -18.04, "curve": "stepped" },
					{ "time": 0.4666, "angle": -18.04, "curve": "stepped" },
					{ "time": 0.9333, "angle": -18.04 }
				],
				"translate": [
					{ "time": 0, "x": 0, "y": 0, "curve": "stepped" },
					{ "time": 0.4666, "x": 0, "y": 0, "curve": "stepped" },
					{ "time": 0.9333, "x": 0, "y": 0 }
				],
				"scale": [
					{
						"time": 0,
						"x": 1.146,
						"y": 1,
						"curve": [ 0.25, 0, 0.75, 1 ]
					},
					{
						"time": 0.4666,
						"x": 1,
						"y": 1,
						"curve": [ 0.25, 0, 0.75, 1 ]
					},
					{ "time": 0.9333, "x": 1.146, "y": 1 }
				]
			},
			"hand_r": {
				"rotate": [
					{ "time": 0, "angle": 3.2, "curve": "stepped" },
					{ "time": 0.4666, "angle": 3.2, "curve": "stepped" },
					{ "time": 0.9333, "angle": 3.2 }
				],
				"translate": [
					{ "time": 0, "x": -0.9, "y": -0.64, "curve": "stepped" },
					{ "time": 0.4666, "x": -0.9, "y": -0.64, "curve": "stepped" },
					{ "time": 0.9333, "x": -0.9, "y": -0.64 }
				],
				"scale": [
					{ "time": 0, "x": 1, "y": 1, "curve": "stepped" },
					{ "time": 0.4666, "x": 1, "y": 1, "curve": "stepped" },
					{ "time": 0.9333, "x": 1, "y": 1 }
				]
			},
			"root": {
				"rotate": [
					{ "time": 0, "angle": 0, "curve": "stepped" },
					{ "time": 0.9333, "angle": 0 }
				],
				"translate": [
					{ "time": 0, "x": 0, "y": 0, "curve": "stepped" },
					{ "time": 0.9333, "x": 0, "y": 0 }
				],
				"scale": [
					{ "time": 0, "x": 1, "y": 1, "curve": "stepped" },
					{ "time": 0.9333, "x": 1, "y": 1 }
				]
			},
			"torso": {
				"rotate": [
					{ "time": 0, "angle": 0, "curve": "stepped" },
					{ "time": 0.9333, "angle": 0 }
				],
				"translate": [
					{ "time": 0, "x": 0, "y": 0, "curve": "stepped" },
					{ "time": 0.9333, "x": 0, "y": 0 }
				],
				"scale": [
					{ "time": 0, "x": 1, "y": 1 },
					{ "time": 0.2333, "x": 0.95, "y": 1 },
					{ "time": 0.4666, "x": 1, "y": 1 },
					{ "time": 0.7, "x": 0.95, "y": 1 },
					{ "time": 0.9333, "x": 1, "y": 1 }
				]
			},
			"pelvis": {
				"rotate": [
					{ "time": 0, "angle": 0, "curve": "stepped" },
					{ "time": 0.9333, "angle": 0 }
				],
				"translate": [
					{ "time": 0, "x": 0, "y": 0, "curve": "stepped" },
					{ "time": 0.9333, "x": 0, "y": 0 }
				],
				"scale": [
					{ "time": 0, "x": 1, "y": 1, "curve": "stepped" },
					{ "time": 0.9333, "x": 1, "y": 1 }
				]
			},
			"wing_r": {
				"rotate": [
					{
						"time": 0,
						"angle": 0,
						"curve": [ 0.25, 0, 0.75, 1 ]
					},
					{
						"time": 0.4666,
						"angle": 7.33,
						"curve": [ 0.25, 0, 0.75, 1 ]
					},
					{ "time": 0.9333, "angle": 0 }
				],
				"translate": [
					{
						"time": 0,
						"x": -3.74,
						"y": 0.03,
						"curve": [ 0.25, 0, 0.75, 1 ]
					},
					{
						"time": 0.4666,
						"x": 1.31,
						"y": -0.01,
						"curve": [ 0.25, 0, 0.75, 1 ]
					},
					{ "time": 0.9333, "x": -3.74, "y": 0.03 }
				],
				"scale": [
					{ "time": 0, "x": 1, "y": 1, "curve": "stepped" },
					{ "time": 0.9333, "x": 1, "y": 1 }
				]
			},
			"wing_l": {
				"rotate": [
					{
						"time": 0,
						"angle": 0,
						"curve": [ 0.25, 0, 0.75, 1 ]
					},
					{
						"time": 0.4666,
						"angle": -5.75,
						"curve": [ 0.25, 0, 0.75, 1 ]
					},
					{ "time": 0.9333, "angle": 0 }
				],
				"translate": [
					{
						"time": 0,
						"x": -3.74,
						"y": 0.03,
						"curve": [ 0.25, 0, 0.75, 1 ]
					},
					{
						"time": 0.4666,
						"x": 1.31,
						"y": -0.01,
						"curve": [ 0.25, 0, 0.75, 1 ]
					},
					{ "time": 0.9333, "x": -3.74, "y": 0.03 }
				],
				"scale": [
					{ "time": 0, "x": 1, "y": 1, "curve": "stepped" },
					{ "time": 0.9333, "x": 1, "y": 1 }
				]
			},
			"head": {
				"rotate": [
					{ "time": 0, "angle": 0.01, "curve": "stepped" },
					{ "time": 0.9333, "angle": 0.01 }
				],
				"translate": [
					{
						"time": 0,
						"x": -2.5,
						"y": -1.56,
						"curve": [ 0.25, 0, 0.75, 1 ]
					},
					{
						"time": 0.4666,
						"x": -2.5,
						"y": -0.5,
						"curve": [ 0.25, 0, 0.75, 1 ]
					},
					{ "time": 0.9333, "x": -2.5, "y": -1.56 }
				],
				"scale": [
					{ "time": 0, "x": 1, "y": 1, "curve": "stepped" },
					{ "time": 0.9333, "x": 1, "y": 1 }
				]
			},
			"gun": {
				"rotate": [
					{ "time": 0, "angle": 0, "curve": "stepped" },
					{ "time": 0.4666, "angle": 0, "curve": "stepped" },
					{ "time": 0.9333, "angle": 0 }
				],
				"translate": [
					{ "time": 0, "x": 0, "y": 0, "curve": "stepped" },
					{ "time": 0.4666, "x": 0, "y": 0, "curve": "stepped" },
					{ "time": 0.9333, "x": 0, "y": 0 }
				],
				"scale": [
					{ "time": 0, "x": 1, "y": 1, "curve": "stepped" },
					{ "time": 0.4666, "x": 1, "y": 1, "curve": "stepped" },
					{ "time": 0.9333, "x": 1, "y": 1 }
				]
			}
		},
		"drawOrder": [
			{
				"time": 0,
				"offsets": [
					{ "slot": "hand_r", "offset": 6 }
				]
			},
			{
				"time": 0.9333,
				"offsets": [
					{ "slot": "hand_r", "offset": 6 }
				]
			}
		],
		"events": [
			{ "time": 0, "name": "step" },
			{ "time": 0.4666, "name": "step" }
		]
	}
}
}