{"frames": {

    "burger-jump01.png":
    {
        "frame": {"x":48,"y":378,"w":74,"h":100},
        "rotated": false,
        "trimmed": true,
        "spriteSourceSize": {"x":26,"y":28,"w":74,"h":100},
        "sourceSize": {"w":128,"h":128}
    },
    "burger-jump02.png":
    {
        "frame": {"x":154,"y":0,"w":68,"h":80},
        "rotated": false,
        "trimmed": true,
        "spriteSourceSize": {"x":30,"y":48,"w":68,"h":80},
        "sourceSize": {"w":128,"h":128}
    },
    "burger-jump03.png":
    {
        "frame": {"x":382,"y":0,"w":76,"h":86},
        "rotated": false,
        "trimmed": true,
        "spriteSourceSize": {"x":30,"y":42,"w":76,"h":86},
        "sourceSize": {"w":128,"h":128}
    },
    "burger-jump04.png":
    {
        "frame": {"x":332,"y":180,"w":84,"h":94},
        "rotated": false,
        "trimmed": true,
        "spriteSourceSize": {"x":32,"y":34,"w":84,"h":94},
        "sourceSize": {"w":128,"h":128}
    },
    "burger-jump05.png":
    {
        "frame": {"x":200,"y":180,"w":84,"h":94},
        "rotated": false,
        "trimmed": true,
        "spriteSourceSize": {"x":38,"y":28,"w":84,"h":94},
        "sourceSize": {"w":128,"h":128}
    },
    "burger-jump06.png":
    {
        "frame": {"x":224,"y":0,"w":80,"h":84},
        "rotated": false,
        "trimmed": true,
        "spriteSourceSize": {"x":28,"y":22,"w":80,"h":84},
        "sourceSize": {"w":128,"h":128}
    },
    "burger-run01.png":
    {
        "frame": {"x":292,"y":482,"w":82,"h":102},
        "rotated": false,
        "trimmed": true,
        "spriteSourceSize": {"x":18,"y":26,"w":82,"h":102},
        "sourceSize": {"w":128,"h":128}
    },
    "burger-run02.png":
    {
        "frame": {"x":332,"y":278,"w":70,"h":96},
        "rotated": false,
        "trimmed": true,
        "spriteSourceSize": {"x":30,"y":32,"w":70,"h":96},
        "sourceSize": {"w":128,"h":128}
    },
    "burger-run03.png":
    {
        "frame": {"x":194,"y":378,"w":68,"h":100},
        "rotated": false,
        "trimmed": true,
        "spriteSourceSize": {"x":30,"y":28,"w":68,"h":100},
        "sourceSize": {"w":128,"h":128}
    },
    "burger-run04.png":
    {
        "frame": {"x":346,"y":378,"w":68,"h":102},
        "rotated": false,
        "trimmed": true,
        "spriteSourceSize": {"x":30,"y":26,"w":68,"h":102},
        "sourceSize": {"w":128,"h":128}
    },
    "burger-run05.png":
    {
        "frame": {"x":0,"y":482,"w":68,"h":102},
        "rotated": false,
        "trimmed": true,
        "spriteSourceSize": {"x":32,"y":26,"w":68,"h":102},
        "sourceSize": {"w":128,"h":128}
    },
    "burger-run06.png":
    {
        "frame": {"x":302,"y":586,"w":68,"h":108},
        "rotated": false,
        "trimmed": true,
        "spriteSourceSize": {"x":32,"y":20,"w":68,"h":108},
        "sourceSize": {"w":128,"h":128}
    },
    "burger-run07.png":
    {
        "frame": {"x":256,"y":88,"w":82,"h":88},
        "rotated": false,
        "trimmed": true,
        "spriteSourceSize": {"x":26,"y":22,"w":82,"h":88},
        "sourceSize": {"w":128,"h":128}
    },
    "burger-run08.png":
    {
        "frame": {"x":70,"y":482,"w":82,"h":102},
        "rotated": false,
        "trimmed": true,
        "spriteSourceSize": {"x":18,"y":26,"w":82,"h":102},
        "sourceSize": {"w":128,"h":128}
    },
    "burger-run09.png":
    {
        "frame": {"x":168,"y":278,"w":70,"h":96},
        "rotated": false,
        "trimmed": true,
        "spriteSourceSize": {"x":30,"y":32,"w":70,"h":96},
        "sourceSize": {"w":128,"h":128}
    },
    "burger-run10.png":
    {
        "frame": {"x":124,"y":378,"w":68,"h":100},
        "rotated": false,
        "trimmed": true,
        "spriteSourceSize": {"x":30,"y":28,"w":68,"h":100},
        "sourceSize": {"w":128,"h":128}
    },
    "burger-run11.png":
    {
        "frame": {"x":154,"y":482,"w":68,"h":102},
        "rotated": false,
        "trimmed": true,
        "spriteSourceSize": {"x":30,"y":26,"w":68,"h":102},
        "sourceSize": {"w":128,"h":128}
    },
    "burger-run12.png":
    {
        "frame": {"x":376,"y":482,"w":68,"h":102},
        "rotated": false,
        "trimmed": true,
        "spriteSourceSize": {"x":32,"y":26,"w":68,"h":102},
        "sourceSize": {"w":128,"h":128}
    },
    "burger-run13.png":
    {
        "frame": {"x":232,"y":586,"w":68,"h":108},
        "rotated": false,
        "trimmed": true,
        "spriteSourceSize": {"x":32,"y":20,"w":68,"h":108},
        "sourceSize": {"w":128,"h":128}
    },
    "burger-run14.png":
    {
        "frame": {"x":172,"y":88,"w":82,"h":88},
        "rotated": false,
        "trimmed": true,
        "spriteSourceSize": {"x":26,"y":22,"w":82,"h":88},
        "sourceSize": {"w":128,"h":128}
    },
    "pizza-jump01.png":
    {
        "frame": {"x":344,"y":702,"w":68,"h":118},
        "rotated": false,
        "trimmed": true,
        "spriteSourceSize": {"x":34,"y":10,"w":68,"h":118},
        "sourceSize": {"w":128,"h":128}
    },
    "pizza-jump02.png":
    {
        "frame": {"x":458,"y":278,"w":48,"h":98},
        "rotated": false,
        "trimmed": true,
        "spriteSourceSize": {"x":40,"y":30,"w":48,"h":98},
        "sourceSize": {"w":128,"h":128}
    },
    "pizza-jump03.png":
    {
        "frame": {"x":0,"y":586,"w":64,"h":104},
        "rotated": false,
        "trimmed": true,
        "spriteSourceSize": {"x":42,"y":24,"w":64,"h":104},
        "sourceSize": {"w":128,"h":128}
    },
    "pizza-jump04.png":
    {
        "frame": {"x":118,"y":702,"w":96,"h":116},
        "rotated": false,
        "trimmed": true,
        "spriteSourceSize": {"x":32,"y":12,"w":96,"h":116},
        "sourceSize": {"w":128,"h":128}
    },
    "pizza-jump05.png":
    {
        "frame": {"x":216,"y":702,"w":76,"h":116},
        "rotated": false,
        "trimmed": true,
        "spriteSourceSize": {"x":42,"y":6,"w":76,"h":116},
        "sourceSize": {"w":128,"h":128}
    },
    "pizza-jump06.png":
    {
        "frame": {"x":264,"y":378,"w":80,"h":102},
        "rotated": false,
        "trimmed": true,
        "spriteSourceSize": {"x":28,"y":4,"w":80,"h":102},
        "sourceSize": {"w":128,"h":128}
    },
    "pizza-run01.png":
    {
        "frame": {"x":84,"y":824,"w":80,"h":120},
        "rotated": false,
        "trimmed": true,
        "spriteSourceSize": {"x":26,"y":8,"w":80,"h":120},
        "sourceSize": {"w":128,"h":128}
    },
    "pizza-run02.png":
    {
        "frame": {"x":0,"y":702,"w":70,"h":114},
        "rotated": false,
        "trimmed": true,
        "spriteSourceSize": {"x":36,"y":14,"w":70,"h":114},
        "sourceSize": {"w":128,"h":128}
    },
    "pizza-run03.png":
    {
        "frame": {"x":294,"y":702,"w":48,"h":118},
        "rotated": false,
        "trimmed": true,
        "spriteSourceSize": {"x":46,"y":10,"w":48,"h":118},
        "sourceSize": {"w":128,"h":128}
    },
    "pizza-run04.png":
    {
        "frame": {"x":0,"y":824,"w":40,"h":120},
        "rotated": false,
        "trimmed": true,
        "spriteSourceSize": {"x":52,"y":8,"w":40,"h":120},
        "sourceSize": {"w":128,"h":128}
    },
    "pizza-run05.png":
    {
        "frame": {"x":216,"y":824,"w":46,"h":122},
        "rotated": false,
        "trimmed": true,
        "spriteSourceSize": {"x":44,"y":6,"w":46,"h":122},
        "sourceSize": {"w":128,"h":128}
    },
    "pizza-run06.png":
    {
        "frame": {"x":264,"y":824,"w":66,"h":124},
        "rotated": false,
        "trimmed": true,
        "spriteSourceSize": {"x":34,"y":4,"w":66,"h":124},
        "sourceSize": {"w":128,"h":128}
    },
    "pizza-run07.png":
    {
        "frame": {"x":148,"y":586,"w":82,"h":106},
        "rotated": false,
        "trimmed": true,
        "spriteSourceSize": {"x":26,"y":4,"w":82,"h":106},
        "sourceSize": {"w":128,"h":128}
    },
    "pizza-run08.png":
    {
        "frame": {"x":414,"y":702,"w":80,"h":120},
        "rotated": false,
        "trimmed": true,
        "spriteSourceSize": {"x":26,"y":8,"w":80,"h":120},
        "sourceSize": {"w":128,"h":128}
    },
    "pizza-run09.png":
    {
        "frame": {"x":372,"y":586,"w":70,"h":114},
        "rotated": false,
        "trimmed": true,
        "spriteSourceSize": {"x":36,"y":14,"w":70,"h":114},
        "sourceSize": {"w":128,"h":128}
    },
    "pizza-run10.png":
    {
        "frame": {"x":72,"y":702,"w":44,"h":116},
        "rotated": false,
        "trimmed": true,
        "spriteSourceSize": {"x":46,"y":12,"w":44,"h":116},
        "sourceSize": {"w":128,"h":128}
    },
    "pizza-run11.png":
    {
        "frame": {"x":42,"y":824,"w":40,"h":120},
        "rotated": false,
        "trimmed": true,
        "spriteSourceSize": {"x":52,"y":8,"w":40,"h":120},
        "sourceSize": {"w":128,"h":128}
    },
    "pizza-run12.png":
    {
        "frame": {"x":166,"y":824,"w":48,"h":122},
        "rotated": false,
        "trimmed": true,
        "spriteSourceSize": {"x":44,"y":6,"w":48,"h":122},
        "sourceSize": {"w":128,"h":128}
    },
    "pizza-run13.png":
    {
        "frame": {"x":332,"y":824,"w":66,"h":126},
        "rotated": false,
        "trimmed": true,
        "spriteSourceSize": {"x":34,"y":2,"w":66,"h":126},
        "sourceSize": {"w":128,"h":128}
    },
    "pizza-run14.png":
    {
        "frame": {"x":66,"y":586,"w":80,"h":106},
        "rotated": false,
        "trimmed": true,
        "spriteSourceSize": {"x":26,"y":4,"w":80,"h":106},
        "sourceSize": {"w":128,"h":128}
    },
    "sushi-jump01.png":
    {
        "frame": {"x":0,"y":180,"w":68,"h":92},
        "rotated": false,
        "trimmed": true,
        "spriteSourceSize": {"x":32,"y":34,"w":68,"h":92},
        "sourceSize": {"w":128,"h":128}
    },
    "sushi-jump02.png":
    {
        "frame": {"x":88,"y":0,"w":64,"h":80},
        "rotated": false,
        "trimmed": true,
        "spriteSourceSize": {"x":38,"y":48,"w":64,"h":80},
        "sourceSize": {"w":128,"h":128}
    },
    "sushi-jump03.png":
    {
        "frame": {"x":306,"y":0,"w":74,"h":86},
        "rotated": false,
        "trimmed": true,
        "spriteSourceSize": {"x":40,"y":42,"w":74,"h":86},
        "sourceSize": {"w":128,"h":128}
    },
    "sushi-jump04.png":
    {
        "frame": {"x":418,"y":180,"w":88,"h":96},
        "rotated": false,
        "trimmed": true,
        "spriteSourceSize": {"x":32,"y":32,"w":88,"h":96},
        "sourceSize": {"w":128,"h":128}
    },
    "sushi-jump05.png":
    {
        "frame": {"x":70,"y":180,"w":76,"h":94},
        "rotated": false,
        "trimmed": true,
        "spriteSourceSize": {"x":42,"y":28,"w":76,"h":94},
        "sourceSize": {"w":128,"h":128}
    },
    "sushi-jump06.png":
    {
        "frame": {"x":0,"y":0,"w":86,"h":78},
        "rotated": false,
        "trimmed": true,
        "spriteSourceSize": {"x":28,"y":28,"w":86,"h":78},
        "sourceSize": {"w":128,"h":128}
    },
    "sushi-run01.png":
    {
        "frame": {"x":86,"y":278,"w":80,"h":96},
        "rotated": false,
        "trimmed": true,
        "spriteSourceSize": {"x":22,"y":32,"w":80,"h":96},
        "sourceSize": {"w":128,"h":128}
    },
    "sushi-run02.png":
    {
        "frame": {"x":410,"y":88,"w":68,"h":90},
        "rotated": false,
        "trimmed": true,
        "spriteSourceSize": {"x":34,"y":38,"w":68,"h":90},
        "sourceSize": {"w":128,"h":128}
    },
    "sushi-run03.png":
    {
        "frame": {"x":148,"y":180,"w":50,"h":94},
        "rotated": false,
        "trimmed": true,
        "spriteSourceSize": {"x":42,"y":34,"w":50,"h":94},
        "sourceSize": {"w":128,"h":128}
    },
    "sushi-run04.png":
    {
        "frame": {"x":286,"y":278,"w":44,"h":96},
        "rotated": false,
        "trimmed": true,
        "spriteSourceSize": {"x":46,"y":32,"w":44,"h":96},
        "sourceSize": {"w":128,"h":128}
    },
    "sushi-run05.png":
    {
        "frame": {"x":0,"y":378,"w":46,"h":98},
        "rotated": false,
        "trimmed": true,
        "spriteSourceSize": {"x":46,"y":30,"w":46,"h":98},
        "sourceSize": {"w":128,"h":128}
    },
    "sushi-run06.png":
    {
        "frame": {"x":416,"y":378,"w":66,"h":102},
        "rotated": false,
        "trimmed": true,
        "spriteSourceSize": {"x":36,"y":26,"w":66,"h":102},
        "sourceSize": {"w":128,"h":128}
    },
    "sushi-run07.png":
    {
        "frame": {"x":0,"y":88,"w":84,"h":88},
        "rotated": false,
        "trimmed": true,
        "spriteSourceSize": {"x":24,"y":28,"w":84,"h":88},
        "sourceSize": {"w":128,"h":128}
    },
    "sushi-run08.png":
    {
        "frame": {"x":0,"y":278,"w":84,"h":96},
        "rotated": false,
        "trimmed": true,
        "spriteSourceSize": {"x":22,"y":32,"w":84,"h":96},
        "sourceSize": {"w":128,"h":128}
    },
    "sushi-run09.png":
    {
        "frame": {"x":340,"y":88,"w":68,"h":90},
        "rotated": false,
        "trimmed": true,
        "spriteSourceSize": {"x":36,"y":38,"w":68,"h":90},
        "sourceSize": {"w":128,"h":128}
    },
    "sushi-run10.png":
    {
        "frame": {"x":286,"y":180,"w":44,"h":94},
        "rotated": false,
        "trimmed": true,
        "spriteSourceSize": {"x":46,"y":34,"w":44,"h":94},
        "sourceSize": {"w":128,"h":128}
    },
    "sushi-run11.png":
    {
        "frame": {"x":240,"y":278,"w":44,"h":96},
        "rotated": false,
        "trimmed": true,
        "spriteSourceSize": {"x":46,"y":32,"w":44,"h":96},
        "sourceSize": {"w":128,"h":128}
    },
    "sushi-run12.png":
    {
        "frame": {"x":404,"y":278,"w":52,"h":98},
        "rotated": false,
        "trimmed": true,
        "spriteSourceSize": {"x":44,"y":30,"w":52,"h":98},
        "sourceSize": {"w":128,"h":128}
    },
    "sushi-run13.png":
    {
        "frame": {"x":224,"y":482,"w":66,"h":102},
        "rotated": false,
        "trimmed": true,
        "spriteSourceSize": {"x":36,"y":26,"w":66,"h":102},
        "sourceSize": {"w":128,"h":128}
    },
    "sushi-run14.png":
    {
        "frame": {"x":86,"y":88,"w":84,"h":88},
        "rotated": false,
        "trimmed": true,
        "spriteSourceSize": {"x":24,"y":28,"w":84,"h":88},
        "sourceSize": {"w":128,"h":128}
    }},
    "meta": {
        "app": "http://www.codeandweb.com/texturepacker ",
        "version": "1.0",
        "image": "characters.png",
        "format": "RGBA8888",
        "size": {"w":508,"h":950},
        "scale": "1",
        "smartupdate": "$TexturePacker:SmartUpdate:b53064a1b89d7607a577cd077f6e416a:3969bd6491f85c5403eb3e61884a7c56:477c5eb3114a88cac3a5c306c599f9f1$"
    }
}