{"frames": {

    "baggy_01.png":
    {
        "frame": {"x":1122,"y":0,"w":72,"h":75},
        "rotated": false,
        "trimmed": false,
        "spriteSourceSize": {"x":0,"y":0,"w":72,"h":75},
        "sourceSize": {"w":72,"h":75}
    },
    "baggy_02.png":
    {
        "frame": {"x":1418,"y":0,"w":72,"h":75},
        "rotated": false,
        "trimmed": false,
        "spriteSourceSize": {"x":0,"y":0,"w":72,"h":75},
        "sourceSize": {"w":72,"h":75}
    },
    "baggy_03.png":
    {
        "frame": {"x":1344,"y":0,"w":72,"h":75},
        "rotated": false,
        "trimmed": false,
        "spriteSourceSize": {"x":0,"y":0,"w":72,"h":75},
        "sourceSize": {"w":72,"h":75}
    },
    "baggy_04.png":
    {
        "frame": {"x":1418,"y":0,"w":72,"h":75},
        "rotated": false,
        "trimmed": false,
        "spriteSourceSize": {"x":0,"y":0,"w":72,"h":75},
        "sourceSize": {"w":72,"h":75}
    },
    "baggy_05.png":
    {
        "frame": {"x":1122,"y":0,"w":72,"h":75},
        "rotated": false,
        "trimmed": false,
        "spriteSourceSize": {"x":0,"y":0,"w":72,"h":75},
        "sourceSize": {"w":72,"h":75}
    },
    "baggy_06.png":
    {
        "frame": {"x":1270,"y":0,"w":72,"h":75},
        "rotated": false,
        "trimmed": false,
        "spriteSourceSize": {"x":0,"y":0,"w":72,"h":75},
        "sourceSize": {"w":72,"h":75}
    },
    "baggy_07.png":
    {
        "frame": {"x":1196,"y":0,"w":72,"h":75},
        "rotated": false,
        "trimmed": false,
        "spriteSourceSize": {"x":0,"y":0,"w":72,"h":75},
        "sourceSize": {"w":72,"h":75}
    },
    "baggy_08.png":
    {
        "frame": {"x":1492,"y":0,"w":72,"h":75},
        "rotated": false,
        "trimmed": false,
        "spriteSourceSize": {"x":0,"y":0,"w":72,"h":75},
        "sourceSize": {"w":72,"h":75}
    },
    "barrel_01.png":
    {
        "frame": {"x":1530,"y":86,"w":56,"h":96},
        "rotated": false,
        "trimmed": false,
        "spriteSourceSize": {"x":0,"y":0,"w":56,"h":96},
        "sourceSize": {"w":56,"h":96}
    },
    "barrel_02.png":
    {
        "frame": {"x":1588,"y":86,"w":56,"h":96},
        "rotated": false,
        "trimmed": false,
        "spriteSourceSize": {"x":0,"y":0,"w":56,"h":96},
        "sourceSize": {"w":56,"h":96}
    },
    "barrel_03.png":
    {
        "frame": {"x":1472,"y":86,"w":56,"h":96},
        "rotated": false,
        "trimmed": false,
        "spriteSourceSize": {"x":0,"y":0,"w":56,"h":96},
        "sourceSize": {"w":56,"h":96}
    },
    "birdy_01.png":
    {
        "frame": {"x":112,"y":0,"w":34,"h":34},
        "rotated": false,
        "trimmed": false,
        "spriteSourceSize": {"x":0,"y":0,"w":34,"h":34},
        "sourceSize": {"w":34,"h":34}
    },
    "birdy_02.png":
    {
        "frame": {"x":148,"y":0,"w":34,"h":34},
        "rotated": false,
        "trimmed": false,
        "spriteSourceSize": {"x":0,"y":0,"w":34,"h":34},
        "sourceSize": {"w":34,"h":34}
    },
    "birdy_03.png":
    {
        "frame": {"x":4,"y":0,"w":34,"h":34},
        "rotated": false,
        "trimmed": false,
        "spriteSourceSize": {"x":0,"y":0,"w":34,"h":34},
        "sourceSize": {"w":34,"h":34}
    },
    "birdy_04.png":
    {
        "frame": {"x":40,"y":0,"w":34,"h":34},
        "rotated": false,
        "trimmed": false,
        "spriteSourceSize": {"x":0,"y":0,"w":34,"h":34},
        "sourceSize": {"w":34,"h":34}
    },
    "birdy_05.png":
    {
        "frame": {"x":76,"y":0,"w":34,"h":34},
        "rotated": false,
        "trimmed": false,
        "spriteSourceSize": {"x":0,"y":0,"w":34,"h":34},
        "sourceSize": {"w":34,"h":34}
    },
    "cloud-large.png":
    {
        "frame": {"x":804,"y":86,"w":410,"h":92},
        "rotated": false,
        "trimmed": false,
        "spriteSourceSize": {"x":0,"y":0,"w":410,"h":92},
        "sourceSize": {"w":410,"h":92}
    },
    "cloud-small.png":
    {
        "frame": {"x":1216,"y":86,"w":254,"h":94},
        "rotated": false,
        "trimmed": false,
        "spriteSourceSize": {"x":0,"y":0,"w":254,"h":94},
        "sourceSize": {"w":254,"h":94}
    },
    "coin01.png":
    {
        "frame": {"x":322,"y":0,"w":44,"h":44},
        "rotated": false,
        "trimmed": false,
        "spriteSourceSize": {"x":0,"y":0,"w":44,"h":44},
        "sourceSize": {"w":44,"h":44}
    },
    "coin02.png":
    {
        "frame": {"x":368,"y":0,"w":44,"h":44},
        "rotated": false,
        "trimmed": false,
        "spriteSourceSize": {"x":0,"y":0,"w":44,"h":44},
        "sourceSize": {"w":44,"h":44}
    },
    "coin03.png":
    {
        "frame": {"x":414,"y":0,"w":44,"h":44},
        "rotated": false,
        "trimmed": false,
        "spriteSourceSize": {"x":0,"y":0,"w":44,"h":44},
        "sourceSize": {"w":44,"h":44}
    },
    "coin04.png":
    {
        "frame": {"x":230,"y":0,"w":44,"h":44},
        "rotated": false,
        "trimmed": false,
        "spriteSourceSize": {"x":0,"y":0,"w":44,"h":44},
        "sourceSize": {"w":44,"h":44}
    },
    "coin05.png":
    {
        "frame": {"x":184,"y":0,"w":44,"h":44},
        "rotated": false,
        "trimmed": false,
        "spriteSourceSize": {"x":0,"y":0,"w":44,"h":44},
        "sourceSize": {"w":44,"h":44}
    },
    "coin06.png":
    {
        "frame": {"x":276,"y":0,"w":44,"h":44},
        "rotated": false,
        "trimmed": false,
        "spriteSourceSize": {"x":0,"y":0,"w":44,"h":44},
        "sourceSize": {"w":44,"h":44}
    },
    "coin07.png":
    {
        "frame": {"x":460,"y":0,"w":44,"h":44},
        "rotated": false,
        "trimmed": false,
        "spriteSourceSize": {"x":0,"y":0,"w":44,"h":44},
        "sourceSize": {"w":44,"h":44}
    },
    "explode.png":
    {
        "frame": {"x":1566,"y":0,"w":84,"h":80},
        "rotated": false,
        "trimmed": false,
        "spriteSourceSize": {"x":0,"y":0,"w":84,"h":80},
        "sourceSize": {"w":84,"h":80}
    },
    "finishman01.png":
    {
        "frame": {"x":196,"y":946,"w":194,"h":256},
        "rotated": false,
        "trimmed": false,
        "spriteSourceSize": {"x":0,"y":0,"w":194,"h":256},
        "sourceSize": {"w":194,"h":256}
    },
    "finishman02.png":
    {
        "frame": {"x":0,"y":946,"w":194,"h":256},
        "rotated": false,
        "trimmed": false,
        "spriteSourceSize": {"x":0,"y":0,"w":194,"h":256},
        "sourceSize": {"w":194,"h":256}
    },
    "finishman03.png":
    {
        "frame": {"x":392,"y":946,"w":194,"h":256},
        "rotated": false,
        "trimmed": false,
        "spriteSourceSize": {"x":0,"y":0,"w":194,"h":256},
        "sourceSize": {"w":194,"h":256}
    },
    "finishman04.png":
    {
        "frame": {"x":1548,"y":688,"w":194,"h":256},
        "rotated": false,
        "trimmed": false,
        "spriteSourceSize": {"x":0,"y":0,"w":194,"h":256},
        "sourceSize": {"w":194,"h":256}
    },
    "flag_Girl.png":
    {
        "frame": {"x":640,"y":184,"w":66,"h":114},
        "rotated": false,
        "trimmed": false,
        "spriteSourceSize": {"x":0,"y":0,"w":66,"h":114},
        "sourceSize": {"w":66,"h":114}
    },
    "flag_Man1.png":
    {
        "frame": {"x":572,"y":184,"w":66,"h":114},
        "rotated": false,
        "trimmed": false,
        "spriteSourceSize": {"x":0,"y":0,"w":66,"h":114},
        "sourceSize": {"w":66,"h":114}
    },
    "flag_Man2.png":
    {
        "frame": {"x":708,"y":184,"w":66,"h":114},
        "rotated": false,
        "trimmed": false,
        "spriteSourceSize": {"x":0,"y":0,"w":66,"h":114},
        "sourceSize": {"w":66,"h":114}
    },
    "hi5_jump_Girl.png":
    {
        "frame": {"x":1358,"y":184,"w":200,"h":244},
        "rotated": false,
        "trimmed": false,
        "spriteSourceSize": {"x":0,"y":0,"w":200,"h":244},
        "sourceSize": {"w":200,"h":244}
    },
    "hi5_jump_Man1.png":
    {
        "frame": {"x":0,"y":430,"w":200,"h":244},
        "rotated": false,
        "trimmed": false,
        "spriteSourceSize": {"x":0,"y":0,"w":200,"h":244},
        "sourceSize": {"w":200,"h":244}
    },
    "hi5_jump_Man2.png":
    {
        "frame": {"x":1560,"y":184,"w":200,"h":244},
        "rotated": false,
        "trimmed": false,
        "spriteSourceSize": {"x":0,"y":0,"w":200,"h":244},
        "sourceSize": {"w":200,"h":244}
    },
    "hi5_jump_burger.png":
    {
        "frame": {"x":970,"y":184,"w":192,"h":216},
        "rotated": false,
        "trimmed": false,
        "spriteSourceSize": {"x":0,"y":0,"w":192,"h":216},
        "sourceSize": {"w":192,"h":216}
    },
    "hi5_jump_pizza.png":
    {
        "frame": {"x":776,"y":184,"w":192,"h":216},
        "rotated": false,
        "trimmed": false,
        "spriteSourceSize": {"x":0,"y":0,"w":192,"h":216},
        "sourceSize": {"w":192,"h":216}
    },
    "hi5_jump_sushi.png":
    {
        "frame": {"x":1164,"y":184,"w":192,"h":216},
        "rotated": false,
        "trimmed": false,
        "spriteSourceSize": {"x":0,"y":0,"w":192,"h":216},
        "sourceSize": {"w":192,"h":216}
    },
    "holo-rays01.png":
    {
        "frame": {"x":606,"y":0,"w":98,"h":58},
        "rotated": false,
        "trimmed": false,
        "spriteSourceSize": {"x":0,"y":0,"w":98,"h":58},
        "sourceSize": {"w":98,"h":58}
    },
    "holo-rays02.png":
    {
        "frame": {"x":506,"y":0,"w":98,"h":58},
        "rotated": false,
        "trimmed": false,
        "spriteSourceSize": {"x":0,"y":0,"w":98,"h":58},
        "sourceSize": {"w":98,"h":58}
    },
    "holo-rays03.png":
    {
        "frame": {"x":806,"y":0,"w":98,"h":58},
        "rotated": false,
        "trimmed": false,
        "spriteSourceSize": {"x":0,"y":0,"w":98,"h":58},
        "sourceSize": {"w":98,"h":58}
    },
    "holo-rays04.png":
    {
        "frame": {"x":706,"y":0,"w":98,"h":58},
        "rotated": false,
        "trimmed": false,
        "spriteSourceSize": {"x":0,"y":0,"w":98,"h":58},
        "sourceSize": {"w":98,"h":58}
    },
    "jetpack01.png":
    {
        "frame": {"x":268,"y":86,"w":62,"h":90},
        "rotated": false,
        "trimmed": false,
        "spriteSourceSize": {"x":0,"y":0,"w":62,"h":90},
        "sourceSize": {"w":62,"h":90}
    },
    "jetpack02.png":
    {
        "frame": {"x":404,"y":86,"w":62,"h":90},
        "rotated": false,
        "trimmed": false,
        "spriteSourceSize": {"x":0,"y":0,"w":62,"h":90},
        "sourceSize": {"w":62,"h":90}
    },
    "jetpack03.png":
    {
        "frame": {"x":740,"y":86,"w":62,"h":90},
        "rotated": false,
        "trimmed": false,
        "spriteSourceSize": {"x":0,"y":0,"w":62,"h":90},
        "sourceSize": {"w":62,"h":90}
    },
    "jetpack04.png":
    {
        "frame": {"x":604,"y":86,"w":62,"h":90},
        "rotated": false,
        "trimmed": false,
        "spriteSourceSize": {"x":0,"y":0,"w":62,"h":90},
        "sourceSize": {"w":62,"h":90}
    },
    "jetpack05.png":
    {
        "frame": {"x":468,"y":86,"w":62,"h":90},
        "rotated": false,
        "trimmed": false,
        "spriteSourceSize": {"x":0,"y":0,"w":62,"h":90},
        "sourceSize": {"w":62,"h":90}
    },
    "lensflare_add.png":
    {
        "frame": {"x":1172,"y":946,"w":491,"h":491},
        "rotated": false,
        "trimmed": false,
        "spriteSourceSize": {"x":0,"y":0,"w":491,"h":491},
        "sourceSize": {"w":491,"h":491}
    },
    "moon.png":
    {
        "frame": {"x":588,"y":946,"w":266,"h":266},
        "rotated": false,
        "trimmed": false,
        "spriteSourceSize": {"x":0,"y":0,"w":266,"h":266},
        "sourceSize": {"w":266,"h":266}
    },
    "pixel-particle.png":
    {
        "frame": {"x":0,"y":0,"w":2,"h":2},
        "rotated": false,
        "trimmed": false,
        "spriteSourceSize": {"x":0,"y":0,"w":2,"h":2},
        "sourceSize": {"w":2,"h":2}
    },
    "powerup-jetpack01.png":
    {
        "frame": {"x":1050,"y":0,"w":70,"h":74},
        "rotated": false,
        "trimmed": false,
        "spriteSourceSize": {"x":0,"y":0,"w":70,"h":74},
        "sourceSize": {"w":70,"h":74}
    },
    "powerup-jetpack02.png":
    {
        "frame": {"x":978,"y":0,"w":70,"h":74},
        "rotated": false,
        "trimmed": false,
        "spriteSourceSize": {"x":0,"y":0,"w":70,"h":74},
        "sourceSize": {"w":70,"h":74}
    },
    "powerup-jetpack03.png":
    {
        "frame": {"x":906,"y":0,"w":70,"h":74},
        "rotated": false,
        "trimmed": false,
        "spriteSourceSize": {"x":0,"y":0,"w":70,"h":74},
        "sourceSize": {"w":70,"h":74}
    },
    "powerup-jetpack04.png":
    {
        "frame": {"x":978,"y":0,"w":70,"h":74},
        "rotated": false,
        "trimmed": false,
        "spriteSourceSize": {"x":0,"y":0,"w":70,"h":74},
        "sourceSize": {"w":70,"h":74}
    },
    "powerup-magnet01.png":
    {
        "frame": {"x":668,"y":86,"w":70,"h":90},
        "rotated": false,
        "trimmed": false,
        "spriteSourceSize": {"x":0,"y":0,"w":70,"h":90},
        "sourceSize": {"w":70,"h":90}
    },
    "powerup-magnet02.png":
    {
        "frame": {"x":332,"y":86,"w":70,"h":90},
        "rotated": false,
        "trimmed": false,
        "spriteSourceSize": {"x":0,"y":0,"w":70,"h":90},
        "sourceSize": {"w":70,"h":90}
    },
    "powerup-magnet03.png":
    {
        "frame": {"x":196,"y":86,"w":70,"h":90},
        "rotated": false,
        "trimmed": false,
        "spriteSourceSize": {"x":0,"y":0,"w":70,"h":90},
        "sourceSize": {"w":70,"h":90}
    },
    "powerup-magnet04.png":
    {
        "frame": {"x":532,"y":86,"w":70,"h":90},
        "rotated": false,
        "trimmed": false,
        "spriteSourceSize": {"x":0,"y":0,"w":70,"h":90},
        "sourceSize": {"w":70,"h":90}
    },
    "powerup-slowmo01.png":
    {
        "frame": {"x":1652,"y":0,"w":96,"h":84},
        "rotated": false,
        "trimmed": false,
        "spriteSourceSize": {"x":0,"y":0,"w":96,"h":84},
        "sourceSize": {"w":96,"h":84}
    },
    "powerup-slowmo02.png":
    {
        "frame": {"x":0,"y":86,"w":96,"h":84},
        "rotated": false,
        "trimmed": false,
        "spriteSourceSize": {"x":0,"y":0,"w":96,"h":84},
        "sourceSize": {"w":96,"h":84}
    },
    "powerup-slowmo03.png":
    {
        "frame": {"x":98,"y":86,"w":96,"h":84},
        "rotated": false,
        "trimmed": false,
        "spriteSourceSize": {"x":0,"y":0,"w":96,"h":84},
        "sourceSize": {"w":96,"h":84}
    },
    "powerup-slowmo04.png":
    {
        "frame": {"x":0,"y":86,"w":96,"h":84},
        "rotated": false,
        "trimmed": false,
        "spriteSourceSize": {"x":0,"y":0,"w":96,"h":84},
        "sourceSize": {"w":96,"h":84}
    },
    "shield01.png":
    {
        "frame": {"x":774,"y":688,"w":256,"h":256},
        "rotated": false,
        "trimmed": false,
        "spriteSourceSize": {"x":0,"y":0,"w":256,"h":256},
        "sourceSize": {"w":256,"h":256}
    },
    "shield02.png":
    {
        "frame": {"x":1032,"y":688,"w":256,"h":256},
        "rotated": false,
        "trimmed": false,
        "spriteSourceSize": {"x":0,"y":0,"w":256,"h":256},
        "sourceSize": {"w":256,"h":256}
    },
    "shield03.png":
    {
        "frame": {"x":1290,"y":688,"w":256,"h":256},
        "rotated": false,
        "trimmed": false,
        "spriteSourceSize": {"x":0,"y":0,"w":256,"h":256},
        "sourceSize": {"w":256,"h":256}
    },
    "shield04.png":
    {
        "frame": {"x":258,"y":688,"w":256,"h":256},
        "rotated": false,
        "trimmed": false,
        "spriteSourceSize": {"x":0,"y":0,"w":256,"h":256},
        "sourceSize": {"w":256,"h":256}
    },
    "shield05.png":
    {
        "frame": {"x":1478,"y":430,"w":256,"h":256},
        "rotated": false,
        "trimmed": false,
        "spriteSourceSize": {"x":0,"y":0,"w":256,"h":256},
        "sourceSize": {"w":256,"h":256}
    },
    "shield06.png":
    {
        "frame": {"x":1220,"y":430,"w":256,"h":256},
        "rotated": false,
        "trimmed": false,
        "spriteSourceSize": {"x":0,"y":0,"w":256,"h":256},
        "sourceSize": {"w":256,"h":256}
    },
    "shield07.png":
    {
        "frame": {"x":516,"y":688,"w":256,"h":256},
        "rotated": false,
        "trimmed": false,
        "spriteSourceSize": {"x":0,"y":0,"w":256,"h":256},
        "sourceSize": {"w":256,"h":256}
    },
    "shield08.png":
    {
        "frame": {"x":0,"y":688,"w":256,"h":256},
        "rotated": false,
        "trimmed": false,
        "spriteSourceSize": {"x":0,"y":0,"w":256,"h":256},
        "sourceSize": {"w":256,"h":256}
    },
    "sirenLight_blue.png":
    {
        "frame": {"x":286,"y":184,"w":284,"h":108},
        "rotated": false,
        "trimmed": false,
        "spriteSourceSize": {"x":0,"y":0,"w":284,"h":108},
        "sourceSize": {"w":284,"h":108}
    },
    "sirenLight_red.png":
    {
        "frame": {"x":0,"y":184,"w":284,"h":108},
        "rotated": false,
        "trimmed": false,
        "spriteSourceSize": {"x":0,"y":0,"w":284,"h":108},
        "sourceSize": {"w":284,"h":108}
    },
    "stars.png":
    {
        "frame": {"x":202,"y":430,"w":1016,"h":254},
        "rotated": false,
        "trimmed": false,
        "spriteSourceSize": {"x":0,"y":0,"w":1016,"h":254},
        "sourceSize": {"w":1016,"h":254}
    },
    "sun.png":
    {
        "frame": {"x":856,"y":946,"w":314,"h":310},
        "rotated": false,
        "trimmed": false,
        "spriteSourceSize": {"x":0,"y":0,"w":314,"h":310},
        "sourceSize": {"w":314,"h":310}
    }},
    "meta": {
        "app": "http://www.codeandweb.com/texturepacker ",
        "version": "1.0",
        "image": "sprites.png",
        "format": "RGBA8888",
        "size": {"w":1762,"h":1477},
        "scale": "1",
        "smartupdate": "$TexturePacker:SmartUpdate:a048749c38042eb1acffee879f1271d1:1/1$"
    }
}