<?xml version="1.0" encoding="utf-8"?>
<data>

    <item id="id1-loading"><![CDATA[loading...]]></item>
    <item id="id2-play"><![CDATA[play]]></item>
    <item id="id3-instructions"><![CDATA[instructions]]></item>
    <item id="id4-instructions_copy1"><![CDATA[Jump]]></item>
    <item id="id5-instructions_copy1_mobile"><![CDATA[Jump]]></item>
    <item id="id6-instructions_copy2"><![CDATA[ - Up Key]]></item>
    <item id="id7-instructions_copy2_mobile"><![CDATA[ - Swipe Up]]></item>
    <item id="id8-instructions_copy3"><![CDATA[Slide/roll]]></item>
    <item id="id9-instructions_copy3_mobile"><![CDATA[Slide/roll]]></item>
    <item id="id10-instructions_copy4"><![CDATA[ - Down Key]]></item>
    <item id="id11-instructions_copy4_mobile"><![CDATA[ - Swipe Down]]></item>
    <item id="id12-your_score"><![CDATA[your score:]]></item>
    <item id="id13-play_again"><![CDATA[play again]]></item>
    <item id="id14-rotate_device"><![CDATA[rotate device to play]]></item>
    <item id="id15-best_score"><![CDATA[best score:]]></item>
</data>