{
    "strings": {
      "STR_COMPLETE_MISSION_1": "Complete Mission 1",
      "STR_COMPLETE_MISSION_1_PERFECT": "Complete Mission 1 with a 3 Star rating",
      "STR_COMPLETE_MISSION_2": "Complete Mission 2",
      "STR_COMPLETE_MISSION_2_PERFECT": "Complete Mission 2 with a 3 Star rating",
      "STR_COMPLETE_MISSION_WITHOUT_POWERUP": "Complete a Mission without using a Power-Up",
      "STR_DESTROY_5_ENEMIES_ROW": "Destroy 5 Enemies without being hit",
      "STR_DESTROY_10_ENEMIES_ROW": "Destroy 10 Enemies without being hit",
      "STR_DESTROY_25_ENEMIES_ROW": "Destroy 25 Enemies without being hit",
      "STR_DESTROY_50_ENEMIES_ROW": "Destroy 50 Enemies without being hit",
      "STR_DESTROY_10_ENEMIES_LASER": "Destroy 10 Enemies with the Laser",
      "STR_DESTROY_20_ENEMIES_LASER": "Destroy 20 Enemies with the Laser",
      "STR_DESTROY_50_ENEMIES_LASER": "Destroy 50 Enemies with the Laser",
      "STR_DESTROY_100_ENEMIES_LASER": "Destroy 100 Enemies with the Laser",
      "STR_DESTROY_10_ENEMIES_WINGMEN": "Destroy 10 Enemies with the Blue Squadron Power-Up",
      "STR_DESTROY_20_ENEMIES_WINGMEN": "Destroy 20 Enemies with the Blue Squadron Power-Up",
      "STR_DESTROY_50_ENEMIES_WINGMEN": "Destroy 50 Enemies with the Blue Squadron Power-Up",
      "STR_DESTROY_100_ENEMIES_WINGMEN": "Destroy 100 Enemies with the Blue Squadron Power-Up",
      "STR_DESTROY_10_ENEMIES_ROCKET": "Destroy 10 Enemies with the Rocket Power-Up",
      "STR_DESTROY_20_ENEMIES_ROCKET": "Destroy 20 Enemies with the Rocket Power-up",
      "STR_DESTROY_50_ENEMIES_ROCKET": "Destroy 50 Enemies with the Rocket Power-Up",
      "STR_DESTROY_100_ENEMIES_ROCKET": "Destroy 100 Enemies with the Rocket Power-Up",
      "STR_DESTROY_10_ENEMIES_BLASTER": "Destroy 10 Enemies with the Blaster cannon Power-Up",
      "STR_DESTROY_20_ENEMIES_BLASTER": "Destroy 20 Enemies with the Blaster cannon Power-Up",
      "STR_DESTROY_50_ENEMIES_BLASTER": "Destroy 50 Enemies with the Blaster cannon Power-Up",
      "STR_DESTROY_100_ENEMIES_BLASTER": "Destroy 100 Enemies with the Blaster cannon Power-Up",
      "STR_DESTROY_100_TIES": "Destroy 100 TIE fighters in total",
      "STR_DESTROY_500_TIES": "Destroy 500 TIE fighters in total",
      "STR_DESTROY_1000_TIES": "Destroy 1000 TIE fighters in total",
      "STR_DESTROY_2_TRANSPORTS": "Destroy 2 Transporters in total",
      "STR_DESTROY_10_TRANSPORTS": "Destroy 10 Transporters in total",
      "STR_DESTROY_50_TRANSPORTS": "Destroy 50 Transporters in total",
      "STR_ACHIEVE_5_COMBOS": "Achieve a x5 Combo",
      "STR_ACHIEVE_10_COMBOS": "Achieve a x10 Combo",
      "STR_ACHIEVE_15_COMBOS": "Achieve a x15 Combo",
      "STR_ACHIEVE_50000_SIMULATION_MODE": "Achieve a score of 50000 in Simulation Mode",
      "STR_ACHIEVE_25000_SIMULATION_MODE": "Achieve a score of 25000 in Simulation Mode",
      "STR_ACHIEVE_15000_SIMULATION_MODE": "Achieve a score of 15000 in Simulation Mode",
      "STR_ACHIEVE_5000_SIMULATION_MODE": "Achieve a score of 5000 in Simulation Mode",
      "STR_ENDLESS_CHANGE_LOCATION_10": "Change location 10 times in Simulation mode",
      "STR_ENDLESS_CHANGE_LOCATION_50": "Change location 50 times in Simulation mode"
    }
}
