{
"images": ["book.png"],
"frames": [

    [2, 2, 1002, 753], 
    [2, 757, 97, 83], 
    [2, 842, 97, 83], 
    [101, 757, 97, 83], 
    [101, 842, 97, 83], 
    [200, 757, 97, 83], 
    [497, 757, 76, 83], 
    [497, 842, 76, 83], 
    [575, 757, 76, 83], 
    [575, 842, 76, 83], 
    [653, 757, 76, 83], 
    [200, 842, 97, 83], 
    [299, 757, 97, 83], 
    [299, 842, 97, 83], 
    [398, 757, 97, 83], 
    [398, 842, 97, 83]
],
"animations": {
    
        "book":[0], 
        "left_main_menu":[1], 
        "left_map":[2], 
        "left_museum":[3], 
        "left_passport":[4], 
        "left_quiz":[5], 
        "right_main_menu":[6], 
        "right_map":[7], 
        "right_museum":[8], 
        "right_passport":[9], 
        "right_quiz":[10], 
        "untitled folder/right_main_menu copy":[11], 
        "untitled folder/right_map copy":[12], 
        "untitled folder/right_museum copy":[13], 
        "untitled folder/right_passport copy":[14], 
        "untitled folder/right_quiz copy":[15]
},
"texturepacker": [
        "SmartUpdateHash: $TexturePacker:SmartUpdate:7c560aa0f46f308b26c9f2e54dcb04d0:dac6c0fd3d1b6788fde19b46725569bc:14eaf2be968d9b253a3d0912f743dc0d$",
        "Created with TexturePacker (http://www.texturepacker.com) for EaselJS"
]
}
