{

"images": [
    "front_page.png"
],

"frames": [
    [2, 2, 432, 737, 0, 0, 0],
    [436, 2, 432, 734, 0, 0, 0],
    [870, 2, 312, 344, 0, 0, 0],
    [870, 348, 198, 198, 0, 0, 0],
    [1184, 2, 198, 198, 0, 0, 0],
    [1384, 2, 198, 198, 0, 0, 0],
    [1584, 2, 198, 198, 0, 0, 0],
    [870, 548, 198, 198, 0, 0, 0],
    [1184, 202, 198, 198, 0, 0, 0],
    [1384, 202, 198, 198, 0, 0, 0],
    [1584, 202, 198, 198, 0, 0, 0],
    [1070, 402, 196, 198, 0, 0, 0],
    [1070, 602, 196, 198, 0, 0, 0],
    [1268, 402, 196, 198, 0, 0, 0],
    [1268, 602, 196, 198, 0, 0, 0],
    [1466, 402, 196, 198, 0, 0, 0],
    [1466, 602, 196, 198, 0, 0, 0],
    [1664, 402, 196, 198, 0, 0, 0],
    [1664, 602, 196, 198, 0, 0, 0]
],

"animations": {
    "passport": [0],
    "quiz": [1],
    "quiz_apple": [2],
    "ben": [3],
    "carlos": [4],
    "doug": [5],
    "evie": [6],
    "jane": [7],
    "jay": [8],
    "lonnie": [9],
    "mal": [10],
    "ben-head": [11],
    "carlos-head": [12],
    "doug-head": [13],
    "evie-head": [14],
    "jane-head": [15],
    "jay-head": [16],
    "lonnie-head": [17],
    "mal-head": [18]
},

"texturepacker": [
        "SmartUpdateHash: $TexturePacker:SmartUpdate:4667ddb40cf47dbd103ce9370747f7b3:1f72e5fe5dd45a9ded15af9d12df581f:c5ef555cf321e61c902483f3ef27dca7$",
        "Created with TexturePacker (https://www.codeandweb.com/texturepacker) for EaselJS"
]

}
