{

"images": [
    "general_ui.png"
],

"frames": [
    [2, 2, 395, 479, 0, 0, 0],
    [399, 2, 570, 278, 0, 0, 0],
    [399, 282, 340, 168, 0, 0, 0],
    [399, 452, 308, 22, 0, 0, 0],
    [741, 282, 380, 111, 0, 0, 0],
    [741, 395, 288, 71, 0, 0, 0],
    [1031, 395, 311, 33, 0, 0, 0],
    [1031, 430, 311, 33, 0, 0, 0],
    [971, 2, 328, 111, 0, 0, 0],
    [1301, 2, 104, 104, 0, 0, 0],
    [1301, 108, 104, 104, 0, 0, 0],
    [971, 115, 328, 111, 0, 0, 0],
    [971, 228, 167, 50, 0, 0, 0],
    [1123, 280, 167, 50, 0, 0, 0],
    [1140, 228, 167, 50, 0, 0, 0],
    [1123, 332, 167, 50, 0, 0, 0]
],

"animations": {
    "stolen_pedestal": [0],
    "in-game-loader": [1],
    "museum_title": [2],
    "in-game-bar": [3],
    "button_giant": [4],
    "small-button": [5],
    "frill_bottom": [6],
    "frill_top": [7],
    "button_fat": [8],
    "btn-tick": [9],
    "btn-x": [10],
    "find_on_map": [11],
    "anim-button": [12],
    "button_tiny": [13],
    "page_back": [14],
    "page_forward": [15]
},

"texturepacker": [
        "SmartUpdateHash: $TexturePacker:SmartUpdate:d075337d187c504256b7dd46fc4b06c3:08ab6484b8a35bd212a808a2acbb8432:61251909e819a9d31dd002decf1aca2e$",
        "Created with TexturePacker (https://www.codeandweb.com/texturepacker) for EaselJS"
]

}
