{

"images": [
    "image_overlay.png"
],

"frames": [
    [2, 2, 156, 323, 0, 0, 0],
    [2, 327, 151, 151, 0, 0, 0],
    [2, 480, 151, 151, 0, 0, 0],
    [2, 633, 151, 151, 0, 0, 0],
    [2, 786, 110, 110, 0, 0, 0],
    [114, 786, 39, 38, 0, -1, -2],
    [114, 826, 39, 6, 0, -1, -18]
],

"animations": {
    "slider": [0],
    "cancel": [1],
    "confirm": [2],
    "rotate": [3],
    "slider-knob": [4],
    "plus": [5],
    "minus": [6]
},

"texturepacker": [
        "SmartUpdateHash: $TexturePacker:SmartUpdate:e2fa7989ae3e7ac9f98892b19eb43128:7d5740dbb653a14c1faf2fd8d3a0331e:db5f59d20df8a5b4b55b4a1069d8a9ff$",
        "Created with TexturePacker (https://www.codeandweb.com/texturepacker) for EaselJS"
]

}
