{

"images": [
    "main_menu.png"
],

"frames": [
    [2, 2, 312, 452, 0, 0, 0],
    [316, 2, 328, 71, 0, 0, 0],
    [316, 75, 237, 50, 0, 0, 0],
    [555, 75, 43, 60, 0, 0, 0],
    [600, 75, 41, 58, 0, 0, 0],
    [600, 135, 41, 58, 0, 0, 0],
    [316, 127, 40, 58, 0, 0, 0],
    [358, 127, 40, 58, 0, 0, 0],
    [400, 127, 40, 58, 0, 0, 0],
    [442, 127, 40, 58, 0, 0, 0],
    [484, 127, 40, 58, 0, 0, 0],
    [526, 137, 40, 58, 0, 0, 0],
    [568, 195, 40, 58, 0, 0, 0],
    [316, 255, 40, 58, 0, 0, 0]
],

"animations": {
    "map": [0],
    "main_menu_button": [1],
    "title_border": [2],
    "item_stolen": [3],
    "item_1": [4],
    "item_2": [7],
    "item_3": [8],
    "item_4": [9],
    "item_5": [10],
    "item_6": [5],
    "item_7": [11],
    "item_8": [12],
    "item_9": [13],
    "item_10": [6]
},

"texturepacker": [
        "SmartUpdateHash: $TexturePacker:SmartUpdate:c26c167f53685fbd87f09e8396de8aab:65bfff42a68b70f50a55f2ea07fc0fd5:35cfdf0afc9e53dde8492e385c4afe4e$",
        "Created with TexturePacker (https://www.codeandweb.com/texturepacker) for EaselJS"
]

}
