{

"images": [
    "passport_images.png"
],

"frames": [
    [2, 2, 432, 742, 0, 0, 0],
    [436, 2, 432, 741, 0, 0, 0],
    [870, 2, 434, 712, 0, 0, 0],
    [1306, 2, 375, 116, 0, 0, 0],
    [1683, 2, 165, 121, 0, 0, 0],
    [1306, 120, 272, 279, 0, 0, 0],
    [1580, 125, 272, 279, 0, 0, 0],
    [1306, 406, 215, 293, 0, 0, 0],
    [1523, 406, 187, 113, 0, 0, 0],
    [1712, 406, 127, 127, 0, 0, 0],
    [1523, 521, 159, 112, 0, 0, 0]
],

"animations": {
    "auradon-bg": [0],
    "isleofthelost-bg": [1],
    "bridge": [2],
    "text_box": [3],
    "eden": [4],
    "auradon-frame-masked": [5],
    "auradon-frame": [6],
    "isleofthelost-frame": [7],
    "dorm": [8],
    "castle": [9],
    "market": [10]
},

"texturepacker": [
        "SmartUpdateHash: $TexturePacker:SmartUpdate:b2c272e50639a4ff0e516200937453fa:dd326977743dccb07d7702c600478270:444f83a1d2335029d6dfad9b3a55bc59$",
        "Created with TexturePacker (https://www.codeandweb.com/texturepacker) for EaselJS"
]

}
