{
"images": ["quiz_ui.png"],
"frames": [

    [2, 1210, 53, 53], 
    [251, 1068, 59, 48], 
    [74, 1261, 59, 48], 
    [2, 716, 387, 50], 
    [2, 2, 434, 712], 
    [57, 1118, 136, 141], 
    [316, 788, 108, 140], 
    [316, 930, 102, 137], 
    [195, 1118, 94, 138], 
    [312, 1069, 122, 139], 
    [2, 768, 312, 298], 
    [2, 1068, 247, 12], 
    [391, 716, 34, 34], 
    [391, 752, 34, 34], 
    [2, 1265, 34, 34], 
    [38, 1265, 34, 34], 
    [2, 1082, 34, 34], 
    [38, 1082, 34, 34], 
    [74, 1082, 34, 34], 
    [110, 1082, 34, 34], 
    [146, 1082, 34, 34], 
    [182, 1082, 34, 34], 
    [135, 1261, 34, 34], 
    [171, 1261, 34, 34], 
    [207, 1258, 34, 34], 
    [243, 1258, 34, 34], 
    [279, 1258, 34, 34], 
    [291, 1210, 34, 34], 
    [2, 1118, 34, 34], 
    [2, 1154, 34, 34], 
    [315, 1246, 34, 34], 
    [327, 1210, 34, 34]
],
"animations": {
    
        "answer_ring":[0], 
        "check_blue":[1], 
        "check_red":[2], 
        "counter-border":[3], 
        "fairy-godmother":[4], 
        "grade-a":[5], 
        "grade-b":[6], 
        "grade-c":[7], 
        "grade-d":[8], 
        "grade-f":[9], 
        "letter_bg":[10], 
        "line_through":[11], 
        "selected-1":[12], 
        "selected-10":[13], 
        "selected-2":[14], 
        "selected-3":[15], 
        "selected-4":[16], 
        "selected-5":[17], 
        "selected-6":[18], 
        "selected-7":[19], 
        "selected-8":[20], 
        "selected-9":[21], 
        "unselected-1":[22], 
        "unselected-10":[23], 
        "unselected-2":[24], 
        "unselected-3":[25], 
        "unselected-4":[26], 
        "unselected-5":[27], 
        "unselected-6":[28], 
        "unselected-7":[29], 
        "unselected-8":[30], 
        "unselected-9":[31]
},
"texturepacker": [
        "SmartUpdateHash: $TexturePacker:SmartUpdate:2950bea9163c39c9e143cf6f5e445973:f48f56589b55abee0f71e29ef6d89dff:a887aed37a15aa4b753d26bd327551b0$",
        "Created with TexturePacker (http://www.texturepacker.com) for EaselJS"
]
}
