{
"images": ["quiz_images0.png"],
"frames": [

    [2, 2, 434, 712], 
    [2, 716, 434, 712], 
    [438, 2, 434, 712], 
    [438, 716, 434, 712], 
    [874, 2, 434, 712], 
    [874, 716, 434, 712], 
    [1310, 2, 434, 712], 
    [1310, 716, 434, 712]
],
"animations": {
    
        "character-1-audrey":[0], 
        "character-2-carlos":[1], 
        "character-3-evie":[2], 
        "character-4-jane":[3], 
        "character-5-jay":[4], 
        "character-6-lonnie":[5], 
        "character-7-mal":[6], 
        "character-8-prince":[7]
},
"texturepacker": [
        "SmartUpdateHash: $TexturePacker:SmartUpdate:42e862a8ca6ddca749dc6ce46ec192be:8f0e92dacacda8c0acec1af5d863888a:ccc2994c0409b399107db49a2c0d1664$",
        "Created with TexturePacker (http://www.texturepacker.com) for EaselJS"
]
}
