{
  "font": {
    "info": {
      "face": "Open Sans Condensed",
      "size": "60",
      "bold": "1",
      "italic": "0",
      "chasrset": "",
      "unicode": "0",
      "stretchH": "100",
      "smooth": "1",
      "aa": "1",
      "padding": "0,0,0,0",
      "spacing": "2,2"
    },
    "common": {
      "lineHeight": "82",
      "base": "64",
      "scaleW": "256",
      "scaleH": "128",
      "pages": "1",
      "packed": "0"
    },
    "pages": {
      "page": {
        "id": "0",
        "file": "open_sans_condensed_60.png"
      }
    },
    "chars": {
      "count": "13",
      "char": [
        {
          "id": "32",
          "x": "55",
          "y": "51",
          "width": "0",
          "height": "0",
          "xoffset": "0",
          "yoffset": "64",
          "xadvance": "15",
          "page": "0",
          "chnl": "0",
          "letter": "space"
        },
        {
          "id": "44",
          "x": "25",
          "y": "51",
          "width": "14",
          "height": "17",
          "xoffset": "1",
          "yoffset": "55",
          "xadvance": "16",
          "page": "0",
          "chnl": "0",
          "letter": ","
        },
        {
          "id": "46",
          "x": "41",
          "y": "51",
          "width": "12",
          "height": "12",
          "xoffset": "3",
          "yoffset": "53",
          "xadvance": "16",
          "page": "0",
          "chnl": "0",
          "letter": "."
        },
        {
          "id": "48",
          "x": "2",
          "y": "2",
          "width": "26",
          "height": "47",
          "xoffset": "2",
          "yoffset": "18",
          "xadvance": "28",
          "page": "0",
          "chnl": "0",
          "letter": "0"
        },
        {
          "id": "49",
          "x": "2",
          "y": "51",
          "width": "21",
          "height": "45",
          "xoffset": "3",
          "yoffset": "19",
          "xadvance": "28",
          "page": "0",
          "chnl": "0",
          "letter": "1"
        },
        {
          "id": "50",
          "x": "58",
          "y": "2",
          "width": "26",
          "height": "46",
          "xoffset": "2",
          "yoffset": "18",
          "xadvance": "28",
          "page": "0",
          "chnl": "0",
          "letter": "2"
        },
        {
          "id": "51",
          "x": "30",
          "y": "2",
          "width": "26",
          "height": "47",
          "xoffset": "2",
          "yoffset": "18",
          "xadvance": "28",
          "page": "0",
          "chnl": "0",
          "letter": "3"
        },
        {
          "id": "52",
          "x": "197",
          "y": "2",
          "width": "28",
          "height": "45",
          "xoffset": "1",
          "yoffset": "19",
          "xadvance": "28",
          "page": "0",
          "chnl": "0",
          "letter": "4"
        },
        {
          "id": "53",
          "x": "170",
          "y": "2",
          "width": "25",
          "height": "46",
          "xoffset": "3",
          "yoffset": "19",
          "xadvance": "28",
          "page": "0",
          "chnl": "0",
          "letter": "5"
        },
        {
          "id": "54",
          "x": "86",
          "y": "2",
          "width": "26",
          "height": "46",
          "xoffset": "2",
          "yoffset": "19",
          "xadvance": "28",
          "page": "0",
          "chnl": "0",
          "letter": "6"
        },
        {
          "id": "55",
          "x": "227",
          "y": "2",
          "width": "25",
          "height": "45",
          "xoffset": "2",
          "yoffset": "19",
          "xadvance": "28",
          "page": "0",
          "chnl": "0",
          "letter": "7"
        },
        {
          "id": "56",
          "x": "114",
          "y": "2",
          "width": "26",
          "height": "46",
          "xoffset": "2",
          "yoffset": "19",
          "xadvance": "28",
          "page": "0",
          "chnl": "0",
          "letter": "8"
        },
        {
          "id": "57",
          "x": "142",
          "y": "2",
          "width": "26",
          "height": "46",
          "xoffset": "2",
          "yoffset": "19",
          "xadvance": "28",
          "page": "0",
          "chnl": "0",
          "letter": "9"
        }
      ]
    },
    "kernings": {
      "count": "5",
      "kerning": [
        {
          "first": "46",
          "second": "44",
          "amount": "-2"
        },
        {
          "first": "46",
          "second": "54",
          "amount": "-2"
        },
        {
          "first": "48",
          "second": "44",
          "amount": "2"
        },
        {
          "first": "49",
          "second": "44",
          "amount": "2"
        },
        {
          "first": "54",
          "second": "44",
          "amount": "-2"
        }
      ]
    }
  }
}