{
  "font": {
    "info": {
      "face": "Young Frankenstein Expanded Italic",
      "size": "60",
      "bold": "0",
      "italic": "1",
      "chasrset": "",
      "unicode": "0",
      "stretchH": "100",
      "smooth": "1",
      "aa": "1",
      "padding": "0,0,0,0",
      "spacing": "2,2"
    },
    "common": {
      "lineHeight": "65",
      "base": "51",
      "scaleW": "1024",
      "scaleH": "512",
      "pages": "1",
      "packed": "0"
    },
    "pages": {
      "page": {
        "id": "0",
        "file": "young_frankenstein_expanded_60.png"
      }
    },
    "chars": {
      "count": "171",
      "char": [
        {
          "id": "32",
          "x": "179",
          "y": "409",
          "width": "0",
          "height": "0",
          "xoffset": "0",
          "yoffset": "57",
          "xadvance": "16",
          "page": "0",
          "chnl": "0",
          "letter": "space"
        },
        {
          "id": "33",
          "x": "666",
          "y": "306",
          "width": "31",
          "height": "50",
          "xoffset": "3",
          "yoffset": "5",
          "xadvance": "13",
          "page": "0",
          "chnl": "0",
          "letter": "!"
        },
        {
          "id": "34",
          "x": "786",
          "y": "358",
          "width": "30",
          "height": "26",
          "xoffset": "10",
          "yoffset": "5",
          "xadvance": "19",
          "page": "0",
          "chnl": "0",
          "letter": "\""
        },
        {
          "id": "35",
          "x": "702",
          "y": "252",
          "width": "52",
          "height": "50",
          "xoffset": "4",
          "yoffset": "6",
          "xadvance": "37",
          "page": "0",
          "chnl": "0",
          "letter": "#"
        },
        {
          "id": "36",
          "x": "766",
          "y": "194",
          "width": "36",
          "height": "54",
          "xoffset": "5",
          "yoffset": "3",
          "xadvance": "22",
          "page": "0",
          "chnl": "0",
          "letter": "$"
        },
        {
          "id": "37",
          "x": "116",
          "y": "252",
          "width": "45",
          "height": "52",
          "xoffset": "2",
          "yoffset": "4",
          "xadvance": "28",
          "page": "0",
          "chnl": "0",
          "letter": "%"
        },
        {
          "id": "38",
          "x": "274",
          "y": "306",
          "width": "41",
          "height": "50",
          "xoffset": "3",
          "yoffset": "5",
          "xadvance": "27",
          "page": "0",
          "chnl": "0",
          "letter": "&"
        },
        {
          "id": "39",
          "x": "849",
          "y": "358",
          "width": "24",
          "height": "26",
          "xoffset": "10",
          "yoffset": "5",
          "xadvance": "13",
          "page": "0",
          "chnl": "0",
          "letter": "'"
        },
        {
          "id": "40",
          "x": "804",
          "y": "194",
          "width": "36",
          "height": "54",
          "xoffset": "6",
          "yoffset": "3",
          "xadvance": "21",
          "page": "0",
          "chnl": "0",
          "letter": "("
        },
        {
          "id": "41",
          "x": "842",
          "y": "194",
          "width": "36",
          "height": "54",
          "xoffset": "3",
          "yoffset": "3",
          "xadvance": "21",
          "page": "0",
          "chnl": "0",
          "letter": ")"
        },
        {
          "id": "42",
          "x": "818",
          "y": "358",
          "width": "29",
          "height": "26",
          "xoffset": "11",
          "yoffset": "1",
          "xadvance": "20",
          "page": "0",
          "chnl": "0",
          "letter": "*"
        },
        {
          "id": "43",
          "x": "614",
          "y": "358",
          "width": "38",
          "height": "32",
          "xoffset": "7",
          "yoffset": "13",
          "xadvance": "28",
          "page": "0",
          "chnl": "0",
          "letter": "+"
        },
        {
          "id": "44",
          "x": "758",
          "y": "358",
          "width": "26",
          "height": "27",
          "xoffset": "-1",
          "yoffset": "32",
          "xadvance": "13",
          "page": "0",
          "chnl": "0",
          "letter": ","
        },
        {
          "id": "45",
          "x": "75",
          "y": "409",
          "width": "28",
          "height": "19",
          "xoffset": "8",
          "yoffset": "20",
          "xadvance": "18",
          "page": "0",
          "chnl": "0",
          "letter": "-"
        },
        {
          "id": "46",
          "x": "909",
          "y": "358",
          "width": "23",
          "height": "22",
          "xoffset": "3",
          "yoffset": "33",
          "xadvance": "13",
          "page": "0",
          "chnl": "0",
          "letter": "."
        },
        {
          "id": "47",
          "x": "810",
          "y": "252",
          "width": "45",
          "height": "50",
          "xoffset": "2",
          "yoffset": "6",
          "xadvance": "25",
          "page": "0",
          "chnl": "0",
          "letter": "/"
        },
        {
          "id": "48",
          "x": "328",
          "y": "358",
          "width": "38",
          "height": "48",
          "xoffset": "5",
          "yoffset": "6",
          "xadvance": "25",
          "page": "0",
          "chnl": "0",
          "letter": "0"
        },
        {
          "id": "49",
          "x": "632",
          "y": "306",
          "width": "32",
          "height": "50",
          "xoffset": "6",
          "yoffset": "6",
          "xadvance": "18",
          "page": "0",
          "chnl": "0",
          "letter": "1"
        },
        {
          "id": "50",
          "x": "246",
          "y": "358",
          "width": "39",
          "height": "48",
          "xoffset": "3",
          "yoffset": "6",
          "xadvance": "23",
          "page": "0",
          "chnl": "0",
          "letter": "2"
        },
        {
          "id": "51",
          "x": "317",
          "y": "306",
          "width": "40",
          "height": "50",
          "xoffset": "3",
          "yoffset": "5",
          "xadvance": "24",
          "page": "0",
          "chnl": "0",
          "letter": "3"
        },
        {
          "id": "52",
          "x": "476",
          "y": "252",
          "width": "41",
          "height": "51",
          "xoffset": "6",
          "yoffset": "5",
          "xadvance": "31",
          "page": "0",
          "chnl": "0",
          "letter": "4"
        },
        {
          "id": "53",
          "x": "408",
          "y": "358",
          "width": "39",
          "height": "47",
          "xoffset": "3",
          "yoffset": "7",
          "xadvance": "22",
          "page": "0",
          "chnl": "0",
          "letter": "5"
        },
        {
          "id": "54",
          "x": "2",
          "y": "358",
          "width": "39",
          "height": "49",
          "xoffset": "6",
          "yoffset": "6",
          "xadvance": "27",
          "page": "0",
          "chnl": "0",
          "letter": "6"
        },
        {
          "id": "55",
          "x": "94",
          "y": "306",
          "width": "43",
          "height": "50",
          "xoffset": "1",
          "yoffset": "5",
          "xadvance": "22",
          "page": "0",
          "chnl": "0",
          "letter": "7"
        },
        {
          "id": "56",
          "x": "359",
          "y": "306",
          "width": "40",
          "height": "50",
          "xoffset": "3",
          "yoffset": "5",
          "xadvance": "24",
          "page": "0",
          "chnl": "0",
          "letter": "8"
        },
        {
          "id": "57",
          "x": "43",
          "y": "358",
          "width": "39",
          "height": "49",
          "xoffset": "6",
          "yoffset": "6",
          "xadvance": "27",
          "page": "0",
          "chnl": "0",
          "letter": "9"
        },
        {
          "id": "58",
          "x": "482",
          "y": "358",
          "width": "28",
          "height": "38",
          "xoffset": "3",
          "yoffset": "17",
          "xadvance": "13",
          "page": "0",
          "chnl": "0",
          "letter": ":"
        },
        {
          "id": "59",
          "x": "449",
          "y": "358",
          "width": "31",
          "height": "43",
          "xoffset": "-1",
          "yoffset": "16",
          "xadvance": "13",
          "page": "0",
          "chnl": "0",
          "letter": ";"
        },
        {
          "id": "60",
          "x": "523",
          "y": "306",
          "width": "35",
          "height": "50",
          "xoffset": "7",
          "yoffset": "6",
          "xadvance": "21",
          "page": "0",
          "chnl": "0",
          "letter": "<"
        },
        {
          "id": "61",
          "x": "715",
          "y": "358",
          "width": "41",
          "height": "28",
          "xoffset": "6",
          "yoffset": "15",
          "xadvance": "28",
          "page": "0",
          "chnl": "0",
          "letter": "="
        },
        {
          "id": "62",
          "x": "560",
          "y": "306",
          "width": "35",
          "height": "50",
          "xoffset": "3",
          "yoffset": "6",
          "xadvance": "21",
          "page": "0",
          "chnl": "0",
          "letter": ">"
        },
        {
          "id": "63",
          "x": "84",
          "y": "358",
          "width": "39",
          "height": "49",
          "xoffset": "3",
          "yoffset": "6",
          "xadvance": "23",
          "page": "0",
          "chnl": "0",
          "letter": "?"
        },
        {
          "id": "65",
          "x": "385",
          "y": "132",
          "width": "45",
          "height": "58",
          "xoffset": "2",
          "yoffset": "-2",
          "xadvance": "28",
          "page": "0",
          "chnl": "0",
          "letter": "A"
        },
        {
          "id": "66",
          "x": "633",
          "y": "132",
          "width": "48",
          "height": "57",
          "xoffset": "3",
          "yoffset": "-1",
          "xadvance": "30",
          "page": "0",
          "chnl": "0",
          "letter": "B"
        },
        {
          "id": "67",
          "x": "630",
          "y": "194",
          "width": "44",
          "height": "54",
          "xoffset": "6",
          "yoffset": "-0",
          "xadvance": "31",
          "page": "0",
          "chnl": "0",
          "letter": "C"
        },
        {
          "id": "68",
          "x": "354",
          "y": "194",
          "width": "47",
          "height": "55",
          "xoffset": "5",
          "yoffset": "-0",
          "xadvance": "32",
          "page": "0",
          "chnl": "0",
          "letter": "D"
        },
        {
          "id": "69",
          "x": "498",
          "y": "194",
          "width": "42",
          "height": "55",
          "xoffset": "4",
          "yoffset": "-0",
          "xadvance": "24",
          "page": "0",
          "chnl": "0",
          "letter": "E"
        },
        {
          "id": "70",
          "x": "2",
          "y": "194",
          "width": "44",
          "height": "56",
          "xoffset": "3",
          "yoffset": "-0",
          "xadvance": "23",
          "page": "0",
          "chnl": "0",
          "letter": "F"
        },
        {
          "id": "71",
          "x": "452",
          "y": "194",
          "width": "44",
          "height": "55",
          "xoffset": "6",
          "yoffset": "-0",
          "xadvance": "32",
          "page": "0",
          "chnl": "0",
          "letter": "G"
        },
        {
          "id": "72",
          "x": "744",
          "y": "132",
          "width": "50",
          "height": "56",
          "xoffset": "3",
          "yoffset": "-1",
          "xadvance": "30",
          "page": "0",
          "chnl": "0",
          "letter": "H"
        },
        {
          "id": "73",
          "x": "220",
          "y": "194",
          "width": "36",
          "height": "56",
          "xoffset": "3",
          "yoffset": "-1",
          "xadvance": "16",
          "page": "0",
          "chnl": "0",
          "letter": "I"
        },
        {
          "id": "74",
          "x": "403",
          "y": "194",
          "width": "47",
          "height": "55",
          "xoffset": "5",
          "yoffset": "-0",
          "xadvance": "30",
          "page": "0",
          "chnl": "0",
          "letter": "J"
        },
        {
          "id": "75",
          "x": "899",
          "y": "132",
          "width": "48",
          "height": "56",
          "xoffset": "3",
          "yoffset": "-1",
          "xadvance": "28",
          "page": "0",
          "chnl": "0",
          "letter": "K"
        },
        {
          "id": "76",
          "x": "258",
          "y": "194",
          "width": "34",
          "height": "56",
          "xoffset": "2",
          "yoffset": "-1",
          "xadvance": "23",
          "page": "0",
          "chnl": "0",
          "letter": "L"
        },
        {
          "id": "77",
          "x": "683",
          "y": "132",
          "width": "59",
          "height": "56",
          "xoffset": "4",
          "yoffset": "-1",
          "xadvance": "42",
          "page": "0",
          "chnl": "0",
          "letter": "M"
        },
        {
          "id": "78",
          "x": "478",
          "y": "132",
          "width": "50",
          "height": "57",
          "xoffset": "5",
          "yoffset": "-1",
          "xadvance": "32",
          "page": "0",
          "chnl": "0",
          "letter": "N"
        },
        {
          "id": "79",
          "x": "37",
          "y": "132",
          "width": "44",
          "height": "59",
          "xoffset": "6",
          "yoffset": "-2",
          "xadvance": "30",
          "page": "0",
          "chnl": "0",
          "letter": "O"
        },
        {
          "id": "80",
          "x": "582",
          "y": "132",
          "width": "49",
          "height": "57",
          "xoffset": "4",
          "yoffset": "-1",
          "xadvance": "32",
          "page": "0",
          "chnl": "0",
          "letter": "P"
        },
        {
          "id": "81",
          "x": "48",
          "y": "194",
          "width": "44",
          "height": "56",
          "xoffset": "5",
          "yoffset": "-0",
          "xadvance": "30",
          "page": "0",
          "chnl": "0",
          "letter": "Q"
        },
        {
          "id": "82",
          "x": "530",
          "y": "132",
          "width": "50",
          "height": "57",
          "xoffset": "3",
          "yoffset": "-1",
          "xadvance": "33",
          "page": "0",
          "chnl": "0",
          "letter": "R"
        },
        {
          "id": "83",
          "x": "542",
          "y": "194",
          "width": "42",
          "height": "55",
          "xoffset": "2",
          "yoffset": "-0",
          "xadvance": "23",
          "page": "0",
          "chnl": "0",
          "letter": "S"
        },
        {
          "id": "84",
          "x": "94",
          "y": "194",
          "width": "42",
          "height": "56",
          "xoffset": "7",
          "yoffset": "-0",
          "xadvance": "26",
          "page": "0",
          "chnl": "0",
          "letter": "T"
        },
        {
          "id": "85",
          "x": "848",
          "y": "132",
          "width": "49",
          "height": "56",
          "xoffset": "6",
          "yoffset": "-0",
          "xadvance": "31",
          "page": "0",
          "chnl": "0",
          "letter": "U"
        },
        {
          "id": "86",
          "x": "432",
          "y": "132",
          "width": "44",
          "height": "58",
          "xoffset": "7",
          "yoffset": "-2",
          "xadvance": "28",
          "page": "0",
          "chnl": "0",
          "letter": "V"
        },
        {
          "id": "87",
          "x": "294",
          "y": "194",
          "width": "58",
          "height": "55",
          "xoffset": "9",
          "yoffset": "1",
          "xadvance": "45",
          "page": "0",
          "chnl": "0",
          "letter": "W"
        },
        {
          "id": "88",
          "x": "796",
          "y": "132",
          "width": "50",
          "height": "56",
          "xoffset": "2",
          "yoffset": "-0",
          "xadvance": "29",
          "page": "0",
          "chnl": "0",
          "letter": "X"
        },
        {
          "id": "89",
          "x": "586",
          "y": "194",
          "width": "42",
          "height": "55",
          "xoffset": "10",
          "yoffset": "-0",
          "xadvance": "29",
          "page": "0",
          "chnl": "0",
          "letter": "Y"
        },
        {
          "id": "90",
          "x": "949",
          "y": "132",
          "width": "48",
          "height": "56",
          "xoffset": "1",
          "yoffset": "-1",
          "xadvance": "26",
          "page": "0",
          "chnl": "0",
          "letter": "Z"
        },
        {
          "id": "91",
          "x": "83",
          "y": "132",
          "width": "41",
          "height": "59",
          "xoffset": "2",
          "yoffset": "1",
          "xadvance": "21",
          "page": "0",
          "chnl": "0",
          "letter": "["
        },
        {
          "id": "92",
          "x": "765",
          "y": "306",
          "width": "26",
          "height": "50",
          "xoffset": "11",
          "yoffset": "6",
          "xadvance": "25",
          "page": "0",
          "chnl": "0",
          "letter": "\\"
        },
        {
          "id": "93",
          "x": "126",
          "y": "132",
          "width": "41",
          "height": "59",
          "xoffset": "1",
          "yoffset": "1",
          "xadvance": "21",
          "page": "0",
          "chnl": "0",
          "letter": "]"
        },
        {
          "id": "94",
          "x": "163",
          "y": "252",
          "width": "41",
          "height": "52",
          "xoffset": "2",
          "yoffset": "4",
          "xadvance": "24",
          "page": "0",
          "chnl": "0",
          "letter": "^"
        },
        {
          "id": "95",
          "x": "105",
          "y": "409",
          "width": "38",
          "height": "18",
          "xoffset": "2",
          "yoffset": "39",
          "xadvance": "28",
          "page": "0",
          "chnl": "0",
          "letter": "_"
        },
        {
          "id": "96",
          "x": "2",
          "y": "409",
          "width": "21",
          "height": "20",
          "xoffset": "11",
          "yoffset": "5",
          "xadvance": "12",
          "page": "0",
          "chnl": "0",
          "letter": "`"
        },
        {
          "id": "97",
          "x": "206",
          "y": "252",
          "width": "41",
          "height": "52",
          "xoffset": "2",
          "yoffset": "4",
          "xadvance": "25",
          "page": "0",
          "chnl": "0",
          "letter": "a"
        },
        {
          "id": "98",
          "x": "431",
          "y": "252",
          "width": "43",
          "height": "51",
          "xoffset": "3",
          "yoffset": "5",
          "xadvance": "26",
          "page": "0",
          "chnl": "0",
          "letter": "b"
        },
        {
          "id": "99",
          "x": "287",
          "y": "358",
          "width": "39",
          "height": "48",
          "xoffset": "6",
          "yoffset": "7",
          "xadvance": "27",
          "page": "0",
          "chnl": "0",
          "letter": "c"
        },
        {
          "id": "100",
          "x": "885",
          "y": "306",
          "width": "42",
          "height": "49",
          "xoffset": "4",
          "yoffset": "6",
          "xadvance": "28",
          "page": "0",
          "chnl": "0",
          "letter": "d"
        },
        {
          "id": "101",
          "x": "166",
          "y": "358",
          "width": "38",
          "height": "49",
          "xoffset": "4",
          "yoffset": "6",
          "xadvance": "21",
          "page": "0",
          "chnl": "0",
          "letter": "e"
        },
        {
          "id": "102",
          "x": "401",
          "y": "306",
          "width": "40",
          "height": "50",
          "xoffset": "3",
          "yoffset": "6",
          "xadvance": "20",
          "page": "0",
          "chnl": "0",
          "letter": "f"
        },
        {
          "id": "103",
          "x": "929",
          "y": "306",
          "width": "40",
          "height": "49",
          "xoffset": "6",
          "yoffset": "6",
          "xadvance": "28",
          "page": "0",
          "chnl": "0",
          "letter": "g"
        },
        {
          "id": "104",
          "x": "951",
          "y": "252",
          "width": "44",
          "height": "50",
          "xoffset": "2",
          "yoffset": "6",
          "xadvance": "26",
          "page": "0",
          "chnl": "0",
          "letter": "h"
        },
        {
          "id": "105",
          "x": "597",
          "y": "306",
          "width": "33",
          "height": "50",
          "xoffset": "3",
          "yoffset": "6",
          "xadvance": "14",
          "page": "0",
          "chnl": "0",
          "letter": "i"
        },
        {
          "id": "106",
          "x": "139",
          "y": "306",
          "width": "43",
          "height": "50",
          "xoffset": "5",
          "yoffset": "5",
          "xadvance": "26",
          "page": "0",
          "chnl": "0",
          "letter": "j"
        },
        {
          "id": "107",
          "x": "184",
          "y": "306",
          "width": "43",
          "height": "50",
          "xoffset": "3",
          "yoffset": "5",
          "xadvance": "25",
          "page": "0",
          "chnl": "0",
          "letter": "k"
        },
        {
          "id": "108",
          "x": "699",
          "y": "306",
          "width": "31",
          "height": "50",
          "xoffset": "2",
          "yoffset": "5",
          "xadvance": "20",
          "page": "0",
          "chnl": "0",
          "letter": "l"
        },
        {
          "id": "109",
          "x": "647",
          "y": "252",
          "width": "53",
          "height": "50",
          "xoffset": "3",
          "yoffset": "6",
          "xadvance": "36",
          "page": "0",
          "chnl": "0",
          "letter": "m"
        },
        {
          "id": "110",
          "x": "291",
          "y": "252",
          "width": "45",
          "height": "51",
          "xoffset": "4",
          "yoffset": "5",
          "xadvance": "28",
          "page": "0",
          "chnl": "0",
          "letter": "n"
        },
        {
          "id": "111",
          "x": "880",
          "y": "194",
          "width": "40",
          "height": "53",
          "xoffset": "5",
          "yoffset": "4",
          "xadvance": "26",
          "page": "0",
          "chnl": "0",
          "letter": "o"
        },
        {
          "id": "112",
          "x": "385",
          "y": "252",
          "width": "44",
          "height": "51",
          "xoffset": "3",
          "yoffset": "5",
          "xadvance": "28",
          "page": "0",
          "chnl": "0",
          "letter": "p"
        },
        {
          "id": "113",
          "x": "605",
          "y": "252",
          "width": "40",
          "height": "51",
          "xoffset": "4",
          "yoffset": "5",
          "xadvance": "26",
          "page": "0",
          "chnl": "0",
          "letter": "q"
        },
        {
          "id": "114",
          "x": "338",
          "y": "252",
          "width": "45",
          "height": "51",
          "xoffset": "3",
          "yoffset": "5",
          "xadvance": "28",
          "page": "0",
          "chnl": "0",
          "letter": "r"
        },
        {
          "id": "115",
          "x": "206",
          "y": "358",
          "width": "38",
          "height": "49",
          "xoffset": "2",
          "yoffset": "6",
          "xadvance": "20",
          "page": "0",
          "chnl": "0",
          "letter": "s"
        },
        {
          "id": "116",
          "x": "443",
          "y": "306",
          "width": "38",
          "height": "50",
          "xoffset": "6",
          "yoffset": "6",
          "xadvance": "22",
          "page": "0",
          "chnl": "0",
          "letter": "t"
        },
        {
          "id": "117",
          "x": "2",
          "y": "306",
          "width": "44",
          "height": "50",
          "xoffset": "5",
          "yoffset": "6",
          "xadvance": "27",
          "page": "0",
          "chnl": "0",
          "letter": "u"
        },
        {
          "id": "118",
          "x": "249",
          "y": "252",
          "width": "40",
          "height": "52",
          "xoffset": "7",
          "yoffset": "4",
          "xadvance": "24",
          "page": "0",
          "chnl": "0",
          "letter": "v"
        },
        {
          "id": "119",
          "x": "756",
          "y": "252",
          "width": "52",
          "height": "50",
          "xoffset": "8",
          "yoffset": "6",
          "xadvance": "39",
          "page": "0",
          "chnl": "0",
          "letter": "w"
        },
        {
          "id": "120",
          "x": "857",
          "y": "252",
          "width": "45",
          "height": "50",
          "xoffset": "2",
          "yoffset": "6",
          "xadvance": "25",
          "page": "0",
          "chnl": "0",
          "letter": "x"
        },
        {
          "id": "121",
          "x": "483",
          "y": "306",
          "width": "38",
          "height": "50",
          "xoffset": "9",
          "yoffset": "5",
          "xadvance": "25",
          "page": "0",
          "chnl": "0",
          "letter": "y"
        },
        {
          "id": "122",
          "x": "229",
          "y": "306",
          "width": "43",
          "height": "50",
          "xoffset": "1",
          "yoffset": "6",
          "xadvance": "22",
          "page": "0",
          "chnl": "0",
          "letter": "z"
        },
        {
          "id": "123",
          "x": "676",
          "y": "194",
          "width": "43",
          "height": "54",
          "xoffset": "8",
          "yoffset": "3",
          "xadvance": "29",
          "page": "0",
          "chnl": "0",
          "letter": "{"
        },
        {
          "id": "124",
          "x": "2",
          "y": "2",
          "width": "37",
          "height": "65",
          "xoffset": "-1",
          "yoffset": "-0",
          "xadvance": "12",
          "page": "0",
          "chnl": "0",
          "letter": "|"
        },
        {
          "id": "125",
          "x": "721",
          "y": "194",
          "width": "43",
          "height": "54",
          "xoffset": "3",
          "yoffset": "3",
          "xadvance": "29",
          "page": "0",
          "chnl": "0",
          "letter": "}"
        },
        {
          "id": "161",
          "x": "732",
          "y": "306",
          "width": "31",
          "height": "50",
          "xoffset": "2",
          "yoffset": "5",
          "xadvance": "13",
          "page": "0",
          "chnl": "0",
          "letter": "¡"
        },
        {
          "id": "162",
          "x": "964",
          "y": "194",
          "width": "37",
          "height": "53",
          "xoffset": "6",
          "yoffset": "4",
          "xadvance": "27",
          "page": "0",
          "chnl": "0",
          "letter": "¢"
        },
        {
          "id": "163",
          "x": "793",
          "y": "306",
          "width": "45",
          "height": "49",
          "xoffset": "2",
          "yoffset": "6",
          "xadvance": "32",
          "page": "0",
          "chnl": "0",
          "letter": "£"
        },
        {
          "id": "164",
          "x": "904",
          "y": "252",
          "width": "45",
          "height": "50",
          "xoffset": "2",
          "yoffset": "6",
          "xadvance": "25",
          "page": "0",
          "chnl": "0",
          "letter": "¤"
        },
        {
          "id": "165",
          "x": "48",
          "y": "306",
          "width": "44",
          "height": "50",
          "xoffset": "4",
          "yoffset": "5",
          "xadvance": "26",
          "page": "0",
          "chnl": "0",
          "letter": "¥"
        },
        {
          "id": "166",
          "x": "41",
          "y": "2",
          "width": "37",
          "height": "65",
          "xoffset": "-1",
          "yoffset": "-0",
          "xadvance": "12",
          "page": "0",
          "chnl": "0",
          "letter": "¦"
        },
        {
          "id": "168",
          "x": "145",
          "y": "409",
          "width": "32",
          "height": "18",
          "xoffset": "11",
          "yoffset": "7",
          "xadvance": "21",
          "page": "0",
          "chnl": "0",
          "letter": "¨"
        },
        {
          "id": "180",
          "x": "985",
          "y": "358",
          "width": "23",
          "height": "20",
          "xoffset": "10",
          "yoffset": "5",
          "xadvance": "12",
          "page": "0",
          "chnl": "0",
          "letter": "´"
        },
        {
          "id": "181",
          "x": "512",
          "y": "358",
          "width": "60",
          "height": "35",
          "xoffset": "6",
          "yoffset": "18",
          "xadvance": "51",
          "page": "0",
          "chnl": "0",
          "letter": "µ"
        },
        {
          "id": "182",
          "x": "25",
          "y": "409",
          "width": "48",
          "height": "19",
          "xoffset": "6",
          "yoffset": "26",
          "xadvance": "39",
          "page": "0",
          "chnl": "0",
          "letter": "¶"
        },
        {
          "id": "183",
          "x": "960",
          "y": "358",
          "width": "23",
          "height": "21",
          "xoffset": "7",
          "yoffset": "19",
          "xadvance": "13",
          "page": "0",
          "chnl": "0",
          "letter": "·"
        },
        {
          "id": "184",
          "x": "934",
          "y": "358",
          "width": "24",
          "height": "21",
          "xoffset": "-4",
          "yoffset": "42",
          "xadvance": "9",
          "page": "0",
          "chnl": "0",
          "letter": "¸"
        },
        {
          "id": "185",
          "x": "691",
          "y": "358",
          "width": "22",
          "height": "31",
          "xoffset": "11",
          "yoffset": "-0",
          "xadvance": "10",
          "page": "0",
          "chnl": "0",
          "letter": "¹"
        },
        {
          "id": "187",
          "x": "875",
          "y": "358",
          "width": "32",
          "height": "23",
          "xoffset": "7",
          "yoffset": "16",
          "xadvance": "22",
          "page": "0",
          "chnl": "0",
          "letter": "»"
        },
        {
          "id": "191",
          "x": "125",
          "y": "358",
          "width": "39",
          "height": "49",
          "xoffset": "4",
          "yoffset": "6",
          "xadvance": "23",
          "page": "0",
          "chnl": "0",
          "letter": "¿"
        },
        {
          "id": "192",
          "x": "46",
          "y": "69",
          "width": "41",
          "height": "61",
          "xoffset": "2",
          "yoffset": "-5",
          "xadvance": "24",
          "page": "0",
          "chnl": "0",
          "letter": "À"
        },
        {
          "id": "193",
          "x": "884",
          "y": "2",
          "width": "42",
          "height": "61",
          "xoffset": "2",
          "yoffset": "-5",
          "xadvance": "24",
          "page": "0",
          "chnl": "0",
          "letter": "Á"
        },
        {
          "id": "194",
          "x": "928",
          "y": "2",
          "width": "42",
          "height": "61",
          "xoffset": "2",
          "yoffset": "-5",
          "xadvance": "24",
          "page": "0",
          "chnl": "0",
          "letter": "Â"
        },
        {
          "id": "195",
          "x": "208",
          "y": "69",
          "width": "46",
          "height": "60",
          "xoffset": "2",
          "yoffset": "-4",
          "xadvance": "24",
          "page": "0",
          "chnl": "0",
          "letter": "Ã"
        },
        {
          "id": "196",
          "x": "304",
          "y": "69",
          "width": "45",
          "height": "60",
          "xoffset": "2",
          "yoffset": "-4",
          "xadvance": "23",
          "page": "0",
          "chnl": "0",
          "letter": "Ä"
        },
        {
          "id": "197",
          "x": "490",
          "y": "69",
          "width": "41",
          "height": "60",
          "xoffset": "2",
          "yoffset": "-4",
          "xadvance": "23",
          "page": "0",
          "chnl": "0",
          "letter": "Å"
        },
        {
          "id": "198",
          "x": "2",
          "y": "252",
          "width": "55",
          "height": "52",
          "xoffset": "2",
          "yoffset": "4",
          "xadvance": "36",
          "page": "0",
          "chnl": "0",
          "letter": "Æ"
        },
        {
          "id": "199",
          "x": "138",
          "y": "194",
          "width": "39",
          "height": "56",
          "xoffset": "6",
          "yoffset": "7",
          "xadvance": "27",
          "page": "0",
          "chnl": "0",
          "letter": "Ç"
        },
        {
          "id": "200",
          "x": "576",
          "y": "69",
          "width": "38",
          "height": "60",
          "xoffset": "4",
          "yoffset": "-5",
          "xadvance": "21",
          "page": "0",
          "chnl": "0",
          "letter": "È"
        },
        {
          "id": "201",
          "x": "616",
          "y": "69",
          "width": "38",
          "height": "60",
          "xoffset": "4",
          "yoffset": "-5",
          "xadvance": "21",
          "page": "0",
          "chnl": "0",
          "letter": "É"
        },
        {
          "id": "202",
          "x": "656",
          "y": "69",
          "width": "38",
          "height": "60",
          "xoffset": "4",
          "yoffset": "-5",
          "xadvance": "21",
          "page": "0",
          "chnl": "0",
          "letter": "Ê"
        },
        {
          "id": "203",
          "x": "169",
          "y": "132",
          "width": "40",
          "height": "59",
          "xoffset": "4",
          "yoffset": "-4",
          "xadvance": "21",
          "page": "0",
          "chnl": "0",
          "letter": "Ë"
        },
        {
          "id": "204",
          "x": "970",
          "y": "69",
          "width": "33",
          "height": "60",
          "xoffset": "3",
          "yoffset": "-4",
          "xadvance": "14",
          "page": "0",
          "chnl": "0",
          "letter": "Ì"
        },
        {
          "id": "205",
          "x": "896",
          "y": "69",
          "width": "35",
          "height": "60",
          "xoffset": "3",
          "yoffset": "-4",
          "xadvance": "14",
          "page": "0",
          "chnl": "0",
          "letter": "Í"
        },
        {
          "id": "206",
          "x": "132",
          "y": "69",
          "width": "36",
          "height": "61",
          "xoffset": "3",
          "yoffset": "-5",
          "xadvance": "14",
          "page": "0",
          "chnl": "0",
          "letter": "Î"
        },
        {
          "id": "207",
          "x": "253",
          "y": "132",
          "width": "39",
          "height": "59",
          "xoffset": "3",
          "yoffset": "-3",
          "xadvance": "14",
          "page": "0",
          "chnl": "0",
          "letter": "Ï"
        },
        {
          "id": "208",
          "x": "840",
          "y": "306",
          "width": "43",
          "height": "49",
          "xoffset": "6",
          "yoffset": "6",
          "xadvance": "31",
          "page": "0",
          "chnl": "0",
          "letter": "Ð"
        },
        {
          "id": "209",
          "x": "424",
          "y": "2",
          "width": "45",
          "height": "61",
          "xoffset": "4",
          "yoffset": "-5",
          "xadvance": "28",
          "page": "0",
          "chnl": "0",
          "letter": "Ñ"
        },
        {
          "id": "210",
          "x": "172",
          "y": "2",
          "width": "40",
          "height": "62",
          "xoffset": "5",
          "yoffset": "-5",
          "xadvance": "26",
          "page": "0",
          "chnl": "0",
          "letter": "Ò"
        },
        {
          "id": "211",
          "x": "214",
          "y": "2",
          "width": "40",
          "height": "62",
          "xoffset": "5",
          "yoffset": "-5",
          "xadvance": "26",
          "page": "0",
          "chnl": "0",
          "letter": "Ó"
        },
        {
          "id": "212",
          "x": "256",
          "y": "2",
          "width": "40",
          "height": "62",
          "xoffset": "5",
          "yoffset": "-5",
          "xadvance": "26",
          "page": "0",
          "chnl": "0",
          "letter": "Ô"
        },
        {
          "id": "213",
          "x": "80",
          "y": "2",
          "width": "44",
          "height": "62",
          "xoffset": "5",
          "yoffset": "-5",
          "xadvance": "26",
          "page": "0",
          "chnl": "0",
          "letter": "Õ"
        },
        {
          "id": "214",
          "x": "794",
          "y": "2",
          "width": "43",
          "height": "61",
          "xoffset": "5",
          "yoffset": "-4",
          "xadvance": "26",
          "page": "0",
          "chnl": "0",
          "letter": "Ö"
        },
        {
          "id": "215",
          "x": "654",
          "y": "358",
          "width": "35",
          "height": "31",
          "xoffset": "6",
          "yoffset": "13",
          "xadvance": "26",
          "page": "0",
          "chnl": "0",
          "letter": "×"
        },
        {
          "id": "216",
          "x": "368",
          "y": "358",
          "width": "38",
          "height": "48",
          "xoffset": "5",
          "yoffset": "6",
          "xadvance": "25",
          "page": "0",
          "chnl": "0",
          "letter": "Ø"
        },
        {
          "id": "217",
          "x": "518",
          "y": "2",
          "width": "44",
          "height": "61",
          "xoffset": "5",
          "yoffset": "-5",
          "xadvance": "27",
          "page": "0",
          "chnl": "0",
          "letter": "Ù"
        },
        {
          "id": "218",
          "x": "564",
          "y": "2",
          "width": "44",
          "height": "61",
          "xoffset": "5",
          "yoffset": "-5",
          "xadvance": "27",
          "page": "0",
          "chnl": "0",
          "letter": "Ú"
        },
        {
          "id": "219",
          "x": "610",
          "y": "2",
          "width": "44",
          "height": "61",
          "xoffset": "5",
          "yoffset": "-5",
          "xadvance": "27",
          "page": "0",
          "chnl": "0",
          "letter": "Û"
        },
        {
          "id": "220",
          "x": "398",
          "y": "69",
          "width": "44",
          "height": "60",
          "xoffset": "5",
          "yoffset": "-4",
          "xadvance": "27",
          "page": "0",
          "chnl": "0",
          "letter": "Ü"
        },
        {
          "id": "221",
          "x": "696",
          "y": "69",
          "width": "38",
          "height": "60",
          "xoffset": "9",
          "yoffset": "-5",
          "xadvance": "25",
          "page": "0",
          "chnl": "0",
          "letter": "Ý"
        },
        {
          "id": "222",
          "x": "519",
          "y": "252",
          "width": "41",
          "height": "51",
          "xoffset": "3",
          "yoffset": "5",
          "xadvance": "27",
          "page": "0",
          "chnl": "0",
          "letter": "Þ"
        },
        {
          "id": "223",
          "x": "335",
          "y": "132",
          "width": "48",
          "height": "58",
          "xoffset": "0",
          "yoffset": "6",
          "xadvance": "30",
          "page": "0",
          "chnl": "0",
          "letter": "ß"
        },
        {
          "id": "224",
          "x": "89",
          "y": "69",
          "width": "41",
          "height": "61",
          "xoffset": "2",
          "yoffset": "-5",
          "xadvance": "24",
          "page": "0",
          "chnl": "0",
          "letter": "à"
        },
        {
          "id": "225",
          "x": "972",
          "y": "2",
          "width": "42",
          "height": "61",
          "xoffset": "2",
          "yoffset": "-5",
          "xadvance": "24",
          "page": "0",
          "chnl": "0",
          "letter": "á"
        },
        {
          "id": "226",
          "x": "2",
          "y": "69",
          "width": "42",
          "height": "61",
          "xoffset": "2",
          "yoffset": "-5",
          "xadvance": "24",
          "page": "0",
          "chnl": "0",
          "letter": "â"
        },
        {
          "id": "227",
          "x": "256",
          "y": "69",
          "width": "46",
          "height": "60",
          "xoffset": "2",
          "yoffset": "-4",
          "xadvance": "24",
          "page": "0",
          "chnl": "0",
          "letter": "ã"
        },
        {
          "id": "228",
          "x": "351",
          "y": "69",
          "width": "45",
          "height": "60",
          "xoffset": "2",
          "yoffset": "-4",
          "xadvance": "23",
          "page": "0",
          "chnl": "0",
          "letter": "ä"
        },
        {
          "id": "229",
          "x": "533",
          "y": "69",
          "width": "41",
          "height": "60",
          "xoffset": "2",
          "yoffset": "-4",
          "xadvance": "23",
          "page": "0",
          "chnl": "0",
          "letter": "å"
        },
        {
          "id": "230",
          "x": "59",
          "y": "252",
          "width": "55",
          "height": "52",
          "xoffset": "2",
          "yoffset": "4",
          "xadvance": "36",
          "page": "0",
          "chnl": "0",
          "letter": "æ"
        },
        {
          "id": "231",
          "x": "179",
          "y": "194",
          "width": "39",
          "height": "56",
          "xoffset": "6",
          "yoffset": "7",
          "xadvance": "27",
          "page": "0",
          "chnl": "0",
          "letter": "ç"
        },
        {
          "id": "232",
          "x": "736",
          "y": "69",
          "width": "38",
          "height": "60",
          "xoffset": "4",
          "yoffset": "-5",
          "xadvance": "21",
          "page": "0",
          "chnl": "0",
          "letter": "è"
        },
        {
          "id": "233",
          "x": "776",
          "y": "69",
          "width": "38",
          "height": "60",
          "xoffset": "4",
          "yoffset": "-5",
          "xadvance": "21",
          "page": "0",
          "chnl": "0",
          "letter": "é"
        },
        {
          "id": "234",
          "x": "816",
          "y": "69",
          "width": "38",
          "height": "60",
          "xoffset": "4",
          "yoffset": "-5",
          "xadvance": "21",
          "page": "0",
          "chnl": "0",
          "letter": "ê"
        },
        {
          "id": "235",
          "x": "211",
          "y": "132",
          "width": "40",
          "height": "59",
          "xoffset": "4",
          "yoffset": "-4",
          "xadvance": "21",
          "page": "0",
          "chnl": "0",
          "letter": "ë"
        },
        {
          "id": "236",
          "x": "2",
          "y": "132",
          "width": "33",
          "height": "60",
          "xoffset": "3",
          "yoffset": "-4",
          "xadvance": "14",
          "page": "0",
          "chnl": "0",
          "letter": "ì"
        },
        {
          "id": "237",
          "x": "933",
          "y": "69",
          "width": "35",
          "height": "60",
          "xoffset": "3",
          "yoffset": "-4",
          "xadvance": "14",
          "page": "0",
          "chnl": "0",
          "letter": "í"
        },
        {
          "id": "238",
          "x": "170",
          "y": "69",
          "width": "36",
          "height": "61",
          "xoffset": "3",
          "yoffset": "-5",
          "xadvance": "14",
          "page": "0",
          "chnl": "0",
          "letter": "î"
        },
        {
          "id": "239",
          "x": "294",
          "y": "132",
          "width": "39",
          "height": "59",
          "xoffset": "3",
          "yoffset": "-3",
          "xadvance": "14",
          "page": "0",
          "chnl": "0",
          "letter": "ï"
        },
        {
          "id": "240",
          "x": "971",
          "y": "306",
          "width": "40",
          "height": "49",
          "xoffset": "4",
          "yoffset": "6",
          "xadvance": "27",
          "page": "0",
          "chnl": "0",
          "letter": "ð"
        },
        {
          "id": "241",
          "x": "471",
          "y": "2",
          "width": "45",
          "height": "61",
          "xoffset": "4",
          "yoffset": "-5",
          "xadvance": "28",
          "page": "0",
          "chnl": "0",
          "letter": "ñ"
        },
        {
          "id": "242",
          "x": "298",
          "y": "2",
          "width": "40",
          "height": "62",
          "xoffset": "5",
          "yoffset": "-5",
          "xadvance": "26",
          "page": "0",
          "chnl": "0",
          "letter": "ò"
        },
        {
          "id": "243",
          "x": "340",
          "y": "2",
          "width": "40",
          "height": "62",
          "xoffset": "5",
          "yoffset": "-5",
          "xadvance": "26",
          "page": "0",
          "chnl": "0",
          "letter": "ó"
        },
        {
          "id": "244",
          "x": "382",
          "y": "2",
          "width": "40",
          "height": "62",
          "xoffset": "5",
          "yoffset": "-5",
          "xadvance": "26",
          "page": "0",
          "chnl": "0",
          "letter": "ô"
        },
        {
          "id": "245",
          "x": "126",
          "y": "2",
          "width": "44",
          "height": "62",
          "xoffset": "5",
          "yoffset": "-5",
          "xadvance": "26",
          "page": "0",
          "chnl": "0",
          "letter": "õ"
        },
        {
          "id": "246",
          "x": "839",
          "y": "2",
          "width": "43",
          "height": "61",
          "xoffset": "5",
          "yoffset": "-4",
          "xadvance": "26",
          "page": "0",
          "chnl": "0",
          "letter": "ö"
        },
        {
          "id": "247",
          "x": "574",
          "y": "358",
          "width": "38",
          "height": "34",
          "xoffset": "7",
          "yoffset": "15",
          "xadvance": "28",
          "page": "0",
          "chnl": "0",
          "letter": "÷"
        },
        {
          "id": "248",
          "x": "922",
          "y": "194",
          "width": "40",
          "height": "53",
          "xoffset": "5",
          "yoffset": "4",
          "xadvance": "26",
          "page": "0",
          "chnl": "0",
          "letter": "ø"
        },
        {
          "id": "249",
          "x": "656",
          "y": "2",
          "width": "44",
          "height": "61",
          "xoffset": "5",
          "yoffset": "-5",
          "xadvance": "27",
          "page": "0",
          "chnl": "0",
          "letter": "ù"
        },
        {
          "id": "250",
          "x": "702",
          "y": "2",
          "width": "44",
          "height": "61",
          "xoffset": "5",
          "yoffset": "-5",
          "xadvance": "27",
          "page": "0",
          "chnl": "0",
          "letter": "ú"
        },
        {
          "id": "251",
          "x": "748",
          "y": "2",
          "width": "44",
          "height": "61",
          "xoffset": "5",
          "yoffset": "-5",
          "xadvance": "27",
          "page": "0",
          "chnl": "0",
          "letter": "û"
        },
        {
          "id": "252",
          "x": "444",
          "y": "69",
          "width": "44",
          "height": "60",
          "xoffset": "5",
          "yoffset": "-4",
          "xadvance": "27",
          "page": "0",
          "chnl": "0",
          "letter": "ü"
        },
        {
          "id": "253",
          "x": "856",
          "y": "69",
          "width": "38",
          "height": "60",
          "xoffset": "9",
          "yoffset": "-5",
          "xadvance": "25",
          "page": "0",
          "chnl": "0",
          "letter": "ý"
        },
        {
          "id": "254",
          "x": "562",
          "y": "252",
          "width": "41",
          "height": "51",
          "xoffset": "3",
          "yoffset": "5",
          "xadvance": "27",
          "page": "0",
          "chnl": "0",
          "letter": "þ"
        }
      ]
    },
    "kernings": {
      "count": "134",
      "kerning": [
        {
          "first": "33",
          "second": "180",
          "amount": "-1"
        },
        {
          "first": "34",
          "second": "180",
          "amount": "-2"
        },
        {
          "first": "34",
          "second": "212",
          "amount": "-3"
        },
        {
          "first": "43",
          "second": "55",
          "amount": "-2"
        },
        {
          "first": "45",
          "second": "84",
          "amount": "-5"
        },
        {
          "first": "45",
          "second": "89",
          "amount": "-4"
        },
        {
          "first": "45",
          "second": "106",
          "amount": "-1"
        },
        {
          "first": "45",
          "second": "116",
          "amount": "-4"
        },
        {
          "first": "55",
          "second": "74",
          "amount": "-4"
        },
        {
          "first": "55",
          "second": "106",
          "amount": "-6"
        },
        {
          "first": "65",
          "second": "84",
          "amount": "-4"
        },
        {
          "first": "65",
          "second": "86",
          "amount": "-4"
        },
        {
          "first": "65",
          "second": "87",
          "amount": "-2"
        },
        {
          "first": "65",
          "second": "89",
          "amount": "-4"
        },
        {
          "first": "65",
          "second": "116",
          "amount": "-3"
        },
        {
          "first": "65",
          "second": "118",
          "amount": "-2"
        },
        {
          "first": "65",
          "second": "119",
          "amount": "-3"
        },
        {
          "first": "65",
          "second": "121",
          "amount": "-4"
        },
        {
          "first": "70",
          "second": "74",
          "amount": "-1"
        },
        {
          "first": "71",
          "second": "76",
          "amount": "-1"
        },
        {
          "first": "71",
          "second": "84",
          "amount": "-4"
        },
        {
          "first": "71",
          "second": "116",
          "amount": "-3"
        },
        {
          "first": "76",
          "second": "67",
          "amount": "-5"
        },
        {
          "first": "76",
          "second": "71",
          "amount": "-5"
        },
        {
          "first": "76",
          "second": "78",
          "amount": "-2"
        },
        {
          "first": "76",
          "second": "79",
          "amount": "-3"
        },
        {
          "first": "76",
          "second": "84",
          "amount": "-5"
        },
        {
          "first": "76",
          "second": "86",
          "amount": "-5"
        },
        {
          "first": "76",
          "second": "87",
          "amount": "-5"
        },
        {
          "first": "76",
          "second": "89",
          "amount": "-7"
        },
        {
          "first": "76",
          "second": "99",
          "amount": "-4"
        },
        {
          "first": "76",
          "second": "103",
          "amount": "-3"
        },
        {
          "first": "76",
          "second": "110",
          "amount": "-2"
        },
        {
          "first": "76",
          "second": "111",
          "amount": "-2"
        },
        {
          "first": "76",
          "second": "116",
          "amount": "-5"
        },
        {
          "first": "76",
          "second": "118",
          "amount": "-4"
        },
        {
          "first": "76",
          "second": "119",
          "amount": "-5"
        },
        {
          "first": "76",
          "second": "121",
          "amount": "-8"
        },
        {
          "first": "79",
          "second": "84",
          "amount": "-4"
        },
        {
          "first": "79",
          "second": "89",
          "amount": "-2"
        },
        {
          "first": "79",
          "second": "116",
          "amount": "-1"
        },
        {
          "first": "79",
          "second": "121",
          "amount": "-1"
        },
        {
          "first": "80",
          "second": "74",
          "amount": "-2"
        },
        {
          "first": "80",
          "second": "106",
          "amount": "-3"
        },
        {
          "first": "81",
          "second": "84",
          "amount": "-3"
        },
        {
          "first": "84",
          "second": "45",
          "amount": "-5"
        },
        {
          "first": "84",
          "second": "65",
          "amount": "-4"
        },
        {
          "first": "84",
          "second": "71",
          "amount": "-3"
        },
        {
          "first": "84",
          "second": "74",
          "amount": "-6"
        },
        {
          "first": "84",
          "second": "79",
          "amount": "-4"
        },
        {
          "first": "84",
          "second": "81",
          "amount": "-5"
        },
        {
          "first": "84",
          "second": "97",
          "amount": "-5"
        },
        {
          "first": "84",
          "second": "103",
          "amount": "-5"
        },
        {
          "first": "84",
          "second": "106",
          "amount": "-7"
        },
        {
          "first": "84",
          "second": "111",
          "amount": "-5"
        },
        {
          "first": "84",
          "second": "113",
          "amount": "-5"
        },
        {
          "first": "84",
          "second": "115",
          "amount": "-5"
        },
        {
          "first": "86",
          "second": "65",
          "amount": "-2"
        },
        {
          "first": "86",
          "second": "74",
          "amount": "-1"
        },
        {
          "first": "86",
          "second": "97",
          "amount": "-2"
        },
        {
          "first": "86",
          "second": "106",
          "amount": "-2"
        },
        {
          "first": "87",
          "second": "65",
          "amount": "-3"
        },
        {
          "first": "87",
          "second": "74",
          "amount": "-5"
        },
        {
          "first": "87",
          "second": "97",
          "amount": "-4"
        },
        {
          "first": "87",
          "second": "106",
          "amount": "-5"
        },
        {
          "first": "89",
          "second": "45",
          "amount": "-5"
        },
        {
          "first": "89",
          "second": "65",
          "amount": "-5"
        },
        {
          "first": "89",
          "second": "74",
          "amount": "-8"
        },
        {
          "first": "89",
          "second": "79",
          "amount": "-3"
        },
        {
          "first": "89",
          "second": "97",
          "amount": "-4"
        },
        {
          "first": "89",
          "second": "106",
          "amount": "-6"
        },
        {
          "first": "89",
          "second": "111",
          "amount": "-5"
        },
        {
          "first": "97",
          "second": "84",
          "amount": "-4"
        },
        {
          "first": "97",
          "second": "86",
          "amount": "-3"
        },
        {
          "first": "97",
          "second": "87",
          "amount": "-4"
        },
        {
          "first": "97",
          "second": "89",
          "amount": "-4"
        },
        {
          "first": "97",
          "second": "116",
          "amount": "-4"
        },
        {
          "first": "97",
          "second": "118",
          "amount": "-2"
        },
        {
          "first": "97",
          "second": "119",
          "amount": "-3"
        },
        {
          "first": "97",
          "second": "121",
          "amount": "-3"
        },
        {
          "first": "102",
          "second": "106",
          "amount": "-1"
        },
        {
          "first": "103",
          "second": "76",
          "amount": "-1"
        },
        {
          "first": "103",
          "second": "84",
          "amount": "-5"
        },
        {
          "first": "103",
          "second": "116",
          "amount": "-3"
        },
        {
          "first": "108",
          "second": "67",
          "amount": "-4"
        },
        {
          "first": "108",
          "second": "78",
          "amount": "-2"
        },
        {
          "first": "108",
          "second": "79",
          "amount": "-3"
        },
        {
          "first": "108",
          "second": "84",
          "amount": "-4"
        },
        {
          "first": "108",
          "second": "86",
          "amount": "-5"
        },
        {
          "first": "108",
          "second": "87",
          "amount": "-6"
        },
        {
          "first": "108",
          "second": "89",
          "amount": "-7"
        },
        {
          "first": "108",
          "second": "99",
          "amount": "-2"
        },
        {
          "first": "108",
          "second": "103",
          "amount": "-2"
        },
        {
          "first": "108",
          "second": "110",
          "amount": "-1"
        },
        {
          "first": "108",
          "second": "111",
          "amount": "-2"
        },
        {
          "first": "108",
          "second": "116",
          "amount": "-4"
        },
        {
          "first": "108",
          "second": "118",
          "amount": "-3"
        },
        {
          "first": "108",
          "second": "119",
          "amount": "-5"
        },
        {
          "first": "108",
          "second": "121",
          "amount": "-7"
        },
        {
          "first": "111",
          "second": "84",
          "amount": "-5"
        },
        {
          "first": "111",
          "second": "89",
          "amount": "-2"
        },
        {
          "first": "111",
          "second": "116",
          "amount": "-2"
        },
        {
          "first": "111",
          "second": "121",
          "amount": "-2"
        },
        {
          "first": "112",
          "second": "74",
          "amount": "-1"
        },
        {
          "first": "112",
          "second": "106",
          "amount": "-2"
        },
        {
          "first": "113",
          "second": "84",
          "amount": "-4"
        },
        {
          "first": "113",
          "second": "116",
          "amount": "-3"
        },
        {
          "first": "115",
          "second": "84",
          "amount": "-3"
        },
        {
          "first": "116",
          "second": "45",
          "amount": "-5"
        },
        {
          "first": "116",
          "second": "65",
          "amount": "-3"
        },
        {
          "first": "116",
          "second": "71",
          "amount": "-1"
        },
        {
          "first": "116",
          "second": "74",
          "amount": "-6"
        },
        {
          "first": "116",
          "second": "81",
          "amount": "-3"
        },
        {
          "first": "116",
          "second": "97",
          "amount": "-4"
        },
        {
          "first": "116",
          "second": "103",
          "amount": "-3"
        },
        {
          "first": "116",
          "second": "106",
          "amount": "-6"
        },
        {
          "first": "116",
          "second": "111",
          "amount": "-3"
        },
        {
          "first": "116",
          "second": "113",
          "amount": "-3"
        },
        {
          "first": "116",
          "second": "115",
          "amount": "-1"
        },
        {
          "first": "118",
          "second": "65",
          "amount": "-1"
        },
        {
          "first": "118",
          "second": "74",
          "amount": "-1"
        },
        {
          "first": "118",
          "second": "97",
          "amount": "-2"
        },
        {
          "first": "118",
          "second": "106",
          "amount": "-2"
        },
        {
          "first": "119",
          "second": "65",
          "amount": "-3"
        },
        {
          "first": "119",
          "second": "74",
          "amount": "-3"
        },
        {
          "first": "119",
          "second": "97",
          "amount": "-3"
        },
        {
          "first": "119",
          "second": "106",
          "amount": "-4"
        },
        {
          "first": "121",
          "second": "65",
          "amount": "-3"
        },
        {
          "first": "121",
          "second": "74",
          "amount": "-6"
        },
        {
          "first": "121",
          "second": "97",
          "amount": "-4"
        },
        {
          "first": "121",
          "second": "106",
          "amount": "-6"
        },
        {
          "first": "200",
          "second": "34",
          "amount": "-5"
        },
        {
          "first": "202",
          "second": "36",
          "amount": "-1"
        },
        {
          "first": "203",
          "second": "36",
          "amount": "-4"
        }
      ]
    }
  }
}