{
  "font": {
    "info": {
      "face": "Young Frankenstein Expanded Italic",
      "size": "80",
      "bold": "0",
      "italic": "1",
      "chasrset": "",
      "unicode": "0",
      "stretchH": "100",
      "smooth": "1",
      "aa": "1",
      "padding": "0,0,0,0",
      "spacing": "2,2"
    },
    "common": {
      "lineHeight": "84",
      "base": "68",
      "scaleW": "1024",
      "scaleH": "1024",
      "pages": "1",
      "packed": "0"
    },
    "pages": {
      "page": {
        "id": "0",
        "file": "young_frankenstein_expanded_80.png"
      }
    },
    "chars": {
      "count": "171",
      "char": [
        {
          "id": "32",
          "x": "131",
          "y": "663",
          "width": "0",
          "height": "0",
          "xoffset": "0",
          "yoffset": "73",
          "xadvance": "21",
          "page": "0",
          "chnl": "0",
          "letter": "space"
        },
        {
          "id": "33",
          "x": "930",
          "y": "468",
          "width": "39",
          "height": "64",
          "xoffset": "4",
          "yoffset": "7",
          "xadvance": "18",
          "page": "0",
          "chnl": "0",
          "letter": "!"
        },
        {
          "id": "34",
          "x": "689",
          "y": "600",
          "width": "38",
          "height": "31",
          "xoffset": "13",
          "yoffset": "7",
          "xadvance": "25",
          "page": "0",
          "chnl": "0",
          "letter": "\""
        },
        {
          "id": "35",
          "x": "2",
          "y": "468",
          "width": "66",
          "height": "64",
          "xoffset": "6",
          "yoffset": "7",
          "xadvance": "49",
          "page": "0",
          "chnl": "0",
          "letter": "#"
        },
        {
          "id": "36",
          "x": "791",
          "y": "324",
          "width": "45",
          "height": "69",
          "xoffset": "6",
          "yoffset": "4",
          "xadvance": "30",
          "page": "0",
          "chnl": "0",
          "letter": "$"
        },
        {
          "id": "37",
          "x": "248",
          "y": "398",
          "width": "57",
          "height": "66",
          "xoffset": "3",
          "yoffset": "6",
          "xadvance": "38",
          "page": "0",
          "chnl": "0",
          "letter": "%"
        },
        {
          "id": "38",
          "x": "534",
          "y": "468",
          "width": "52",
          "height": "64",
          "xoffset": "4",
          "yoffset": "7",
          "xadvance": "36",
          "page": "0",
          "chnl": "0",
          "letter": "&"
        },
        {
          "id": "39",
          "x": "658",
          "y": "600",
          "width": "29",
          "height": "32",
          "xoffset": "13",
          "yoffset": "7",
          "xadvance": "17",
          "page": "0",
          "chnl": "0",
          "letter": "'"
        },
        {
          "id": "40",
          "x": "838",
          "y": "324",
          "width": "45",
          "height": "69",
          "xoffset": "8",
          "yoffset": "4",
          "xadvance": "28",
          "page": "0",
          "chnl": "0",
          "letter": "("
        },
        {
          "id": "41",
          "x": "885",
          "y": "324",
          "width": "45",
          "height": "69",
          "xoffset": "3",
          "yoffset": "4",
          "xadvance": "28",
          "page": "0",
          "chnl": "0",
          "letter": ")"
        },
        {
          "id": "42",
          "x": "621",
          "y": "600",
          "width": "35",
          "height": "32",
          "xoffset": "15",
          "yoffset": "1",
          "xadvance": "26",
          "page": "0",
          "chnl": "0",
          "letter": "*"
        },
        {
          "id": "43",
          "x": "410",
          "y": "600",
          "width": "48",
          "height": "40",
          "xoffset": "10",
          "yoffset": "17",
          "xadvance": "37",
          "page": "0",
          "chnl": "0",
          "letter": "+"
        },
        {
          "id": "44",
          "x": "587",
          "y": "600",
          "width": "32",
          "height": "33",
          "xoffset": "-1",
          "yoffset": "43",
          "xadvance": "17",
          "page": "0",
          "chnl": "0",
          "letter": ","
        },
        {
          "id": "45",
          "x": "44",
          "y": "663",
          "width": "35",
          "height": "22",
          "xoffset": "10",
          "yoffset": "26",
          "xadvance": "25",
          "page": "0",
          "chnl": "0",
          "letter": "-"
        },
        {
          "id": "46",
          "x": "771",
          "y": "600",
          "width": "28",
          "height": "26",
          "xoffset": "4",
          "yoffset": "44",
          "xadvance": "17",
          "page": "0",
          "chnl": "0",
          "letter": "."
        },
        {
          "id": "47",
          "x": "70",
          "y": "468",
          "width": "57",
          "height": "64",
          "xoffset": "2",
          "yoffset": "7",
          "xadvance": "34",
          "page": "0",
          "chnl": "0",
          "letter": "/"
        },
        {
          "id": "48",
          "x": "53",
          "y": "600",
          "width": "48",
          "height": "61",
          "xoffset": "6",
          "yoffset": "8",
          "xadvance": "34",
          "page": "0",
          "chnl": "0",
          "letter": "0"
        },
        {
          "id": "49",
          "x": "634",
          "y": "534",
          "width": "40",
          "height": "63",
          "xoffset": "8",
          "yoffset": "9",
          "xadvance": "23",
          "page": "0",
          "chnl": "0",
          "letter": "1"
        },
        {
          "id": "50",
          "x": "2",
          "y": "600",
          "width": "49",
          "height": "61",
          "xoffset": "5",
          "yoffset": "9",
          "xadvance": "31",
          "page": "0",
          "chnl": "0",
          "letter": "2"
        },
        {
          "id": "51",
          "x": "588",
          "y": "468",
          "width": "51",
          "height": "64",
          "xoffset": "4",
          "yoffset": "7",
          "xadvance": "32",
          "page": "0",
          "chnl": "0",
          "letter": "3"
        },
        {
          "id": "52",
          "x": "699",
          "y": "398",
          "width": "52",
          "height": "65",
          "xoffset": "8",
          "yoffset": "7",
          "xadvance": "41",
          "page": "0",
          "chnl": "0",
          "letter": "4"
        },
        {
          "id": "53",
          "x": "153",
          "y": "600",
          "width": "50",
          "height": "60",
          "xoffset": "4",
          "yoffset": "8",
          "xadvance": "30",
          "page": "0",
          "chnl": "0",
          "letter": "5"
        },
        {
          "id": "54",
          "x": "781",
          "y": "534",
          "width": "49",
          "height": "62",
          "xoffset": "8",
          "yoffset": "8",
          "xadvance": "36",
          "page": "0",
          "chnl": "0",
          "letter": "6"
        },
        {
          "id": "55",
          "x": "363",
          "y": "468",
          "width": "55",
          "height": "64",
          "xoffset": "2",
          "yoffset": "7",
          "xadvance": "30",
          "page": "0",
          "chnl": "0",
          "letter": "7"
        },
        {
          "id": "56",
          "x": "641",
          "y": "468",
          "width": "51",
          "height": "64",
          "xoffset": "4",
          "yoffset": "7",
          "xadvance": "32",
          "page": "0",
          "chnl": "0",
          "letter": "8"
        },
        {
          "id": "57",
          "x": "832",
          "y": "534",
          "width": "49",
          "height": "62",
          "xoffset": "8",
          "yoffset": "8",
          "xadvance": "36",
          "page": "0",
          "chnl": "0",
          "letter": "9"
        },
        {
          "id": "58",
          "x": "245",
          "y": "600",
          "width": "34",
          "height": "48",
          "xoffset": "4",
          "yoffset": "22",
          "xadvance": "17",
          "page": "0",
          "chnl": "0",
          "letter": ":"
        },
        {
          "id": "59",
          "x": "205",
          "y": "600",
          "width": "38",
          "height": "54",
          "xoffset": "-1",
          "yoffset": "22",
          "xadvance": "17",
          "page": "0",
          "chnl": "0",
          "letter": ";"
        },
        {
          "id": "60",
          "x": "842",
          "y": "468",
          "width": "43",
          "height": "64",
          "xoffset": "10",
          "yoffset": "7",
          "xadvance": "28",
          "page": "0",
          "chnl": "0",
          "letter": "<"
        },
        {
          "id": "61",
          "x": "534",
          "y": "600",
          "width": "51",
          "height": "34",
          "xoffset": "8",
          "yoffset": "21",
          "xadvance": "38",
          "page": "0",
          "chnl": "0",
          "letter": "="
        },
        {
          "id": "62",
          "x": "796",
          "y": "468",
          "width": "44",
          "height": "64",
          "xoffset": "4",
          "yoffset": "7",
          "xadvance": "28",
          "page": "0",
          "chnl": "0",
          "letter": ">"
        },
        {
          "id": "63",
          "x": "883",
          "y": "534",
          "width": "49",
          "height": "62",
          "xoffset": "5",
          "yoffset": "8",
          "xadvance": "31",
          "page": "0",
          "chnl": "0",
          "letter": "?"
        },
        {
          "id": "65",
          "x": "131",
          "y": "248",
          "width": "57",
          "height": "74",
          "xoffset": "3",
          "yoffset": "-3",
          "xadvance": "38",
          "page": "0",
          "chnl": "0",
          "letter": "A"
        },
        {
          "id": "66",
          "x": "378",
          "y": "248",
          "width": "61",
          "height": "73",
          "xoffset": "4",
          "yoffset": "-1",
          "xadvance": "40",
          "page": "0",
          "chnl": "0",
          "letter": "B"
        },
        {
          "id": "67",
          "x": "622",
          "y": "324",
          "width": "55",
          "height": "69",
          "xoffset": "9",
          "yoffset": "-0",
          "xadvance": "41",
          "page": "0",
          "chnl": "0",
          "letter": "C"
        },
        {
          "id": "68",
          "x": "274",
          "y": "324",
          "width": "60",
          "height": "71",
          "xoffset": "7",
          "yoffset": "-1",
          "xadvance": "43",
          "page": "0",
          "chnl": "0",
          "letter": "D"
        },
        {
          "id": "69",
          "x": "567",
          "y": "324",
          "width": "53",
          "height": "70",
          "xoffset": "6",
          "yoffset": "-0",
          "xadvance": "32",
          "page": "0",
          "chnl": "0",
          "letter": "E"
        },
        {
          "id": "70",
          "x": "840",
          "y": "248",
          "width": "56",
          "height": "72",
          "xoffset": "5",
          "yoffset": "-1",
          "xadvance": "31",
          "page": "0",
          "chnl": "0",
          "letter": "F"
        },
        {
          "id": "71",
          "x": "509",
          "y": "324",
          "width": "56",
          "height": "70",
          "xoffset": "9",
          "yoffset": "-0",
          "xadvance": "43",
          "page": "0",
          "chnl": "0",
          "letter": "G"
        },
        {
          "id": "72",
          "x": "585",
          "y": "248",
          "width": "63",
          "height": "72",
          "xoffset": "4",
          "yoffset": "-1",
          "xadvance": "39",
          "page": "0",
          "chnl": "0",
          "letter": "H"
        },
        {
          "id": "73",
          "x": "106",
          "y": "324",
          "width": "45",
          "height": "72",
          "xoffset": "4",
          "yoffset": "-1",
          "xadvance": "21",
          "page": "0",
          "chnl": "0",
          "letter": "I"
        },
        {
          "id": "74",
          "x": "336",
          "y": "324",
          "width": "60",
          "height": "71",
          "xoffset": "7",
          "yoffset": "-1",
          "xadvance": "40",
          "page": "0",
          "chnl": "0",
          "letter": "J"
        },
        {
          "id": "75",
          "x": "714",
          "y": "248",
          "width": "61",
          "height": "72",
          "xoffset": "5",
          "yoffset": "-1",
          "xadvance": "38",
          "page": "0",
          "chnl": "0",
          "letter": "K"
        },
        {
          "id": "76",
          "x": "153",
          "y": "324",
          "width": "43",
          "height": "72",
          "xoffset": "3",
          "yoffset": "-1",
          "xadvance": "31",
          "page": "0",
          "chnl": "0",
          "letter": "L"
        },
        {
          "id": "77",
          "x": "441",
          "y": "248",
          "width": "76",
          "height": "72",
          "xoffset": "5",
          "yoffset": "-1",
          "xadvance": "56",
          "page": "0",
          "chnl": "0",
          "letter": "M"
        },
        {
          "id": "78",
          "x": "248",
          "y": "248",
          "width": "64",
          "height": "73",
          "xoffset": "7",
          "yoffset": "-1",
          "xadvance": "43",
          "page": "0",
          "chnl": "0",
          "letter": "N"
        },
        {
          "id": "79",
          "x": "604",
          "y": "169",
          "width": "56",
          "height": "76",
          "xoffset": "8",
          "yoffset": "-3",
          "xadvance": "40",
          "page": "0",
          "chnl": "0",
          "letter": "O"
        },
        {
          "id": "80",
          "x": "314",
          "y": "248",
          "width": "62",
          "height": "73",
          "xoffset": "5",
          "yoffset": "-2",
          "xadvance": "42",
          "page": "0",
          "chnl": "0",
          "letter": "P"
        },
        {
          "id": "81",
          "x": "898",
          "y": "248",
          "width": "56",
          "height": "72",
          "xoffset": "7",
          "yoffset": "-0",
          "xadvance": "40",
          "page": "0",
          "chnl": "0",
          "letter": "Q"
        },
        {
          "id": "82",
          "x": "2",
          "y": "248",
          "width": "64",
          "height": "74",
          "xoffset": "5",
          "yoffset": "-2",
          "xadvance": "43",
          "page": "0",
          "chnl": "0",
          "letter": "R"
        },
        {
          "id": "83",
          "x": "454",
          "y": "324",
          "width": "53",
          "height": "71",
          "xoffset": "3",
          "yoffset": "-1",
          "xadvance": "31",
          "page": "0",
          "chnl": "0",
          "letter": "S"
        },
        {
          "id": "84",
          "x": "956",
          "y": "248",
          "width": "53",
          "height": "72",
          "xoffset": "10",
          "yoffset": "-1",
          "xadvance": "34",
          "page": "0",
          "chnl": "0",
          "letter": "T"
        },
        {
          "id": "85",
          "x": "650",
          "y": "248",
          "width": "62",
          "height": "72",
          "xoffset": "8",
          "yoffset": "-1",
          "xadvance": "42",
          "page": "0",
          "chnl": "0",
          "letter": "U"
        },
        {
          "id": "86",
          "x": "190",
          "y": "248",
          "width": "56",
          "height": "74",
          "xoffset": "10",
          "yoffset": "-2",
          "xadvance": "37",
          "page": "0",
          "chnl": "0",
          "letter": "V"
        },
        {
          "id": "87",
          "x": "198",
          "y": "324",
          "width": "74",
          "height": "71",
          "xoffset": "12",
          "yoffset": "1",
          "xadvance": "60",
          "page": "0",
          "chnl": "0",
          "letter": "W"
        },
        {
          "id": "88",
          "x": "519",
          "y": "248",
          "width": "64",
          "height": "72",
          "xoffset": "2",
          "yoffset": "-1",
          "xadvance": "39",
          "page": "0",
          "chnl": "0",
          "letter": "X"
        },
        {
          "id": "89",
          "x": "398",
          "y": "324",
          "width": "54",
          "height": "71",
          "xoffset": "14",
          "yoffset": "-1",
          "xadvance": "39",
          "page": "0",
          "chnl": "0",
          "letter": "Y"
        },
        {
          "id": "90",
          "x": "777",
          "y": "248",
          "width": "61",
          "height": "72",
          "xoffset": "2",
          "yoffset": "-1",
          "xadvance": "34",
          "page": "0",
          "chnl": "0",
          "letter": "Z"
        },
        {
          "id": "91",
          "x": "872",
          "y": "169",
          "width": "52",
          "height": "75",
          "xoffset": "3",
          "yoffset": "2",
          "xadvance": "28",
          "page": "0",
          "chnl": "0",
          "letter": "["
        },
        {
          "id": "92",
          "x": "43",
          "y": "534",
          "width": "32",
          "height": "64",
          "xoffset": "14",
          "yoffset": "7",
          "xadvance": "34",
          "page": "0",
          "chnl": "0",
          "letter": "\\"
        },
        {
          "id": "93",
          "x": "926",
          "y": "169",
          "width": "52",
          "height": "75",
          "xoffset": "1",
          "yoffset": "2",
          "xadvance": "28",
          "page": "0",
          "chnl": "0",
          "letter": "]"
        },
        {
          "id": "94",
          "x": "422",
          "y": "398",
          "width": "52",
          "height": "66",
          "xoffset": "2",
          "yoffset": "6",
          "xadvance": "32",
          "page": "0",
          "chnl": "0",
          "letter": "^"
        },
        {
          "id": "95",
          "x": "81",
          "y": "663",
          "width": "48",
          "height": "21",
          "xoffset": "3",
          "yoffset": "52",
          "xadvance": "37",
          "page": "0",
          "chnl": "0",
          "letter": "_"
        },
        {
          "id": "96",
          "x": "893",
          "y": "600",
          "width": "25",
          "height": "23",
          "xoffset": "15",
          "yoffset": "8",
          "xadvance": "16",
          "page": "0",
          "chnl": "0",
          "letter": "`"
        },
        {
          "id": "97",
          "x": "476",
          "y": "398",
          "width": "52",
          "height": "66",
          "xoffset": "2",
          "yoffset": "6",
          "xadvance": "33",
          "page": "0",
          "chnl": "0",
          "letter": "a"
        },
        {
          "id": "98",
          "x": "366",
          "y": "398",
          "width": "54",
          "height": "66",
          "xoffset": "4",
          "yoffset": "6",
          "xadvance": "35",
          "page": "0",
          "chnl": "0",
          "letter": "b"
        },
        {
          "id": "99",
          "x": "729",
          "y": "534",
          "width": "50",
          "height": "62",
          "xoffset": "8",
          "yoffset": "8",
          "xadvance": "35",
          "page": "0",
          "chnl": "0",
          "letter": "c"
        },
        {
          "id": "100",
          "x": "320",
          "y": "534",
          "width": "54",
          "height": "63",
          "xoffset": "6",
          "yoffset": "8",
          "xadvance": "37",
          "page": "0",
          "chnl": "0",
          "letter": "d"
        },
        {
          "id": "101",
          "x": "484",
          "y": "534",
          "width": "48",
          "height": "63",
          "xoffset": "5",
          "yoffset": "8",
          "xadvance": "28",
          "page": "0",
          "chnl": "0",
          "letter": "e"
        },
        {
          "id": "102",
          "x": "694",
          "y": "468",
          "width": "50",
          "height": "64",
          "xoffset": "4",
          "yoffset": "8",
          "xadvance": "27",
          "page": "0",
          "chnl": "0",
          "letter": "f"
        },
        {
          "id": "103",
          "x": "432",
          "y": "534",
          "width": "50",
          "height": "63",
          "xoffset": "8",
          "yoffset": "7",
          "xadvance": "37",
          "page": "0",
          "chnl": "0",
          "letter": "g"
        },
        {
          "id": "104",
          "x": "247",
          "y": "468",
          "width": "56",
          "height": "64",
          "xoffset": "3",
          "yoffset": "7",
          "xadvance": "34",
          "page": "0",
          "chnl": "0",
          "letter": "h"
        },
        {
          "id": "105",
          "x": "887",
          "y": "468",
          "width": "41",
          "height": "64",
          "xoffset": "4",
          "yoffset": "7",
          "xadvance": "18",
          "page": "0",
          "chnl": "0",
          "letter": "i"
        },
        {
          "id": "106",
          "x": "376",
          "y": "534",
          "width": "54",
          "height": "63",
          "xoffset": "6",
          "yoffset": "7",
          "xadvance": "35",
          "page": "0",
          "chnl": "0",
          "letter": "j"
        },
        {
          "id": "107",
          "x": "420",
          "y": "468",
          "width": "55",
          "height": "64",
          "xoffset": "4",
          "yoffset": "7",
          "xadvance": "33",
          "page": "0",
          "chnl": "0",
          "letter": "k"
        },
        {
          "id": "108",
          "x": "971",
          "y": "468",
          "width": "39",
          "height": "64",
          "xoffset": "3",
          "yoffset": "7",
          "xadvance": "27",
          "page": "0",
          "chnl": "0",
          "letter": "l"
        },
        {
          "id": "109",
          "x": "913",
          "y": "398",
          "width": "68",
          "height": "64",
          "xoffset": "4",
          "yoffset": "7",
          "xadvance": "49",
          "page": "0",
          "chnl": "0",
          "letter": "m"
        },
        {
          "id": "110",
          "x": "582",
          "y": "398",
          "width": "57",
          "height": "65",
          "xoffset": "6",
          "yoffset": "7",
          "xadvance": "37",
          "page": "0",
          "chnl": "0",
          "letter": "n"
        },
        {
          "id": "111",
          "x": "932",
          "y": "324",
          "width": "51",
          "height": "68",
          "xoffset": "7",
          "yoffset": "5",
          "xadvance": "35",
          "page": "0",
          "chnl": "0",
          "letter": "o"
        },
        {
          "id": "112",
          "x": "641",
          "y": "398",
          "width": "56",
          "height": "65",
          "xoffset": "4",
          "yoffset": "7",
          "xadvance": "37",
          "page": "0",
          "chnl": "0",
          "letter": "p"
        },
        {
          "id": "113",
          "x": "861",
          "y": "398",
          "width": "50",
          "height": "65",
          "xoffset": "6",
          "yoffset": "7",
          "xadvance": "35",
          "page": "0",
          "chnl": "0",
          "letter": "q"
        },
        {
          "id": "114",
          "x": "307",
          "y": "398",
          "width": "57",
          "height": "66",
          "xoffset": "4",
          "yoffset": "6",
          "xadvance": "38",
          "page": "0",
          "chnl": "0",
          "letter": "r"
        },
        {
          "id": "115",
          "x": "534",
          "y": "534",
          "width": "48",
          "height": "63",
          "xoffset": "2",
          "yoffset": "7",
          "xadvance": "27",
          "page": "0",
          "chnl": "0",
          "letter": "s"
        },
        {
          "id": "116",
          "x": "746",
          "y": "468",
          "width": "48",
          "height": "64",
          "xoffset": "9",
          "yoffset": "7",
          "xadvance": "30",
          "page": "0",
          "chnl": "0",
          "letter": "t"
        },
        {
          "id": "117",
          "x": "305",
          "y": "468",
          "width": "56",
          "height": "64",
          "xoffset": "7",
          "yoffset": "7",
          "xadvance": "36",
          "page": "0",
          "chnl": "0",
          "letter": "u"
        },
        {
          "id": "118",
          "x": "530",
          "y": "398",
          "width": "50",
          "height": "66",
          "xoffset": "9",
          "yoffset": "6",
          "xadvance": "32",
          "page": "0",
          "chnl": "0",
          "letter": "v"
        },
        {
          "id": "119",
          "x": "77",
          "y": "534",
          "width": "66",
          "height": "63",
          "xoffset": "11",
          "yoffset": "9",
          "xadvance": "52",
          "page": "0",
          "chnl": "0",
          "letter": "w"
        },
        {
          "id": "120",
          "x": "129",
          "y": "468",
          "width": "57",
          "height": "64",
          "xoffset": "2",
          "yoffset": "7",
          "xadvance": "34",
          "page": "0",
          "chnl": "0",
          "letter": "x"
        },
        {
          "id": "121",
          "x": "584",
          "y": "534",
          "width": "48",
          "height": "63",
          "xoffset": "12",
          "yoffset": "8",
          "xadvance": "34",
          "page": "0",
          "chnl": "0",
          "letter": "y"
        },
        {
          "id": "122",
          "x": "477",
          "y": "468",
          "width": "55",
          "height": "64",
          "xoffset": "2",
          "yoffset": "7",
          "xadvance": "30",
          "page": "0",
          "chnl": "0",
          "letter": "z"
        },
        {
          "id": "123",
          "x": "679",
          "y": "324",
          "width": "54",
          "height": "69",
          "xoffset": "10",
          "yoffset": "4",
          "xadvance": "39",
          "page": "0",
          "chnl": "0",
          "letter": "{"
        },
        {
          "id": "124",
          "x": "2",
          "y": "2",
          "width": "46",
          "height": "84",
          "xoffset": "-1",
          "yoffset": "-0",
          "xadvance": "16",
          "page": "0",
          "chnl": "0",
          "letter": "|"
        },
        {
          "id": "125",
          "x": "735",
          "y": "324",
          "width": "54",
          "height": "69",
          "xoffset": "4",
          "yoffset": "4",
          "xadvance": "39",
          "page": "0",
          "chnl": "0",
          "letter": "}"
        },
        {
          "id": "161",
          "x": "2",
          "y": "534",
          "width": "39",
          "height": "64",
          "xoffset": "3",
          "yoffset": "7",
          "xadvance": "18",
          "page": "0",
          "chnl": "0",
          "letter": "¡"
        },
        {
          "id": "162",
          "x": "55",
          "y": "398",
          "width": "47",
          "height": "68",
          "xoffset": "8",
          "yoffset": "5",
          "xadvance": "35",
          "page": "0",
          "chnl": "0",
          "letter": "¢"
        },
        {
          "id": "163",
          "x": "145",
          "y": "534",
          "width": "58",
          "height": "63",
          "xoffset": "3",
          "yoffset": "7",
          "xadvance": "42",
          "page": "0",
          "chnl": "0",
          "letter": "£"
        },
        {
          "id": "164",
          "x": "188",
          "y": "468",
          "width": "57",
          "height": "64",
          "xoffset": "2",
          "yoffset": "7",
          "xadvance": "34",
          "page": "0",
          "chnl": "0",
          "letter": "¤"
        },
        {
          "id": "165",
          "x": "205",
          "y": "534",
          "width": "56",
          "height": "63",
          "xoffset": "5",
          "yoffset": "8",
          "xadvance": "35",
          "page": "0",
          "chnl": "0",
          "letter": "¥"
        },
        {
          "id": "166",
          "x": "50",
          "y": "2",
          "width": "46",
          "height": "84",
          "xoffset": "-1",
          "yoffset": "-0",
          "xadvance": "16",
          "page": "0",
          "chnl": "0",
          "letter": "¦"
        },
        {
          "id": "168",
          "x": "2",
          "y": "663",
          "width": "40",
          "height": "22",
          "xoffset": "14",
          "yoffset": "8",
          "xadvance": "28",
          "page": "0",
          "chnl": "0",
          "letter": "¨"
        },
        {
          "id": "180",
          "x": "863",
          "y": "600",
          "width": "28",
          "height": "23",
          "xoffset": "13",
          "yoffset": "8",
          "xadvance": "16",
          "page": "0",
          "chnl": "0",
          "letter": "´"
        },
        {
          "id": "181",
          "x": "281",
          "y": "600",
          "width": "77",
          "height": "44",
          "xoffset": "8",
          "yoffset": "23",
          "xadvance": "68",
          "page": "0",
          "chnl": "0",
          "letter": "µ"
        },
        {
          "id": "182",
          "x": "920",
          "y": "600",
          "width": "61",
          "height": "22",
          "xoffset": "7",
          "yoffset": "35",
          "xadvance": "52",
          "page": "0",
          "chnl": "0",
          "letter": "¶"
        },
        {
          "id": "183",
          "x": "833",
          "y": "600",
          "width": "28",
          "height": "25",
          "xoffset": "9",
          "yoffset": "26",
          "xadvance": "17",
          "page": "0",
          "chnl": "0",
          "letter": "·"
        },
        {
          "id": "184",
          "x": "801",
          "y": "600",
          "width": "30",
          "height": "25",
          "xoffset": "-6",
          "yoffset": "55",
          "xadvance": "11",
          "page": "0",
          "chnl": "0",
          "letter": "¸"
        },
        {
          "id": "185",
          "x": "506",
          "y": "600",
          "width": "26",
          "height": "38",
          "xoffset": "15",
          "yoffset": "1",
          "xadvance": "14",
          "page": "0",
          "chnl": "0",
          "letter": "¹"
        },
        {
          "id": "187",
          "x": "729",
          "y": "600",
          "width": "40",
          "height": "28",
          "xoffset": "9",
          "yoffset": "21",
          "xadvance": "29",
          "page": "0",
          "chnl": "0",
          "letter": "»"
        },
        {
          "id": "191",
          "x": "934",
          "y": "534",
          "width": "49",
          "height": "62",
          "xoffset": "5",
          "yoffset": "8",
          "xadvance": "31",
          "page": "0",
          "chnl": "0",
          "letter": "¿"
        },
        {
          "id": "192",
          "x": "224",
          "y": "88",
          "width": "52",
          "height": "79",
          "xoffset": "2",
          "yoffset": "-7",
          "xadvance": "32",
          "page": "0",
          "chnl": "0",
          "letter": "À"
        },
        {
          "id": "193",
          "x": "568",
          "y": "88",
          "width": "53",
          "height": "78",
          "xoffset": "2",
          "yoffset": "-6",
          "xadvance": "32",
          "page": "0",
          "chnl": "0",
          "letter": "Á"
        },
        {
          "id": "194",
          "x": "114",
          "y": "88",
          "width": "53",
          "height": "79",
          "xoffset": "2",
          "yoffset": "-7",
          "xadvance": "32",
          "page": "0",
          "chnl": "0",
          "letter": "Â"
        },
        {
          "id": "195",
          "x": "332",
          "y": "88",
          "width": "58",
          "height": "78",
          "xoffset": "2",
          "yoffset": "-6",
          "xadvance": "32",
          "page": "0",
          "chnl": "0",
          "letter": "Ã"
        },
        {
          "id": "196",
          "x": "2",
          "y": "169",
          "width": "57",
          "height": "77",
          "xoffset": "2",
          "yoffset": "-5",
          "xadvance": "31",
          "page": "0",
          "chnl": "0",
          "letter": "Ä"
        },
        {
          "id": "197",
          "x": "120",
          "y": "169",
          "width": "52",
          "height": "77",
          "xoffset": "2",
          "yoffset": "-5",
          "xadvance": "31",
          "page": "0",
          "chnl": "0",
          "letter": "Å"
        },
        {
          "id": "198",
          "x": "104",
          "y": "398",
          "width": "70",
          "height": "66",
          "xoffset": "3",
          "yoffset": "6",
          "xadvance": "48",
          "page": "0",
          "chnl": "0",
          "letter": "Æ"
        },
        {
          "id": "199",
          "x": "2",
          "y": "324",
          "width": "50",
          "height": "72",
          "xoffset": "8",
          "yoffset": "8",
          "xadvance": "35",
          "page": "0",
          "chnl": "0",
          "letter": "Ç"
        },
        {
          "id": "200",
          "x": "678",
          "y": "88",
          "width": "48",
          "height": "78",
          "xoffset": "5",
          "yoffset": "-7",
          "xadvance": "28",
          "page": "0",
          "chnl": "0",
          "letter": "È"
        },
        {
          "id": "201",
          "x": "228",
          "y": "169",
          "width": "48",
          "height": "77",
          "xoffset": "5",
          "yoffset": "-6",
          "xadvance": "28",
          "page": "0",
          "chnl": "0",
          "letter": "É"
        },
        {
          "id": "202",
          "x": "728",
          "y": "88",
          "width": "48",
          "height": "78",
          "xoffset": "5",
          "yoffset": "-7",
          "xadvance": "28",
          "page": "0",
          "chnl": "0",
          "letter": "Ê"
        },
        {
          "id": "203",
          "x": "662",
          "y": "169",
          "width": "51",
          "height": "76",
          "xoffset": "5",
          "yoffset": "-5",
          "xadvance": "28",
          "page": "0",
          "chnl": "0",
          "letter": "Ë"
        },
        {
          "id": "204",
          "x": "518",
          "y": "169",
          "width": "41",
          "height": "77",
          "xoffset": "4",
          "yoffset": "-6",
          "xadvance": "18",
          "page": "0",
          "chnl": "0",
          "letter": "Ì"
        },
        {
          "id": "205",
          "x": "428",
          "y": "169",
          "width": "43",
          "height": "77",
          "xoffset": "4",
          "yoffset": "-6",
          "xadvance": "18",
          "page": "0",
          "chnl": "0",
          "letter": "Í"
        },
        {
          "id": "206",
          "x": "878",
          "y": "88",
          "width": "45",
          "height": "78",
          "xoffset": "4",
          "yoffset": "-7",
          "xadvance": "18",
          "page": "0",
          "chnl": "0",
          "letter": "Î"
        },
        {
          "id": "207",
          "x": "768",
          "y": "169",
          "width": "50",
          "height": "76",
          "xoffset": "4",
          "yoffset": "-5",
          "xadvance": "18",
          "page": "0",
          "chnl": "0",
          "letter": "Ï"
        },
        {
          "id": "208",
          "x": "263",
          "y": "534",
          "width": "55",
          "height": "63",
          "xoffset": "9",
          "yoffset": "8",
          "xadvance": "41",
          "page": "0",
          "chnl": "0",
          "letter": "Ð"
        },
        {
          "id": "209",
          "x": "532",
          "y": "2",
          "width": "58",
          "height": "79",
          "xoffset": "6",
          "yoffset": "-7",
          "xadvance": "37",
          "page": "0",
          "chnl": "0",
          "letter": "Ñ"
        },
        {
          "id": "210",
          "x": "214",
          "y": "2",
          "width": "51",
          "height": "80",
          "xoffset": "7",
          "yoffset": "-7",
          "xadvance": "35",
          "page": "0",
          "chnl": "0",
          "letter": "Ò"
        },
        {
          "id": "211",
          "x": "267",
          "y": "2",
          "width": "51",
          "height": "80",
          "xoffset": "7",
          "yoffset": "-7",
          "xadvance": "35",
          "page": "0",
          "chnl": "0",
          "letter": "Ó"
        },
        {
          "id": "212",
          "x": "320",
          "y": "2",
          "width": "51",
          "height": "80",
          "xoffset": "7",
          "yoffset": "-7",
          "xadvance": "35",
          "page": "0",
          "chnl": "0",
          "letter": "Ô"
        },
        {
          "id": "213",
          "x": "98",
          "y": "2",
          "width": "56",
          "height": "80",
          "xoffset": "7",
          "yoffset": "-7",
          "xadvance": "35",
          "page": "0",
          "chnl": "0",
          "letter": "Õ"
        },
        {
          "id": "214",
          "x": "2",
          "y": "88",
          "width": "54",
          "height": "79",
          "xoffset": "7",
          "yoffset": "-6",
          "xadvance": "35",
          "page": "0",
          "chnl": "0",
          "letter": "Ö"
        },
        {
          "id": "215",
          "x": "460",
          "y": "600",
          "width": "44",
          "height": "39",
          "xoffset": "8",
          "yoffset": "17",
          "xadvance": "34",
          "page": "0",
          "chnl": "0",
          "letter": "×"
        },
        {
          "id": "216",
          "x": "103",
          "y": "600",
          "width": "48",
          "height": "61",
          "xoffset": "6",
          "yoffset": "8",
          "xadvance": "34",
          "page": "0",
          "chnl": "0",
          "letter": "Ø"
        },
        {
          "id": "217",
          "x": "652",
          "y": "2",
          "width": "56",
          "height": "79",
          "xoffset": "7",
          "yoffset": "-8",
          "xadvance": "36",
          "page": "0",
          "chnl": "0",
          "letter": "Ù"
        },
        {
          "id": "218",
          "x": "710",
          "y": "2",
          "width": "56",
          "height": "79",
          "xoffset": "7",
          "yoffset": "-8",
          "xadvance": "36",
          "page": "0",
          "chnl": "0",
          "letter": "Ú"
        },
        {
          "id": "219",
          "x": "768",
          "y": "2",
          "width": "56",
          "height": "79",
          "xoffset": "7",
          "yoffset": "-8",
          "xadvance": "36",
          "page": "0",
          "chnl": "0",
          "letter": "Û"
        },
        {
          "id": "220",
          "x": "452",
          "y": "88",
          "width": "56",
          "height": "78",
          "xoffset": "7",
          "yoffset": "-7",
          "xadvance": "36",
          "page": "0",
          "chnl": "0",
          "letter": "Ü"
        },
        {
          "id": "221",
          "x": "278",
          "y": "169",
          "width": "48",
          "height": "77",
          "xoffset": "12",
          "yoffset": "-6",
          "xadvance": "34",
          "page": "0",
          "chnl": "0",
          "letter": "Ý"
        },
        {
          "id": "222",
          "x": "753",
          "y": "398",
          "width": "52",
          "height": "65",
          "xoffset": "4",
          "yoffset": "7",
          "xadvance": "36",
          "page": "0",
          "chnl": "0",
          "letter": "Þ"
        },
        {
          "id": "223",
          "x": "68",
          "y": "248",
          "width": "61",
          "height": "74",
          "xoffset": "0",
          "yoffset": "8",
          "xadvance": "40",
          "page": "0",
          "chnl": "0",
          "letter": "ß"
        },
        {
          "id": "224",
          "x": "278",
          "y": "88",
          "width": "52",
          "height": "79",
          "xoffset": "2",
          "yoffset": "-7",
          "xadvance": "32",
          "page": "0",
          "chnl": "0",
          "letter": "à"
        },
        {
          "id": "225",
          "x": "623",
          "y": "88",
          "width": "53",
          "height": "78",
          "xoffset": "2",
          "yoffset": "-6",
          "xadvance": "32",
          "page": "0",
          "chnl": "0",
          "letter": "á"
        },
        {
          "id": "226",
          "x": "169",
          "y": "88",
          "width": "53",
          "height": "79",
          "xoffset": "2",
          "yoffset": "-7",
          "xadvance": "32",
          "page": "0",
          "chnl": "0",
          "letter": "â"
        },
        {
          "id": "227",
          "x": "392",
          "y": "88",
          "width": "58",
          "height": "78",
          "xoffset": "2",
          "yoffset": "-6",
          "xadvance": "32",
          "page": "0",
          "chnl": "0",
          "letter": "ã"
        },
        {
          "id": "228",
          "x": "61",
          "y": "169",
          "width": "57",
          "height": "77",
          "xoffset": "2",
          "yoffset": "-5",
          "xadvance": "31",
          "page": "0",
          "chnl": "0",
          "letter": "ä"
        },
        {
          "id": "229",
          "x": "174",
          "y": "169",
          "width": "52",
          "height": "77",
          "xoffset": "2",
          "yoffset": "-5",
          "xadvance": "31",
          "page": "0",
          "chnl": "0",
          "letter": "å"
        },
        {
          "id": "230",
          "x": "176",
          "y": "398",
          "width": "70",
          "height": "66",
          "xoffset": "3",
          "yoffset": "6",
          "xadvance": "48",
          "page": "0",
          "chnl": "0",
          "letter": "æ"
        },
        {
          "id": "231",
          "x": "54",
          "y": "324",
          "width": "50",
          "height": "72",
          "xoffset": "8",
          "yoffset": "8",
          "xadvance": "35",
          "page": "0",
          "chnl": "0",
          "letter": "ç"
        },
        {
          "id": "232",
          "x": "778",
          "y": "88",
          "width": "48",
          "height": "78",
          "xoffset": "5",
          "yoffset": "-7",
          "xadvance": "28",
          "page": "0",
          "chnl": "0",
          "letter": "è"
        },
        {
          "id": "233",
          "x": "328",
          "y": "169",
          "width": "48",
          "height": "77",
          "xoffset": "5",
          "yoffset": "-6",
          "xadvance": "28",
          "page": "0",
          "chnl": "0",
          "letter": "é"
        },
        {
          "id": "234",
          "x": "828",
          "y": "88",
          "width": "48",
          "height": "78",
          "xoffset": "5",
          "yoffset": "-7",
          "xadvance": "28",
          "page": "0",
          "chnl": "0",
          "letter": "ê"
        },
        {
          "id": "235",
          "x": "715",
          "y": "169",
          "width": "51",
          "height": "76",
          "xoffset": "5",
          "yoffset": "-5",
          "xadvance": "28",
          "page": "0",
          "chnl": "0",
          "letter": "ë"
        },
        {
          "id": "236",
          "x": "561",
          "y": "169",
          "width": "41",
          "height": "77",
          "xoffset": "4",
          "yoffset": "-6",
          "xadvance": "18",
          "page": "0",
          "chnl": "0",
          "letter": "ì"
        },
        {
          "id": "237",
          "x": "473",
          "y": "169",
          "width": "43",
          "height": "77",
          "xoffset": "4",
          "yoffset": "-6",
          "xadvance": "18",
          "page": "0",
          "chnl": "0",
          "letter": "í"
        },
        {
          "id": "238",
          "x": "925",
          "y": "88",
          "width": "45",
          "height": "78",
          "xoffset": "4",
          "yoffset": "-7",
          "xadvance": "18",
          "page": "0",
          "chnl": "0",
          "letter": "î"
        },
        {
          "id": "239",
          "x": "820",
          "y": "169",
          "width": "50",
          "height": "76",
          "xoffset": "4",
          "yoffset": "-5",
          "xadvance": "18",
          "page": "0",
          "chnl": "0",
          "letter": "ï"
        },
        {
          "id": "240",
          "x": "676",
          "y": "534",
          "width": "51",
          "height": "62",
          "xoffset": "6",
          "yoffset": "8",
          "xadvance": "36",
          "page": "0",
          "chnl": "0",
          "letter": "ð"
        },
        {
          "id": "241",
          "x": "592",
          "y": "2",
          "width": "58",
          "height": "79",
          "xoffset": "6",
          "yoffset": "-7",
          "xadvance": "37",
          "page": "0",
          "chnl": "0",
          "letter": "ñ"
        },
        {
          "id": "242",
          "x": "373",
          "y": "2",
          "width": "51",
          "height": "80",
          "xoffset": "7",
          "yoffset": "-7",
          "xadvance": "35",
          "page": "0",
          "chnl": "0",
          "letter": "ò"
        },
        {
          "id": "243",
          "x": "426",
          "y": "2",
          "width": "51",
          "height": "80",
          "xoffset": "7",
          "yoffset": "-7",
          "xadvance": "35",
          "page": "0",
          "chnl": "0",
          "letter": "ó"
        },
        {
          "id": "244",
          "x": "479",
          "y": "2",
          "width": "51",
          "height": "80",
          "xoffset": "7",
          "yoffset": "-7",
          "xadvance": "35",
          "page": "0",
          "chnl": "0",
          "letter": "ô"
        },
        {
          "id": "245",
          "x": "156",
          "y": "2",
          "width": "56",
          "height": "80",
          "xoffset": "7",
          "yoffset": "-7",
          "xadvance": "35",
          "page": "0",
          "chnl": "0",
          "letter": "õ"
        },
        {
          "id": "246",
          "x": "58",
          "y": "88",
          "width": "54",
          "height": "79",
          "xoffset": "7",
          "yoffset": "-6",
          "xadvance": "35",
          "page": "0",
          "chnl": "0",
          "letter": "ö"
        },
        {
          "id": "247",
          "x": "360",
          "y": "600",
          "width": "48",
          "height": "43",
          "xoffset": "9",
          "yoffset": "19",
          "xadvance": "38",
          "page": "0",
          "chnl": "0",
          "letter": "÷"
        },
        {
          "id": "248",
          "x": "2",
          "y": "398",
          "width": "51",
          "height": "68",
          "xoffset": "7",
          "yoffset": "5",
          "xadvance": "35",
          "page": "0",
          "chnl": "0",
          "letter": "ø"
        },
        {
          "id": "249",
          "x": "826",
          "y": "2",
          "width": "56",
          "height": "79",
          "xoffset": "7",
          "yoffset": "-8",
          "xadvance": "36",
          "page": "0",
          "chnl": "0",
          "letter": "ù"
        },
        {
          "id": "250",
          "x": "884",
          "y": "2",
          "width": "56",
          "height": "79",
          "xoffset": "7",
          "yoffset": "-8",
          "xadvance": "36",
          "page": "0",
          "chnl": "0",
          "letter": "ú"
        },
        {
          "id": "251",
          "x": "942",
          "y": "2",
          "width": "56",
          "height": "79",
          "xoffset": "7",
          "yoffset": "-8",
          "xadvance": "36",
          "page": "0",
          "chnl": "0",
          "letter": "û"
        },
        {
          "id": "252",
          "x": "510",
          "y": "88",
          "width": "56",
          "height": "78",
          "xoffset": "7",
          "yoffset": "-7",
          "xadvance": "36",
          "page": "0",
          "chnl": "0",
          "letter": "ü"
        },
        {
          "id": "253",
          "x": "378",
          "y": "169",
          "width": "48",
          "height": "77",
          "xoffset": "12",
          "yoffset": "-6",
          "xadvance": "34",
          "page": "0",
          "chnl": "0",
          "letter": "ý"
        },
        {
          "id": "254",
          "x": "807",
          "y": "398",
          "width": "52",
          "height": "65",
          "xoffset": "4",
          "yoffset": "7",
          "xadvance": "36",
          "page": "0",
          "chnl": "0",
          "letter": "þ"
        }
      ]
    },
    "kernings": {
      "count": "136",
      "kerning": [
        {
          "first": "33",
          "second": "180",
          "amount": "-2"
        },
        {
          "first": "34",
          "second": "180",
          "amount": "-2"
        },
        {
          "first": "34",
          "second": "212",
          "amount": "-4"
        },
        {
          "first": "43",
          "second": "55",
          "amount": "-3"
        },
        {
          "first": "45",
          "second": "74",
          "amount": "-1"
        },
        {
          "first": "45",
          "second": "84",
          "amount": "-7"
        },
        {
          "first": "45",
          "second": "89",
          "amount": "-6"
        },
        {
          "first": "45",
          "second": "106",
          "amount": "-2"
        },
        {
          "first": "45",
          "second": "116",
          "amount": "-6"
        },
        {
          "first": "55",
          "second": "74",
          "amount": "-6"
        },
        {
          "first": "55",
          "second": "106",
          "amount": "-9"
        },
        {
          "first": "65",
          "second": "84",
          "amount": "-5"
        },
        {
          "first": "65",
          "second": "86",
          "amount": "-5"
        },
        {
          "first": "65",
          "second": "87",
          "amount": "-3"
        },
        {
          "first": "65",
          "second": "89",
          "amount": "-5"
        },
        {
          "first": "65",
          "second": "116",
          "amount": "-4"
        },
        {
          "first": "65",
          "second": "118",
          "amount": "-3"
        },
        {
          "first": "65",
          "second": "119",
          "amount": "-4"
        },
        {
          "first": "65",
          "second": "121",
          "amount": "-5"
        },
        {
          "first": "70",
          "second": "74",
          "amount": "-2"
        },
        {
          "first": "71",
          "second": "76",
          "amount": "-2"
        },
        {
          "first": "71",
          "second": "84",
          "amount": "-6"
        },
        {
          "first": "71",
          "second": "116",
          "amount": "-4"
        },
        {
          "first": "76",
          "second": "67",
          "amount": "-6"
        },
        {
          "first": "76",
          "second": "71",
          "amount": "-6"
        },
        {
          "first": "76",
          "second": "78",
          "amount": "-3"
        },
        {
          "first": "76",
          "second": "79",
          "amount": "-4"
        },
        {
          "first": "76",
          "second": "84",
          "amount": "-6"
        },
        {
          "first": "76",
          "second": "86",
          "amount": "-6"
        },
        {
          "first": "76",
          "second": "87",
          "amount": "-7"
        },
        {
          "first": "76",
          "second": "89",
          "amount": "-9"
        },
        {
          "first": "76",
          "second": "99",
          "amount": "-5"
        },
        {
          "first": "76",
          "second": "103",
          "amount": "-4"
        },
        {
          "first": "76",
          "second": "110",
          "amount": "-3"
        },
        {
          "first": "76",
          "second": "111",
          "amount": "-2"
        },
        {
          "first": "76",
          "second": "116",
          "amount": "-7"
        },
        {
          "first": "76",
          "second": "118",
          "amount": "-5"
        },
        {
          "first": "76",
          "second": "119",
          "amount": "-6"
        },
        {
          "first": "76",
          "second": "121",
          "amount": "-10"
        },
        {
          "first": "79",
          "second": "84",
          "amount": "-5"
        },
        {
          "first": "79",
          "second": "89",
          "amount": "-3"
        },
        {
          "first": "79",
          "second": "116",
          "amount": "-1"
        },
        {
          "first": "79",
          "second": "121",
          "amount": "-1"
        },
        {
          "first": "80",
          "second": "74",
          "amount": "-2"
        },
        {
          "first": "80",
          "second": "106",
          "amount": "-4"
        },
        {
          "first": "81",
          "second": "84",
          "amount": "-4"
        },
        {
          "first": "84",
          "second": "45",
          "amount": "-7"
        },
        {
          "first": "84",
          "second": "65",
          "amount": "-6"
        },
        {
          "first": "84",
          "second": "71",
          "amount": "-4"
        },
        {
          "first": "84",
          "second": "74",
          "amount": "-8"
        },
        {
          "first": "84",
          "second": "79",
          "amount": "-5"
        },
        {
          "first": "84",
          "second": "81",
          "amount": "-7"
        },
        {
          "first": "84",
          "second": "97",
          "amount": "-6"
        },
        {
          "first": "84",
          "second": "103",
          "amount": "-7"
        },
        {
          "first": "84",
          "second": "106",
          "amount": "-9"
        },
        {
          "first": "84",
          "second": "111",
          "amount": "-7"
        },
        {
          "first": "84",
          "second": "113",
          "amount": "-7"
        },
        {
          "first": "84",
          "second": "115",
          "amount": "-6"
        },
        {
          "first": "86",
          "second": "65",
          "amount": "-2"
        },
        {
          "first": "86",
          "second": "74",
          "amount": "-1"
        },
        {
          "first": "86",
          "second": "97",
          "amount": "-2"
        },
        {
          "first": "86",
          "second": "106",
          "amount": "-3"
        },
        {
          "first": "87",
          "second": "65",
          "amount": "-4"
        },
        {
          "first": "87",
          "second": "74",
          "amount": "-7"
        },
        {
          "first": "87",
          "second": "97",
          "amount": "-5"
        },
        {
          "first": "87",
          "second": "106",
          "amount": "-6"
        },
        {
          "first": "89",
          "second": "45",
          "amount": "-7"
        },
        {
          "first": "89",
          "second": "65",
          "amount": "-6"
        },
        {
          "first": "89",
          "second": "74",
          "amount": "-10"
        },
        {
          "first": "89",
          "second": "79",
          "amount": "-4"
        },
        {
          "first": "89",
          "second": "97",
          "amount": "-6"
        },
        {
          "first": "89",
          "second": "106",
          "amount": "-8"
        },
        {
          "first": "89",
          "second": "111",
          "amount": "-7"
        },
        {
          "first": "97",
          "second": "84",
          "amount": "-6"
        },
        {
          "first": "97",
          "second": "86",
          "amount": "-4"
        },
        {
          "first": "97",
          "second": "87",
          "amount": "-5"
        },
        {
          "first": "97",
          "second": "89",
          "amount": "-5"
        },
        {
          "first": "97",
          "second": "116",
          "amount": "-5"
        },
        {
          "first": "97",
          "second": "118",
          "amount": "-3"
        },
        {
          "first": "97",
          "second": "119",
          "amount": "-4"
        },
        {
          "first": "97",
          "second": "121",
          "amount": "-4"
        },
        {
          "first": "102",
          "second": "106",
          "amount": "-2"
        },
        {
          "first": "103",
          "second": "76",
          "amount": "-1"
        },
        {
          "first": "103",
          "second": "84",
          "amount": "-6"
        },
        {
          "first": "103",
          "second": "116",
          "amount": "-4"
        },
        {
          "first": "108",
          "second": "67",
          "amount": "-6"
        },
        {
          "first": "108",
          "second": "78",
          "amount": "-2"
        },
        {
          "first": "108",
          "second": "79",
          "amount": "-4"
        },
        {
          "first": "108",
          "second": "84",
          "amount": "-6"
        },
        {
          "first": "108",
          "second": "86",
          "amount": "-7"
        },
        {
          "first": "108",
          "second": "87",
          "amount": "-8"
        },
        {
          "first": "108",
          "second": "89",
          "amount": "-9"
        },
        {
          "first": "108",
          "second": "99",
          "amount": "-3"
        },
        {
          "first": "108",
          "second": "103",
          "amount": "-3"
        },
        {
          "first": "108",
          "second": "110",
          "amount": "-2"
        },
        {
          "first": "108",
          "second": "111",
          "amount": "-3"
        },
        {
          "first": "108",
          "second": "116",
          "amount": "-5"
        },
        {
          "first": "108",
          "second": "118",
          "amount": "-4"
        },
        {
          "first": "108",
          "second": "119",
          "amount": "-7"
        },
        {
          "first": "108",
          "second": "121",
          "amount": "-9"
        },
        {
          "first": "111",
          "second": "84",
          "amount": "-6"
        },
        {
          "first": "111",
          "second": "89",
          "amount": "-3"
        },
        {
          "first": "111",
          "second": "116",
          "amount": "-3"
        },
        {
          "first": "111",
          "second": "121",
          "amount": "-2"
        },
        {
          "first": "112",
          "second": "74",
          "amount": "-2"
        },
        {
          "first": "112",
          "second": "106",
          "amount": "-3"
        },
        {
          "first": "113",
          "second": "84",
          "amount": "-5"
        },
        {
          "first": "113",
          "second": "116",
          "amount": "-4"
        },
        {
          "first": "115",
          "second": "84",
          "amount": "-4"
        },
        {
          "first": "116",
          "second": "45",
          "amount": "-7"
        },
        {
          "first": "116",
          "second": "65",
          "amount": "-5"
        },
        {
          "first": "116",
          "second": "71",
          "amount": "-2"
        },
        {
          "first": "116",
          "second": "74",
          "amount": "-9"
        },
        {
          "first": "116",
          "second": "81",
          "amount": "-4"
        },
        {
          "first": "116",
          "second": "97",
          "amount": "-6"
        },
        {
          "first": "116",
          "second": "103",
          "amount": "-4"
        },
        {
          "first": "116",
          "second": "106",
          "amount": "-9"
        },
        {
          "first": "116",
          "second": "111",
          "amount": "-5"
        },
        {
          "first": "116",
          "second": "113",
          "amount": "-5"
        },
        {
          "first": "116",
          "second": "115",
          "amount": "-2"
        },
        {
          "first": "118",
          "second": "65",
          "amount": "-1"
        },
        {
          "first": "118",
          "second": "74",
          "amount": "-1"
        },
        {
          "first": "118",
          "second": "97",
          "amount": "-2"
        },
        {
          "first": "118",
          "second": "106",
          "amount": "-2"
        },
        {
          "first": "119",
          "second": "65",
          "amount": "-4"
        },
        {
          "first": "119",
          "second": "74",
          "amount": "-3"
        },
        {
          "first": "119",
          "second": "97",
          "amount": "-4"
        },
        {
          "first": "119",
          "second": "106",
          "amount": "-5"
        },
        {
          "first": "121",
          "second": "65",
          "amount": "-4"
        },
        {
          "first": "121",
          "second": "74",
          "amount": "-8"
        },
        {
          "first": "121",
          "second": "97",
          "amount": "-5"
        },
        {
          "first": "121",
          "second": "106",
          "amount": "-8"
        },
        {
          "first": "199",
          "second": "34",
          "amount": "-1"
        },
        {
          "first": "200",
          "second": "34",
          "amount": "-7"
        },
        {
          "first": "202",
          "second": "36",
          "amount": "-2"
        },
        {
          "first": "203",
          "second": "36",
          "amount": "-6"
        }
      ]
    }
  }
}