{"frames": {

"boss_dangerfan.png":
{
	"frame": {"x":516,"y":1912,"w":88,"h":80},
	"rotated": false,
	"trimmed": true,
	"spriteSourceSize": {"x":0,"y":0,"w":88,"h":80},
	"sourceSize": {"w":87,"h":80}
},
"boss_greenback1.png":
{
	"frame": {"x":828,"y":840,"w":82,"h":78},
	"rotated": false,
	"trimmed": true,
	"spriteSourceSize": {"x":0,"y":0,"w":82,"h":78},
	"sourceSize": {"w":81,"h":77}
},
"boss_greenback2.png":
{
	"frame": {"x":608,"y":1912,"w":88,"h":80},
	"rotated": false,
	"trimmed": true,
	"spriteSourceSize": {"x":0,"y":0,"w":88,"h":80},
	"sourceSize": {"w":87,"h":80}
},
"boss_loocifer.png":
{
	"frame": {"x":894,"y":504,"w":88,"h":80},
	"rotated": false,
	"trimmed": true,
	"spriteSourceSize": {"x":0,"y":0,"w":88,"h":80},
	"sourceSize": {"w":87,"h":80}
},
"boss_megahurtz.png":
{
	"frame": {"x":828,"y":672,"w":84,"h":80},
	"rotated": false,
	"trimmed": true,
	"spriteSourceSize": {"x":2,"y":0,"w":84,"h":80},
	"sourceSize": {"w":87,"h":80}
},
"boss_monkey.png":
{
	"frame": {"x":828,"y":588,"w":88,"h":80},
	"rotated": false,
	"trimmed": true,
	"spriteSourceSize": {"x":0,"y":0,"w":88,"h":80},
	"sourceSize": {"w":87,"h":80}
},
"boss_pinkdawn.png":
{
	"frame": {"x":828,"y":756,"w":84,"h":80},
	"rotated": false,
	"trimmed": true,
	"spriteSourceSize": {"x":2,"y":0,"w":84,"h":80},
	"sourceSize": {"w":87,"h":80}
},
"dawn.png":
{
	"frame": {"x":894,"y":4,"w":328,"h":496},
	"rotated": false,
	"trimmed": true,
	"spriteSourceSize": {"x":0,"y":0,"w":328,"h":496},
	"sourceSize": {"w":327,"h":496}
},
"dm.png":
{
	"frame": {"x":4,"y":614,"w":486,"h":622},
	"rotated": false,
	"trimmed": true,
	"spriteSourceSize": {"x":0,"y":0,"w":486,"h":622},
	"sourceSize": {"w":486,"h":621}
},
"greenback.png":
{
	"frame": {"x":4,"y":1240,"w":376,"h":476},
	"rotated": false,
	"trimmed": true,
	"spriteSourceSize": {"x":0,"y":0,"w":376,"h":476},
	"sourceSize": {"w":376,"h":475}
},
"head_s1_squark.png":
{
	"frame": {"x":516,"y":1678,"w":218,"h":230},
	"rotated": false,
	"trimmed": true,
	"spriteSourceSize": {"x":32,"y":50,"w":218,"h":230},
	"sourceSize": {"w":290,"h":330}
},
"head_s2_c1_dawn.png":
{
	"frame": {"x":292,"y":1720,"w":220,"h":230},
	"rotated": false,
	"trimmed": true,
	"spriteSourceSize": {"x":38,"y":52,"w":220,"h":230},
	"sourceSize": {"w":290,"h":330}
},
"head_s2_c2_danger.png":
{
	"frame": {"x":738,"y":1790,"w":212,"h":216},
	"rotated": false,
	"trimmed": true,
	"spriteSourceSize": {"x":38,"y":64,"w":212,"h":216},
	"sourceSize": {"w":290,"h":330}
},
"head_s2_trio.png":
{
	"frame": {"x":4,"y":1720,"w":284,"h":280},
	"rotated": false,
	"trimmed": true,
	"spriteSourceSize": {"x":6,"y":0,"w":284,"h":280},
	"sourceSize": {"w":290,"h":330}
},
"head_s3_duo.png":
{
	"frame": {"x":768,"y":1564,"w":234,"h":222},
	"rotated": false,
	"trimmed": true,
	"spriteSourceSize": {"x":16,"y":58,"w":234,"h":222},
	"sourceSize": {"w":290,"h":330}
},
"head_s4_duo.png":
{
	"frame": {"x":1028,"y":1182,"w":206,"h":206},
	"rotated": false,
	"trimmed": false,
	"spriteSourceSize": {"x":0,"y":0,"w":206,"h":206},
	"sourceSize": {"w":206,"h":206}
},
"head_w1_squark.png":
{
	"frame": {"x":954,"y":1790,"w":210,"h":222},
	"rotated": false,
	"trimmed": true,
	"spriteSourceSize": {"x":0,"y":0,"w":210,"h":222},
	"sourceSize": {"w":210,"h":221}
},
"head_w2_greenback.png":
{
	"frame": {"x":1006,"y":1564,"w":208,"h":208},
	"rotated": false,
	"trimmed": true,
	"spriteSourceSize": {"x":0,"y":0,"w":208,"h":208},
	"sourceSize": {"w":207,"h":207}
},
"head_w3_loocifer.png":
{
	"frame": {"x":1028,"y":968,"w":206,"h":210},
	"rotated": false,
	"trimmed": false,
	"spriteSourceSize": {"x":0,"y":0,"w":206,"h":210},
	"sourceSize": {"w":206,"h":210}
},
"head_w4_monkey.png":
{
	"frame": {"x":792,"y":1002,"w":222,"h":208},
	"rotated": false,
	"trimmed": true,
	"spriteSourceSize": {"x":0,"y":0,"w":222,"h":208},
	"sourceSize": {"w":222,"h":207}
},
"head_w5_greenback.png":
{
	"frame": {"x":494,"y":1002,"w":294,"h":208},
	"rotated": false,
	"trimmed": true,
	"spriteSourceSize": {"x":0,"y":0,"w":294,"h":208},
	"sourceSize": {"w":294,"h":207}
},
"head_w8_megahurtz.png":
{
	"frame": {"x":1028,"y":504,"w":206,"h":228},
	"rotated": false,
	"trimmed": false,
	"spriteSourceSize": {"x":0,"y":0,"w":206,"h":228},
	"sourceSize": {"w":206,"h":228}
},
"head_w9_spacebee.png":
{
	"frame": {"x":1028,"y":736,"w":206,"h":228},
	"rotated": false,
	"trimmed": true,
	"spriteSourceSize": {"x":0,"y":0,"w":206,"h":228},
	"sourceSize": {"w":206,"h":227}
},
"ian.png":
{
	"frame": {"x":384,"y":1240,"w":380,"h":434},
	"rotated": false,
	"trimmed": true,
	"spriteSourceSize": {"x":0,"y":0,"w":380,"h":434},
	"sourceSize": {"w":379,"h":434}
},
"megahurtz.png":
{
	"frame": {"x":4,"y":4,"w":532,"h":606},
	"rotated": false,
	"trimmed": true,
	"spriteSourceSize": {"x":0,"y":0,"w":532,"h":606},
	"sourceSize": {"w":531,"h":606}
},
"penfold.png":
{
	"frame": {"x":768,"y":1214,"w":256,"h":346},
	"rotated": false,
	"trimmed": true,
	"spriteSourceSize": {"x":0,"y":0,"w":256,"h":346},
	"sourceSize": {"w":255,"h":346}
},
"penfold_pyjamas.png":
{
	"frame": {"x":494,"y":614,"w":330,"h":384},
	"rotated": false,
	"trimmed": false,
	"spriteSourceSize": {"x":0,"y":0,"w":330,"h":384},
	"sourceSize": {"w":330,"h":384}
},
"sms_penfold.png":
{
	"frame": {"x":1028,"y":1392,"w":126,"h":130},
	"rotated": false,
	"trimmed": true,
	"spriteSourceSize": {"x":0,"y":0,"w":126,"h":130},
	"sourceSize": {"w":126,"h":129}
},
"squarkencluck.png":
{
	"frame": {"x":540,"y":4,"w":350,"h":532},
	"rotated": false,
	"trimmed": true,
	"spriteSourceSize": {"x":0,"y":0,"w":350,"h":532},
	"sourceSize": {"w":350,"h":531}
}},
"meta": {
	"app": "http://www.codeandweb.com/texturepacker",
	"version": "1.0",
	"image": "characters_ui0.png",
	"format": "RGBA8888",
	"size": {"w":1238,"h":2018},
	"scale": "1",
	"smartupdate": "$TexturePacker:SmartUpdate:eac307e894788171d6e4fab697f618c2:265717d52efdf5127c8c5b797d74b97f:efe5745baeb2564a5877337d19159712$"
}
}
