{"frames": {

"DM_flying_scaled_01.png":
{
	"frame": {"x":359,"y":115,"w":86,"h":117},
	"rotated": false,
	"trimmed": true,
	"spriteSourceSize": {"x":11,"y":2,"w":86,"h":117},
	"sourceSize": {"w":106,"h":120}
},
"DM_flying_scaled_02.png":
{
	"frame": {"x":637,"y":2,"w":89,"h":116},
	"rotated": false,
	"trimmed": true,
	"spriteSourceSize": {"x":9,"y":2,"w":89,"h":116},
	"sourceSize": {"w":106,"h":120}
},
"DM_flying_scaled_03.png":
{
	"frame": {"x":449,"y":2,"w":92,"h":113},
	"rotated": false,
	"trimmed": true,
	"spriteSourceSize": {"x":6,"y":2,"w":92,"h":113},
	"sourceSize": {"w":106,"h":120}
},
"DM_flying_scaled_04.png":
{
	"frame": {"x":352,"y":2,"w":95,"h":111},
	"rotated": false,
	"trimmed": true,
	"spriteSourceSize": {"x":4,"y":2,"w":95,"h":111},
	"sourceSize": {"w":106,"h":120}
},
"DM_flying_scaled_05.png":
{
	"frame": {"x":543,"y":2,"w":92,"h":113},
	"rotated": false,
	"trimmed": true,
	"spriteSourceSize": {"x":6,"y":2,"w":92,"h":113},
	"sourceSize": {"w":106,"h":120}
},
"DM_flying_scaled_06.png":
{
	"frame": {"x":728,"y":2,"w":89,"h":116},
	"rotated": false,
	"trimmed": true,
	"spriteSourceSize": {"x":9,"y":2,"w":89,"h":116},
	"sourceSize": {"w":106,"h":120}
},
"DM_walk_00000.png":
{
	"frame": {"x":241,"y":366,"w":87,"h":111},
	"rotated": false,
	"trimmed": true,
	"spriteSourceSize": {"x":5,"y":21,"w":87,"h":111},
	"sourceSize": {"w":92,"h":133}
},
"DM_walk_00001.png":
{
	"frame": {"x":2,"y":366,"w":82,"h":125},
	"rotated": false,
	"trimmed": true,
	"spriteSourceSize": {"x":10,"y":7,"w":82,"h":125},
	"sourceSize": {"w":92,"h":133}
},
"DM_walk_00002.png":
{
	"frame": {"x":450,"y":227,"w":90,"h":98},
	"rotated": false,
	"trimmed": true,
	"spriteSourceSize": {"x":2,"y":0,"w":90,"h":98},
	"sourceSize": {"w":92,"h":133}
},
"DM_walk_00003.png":
{
	"frame": {"x":770,"y":323,"w":87,"h":91},
	"rotated": false,
	"trimmed": true,
	"spriteSourceSize": {"x":3,"y":0,"w":87,"h":91},
	"sourceSize": {"w":92,"h":133}
},
"DM_walk_00004.png":
{
	"frame": {"x":542,"y":224,"w":90,"h":98},
	"rotated": false,
	"trimmed": true,
	"spriteSourceSize": {"x":0,"y":3,"w":90,"h":98},
	"sourceSize": {"w":92,"h":133}
},
"DM_walk_00005.png":
{
	"frame": {"x":122,"y":248,"w":86,"h":116},
	"rotated": false,
	"trimmed": true,
	"spriteSourceSize": {"x":3,"y":10,"w":86,"h":116},
	"sourceSize": {"w":92,"h":133}
},
"DM_walk_00006.png":
{
	"frame": {"x":634,"y":120,"w":90,"h":102},
	"rotated": false,
	"trimmed": true,
	"spriteSourceSize": {"x":1,"y":29,"w":90,"h":102},
	"sourceSize": {"w":92,"h":133}
},
"DM_walk_00007.png":
{
	"frame": {"x":447,"y":117,"w":92,"h":108},
	"rotated": false,
	"trimmed": true,
	"spriteSourceSize": {"x":0,"y":23,"w":92,"h":108},
	"sourceSize": {"w":92,"h":133}
},
"DM_walk_00008.png":
{
	"frame": {"x":86,"y":366,"w":82,"h":123},
	"rotated": false,
	"trimmed": true,
	"spriteSourceSize": {"x":10,"y":7,"w":82,"h":123},
	"sourceSize": {"w":92,"h":133}
},
"DM_walk_00009.png":
{
	"frame": {"x":363,"y":234,"w":85,"h":110},
	"rotated": false,
	"trimmed": true,
	"spriteSourceSize": {"x":7,"y":3,"w":85,"h":110},
	"sourceSize": {"w":92,"h":133}
},
"DM_walk_00010.png":
{
	"frame": {"x":684,"y":326,"w":84,"h":94},
	"rotated": false,
	"trimmed": true,
	"spriteSourceSize": {"x":6,"y":0,"w":84,"h":94},
	"sourceSize": {"w":92,"h":133}
},
"DM_walk_00011.png":
{
	"frame": {"x":634,"y":224,"w":86,"h":100},
	"rotated": false,
	"trimmed": true,
	"spriteSourceSize": {"x":4,"y":3,"w":86,"h":100},
	"sourceSize": {"w":92,"h":133}
},
"DM_walk_00012.png":
{
	"frame": {"x":195,"y":124,"w":87,"h":119},
	"rotated": false,
	"trimmed": true,
	"spriteSourceSize": {"x":2,"y":10,"w":87,"h":119},
	"sourceSize": {"w":92,"h":133}
},
"DM_walk_00013.png":
{
	"frame": {"x":726,"y":120,"w":90,"h":104},
	"rotated": false,
	"trimmed": true,
	"spriteSourceSize": {"x":1,"y":29,"w":90,"h":104},
	"sourceSize": {"w":92,"h":133}
},
"dm_camera_busted.png":
{
	"frame": {"x":818,"y":124,"w":71,"h":112},
	"rotated": false,
	"trimmed": false,
	"spriteSourceSize": {"x":0,"y":0,"w":71,"h":112},
	"sourceSize": {"w":71,"h":112}
},
"dm_cannon_spin.png":
{
	"frame": {"x":795,"y":416,"w":84,"h":86},
	"rotated": false,
	"trimmed": false,
	"spriteSourceSize": {"x":0,"y":0,"w":84,"h":86},
	"sourceSize": {"w":84,"h":86}
},
"dm_float_01.png":
{
	"frame": {"x":2,"y":248,"w":118,"h":116},
	"rotated": false,
	"trimmed": true,
	"spriteSourceSize": {"x":2,"y":1,"w":118,"h":116},
	"sourceSize": {"w":121,"h":121}
},
"dm_float_02.png":
{
	"frame": {"x":246,"y":2,"w":104,"h":117},
	"rotated": false,
	"trimmed": true,
	"spriteSourceSize": {"x":6,"y":0,"w":104,"h":117},
	"sourceSize": {"w":121,"h":121}
},
"dm_float_03.png":
{
	"frame": {"x":2,"y":2,"w":120,"h":121},
	"rotated": false,
	"trimmed": true,
	"spriteSourceSize": {"x":0,"y":0,"w":120,"h":121},
	"sourceSize": {"w":121,"h":121}
},
"dm_float_04.png":
{
	"frame": {"x":2,"y":125,"w":119,"h":121},
	"rotated": false,
	"trimmed": true,
	"spriteSourceSize": {"x":2,"y":0,"w":119,"h":121},
	"sourceSize": {"w":121,"h":121}
},
"dm_float_05.png":
{
	"frame": {"x":124,"y":2,"w":120,"h":120},
	"rotated": false,
	"trimmed": true,
	"spriteSourceSize": {"x":0,"y":1,"w":120,"h":120},
	"sourceSize": {"w":121,"h":121}
},
"dm_hit_01.png":
{
	"frame": {"x":541,"y":117,"w":91,"h":105},
	"rotated": false,
	"trimmed": false,
	"spriteSourceSize": {"x":0,"y":0,"w":91,"h":105},
	"sourceSize": {"w":91,"h":105}
},
"dm_idle_01.png":
{
	"frame": {"x":170,"y":366,"w":69,"h":123},
	"rotated": false,
	"trimmed": true,
	"spriteSourceSize": {"x":5,"y":2,"w":69,"h":123},
	"sourceSize": {"w":85,"h":125}
},
"dm_idle_02.png":
{
	"frame": {"x":284,"y":121,"w":73,"h":118},
	"rotated": false,
	"trimmed": true,
	"spriteSourceSize": {"x":1,"y":7,"w":73,"h":118},
	"sourceSize": {"w":85,"h":125}
},
"dm_idle_03.png":
{
	"frame": {"x":330,"y":366,"w":68,"h":123},
	"rotated": false,
	"trimmed": true,
	"spriteSourceSize": {"x":6,"y":2,"w":68,"h":123},
	"sourceSize": {"w":85,"h":125}
},
"dm_idle_04.png":
{
	"frame": {"x":210,"y":245,"w":75,"h":119},
	"rotated": false,
	"trimmed": true,
	"spriteSourceSize": {"x":10,"y":6,"w":75,"h":119},
	"sourceSize": {"w":85,"h":125}
},
"dm_idle_05.png":
{
	"frame": {"x":819,"y":2,"w":70,"h":120},
	"rotated": false,
	"trimmed": true,
	"spriteSourceSize": {"x":5,"y":5,"w":70,"h":120},
	"sourceSize": {"w":85,"h":125}
},
"dm_idle_06.png":
{
	"frame": {"x":123,"y":125,"w":70,"h":120},
	"rotated": false,
	"trimmed": true,
	"spriteSourceSize": {"x":5,"y":5,"w":70,"h":120},
	"sourceSize": {"w":85,"h":125}
},
"dm_idle_07.png":
{
	"frame": {"x":400,"y":346,"w":69,"h":123},
	"rotated": false,
	"trimmed": true,
	"spriteSourceSize": {"x":5,"y":2,"w":69,"h":123},
	"sourceSize": {"w":85,"h":125}
},
"dm_idle_08.png":
{
	"frame": {"x":471,"y":327,"w":69,"h":123},
	"rotated": false,
	"trimmed": true,
	"spriteSourceSize": {"x":5,"y":2,"w":69,"h":123},
	"sourceSize": {"w":85,"h":125}
},
"dm_idle_09.png":
{
	"frame": {"x":542,"y":324,"w":69,"h":123},
	"rotated": false,
	"trimmed": true,
	"spriteSourceSize": {"x":5,"y":2,"w":69,"h":123},
	"sourceSize": {"w":85,"h":125}
},
"dm_idle_10.png":
{
	"frame": {"x":287,"y":241,"w":74,"h":123},
	"rotated": false,
	"trimmed": true,
	"spriteSourceSize": {"x":5,"y":2,"w":74,"h":123},
	"sourceSize": {"w":85,"h":125}
},
"dm_idle_11.png":
{
	"frame": {"x":613,"y":326,"w":69,"h":123},
	"rotated": false,
	"trimmed": true,
	"spriteSourceSize": {"x":5,"y":2,"w":69,"h":123},
	"sourceSize": {"w":85,"h":125}
},
"dm_jump_frame.png":
{
	"frame": {"x":722,"y":226,"w":84,"h":95},
	"rotated": false,
	"trimmed": false,
	"spriteSourceSize": {"x":0,"y":0,"w":84,"h":95},
	"sourceSize": {"w":84,"h":95}
},
"dm_land_frame.png":
{
	"frame": {"x":684,"y":422,"w":109,"h":78},
	"rotated": false,
	"trimmed": false,
	"spriteSourceSize": {"x":0,"y":0,"w":109,"h":78},
	"sourceSize": {"w":109,"h":78}
}},
"meta": {
	"app": "http://www.codeandweb.com/texturepacker",
	"version": "1.0",
	"image": "dm_anims.png",
	"format": "RGBA8888",
	"size": {"w":891,"h":505},
	"scale": "1",
	"smartupdate": "$TexturePacker:SmartUpdate:0f9b8131a6fa8b47808436fcc5422b01:54a7dc6e161b94e199cddbdb5133c6ec:6e5543a53604df5ab7a318afa07ecee2$"
}
}
