{"frames": {

"achieve_bullet_off.png":
{
	"frame": {"x":390,"y":748,"w":28,"h":26},
	"rotated": false,
	"trimmed": true,
	"spriteSourceSize": {"x":0,"y":0,"w":28,"h":26},
	"sourceSize": {"w":27,"h":26}
},
"achieve_bullet_on.png":
{
	"frame": {"x":1268,"y":592,"w":28,"h":26},
	"rotated": false,
	"trimmed": true,
	"spriteSourceSize": {"x":0,"y":0,"w":28,"h":26},
	"sourceSize": {"w":27,"h":26}
},
"big_bomb_holder.png":
{
	"frame": {"x":1102,"y":478,"w":162,"h":156},
	"rotated": false,
	"trimmed": true,
	"spriteSourceSize": {"x":6,"y":14,"w":162,"h":156},
	"sourceSize": {"w":174,"h":186}
},
"big_purple_button_over.png":
{
	"frame": {"x":1102,"y":240,"w":226,"h":234},
	"rotated": false,
	"trimmed": true,
	"spriteSourceSize": {"x":0,"y":6,"w":226,"h":234},
	"sourceSize": {"w":226,"h":240}
},
"big_purple_button_up.png":
{
	"frame": {"x":872,"y":118,"w":226,"h":240},
	"rotated": false,
	"trimmed": false,
	"spriteSourceSize": {"x":0,"y":0,"w":226,"h":240},
	"sourceSize": {"w":226,"h":240}
},
"bomb.png":
{
	"frame": {"x":998,"y":4,"w":100,"h":108},
	"rotated": false,
	"trimmed": true,
	"spriteSourceSize": {"x":0,"y":0,"w":100,"h":108},
	"sourceSize": {"w":100,"h":107}
},
"controls_bg.png":
{
	"frame": {"x":390,"y":634,"w":110,"h":110},
	"rotated": false,
	"trimmed": false,
	"spriteSourceSize": {"x":0,"y":0,"w":110,"h":110},
	"sourceSize": {"w":110,"h":110}
},
"controls_dpad.png":
{
	"frame": {"x":1216,"y":638,"w":106,"h":106},
	"rotated": false,
	"trimmed": true,
	"spriteSourceSize": {"x":2,"y":2,"w":106,"h":106},
	"sourceSize": {"w":110,"h":110}
},
"controls_hide.png":
{
	"frame": {"x":1102,"y":638,"w":110,"h":110},
	"rotated": false,
	"trimmed": false,
	"spriteSourceSize": {"x":0,"y":0,"w":110,"h":110},
	"sourceSize": {"w":110,"h":110}
},
"controls_jump.png":
{
	"frame": {"x":870,"y":788,"w":110,"h":110},
	"rotated": false,
	"trimmed": false,
	"spriteSourceSize": {"x":0,"y":0,"w":110,"h":110},
	"sourceSize": {"w":110,"h":110}
},
"controls_shoot.png":
{
	"frame": {"x":1268,"y":478,"w":110,"h":110},
	"rotated": false,
	"trimmed": false,
	"spriteSourceSize": {"x":0,"y":0,"w":110,"h":110},
	"sourceSize": {"w":110,"h":110}
},
"danger_dash_logo.png":
{
	"frame": {"x":390,"y":792,"w":476,"h":116},
	"rotated": false,
	"trimmed": false,
	"spriteSourceSize": {"x":0,"y":0,"w":476,"h":116},
	"sourceSize": {"w":476,"h":116}
},
"dm_ultimate_logo.png":
{
	"frame": {"x":390,"y":912,"w":460,"h":98},
	"rotated": false,
	"trimmed": true,
	"spriteSourceSize": {"x":0,"y":0,"w":460,"h":98},
	"sourceSize": {"w":460,"h":97}
},
"flare_1.png":
{
	"frame": {"x":4,"y":634,"w":382,"h":364},
	"rotated": false,
	"trimmed": true,
	"spriteSourceSize": {"x":58,"y":86,"w":382,"h":364},
	"sourceSize": {"w":512,"h":512}
},
"flare_2.png":
{
	"frame": {"x":520,"y":470,"w":330,"h":318},
	"rotated": false,
	"trimmed": true,
	"spriteSourceSize": {"x":88,"y":104,"w":330,"h":318},
	"sourceSize": {"w":512,"h":512}
},
"flare_bg_add.png":
{
	"frame": {"x":4,"y":118,"w":512,"h":512},
	"rotated": false,
	"trimmed": false,
	"spriteSourceSize": {"x":0,"y":0,"w":512,"h":512},
	"sourceSize": {"w":512,"h":512}
},
"fuse.png":
{
	"frame": {"x":4,"y":4,"w":990,"h":110},
	"rotated": false,
	"trimmed": false,
	"spriteSourceSize": {"x":0,"y":0,"w":990,"h":110},
	"sourceSize": {"w":990,"h":110}
},
"head_outer_glow.png":
{
	"frame": {"x":520,"y":118,"w":348,"h":348},
	"rotated": false,
	"trimmed": true,
	"spriteSourceSize": {"x":0,"y":0,"w":348,"h":348},
	"sourceSize": {"w":347,"h":347}
},
"head_shadow.png":
{
	"frame": {"x":872,"y":362,"w":208,"h":208},
	"rotated": false,
	"trimmed": true,
	"spriteSourceSize": {"x":4,"y":4,"w":208,"h":208},
	"sourceSize": {"w":214,"h":215}
},
"holo_emitter.png":
{
	"frame": {"x":1102,"y":4,"w":232,"h":232},
	"rotated": false,
	"trimmed": false,
	"spriteSourceSize": {"x":0,"y":0,"w":232,"h":232},
	"sourceSize": {"w":232,"h":232}
},
"level_1.png":
{
	"frame": {"x":1326,"y":592,"w":96,"h":96},
	"rotated": false,
	"trimmed": true,
	"spriteSourceSize": {"x":2,"y":2,"w":96,"h":96},
	"sourceSize": {"w":99,"h":99}
},
"level_2.png":
{
	"frame": {"x":1326,"y":692,"w":96,"h":96},
	"rotated": false,
	"trimmed": true,
	"spriteSourceSize": {"x":2,"y":2,"w":96,"h":96},
	"sourceSize": {"w":99,"h":99}
},
"level_3.png":
{
	"frame": {"x":854,"y":912,"w":96,"h":96},
	"rotated": false,
	"trimmed": true,
	"spriteSourceSize": {"x":2,"y":2,"w":96,"h":96},
	"sourceSize": {"w":99,"h":99}
},
"level_4.png":
{
	"frame": {"x":1102,"y":752,"w":96,"h":96},
	"rotated": false,
	"trimmed": true,
	"spriteSourceSize": {"x":2,"y":2,"w":96,"h":96},
	"sourceSize": {"w":99,"h":99}
},
"level_5.png":
{
	"frame": {"x":1082,"y":852,"w":96,"h":96},
	"rotated": false,
	"trimmed": true,
	"spriteSourceSize": {"x":2,"y":2,"w":96,"h":96},
	"sourceSize": {"w":99,"h":99}
},
"level_6.png":
{
	"frame": {"x":1182,"y":852,"w":96,"h":96},
	"rotated": false,
	"trimmed": true,
	"spriteSourceSize": {"x":2,"y":2,"w":96,"h":96},
	"sourceSize": {"w":99,"h":99}
},
"level_7.png":
{
	"frame": {"x":1202,"y":752,"w":96,"h":96},
	"rotated": false,
	"trimmed": true,
	"spriteSourceSize": {"x":2,"y":2,"w":96,"h":96},
	"sourceSize": {"w":99,"h":99}
},
"level_8.png":
{
	"frame": {"x":1302,"y":792,"w":96,"h":96},
	"rotated": false,
	"trimmed": true,
	"spriteSourceSize": {"x":2,"y":2,"w":96,"h":96},
	"sourceSize": {"w":99,"h":99}
},
"level_9.png":
{
	"frame": {"x":1282,"y":892,"w":96,"h":96},
	"rotated": false,
	"trimmed": true,
	"spriteSourceSize": {"x":2,"y":2,"w":96,"h":96},
	"sourceSize": {"w":99,"h":99}
},
"level_bomb_off.png":
{
	"frame": {"x":954,"y":916,"w":78,"h":76},
	"rotated": false,
	"trimmed": true,
	"spriteSourceSize": {"x":2,"y":4,"w":78,"h":76},
	"sourceSize": {"w":80,"h":86}
},
"level_scroll_left.png":
{
	"frame": {"x":1338,"y":200,"w":72,"h":56},
	"rotated": false,
	"trimmed": true,
	"spriteSourceSize": {"x":0,"y":0,"w":72,"h":56},
	"sourceSize": {"w":71,"h":56}
},
"level_scroll_right.png":
{
	"frame": {"x":1332,"y":318,"w":72,"h":56},
	"rotated": false,
	"trimmed": true,
	"spriteSourceSize": {"x":0,"y":0,"w":72,"h":56},
	"sourceSize": {"w":71,"h":56}
},
"locked.png":
{
	"frame": {"x":984,"y":788,"w":94,"h":124},
	"rotated": false,
	"trimmed": true,
	"spriteSourceSize": {"x":0,"y":0,"w":94,"h":124},
	"sourceSize": {"w":93,"h":124}
},
"locked_world.png":
{
	"frame": {"x":854,"y":574,"w":206,"h":210},
	"rotated": false,
	"trimmed": false,
	"spriteSourceSize": {"x":0,"y":0,"w":206,"h":210},
	"sourceSize": {"w":206,"h":210}
},
"marker_dot_off.png":
{
	"frame": {"x":1332,"y":378,"w":26,"h":26},
	"rotated": false,
	"trimmed": false,
	"spriteSourceSize": {"x":0,"y":0,"w":26,"h":26},
	"sourceSize": {"w":26,"h":26}
},
"scroller_track.png":
{
	"frame": {"x":1084,"y":362,"w":14,"h":394},
	"rotated": false,
	"trimmed": true,
	"spriteSourceSize": {"x":0,"y":0,"w":14,"h":394},
	"sourceSize": {"w":14,"h":393}
},
"ui_item_freeze.png":
{
	"frame": {"x":1338,"y":4,"w":84,"h":68},
	"rotated": false,
	"trimmed": false,
	"spriteSourceSize": {"x":0,"y":0,"w":84,"h":68},
	"sourceSize": {"w":84,"h":68}
},
"ui_item_shrink.png":
{
	"frame": {"x":1332,"y":260,"w":82,"h":54},
	"rotated": false,
	"trimmed": true,
	"spriteSourceSize": {"x":0,"y":0,"w":82,"h":54},
	"sourceSize": {"w":82,"h":53}
},
"ultimate_logo_sparkle.png":
{
	"frame": {"x":1338,"y":76,"w":66,"h":120},
	"rotated": false,
	"trimmed": false,
	"spriteSourceSize": {"x":0,"y":0,"w":66,"h":120},
	"sourceSize": {"w":66,"h":120}
}},
"meta": {
	"app": "http://www.codeandweb.com/texturepacker",
	"version": "1.0",
	"image": "dm_ui0.png",
	"format": "RGBA8888",
	"size": {"w":1426,"h":1014},
	"scale": "1",
	"smartupdate": "$TexturePacker:SmartUpdate:13e712a5c96d7c6ec5be6ef43c02888c:c7a7d90f03b7b404a4f21a5fa60d1aef:f237787a89eb6007d07805e627aa02a9$"
}
}
