{"frames": {

"achieve_bullet_on.png":
{
	"frame": {"x":262,"y":364,"w":28,"h":26},
	"rotated": false,
	"trimmed": true,
	"spriteSourceSize": {"x":0,"y":0,"w":28,"h":26},
	"sourceSize": {"w":27,"h":26}
},
"bg_blast.png":
{
	"frame": {"x":924,"y":4,"w":190,"h":186},
	"rotated": false,
	"trimmed": true,
	"spriteSourceSize": {"x":0,"y":0,"w":190,"h":186},
	"sourceSize": {"w":189,"h":186}
},
"big_bomb_get.png":
{
	"frame": {"x":1118,"y":4,"w":174,"h":184},
	"rotated": false,
	"trimmed": true,
	"spriteSourceSize": {"x":0,"y":0,"w":174,"h":184},
	"sourceSize": {"w":174,"h":186}
},
"big_button_icon_play.png":
{
	"frame": {"x":150,"y":248,"w":108,"h":130},
	"rotated": false,
	"trimmed": true,
	"spriteSourceSize": {"x":72,"y":50,"w":108,"h":130},
	"sourceSize": {"w":226,"h":240}
},
"big_button_over.png":
{
	"frame": {"x":464,"y":4,"w":226,"h":234},
	"rotated": false,
	"trimmed": true,
	"spriteSourceSize": {"x":0,"y":6,"w":226,"h":234},
	"sourceSize": {"w":226,"h":240}
},
"big_button_over_secondary.png":
{
	"frame": {"x":694,"y":4,"w":226,"h":232},
	"rotated": false,
	"trimmed": true,
	"spriteSourceSize": {"x":0,"y":8,"w":226,"h":232},
	"sourceSize": {"w":226,"h":240}
},
"big_button_secondary.png":
{
	"frame": {"x":4,"y":4,"w":226,"h":240},
	"rotated": false,
	"trimmed": false,
	"spriteSourceSize": {"x":0,"y":0,"w":226,"h":240},
	"sourceSize": {"w":226,"h":240}
},
"big_button_up.png":
{
	"frame": {"x":234,"y":4,"w":226,"h":240},
	"rotated": false,
	"trimmed": false,
	"spriteSourceSize": {"x":0,"y":0,"w":226,"h":240},
	"sourceSize": {"w":226,"h":240}
},
"bomb_crack.png":
{
	"frame": {"x":262,"y":248,"w":110,"h":112},
	"rotated": false,
	"trimmed": true,
	"spriteSourceSize": {"x":0,"y":0,"w":110,"h":112},
	"sourceSize": {"w":110,"h":111}
},
"boss_bar.png":
{
	"frame": {"x":4,"y":394,"w":400,"h":34},
	"rotated": false,
	"trimmed": true,
	"spriteSourceSize": {"x":0,"y":0,"w":400,"h":34},
	"sourceSize": {"w":400,"h":33}
},
"brocolli_OFF.png":
{
	"frame": {"x":1420,"y":322,"w":102,"h":106},
	"rotated": false,
	"trimmed": true,
	"spriteSourceSize": {"x":0,"y":0,"w":102,"h":106},
	"sourceSize": {"w":103,"h":110}
},
"brocolli_OFF_down.png":
{
	"frame": {"x":1526,"y":320,"w":102,"h":106},
	"rotated": false,
	"trimmed": true,
	"spriteSourceSize": {"x":0,"y":0,"w":102,"h":106},
	"sourceSize": {"w":103,"h":110}
},
"brocolli_ON.png":
{
	"frame": {"x":1586,"y":208,"w":102,"h":106},
	"rotated": false,
	"trimmed": true,
	"spriteSourceSize": {"x":0,"y":0,"w":102,"h":106},
	"sourceSize": {"w":103,"h":110}
},
"brocolli_ON_down.png":
{
	"frame": {"x":1632,"y":318,"w":102,"h":106},
	"rotated": false,
	"trimmed": true,
	"spriteSourceSize": {"x":0,"y":0,"w":102,"h":106},
	"sourceSize": {"w":103,"h":110}
},
"fuse.png":
{
	"frame": {"x":376,"y":248,"w":990,"h":110},
	"rotated": false,
	"trimmed": false,
	"spriteSourceSize": {"x":0,"y":0,"w":990,"h":110},
	"sourceSize": {"w":990,"h":110}
},
"inner_spark.png":
{
	"frame": {"x":924,"y":208,"w":32,"h":28},
	"rotated": false,
	"trimmed": false,
	"spriteSourceSize": {"x":0,"y":0,"w":32,"h":28},
	"sourceSize": {"w":32,"h":28}
},
"level_bomb_on.png":
{
	"frame": {"x":1844,"y":342,"w":80,"h":86},
	"rotated": false,
	"trimmed": false,
	"spriteSourceSize": {"x":0,"y":0,"w":80,"h":86},
	"sourceSize": {"w":80,"h":86}
},
"level_num_bg.png":
{
	"frame": {"x":4,"y":248,"w":142,"h":142},
	"rotated": false,
	"trimmed": false,
	"spriteSourceSize": {"x":0,"y":0,"w":142,"h":142},
	"sourceSize": {"w":142,"h":142}
},
"main_logo.png":
{
	"frame": {"x":1370,"y":4,"w":582,"h":200},
	"rotated": false,
	"trimmed": true,
	"spriteSourceSize": {"x":0,"y":0,"w":582,"h":200},
	"sourceSize": {"w":581,"h":200}
},
"marker_dot_on.png":
{
	"frame": {"x":294,"y":364,"w":26,"h":26},
	"rotated": false,
	"trimmed": false,
	"spriteSourceSize": {"x":0,"y":0,"w":26,"h":26},
	"sourceSize": {"w":26,"h":26}
},
"outer_spark.png":
{
	"frame": {"x":696,"y":362,"w":74,"h":60},
	"rotated": false,
	"trimmed": true,
	"spriteSourceSize": {"x":0,"y":0,"w":74,"h":60},
	"sourceSize": {"w":73,"h":60}
},
"poller_bg.png":
{
	"frame": {"x":1738,"y":316,"w":102,"h":102},
	"rotated": false,
	"trimmed": true,
	"spriteSourceSize": {"x":0,"y":0,"w":102,"h":102},
	"sourceSize": {"w":101,"h":102}
},
"scroller.png":
{
	"frame": {"x":1216,"y":362,"w":32,"h":60},
	"rotated": false,
	"trimmed": false,
	"spriteSourceSize": {"x":0,"y":0,"w":32,"h":60},
	"sourceSize": {"w":32,"h":60}
},
"secondary_button_over.png":
{
	"frame": {"x":1798,"y":208,"w":102,"h":102},
	"rotated": false,
	"trimmed": true,
	"spriteSourceSize": {"x":0,"y":4,"w":102,"h":102},
	"sourceSize": {"w":103,"h":110}
},
"secondary_button_up.png":
{
	"frame": {"x":1692,"y":208,"w":102,"h":104},
	"rotated": false,
	"trimmed": true,
	"spriteSourceSize": {"x":0,"y":2,"w":102,"h":104},
	"sourceSize": {"w":103,"h":110}
},
"skip_button_over.png":
{
	"frame": {"x":960,"y":194,"w":182,"h":46},
	"rotated": false,
	"trimmed": true,
	"spriteSourceSize": {"x":0,"y":0,"w":182,"h":46},
	"sourceSize": {"w":182,"h":45}
},
"skip_button_up.png":
{
	"frame": {"x":1146,"y":192,"w":182,"h":46},
	"rotated": false,
	"trimmed": true,
	"spriteSourceSize": {"x":0,"y":0,"w":182,"h":46},
	"sourceSize": {"w":182,"h":45}
},
"small_button_icon_achievements.png":
{
	"frame": {"x":432,"y":362,"w":48,"h":66},
	"rotated": false,
	"trimmed": true,
	"spriteSourceSize": {"x":28,"y":20,"w":48,"h":66},
	"sourceSize": {"w":103,"h":110}
},
"small_button_icon_back.png":
{
	"frame": {"x":850,"y":362,"w":68,"h":60},
	"rotated": false,
	"trimmed": true,
	"spriteSourceSize": {"x":16,"y":22,"w":68,"h":60},
	"sourceSize": {"w":103,"h":110}
},
"small_button_icon_close.png":
{
	"frame": {"x":1362,"y":362,"w":54,"h":54},
	"rotated": false,
	"trimmed": true,
	"spriteSourceSize": {"x":24,"y":24,"w":54,"h":54},
	"sourceSize": {"w":103,"h":110}
},
"small_button_icon_exit_back.png":
{
	"frame": {"x":922,"y":362,"w":60,"h":60},
	"rotated": false,
	"trimmed": true,
	"spriteSourceSize": {"x":16,"y":22,"w":60,"h":60},
	"sourceSize": {"w":103,"h":110}
},
"small_button_icon_fx.png":
{
	"frame": {"x":1296,"y":80,"w":70,"h":38},
	"rotated": false,
	"trimmed": true,
	"spriteSourceSize": {"x":16,"y":32,"w":70,"h":38},
	"sourceSize": {"w":103,"h":110}
},
"small_button_icon_help.png":
{
	"frame": {"x":1252,"y":362,"w":56,"h":56},
	"rotated": false,
	"trimmed": true,
	"spriteSourceSize": {"x":24,"y":24,"w":56,"h":56},
	"sourceSize": {"w":103,"h":110}
},
"small_button_icon_home.png":
{
	"frame": {"x":986,"y":362,"w":60,"h":60},
	"rotated": false,
	"trimmed": true,
	"spriteSourceSize": {"x":22,"y":20,"w":60,"h":60},
	"sourceSize": {"w":103,"h":110}
},
"small_button_icon_movement.png":
{
	"frame": {"x":774,"y":362,"w":72,"h":60},
	"rotated": false,
	"trimmed": true,
	"spriteSourceSize": {"x":16,"y":22,"w":72,"h":60},
	"sourceSize": {"w":103,"h":110}
},
"small_button_icon_music.png":
{
	"frame": {"x":484,"y":362,"w":58,"h":64},
	"rotated": false,
	"trimmed": true,
	"spriteSourceSize": {"x":18,"y":18,"w":58,"h":64},
	"sourceSize": {"w":103,"h":110}
},
"small_button_icon_next.png":
{
	"frame": {"x":1050,"y":362,"w":52,"h":60},
	"rotated": false,
	"trimmed": true,
	"spriteSourceSize": {"x":30,"y":22,"w":52,"h":60},
	"sourceSize": {"w":103,"h":110}
},
"small_button_icon_pause.png":
{
	"frame": {"x":1312,"y":362,"w":46,"h":56},
	"rotated": false,
	"trimmed": true,
	"spriteSourceSize": {"x":28,"y":24,"w":46,"h":56},
	"sourceSize": {"w":103,"h":110}
},
"small_button_icon_play.png":
{
	"frame": {"x":1162,"y":362,"w":50,"h":60},
	"rotated": false,
	"trimmed": true,
	"spriteSourceSize": {"x":32,"y":22,"w":50,"h":60},
	"sourceSize": {"w":103,"h":110}
},
"small_button_icon_prev.png":
{
	"frame": {"x":1106,"y":362,"w":52,"h":60},
	"rotated": false,
	"trimmed": true,
	"spriteSourceSize": {"x":18,"y":22,"w":52,"h":60},
	"sourceSize": {"w":103,"h":110}
},
"small_button_icon_restart.png":
{
	"frame": {"x":1904,"y":208,"w":62,"h":72},
	"rotated": false,
	"trimmed": true,
	"spriteSourceSize": {"x":20,"y":12,"w":62,"h":72},
	"sourceSize": {"w":103,"h":110}
},
"small_button_icon_settings.png":
{
	"frame": {"x":1296,"y":4,"w":70,"h":72},
	"rotated": false,
	"trimmed": true,
	"spriteSourceSize": {"x":16,"y":16,"w":70,"h":72},
	"sourceSize": {"w":103,"h":110}
},
"small_button_icon_skip.png":
{
	"frame": {"x":1904,"y":284,"w":50,"h":54},
	"rotated": false,
	"trimmed": true,
	"spriteSourceSize": {"x":26,"y":24,"w":50,"h":54},
	"sourceSize": {"w":103,"h":110}
},
"small_button_icon_vol_off.png":
{
	"frame": {"x":1296,"y":122,"w":62,"h":44},
	"rotated": false,
	"trimmed": true,
	"spriteSourceSize": {"x":20,"y":28,"w":62,"h":44},
	"sourceSize": {"w":103,"h":110}
},
"small_button_icon_vol_on.png":
{
	"frame": {"x":546,"y":362,"w":62,"h":62},
	"rotated": false,
	"trimmed": true,
	"spriteSourceSize": {"x":20,"y":20,"w":62,"h":62},
	"sourceSize": {"w":103,"h":110}
},
"small_button_over.png":
{
	"frame": {"x":1478,"y":208,"w":104,"h":108},
	"rotated": false,
	"trimmed": true,
	"spriteSourceSize": {"x":0,"y":2,"w":104,"h":108},
	"sourceSize": {"w":103,"h":110}
},
"small_button_up.png":
{
	"frame": {"x":1370,"y":208,"w":104,"h":110},
	"rotated": false,
	"trimmed": true,
	"spriteSourceSize": {"x":0,"y":0,"w":104,"h":110},
	"sourceSize": {"w":103,"h":110}
},
"timer_bar.png":
{
	"frame": {"x":150,"y":382,"w":100,"h":8},
	"rotated": false,
	"trimmed": false,
	"spriteSourceSize": {"x":0,"y":0,"w":100,"h":8},
	"sourceSize": {"w":100,"h":8}
},
"timer_bg.png":
{
	"frame": {"x":324,"y":364,"w":104,"h":12},
	"rotated": false,
	"trimmed": false,
	"spriteSourceSize": {"x":0,"y":0,"w":104,"h":12},
	"sourceSize": {"w":104,"h":12}
},
"ui_item_jet.png":
{
	"frame": {"x":612,"y":362,"w":80,"h":60},
	"rotated": false,
	"trimmed": true,
	"spriteSourceSize": {"x":0,"y":0,"w":80,"h":60},
	"sourceSize": {"w":80,"h":59}
}},
"meta": {
	"app": "http://www.codeandweb.com/texturepacker",
	"version": "1.0",
	"image": "dm_ui_red0.png",
	"format": "RGBA8888",
	"size": {"w":1970,"h":432},
	"scale": "1",
	"smartupdate": "$TexturePacker:SmartUpdate:0f06abbadd7ca299dfc20ebe0c83f5f2:4bcd8fcf5a1ab7bd9d940dc3ba182e0c:09566e5989fe8f3eaabc7052ab2c25e9$"
}
}
