{"frames": {

"bigbutton_down.png":
{
	"frame": {"x":0,"y":0,"w":224,"h":224},
	"rotated": false,
	"trimmed": false,
	"spriteSourceSize": {"x":0,"y":0,"w":224,"h":224},
	"sourceSize": {"w":224,"h":224},
	"pivot": {"x":0.5,"y":0.5}
},
"bigbutton_no.png":
{
	"frame": {"x":0,"y":226,"w":224,"h":224},
	"rotated": false,
	"trimmed": false,
	"spriteSourceSize": {"x":0,"y":0,"w":224,"h":224},
	"sourceSize": {"w":224,"h":224},
	"pivot": {"x":0.5,"y":0.5}
},
"bigbutton_over.png":
{
	"frame": {"x":0,"y":0,"w":224,"h":224},
	"rotated": false,
	"trimmed": false,
	"spriteSourceSize": {"x":0,"y":0,"w":224,"h":224},
	"sourceSize": {"w":224,"h":224},
	"pivot": {"x":0.5,"y":0.5}
},
"bigbutton_up.png":
{
	"frame": {"x":0,"y":0,"w":224,"h":224},
	"rotated": false,
	"trimmed": false,
	"spriteSourceSize": {"x":0,"y":0,"w":224,"h":224},
	"sourceSize": {"w":224,"h":224},
	"pivot": {"x":0.5,"y":0.5}
},
"icon_tick_no.png":
{
	"frame": {"x":366,"y":114,"w":74,"h":72},
	"rotated": false,
	"trimmed": true,
	"spriteSourceSize": {"x":3,"y":4,"w":74,"h":72},
	"sourceSize": {"w":80,"h":80},
	"pivot": {"x":0.5,"y":0.5}
},
"redbutton_down.png":
{
	"frame": {"x":366,"y":0,"w":112,"h":112},
	"rotated": false,
	"trimmed": false,
	"spriteSourceSize": {"x":0,"y":0,"w":112,"h":112},
	"sourceSize": {"w":112,"h":112},
	"pivot": {"x":0.5,"y":0.5}
},
"redbutton_over.png":
{
	"frame": {"x":366,"y":0,"w":112,"h":112},
	"rotated": false,
	"trimmed": false,
	"spriteSourceSize": {"x":0,"y":0,"w":112,"h":112},
	"sourceSize": {"w":112,"h":112},
	"pivot": {"x":0.5,"y":0.5}
},
"redbutton_up.png":
{
	"frame": {"x":366,"y":0,"w":112,"h":112},
	"rotated": false,
	"trimmed": false,
	"spriteSourceSize": {"x":0,"y":0,"w":112,"h":112},
	"sourceSize": {"w":112,"h":112},
	"pivot": {"x":0.5,"y":0.5}
},
"rollover_glow.png":
{
	"frame": {"x":226,"y":0,"w":138,"h":135},
	"rotated": false,
	"trimmed": true,
	"spriteSourceSize": {"x":0,"y":1,"w":138,"h":135},
	"sourceSize": {"w":138,"h":138},
	"pivot": {"x":0.5,"y":0.5}
}},
"meta": {
	"app": "http://www.codeandweb.com/texturepacker",
	"version": "1.0",
	"image": "buttons.png",
	"format": "RGBA8888",
	"size": {"w":512,"h":512},
	"scale": "1",
	"smartupdate": "$TexturePacker:SmartUpdate:9a7100ae7e8922935a91b88412bd2813:ea1e4d5b8661275450c97656e0ff6f28:155320da891466aba9c76c09b20249ab$"
}
}
