{"frames": {

"evie_end00.png":
{
	"frame": {"x":932,"y":1814,"w":129,"h":212},
	"rotated": false,
	"trimmed": true,
	"spriteSourceSize": {"x":67,"y":49,"w":129,"h":212},
	"sourceSize": {"w":254,"h":261},
	"pivot": {"x":0.5,"y":0.5}
},
"evie_end01.png":
{
	"frame": {"x":874,"y":0,"w":114,"h":206},
	"rotated": false,
	"trimmed": true,
	"spriteSourceSize": {"x":92,"y":55,"w":114,"h":206},
	"sourceSize": {"w":254,"h":261},
	"pivot": {"x":0.5,"y":0.5}
},
"evie_end02.png":
{
	"frame": {"x":1078,"y":203,"w":130,"h":199},
	"rotated": false,
	"trimmed": true,
	"spriteSourceSize": {"x":91,"y":62,"w":130,"h":199},
	"sourceSize": {"w":254,"h":261},
	"pivot": {"x":0.5,"y":0.5}
},
"evie_end03.png":
{
	"frame": {"x":1242,"y":1589,"w":108,"h":160},
	"rotated": false,
	"trimmed": true,
	"spriteSourceSize": {"x":93,"y":71,"w":108,"h":160},
	"sourceSize": {"w":254,"h":261},
	"pivot": {"x":0.5,"y":0.5}
},
"evie_end04.png":
{
	"frame": {"x":1905,"y":1090,"w":127,"h":144},
	"rotated": false,
	"trimmed": true,
	"spriteSourceSize": {"x":80,"y":82,"w":127,"h":144},
	"sourceSize": {"w":254,"h":261},
	"pivot": {"x":0.5,"y":0.5}
},
"evie_end05.png":
{
	"frame": {"x":1258,"y":1136,"w":164,"h":134},
	"rotated": false,
	"trimmed": true,
	"spriteSourceSize": {"x":67,"y":93,"w":164,"h":134},
	"sourceSize": {"w":254,"h":261},
	"pivot": {"x":0.5,"y":0.5}
},
"evie_end06.png":
{
	"frame": {"x":1745,"y":680,"w":196,"h":156},
	"rotated": false,
	"trimmed": true,
	"spriteSourceSize": {"x":49,"y":101,"w":196,"h":156},
	"sourceSize": {"w":254,"h":261},
	"pivot": {"x":0.5,"y":0.5}
},
"evie_end07.png":
{
	"frame": {"x":1706,"y":1127,"w":190,"h":150},
	"rotated": false,
	"trimmed": true,
	"spriteSourceSize": {"x":50,"y":111,"w":190,"h":150},
	"sourceSize": {"w":254,"h":261},
	"pivot": {"x":0.5,"y":0.5}
},
"evie_end08.png":
{
	"frame": {"x":1513,"y":960,"w":194,"h":141},
	"rotated": false,
	"trimmed": true,
	"spriteSourceSize": {"x":45,"y":120,"w":194,"h":141},
	"sourceSize": {"w":254,"h":261},
	"pivot": {"x":0.5,"y":0.5}
},
"evie_end09.png":
{
	"frame": {"x":1761,"y":544,"w":197,"h":134},
	"rotated": false,
	"trimmed": true,
	"spriteSourceSize": {"x":39,"y":127,"w":197,"h":134},
	"sourceSize": {"w":254,"h":261},
	"pivot": {"x":0.5,"y":0.5}
},
"evie_end10.png":
{
	"frame": {"x":1527,"y":688,"w":196,"h":134},
	"rotated": false,
	"trimmed": true,
	"spriteSourceSize": {"x":37,"y":127,"w":196,"h":134},
	"sourceSize": {"w":254,"h":261},
	"pivot": {"x":0.5,"y":0.5}
},
"evie_end11.png":
{
	"frame": {"x":1512,"y":1103,"w":192,"h":134},
	"rotated": false,
	"trimmed": true,
	"spriteSourceSize": {"x":37,"y":127,"w":192,"h":134},
	"sourceSize": {"w":254,"h":261},
	"pivot": {"x":0.5,"y":0.5}
},
"evie_end12.png":
{
	"frame": {"x":1514,"y":824,"w":196,"h":134},
	"rotated": false,
	"trimmed": true,
	"spriteSourceSize": {"x":39,"y":127,"w":196,"h":134},
	"sourceSize": {"w":254,"h":261},
	"pivot": {"x":0.5,"y":0.5}
},
"evie_end13.png":
{
	"frame": {"x":1546,"y":552,"w":197,"h":134},
	"rotated": false,
	"trimmed": true,
	"spriteSourceSize": {"x":43,"y":127,"w":197,"h":134},
	"sourceSize": {"w":254,"h":261},
	"pivot": {"x":0.5,"y":0.5}
},
"evie_end14.png":
{
	"frame": {"x":1709,"y":991,"w":194,"h":134},
	"rotated": false,
	"trimmed": true,
	"spriteSourceSize": {"x":47,"y":127,"w":194,"h":134},
	"sourceSize": {"w":254,"h":261},
	"pivot": {"x":0.5,"y":0.5}
},
"evie_end15.png":
{
	"frame": {"x":1509,"y":1239,"w":190,"h":134},
	"rotated": false,
	"trimmed": true,
	"spriteSourceSize": {"x":51,"y":127,"w":190,"h":134},
	"sourceSize": {"w":254,"h":261},
	"pivot": {"x":0.5,"y":0.5}
},
"evie_end16.png":
{
	"frame": {"x":1701,"y":1279,"w":186,"h":134},
	"rotated": false,
	"trimmed": true,
	"spriteSourceSize": {"x":55,"y":127,"w":186,"h":134},
	"sourceSize": {"w":254,"h":261},
	"pivot": {"x":0.5,"y":0.5}
},
"evie_grind00.png":
{
	"frame": {"x":1384,"y":189,"w":171,"h":186},
	"rotated": false,
	"trimmed": true,
	"spriteSourceSize": {"x":57,"y":61,"w":171,"h":186},
	"sourceSize": {"w":254,"h":261},
	"pivot": {"x":0.5,"y":0.5}
},
"evie_grind01.png":
{
	"frame": {"x":1405,"y":0,"w":171,"h":186},
	"rotated": false,
	"trimmed": true,
	"spriteSourceSize": {"x":57,"y":61,"w":171,"h":186},
	"sourceSize": {"w":254,"h":261},
	"pivot": {"x":0.5,"y":0.5}
},
"evie_grind02.png":
{
	"frame": {"x":992,"y":1171,"w":172,"h":186},
	"rotated": false,
	"trimmed": true,
	"spriteSourceSize": {"x":57,"y":61,"w":172,"h":186},
	"sourceSize": {"w":254,"h":261},
	"pivot": {"x":0.5,"y":0.5}
},
"evie_grind03.png":
{
	"frame": {"x":1210,"y":200,"w":172,"h":187},
	"rotated": false,
	"trimmed": true,
	"spriteSourceSize": {"x":57,"y":61,"w":172,"h":187},
	"sourceSize": {"w":254,"h":261},
	"pivot": {"x":0.5,"y":0.5}
},
"evie_grind04.png":
{
	"frame": {"x":1081,"y":803,"w":172,"h":186},
	"rotated": false,
	"trimmed": true,
	"spriteSourceSize": {"x":57,"y":62,"w":172,"h":186},
	"sourceSize": {"w":254,"h":261},
	"pivot": {"x":0.5,"y":0.5}
},
"evie_grind05.png":
{
	"frame": {"x":1136,"y":593,"w":172,"h":186},
	"rotated": false,
	"trimmed": true,
	"spriteSourceSize": {"x":57,"y":62,"w":172,"h":186},
	"sourceSize": {"w":254,"h":261},
	"pivot": {"x":0.5,"y":0.5}
},
"evie_grind06.png":
{
	"frame": {"x":1596,"y":1415,"w":172,"h":185},
	"rotated": false,
	"trimmed": true,
	"spriteSourceSize": {"x":57,"y":62,"w":172,"h":185},
	"sourceSize": {"w":254,"h":261},
	"pivot": {"x":0.5,"y":0.5}
},
"evie_grind07.png":
{
	"frame": {"x":1063,"y":1692,"w":172,"h":184},
	"rotated": false,
	"trimmed": true,
	"spriteSourceSize": {"x":57,"y":63,"w":172,"h":184},
	"sourceSize": {"w":254,"h":261},
	"pivot": {"x":0.5,"y":0.5}
},
"evie_grind08.png":
{
	"frame": {"x":1404,"y":1534,"w":172,"h":185},
	"rotated": false,
	"trimmed": true,
	"spriteSourceSize": {"x":57,"y":62,"w":172,"h":185},
	"sourceSize": {"w":254,"h":261},
	"pivot": {"x":0.5,"y":0.5}
},
"evie_grind09.png":
{
	"frame": {"x":1578,"y":1602,"w":172,"h":185},
	"rotated": false,
	"trimmed": true,
	"spriteSourceSize": {"x":57,"y":62,"w":172,"h":185},
	"sourceSize": {"w":254,"h":261},
	"pivot": {"x":0.5,"y":0.5}
},
"evie_grind10.png":
{
	"frame": {"x":1276,"y":389,"w":172,"h":186},
	"rotated": false,
	"trimmed": true,
	"spriteSourceSize": {"x":57,"y":62,"w":172,"h":186},
	"sourceSize": {"w":254,"h":261},
	"pivot": {"x":0.5,"y":0.5}
},
"evie_grind11.png":
{
	"frame": {"x":1231,"y":0,"w":172,"h":187},
	"rotated": false,
	"trimmed": true,
	"spriteSourceSize": {"x":57,"y":61,"w":172,"h":187},
	"sourceSize": {"w":254,"h":261},
	"pivot": {"x":0.5,"y":0.5}
},
"evie_grind12.png":
{
	"frame": {"x":936,"y":1367,"w":172,"h":187},
	"rotated": false,
	"trimmed": true,
	"spriteSourceSize": {"x":57,"y":61,"w":172,"h":187},
	"sourceSize": {"w":254,"h":261},
	"pivot": {"x":0.5,"y":0.5}
},
"evie_grind13.png":
{
	"frame": {"x":1255,"y":781,"w":171,"h":186},
	"rotated": false,
	"trimmed": true,
	"spriteSourceSize": {"x":57,"y":61,"w":171,"h":186},
	"sourceSize": {"w":254,"h":261},
	"pivot": {"x":0.5,"y":0.5}
},
"evie_jump00.png":
{
	"frame": {"x":778,"y":1600,"w":141,"h":212},
	"rotated": false,
	"trimmed": true,
	"spriteSourceSize": {"x":74,"y":49,"w":141,"h":212},
	"sourceSize": {"w":254,"h":261},
	"pivot": {"x":0.5,"y":0.5}
},
"evie_jump01.png":
{
	"frame": {"x":663,"y":645,"w":147,"h":207},
	"rotated": false,
	"trimmed": true,
	"spriteSourceSize": {"x":55,"y":54,"w":147,"h":207},
	"sourceSize": {"w":254,"h":261},
	"pivot": {"x":0.5,"y":0.5}
},
"evie_jump02.png":
{
	"frame": {"x":1101,"y":0,"w":128,"h":198},
	"rotated": false,
	"trimmed": true,
	"spriteSourceSize": {"x":59,"y":62,"w":128,"h":198},
	"sourceSize": {"w":254,"h":261},
	"pivot": {"x":0.5,"y":0.5}
},
"evie_jump03.png":
{
	"frame": {"x":1018,"y":613,"w":116,"h":188},
	"rotated": false,
	"trimmed": true,
	"spriteSourceSize": {"x":71,"y":71,"w":116,"h":188},
	"sourceSize": {"w":254,"h":261},
	"pivot": {"x":0.5,"y":0.5}
},
"evie_jump04.png":
{
	"frame": {"x":1770,"y":1415,"w":108,"h":186},
	"rotated": false,
	"trimmed": true,
	"spriteSourceSize": {"x":67,"y":73,"w":108,"h":186},
	"sourceSize": {"w":254,"h":261},
	"pivot": {"x":0.5,"y":0.5}
},
"evie_jump05.png":
{
	"frame": {"x":888,"y":1172,"w":102,"h":193},
	"rotated": false,
	"trimmed": true,
	"spriteSourceSize": {"x":63,"y":67,"w":102,"h":193},
	"sourceSize": {"w":254,"h":261},
	"pivot": {"x":0.5,"y":0.5}
},
"evie_jump06.png":
{
	"frame": {"x":489,"y":1852,"w":111,"h":194},
	"rotated": false,
	"trimmed": true,
	"spriteSourceSize": {"x":52,"y":53,"w":111,"h":194},
	"sourceSize": {"w":254,"h":261},
	"pivot": {"x":0.5,"y":0.5}
},
"evie_jump07.png":
{
	"frame": {"x":957,"y":411,"w":138,"h":200},
	"rotated": false,
	"trimmed": true,
	"spriteSourceSize": {"x":40,"y":40,"w":138,"h":200},
	"sourceSize": {"w":254,"h":261},
	"pivot": {"x":0.5,"y":0.5}
},
"evie_jump08.png":
{
	"frame": {"x":0,"y":1476,"w":151,"h":218},
	"rotated": false,
	"trimmed": true,
	"spriteSourceSize": {"x":47,"y":14,"w":151,"h":218},
	"sourceSize": {"w":254,"h":261},
	"pivot": {"x":0.5,"y":0.5}
},
"evie_jump09.png":
{
	"frame": {"x":757,"y":213,"w":149,"h":206},
	"rotated": false,
	"trimmed": true,
	"spriteSourceSize": {"x":47,"y":11,"w":149,"h":206},
	"sourceSize": {"w":254,"h":261},
	"pivot": {"x":0.5,"y":0.5}
},
"evie_jump10.png":
{
	"frame": {"x":841,"y":843,"w":132,"h":197},
	"rotated": false,
	"trimmed": true,
	"spriteSourceSize": {"x":54,"y":4,"w":132,"h":197},
	"sourceSize": {"w":254,"h":261},
	"pivot": {"x":0.5,"y":0.5}
},
"evie_jump11.png":
{
	"frame": {"x":1310,"y":577,"w":128,"h":186},
	"rotated": false,
	"trimmed": true,
	"spriteSourceSize": {"x":63,"y":0,"w":128,"h":186},
	"sourceSize": {"w":254,"h":261},
	"pivot": {"x":0.5,"y":0.5}
},
"evie_jump12.png":
{
	"frame": {"x":1898,"y":1236,"w":114,"h":172},
	"rotated": false,
	"trimmed": true,
	"spriteSourceSize": {"x":75,"y":0,"w":114,"h":172},
	"sourceSize": {"w":254,"h":261},
	"pivot": {"x":0.5,"y":0.5}
},
"evie_jump13.png":
{
	"frame": {"x":1450,"y":377,"w":97,"h":159},
	"rotated": false,
	"trimmed": true,
	"spriteSourceSize": {"x":87,"y":1,"w":97,"h":159},
	"sourceSize": {"w":254,"h":261},
	"pivot": {"x":0.5,"y":0.5}
},
"evie_jump14.png":
{
	"frame": {"x":403,"y":1900,"w":84,"h":146},
	"rotated": false,
	"trimmed": true,
	"spriteSourceSize": {"x":100,"y":3,"w":84,"h":146},
	"sourceSize": {"w":254,"h":261},
	"pivot": {"x":0.5,"y":0.5}
},
"evie_jump15.png":
{
	"frame": {"x":1427,"y":1092,"w":83,"h":141},
	"rotated": false,
	"trimmed": true,
	"spriteSourceSize": {"x":103,"y":4,"w":83,"h":141},
	"sourceSize": {"w":254,"h":261},
	"pivot": {"x":0.5,"y":0.5}
},
"evie_jump16.png":
{
	"frame": {"x":1428,"y":803,"w":84,"h":139},
	"rotated": false,
	"trimmed": true,
	"spriteSourceSize": {"x":102,"y":4,"w":84,"h":139},
	"sourceSize": {"w":254,"h":261},
	"pivot": {"x":0.5,"y":0.5}
},
"evie_jump17.png":
{
	"frame": {"x":0,"y":1911,"w":84,"h":136},
	"rotated": false,
	"trimmed": true,
	"spriteSourceSize": {"x":102,"y":5,"w":84,"h":136},
	"sourceSize": {"w":254,"h":261},
	"pivot": {"x":0.5,"y":0.5}
},
"evie_jump18.png":
{
	"frame": {"x":1962,"y":408,"w":85,"h":134},
	"rotated": false,
	"trimmed": true,
	"spriteSourceSize": {"x":102,"y":5,"w":85,"h":134},
	"sourceSize": {"w":254,"h":261},
	"pivot": {"x":0.5,"y":0.5}
},
"evie_jump19.png":
{
	"frame": {"x":1943,"y":804,"w":85,"h":133},
	"rotated": false,
	"trimmed": true,
	"spriteSourceSize": {"x":102,"y":6,"w":85,"h":133},
	"sourceSize": {"w":254,"h":261},
	"pivot": {"x":0.5,"y":0.5}
},
"evie_jump20.png":
{
	"frame": {"x":1440,"y":667,"w":85,"h":134},
	"rotated": false,
	"trimmed": true,
	"spriteSourceSize": {"x":102,"y":5,"w":85,"h":134},
	"sourceSize": {"w":254,"h":261},
	"pivot": {"x":0.5,"y":0.5}
},
"evie_jump21.png":
{
	"frame": {"x":86,"y":1911,"w":84,"h":135},
	"rotated": false,
	"trimmed": true,
	"spriteSourceSize": {"x":103,"y":5,"w":84,"h":135},
	"sourceSize": {"w":254,"h":261},
	"pivot": {"x":0.5,"y":0.5}
},
"evie_jump22.png":
{
	"frame": {"x":1424,"y":1235,"w":83,"h":138},
	"rotated": false,
	"trimmed": true,
	"spriteSourceSize": {"x":103,"y":4,"w":83,"h":138},
	"sourceSize": {"w":254,"h":261},
	"pivot": {"x":0.5,"y":0.5}
},
"evie_jump23.png":
{
	"frame": {"x":1166,"y":1167,"w":83,"h":141},
	"rotated": false,
	"trimmed": true,
	"spriteSourceSize": {"x":103,"y":4,"w":83,"h":141},
	"sourceSize": {"w":254,"h":261},
	"pivot": {"x":0.5,"y":0.5}
},
"evie_jump24.png":
{
	"frame": {"x":1428,"y":944,"w":83,"h":146},
	"rotated": false,
	"trimmed": true,
	"spriteSourceSize": {"x":101,"y":5,"w":83,"h":146},
	"sourceSize": {"w":254,"h":261},
	"pivot": {"x":0.5,"y":0.5}
},
"evie_jump25.png":
{
	"frame": {"x":1166,"y":1310,"w":81,"h":168},
	"rotated": false,
	"trimmed": true,
	"spriteSourceSize": {"x":97,"y":4,"w":81,"h":168},
	"sourceSize": {"w":254,"h":261},
	"pivot": {"x":0.5,"y":0.5}
},
"evie_jump26.png":
{
	"frame": {"x":975,"y":843,"w":104,"h":191},
	"rotated": false,
	"trimmed": true,
	"spriteSourceSize": {"x":87,"y":2,"w":104,"h":191},
	"sourceSize": {"w":254,"h":261},
	"pivot": {"x":0.5,"y":0.5}
},
"evie_jump27.png":
{
	"frame": {"x":0,"y":0,"w":136,"h":261},
	"rotated": false,
	"trimmed": true,
	"spriteSourceSize": {"x":77,"y":0,"w":136,"h":261},
	"sourceSize": {"w":254,"h":261},
	"pivot": {"x":0.5,"y":0.5}
},
"evie_jump28.png":
{
	"frame": {"x":0,"y":263,"w":183,"h":259},
	"rotated": false,
	"trimmed": true,
	"spriteSourceSize": {"x":68,"y":2,"w":183,"h":259},
	"sourceSize": {"w":254,"h":261},
	"pivot": {"x":0.5,"y":0.5}
},
"evie_jump29.png":
{
	"frame": {"x":138,"y":0,"w":174,"h":256},
	"rotated": false,
	"trimmed": true,
	"spriteSourceSize": {"x":62,"y":5,"w":174,"h":256},
	"sourceSize": {"w":254,"h":261},
	"pivot": {"x":0.5,"y":0.5}
},
"evie_jump30.png":
{
	"frame": {"x":0,"y":524,"w":165,"h":250},
	"rotated": false,
	"trimmed": true,
	"spriteSourceSize": {"x":51,"y":11,"w":165,"h":250},
	"sourceSize": {"w":254,"h":261},
	"pivot": {"x":0.5,"y":0.5}
},
"evie_jump31.png":
{
	"frame": {"x":0,"y":776,"w":138,"h":241},
	"rotated": false,
	"trimmed": true,
	"spriteSourceSize": {"x":57,"y":20,"w":138,"h":241},
	"sourceSize": {"w":254,"h":261},
	"pivot": {"x":0.5,"y":0.5}
},
"evie_jump32.png":
{
	"frame": {"x":0,"y":1019,"w":127,"h":231},
	"rotated": false,
	"trimmed": true,
	"spriteSourceSize": {"x":59,"y":30,"w":127,"h":231},
	"sourceSize": {"w":254,"h":261},
	"pivot": {"x":0.5,"y":0.5}
},
"evie_jump33.png":
{
	"frame": {"x":0,"y":1252,"w":121,"h":222},
	"rotated": false,
	"trimmed": true,
	"spriteSourceSize": {"x":62,"y":39,"w":121,"h":222},
	"sourceSize": {"w":254,"h":261},
	"pivot": {"x":0.5,"y":0.5}
},
"evie_jump34.png":
{
	"frame": {"x":317,"y":1685,"w":118,"h":213},
	"rotated": false,
	"trimmed": true,
	"spriteSourceSize": {"x":65,"y":48,"w":118,"h":213},
	"sourceSize": {"w":254,"h":261},
	"pivot": {"x":0.5,"y":0.5}
},
"evie_jump35.png":
{
	"frame": {"x":727,"y":854,"w":112,"h":205},
	"rotated": false,
	"trimmed": true,
	"spriteSourceSize": {"x":71,"y":56,"w":112,"h":205},
	"sourceSize": {"w":254,"h":261},
	"pivot": {"x":0.5,"y":0.5}
},
"evie_jump36.png":
{
	"frame": {"x":990,"y":0,"w":109,"h":201},
	"rotated": false,
	"trimmed": true,
	"spriteSourceSize": {"x":74,"y":59,"w":109,"h":201},
	"sourceSize": {"w":254,"h":261},
	"pivot": {"x":0.5,"y":0.5}
},
"evie_jump37.png":
{
	"frame": {"x":834,"y":421,"w":121,"h":204},
	"rotated": false,
	"trimmed": true,
	"spriteSourceSize": {"x":62,"y":57,"w":121,"h":204},
	"sourceSize": {"w":254,"h":261},
	"pivot": {"x":0.5,"y":0.5}
},
"evie_jump38.png":
{
	"frame": {"x":685,"y":428,"w":147,"h":207},
	"rotated": false,
	"trimmed": true,
	"spriteSourceSize": {"x":47,"y":54,"w":147,"h":207},
	"sourceSize": {"w":254,"h":261},
	"pivot": {"x":0.5,"y":0.5}
},
"evie_run00.png":
{
	"frame": {"x":314,"y":0,"w":208,"h":214},
	"rotated": false,
	"trimmed": true,
	"spriteSourceSize": {"x":16,"y":47,"w":208,"h":214},
	"sourceSize": {"w":254,"h":261},
	"pivot": {"x":0.5,"y":0.5}
},
"evie_run01.png":
{
	"frame": {"x":129,"y":1019,"w":205,"h":215},
	"rotated": false,
	"trimmed": true,
	"spriteSourceSize": {"x":15,"y":46,"w":205,"h":215},
	"sourceSize": {"w":254,"h":261},
	"pivot": {"x":0.5,"y":0.5}
},
"evie_run02.png":
{
	"frame": {"x":346,"y":741,"w":190,"h":215},
	"rotated": false,
	"trimmed": true,
	"spriteSourceSize": {"x":22,"y":46,"w":190,"h":215},
	"sourceSize": {"w":254,"h":261},
	"pivot": {"x":0.5,"y":0.5}
},
"evie_run03.png":
{
	"frame": {"x":0,"y":1696,"w":183,"h":213},
	"rotated": false,
	"trimmed": true,
	"spriteSourceSize": {"x":25,"y":48,"w":183,"h":213},
	"sourceSize": {"w":254,"h":261},
	"pivot": {"x":0.5,"y":0.5}
},
"evie_run04.png":
{
	"frame": {"x":437,"y":1638,"w":175,"h":212},
	"rotated": false,
	"trimmed": true,
	"spriteSourceSize": {"x":28,"y":49,"w":175,"h":212},
	"sourceSize": {"w":254,"h":261},
	"pivot": {"x":0.5,"y":0.5}
},
"evie_run05.png":
{
	"frame": {"x":609,"y":1386,"w":163,"h":212},
	"rotated": false,
	"trimmed": true,
	"spriteSourceSize": {"x":36,"y":49,"w":163,"h":212},
	"sourceSize": {"w":254,"h":261},
	"pivot": {"x":0.5,"y":0.5}
},
"evie_run06.png":
{
	"frame": {"x":153,"y":1470,"w":141,"h":213},
	"rotated": false,
	"trimmed": true,
	"spriteSourceSize": {"x":47,"y":48,"w":141,"h":213},
	"sourceSize": {"w":254,"h":261},
	"pivot": {"x":0.5,"y":0.5}
},
"evie_run07.png":
{
	"frame": {"x":185,"y":1685,"w":130,"h":213},
	"rotated": false,
	"trimmed": true,
	"spriteSourceSize": {"x":66,"y":48,"w":130,"h":213},
	"sourceSize": {"w":254,"h":261},
	"pivot": {"x":0.5,"y":0.5}
},
"evie_run08.png":
{
	"frame": {"x":561,"y":431,"w":122,"h":212},
	"rotated": false,
	"trimmed": true,
	"spriteSourceSize": {"x":88,"y":49,"w":122,"h":212},
	"sourceSize": {"w":254,"h":261},
	"pivot": {"x":0.5,"y":0.5}
},
"evie_run09.png":
{
	"frame": {"x":921,"y":1600,"w":140,"h":212},
	"rotated": false,
	"trimmed": true,
	"spriteSourceSize": {"x":73,"y":49,"w":140,"h":212},
	"sourceSize": {"w":254,"h":261},
	"pivot": {"x":0.5,"y":0.5}
},
"evie_run10.png":
{
	"frame": {"x":614,"y":1600,"w":162,"h":212},
	"rotated": false,
	"trimmed": true,
	"spriteSourceSize": {"x":52,"y":49,"w":162,"h":212},
	"sourceSize": {"w":254,"h":261},
	"pivot": {"x":0.5,"y":0.5}
},
"evie_run11.png":
{
	"frame": {"x":536,"y":958,"w":189,"h":212},
	"rotated": false,
	"trimmed": true,
	"spriteSourceSize": {"x":30,"y":49,"w":189,"h":212},
	"sourceSize": {"w":254,"h":261},
	"pivot": {"x":0.5,"y":0.5}
},
"evie_run12.png":
{
	"frame": {"x":377,"y":216,"w":210,"h":213},
	"rotated": false,
	"trimmed": true,
	"spriteSourceSize": {"x":14,"y":48,"w":210,"h":213},
	"sourceSize": {"w":254,"h":261},
	"pivot": {"x":0.5,"y":0.5}
},
"evie_run13.png":
{
	"frame": {"x":123,"y":1252,"w":218,"h":216},
	"rotated": false,
	"trimmed": true,
	"spriteSourceSize": {"x":11,"y":45,"w":218,"h":216},
	"sourceSize": {"w":254,"h":261},
	"pivot": {"x":0.5,"y":0.5}
},
"evie_run14.png":
{
	"frame": {"x":140,"y":776,"w":204,"h":215},
	"rotated": false,
	"trimmed": true,
	"spriteSourceSize": {"x":19,"y":46,"w":204,"h":215},
	"sourceSize": {"w":254,"h":261},
	"pivot": {"x":0.5,"y":0.5}
},
"evie_run15.png":
{
	"frame": {"x":336,"y":993,"w":198,"h":215},
	"rotated": false,
	"trimmed": true,
	"spriteSourceSize": {"x":20,"y":46,"w":198,"h":215},
	"sourceSize": {"w":254,"h":261},
	"pivot": {"x":0.5,"y":0.5}
},
"evie_run16.png":
{
	"frame": {"x":372,"y":475,"w":187,"h":214},
	"rotated": false,
	"trimmed": true,
	"spriteSourceSize": {"x":24,"y":47,"w":187,"h":214},
	"sourceSize": {"w":254,"h":261},
	"pivot": {"x":0.5,"y":0.5}
},
"evie_run17.png":
{
	"frame": {"x":428,"y":1424,"w":179,"h":212},
	"rotated": false,
	"trimmed": true,
	"spriteSourceSize": {"x":29,"y":49,"w":179,"h":212},
	"sourceSize": {"w":254,"h":261},
	"pivot": {"x":0.5,"y":0.5}
},
"evie_run18.png":
{
	"frame": {"x":589,"y":215,"w":166,"h":211},
	"rotated": false,
	"trimmed": true,
	"spriteSourceSize": {"x":37,"y":50,"w":166,"h":211},
	"sourceSize": {"w":254,"h":261},
	"pivot": {"x":0.5,"y":0.5}
},
"evie_run19.png":
{
	"frame": {"x":722,"y":0,"w":150,"h":211},
	"rotated": false,
	"trimmed": true,
	"spriteSourceSize": {"x":49,"y":50,"w":150,"h":211},
	"sourceSize": {"w":254,"h":261},
	"pivot": {"x":0.5,"y":0.5}
},
"evie_run20.png":
{
	"frame": {"x":296,"y":1470,"w":130,"h":213},
	"rotated": false,
	"trimmed": true,
	"spriteSourceSize": {"x":66,"y":48,"w":130,"h":213},
	"sourceSize": {"w":254,"h":261},
	"pivot": {"x":0.5,"y":0.5}
},
"evie_run21.png":
{
	"frame": {"x":538,"y":691,"w":123,"h":212},
	"rotated": false,
	"trimmed": true,
	"spriteSourceSize": {"x":87,"y":49,"w":123,"h":212},
	"sourceSize": {"w":254,"h":261},
	"pivot": {"x":0.5,"y":0.5}
},
"evie_run22.png":
{
	"frame": {"x":789,"y":1814,"w":141,"h":212},
	"rotated": false,
	"trimmed": true,
	"spriteSourceSize": {"x":74,"y":49,"w":141,"h":212},
	"sourceSize": {"w":254,"h":261},
	"pivot": {"x":0.5,"y":0.5}
},
"evie_run23.png":
{
	"frame": {"x":774,"y":1386,"w":160,"h":212},
	"rotated": false,
	"trimmed": true,
	"spriteSourceSize": {"x":55,"y":49,"w":160,"h":212},
	"sourceSize": {"w":254,"h":261},
	"pivot": {"x":0.5,"y":0.5}
},
"evie_run24.png":
{
	"frame": {"x":543,"y":1172,"w":178,"h":212},
	"rotated": false,
	"trimmed": true,
	"spriteSourceSize": {"x":40,"y":49,"w":178,"h":212},
	"sourceSize": {"w":254,"h":261},
	"pivot": {"x":0.5,"y":0.5}
},
"evie_run25.png":
{
	"frame": {"x":524,"y":0,"w":196,"h":213},
	"rotated": false,
	"trimmed": true,
	"spriteSourceSize": {"x":28,"y":48,"w":196,"h":213},
	"sourceSize": {"w":254,"h":261},
	"pivot": {"x":0.5,"y":0.5}
},
"evie_run26.png":
{
	"frame": {"x":167,"y":524,"w":203,"h":215},
	"rotated": false,
	"trimmed": true,
	"spriteSourceSize": {"x":22,"y":46,"w":203,"h":215},
	"sourceSize": {"w":254,"h":261},
	"pivot": {"x":0.5,"y":0.5}
},
"evie_slide00.png":
{
	"frame": {"x":185,"y":258,"w":190,"h":215},
	"rotated": false,
	"trimmed": true,
	"spriteSourceSize": {"x":22,"y":46,"w":190,"h":215},
	"sourceSize": {"w":254,"h":261},
	"pivot": {"x":0.5,"y":0.5}
},
"evie_slide01.png":
{
	"frame": {"x":343,"y":1210,"w":198,"h":212},
	"rotated": false,
	"trimmed": true,
	"spriteSourceSize": {"x":15,"y":49,"w":198,"h":212},
	"sourceSize": {"w":254,"h":261},
	"pivot": {"x":0.5,"y":0.5}
},
"evie_slide02.png":
{
	"frame": {"x":812,"y":637,"w":204,"h":204},
	"rotated": false,
	"trimmed": true,
	"spriteSourceSize": {"x":21,"y":57,"w":204,"h":204},
	"sourceSize": {"w":254,"h":261},
	"pivot": {"x":0.5,"y":0.5}
},
"evie_slide03.png":
{
	"frame": {"x":602,"y":1852,"w":185,"h":193},
	"rotated": false,
	"trimmed": true,
	"spriteSourceSize": {"x":42,"y":67,"w":185,"h":193},
	"sourceSize": {"w":254,"h":261},
	"pivot": {"x":0.5,"y":0.5}
},
"evie_slide04.png":
{
	"frame": {"x":1251,"y":1272,"w":157,"h":179},
	"rotated": false,
	"trimmed": true,
	"spriteSourceSize": {"x":65,"y":80,"w":157,"h":179},
	"sourceSize": {"w":254,"h":261},
	"pivot": {"x":0.5,"y":0.5}
},
"evie_slide05.png":
{
	"frame": {"x":1258,"y":969,"w":167,"h":165},
	"rotated": false,
	"trimmed": true,
	"spriteSourceSize": {"x":63,"y":92,"w":167,"h":165},
	"sourceSize": {"w":254,"h":261},
	"pivot": {"x":0.5,"y":0.5}
},
"evie_slide06.png":
{
	"frame": {"x":1410,"y":1375,"w":184,"h":157},
	"rotated": false,
	"trimmed": true,
	"spriteSourceSize": {"x":57,"y":100,"w":184,"h":157},
	"sourceSize": {"w":254,"h":261},
	"pivot": {"x":0.5,"y":0.5}
},
"evie_slide07.png":
{
	"frame": {"x":1712,"y":838,"w":194,"h":151},
	"rotated": false,
	"trimmed": true,
	"spriteSourceSize": {"x":53,"y":108,"w":194,"h":151},
	"sourceSize": {"w":254,"h":261},
	"pivot": {"x":0.5,"y":0.5}
},
"evie_slide08.png":
{
	"frame": {"x":1549,"y":408,"w":210,"h":142},
	"rotated": false,
	"trimmed": true,
	"spriteSourceSize": {"x":40,"y":119,"w":210,"h":142},
	"sourceSize": {"w":254,"h":261},
	"pivot": {"x":0.5,"y":0.5}
},
"evie_slide09.png":
{
	"frame": {"x":1808,"y":0,"w":220,"h":134},
	"rotated": false,
	"trimmed": true,
	"spriteSourceSize": {"x":28,"y":127,"w":220,"h":134},
	"sourceSize": {"w":254,"h":261},
	"pivot": {"x":0.5,"y":0.5}
},
"evie_slide10.png":
{
	"frame": {"x":1578,"y":0,"w":228,"h":134},
	"rotated": false,
	"trimmed": true,
	"spriteSourceSize": {"x":20,"y":127,"w":228,"h":134},
	"sourceSize": {"w":254,"h":261},
	"pivot": {"x":0.5,"y":0.5}
},
"evie_slide11.png":
{
	"frame": {"x":172,"y":1911,"w":229,"h":134},
	"rotated": false,
	"trimmed": true,
	"spriteSourceSize": {"x":18,"y":127,"w":229,"h":134},
	"sourceSize": {"w":254,"h":261},
	"pivot": {"x":0.5,"y":0.5}
},
"evie_slide12.png":
{
	"frame": {"x":1578,"y":136,"w":220,"h":134},
	"rotated": false,
	"trimmed": true,
	"spriteSourceSize": {"x":25,"y":127,"w":220,"h":134},
	"sourceSize": {"w":254,"h":261},
	"pivot": {"x":0.5,"y":0.5}
},
"evie_slide13.png":
{
	"frame": {"x":1800,"y":136,"w":219,"h":134},
	"rotated": false,
	"trimmed": true,
	"spriteSourceSize": {"x":25,"y":127,"w":219,"h":134},
	"sourceSize": {"w":254,"h":261},
	"pivot": {"x":0.5,"y":0.5}
},
"evie_slide14.png":
{
	"frame": {"x":1557,"y":272,"w":216,"h":134},
	"rotated": false,
	"trimmed": true,
	"spriteSourceSize": {"x":27,"y":127,"w":216,"h":134},
	"sourceSize": {"w":254,"h":261},
	"pivot": {"x":0.5,"y":0.5}
},
"evie_slide15.png":
{
	"frame": {"x":1775,"y":272,"w":212,"h":134},
	"rotated": false,
	"trimmed": true,
	"spriteSourceSize": {"x":31,"y":127,"w":212,"h":134},
	"sourceSize": {"w":254,"h":261},
	"pivot": {"x":0.5,"y":0.5}
},
"evie_slide16.png":
{
	"frame": {"x":1761,"y":408,"w":199,"h":134},
	"rotated": false,
	"trimmed": true,
	"spriteSourceSize": {"x":41,"y":127,"w":199,"h":134},
	"sourceSize": {"w":254,"h":261},
	"pivot": {"x":0.5,"y":0.5}
},
"evie_slide17.png":
{
	"frame": {"x":1063,"y":1556,"w":177,"h":134},
	"rotated": false,
	"trimmed": true,
	"spriteSourceSize": {"x":54,"y":127,"w":177,"h":134},
	"sourceSize": {"w":254,"h":261},
	"pivot": {"x":0.5,"y":0.5}
},
"evie_slide18.png":
{
	"frame": {"x":1249,"y":1453,"w":153,"h":134},
	"rotated": false,
	"trimmed": true,
	"spriteSourceSize": {"x":66,"y":127,"w":153,"h":134},
	"sourceSize": {"w":254,"h":261},
	"pivot": {"x":0.5,"y":0.5}
},
"evie_slide19.png":
{
	"frame": {"x":841,"y":1042,"w":130,"h":128},
	"rotated": false,
	"trimmed": true,
	"spriteSourceSize": {"x":73,"y":127,"w":130,"h":128},
	"sourceSize": {"w":254,"h":261},
	"pivot": {"x":0.5,"y":0.5}
},
"evie_slide20.png":
{
	"frame": {"x":973,"y":1042,"w":110,"h":127},
	"rotated": false,
	"trimmed": true,
	"spriteSourceSize": {"x":81,"y":127,"w":110,"h":127},
	"sourceSize": {"w":254,"h":261},
	"pivot": {"x":0.5,"y":0.5}
},
"evie_slide21.png":
{
	"frame": {"x":1450,"y":538,"w":94,"h":127},
	"rotated": false,
	"trimmed": true,
	"spriteSourceSize": {"x":89,"y":127,"w":94,"h":127},
	"sourceSize": {"w":254,"h":261},
	"pivot": {"x":0.5,"y":0.5}
},
"evie_slide22.png":
{
	"frame": {"x":1960,"y":675,"w":88,"h":127},
	"rotated": false,
	"trimmed": true,
	"spriteSourceSize": {"x":95,"y":127,"w":88,"h":127},
	"sourceSize": {"w":254,"h":261},
	"pivot": {"x":0.5,"y":0.5}
},
"evie_slide23.png":
{
	"frame": {"x":1960,"y":544,"w":88,"h":129},
	"rotated": false,
	"trimmed": true,
	"spriteSourceSize": {"x":95,"y":125,"w":88,"h":129},
	"sourceSize": {"w":254,"h":261},
	"pivot": {"x":0.5,"y":0.5}
},
"evie_slide24.png":
{
	"frame": {"x":1063,"y":1878,"w":106,"h":138},
	"rotated": false,
	"trimmed": true,
	"spriteSourceSize": {"x":77,"y":117,"w":106,"h":138},
	"sourceSize": {"w":254,"h":261},
	"pivot": {"x":0.5,"y":0.5}
},
"evie_slide25.png":
{
	"frame": {"x":1908,"y":939,"w":129,"h":149},
	"rotated": false,
	"trimmed": true,
	"spriteSourceSize": {"x":55,"y":107,"w":129,"h":149},
	"sourceSize": {"w":254,"h":261},
	"pivot": {"x":0.5,"y":0.5}
},
"evie_slide26.png":
{
	"frame": {"x":1889,"y":1410,"w":153,"h":161},
	"rotated": false,
	"trimmed": true,
	"spriteSourceSize": {"x":42,"y":96,"w":153,"h":161},
	"sourceSize": {"w":254,"h":261},
	"pivot": {"x":0.5,"y":0.5}
},
"evie_slide27.png":
{
	"frame": {"x":1085,"y":991,"w":171,"h":174},
	"rotated": false,
	"trimmed": true,
	"spriteSourceSize": {"x":33,"y":84,"w":171,"h":174},
	"sourceSize": {"w":254,"h":261},
	"pivot": {"x":0.5,"y":0.5}
},
"evie_slide28.png":
{
	"frame": {"x":1097,"y":404,"w":177,"h":187},
	"rotated": false,
	"trimmed": true,
	"spriteSourceSize": {"x":30,"y":72,"w":177,"h":187},
	"sourceSize": {"w":254,"h":261},
	"pivot": {"x":0.5,"y":0.5}
},
"evie_slide29.png":
{
	"frame": {"x":908,"y":208,"w":168,"h":201},
	"rotated": false,
	"trimmed": true,
	"spriteSourceSize": {"x":31,"y":59,"w":168,"h":201},
	"sourceSize": {"w":254,"h":261},
	"pivot": {"x":0.5,"y":0.5}
},
"evie_slide30.png":
{
	"frame": {"x":723,"y":1172,"w":163,"h":212},
	"rotated": false,
	"trimmed": true,
	"spriteSourceSize": {"x":36,"y":49,"w":163,"h":212},
	"sourceSize": {"w":254,"h":261},
	"pivot": {"x":0.5,"y":0.5}
}},
"meta": {
	"app": "http://www.codeandweb.com/texturepacker",
	"version": "1.0",
	"image": "evie.png",
	"format": "RGBA8888",
	"size": {"w":2048,"h":2048},
	"scale": "1",
	"smartupdate": "$TexturePacker:SmartUpdate:ec31afce565c2f996c0b62a4a140d21f:8701f35c99fdf8f23d5b9cae9631a965:255fd7a4921c0bedb61b96cbbfb4fe9e$"
}
}
