{"frames": {

"hud_magnet_bar_frame.png":
{
	"frame": {"x":0,"y":0,"w":382,"h":62},
	"rotated": false,
	"trimmed": false,
	"spriteSourceSize": {"x":0,"y":0,"w":382,"h":62},
	"sourceSize": {"w":382,"h":62},
	"pivot": {"x":0.5,"y":0.5}
},
"icon_back.png":
{
	"frame": {"x":285,"y":64,"w":76,"h":61},
	"rotated": false,
	"trimmed": true,
	"spriteSourceSize": {"x":2,"y":9,"w":76,"h":61},
	"sourceSize": {"w":80,"h":80},
	"pivot": {"x":0.5,"y":0.5}
},
"icon_close.png":
{
	"frame": {"x":0,"y":337,"w":59,"h":61},
	"rotated": false,
	"trimmed": false,
	"spriteSourceSize": {"x":0,"y":0,"w":59,"h":61},
	"sourceSize": {"w":59,"h":61},
	"pivot": {"x":0.5,"y":0.5}
},
"icon_forward.png":
{
	"frame": {"x":285,"y":127,"w":76,"h":61},
	"rotated": false,
	"trimmed": true,
	"spriteSourceSize": {"x":2,"y":9,"w":76,"h":61},
	"sourceSize": {"w":80,"h":80},
	"pivot": {"x":0.5,"y":0.5}
},
"icon_help.png":
{
	"frame": {"x":56,"y":261,"w":41,"h":60},
	"rotated": false,
	"trimmed": true,
	"spriteSourceSize": {"x":19,"y":10,"w":41,"h":60},
	"sourceSize": {"w":80,"h":80},
	"pivot": {"x":0.5,"y":0.5}
},
"icon_home.png":
{
	"frame": {"x":439,"y":198,"w":70,"h":61},
	"rotated": false,
	"trimmed": true,
	"spriteSourceSize": {"x":5,"y":9,"w":70,"h":61},
	"sourceSize": {"w":80,"h":80},
	"pivot": {"x":0.5,"y":0.5}
},
"icon_mute.png":
{
	"frame": {"x":56,"y":190,"w":64,"h":58},
	"rotated": false,
	"trimmed": true,
	"spriteSourceSize": {"x":8,"y":11,"w":64,"h":58},
	"sourceSize": {"w":80,"h":80},
	"pivot": {"x":0.5,"y":0.5}
},
"icon_pause.png":
{
	"frame": {"x":0,"y":190,"w":54,"h":63},
	"rotated": false,
	"trimmed": true,
	"spriteSourceSize": {"x":13,"y":8,"w":54,"h":63},
	"sourceSize": {"w":80,"h":80},
	"pivot": {"x":0.5,"y":0.5}
},
"icon_play.png":
{
	"frame": {"x":384,"y":0,"w":114,"h":129},
	"rotated": false,
	"trimmed": false,
	"spriteSourceSize": {"x":0,"y":0,"w":114,"h":129},
	"sourceSize": {"w":114,"h":129},
	"pivot": {"x":0.5,"y":0.5}
},
"icon_restart.png":
{
	"frame": {"x":439,"y":131,"w":73,"h":65},
	"rotated": false,
	"trimmed": true,
	"spriteSourceSize": {"x":3,"y":7,"w":73,"h":65},
	"sourceSize": {"w":80,"h":80},
	"pivot": {"x":0.5,"y":0.5}
},
"icon_shop.png":
{
	"frame": {"x":0,"y":261,"w":54,"h":74},
	"rotated": false,
	"trimmed": true,
	"spriteSourceSize": {"x":5,"y":1,"w":54,"h":74},
	"sourceSize": {"w":64,"h":76},
	"pivot": {"x":0.5,"y":0.5}
},
"icon_sound.png":
{
	"frame": {"x":0,"y":400,"w":64,"h":58},
	"rotated": false,
	"trimmed": true,
	"spriteSourceSize": {"x":8,"y":11,"w":64,"h":58},
	"sourceSize": {"w":80,"h":80},
	"pivot": {"x":0.5,"y":0.5}
},
"icon_tick.png":
{
	"frame": {"x":363,"y":131,"w":74,"h":72},
	"rotated": false,
	"trimmed": true,
	"spriteSourceSize": {"x":3,"y":4,"w":74,"h":72},
	"sourceSize": {"w":80,"h":80},
	"pivot": {"x":0.5,"y":0.5}
},
"vine_bg.png":
{
	"frame": {"x":0,"y":64,"w":283,"h":122},
	"rotated": false,
	"trimmed": false,
	"spriteSourceSize": {"x":0,"y":0,"w":283,"h":122},
	"sourceSize": {"w":283,"h":122},
	"pivot": {"x":0.5,"y":0.5}
}},
"meta": {
	"app": "http://www.codeandweb.com/texturepacker",
	"version": "1.0",
	"image": "gold.png",
	"format": "RGBA8888",
	"size": {"w":512,"h":512},
	"scale": "1",
	"smartupdate": "$TexturePacker:SmartUpdate:a8c835ee66599594971cda4a5da2d76f:b1c37d42d39b4c867df29707582c9d49:312dbdbfb89e7e2e9d1c12ae239849b3$"
}
}
