{"frames": {

"1joint.png":
{
	"frame": {"x":664,"y":1829,"w":62,"h":116},
	"rotated": false,
	"trimmed": false,
	"spriteSourceSize": {"x":0,"y":0,"w":62,"h":116},
	"sourceSize": {"w":62,"h":116},
	"pivot": {"x":0.5,"y":0.5}
},
"2joint.png":
{
	"frame": {"x":1160,"y":1064,"w":77,"h":120},
	"rotated": false,
	"trimmed": false,
	"spriteSourceSize": {"x":0,"y":0,"w":77,"h":120},
	"sourceSize": {"w":77,"h":120},
	"pivot": {"x":0.5,"y":0.5}
},
"bg_window1.png":
{
	"frame": {"x":1040,"y":864,"w":118,"h":175},
	"rotated": false,
	"trimmed": true,
	"spriteSourceSize": {"x":2,"y":2,"w":118,"h":175},
	"sourceSize": {"w":122,"h":180},
	"pivot": {"x":0.5,"y":0.5}
},
"bg_window2.png":
{
	"frame": {"x":1040,"y":1041,"w":118,"h":175},
	"rotated": false,
	"trimmed": true,
	"spriteSourceSize": {"x":1,"y":3,"w":118,"h":175},
	"sourceSize": {"w":121,"h":180},
	"pivot": {"x":0.5,"y":0.5}
},
"big_earth.png":
{
	"frame": {"x":926,"y":314,"w":238,"h":238},
	"rotated": false,
	"trimmed": false,
	"spriteSourceSize": {"x":0,"y":0,"w":238,"h":238},
	"sourceSize": {"w":238,"h":238},
	"pivot": {"x":0.5,"y":0.5}
},
"billboard_blank.png":
{
	"frame": {"x":0,"y":0,"w":818,"h":415},
	"rotated": false,
	"trimmed": true,
	"spriteSourceSize": {"x":0,"y":1,"w":818,"h":415},
	"sourceSize": {"w":818,"h":416},
	"pivot": {"x":0.5,"y":0.5}
},
"billboard_king_fill.png":
{
	"frame": {"x":0,"y":417,"w":756,"h":448},
	"rotated": false,
	"trimmed": true,
	"spriteSourceSize": {"x":0,"y":0,"w":756,"h":448},
	"sourceSize": {"w":756,"h":449},
	"pivot": {"x":0.5,"y":0.5}
},
"blanket1.png":
{
	"frame": {"x":450,"y":1922,"w":100,"h":121},
	"rotated": false,
	"trimmed": false,
	"spriteSourceSize": {"x":0,"y":0,"w":100,"h":121},
	"sourceSize": {"w":100,"h":121},
	"pivot": {"x":0.5,"y":0.5}
},
"blanket2.png":
{
	"frame": {"x":562,"y":1829,"w":100,"h":121},
	"rotated": false,
	"trimmed": false,
	"spriteSourceSize": {"x":0,"y":0,"w":100,"h":121},
	"sourceSize": {"w":100,"h":121},
	"pivot": {"x":0.5,"y":0.5}
},
"blanket3.png":
{
	"frame": {"x":728,"y":1836,"w":100,"h":121},
	"rotated": false,
	"trimmed": false,
	"spriteSourceSize": {"x":0,"y":0,"w":100,"h":121},
	"sourceSize": {"w":100,"h":121},
	"pivot": {"x":0.5,"y":0.5}
},
"blanket5.png":
{
	"frame": {"x":830,"y":1836,"w":100,"h":121},
	"rotated": false,
	"trimmed": false,
	"spriteSourceSize": {"x":0,"y":0,"w":100,"h":121},
	"sourceSize": {"w":100,"h":121},
	"pivot": {"x":0.5,"y":0.5}
},
"blanket6.png":
{
	"frame": {"x":988,"y":1798,"w":100,"h":121},
	"rotated": false,
	"trimmed": false,
	"spriteSourceSize": {"x":0,"y":0,"w":100,"h":121},
	"sourceSize": {"w":100,"h":121},
	"pivot": {"x":0.5,"y":0.5}
},
"bolt.png":
{
	"frame": {"x":869,"y":1341,"w":139,"h":122},
	"rotated": false,
	"trimmed": false,
	"spriteSourceSize": {"x":0,"y":0,"w":139,"h":122},
	"sourceSize": {"w":139,"h":122},
	"pivot": {"x":0.5,"y":0.5}
},
"cable_link.png":
{
	"frame": {"x":718,"y":2016,"w":59,"h":19},
	"rotated": false,
	"trimmed": true,
	"spriteSourceSize": {"x":12,"y":10,"w":59,"h":19},
	"sourceSize": {"w":82,"h":36},
	"pivot": {"x":0.5,"y":0.5}
},
"chain.png":
{
	"frame": {"x":1166,"y":309,"w":17,"h":237},
	"rotated": false,
	"trimmed": false,
	"spriteSourceSize": {"x":0,"y":0,"w":17,"h":237},
	"sourceSize": {"w":17,"h":237},
	"pivot": {"x":0.5,"y":0.5}
},
"collectible_coin00.png":
{
	"frame": {"x":967,"y":1276,"w":26,"h":26},
	"rotated": false,
	"trimmed": true,
	"spriteSourceSize": {"x":2,"y":2,"w":26,"h":26},
	"sourceSize": {"w":30,"h":30},
	"pivot": {"x":0.5,"y":0.5}
},
"collectible_coin01.png":
{
	"frame": {"x":902,"y":314,"w":22,"h":26},
	"rotated": false,
	"trimmed": true,
	"spriteSourceSize": {"x":4,"y":2,"w":22,"h":26},
	"sourceSize": {"w":30,"h":30},
	"pivot": {"x":0.5,"y":0.5}
},
"collectible_coin02.png":
{
	"frame": {"x":605,"y":1532,"w":18,"h":26},
	"rotated": false,
	"trimmed": true,
	"spriteSourceSize": {"x":5,"y":2,"w":18,"h":26},
	"sourceSize": {"w":30,"h":30},
	"pivot": {"x":0.5,"y":0.5}
},
"collectible_coin03.png":
{
	"frame": {"x":1090,"y":1886,"w":16,"h":27},
	"rotated": false,
	"trimmed": true,
	"spriteSourceSize": {"x":5,"y":1,"w":16,"h":27},
	"sourceSize": {"w":30,"h":30},
	"pivot": {"x":0.5,"y":0.5}
},
"collectible_coin04.png":
{
	"frame": {"x":915,"y":1959,"w":14,"h":28},
	"rotated": false,
	"trimmed": true,
	"spriteSourceSize": {"x":5,"y":0,"w":14,"h":28},
	"sourceSize": {"w":30,"h":30},
	"pivot": {"x":0.5,"y":0.5}
},
"collectible_coin05.png":
{
	"frame": {"x":625,"y":1532,"w":12,"h":26},
	"rotated": false,
	"trimmed": true,
	"spriteSourceSize": {"x":9,"y":2,"w":12,"h":26},
	"sourceSize": {"w":30,"h":30},
	"pivot": {"x":0.5,"y":0.5}
},
"collectible_coin06.png":
{
	"frame": {"x":902,"y":342,"w":16,"h":26},
	"rotated": false,
	"trimmed": true,
	"spriteSourceSize": {"x":7,"y":2,"w":16,"h":26},
	"sourceSize": {"w":30,"h":30},
	"pivot": {"x":0.5,"y":0.5}
},
"collectible_coin07.png":
{
	"frame": {"x":424,"y":1561,"w":21,"h":26},
	"rotated": false,
	"trimmed": true,
	"spriteSourceSize": {"x":4,"y":2,"w":21,"h":26},
	"sourceSize": {"w":30,"h":30},
	"pivot": {"x":0.5,"y":0.5}
},
"concrete_face.png":
{
	"frame": {"x":1211,"y":309,"w":30,"h":117},
	"rotated": false,
	"trimmed": false,
	"spriteSourceSize": {"x":0,"y":0,"w":30,"h":117},
	"sourceSize": {"w":30,"h":117},
	"pivot": {"x":0.5,"y":0.5}
},
"decal_drain_clip.png":
{
	"frame": {"x":1166,"y":1307,"w":42,"h":12},
	"rotated": false,
	"trimmed": false,
	"spriteSourceSize": {"x":0,"y":0,"w":42,"h":12},
	"sourceSize": {"w":42,"h":12},
	"pivot": {"x":0.5,"y":0.5}
},
"decal_fade_black.png":
{
	"frame": {"x":848,"y":1792,"w":128,"h":32},
	"rotated": false,
	"trimmed": false,
	"spriteSourceSize": {"x":0,"y":0,"w":128,"h":32},
	"sourceSize": {"w":128,"h":32},
	"pivot": {"x":0.5,"y":0.5}
},
"decal_plank.png":
{
	"frame": {"x":819,"y":1626,"w":237,"h":33},
	"rotated": false,
	"trimmed": true,
	"spriteSourceSize": {"x":1,"y":0,"w":237,"h":33},
	"sourceSize": {"w":238,"h":33},
	"pivot": {"x":0.5,"y":0.5}
},
"decal_rim.png":
{
	"frame": {"x":977,"y":1826,"w":9,"h":128},
	"rotated": false,
	"trimmed": false,
	"spriteSourceSize": {"x":0,"y":0,"w":9,"h":128},
	"sourceSize": {"w":9,"h":128},
	"pivot": {"x":0.5,"y":0.5}
},
"decal_shadow.png":
{
	"frame": {"x":730,"y":1210,"w":128,"h":64},
	"rotated": false,
	"trimmed": false,
	"spriteSourceSize": {"x":0,"y":0,"w":128,"h":64},
	"sourceSize": {"w":128,"h":64},
	"pivot": {"x":0.5,"y":0.5}
},
"decal_telegraph_handhold.png":
{
	"frame": {"x":870,"y":1959,"w":43,"h":50},
	"rotated": false,
	"trimmed": false,
	"spriteSourceSize": {"x":0,"y":0,"w":43,"h":50},
	"sourceSize": {"w":43,"h":50},
	"pivot": {"x":0.5,"y":0.5}
},
"decal_telegraph_handhold_l.png":
{
	"frame": {"x":1032,"y":1562,"w":43,"h":50},
	"rotated": false,
	"trimmed": false,
	"spriteSourceSize": {"x":0,"y":0,"w":43,"h":50},
	"sourceSize": {"w":43,"h":50},
	"pivot": {"x":0.5,"y":0.5}
},
"door_green.png":
{
	"frame": {"x":758,"y":417,"w":166,"h":334},
	"rotated": false,
	"trimmed": false,
	"spriteSourceSize": {"x":0,"y":0,"w":166,"h":334},
	"sourceSize": {"w":166,"h":334},
	"pivot": {"x":0.5,"y":0.5}
},
"fall_sign.png":
{
	"frame": {"x":926,"y":554,"w":182,"h":189},
	"rotated": false,
	"trimmed": false,
	"spriteSourceSize": {"x":0,"y":0,"w":182,"h":189},
	"sourceSize": {"w":182,"h":189},
	"pivot": {"x":0.5,"y":0.5}
},
"fence.png":
{
	"frame": {"x":466,"y":1148,"w":262,"h":126},
	"rotated": false,
	"trimmed": false,
	"spriteSourceSize": {"x":0,"y":0,"w":262,"h":126},
	"sourceSize": {"w":262,"h":126},
	"pivot": {"x":0.5,"y":0.5}
},
"floor_greenborder_roof.png":
{
	"frame": {"x":860,"y":1210,"w":64,"h":64},
	"rotated": false,
	"trimmed": false,
	"spriteSourceSize": {"x":0,"y":0,"w":64,"h":64},
	"sourceSize": {"w":64,"h":64},
	"pivot": {"x":0.5,"y":0.5}
},
"floor_metal_roof.png":
{
	"frame": {"x":718,"y":1959,"w":71,"h":55},
	"rotated": false,
	"trimmed": true,
	"spriteSourceSize": {"x":1,"y":0,"w":71,"h":55},
	"sourceSize": {"w":74,"h":64},
	"pivot": {"x":0.5,"y":0.5}
},
"floor_paving.png":
{
	"frame": {"x":791,"y":1959,"w":77,"h":47},
	"rotated": false,
	"trimmed": false,
	"spriteSourceSize": {"x":0,"y":0,"w":77,"h":47},
	"sourceSize": {"w":77,"h":47},
	"pivot": {"x":0.5,"y":0.5}
},
"floor_truss.png":
{
	"frame": {"x":1087,"y":1741,"w":74,"h":46},
	"rotated": false,
	"trimmed": false,
	"spriteSourceSize": {"x":0,"y":0,"w":74,"h":46},
	"sourceSize": {"w":74,"h":46},
	"pivot": {"x":0.5,"y":0.5}
},
"girder.png":
{
	"frame": {"x":730,"y":1134,"w":260,"h":36},
	"rotated": false,
	"trimmed": false,
	"spriteSourceSize": {"x":0,"y":0,"w":260,"h":36},
	"sourceSize": {"w":260,"h":36},
	"pivot": {"x":0.5,"y":0.5}
},
"girder2.png":
{
	"frame": {"x":730,"y":1172,"w":260,"h":36},
	"rotated": false,
	"trimmed": false,
	"spriteSourceSize": {"x":0,"y":0,"w":260,"h":36},
	"sourceSize": {"w":260,"h":36},
	"pivot": {"x":0.5,"y":0.5}
},
"graffiti_carlos_tag.png":
{
	"frame": {"x":1154,"y":215,"w":87,"h":92},
	"rotated": false,
	"trimmed": true,
	"spriteSourceSize": {"x":0,"y":0,"w":87,"h":92},
	"sourceSize": {"w":88,"h":92},
	"pivot": {"x":0.5,"y":0.5}
},
"graffiti_evie.png":
{
	"frame": {"x":907,"y":753,"w":114,"h":160},
	"rotated": false,
	"trimmed": false,
	"spriteSourceSize": {"x":0,"y":0,"w":114,"h":160},
	"sourceSize": {"w":114,"h":160},
	"pivot": {"x":0.5,"y":0.5}
},
"graffiti_evie_tag.png":
{
	"frame": {"x":1040,"y":1218,"w":124,"h":101},
	"rotated": false,
	"trimmed": true,
	"spriteSourceSize": {"x":0,"y":0,"w":124,"h":101},
	"sourceSize": {"w":124,"h":102},
	"pivot": {"x":0.5,"y":0.5}
},
"graffiti_jay.png":
{
	"frame": {"x":460,"y":1532,"w":143,"h":131},
	"rotated": false,
	"trimmed": false,
	"spriteSourceSize": {"x":0,"y":0,"w":143,"h":131},
	"sourceSize": {"w":143,"h":131},
	"pivot": {"x":0.5,"y":0.5}
},
"graffiti_jay_tag.png":
{
	"frame": {"x":427,"y":1665,"w":124,"h":147},
	"rotated": false,
	"trimmed": true,
	"spriteSourceSize": {"x":0,"y":0,"w":124,"h":147},
	"sourceSize": {"w":124,"h":148},
	"pivot": {"x":0.5,"y":0.5}
},
"graffiti_mal_tag.png":
{
	"frame": {"x":988,"y":1921,"w":94,"h":119},
	"rotated": false,
	"trimmed": true,
	"spriteSourceSize": {"x":0,"y":0,"w":94,"h":119},
	"sourceSize": {"w":94,"h":120},
	"pivot": {"x":0.5,"y":0.5}
},
"grime_dark.png":
{
	"frame": {"x":0,"y":867,"w":464,"h":222},
	"rotated": false,
	"trimmed": false,
	"spriteSourceSize": {"x":0,"y":0,"w":464,"h":222},
	"sourceSize": {"w":464,"h":222},
	"pivot": {"x":0.5,"y":0.5}
},
"grime_light.png":
{
	"frame": {"x":0,"y":1091,"w":464,"h":203},
	"rotated": false,
	"trimmed": false,
	"spriteSourceSize": {"x":0,"y":0,"w":464,"h":203},
	"sourceSize": {"w":464,"h":203},
	"pivot": {"x":0.5,"y":0.5}
},
"grind_cable.png":
{
	"frame": {"x":460,"y":1324,"w":534,"h":15},
	"rotated": false,
	"trimmed": true,
	"spriteSourceSize": {"x":1,"y":2,"w":534,"h":15},
	"sourceSize": {"w":536,"h":22},
	"pivot": {"x":0.5,"y":0.5}
},
"grind_pole.png":
{
	"frame": {"x":727,"y":1121,"w":264,"h":11},
	"rotated": false,
	"trimmed": false,
	"spriteSourceSize": {"x":0,"y":0,"w":264,"h":11},
	"sourceSize": {"w":264,"h":11},
	"pivot": {"x":0.5,"y":0.5}
},
"halt_sign.png":
{
	"frame": {"x":1154,"y":0,"w":85,"h":213},
	"rotated": false,
	"trimmed": false,
	"spriteSourceSize": {"x":0,"y":0,"w":85,"h":213},
	"sourceSize": {"w":85,"h":213},
	"pivot": {"x":0.5,"y":0.5}
},
"hole.png":
{
	"frame": {"x":0,"y":1610,"w":425,"h":218},
	"rotated": false,
	"trimmed": false,
	"spriteSourceSize": {"x":0,"y":0,"w":425,"h":218},
	"sourceSize": {"w":425,"h":218},
	"pivot": {"x":0.5,"y":0.5}
},
"hut_grime_left.png":
{
	"frame": {"x":820,"y":0,"w":332,"h":312},
	"rotated": false,
	"trimmed": false,
	"spriteSourceSize": {"x":0,"y":0,"w":332,"h":312},
	"sourceSize": {"w":332,"h":312},
	"pivot": {"x":0.5,"y":0.5}
},
"hut_grime_mid.png":
{
	"frame": {"x":0,"y":1296,"w":332,"h":312},
	"rotated": false,
	"trimmed": false,
	"spriteSourceSize": {"x":0,"y":0,"w":332,"h":312},
	"sourceSize": {"w":332,"h":312},
	"pivot": {"x":0.5,"y":0.5}
},
"key_flip.png":
{
	"frame": {"x":1160,"y":815,"w":81,"h":81},
	"rotated": false,
	"trimmed": true,
	"spriteSourceSize": {"x":0,"y":0,"w":81,"h":81},
	"sourceSize": {"w":82,"h":82},
	"pivot": {"x":0.5,"y":0.5}
},
"key_jump.png":
{
	"frame": {"x":1160,"y":898,"w":81,"h":81},
	"rotated": false,
	"trimmed": true,
	"spriteSourceSize": {"x":0,"y":0,"w":81,"h":81},
	"sourceSize": {"w":82,"h":82},
	"pivot": {"x":0.5,"y":0.5}
},
"key_slide.png":
{
	"frame": {"x":1160,"y":981,"w":81,"h":81},
	"rotated": false,
	"trimmed": true,
	"spriteSourceSize": {"x":0,"y":0,"w":81,"h":81},
	"sourceSize": {"w":82,"h":82},
	"pivot": {"x":0.5,"y":0.5}
},
"left_pipe.png":
{
	"frame": {"x":850,"y":1465,"w":149,"h":107},
	"rotated": false,
	"trimmed": false,
	"spriteSourceSize": {"x":0,"y":0,"w":149,"h":107},
	"sourceSize": {"w":149,"h":107},
	"pivot": {"x":0.5,"y":0.5}
},
"mob_flip.png":
{
	"frame": {"x":0,"y":1940,"w":223,"h":108},
	"rotated": false,
	"trimmed": true,
	"spriteSourceSize": {"x":0,"y":0,"w":223,"h":108},
	"sourceSize": {"w":224,"h":108},
	"pivot": {"x":0.5,"y":0.5}
},
"mob_jump.png":
{
	"frame": {"x":225,"y":1940,"w":223,"h":108},
	"rotated": false,
	"trimmed": true,
	"spriteSourceSize": {"x":0,"y":0,"w":223,"h":108},
	"sourceSize": {"w":224,"h":108},
	"pivot": {"x":0.5,"y":0.5}
},
"mob_slide.png":
{
	"frame": {"x":644,"y":1341,"w":223,"h":108},
	"rotated": false,
	"trimmed": true,
	"spriteSourceSize": {"x":0,"y":0,"w":223,"h":108},
	"sourceSize": {"w":224,"h":108},
	"pivot": {"x":0.5,"y":0.5}
},
"obstacle_barrel.png":
{
	"frame": {"x":1166,"y":1186,"w":74,"h":119},
	"rotated": false,
	"trimmed": false,
	"spriteSourceSize": {"x":0,"y":0,"w":74,"h":119},
	"sourceSize": {"w":74,"h":119},
	"pivot": {"x":0.5,"y":0.5}
},
"obstacle_barrel_destruct.png":
{
	"frame": {"x":1087,"y":1459,"w":69,"h":86},
	"rotated": false,
	"trimmed": false,
	"spriteSourceSize": {"x":0,"y":0,"w":69,"h":86},
	"sourceSize": {"w":69,"h":86},
	"pivot": {"x":0.5,"y":0.5}
},
"obstacle_crate.png":
{
	"frame": {"x":1084,"y":1921,"w":76,"h":118},
	"rotated": false,
	"trimmed": false,
	"spriteSourceSize": {"x":0,"y":0,"w":76,"h":118},
	"sourceSize": {"w":76,"h":118},
	"pivot": {"x":0.5,"y":0.5}
},
"obstacle_crate_fragment1.png":
{
	"frame": {"x":727,"y":867,"w":25,"h":39},
	"rotated": false,
	"trimmed": false,
	"spriteSourceSize": {"x":0,"y":0,"w":25,"h":39},
	"sourceSize": {"w":25,"h":39},
	"pivot": {"x":0.5,"y":0.5}
},
"obstacle_crate_fragment2.png":
{
	"frame": {"x":1110,"y":815,"w":27,"h":23},
	"rotated": false,
	"trimmed": false,
	"spriteSourceSize": {"x":0,"y":0,"w":27,"h":23},
	"sourceSize": {"w":27,"h":23},
	"pivot": {"x":0.5,"y":0.5}
},
"obstacle_crate_fragment3.png":
{
	"frame": {"x":1023,"y":864,"w":13,"h":42},
	"rotated": false,
	"trimmed": false,
	"spriteSourceSize": {"x":0,"y":0,"w":13,"h":42},
	"sourceSize": {"w":13,"h":42},
	"pivot": {"x":0.5,"y":0.5}
},
"old_plank1.png":
{
	"frame": {"x":819,"y":1574,"w":211,"h":50},
	"rotated": false,
	"trimmed": false,
	"spriteSourceSize": {"x":0,"y":0,"w":211,"h":50},
	"sourceSize": {"w":211,"h":50},
	"pivot": {"x":0.5,"y":0.5}
},
"old_plank2.png":
{
	"frame": {"x":605,"y":1647,"w":210,"h":49},
	"rotated": false,
	"trimmed": false,
	"spriteSourceSize": {"x":0,"y":0,"w":210,"h":49},
	"sourceSize": {"w":210,"h":49},
	"pivot": {"x":0.5,"y":0.5}
},
"peg.png":
{
	"frame": {"x":1075,"y":1459,"w":10,"h":30},
	"rotated": false,
	"trimmed": false,
	"spriteSourceSize": {"x":0,"y":0,"w":10,"h":30},
	"sourceSize": {"w":10,"h":30},
	"pivot": {"x":0.5,"y":0.5}
},
"pipe.png":
{
	"frame": {"x":0,"y":1830,"w":425,"h":108},
	"rotated": false,
	"trimmed": false,
	"spriteSourceSize": {"x":0,"y":0,"w":425,"h":108},
	"sourceSize": {"w":425,"h":108},
	"pivot": {"x":0.5,"y":0.5}
},
"poster_beast_white.png":
{
	"frame": {"x":1162,"y":1504,"w":79,"h":101},
	"rotated": false,
	"trimmed": true,
	"spriteSourceSize": {"x":0,"y":0,"w":79,"h":101},
	"sourceSize": {"w":80,"h":102},
	"pivot": {"x":0.5,"y":0.5}
},
"poster_beast_yellow.png":
{
	"frame": {"x":1162,"y":1607,"w":79,"h":101},
	"rotated": false,
	"trimmed": true,
	"spriteSourceSize": {"x":0,"y":0,"w":79,"h":101},
	"sourceSize": {"w":80,"h":102},
	"pivot": {"x":0.5,"y":0.5}
},
"poster_godmother.png":
{
	"frame": {"x":820,"y":314,"w":80,"h":101},
	"rotated": false,
	"trimmed": true,
	"spriteSourceSize": {"x":0,"y":0,"w":80,"h":101},
	"sourceSize": {"w":80,"h":102},
	"pivot": {"x":0.5,"y":0.5}
},
"rear_wall.png":
{
	"frame": {"x":466,"y":867,"w":259,"h":279},
	"rotated": false,
	"trimmed": false,
	"spriteSourceSize": {"x":0,"y":0,"w":259,"h":279},
	"sourceSize": {"w":259,"h":279},
	"pivot": {"x":0.5,"y":0.5}
},
"right_pipe.png":
{
	"frame": {"x":427,"y":1814,"w":133,"h":106},
	"rotated": false,
	"trimmed": false,
	"spriteSourceSize": {"x":0,"y":0,"w":133,"h":106},
	"sourceSize": {"w":133,"h":106},
	"pivot": {"x":0.5,"y":0.5}
},
"shirt1.png":
{
	"frame": {"x":644,"y":1952,"w":72,"h":95},
	"rotated": false,
	"trimmed": false,
	"spriteSourceSize": {"x":0,"y":0,"w":72,"h":95},
	"sourceSize": {"w":72,"h":95},
	"pivot": {"x":0.5,"y":0.5}
},
"shirt2.png":
{
	"frame": {"x":1001,"y":1465,"w":72,"h":95},
	"rotated": false,
	"trimmed": false,
	"spriteSourceSize": {"x":0,"y":0,"w":72,"h":95},
	"sourceSize": {"w":72,"h":95},
	"pivot": {"x":0.5,"y":0.5}
},
"shirt3.png":
{
	"frame": {"x":1077,"y":1547,"w":72,"h":95},
	"rotated": false,
	"trimmed": false,
	"spriteSourceSize": {"x":0,"y":0,"w":72,"h":95},
	"sourceSize": {"w":72,"h":95},
	"pivot": {"x":0.5,"y":0.5}
},
"shirt4.png":
{
	"frame": {"x":1087,"y":1644,"w":72,"h":95},
	"rotated": false,
	"trimmed": false,
	"spriteSourceSize": {"x":0,"y":0,"w":72,"h":95},
	"sourceSize": {"w":72,"h":95},
	"pivot": {"x":0.5,"y":0.5}
},
"shirt5.png":
{
	"frame": {"x":1090,"y":1789,"w":72,"h":95},
	"rotated": false,
	"trimmed": false,
	"spriteSourceSize": {"x":0,"y":0,"w":72,"h":95},
	"sourceSize": {"w":72,"h":95},
	"pivot": {"x":0.5,"y":0.5}
},
"shirt6.png":
{
	"frame": {"x":1164,"y":1710,"w":72,"h":95},
	"rotated": false,
	"trimmed": false,
	"spriteSourceSize": {"x":0,"y":0,"w":72,"h":95},
	"sourceSize": {"w":72,"h":95},
	"pivot": {"x":0.5,"y":0.5}
},
"shirt7.png":
{
	"frame": {"x":1164,"y":1807,"w":72,"h":95},
	"rotated": false,
	"trimmed": false,
	"spriteSourceSize": {"x":0,"y":0,"w":72,"h":95},
	"sourceSize": {"w":72,"h":95},
	"pivot": {"x":0.5,"y":0.5}
},
"shop.png":
{
	"frame": {"x":1023,"y":745,"w":85,"h":117},
	"rotated": false,
	"trimmed": true,
	"spriteSourceSize": {"x":0,"y":0,"w":85,"h":117},
	"sourceSize": {"w":86,"h":118},
	"pivot": {"x":0.5,"y":0.5}
},
"sign_chippy.png":
{
	"frame": {"x":644,"y":1451,"w":204,"h":121},
	"rotated": false,
	"trimmed": false,
	"spriteSourceSize": {"x":0,"y":0,"w":204,"h":121},
	"sourceSize": {"w":204,"h":121},
	"pivot": {"x":0.5,"y":0.5}
},
"sign_clock.png":
{
	"frame": {"x":736,"y":1698,"w":110,"h":136},
	"rotated": false,
	"trimmed": false,
	"spriteSourceSize": {"x":0,"y":0,"w":110,"h":136},
	"sourceSize": {"w":110,"h":136},
	"pivot": {"x":0.5,"y":0.5}
},
"sign_poison.png":
{
	"frame": {"x":758,"y":753,"w":147,"h":162},
	"rotated": false,
	"trimmed": false,
	"spriteSourceSize": {"x":0,"y":0,"w":147,"h":162},
	"sourceSize": {"w":147,"h":162},
	"pivot": {"x":0.5,"y":0.5}
},
"sign_slop.png":
{
	"frame": {"x":982,"y":1661,"w":103,"h":135},
	"rotated": false,
	"trimmed": false,
	"spriteSourceSize": {"x":0,"y":0,"w":103,"h":135},
	"sourceSize": {"w":103,"h":135},
	"pivot": {"x":0.5,"y":0.5}
},
"sign_tackle.png":
{
	"frame": {"x":605,"y":1574,"w":212,"h":71},
	"rotated": false,
	"trimmed": false,
	"spriteSourceSize": {"x":0,"y":0,"w":212,"h":71},
	"sourceSize": {"w":212,"h":71},
	"pivot": {"x":0.5,"y":0.5}
},
"slide_sign.png":
{
	"frame": {"x":460,"y":1341,"w":182,"h":189},
	"rotated": false,
	"trimmed": false,
	"spriteSourceSize": {"x":0,"y":0,"w":182,"h":189},
	"sourceSize": {"w":182,"h":189},
	"pivot": {"x":0.5,"y":0.5}
},
"telegraph_pole.png":
{
	"frame": {"x":334,"y":1296,"w":88,"h":309},
	"rotated": false,
	"trimmed": false,
	"spriteSourceSize": {"x":0,"y":0,"w":88,"h":309},
	"sourceSize": {"w":88,"h":309},
	"pivot": {"x":0.5,"y":0.5}
},
"vert_drainpipe.png":
{
	"frame": {"x":1185,"y":309,"w":24,"h":227},
	"rotated": false,
	"trimmed": false,
	"spriteSourceSize": {"x":0,"y":0,"w":24,"h":227},
	"sourceSize": {"w":24,"h":227},
	"pivot": {"x":0.5,"y":0.5}
},
"vert_telegraph_pole.png":
{
	"frame": {"x":424,"y":1296,"w":34,"h":263},
	"rotated": false,
	"trimmed": false,
	"spriteSourceSize": {"x":0,"y":0,"w":34,"h":263},
	"sourceSize": {"w":34,"h":263},
	"pivot": {"x":0.5,"y":0.5}
},
"wall_block_face.png":
{
	"frame": {"x":995,"y":915,"w":43,"h":181},
	"rotated": false,
	"trimmed": false,
	"spriteSourceSize": {"x":0,"y":0,"w":43,"h":181},
	"sourceSize": {"w":43,"h":181},
	"pivot": {"x":0.5,"y":0.5}
},
"wall_breeze_block.png":
{
	"frame": {"x":1110,"y":685,"w":131,"h":128},
	"rotated": false,
	"trimmed": false,
	"spriteSourceSize": {"x":0,"y":0,"w":131,"h":128},
	"sourceSize": {"w":131,"h":128},
	"pivot": {"x":0.5,"y":0.5}
},
"wall_brick.png":
{
	"frame": {"x":848,"y":1661,"w":132,"h":129},
	"rotated": false,
	"trimmed": false,
	"spriteSourceSize": {"x":0,"y":0,"w":132,"h":129},
	"sourceSize": {"w":132,"h":129},
	"pivot": {"x":0.5,"y":0.5}
},
"wall_brick_face.png":
{
	"frame": {"x":995,"y":1098,"w":43,"h":181},
	"rotated": false,
	"trimmed": false,
	"spriteSourceSize": {"x":0,"y":0,"w":43,"h":181},
	"sourceSize": {"w":43,"h":181},
	"pivot": {"x":0.5,"y":0.5}
},
"wall_castle_brick.png":
{
	"frame": {"x":600,"y":1698,"w":134,"h":129},
	"rotated": false,
	"trimmed": true,
	"spriteSourceSize": {"x":0,"y":1,"w":134,"h":129},
	"sourceSize": {"w":134,"h":130},
	"pivot": {"x":0.5,"y":0.5}
},
"wall_castle_face.png":
{
	"frame": {"x":1158,"y":1321,"w":43,"h":181},
	"rotated": false,
	"trimmed": false,
	"spriteSourceSize": {"x":0,"y":0,"w":43,"h":181},
	"sourceSize": {"w":43,"h":181},
	"pivot": {"x":0.5,"y":0.5}
},
"wall_concrete_dark.png":
{
	"frame": {"x":926,"y":1210,"w":64,"h":64},
	"rotated": false,
	"trimmed": false,
	"spriteSourceSize": {"x":0,"y":0,"w":64,"h":64},
	"sourceSize": {"w":64,"h":64},
	"pivot": {"x":0.5,"y":0.5}
},
"wall_concrete_edge.png":
{
	"frame": {"x":553,"y":1665,"w":45,"h":125},
	"rotated": false,
	"trimmed": true,
	"spriteSourceSize": {"x":1,"y":2,"w":45,"h":125},
	"sourceSize": {"w":46,"h":130},
	"pivot": {"x":0.5,"y":0.5}
},
"wall_concrete_face.png":
{
	"frame": {"x":1211,"y":428,"w":24,"h":91},
	"rotated": false,
	"trimmed": false,
	"spriteSourceSize": {"x":0,"y":0,"w":24,"h":91},
	"sourceSize": {"w":24,"h":91},
	"pivot": {"x":0.5,"y":0.5}
},
"wall_corrugated_iron.png":
{
	"frame": {"x":1010,"y":1321,"w":146,"h":136},
	"rotated": false,
	"trimmed": true,
	"spriteSourceSize": {"x":1,"y":0,"w":146,"h":136},
	"sourceSize": {"w":147,"h":136},
	"pivot": {"x":0.5,"y":0.5}
},
"wall_wood.png":
{
	"frame": {"x":1110,"y":554,"w":131,"h":129},
	"rotated": false,
	"trimmed": false,
	"spriteSourceSize": {"x":0,"y":0,"w":131,"h":129},
	"sourceSize": {"w":131,"h":129},
	"pivot": {"x":0.5,"y":0.5}
},
"wall_wood_face.png":
{
	"frame": {"x":932,"y":1826,"w":43,"h":181},
	"rotated": false,
	"trimmed": false,
	"spriteSourceSize": {"x":0,"y":0,"w":43,"h":181},
	"sourceSize": {"w":43,"h":181},
	"pivot": {"x":0.5,"y":0.5}
},
"wash_line.png":
{
	"frame": {"x":466,"y":1276,"w":499,"h":46},
	"rotated": false,
	"trimmed": true,
	"spriteSourceSize": {"x":0,"y":1,"w":499,"h":46},
	"sourceSize": {"w":499,"h":47},
	"pivot": {"x":0.5,"y":0.5}
},
"wheel.png":
{
	"frame": {"x":552,"y":1952,"w":90,"h":93},
	"rotated": false,
	"trimmed": false,
	"spriteSourceSize": {"x":0,"y":0,"w":90,"h":93},
	"sourceSize": {"w":90,"h":93},
	"pivot": {"x":0.5,"y":0.5}
},
"window1.png":
{
	"frame": {"x":727,"y":917,"w":132,"h":202},
	"rotated": false,
	"trimmed": false,
	"spriteSourceSize": {"x":0,"y":0,"w":132,"h":202},
	"sourceSize": {"w":132,"h":202},
	"pivot": {"x":0.5,"y":0.5}
},
"window2.png":
{
	"frame": {"x":861,"y":917,"w":132,"h":202},
	"rotated": false,
	"trimmed": false,
	"spriteSourceSize": {"x":0,"y":0,"w":132,"h":202},
	"sourceSize": {"w":132,"h":202},
	"pivot": {"x":0.5,"y":0.5}
}},
"meta": {
	"app": "http://www.codeandweb.com/texturepacker",
	"version": "1.0",
	"image": "tiles.png",
	"format": "RGBA8888",
	"size": {"w":1241,"h":2048},
	"scale": "1",
	"smartupdate": "$TexturePacker:SmartUpdate:7db761ad43b321a8c54b2e4b4afee1e1:383c6b21c8327893ebf4697809b1c451:ff7bac52fa2f3478188a74a770a8da46$"
}
}
