<?xml version="1.0" encoding="UTF-16"?>
<TextureAtlas imagePath="BG.png">
	<!-- Created with Adobe Flash CS6 version 12.0.0.481 -->
	<!-- http://www.adobe.com/products/flash.html -->
	<SubTexture name="Layer10000" x="564" y="1693" width="320" height="150"/>
	<SubTexture name="Layer10001" x="886" y="1693" width="320" height="150"/>
	<SubTexture name="Layer10002" x="1208" y="1693" width="320" height="150"/>
	<SubTexture name="Layer1_Items0000" x="644" y="1496" width="280" height="195"/>
	<SubTexture name="Layer1_Items0001" x="926" y="1496" width="280" height="195"/>
	<SubTexture name="Layer1_Items0002" x="1208" y="1496" width="280" height="195"/>
	<SubTexture name="Layer1_Items0003" x="1490" y="1496" width="280" height="195"/>
	<SubTexture name="Layer1_Items0004" x="0" y="1588" width="280" height="195"/>
	<SubTexture name="Layer1_Items0005" x="282" y="1588" width="280" height="195"/>
	<SubTexture name="Layer1_Top0000" x="1282" y="725" width="490" height="15"/>
	<SubTexture name="Layer1_Top0001" x="1282" y="742" width="490" height="15"/>
	<SubTexture name="Layer1_Top0002" x="1530" y="1693" width="490" height="15"/>
	<SubTexture name="Layer20000" x="1282" y="699" width="320" height="24"/>
	<SubTexture name="Layer2_top0000" x="1530" y="1710" width="490" height="15"/>
	<SubTexture name="Layer2_top0001" x="1530" y="1727" width="490" height="15"/>
	<SubTexture name="Layer2_top0002" x="1530" y="1744" width="490" height="15"/>
	<SubTexture name="Layer30000" x="0" y="770" width="994" height="306"/>
	<SubTexture name="Layer30001" x="996" y="770" width="994" height="306"/>
	<SubTexture name="Layer30002" x="0" y="1078" width="994" height="306"/>
	<SubTexture name="Layer30003" x="996" y="1078" width="994" height="306"/>
	<SubTexture name="Layer40000" x="1282" y="0" width="511" height="127"/>
	<SubTexture name="Layer40001" x="1282" y="129" width="511" height="127"/>
	<SubTexture name="Layer40002" x="1282" y="258" width="511" height="127"/>
	<SubTexture name="Layer50000" x="1282" y="589" width="590" height="108"/>
	<SubTexture name="Layer50001" x="644" y="1386" width="590" height="108"/>
	<SubTexture name="Layer50002" x="1236" y="1386" width="590" height="108"/>
	<SubTexture name="Layer60000" x="0" y="0" width="1280" height="768"/>
	<SubTexture name="Road0000" x="1282" y="387" width="320" height="200"/>
	<SubTexture name="Road0001" x="1604" y="387" width="320" height="200"/>
	<SubTexture name="Road0002" x="0" y="1386" width="320" height="200"/>
	<SubTexture name="Road0003" x="322" y="1386" width="320" height="200"/>
</TextureAtlas>

<!--
<TextureAtlas imagePath="BG.png">
	 Created with Adobe Flash CS6 version 12.0.0.481 
	<SubTexture name="Layer10000" x="564" y="968" width="320" height="150"/>
	<SubTexture name="Layer1_Items0000" x="322" y="480" width="280" height="179"/>
	<SubTexture name="Layer1_Items0001" x="604" y="606" width="280" height="179"/>
	<SubTexture name="Layer1_Items0002" x="322" y="661" width="280" height="179"/>
	<SubTexture name="Layer1_Items0003" x="0" y="682" width="280" height="179"/>
	<SubTexture name="Layer1_Items0004" x="604" y="787" width="280" height="179"/>
	<SubTexture name="Layer1_Items0005" x="282" y="842" width="280" height="179"/>
	<SubTexture name="Layer1_Top0000" x="0" y="1023" width="490" height="15"/>
	<SubTexture name="Layer1_Top0001" x="0" y="1040" width="490" height="15"/>
	<SubTexture name="Layer1_Top0002" x="0" y="1057" width="490" height="15"/>
	<SubTexture name="Layer30000" x="0" y="0" width="681" height="238"/>
	<SubTexture name="Layer30001" x="0" y="240" width="681" height="238"/>
	<SubTexture name="Road0000" x="683" y="0" width="320" height="200"/>
	<SubTexture name="Road0001" x="683" y="202" width="320" height="200"/>
	<SubTexture name="Road0002" x="683" y="404" width="320" height="200"/>
	<SubTexture name="Road0003" x="0" y="480" width="320" height="200"/>
</TextureAtlas> -->
