<?xml version="1.0" encoding="UTF-16"?>
<TextureAtlas imagePath="Coyote asset.png">
	<!-- Created with Adobe Flash CS6 version 12.0.0.481 -->
	<!-- http://www.adobe.com/products/flash.html -->
	<SubTexture name="Coyoteend1" x="1117" y="1285" width="153" height="130"/>
	<SubTexture name="Coyoteend1" x="1117" y="1285" width="153" height="130"/>
	<SubTexture name="Coyoteend1" x="1272" y="1285" width="153" height="130"/>
	<SubTexture name="Coyoteend1" x="1272" y="1285" width="153" height="130"/>
	<SubTexture name="Coyoteend1" x="1427" y="1322" width="153" height="130"/>
	<SubTexture name="Coyoteend1" x="1427" y="1322" width="153" height="130"/>
	<SubTexture name="Coyoteend1" x="0" y="1354" width="153" height="130"/>
	<SubTexture name="Coyoteend1" x="0" y="1354" width="153" height="130"/>
	<SubTexture name="Coyoteend1" x="483" y="1362" width="153" height="130"/>
	<SubTexture name="Coyoteend1" x="483" y="1362" width="153" height="130"/>
	<SubTexture name="Coyoteend1" x="1582" y="1362" width="153" height="130"/>
	<SubTexture name="Coyoteend1" x="1582" y="1362" width="153" height="130"/>
	<SubTexture name="Coyoteend1" x="1737" y="1362" width="153" height="130"/>
	<SubTexture name="Coyoteend1" x="1737" y="1362" width="153" height="130"/>
	<SubTexture name="Coyoteend1" x="1892" y="1362" width="153" height="130"/>
	<SubTexture name="Coyoteend1" x="1892" y="1362" width="153" height="130"/>
	<SubTexture name="Coyoteend1" x="155" y="1373" width="153" height="130"/>
	<SubTexture name="Coyoteend1" x="155" y="1373" width="153" height="130"/>
	<SubTexture name="Coyoteend1" x="310" y="1373" width="153" height="130"/>
	<SubTexture name="Coyoteend1" x="310" y="1373" width="153" height="130"/>
	<SubTexture name="Coyoteend1" x="1117" y="1417" width="153" height="130"/>
	<SubTexture name="Coyoteend1" x="1117" y="1417" width="153" height="130"/>
	<SubTexture name="Coyoteend1" x="1272" y="1417" width="153" height="130"/>
	<SubTexture name="Coyoteend1" x="1272" y="1417" width="153" height="130"/>
	<SubTexture name="Coyoteend1" x="837" y="1435" width="153" height="130"/>
	<SubTexture name="Coyoteend1" x="837" y="1435" width="153" height="130"/>
	<SubTexture name="Coyoteend1" x="638" y="1450" width="153" height="130"/>
	<SubTexture name="Coyoteend1" x="638" y="1450" width="153" height="130"/>
	<SubTexture name="Coyoteend1" x="1427" y="1454" width="153" height="130"/>
	<SubTexture name="Coyoteend1" x="1427" y="1454" width="153" height="130"/>
	<SubTexture name="Coyoteend1" x="1427" y="1454" width="153" height="130"/>
	<SubTexture name="Coyoteend1" x="1427" y="1454" width="153" height="130"/>
	<SubTexture name="Coyoteend1" x="1427" y="1454" width="153" height="130"/>
	<SubTexture name="Coyoteend1" x="1427" y="1454" width="153" height="130"/>
	<SubTexture name="Coyoteend1" x="1427" y="1454" width="153" height="130"/>
	<SubTexture name="Coyoteend1" x="1427" y="1454" width="153" height="130"/>
	<SubTexture name="Coyoteend2" x="316" y="940" width="112" height="145"/>
	<SubTexture name="Coyoteend2" x="316" y="940" width="112" height="145"/>
	<SubTexture name="Coyoteend2" x="1894" y="1615" width="112" height="145"/>
	<SubTexture name="Coyoteend2" x="1894" y="1615" width="112" height="145"/>
	<SubTexture name="Coyoteend2" x="162" y="1626" width="112" height="145"/>
	<SubTexture name="Coyoteend2" x="162" y="1626" width="112" height="145"/>
	<SubTexture name="Coyoteend2" x="162" y="1626" width="112" height="145"/>
	<SubTexture name="Coyoteend2" x="162" y="1626" width="112" height="145"/>
	<SubTexture name="Coyoteend2" x="162" y="1626" width="112" height="145"/>
	<SubTexture name="Coyoteend2" x="162" y="1626" width="112" height="145"/>
	<SubTexture name="Coyoteend2" x="162" y="1626" width="112" height="145"/>
	<SubTexture name="Coyoteend3" x="1767" y="899" width="138" height="187"/>
	<SubTexture name="Coyoteend3" x="1767" y="899" width="138" height="187"/>
	<SubTexture name="Coyoteend3" x="1767" y="899" width="138" height="187"/>
	<SubTexture name="Coyoteend3" x="1767" y="899" width="138" height="187"/>
	<SubTexture name="Coyoteend3" x="1767" y="899" width="138" height="187"/>
	<SubTexture name="Coyoteend3" x="1767" y="899" width="138" height="187"/>
	<SubTexture name="Coyoteend3" x="1767" y="899" width="138" height="187"/>
	<SubTexture name="Coyoteend3" x="1767" y="899" width="138" height="187"/>
	<SubTexture name="Coyoteend3" x="1767" y="899" width="138" height="187"/>
	<SubTexture name="Coyoteend3" x="1767" y="899" width="138" height="187"/>
	<SubTexture name="Coyoteend3" x="1767" y="899" width="138" height="187"/>
	<SubTexture name="Coyoteend3" x="1907" y="899" width="138" height="187"/>
	<SubTexture name="Coyoteend3" x="1907" y="899" width="138" height="187"/>
	<SubTexture name="Coyoteend3" x="1907" y="899" width="138" height="187"/>
	<SubTexture name="Coyoteend3" x="454" y="910" width="138" height="187"/>
	<SubTexture name="Coyoteend3" x="454" y="910" width="138" height="187"/>
	<SubTexture name="Coyoteend3" x="1767" y="899" width="138" height="187"/>
	<SubTexture name="Coyoteend3" x="1767" y="899" width="138" height="187"/>
	<SubTexture name="Coyoteend3" x="1767" y="899" width="138" height="187"/>
	<SubTexture name="Coyoteend3" x="1907" y="899" width="138" height="187"/>
	<SubTexture name="Coyoteend3" x="1907" y="899" width="138" height="187"/>
	<SubTexture name="Coyoteend3" x="1907" y="899" width="138" height="187"/>
	<SubTexture name="Coyoteend3" x="454" y="910" width="138" height="187"/>
	<SubTexture name="Coyoteend3" x="454" y="910" width="138" height="187"/>
	<SubTexture name="Coyoteend3" x="1767" y="899" width="138" height="187"/>
	<SubTexture name="Coyoteend3" x="1767" y="899" width="138" height="187"/>
	<SubTexture name="Coyoteend3" x="1767" y="899" width="138" height="187"/>
	<SubTexture name="Coyoteend3" x="1767" y="899" width="138" height="187"/>
	<SubTexture name="Coyoteend3" x="1767" y="899" width="138" height="187"/>
	<SubTexture name="Coyoteend3" x="1767" y="899" width="138" height="187"/>
	<SubTexture name="Coyoteend3" x="1767" y="899" width="138" height="187"/>
	<SubTexture name="Coyoteend3" x="1767" y="899" width="138" height="187"/>
	<SubTexture name="Coyoteend3" x="924" y="1084" width="137" height="171"/>
	<SubTexture name="Coyoteend3" x="924" y="1084" width="137" height="171"/>
	<SubTexture name="Coyoteend3" x="1551" y="1161" width="135" height="159"/>
	<SubTexture name="Coyoteend3" x="1551" y="1161" width="135" height="159"/>
	<SubTexture name="Coyoteend3" x="1551" y="1161" width="135" height="159"/>
	<SubTexture name="Coyoteend3" x="1551" y="1161" width="135" height="159"/>
	<SubTexture name="Coyoteend3" x="1688" y="1201" width="135" height="159"/>
	<SubTexture name="Coyoteend3" x="1688" y="1201" width="135" height="159"/>
	<SubTexture name="Coyoteend3" x="1688" y="1201" width="135" height="159"/>
	<SubTexture name="Coyoteend3" x="1688" y="1201" width="135" height="159"/>
	<SubTexture name="Coyoteend3" x="1551" y="1161" width="135" height="159"/>
	<SubTexture name="Coyoteend3" x="1551" y="1161" width="135" height="159"/>
	<SubTexture name="Coyoteend3" x="1551" y="1161" width="135" height="159"/>
	<SubTexture name="Coyoteend3" x="1825" y="1201" width="135" height="159"/>
	<SubTexture name="Coyoteend3" x="1825" y="1201" width="135" height="159"/>
	<SubTexture name="Coyoteend3" x="1825" y="1201" width="135" height="159"/>
	<SubTexture name="Coyoteend3" x="209" y="1212" width="135" height="159"/>
	<SubTexture name="Coyoteend3" x="209" y="1212" width="135" height="159"/>
	<SubTexture name="Coyoteend3" x="209" y="1212" width="135" height="159"/>
	<SubTexture name="Coyoteend3" x="346" y="1212" width="135" height="159"/>
	<SubTexture name="Coyoteend3" x="346" y="1212" width="135" height="159"/>
	<SubTexture name="Coyoteend3" x="346" y="1212" width="135" height="159"/>
	<SubTexture name="Coyoteend3" x="346" y="1212" width="135" height="159"/>
	<SubTexture name="Coyoteend3" x="346" y="1212" width="135" height="159"/>
	<SubTexture name="Coyoteend3" x="346" y="1212" width="135" height="159"/>
	<SubTexture name="Coyoteend3" x="346" y="1212" width="135" height="159"/>
	<SubTexture name="Coyoteend3" x="346" y="1212" width="135" height="159"/>
	<SubTexture name="Coyoteend4" x="1716" y="1088" width="207" height="111"/>
	<SubTexture name="Coyoteend4" x="1716" y="1088" width="207" height="111"/>
	<SubTexture name="Coyoteend4" x="316" y="1099" width="207" height="111"/>
	<SubTexture name="Coyoteend4" x="316" y="1099" width="207" height="111"/>
	<SubTexture name="Coyoteend4" x="0" y="1105" width="207" height="111"/>
	<SubTexture name="Coyoteend4" x="0" y="1105" width="207" height="111"/>
	<SubTexture name="Coyoteend5" x="1582" y="1494" width="264" height="74"/>
	<SubTexture name="Coyoteend5" x="1582" y="1494" width="264" height="74"/>
	<SubTexture name="Coyoteend5" x="1582" y="1494" width="264" height="74"/>
	<SubTexture name="Coyoteend5" x="0" y="1505" width="264" height="74"/>
	<SubTexture name="Coyoteend5" x="0" y="1505" width="264" height="74"/>
	<SubTexture name="Coyoteend5" x="0" y="1505" width="264" height="74"/>
	<SubTexture name="Coyoteend6" x="1235" y="899" width="264" height="109"/>
	<SubTexture name="Coyoteend6" x="1235" y="899" width="264" height="109"/>
	<SubTexture name="Coyoteend6" x="1235" y="899" width="264" height="109"/>
	<SubTexture name="Coyoteend6" x="1501" y="899" width="264" height="109"/>
	<SubTexture name="Coyoteend6" x="1501" y="899" width="264" height="109"/>
	<SubTexture name="Coyoteend6" x="1501" y="899" width="264" height="109"/>
	<SubTexture name="Coyotefastloop" x="465" y="1494" width="160" height="119"/>
	<SubTexture name="Coyotefastloop" x="465" y="1494" width="160" height="119"/>
	<SubTexture name="Coyotefastloop" x="1848" y="1494" width="160" height="119"/>
	<SubTexture name="Coyotefastloop" x="1848" y="1494" width="160" height="119"/>
	<SubTexture name="Coyotefastloop" x="266" y="1505" width="160" height="119"/>
	<SubTexture name="Coyotefastloop" x="266" y="1505" width="160" height="119"/>
	<SubTexture name="Coyotefastloop" x="992" y="1549" width="160" height="119"/>
	<SubTexture name="Coyotefastloop" x="992" y="1549" width="160" height="119"/>
	<SubTexture name="Coyotefastloop" x="1154" y="1549" width="160" height="119"/>
	<SubTexture name="Coyotefastloop" x="1154" y="1549" width="160" height="119"/>
	<SubTexture name="Coyotefastloop" x="793" y="1567" width="160" height="119"/>
	<SubTexture name="Coyotefastloop" x="793" y="1567" width="160" height="119"/>
	<SubTexture name="Coyotefastloop" x="465" y="1494" width="160" height="119"/>
	<SubTexture name="Coyotefastloop" x="465" y="1494" width="160" height="119"/>
	<SubTexture name="Coyotefastloop" x="1848" y="1494" width="160" height="119"/>
	<SubTexture name="Coyotefastloop" x="1848" y="1494" width="160" height="119"/>
	<SubTexture name="Coyotefastloop" x="1582" y="1570" width="160" height="119"/>
	<SubTexture name="Coyotefastloop" x="1582" y="1570" width="160" height="119"/>
	<SubTexture name="Coyotefastloop" x="0" y="1581" width="160" height="119"/>
	<SubTexture name="Coyotefastloop" x="0" y="1581" width="160" height="119"/>
	<SubTexture name="Coyotefastloop" x="627" y="1582" width="160" height="119"/>
	<SubTexture name="Coyotefastloop" x="627" y="1582" width="160" height="119"/>
	<SubTexture name="Coyotefastloop" x="793" y="1567" width="160" height="119"/>
	<SubTexture name="Coyotefastloop" x="793" y="1567" width="160" height="119"/>
	<SubTexture name="Coyotefasthit" x="428" y="1615" width="148" height="118"/>
	<SubTexture name="Coyotefasthit" x="428" y="1615" width="148" height="118"/>
	<SubTexture name="Coyotefasthit" x="428" y="1615" width="148" height="118"/>
	<SubTexture name="Coyotefasthit" x="428" y="1615" width="148" height="118"/>
	<SubTexture name="Coyotefasthit" x="1744" y="1615" width="148" height="118"/>
	<SubTexture name="Coyotefasthit" x="1744" y="1615" width="148" height="118"/>
	<SubTexture name="Coyotefasthit" x="1744" y="1615" width="148" height="118"/>
	<SubTexture name="Coyotefasthit" x="1744" y="1615" width="148" height="118"/>
	<SubTexture name="Coyotefastjump" x="1551" y="1010" width="163" height="149"/>
	<SubTexture name="Coyotefastjump" x="1551" y="1010" width="163" height="149"/>
	<SubTexture name="Coyotefastjump" x="594" y="1075" width="163" height="149"/>
	<SubTexture name="Coyotefastjump" x="594" y="1075" width="163" height="149"/>
	<SubTexture name="Coyotefastjump" x="594" y="1075" width="163" height="149"/>
	<SubTexture name="Coyotefastjump" x="594" y="1075" width="163" height="149"/>
	<SubTexture name="Coyotefastjump" x="759" y="1075" width="163" height="149"/>
	<SubTexture name="Coyotefastjump" x="759" y="1075" width="163" height="149"/>
	<SubTexture name="Coyotemediumloop" x="594" y="910" width="156" height="163"/>
	<SubTexture name="Coyotemediumloop" x="594" y="910" width="156" height="163"/>
	<SubTexture name="Coyotemediumloop" x="752" y="910" width="156" height="163"/>
	<SubTexture name="Coyotemediumloop" x="752" y="910" width="156" height="163"/>
	<SubTexture name="Coyotemediumloop" x="0" y="940" width="156" height="163"/>
	<SubTexture name="Coyotemediumloop" x="0" y="940" width="156" height="163"/>
	<SubTexture name="Coyotemediumloop" x="594" y="910" width="156" height="163"/>
	<SubTexture name="Coyotemediumloop" x="594" y="910" width="156" height="163"/>
	<SubTexture name="Coyotemediumloop" x="752" y="910" width="156" height="163"/>
	<SubTexture name="Coyotemediumloop" x="752" y="910" width="156" height="163"/>
	<SubTexture name="Coyotemediumloop" x="0" y="940" width="156" height="163"/>
	<SubTexture name="Coyotemediumloop" x="0" y="940" width="156" height="163"/>
	<SubTexture name="Coyotemediumloop" x="158" y="940" width="156" height="163"/>
	<SubTexture name="Coyotemediumloop" x="158" y="940" width="156" height="163"/>
	<SubTexture name="Coyotemediumloop" x="1235" y="1010" width="156" height="163"/>
	<SubTexture name="Coyotemediumloop" x="1235" y="1010" width="156" height="163"/>
	<SubTexture name="Coyotemediumloop" x="1393" y="1010" width="156" height="163"/>
	<SubTexture name="Coyotemediumloop" x="1393" y="1010" width="156" height="163"/>
	<SubTexture name="Coyotemediumloop" x="594" y="910" width="156" height="163"/>
	<SubTexture name="Coyotemediumloop" x="594" y="910" width="156" height="163"/>
	<SubTexture name="Coyotemediumloop" x="752" y="910" width="156" height="163"/>
	<SubTexture name="Coyotemediumloop" x="752" y="910" width="156" height="163"/>
	<SubTexture name="Coyotemediumloop" x="0" y="940" width="156" height="163"/>
	<SubTexture name="Coyotemediumloop" x="0" y="940" width="156" height="163"/>
	<SubTexture name="Coyotemediumhit" x="0" y="1218" width="160" height="134"/>
	<SubTexture name="Coyotemediumhit" x="0" y="1218" width="160" height="134"/>
	<SubTexture name="Coyotemediumhit" x="0" y="1218" width="160" height="134"/>
	<SubTexture name="Coyotemediumhit" x="0" y="1218" width="160" height="134"/>
	<SubTexture name="Coyotemediumhit" x="483" y="1226" width="160" height="134"/>
	<SubTexture name="Coyotemediumhit" x="483" y="1226" width="160" height="134"/>
	<SubTexture name="Coyotemediumhit" x="483" y="1226" width="160" height="134"/>
	<SubTexture name="Coyotemediumhit" x="483" y="1226" width="160" height="134"/>
	<SubTexture name="Coyotemediumjump" x="931" y="705" width="162" height="183"/>
	<SubTexture name="Coyotemediumjump" x="931" y="705" width="162" height="183"/>
	<SubTexture name="Coyotemediumjump" x="1095" y="705" width="162" height="183"/>
	<SubTexture name="Coyotemediumjump" x="1095" y="705" width="162" height="183"/>
	<SubTexture name="Coyotemediumjump" x="1095" y="705" width="162" height="183"/>
	<SubTexture name="Coyotemediumjump" x="1095" y="705" width="162" height="183"/>
	<SubTexture name="Coyotemediumjump" x="1259" y="705" width="162" height="183"/>
	<SubTexture name="Coyotemediumjump" x="1259" y="705" width="162" height="183"/>
	<SubTexture name="Coyotenorocket" x="1063" y="1175" width="201" height="108"/>
	<SubTexture name="Coyotenorocket" x="1063" y="1175" width="201" height="108"/>
	<SubTexture name="Coyotenorocket" x="1063" y="1175" width="201" height="108"/>
	<SubTexture name="Coyotenorocket" x="1266" y="1175" width="201" height="108"/>
	<SubTexture name="Coyotenorocket" x="1266" y="1175" width="201" height="108"/>
	<SubTexture name="Coyotenorocket" x="1266" y="1175" width="201" height="108"/>
	<SubTexture name="Coyoteslowloop" x="1423" y="705" width="150" height="192"/>
	<SubTexture name="Coyoteslowloop" x="1423" y="705" width="150" height="192"/>
	<SubTexture name="Coyoteslowloop" x="1575" y="705" width="150" height="192"/>
	<SubTexture name="Coyoteslowloop" x="1575" y="705" width="150" height="192"/>
	<SubTexture name="Coyoteslowloop" x="1727" y="705" width="150" height="192"/>
	<SubTexture name="Coyoteslowloop" x="1727" y="705" width="150" height="192"/>
	<SubTexture name="Coyoteslowloop" x="1423" y="705" width="150" height="192"/>
	<SubTexture name="Coyoteslowloop" x="1423" y="705" width="150" height="192"/>
	<SubTexture name="Coyoteslowloop" x="1575" y="705" width="150" height="192"/>
	<SubTexture name="Coyoteslowloop" x="1575" y="705" width="150" height="192"/>
	<SubTexture name="Coyoteslowloop" x="1727" y="705" width="150" height="192"/>
	<SubTexture name="Coyoteslowloop" x="1727" y="705" width="150" height="192"/>
	<SubTexture name="Coyoteslowloop" x="1879" y="705" width="150" height="192"/>
	<SubTexture name="Coyoteslowloop" x="1879" y="705" width="150" height="192"/>
	<SubTexture name="Coyoteslowloop" x="931" y="890" width="150" height="192"/>
	<SubTexture name="Coyoteslowloop" x="931" y="890" width="150" height="192"/>
	<SubTexture name="Coyoteslowloop" x="1083" y="890" width="150" height="192"/>
	<SubTexture name="Coyoteslowloop" x="1083" y="890" width="150" height="192"/>
	<SubTexture name="Coyoteslowloop" x="1423" y="705" width="150" height="192"/>
	<SubTexture name="Coyoteslowloop" x="1423" y="705" width="150" height="192"/>
	<SubTexture name="Coyoteslowloop" x="1575" y="705" width="150" height="192"/>
	<SubTexture name="Coyoteslowloop" x="1575" y="705" width="150" height="192"/>
	<SubTexture name="Coyoteslowloop" x="1727" y="705" width="150" height="192"/>
	<SubTexture name="Coyoteslowloop" x="1727" y="705" width="150" height="192"/>
	<SubTexture name="Coyoteslowhit" x="837" y="1257" width="138" height="148"/>
	<SubTexture name="Coyoteslowhit" x="837" y="1257" width="138" height="148"/>
	<SubTexture name="Coyoteslowhit" x="837" y="1257" width="138" height="148"/>
	<SubTexture name="Coyoteslowhit" x="837" y="1257" width="138" height="148"/>
	<SubTexture name="Coyoteslowhit" x="977" y="1285" width="138" height="148"/>
	<SubTexture name="Coyoteslowhit" x="977" y="1285" width="138" height="148"/>
	<SubTexture name="Coyoteslowhit" x="977" y="1285" width="138" height="148"/>
	<SubTexture name="Coyoteslowhit" x="977" y="1285" width="138" height="148"/>
	<SubTexture name="Coyoteslowjump" x="454" y="705" width="157" height="203"/>
	<SubTexture name="Coyoteslowjump" x="454" y="705" width="157" height="203"/>
	<SubTexture name="Coyoteslowjump" x="613" y="705" width="157" height="203"/>
	<SubTexture name="Coyoteslowjump" x="613" y="705" width="157" height="203"/>
	<SubTexture name="Coyoteslowjump" x="613" y="705" width="157" height="203"/>
	<SubTexture name="Coyoteslowjump" x="613" y="705" width="157" height="203"/>
	<SubTexture name="Coyoteslowjump" x="772" y="705" width="157" height="203"/>
	<SubTexture name="Coyoteslowjump" x="772" y="705" width="157" height="203"/>
	<SubTexture name="Coyotestart1" x="645" y="1226" width="94" height="222"/>
	<SubTexture name="Coyotestart1" x="645" y="1226" width="94" height="222"/>
	<SubTexture name="Coyotestart1" x="645" y="1226" width="94" height="222"/>
	<SubTexture name="Coyotestart1" x="645" y="1226" width="94" height="222"/>
	<SubTexture name="Coyotestart1" x="741" y="1226" width="94" height="222"/>
	<SubTexture name="Coyotestart1" x="741" y="1226" width="94" height="222"/>
	<SubTexture name="Coyotestart1" x="741" y="1226" width="94" height="222"/>
	<SubTexture name="Coyotestart1" x="741" y="1226" width="94" height="222"/>
	<SubTexture name="Coyotestart2" x="0" y="0" width="225" height="233"/>
	<SubTexture name="Coyotestart2" x="0" y="0" width="225" height="233"/>
	<SubTexture name="Coyotestart2" x="227" y="0" width="225" height="233"/>
	<SubTexture name="Coyotestart2" x="227" y="0" width="225" height="233"/>
	<SubTexture name="Coyotestart2" x="454" y="0" width="225" height="233"/>
	<SubTexture name="Coyotestart2" x="454" y="0" width="225" height="233"/>
	<SubTexture name="Coyotestart2" x="454" y="0" width="225" height="233"/>
	<SubTexture name="Coyotestart2" x="454" y="0" width="225" height="233"/>
	<SubTexture name="Coyotestart2" x="681" y="0" width="225" height="233"/>
	<SubTexture name="Coyotestart2" x="681" y="0" width="225" height="233"/>
	<SubTexture name="Coyotestart2" x="681" y="0" width="225" height="233"/>
	<SubTexture name="Coyotestart2" x="681" y="0" width="225" height="233"/>
	<SubTexture name="Coyotestart2" x="908" y="0" width="225" height="233"/>
	<SubTexture name="Coyotestart2" x="908" y="0" width="225" height="233"/>
	<SubTexture name="Coyotestart2" x="908" y="0" width="225" height="233"/>
	<SubTexture name="Coyotestart2" x="1135" y="0" width="225" height="233"/>
	<SubTexture name="Coyotestart2" x="1135" y="0" width="225" height="233"/>
	<SubTexture name="Coyotestart2" x="1362" y="0" width="225" height="233"/>
	<SubTexture name="Coyotestart2" x="1362" y="0" width="225" height="233"/>
	<SubTexture name="Coyotestart2" x="1362" y="0" width="225" height="233"/>
	<SubTexture name="Coyotestart2" x="1589" y="0" width="225" height="233"/>
	<SubTexture name="Coyotestart2" x="1589" y="0" width="225" height="233"/>
	<SubTexture name="Coyotestart2" x="1589" y="0" width="225" height="233"/>
	<SubTexture name="Coyotestart2" x="1816" y="0" width="225" height="233"/>
	<SubTexture name="Coyotestart2" x="1816" y="0" width="225" height="233"/>
	<SubTexture name="Coyotestart2" x="0" y="235" width="225" height="233"/>
	<SubTexture name="Coyotestart2" x="0" y="235" width="225" height="233"/>
	<SubTexture name="Coyotestart2" x="0" y="235" width="225" height="233"/>
	<SubTexture name="Coyotestart2" x="0" y="235" width="225" height="233"/>
	<SubTexture name="Coyotestart2" x="227" y="235" width="225" height="233"/>
	<SubTexture name="Coyotestart2" x="227" y="235" width="225" height="233"/>
	<SubTexture name="Coyotestart2" x="454" y="235" width="225" height="233"/>
	<SubTexture name="Coyotestart2" x="454" y="235" width="225" height="233"/>
	<SubTexture name="Coyotestart2" x="681" y="235" width="225" height="233"/>
	<SubTexture name="Coyotestart2" x="681" y="235" width="225" height="233"/>
	<SubTexture name="Coyotestart2" x="908" y="235" width="225" height="233"/>
	<SubTexture name="Coyotestart2" x="908" y="235" width="225" height="233"/>
	<SubTexture name="Coyotestart2" x="908" y="235" width="225" height="233"/>
	<SubTexture name="Coyotestart2" x="908" y="235" width="225" height="233"/>
	<SubTexture name="Coyotestart2" x="908" y="235" width="225" height="233"/>
	<SubTexture name="Coyotestart2" x="908" y="235" width="225" height="233"/>
	<SubTexture name="Coyotestart2" x="908" y="235" width="225" height="233"/>
	<SubTexture name="Coyotestart2" x="908" y="235" width="225" height="233"/>
	<SubTexture name="Coyotestart2" x="908" y="235" width="225" height="233"/>
	<SubTexture name="Coyotestart2" x="908" y="235" width="225" height="233"/>
	<SubTexture name="Coyotestart2" x="908" y="235" width="225" height="233"/>
	<SubTexture name="Coyotestart2" x="1135" y="235" width="225" height="233"/>
	<SubTexture name="Coyotestart2" x="1135" y="235" width="225" height="233"/>
	<SubTexture name="Coyotestart2" x="1362" y="235" width="225" height="233"/>
	<SubTexture name="Coyotestart2" x="1362" y="235" width="225" height="233"/>
	<SubTexture name="Coyotestart2" x="1589" y="235" width="225" height="233"/>
	<SubTexture name="Coyotestart2" x="1589" y="235" width="225" height="233"/>
	<SubTexture name="Coyotestart2" x="1816" y="235" width="225" height="233"/>
	<SubTexture name="Coyotestart2" x="1816" y="235" width="225" height="233"/>
	<SubTexture name="Coyotestart2" x="0" y="470" width="225" height="233"/>
	<SubTexture name="Coyotestart2" x="227" y="470" width="225" height="233"/>
	<SubTexture name="Coyotestart2" x="454" y="470" width="225" height="233"/>
	<SubTexture name="Coyotestart2" x="454" y="470" width="225" height="233"/>
	<SubTexture name="Coyotestart2" x="681" y="470" width="225" height="233"/>
	<SubTexture name="Coyotestart2" x="681" y="470" width="225" height="233"/>
	<SubTexture name="Coyotestart2" x="908" y="470" width="225" height="233"/>
	<SubTexture name="Coyotestart2" x="908" y="470" width="225" height="233"/>
	<SubTexture name="Coyotestart2" x="1135" y="470" width="225" height="233"/>
	<SubTexture name="Coyotestart2" x="1135" y="470" width="225" height="233"/>
	<SubTexture name="Coyotestart2" x="1362" y="470" width="225" height="233"/>
	<SubTexture name="Coyotestart2" x="1362" y="470" width="225" height="233"/>
	<SubTexture name="Coyotestart2" x="1589" y="470" width="225" height="233"/>
	<SubTexture name="Coyotestart2" x="1589" y="470" width="225" height="233"/>
	<SubTexture name="Coyotestart2" x="1816" y="470" width="225" height="233"/>
	<SubTexture name="Coyotestart2" x="1816" y="470" width="225" height="233"/>
	<SubTexture name="Coyotestart2" x="0" y="705" width="225" height="233"/>
	<SubTexture name="Coyotestart2" x="0" y="705" width="225" height="233"/>
	<SubTexture name="Coyotestart2" x="227" y="705" width="225" height="233"/>
	<SubTexture name="Coyotestart2" x="227" y="705" width="225" height="233"/>
	<SubTexture name="Coyotestart2" x="227" y="705" width="225" height="233"/>
	<SubTexture name="Coyotestart2" x="227" y="705" width="225" height="233"/>
	<SubTexture name="Coyotestart2" x="227" y="705" width="225" height="233"/>
	<SubTexture name="Coyotestart2" x="227" y="705" width="225" height="233"/>
	<SubTexture name="Coyotestart2" x="227" y="705" width="225" height="233"/>
	<SubTexture name="Coyotestart2" x="227" y="705" width="225" height="233"/>
	<SubTexture name="Coyotestart2" x="227" y="705" width="225" height="233"/>
	<SubTexture name="Coyotestart2" x="227" y="705" width="225" height="233"/>
	<SubTexture name="Coyotestart2" x="227" y="705" width="225" height="233"/>
	<SubTexture name="Coyotestart2" x="227" y="705" width="225" height="233"/>
	<SubTexture name="Rocket" x="1316" y="1586" width="262" height="68"/>
	<SubTexture name="Rocketend" x="1316" y="1656" width="157" height="100"/>
	<SubTexture name="Rocketend" x="1316" y="1656" width="157" height="100"/>
	<SubTexture name="Rocketend" x="955" y="1670" width="157" height="100"/>
	<SubTexture name="Rocketend" x="955" y="1670" width="157" height="100"/>
	<SubTexture name="Rocketend" x="1114" y="1670" width="157" height="100"/>
	<SubTexture name="Rocketend" x="1114" y="1670" width="157" height="100"/>
	<SubTexture name="Rocketend" x="1114" y="1670" width="157" height="100"/>
	<SubTexture name="Rocketend" x="1114" y="1670" width="157" height="100"/>
	<SubTexture name="Rocketend" x="1114" y="1670" width="157" height="100"/>
	<SubTexture name="Rocketend" x="1114" y="1670" width="157" height="100"/>
	<SubTexture name="Rocketend" x="1114" y="1670" width="157" height="100"/>
	<SubTexture name="Rocketend" x="1114" y="1670" width="157" height="100"/>
	<SubTexture name="Rocketfireloop" x="1063" y="1084" width="146" height="59"/>
	<SubTexture name="Rocketfireloop" x="1063" y="1084" width="146" height="59"/>
	<SubTexture name="Rocketfireloop" x="276" y="1626" width="146" height="59"/>
	<SubTexture name="Rocketfireloop" x="276" y="1626" width="146" height="59"/>
	<SubTexture name="Rocketfireloop" x="276" y="1687" width="146" height="59"/>
	<SubTexture name="Rocketfireloop" x="276" y="1687" width="146" height="59"/>
	<SubTexture name="Rocketfuse" x="1925" y="1088" width="108" height="41"/>
	<SubTexture name="Rocketfuse" x="1925" y="1088" width="108" height="41"/>
	<SubTexture name="Rocketfuse" x="1925" y="1088" width="108" height="41"/>
	<SubTexture name="Rocketfuse" x="1925" y="1088" width="108" height="41"/>
	<SubTexture name="Rocketfuse" x="1925" y="1088" width="108" height="41"/>
	<SubTexture name="Rocketfuse" x="1925" y="1088" width="108" height="41"/>
	<SubTexture name="Rocketfuse" x="1925" y="1088" width="108" height="41"/>
	<SubTexture name="Rocketfuse" x="1925" y="1088" width="108" height="41"/>
	<SubTexture name="Rocketfuse" x="1925" y="1088" width="108" height="41"/>
	<SubTexture name="Rocketfuse" x="1925" y="1088" width="108" height="41"/>
	<SubTexture name="Rocketfuse" x="1925" y="1088" width="108" height="41"/>
	<SubTexture name="Rocketfuse" x="1925" y="1088" width="108" height="41"/>
	<SubTexture name="Rocketfuse" x="1925" y="1088" width="108" height="41"/>
	<SubTexture name="Rocketfuse" x="1925" y="1088" width="108" height="41"/>
	<SubTexture name="Rocketfuse" x="1925" y="1088" width="108" height="41"/>
	<SubTexture name="Rocketfuse" x="1925" y="1088" width="108" height="41"/>
	<SubTexture name="Rocketfuse" x="1925" y="1088" width="108" height="41"/>
	<SubTexture name="Rocketfuse" x="1925" y="1088" width="108" height="41"/>
	<SubTexture name="Rocketfuse" x="1925" y="1088" width="108" height="41"/>
	<SubTexture name="Rocketfuse" x="1925" y="1088" width="108" height="41"/>
	<SubTexture name="Rocketfuse" x="1925" y="1088" width="108" height="41"/>
	<SubTexture name="Rocketfuse" x="1925" y="1088" width="108" height="41"/>
	<SubTexture name="Rocketfuse" x="1925" y="1088" width="108" height="41"/>
	<SubTexture name="Rocketfuse" x="1925" y="1088" width="108" height="41"/>
	<SubTexture name="Rocketfuse" x="1925" y="1088" width="108" height="41"/>
	<SubTexture name="Rocketfuse" x="1925" y="1088" width="108" height="41"/>
	<SubTexture name="Rocketfuse" x="1925" y="1088" width="108" height="41"/>
	<SubTexture name="Rocketfuse" x="1925" y="1088" width="108" height="41"/>
	<SubTexture name="Rocketfuse" x="1925" y="1088" width="108" height="41"/>
	<SubTexture name="Rocketfuse" x="1925" y="1088" width="108" height="41"/>
	<SubTexture name="Rocketfuse" x="1925" y="1088" width="108" height="41"/>
	<SubTexture name="Rocketfuse" x="1925" y="1088" width="108" height="41"/>
	<SubTexture name="Rocketfuse" x="1925" y="1088" width="108" height="41"/>
	<SubTexture name="Rocketfuse" x="1925" y="1088" width="108" height="41"/>
	<SubTexture name="Rocketfuse" x="1925" y="1088" width="108" height="41"/>
	<SubTexture name="Rocketfuse" x="1925" y="1088" width="108" height="41"/>
	<SubTexture name="Rocketfuse" x="1925" y="1088" width="108" height="41"/>
	<SubTexture name="Rocketfuse" x="1925" y="1088" width="108" height="41"/>
	<SubTexture name="Rocketfuse" x="1925" y="1088" width="108" height="41"/>
	<SubTexture name="Rocketfuse" x="1925" y="1088" width="108" height="41"/>
	<SubTexture name="Rocketfuse" x="1925" y="1088" width="108" height="41"/>
	<SubTexture name="Rocketfuse" x="1925" y="1088" width="108" height="41"/>
	<SubTexture name="Rocketfuse" x="1925" y="1088" width="108" height="41"/>
	<SubTexture name="Rocketfuse" x="1925" y="1088" width="108" height="41"/>
	<SubTexture name="Rocketfuse" x="1925" y="1088" width="108" height="41"/>
	<SubTexture name="Rocketfuse" x="1925" y="1088" width="108" height="41"/>
	<SubTexture name="Rocketfuse" x="1925" y="1088" width="108" height="41"/>
	<SubTexture name="Rocketfuse" x="1925" y="1088" width="108" height="41"/>
	<SubTexture name="Rocketfuse" x="1925" y="1088" width="108" height="41"/>
	<SubTexture name="Rocketfuse" x="1925" y="1088" width="108" height="41"/>
	<SubTexture name="Rocketfuse" x="1925" y="1088" width="108" height="41"/>
	<SubTexture name="Rocketfuse" x="1925" y="1088" width="108" height="41"/>
	<SubTexture name="Rocketfuse" x="1925" y="1088" width="108" height="41"/>
	<SubTexture name="Rocketfuse" x="1925" y="1088" width="108" height="41"/>
	<SubTexture name="Rocketfuse" x="1925" y="1088" width="108" height="41"/>
	<SubTexture name="Rocketfuse" x="1925" y="1088" width="108" height="41"/>
	<SubTexture name="Rocketfuse" x="1925" y="1088" width="108" height="41"/>
	<SubTexture name="Rocketfuse" x="1925" y="1088" width="108" height="41"/>
	<SubTexture name="Rocketfuse" x="1925" y="1088" width="108" height="41"/>
	<SubTexture name="Rocketfuse" x="1925" y="1088" width="108" height="41"/>
	<SubTexture name="Rocketfuse" x="1925" y="1088" width="108" height="41"/>
	<SubTexture name="Rocketfuse" x="1925" y="1088" width="108" height="41"/>
	<SubTexture name="Rocketfuse" x="1925" y="1088" width="108" height="41"/>
	<SubTexture name="Rocketfuse" x="1925" y="1088" width="108" height="41"/>
	<SubTexture name="Rocketfuse" x="1925" y="1088" width="108" height="41"/>
	<SubTexture name="Rocketfuse" x="1925" y="1088" width="108" height="41"/>
	<SubTexture name="Rocketfuse" x="1925" y="1088" width="108" height="41"/>
	<SubTexture name="Rocketfuse" x="1925" y="1088" width="108" height="41"/>
	<SubTexture name="Rocketfuse" x="1925" y="1088" width="108" height="41"/>
	<SubTexture name="Rocketfuse" x="1925" y="1088" width="108" height="41"/>
	<SubTexture name="Rocketfuse" x="1925" y="1088" width="108" height="41"/>
	<SubTexture name="Rocketfuse" x="1925" y="1088" width="108" height="41"/>
	<SubTexture name="Rocketfuse" x="1925" y="1088" width="108" height="41"/>
	<SubTexture name="Rocketfuse" x="1925" y="1088" width="108" height="41"/>
	<SubTexture name="Rocketfuse" x="1925" y="1088" width="108" height="41"/>
	<SubTexture name="Rocketfuse" x="1925" y="1131" width="108" height="41"/>
	<SubTexture name="Rocketfuse" x="992" y="1435" width="108" height="41"/>
	<SubTexture name="Rocketfuse" x="992" y="1478" width="108" height="41"/>
	<SubTexture name="Rocketfuse" x="789" y="1688" width="108" height="41"/>
	<SubTexture name="Rocketfuse" x="1475" y="1691" width="108" height="41"/>
	<SubTexture name="Rocketfuse" x="1585" y="1691" width="108" height="41"/>
	<SubTexture name="Rocketfuse" x="0" y="1702" width="108" height="41"/>
	<SubTexture name="Rocketfuse" x="578" y="1703" width="108" height="41"/>
	<SubTexture name="Rocketfuse" x="688" y="1731" width="108" height="41"/>
	<SubTexture name="Rocketfuse" x="798" y="1731" width="108" height="41"/>
	<SubTexture name="Rocketfuse" x="1475" y="1734" width="108" height="41"/>
	<SubTexture name="Rocketfuse" x="1585" y="1734" width="108" height="41"/>
	<SubTexture name="Rocketfuse" x="424" y="1735" width="108" height="41"/>
	<SubTexture name="Rocketfuse" x="1695" y="1735" width="108" height="41"/>
	<SubTexture name="Rocketfuse" x="0" y="1745" width="108" height="41"/>
	<SubTexture name="Rocketfuse" x="534" y="1746" width="108" height="41"/>
	<SubTexture name="Rocketfuse" x="276" y="1748" width="108" height="41"/>
	<SubTexture name="Rocketfuse" x="276" y="1748" width="108" height="41"/>
	<SubTexture name="Shadow" x="1063" y="1145" width="146" height="20"/>
	<SubTexture name="Smoke" x="525" y="1099" width="54" height="47"/>
	<SubTexture name="Smoke" x="525" y="1099" width="54" height="47"/>
	<SubTexture name="Smoke" x="209" y="1105" width="54" height="47"/>
	<SubTexture name="Smoke" x="209" y="1105" width="54" height="47"/>
	<SubTexture name="Smoke" x="525" y="1148" width="54" height="47"/>
	<SubTexture name="Smoke" x="525" y="1148" width="54" height="47"/>
	<SubTexture name="Smoke" x="209" y="1154" width="54" height="47"/>
	<SubTexture name="Smoke" x="209" y="1154" width="54" height="47"/>
	<SubTexture name="Smoke" x="1962" y="1174" width="54" height="47"/>
	<SubTexture name="Smoke" x="1962" y="1174" width="54" height="47"/>
	<SubTexture name="Smoke" x="1469" y="1175" width="54" height="47"/>
	<SubTexture name="Smoke" x="1469" y="1175" width="54" height="47"/>
	<SubTexture name="Smoke" x="1962" y="1223" width="54" height="47"/>
	<SubTexture name="Smoke" x="1962" y="1223" width="54" height="47"/>
</TextureAtlas>
