<?xml version="1.0" encoding="UTF-16"?>
<TextureAtlas imagePath="GameUI.png">
	<!-- Created with Adobe Flash CS6 version 12.0.0.481 -->
	<!-- http://www.adobe.com/products/flash.html -->
	<SubTexture name="UIbottom" x="0" y="0" width="1280" height="214"/>
	<SubTexture name="UIfuse" x="1282" y="0" width="472" height="14"/>
	<SubTexture name="UIsparkloop" x="1795" y="0" width="51" height="42"/>
	<SubTexture name="UIsparkloop" x="1795" y="0" width="51" height="42"/>
	<SubTexture name="UIsparkloop" x="1848" y="0" width="51" height="42"/>
	<SubTexture name="UIsparkloop" x="1848" y="0" width="51" height="42"/>
	<SubTexture name="UIsparkloop" x="1901" y="0" width="51" height="42"/>
	<SubTexture name="UIsparkloop" x="1901" y="0" width="51" height="42"/>
	<SubTexture name="UIsparkloop" x="1954" y="0" width="51" height="42"/>
	<SubTexture name="UIsparkloop" x="1954" y="0" width="51" height="42"/>
	<SubTexture name="UIspeedpointer" x="1756" y="0" width="37" height="119"/>
</TextureAtlas>
