<?xml version="1.0" encoding="UTF-16"?>
<TextureAtlas imagePath="Menus1.png">
	<!-- Created with Adobe Flash CS6 version 12.0.0.481 -->
	<!-- http://www.adobe.com/products/flash.html -->
	<SubTexture name="HowtoPlaybutton" x="373" y="904" width="236" height="101"/>
	<SubTexture name="HowtoPlaybuttonPressed" x="0" y="1025" width="236" height="101"/>
	<SubTexture name="Loadingtextloop" x="1127" y="873" width="190" height="32"/>
	<SubTexture name="Loadingtextloop" x="1127" y="873" width="190" height="32"/>
	<SubTexture name="Loadingtextloop" x="1127" y="873" width="190" height="32"/>
	<SubTexture name="Loadingtextloop" x="1127" y="873" width="190" height="32"/>
	<SubTexture name="Loadingtextloop" x="1127" y="873" width="190" height="32"/>
	<SubTexture name="Loadingtextloop" x="1127" y="907" width="190" height="32"/>
	<SubTexture name="Loadingtextloop" x="1127" y="907" width="190" height="32"/>
	<SubTexture name="Loadingtextloop" x="1127" y="907" width="190" height="32"/>
	<SubTexture name="Loadingtextloop" x="1127" y="907" width="190" height="32"/>
	<SubTexture name="Loadingtextloop" x="1127" y="907" width="190" height="32"/>
	<SubTexture name="Loadingtextloop" x="1127" y="941" width="190" height="32"/>
	<SubTexture name="Loadingtextloop" x="1127" y="941" width="190" height="32"/>
	<SubTexture name="Loadingtextloop" x="1127" y="941" width="190" height="32"/>
	<SubTexture name="Loadingtextloop" x="1127" y="941" width="190" height="32"/>
	<SubTexture name="Loadingtextloop" x="1127" y="941" width="190" height="32"/>
	<SubTexture name="Loadingtextloop" x="1127" y="975" width="190" height="32"/>
	<SubTexture name="Loadingtextloop" x="1127" y="975" width="190" height="32"/>
	<SubTexture name="Loadingtextloop" x="1127" y="975" width="190" height="32"/>
	<SubTexture name="Loadingtextloop" x="1127" y="975" width="190" height="32"/>
	<SubTexture name="Loadingtextloop" x="1127" y="975" width="190" height="32"/>
	<SubTexture name="LoadingBar" x="0" y="770" width="752" height="132"/>
	<SubTexture name="LoadingBargauge" x="373" y="1012" width="656" height="52"/>
	<SubTexture name="Loadingcoyoteloop" x="754" y="770" width="371" height="119"/>
	<SubTexture name="Loadingcoyoteloop" x="754" y="770" width="371" height="119"/>
	<SubTexture name="Loadingcoyoteloop" x="754" y="891" width="371" height="119"/>
	<SubTexture name="Loadingcoyoteloop" x="754" y="891" width="371" height="119"/>
	<SubTexture name="Loadingcoyoteloop" x="0" y="904" width="371" height="119"/>
	<SubTexture name="Loadingcoyoteloop" x="0" y="904" width="371" height="119"/>
	<SubTexture name="MainMenuscreen" x="0" y="0" width="1280" height="768"/>
	<SubTexture name="Playbutton" x="1031" y="1012" width="236" height="101"/>
	<SubTexture name="PlaybuttonPressed" x="1127" y="770" width="236" height="101"/>
</TextureAtlas>
