<?xml version="1.0" encoding="UTF-16"?>
<TextureAtlas imagePath="Obstacles.png">
	<!-- Created with Adobe Flash CS6 version 12.0.0.481 -->
	<!-- http://www.adobe.com/products/flash.html -->
	<SubTexture name="Catapult" x="1300" y="1002" width="202" height="103"/>
	<SubTexture name="Hiteffect" x="988" y="1467" width="110" height="294"/>
	<SubTexture name="Hiteffect" x="988" y="1467" width="110" height="294"/>
	<SubTexture name="Hiteffect" x="1100" y="1239" width="110" height="294"/>
	<SubTexture name="Hiteffect" x="1100" y="1239" width="110" height="294"/>
	<SubTexture name="Hiteffect" x="1188" y="826" width="110" height="294"/>
	<SubTexture name="Hiteffect" x="1188" y="826" width="110" height="294"/>
	<SubTexture name="Hiteffect" x="1100" y="1535" width="110" height="294"/>
	<SubTexture name="Hiteffect" x="1100" y="1535" width="110" height="294"/>
	<SubTexture name="Obstacleanvil" x="1571" y="826" width="105" height="81"/>
	<SubTexture name="Obstacleanvilhit" x="442" y="1914" width="106" height="81"/>
	<SubTexture name="Obstacleanvilhit" x="442" y="1914" width="106" height="81"/>
	<SubTexture name="Obstacleanvilhit" x="550" y="1914" width="106" height="81"/>
	<SubTexture name="Obstacleanvilhit" x="550" y="1914" width="106" height="81"/>
	<SubTexture name="Obstacleanvilhit" x="658" y="1923" width="106" height="81"/>
	<SubTexture name="Obstacleanvilhit" x="658" y="1923" width="106" height="81"/>
	<SubTexture name="Obstacleanvilhit" x="550" y="1914" width="106" height="81"/>
	<SubTexture name="Obstacleanvilhit" x="550" y="1914" width="106" height="81"/>
	<SubTexture name="Obstacleanvilhit" x="658" y="1923" width="106" height="81"/>
	<SubTexture name="Obstacleanvilhit" x="658" y="1923" width="106" height="81"/>
	<SubTexture name="Obstacleanvilhit" x="766" y="1923" width="106" height="81"/>
	<SubTexture name="Obstacleanvilhit" x="766" y="1923" width="106" height="81"/>
	<SubTexture name="Obstacleanvilhit" x="874" y="1923" width="106" height="81"/>
	<SubTexture name="Obstacleanvilhit" x="874" y="1923" width="106" height="81"/>
	<SubTexture name="Obstacleanvilhit" x="442" y="1914" width="106" height="81"/>
	<SubTexture name="Obstacleanvilhit" x="442" y="1914" width="106" height="81"/>
	<SubTexture name="Obstacleanvilhit" x="442" y="1914" width="106" height="81"/>
	<SubTexture name="Obstacleanvilhit" x="442" y="1914" width="106" height="81"/>
	<SubTexture name="Obstacleanvilhit" x="442" y="1914" width="106" height="81"/>
	<SubTexture name="Obstacleballoonloop" x="1212" y="1122" width="121" height="174"/>
	<SubTexture name="Obstacleballoonloop" x="1212" y="1122" width="121" height="174"/>
	<SubTexture name="Obstacleballoonloop" x="1212" y="1122" width="121" height="174"/>
	<SubTexture name="Obstacleballoonloop" x="1300" y="826" width="121" height="174"/>
	<SubTexture name="Obstacleballoonloop" x="1300" y="826" width="121" height="174"/>
	<SubTexture name="Obstacleballoonloop" x="1300" y="826" width="121" height="174"/>
	<SubTexture name="Obstacleballoonloop" x="1212" y="1298" width="121" height="174"/>
	<SubTexture name="Obstacleballoonloop" x="1212" y="1298" width="121" height="174"/>
	<SubTexture name="Obstacleballoonloop" x="1212" y="1298" width="121" height="174"/>
	<SubTexture name="Obstacleballoonloop" x="1212" y="1474" width="121" height="174"/>
	<SubTexture name="Obstacleballoonloop" x="1212" y="1474" width="121" height="174"/>
	<SubTexture name="Obstacleballoonloop" x="1212" y="1474" width="121" height="174"/>
	<SubTexture name="Obstacleballoonloop" x="1212" y="1650" width="121" height="174"/>
	<SubTexture name="Obstacleballoonloop" x="1212" y="1650" width="121" height="174"/>
	<SubTexture name="Obstacleballoonloop" x="1212" y="1650" width="121" height="174"/>
	<SubTexture name="Obstaclebombloop" x="90" y="1914" width="86" height="112"/>
	<SubTexture name="Obstaclebombloop" x="178" y="1914" width="86" height="112"/>
	<SubTexture name="Obstaclebombloop" x="266" y="1914" width="86" height="112"/>
	<SubTexture name="Obstaclebombloop" x="354" y="1914" width="86" height="112"/>
	<SubTexture name="Obstaclebombexplode" x="0" y="860" width="592" height="411"/>
	<SubTexture name="Obstaclebombexplode" x="0" y="860" width="592" height="411"/>
	<SubTexture name="Obstaclebombexplode" x="479" y="0" width="592" height="411"/>
	<SubTexture name="Obstaclebombexplode" x="479" y="0" width="592" height="411"/>
	<SubTexture name="Obstaclebombexplode" x="479" y="413" width="592" height="411"/>
	<SubTexture name="Obstaclebombexplode" x="479" y="413" width="592" height="411"/>
	<SubTexture name="Obstaclebombexplode" x="0" y="1273" width="592" height="411"/>
	<SubTexture name="Obstaclebombexplode" x="0" y="1273" width="592" height="411"/>
	<SubTexture name="Obstaclebombexplode" x="594" y="826" width="592" height="411"/>
	<SubTexture name="Obstaclebombexplode" x="594" y="826" width="592" height="411"/>
	<SubTexture name="Obstaclebombexplode" x="1073" y="0" width="592" height="411"/>
	<SubTexture name="Obstaclebombexplode" x="1073" y="0" width="592" height="411"/>
	<SubTexture name="Obstaclebombexplode" x="1073" y="413" width="592" height="411"/>
	<SubTexture name="Obstaclebombexplode" x="1073" y="413" width="592" height="411"/>
	<SubTexture name="Obstaclestopsign" x="1519" y="1105" width="64" height="276"/>
	<SubTexture name="Obstaclestopsignhit" x="1452" y="1107" width="65" height="277"/>
	<SubTexture name="Obstaclestopsignhit" x="1452" y="1107" width="65" height="277"/>
	<SubTexture name="Obstaclestopsignhit" x="1504" y="826" width="65" height="277"/>
	<SubTexture name="Obstaclestopsignhit" x="1504" y="826" width="65" height="277"/>
	<SubTexture name="Obstaclestopsignhit" x="1492" y="1386" width="65" height="277"/>
	<SubTexture name="Obstaclestopsignhit" x="1492" y="1386" width="65" height="277"/>
	<SubTexture name="Obstaclestopsignhit" x="1492" y="1386" width="65" height="277"/>
	<SubTexture name="Obstaclestopsignhit" x="1492" y="1386" width="65" height="277"/>
	<SubTexture name="Obstaclestopsignhit" x="1492" y="1386" width="65" height="277"/>
	<SubTexture name="Obstaclestopsignhit" x="1492" y="1386" width="65" height="277"/>
	<SubTexture name="Obstacleton" x="1123" y="1831" width="133" height="182"/>
	<SubTexture name="Obstacletonhit" x="594" y="1467" width="133" height="183"/>
	<SubTexture name="Obstacletonhit" x="594" y="1467" width="133" height="183"/>
	<SubTexture name="Obstacletonhit" x="988" y="1831" width="133" height="183"/>
	<SubTexture name="Obstacletonhit" x="988" y="1831" width="133" height="183"/>
	<SubTexture name="Powerup" x="0" y="1914" width="88" height="112"/>
	<SubTexture name="Powerupget" x="1258" y="1826" width="115" height="178"/>
	<SubTexture name="Powerupget" x="1258" y="1826" width="115" height="178"/>
	<SubTexture name="Powerupget" x="1335" y="1107" width="115" height="178"/>
	<SubTexture name="Powerupget" x="1335" y="1107" width="115" height="178"/>
	<SubTexture name="Powerupget" x="1335" y="1287" width="115" height="178"/>
	<SubTexture name="Powerupget" x="1335" y="1287" width="115" height="178"/>
	<SubTexture name="Powerupget" x="1335" y="1467" width="115" height="178"/>
	<SubTexture name="Powerupget" x="1335" y="1467" width="115" height="178"/>
	<SubTexture name="Powerupget" x="1375" y="1647" width="115" height="178"/>
	<SubTexture name="Powerupget" x="1375" y="1647" width="115" height="178"/>
	<SubTexture name="Powerupget" x="1375" y="1827" width="115" height="178"/>
	<SubTexture name="Powerupget" x="1375" y="1827" width="115" height="178"/>
	<SubTexture name="Powerupgeteffect" x="0" y="1686" width="245" height="226"/>
	<SubTexture name="Powerupgeteffect" x="0" y="1686" width="245" height="226"/>
	<SubTexture name="Powerupgeteffect" x="247" y="1686" width="245" height="226"/>
	<SubTexture name="Powerupgeteffect" x="247" y="1686" width="245" height="226"/>
	<SubTexture name="Powerupgeteffect" x="494" y="1686" width="245" height="226"/>
	<SubTexture name="Powerupgeteffect" x="494" y="1686" width="245" height="226"/>
	<SubTexture name="Powerupgeteffect" x="594" y="1239" width="245" height="226"/>
	<SubTexture name="Powerupgeteffect" x="594" y="1239" width="245" height="226"/>
	<SubTexture name="Powerupgeteffect" x="741" y="1467" width="245" height="226"/>
	<SubTexture name="Powerupgeteffect" x="741" y="1467" width="245" height="226"/>
	<SubTexture name="Powerupgeteffect" x="841" y="1239" width="245" height="226"/>
	<SubTexture name="Powerupgeteffect" x="841" y="1239" width="245" height="226"/>
	<SubTexture name="Powerupgeteffect" x="741" y="1695" width="245" height="226"/>
	<SubTexture name="Powerupgeteffect" x="741" y="1695" width="245" height="226"/>
	<SubTexture name="Powerupgeteffect" x="1100" y="1535" width="110" height="294"/>
	<SubTexture name="Tunnel" x="0" y="0" width="477" height="858"/>
</TextureAtlas>
