<?xml version="1.0" encoding="UTF-16"?>
<TextureAtlas imagePath="Roadrunner asset.png">
	<!-- Created with Adobe Flash CS6 version 12.0.0.481 -->
	<!-- http://www.adobe.com/products/flash.html -->
	<SubTexture name="Roadrunnerbeepbeep" x="0" y="645" width="144" height="253"/>
	<SubTexture name="Roadrunnerbeepbeep" x="0" y="645" width="144" height="253"/>
	<SubTexture name="Roadrunnerbeepbeep" x="146" y="645" width="144" height="253"/>
	<SubTexture name="Roadrunnerbeepbeep" x="146" y="645" width="144" height="253"/>
	<SubTexture name="Roadrunnerbeepbeep" x="292" y="645" width="144" height="253"/>
	<SubTexture name="Roadrunnerbeepbeep" x="292" y="645" width="144" height="253"/>
	<SubTexture name="Roadrunnerbeepbeep" x="438" y="645" width="144" height="253"/>
	<SubTexture name="Roadrunnerbeepbeep" x="438" y="645" width="144" height="253"/>
	<SubTexture name="Roadrunnerbeepbeep" x="584" y="645" width="144" height="253"/>
	<SubTexture name="Roadrunnerbeepbeep" x="584" y="645" width="144" height="253"/>
	<SubTexture name="Roadrunnerbeepbeep" x="730" y="645" width="144" height="253"/>
	<SubTexture name="Roadrunnerbeepbeep" x="730" y="645" width="144" height="253"/>
	<SubTexture name="Roadrunnerbeepbeep" x="876" y="645" width="144" height="253"/>
	<SubTexture name="Roadrunnerbeepbeep" x="876" y="645" width="144" height="253"/>
	<SubTexture name="Roadrunnerbeepbeep" x="0" y="645" width="144" height="253"/>
	<SubTexture name="Roadrunnerbeepbeep" x="0" y="645" width="144" height="253"/>
	<SubTexture name="Roadrunnerfastloop" x="346" y="1692" width="223" height="104"/>
	<SubTexture name="Roadrunnerfastloop" x="519" y="1540" width="223" height="104"/>
	<SubTexture name="Roadrunnerfastloop" x="744" y="1540" width="223" height="104"/>
	<SubTexture name="Roadrunnerfastloop" x="346" y="1798" width="223" height="104"/>
	<SubTexture name="Roadrunnerfastloop" x="346" y="1692" width="223" height="104"/>
	<SubTexture name="Roadrunnerfastloop" x="519" y="1540" width="223" height="104"/>
	<SubTexture name="Roadrunnerfastloop" x="744" y="1540" width="223" height="104"/>
	<SubTexture name="Roadrunnerfastloop" x="346" y="1798" width="223" height="104"/>
	<SubTexture name="Roadrunnerfastloop" x="346" y="1692" width="223" height="104"/>
	<SubTexture name="Roadrunnerfastloop" x="519" y="1540" width="223" height="104"/>
	<SubTexture name="Roadrunnerfastloop" x="744" y="1540" width="223" height="104"/>
	<SubTexture name="Roadrunnerfastloop" x="346" y="1798" width="223" height="104"/>
	<SubTexture name="Roadrunnerfastloop" x="346" y="1692" width="223" height="104"/>
	<SubTexture name="Roadrunnerfastloop" x="519" y="1540" width="223" height="104"/>
	<SubTexture name="Roadrunnerfastloop" x="744" y="1540" width="223" height="104"/>
	<SubTexture name="Roadrunnerfastloop" x="346" y="1798" width="223" height="104"/>
	<SubTexture name="Roadrunnerfastloop" x="346" y="1692" width="223" height="104"/>
	<SubTexture name="Roadrunnerfastloop" x="519" y="1540" width="223" height="104"/>
	<SubTexture name="Roadrunnerfastloop" x="744" y="1540" width="223" height="104"/>
	<SubTexture name="Roadrunnerfastloop" x="346" y="1798" width="223" height="104"/>
	<SubTexture name="Roadrunnerfastloop" x="346" y="1904" width="223" height="104"/>
	<SubTexture name="Roadrunnerfastloop" x="571" y="1646" width="223" height="104"/>
	<SubTexture name="Roadrunnerfastloop" x="796" y="1646" width="223" height="104"/>
	<SubTexture name="Roadrunnerfastloop" x="571" y="1752" width="223" height="104"/>
	<SubTexture name="Roadrunnerjump" x="0" y="900" width="220" height="140"/>
	<SubTexture name="Roadrunnerjump" x="0" y="900" width="220" height="140"/>
	<SubTexture name="Roadrunnerjump" x="222" y="900" width="220" height="140"/>
	<SubTexture name="Roadrunnerjump" x="222" y="900" width="220" height="140"/>
	<SubTexture name="Roadrunnermediumloop" x="444" y="900" width="202" height="150"/>
	<SubTexture name="Roadrunnermediumloop" x="648" y="900" width="202" height="150"/>
	<SubTexture name="Roadrunnermediumloop" x="0" y="1042" width="202" height="150"/>
	<SubTexture name="Roadrunnermediumloop" x="204" y="1042" width="202" height="150"/>
	<SubTexture name="Roadrunnermediumloop" x="408" y="1052" width="202" height="150"/>
	<SubTexture name="Roadrunnermediumloop" x="0" y="1194" width="202" height="150"/>
	<SubTexture name="Roadrunnermediumloop" x="204" y="1194" width="202" height="150"/>
	<SubTexture name="Roadrunnermediumloop" x="612" y="1052" width="202" height="150"/>
	<SubTexture name="Roadrunnermediumloop" x="408" y="1052" width="202" height="150"/>
	<SubTexture name="Roadrunnermediumloop" x="0" y="1194" width="202" height="150"/>
	<SubTexture name="Roadrunnermediumloop" x="204" y="1194" width="202" height="150"/>
	<SubTexture name="Roadrunnermediumloop" x="612" y="1052" width="202" height="150"/>
	<SubTexture name="Roadrunnermediumloop" x="408" y="1052" width="202" height="150"/>
	<SubTexture name="Roadrunnermediumloop" x="0" y="1194" width="202" height="150"/>
	<SubTexture name="Roadrunnermediumloop" x="204" y="1194" width="202" height="150"/>
	<SubTexture name="Roadrunnermediumloop" x="612" y="1052" width="202" height="150"/>
	<SubTexture name="Roadrunnermediumloop" x="408" y="1052" width="202" height="150"/>
	<SubTexture name="Roadrunnermediumloop" x="0" y="1194" width="202" height="150"/>
	<SubTexture name="Roadrunnermediumloop" x="204" y="1194" width="202" height="150"/>
	<SubTexture name="Roadrunnermediumloop" x="612" y="1052" width="202" height="150"/>
	<SubTexture name="Roadrunnermediumloop" x="816" y="1052" width="202" height="150"/>
	<SubTexture name="Roadrunnermediumloop" x="408" y="1204" width="202" height="150"/>
	<SubTexture name="Roadrunnermediumloop" x="0" y="1346" width="202" height="150"/>
	<SubTexture name="Roadrunnermediumloop" x="204" y="1346" width="202" height="150"/>
	<SubTexture name="Roadrunnerslowloop" x="612" y="1204" width="171" height="166"/>
	<SubTexture name="Roadrunnerslowloop" x="408" y="1356" width="171" height="166"/>
	<SubTexture name="Roadrunnerslowloop" x="785" y="1204" width="171" height="166"/>
	<SubTexture name="Roadrunnerslowloop" x="0" y="1498" width="171" height="166"/>
	<SubTexture name="Roadrunnerslowloop" x="173" y="1498" width="171" height="166"/>
	<SubTexture name="Roadrunnerslowloop" x="0" y="1666" width="171" height="166"/>
	<SubTexture name="Roadrunnerslowloop" x="0" y="1834" width="171" height="166"/>
	<SubTexture name="Roadrunnerslowloop" x="173" y="1666" width="171" height="166"/>
	<SubTexture name="Roadrunnerslowloop" x="173" y="1498" width="171" height="166"/>
	<SubTexture name="Roadrunnerslowloop" x="0" y="1666" width="171" height="166"/>
	<SubTexture name="Roadrunnerslowloop" x="0" y="1834" width="171" height="166"/>
	<SubTexture name="Roadrunnerslowloop" x="173" y="1666" width="171" height="166"/>
	<SubTexture name="Roadrunnerslowloop" x="173" y="1498" width="171" height="166"/>
	<SubTexture name="Roadrunnerslowloop" x="0" y="1666" width="171" height="166"/>
	<SubTexture name="Roadrunnerslowloop" x="0" y="1834" width="171" height="166"/>
	<SubTexture name="Roadrunnerslowloop" x="173" y="1666" width="171" height="166"/>
	<SubTexture name="Roadrunnerslowloop" x="173" y="1498" width="171" height="166"/>
	<SubTexture name="Roadrunnerslowloop" x="0" y="1666" width="171" height="166"/>
	<SubTexture name="Roadrunnerslowloop" x="0" y="1834" width="171" height="166"/>
	<SubTexture name="Roadrunnerslowloop" x="173" y="1666" width="171" height="166"/>
	<SubTexture name="Roadrunnerslowloop" x="173" y="1834" width="171" height="166"/>
	<SubTexture name="Roadrunnerslowloop" x="581" y="1372" width="171" height="166"/>
	<SubTexture name="Roadrunnerslowloop" x="346" y="1524" width="171" height="166"/>
	<SubTexture name="Roadrunnerslowloop" x="754" y="1372" width="171" height="166"/>
	<SubTexture name="Roadrunnerstandingloop" x="888" y="0" width="121" height="195"/>
	<SubTexture name="Roadrunnerstandingloop" x="888" y="0" width="121" height="195"/>
	<SubTexture name="Roadrunnerstandingloop" x="888" y="0" width="121" height="195"/>
	<SubTexture name="Roadrunnerstandingloop" x="888" y="0" width="121" height="195"/>
	<SubTexture name="Roadrunnerstandingloop" x="888" y="0" width="121" height="195"/>
	<SubTexture name="Roadrunnerstandingloop" x="888" y="0" width="121" height="195"/>
	<SubTexture name="Roadrunnerstandingloop" x="888" y="0" width="121" height="195"/>
	<SubTexture name="Roadrunnerstandingloop" x="888" y="0" width="121" height="195"/>
	<SubTexture name="Roadrunnerstandingloop" x="888" y="0" width="121" height="195"/>
	<SubTexture name="Roadrunnerstandingloop" x="888" y="0" width="121" height="195"/>
	<SubTexture name="Roadrunnerstandingloop" x="888" y="0" width="121" height="195"/>
	<SubTexture name="Roadrunnerstandingloop" x="888" y="0" width="121" height="195"/>
	<SubTexture name="Roadrunnerstandingloop" x="888" y="0" width="121" height="195"/>
	<SubTexture name="Roadrunnerstandingloop" x="888" y="0" width="121" height="195"/>
	<SubTexture name="Roadrunnerstandingloop" x="888" y="0" width="121" height="195"/>
	<SubTexture name="Roadrunnerstandingloop" x="888" y="0" width="121" height="195"/>
	<SubTexture name="Roadrunnerstandingloop" x="888" y="0" width="121" height="195"/>
	<SubTexture name="Roadrunnerstandingloop" x="888" y="0" width="121" height="195"/>
	<SubTexture name="Roadrunnerstandingloop" x="888" y="0" width="121" height="195"/>
	<SubTexture name="Roadrunnerstandingloop" x="888" y="0" width="121" height="195"/>
	<SubTexture name="Roadrunnerstandingloop" x="888" y="197" width="121" height="195"/>
	<SubTexture name="Roadrunnerstandingloop" x="888" y="197" width="121" height="195"/>
	<SubTexture name="Roadrunnerstandingloop" x="888" y="394" width="121" height="195"/>
	<SubTexture name="Roadrunnerstandingloop" x="888" y="394" width="121" height="195"/>
	<SubTexture name="Roadrunnerstop" x="0" y="0" width="294" height="213"/>
	<SubTexture name="Roadrunnerstop" x="0" y="0" width="294" height="213"/>
	<SubTexture name="Roadrunnerstop" x="296" y="0" width="294" height="213"/>
	<SubTexture name="Roadrunnerstop" x="296" y="0" width="294" height="213"/>
	<SubTexture name="Roadrunnerstop" x="592" y="0" width="294" height="213"/>
	<SubTexture name="Roadrunnerstop" x="592" y="0" width="294" height="213"/>
	<SubTexture name="Roadrunnerstop" x="0" y="215" width="294" height="213"/>
	<SubTexture name="Roadrunnerstop" x="0" y="215" width="294" height="213"/>
	<SubTexture name="Roadrunnerstop" x="296" y="215" width="294" height="213"/>
	<SubTexture name="Roadrunnerstop" x="296" y="215" width="294" height="213"/>
	<SubTexture name="Roadrunnerstop" x="592" y="215" width="294" height="213"/>
	<SubTexture name="Roadrunnerstop" x="592" y="215" width="294" height="213"/>
	<SubTexture name="Roadrunnerstop" x="0" y="430" width="294" height="213"/>
	<SubTexture name="Roadrunnerstop" x="0" y="430" width="294" height="213"/>
	<SubTexture name="Roadrunnerstop" x="296" y="430" width="294" height="213"/>
	<SubTexture name="Roadrunnerstop" x="296" y="430" width="294" height="213"/>
	<SubTexture name="Roadrunnerstop" x="592" y="430" width="294" height="213"/>
	<SubTexture name="Roadrunnerstop" x="592" y="430" width="294" height="213"/>
</TextureAtlas>
