{
"animations":[
{
"f":95,"l":[
{
"f":[
{
"h":0.75,"i":0,"k":19,"n":0,"w":0.75,"x":4.042,"y":-65.624
},{
"h":0.75,"i":0,"k":18,"n":6,"w":0.75,"x":4.042,"y":-65.624
},{
"h":0.75,"i":0,"k":17,"n":12,"w":0.75,"x":4.042,"y":-65.624
},{
"h":0.75,"i":0,"k":21,"n":18,"w":0.75,"x":4.042,"y":-65.624
},{
"h":0.75,"i":0,"k":19,"n":24,"w":0.75,"x":4.042,"y":-65.624
},{
"h":0.75,"i":0,"k":18,"n":30,"w":0.75,"x":4.042,"y":-65.624
},{
"h":0.75,"i":0,"k":17,"n":36,"w":0.75,"x":4.042,"y":-65.624
},{
"h":0.75,"i":0,"k":21,"n":42,"w":0.75,"x":4.042,"y":-65.624
},{
"h":0.75,"i":0,"k":19,"n":48,"w":0.75,"x":4.042,"y":-65.624
},{
"h":0.75,"i":0,"k":18,"n":54,"w":0.75,"x":4.042,"y":-65.624
},{
"h":0.75,"i":0,"k":17,"n":60,"w":0.75,"x":4.042,"y":-65.624
},{
"h":0.75,"i":0,"k":21,"n":66,"w":0.75,"x":4.042,"y":-65.624
},{
"h":0.75,"i":0,"k":19,"n":71,"w":0.75,"x":4.042,"y":-65.624
},{
"h":0.75,"i":0,"k":18,"n":77,"w":0.75,"x":4.042,"y":-65.624
},{
"h":0.75,"i":0,"k":17,"n":83,"w":0.75,"x":4.042,"y":-65.624
},{
"h":0.75,"i":0,"k":20,"n":89,"w":0.75,"x":4.042,"y":-65.624
}
]
},{
"f":[
{
"h":0.75,"i":0,"k":29,"n":0,"w":0.75,"x":4.042,"y":-65.624
},{
"h":0.75,"i":0,"k":27,"n":6,"w":0.75,"x":4.042,"y":-65.624
},{
"h":0.75,"i":0,"k":28,"n":12,"w":0.75,"x":4.042,"y":-65.624
},{
"h":0.75,"i":0,"k":31,"n":18,"w":0.75,"x":4.042,"y":-65.624
},{
"h":0.75,"i":0,"k":29,"n":24,"w":0.75,"x":4.042,"y":-65.624
},{
"h":0.75,"i":0,"k":27,"n":30,"w":0.75,"x":4.042,"y":-65.624
},{
"h":0.75,"i":0,"k":28,"n":36,"w":0.75,"x":4.042,"y":-65.624
},{
"h":0.75,"i":0,"k":31,"n":42,"w":0.75,"x":4.042,"y":-65.624
},{
"h":0.75,"i":0,"k":29,"n":48,"w":0.75,"x":4.042,"y":-65.624
},{
"h":0.75,"i":0,"k":27,"n":54,"w":0.75,"x":4.042,"y":-65.624
},{
"h":0.75,"i":0,"k":28,"n":60,"w":0.75,"x":4.042,"y":-65.624
},{
"h":0.75,"i":0,"k":31,"n":66,"w":0.75,"x":4.042,"y":-65.624
},{
"h":0.75,"i":0,"k":29,"n":71,"w":0.75,"x":4.042,"y":-65.624
},{
"h":0.75,"i":0,"k":27,"n":77,"w":0.75,"x":4.042,"y":-65.624
},{
"h":0.75,"i":0,"k":28,"n":83,"w":0.75,"x":4.042,"y":-65.624
},{
"h":0.75,"i":0,"k":30,"n":89,"w":0.75,"x":4.042,"y":-65.624
}
]
}
],"n":"ani_npc_mal_3_stand","r":30
},{
"f":48,"l":[
{
"f":[
{
"h":0.75,"i":0,"k":5,"n":0,"w":0.75,"x":4.042,"y":-65.624
},{
"h":0.75,"i":0,"k":3,"n":4,"w":0.75,"x":4.042,"y":-65.624
},{
"h":0.75,"i":0,"k":11,"n":8,"w":0.75,"x":4.042,"y":-65.624
},{
"h":0.75,"i":0,"k":10,"n":12,"w":0.75,"x":4.042,"y":-65.624
},{
"h":0.75,"i":0,"k":11,"n":16,"w":0.75,"x":4.042,"y":-65.624
},{
"h":0.75,"i":0,"k":10,"n":20,"w":0.75,"x":4.042,"y":-65.624
},{
"h":0.75,"i":0,"k":11,"n":24,"w":0.75,"x":4.042,"y":-65.624
},{
"h":0.75,"i":0,"k":10,"n":28,"w":0.75,"x":4.042,"y":-65.624
},{
"h":0.75,"i":0,"k":11,"n":32,"w":0.75,"x":4.042,"y":-65.624
},{
"h":0.75,"i":0,"k":10,"n":36,"w":0.75,"x":4.042,"y":-65.624
},{
"h":0.75,"i":0,"k":3,"n":40,"w":0.75,"x":4.042,"y":-65.624
},{
"h":0.75,"i":0,"k":5,"n":44,"w":0.75,"x":4.042,"y":-65.624
}
]
},{
"f":[
{
"h":0.75,"i":0,"k":45,"n":0,"w":0.75,"x":4.042,"y":-65.624
},{
"h":0.75,"i":0,"k":46,"n":4,"w":0.75,"x":4.042,"y":-65.624
},{
"h":0.75,"i":0,"k":42,"n":8,"w":0.75,"x":4.042,"y":-65.624
},{
"h":0.75,"i":0,"k":43,"n":12,"w":0.75,"x":4.042,"y":-65.624
},{
"h":0.75,"i":0,"k":42,"n":16,"w":0.75,"x":4.042,"y":-65.624
},{
"h":0.75,"i":0,"k":43,"n":20,"w":0.75,"x":4.042,"y":-65.624
},{
"h":0.75,"i":0,"k":42,"n":24,"w":0.75,"x":4.042,"y":-65.624
},{
"h":0.75,"i":0,"k":43,"n":28,"w":0.75,"x":4.042,"y":-65.624
},{
"h":0.75,"i":0,"k":42,"n":32,"w":0.75,"x":4.042,"y":-65.624
},{
"h":0.75,"i":0,"k":43,"n":36,"w":0.75,"x":4.042,"y":-65.624
},{
"h":0.75,"i":0,"k":46,"n":40,"w":0.75,"x":4.042,"y":-65.624
},{
"h":0.75,"i":0,"k":45,"n":44,"w":0.75,"x":4.042,"y":-65.624
}
]
}
],"n":"ani_npc_mal_3_idle","r":30
},{
"f":95,"l":[
{
"f":[
{
"h":0.75,"i":0,"k":24,"n":0,"w":0.75,"x":4.042,"y":-65.624
},{
"h":0.75,"i":0,"k":26,"n":6,"w":0.75,"x":4.042,"y":-65.624
},{
"h":0.75,"i":0,"k":25,"n":12,"w":0.75,"x":4.042,"y":-65.624
},{
"h":0.75,"i":0,"k":23,"n":18,"w":0.75,"x":4.042,"y":-65.624
},{
"h":0.75,"i":0,"k":24,"n":24,"w":0.75,"x":4.042,"y":-65.624
},{
"h":0.75,"i":0,"k":26,"n":30,"w":0.75,"x":4.042,"y":-65.624
},{
"h":0.75,"i":0,"k":25,"n":36,"w":0.75,"x":4.042,"y":-65.624
},{
"h":0.75,"i":0,"k":23,"n":42,"w":0.75,"x":4.042,"y":-65.624
},{
"h":0.75,"i":0,"k":24,"n":48,"w":0.75,"x":4.042,"y":-65.624
},{
"h":0.75,"i":0,"k":26,"n":54,"w":0.75,"x":4.042,"y":-65.624
},{
"h":0.75,"i":0,"k":25,"n":60,"w":0.75,"x":4.042,"y":-65.624
},{
"h":0.75,"i":0,"k":23,"n":66,"w":0.75,"x":4.042,"y":-65.624
},{
"h":0.75,"i":0,"k":24,"n":71,"w":0.75,"x":4.042,"y":-65.624
},{
"h":0.75,"i":0,"k":26,"n":77,"w":0.75,"x":4.042,"y":-65.624
},{
"h":0.75,"i":0,"k":25,"n":83,"w":0.75,"x":4.042,"y":-65.624
},{
"h":0.75,"i":0,"k":22,"n":89,"w":0.75,"x":4.042,"y":-65.624
}
]
},{
"f":[
{
"h":0.75,"i":0,"k":34,"n":0,"w":0.75,"x":4.042,"y":-65.624
},{
"h":0.75,"i":0,"k":33,"n":6,"w":0.75,"x":4.042,"y":-65.624
},{
"h":0.75,"i":0,"k":32,"n":12,"w":0.75,"x":4.042,"y":-65.624
},{
"h":0.75,"i":0,"k":36,"n":18,"w":0.75,"x":4.042,"y":-65.624
},{
"h":0.75,"i":0,"k":34,"n":24,"w":0.75,"x":4.042,"y":-65.624
},{
"h":0.75,"i":0,"k":33,"n":30,"w":0.75,"x":4.042,"y":-65.624
},{
"h":0.75,"i":0,"k":32,"n":36,"w":0.75,"x":4.042,"y":-65.624
},{
"h":0.75,"i":0,"k":36,"n":42,"w":0.75,"x":4.042,"y":-65.624
},{
"h":0.75,"i":0,"k":34,"n":48,"w":0.75,"x":4.042,"y":-65.624
},{
"h":0.75,"i":0,"k":33,"n":54,"w":0.75,"x":4.042,"y":-65.624
},{
"h":0.75,"i":0,"k":32,"n":60,"w":0.75,"x":4.042,"y":-65.624
},{
"h":0.75,"i":0,"k":36,"n":66,"w":0.75,"x":4.042,"y":-65.624
},{
"h":0.75,"i":0,"k":34,"n":71,"w":0.75,"x":4.042,"y":-65.624
},{
"h":0.75,"i":0,"k":33,"n":77,"w":0.75,"x":4.042,"y":-65.624
},{
"h":0.75,"i":0,"k":32,"n":83,"w":0.75,"x":4.042,"y":-65.624
},{
"h":0.75,"i":0,"k":35,"n":89,"w":0.75,"x":4.042,"y":-65.624
}
]
}
],"n":"ani_npc_mal_2_stand","r":30
},{
"f":48,"l":[
{
"f":[
{
"h":0.75,"i":0,"k":6,"n":0,"w":0.75,"x":4.042,"y":-65.624
},{
"h":0.75,"i":0,"k":50,"n":4,"w":0.75,"x":4.042,"y":-65.624
},{
"h":0.75,"i":0,"k":47,"n":8,"w":0.75,"x":4.042,"y":-65.624
},{
"h":0.75,"i":0,"k":44,"n":12,"w":0.75,"x":4.042,"y":-65.624
},{
"h":0.75,"i":0,"k":47,"n":16,"w":0.75,"x":4.042,"y":-65.624
},{
"h":0.75,"i":0,"k":44,"n":20,"w":0.75,"x":4.042,"y":-65.624
},{
"h":0.75,"i":0,"k":47,"n":24,"w":0.75,"x":4.042,"y":-65.624
},{
"h":0.75,"i":0,"k":44,"n":28,"w":0.75,"x":4.042,"y":-65.624
},{
"h":0.75,"i":0,"k":47,"n":32,"w":0.75,"x":4.042,"y":-65.624
},{
"h":0.75,"i":0,"k":44,"n":36,"w":0.75,"x":4.042,"y":-65.624
},{
"h":0.75,"i":0,"k":50,"n":40,"w":0.75,"x":4.042,"y":-65.624
},{
"h":0.75,"i":0,"k":6,"n":44,"w":0.75,"x":4.042,"y":-65.624
}
]
},{
"f":[
{
"h":0.75,"i":0,"k":48,"n":0,"w":0.75,"x":4.042,"y":-65.624
},{
"h":0.75,"i":0,"k":7,"n":4,"w":0.75,"x":4.042,"y":-65.624
},{
"h":0.75,"i":0,"k":8,"n":8,"w":0.75,"x":4.042,"y":-65.624
},{
"h":0.75,"i":0,"k":9,"n":12,"w":0.75,"x":4.042,"y":-65.624
},{
"h":0.75,"i":0,"k":8,"n":16,"w":0.75,"x":4.042,"y":-65.624
},{
"h":0.75,"i":0,"k":9,"n":20,"w":0.75,"x":4.042,"y":-65.624
},{
"h":0.75,"i":0,"k":8,"n":24,"w":0.75,"x":4.042,"y":-65.624
},{
"h":0.75,"i":0,"k":9,"n":28,"w":0.75,"x":4.042,"y":-65.624
},{
"h":0.75,"i":0,"k":8,"n":32,"w":0.75,"x":4.042,"y":-65.624
},{
"h":0.75,"i":0,"k":9,"n":36,"w":0.75,"x":4.042,"y":-65.624
},{
"h":0.75,"i":0,"k":7,"n":40,"w":0.75,"x":4.042,"y":-65.624
},{
"h":0.75,"i":0,"k":48,"n":44,"w":0.75,"x":4.042,"y":-65.624
}
]
}
],"n":"ani_npc_mal_2_idle","r":30
},{
"f":95,"l":[
{
"f":[
{
"h":0.75,"i":0,"k":13,"n":0,"w":0.75,"x":4.042,"y":-65.624
},{
"h":0.75,"i":0,"k":12,"n":6,"w":0.75,"x":4.042,"y":-65.624
},{
"h":0.75,"i":0,"k":14,"n":12,"w":0.75,"x":4.042,"y":-65.624
},{
"h":0.75,"i":0,"k":16,"n":18,"w":0.75,"x":4.042,"y":-65.624
},{
"h":0.75,"i":0,"k":13,"n":24,"w":0.75,"x":4.042,"y":-65.624
},{
"h":0.75,"i":0,"k":12,"n":30,"w":0.75,"x":4.042,"y":-65.624
},{
"h":0.75,"i":0,"k":14,"n":36,"w":0.75,"x":4.042,"y":-65.624
},{
"h":0.75,"i":0,"k":16,"n":42,"w":0.75,"x":4.042,"y":-65.624
},{
"h":0.75,"i":0,"k":13,"n":48,"w":0.75,"x":4.042,"y":-65.624
},{
"h":0.75,"i":0,"k":12,"n":54,"w":0.75,"x":4.042,"y":-65.624
},{
"h":0.75,"i":0,"k":14,"n":60,"w":0.75,"x":4.042,"y":-65.624
},{
"h":0.75,"i":0,"k":16,"n":66,"w":0.75,"x":4.042,"y":-65.624
},{
"h":0.75,"i":0,"k":13,"n":71,"w":0.75,"x":4.042,"y":-65.624
},{
"h":0.75,"i":0,"k":12,"n":77,"w":0.75,"x":4.042,"y":-65.624
},{
"h":0.75,"i":0,"k":14,"n":83,"w":0.75,"x":4.042,"y":-65.624
},{
"h":0.75,"i":0,"k":15,"n":89,"w":0.75,"x":4.042,"y":-65.624
}
]
},{
"f":[
{
"h":0.75,"i":0,"k":41,"n":0,"w":0.75,"x":4.042,"y":-65.624
},{
"h":0.75,"i":0,"k":40,"n":6,"w":0.75,"x":4.042,"y":-65.624
},{
"h":0.75,"i":0,"k":39,"n":12,"w":0.75,"x":4.042,"y":-65.624
},{
"h":0.75,"i":0,"k":38,"n":18,"w":0.75,"x":4.042,"y":-65.624
},{
"h":0.75,"i":0,"k":41,"n":24,"w":0.75,"x":4.042,"y":-65.624
},{
"h":0.75,"i":0,"k":40,"n":30,"w":0.75,"x":4.042,"y":-65.624
},{
"h":0.75,"i":0,"k":39,"n":36,"w":0.75,"x":4.042,"y":-65.624
},{
"h":0.75,"i":0,"k":38,"n":42,"w":0.75,"x":4.042,"y":-65.624
},{
"h":0.75,"i":0,"k":41,"n":48,"w":0.75,"x":4.042,"y":-65.624
},{
"h":0.75,"i":0,"k":40,"n":54,"w":0.75,"x":4.042,"y":-65.624
},{
"h":0.75,"i":0,"k":39,"n":60,"w":0.75,"x":4.042,"y":-65.624
},{
"h":0.75,"i":0,"k":38,"n":66,"w":0.75,"x":4.042,"y":-65.624
},{
"h":0.75,"i":0,"k":41,"n":71,"w":0.75,"x":4.042,"y":-65.624
},{
"h":0.75,"i":0,"k":40,"n":77,"w":0.75,"x":4.042,"y":-65.624
},{
"h":0.75,"i":0,"k":39,"n":83,"w":0.75,"x":4.042,"y":-65.624
},{
"h":0.75,"i":0,"k":37,"n":89,"w":0.75,"x":4.042,"y":-65.624
}
]
}
],"n":"ani_npc_mal_1_stand","r":30
},{
"f":48,"l":[
{
"f":[
{
"h":0.75,"i":0,"k":4,"n":0,"w":0.75,"x":4.042,"y":-65.624
},{
"h":0.75,"i":0,"k":2,"n":4,"w":0.75,"x":4.042,"y":-65.624
},{
"h":0.75,"i":0,"k":0,"n":8,"w":0.75,"x":4.042,"y":-65.624
},{
"h":0.75,"i":0,"k":1,"n":12,"w":0.75,"x":4.042,"y":-65.624
},{
"h":0.75,"i":0,"k":0,"n":16,"w":0.75,"x":4.042,"y":-65.624
},{
"h":0.75,"i":0,"k":1,"n":20,"w":0.75,"x":4.042,"y":-65.624
},{
"h":0.75,"i":0,"k":0,"n":24,"w":0.75,"x":4.042,"y":-65.624
},{
"h":0.75,"i":0,"k":1,"n":28,"w":0.75,"x":4.042,"y":-65.624
},{
"h":0.75,"i":0,"k":0,"n":32,"w":0.75,"x":4.042,"y":-65.624
},{
"h":0.75,"i":0,"k":1,"n":36,"w":0.75,"x":4.042,"y":-65.624
},{
"h":0.75,"i":0,"k":2,"n":40,"w":0.75,"x":4.042,"y":-65.624
},{
"h":0.75,"i":0,"k":4,"n":44,"w":0.75,"x":4.042,"y":-65.624
}
]
},{
"f":[
{
"h":0.75,"i":0,"k":49,"n":0,"w":0.75,"x":4.042,"y":-65.624
},{
"h":0.75,"i":0,"k":53,"n":4,"w":0.75,"x":4.042,"y":-65.624
},{
"h":0.75,"i":0,"k":52,"n":8,"w":0.75,"x":4.042,"y":-65.624
},{
"h":0.75,"i":0,"k":51,"n":12,"w":0.75,"x":4.042,"y":-65.624
},{
"h":0.75,"i":0,"k":52,"n":16,"w":0.75,"x":4.042,"y":-65.624
},{
"h":0.75,"i":0,"k":51,"n":20,"w":0.75,"x":4.042,"y":-65.624
},{
"h":0.75,"i":0,"k":52,"n":24,"w":0.75,"x":4.042,"y":-65.624
},{
"h":0.75,"i":0,"k":51,"n":28,"w":0.75,"x":4.042,"y":-65.624
},{
"h":0.75,"i":0,"k":52,"n":32,"w":0.75,"x":4.042,"y":-65.624
},{
"h":0.75,"i":0,"k":51,"n":36,"w":0.75,"x":4.042,"y":-65.624
},{
"h":0.75,"i":0,"k":53,"n":40,"w":0.75,"x":4.042,"y":-65.624
},{
"h":0.75,"i":0,"k":49,"n":44,"w":0.75,"x":4.042,"y":-65.624
}
]
}
],"n":"ani_npc_mal_1_idle","r":30
}
],"atlas":[
[
{
"h":156,"n":"","p":38,"q":62,"w":68,"x":1,"y":1
},{
"h":156,"n":"","p":38,"q":62,"w":67,"x":70,"y":1
},{
"h":156,"n":"","p":38,"q":62,"w":67,"x":138,"y":1
},{
"h":155,"n":"","p":38,"q":61,"w":67,"x":206,"y":1
},{
"h":155,"n":"","p":35,"q":61,"w":63,"x":274,"y":1
},{
"h":150,"n":"","p":35,"q":56,"w":65,"x":338,"y":1
},{
"h":153,"n":"","p":35,"q":59,"w":61,"x":404,"y":1
},{
"h":175,"n":"","p":32,"q":97,"w":50,"x":1,"y":158
},{
"h":172,"n":"","p":32,"q":97,"w":48,"x":52,"y":158
},{
"h":166,"n":"","p":32,"q":97,"w":47,"x":101,"y":158
},{
"h":109,"n":"","p":38,"q":15,"w":67,"x":149,"y":158
},{
"h":107,"n":"","p":38,"q":13,"w":68,"x":217,"y":158
},{
"h":101,"n":"","p":35,"q":7,"w":69,"x":286,"y":158
},{
"h":101,"n":"","p":35,"q":7,"w":68,"x":356,"y":158
},{
"h":100,"n":"","p":35,"q":6,"w":68,"x":425,"y":158
},{
"h":98,"n":"","p":35,"q":4,"w":66,"x":1,"y":334
},{
"h":98,"n":"","p":35,"q":4,"w":66,"x":68,"y":334
},{
"h":91,"n":"","p":35,"q":-3,"w":70,"x":135,"y":334
},{
"h":91,"n":"","p":35,"q":-3,"w":70,"x":206,"y":334
},{
"h":92,"n":"","p":35,"q":-2,"w":69,"x":277,"y":334
},{
"h":91,"n":"","p":35,"q":-3,"w":68,"x":347,"y":334
},{
"h":91,"n":"","p":35,"q":-3,"w":68,"x":416,"y":334
},{
"h":94,"n":"","p":35,"q":0,"w":64,"x":1,"y":433
},{
"h":94,"n":"","p":35,"q":0,"w":64,"x":66,"y":433
},{
"h":94,"n":"","p":35,"q":0,"w":64,"x":131,"y":433
},{
"h":93,"n":"","p":35,"q":-1,"w":64,"x":196,"y":433
},{
"h":93,"n":"","p":35,"q":-1,"w":64,"x":261,"y":433
},{
"h":99,"n":"","p":26,"q":95,"w":59,"x":1,"y":528
},{
"h":98,"n":"","p":26,"q":94,"w":59,"x":1,"y":628
},{
"h":98,"n":"","p":26,"q":95,"w":58,"x":1,"y":727
},{
"h":98,"n":"","p":25,"q":94,"w":56,"x":1,"y":826
},{
"h":98,"n":"","p":25,"q":94,"w":56,"x":1,"y":925
},{
"h":97,"n":"","p":24,"q":95,"w":55,"x":61,"y":528
},{
"h":97,"n":"","p":24,"q":95,"w":55,"x":117,"y":528
},{
"h":97,"n":"","p":24,"q":96,"w":55,"x":173,"y":528
},{
"h":96,"n":"","p":24,"q":95,"w":55,"x":229,"y":528
},{
"h":96,"n":"","p":24,"q":95,"w":55,"x":285,"y":528
},{
"h":91,"n":"","p":24,"q":94,"w":55,"x":326,"y":433
},{
"h":91,"n":"","p":24,"q":94,"w":55,"x":382,"y":433
},{
"h":89,"n":"","p":24,"q":94,"w":55,"x":438,"y":433
},{
"h":89,"n":"","p":24,"q":95,"w":55,"x":341,"y":528
},{
"h":89,"n":"","p":24,"q":95,"w":55,"x":397,"y":528
},{
"h":85,"n":"","p":36,"q":97,"w":52,"x":453,"y":528
},{
"h":83,"n":"","p":36,"q":97,"w":51,"x":61,"y":626
},{
"h":26,"n":"","p":35,"q":-68,"w":64,"x":149,"y":268
},{
"h":42,"n":"","p":32,"q":97,"w":39,"x":466,"y":1
},{
"h":37,"n":"","p":36,"q":97,"w":37,"x":466,"y":44
},{
"h":20,"n":"","p":35,"q":-74,"w":65,"x":149,"y":295
},{
"h":39,"n":"","p":28,"q":97,"w":33,"x":466,"y":82
},{
"h":37,"n":"","p":29,"q":97,"w":31,"x":217,"y":266
},{
"h":17,"n":"","p":35,"q":-77,"w":64,"x":149,"y":316
},{
"h":36,"n":"","p":32,"q":97,"w":30,"x":249,"y":266
},{
"h":36,"n":"","p":32,"q":97,"w":30,"x":286,"y":260
},{
"h":36,"n":"","p":32,"q":97,"w":30,"x":286,"y":297
}
]
],"meta":{
"atlas":[
"ani_mal_npc_image_0.png"
]
}
}
