{
"animations":[
{
"f":95,"l":[
{
"f":[
{
"h":0.75,"i":0,"k":17,"n":0,"w":0.75,"x":4.042,"y":-65.624
},{
"h":0.75,"i":0,"k":15,"n":6,"w":0.75,"x":4.042,"y":-65.624
},{
"h":0.75,"i":0,"k":16,"n":12,"w":0.75,"x":4.042,"y":-65.624
},{
"h":0.75,"i":0,"k":20,"n":18,"w":0.75,"x":4.042,"y":-65.624
},{
"h":0.75,"i":0,"k":17,"n":24,"w":0.75,"x":4.042,"y":-65.624
},{
"h":0.75,"i":0,"k":15,"n":30,"w":0.75,"x":4.042,"y":-65.624
},{
"h":0.75,"i":0,"k":16,"n":36,"w":0.75,"x":4.042,"y":-65.624
},{
"h":0.75,"i":0,"k":20,"n":42,"w":0.75,"x":4.042,"y":-65.624
},{
"h":0.75,"i":0,"k":17,"n":48,"w":0.75,"x":4.042,"y":-65.624
},{
"h":0.75,"i":0,"k":15,"n":54,"w":0.75,"x":4.042,"y":-65.624
},{
"h":0.75,"i":0,"k":16,"n":60,"w":0.75,"x":4.042,"y":-65.624
},{
"h":0.75,"i":0,"k":20,"n":66,"w":0.75,"x":4.042,"y":-65.624
},{
"h":0.75,"i":0,"k":17,"n":71,"w":0.75,"x":4.042,"y":-65.624
},{
"h":0.75,"i":0,"k":15,"n":77,"w":0.75,"x":4.042,"y":-65.624
},{
"h":0.75,"i":0,"k":16,"n":83,"w":0.75,"x":4.042,"y":-65.624
},{
"h":0.75,"i":0,"k":19,"n":89,"w":0.75,"x":4.042,"y":-65.624
}
]
},{
"f":[
{
"h":0.75,"i":0,"k":40,"n":0,"w":0.75,"x":4.042,"y":-65.624
},{
"h":0.75,"i":0,"k":39,"n":6,"w":0.75,"x":4.042,"y":-65.624
},{
"h":0.75,"i":0,"k":38,"n":12,"w":0.75,"x":4.042,"y":-65.624
},{
"h":0.75,"i":0,"k":34,"n":18,"w":0.75,"x":4.042,"y":-65.624
},{
"h":0.75,"i":0,"k":40,"n":24,"w":0.75,"x":4.042,"y":-65.624
},{
"h":0.75,"i":0,"k":39,"n":30,"w":0.75,"x":4.042,"y":-65.624
},{
"h":0.75,"i":0,"k":38,"n":36,"w":0.75,"x":4.042,"y":-65.624
},{
"h":0.75,"i":0,"k":34,"n":42,"w":0.75,"x":4.042,"y":-65.624
},{
"h":0.75,"i":0,"k":40,"n":48,"w":0.75,"x":4.042,"y":-65.624
},{
"h":0.75,"i":0,"k":39,"n":54,"w":0.75,"x":4.042,"y":-65.624
},{
"h":0.75,"i":0,"k":38,"n":60,"w":0.75,"x":4.042,"y":-65.624
},{
"h":0.75,"i":0,"k":34,"n":66,"w":0.75,"x":4.042,"y":-65.624
},{
"h":0.75,"i":0,"k":40,"n":71,"w":0.75,"x":4.042,"y":-65.624
},{
"h":0.75,"i":0,"k":39,"n":77,"w":0.75,"x":4.042,"y":-65.624
},{
"h":0.75,"i":0,"k":38,"n":83,"w":0.75,"x":4.042,"y":-65.624
},{
"h":0.75,"i":0,"k":33,"n":89,"w":0.75,"x":4.042,"y":-65.624
}
]
}
],"n":"ani_npc_uma_3_stand","r":30
},{
"f":48,"l":[
{
"f":[
{
"h":0.75,"i":0,"k":18,"n":0,"w":0.75,"x":4.042,"y":-65.624
},{
"h":0.75,"i":0,"k":2,"n":4,"w":0.75,"x":4.042,"y":-65.624
},{
"h":0.75,"i":0,"k":8,"n":8,"w":0.75,"x":4.042,"y":-65.624
},{
"h":0.75,"i":0,"k":11,"n":12,"w":0.75,"x":4.042,"y":-65.624
},{
"h":0.75,"i":0,"k":8,"n":16,"w":0.75,"x":4.042,"y":-65.624
},{
"h":0.75,"i":0,"k":11,"n":20,"w":0.75,"x":4.042,"y":-65.624
},{
"h":0.75,"i":0,"k":8,"n":24,"w":0.75,"x":4.042,"y":-65.624
},{
"h":0.75,"i":0,"k":11,"n":28,"w":0.75,"x":4.042,"y":-65.624
},{
"h":0.75,"i":0,"k":8,"n":32,"w":0.75,"x":4.042,"y":-65.624
},{
"h":0.75,"i":0,"k":11,"n":36,"w":0.75,"x":4.042,"y":-65.624
},{
"h":0.75,"i":0,"k":2,"n":40,"w":0.75,"x":4.042,"y":-65.624
},{
"h":0.75,"i":0,"k":18,"n":44,"w":0.75,"x":4.042,"y":-65.624
}
]
},{
"f":[
{
"h":0.75,"i":0,"k":35,"n":0,"w":0.75,"x":4.042,"y":-65.624
},{
"h":0.75,"i":0,"k":44,"n":4,"w":0.75,"x":4.042,"y":-65.624
},{
"h":0.75,"i":0,"k":52,"n":8,"w":0.75,"x":4.042,"y":-65.624
},{
"h":0.75,"i":0,"k":53,"n":12,"w":0.75,"x":4.042,"y":-65.624
},{
"h":0.75,"i":0,"k":52,"n":16,"w":0.75,"x":4.042,"y":-65.624
},{
"h":0.75,"i":0,"k":53,"n":20,"w":0.75,"x":4.042,"y":-65.624
},{
"h":0.75,"i":0,"k":52,"n":24,"w":0.75,"x":4.042,"y":-65.624
},{
"h":0.75,"i":0,"k":53,"n":28,"w":0.75,"x":4.042,"y":-65.624
},{
"h":0.75,"i":0,"k":52,"n":32,"w":0.75,"x":4.042,"y":-65.624
},{
"h":0.75,"i":0,"k":53,"n":36,"w":0.75,"x":4.042,"y":-65.624
},{
"h":0.75,"i":0,"k":44,"n":40,"w":0.75,"x":4.042,"y":-65.624
},{
"h":0.75,"i":0,"k":35,"n":44,"w":0.75,"x":4.042,"y":-65.624
}
]
}
],"n":"ani_npc_uma_3_idle","r":30
},{
"f":95,"l":[
{
"f":[
{
"h":0.75,"i":0,"k":7,"n":0,"w":0.75,"x":4.042,"y":-65.624
},{
"h":0.75,"i":0,"k":12,"n":6,"w":0.75,"x":4.042,"y":-65.624
},{
"h":0.75,"i":0,"k":13,"n":12,"w":0.75,"x":4.042,"y":-65.624
},{
"h":0.75,"i":0,"k":10,"n":18,"w":0.75,"x":4.042,"y":-65.624
},{
"h":0.75,"i":0,"k":7,"n":24,"w":0.75,"x":4.042,"y":-65.624
},{
"h":0.75,"i":0,"k":12,"n":30,"w":0.75,"x":4.042,"y":-65.624
},{
"h":0.75,"i":0,"k":13,"n":36,"w":0.75,"x":4.042,"y":-65.624
},{
"h":0.75,"i":0,"k":10,"n":42,"w":0.75,"x":4.042,"y":-65.624
},{
"h":0.75,"i":0,"k":7,"n":48,"w":0.75,"x":4.042,"y":-65.624
},{
"h":0.75,"i":0,"k":12,"n":54,"w":0.75,"x":4.042,"y":-65.624
},{
"h":0.75,"i":0,"k":13,"n":60,"w":0.75,"x":4.042,"y":-65.624
},{
"h":0.75,"i":0,"k":10,"n":66,"w":0.75,"x":4.042,"y":-65.624
},{
"h":0.75,"i":0,"k":7,"n":71,"w":0.75,"x":4.042,"y":-65.624
},{
"h":0.75,"i":0,"k":12,"n":77,"w":0.75,"x":4.042,"y":-65.624
},{
"h":0.75,"i":0,"k":13,"n":83,"w":0.75,"x":4.042,"y":-65.624
},{
"h":0.75,"i":0,"k":9,"n":89,"w":0.75,"x":4.042,"y":-65.624
}
]
},{
"f":[
{
"h":0.75,"i":0,"k":47,"n":0,"w":0.75,"x":4.042,"y":-65.624
},{
"h":0.75,"i":0,"k":43,"n":6,"w":0.75,"x":4.042,"y":-65.624
},{
"h":0.75,"i":0,"k":42,"n":12,"w":0.75,"x":4.042,"y":-65.624
},{
"h":0.75,"i":0,"k":46,"n":18,"w":0.75,"x":4.042,"y":-65.624
},{
"h":0.75,"i":0,"k":47,"n":24,"w":0.75,"x":4.042,"y":-65.624
},{
"h":0.75,"i":0,"k":43,"n":30,"w":0.75,"x":4.042,"y":-65.624
},{
"h":0.75,"i":0,"k":42,"n":36,"w":0.75,"x":4.042,"y":-65.624
},{
"h":0.75,"i":0,"k":46,"n":42,"w":0.75,"x":4.042,"y":-65.624
},{
"h":0.75,"i":0,"k":47,"n":48,"w":0.75,"x":4.042,"y":-65.624
},{
"h":0.75,"i":0,"k":43,"n":54,"w":0.75,"x":4.042,"y":-65.624
},{
"h":0.75,"i":0,"k":42,"n":60,"w":0.75,"x":4.042,"y":-65.624
},{
"h":0.75,"i":0,"k":46,"n":66,"w":0.75,"x":4.042,"y":-65.624
},{
"h":0.75,"i":0,"k":47,"n":71,"w":0.75,"x":4.042,"y":-65.624
},{
"h":0.75,"i":0,"k":43,"n":77,"w":0.75,"x":4.042,"y":-65.624
},{
"h":0.75,"i":0,"k":42,"n":83,"w":0.75,"x":4.042,"y":-65.624
},{
"h":0.75,"i":0,"k":45,"n":89,"w":0.75,"x":4.042,"y":-65.624
}
]
}
],"n":"ani_npc_uma_2_stand","r":30
},{
"f":48,"l":[
{
"f":[
{
"h":0.75,"i":0,"k":14,"n":0,"w":0.75,"x":4.042,"y":-65.624
},{
"h":0.75,"i":0,"k":1,"n":4,"w":0.75,"x":4.042,"y":-65.624
},{
"h":0.75,"i":0,"k":3,"n":8,"w":0.75,"x":4.042,"y":-65.624
},{
"h":0.75,"i":0,"k":5,"n":12,"w":0.75,"x":4.042,"y":-65.624
},{
"h":0.75,"i":0,"k":3,"n":16,"w":0.75,"x":4.042,"y":-65.624
},{
"h":0.75,"i":0,"k":5,"n":20,"w":0.75,"x":4.042,"y":-65.624
},{
"h":0.75,"i":0,"k":3,"n":24,"w":0.75,"x":4.042,"y":-65.624
},{
"h":0.75,"i":0,"k":5,"n":28,"w":0.75,"x":4.042,"y":-65.624
},{
"h":0.75,"i":0,"k":3,"n":32,"w":0.75,"x":4.042,"y":-65.624
},{
"h":0.75,"i":0,"k":5,"n":36,"w":0.75,"x":4.042,"y":-65.624
},{
"h":0.75,"i":0,"k":1,"n":40,"w":0.75,"x":4.042,"y":-65.624
},{
"h":0.75,"i":0,"k":14,"n":44,"w":0.75,"x":4.042,"y":-65.624
}
]
},{
"f":[
{
"h":0.75,"i":0,"k":41,"n":0,"w":0.75,"x":4.042,"y":-65.624
},{
"h":0.75,"i":0,"k":30,"n":4,"w":0.75,"x":4.042,"y":-65.624
},{
"h":0.75,"i":0,"k":50,"n":8,"w":0.75,"x":4.042,"y":-65.624
},{
"h":0.75,"i":0,"k":48,"n":12,"w":0.75,"x":4.042,"y":-65.624
},{
"h":0.75,"i":0,"k":50,"n":16,"w":0.75,"x":4.042,"y":-65.624
},{
"h":0.75,"i":0,"k":48,"n":20,"w":0.75,"x":4.042,"y":-65.624
},{
"h":0.75,"i":0,"k":50,"n":24,"w":0.75,"x":4.042,"y":-65.624
},{
"h":0.75,"i":0,"k":48,"n":28,"w":0.75,"x":4.042,"y":-65.624
},{
"h":0.75,"i":0,"k":50,"n":32,"w":0.75,"x":4.042,"y":-65.624
},{
"h":0.75,"i":0,"k":48,"n":36,"w":0.75,"x":4.042,"y":-65.624
},{
"h":0.75,"i":0,"k":30,"n":40,"w":0.75,"x":4.042,"y":-65.624
},{
"h":0.75,"i":0,"k":41,"n":44,"w":0.75,"x":4.042,"y":-65.624
}
]
}
],"n":"ani_npc_uma_2_idle","r":30
},{
"f":95,"l":[
{
"f":[
{
"h":0.75,"i":0,"k":23,"n":0,"w":0.75,"x":4.042,"y":-65.624
},{
"h":0.75,"i":0,"k":21,"n":6,"w":0.75,"x":4.042,"y":-65.624
},{
"h":0.75,"i":0,"k":22,"n":12,"w":0.75,"x":4.042,"y":-65.624
},{
"h":0.75,"i":0,"k":26,"n":18,"w":0.75,"x":4.042,"y":-65.624
},{
"h":0.75,"i":0,"k":23,"n":24,"w":0.75,"x":4.042,"y":-65.624
},{
"h":0.75,"i":0,"k":21,"n":30,"w":0.75,"x":4.042,"y":-65.624
},{
"h":0.75,"i":0,"k":22,"n":36,"w":0.75,"x":4.042,"y":-65.624
},{
"h":0.75,"i":0,"k":26,"n":42,"w":0.75,"x":4.042,"y":-65.624
},{
"h":0.75,"i":0,"k":23,"n":48,"w":0.75,"x":4.042,"y":-65.624
},{
"h":0.75,"i":0,"k":21,"n":54,"w":0.75,"x":4.042,"y":-65.624
},{
"h":0.75,"i":0,"k":22,"n":60,"w":0.75,"x":4.042,"y":-65.624
},{
"h":0.75,"i":0,"k":26,"n":66,"w":0.75,"x":4.042,"y":-65.624
},{
"h":0.75,"i":0,"k":23,"n":71,"w":0.75,"x":4.042,"y":-65.624
},{
"h":0.75,"i":0,"k":21,"n":77,"w":0.75,"x":4.042,"y":-65.624
},{
"h":0.75,"i":0,"k":22,"n":83,"w":0.75,"x":4.042,"y":-65.624
},{
"h":0.75,"i":0,"k":25,"n":89,"w":0.75,"x":4.042,"y":-65.624
}
]
},{
"f":[
{
"h":0.75,"i":0,"k":29,"n":0,"w":0.75,"x":4.042,"y":-65.624
},{
"h":0.75,"i":0,"k":37,"n":6,"w":0.75,"x":4.042,"y":-65.624
},{
"h":0.75,"i":0,"k":32,"n":12,"w":0.75,"x":4.042,"y":-65.624
},{
"h":0.75,"i":0,"k":28,"n":18,"w":0.75,"x":4.042,"y":-65.624
},{
"h":0.75,"i":0,"k":29,"n":24,"w":0.75,"x":4.042,"y":-65.624
},{
"h":0.75,"i":0,"k":37,"n":30,"w":0.75,"x":4.042,"y":-65.624
},{
"h":0.75,"i":0,"k":32,"n":36,"w":0.75,"x":4.042,"y":-65.624
},{
"h":0.75,"i":0,"k":28,"n":42,"w":0.75,"x":4.042,"y":-65.624
},{
"h":0.75,"i":0,"k":29,"n":48,"w":0.75,"x":4.042,"y":-65.624
},{
"h":0.75,"i":0,"k":37,"n":54,"w":0.75,"x":4.042,"y":-65.624
},{
"h":0.75,"i":0,"k":32,"n":60,"w":0.75,"x":4.042,"y":-65.624
},{
"h":0.75,"i":0,"k":28,"n":66,"w":0.75,"x":4.042,"y":-65.624
},{
"h":0.75,"i":0,"k":29,"n":71,"w":0.75,"x":4.042,"y":-65.624
},{
"h":0.75,"i":0,"k":37,"n":77,"w":0.75,"x":4.042,"y":-65.624
},{
"h":0.75,"i":0,"k":32,"n":83,"w":0.75,"x":4.042,"y":-65.624
},{
"h":0.75,"i":0,"k":27,"n":89,"w":0.75,"x":4.042,"y":-65.624
}
]
}
],"n":"ani_npc_uma_1_stand","r":30
},{
"f":48,"l":[
{
"f":[
{
"h":0.75,"i":0,"k":24,"n":0,"w":0.75,"x":4.042,"y":-65.624
},{
"h":0.75,"i":0,"k":0,"n":4,"w":0.75,"x":4.042,"y":-65.624
},{
"h":0.75,"i":0,"k":4,"n":8,"w":0.75,"x":4.042,"y":-65.624
},{
"h":0.75,"i":0,"k":6,"n":12,"w":0.75,"x":4.042,"y":-65.624
},{
"h":0.75,"i":0,"k":4,"n":16,"w":0.75,"x":4.042,"y":-65.624
},{
"h":0.75,"i":0,"k":6,"n":20,"w":0.75,"x":4.042,"y":-65.624
},{
"h":0.75,"i":0,"k":4,"n":24,"w":0.75,"x":4.042,"y":-65.624
},{
"h":0.75,"i":0,"k":6,"n":28,"w":0.75,"x":4.042,"y":-65.624
},{
"h":0.75,"i":0,"k":4,"n":32,"w":0.75,"x":4.042,"y":-65.624
},{
"h":0.75,"i":0,"k":6,"n":36,"w":0.75,"x":4.042,"y":-65.624
},{
"h":0.75,"i":0,"k":0,"n":40,"w":0.75,"x":4.042,"y":-65.624
},{
"h":0.75,"i":0,"k":24,"n":44,"w":0.75,"x":4.042,"y":-65.624
}
]
},{
"f":[
{
"h":0.75,"i":0,"k":31,"n":0,"w":0.75,"x":4.042,"y":-65.624
},{
"h":0.75,"i":0,"k":36,"n":4,"w":0.75,"x":4.042,"y":-65.624
},{
"h":0.75,"i":0,"k":51,"n":8,"w":0.75,"x":4.042,"y":-65.624
},{
"h":0.75,"i":0,"k":49,"n":12,"w":0.75,"x":4.042,"y":-65.624
},{
"h":0.75,"i":0,"k":51,"n":16,"w":0.75,"x":4.042,"y":-65.624
},{
"h":0.75,"i":0,"k":49,"n":20,"w":0.75,"x":4.042,"y":-65.624
},{
"h":0.75,"i":0,"k":51,"n":24,"w":0.75,"x":4.042,"y":-65.624
},{
"h":0.75,"i":0,"k":49,"n":28,"w":0.75,"x":4.042,"y":-65.624
},{
"h":0.75,"i":0,"k":51,"n":32,"w":0.75,"x":4.042,"y":-65.624
},{
"h":0.75,"i":0,"k":49,"n":36,"w":0.75,"x":4.042,"y":-65.624
},{
"h":0.75,"i":0,"k":36,"n":40,"w":0.75,"x":4.042,"y":-65.624
},{
"h":0.75,"i":0,"k":31,"n":44,"w":0.75,"x":4.042,"y":-65.624
}
]
}
],"n":"ani_npc_uma_1_idle","r":30
}
],"atlas":[
[
{
"h":135,"n":"","p":55,"q":40,"w":85,"x":1,"y":1
},{
"h":132,"n":"","p":52,"q":37,"w":82,"x":87,"y":1
},{
"h":132,"n":"","p":51,"q":37,"w":80,"x":170,"y":1
},{
"h":149,"n":"","p":47,"q":54,"w":69,"x":1,"y":137
},{
"h":149,"n":"","p":47,"q":54,"w":69,"x":71,"y":137
},{
"h":149,"n":"","p":46,"q":54,"w":68,"x":141,"y":137
},{
"h":149,"n":"","p":46,"q":54,"w":68,"x":210,"y":137
},{
"h":125,"n":"","p":36,"q":30,"w":79,"x":251,"y":1
},{
"h":151,"n":"","p":49,"q":56,"w":64,"x":1,"y":287
},{
"h":123,"n":"","p":35,"q":28,"w":78,"x":331,"y":1
},{
"h":123,"n":"","p":35,"q":28,"w":78,"x":410,"y":1
},{
"h":152,"n":"","p":48,"q":57,"w":63,"x":1,"y":439
},{
"h":117,"n":"","p":35,"q":22,"w":78,"x":279,"y":137
},{
"h":116,"n":"","p":35,"q":21,"w":78,"x":358,"y":137
},{
"h":116,"n":"","p":35,"q":21,"w":78,"x":66,"y":287
},{
"h":104,"n":"","p":35,"q":9,"w":78,"x":145,"y":287
},{
"h":103,"n":"","p":35,"q":8,"w":78,"x":224,"y":287
},{
"h":103,"n":"","p":35,"q":8,"w":78,"x":303,"y":287
},{
"h":103,"n":"","p":35,"q":8,"w":78,"x":382,"y":287
},{
"h":101,"n":"","p":35,"q":6,"w":78,"x":65,"y":439
},{
"h":101,"n":"","p":35,"q":6,"w":78,"x":144,"y":439
},{
"h":101,"n":"","p":35,"q":6,"w":78,"x":223,"y":439
},{
"h":97,"n":"","p":35,"q":2,"w":78,"x":302,"y":439
},{
"h":97,"n":"","p":35,"q":2,"w":78,"x":381,"y":439
},{
"h":97,"n":"","p":35,"q":2,"w":78,"x":65,"y":541
},{
"h":94,"n":"","p":35,"q":-1,"w":78,"x":144,"y":541
},{
"h":94,"n":"","p":35,"q":-1,"w":78,"x":223,"y":541
},{
"h":102,"n":"","p":43,"q":100,"w":69,"x":437,"y":137
},{
"h":102,"n":"","p":43,"q":100,"w":69,"x":65,"y":639
},{
"h":100,"n":"","p":43,"q":101,"w":69,"x":65,"y":742
},{
"h":65,"n":"","p":55,"q":101,"w":106,"x":302,"y":541
},{
"h":101,"n":"","p":42,"q":102,"w":68,"x":65,"y":843
},{
"h":99,"n":"","p":43,"q":100,"w":69,"x":135,"y":639
},{
"h":97,"n":"","p":43,"q":102,"w":69,"x":409,"y":541
},{
"h":97,"n":"","p":43,"q":102,"w":69,"x":135,"y":739
},{
"h":98,"n":"","p":42,"q":105,"w":68,"x":135,"y":837
},{
"h":62,"n":"","p":56,"q":101,"w":107,"x":205,"y":639
},{
"h":96,"n":"","p":43,"q":101,"w":69,"x":205,"y":702
},{
"h":95,"n":"","p":43,"q":102,"w":69,"x":205,"y":799
},{
"h":95,"n":"","p":43,"q":103,"w":69,"x":205,"y":895
},{
"h":96,"n":"","p":42,"q":103,"w":68,"x":275,"y":702
},{
"h":82,"n":"","p":42,"q":102,"w":67,"x":135,"y":936
},{
"h":80,"n":"","p":43,"q":100,"w":68,"x":344,"y":702
},{
"h":80,"n":"","p":43,"q":101,"w":68,"x":413,"y":702
},{
"h":67,"n":"","p":56,"q":103,"w":76,"x":275,"y":799
},{
"h":73,"n":"","p":43,"q":100,"w":66,"x":65,"y":945
},{
"h":73,"n":"","p":43,"q":100,"w":66,"x":275,"y":867
},{
"h":72,"n":"","p":43,"q":101,"w":66,"x":275,"y":941
},{
"h":49,"n":"","p":66,"q":102,"w":88,"x":313,"y":639
},{
"h":49,"n":"","p":65,"q":102,"w":87,"x":402,"y":639
},{
"h":48,"n":"","p":66,"q":101,"w":88,"x":352,"y":799
},{
"h":48,"n":"","p":66,"q":101,"w":88,"x":352,"y":848
},{
"h":48,"n":"","p":68,"q":103,"w":70,"x":441,"y":799
},{
"h":47,"n":"","p":68,"q":103,"w":69,"x":224,"y":391
}
]
],"meta":{
"atlas":[
"ani_uma_npc_image_0.png"
]
}
}
