{
"animations":[
{
"f":80,"l":[
{
"f":[
{
"c":0,"g":0,"h":0.78,"i":1,"k":60,"n":0,"t":1,"u":0,"v":0,"w":0.78,"x":1.244,"y":-77.064
},{
"c":0,"g":0,"h":0.78,"i":0,"k":98,"n":5,"t":1,"u":0,"v":0,"w":0.78,"x":1.244,"y":-77.064
},{
"c":0,"g":0,"h":0.78,"i":0,"k":97,"n":10,"t":1,"u":0,"v":0,"w":0.78,"x":1.244,"y":-77.064
},{
"c":0,"g":0,"h":0.78,"i":0,"k":98,"n":15,"t":1,"u":0,"v":0,"w":0.78,"x":1.244,"y":-77.064
},{
"c":0,"g":0,"h":0.78,"i":1,"k":60,"n":20,"t":1,"u":0,"v":0,"w":0.78,"x":1.244,"y":-77.064
},{
"c":0,"g":0,"h":0.78,"i":0,"k":98,"n":25,"t":1,"u":0,"v":0,"w":0.78,"x":1.244,"y":-77.064
},{
"c":0,"g":0,"h":0.78,"i":0,"k":97,"n":30,"t":1,"u":0,"v":0,"w":0.78,"x":1.244,"y":-77.064
},{
"c":0,"g":0,"h":0.78,"i":0,"k":98,"n":35,"t":1,"u":0,"v":0,"w":0.78,"x":1.244,"y":-77.064
},{
"c":0,"g":0,"h":0.78,"i":1,"k":60,"n":40,"t":1,"u":0,"v":0,"w":0.78,"x":1.244,"y":-77.064
},{
"c":0,"g":0,"h":0.78,"i":0,"k":98,"n":45,"t":1,"u":0,"v":0,"w":0.78,"x":1.244,"y":-77.064
},{
"c":0,"g":0,"h":0.78,"i":0,"k":97,"n":50,"t":1,"u":0,"v":0,"w":0.78,"x":1.244,"y":-77.064
},{
"c":0,"g":0,"h":0.78,"i":0,"k":98,"n":55,"t":1,"u":0,"v":0,"w":0.78,"x":1.244,"y":-77.064
},{
"c":0,"g":0,"h":0.78,"i":1,"k":60,"n":60,"t":1,"u":0,"v":0,"w":0.78,"x":1.244,"y":-77.064
},{
"c":0,"g":0,"h":0.78,"i":0,"k":98,"n":65,"t":1,"u":0,"v":0,"w":0.78,"x":1.244,"y":-77.064
},{
"c":0,"g":0,"h":0.78,"i":0,"k":97,"n":70,"t":1,"u":0,"v":0,"w":0.78,"x":1.244,"y":-77.064
},{
"c":0,"g":0,"h":0.78,"i":0,"k":96,"n":75,"t":1,"u":0,"v":0,"w":0.78,"x":1.244,"y":-77.064
}
]
},{
"f":[
{
"c":0,"g":0,"h":0.78,"i":0,"k":28,"n":0,"t":1,"u":0,"v":0,"w":0.78,"x":1.244,"y":-77.064
},{
"c":0,"g":0,"h":0.78,"i":0,"k":27,"n":5,"t":1,"u":0,"v":0,"w":0.78,"x":1.244,"y":-77.064
},{
"c":0,"g":0,"h":0.78,"i":0,"k":24,"n":10,"t":1,"u":0,"v":0,"w":0.78,"x":1.244,"y":-77.064
},{
"c":0,"g":0,"h":0.78,"i":0,"k":27,"n":15,"t":1,"u":0,"v":0,"w":0.78,"x":1.244,"y":-77.064
},{
"c":0,"g":0,"h":0.78,"i":0,"k":28,"n":20,"t":1,"u":0,"v":0,"w":0.78,"x":1.244,"y":-77.064
},{
"c":0,"g":0,"h":0.78,"i":0,"k":27,"n":25,"t":1,"u":0,"v":0,"w":0.78,"x":1.244,"y":-77.064
},{
"c":0,"g":0,"h":0.78,"i":0,"k":24,"n":30,"t":1,"u":0,"v":0,"w":0.78,"x":1.244,"y":-77.064
},{
"c":0,"g":0,"h":0.78,"i":0,"k":27,"n":35,"t":1,"u":0,"v":0,"w":0.78,"x":1.244,"y":-77.064
},{
"c":0,"g":0,"h":0.78,"i":0,"k":28,"n":40,"t":1,"u":0,"v":0,"w":0.78,"x":1.244,"y":-77.064
},{
"c":0,"g":0,"h":0.78,"i":0,"k":27,"n":45,"t":1,"u":0,"v":0,"w":0.78,"x":1.244,"y":-77.064
},{
"c":0,"g":0,"h":0.78,"i":0,"k":24,"n":50,"t":1,"u":0,"v":0,"w":0.78,"x":1.244,"y":-77.064
},{
"c":0,"g":0,"h":0.78,"i":0,"k":27,"n":55,"t":1,"u":0,"v":0,"w":0.78,"x":1.244,"y":-77.064
},{
"c":0,"g":0,"h":0.78,"i":0,"k":28,"n":60,"t":1,"u":0,"v":0,"w":0.78,"x":1.244,"y":-77.064
},{
"c":0,"g":0,"h":0.78,"i":0,"k":27,"n":65,"t":1,"u":0,"v":0,"w":0.78,"x":1.244,"y":-77.064
},{
"c":0,"g":0,"h":0.78,"i":0,"k":24,"n":70,"t":1,"u":0,"v":0,"w":0.78,"x":1.244,"y":-77.064
},{
"c":0,"g":0,"h":0.78,"i":0,"k":26,"n":75,"t":1,"u":0,"v":0,"w":0.78,"x":1.244,"y":-77.064
}
]
},{
"f":[
{
"c":0,"g":0,"h":1.193,"i":0,"k":86,"n":0,"t":1,"u":4.938,"v":72.665,"w":0.864,"x":-0.632,"y":-82.253
}
]
}
],"n":"ani_npc_jay_2_stand","r":30
},{
"f":32,"l":[
{
"f":[
{
"c":0,"g":0,"h":1.193,"i":0,"k":86,"n":0,"t":1,"u":4.938,"v":72.665,"w":0.864,"x":-0.632,"y":-82.253
}
]
},{
"f":[
{
"c":0,"g":0,"h":0.78,"i":1,"k":61,"n":0,"t":1,"u":0,"v":0,"w":0.78,"x":1.244,"y":-77.064
},{
"c":0,"g":0,"h":0.78,"i":1,"k":8,"n":4,"t":1,"u":0,"v":0,"w":0.78,"x":1.244,"y":-77.064
},{
"c":0,"g":0,"h":0.78,"i":0,"k":78,"n":8,"t":1,"u":0,"v":0,"w":0.78,"x":1.244,"y":-77.064
},{
"c":0,"g":0,"h":0.78,"i":0,"k":87,"n":12,"t":1,"u":0,"v":0,"w":0.78,"x":1.244,"y":-77.064
},{
"c":0,"g":0,"h":0.78,"i":0,"k":78,"n":24,"t":1,"u":0,"v":0,"w":0.78,"x":1.244,"y":-77.064
},{
"c":0,"g":0,"h":0.78,"i":1,"k":8,"n":28,"t":1,"u":0,"v":0,"w":0.78,"x":1.244,"y":-77.064
}
]
},{
"f":[
{
"c":0,"g":0,"h":0.78,"i":0,"k":22,"n":0,"t":1,"u":0,"v":0,"w":0.78,"x":1.244,"y":-77.064
},{
"c":0,"g":0,"h":0.78,"i":1,"k":11,"n":4,"t":1,"u":0,"v":0,"w":0.78,"x":1.244,"y":-77.064
},{
"c":0,"g":0,"h":0.78,"i":1,"k":27,"n":8,"t":1,"u":0,"v":0,"w":0.78,"x":1.244,"y":-77.064
},{
"c":0,"g":0,"h":0.78,"i":0,"k":38,"n":12,"t":1,"u":0,"v":0,"w":0.78,"x":1.244,"y":-77.064
},{
"c":0,"g":0,"h":0.78,"i":1,"k":27,"n":24,"t":1,"u":0,"v":0,"w":0.78,"x":1.244,"y":-77.064
},{
"c":0,"g":0,"h":0.78,"i":1,"k":11,"n":28,"t":1,"u":0,"v":0,"w":0.78,"x":1.244,"y":-77.064
}
]
}
],"n":"ani_npc_jay_2_idle","r":30
},{
"f":80,"l":[
{
"f":[
{
"c":0,"g":0,"h":1.193,"i":0,"k":86,"n":0,"t":1,"u":4.938,"v":72.665,"w":0.864,"x":-0.632,"y":-82.253
}
]
},{
"f":[
{
"c":0,"g":0,"h":0.78,"i":1,"k":69,"n":0,"t":1,"u":0,"v":0,"w":0.78,"x":1.244,"y":-77.064
},{
"c":0,"g":0,"h":0.78,"i":1,"k":68,"n":5,"t":1,"u":0,"v":0,"w":0.78,"x":1.244,"y":-77.064
},{
"c":0,"g":0,"h":0.78,"i":1,"k":15,"n":10,"t":1,"u":0,"v":0,"w":0.78,"x":1.244,"y":-77.064
},{
"c":0,"g":0,"h":0.78,"i":1,"k":68,"n":15,"t":1,"u":0,"v":0,"w":0.78,"x":1.244,"y":-77.064
},{
"c":0,"g":0,"h":0.78,"i":1,"k":69,"n":20,"t":1,"u":0,"v":0,"w":0.78,"x":1.244,"y":-77.064
},{
"c":0,"g":0,"h":0.78,"i":1,"k":68,"n":25,"t":1,"u":0,"v":0,"w":0.78,"x":1.244,"y":-77.064
},{
"c":0,"g":0,"h":0.78,"i":1,"k":15,"n":30,"t":1,"u":0,"v":0,"w":0.78,"x":1.244,"y":-77.064
},{
"c":0,"g":0,"h":0.78,"i":1,"k":68,"n":35,"t":1,"u":0,"v":0,"w":0.78,"x":1.244,"y":-77.064
},{
"c":0,"g":0,"h":0.78,"i":1,"k":69,"n":40,"t":1,"u":0,"v":0,"w":0.78,"x":1.244,"y":-77.064
},{
"c":0,"g":0,"h":0.78,"i":1,"k":68,"n":45,"t":1,"u":0,"v":0,"w":0.78,"x":1.244,"y":-77.064
},{
"c":0,"g":0,"h":0.78,"i":1,"k":15,"n":50,"t":1,"u":0,"v":0,"w":0.78,"x":1.244,"y":-77.064
},{
"c":0,"g":0,"h":0.78,"i":1,"k":68,"n":55,"t":1,"u":0,"v":0,"w":0.78,"x":1.244,"y":-77.064
},{
"c":0,"g":0,"h":0.78,"i":1,"k":69,"n":60,"t":1,"u":0,"v":0,"w":0.78,"x":1.244,"y":-77.064
},{
"c":0,"g":0,"h":0.78,"i":1,"k":68,"n":65,"t":1,"u":0,"v":0,"w":0.78,"x":1.244,"y":-77.064
},{
"c":0,"g":0,"h":0.78,"i":1,"k":15,"n":70,"t":1,"u":0,"v":0,"w":0.78,"x":1.244,"y":-77.064
},{
"c":0,"g":0,"h":0.78,"i":1,"k":67,"n":75,"t":1,"u":0,"v":0,"w":0.78,"x":1.244,"y":-77.064
}
]
},{
"f":[
{
"c":0,"g":0,"h":0.78,"i":0,"k":9,"n":0,"t":1,"u":0,"v":0,"w":0.78,"x":1.244,"y":-77.064
},{
"c":0,"g":0,"h":0.78,"i":0,"k":8,"n":5,"t":1,"u":0,"v":0,"w":0.78,"x":1.244,"y":-77.064
},{
"c":0,"g":0,"h":0.78,"i":1,"k":16,"n":10,"t":1,"u":0,"v":0,"w":0.78,"x":1.244,"y":-77.064
},{
"c":0,"g":0,"h":0.78,"i":0,"k":8,"n":15,"t":1,"u":0,"v":0,"w":0.78,"x":1.244,"y":-77.064
},{
"c":0,"g":0,"h":0.78,"i":0,"k":9,"n":20,"t":1,"u":0,"v":0,"w":0.78,"x":1.244,"y":-77.064
},{
"c":0,"g":0,"h":0.78,"i":0,"k":8,"n":25,"t":1,"u":0,"v":0,"w":0.78,"x":1.244,"y":-77.064
},{
"c":0,"g":0,"h":0.78,"i":1,"k":16,"n":30,"t":1,"u":0,"v":0,"w":0.78,"x":1.244,"y":-77.064
},{
"c":0,"g":0,"h":0.78,"i":0,"k":8,"n":35,"t":1,"u":0,"v":0,"w":0.78,"x":1.244,"y":-77.064
},{
"c":0,"g":0,"h":0.78,"i":0,"k":9,"n":40,"t":1,"u":0,"v":0,"w":0.78,"x":1.244,"y":-77.064
},{
"c":0,"g":0,"h":0.78,"i":0,"k":8,"n":45,"t":1,"u":0,"v":0,"w":0.78,"x":1.244,"y":-77.064
},{
"c":0,"g":0,"h":0.78,"i":1,"k":16,"n":50,"t":1,"u":0,"v":0,"w":0.78,"x":1.244,"y":-77.064
},{
"c":0,"g":0,"h":0.78,"i":0,"k":8,"n":55,"t":1,"u":0,"v":0,"w":0.78,"x":1.244,"y":-77.064
},{
"c":0,"g":0,"h":0.78,"i":0,"k":9,"n":60,"t":1,"u":0,"v":0,"w":0.78,"x":1.244,"y":-77.064
},{
"c":0,"g":0,"h":0.78,"i":0,"k":8,"n":65,"t":1,"u":0,"v":0,"w":0.78,"x":1.244,"y":-77.064
},{
"c":0,"g":0,"h":0.78,"i":1,"k":16,"n":70,"t":1,"u":0,"v":0,"w":0.78,"x":1.244,"y":-77.064
},{
"c":0,"g":0,"h":0.78,"i":0,"k":7,"n":75,"t":1,"u":0,"v":0,"w":0.78,"x":1.244,"y":-77.064
}
]
}
],"n":"ani_npc_jay_1_stand","r":30
},{
"f":32,"l":[
{
"f":[
{
"c":0,"g":0,"h":1.193,"i":0,"k":86,"n":0,"t":1,"u":4.938,"v":72.665,"w":0.864,"x":-0.632,"y":-82.253
}
]
},{
"f":[
{
"c":0,"g":0,"h":0.78,"i":1,"k":19,"n":0,"t":1,"u":0,"v":0,"w":0.78,"x":1.244,"y":-77.064
},{
"c":0,"g":0,"h":0.78,"i":1,"k":0,"n":4,"t":1,"u":0,"v":0,"w":0.78,"x":1.244,"y":-77.064
},{
"c":0,"g":0,"h":0.78,"i":0,"k":65,"n":8,"t":1,"u":0,"v":0,"w":0.78,"x":1.244,"y":-77.064
},{
"c":0,"g":0,"h":0.78,"i":0,"k":92,"n":12,"t":1,"u":0,"v":0,"w":0.78,"x":1.244,"y":-77.064
},{
"c":0,"g":0,"h":0.78,"i":0,"k":65,"n":24,"t":1,"u":0,"v":0,"w":0.78,"x":1.244,"y":-77.064
},{
"c":0,"g":0,"h":0.78,"i":1,"k":0,"n":28,"t":1,"u":0,"v":0,"w":0.78,"x":1.244,"y":-77.064
}
]
},{
"f":[
{
"c":0,"g":0,"h":0.78,"i":1,"k":13,"n":0,"t":1,"u":0,"v":0,"w":0.78,"x":1.244,"y":-77.064
},{
"c":0,"g":0,"h":0.78,"i":1,"k":20,"n":4,"t":1,"u":0,"v":0,"w":0.78,"x":1.244,"y":-77.064
},{
"c":0,"g":0,"h":0.78,"i":1,"k":36,"n":8,"t":1,"u":0,"v":0,"w":0.78,"x":1.244,"y":-77.064
},{
"c":0,"g":0,"h":0.78,"i":0,"k":33,"n":12,"t":1,"u":0,"v":0,"w":0.78,"x":1.244,"y":-77.064
},{
"c":0,"g":0,"h":0.78,"i":1,"k":36,"n":24,"t":1,"u":0,"v":0,"w":0.78,"x":1.244,"y":-77.064
},{
"c":0,"g":0,"h":0.78,"i":1,"k":20,"n":28,"t":1,"u":0,"v":0,"w":0.78,"x":1.244,"y":-77.064
}
]
}
],"n":"ani_npc_jay_1_idle","r":30
},{
"f":80,"l":[
{
"f":[
{
"c":0,"g":0,"h":1.193,"i":0,"k":86,"n":0,"t":1,"u":4.938,"v":72.665,"w":0.864,"x":-0.632,"y":-82.253
}
]
},{
"f":[
{
"c":0,"g":0,"h":0.78,"i":0,"k":21,"n":0,"t":1,"u":0,"v":0,"w":0.78,"x":1.244,"y":-77.064
},{
"c":0,"g":0,"h":0.78,"i":0,"k":17,"n":5,"t":1,"u":0,"v":0,"w":0.78,"x":1.244,"y":-77.064
},{
"c":0,"g":0,"h":0.78,"i":0,"k":11,"n":10,"t":1,"u":0,"v":0,"w":0.78,"x":1.244,"y":-77.064
},{
"c":0,"g":0,"h":0.78,"i":0,"k":17,"n":15,"t":1,"u":0,"v":0,"w":0.78,"x":1.244,"y":-77.064
},{
"c":0,"g":0,"h":0.78,"i":0,"k":21,"n":20,"t":1,"u":0,"v":0,"w":0.78,"x":1.244,"y":-77.064
},{
"c":0,"g":0,"h":0.78,"i":0,"k":17,"n":25,"t":1,"u":0,"v":0,"w":0.78,"x":1.244,"y":-77.064
},{
"c":0,"g":0,"h":0.78,"i":0,"k":11,"n":30,"t":1,"u":0,"v":0,"w":0.78,"x":1.244,"y":-77.064
},{
"c":0,"g":0,"h":0.78,"i":0,"k":17,"n":35,"t":1,"u":0,"v":0,"w":0.78,"x":1.244,"y":-77.064
},{
"c":0,"g":0,"h":0.78,"i":0,"k":21,"n":40,"t":1,"u":0,"v":0,"w":0.78,"x":1.244,"y":-77.064
},{
"c":0,"g":0,"h":0.78,"i":0,"k":17,"n":45,"t":1,"u":0,"v":0,"w":0.78,"x":1.244,"y":-77.064
},{
"c":0,"g":0,"h":0.78,"i":0,"k":11,"n":50,"t":1,"u":0,"v":0,"w":0.78,"x":1.244,"y":-77.064
},{
"c":0,"g":0,"h":0.78,"i":0,"k":17,"n":55,"t":1,"u":0,"v":0,"w":0.78,"x":1.244,"y":-77.064
},{
"c":0,"g":0,"h":0.78,"i":0,"k":21,"n":60,"t":1,"u":0,"v":0,"w":0.78,"x":1.244,"y":-77.064
},{
"c":0,"g":0,"h":0.78,"i":0,"k":17,"n":65,"t":1,"u":0,"v":0,"w":0.78,"x":1.244,"y":-77.064
},{
"c":0,"g":0,"h":0.78,"i":0,"k":11,"n":70,"t":1,"u":0,"v":0,"w":0.78,"x":1.244,"y":-77.064
},{
"c":0,"g":0,"h":0.78,"i":0,"k":16,"n":75,"t":1,"u":0,"v":0,"w":0.78,"x":1.244,"y":-77.064
}
]
},{
"f":[
{
"c":0,"g":0,"h":0.78,"i":1,"k":41,"n":0,"t":1,"u":0,"v":0,"w":0.78,"x":1.244,"y":-77.064
},{
"c":0,"g":0,"h":0.78,"i":1,"k":40,"n":5,"t":1,"u":0,"v":0,"w":0.78,"x":1.244,"y":-77.064
},{
"c":0,"g":0,"h":0.78,"i":1,"k":37,"n":10,"t":1,"u":0,"v":0,"w":0.78,"x":1.244,"y":-77.064
},{
"c":0,"g":0,"h":0.78,"i":1,"k":40,"n":15,"t":1,"u":0,"v":0,"w":0.78,"x":1.244,"y":-77.064
},{
"c":0,"g":0,"h":0.78,"i":1,"k":41,"n":20,"t":1,"u":0,"v":0,"w":0.78,"x":1.244,"y":-77.064
},{
"c":0,"g":0,"h":0.78,"i":1,"k":40,"n":25,"t":1,"u":0,"v":0,"w":0.78,"x":1.244,"y":-77.064
},{
"c":0,"g":0,"h":0.78,"i":1,"k":37,"n":30,"t":1,"u":0,"v":0,"w":0.78,"x":1.244,"y":-77.064
},{
"c":0,"g":0,"h":0.78,"i":1,"k":40,"n":35,"t":1,"u":0,"v":0,"w":0.78,"x":1.244,"y":-77.064
},{
"c":0,"g":0,"h":0.78,"i":1,"k":41,"n":40,"t":1,"u":0,"v":0,"w":0.78,"x":1.244,"y":-77.064
},{
"c":0,"g":0,"h":0.78,"i":1,"k":40,"n":45,"t":1,"u":0,"v":0,"w":0.78,"x":1.244,"y":-77.064
},{
"c":0,"g":0,"h":0.78,"i":1,"k":37,"n":50,"t":1,"u":0,"v":0,"w":0.78,"x":1.244,"y":-77.064
},{
"c":0,"g":0,"h":0.78,"i":1,"k":40,"n":55,"t":1,"u":0,"v":0,"w":0.78,"x":1.244,"y":-77.064
},{
"c":0,"g":0,"h":0.78,"i":1,"k":41,"n":60,"t":1,"u":0,"v":0,"w":0.78,"x":1.244,"y":-77.064
},{
"c":0,"g":0,"h":0.78,"i":1,"k":40,"n":65,"t":1,"u":0,"v":0,"w":0.78,"x":1.244,"y":-77.064
},{
"c":0,"g":0,"h":0.78,"i":1,"k":37,"n":70,"t":1,"u":0,"v":0,"w":0.78,"x":1.244,"y":-77.064
},{
"c":0,"g":0,"h":0.78,"i":1,"k":39,"n":75,"t":1,"u":0,"v":0,"w":0.78,"x":1.244,"y":-77.064
}
]
}
],"n":"ani_npc_harry_1_stand","r":30
},{
"f":34,"l":[
{
"f":[
{
"c":0,"g":0,"h":1.193,"i":0,"k":86,"n":0,"t":1,"u":4.938,"v":72.665,"w":0.864,"x":-0.632,"y":-82.253
}
]
},{
"f":[
{
"c":0,"g":0,"h":0.78,"i":0,"k":6,"n":0,"t":1,"u":0,"v":0,"w":0.78,"x":1.244,"y":-77.064
},{
"c":0,"g":0,"h":0.78,"i":0,"k":95,"n":4,"t":1,"u":0,"v":0,"w":0.78,"x":1.244,"y":-77.064
},{
"c":0,"g":0,"h":0.78,"i":0,"k":94,"n":8,"t":1,"u":0,"v":0,"w":0.78,"x":1.244,"y":-77.064
},{
"c":0,"g":0,"h":0.78,"i":0,"k":93,"n":12,"t":1,"u":0,"v":0,"w":0.78,"x":1.244,"y":-77.064
},{
"c":0,"g":0,"h":0.78,"i":0,"k":94,"n":26,"t":1,"u":0,"v":0,"w":0.78,"x":1.244,"y":-77.064
},{
"c":0,"g":0,"h":0.78,"i":0,"k":95,"n":30,"t":1,"u":0,"v":0,"w":0.78,"x":1.244,"y":-77.064
}
]
},{
"f":[
{
"c":0,"g":0,"h":0.78,"i":1,"k":38,"n":0,"t":1,"u":0,"v":0,"w":0.78,"x":1.244,"y":-77.064
},{
"c":0,"g":0,"h":0.78,"i":0,"k":2,"n":4,"t":1,"u":0,"v":0,"w":0.78,"x":1.244,"y":-77.064
},{
"c":0,"g":0,"h":0.78,"i":0,"k":1,"n":8,"t":1,"u":0,"v":0,"w":0.78,"x":1.244,"y":-77.064
},{
"c":0,"g":0,"h":0.78,"i":0,"k":0,"n":12,"t":1,"u":0,"v":0,"w":0.78,"x":1.244,"y":-77.064
},{
"c":0,"g":0,"h":0.78,"i":0,"k":1,"n":26,"t":1,"u":0,"v":0,"w":0.78,"x":1.244,"y":-77.064
},{
"c":0,"g":0,"h":0.78,"i":0,"k":2,"n":30,"t":1,"u":0,"v":0,"w":0.78,"x":1.244,"y":-77.064
}
]
}
],"n":"ani_npc_harry_1_idle","r":30
},{
"f":80,"l":[
{
"f":[
{
"c":0,"g":0,"h":1.193,"i":0,"k":86,"n":0,"t":1,"u":4.938,"v":72.665,"w":0.864,"x":-0.632,"y":-82.253
}
]
},{
"f":[
{
"c":0,"g":0,"h":0.78,"i":0,"k":56,"n":0,"t":1,"u":0,"v":0,"w":0.78,"x":1.244,"y":-77.064
},{
"c":0,"g":0,"h":0.78,"i":0,"k":54,"n":5,"t":1,"u":0,"v":0,"w":0.78,"x":1.244,"y":-77.064
},{
"c":0,"g":0,"h":0.78,"i":0,"k":51,"n":10,"t":1,"u":0,"v":0,"w":0.78,"x":1.244,"y":-77.064
},{
"c":0,"g":0,"h":0.78,"i":0,"k":54,"n":15,"t":1,"u":0,"v":0,"w":0.78,"x":1.244,"y":-77.064
},{
"c":0,"g":0,"h":0.78,"i":0,"k":56,"n":20,"t":1,"u":0,"v":0,"w":0.78,"x":1.244,"y":-77.064
},{
"c":0,"g":0,"h":0.78,"i":0,"k":54,"n":25,"t":1,"u":0,"v":0,"w":0.78,"x":1.244,"y":-77.064
},{
"c":0,"g":0,"h":0.78,"i":0,"k":51,"n":30,"t":1,"u":0,"v":0,"w":0.78,"x":1.244,"y":-77.064
},{
"c":0,"g":0,"h":0.78,"i":0,"k":54,"n":35,"t":1,"u":0,"v":0,"w":0.78,"x":1.244,"y":-77.064
},{
"c":0,"g":0,"h":0.78,"i":0,"k":56,"n":40,"t":1,"u":0,"v":0,"w":0.78,"x":1.244,"y":-77.064
},{
"c":0,"g":0,"h":0.78,"i":0,"k":54,"n":45,"t":1,"u":0,"v":0,"w":0.78,"x":1.244,"y":-77.064
},{
"c":0,"g":0,"h":0.78,"i":0,"k":51,"n":50,"t":1,"u":0,"v":0,"w":0.78,"x":1.244,"y":-77.064
},{
"c":0,"g":0,"h":0.78,"i":0,"k":54,"n":55,"t":1,"u":0,"v":0,"w":0.78,"x":1.244,"y":-77.064
},{
"c":0,"g":0,"h":0.78,"i":0,"k":56,"n":60,"t":1,"u":0,"v":0,"w":0.78,"x":1.244,"y":-77.064
},{
"c":0,"g":0,"h":0.78,"i":0,"k":54,"n":65,"t":1,"u":0,"v":0,"w":0.78,"x":1.244,"y":-77.064
},{
"c":0,"g":0,"h":0.78,"i":0,"k":51,"n":70,"t":1,"u":0,"v":0,"w":0.78,"x":1.244,"y":-77.064
},{
"c":0,"g":0,"h":0.78,"i":0,"k":53,"n":75,"t":1,"u":0,"v":0,"w":0.78,"x":1.244,"y":-77.064
}
]
},{
"f":[
{
"c":0,"g":0,"h":0.78,"i":1,"k":4,"n":0,"t":1,"u":0,"v":0,"w":0.78,"x":1.244,"y":-77.064
},{
"c":0,"g":0,"h":0.78,"i":1,"k":3,"n":5,"t":1,"u":0,"v":0,"w":0.78,"x":1.244,"y":-77.064
},{
"c":0,"g":0,"h":0.78,"i":1,"k":2,"n":10,"t":1,"u":0,"v":0,"w":0.78,"x":1.244,"y":-77.064
},{
"c":0,"g":0,"h":0.78,"i":1,"k":3,"n":15,"t":1,"u":0,"v":0,"w":0.78,"x":1.244,"y":-77.064
},{
"c":0,"g":0,"h":0.78,"i":1,"k":4,"n":20,"t":1,"u":0,"v":0,"w":0.78,"x":1.244,"y":-77.064
},{
"c":0,"g":0,"h":0.78,"i":1,"k":3,"n":25,"t":1,"u":0,"v":0,"w":0.78,"x":1.244,"y":-77.064
},{
"c":0,"g":0,"h":0.78,"i":1,"k":2,"n":30,"t":1,"u":0,"v":0,"w":0.78,"x":1.244,"y":-77.064
},{
"c":0,"g":0,"h":0.78,"i":1,"k":3,"n":35,"t":1,"u":0,"v":0,"w":0.78,"x":1.244,"y":-77.064
},{
"c":0,"g":0,"h":0.78,"i":1,"k":4,"n":40,"t":1,"u":0,"v":0,"w":0.78,"x":1.244,"y":-77.064
},{
"c":0,"g":0,"h":0.78,"i":1,"k":3,"n":45,"t":1,"u":0,"v":0,"w":0.78,"x":1.244,"y":-77.064
},{
"c":0,"g":0,"h":0.78,"i":1,"k":2,"n":50,"t":1,"u":0,"v":0,"w":0.78,"x":1.244,"y":-77.064
},{
"c":0,"g":0,"h":0.78,"i":1,"k":3,"n":55,"t":1,"u":0,"v":0,"w":0.78,"x":1.244,"y":-77.064
},{
"c":0,"g":0,"h":0.78,"i":1,"k":4,"n":60,"t":1,"u":0,"v":0,"w":0.78,"x":1.244,"y":-77.064
},{
"c":0,"g":0,"h":0.78,"i":1,"k":3,"n":65,"t":1,"u":0,"v":0,"w":0.78,"x":1.244,"y":-77.064
},{
"c":0,"g":0,"h":0.78,"i":1,"k":2,"n":70,"t":1,"u":0,"v":0,"w":0.78,"x":1.244,"y":-77.064
},{
"c":0,"g":0,"h":0.78,"i":1,"k":1,"n":75,"t":1,"u":0,"v":0,"w":0.78,"x":1.244,"y":-77.064
}
]
}
],"n":"ani_npc_gil_1_stand","r":30
},{
"f":40,"l":[
{
"f":[
{
"c":0,"g":0,"h":1.193,"i":0,"k":86,"n":0,"t":1,"u":4.938,"v":72.665,"w":0.864,"x":-0.632,"y":-82.253
}
]
},{
"f":[
{
"c":0,"g":0,"h":0.78,"i":0,"k":47,"n":0,"t":1,"u":0,"v":0,"w":0.78,"x":1.244,"y":-77.064
},{
"c":0,"g":0,"h":0.78,"i":0,"k":30,"n":4,"t":1,"u":0,"v":0,"w":0.78,"x":1.244,"y":-77.064
},{
"c":0,"g":0,"h":0.78,"i":0,"k":12,"n":8,"t":1,"u":0,"v":0,"w":0.78,"x":1.244,"y":-77.064
},{
"c":0,"g":0,"h":0.78,"i":0,"k":15,"n":12,"t":1,"u":0,"v":0,"w":0.78,"x":1.244,"y":-77.064
},{
"c":0,"g":0,"h":0.78,"i":0,"k":20,"n":16,"t":1,"u":0,"v":0,"w":0.78,"x":1.244,"y":-77.064
},{
"c":0,"g":0,"h":0.78,"i":0,"k":15,"n":28,"t":1,"u":0,"v":0,"w":0.78,"x":1.244,"y":-77.064
},{
"c":0,"g":0,"h":0.78,"i":0,"k":12,"n":32,"t":1,"u":0,"v":0,"w":0.78,"x":1.244,"y":-77.064
},{
"c":0,"g":0,"h":0.78,"i":0,"k":30,"n":36,"t":1,"u":0,"v":0,"w":0.78,"x":1.244,"y":-77.064
}
]
},{
"f":[
{
"c":0,"g":0,"h":0.78,"i":1,"k":12,"n":0,"t":1,"u":0,"v":0,"w":0.78,"x":1.244,"y":-77.064
},{
"c":0,"g":0,"h":0.78,"i":1,"k":14,"n":4,"t":1,"u":0,"v":0,"w":0.78,"x":1.244,"y":-77.064
},{
"c":0,"g":0,"h":0.78,"i":1,"k":23,"n":8,"t":1,"u":0,"v":0,"w":0.78,"x":1.244,"y":-77.064
},{
"c":0,"g":0,"h":0.78,"i":1,"k":26,"n":12,"t":1,"u":0,"v":0,"w":0.78,"x":1.244,"y":-77.064
},{
"c":0,"g":0,"h":0.78,"i":1,"k":25,"n":16,"t":1,"u":0,"v":0,"w":0.78,"x":1.244,"y":-77.064
},{
"c":0,"g":0,"h":0.78,"i":1,"k":26,"n":28,"t":1,"u":0,"v":0,"w":0.78,"x":1.244,"y":-77.064
},{
"c":0,"g":0,"h":0.78,"i":1,"k":23,"n":32,"t":1,"u":0,"v":0,"w":0.78,"x":1.244,"y":-77.064
},{
"c":0,"g":0,"h":0.78,"i":1,"k":14,"n":36,"t":1,"u":0,"v":0,"w":0.78,"x":1.244,"y":-77.064
}
]
}
],"n":"ani_npc_gil_1_idle","r":30
},{
"f":80,"l":[
{
"f":[
{
"c":0,"g":0,"h":1.193,"i":0,"k":86,"n":0,"t":1,"u":4.938,"v":72.665,"w":0.864,"x":2.367,"y":-84.253
}
]
},{
"f":[
{
"c":0,"g":0,"h":0.78,"i":1,"k":46,"n":0,"t":1,"u":0,"v":0,"w":0.78,"x":1.244,"y":-77.064
},{
"c":0,"g":0,"h":0.78,"i":1,"k":44,"n":5,"t":1,"u":0,"v":0,"w":0.78,"x":1.244,"y":-77.064
},{
"c":0,"g":0,"h":0.78,"i":0,"k":85,"n":10,"t":1,"u":0,"v":0,"w":0.78,"x":1.244,"y":-77.064
},{
"c":0,"g":0,"h":0.78,"i":1,"k":44,"n":15,"t":1,"u":0,"v":0,"w":0.78,"x":1.244,"y":-77.064
},{
"c":0,"g":0,"h":0.78,"i":1,"k":46,"n":20,"t":1,"u":0,"v":0,"w":0.78,"x":1.244,"y":-77.064
},{
"c":0,"g":0,"h":0.78,"i":1,"k":44,"n":25,"t":1,"u":0,"v":0,"w":0.78,"x":1.244,"y":-77.064
},{
"c":0,"g":0,"h":0.78,"i":0,"k":85,"n":30,"t":1,"u":0,"v":0,"w":0.78,"x":1.244,"y":-77.064
},{
"c":0,"g":0,"h":0.78,"i":1,"k":44,"n":35,"t":1,"u":0,"v":0,"w":0.78,"x":1.244,"y":-77.064
},{
"c":0,"g":0,"h":0.78,"i":1,"k":46,"n":40,"t":1,"u":0,"v":0,"w":0.78,"x":1.244,"y":-77.064
},{
"c":0,"g":0,"h":0.78,"i":1,"k":44,"n":45,"t":1,"u":0,"v":0,"w":0.78,"x":1.244,"y":-77.064
},{
"c":0,"g":0,"h":0.78,"i":0,"k":85,"n":50,"t":1,"u":0,"v":0,"w":0.78,"x":1.244,"y":-77.064
},{
"c":0,"g":0,"h":0.78,"i":1,"k":44,"n":55,"t":1,"u":0,"v":0,"w":0.78,"x":1.244,"y":-77.064
},{
"c":0,"g":0,"h":0.78,"i":1,"k":46,"n":60,"t":1,"u":0,"v":0,"w":0.78,"x":1.244,"y":-77.064
},{
"c":0,"g":0,"h":0.78,"i":1,"k":44,"n":65,"t":1,"u":0,"v":0,"w":0.78,"x":1.244,"y":-77.064
},{
"c":0,"g":0,"h":0.78,"i":0,"k":85,"n":70,"t":1,"u":0,"v":0,"w":0.78,"x":1.244,"y":-77.064
},{
"c":0,"g":0,"h":0.78,"i":1,"k":43,"n":75,"t":1,"u":0,"v":0,"w":0.78,"x":1.244,"y":-77.064
}
]
},{
"f":[
{
"c":0,"g":0,"h":0.78,"i":0,"k":73,"n":0,"t":1,"u":0,"v":0,"w":0.78,"x":1.244,"y":-77.064
},{
"c":0,"g":0,"h":0.78,"i":0,"k":72,"n":5,"t":1,"u":0,"v":0,"w":0.78,"x":1.244,"y":-77.064
},{
"c":0,"g":0,"h":0.78,"i":0,"k":71,"n":10,"t":1,"u":0,"v":0,"w":0.78,"x":1.244,"y":-77.064
},{
"c":0,"g":0,"h":0.78,"i":0,"k":72,"n":15,"t":1,"u":0,"v":0,"w":0.78,"x":1.244,"y":-77.064
},{
"c":0,"g":0,"h":0.78,"i":0,"k":73,"n":20,"t":1,"u":0,"v":0,"w":0.78,"x":1.244,"y":-77.064
},{
"c":0,"g":0,"h":0.78,"i":0,"k":72,"n":25,"t":1,"u":0,"v":0,"w":0.78,"x":1.244,"y":-77.064
},{
"c":0,"g":0,"h":0.78,"i":0,"k":71,"n":30,"t":1,"u":0,"v":0,"w":0.78,"x":1.244,"y":-77.064
},{
"c":0,"g":0,"h":0.78,"i":0,"k":72,"n":35,"t":1,"u":0,"v":0,"w":0.78,"x":1.244,"y":-77.064
},{
"c":0,"g":0,"h":0.78,"i":0,"k":73,"n":40,"t":1,"u":0,"v":0,"w":0.78,"x":1.244,"y":-77.064
},{
"c":0,"g":0,"h":0.78,"i":0,"k":72,"n":45,"t":1,"u":0,"v":0,"w":0.78,"x":1.244,"y":-77.064
},{
"c":0,"g":0,"h":0.78,"i":0,"k":71,"n":50,"t":1,"u":0,"v":0,"w":0.78,"x":1.244,"y":-77.064
},{
"c":0,"g":0,"h":0.78,"i":0,"k":72,"n":55,"t":1,"u":0,"v":0,"w":0.78,"x":1.244,"y":-77.064
},{
"c":0,"g":0,"h":0.78,"i":0,"k":73,"n":60,"t":1,"u":0,"v":0,"w":0.78,"x":1.244,"y":-77.064
},{
"c":0,"g":0,"h":0.78,"i":0,"k":72,"n":65,"t":1,"u":0,"v":0,"w":0.78,"x":1.244,"y":-77.064
},{
"c":0,"g":0,"h":0.78,"i":0,"k":71,"n":70,"t":1,"u":0,"v":0,"w":0.78,"x":1.244,"y":-77.064
},{
"c":0,"g":0,"h":0.78,"i":0,"k":70,"n":75,"t":1,"u":0,"v":0,"w":0.78,"x":1.244,"y":-77.064
}
]
}
],"n":"ani_npc_evie_2_stand","r":30
},{
"f":16,"l":[
{
"f":[
{
"c":0,"g":0,"h":1.193,"i":0,"k":86,"n":0,"t":1,"u":4.938,"v":72.665,"w":0.864,"x":2.367,"y":-84.253
}
]
},{
"f":[
{
"c":0,"g":0,"h":0.78,"i":1,"k":45,"n":0,"t":1,"u":0,"v":0,"w":0.78,"x":1.244,"y":-77.064
},{
"c":0,"g":0,"h":0.78,"i":0,"k":59,"n":4,"t":1,"u":0,"v":0,"w":0.78,"x":1.244,"y":-77.064
},{
"c":0,"g":0,"h":0.78,"i":0,"k":60,"n":8,"t":1,"u":0,"v":0,"w":0.78,"x":1.244,"y":-77.064
},{
"c":0,"g":0,"h":0.78,"i":1,"k":17,"n":12,"t":1,"u":0,"v":0,"w":0.78,"x":1.244,"y":-77.064
}
]
},{
"f":[
{
"c":0,"g":0,"h":0.78,"i":0,"k":77,"n":0,"t":1,"u":0,"v":0,"w":0.78,"x":1.244,"y":-77.064
},{
"c":0,"g":0,"h":0.78,"i":1,"k":50,"n":4,"t":1,"u":0,"v":0,"w":0.78,"x":1.244,"y":-77.064
},{
"c":0,"g":0,"h":0.78,"i":0,"k":84,"n":8,"t":1,"u":0,"v":0,"w":0.78,"x":1.244,"y":-77.064
},{
"c":0,"g":0,"h":0.78,"i":0,"k":75,"n":12,"t":1,"u":0,"v":0,"w":0.78,"x":1.244,"y":-77.064
}
]
}
],"n":"ani_npc_evie_2_idle","r":30
},{
"f":80,"l":[
{
"f":[
{
"c":0,"g":0,"h":1.193,"i":0,"k":86,"n":0,"t":1,"u":4.938,"v":72.665,"w":0.864,"x":2.367,"y":-84.253
}
],"n":"layer_2"
},{
"f":[
{
"c":0,"g":0,"h":0.78,"i":1,"k":58,"n":0,"t":1,"u":0,"v":0,"w":0.78,"x":1.244,"y":-77.064
},{
"c":0,"g":0,"h":0.78,"i":1,"k":57,"n":5,"t":1,"u":0,"v":0,"w":0.78,"x":1.244,"y":-77.064
},{
"c":0,"g":0,"h":0.78,"i":1,"k":54,"n":10,"t":1,"u":0,"v":0,"w":0.78,"x":1.244,"y":-77.064
},{
"c":0,"g":0,"h":0.78,"i":1,"k":57,"n":15,"t":1,"u":0,"v":0,"w":0.78,"x":1.244,"y":-77.064
},{
"c":0,"g":0,"h":0.78,"i":1,"k":58,"n":20,"t":1,"u":0,"v":0,"w":0.78,"x":1.244,"y":-77.064
},{
"c":0,"g":0,"h":0.78,"i":1,"k":57,"n":25,"t":1,"u":0,"v":0,"w":0.78,"x":1.244,"y":-77.064
},{
"c":0,"g":0,"h":0.78,"i":1,"k":54,"n":30,"t":1,"u":0,"v":0,"w":0.78,"x":1.244,"y":-77.064
},{
"c":0,"g":0,"h":0.78,"i":1,"k":57,"n":35,"t":1,"u":0,"v":0,"w":0.78,"x":1.244,"y":-77.064
},{
"c":0,"g":0,"h":0.78,"i":1,"k":58,"n":40,"t":1,"u":0,"v":0,"w":0.78,"x":1.244,"y":-77.064
},{
"c":0,"g":0,"h":0.78,"i":1,"k":57,"n":45,"t":1,"u":0,"v":0,"w":0.78,"x":1.244,"y":-77.064
},{
"c":0,"g":0,"h":0.78,"i":1,"k":54,"n":50,"t":1,"u":0,"v":0,"w":0.78,"x":1.244,"y":-77.064
},{
"c":0,"g":0,"h":0.78,"i":1,"k":57,"n":55,"t":1,"u":0,"v":0,"w":0.78,"x":1.244,"y":-77.064
},{
"c":0,"g":0,"h":0.78,"i":1,"k":58,"n":60,"t":1,"u":0,"v":0,"w":0.78,"x":1.244,"y":-77.064
},{
"c":0,"g":0,"h":0.78,"i":1,"k":57,"n":65,"t":1,"u":0,"v":0,"w":0.78,"x":1.244,"y":-77.064
},{
"c":0,"g":0,"h":0.78,"i":1,"k":54,"n":70,"t":1,"u":0,"v":0,"w":0.78,"x":1.244,"y":-77.064
},{
"c":0,"g":0,"h":0.78,"i":1,"k":56,"n":75,"t":1,"u":0,"v":0,"w":0.78,"x":1.244,"y":-77.064
}
]
},{
"f":[
{
"c":0,"g":0,"h":0.78,"i":0,"k":64,"n":0,"t":1,"u":0,"v":0,"w":0.78,"x":1.244,"y":-77.064
},{
"c":0,"g":0,"h":0.78,"i":0,"k":63,"n":5,"t":1,"u":0,"v":0,"w":0.78,"x":1.244,"y":-77.064
},{
"c":0,"g":0,"h":0.78,"i":0,"k":62,"n":10,"t":1,"u":0,"v":0,"w":0.78,"x":1.244,"y":-77.064
},{
"c":0,"g":0,"h":0.78,"i":0,"k":63,"n":15,"t":1,"u":0,"v":0,"w":0.78,"x":1.244,"y":-77.064
},{
"c":0,"g":0,"h":0.78,"i":0,"k":64,"n":20,"t":1,"u":0,"v":0,"w":0.78,"x":1.244,"y":-77.064
},{
"c":0,"g":0,"h":0.78,"i":0,"k":63,"n":25,"t":1,"u":0,"v":0,"w":0.78,"x":1.244,"y":-77.064
},{
"c":0,"g":0,"h":0.78,"i":0,"k":62,"n":30,"t":1,"u":0,"v":0,"w":0.78,"x":1.244,"y":-77.064
},{
"c":0,"g":0,"h":0.78,"i":0,"k":63,"n":35,"t":1,"u":0,"v":0,"w":0.78,"x":1.244,"y":-77.064
},{
"c":0,"g":0,"h":0.78,"i":0,"k":64,"n":40,"t":1,"u":0,"v":0,"w":0.78,"x":1.244,"y":-77.064
},{
"c":0,"g":0,"h":0.78,"i":0,"k":63,"n":45,"t":1,"u":0,"v":0,"w":0.78,"x":1.244,"y":-77.064
},{
"c":0,"g":0,"h":0.78,"i":0,"k":62,"n":50,"t":1,"u":0,"v":0,"w":0.78,"x":1.244,"y":-77.064
},{
"c":0,"g":0,"h":0.78,"i":0,"k":63,"n":55,"t":1,"u":0,"v":0,"w":0.78,"x":1.244,"y":-77.064
},{
"c":0,"g":0,"h":0.78,"i":0,"k":64,"n":60,"t":1,"u":0,"v":0,"w":0.78,"x":1.244,"y":-77.064
},{
"c":0,"g":0,"h":0.78,"i":0,"k":63,"n":65,"t":1,"u":0,"v":0,"w":0.78,"x":1.244,"y":-77.064
},{
"c":0,"g":0,"h":0.78,"i":0,"k":62,"n":70,"t":1,"u":0,"v":0,"w":0.78,"x":1.244,"y":-77.064
},{
"c":0,"g":0,"h":0.78,"i":0,"k":61,"n":75,"t":1,"u":0,"v":0,"w":0.78,"x":1.244,"y":-77.064
}
]
}
],"n":"ani_npc_evie_1_stand","r":30
},{
"f":16,"l":[
{
"f":[
{
"c":0,"g":0,"h":1.193,"i":0,"k":86,"n":0,"t":1,"u":4.938,"v":72.665,"w":0.864,"x":2.367,"y":-84.253
}
]
},{
"f":[
{
"c":0,"g":0,"h":0.78,"i":1,"k":55,"n":0,"t":1,"u":0,"v":0,"w":0.78,"x":1.244,"y":-77.064
},{
"c":0,"g":0,"h":0.78,"i":0,"k":50,"n":4,"t":1,"u":0,"v":0,"w":0.78,"x":1.244,"y":-77.064
},{
"c":0,"g":0,"h":0.78,"i":0,"k":55,"n":8,"t":1,"u":0,"v":0,"w":0.78,"x":1.244,"y":-77.064
},{
"c":0,"g":0,"h":0.78,"i":1,"k":51,"n":12,"t":1,"u":0,"v":0,"w":0.78,"x":1.244,"y":-77.064
}
]
},{
"f":[
{
"c":0,"g":0,"h":0.78,"i":0,"k":69,"n":0,"t":1,"u":0,"v":0,"w":0.78,"x":1.244,"y":-77.064
},{
"c":0,"g":0,"h":0.78,"i":1,"k":52,"n":4,"t":1,"u":0,"v":0,"w":0.78,"x":1.244,"y":-77.064
},{
"c":0,"g":0,"h":0.78,"i":1,"k":47,"n":8,"t":1,"u":0,"v":0,"w":0.78,"x":1.244,"y":-77.064
},{
"c":0,"g":0,"h":0.78,"i":0,"k":46,"n":12,"t":1,"u":0,"v":0,"w":0.78,"x":1.244,"y":-77.064
}
]
}
],"n":"ani_npc_evie_1_idle","r":30
},{
"f":80,"l":[
{
"f":[
{
"c":0,"g":0,"h":1.193,"i":0,"k":86,"n":0,"t":1,"u":4.938,"v":72.665,"w":0.864,"x":-0.632,"y":-82.253
}
]
},{
"f":[
{
"c":0,"g":0,"h":0.78,"i":0,"k":91,"n":0,"t":1,"u":0,"v":0,"w":0.78,"x":1.244,"y":-77.064
},{
"c":0,"g":0,"h":0.78,"i":0,"k":90,"n":5,"t":1,"u":0,"v":0,"w":0.78,"x":1.244,"y":-77.064
},{
"c":0,"g":0,"h":0.78,"i":0,"k":89,"n":10,"t":1,"u":0,"v":0,"w":0.78,"x":1.244,"y":-77.064
},{
"c":0,"g":0,"h":0.78,"i":0,"k":90,"n":15,"t":1,"u":0,"v":0,"w":0.78,"x":1.244,"y":-77.064
},{
"c":0,"g":0,"h":0.78,"i":0,"k":91,"n":20,"t":1,"u":0,"v":0,"w":0.78,"x":1.244,"y":-77.064
},{
"c":0,"g":0,"h":0.78,"i":0,"k":90,"n":25,"t":1,"u":0,"v":0,"w":0.78,"x":1.244,"y":-77.064
},{
"c":0,"g":0,"h":0.78,"i":0,"k":89,"n":30,"t":1,"u":0,"v":0,"w":0.78,"x":1.244,"y":-77.064
},{
"c":0,"g":0,"h":0.78,"i":0,"k":90,"n":35,"t":1,"u":0,"v":0,"w":0.78,"x":1.244,"y":-77.064
},{
"c":0,"g":0,"h":0.78,"i":0,"k":91,"n":40,"t":1,"u":0,"v":0,"w":0.78,"x":1.244,"y":-77.064
},{
"c":0,"g":0,"h":0.78,"i":0,"k":90,"n":45,"t":1,"u":0,"v":0,"w":0.78,"x":1.244,"y":-77.064
},{
"c":0,"g":0,"h":0.78,"i":0,"k":89,"n":50,"t":1,"u":0,"v":0,"w":0.78,"x":1.244,"y":-77.064
},{
"c":0,"g":0,"h":0.78,"i":0,"k":90,"n":55,"t":1,"u":0,"v":0,"w":0.78,"x":1.244,"y":-77.064
},{
"c":0,"g":0,"h":0.78,"i":0,"k":91,"n":60,"t":1,"u":0,"v":0,"w":0.78,"x":1.244,"y":-77.064
},{
"c":0,"g":0,"h":0.78,"i":0,"k":90,"n":65,"t":1,"u":0,"v":0,"w":0.78,"x":1.244,"y":-77.064
},{
"c":0,"g":0,"h":0.78,"i":0,"k":89,"n":70,"t":1,"u":0,"v":0,"w":0.78,"x":1.244,"y":-77.064
},{
"c":0,"g":0,"h":0.78,"i":0,"k":88,"n":75,"t":1,"u":0,"v":0,"w":0.78,"x":1.244,"y":-77.064
}
]
},{
"f":[
{
"c":0,"g":0,"h":0.78,"i":0,"k":4,"n":0,"t":1,"u":0,"v":0,"w":0.78,"x":1.244,"y":-77.064
},{
"c":0,"g":0,"h":0.78,"i":0,"k":14,"n":5,"t":1,"u":0,"v":0,"w":0.78,"x":1.244,"y":-77.064
},{
"c":0,"g":0,"h":0.78,"i":0,"k":23,"n":10,"t":1,"u":0,"v":0,"w":0.78,"x":1.244,"y":-77.064
},{
"c":0,"g":0,"h":0.78,"i":0,"k":14,"n":15,"t":1,"u":0,"v":0,"w":0.78,"x":1.244,"y":-77.064
},{
"c":0,"g":0,"h":0.78,"i":0,"k":4,"n":20,"t":1,"u":0,"v":0,"w":0.78,"x":1.244,"y":-77.064
},{
"c":0,"g":0,"h":0.78,"i":0,"k":14,"n":25,"t":1,"u":0,"v":0,"w":0.78,"x":1.244,"y":-77.064
},{
"c":0,"g":0,"h":0.78,"i":0,"k":23,"n":30,"t":1,"u":0,"v":0,"w":0.78,"x":1.244,"y":-77.064
},{
"c":0,"g":0,"h":0.78,"i":0,"k":14,"n":35,"t":1,"u":0,"v":0,"w":0.78,"x":1.244,"y":-77.064
},{
"c":0,"g":0,"h":0.78,"i":0,"k":4,"n":40,"t":1,"u":0,"v":0,"w":0.78,"x":1.244,"y":-77.064
},{
"c":0,"g":0,"h":0.78,"i":0,"k":14,"n":45,"t":1,"u":0,"v":0,"w":0.78,"x":1.244,"y":-77.064
},{
"c":0,"g":0,"h":0.78,"i":0,"k":23,"n":50,"t":1,"u":0,"v":0,"w":0.78,"x":1.244,"y":-77.064
},{
"c":0,"g":0,"h":0.78,"i":0,"k":14,"n":55,"t":1,"u":0,"v":0,"w":0.78,"x":1.244,"y":-77.064
},{
"c":0,"g":0,"h":0.78,"i":0,"k":4,"n":60,"t":1,"u":0,"v":0,"w":0.78,"x":1.244,"y":-77.064
},{
"c":0,"g":0,"h":0.78,"i":0,"k":14,"n":65,"t":1,"u":0,"v":0,"w":0.78,"x":1.244,"y":-77.064
},{
"c":0,"g":0,"h":0.78,"i":0,"k":23,"n":70,"t":1,"u":0,"v":0,"w":0.78,"x":1.244,"y":-77.064
},{
"c":0,"g":0,"h":0.78,"i":0,"k":13,"n":75,"t":1,"u":0,"v":0,"w":0.78,"x":1.244,"y":-77.064
}
]
}
],"n":"ani_npc_carlos_2_stand","r":30
},{
"f":32,"l":[
{
"f":[
{
"c":0,"g":0,"h":1.193,"i":0,"k":86,"n":0,"t":1,"u":4.938,"v":72.665,"w":0.864,"x":-0.632,"y":-82.253
}
]
},{
"f":[
{
"c":0,"g":0,"h":0.78,"i":0,"k":99,"n":0,"t":1,"u":0,"v":0,"w":0.78,"x":1.244,"y":-77.064
},{
"c":0,"g":0,"h":0.78,"i":0,"k":74,"n":4,"t":1,"u":0,"v":0,"w":0.78,"x":1.244,"y":-77.064
},{
"c":0,"g":0,"h":0.78,"i":0,"k":42,"n":8,"t":1,"u":0,"v":0,"w":0.78,"x":1.244,"y":-77.064
},{
"c":0,"g":0,"h":0.78,"i":0,"k":41,"n":12,"t":1,"u":0,"v":0,"w":0.78,"x":1.244,"y":-77.064
},{
"c":0,"g":0,"h":0.78,"i":0,"k":42,"n":24,"t":1,"u":0,"v":0,"w":0.78,"x":1.244,"y":-77.064
},{
"c":0,"g":0,"h":0.78,"i":0,"k":74,"n":28,"t":1,"u":0,"v":0,"w":0.78,"x":1.244,"y":-77.064
}
]
},{
"f":[
{
"c":0,"g":0,"h":0.78,"i":0,"k":3,"n":0,"t":1,"u":0,"v":0,"w":0.78,"x":1.244,"y":-77.064
},{
"c":0,"g":0,"h":0.78,"i":1,"k":22,"n":4,"t":1,"u":0,"v":0,"w":0.78,"x":1.244,"y":-77.064
},{
"c":0,"g":0,"h":0.78,"i":1,"k":53,"n":8,"t":1,"u":0,"v":0,"w":0.78,"x":1.244,"y":-77.064
},{
"c":0,"g":0,"h":0.78,"i":1,"k":59,"n":12,"t":1,"u":0,"v":0,"w":0.78,"x":1.244,"y":-77.064
},{
"c":0,"g":0,"h":0.78,"i":1,"k":53,"n":24,"t":1,"u":0,"v":0,"w":0.78,"x":1.244,"y":-77.064
},{
"c":0,"g":0,"h":0.78,"i":1,"k":22,"n":28,"t":1,"u":0,"v":0,"w":0.78,"x":1.244,"y":-77.064
}
]
}
],"n":"ani_npc_carlos_2_idle","r":30
},{
"f":80,"l":[
{
"f":[
{
"c":0,"g":0,"h":1.193,"i":0,"k":86,"n":0,"t":1,"u":4.938,"v":72.665,"w":0.864,"x":-0.632,"y":-82.253
}
]
},{
"f":[
{
"c":0,"g":0,"h":0.78,"i":1,"k":65,"n":0,"t":1,"u":0,"v":0,"w":0.78,"x":1.244,"y":-77.064
},{
"c":0,"g":0,"h":0.78,"i":1,"k":64,"n":5,"t":1,"u":0,"v":0,"w":0.78,"x":1.244,"y":-77.064
},{
"c":0,"g":0,"h":0.78,"i":1,"k":63,"n":10,"t":1,"u":0,"v":0,"w":0.78,"x":1.244,"y":-77.064
},{
"c":0,"g":0,"h":0.78,"i":1,"k":64,"n":15,"t":1,"u":0,"v":0,"w":0.78,"x":1.244,"y":-77.064
},{
"c":0,"g":0,"h":0.78,"i":1,"k":65,"n":20,"t":1,"u":0,"v":0,"w":0.78,"x":1.244,"y":-77.064
},{
"c":0,"g":0,"h":0.78,"i":1,"k":64,"n":25,"t":1,"u":0,"v":0,"w":0.78,"x":1.244,"y":-77.064
},{
"c":0,"g":0,"h":0.78,"i":1,"k":63,"n":30,"t":1,"u":0,"v":0,"w":0.78,"x":1.244,"y":-77.064
},{
"c":0,"g":0,"h":0.78,"i":1,"k":64,"n":35,"t":1,"u":0,"v":0,"w":0.78,"x":1.244,"y":-77.064
},{
"c":0,"g":0,"h":0.78,"i":1,"k":65,"n":40,"t":1,"u":0,"v":0,"w":0.78,"x":1.244,"y":-77.064
},{
"c":0,"g":0,"h":0.78,"i":1,"k":64,"n":45,"t":1,"u":0,"v":0,"w":0.78,"x":1.244,"y":-77.064
},{
"c":0,"g":0,"h":0.78,"i":1,"k":63,"n":50,"t":1,"u":0,"v":0,"w":0.78,"x":1.244,"y":-77.064
},{
"c":0,"g":0,"h":0.78,"i":1,"k":64,"n":55,"t":1,"u":0,"v":0,"w":0.78,"x":1.244,"y":-77.064
},{
"c":0,"g":0,"h":0.78,"i":1,"k":65,"n":60,"t":1,"u":0,"v":0,"w":0.78,"x":1.244,"y":-77.064
},{
"c":0,"g":0,"h":0.78,"i":1,"k":64,"n":65,"t":1,"u":0,"v":0,"w":0.78,"x":1.244,"y":-77.064
},{
"c":0,"g":0,"h":0.78,"i":1,"k":63,"n":70,"t":1,"u":0,"v":0,"w":0.78,"x":1.244,"y":-77.064
},{
"c":0,"g":0,"h":0.78,"i":1,"k":62,"n":75,"t":1,"u":0,"v":0,"w":0.78,"x":1.244,"y":-77.064
}
]
},{
"f":[
{
"c":0,"g":0,"h":0.78,"i":0,"k":10,"n":0,"t":1,"u":0,"v":0,"w":0.78,"x":1.244,"y":-77.064
},{
"c":0,"g":0,"h":0.78,"i":0,"k":19,"n":5,"t":1,"u":0,"v":0,"w":0.78,"x":1.244,"y":-77.064
},{
"c":0,"g":0,"h":0.78,"i":0,"k":25,"n":10,"t":1,"u":0,"v":0,"w":0.78,"x":1.244,"y":-77.064
},{
"c":0,"g":0,"h":0.78,"i":0,"k":19,"n":15,"t":1,"u":0,"v":0,"w":0.78,"x":1.244,"y":-77.064
},{
"c":0,"g":0,"h":0.78,"i":0,"k":10,"n":20,"t":1,"u":0,"v":0,"w":0.78,"x":1.244,"y":-77.064
},{
"c":0,"g":0,"h":0.78,"i":0,"k":19,"n":25,"t":1,"u":0,"v":0,"w":0.78,"x":1.244,"y":-77.064
},{
"c":0,"g":0,"h":0.78,"i":0,"k":25,"n":30,"t":1,"u":0,"v":0,"w":0.78,"x":1.244,"y":-77.064
},{
"c":0,"g":0,"h":0.78,"i":0,"k":19,"n":35,"t":1,"u":0,"v":0,"w":0.78,"x":1.244,"y":-77.064
},{
"c":0,"g":0,"h":0.78,"i":0,"k":10,"n":40,"t":1,"u":0,"v":0,"w":0.78,"x":1.244,"y":-77.064
},{
"c":0,"g":0,"h":0.78,"i":0,"k":19,"n":45,"t":1,"u":0,"v":0,"w":0.78,"x":1.244,"y":-77.064
},{
"c":0,"g":0,"h":0.78,"i":0,"k":25,"n":50,"t":1,"u":0,"v":0,"w":0.78,"x":1.244,"y":-77.064
},{
"c":0,"g":0,"h":0.78,"i":0,"k":19,"n":55,"t":1,"u":0,"v":0,"w":0.78,"x":1.244,"y":-77.064
},{
"c":0,"g":0,"h":0.78,"i":0,"k":10,"n":60,"t":1,"u":0,"v":0,"w":0.78,"x":1.244,"y":-77.064
},{
"c":0,"g":0,"h":0.78,"i":0,"k":19,"n":65,"t":1,"u":0,"v":0,"w":0.78,"x":1.244,"y":-77.064
},{
"c":0,"g":0,"h":0.78,"i":0,"k":25,"n":70,"t":1,"u":0,"v":0,"w":0.78,"x":1.244,"y":-77.064
},{
"c":0,"g":0,"h":0.78,"i":0,"k":18,"n":75,"t":1,"u":0,"v":0,"w":0.78,"x":1.244,"y":-77.064
}
]
}
],"n":"ani_npc_carlos_1_stand","r":30
},{
"f":32,"l":[
{
"f":[
{
"c":0,"g":0,"h":1.193,"i":0,"k":86,"n":0,"t":1,"u":4.938,"v":72.665,"w":0.864,"x":-0.632,"y":-82.253
}
]
},{
"f":[
{
"c":0,"g":0,"h":0.78,"i":1,"k":66,"n":0,"t":1,"u":0,"v":0,"w":0.78,"x":1.244,"y":-77.064
},{
"c":0,"g":0,"h":0.78,"i":0,"k":76,"n":4,"t":1,"u":0,"v":0,"w":0.78,"x":1.244,"y":-77.064
},{
"c":0,"g":0,"h":0.78,"i":0,"k":58,"n":8,"t":1,"u":0,"v":0,"w":0.78,"x":1.244,"y":-77.064
},{
"c":0,"g":0,"h":0.78,"i":0,"k":57,"n":12,"t":1,"u":0,"v":0,"w":0.78,"x":1.244,"y":-77.064
},{
"c":0,"g":0,"h":0.78,"i":0,"k":58,"n":24,"t":1,"u":0,"v":0,"w":0.78,"x":1.244,"y":-77.064
},{
"c":0,"g":0,"h":0.78,"i":0,"k":76,"n":28,"t":1,"u":0,"v":0,"w":0.78,"x":1.244,"y":-77.064
}
]
},{
"f":[
{
"c":0,"g":0,"h":0.78,"i":0,"k":5,"n":0,"t":1,"u":0,"v":0,"w":0.78,"x":1.244,"y":-77.064
},{
"c":0,"g":0,"h":0.78,"i":1,"k":30,"n":4,"t":1,"u":0,"v":0,"w":0.78,"x":1.244,"y":-77.064
},{
"c":0,"g":0,"h":0.78,"i":1,"k":48,"n":8,"t":1,"u":0,"v":0,"w":0.78,"x":1.244,"y":-77.064
},{
"c":0,"g":0,"h":0.78,"i":1,"k":49,"n":12,"t":1,"u":0,"v":0,"w":0.78,"x":1.244,"y":-77.064
},{
"c":0,"g":0,"h":0.78,"i":1,"k":48,"n":24,"t":1,"u":0,"v":0,"w":0.78,"x":1.244,"y":-77.064
},{
"c":0,"g":0,"h":0.78,"i":1,"k":30,"n":28,"t":1,"u":0,"v":0,"w":0.78,"x":1.244,"y":-77.064
}
]
}
],"n":"ani_npc_carlos_1_idle","r":30
},{
"f":69,"l":[
{
"f":[
{
"c":0,"g":0,"h":1.193,"i":0,"k":86,"n":0,"t":1,"u":4.938,"v":72.665,"w":0.864,"x":-0.632,"y":-82.253
}
]
},{
"f":[
{
"c":0,"g":0,"h":0.78,"i":1,"k":71,"n":0,"t":1,"u":0,"v":0,"w":0.78,"x":1.244,"y":-77.064
},{
"c":0,"g":0,"h":0.78,"i":1,"k":70,"n":5,"t":1,"u":0,"v":0,"w":0.78,"x":1.244,"y":-77.064
},{
"c":0,"g":0,"h":0.78,"i":0,"k":100,"n":10,"t":1,"u":0,"v":0,"w":0.78,"x":1.244,"y":-77.064
},{
"c":0,"g":0,"h":0.78,"i":1,"k":70,"n":17,"t":1,"u":0,"v":0,"w":0.78,"x":1.244,"y":-77.064
},{
"c":0,"g":0,"h":0.78,"i":1,"k":71,"n":23,"t":1,"u":0,"v":0,"w":0.78,"x":1.244,"y":-77.064
},{
"c":0,"g":0,"h":0.78,"i":1,"k":70,"n":28,"t":1,"u":0,"v":0,"w":0.78,"x":1.244,"y":-77.064
},{
"c":0,"g":0,"h":0.78,"i":0,"k":100,"n":33,"t":1,"u":0,"v":0,"w":0.78,"x":1.244,"y":-77.064
},{
"c":0,"g":0,"h":0.78,"i":1,"k":70,"n":40,"t":1,"u":0,"v":0,"w":0.78,"x":1.244,"y":-77.064
},{
"c":0,"g":0,"h":0.78,"i":1,"k":71,"n":46,"t":1,"u":0,"v":0,"w":0.78,"x":1.244,"y":-77.064
},{
"c":0,"g":0,"h":0.78,"i":1,"k":70,"n":51,"t":1,"u":0,"v":0,"w":0.78,"x":1.244,"y":-77.064
},{
"c":0,"g":0,"h":0.78,"i":0,"k":100,"n":56,"t":1,"u":0,"v":0,"w":0.78,"x":1.244,"y":-77.064
},{
"c":0,"g":0,"h":0.78,"i":1,"k":70,"n":63,"t":1,"u":0,"v":0,"w":0.78,"x":1.244,"y":-77.064
}
]
},{
"f":[
{
"c":0,"g":0,"h":0.78,"i":0,"k":48,"n":0,"t":1,"u":0,"v":0,"w":0.78,"x":1.244,"y":-77.064
},{
"c":0,"g":0,"h":0.78,"i":0,"k":49,"n":5,"t":1,"u":0,"v":0,"w":0.78,"x":1.244,"y":-77.064
},{
"c":0,"g":0,"h":0.78,"i":0,"k":52,"n":10,"t":1,"u":0,"v":0,"w":0.78,"x":1.244,"y":-77.064
},{
"c":0,"g":0,"h":0.78,"i":0,"k":49,"n":17,"t":1,"u":0,"v":0,"w":0.78,"x":1.244,"y":-77.064
},{
"c":0,"g":0,"h":0.78,"i":0,"k":48,"n":23,"t":1,"u":0,"v":0,"w":0.78,"x":1.244,"y":-77.064
},{
"c":0,"g":0,"h":0.78,"i":0,"k":49,"n":28,"t":1,"u":0,"v":0,"w":0.78,"x":1.244,"y":-77.064
},{
"c":0,"g":0,"h":0.78,"i":0,"k":52,"n":33,"t":1,"u":0,"v":0,"w":0.78,"x":1.244,"y":-77.064
},{
"c":0,"g":0,"h":0.78,"i":0,"k":49,"n":40,"t":1,"u":0,"v":0,"w":0.78,"x":1.244,"y":-77.064
},{
"c":0,"g":0,"h":0.78,"i":0,"k":48,"n":46,"t":1,"u":0,"v":0,"w":0.78,"x":1.244,"y":-77.064
},{
"c":0,"g":0,"h":0.78,"i":0,"k":49,"n":51,"t":1,"u":0,"v":0,"w":0.78,"x":1.244,"y":-77.064
},{
"c":0,"g":0,"h":0.78,"i":0,"k":52,"n":56,"t":1,"u":0,"v":0,"w":0.78,"x":1.244,"y":-77.064
},{
"c":0,"g":0,"h":0.78,"i":0,"k":49,"n":63,"t":1,"u":0,"v":0,"w":0.78,"x":1.244,"y":-77.064
}
]
}
],"n":"ani_npc_ben_4_stand","r":30
},{
"f":69,"l":[
{
"f":[
{
"c":0,"g":0,"h":1.193,"i":0,"k":86,"n":0,"t":1,"u":4.938,"v":72.665,"w":0.864,"x":-0.632,"y":-82.253
}
]
},{
"f":[
{
"c":0,"g":0,"h":0.78,"i":1,"k":71,"n":0,"t":1,"u":0,"v":0,"w":0.78,"x":1.244,"y":-77.064
},{
"c":0,"g":0,"h":0.78,"i":1,"k":70,"n":5,"t":1,"u":0,"v":0,"w":0.78,"x":1.244,"y":-77.064
},{
"c":0,"g":0,"h":0.78,"i":0,"k":100,"n":10,"t":1,"u":0,"v":0,"w":0.78,"x":1.244,"y":-77.064
},{
"c":0,"g":0,"h":0.78,"i":1,"k":70,"n":17,"t":1,"u":0,"v":0,"w":0.78,"x":1.244,"y":-77.064
},{
"c":0,"g":0,"h":0.78,"i":1,"k":71,"n":23,"t":1,"u":0,"v":0,"w":0.78,"x":1.244,"y":-77.064
},{
"c":0,"g":0,"h":0.78,"i":1,"k":70,"n":28,"t":1,"u":0,"v":0,"w":0.78,"x":1.244,"y":-77.064
},{
"c":0,"g":0,"h":0.78,"i":0,"k":100,"n":33,"t":1,"u":0,"v":0,"w":0.78,"x":1.244,"y":-77.064
},{
"c":0,"g":0,"h":0.78,"i":1,"k":70,"n":40,"t":1,"u":0,"v":0,"w":0.78,"x":1.244,"y":-77.064
},{
"c":0,"g":0,"h":0.78,"i":1,"k":71,"n":46,"t":1,"u":0,"v":0,"w":0.78,"x":1.244,"y":-77.064
},{
"c":0,"g":0,"h":0.78,"i":1,"k":70,"n":51,"t":1,"u":0,"v":0,"w":0.78,"x":1.244,"y":-77.064
},{
"c":0,"g":0,"h":0.78,"i":0,"k":100,"n":56,"t":1,"u":0,"v":0,"w":0.78,"x":1.244,"y":-77.064
},{
"c":0,"g":0,"h":0.78,"i":1,"k":70,"n":63,"t":1,"u":0,"v":0,"w":0.78,"x":1.244,"y":-77.064
}
]
},{
"f":[
{
"c":0,"g":0,"h":0.78,"i":0,"k":48,"n":0,"t":1,"u":0,"v":0,"w":0.78,"x":1.244,"y":-77.064
},{
"c":0,"g":0,"h":0.78,"i":0,"k":49,"n":5,"t":1,"u":0,"v":0,"w":0.78,"x":1.244,"y":-77.064
},{
"c":0,"g":0,"h":0.78,"i":0,"k":52,"n":10,"t":1,"u":0,"v":0,"w":0.78,"x":1.244,"y":-77.064
},{
"c":0,"g":0,"h":0.78,"i":0,"k":49,"n":17,"t":1,"u":0,"v":0,"w":0.78,"x":1.244,"y":-77.064
},{
"c":0,"g":0,"h":0.78,"i":0,"k":48,"n":23,"t":1,"u":0,"v":0,"w":0.78,"x":1.244,"y":-77.064
},{
"c":0,"g":0,"h":0.78,"i":0,"k":49,"n":28,"t":1,"u":0,"v":0,"w":0.78,"x":1.244,"y":-77.064
},{
"c":0,"g":0,"h":0.78,"i":0,"k":52,"n":33,"t":1,"u":0,"v":0,"w":0.78,"x":1.244,"y":-77.064
},{
"c":0,"g":0,"h":0.78,"i":0,"k":49,"n":40,"t":1,"u":0,"v":0,"w":0.78,"x":1.244,"y":-77.064
},{
"c":0,"g":0,"h":0.78,"i":0,"k":48,"n":46,"t":1,"u":0,"v":0,"w":0.78,"x":1.244,"y":-77.064
},{
"c":0,"g":0,"h":0.78,"i":0,"k":49,"n":51,"t":1,"u":0,"v":0,"w":0.78,"x":1.244,"y":-77.064
},{
"c":0,"g":0,"h":0.78,"i":0,"k":52,"n":56,"t":1,"u":0,"v":0,"w":0.78,"x":1.244,"y":-77.064
},{
"c":0,"g":0,"h":0.78,"i":0,"k":49,"n":63,"t":1,"u":0,"v":0,"w":0.78,"x":1.244,"y":-77.064
}
]
}
],"n":"ani_npc_ben_4_idle","r":30
},{
"f":80,"l":[
{
"f":[
{
"c":0,"g":0,"h":1.193,"i":0,"k":86,"n":0,"t":1,"u":4.938,"v":72.665,"w":0.864,"x":-0.632,"y":-82.253
}
]
},{
"f":[
{
"c":0,"g":0,"h":0.78,"i":1,"k":80,"n":0,"t":1,"u":0,"v":0,"w":0.78,"x":1.244,"y":-77.064
},{
"c":0,"g":0,"h":0.78,"i":0,"k":102,"n":5,"t":1,"u":0,"v":0,"w":0.78,"x":1.244,"y":-77.064
},{
"c":0,"g":0,"h":0.78,"i":0,"k":103,"n":10,"t":1,"u":0,"v":0,"w":0.78,"x":1.244,"y":-77.064
},{
"c":0,"g":0,"h":0.78,"i":0,"k":102,"n":15,"t":1,"u":0,"v":0,"w":0.78,"x":1.244,"y":-77.064
},{
"c":0,"g":0,"h":0.78,"i":1,"k":80,"n":20,"t":1,"u":0,"v":0,"w":0.78,"x":1.244,"y":-77.064
},{
"c":0,"g":0,"h":0.78,"i":0,"k":102,"n":25,"t":1,"u":0,"v":0,"w":0.78,"x":1.244,"y":-77.064
},{
"c":0,"g":0,"h":0.78,"i":0,"k":103,"n":30,"t":1,"u":0,"v":0,"w":0.78,"x":1.244,"y":-77.064
},{
"c":0,"g":0,"h":0.78,"i":0,"k":102,"n":35,"t":1,"u":0,"v":0,"w":0.78,"x":1.244,"y":-77.064
},{
"c":0,"g":0,"h":0.78,"i":1,"k":80,"n":40,"t":1,"u":0,"v":0,"w":0.78,"x":1.244,"y":-77.064
},{
"c":0,"g":0,"h":0.78,"i":0,"k":102,"n":45,"t":1,"u":0,"v":0,"w":0.78,"x":1.244,"y":-77.064
},{
"c":0,"g":0,"h":0.78,"i":0,"k":103,"n":50,"t":1,"u":0,"v":0,"w":0.78,"x":1.244,"y":-77.064
},{
"c":0,"g":0,"h":0.78,"i":0,"k":102,"n":55,"t":1,"u":0,"v":0,"w":0.78,"x":1.244,"y":-77.064
},{
"c":0,"g":0,"h":0.78,"i":1,"k":80,"n":60,"t":1,"u":0,"v":0,"w":0.78,"x":1.244,"y":-77.064
},{
"c":0,"g":0,"h":0.78,"i":0,"k":102,"n":65,"t":1,"u":0,"v":0,"w":0.78,"x":1.244,"y":-77.064
},{
"c":0,"g":0,"h":0.78,"i":0,"k":103,"n":70,"t":1,"u":0,"v":0,"w":0.78,"x":1.244,"y":-77.064
},{
"c":0,"g":0,"h":0.78,"i":0,"k":101,"n":75,"t":1,"u":0,"v":0,"w":0.78,"x":1.244,"y":-77.064
}
]
},{
"f":[
{
"c":0,"g":0,"h":0.78,"i":0,"k":34,"n":0,"t":1,"u":0,"v":0,"w":0.78,"x":1.244,"y":-77.064
},{
"c":0,"g":0,"h":0.78,"i":0,"k":32,"n":5,"t":1,"u":0,"v":0,"w":0.78,"x":1.244,"y":-77.064
},{
"c":0,"g":0,"h":0.78,"i":0,"k":29,"n":10,"t":1,"u":0,"v":0,"w":0.78,"x":1.244,"y":-77.064
},{
"c":0,"g":0,"h":0.78,"i":0,"k":32,"n":15,"t":1,"u":0,"v":0,"w":0.78,"x":1.244,"y":-77.064
},{
"c":0,"g":0,"h":0.78,"i":0,"k":34,"n":20,"t":1,"u":0,"v":0,"w":0.78,"x":1.244,"y":-77.064
},{
"c":0,"g":0,"h":0.78,"i":0,"k":32,"n":25,"t":1,"u":0,"v":0,"w":0.78,"x":1.244,"y":-77.064
},{
"c":0,"g":0,"h":0.78,"i":0,"k":29,"n":30,"t":1,"u":0,"v":0,"w":0.78,"x":1.244,"y":-77.064
},{
"c":0,"g":0,"h":0.78,"i":0,"k":32,"n":35,"t":1,"u":0,"v":0,"w":0.78,"x":1.244,"y":-77.064
},{
"c":0,"g":0,"h":0.78,"i":0,"k":34,"n":40,"t":1,"u":0,"v":0,"w":0.78,"x":1.244,"y":-77.064
},{
"c":0,"g":0,"h":0.78,"i":0,"k":32,"n":45,"t":1,"u":0,"v":0,"w":0.78,"x":1.244,"y":-77.064
},{
"c":0,"g":0,"h":0.78,"i":0,"k":29,"n":50,"t":1,"u":0,"v":0,"w":0.78,"x":1.244,"y":-77.064
},{
"c":0,"g":0,"h":0.78,"i":0,"k":32,"n":55,"t":1,"u":0,"v":0,"w":0.78,"x":1.244,"y":-77.064
},{
"c":0,"g":0,"h":0.78,"i":0,"k":34,"n":60,"t":1,"u":0,"v":0,"w":0.78,"x":1.244,"y":-77.064
},{
"c":0,"g":0,"h":0.78,"i":0,"k":32,"n":65,"t":1,"u":0,"v":0,"w":0.78,"x":1.244,"y":-77.064
},{
"c":0,"g":0,"h":0.78,"i":0,"k":29,"n":70,"t":1,"u":0,"v":0,"w":0.78,"x":1.244,"y":-77.064
},{
"c":0,"g":0,"h":0.78,"i":0,"k":31,"n":75,"t":1,"u":0,"v":0,"w":0.78,"x":1.244,"y":-77.064
}
]
}
],"n":"ani_npc_ben_3_stand","r":30
},{
"f":36,"l":[
{
"f":[
{
"c":0,"g":0,"h":1.193,"i":0,"k":86,"n":0,"t":1,"u":4.938,"v":72.665,"w":0.864,"x":-0.632,"y":-82.253
}
]
},{
"f":[
{
"c":0,"g":0,"h":0.78,"i":1,"k":80,"n":0,"t":1,"u":0,"v":0,"w":0.78,"x":1.244,"y":-77.064
},{
"c":0,"g":0,"h":0.78,"i":1,"k":42,"n":4,"t":1,"u":0,"v":0,"w":0.78,"x":1.244,"y":-77.064
},{
"c":0,"g":0,"h":0.78,"i":1,"k":28,"n":8,"t":1,"u":0,"v":0,"w":0.78,"x":1.244,"y":-77.064
},{
"c":0,"g":0,"h":0.78,"i":1,"k":18,"n":12,"t":1,"u":0,"v":0,"w":0.78,"x":1.244,"y":-77.064
},{
"c":0,"g":0,"h":0.78,"i":1,"k":10,"n":16,"t":1,"u":0,"v":0,"w":0.78,"x":1.244,"y":-77.064
},{
"c":0,"g":0,"h":0.78,"i":1,"k":18,"n":24,"t":1,"u":0,"v":0,"w":0.78,"x":1.244,"y":-77.064
},{
"c":0,"g":0,"h":0.78,"i":1,"k":28,"n":28,"t":1,"u":0,"v":0,"w":0.78,"x":1.244,"y":-77.064
},{
"c":0,"g":0,"h":0.78,"i":1,"k":42,"n":32,"t":1,"u":0,"v":0,"w":0.78,"x":1.244,"y":-77.064
}
]
},{
"f":[
{
"c":0,"g":0,"h":0.78,"i":0,"k":34,"n":0,"t":1,"u":0,"v":0,"w":0.78,"x":1.244,"y":-77.064
},{
"c":0,"g":0,"h":0.78,"i":0,"k":68,"n":4,"t":1,"u":0,"v":0,"w":0.78,"x":1.244,"y":-77.064
},{
"c":0,"g":0,"h":0.78,"i":1,"k":5,"n":8,"t":1,"u":0,"v":0,"w":0.78,"x":1.244,"y":-77.064
},{
"c":0,"g":0,"h":0.78,"i":1,"k":31,"n":12,"t":1,"u":0,"v":0,"w":0.78,"x":1.244,"y":-77.064
},{
"c":0,"g":0,"h":0.78,"i":1,"k":29,"n":16,"t":1,"u":0,"v":0,"w":0.78,"x":1.244,"y":-77.064
},{
"c":0,"g":0,"h":0.78,"i":1,"k":31,"n":24,"t":1,"u":0,"v":0,"w":0.78,"x":1.244,"y":-77.064
},{
"c":0,"g":0,"h":0.78,"i":1,"k":5,"n":28,"t":1,"u":0,"v":0,"w":0.78,"x":1.244,"y":-77.064
},{
"c":0,"g":0,"h":0.78,"i":0,"k":68,"n":32,"t":1,"u":0,"v":0,"w":0.78,"x":1.244,"y":-77.064
}
]
}
],"n":"ani_npc_ben_3_idle","r":30
},{
"f":77,"l":[
{
"f":[
{
"c":0,"g":0,"h":1.193,"i":0,"k":86,"n":0,"t":1,"u":4.938,"v":72.665,"w":0.864,"x":-0.632,"y":-82.253
}
]
},{
"f":[
{
"c":0,"g":0,"h":0.78,"i":1,"k":75,"n":0,"t":1,"u":0,"v":0,"w":0.78,"x":1.244,"y":-77.064
},{
"c":0,"g":0,"h":0.78,"i":1,"k":74,"n":5,"t":1,"u":0,"v":0,"w":0.78,"x":1.244,"y":-77.064
},{
"c":0,"g":0,"h":0.78,"i":1,"k":73,"n":10,"t":1,"u":0,"v":0,"w":0.78,"x":1.244,"y":-77.064
},{
"c":0,"g":0,"h":0.78,"i":1,"k":74,"n":15,"t":1,"u":0,"v":0,"w":0.78,"x":1.244,"y":-77.064
},{
"c":0,"g":0,"h":0.78,"i":1,"k":75,"n":20,"t":1,"u":0,"v":0,"w":0.78,"x":1.244,"y":-77.064
},{
"c":0,"g":0,"h":0.78,"i":1,"k":74,"n":24,"t":1,"u":0,"v":0,"w":0.78,"x":1.244,"y":-77.064
},{
"c":0,"g":0,"h":0.78,"i":1,"k":73,"n":29,"t":1,"u":0,"v":0,"w":0.78,"x":1.244,"y":-77.064
},{
"c":0,"g":0,"h":0.78,"i":1,"k":74,"n":34,"t":1,"u":0,"v":0,"w":0.78,"x":1.244,"y":-77.064
},{
"c":0,"g":0,"h":0.78,"i":1,"k":75,"n":39,"t":1,"u":0,"v":0,"w":0.78,"x":1.244,"y":-77.064
},{
"c":0,"g":0,"h":0.78,"i":1,"k":74,"n":43,"t":1,"u":0,"v":0,"w":0.78,"x":1.244,"y":-77.064
},{
"c":0,"g":0,"h":0.78,"i":1,"k":73,"n":48,"t":1,"u":0,"v":0,"w":0.78,"x":1.244,"y":-77.064
},{
"c":0,"g":0,"h":0.78,"i":1,"k":74,"n":53,"t":1,"u":0,"v":0,"w":0.78,"x":1.244,"y":-77.064
},{
"c":0,"g":0,"h":0.78,"i":1,"k":75,"n":58,"t":1,"u":0,"v":0,"w":0.78,"x":1.244,"y":-77.064
},{
"c":0,"g":0,"h":0.78,"i":1,"k":74,"n":62,"t":1,"u":0,"v":0,"w":0.78,"x":1.244,"y":-77.064
},{
"c":0,"g":0,"h":0.78,"i":1,"k":73,"n":67,"t":1,"u":0,"v":0,"w":0.78,"x":1.244,"y":-77.064
},{
"c":0,"g":0,"h":0.78,"i":1,"k":72,"n":72,"t":1,"u":0,"v":0,"w":0.78,"x":1.244,"y":-77.064
}
]
},{
"f":[
{
"c":0,"g":0,"h":0.78,"i":0,"k":45,"n":0,"t":1,"u":0,"v":0,"w":0.78,"x":1.244,"y":-77.064
},{
"c":0,"g":0,"h":0.78,"i":0,"k":37,"n":5,"t":1,"u":0,"v":0,"w":0.78,"x":1.244,"y":-77.064
},{
"c":0,"g":0,"h":0.78,"i":0,"k":36,"n":10,"t":1,"u":0,"v":0,"w":0.78,"x":1.244,"y":-77.064
},{
"c":0,"g":0,"h":0.78,"i":0,"k":37,"n":15,"t":1,"u":0,"v":0,"w":0.78,"x":1.244,"y":-77.064
},{
"c":0,"g":0,"h":0.78,"i":0,"k":45,"n":20,"t":1,"u":0,"v":0,"w":0.78,"x":1.244,"y":-77.064
},{
"c":0,"g":0,"h":0.78,"i":0,"k":37,"n":24,"t":1,"u":0,"v":0,"w":0.78,"x":1.244,"y":-77.064
},{
"c":0,"g":0,"h":0.78,"i":0,"k":36,"n":29,"t":1,"u":0,"v":0,"w":0.78,"x":1.244,"y":-77.064
},{
"c":0,"g":0,"h":0.78,"i":0,"k":37,"n":34,"t":1,"u":0,"v":0,"w":0.78,"x":1.244,"y":-77.064
},{
"c":0,"g":0,"h":0.78,"i":0,"k":45,"n":39,"t":1,"u":0,"v":0,"w":0.78,"x":1.244,"y":-77.064
},{
"c":0,"g":0,"h":0.78,"i":0,"k":37,"n":43,"t":1,"u":0,"v":0,"w":0.78,"x":1.244,"y":-77.064
},{
"c":0,"g":0,"h":0.78,"i":0,"k":36,"n":48,"t":1,"u":0,"v":0,"w":0.78,"x":1.244,"y":-77.064
},{
"c":0,"g":0,"h":0.78,"i":0,"k":37,"n":53,"t":1,"u":0,"v":0,"w":0.78,"x":1.244,"y":-77.064
},{
"c":0,"g":0,"h":0.78,"i":0,"k":45,"n":58,"t":1,"u":0,"v":0,"w":0.78,"x":1.244,"y":-77.064
},{
"c":0,"g":0,"h":0.78,"i":0,"k":37,"n":62,"t":1,"u":0,"v":0,"w":0.78,"x":1.244,"y":-77.064
},{
"c":0,"g":0,"h":0.78,"i":0,"k":36,"n":67,"t":1,"u":0,"v":0,"w":0.78,"x":1.244,"y":-77.064
},{
"c":0,"g":0,"h":0.78,"i":0,"k":44,"n":72,"t":1,"u":0,"v":0,"w":0.78,"x":1.244,"y":-77.064
}
]
}
],"n":"ani_npc_ben_2_stand","r":30
},{
"f":36,"l":[
{
"f":[
{
"c":0,"g":0,"h":1.193,"i":0,"k":86,"n":0,"t":1,"u":4.938,"v":72.665,"w":0.864,"x":-0.632,"y":-82.253
}
]
},{
"f":[
{
"c":0,"g":0,"h":0.78,"i":1,"k":75,"n":0,"t":1,"u":0,"v":0,"w":0.78,"x":1.244,"y":-77.064
},{
"c":0,"g":0,"h":0.78,"i":0,"k":82,"n":4,"t":1,"u":0,"v":0,"w":0.78,"x":1.244,"y":-77.064
},{
"c":0,"g":0,"h":0.78,"i":1,"k":21,"n":8,"t":1,"u":0,"v":0,"w":0.78,"x":1.244,"y":-77.064
},{
"c":0,"g":0,"h":0.78,"i":0,"k":80,"n":12,"t":1,"u":0,"v":0,"w":0.78,"x":1.244,"y":-77.064
},{
"c":0,"g":0,"h":0.78,"i":0,"k":79,"n":16,"t":1,"u":0,"v":0,"w":0.78,"x":1.244,"y":-77.064
},{
"c":0,"g":0,"h":0.78,"i":0,"k":80,"n":24,"t":1,"u":0,"v":0,"w":0.78,"x":1.244,"y":-77.064
},{
"c":0,"g":0,"h":0.78,"i":1,"k":21,"n":28,"t":1,"u":0,"v":0,"w":0.78,"x":1.244,"y":-77.064
},{
"c":0,"g":0,"h":0.78,"i":0,"k":82,"n":32,"t":1,"u":0,"v":0,"w":0.78,"x":1.244,"y":-77.064
}
]
},{
"f":[
{
"c":0,"g":0,"h":0.78,"i":0,"k":45,"n":0,"t":1,"u":0,"v":0,"w":0.78,"x":1.244,"y":-77.064
},{
"c":0,"g":0,"h":0.78,"i":0,"k":66,"n":4,"t":1,"u":0,"v":0,"w":0.78,"x":1.244,"y":-77.064
},{
"c":0,"g":0,"h":0.78,"i":1,"k":6,"n":8,"t":1,"u":0,"v":0,"w":0.78,"x":1.244,"y":-77.064
},{
"c":0,"g":0,"h":0.78,"i":1,"k":34,"n":12,"t":1,"u":0,"v":0,"w":0.78,"x":1.244,"y":-77.064
},{
"c":0,"g":0,"h":0.78,"i":1,"k":32,"n":16,"t":1,"u":0,"v":0,"w":0.78,"x":1.244,"y":-77.064
},{
"c":0,"g":0,"h":0.78,"i":1,"k":34,"n":24,"t":1,"u":0,"v":0,"w":0.78,"x":1.244,"y":-77.064
},{
"c":0,"g":0,"h":0.78,"i":1,"k":6,"n":28,"t":1,"u":0,"v":0,"w":0.78,"x":1.244,"y":-77.064
},{
"c":0,"g":0,"h":0.78,"i":0,"k":66,"n":32,"t":1,"u":0,"v":0,"w":0.78,"x":1.244,"y":-77.064
}
]
}
],"n":"ani_npc_ben_2_idle","r":30
},{
"f":80,"l":[
{
"f":[
{
"c":0,"g":0,"h":1.193,"i":0,"k":86,"n":0,"t":1,"u":4.938,"v":72.665,"w":0.864,"x":-0.632,"y":-82.253
}
]
},{
"f":[
{
"c":0,"g":0,"h":0.778,"i":1,"k":79,"n":0,"t":1,"u":0.722,"v":107.601,"w":0.78,"x":1.244,"y":-76.859
},{
"c":0,"g":0,"h":0.78,"i":1,"k":78,"n":5,"t":1,"u":0,"v":0,"w":0.78,"x":1.244,"y":-77.064
},{
"c":0,"g":0,"h":0.78,"i":1,"k":77,"n":10,"t":1,"u":0,"v":0,"w":0.78,"x":1.244,"y":-77.064
},{
"c":0,"g":0,"h":0.78,"i":1,"k":78,"n":15,"t":1,"u":0,"v":0,"w":0.78,"x":1.244,"y":-77.064
},{
"c":0,"g":0,"h":0.778,"i":1,"k":79,"n":20,"t":1,"u":0.722,"v":107.601,"w":0.78,"x":1.244,"y":-76.859
},{
"c":0,"g":0,"h":0.78,"i":1,"k":78,"n":25,"t":1,"u":0,"v":0,"w":0.78,"x":1.244,"y":-77.064
},{
"c":0,"g":0,"h":0.78,"i":1,"k":77,"n":30,"t":1,"u":0,"v":0,"w":0.78,"x":1.244,"y":-77.064
},{
"c":0,"g":0,"h":0.78,"i":1,"k":78,"n":35,"t":1,"u":0,"v":0,"w":0.78,"x":1.244,"y":-77.064
},{
"c":0,"g":0,"h":0.778,"i":1,"k":79,"n":40,"t":1,"u":0.722,"v":107.601,"w":0.78,"x":1.244,"y":-76.859
},{
"c":0,"g":0,"h":0.78,"i":1,"k":78,"n":45,"t":1,"u":0,"v":0,"w":0.78,"x":1.244,"y":-77.064
},{
"c":0,"g":0,"h":0.78,"i":1,"k":77,"n":50,"t":1,"u":0,"v":0,"w":0.78,"x":1.244,"y":-77.064
},{
"c":0,"g":0,"h":0.78,"i":1,"k":78,"n":55,"t":1,"u":0,"v":0,"w":0.78,"x":1.244,"y":-77.064
},{
"c":0,"g":0,"h":0.778,"i":1,"k":79,"n":60,"t":1,"u":0.722,"v":107.601,"w":0.78,"x":1.244,"y":-76.859
},{
"c":0,"g":0,"h":0.78,"i":1,"k":78,"n":65,"t":1,"u":0,"v":0,"w":0.78,"x":1.244,"y":-77.064
},{
"c":0,"g":0,"h":0.78,"i":1,"k":77,"n":70,"t":1,"u":0,"v":0,"w":0.78,"x":1.244,"y":-77.064
},{
"c":0,"g":0,"h":0.78,"i":1,"k":76,"n":75,"t":1,"u":0,"v":0,"w":0.78,"x":1.244,"y":-77.064
}
]
},{
"f":[
{
"c":0,"g":0,"h":0.778,"i":0,"k":43,"n":0,"t":1,"u":0.722,"v":107.601,"w":0.78,"x":1.244,"y":-76.859
},{
"c":0,"g":0,"h":0.78,"i":0,"k":40,"n":5,"t":1,"u":0,"v":0,"w":0.78,"x":1.244,"y":-77.064
},{
"c":0,"g":0,"h":0.78,"i":0,"k":35,"n":10,"t":1,"u":0,"v":0,"w":0.78,"x":1.244,"y":-77.064
},{
"c":0,"g":0,"h":0.78,"i":0,"k":40,"n":15,"t":1,"u":0,"v":0,"w":0.78,"x":1.244,"y":-77.064
},{
"c":0,"g":0,"h":0.778,"i":0,"k":43,"n":20,"t":1,"u":0.722,"v":107.601,"w":0.78,"x":1.244,"y":-76.859
},{
"c":0,"g":0,"h":0.78,"i":0,"k":40,"n":25,"t":1,"u":0,"v":0,"w":0.78,"x":1.244,"y":-77.064
},{
"c":0,"g":0,"h":0.78,"i":0,"k":35,"n":30,"t":1,"u":0,"v":0,"w":0.78,"x":1.244,"y":-77.064
},{
"c":0,"g":0,"h":0.78,"i":0,"k":40,"n":35,"t":1,"u":0,"v":0,"w":0.78,"x":1.244,"y":-77.064
},{
"c":0,"g":0,"h":0.778,"i":0,"k":43,"n":40,"t":1,"u":0.722,"v":107.601,"w":0.78,"x":1.244,"y":-76.859
},{
"c":0,"g":0,"h":0.78,"i":0,"k":40,"n":45,"t":1,"u":0,"v":0,"w":0.78,"x":1.244,"y":-77.064
},{
"c":0,"g":0,"h":0.78,"i":0,"k":35,"n":50,"t":1,"u":0,"v":0,"w":0.78,"x":1.244,"y":-77.064
},{
"c":0,"g":0,"h":0.78,"i":0,"k":40,"n":55,"t":1,"u":0,"v":0,"w":0.78,"x":1.244,"y":-77.064
},{
"c":0,"g":0,"h":0.778,"i":0,"k":43,"n":60,"t":1,"u":0.722,"v":107.601,"w":0.78,"x":1.244,"y":-76.859
},{
"c":0,"g":0,"h":0.78,"i":0,"k":40,"n":65,"t":1,"u":0,"v":0,"w":0.78,"x":1.244,"y":-77.064
},{
"c":0,"g":0,"h":0.78,"i":0,"k":35,"n":70,"t":1,"u":0,"v":0,"w":0.78,"x":1.244,"y":-77.064
},{
"c":0,"g":0,"h":0.78,"i":0,"k":39,"n":75,"t":1,"u":0,"v":0,"w":0.78,"x":1.244,"y":-77.064
}
]
}
],"n":"ani_npc_ben_1_stand","r":30
},{
"f":36,"l":[
{
"f":[
{
"c":0,"g":0,"h":1.193,"i":0,"k":86,"n":0,"t":1,"u":4.938,"v":72.665,"w":0.864,"x":-0.632,"y":-82.253
}
]
},{
"f":[
{
"c":0,"g":0,"h":0.78,"i":1,"k":79,"n":0,"t":1,"u":0,"v":0,"w":0.78,"x":1.244,"y":-77.064
},{
"c":0,"g":0,"h":0.78,"i":0,"k":83,"n":4,"t":1,"u":0,"v":0,"w":0.78,"x":1.244,"y":-77.064
},{
"c":0,"g":0,"h":0.78,"i":1,"k":24,"n":8,"t":1,"u":0,"v":0,"w":0.78,"x":1.244,"y":-77.064
},{
"c":0,"g":0,"h":0.78,"i":0,"k":81,"n":12,"t":1,"u":0,"v":0,"w":0.78,"x":1.244,"y":-77.064
},{
"c":0,"g":0,"h":0.78,"i":1,"k":9,"n":16,"t":1,"u":0,"v":0,"w":0.78,"x":1.244,"y":-77.064
},{
"c":0,"g":0,"h":0.78,"i":0,"k":81,"n":24,"t":1,"u":0,"v":0,"w":0.78,"x":1.244,"y":-77.064
},{
"c":0,"g":0,"h":0.78,"i":1,"k":24,"n":28,"t":1,"u":0,"v":0,"w":0.78,"x":1.244,"y":-77.064
},{
"c":0,"g":0,"h":0.78,"i":0,"k":83,"n":32,"t":1,"u":0,"v":0,"w":0.78,"x":1.244,"y":-77.064
}
]
},{
"f":[
{
"c":0,"g":0,"h":0.78,"i":0,"k":43,"n":0,"t":1,"u":0,"v":0,"w":0.78,"x":1.244,"y":-77.064
},{
"c":0,"g":0,"h":0.78,"i":0,"k":67,"n":4,"t":1,"u":0,"v":0,"w":0.78,"x":1.244,"y":-77.064
},{
"c":0,"g":0,"h":0.78,"i":1,"k":7,"n":8,"t":1,"u":0,"v":0,"w":0.78,"x":1.244,"y":-77.064
},{
"c":0,"g":0,"h":0.78,"i":1,"k":35,"n":12,"t":1,"u":0,"v":0,"w":0.78,"x":1.244,"y":-77.064
},{
"c":0,"g":0,"h":0.78,"i":1,"k":33,"n":16,"t":1,"u":0,"v":0,"w":0.78,"x":1.244,"y":-77.064
},{
"c":0,"g":0,"h":0.78,"i":1,"k":35,"n":24,"t":1,"u":0,"v":0,"w":0.78,"x":1.244,"y":-77.064
},{
"c":0,"g":0,"h":0.78,"i":1,"k":7,"n":28,"t":1,"u":0,"v":0,"w":0.78,"x":1.244,"y":-77.064
},{
"c":0,"g":0,"h":0.78,"i":0,"k":67,"n":32,"t":1,"u":0,"v":0,"w":0.78,"x":1.244,"y":-77.064
}
]
}
],"n":"ani_npc_ben_1_idle","r":30
}
],"atlas":[
[
{
"h":194,"n":"","p":47,"q":102,"w":82,"x":1,"y":1
},{
"h":194,"n":"","p":46,"q":102,"w":81,"x":1,"y":196
},{
"h":194,"n":"","p":45,"q":102,"w":79,"x":1,"y":391
},{
"h":197,"n":"","p":38,"q":102,"w":71,"x":1,"y":586
},{
"h":196,"n":"","p":35,"q":102,"w":70,"x":1,"y":784
},{
"h":196,"n":"","p":38,"q":102,"w":70,"x":84,"y":1
},{
"h":130,"n":"","p":43,"q":21,"w":104,"x":155,"y":1
},{
"h":200,"n":"","p":35,"q":104,"w":67,"x":84,"y":198
},{
"h":200,"n":"","p":35,"q":104,"w":67,"x":84,"y":399
},{
"h":199,"n":"","p":35,"q":103,"w":67,"x":84,"y":600
},{
"h":196,"n":"","p":34,"q":102,"w":68,"x":84,"y":800
},{
"h":131,"n":"","p":44,"q":22,"w":100,"x":155,"y":132
},{
"h":161,"n":"","p":33,"q":48,"w":81,"x":155,"y":264
},{
"h":197,"n":"","p":33,"q":103,"w":66,"x":155,"y":426
},{
"h":197,"n":"","p":33,"q":103,"w":66,"x":155,"y":624
},{
"h":160,"n":"","p":33,"q":47,"w":81,"x":155,"y":822
},{
"h":130,"n":"","p":43,"q":21,"w":99,"x":260,"y":1
},{
"h":130,"n":"","p":43,"q":21,"w":99,"x":360,"y":1
},{
"h":197,"n":"","p":33,"q":103,"w":65,"x":256,"y":132
},{
"h":197,"n":"","p":33,"q":103,"w":65,"x":256,"y":330
},{
"h":158,"n":"","p":33,"q":45,"w":81,"x":322,"y":132
},{
"h":129,"n":"","p":43,"q":20,"w":99,"x":460,"y":1
},{
"h":196,"n":"","p":33,"q":101,"w":65,"x":256,"y":528
},{
"h":198,"n":"","p":32,"q":104,"w":64,"x":256,"y":725
},{
"h":200,"n":"","p":32,"q":105,"w":63,"x":322,"y":291
},{
"h":198,"n":"","p":32,"q":104,"w":63,"x":322,"y":492
},{
"h":199,"n":"","p":32,"q":104,"w":62,"x":322,"y":691
},{
"h":199,"n":"","p":32,"q":104,"w":62,"x":386,"y":291
},{
"h":198,"n":"","p":32,"q":103,"w":62,"x":386,"y":491
},{
"h":198,"n":"","p":34,"q":102,"w":61,"x":386,"y":690
},{
"h":145,"n":"","p":33,"q":32,"w":83,"x":404,"y":132
},{
"h":196,"n":"","p":33,"q":101,"w":59,"x":449,"y":291
},{
"h":196,"n":"","p":33,"q":101,"w":59,"x":509,"y":291
},{
"h":192,"n":"","p":34,"q":99,"w":60,"x":569,"y":291
},{
"h":195,"n":"","p":33,"q":100,"w":59,"x":630,"y":291
},{
"h":196,"n":"","p":31,"q":101,"w":58,"x":690,"y":291
},{
"h":195,"n":"","p":31,"q":100,"w":58,"x":749,"y":291
},{
"h":194,"n":"","p":31,"q":99,"w":58,"x":808,"y":291
},{
"h":190,"n":"","p":34,"q":99,"w":59,"x":867,"y":291
},{
"h":196,"n":"","p":30,"q":101,"w":57,"x":927,"y":291
},{
"h":196,"n":"","p":30,"q":101,"w":57,"x":449,"y":488
},{
"h":169,"n":"","p":24,"q":56,"w":66,"x":507,"y":488
},{
"h":168,"n":"","p":24,"q":55,"w":66,"x":507,"y":658
},{
"h":195,"n":"","p":30,"q":100,"w":56,"x":449,"y":685
},{
"h":194,"n":"","p":30,"q":99,"w":56,"x":507,"y":827
},{
"h":194,"n":"","p":30,"q":99,"w":56,"x":574,"y":488
},{
"h":116,"n":"","p":34,"q":90,"w":91,"x":560,"y":1
},{
"h":127,"n":"","p":33,"q":14,"w":81,"x":652,"y":1
},{
"h":187,"n":"","p":27,"q":92,"w":55,"x":574,"y":683
},{
"h":186,"n":"","p":27,"q":91,"w":55,"x":631,"y":488
},{
"h":142,"n":"","p":34,"q":34,"w":72,"x":488,"y":132
},{
"h":126,"n":"","p":33,"q":13,"w":81,"x":734,"y":1
},{
"h":185,"n":"","p":27,"q":90,"w":55,"x":687,"y":488
},{
"h":125,"n":"","p":33,"q":12,"w":81,"x":816,"y":1
},{
"h":125,"n":"","p":33,"q":12,"w":81,"x":898,"y":1
},{
"h":140,"n":"","p":34,"q":32,"w":72,"x":561,"y":132
},{
"h":124,"n":"","p":33,"q":11,"w":81,"x":634,"y":132
},{
"h":159,"n":"","p":21,"q":46,"w":63,"x":743,"y":488
},{
"h":159,"n":"","p":21,"q":46,"w":63,"x":807,"y":488
},{
"h":140,"n":"","p":34,"q":32,"w":71,"x":716,"y":132
},{
"h":139,"n":"","p":34,"q":31,"w":71,"x":788,"y":132
},{
"h":119,"n":"","p":34,"q":91,"w":80,"x":860,"y":132
},{
"h":119,"n":"","p":34,"q":92,"w":80,"x":941,"y":132
},{
"h":119,"n":"","p":34,"q":91,"w":80,"x":871,"y":488
},{
"h":119,"n":"","p":34,"q":90,"w":80,"x":631,"y":675
},{
"h":144,"n":"","p":23,"q":30,"w":64,"x":952,"y":488
},{
"h":110,"n":"","p":43,"q":100,"w":83,"x":712,"y":675
},{
"h":110,"n":"","p":43,"q":100,"w":83,"x":796,"y":675
},{
"h":110,"n":"","p":42,"q":100,"w":81,"x":880,"y":675
},{
"h":118,"n":"","p":34,"q":89,"w":74,"x":631,"y":795
},{
"h":109,"n":"","p":34,"q":91,"w":80,"x":631,"y":914
},{
"h":109,"n":"","p":34,"q":92,"w":80,"x":712,"y":786
},{
"h":109,"n":"","p":34,"q":91,"w":80,"x":712,"y":896
},{
"h":109,"n":"","p":34,"q":90,"w":80,"x":793,"y":786
},{
"h":132,"n":"","p":23,"q":19,"w":65,"x":874,"y":786
},{
"h":98,"n":"","p":30,"q":91,"w":87,"x":874,"y":919
},{
"h":133,"n":"","p":21,"q":20,"w":63,"x":322,"y":891
},{
"h":108,"n":"","p":34,"q":90,"w":75,"x":793,"y":896
},{
"h":128,"n":"","p":22,"q":14,"w":63,"x":940,"y":786
},{
"h":134,"n":"","p":21,"q":22,"w":60,"x":386,"y":889
},{
"h":136,"n":"","p":21,"q":24,"w":56,"x":449,"y":881
},{
"h":136,"n":"","p":21,"q":24,"w":55,"x":574,"y":871
},{
"h":103,"n":"","p":21,"q":-9,"w":56,"x":962,"y":675
},{
"h":103,"n":"","p":21,"q":-9,"w":55,"x":962,"y":919
},{
"h":62,"n":"","p":21,"q":92,"w":78,"x":871,"y":608
},{
"h":92,"n":"","p":15,"q":-16,"w":52,"x":256,"y":924
},{
"h":22,"n":"","p":41,"q":-62,"w":92,"x":155,"y":983
},{
"h":24,"n":"","p":22,"q":-90,"w":63,"x":1,"y":981
},{
"h":21,"n":"","p":25,"q":-93,"w":67,"x":84,"y":997
},{
"h":21,"n":"","p":25,"q":-93,"w":67,"x":634,"y":257
},{
"h":21,"n":"","p":25,"q":-93,"w":67,"x":860,"y":252
},{
"h":21,"n":"","p":25,"q":-93,"w":67,"x":941,"y":252
},{
"h":22,"n":"","p":22,"q":-92,"w":63,"x":743,"y":648
},{
"h":18,"n":"","p":28,"q":-91,"w":73,"x":1,"y":1006
},{
"h":18,"n":"","p":28,"q":-91,"w":73,"x":155,"y":1006
},{
"h":18,"n":"","p":28,"q":-91,"w":73,"x":712,"y":1006
},{
"h":20,"n":"","p":22,"q":-94,"w":63,"x":807,"y":648
},{
"h":20,"n":"","p":22,"q":-94,"w":63,"x":952,"y":633
},{
"h":20,"n":"","p":22,"q":-94,"w":63,"x":952,"y":654
},{
"h":19,"n":"","p":23,"q":-94,"w":65,"x":793,"y":1005
},{
"h":18,"n":"","p":21,"q":-94,"w":56,"x":788,"y":272
},{
"h":17,"n":"","p":20,"q":-94,"w":53,"x":561,"y":273
},{
"h":17,"n":"","p":20,"q":-94,"w":53,"x":716,"y":273
},{
"h":16,"n":"","p":20,"q":-95,"w":53,"x":860,"y":274
}
],[
{
"h":134,"n":"","p":22,"q":20,"w":63,"x":1,"y":1
},{
"h":89,"n":"","p":48,"q":100,"w":94,"x":65,"y":1
},{
"h":89,"n":"","p":48,"q":101,"w":94,"x":160,"y":1
},{
"h":89,"n":"","p":48,"q":100,"w":94,"x":255,"y":1
},{
"h":89,"n":"","p":48,"q":99,"w":94,"x":350,"y":1
},{
"h":90,"n":"","p":46,"q":100,"w":91,"x":1,"y":136
},{
"h":90,"n":"","p":45,"q":100,"w":90,"x":93,"y":136
},{
"h":90,"n":"","p":45,"q":100,"w":90,"x":184,"y":136
},{
"h":128,"n":"","p":22,"q":14,"w":63,"x":445,"y":1
},{
"h":134,"n":"","p":21,"q":22,"w":60,"x":1,"y":227
},{
"h":132,"n":"","p":21,"q":21,"w":60,"x":62,"y":227
},{
"h":88,"n":"","p":46,"q":101,"w":87,"x":275,"y":136
},{
"h":86,"n":"","p":43,"q":99,"w":86,"x":363,"y":136
},{
"h":104,"n":"","p":37,"q":101,"w":71,"x":123,"y":227
},{
"h":68,"n":"","p":55,"q":99,"w":108,"x":195,"y":227
},{
"h":115,"n":"","p":22,"q":1,"w":63,"x":304,"y":227
},{
"h":105,"n":"","p":36,"q":105,"w":69,"x":368,"y":227
},{
"h":102,"n":"","p":34,"q":-6,"w":71,"x":438,"y":227
},{
"h":134,"n":"","p":21,"q":23,"w":54,"x":1,"y":362
},{
"h":112,"n":"","p":22,"q":-2,"w":63,"x":56,"y":362
},{
"h":82,"n":"","p":46,"q":101,"w":86,"x":120,"y":362
},{
"h":123,"n":"","p":21,"q":11,"w":56,"x":207,"y":362
},{
"h":84,"n":"","p":47,"q":102,"w":81,"x":264,"y":362
},{
"h":59,"n":"","p":59,"q":106,"w":115,"x":346,"y":362
},{
"h":123,"n":"","p":21,"q":11,"w":55,"x":1,"y":497
},{
"h":57,"n":"","p":61,"q":101,"w":118,"x":346,"y":422
},{
"h":56,"n":"","p":61,"q":102,"w":118,"x":57,"y":497
},{
"h":88,"n":"","p":39,"q":101,"w":75,"x":57,"y":554
},{
"h":122,"n":"","p":21,"q":11,"w":54,"x":1,"y":621
},{
"h":82,"n":"","p":38,"q":102,"w":80,"x":133,"y":554
},{
"h":83,"n":"","p":44,"q":102,"w":78,"x":214,"y":554
},{
"h":79,"n":"","p":39,"q":101,"w":81,"x":293,"y":554
},{
"h":81,"n":"","p":37,"q":102,"w":79,"x":375,"y":554
},{
"h":81,"n":"","p":37,"q":102,"w":79,"x":57,"y":643
},{
"h":78,"n":"","p":39,"q":101,"w":81,"x":137,"y":643
},{
"h":78,"n":"","p":39,"q":101,"w":81,"x":219,"y":643
},{
"h":72,"n":"","p":48,"q":101,"w":85,"x":301,"y":643
},{
"h":84,"n":"","p":38,"q":105,"w":70,"x":57,"y":725
},{
"h":83,"n":"","p":37,"q":103,"w":70,"x":57,"y":810
},{
"h":84,"n":"","p":37,"q":104,"w":69,"x":57,"y":894
},{
"h":84,"n":"","p":37,"q":104,"w":69,"x":137,"y":722
},{
"h":84,"n":"","p":37,"q":103,"w":69,"x":137,"y":807
},{
"h":102,"n":"","p":21,"q":-9,"w":54,"x":1,"y":744
},{
"h":91,"n":"","p":15,"q":-17,"w":52,"x":1,"y":847
},{
"h":91,"n":"","p":15,"q":-17,"w":52,"x":137,"y":892
},{
"h":91,"n":"","p":15,"q":-17,"w":52,"x":207,"y":722
},{
"h":90,"n":"","p":15,"q":-18,"w":52,"x":450,"y":136
},{
"h":60,"n":"","p":21,"q":91,"w":78,"x":195,"y":296
},{
"h":57,"n":"","p":51,"q":102,"w":80,"x":387,"y":643
},{
"h":57,"n":"","p":49,"q":102,"w":78,"x":260,"y":722
},{
"h":60,"n":"","p":21,"q":91,"w":71,"x":260,"y":780
},{
"h":83,"n":"","p":18,"q":-25,"w":51,"x":1,"y":939
},{
"h":57,"n":"","p":21,"q":90,"w":71,"x":339,"y":722
},{
"h":48,"n":"","p":54,"q":102,"w":79,"x":120,"y":445
},{
"h":82,"n":"","p":13,"q":-26,"w":46,"x":455,"y":554
},{
"h":80,"n":"","p":14,"q":-28,"w":47,"x":207,"y":814
},{
"h":81,"n":"","p":13,"q":-27,"w":46,"x":207,"y":895
},{
"h":81,"n":"","p":13,"q":-27,"w":46,"x":260,"y":841
},{
"h":80,"n":"","p":13,"q":-28,"w":46,"x":260,"y":923
},{
"h":47,"n":"","p":52,"q":102,"w":76,"x":264,"y":447
},{
"h":20,"n":"","p":22,"q":-94,"w":63,"x":65,"y":91
},{
"h":20,"n":"","p":22,"q":-94,"w":63,"x":65,"y":112
},{
"h":20,"n":"","p":21,"q":-93,"w":63,"x":160,"y":91
},{
"h":20,"n":"","p":21,"q":-93,"w":63,"x":160,"y":112
},{
"h":20,"n":"","p":21,"q":-93,"w":63,"x":255,"y":91
},{
"h":20,"n":"","p":21,"q":-93,"w":63,"x":255,"y":112
},{
"h":20,"n":"","p":21,"q":-93,"w":63,"x":350,"y":91
},{
"h":19,"n":"","p":22,"q":-95,"w":63,"x":350,"y":112
},{
"h":19,"n":"","p":22,"q":-95,"w":63,"x":123,"y":332
},{
"h":19,"n":"","p":22,"q":-95,"w":63,"x":368,"y":333
},{
"h":18,"n":"","p":21,"q":-94,"w":56,"x":304,"y":343
},{
"h":18,"n":"","p":21,"q":-94,"w":56,"x":438,"y":330
},{
"h":18,"n":"","p":21,"q":-94,"w":56,"x":56,"y":475
},{
"h":18,"n":"","p":21,"q":-94,"w":56,"x":176,"y":497
},{
"h":18,"n":"","p":21,"q":-94,"w":56,"x":176,"y":516
},{
"h":18,"n":"","p":21,"q":-94,"w":56,"x":176,"y":535
},{
"h":18,"n":"","p":21,"q":-94,"w":55,"x":233,"y":497
},{
"h":18,"n":"","p":21,"q":-94,"w":55,"x":233,"y":516
},{
"h":18,"n":"","p":21,"q":-94,"w":55,"x":233,"y":535
},{
"h":18,"n":"","p":21,"q":-94,"w":55,"x":289,"y":497
},{
"h":17,"n":"","p":20,"q":-94,"w":53,"x":289,"y":516
}
]
],"meta":{
"atlas":[
"ani_npcs_image_0.png","ani_npcs_image_1.png"
]
}
}
