{
"animations":[
{
"f":20,"l":[
{
"f":[
{
"h":1.237,"i":0,"k":76,"n":0,"t":0,"u":4.989,"v":72.458,"x":-3.185,"y":-85.245
},{
"h":1.237,"i":0,"k":76,"n":7,"u":4.989,"v":72.458,"x":-3.185,"y":-85.245
}
]
},{
"f":[
{
"h":1.237,"i":0,"k":77,"n":0,"t":0,"u":4.989,"v":72.458,"x":-3.185,"y":-85.245
},{
"h":1.237,"i":0,"k":77,"n":7,"u":4.989,"v":72.458,"x":-3.185,"y":-85.245
}
]
},{
"f":[
{
"h":0.78,"i":0,"k":58,"n":0,"t":0,"w":0.78,"x":4.491,"y":-77.842
},{
"h":0.78,"i":0,"k":58,"n":7,"w":0.78,"x":4.491,"y":-77.842
},{
"h":0.78,"i":0,"k":58,"n":14,"w":0.78,"x":4.491,"y":-71.842
},{
"h":0.757,"i":1,"k":8,"n":15,"w":0.78,"x":4.491,"y":-67.537
},{
"h":0.78,"i":0,"k":40,"n":17,"w":0.78,"x":4.491,"y":-69.843
},{
"h":0.78,"i":0,"k":48,"n":19,"w":0.78,"x":4.491,"y":-69.843
}
]
},{
"f":[
{
"h":0.78,"i":0,"k":57,"n":0,"t":0,"w":0.78,"x":4.491,"y":-77.842
},{
"h":0.78,"i":0,"k":57,"n":7,"w":0.78,"x":4.491,"y":-77.842
},{
"h":0.78,"i":0,"k":57,"n":14,"w":0.78,"x":4.491,"y":-71.842
},{
"h":0.757,"i":1,"k":10,"n":15,"w":0.78,"x":4.491,"y":-67.537
},{
"h":0.78,"i":1,"k":75,"n":17,"w":0.78,"x":4.491,"y":-69.843
},{
"h":0.78,"i":1,"k":83,"n":19,"w":0.78,"x":4.491,"y":-69.843
}
]
},{
"f":[
{
"c":1,"h":115.3,"i":-1,"k":-1,"n":0,"o":"mcCollision","w":26,"x":-13,"y":-126
}
]
}
],"n":"ani_enemy_pirate04_teleport","r":30
},{
"f":83,"l":[
{
"f":[
{
"h":1.237,"i":0,"k":76,"n":0,"u":4.989,"v":72.458,"x":-3.185,"y":-85.245
}
]
},{
"f":[
{
"h":1.237,"i":0,"k":77,"n":0,"u":4.989,"v":72.458,"x":-3.185,"y":-85.245
}
]
},{
"f":[
{
"h":0.78,"i":0,"k":48,"n":0,"w":0.78,"x":4.491,"y":-69.843
},{
"h":0.78,"i":0,"k":47,"n":5,"w":0.78,"x":4.491,"y":-69.843
},{
"h":0.78,"i":0,"k":45,"n":10,"w":0.78,"x":4.491,"y":-69.843
},{
"h":0.78,"i":0,"k":47,"n":15,"w":0.78,"x":4.491,"y":-69.843
},{
"h":0.78,"i":0,"k":48,"n":20,"w":0.78,"x":4.491,"y":-69.843
},{
"h":0.78,"i":0,"k":47,"n":25,"w":0.78,"x":4.491,"y":-69.843
},{
"h":0.78,"i":0,"k":45,"n":30,"w":0.78,"x":4.491,"y":-69.843
},{
"h":0.78,"i":0,"k":47,"n":35,"w":0.78,"x":4.491,"y":-69.843
},{
"h":0.78,"i":0,"k":48,"n":39,"w":0.78,"x":4.491,"y":-69.843
},{
"h":0.78,"i":0,"k":47,"n":44,"w":0.78,"x":4.491,"y":-69.843
},{
"h":0.78,"i":0,"k":45,"n":49,"w":0.78,"x":4.491,"y":-69.843
},{
"h":0.78,"i":0,"k":47,"n":53,"w":0.78,"x":4.491,"y":-69.843
},{
"h":0.78,"i":0,"k":48,"n":58,"w":0.78,"x":4.491,"y":-69.843
},{
"h":0.78,"i":0,"k":47,"n":62,"w":0.78,"x":4.491,"y":-69.843
},{
"h":0.78,"i":0,"k":45,"n":66,"w":0.78,"x":4.491,"y":-69.843
},{
"h":0.78,"i":0,"k":42,"n":70,"w":0.78,"x":4.491,"y":-69.843
},{
"h":0.78,"i":0,"k":45,"n":74,"w":0.78,"x":4.491,"y":-69.843
},{
"h":0.78,"i":0,"k":47,"n":78,"w":0.78,"x":4.491,"y":-69.843
}
]
},{
"f":[
{
"h":0.78,"i":1,"k":83,"n":0,"w":0.78,"x":4.491,"y":-69.843
},{
"h":0.78,"i":1,"k":84,"n":5,"w":0.78,"x":4.491,"y":-69.843
},{
"h":0.78,"i":1,"k":79,"n":10,"w":0.78,"x":4.491,"y":-69.843
},{
"h":0.78,"i":1,"k":84,"n":15,"w":0.78,"x":4.491,"y":-69.843
},{
"h":0.78,"i":1,"k":83,"n":20,"w":0.78,"x":4.491,"y":-69.843
},{
"h":0.78,"i":1,"k":84,"n":25,"w":0.78,"x":4.491,"y":-69.843
},{
"h":0.78,"i":1,"k":79,"n":30,"w":0.78,"x":4.491,"y":-69.843
},{
"h":0.78,"i":1,"k":84,"n":35,"w":0.78,"x":4.491,"y":-69.843
},{
"h":0.78,"i":1,"k":83,"n":39,"w":0.78,"x":4.491,"y":-69.843
},{
"h":0.78,"i":1,"k":84,"n":44,"w":0.78,"x":4.491,"y":-69.843
},{
"h":0.78,"i":1,"k":79,"n":49,"w":0.78,"x":4.491,"y":-69.843
},{
"h":0.78,"i":1,"k":84,"n":53,"w":0.78,"x":4.491,"y":-69.843
},{
"h":0.78,"i":1,"k":83,"n":58,"w":0.78,"x":4.491,"y":-69.843
},{
"h":0.78,"i":1,"k":84,"n":62,"w":0.78,"x":4.491,"y":-69.843
},{
"h":0.78,"i":1,"k":79,"n":66,"w":0.78,"x":4.491,"y":-69.843
},{
"h":0.78,"i":1,"k":80,"n":70,"w":0.78,"x":4.491,"y":-69.843
},{
"h":0.78,"i":1,"k":79,"n":74,"w":0.78,"x":4.491,"y":-69.843
},{
"h":0.78,"i":1,"k":84,"n":78,"w":0.78,"x":4.491,"y":-69.843
}
]
},{
"f":[
{
"c":1,"h":115.3,"i":-1,"k":-1,"n":0,"o":"mcCollision","w":26,"x":-13,"y":-126
}
]
}
],"n":"ani_enemy_pirate04_stand","r":30
},{
"f":36,"l":[
{
"f":[
{
"h":1.237,"i":0,"k":76,"n":0,"u":4.989,"v":72.458,"x":-3.185,"y":-85.245
},{
"h":1.237,"i":0,"k":76,"n":2,"u":4.989,"v":72.458,"x":-6.842,"y":-85.245
},{
"h":1.237,"i":0,"k":76,"n":4,"u":4.989,"v":72.458,"x":-9.28,"y":-85.245
},{
"h":1.237,"i":0,"k":76,"n":6,"u":4.989,"v":72.458,"x":-13.852,"y":-85.245
},{
"h":1.237,"i":0,"k":76,"n":9,"u":4.989,"v":72.458,"x":-15.985,"y":-85.245
},{
"h":1.237,"i":0,"k":76,"n":23,"p":34,"u":4.989,"v":72.458,"x":-15.985,"y":-85.245
},{
"h":1.237,"i":0,"k":76,"n":34,"t":0,"u":4.989,"v":72.458,"x":-15.985,"y":-85.245
}
]
},{
"f":[
{
"h":1.237,"i":0,"k":77,"n":0,"u":4.989,"v":72.458,"x":-3.185,"y":-85.245
},{
"h":1.237,"i":0,"k":77,"n":2,"u":4.989,"v":72.458,"x":-6.842,"y":-85.245
},{
"h":1.237,"i":0,"k":77,"n":4,"u":4.989,"v":72.458,"x":-9.28,"y":-85.245
},{
"h":1.237,"i":0,"k":77,"n":6,"u":4.989,"v":72.458,"x":-13.852,"y":-85.245
},{
"h":1.237,"i":0,"k":77,"n":9,"u":4.989,"v":72.458,"x":-15.985,"y":-85.245
},{
"h":1.237,"i":0,"k":77,"n":23,"p":34,"u":4.989,"v":72.458,"x":-15.985,"y":-85.245
},{
"h":1.237,"i":0,"k":77,"n":34,"t":0,"u":4.989,"v":72.458,"x":-15.985,"y":-85.245
}
]
},{
"f":[
{
"h":0.78,"i":0,"k":65,"n":0,"w":0.78,"x":4.491,"y":-69.843
},{
"h":0.78,"i":0,"k":35,"n":2,"w":0.78,"x":2.491,"y":-69.843
},{
"h":0.797,"i":0,"k":32,"n":4,"u":31.421,"v":82.491,"w":0.78,"x":0.49,"y":-71.603
},{
"h":0.78,"i":0,"k":17,"n":6,"w":0.78,"x":-2.508,"y":-69.843
},{
"h":0.78,"i":0,"k":8,"n":9,"w":0.78,"x":-5.508,"y":-69.843
},{
"h":0.78,"i":1,"k":45,"n":12,"w":0.78,"x":-8.509,"y":-69.843
},{
"h":0.78,"i":1,"k":62,"n":15,"w":0.78,"x":-8.509,"y":-69.843
},{
"h":0.78,"i":1,"k":62,"n":17,"w":0.78,"x":-8.509,"y":-67.842
},{
"h":0.798,"i":1,"k":62,"n":19,"u":-5,"v":104,"w":0.78,"x":-8.509,"y":-71.729
},{
"h":0.78,"i":1,"k":62,"n":21,"w":0.78,"x":-8.509,"y":-69.843
},{
"h":0.78,"i":1,"k":62,"n":23,"p":34,"w":0.78,"x":-8.509,"y":-69.843
},{
"h":0.78,"i":1,"k":62,"n":34,"t":0,"w":0.78,"x":-8.509,"y":-69.843
}
]
},{
"f":[
{
"h":0.78,"i":0,"k":33,"n":0,"w":0.78,"x":4.491,"y":-69.843
},{
"h":0.78,"i":1,"k":98,"n":2,"w":0.78,"x":2.491,"y":-69.843
},{
"h":0.797,"i":1,"k":99,"n":4,"u":31.421,"v":82.491,"w":0.78,"x":0.49,"y":-71.603
},{
"h":0.78,"i":1,"k":107,"n":6,"w":0.78,"x":-2.508,"y":-69.843
},{
"h":0.78,"i":0,"k":70,"n":9,"w":0.78,"x":-5.508,"y":-69.843
},{
"h":0.78,"i":1,"k":91,"n":12,"w":0.78,"x":-8.509,"y":-69.843
},{
"h":0.78,"i":1,"k":94,"n":15,"w":0.78,"x":-8.509,"y":-69.843
},{
"h":0.78,"i":1,"k":94,"n":17,"w":0.78,"x":-8.509,"y":-67.842
},{
"h":0.798,"i":1,"k":94,"n":19,"u":-5,"v":104,"w":0.78,"x":-8.509,"y":-71.729
},{
"h":0.78,"i":1,"k":94,"n":21,"w":0.78,"x":-8.509,"y":-69.843
},{
"h":0.78,"i":1,"k":94,"n":23,"p":34,"w":0.78,"x":-8.509,"y":-69.843
},{
"h":0.78,"i":1,"k":94,"n":34,"t":0,"w":0.78,"x":-8.509,"y":-69.843
}
]
}
],"n":"ani_enemy_pirate04_defeat","r":30
},{
"f":17,"l":[
{
"f":[
{
"h":1.237,"i":0,"k":76,"n":0,"u":4.989,"v":72.458,"x":-3.185,"y":-85.245
}
]
},{
"f":[
{
"h":1.237,"i":0,"k":77,"n":0,"u":4.989,"v":72.458,"x":-3.185,"y":-85.245
}
]
},{
"f":[
{
"h":0.78,"i":0,"k":80,"n":0,"t":0,"w":0.78,"x":84.479,"y":-101.428
},{
"g":0.85,"h":0.796,"i":0,"k":80,"n":5,"w":0.796,"x":-18.069,"y":-138.756
},{
"h":0.78,"i":0,"k":80,"n":7,"t":0,"w":0.78,"x":84.479,"y":-101.428
},{
"h":0.78,"i":0,"k":80,"n":10,"t":0,"w":0.78,"x":84.479,"y":-101.428
}
]
},{
"f":[
{
"h":0.78,"i":0,"k":79,"n":0,"t":0,"w":0.78,"x":84.479,"y":-101.428
},{
"g":0.85,"h":0.796,"i":0,"k":79,"n":5,"w":0.796,"x":-18.069,"y":-138.756
},{
"h":0.78,"i":0,"k":79,"n":7,"t":0,"w":0.78,"x":84.479,"y":-101.428
},{
"h":0.78,"i":0,"k":79,"n":10,"t":0,"w":0.78,"x":84.479,"y":-101.428
}
]
},{
"f":[
{
"h":0.78,"i":0,"k":22,"n":0,"w":0.78,"x":4.491,"y":-69.843
},{
"h":0.78,"i":0,"k":27,"n":2,"w":0.78,"x":4.491,"y":-69.843
},{
"h":0.78,"i":0,"k":52,"n":5,"w":0.78,"x":4.491,"y":-69.843
},{
"h":0.78,"i":0,"k":14,"n":7,"w":0.78,"x":4.491,"y":-69.843
},{
"h":0.78,"i":0,"k":1,"n":10,"w":0.78,"x":4.491,"y":-69.843
},{
"h":0.78,"i":1,"k":74,"n":13,"w":0.78,"x":4.491,"y":-69.843
},{
"h":0.78,"i":0,"k":48,"n":16,"w":0.78,"x":4.491,"y":-69.843
}
]
},{
"f":[
{
"h":0.78,"i":1,"k":89,"n":0,"w":0.78,"x":4.491,"y":-69.843
},{
"h":0.78,"i":1,"k":87,"n":2,"w":0.78,"x":4.491,"y":-69.843
},{
"h":0.78,"i":1,"k":76,"n":5,"w":0.78,"x":4.491,"y":-69.843
},{
"h":0.78,"i":2,"k":0,"n":7,"w":0.78,"x":4.491,"y":-69.843
},{
"h":0.78,"i":0,"k":64,"n":10,"w":0.78,"x":4.491,"y":-69.843
},{
"h":0.78,"i":1,"k":28,"n":13,"w":0.78,"x":4.491,"y":-69.843
},{
"h":0.78,"i":1,"k":83,"n":16,"w":0.78,"x":4.491,"y":-69.843
}
]
},{
"f":[
{
"h":0.736,"i":0,"k":80,"n":0,"u":4.091,"v":-3.659,"w":0.736,"x":-55.835,"y":-133.31
},{
"h":0.789,"i":0,"k":80,"n":2,"u":4.091,"v":-3.659,"w":0.789,"x":-68.748,"y":-124.837
},{
"h":0.85,"i":0,"k":80,"n":5,"t":0,"w":0.85,"x":84.479,"y":-101.428
},{
"h":0.85,"i":0,"k":80,"n":7,"w":0.85,"x":84.479,"y":-101.428
},{
"h":0.78,"i":0,"k":80,"n":9,"t":0,"w":0.78,"x":84.479,"y":-101.428
},{
"h":0.78,"i":0,"k":80,"n":16,"t":0,"w":0.78,"x":84.479,"y":-101.428
}
]
},{
"f":[
{
"h":0.736,"i":0,"k":79,"n":0,"u":4.091,"v":-3.659,"w":0.736,"x":-55.835,"y":-133.31
},{
"h":0.789,"i":0,"k":79,"n":2,"u":4.091,"v":-3.659,"w":0.789,"x":-68.748,"y":-124.837
},{
"h":0.85,"i":0,"k":79,"n":5,"t":0,"w":0.85,"x":84.479,"y":-101.428
},{
"h":0.85,"i":0,"k":79,"n":7,"w":0.85,"x":84.479,"y":-101.428
},{
"h":0.78,"i":0,"k":79,"n":9,"t":0,"w":0.78,"x":84.479,"y":-101.428
},{
"h":0.78,"i":0,"k":79,"n":16,"t":0,"w":0.78,"x":84.479,"y":-101.428
}
]
},{
"f":[
{
"c":1,"h":115.3,"i":-1,"k":-1,"n":0,"o":"mcCollision","w":40,"x":-16.75,"y":-115.656
}
]
}
],"n":"ani_enemy_pirate04_attack","r":30
},{
"f":8,"l":[
{
"f":[
{
"h":1.237,"i":0,"k":76,"n":0,"u":4.989,"v":72.458,"x":-3.185,"y":-85.245
}
]
},{
"f":[
{
"h":1.237,"i":0,"k":77,"n":0,"u":4.989,"v":72.458,"x":-3.185,"y":-85.245
}
]
},{
"f":[
{
"h":0.78,"i":0,"k":75,"n":0,"w":0.78,"x":14.49,"y":-68.842
},{
"h":0.78,"i":0,"k":75,"n":2,"w":0.78,"x":14.49,"y":-61.842
},{
"h":0.765,"i":0,"k":51,"n":3,"w":0.78,"x":4.491,"y":-68.327
},{
"h":0.78,"i":1,"k":16,"n":5,"w":0.78,"x":4.491,"y":-69.843
},{
"h":0.78,"i":0,"k":49,"n":7,"w":0.78,"x":4.491,"y":-69.843
}
]
},{
"f":[
{
"h":0.78,"i":0,"k":41,"n":0,"w":0.78,"x":14.49,"y":-68.842
},{
"h":0.78,"i":0,"k":41,"n":2,"w":0.78,"x":14.49,"y":-61.842
},{
"h":0.765,"i":1,"k":51,"n":3,"w":0.78,"x":4.491,"y":-68.327
},{
"h":0.78,"i":1,"k":37,"n":5,"w":0.78,"x":4.491,"y":-69.843
},{
"h":0.78,"i":1,"k":82,"n":7,"w":0.78,"x":4.491,"y":-69.843
}
]
}
],"n":"ani_enemy_pirate03_teleport","r":30
},{
"f":83,"l":[
{
"f":[
{
"h":1.237,"i":0,"k":76,"n":0,"u":4.989,"v":72.458,"x":-3.185,"y":-85.245
}
]
},{
"f":[
{
"h":1.237,"i":0,"k":77,"n":0,"u":4.989,"v":72.458,"x":-3.185,"y":-85.245
}
]
},{
"f":[
{
"h":0.78,"i":0,"k":49,"n":0,"w":0.78,"x":4.491,"y":-69.843
},{
"h":0.78,"i":0,"k":50,"n":5,"w":0.78,"x":4.491,"y":-69.843
},{
"h":0.78,"i":0,"k":39,"n":10,"w":0.78,"x":4.491,"y":-69.843
},{
"h":0.78,"i":0,"k":50,"n":15,"w":0.78,"x":4.491,"y":-69.843
},{
"h":0.78,"i":0,"k":49,"n":20,"w":0.78,"x":4.491,"y":-69.843
},{
"h":0.78,"i":0,"k":50,"n":25,"w":0.78,"x":4.491,"y":-69.843
},{
"h":0.78,"i":0,"k":39,"n":30,"w":0.78,"x":4.491,"y":-69.843
},{
"h":0.78,"i":0,"k":50,"n":35,"w":0.78,"x":4.491,"y":-69.843
},{
"h":0.78,"i":0,"k":49,"n":39,"w":0.78,"x":4.491,"y":-69.843
},{
"h":0.78,"i":0,"k":50,"n":44,"w":0.78,"x":4.491,"y":-69.843
},{
"h":0.78,"i":0,"k":39,"n":49,"w":0.78,"x":4.491,"y":-69.843
},{
"h":0.78,"i":0,"k":50,"n":53,"w":0.78,"x":4.491,"y":-69.843
},{
"h":0.78,"i":0,"k":49,"n":58,"w":0.78,"x":4.491,"y":-69.843
},{
"h":0.78,"i":0,"k":50,"n":62,"w":0.78,"x":4.491,"y":-69.843
},{
"h":0.78,"i":0,"k":39,"n":66,"w":0.78,"x":4.491,"y":-69.843
},{
"h":0.78,"i":0,"k":38,"n":70,"w":0.78,"x":4.491,"y":-69.843
},{
"h":0.78,"i":0,"k":39,"n":74,"w":0.78,"x":4.491,"y":-69.843
},{
"h":0.78,"i":0,"k":50,"n":78,"w":0.78,"x":4.491,"y":-69.843
}
]
},{
"f":[
{
"h":0.78,"i":1,"k":82,"n":0,"w":0.78,"x":4.491,"y":-69.843
},{
"h":0.78,"i":1,"k":81,"n":5,"w":0.78,"x":4.491,"y":-69.843
},{
"h":0.78,"i":1,"k":86,"n":10,"w":0.78,"x":4.491,"y":-69.843
},{
"h":0.78,"i":1,"k":81,"n":15,"w":0.78,"x":4.491,"y":-69.843
},{
"h":0.78,"i":1,"k":82,"n":20,"w":0.78,"x":4.491,"y":-69.843
},{
"h":0.78,"i":1,"k":81,"n":25,"w":0.78,"x":4.491,"y":-69.843
},{
"h":0.78,"i":1,"k":86,"n":30,"w":0.78,"x":4.491,"y":-69.843
},{
"h":0.78,"i":1,"k":81,"n":35,"w":0.78,"x":4.491,"y":-69.843
},{
"h":0.78,"i":1,"k":82,"n":39,"w":0.78,"x":4.491,"y":-69.843
},{
"h":0.78,"i":1,"k":81,"n":44,"w":0.78,"x":4.491,"y":-69.843
},{
"h":0.78,"i":1,"k":86,"n":49,"w":0.78,"x":4.491,"y":-69.843
},{
"h":0.78,"i":1,"k":81,"n":53,"w":0.78,"x":4.491,"y":-69.843
},{
"h":0.78,"i":1,"k":82,"n":58,"w":0.78,"x":4.491,"y":-69.843
},{
"h":0.78,"i":1,"k":81,"n":62,"w":0.78,"x":4.491,"y":-69.843
},{
"h":0.78,"i":1,"k":86,"n":66,"w":0.78,"x":4.491,"y":-69.843
},{
"h":0.78,"i":1,"k":88,"n":70,"w":0.78,"x":4.491,"y":-69.843
},{
"h":0.78,"i":1,"k":86,"n":74,"w":0.78,"x":4.491,"y":-69.843
},{
"h":0.78,"i":1,"k":81,"n":78,"w":0.78,"x":4.491,"y":-69.843
}
]
},{
"f":[
{
"c":1,"h":115.3,"i":-1,"k":-1,"n":0,"o":"mcCollision","w":26,"x":-13,"y":-126
}
]
}
],"n":"ani_enemy_pirate03_stand","r":30
},{
"f":36,"l":[
{
"f":[
{
"h":1.237,"i":0,"k":76,"n":0,"u":4.989,"v":72.458,"x":-3.185,"y":-85.245
},{
"h":1.237,"i":0,"k":76,"n":2,"u":4.989,"v":72.458,"x":-6.842,"y":-85.245
},{
"h":1.237,"i":0,"k":76,"n":4,"u":4.989,"v":72.458,"x":-9.28,"y":-85.245
},{
"h":1.237,"i":0,"k":76,"n":6,"u":4.989,"v":72.458,"x":-13.852,"y":-85.245
},{
"h":1.237,"i":0,"k":76,"n":9,"u":4.989,"v":72.458,"x":-15.985,"y":-85.245
},{
"h":1.237,"i":0,"k":76,"n":23,"p":34,"u":4.989,"v":72.458,"x":-15.985,"y":-85.245
},{
"h":1.237,"i":0,"k":76,"n":34,"t":0,"u":4.989,"v":72.458,"x":-15.985,"y":-85.245
}
]
},{
"f":[
{
"h":1.237,"i":0,"k":77,"n":0,"u":4.989,"v":72.458,"x":-3.185,"y":-85.245
},{
"h":1.237,"i":0,"k":77,"n":2,"u":4.989,"v":72.458,"x":-6.842,"y":-85.245
},{
"h":1.237,"i":0,"k":77,"n":4,"u":4.989,"v":72.458,"x":-9.28,"y":-85.245
},{
"h":1.237,"i":0,"k":77,"n":6,"u":4.989,"v":72.458,"x":-13.852,"y":-85.245
},{
"h":1.237,"i":0,"k":77,"n":9,"u":4.989,"v":72.458,"x":-15.985,"y":-85.245
},{
"h":1.237,"i":0,"k":77,"n":23,"p":34,"u":4.989,"v":72.458,"x":-15.985,"y":-85.245
},{
"h":1.237,"i":0,"k":77,"n":34,"t":0,"u":4.989,"v":72.458,"x":-15.985,"y":-85.245
}
]
},{
"f":[
{
"h":0.78,"i":0,"k":66,"n":0,"w":0.78,"x":4.491,"y":-69.843
},{
"h":0.78,"i":0,"k":36,"n":2,"w":0.78,"x":2.491,"y":-69.843
},{
"h":0.797,"i":0,"k":30,"n":4,"u":31.421,"v":82.491,"w":0.78,"x":0.49,"y":-71.603
},{
"h":0.78,"i":0,"k":13,"n":6,"w":0.78,"x":-2.508,"y":-69.843
},{
"h":0.78,"i":0,"k":10,"n":9,"w":0.78,"x":-5.508,"y":-69.843
},{
"h":0.78,"i":1,"k":46,"n":12,"w":0.78,"x":-8.509,"y":-69.843
},{
"h":0.78,"i":1,"k":63,"n":15,"w":0.78,"x":-8.509,"y":-69.843
},{
"h":0.78,"i":1,"k":63,"n":17,"w":0.78,"x":-8.509,"y":-67.842
},{
"h":0.798,"i":1,"k":63,"n":19,"u":-5,"v":104,"w":0.78,"x":-8.509,"y":-71.729
},{
"h":0.78,"i":1,"k":63,"n":21,"w":0.78,"x":-8.509,"y":-69.843
},{
"h":0.78,"i":1,"k":63,"n":23,"p":34,"w":0.78,"x":-8.509,"y":-69.843
},{
"h":0.78,"i":1,"k":63,"n":34,"t":0,"w":0.78,"x":-8.509,"y":-69.843
}
]
},{
"f":[
{
"h":0.78,"i":0,"k":31,"n":0,"w":0.78,"x":4.491,"y":-69.843
},{
"h":0.78,"i":1,"k":102,"n":2,"w":0.78,"x":2.491,"y":-69.843
},{
"h":0.797,"i":1,"k":106,"n":4,"u":31.421,"v":82.491,"w":0.78,"x":0.49,"y":-71.603
},{
"h":0.78,"i":1,"k":110,"n":6,"w":0.78,"x":-2.508,"y":-69.843
},{
"h":0.78,"i":1,"k":114,"n":9,"w":0.78,"x":-5.508,"y":-69.843
},{
"h":0.78,"i":1,"k":93,"n":12,"w":0.78,"x":-8.509,"y":-69.843
},{
"h":0.78,"i":1,"k":95,"n":15,"w":0.78,"x":-8.509,"y":-69.843
},{
"h":0.78,"i":1,"k":95,"n":17,"w":0.78,"x":-8.509,"y":-67.842
},{
"h":0.798,"i":1,"k":95,"n":19,"u":-5,"v":104,"w":0.78,"x":-8.509,"y":-71.729
},{
"h":0.78,"i":1,"k":95,"n":21,"w":0.78,"x":-8.509,"y":-69.843
},{
"h":0.78,"i":1,"k":95,"n":23,"p":34,"w":0.78,"x":-8.509,"y":-69.843
},{
"h":0.78,"i":1,"k":95,"n":34,"t":0,"w":0.78,"x":-8.509,"y":-69.843
}
]
}
],"n":"ani_enemy_pirate03_defeat","r":30
},{
"f":17,"l":[
{
"f":[
{
"h":1.237,"i":0,"k":76,"n":0,"u":4.989,"v":72.458,"x":-3.185,"y":-85.245
}
]
},{
"f":[
{
"h":1.237,"i":0,"k":77,"n":0,"u":4.989,"v":72.458,"x":-3.185,"y":-85.245
}
]
},{
"f":[
{
"h":0.78,"i":0,"k":80,"n":0,"t":0,"w":0.78,"x":84.479,"y":-101.428
},{
"h":0.85,"i":0,"k":80,"n":5,"w":0.85,"x":-19.31,"y":-137.312
},{
"h":0.78,"i":0,"k":80,"n":7,"t":0,"w":0.78,"x":84.479,"y":-101.428
},{
"h":0.78,"i":0,"k":80,"n":16,"t":0,"w":0.78,"x":84.479,"y":-101.428
}
]
},{
"f":[
{
"h":0.78,"i":0,"k":79,"n":0,"t":0,"w":0.78,"x":84.479,"y":-101.428
},{
"h":0.85,"i":0,"k":79,"n":5,"w":0.85,"x":-19.31,"y":-137.312
},{
"h":0.78,"i":0,"k":79,"n":7,"t":0,"w":0.78,"x":84.479,"y":-101.428
},{
"h":0.78,"i":0,"k":79,"n":16,"t":0,"w":0.78,"x":84.479,"y":-101.428
}
]
},{
"f":[
{
"h":0.78,"i":0,"k":21,"n":0,"w":0.78,"x":4.491,"y":-69.843
},{
"h":0.78,"i":0,"k":25,"n":2,"w":0.78,"x":4.491,"y":-69.843
},{
"h":0.78,"i":1,"k":0,"n":5,"w":0.78,"x":4.491,"y":-69.843
},{
"h":0.78,"i":1,"k":49,"n":7,"w":0.78,"x":4.491,"y":-69.843
},{
"h":0.78,"i":0,"k":0,"n":10,"w":0.78,"x":4.491,"y":-69.843
},{
"h":0.78,"i":0,"k":63,"n":13,"w":0.78,"x":4.491,"y":-69.843
},{
"h":0.78,"i":0,"k":49,"n":16,"w":0.78,"x":4.491,"y":-69.843
}
]
},{
"f":[
{
"h":0.78,"i":1,"k":92,"n":0,"w":0.78,"x":4.491,"y":-69.843
},{
"h":0.78,"i":1,"k":90,"n":2,"w":0.78,"x":4.491,"y":-69.843
},{
"h":0.78,"i":1,"k":78,"n":5,"w":0.78,"x":4.491,"y":-69.843
},{
"h":0.78,"i":1,"k":41,"n":7,"w":0.78,"x":4.491,"y":-69.843
},{
"h":0.78,"i":2,"k":1,"n":10,"w":0.78,"x":4.491,"y":-69.843
},{
"h":0.78,"i":1,"k":25,"n":13,"w":0.78,"x":4.491,"y":-69.843
},{
"h":0.78,"i":1,"k":82,"n":16,"w":0.78,"x":4.491,"y":-69.843
}
]
},{
"f":[
{
"h":0.736,"i":0,"k":80,"n":0,"u":4.091,"v":-3.659,"w":0.736,"x":-55.835,"y":-133.31
},{
"h":0.789,"i":0,"k":80,"n":2,"u":4.091,"v":-3.659,"w":0.789,"x":-68.748,"y":-124.837
},{
"h":0.85,"i":0,"k":80,"n":5,"t":0,"w":0.85,"x":84.479,"y":-101.428
},{
"h":0.85,"i":0,"k":80,"n":7,"w":0.85,"x":84.479,"y":-101.428
},{
"h":0.78,"i":0,"k":80,"n":9,"t":0,"w":0.78,"x":84.479,"y":-101.428
},{
"h":0.78,"i":0,"k":80,"n":16,"t":0,"w":0.78,"x":84.479,"y":-101.428
}
]
},{
"f":[
{
"h":0.736,"i":0,"k":79,"n":0,"u":4.091,"v":-3.659,"w":0.736,"x":-55.835,"y":-133.31
},{
"h":0.789,"i":0,"k":79,"n":2,"u":4.091,"v":-3.659,"w":0.789,"x":-68.748,"y":-124.837
},{
"h":0.85,"i":0,"k":79,"n":5,"t":0,"w":0.85,"x":84.479,"y":-101.428
},{
"h":0.85,"i":0,"k":79,"n":7,"w":0.85,"x":84.479,"y":-101.428
},{
"h":0.78,"i":0,"k":79,"n":9,"t":0,"w":0.78,"x":84.479,"y":-101.428
},{
"h":0.78,"i":0,"k":79,"n":16,"t":0,"w":0.78,"x":84.479,"y":-101.428
}
]
},{
"f":[
{
"c":1,"h":115.3,"i":-1,"k":-1,"n":0,"o":"mcCollision","w":26,"x":-13,"y":-126
}
]
}
],"n":"ani_enemy_pirate03_attack","r":30
},{
"f":24,"l":[
{
"f":[
{
"h":1.237,"i":0,"k":76,"n":0,"u":4.989,"v":72.458,"x":-3.185,"y":-85.245
}
]
},{
"f":[
{
"h":1.237,"i":0,"k":77,"n":0,"u":4.989,"v":72.458,"x":-3.185,"y":-85.245
}
]
},{
"f":[
{
"h":0.78,"i":0,"k":34,"n":0,"w":0.78,"x":4.491,"y":-69.843
},{
"h":0.78,"i":1,"k":35,"n":3,"w":0.78,"x":4.491,"y":-69.843
},{
"h":0.786,"i":0,"k":59,"n":6,"u":6.421,"v":88.902,"w":0.78,"x":4.491,"y":-70.466
},{
"h":0.785,"i":1,"k":20,"n":9,"u":7.5,"v":101,"w":0.78,"x":4.491,"y":-70.43
},{
"h":0.78,"i":0,"k":29,"n":12,"w":0.78,"x":4.491,"y":-69.843
},{
"h":0.78,"i":0,"k":53,"n":15,"w":0.78,"x":4.491,"y":-69.843
},{
"h":0.78,"i":1,"k":48,"n":18,"u":6.205,"v":85.46,"w":0.78,"x":4.491,"y":-69.843
},{
"h":0.78,"i":1,"k":42,"n":21,"w":0.78,"x":4.491,"y":-69.843
}
]
},{
"f":[
{
"h":0.78,"i":1,"k":67,"n":0,"w":0.78,"x":4.491,"y":-69.843
},{
"h":0.78,"i":1,"k":34,"n":3,"w":0.78,"x":4.491,"y":-69.843
},{
"h":0.786,"i":1,"k":39,"n":6,"u":6.421,"v":88.902,"w":0.78,"x":4.491,"y":-70.466
},{
"h":0.785,"i":1,"k":56,"n":9,"u":7.5,"v":101,"w":0.78,"x":4.491,"y":-70.43
},{
"h":0.78,"i":1,"k":68,"n":12,"w":0.78,"x":4.491,"y":-69.843
},{
"h":0.78,"i":1,"k":71,"n":15,"w":0.78,"x":4.491,"y":-69.843
},{
"h":0.78,"i":1,"k":31,"n":18,"u":6.205,"v":85.46,"w":0.78,"x":4.491,"y":-69.843
},{
"h":0.78,"i":1,"k":29,"n":21,"w":0.78,"x":4.491,"y":-69.843
}
]
},{
"f":[
{
"c":1,"h":115.3,"i":-1,"k":-1,"n":0,"o":"mcCollision","w":26,"x":-13,"y":-126
}
]
}
],"n":"ani_enemy_pirate02_walk","r":30
},{
"f":20,"l":[
{
"f":[
{
"h":1.237,"i":0,"k":76,"n":0,"t":0,"u":4.989,"v":72.458,"x":-3.185,"y":-85.245
},{
"h":1.237,"i":0,"k":76,"n":7,"u":4.989,"v":72.458,"x":-3.185,"y":-85.245
}
]
},{
"f":[
{
"h":1.237,"i":0,"k":77,"n":0,"t":0,"u":4.989,"v":72.458,"x":-3.185,"y":-85.245
},{
"h":1.237,"i":0,"k":77,"n":7,"u":4.989,"v":72.458,"x":-3.185,"y":-85.245
}
]
},{
"f":[
{
"h":0.78,"i":1,"k":115,"n":0,"t":0,"w":0.78,"x":4.491,"y":-75.842
},{
"h":0.78,"i":1,"k":115,"n":7,"w":0.78,"x":4.491,"y":-75.842
},{
"h":0.78,"i":1,"k":115,"n":14,"w":0.78,"x":4.491,"y":-69.843
},{
"h":0.755,"i":2,"k":2,"n":15,"w":0.78,"x":4.491,"y":-67.313
},{
"h":0.755,"i":1,"k":22,"n":17,"w":0.78,"x":4.491,"y":-67.313
},{
"h":0.78,"i":0,"k":55,"n":19,"w":0.78,"x":4.491,"y":-69.843
}
]
},{
"f":[
{
"h":0.78,"i":0,"k":24,"n":0,"t":0,"w":0.78,"x":4.491,"y":-75.842
},{
"h":0.78,"i":0,"k":24,"n":7,"w":0.78,"x":4.491,"y":-75.842
},{
"h":0.78,"i":0,"k":24,"n":14,"w":0.78,"x":4.491,"y":-69.843
},{
"h":0.755,"i":0,"k":12,"n":15,"w":0.78,"x":4.491,"y":-67.313
},{
"h":0.755,"i":1,"k":17,"n":17,"w":0.78,"x":4.491,"y":-67.313
},{
"h":0.78,"i":1,"k":57,"n":19,"w":0.78,"x":4.491,"y":-69.843
}
]
},{
"f":[
{
"c":1,"h":115.3,"i":-1,"k":-1,"n":0,"o":"mcCollision","w":26,"x":-13,"y":-126
}
]
}
],"n":"ani_enemy_pirate02_teleport","r":30
},{
"f":82,"l":[
{
"f":[
{
"h":1.237,"i":0,"k":76,"n":0,"u":4.989,"v":72.458,"x":-3.185,"y":-85.245
}
]
},{
"f":[
{
"h":1.237,"i":0,"k":77,"n":0,"u":4.989,"v":72.458,"x":-3.185,"y":-85.245
}
]
},{
"f":[
{
"h":0.78,"i":0,"k":55,"n":0,"w":0.78,"x":4.491,"y":-69.843
},{
"h":0.78,"i":0,"k":3,"n":3,"w":0.78,"x":4.491,"y":-69.843
},{
"h":0.78,"i":1,"k":3,"n":7,"w":0.78,"x":4.491,"y":-69.843
},{
"h":0.78,"i":1,"k":36,"n":11,"w":0.78,"x":4.491,"y":-69.843
},{
"h":0.78,"i":1,"k":3,"n":16,"w":0.78,"x":4.491,"y":-69.843
},{
"h":0.78,"i":0,"k":3,"n":20,"w":0.78,"x":4.491,"y":-69.843
},{
"h":0.78,"i":0,"k":55,"n":24,"w":0.78,"x":4.491,"y":-69.843
},{
"h":0.78,"i":0,"k":3,"n":28,"w":0.78,"x":4.491,"y":-69.843
},{
"h":0.78,"i":1,"k":3,"n":33,"u":1.293,"v":86.338,"w":0.78,"x":4.491,"y":-69.843
},{
"h":0.78,"i":0,"k":3,"n":39,"w":0.78,"x":4.491,"y":-69.843
},{
"h":0.78,"i":0,"k":55,"n":43,"w":0.78,"x":4.491,"y":-69.843
},{
"h":0.78,"i":0,"k":3,"n":47,"w":0.78,"x":4.491,"y":-69.843
},{
"h":0.78,"i":1,"k":3,"n":52,"w":0.78,"x":4.491,"y":-69.843
},{
"h":0.78,"i":0,"k":3,"n":58,"w":0.78,"x":4.491,"y":-69.843
},{
"h":0.78,"i":0,"k":55,"n":62,"w":0.78,"x":4.491,"y":-69.843
},{
"h":0.78,"i":0,"k":3,"n":66,"w":0.78,"x":4.491,"y":-69.843
},{
"h":0.78,"i":1,"k":3,"n":71,"w":0.78,"x":4.491,"y":-69.843
},{
"h":0.78,"i":0,"k":3,"n":77,"w":0.78,"x":4.491,"y":-69.843
}
]
},{
"f":[
{
"h":0.78,"i":1,"k":57,"n":0,"w":0.78,"x":4.491,"y":-69.843
},{
"h":0.78,"i":2,"k":4,"n":3,"w":0.78,"x":4.491,"y":-69.843
},{
"h":0.78,"i":1,"k":60,"n":7,"w":0.78,"x":4.491,"y":-69.843
},{
"h":0.78,"i":1,"k":23,"n":11,"w":0.78,"x":4.491,"y":-69.843
},{
"h":0.78,"i":1,"k":60,"n":16,"w":0.78,"x":4.491,"y":-69.843
},{
"h":0.78,"i":2,"k":4,"n":20,"w":0.78,"x":4.491,"y":-69.843
},{
"h":0.78,"i":1,"k":57,"n":24,"w":0.78,"x":4.491,"y":-69.843
},{
"h":0.78,"i":2,"k":4,"n":28,"w":0.78,"x":4.491,"y":-69.843
},{
"h":0.78,"i":1,"k":60,"n":33,"u":1.293,"v":86.338,"w":0.78,"x":4.491,"y":-69.843
},{
"h":0.78,"i":2,"k":4,"n":39,"w":0.78,"x":4.491,"y":-69.843
},{
"h":0.78,"i":1,"k":57,"n":43,"w":0.78,"x":4.491,"y":-69.843
},{
"h":0.78,"i":2,"k":4,"n":47,"w":0.78,"x":4.491,"y":-69.843
},{
"h":0.78,"i":1,"k":60,"n":52,"w":0.78,"x":4.491,"y":-69.843
},{
"h":0.78,"i":2,"k":4,"n":58,"w":0.78,"x":4.491,"y":-69.843
},{
"h":0.78,"i":1,"k":57,"n":62,"w":0.78,"x":4.491,"y":-69.843
},{
"h":0.78,"i":2,"k":4,"n":66,"w":0.78,"x":4.491,"y":-69.843
},{
"h":0.78,"i":1,"k":60,"n":71,"w":0.78,"x":4.491,"y":-69.843
},{
"h":0.78,"i":2,"k":4,"n":77,"w":0.78,"x":4.491,"y":-69.843
}
]
},{
"f":[
{
"c":1,"h":115.3,"i":-1,"k":-1,"n":0,"o":"mcCollision","w":26,"x":-13,"y":-126
}
]
}
],"n":"ani_enemy_pirate02_stand","r":30
},{
"f":30,"l":[
{
"f":[
{
"h":1.237,"i":0,"k":76,"n":0,"u":4.989,"v":72.458,"x":-3.185,"y":-85.245
},{
"h":1.237,"i":0,"k":76,"n":2,"u":4.989,"v":72.458,"x":-6.842,"y":-85.245
},{
"h":1.237,"i":0,"k":76,"n":4,"u":4.989,"v":72.458,"x":-9.28,"y":-85.245
},{
"h":1.237,"i":0,"k":76,"n":7,"u":4.989,"v":72.458,"x":-13.852,"y":-85.245
},{
"h":1.237,"i":0,"k":76,"n":10,"u":4.989,"v":72.458,"x":-15.985,"y":-85.245
},{
"h":1.237,"i":0,"k":76,"n":18,"p":27,"u":4.989,"v":72.458,"x":-15.985,"y":-85.245
},{
"h":1.237,"i":0,"k":76,"n":27,"t":0,"u":4.989,"v":72.458,"x":-15.985,"y":-85.245
}
]
},{
"f":[
{
"h":1.237,"i":0,"k":77,"n":0,"u":4.989,"v":72.458,"x":-3.185,"y":-85.245
},{
"h":1.237,"i":0,"k":77,"n":2,"u":4.989,"v":72.458,"x":-6.842,"y":-85.245
},{
"h":1.237,"i":0,"k":77,"n":4,"u":4.989,"v":72.458,"x":-9.28,"y":-85.245
},{
"h":1.237,"i":0,"k":77,"n":7,"u":4.989,"v":72.458,"x":-13.852,"y":-85.245
},{
"h":1.237,"i":0,"k":77,"n":10,"u":4.989,"v":72.458,"x":-15.985,"y":-85.245
},{
"h":1.237,"i":0,"k":77,"n":18,"p":27,"u":4.989,"v":72.458,"x":-15.985,"y":-85.245
},{
"h":1.237,"i":0,"k":77,"n":27,"t":0,"u":4.989,"v":72.458,"x":-15.985,"y":-85.245
}
]
},{
"f":[
{
"h":0.78,"i":0,"k":67,"n":0,"w":0.78,"x":4.491,"y":-69.843
},{
"h":0.78,"i":0,"k":43,"n":2,"w":0.78,"x":2.491,"y":-69.843
},{
"h":0.78,"i":0,"k":16,"n":4,"w":0.78,"x":0.49,"y":-69.843
},{
"h":0.78,"i":0,"k":9,"n":7,"w":0.78,"x":-3.508,"y":-69.843
},{
"h":0.78,"i":1,"k":43,"n":10,"w":0.78,"x":-5.508,"y":-69.843
},{
"h":0.78,"i":1,"k":108,"n":12,"w":0.78,"x":-5.508,"y":-69.843
},{
"h":0.777,"i":1,"k":108,"n":14,"u":-2.552,"v":87.21,"w":0.78,"x":-5.508,"y":-68.293
},{
"h":0.799,"i":1,"k":108,"n":16,"u":-1.27,"v":83.774,"w":0.78,"x":-5.508,"y":-70.505
},{
"h":0.78,"i":1,"k":108,"n":18,"p":27,"w":0.78,"x":-5.508,"y":-68.842
},{
"h":0.78,"i":1,"k":108,"n":27,"t":0,"w":0.78,"x":-5.508,"y":-68.842
}
]
},{
"f":[
{
"h":0.78,"i":0,"k":6,"n":0,"w":0.78,"x":4.491,"y":-69.843
},{
"h":0.78,"i":1,"k":72,"n":2,"w":0.78,"x":2.491,"y":-69.843
},{
"h":0.78,"i":1,"k":109,"n":4,"w":0.78,"x":0.49,"y":-69.843
},{
"h":0.78,"i":0,"k":73,"n":7,"w":0.78,"x":-3.508,"y":-69.843
},{
"h":0.78,"i":1,"k":100,"n":10,"w":0.78,"x":-5.508,"y":-69.843
},{
"h":0.78,"i":0,"k":60,"n":12,"w":0.78,"x":-5.508,"y":-69.843
},{
"h":0.777,"i":0,"k":60,"n":14,"u":-2.552,"v":87.21,"w":0.78,"x":-5.508,"y":-68.293
},{
"h":0.799,"i":0,"k":60,"n":16,"u":-1.27,"v":83.774,"w":0.78,"x":-5.508,"y":-70.505
},{
"h":0.78,"i":0,"k":60,"n":18,"p":27,"w":0.78,"x":-5.508,"y":-68.842
},{
"h":0.78,"i":0,"k":60,"n":27,"t":0,"w":0.78,"x":-5.508,"y":-68.842
}
]
},{
"f":[
{
"h":0.78,"i":0,"k":72,"n":0,"t":0,"w":0.78,"x":4.491,"y":-69.843
},{
"g":40.79,"h":0.78,"i":0,"k":72,"n":4,"p":6,"u":-0.288,"v":32.979,"w":0.78,"x":22.791,"y":-120.643
},{
"g":67.86,"h":0.78,"i":0,"k":72,"n":6,"p":8,"u":-2.063,"v":-18.979,"w":0.78,"x":31.266,"y":-135.268
},{
"g":104.69,"h":0.78,"i":0,"k":72,"n":8,"p":10,"t":0.784,"u":-2.063,"v":-18.979,"w":0.78,"x":41.54,"y":-157.25
},{
"g":144.33,"h":0.78,"i":0,"k":72,"n":10,"p":13,"t":0.588,"u":-2.063,"v":-18.979,"w":0.78,"x":64.378,"y":-161.629
},{
"g":179.71,"h":0.78,"i":0,"k":72,"n":13,"p":16,"t":0.392,"u":-2.063,"v":-18.979,"w":0.78,"x":81.656,"y":-162.875
},{
"g":238.49,"h":0.78,"i":0,"k":72,"n":16,"p":18,"t":0.196,"u":-2.063,"v":-18.979,"w":0.78,"x":110.71,"y":-145.702
},{
"g":306.14,"h":0.78,"i":0,"k":72,"n":18,"t":0,"u":-2.063,"v":-18.979,"w":0.78,"x":128.599,"y":-96.65
}
]
},{
"f":[
{
"h":0.78,"i":0,"k":81,"n":0,"t":0,"w":0.78,"x":4.491,"y":-69.843
},{
"g":40.79,"h":0.78,"i":0,"k":81,"n":4,"p":6,"u":-0.288,"v":32.979,"w":0.78,"x":22.791,"y":-120.643
},{
"g":67.86,"h":0.78,"i":0,"k":81,"n":6,"p":8,"u":-2.063,"v":-18.979,"w":0.78,"x":31.266,"y":-135.268
},{
"g":104.69,"h":0.78,"i":0,"k":81,"n":8,"p":10,"t":0.784,"u":-2.063,"v":-18.979,"w":0.78,"x":41.54,"y":-157.25
},{
"g":144.33,"h":0.78,"i":0,"k":81,"n":10,"p":13,"t":0.588,"u":-2.063,"v":-18.979,"w":0.78,"x":64.378,"y":-161.629
},{
"g":179.71,"h":0.78,"i":0,"k":81,"n":13,"p":16,"t":0.392,"u":-2.063,"v":-18.979,"w":0.78,"x":81.656,"y":-162.875
},{
"g":238.49,"h":0.78,"i":0,"k":81,"n":16,"p":18,"t":0.196,"u":-2.063,"v":-18.979,"w":0.78,"x":110.71,"y":-145.702
},{
"g":306.14,"h":0.78,"i":0,"k":81,"n":18,"t":0,"u":-2.063,"v":-18.979,"w":0.78,"x":128.599,"y":-96.65
}
]
}
],"n":"ani_enemy_pirate02_defeat","r":30
},{
"f":16,"l":[
{
"f":[
{
"h":1.237,"i":0,"k":76,"n":0,"u":4.989,"v":72.458,"x":-3.185,"y":-85.245
}
]
},{
"f":[
{
"h":1.237,"i":0,"k":77,"n":0,"u":4.989,"v":72.458,"x":-3.185,"y":-85.245
}
]
},{
"f":[
{
"g":-40.79,"h":0.78,"i":0,"k":72,"n":0,"u":-0.288,"v":32.979,"w":-0.78,"x":-82,"y":-82.338
},{
"g":-11.53,"h":0.78,"i":0,"k":72,"n":2,"u":-0.288,"v":32.979,"w":-0.78,"x":-85.156,"y":-93.091
},{
"g":-63.5,"h":0.78,"i":0,"k":72,"n":4,"u":-0.288,"v":32.979,"w":-0.78,"x":-72.557,"y":-60.34
},{
"g":-57.4,"h":0.78,"i":0,"k":72,"n":6,"u":-0.288,"v":32.979,"w":0.78,"x":54.531,"y":-126.689
},{
"g":-72.23,"h":0.796,"i":0,"k":72,"n":8,"u":-0.288,"v":32.979,"w":0.78,"x":42.103,"y":-128.664
},{
"g":-72.23,"h":0.796,"i":0,"k":72,"n":12,"t":0,"u":-0.288,"v":32.979,"w":0.78,"x":42.103,"y":-128.664
}
]
},{
"f":[
{
"g":-40.79,"h":0.78,"i":0,"k":81,"n":0,"u":-0.288,"v":32.979,"w":-0.78,"x":-82,"y":-82.338
},{
"g":-11.53,"h":0.78,"i":0,"k":81,"n":2,"u":-0.288,"v":32.979,"w":-0.78,"x":-85.156,"y":-93.091
},{
"g":-63.5,"h":0.78,"i":0,"k":81,"n":4,"u":-0.288,"v":32.979,"w":-0.78,"x":-72.557,"y":-60.34
},{
"g":-57.4,"h":0.78,"i":0,"k":81,"n":6,"u":-0.288,"v":32.979,"w":0.78,"x":54.531,"y":-126.689
},{
"g":-72.23,"h":0.796,"i":0,"k":81,"n":8,"u":-0.288,"v":32.979,"w":0.78,"x":42.103,"y":-128.664
},{
"g":-72.23,"h":0.796,"i":0,"k":81,"n":12,"t":0,"u":-0.288,"v":32.979,"w":0.78,"x":42.103,"y":-128.664
}
]
},{
"f":[
{
"h":0.78,"i":1,"k":1,"n":0,"w":0.78,"x":4.491,"y":-68.842
},{
"h":0.78,"i":0,"k":18,"n":2,"w":0.78,"x":4.491,"y":-68.842
},{
"h":0.78,"i":1,"k":105,"n":4,"w":0.78,"x":4.491,"y":-68.842
},{
"h":0.78,"i":1,"k":58,"n":6,"w":0.78,"x":4.491,"y":-68.842
},{
"h":0.78,"i":1,"k":77,"n":8,"u":-48.706,"v":94.03,"w":0.78,"x":4.491,"y":-68.842
},{
"h":0.78,"i":0,"k":61,"n":12,"w":0.78,"x":4.491,"y":-68.842
},{
"h":0.78,"i":0,"k":55,"n":15,"w":0.78,"x":4.491,"y":-69.843
}
]
},{
"f":[
{
"h":0.78,"i":1,"k":7,"n":0,"w":0.78,"x":4.491,"y":-68.842
},{
"h":0.78,"i":0,"k":56,"n":2,"w":0.78,"x":4.491,"y":-68.842
},{
"h":0.78,"i":0,"k":28,"n":4,"w":0.78,"x":4.491,"y":-68.842
},{
"h":0.78,"i":1,"k":18,"n":6,"w":0.78,"x":4.491,"y":-68.842
},{
"h":0.78,"i":1,"k":13,"n":8,"u":-48.706,"v":94.03,"w":0.78,"x":4.491,"y":-68.842
},{
"h":0.78,"i":1,"k":11,"n":12,"w":0.78,"x":4.491,"y":-68.842
},{
"h":0.78,"i":1,"k":57,"n":15,"w":0.78,"x":4.491,"y":-69.843
}
]
},{
"f":[
{
"c":0,"g":0,"h":0,"i":-1,"k":-1,"n":0,"t":0,"u":0,"v":0,"w":0,"x":0,"y":0
},{
"g":17.05,"i":0,"k":68,"n":7,"t":0,"x":14,"y":-40.5
},{
"i":0,"k":68,"n":8,"t":0.733,"x":28.871,"y":-26.757
},{
"i":1,"k":53,"n":9,"t":0.784,"x":28.871,"y":-26.757
},{
"i":1,"k":55,"n":10,"t":0.588,"x":28.871,"y":-26.757
},{
"i":0,"k":78,"n":11,"t":0.862,"x":28.871,"y":-26.757
},{
"i":0,"k":78,"n":12,"t":0,"x":28.871,"y":-26.757
}
]
},{
"f":[
{
"c":0,"g":0,"h":0,"i":-1,"k":-1,"n":0,"t":0,"u":0,"v":0,"w":0,"x":0,"y":0
},{
"g":17.05,"i":0,"k":23,"n":7,"t":0,"x":14,"y":-40.5
},{
"i":0,"k":23,"n":8,"t":0.733,"x":28.871,"y":-26.757
},{
"i":1,"k":104,"n":9,"t":0.784,"x":28.871,"y":-26.757
},{
"i":1,"k":103,"n":10,"t":0.588,"x":28.871,"y":-26.757
},{
"i":1,"k":112,"n":11,"t":0.862,"x":28.871,"y":-26.757
},{
"i":1,"k":112,"n":12,"t":0,"x":28.871,"y":-26.757
}
]
},{
"f":[
{
"c":1,"h":115.3,"i":-1,"k":-1,"n":0,"o":"mcCollision","w":26,"x":-13,"y":-126
}
]
},{
"f":[
{
"c":1,"h":10,"i":-1,"k":-1,"n":0,"o":"mcCollisionAttack","w":10,"x":0,"y":-2000
},{
"c":1,"h":104.6,"i":-1,"k":-1,"n":6,"o":"mcCollisionAttack","w":82,"x":11.291,"y":-105.021
},{
"c":1,"h":10,"i":-1,"k":-1,"n":12,"o":"mcCollisionAttack","w":10,"x":0,"y":-2000
}
]
}
],"n":"ani_enemy_pirate02_attack","r":30
},{
"f":24,"l":[
{
"f":[
{
"h":1.237,"i":0,"k":76,"n":0,"u":4.989,"v":72.458,"x":-3.185,"y":-85.245
}
]
},{
"f":[
{
"h":1.237,"i":0,"k":77,"n":0,"u":4.989,"v":72.458,"x":-3.185,"y":-85.245
}
]
},{
"f":[
{
"h":0.78,"i":0,"k":37,"n":0,"w":0.78,"x":4.491,"y":-69.843
},{
"h":0.78,"i":1,"k":38,"n":3,"w":0.78,"x":4.491,"y":-69.843
},{
"h":0.786,"i":1,"k":50,"n":6,"u":6.421,"v":88.902,"w":0.78,"x":4.491,"y":-70.466
},{
"h":0.785,"i":1,"k":21,"n":9,"u":7.5,"v":101,"w":0.78,"x":4.491,"y":-70.43
},{
"h":0.78,"i":0,"k":26,"n":12,"w":0.78,"x":4.491,"y":-69.843
},{
"h":0.78,"i":1,"k":5,"n":15,"w":0.78,"x":4.491,"y":-69.843
},{
"h":0.78,"i":1,"k":52,"n":18,"u":6.205,"v":85.46,"w":0.78,"x":4.491,"y":-69.843
},{
"h":0.78,"i":1,"k":47,"n":21,"w":0.78,"x":4.491,"y":-69.843
}
]
},{
"f":[
{
"h":0.78,"i":1,"k":65,"n":0,"w":0.78,"x":4.491,"y":-69.843
},{
"h":0.78,"i":1,"k":33,"n":3,"w":0.78,"x":4.491,"y":-69.843
},{
"h":0.786,"i":1,"k":32,"n":6,"u":6.421,"v":88.902,"w":0.78,"x":4.491,"y":-70.466
},{
"h":0.785,"i":1,"k":54,"n":9,"u":7.5,"v":101,"w":0.78,"x":4.491,"y":-70.43
},{
"h":0.78,"i":1,"k":66,"n":12,"w":0.78,"x":4.491,"y":-69.843
},{
"h":0.78,"i":1,"k":69,"n":15,"w":0.78,"x":4.491,"y":-69.843
},{
"h":0.78,"i":1,"k":30,"n":18,"u":6.205,"v":85.46,"w":0.78,"x":4.491,"y":-69.843
},{
"h":0.78,"i":1,"k":26,"n":21,"w":0.78,"x":4.491,"y":-69.843
}
]
},{
"f":[
{
"c":1,"h":115.3,"i":-1,"k":-1,"n":0,"o":"mcCollision","w":26,"x":-13,"y":-126
}
]
}
],"n":"ani_enemy_pirate01_walk","r":30
},{
"f":8,"l":[
{
"f":[
{
"h":1.237,"i":0,"k":76,"n":0,"u":4.989,"v":72.458,"x":-3.185,"y":-85.245
}
]
},{
"f":[
{
"h":1.237,"i":0,"k":77,"n":0,"u":4.989,"v":72.458,"x":-3.185,"y":-85.245
}
]
},{
"f":[
{
"h":0.78,"i":0,"k":74,"n":0,"w":0.78,"x":4.491,"y":-74.842
},{
"h":0.78,"i":0,"k":74,"n":2,"w":0.78,"x":4.491,"y":-69.843
},{
"h":0.769,"i":1,"k":9,"n":3,"w":0.78,"x":4.491,"y":-68.727
},{
"h":0.78,"i":1,"k":19,"n":5,"w":0.78,"x":4.491,"y":-69.843
},{
"h":0.78,"i":0,"k":5,"n":7,"w":0.78,"x":4.491,"y":-69.843
}
]
},{
"f":[
{
"h":0.78,"i":0,"k":15,"n":0,"w":0.78,"x":4.491,"y":-74.842
},{
"h":0.78,"i":0,"k":15,"n":2,"w":0.78,"x":4.491,"y":-69.843
},{
"h":0.769,"i":1,"k":27,"n":3,"w":0.78,"x":4.491,"y":-68.727
},{
"h":0.78,"i":1,"k":24,"n":5,"w":0.78,"x":4.491,"y":-69.843
},{
"h":0.78,"i":2,"k":3,"n":7,"w":0.78,"x":4.491,"y":-69.843
}
]
}
],"n":"ani_enemy_pirate01_teleport","r":30
},{
"f":82,"l":[
{
"f":[
{
"h":1.237,"i":0,"k":76,"n":0,"u":4.989,"v":72.458,"x":-3.185,"y":-85.245
}
]
},{
"f":[
{
"h":1.237,"i":0,"k":77,"n":0,"u":4.989,"v":72.458,"x":-3.185,"y":-85.245
}
]
},{
"f":[
{
"h":0.78,"i":0,"k":5,"n":0,"w":0.78,"x":4.491,"y":-69.843
},{
"h":0.78,"i":0,"k":4,"n":3,"w":0.78,"x":4.491,"y":-69.843
},{
"h":0.78,"i":1,"k":4,"n":7,"w":0.78,"x":4.491,"y":-69.843
},{
"h":0.78,"i":0,"k":2,"n":11,"w":0.78,"x":4.491,"y":-69.843
},{
"h":0.78,"i":1,"k":4,"n":16,"w":0.78,"x":4.491,"y":-69.843
},{
"h":0.78,"i":0,"k":4,"n":20,"w":0.78,"x":4.491,"y":-69.843
},{
"h":0.78,"i":0,"k":5,"n":24,"w":0.78,"x":4.491,"y":-69.843
},{
"h":0.78,"i":0,"k":4,"n":28,"w":0.78,"x":4.491,"y":-69.843
},{
"h":0.78,"i":1,"k":4,"n":33,"u":1.293,"v":86.338,"w":0.78,"x":4.491,"y":-69.843
},{
"h":0.78,"i":0,"k":4,"n":39,"w":0.78,"x":4.491,"y":-69.843
},{
"h":0.78,"i":0,"k":5,"n":43,"w":0.78,"x":4.491,"y":-69.843
},{
"h":0.78,"i":0,"k":4,"n":47,"w":0.78,"x":4.491,"y":-69.843
},{
"h":0.78,"i":1,"k":4,"n":52,"w":0.78,"x":4.491,"y":-69.843
},{
"h":0.78,"i":0,"k":4,"n":58,"w":0.78,"x":4.491,"y":-69.843
},{
"h":0.78,"i":0,"k":5,"n":62,"w":0.78,"x":4.491,"y":-69.843
},{
"h":0.78,"i":0,"k":4,"n":66,"w":0.78,"x":4.491,"y":-69.843
},{
"h":0.78,"i":1,"k":4,"n":71,"w":0.78,"x":4.491,"y":-69.843
},{
"h":0.78,"i":0,"k":4,"n":77,"w":0.78,"x":4.491,"y":-69.843
}
]
},{
"f":[
{
"h":0.78,"i":2,"k":3,"n":0,"w":0.78,"x":4.491,"y":-69.843
},{
"h":0.78,"i":1,"k":113,"n":3,"w":0.78,"x":4.491,"y":-69.843
},{
"h":0.78,"i":1,"k":59,"n":7,"w":0.78,"x":4.491,"y":-69.843
},{
"h":0.78,"i":0,"k":69,"n":11,"w":0.78,"x":4.491,"y":-69.843
},{
"h":0.78,"i":1,"k":59,"n":16,"w":0.78,"x":4.491,"y":-69.843
},{
"h":0.78,"i":1,"k":113,"n":20,"w":0.78,"x":4.491,"y":-69.843
},{
"h":0.78,"i":2,"k":3,"n":24,"w":0.78,"x":4.491,"y":-69.843
},{
"h":0.78,"i":1,"k":113,"n":28,"w":0.78,"x":4.491,"y":-69.843
},{
"h":0.78,"i":1,"k":59,"n":33,"u":1.293,"v":86.338,"w":0.78,"x":4.491,"y":-69.843
},{
"h":0.78,"i":1,"k":113,"n":39,"w":0.78,"x":4.491,"y":-69.843
},{
"h":0.78,"i":2,"k":3,"n":43,"w":0.78,"x":4.491,"y":-69.843
},{
"h":0.78,"i":1,"k":113,"n":47,"w":0.78,"x":4.491,"y":-69.843
},{
"h":0.78,"i":1,"k":59,"n":52,"w":0.78,"x":4.491,"y":-69.843
},{
"h":0.78,"i":1,"k":113,"n":58,"w":0.78,"x":4.491,"y":-69.843
},{
"h":0.78,"i":2,"k":3,"n":62,"w":0.78,"x":4.491,"y":-69.843
},{
"h":0.78,"i":1,"k":113,"n":66,"w":0.78,"x":4.491,"y":-69.843
},{
"h":0.78,"i":1,"k":59,"n":71,"w":0.78,"x":4.491,"y":-69.843
},{
"h":0.78,"i":1,"k":113,"n":77,"w":0.78,"x":4.491,"y":-69.843
}
]
},{
"f":[
{
"c":1,"h":115.3,"i":-1,"k":-1,"n":0,"o":"mcCollision","w":26,"x":-13,"y":-126
}
]
}
],"n":"ani_enemy_pirate01_stand","r":30
},{
"f":30,"l":[
{
"f":[
{
"h":1.237,"i":0,"k":76,"n":0,"u":4.989,"v":72.458,"x":-3.185,"y":-85.245
},{
"h":1.237,"i":0,"k":76,"n":2,"u":4.989,"v":72.458,"x":-6.842,"y":-85.245
},{
"h":1.237,"i":0,"k":76,"n":4,"u":4.989,"v":72.458,"x":-9.28,"y":-85.245
},{
"h":1.237,"i":0,"k":76,"n":7,"u":4.989,"v":72.458,"x":-13.852,"y":-85.245
},{
"h":1.237,"i":0,"k":76,"n":10,"u":4.989,"v":72.458,"x":-15.985,"y":-85.245
},{
"h":1.237,"i":0,"k":76,"n":18,"p":27,"u":4.989,"v":72.458,"x":-15.985,"y":-85.245
},{
"h":1.237,"i":0,"k":76,"n":27,"t":0,"u":4.989,"v":72.458,"x":-15.985,"y":-85.245
}
]
},{
"f":[
{
"h":1.237,"i":0,"k":77,"n":0,"u":4.989,"v":72.458,"x":-3.185,"y":-85.245
},{
"h":1.237,"i":0,"k":77,"n":2,"u":4.989,"v":72.458,"x":-6.842,"y":-85.245
},{
"h":1.237,"i":0,"k":77,"n":4,"u":4.989,"v":72.458,"x":-9.28,"y":-85.245
},{
"h":1.237,"i":0,"k":77,"n":7,"u":4.989,"v":72.458,"x":-13.852,"y":-85.245
},{
"h":1.237,"i":0,"k":77,"n":10,"u":4.989,"v":72.458,"x":-15.985,"y":-85.245
},{
"h":1.237,"i":0,"k":77,"n":18,"p":27,"u":4.989,"v":72.458,"x":-15.985,"y":-85.245
},{
"h":1.237,"i":0,"k":77,"n":27,"t":0,"u":4.989,"v":72.458,"x":-15.985,"y":-85.245
}
]
},{
"f":[
{
"h":0.78,"i":0,"k":54,"n":0,"w":0.78,"x":4.491,"y":-69.843
},{
"h":0.78,"i":0,"k":44,"n":2,"w":0.78,"x":2.491,"y":-69.843
},{
"h":0.78,"i":0,"k":7,"n":4,"w":0.78,"x":0.49,"y":-69.843
},{
"h":0.78,"i":0,"k":11,"n":7,"w":0.78,"x":-3.508,"y":-69.843
},{
"h":0.78,"i":1,"k":44,"n":10,"w":0.78,"x":-5.508,"y":-69.843
},{
"h":0.78,"i":1,"k":64,"n":12,"w":0.78,"x":-5.508,"y":-69.843
},{
"h":0.777,"i":1,"k":64,"n":14,"u":-2.552,"v":87.21,"w":0.78,"x":-5.508,"y":-68.293
},{
"h":0.799,"i":1,"k":64,"n":16,"u":-1.27,"v":83.774,"w":0.78,"x":-5.508,"y":-70.505
},{
"h":0.78,"i":1,"k":64,"n":18,"p":27,"w":0.78,"x":-5.508,"y":-68.842
},{
"h":0.78,"i":1,"k":64,"n":27,"t":0,"w":0.78,"x":-5.508,"y":-68.842
}
]
},{
"f":[
{
"h":0.78,"i":1,"k":70,"n":0,"w":0.78,"x":4.491,"y":-69.843
},{
"h":0.78,"i":1,"k":73,"n":2,"w":0.78,"x":2.491,"y":-69.843
},{
"h":0.78,"i":1,"k":111,"n":4,"w":0.78,"x":0.49,"y":-69.843
},{
"h":0.78,"i":0,"k":71,"n":7,"w":0.78,"x":-3.508,"y":-69.843
},{
"h":0.78,"i":1,"k":97,"n":10,"w":0.78,"x":-5.508,"y":-69.843
},{
"h":0.78,"i":1,"k":96,"n":12,"w":0.78,"x":-5.508,"y":-69.843
},{
"h":0.777,"i":1,"k":96,"n":14,"u":-2.552,"v":87.21,"w":0.78,"x":-5.508,"y":-68.293
},{
"h":0.799,"i":1,"k":96,"n":16,"u":-1.27,"v":83.774,"w":0.78,"x":-5.508,"y":-70.505
},{
"h":0.78,"i":1,"k":96,"n":18,"p":27,"w":0.78,"x":-5.508,"y":-68.842
},{
"h":0.78,"i":1,"k":96,"n":27,"t":0,"w":0.78,"x":-5.508,"y":-68.842
}
]
},{
"f":[
{
"h":0.78,"i":0,"k":72,"n":0,"t":0,"w":0.78,"x":4.491,"y":-69.843
},{
"g":40.79,"h":0.78,"i":0,"k":72,"n":4,"p":6,"u":-0.288,"v":32.979,"w":0.78,"x":22.791,"y":-120.643
},{
"g":67.86,"h":0.78,"i":0,"k":72,"n":6,"p":8,"u":-2.063,"v":-18.979,"w":0.78,"x":31.266,"y":-135.268
},{
"g":104.69,"h":0.78,"i":0,"k":72,"n":8,"p":10,"t":0.784,"u":-2.063,"v":-18.979,"w":0.78,"x":43.196,"y":-154.49
},{
"g":144.33,"h":0.78,"i":0,"k":72,"n":10,"p":13,"t":0.588,"u":-2.063,"v":-18.979,"w":0.78,"x":69.898,"y":-156.661
},{
"g":179.71,"h":0.78,"i":0,"k":72,"n":13,"p":16,"t":0.392,"u":-2.063,"v":-18.979,"w":0.78,"x":86.623,"y":-157.353
},{
"g":238.49,"h":0.78,"i":0,"k":72,"n":16,"p":18,"t":0.196,"u":-2.063,"v":-18.979,"w":0.78,"x":112.365,"y":-139.629
},{
"g":306.14,"h":0.78,"i":0,"k":72,"n":18,"t":0,"u":-2.063,"v":-18.979,"w":0.78,"x":128.599,"y":-96.65
}
]
},{
"f":[
{
"h":0.78,"i":0,"k":81,"n":0,"t":0,"w":0.78,"x":4.491,"y":-69.843
},{
"g":40.79,"h":0.78,"i":0,"k":81,"n":4,"p":6,"u":-0.288,"v":32.979,"w":0.78,"x":22.791,"y":-120.643
},{
"g":67.86,"h":0.78,"i":0,"k":81,"n":6,"p":8,"u":-2.063,"v":-18.979,"w":0.78,"x":31.266,"y":-135.268
},{
"g":104.69,"h":0.78,"i":0,"k":81,"n":8,"p":10,"t":0.784,"u":-2.063,"v":-18.979,"w":0.78,"x":43.196,"y":-154.49
},{
"g":144.33,"h":0.78,"i":0,"k":81,"n":10,"p":13,"t":0.588,"u":-2.063,"v":-18.979,"w":0.78,"x":69.898,"y":-156.661
},{
"g":179.71,"h":0.78,"i":0,"k":81,"n":13,"p":16,"t":0.392,"u":-2.063,"v":-18.979,"w":0.78,"x":86.623,"y":-157.353
},{
"g":238.49,"h":0.78,"i":0,"k":81,"n":16,"p":18,"t":0.196,"u":-2.063,"v":-18.979,"w":0.78,"x":112.365,"y":-139.629
},{
"g":306.14,"h":0.78,"i":0,"k":81,"n":18,"t":0,"u":-2.063,"v":-18.979,"w":0.78,"x":128.599,"y":-96.65
}
]
}
],"n":"ani_enemy_pirate01_defeat","r":30
},{
"f":16,"l":[
{
"f":[
{
"h":1.237,"i":0,"k":76,"n":0,"u":4.989,"v":72.458,"x":-3.185,"y":-85.245
}
]
},{
"f":[
{
"h":1.237,"i":0,"k":77,"n":0,"u":4.989,"v":72.458,"x":-3.185,"y":-85.245
}
]
},{
"f":[
{
"g":-40.79,"h":0.78,"i":0,"k":72,"n":0,"u":-0.288,"v":32.979,"w":-0.78,"x":-82,"y":-82.338
},{
"g":-11.53,"h":0.78,"i":0,"k":72,"n":2,"u":-0.288,"v":32.979,"w":-0.78,"x":-85.156,"y":-93.091
},{
"g":-63.5,"h":0.78,"i":0,"k":72,"n":4,"u":-0.288,"v":32.979,"w":-0.78,"x":-72.557,"y":-60.34
},{
"g":-57.4,"h":0.78,"i":0,"k":72,"n":6,"u":-0.288,"v":32.979,"w":0.78,"x":54.531,"y":-126.689
},{
"g":-72.23,"h":0.796,"i":0,"k":72,"n":8,"u":-0.288,"v":32.979,"w":0.78,"x":42.103,"y":-128.664
},{
"g":-72.23,"h":0.796,"i":0,"k":72,"n":12,"t":0,"u":-0.288,"v":32.979,"w":0.78,"x":42.103,"y":-128.664
}
]
},{
"f":[
{
"g":-40.79,"h":0.78,"i":0,"k":81,"n":0,"u":-0.288,"v":32.979,"w":-0.78,"x":-82,"y":-82.338
},{
"g":-11.53,"h":0.78,"i":0,"k":81,"n":2,"u":-0.288,"v":32.979,"w":-0.78,"x":-85.156,"y":-93.091
},{
"g":-63.5,"h":0.78,"i":0,"k":81,"n":4,"u":-0.288,"v":32.979,"w":-0.78,"x":-72.557,"y":-60.34
},{
"g":-57.4,"h":0.78,"i":0,"k":81,"n":6,"u":-0.288,"v":32.979,"w":0.78,"x":54.531,"y":-126.689
},{
"g":-72.23,"h":0.796,"i":0,"k":81,"n":8,"u":-0.288,"v":32.979,"w":0.78,"x":42.103,"y":-128.664
},{
"g":-72.23,"h":0.796,"i":0,"k":81,"n":12,"t":0,"u":-0.288,"v":32.979,"w":0.78,"x":42.103,"y":-128.664
}
]
},{
"f":[
{
"h":0.78,"i":1,"k":2,"n":0,"w":0.78,"x":4.491,"y":-68.842
},{
"h":0.78,"i":0,"k":20,"n":2,"w":0.78,"x":4.491,"y":-68.842
},{
"h":0.78,"i":1,"k":101,"n":4,"w":0.78,"x":4.491,"y":-68.842
},{
"h":0.78,"i":1,"k":61,"n":6,"w":0.78,"x":4.491,"y":-68.842
},{
"h":0.78,"i":1,"k":85,"n":8,"u":-48.706,"v":94.03,"w":0.78,"x":4.491,"y":-68.842
},{
"h":0.78,"i":0,"k":62,"n":12,"w":0.78,"x":4.491,"y":-68.842
},{
"h":0.78,"i":0,"k":5,"n":15,"w":0.78,"x":4.491,"y":-69.843
}
]
},{
"f":[
{
"h":0.78,"i":1,"k":6,"n":0,"w":0.78,"x":4.491,"y":-68.842
},{
"h":0.78,"i":1,"k":15,"n":2,"w":0.78,"x":4.491,"y":-68.842
},{
"h":0.78,"i":0,"k":19,"n":4,"w":0.78,"x":4.491,"y":-68.842
},{
"h":0.78,"i":1,"k":14,"n":6,"w":0.78,"x":4.491,"y":-68.842
},{
"h":0.78,"i":0,"k":46,"n":8,"u":-48.706,"v":94.03,"w":0.78,"x":4.491,"y":-68.842
},{
"h":0.78,"i":1,"k":12,"n":12,"w":0.78,"x":4.491,"y":-68.842
},{
"h":0.78,"i":2,"k":3,"n":15,"w":0.78,"x":4.491,"y":-69.843
}
]
},{
"f":[
{
"c":0,"g":0,"h":0,"i":-1,"k":-1,"n":0,"t":0,"u":0,"v":0,"w":0,"x":0,"y":0
},{
"g":17.05,"i":0,"k":68,"n":7,"t":0,"x":14,"y":-40.5
},{
"i":0,"k":68,"n":8,"t":0.733,"x":28.871,"y":-26.757
},{
"i":1,"k":53,"n":9,"t":0.784,"x":28.871,"y":-26.757
},{
"i":1,"k":55,"n":10,"t":0.588,"x":28.871,"y":-26.757
},{
"i":0,"k":78,"n":11,"t":0.862,"x":28.871,"y":-26.757
},{
"i":0,"k":78,"n":12,"t":0,"x":28.871,"y":-26.757
}
]
},{
"f":[
{
"c":0,"g":0,"h":0,"i":-1,"k":-1,"n":0,"t":0,"u":0,"v":0,"w":0,"x":0,"y":0
},{
"g":17.05,"i":0,"k":23,"n":7,"t":0,"x":14,"y":-40.5
},{
"i":0,"k":23,"n":8,"t":0.733,"x":28.871,"y":-26.757
},{
"i":1,"k":104,"n":9,"t":0.784,"x":28.871,"y":-26.757
},{
"i":1,"k":103,"n":10,"t":0.588,"x":28.871,"y":-26.757
},{
"i":1,"k":112,"n":11,"t":0.862,"x":28.871,"y":-26.757
},{
"i":1,"k":112,"n":12,"t":0,"x":28.871,"y":-26.757
}
]
},{
"f":[
{
"c":1,"h":115.3,"i":-1,"k":-1,"n":0,"o":"mcCollision","w":26,"x":-13,"y":-126
}
]
},{
"f":[
{
"c":1,"h":10,"i":-1,"k":-1,"n":0,"o":"mcCollisionAttack","w":10,"x":0,"y":-2000
},{
"c":1,"h":104.6,"i":-1,"k":-1,"n":6,"o":"mcCollisionAttack","w":82,"x":11.291,"y":-105.021
},{
"c":1,"h":10,"i":-1,"k":-1,"n":12,"o":"mcCollisionAttack","w":10,"x":0,"y":-2000
}
]
}
],"n":"ani_enemy_pirate01_attack","r":30
}
],"atlas":[
[
{
"h":124,"n":"","p":70,"q":20,"w":171,"x":1,"y":1
},{
"h":124,"n":"","p":70,"q":20,"w":166,"x":173,"y":1
},{
"h":164,"n":"","p":50,"q":60,"w":112,"x":1,"y":126
},{
"h":165,"n":"","p":50,"q":61,"w":110,"x":1,"y":291
},{
"h":165,"n":"","p":50,"q":61,"w":110,"x":1,"y":457
},{
"h":166,"n":"","p":50,"q":62,"w":109,"x":1,"y":623
},{
"h":188,"n":"","p":54,"q":105,"w":94,"x":1,"y":790
},{
"h":159,"n":"","p":61,"q":55,"w":111,"x":114,"y":126
},{
"h":161,"n":"","p":59,"q":57,"w":109,"x":114,"y":286
},{
"h":161,"n":"","p":59,"q":57,"w":109,"x":114,"y":448
},{
"h":160,"n":"","p":59,"q":56,"w":109,"x":114,"y":610
},{
"h":160,"n":"","p":59,"q":56,"w":109,"x":114,"y":771
},{
"h":151,"n":"","p":38,"q":77,"w":115,"x":226,"y":126
},{
"h":156,"n":"","p":60,"q":52,"w":110,"x":226,"y":278
},{
"h":130,"n":"","p":70,"q":26,"w":131,"x":342,"y":126
},{
"h":157,"n":"","p":42,"q":126,"w":108,"x":226,"y":435
},{
"h":154,"n":"","p":60,"q":50,"w":110,"x":226,"y":593
},{
"h":153,"n":"","p":60,"q":49,"w":110,"x":226,"y":748
},{
"h":103,"n":"","p":114,"q":-1,"w":163,"x":340,"y":1
},{
"h":140,"n":"","p":79,"q":70,"w":119,"x":474,"y":126
},{
"h":102,"n":"","p":114,"q":-2,"w":163,"x":504,"y":1
},{
"h":139,"n":"","p":67,"q":35,"w":116,"x":594,"y":126
},{
"h":139,"n":"","p":66,"q":35,"w":115,"x":711,"y":126
},{
"h":124,"n":"","p":34,"q":135,"w":128,"x":668,"y":1
},{
"h":157,"n":"","p":32,"q":124,"w":101,"x":337,"y":278
},{
"h":134,"n":"","p":68,"q":30,"w":117,"x":827,"y":126
},{
"h":130,"n":"","p":52,"q":29,"w":120,"x":439,"y":278
},{
"h":134,"n":"","p":67,"q":30,"w":116,"x":560,"y":278
},{
"h":141,"n":"","p":79,"q":69,"w":110,"x":677,"y":278
},{
"h":129,"n":"","p":52,"q":29,"w":120,"x":788,"y":278
},{
"h":145,"n":"","p":55,"q":41,"w":105,"x":909,"y":278
},{
"h":175,"n":"","p":49,"q":95,"w":86,"x":337,"y":436
},{
"h":143,"n":"","p":55,"q":39,"w":105,"x":424,"y":436
},{
"h":174,"n":"","p":49,"q":94,"w":86,"x":337,"y":612
},{
"h":130,"n":"","p":52,"q":31,"w":114,"x":530,"y":436
},{
"h":140,"n":"","p":55,"q":36,"w":105,"x":424,"y":580
},{
"h":140,"n":"","p":55,"q":36,"w":105,"x":424,"y":721
},{
"h":130,"n":"","p":52,"q":31,"w":113,"x":645,"y":436
},{
"h":130,"n":"","p":50,"q":26,"w":112,"x":759,"y":436
},{
"h":129,"n":"","p":50,"q":25,"w":112,"x":872,"y":436
},{
"h":124,"n":"","p":50,"q":20,"w":116,"x":797,"y":1
},{
"h":153,"n":"","p":38,"q":126,"w":94,"x":424,"y":862
},{
"h":128,"n":"","p":50,"q":24,"w":112,"x":530,"y":567
},{
"h":136,"n":"","p":55,"q":32,"w":105,"x":530,"y":696
},{
"h":136,"n":"","p":55,"q":32,"w":105,"x":530,"y":833
},{
"h":127,"n":"","p":50,"q":23,"w":112,"x":643,"y":567
},{
"h":134,"n":"","p":19,"q":76,"w":106,"x":643,"y":695
},{
"h":129,"n":"","p":50,"q":25,"w":110,"x":750,"y":695
},{
"h":129,"n":"","p":50,"q":25,"w":110,"x":861,"y":695
},{
"h":129,"n":"","p":50,"q":25,"w":110,"x":750,"y":825
},{
"h":128,"n":"","p":50,"q":24,"w":110,"x":861,"y":825
},{
"h":104,"n":"","p":50,"q":0,"w":131,"x":756,"y":567
},{
"h":114,"n":"","p":70,"q":10,"w":119,"x":888,"y":567
},{
"h":127,"n":"","p":40,"q":32,"w":101,"x":643,"y":830
},{
"h":122,"n":"","p":55,"q":18,"w":105,"x":914,"y":1
},{
"h":116,"n":"","p":50,"q":12,"w":110,"x":226,"y":902
},{
"h":69,"n":"","p":117,"q":67,"w":163,"x":861,"y":954
},{
"h":92,"n":"","p":42,"q":119,"w":107,"x":114,"y":932
},{
"h":123,"n":"","p":21,"q":28,"w":80,"x":337,"y":787
},{
"h":111,"n":"","p":30,"q":9,"w":86,"x":337,"y":911
},{
"h":111,"n":"","p":47,"q":34,"w":77,"x":945,"y":126
},{
"h":58,"n":"","p":54,"q":-46,"w":103,"x":643,"y":958
},{
"h":58,"n":"","p":54,"q":-46,"w":103,"x":750,"y":955
},{
"h":54,"n":"","p":59,"q":-51,"w":108,"x":530,"y":970
},{
"h":39,"n":"","p":4,"q":58,"w":108,"x":1,"y":979
},{
"h":25,"n":"","p":52,"q":-79,"w":102,"x":439,"y":409
},{
"h":25,"n":"","p":52,"q":-79,"w":102,"x":788,"y":408
},{
"h":22,"n":"","p":55,"q":-82,"w":105,"x":560,"y":413
},{
"h":18,"n":"","p":61,"q":12,"w":120,"x":340,"y":105
},{
"h":31,"n":"","p":11,"q":90,"w":69,"x":945,"y":238
},{
"h":43,"n":"","p":53,"q":99,"w":49,"x":972,"y":695
},{
"h":42,"n":"","p":55,"q":97,"w":50,"x":972,"y":739
},{
"h":103,"n":"","p":10,"q":62,"w":19,"x":985,"y":436
},{
"h":41,"n":"","p":52,"q":97,"w":47,"x":972,"y":782
},{
"h":59,"n":"","p":19,"q":-30,"w":31,"x":972,"y":825
},{
"h":56,"n":"","p":27,"q":-26,"w":30,"x":972,"y":885
},{
"h":12,"n":"","p":41,"q":-72,"w":92,"x":504,"y":104
},{
"h":11,"n":"","p":41,"q":-62,"w":92,"x":342,"y":257
},{
"h":15,"n":"","p":-7,"q":107,"w":57,"x":597,"y":104
},{
"h":21,"n":"","p":6,"q":14,"w":21,"x":985,"y":540
},{
"h":5,"n":"","p":6,"q":-6,"w":17,"x":461,"y":105
},{
"h":11,"n":"","p":4,"q":77,"w":4,"x":461,"y":111
}
],[
{
"h":114,"n":"","p":70,"q":10,"w":119,"x":1,"y":1
},{
"h":93,"n":"","p":95,"q":-11,"w":144,"x":121,"y":1
},{
"h":93,"n":"","p":93,"q":-11,"w":142,"x":266,"y":1
},{
"h":117,"n":"","p":50,"q":13,"w":112,"x":1,"y":116
},{
"h":117,"n":"","p":50,"q":13,"w":111,"x":1,"y":234
},{
"h":127,"n":"","p":41,"q":32,"w":101,"x":1,"y":352
},{
"h":86,"n":"","p":98,"q":74,"w":146,"x":409,"y":1
},{
"h":85,"n":"","p":98,"q":73,"w":147,"x":556,"y":1
},{
"h":96,"n":"","p":50,"q":-8,"w":128,"x":704,"y":1
},{
"h":96,"n":"","p":50,"q":-8,"w":128,"x":833,"y":1
},{
"h":100,"n":"","p":43,"q":91,"w":122,"x":114,"y":116
},{
"h":124,"n":"","p":22,"q":77,"w":96,"x":1,"y":480
},{
"h":124,"n":"","p":22,"q":77,"w":96,"x":1,"y":605
},{
"h":129,"n":"","p":6,"q":76,"w":92,"x":1,"y":730
},{
"h":114,"n":"","p":5,"q":74,"w":101,"x":1,"y":860
},{
"h":71,"n":"","p":116,"q":68,"w":160,"x":237,"y":116
},{
"h":95,"n":"","p":50,"q":-9,"w":119,"x":398,"y":116
},{
"h":97,"n":"","p":43,"q":83,"w":115,"x":518,"y":116
},{
"h":111,"n":"","p":4,"q":73,"w":99,"x":114,"y":217
},{
"h":95,"n":"","p":50,"q":-9,"w":115,"x":634,"y":116
},{
"h":122,"n":"","p":31,"q":21,"w":89,"x":114,"y":329
},{
"h":122,"n":"","p":31,"q":21,"w":89,"x":114,"y":452
},{
"h":91,"n":"","p":50,"q":-13,"w":119,"x":750,"y":116
},{
"h":100,"n":"","p":45,"q":89,"w":108,"x":870,"y":116
},{
"h":97,"n":"","p":41,"q":87,"w":111,"x":214,"y":217
},{
"h":115,"n":"","p":23,"q":63,"w":93,"x":114,"y":575
},{
"h":99,"n":"","p":45,"q":106,"w":107,"x":214,"y":315
},{
"h":88,"n":"","p":38,"q":79,"w":120,"x":326,"y":217
},{
"h":114,"n":"","p":23,"q":63,"w":92,"x":114,"y":691
},{
"h":97,"n":"","p":45,"q":105,"w":108,"x":447,"y":217
},{
"h":99,"n":"","p":44,"q":108,"w":105,"x":214,"y":415
},{
"h":98,"n":"","p":44,"q":107,"w":106,"x":214,"y":515
},{
"h":101,"n":"","p":43,"q":108,"w":102,"x":214,"y":614
},{
"h":100,"n":"","p":43,"q":107,"w":103,"x":214,"y":716
},{
"h":99,"n":"","p":43,"q":106,"w":104,"x":214,"y":817
},{
"h":110,"n":"","p":37,"q":8,"w":93,"x":114,"y":806
},{
"h":94,"n":"","p":50,"q":-10,"w":108,"x":556,"y":217
},{
"h":93,"n":"","p":38,"q":83,"w":109,"x":665,"y":217
},{
"h":110,"n":"","p":37,"q":8,"w":92,"x":322,"y":315
},{
"h":99,"n":"","p":43,"q":107,"w":102,"x":214,"y":917
},{
"h":100,"n":"","p":0,"q":0,"w":100,"x":415,"y":315
},{
"h":88,"n":"","p":14,"q":54,"w":111,"x":775,"y":217
},{
"h":101,"n":"","p":35,"q":9,"w":95,"x":114,"y":917
},{
"h":87,"n":"","p":59,"q":-17,"w":109,"x":887,"y":217
},{
"h":87,"n":"","p":59,"q":-17,"w":109,"x":516,"y":315
},{
"h":85,"n":"","p":59,"q":-19,"w":109,"x":626,"y":315
},{
"h":85,"n":"","p":59,"q":-19,"w":109,"x":736,"y":315
},{
"h":100,"n":"","p":35,"q":8,"w":92,"x":322,"y":426
},{
"h":101,"n":"","p":32,"q":10,"w":91,"x":322,"y":527
},{
"h":71,"n":"","p":70,"q":-33,"w":129,"x":846,"y":315
},{
"h":110,"n":"","p":30,"q":8,"w":83,"x":322,"y":629
},{
"h":77,"n":"","p":36,"q":76,"w":118,"x":415,"y":416
},{
"h":101,"n":"","p":32,"q":10,"w":88,"x":322,"y":740
},{
"h":103,"n":"","p":-12,"q":105,"w":82,"x":322,"y":842
},{
"h":86,"n":"","p":43,"q":106,"w":97,"x":415,"y":494
},{
"h":101,"n":"","p":-12,"q":105,"w":82,"x":415,"y":581
},{
"h":85,"n":"","p":42,"q":105,"w":96,"x":415,"y":683
},{
"h":80,"n":"","p":44,"q":91,"w":101,"x":513,"y":494
},{
"h":67,"n":"","p":50,"q":-37,"w":120,"x":534,"y":416
},{
"h":78,"n":"","p":44,"q":90,"w":102,"x":615,"y":494
},{
"h":77,"n":"","p":44,"q":89,"w":102,"x":655,"y":416
},{
"h":65,"n":"","p":50,"q":-39,"w":118,"x":758,"y":416
},{
"h":71,"n":"","p":59,"q":-33,"w":108,"x":877,"y":416
},{
"h":71,"n":"","p":59,"q":-33,"w":108,"x":718,"y":494
},{
"h":71,"n":"","p":59,"q":-33,"w":108,"x":827,"y":494
},{
"h":75,"n":"","p":44,"q":105,"w":99,"x":513,"y":575
},{
"h":76,"n":"","p":43,"q":104,"w":97,"x":415,"y":769
},{
"h":74,"n":"","p":44,"q":104,"w":99,"x":513,"y":651
},{
"h":75,"n":"","p":43,"q":103,"w":97,"x":415,"y":846
},{
"h":75,"n":"","p":43,"q":106,"w":97,"x":415,"y":922
},{
"h":88,"n":"","p":48,"q":105,"w":82,"x":513,"y":726
},{
"h":74,"n":"","p":43,"q":105,"w":97,"x":513,"y":815
},{
"h":82,"n":"","p":52,"q":113,"w":78,"x":513,"y":890
},{
"h":82,"n":"","p":52,"q":113,"w":78,"x":613,"y":575
},{
"h":55,"n":"","p":59,"q":-50,"w":108,"x":692,"y":575
},{
"h":70,"n":"","p":41,"q":89,"w":80,"x":322,"y":946
},{
"h":87,"n":"","p":53,"q":96,"w":64,"x":613,"y":658
},{
"h":52,"n":"","p":50,"q":-52,"w":107,"x":801,"y":575
},{
"h":87,"n":"","p":51,"q":96,"w":62,"x":962,"y":1
},{
"h":66,"n":"","p":44,"q":88,"w":80,"x":936,"y":494
},{
"h":65,"n":"","p":45,"q":88,"w":81,"x":909,"y":575
},{
"h":66,"n":"","p":44,"q":89,"w":79,"x":678,"y":658
},{
"h":66,"n":"","p":44,"q":90,"w":79,"x":758,"y":658
},{
"h":66,"n":"","p":43,"q":90,"w":78,"x":838,"y":658
},{
"h":65,"n":"","p":44,"q":89,"w":79,"x":917,"y":658
},{
"h":47,"n":"","p":50,"q":-57,"w":108,"x":1,"y":975
},{
"h":64,"n":"","p":44,"q":88,"w":79,"x":678,"y":725
},{
"h":51,"n":"","p":95,"q":80,"w":99,"x":513,"y":973
},{
"h":63,"n":"","p":45,"q":88,"w":80,"x":758,"y":725
},{
"h":53,"n":"","p":83,"q":87,"w":93,"x":839,"y":725
},{
"h":51,"n":"","p":95,"q":80,"w":96,"x":758,"y":789
},{
"h":82,"n":"","p":41,"q":62,"w":59,"x":613,"y":746
},{
"h":53,"n":"","p":83,"q":87,"w":89,"x":933,"y":725
},{
"h":81,"n":"","p":40,"q":61,"w":58,"x":613,"y":829
},{
"h":68,"n":"","p":46,"q":34,"w":64,"x":613,"y":911
},{
"h":69,"n":"","p":45,"q":35,"w":63,"x":678,"y":790
},{
"h":69,"n":"","p":45,"q":35,"w":63,"x":678,"y":860
},{
"h":68,"n":"","p":42,"q":50,"w":58,"x":678,"y":930
},{
"h":63,"n":"","p":48,"q":98,"w":62,"x":758,"y":841
},{
"h":60,"n":"","p":52,"q":98,"w":65,"x":821,"y":841
},{
"h":67,"n":"","p":42,"q":49,"w":58,"x":758,"y":905
},{
"h":35,"n":"","p":60,"q":-69,"w":110,"x":855,"y":789
},{
"h":64,"n":"","p":47,"q":99,"w":60,"x":821,"y":902
},{
"h":31,"n":"","p":34,"q":135,"w":119,"x":887,"y":841
},{
"h":31,"n":"","p":34,"q":135,"w":119,"x":887,"y":873
},{
"h":33,"n":"","p":60,"q":-71,"w":110,"x":887,"y":905
},{
"h":59,"n":"","p":50,"q":99,"w":61,"x":887,"y":939
},{
"h":48,"n":"","p":61,"q":96,"w":66,"x":949,"y":939
},{
"h":28,"n":"","p":59,"q":-76,"w":108,"x":556,"y":87
},{
"h":47,"n":"","p":60,"q":96,"w":63,"x":821,"y":967
},{
"h":45,"n":"","p":60,"q":96,"w":62,"x":758,"y":973
},{
"h":44,"n":"","p":60,"q":98,"w":58,"x":613,"y":980
},{
"h":26,"n":"","p":34,"q":132,"w":90,"x":409,"y":88
},{
"h":31,"n":"","p":11,"q":91,"w":69,"x":949,"y":988
},{
"h":37,"n":"","p":58,"q":92,"w":57,"x":966,"y":789
},{
"h":56,"n":"","p":18,"q":-32,"w":25,"x":979,"y":116
}
],[
{
"h":34,"n":"","p":5,"q":59,"w":101,"x":1,"y":1
},{
"h":32,"n":"","p":-1,"q":51,"w":104,"x":103,"y":1
},{
"h":31,"n":"","p":50,"q":-73,"w":99,"x":1,"y":36
},{
"h":31,"n":"","p":11,"q":92,"w":68,"x":1,"y":68
},{
"h":30,"n":"","p":11,"q":90,"w":69,"x":103,"y":34
}
]
],"meta":{
"atlas":[
"ani_enemy_mal_image_0.png","ani_enemy_mal_image_1.png","ani_enemy_mal_image_2.png"
]
}
}
