{
"animations":[
{
"f":70,"l":[
{
"f":[
{
"h":0.75,"i":0,"k":17,"n":0,"w":0.75,"x":-1.898,"y":-65.934
},{
"h":0.71,"i":0,"k":17,"n":1,"w":0.75,"x":-1.899,"y":-62.334
},{
"h":0.75,"i":0,"k":36,"n":3,"p":6,"w":0.75,"x":-1.898,"y":-65.934
},{
"h":0.722,"i":0,"k":36,"n":6,"w":0.75,"x":-1.898,"y":-63.406
},{
"g":95.57,"h":0.75,"i":0,"k":10,"n":9,"w":0.75,"x":6.181,"y":-110.983
},{
"g":56.93,"h":0.75,"i":0,"k":10,"n":10,"w":0.75,"x":-1.819,"y":-110.982
},{
"g":20.69,"h":0.75,"i":0,"k":10,"n":11,"w":0.75,"x":-13.819,"y":-110.983
},{
"g":-5.01,"h":0.75,"i":0,"k":10,"n":12,"w":0.75,"x":-13.818,"y":-107.982
},{
"g":-44.06,"h":0.75,"i":0,"k":10,"n":13,"w":0.75,"x":-16.819,"y":-106.983
},{
"g":-60.57,"h":0.75,"i":0,"k":10,"n":14,"w":0.75,"x":-13.819,"y":-107.982
},{
"g":-23.05,"h":0.75,"i":0,"k":14,"n":15,"w":0.75,"x":-33.818,"y":-110.982
},{
"g":-38.11,"h":0.75,"i":0,"k":14,"n":16,"w":0.75,"x":-27.818,"y":-112.982
},{
"g":18.76,"h":0.75,"i":0,"k":1,"n":17,"p":19,"w":0.75,"x":-23.819,"y":-98.983
},{
"h":0.75,"i":0,"k":1,"n":19,"w":0.75,"x":-1.818,"y":-65.983
},{
"h":0.799,"i":0,"k":33,"n":22,"w":0.75,"x":-1.819,"y":-70.502
},{
"h":0.75,"i":0,"k":33,"n":23,"w":0.75,"x":-1.818,"y":-65.983
},{
"h":0.75,"i":0,"k":34,"n":25,"w":0.75,"x":-1.818,"y":-65.983
},{
"h":0.75,"i":0,"k":28,"n":28,"w":0.75,"x":-1.818,"y":-65.983
},{
"h":0.75,"i":0,"k":17,"n":32,"w":0.75,"x":-1.898,"y":-65.934
},{
"h":0.75,"i":0,"k":39,"n":35,"w":0.75,"x":-1.898,"y":-65.934
},{
"h":0.75,"i":1,"k":19,"n":38,"w":0.75,"x":0.101,"y":-65.934
},{
"h":0.75,"i":1,"k":16,"n":41,"w":0.75,"x":-1.898,"y":-65.934
},{
"h":0.75,"i":1,"k":15,"n":44,"w":0.75,"x":-1.898,"y":-65.934
}
]
},{
"f":[
{
"c":1,"h":110,"i":-1,"k":-1,"n":0,"o":"mcCollision","w":50,"x":-25,"y":-110
}
]
},{
"fa":[
{
"a":"ps:SND_SPIN","n":9
},{
"a":"ps:SND_LAND","n":20
}
]
}
],"n":"ani_mal_3_win","r":30
},{
"f":15,"l":[
{
"f":[
{
"h":0.75,"i":0,"k":39,"n":0,"w":0.75,"x":4.042,"y":-65.624
},{
"h":0.75,"i":1,"k":12,"n":5,"t":0,"w":0.75,"x":4.042,"y":-65.624
}
]
},{
"f":[
{
"c":1,"h":110,"i":-1,"k":-1,"n":0,"o":"mcCollision","w":50,"x":-25,"y":-110
}
]
}
],"n":"ani_mal_3_teleport_out","r":30
},{
"f":8,"l":[
{
"f":[
{
"h":0.75,"i":1,"k":4,"n":0,"w":0.75,"x":-1.898,"y":-79.933
},{
"h":0.75,"i":1,"k":3,"n":2,"w":0.75,"x":-1.898,"y":-76.934
},{
"h":0.712,"i":0,"k":17,"n":4,"w":0.75,"x":7.453,"y":-62.248
},{
"h":0.75,"i":0,"k":17,"n":6,"w":0.75,"x":7.399,"y":-65.199
},{
"h":0.75,"i":0,"k":39,"n":7,"w":0.75,"x":4.042,"y":-65.624
}
]
},{
"f":[
{
"c":1,"h":110,"i":-1,"k":-1,"n":0,"o":"mcCollision","w":50,"x":-25,"y":-110
}
]
}
],"n":"ani_mal_3_teleport_in","r":30
},{
"f":12,"l":[
{
"f":[
{
"g":15,"h":0.75,"i":0,"k":3,"n":0,"w":0.75,"x":-21.368,"y":48.761
},{
"g":11,"h":0.75,"i":0,"k":3,"n":1,"w":0.75,"x":-17.368,"y":49.761
},{
"h":0.75,"i":0,"k":3,"n":2,"w":0.75,"x":-7.919,"y":51.503
},{
"g":27.2,"h":0.75,"i":0,"k":2,"n":3,"u":8.35,"v":-69.777,"w":0.75,"x":-30.493,"y":41.681
},{
"h":0.75,"i":0,"k":2,"n":4,"u":8.35,"v":-69.777,"w":0.75,"x":-8.264,"y":51.332
},{
"g":-10,"h":0.75,"i":0,"k":7,"n":5,"u":8.35,"v":-69.777,"w":0.75,"x":-0.081,"y":52.625
},{
"g":-36.5,"h":0.75,"i":0,"k":7,"n":6,"u":8.35,"v":-69.777,"w":0.75,"x":23.091,"y":45.793
},{
"g":-62,"h":0.75,"i":0,"k":4,"n":7,"u":8.35,"v":-69.777,"w":0.75,"x":68.303,"y":4.8
},{
"g":-62,"h":0.75,"i":0,"k":4,"n":8,"u":8.35,"v":-69.777,"w":0.75,"x":85.303,"y":-15.198
},{
"g":-64,"h":0.75,"i":0,"k":4,"n":9,"u":8.35,"v":-69.777,"w":0.75,"x":96.328,"y":-31.727
},{
"g":-55,"h":0.75,"i":0,"k":4,"n":10,"u":8.35,"v":-69.777,"w":0.75,"x":100.312,"y":-39.149
},{
"g":-47,"h":0.75,"i":0,"k":4,"n":11,"u":8.35,"v":-69.777,"w":0.75,"x":106.04,"y":-48.024
}
]
},{
"f":[
{
"i":0,"k":47,"n":0,"o":"mcContentFx","x":-62.5,"y":53
},{
"i":0,"k":47,"n":1,"o":"mcContentFx","x":-59.5,"y":54
},{
"i":0,"k":47,"n":2,"o":"mcContentFx","x":-46.5,"y":64
},{
"i":0,"k":47,"n":3,"o":"mcContentFx","x":-28.5,"y":62
},{
"i":0,"k":47,"n":4,"o":"mcContentFx","x":2.5,"y":69
},{
"i":0,"k":47,"n":5,"o":"mcContentFx","x":23.5,"y":57
},{
"i":0,"k":47,"n":6,"o":"mcContentFx","x":45.5,"y":35
},{
"i":0,"k":47,"n":7,"o":"mcContentFx","x":90.5,"y":-40
},{
"i":0,"k":47,"n":8,"o":"mcContentFx","x":108.5,"y":-59
},{
"i":0,"k":47,"n":11,"o":"mcContentFx","x":139.5,"y":-88
}
]
}
],"n":"ani_mal_3_swing","r":30
},{
"f":95,"l":[
{
"f":[
{
"h":0.75,"i":0,"k":39,"n":0,"w":0.75,"x":4.042,"y":-65.624
},{
"h":0.75,"i":1,"k":12,"n":6,"w":0.75,"x":4.042,"y":-65.624
},{
"h":0.75,"i":1,"k":13,"n":12,"w":0.75,"x":4.042,"y":-65.624
},{
"h":0.75,"i":1,"k":18,"n":18,"w":0.75,"x":4.042,"y":-65.624
},{
"h":0.75,"i":0,"k":39,"n":24,"w":0.75,"x":4.042,"y":-65.624
},{
"h":0.75,"i":1,"k":12,"n":30,"w":0.75,"x":4.042,"y":-65.624
},{
"h":0.75,"i":1,"k":13,"n":36,"w":0.75,"x":4.042,"y":-65.624
},{
"h":0.75,"i":1,"k":18,"n":42,"w":0.75,"x":4.042,"y":-65.624
},{
"h":0.75,"i":0,"k":39,"n":48,"w":0.75,"x":4.042,"y":-65.624
},{
"h":0.75,"i":1,"k":12,"n":54,"w":0.75,"x":4.042,"y":-65.624
},{
"h":0.75,"i":1,"k":13,"n":60,"w":0.75,"x":4.042,"y":-65.624
},{
"h":0.75,"i":1,"k":18,"n":66,"w":0.75,"x":4.042,"y":-65.624
},{
"h":0.75,"i":0,"k":39,"n":71,"w":0.75,"x":4.042,"y":-65.624
},{
"h":0.75,"i":1,"k":12,"n":77,"w":0.75,"x":4.042,"y":-65.624
},{
"h":0.75,"i":1,"k":13,"n":83,"w":0.75,"x":4.042,"y":-65.624
},{
"h":0.75,"i":1,"k":17,"n":89,"w":0.75,"x":4.042,"y":-65.624
}
]
},{
"f":[
{
"c":1,"h":110,"i":-1,"k":-1,"n":0,"o":"mcCollision","w":50,"x":-25,"y":-110
}
]
}
],"n":"ani_mal_3_stand","r":30
},{
"f":24,"l":[
{
"f":[
{
"h":0.75,"i":0,"k":44,"n":0,"w":0.75,"x":2.453,"y":18.246
},{
"h":0.75,"i":1,"k":25,"n":3,"w":0.75,"x":2.453,"y":18.246
},{
"h":0.75,"i":1,"k":37,"n":6,"w":0.75,"x":2.453,"y":18.246
},{
"h":0.75,"i":1,"k":36,"n":9,"w":0.75,"x":2.453,"y":18.246
},{
"h":0.75,"i":1,"k":28,"n":12,"w":0.75,"x":2.453,"y":18.246
},{
"h":0.75,"i":1,"k":35,"n":15,"w":0.75,"x":2.453,"y":18.246
},{
"h":0.75,"i":1,"k":33,"n":18,"w":0.75,"x":2.453,"y":18.246
},{
"h":0.75,"i":1,"k":26,"n":21,"w":0.75,"x":2.453,"y":18.246
}
]
}
],"n":"ani_mal_3_runup","r":30
},{
"f":24,"l":[
{
"f":[
{
"h":0.75,"i":1,"k":29,"n":0,"w":0.75,"x":2.453,"y":18.246
},{
"h":0.75,"i":0,"k":46,"n":3,"w":0.75,"x":2.453,"y":18.246
},{
"h":0.75,"i":1,"k":32,"n":6,"w":0.75,"x":2.453,"y":18.246
},{
"h":0.75,"i":0,"k":45,"n":9,"w":0.75,"x":2.453,"y":18.246
},{
"h":0.75,"i":1,"k":27,"n":12,"w":0.75,"x":2.453,"y":18.246
},{
"h":0.75,"i":1,"k":31,"n":15,"w":0.75,"x":2.453,"y":18.246
},{
"h":0.75,"i":1,"k":33,"n":18,"w":0.75,"x":2.453,"y":18.246
},{
"h":0.75,"i":1,"k":26,"n":21,"w":0.75,"x":2.453,"y":18.246
}
]
}
],"n":"ani_mal_3_runattack","r":30
},{
"f":24,"l":[
{
"f":[
{
"h":0.75,"i":0,"k":25,"n":0,"w":0.75,"x":2.453,"y":-65.753
},{
"h":0.75,"i":0,"k":41,"n":3,"w":0.75,"x":2.453,"y":-65.753
},{
"h":0.75,"i":1,"k":22,"n":6,"w":0.75,"x":2.453,"y":-65.753
},{
"h":0.75,"i":1,"k":6,"n":9,"w":0.75,"x":2.453,"y":-65.753
},{
"h":0.75,"i":0,"k":29,"n":12,"w":0.75,"x":2.453,"y":-65.753
},{
"h":0.75,"i":0,"k":40,"n":15,"w":0.75,"x":2.453,"y":-65.753
},{
"h":0.75,"i":1,"k":23,"n":18,"w":0.75,"x":2.453,"y":-65.753
},{
"h":0.75,"i":1,"k":5,"n":21,"w":0.75,"x":2.453,"y":-65.753
}
]
},{
"f":[
{
"i":0,"k":47,"n":0,"o":"bodyContainer","x":0.454,"y":-82.753
},{
"i":0,"k":47,"n":3,"o":"bodyContainer","x":0.454,"y":-82.753
},{
"i":0,"k":47,"n":6,"o":"bodyContainer","x":0.454,"y":-82.753
},{
"i":0,"k":47,"n":9,"o":"bodyContainer","x":0.454,"y":-82.753
},{
"i":0,"k":47,"n":12,"o":"bodyContainer","x":0.454,"y":-82.753
},{
"i":0,"k":47,"n":15,"o":"bodyContainer","x":0.454,"y":-82.753
},{
"i":0,"k":47,"n":18,"o":"bodyContainer","x":0.454,"y":-82.753
},{
"i":0,"k":47,"n":21,"o":"bodyContainer","x":0.454,"y":-82.753
}
]
},{
"f":[
{
"c":1,"h":110,"i":-1,"k":-1,"n":0,"o":"mcCollision","w":50,"x":-25,"y":-110
}
]
},{
"fa":[
{
"a":"ps:SND_STEP","n":6
},{
"a":"ps:SND_STEP","n":18
}
]
}
],"n":"ani_mal_3_run","r":30
},{
"f":14,"l":[
{
"f":[
{
"h":0.75,"i":0,"k":28,"n":0,"w":0.75,"x":1.453,"y":-64.753
},{
"g":19.27,"h":0.75,"i":1,"k":20,"n":2,"w":0.75,"x":16.453,"y":-56.753
},{
"g":38.22,"h":0.75,"i":1,"k":20,"n":3,"u":3.723,"v":21.23,"w":0.75,"x":17.491,"y":-49.037
},{
"g":66.72,"h":0.75,"i":1,"k":24,"n":4,"p":6,"w":0.75,"x":-16.204,"y":-17.888
},{
"g":136.28,"h":0.75,"i":1,"k":24,"n":6,"u":22.087,"v":-39.056,"w":0.75,"x":-8.737,"y":-42.355
},{
"g":197.01,"h":0.75,"i":1,"k":24,"n":7,"u":22.087,"v":-39.056,"w":0.75,"x":2.413,"y":-52.773
},{
"g":276.29,"h":0.75,"i":1,"k":24,"n":8,"w":0.75,"x":5.638,"y":-16.101
},{
"g":319.89,"h":0.75,"i":1,"k":24,"n":9,"w":0.75,"x":5.639,"y":-22.102
},{
"g":-40.52,"h":0.75,"i":1,"k":20,"n":10,"w":0.75,"x":-14.954,"y":-45.987
},{
"g":-29.12,"h":0.75,"i":1,"k":20,"n":11,"w":0.75,"x":-13.954,"y":-48.988
},{
"h":0.717,"i":0,"k":36,"n":12,"w":0.75,"x":0.044,"y":-62.445
},{
"h":0.75,"i":0,"k":36,"n":13,"w":0.75,"x":0.044,"y":-65.434
}
]
},{
"f":[
{
"c":1,"h":110,"i":-1,"k":-1,"n":0,"o":"mcCollision","w":50,"x":-25,"y":-110
}
]
},{
"fa":[
{
"a":"ps:SND_LAND","n":2
},{
"a":"ps:SND_SPIN","n":4
},{
"a":"ps:SND_LAND","n":12
}
]
}
],"n":"ani_mal_3_land_spin","r":30
},{
"f":5,"l":[
{
"f":[
{
"h":0.75,"i":0,"k":34,"n":0,"w":0.75,"x":-10.898,"y":-65.934
},{
"h":0.75,"i":0,"k":34,"n":1,"w":0.75,"x":-18.899,"y":-65.934
},{
"h":0.75,"i":0,"k":34,"n":2,"w":0.75,"x":-26.898,"y":-65.934
},{
"h":0.75,"i":0,"k":33,"n":3,"w":0.75,"x":-26.898,"y":-65.934
},{
"h":0.75,"i":0,"k":33,"n":4,"w":0.75,"x":-11.898,"y":-65.934
}
]
},{
"f":[
{
"c":1,"h":110,"i":-1,"k":-1,"n":0,"o":"mcCollision","w":50,"x":-25,"y":-110
}
]
},{
"fa":[
{
"a":"ps:SND_LAND","n":1
}
]
}
],"n":"ani_mal_3_land_1","r":30
},{
"f":12,"l":[
{
"f":[
{
"i":0,"k":48,"n":0,"p":5,"w":0.227,"x":-25.146,"y":9.618
},{
"h":2.364,"i":0,"k":49,"n":5,"t":0,"w":-0.127,"x":-25.146,"y":99.618
},{
"i":0,"k":48,"n":6,"p":11,"w":0.288,"x":-25.145,"y":9.618
},{
"h":2.364,"i":0,"k":49,"n":11,"t":0,"w":-0.127,"x":-25.146,"y":99.618
}
]
},{
"f":[
{
"i":0,"k":48,"n":0,"p":1,"t":0.2,"w":0.368,"x":12.854,"y":100.617
},{
"h":2.364,"i":0,"k":49,"n":1,"t":0,"w":-0.127,"x":12.854,"y":28.618
},{
"i":0,"k":48,"n":2,"p":7,"w":0.429,"x":12.853,"y":28.617
},{
"h":2.364,"i":0,"k":49,"n":7,"t":0,"w":-0.127,"x":12.854,"y":118.618
},{
"i":0,"k":48,"n":8,"p":11,"w":0.368,"x":12.854,"y":28.618
},{
"i":0,"k":48,"n":11,"t":0.4,"w":0.185,"x":12.854,"y":82.618
}
]
},{
"f":[
{
"i":0,"k":48,"n":0,"p":3,"t":0.6,"w":0.221,"x":-14.146,"y":74.618
},{
"h":2.364,"i":0,"k":49,"n":3,"t":0,"w":-0.127,"x":-14.146,"y":128.618
},{
"i":0,"k":48,"n":4,"p":9,"w":0.343,"x":-14.146,"y":38.618
},{
"h":2.364,"i":0,"k":49,"n":9,"t":0,"w":-0.127,"x":-14.146,"y":128.618
},{
"i":0,"k":48,"n":10,"p":11,"w":0.282,"x":-14.146,"y":38.617
},{
"i":0,"k":48,"n":11,"t":0.8,"w":0.282,"x":-14.146,"y":56.618
}
]
},{
"f":[
{
"i":0,"k":48,"n":0,"p":11,"w":0.21,"x":-1.146,"y":20.618
},{
"i":0,"k":48,"n":11,"t":0,"w":0.136,"x":-1.145,"y":110.618
}
]
},{
"f":[
{
"h":0.193,"i":0,"k":0,"n":0,"p":2,"t":0,"w":0.588,"x":-4.16,"y":-53.545
},{
"h":0.221,"i":0,"k":0,"n":2,"p":4,"w":0.673,"x":-4.16,"y":-28.544
},{
"h":0.249,"i":0,"k":0,"n":4,"p":10,"t":0.6,"w":0.758,"x":-4.159,"y":-3.545
},{
"h":0.156,"i":0,"k":49,"n":10,"t":0,"w":0.477,"x":-4.16,"y":71.455
}
]
},{
"f":[
{
"h":0.75,"i":0,"k":20,"n":0,"p":2,"w":0.75,"x":-1.898,"y":-67.934
},{
"h":0.75,"i":0,"k":20,"n":2,"p":4,"w":0.75,"x":-1.898,"y":-71.934
},{
"h":0.75,"i":0,"k":20,"n":4,"p":6,"w":0.75,"x":-1.898,"y":-67.934
},{
"h":0.75,"i":0,"k":20,"n":6,"p":8,"w":0.75,"x":-1.898,"y":-71.934
},{
"h":0.75,"i":0,"k":20,"n":8,"p":10,"w":0.75,"x":-1.898,"y":-67.934
},{
"h":0.75,"i":0,"k":20,"n":10,"w":0.75,"x":-1.898,"y":-71.934
}
]
},{
"fa":[
{
"a":"ps:SND_JUMP","n":0
},{
"a":"s","n":11
}
]
}
],"n":"ani_mal_3_jump_up_3","r":30
},{
"f":11,"l":[
{
"f":[
{
"h":0.75,"i":0,"k":17,"n":0,"w":0.75,"x":-1.898,"y":-65.934
},{
"h":0.713,"i":0,"k":17,"n":1,"w":0.75,"x":-1.899,"y":-62.572
},{
"h":0.75,"i":0,"k":36,"n":2,"w":0.75,"x":-1.898,"y":-65.934
},{
"h":0.698,"i":0,"k":36,"n":3,"w":0.75,"x":-1.899,"y":-61.188
},{
"h":0.722,"i":0,"k":20,"n":4,"p":6,"w":0.75,"x":-1.898,"y":-47.406
},{
"h":0.722,"i":0,"k":8,"n":6,"w":0.75,"x":-1.898,"y":-46.406
},{
"h":0.722,"i":1,"k":24,"n":10,"w":0.75,"x":-1.898,"y":-73.406
}
]
},{
"fa":[
{
"a":"ps:SND_JUMP","n":4
},{
"a":"s","n":10
}
]
}
],"n":"ani_mal_3_jump_up_2","r":30
},{
"f":10,"l":[
{
"f":[
{
"g":-10,"h":0.75,"i":1,"k":9,"n":0,"p":2,"w":0.75,"x":-3.95,"y":-68.75
},{
"g":-0.16,"h":0.75,"i":0,"k":20,"n":2,"p":4,"w":0.75,"x":-1.899,"y":-51.934
},{
"h":0.75,"i":0,"k":20,"n":4,"p":9,"w":0.75,"x":-1.898,"y":-55.933
},{
"h":0.75,"i":0,"k":20,"n":9,"w":0.75,"x":-1.898,"y":-65.934
}
]
},{
"f":[
{
"c":1,"h":110,"i":-1,"k":-1,"n":0,"o":"mcCollision","w":50,"x":-25,"y":-110
}
]
},{
"fa":[
{
"a":"ps:SND_JUMP","n":2
},{
"a":"s","n":9
}
]
}
],"n":"ani_mal_3_jump_up_1","r":30
},{
"f":43,"l":[
{
"f":[
{
"h":0.75,"i":0,"k":5,"n":0,"p":3,"w":0.75,"x":-1.898,"y":-67.934
},{
"h":0.75,"i":0,"k":6,"n":3,"p":7,"w":0.75,"x":-1.898,"y":-69.933
},{
"h":0.75,"i":0,"k":5,"n":7,"p":10,"w":0.75,"x":-1.898,"y":-67.934
},{
"h":0.75,"i":0,"k":6,"n":10,"p":14,"w":0.75,"x":-1.898,"y":-69.933
},{
"h":0.75,"i":0,"k":5,"n":14,"p":17,"w":0.75,"x":-1.898,"y":-67.934
},{
"h":0.75,"i":0,"k":6,"n":17,"p":21,"w":0.75,"x":-1.898,"y":-69.933
},{
"h":0.75,"i":0,"k":5,"n":21,"p":24,"w":0.75,"x":-1.898,"y":-67.934
},{
"h":0.75,"i":0,"k":6,"n":24,"p":28,"w":0.75,"x":-1.898,"y":-69.933
},{
"h":0.75,"i":0,"k":5,"n":28,"p":31,"w":0.75,"x":-1.898,"y":-67.934
},{
"h":0.75,"i":0,"k":6,"n":31,"p":35,"w":0.75,"x":-1.898,"y":-69.933
},{
"h":0.75,"i":0,"k":5,"n":35,"p":38,"w":0.75,"x":-1.898,"y":-67.934
},{
"h":0.75,"i":0,"k":6,"n":38,"p":42,"w":0.75,"x":-1.898,"y":-69.933
},{
"h":0.75,"i":0,"k":5,"n":42,"w":0.75,"x":-1.898,"y":-67.934
}
]
},{
"f":[
{
"c":1,"h":110,"i":-1,"k":-1,"n":0,"o":"mcCollision","w":50,"x":-25,"y":-110
}
]
}
],"n":"ani_mal_3_jump_down_3","r":30
},{
"f":9,"l":[
{
"f":[
{
"h":0.75,"i":1,"k":24,"n":0,"p":4,"u":0.019,"v":-21.912,"w":0.75,"x":6.329,"y":-51.17
},{
"g":180.88,"h":0.75,"i":1,"k":24,"n":4,"p":8,"u":0.019,"v":-21.912,"w":0.75,"x":6.611,"y":-84.038
},{
"g":359.07,"h":0.75,"i":1,"k":24,"n":8,"u":0.019,"v":-21.912,"w":0.75,"x":6.595,"y":-51.172
}
]
},{
"fa":[
{
"a":"ps:SND_SPIN","n":0
}
]
}
],"n":"ani_mal_3_jump_down_2","r":30
},{
"f":43,"l":[
{
"f":[
{
"h":0.75,"i":1,"k":4,"n":0,"p":3,"w":0.75,"x":-1.898,"y":-67.934
},{
"h":0.75,"i":1,"k":3,"n":3,"p":7,"w":0.75,"x":-1.898,"y":-66.933
},{
"h":0.75,"i":1,"k":4,"n":7,"p":10,"w":0.75,"x":-1.898,"y":-67.934
},{
"h":0.75,"i":1,"k":3,"n":10,"p":14,"w":0.75,"x":-1.898,"y":-66.933
},{
"h":0.75,"i":1,"k":4,"n":14,"p":17,"w":0.75,"x":-1.898,"y":-67.934
},{
"h":0.75,"i":1,"k":3,"n":17,"p":21,"w":0.75,"x":-1.898,"y":-66.933
},{
"h":0.75,"i":1,"k":4,"n":21,"p":24,"w":0.75,"x":-1.898,"y":-67.934
},{
"h":0.75,"i":1,"k":3,"n":24,"p":28,"w":0.75,"x":-1.898,"y":-66.933
},{
"h":0.75,"i":1,"k":4,"n":28,"p":31,"w":0.75,"x":-1.898,"y":-67.934
},{
"h":0.75,"i":1,"k":3,"n":31,"p":35,"w":0.75,"x":-1.898,"y":-66.933
},{
"h":0.75,"i":1,"k":4,"n":35,"p":38,"w":0.75,"x":-1.898,"y":-67.934
},{
"h":0.75,"i":1,"k":3,"n":38,"p":42,"w":0.75,"x":-1.898,"y":-66.933
},{
"h":0.75,"i":1,"k":4,"n":42,"w":0.75,"x":-1.898,"y":-67.934
}
]
},{
"f":[
{
"c":1,"h":110,"i":-1,"k":-1,"n":0,"o":"mcCollision","w":50,"x":-25,"y":-110
}
]
}
],"n":"ani_mal_3_jump_down_1","r":30
},{
"f":11,"l":[
{
"f":[
{
"h":0.75,"i":0,"k":33,"n":0,"p":2,"w":0.75,"x":1.453,"y":-65.753
},{
"h":0.737,"i":0,"k":34,"n":2,"p":4,"w":0.75,"x":1.453,"y":-64.553
},{
"h":0.732,"i":0,"k":28,"n":4,"p":10,"w":0.75,"x":1.453,"y":-64.154
},{
"h":0.75,"i":0,"k":28,"n":10,"w":0.75,"x":1.453,"y":-65.753
}
]
},{
"f":[
{
"g":42.13,"h":0.438,"i":0,"k":43,"n":0,"t":0,"w":0.438,"x":43.91,"y":-9.08
},{
"g":42.13,"h":0.438,"i":0,"k":43,"n":1,"p":3,"t":0,"w":0.438,"x":43.91,"y":-9.08
},{
"g":17.59,"h":0.57,"i":0,"k":43,"n":3,"p":6,"t":0.6,"w":0.57,"x":57.364,"y":-14.986
},{
"g":-19.22,"h":0.767,"i":0,"k":43,"n":6,"t":0,"w":0.767,"x":77.545,"y":-23.847
}
]
},{
"f":[
{
"g":42.13,"h":0.323,"i":0,"k":43,"n":0,"t":0,"w":0.323,"x":31.151,"y":-5.025
},{
"g":42.13,"h":0.323,"i":0,"k":43,"n":3,"p":5,"t":0,"w":0.323,"x":31.151,"y":-5.025
},{
"g":77.08,"h":0.457,"i":0,"k":43,"n":5,"p":8,"t":0.6,"w":0.457,"x":41.08,"y":-9.382
},{
"g":129.5,"h":0.658,"i":0,"k":43,"n":8,"t":0,"w":0.658,"x":55.971,"y":-15.92
}
]
},{
"f":[
{
"g":42.13,"h":0.418,"i":0,"k":43,"n":0,"t":0,"w":0.418,"x":56.368,"y":-5.777
},{
"g":42.13,"h":0.418,"i":0,"k":43,"n":5,"p":7,"t":0,"w":0.418,"x":56.368,"y":-5.777
},{
"g":77.08,"h":0.591,"i":0,"k":43,"n":7,"p":10,"t":0.6,"w":0.591,"x":69.198,"y":-11.409
},{
"g":129.5,"h":0.851,"i":0,"k":43,"n":10,"t":0,"w":0.851,"x":88.444,"y":-19.86
}
]
},{
"fa":[
{
"a":"ps:SND_STOP","n":2
},{
"a":"s","n":10
}
]
}
],"n":"ani_mal_3_jump_back_restore","r":30
},{
"f":48,"l":[
{
"f":[
{
"h":0.75,"i":1,"k":19,"n":0,"w":0.75,"x":4.042,"y":-65.624
},{
"h":0.75,"i":1,"k":16,"n":4,"w":0.75,"x":4.042,"y":-65.624
},{
"h":0.75,"i":1,"k":14,"n":8,"w":0.75,"x":4.042,"y":-65.624
},{
"h":0.75,"i":1,"k":15,"n":12,"w":0.75,"x":4.042,"y":-65.624
},{
"h":0.75,"i":1,"k":14,"n":16,"w":0.75,"x":4.042,"y":-65.624
},{
"h":0.75,"i":1,"k":15,"n":20,"w":0.75,"x":4.042,"y":-65.624
},{
"h":0.75,"i":1,"k":14,"n":24,"w":0.75,"x":4.042,"y":-65.624
},{
"h":0.75,"i":1,"k":15,"n":28,"w":0.75,"x":4.042,"y":-65.624
},{
"h":0.75,"i":1,"k":14,"n":32,"w":0.75,"x":4.042,"y":-65.624
},{
"h":0.75,"i":1,"k":15,"n":36,"w":0.75,"x":4.042,"y":-65.624
},{
"h":0.75,"i":1,"k":16,"n":40,"w":0.75,"x":4.042,"y":-65.624
},{
"h":0.75,"i":1,"k":19,"n":44,"w":0.75,"x":4.042,"y":-65.624
}
]
},{
"f":[
{
"c":1,"h":110,"i":-1,"k":-1,"n":0,"o":"mcCollision","w":50,"x":-25,"y":-110
}
]
}
],"n":"ani_mal_3_idle","r":30
},{
"f":9,"l":[
{
"f":[
{
"g":23.94,"h":0.75,"i":0,"k":26,"n":0,"p":2,"w":0.75,"x":-7.545,"y":-52.753
},{
"g":35.03,"h":0.75,"i":0,"k":23,"n":2,"p":5,"w":0.75,"x":-7.545,"y":-52.752
},{
"g":40,"h":0.75,"i":0,"k":23,"n":5,"p":7,"w":0.75,"x":-2.546,"y":-52.753
},{
"g":45.08,"h":0.75,"i":0,"k":23,"n":7,"w":0.75,"x":-2.545,"y":-52.752
}
]
},{
"f":[
{
"c":1,"h":110,"i":-1,"k":-1,"n":0,"o":"mcCollision","w":50,"x":-25,"y":-110
}
]
}
],"n":"ani_mal_3_hit","r":30
},{
"f":70,"l":[
{
"f":[
{
"g":-7.01,"h":0.75,"i":0,"k":23,"n":0,"w":0.75,"x":-17.546,"y":-72.753
},{
"h":0.75,"i":0,"k":31,"n":2,"w":0.75,"x":2.454,"y":-66.752
},{
"h":0.75,"i":0,"k":30,"n":6,"w":0.75,"x":2.454,"y":-66.752
},{
"h":0.75,"i":0,"k":37,"n":10,"w":0.75,"x":2.454,"y":-66.752
},{
"h":0.75,"i":1,"k":2,"n":14,"w":0.75,"x":2.454,"y":-66.752
},{
"h":0.75,"i":1,"k":8,"n":17,"w":0.75,"x":2.454,"y":-66.752
},{
"h":0.75,"i":1,"k":7,"n":20,"p":43,"w":0.75,"x":2.454,"y":-66.752
},{
"h":0.765,"i":1,"k":7,"n":43,"p":68,"w":0.75,"x":2.454,"y":-68.265
},{
"h":0.75,"i":1,"k":7,"n":68,"w":0.75,"x":2.454,"y":-66.752
}
]
},{
"f":[
{
"c":1,"h":110,"i":-1,"k":-1,"n":0,"o":"mcCollision","w":50,"x":-25,"y":-110
}
]
}
],"n":"ani_mal_3_defeat","r":30
},{
"f":21,"l":[
{
"f":[
{
"g":27.71,"h":0.75,"i":1,"k":11,"n":0,"u":34.469,"v":-1.851,"w":0.75,"x":-16.533,"y":-64.789
},{
"g":39.69,"h":0.75,"i":1,"k":11,"n":1,"u":34.469,"v":-1.851,"w":0.75,"x":-8.664,"y":-81.697
},{
"g":22.46,"h":0.75,"i":1,"k":20,"n":2,"u":24.968,"v":51.731,"w":0.75,"x":17.698,"y":-106.963
},{
"g":48.43,"h":0.75,"i":1,"k":20,"n":4,"u":24.968,"v":51.731,"w":0.75,"x":36.781,"y":-102.707
},{
"g":136.28,"h":0.75,"i":1,"k":24,"n":5,"p":11,"u":22.087,"v":-39.056,"w":0.75,"x":26.616,"y":-93.12
},{
"g":276.29,"h":0.75,"i":1,"k":24,"n":11,"w":0.75,"x":124.993,"y":-66.866
},{
"g":307.99,"h":0.75,"i":1,"k":24,"n":12,"w":0.75,"x":124.994,"y":-67.866
},{
"g":-29.12,"h":0.708,"i":1,"k":20,"n":14,"w":0.75,"x":116.052,"y":-96.786
},{
"g":-29.12,"h":0.75,"i":1,"k":20,"n":15,"w":0.75,"x":114.399,"y":-99.753
},{
"h":0.705,"i":0,"k":36,"n":17,"w":0.75,"x":128.399,"y":-113.094
},{
"h":0.75,"i":0,"k":36,"n":18,"w":0.75,"x":128.398,"y":-117.201
},{
"h":0.711,"i":0,"k":17,"n":19,"w":0.75,"x":128.398,"y":-113.638
},{
"h":0.75,"i":0,"k":17,"n":20,"w":0.75,"x":128.398,"y":-117.201
}
]
},{
"f":[
{
"i":0,"k":47,"n":0,"o":"mcContentFx","p":5,"x":-21.5,"y":-52
},{
"i":0,"k":47,"n":5,"o":"mcContentFx","p":16,"x":28.5,"y":-84
},{
"i":0,"k":47,"n":16,"o":"mcContentFx","p":20,"x":124.5,"y":-88
},{
"i":0,"k":47,"n":20,"o":"mcContentFx","x":133.5,"y":-112
}
]
},{
"fa":[
{
"a":"ps:SND_CLIMB","n":1
},{
"a":"ps:SND_SPIN","n":5
},{
"a":"ps:SND_LAND","n":14
}
]
}
],"n":"ani_mal_3_climb_tile_4","r":30
},{
"f":18,"l":[
{
"f":[
{
"g":30.15,"h":0.75,"i":1,"k":11,"n":0,"u":35.587,"v":-4.534,"w":0.75,"x":-19.643,"y":-62.619
},{
"g":30.15,"h":0.75,"i":1,"k":11,"n":1,"u":35.587,"v":-4.534,"w":0.75,"x":-9.644,"y":-70.619
},{
"g":36.28,"h":0.75,"i":1,"k":11,"n":2,"u":36.424,"v":-3.006,"w":0.75,"x":-6.584,"y":-80.357
},{
"g":45.07,"h":0.75,"i":1,"k":11,"n":3,"u":36.424,"v":-3.006,"w":0.75,"x":-2.117,"y":-86.757
},{
"g":7.64,"h":0.75,"i":1,"k":20,"n":5,"p":8,"w":0.75,"x":20.453,"y":-105.752
},{
"g":7.64,"h":0.75,"i":1,"k":20,"n":8,"w":0.75,"x":40.452,"y":-109.753
},{
"g":11.15,"h":0.75,"i":1,"k":20,"n":9,"w":0.75,"x":49.452,"y":-109.752
},{
"g":-2.65,"h":0.705,"i":1,"k":21,"n":11,"w":0.75,"x":52.58,"y":-91.97
},{
"g":-2.65,"h":0.75,"i":1,"k":21,"n":12,"w":0.75,"x":52.452,"y":-94.753
},{
"h":0.727,"i":0,"k":33,"n":14,"w":0.75,"x":78.453,"y":-115.676
},{
"h":0.75,"i":0,"k":33,"n":15,"w":0.75,"x":78.453,"y":-117.752
},{
"h":0.712,"i":0,"k":17,"n":16,"w":0.75,"x":78.453,"y":-114.248
},{
"h":0.75,"i":0,"k":17,"n":17,"w":0.75,"x":78.453,"y":-117.752
}
]
},{
"f":[
{
"i":0,"k":47,"n":0,"o":"mcContentFx","p":5,"x":-22.5,"y":-57
},{
"i":0,"k":47,"n":5,"o":"mcContentFx","p":13,"x":11.5,"y":-91
},{
"i":0,"k":47,"n":13,"o":"mcContentFx","p":17,"x":52.5,"y":-86
},{
"i":0,"k":47,"n":17,"o":"mcContentFx","x":81.5,"y":-112
}
]
},{
"fa":[
{
"a":"ps:SND_CLIMB","n":1
},{
"a":"ps:SND_LAND","n":11
}
]
}
],"n":"ani_mal_3_climb_tile_3","r":30
},{
"f":23,"l":[
{
"f":[
{
"h":0.75,"i":1,"k":0,"n":0,"w":0.75,"x":-18.547,"y":-18.752
},{
"g":11.98,"h":0.75,"i":1,"k":11,"n":2,"u":33.686,"v":-3.653,"w":0.75,"x":-19.879,"y":-52.848
},{
"g":28.01,"h":0.75,"i":1,"k":11,"n":3,"u":33.686,"v":-3.653,"w":0.75,"x":-13.243,"y":-68.951
},{
"g":15.51,"h":0.75,"i":1,"k":20,"n":4,"u":24.968,"v":51.731,"w":0.75,"x":5.51,"y":-96.346
},{
"g":38.84,"h":0.75,"i":1,"k":20,"n":6,"u":24.968,"v":51.731,"w":0.75,"x":22.93,"y":-95.916
},{
"g":136.28,"h":0.75,"i":1,"k":24,"n":7,"p":13,"u":22.087,"v":-39.056,"w":0.75,"x":19.615,"y":-93.12
},{
"g":276.29,"h":0.75,"i":1,"k":24,"n":13,"w":0.75,"x":117.992,"y":-66.867
},{
"g":303.86,"h":0.75,"i":1,"k":24,"n":14,"w":0.75,"x":122.994,"y":-68.866
},{
"g":-29.12,"h":0.704,"i":1,"k":20,"n":16,"w":0.75,"x":116.18,"y":-96.556
},{
"g":-29.12,"h":0.75,"i":1,"k":20,"n":17,"w":0.75,"x":115.4,"y":-99.753
},{
"h":0.718,"i":0,"k":36,"n":19,"w":0.75,"x":128.399,"y":-114.256
},{
"h":0.75,"i":0,"k":36,"n":20,"w":0.75,"x":128.398,"y":-117.201
},{
"h":0.711,"i":0,"k":17,"n":21,"w":0.75,"x":128.398,"y":-113.638
},{
"h":0.75,"i":0,"k":17,"n":22,"w":0.75,"x":128.398,"y":-117.201
}
]
},{
"f":[
{
"i":0,"k":47,"n":0,"o":"mcContentFx","p":6,"x":-26.5,"y":-10
},{
"i":0,"k":47,"n":6,"o":"mcContentFx","p":18,"x":9.5,"y":-81
},{
"i":0,"k":47,"n":18,"o":"mcContentFx","p":22,"x":122.5,"y":-82
},{
"i":0,"k":47,"n":22,"o":"mcContentFx","x":131.5,"y":-114
}
]
},{
"fa":[
{
"a":"ps:SND_LATCH","n":0
},{
"a":"ps:SND_CLIMB","n":2
},{
"a":"ps:SND_SPIN","n":4
},{
"a":"ps:SND_LAND","n":16
}
]
}
],"n":"ani_mal_3_climb_tile_2","r":30
},{
"f":20,"l":[
{
"f":[
{
"h":0.75,"i":1,"k":0,"n":0,"w":0.75,"x":-18.547,"y":-18.752
},{
"h":0.75,"i":1,"k":11,"n":2,"w":0.75,"x":-17.546,"y":-38.753
},{
"g":12.89,"h":0.75,"i":1,"k":11,"n":3,"u":32.94,"v":-2.588,"w":0.75,"x":-17.358,"y":-52.313
},{
"g":19.51,"h":0.75,"i":1,"k":11,"n":4,"u":36.424,"v":-3.006,"w":0.75,"x":-15.732,"y":-62.003
},{
"g":24.58,"h":0.75,"i":1,"k":11,"n":5,"u":36.424,"v":-3.006,"w":0.75,"x":-14.009,"y":-67.321
},{
"h":0.75,"i":1,"k":20,"n":7,"p":10,"w":0.75,"x":0.452,"y":-96.752
},{
"g":7.64,"h":0.75,"i":1,"k":20,"n":10,"w":0.75,"x":30.453,"y":-109.753
},{
"g":11.15,"h":0.75,"i":1,"k":20,"n":11,"w":0.75,"x":42.453,"y":-109.753
},{
"g":-1.78,"h":0.713,"i":1,"k":21,"n":13,"w":0.75,"x":53.522,"y":-92.513
},{
"g":-1.78,"h":0.75,"i":1,"k":21,"n":14,"w":0.75,"x":53.453,"y":-94.753
},{
"h":0.727,"i":0,"k":33,"n":16,"w":0.75,"x":78.453,"y":-115.676
},{
"h":0.75,"i":0,"k":33,"n":17,"w":0.75,"x":78.453,"y":-117.752
},{
"h":0.712,"i":0,"k":17,"n":18,"w":0.75,"x":78.453,"y":-114.248
},{
"h":0.75,"i":0,"k":17,"n":19,"w":0.75,"x":78.4,"y":-117.201
}
]
},{
"f":[
{
"i":0,"k":47,"n":0,"o":"mcContentFx","p":7,"x":-27.5,"y":-5
},{
"i":0,"k":47,"n":7,"o":"mcContentFx","p":15,"x":-0.5,"y":-75
},{
"i":0,"k":47,"n":15,"o":"mcContentFx","p":19,"x":55.5,"y":-74
},{
"i":0,"k":47,"n":19,"o":"mcContentFx","x":82.5,"y":-111
}
]
},{
"fa":[
{
"a":"ps:SND_LATCH","n":0
},{
"a":"ps:SND_CLIMB","n":2
},{
"a":"ps:SND_LAND","n":13
}
]
}
],"n":"ani_mal_3_climb_tile_1","r":30
},{
"f":30,"l":[
{
"f":[
{
"c":0,"g":0,"h":0,"i":-1,"k":-1,"n":0,"t":0,"u":0,"v":0,"w":0,"x":0,"y":0
},{
"g":1938.29,"h":0.192,"i":1,"k":30,"n":27,"t":0,"w":0.192,"x":55.653,"y":-106.457
}
]
},{
"f":[
{
"h":0.75,"i":0,"k":39,"n":0,"w":0.75,"x":4.042,"y":-65.624
},{
"h":0.75,"i":1,"k":10,"n":2,"w":0.75,"x":4.042,"y":-65.624
},{
"h":0.75,"i":1,"k":1,"n":4,"w":0.75,"x":4.042,"y":-65.624
},{
"h":0.75,"i":0,"k":32,"n":8,"w":0.75,"x":4.042,"y":-65.624
},{
"h":0.75,"i":0,"k":18,"n":10,"w":0.75,"x":4.042,"y":-65.624
},{
"h":0.75,"i":0,"k":13,"n":12,"w":0.75,"x":4.042,"y":-65.624
},{
"h":0.75,"i":0,"k":16,"n":14,"w":0.75,"x":4.042,"y":-65.624
},{
"h":0.75,"i":0,"k":15,"n":16,"w":0.75,"x":4.042,"y":-65.624
}
]
},{
"f":[
{
"c":0,"g":0,"h":0,"i":-1,"k":-1,"n":0,"t":0,"u":0,"v":0,"w":0,"x":0,"y":0
},{
"h":2.367,"i":1,"k":34,"n":27,"t":0,"w":2.367,"x":54,"y":-97.5
}
]
},{
"f":[
{
"c":1,"h":110,"i":-1,"k":-1,"n":0,"o":"mcCollision","w":50,"x":-25,"y":-110
}
]
}
],"n":"ani_mal_3_call","r":30
},{
"f":8,"l":[
{
"f":[
{
"g":23.94,"h":0.75,"i":0,"k":26,"n":0,"p":2,"w":0.75,"x":-7.545,"y":-52.753
},{
"g":3.02,"h":0.75,"i":0,"k":23,"n":2,"p":5,"w":0.75,"x":-11.545,"y":-62.753
},{
"g":-7.01,"h":0.75,"i":0,"k":23,"n":5,"p":7,"w":0.75,"x":-17.546,"y":-72.753
},{
"g":-14.18,"h":0.75,"i":0,"k":23,"n":7,"w":0.75,"x":-26.545,"y":-79.753
}
]
},{
"fa":[
{
"a":"ps:SND_HIT","n":0
},{
"a":"s","n":7
}
]
}
],"n":"ani_mal_3_bounce_hit","r":30
},{
"f":16,"l":[
{
"f":[
{
"h":0.75,"i":0,"k":9,"n":0,"w":0.75,"x":11.179,"y":-60.982
},{
"h":0.75,"i":0,"k":9,"n":2,"u":56,"v":-0.5,"w":0.694,"x":14.295,"y":-60.983
},{
"g":-16.62,"h":0.75,"i":0,"k":21,"n":4,"w":0.75,"x":3.18,"y":-45.983
},{
"g":-41.15,"h":0.75,"i":0,"k":21,"n":5,"w":0.75,"x":9.741,"y":-47.152
},{
"g":14.75,"h":0.75,"i":0,"k":10,"n":6,"w":0.75,"x":1.413,"y":-57.959
},{
"g":-9.27,"h":0.75,"i":0,"k":10,"n":7,"u":4.22,"v":-11.354,"w":0.75,"x":5.482,"y":-59.754
},{
"g":-17.41,"h":0.75,"i":0,"k":10,"n":8,"w":0.75,"x":6.181,"y":-60.983
},{
"g":-40.83,"h":0.75,"i":0,"k":10,"n":9,"w":0.75,"x":7.59,"y":-64.495
},{
"g":-63.09,"h":0.75,"i":0,"k":10,"n":10,"w":0.75,"x":10.181,"y":-67.983
},{
"g":-95.27,"h":0.75,"i":0,"k":10,"n":11,"w":0.75,"x":6.847,"y":-72.494
},{
"g":-51.02,"h":0.75,"i":0,"k":14,"n":12,"w":0.75,"x":-9.818,"y":-62.982
},{
"g":-73.98,"h":0.75,"i":0,"k":14,"n":13,"w":0.75,"x":-8.998,"y":-66.263
},{
"g":-2.57,"h":0.75,"i":0,"k":1,"n":14,"w":0.75,"x":-13.818,"y":-64.982
},{
"h":0.75,"i":0,"k":1,"n":15,"w":0.75,"x":-13.819,"y":-64.983
}
]
},{
"fa":[
{
"a":"ps:SND_BOUNCE_WALL","n":1
},{
"a":"s","n":15
}
]
}
],"n":"ani_mal_3_bounce_back","r":30
},{
"f":13,"l":[
{
"f":[
{
"g":-2,"h":0.814,"i":1,"k":20,"n":0,"u":1.368,"v":76.977,"w":0.75,"x":-0.383,"y":-65.752
},{
"g":-2,"h":0.75,"i":1,"k":20,"n":1,"u":1.368,"v":76.977,"w":0.75,"x":-0.2,"y":-60.522
},{
"g":2,"h":0.789,"i":1,"k":21,"n":2,"u":5.952,"v":27.053,"w":0.75,"x":3.91,"y":-51.017
},{
"g":2,"h":0.75,"i":1,"k":21,"n":3,"u":5.952,"v":27.053,"w":0.75,"x":3.825,"y":-48.593
},{
"g":89.94,"h":0.75,"i":0,"k":21,"n":7,"p":9,"w":0.75,"x":0,"y":-92.294
},{
"g":89.94,"h":0.75,"i":0,"k":21,"n":9,"p":12,"w":0.75,"x":0,"y":-112.293
},{
"g":89.94,"h":0.75,"i":0,"k":21,"n":12,"w":0.75,"x":0,"y":-92.294
}
]
},{
"fa":[
{
"a":"ps:SND_CLIMB","n":2
},{
"a":"s","n":12
}
]
}
],"n":"ani_mal_3_bounce","r":30
},{
"f":20,"l":[
{
"f":[
{
"c":0,"g":0,"h":0,"i":-1,"k":-1,"n":0,"t":0,"u":0,"v":0,"w":0,"x":0,"y":0
}
]
},{
"f":[
{
"h":0.75,"i":0,"k":39,"n":0,"w":0.75,"x":4.042,"y":-65.624
},{
"h":0.75,"i":0,"k":38,"n":2,"w":0.75,"x":4.042,"y":-65.624
},{
"h":0.75,"i":0,"k":19,"n":4,"w":0.75,"x":4.042,"y":-65.624
},{
"h":0.75,"i":0,"k":24,"n":6,"w":0.75,"x":4.042,"y":-65.624
},{
"h":0.75,"i":0,"k":27,"n":9,"w":0.75,"x":4.042,"y":-65.624
}
]
},{
"f":[
{
"c":0,"g":0,"h":0,"i":-1,"k":-1,"n":0,"t":0,"u":0,"v":0,"w":0,"x":0,"y":0
}
]
},{
"f":[
{
"c":1,"h":110,"i":-1,"k":-1,"n":0,"o":"mcCollision","w":50,"x":-25,"y":-110
}
]
}
],"n":"ani_mal_3_angry","r":30
},{
"f":90,"l":[
{
"f":[
{
"c":0,"g":0,"h":0,"i":-1,"k":-1,"n":0,"t":0,"u":0,"v":0,"w":0,"x":0,"y":0
},{
"h":0.162,"i":1,"k":30,"n":41,"t":0,"w":0.162,"x":3.947,"y":-115.74
},{
"g":1026.15,"h":0.162,"i":1,"k":30,"n":48,"t":0,"w":0.162,"x":25.893,"y":-112.997
},{
"g":1938.29,"h":0.192,"i":1,"k":30,"n":49,"t":0,"w":0.192,"x":45.398,"y":-110.559
},{
"g":1938.29,"h":0.192,"i":1,"k":30,"n":52,"t":0,"w":0.192,"x":45.398,"y":-110.559
},{
"g":1938.29,"h":0.192,"i":1,"k":30,"n":53,"t":0,"w":0.192,"x":45.398,"y":-110.559
},{
"c":0,"g":0,"h":0,"i":-1,"k":-1,"n":59,"t":0,"u":0,"v":0,"w":0,"x":0,"y":0
},{
"g":1938.29,"h":0.257,"i":1,"k":30,"n":60,"w":0.257,"x":40.066,"y":-63.195
},{
"g":1938.29,"h":0.257,"i":1,"k":30,"n":63,"w":0.257,"x":55.821,"y":-105.952
},{
"g":1938.29,"h":0.192,"i":1,"k":30,"n":71,"t":0,"w":0.192,"x":55.653,"y":-106.457
}
]
},{
"f":[
{
"h":0.75,"i":0,"k":39,"n":0,"w":0.75,"x":4.042,"y":-65.624
},{
"h":0.75,"i":0,"k":38,"n":2,"w":0.75,"x":4.042,"y":-65.624
},{
"h":0.75,"i":0,"k":19,"n":4,"w":0.75,"x":4.042,"y":-65.624
},{
"h":0.75,"i":0,"k":24,"n":6,"w":0.75,"x":4.042,"y":-65.624
},{
"h":0.75,"i":0,"k":27,"n":9,"w":0.75,"x":4.042,"y":-65.624
},{
"h":0.75,"i":0,"k":35,"n":20,"w":0.75,"x":4.042,"y":-65.624
},{
"h":0.75,"i":0,"k":22,"n":23,"w":0.75,"x":4.042,"y":-65.624
},{
"h":0.75,"i":0,"k":11,"n":25,"w":0.75,"x":4.042,"y":-65.624
},{
"h":0.75,"i":0,"k":16,"n":28,"w":0.75,"x":4.042,"y":-65.624
},{
"h":0.75,"i":0,"k":15,"n":30,"w":0.75,"x":4.042,"y":-65.624
},{
"h":0.75,"i":0,"k":12,"n":51,"w":0.75,"x":4.042,"y":-65.624
},{
"h":0.75,"i":1,"k":1,"n":54,"w":0.75,"x":4.042,"y":-65.624
},{
"h":0.75,"i":1,"k":10,"n":57,"w":0.75,"x":4.042,"y":-65.624
},{
"h":0.75,"i":0,"k":32,"n":60,"w":0.75,"x":4.042,"y":-65.624
},{
"h":0.75,"i":0,"k":13,"n":63,"w":0.75,"x":4.042,"y":-65.624
},{
"h":0.75,"i":0,"k":13,"n":71,"w":0.75,"x":4.042,"y":-65.624
},{
"h":0.75,"i":0,"k":18,"n":87,"w":0.75,"x":4.042,"y":-65.624
},{
"h":0.75,"i":0,"k":39,"n":89,"w":0.75,"x":4.042,"y":-65.624
}
]
},{
"f":[
{
"c":0,"g":0,"h":0,"i":-1,"k":-1,"n":0,"t":0,"u":0,"v":0,"w":0,"x":0,"y":0
},{
"i":0,"k":57,"n":32,"x":50.432,"y":-102.986
},{
"i":0,"k":55,"n":34,"x":50.432,"y":-102.986
},{
"i":0,"k":54,"n":36,"x":50.432,"y":-102.986
},{
"i":0,"k":53,"n":38,"x":50.432,"y":-102.986
},{
"i":0,"k":56,"n":40,"x":50.432,"y":-102.986
},{
"i":0,"k":52,"n":42,"x":50.432,"y":-102.986
},{
"i":0,"k":51,"n":44,"x":50.432,"y":-102.986
},{
"i":0,"k":50,"n":46,"x":50.432,"y":-102.986
},{
"i":0,"k":43,"n":48,"t":0,"x":52.072,"y":-112.01
},{
"h":1.205,"i":1,"k":34,"n":71,"p":86,"w":1.205,"x":56.64,"y":-107.523
},{
"h":2.367,"i":1,"k":34,"n":86,"t":0,"w":2.367,"x":54,"y":-97.5
}
]
},{
"f":[
{
"c":1,"h":110,"i":-1,"k":-1,"n":0,"o":"mcCollision","w":50,"x":-25,"y":-110
}
]
}
],"n":"ani_mal_3_alert","r":30
}
],"atlas":[
[
{
"h":196,"n":"","p":97,"q":98,"w":195,"x":1,"y":1
},{
"h":193,"n":"","p":80,"q":103,"w":148,"x":1,"y":198
},{
"h":177,"n":"","p":51,"q":79,"w":161,"x":1,"y":392
},{
"h":182,"n":"","p":138,"q":82,"w":153,"x":1,"y":570
},{
"h":168,"n":"","p":13,"q":74,"w":157,"x":1,"y":753
},{
"h":214,"n":"","p":50,"q":124,"w":119,"x":197,"y":1
},{
"h":212,"n":"","p":52,"q":123,"w":120,"x":317,"y":1
},{
"h":140,"n":"","p":37,"q":77,"w":167,"x":438,"y":1
},{
"h":189,"n":"","p":52,"q":134,"w":118,"x":606,"y":1
},{
"h":151,"n":"","p":89,"q":76,"w":145,"x":725,"y":1
},{
"h":156,"n":"","p":44,"q":99,"w":139,"x":871,"y":1
},{
"h":184,"n":"","p":37,"q":89,"w":116,"x":197,"y":216
},{
"h":181,"n":"","p":35,"q":86,"w":117,"x":314,"y":216
},{
"h":190,"n":"","p":39,"q":95,"w":111,"x":197,"y":401
},{
"h":135,"n":"","p":90,"q":76,"w":155,"x":432,"y":216
},{
"h":190,"n":"","p":39,"q":95,"w":110,"x":197,"y":592
},{
"h":190,"n":"","p":39,"q":95,"w":110,"x":197,"y":783
},{
"h":156,"n":"","p":68,"q":64,"w":131,"x":588,"y":216
},{
"h":190,"n":"","p":35,"q":95,"w":107,"x":314,"y":398
},{
"h":180,"n":"","p":35,"q":85,"w":112,"x":720,"y":216
},{
"h":193,"n":"","p":45,"q":124,"w":101,"x":314,"y":589
},{
"h":117,"n":"","p":64,"q":70,"w":164,"x":833,"y":216
},{
"h":180,"n":"","p":35,"q":85,"w":105,"x":314,"y":783
},{
"h":176,"n":"","p":35,"q":78,"w":106,"x":422,"y":398
},{
"h":179,"n":"","p":35,"q":84,"w":104,"x":422,"y":575
},{
"h":123,"n":"","p":87,"q":34,"w":151,"x":529,"y":398
},{
"h":179,"n":"","p":37,"q":79,"w":103,"x":422,"y":755
},{
"h":178,"n":"","p":35,"q":83,"w":102,"x":529,"y":522
},{
"h":111,"n":"","p":66,"q":19,"w":161,"x":681,"y":398
},{
"h":125,"n":"","p":79,"q":34,"w":142,"x":632,"y":522
},{
"h":162,"n":"","p":64,"q":70,"w":109,"x":632,"y":648
},{
"h":184,"n":"","p":48,"q":88,"w":95,"x":529,"y":701
},{
"h":184,"n":"","p":37,"q":89,"w":95,"x":632,"y":811
},{
"h":122,"n":"","p":66,"q":30,"w":143,"x":843,"y":398
},{
"h":117,"n":"","p":66,"q":25,"w":148,"x":775,"y":522
},{
"h":176,"n":"","p":35,"q":81,"w":97,"x":742,"y":648
},{
"h":123,"n":"","p":66,"q":31,"w":138,"x":840,"y":648
},{
"h":126,"n":"","p":81,"q":30,"w":125,"x":742,"y":825
},{
"h":181,"n":"","p":35,"q":86,"w":86,"x":868,"y":825
},{
"h":190,"n":"","p":35,"q":95,"w":69,"x":955,"y":825
},{
"h":121,"n":"","p":72,"q":31,"w":92,"x":529,"y":886
},{
"h":121,"n":"","p":68,"q":31,"w":89,"x":924,"y":522
},{
"h":100,"n":"","p":0,"q":0,"w":100,"x":1,"y":922
},{
"h":93,"n":"","p":47,"q":46,"w":94,"x":102,"y":922
},{
"h":81,"n":"","p":44,"q":96,"w":104,"x":422,"y":935
},{
"h":65,"n":"","p":25,"q":98,"w":103,"x":438,"y":142
},{
"h":69,"n":"","p":57,"q":90,"w":94,"x":742,"y":952
},{
"h":30,"n":"","p":15,"q":15,"w":30,"x":150,"y":198
},{
"h":91,"n":"","p":3,"q":46,"w":8,"x":150,"y":229
},{
"h":26,"n":"","p":9,"q":13,"w":17,"x":159,"y":229
},{
"h":21,"n":"","p":9,"q":13,"w":20,"x":159,"y":256
},{
"h":21,"n":"","p":10,"q":13,"w":20,"x":159,"y":278
},{
"h":21,"n":"","p":9,"q":13,"w":20,"x":150,"y":321
},{
"h":21,"n":"","p":9,"q":13,"w":20,"x":171,"y":321
},{
"h":21,"n":"","p":10,"q":13,"w":20,"x":150,"y":343
},{
"h":21,"n":"","p":9,"q":13,"w":20,"x":171,"y":343
},{
"h":20,"n":"","p":8,"q":12,"w":20,"x":159,"y":300
},{
"h":20,"n":"","p":8,"q":12,"w":20,"x":150,"y":365
}
],[
{
"h":162,"n":"","p":47,"q":67,"w":96,"x":1,"y":1
},{
"h":180,"n":"","p":35,"q":85,"w":86,"x":1,"y":164
},{
"h":125,"n":"","p":77,"q":29,"w":123,"x":98,"y":1
},{
"h":180,"n":"","p":40,"q":78,"w":85,"x":98,"y":127
},{
"h":181,"n":"","p":39,"q":78,"w":84,"x":98,"y":308
},{
"h":122,"n":"","p":70,"q":40,"w":123,"x":222,"y":1
},{
"h":122,"n":"","p":70,"q":40,"w":123,"x":222,"y":124
},{
"h":121,"n":"","p":77,"q":25,"w":124,"x":346,"y":1
},{
"h":121,"n":"","p":77,"q":25,"w":124,"x":346,"y":123
},{
"h":183,"n":"","p":34,"q":79,"w":81,"x":222,"y":247
},{
"h":180,"n":"","p":35,"q":85,"w":79,"x":346,"y":245
},{
"h":169,"n":"","p":34,"q":79,"w":81,"x":471,"y":1
},{
"h":190,"n":"","p":35,"q":95,"w":70,"x":471,"y":171
},{
"h":189,"n":"","p":35,"q":94,"w":70,"x":553,"y":1
},{
"h":192,"n":"","p":38,"q":97,"w":68,"x":553,"y":191
},{
"h":192,"n":"","p":38,"q":97,"w":67,"x":624,"y":1
},{
"h":192,"n":"","p":38,"q":97,"w":67,"x":624,"y":194
},{
"h":189,"n":"","p":35,"q":94,"w":68,"x":692,"y":1
},{
"h":189,"n":"","p":35,"q":94,"w":68,"x":761,"y":1
},{
"h":192,"n":"","p":35,"q":97,"w":65,"x":692,"y":191
},{
"h":114,"n":"","p":46,"q":33,"w":107,"x":830,"y":1
},{
"h":104,"n":"","p":42,"q":42,"w":106,"x":758,"y":191
},{
"h":126,"n":"","p":37,"q":34,"w":72,"x":1,"y":345
},{
"h":125,"n":"","p":37,"q":34,"w":72,"x":471,"y":362
},{
"h":110,"n":"","p":35,"q":73,"w":76,"x":938,"y":1
},{
"h":89,"n":"","p":27,"q":90,"w":90,"x":865,"y":191
},{
"h":86,"n":"","p":26,"q":98,"w":91,"x":346,"y":426
},{
"h":76,"n":"","p":28,"q":94,"w":91,"x":222,"y":431
},{
"h":84,"n":"","p":28,"q":94,"w":81,"x":758,"y":296
},{
"h":78,"n":"","p":41,"q":95,"w":84,"x":938,"y":112
},{
"h":79,"n":"","p":39,"q":39,"w":79,"x":758,"y":381
},{
"h":77,"n":"","p":25,"q":89,"w":80,"x":840,"y":296
},{
"h":74,"n":"","p":17,"q":90,"w":78,"x":830,"y":116
},{
"h":85,"n":"","p":19,"q":93,"w":62,"x":553,"y":384
},{
"h":70,"n":"","p":37,"q":34,"w":73,"x":921,"y":296
},{
"h":69,"n":"","p":25,"q":89,"w":74,"x":840,"y":374
},{
"h":68,"n":"","p":25,"q":98,"w":75,"x":915,"y":374
},{
"h":86,"n":"","p":19,"q":93,"w":59,"x":624,"y":387
}
]
],"meta":{
"atlas":[
"ani_mal_3_image_0.png","ani_mal_3_image_1.png"
]
}
}
