{
"animations":[
{
"f":70,"l":[
{
"f":[
{
"h":0.75,"i":1,"k":8,"n":0,"w":0.75,"x":4.042,"y":-65.624
},{
"h":0.75,"i":1,"k":4,"n":3,"w":0.75,"x":4.042,"y":-65.624
},{
"h":0.75,"i":0,"k":6,"n":6,"w":0.75,"x":4.042,"y":-65.624
},{
"h":0.75,"i":0,"k":15,"n":9,"w":0.75,"x":4.042,"y":-65.624
},{
"h":0.75,"i":0,"k":14,"n":12,"w":0.75,"x":4.042,"y":-65.624
},{
"h":0.75,"i":0,"k":26,"n":17,"w":0.75,"x":4.042,"y":-65.624
},{
"h":0.75,"i":0,"k":20,"n":20,"w":0.75,"x":4.042,"y":-65.624
},{
"h":0.75,"i":0,"k":34,"n":23,"w":0.75,"x":4.042,"y":-65.624
},{
"h":0.75,"i":0,"k":33,"n":26,"w":0.75,"x":4.042,"y":-65.624
},{
"h":0.75,"i":0,"k":6,"n":31,"w":0.75,"x":4.042,"y":-65.624
},{
"h":0.75,"i":0,"k":6,"n":34,"w":0.75,"x":4.042,"y":-65.624
},{
"h":0.75,"i":1,"k":4,"n":37,"w":0.75,"x":4.042,"y":-65.624
},{
"h":0.75,"i":1,"k":8,"n":42,"w":0.75,"x":4.042,"y":-65.624
},{
"h":0.75,"i":1,"k":9,"n":45,"w":0.75,"x":4.042,"y":-65.624
},{
"h":0.75,"i":1,"k":11,"n":48,"w":0.75,"x":4.042,"y":-65.624
},{
"h":0.75,"i":1,"k":10,"n":51,"w":0.75,"x":4.042,"y":-65.624
},{
"h":0.75,"i":1,"k":11,"n":54,"w":0.75,"x":4.042,"y":-65.624
},{
"h":0.75,"i":1,"k":10,"n":59,"w":0.75,"x":4.042,"y":-65.624
},{
"h":0.75,"i":1,"k":11,"n":62,"w":0.75,"x":4.042,"y":-65.624
},{
"h":0.75,"i":1,"k":9,"n":65,"w":0.75,"x":4.042,"y":-65.624
},{
"h":0.75,"i":1,"k":8,"n":68,"w":0.75,"x":4.042,"y":-65.624
}
]
},{
"f":[
{
"i":0,"k":22,"n":0,"t":0,"x":89.87,"y":-60.341
},{
"g":84,"i":0,"k":22,"n":9,"x":5.263,"y":-33.882
},{
"g":84,"h":0.67,"i":0,"k":22,"n":10,"w":0.67,"x":-20.453,"y":-38.061
},{
"i":0,"k":22,"n":12,"t":0,"x":89.87,"y":-60.341
},{
"g":-18.64,"i":0,"k":22,"n":23,"x":64.528,"y":-96.709
},{
"g":-18.64,"h":0.67,"i":0,"k":22,"n":24,"w":0.67,"x":66.083,"y":-70.701
},{
"c":0,"g":0,"h":0,"i":-1,"k":-1,"n":26,"t":0,"u":0,"v":0,"w":0,"x":0,"y":0
}
]
},{
"f":[
{
"g":-51.9,"i":0,"k":48,"n":0,"t":0,"x":-43.122,"y":-70.775
},{
"g":-113.56,"i":0,"k":48,"n":9,"w":-1,"x":-46.172,"y":-55.598
},{
"g":-116.24,"i":0,"k":48,"n":12,"w":-1,"x":-43.72,"y":-50.295
},{
"g":121.64,"h":-1,"i":0,"k":48,"n":17,"w":-1,"x":-56.662,"y":-148.955
},{
"g":111.99,"h":-1,"i":0,"k":48,"n":20,"w":-1,"x":-67.948,"y":-142.162
},{
"g":-34.79,"h":-1,"i":0,"k":48,"n":23,"w":-1,"x":53.66,"y":-44.332
},{
"g":-34.86,"h":-1,"i":0,"k":48,"n":26,"w":-1,"x":54.792,"y":-45.238
},{
"c":0,"g":0,"h":0,"i":-1,"k":-1,"n":31,"t":0,"u":0,"v":0,"w":0,"x":0,"y":0
}
]
},{
"f":[
{
"c":1,"h":110,"i":-1,"k":-1,"n":0,"o":"mcCollision","w":30,"x":-15,"y":-110
}
]
}
],"n":"ani_uma_3_win","r":30
},{
"f":15,"l":[
{
"f":[
{
"h":0.75,"i":1,"k":8,"n":0,"w":0.75,"x":4.042,"y":-65.624
},{
"h":0.75,"i":0,"k":35,"n":5,"t":0,"w":0.75,"x":4.042,"y":-65.624
}
]
},{
"f":[
{
"c":1,"h":110,"i":-1,"k":-1,"n":0,"o":"mcCollision","w":50,"x":-25,"y":-110
}
]
}
],"n":"ani_uma_3_teleport_out","r":30
},{
"f":8,"l":[
{
"f":[
{
"h":0.75,"i":1,"k":18,"n":0,"w":0.75,"x":-1.898,"y":-81.933
},{
"h":0.75,"i":1,"k":19,"n":2,"w":0.75,"x":-1.898,"y":-77.934
},{
"h":0.691,"i":0,"k":17,"n":4,"w":0.75,"x":13.4,"y":-60.272
},{
"h":0.712,"i":0,"k":17,"n":6,"w":0.75,"x":13.4,"y":-62.199
},{
"h":0.75,"i":1,"k":8,"n":7,"w":0.75,"x":4.042,"y":-65.624
}
]
},{
"f":[
{
"c":1,"h":110,"i":-1,"k":-1,"n":0,"o":"mcCollision","w":50,"x":-25,"y":-110
}
]
}
],"n":"ani_uma_3_teleport_in","r":30
},{
"f":26,"l":[
{
"f":[
{
"i":0,"k":22,"n":0,"t":0,"x":58.954,"y":4.25
},{
"g":-13.75,"i":0,"k":22,"n":8,"x":73.605,"y":-93.517
},{
"g":-13.75,"h":0.67,"i":0,"k":22,"n":9,"w":0.67,"x":70.117,"y":-72.345
},{
"c":0,"g":0,"h":0,"i":-1,"k":-1,"n":11,"t":0,"u":0,"v":0,"w":0,"x":0,"y":0
}
]
},{
"f":[
{
"h":0.75,"i":0,"k":26,"n":0,"w":0.75,"x":4.042,"y":-65.624
},{
"h":0.75,"i":0,"k":20,"n":3,"w":0.75,"x":4.042,"y":-65.624
},{
"h":0.75,"i":0,"k":34,"n":8,"w":0.75,"x":4.042,"y":-65.624
},{
"h":0.75,"i":0,"k":33,"n":10,"w":0.75,"x":4.042,"y":-65.624
},{
"h":0.75,"i":0,"k":6,"n":14,"w":0.75,"x":4.042,"y":-65.624
},{
"h":0.75,"i":1,"k":4,"n":17,"w":0.75,"x":4.042,"y":-65.624
},{
"h":0.75,"i":1,"k":4,"n":20,"w":0.75,"x":4.042,"y":-65.624
},{
"h":0.75,"i":1,"k":8,"n":23,"w":0.75,"x":4.042,"y":-65.624
}
]
},{
"f":[
{
"g":-55.63,"i":0,"k":48,"n":0,"x":-55.314,"y":-151.238
},{
"g":-68.53,"i":0,"k":48,"n":3,"x":-65.981,"y":-142.094
},{
"g":-214.04,"i":0,"k":48,"n":8,"x":51.969,"y":-46.392
},{
"g":-214.04,"i":0,"k":48,"n":10,"x":52.884,"y":-47.612
},{
"c":0,"g":0,"h":0,"i":-1,"k":-1,"n":14,"t":0,"u":0,"v":0,"w":0,"x":0,"y":0
}
]
},{
"f":[
{
"c":1,"h":110,"i":-1,"k":-1,"n":0,"o":"mcCollision","w":30,"x":-15,"y":-110
}
]
}
],"n":"ani_uma_3_switch","r":30
},{
"f":12,"l":[
{
"f":[
{
"g":15,"h":0.75,"i":0,"k":3,"n":0,"w":0.75,"x":-21.368,"y":48.761
},{
"g":11,"h":0.75,"i":0,"k":3,"n":1,"w":0.75,"x":-17.368,"y":49.761
},{
"h":0.75,"i":0,"k":3,"n":2,"w":0.75,"x":-7.919,"y":51.503
},{
"g":27.2,"h":0.75,"i":0,"k":9,"n":3,"u":8.35,"v":-69.777,"w":0.75,"x":-30.493,"y":41.681
},{
"h":0.75,"i":0,"k":9,"n":4,"u":8.35,"v":-69.777,"w":0.75,"x":-8.264,"y":51.332
},{
"g":-10,"h":0.75,"i":0,"k":31,"n":5,"u":8.35,"v":-69.777,"w":0.75,"x":-0.081,"y":52.625
},{
"g":-36.5,"h":0.75,"i":0,"k":31,"n":6,"u":8.35,"v":-69.777,"w":0.75,"x":23.091,"y":45.793
},{
"g":-62,"h":0.75,"i":0,"k":5,"n":7,"u":8.35,"v":-69.777,"w":0.75,"x":68.303,"y":4.8
},{
"g":-62,"h":0.75,"i":0,"k":5,"n":8,"u":8.35,"v":-69.777,"w":0.75,"x":85.303,"y":-15.198
},{
"g":-64,"h":0.75,"i":0,"k":5,"n":9,"u":8.35,"v":-69.777,"w":0.75,"x":96.328,"y":-31.727
},{
"g":-55,"h":0.75,"i":0,"k":5,"n":10,"u":8.35,"v":-69.777,"w":0.75,"x":100.312,"y":-39.149
},{
"g":-47,"h":0.75,"i":0,"k":5,"n":11,"u":8.35,"v":-69.777,"w":0.75,"x":106.04,"y":-48.024
}
]
},{
"f":[
{
"i":0,"k":50,"n":0,"o":"mcContentFx","x":-58.5,"y":57
},{
"i":0,"k":50,"n":1,"o":"mcContentFx","x":-53.5,"y":57
},{
"i":0,"k":50,"n":2,"o":"mcContentFx","x":-38.5,"y":64
},{
"i":0,"k":50,"n":3,"o":"mcContentFx","x":-24.5,"y":65
},{
"i":0,"k":50,"n":4,"o":"mcContentFx","x":3.5,"y":69
},{
"i":0,"k":50,"n":5,"o":"mcContentFx","x":28.5,"y":62
},{
"i":0,"k":50,"n":6,"o":"mcContentFx","x":55.5,"y":41
},{
"i":0,"k":50,"n":7,"o":"mcContentFx","x":95.5,"y":-46
},{
"i":0,"k":50,"n":8,"o":"mcContentFx","x":117.5,"y":-62
},{
"i":0,"k":50,"n":9,"o":"mcContentFx","x":119.5,"y":-81
},{
"i":0,"k":50,"n":10,"o":"mcContentFx","x":132.5,"y":-84
},{
"i":0,"k":50,"n":11,"o":"mcContentFx","x":147.5,"y":-85
}
]
}
],"n":"ani_uma_3_swing","r":30
},{
"f":95,"l":[
{
"f":[
{
"h":0.75,"i":1,"k":8,"n":0,"w":0.75,"x":4.042,"y":-65.624
},{
"h":0.75,"i":0,"k":35,"n":6,"w":0.75,"x":4.042,"y":-65.624
},{
"h":0.75,"i":1,"k":7,"n":12,"w":0.75,"x":4.042,"y":-65.624
},{
"h":0.75,"i":1,"k":6,"n":18,"w":0.75,"x":4.042,"y":-65.624
},{
"h":0.75,"i":1,"k":8,"n":24,"w":0.75,"x":4.042,"y":-65.624
},{
"h":0.75,"i":0,"k":35,"n":30,"w":0.75,"x":4.042,"y":-65.624
},{
"h":0.75,"i":1,"k":7,"n":36,"w":0.75,"x":4.042,"y":-65.624
},{
"h":0.75,"i":1,"k":6,"n":42,"w":0.75,"x":4.042,"y":-65.624
},{
"h":0.75,"i":1,"k":8,"n":48,"w":0.75,"x":4.042,"y":-65.624
},{
"h":0.75,"i":0,"k":35,"n":54,"w":0.75,"x":4.042,"y":-65.624
},{
"h":0.75,"i":1,"k":7,"n":60,"w":0.75,"x":4.042,"y":-65.624
},{
"h":0.75,"i":1,"k":6,"n":66,"w":0.75,"x":4.042,"y":-65.624
},{
"h":0.75,"i":1,"k":8,"n":71,"w":0.75,"x":4.042,"y":-65.624
},{
"h":0.75,"i":0,"k":35,"n":77,"w":0.75,"x":4.042,"y":-65.624
},{
"h":0.75,"i":1,"k":7,"n":83,"w":0.75,"x":4.042,"y":-65.624
},{
"h":0.75,"i":1,"k":5,"n":89,"w":0.75,"x":4.042,"y":-65.624
}
]
},{
"f":[
{
"c":1,"h":110,"i":-1,"k":-1,"n":0,"o":"mcCollision","w":50,"x":-25,"y":-110
}
]
}
],"n":"ani_uma_3_stand","r":30
},{
"f":24,"l":[
{
"f":[
{
"h":0.75,"i":0,"k":43,"n":0,"w":0.75,"x":2.453,"y":18.246
},{
"h":0.75,"i":1,"k":27,"n":3,"w":0.75,"x":2.453,"y":18.246
},{
"h":0.75,"i":0,"k":46,"n":6,"w":0.75,"x":2.453,"y":18.246
},{
"h":0.75,"i":1,"k":37,"n":9,"w":0.75,"x":2.453,"y":18.246
},{
"h":0.75,"i":1,"k":33,"n":12,"w":0.75,"x":2.453,"y":18.246
},{
"h":0.75,"i":1,"k":36,"n":15,"w":0.75,"x":2.453,"y":18.246
},{
"h":0.75,"i":1,"k":34,"n":18,"w":0.75,"x":2.453,"y":18.246
},{
"h":0.75,"i":1,"k":29,"n":21,"w":0.75,"x":2.453,"y":18.246
}
]
}
],"n":"ani_uma_3_runup","r":30
},{
"f":24,"l":[
{
"f":[
{
"h":0.75,"i":0,"k":29,"n":0,"w":0.75,"x":2.453,"y":-65.753
},{
"h":0.75,"i":0,"k":41,"n":3,"w":0.75,"x":2.453,"y":-65.753
},{
"h":0.75,"i":0,"k":42,"n":6,"w":0.75,"x":2.453,"y":-65.753
},{
"h":0.75,"i":0,"k":36,"n":9,"w":0.75,"x":2.453,"y":-65.753
},{
"h":0.75,"i":0,"k":32,"n":12,"w":0.75,"x":2.453,"y":-65.753
},{
"h":0.75,"i":0,"k":40,"n":15,"w":0.75,"x":2.453,"y":-65.753
},{
"h":0.75,"i":1,"k":26,"n":18,"w":0.75,"x":2.453,"y":-65.753
},{
"h":0.75,"i":0,"k":37,"n":21,"w":0.75,"x":2.453,"y":-65.753
}
]
},{
"f":[
{
"i":0,"k":50,"n":0,"o":"bodyContainer","x":0.454,"y":-82.753
},{
"i":0,"k":50,"n":3,"o":"bodyContainer","x":0.454,"y":-82.753
},{
"i":0,"k":50,"n":6,"o":"bodyContainer","x":0.454,"y":-82.753
},{
"i":0,"k":50,"n":9,"o":"bodyContainer","x":0.454,"y":-82.753
},{
"i":0,"k":50,"n":12,"o":"bodyContainer","x":0.454,"y":-82.753
},{
"i":0,"k":50,"n":15,"o":"bodyContainer","x":0.454,"y":-82.753
},{
"i":0,"k":50,"n":18,"o":"bodyContainer","x":0.454,"y":-82.753
},{
"i":0,"k":50,"n":21,"o":"bodyContainer","x":0.454,"y":-82.753
}
]
},{
"f":[
{
"c":1,"h":110,"i":-1,"k":-1,"n":0,"o":"mcCollision","w":50,"x":-25,"y":-110
}
]
},{
"fa":[
{
"a":"ps:SND_STEP","n":6
},{
"a":"ps:SND_STEP","n":18
}
]
}
],"n":"ani_uma_3_run","r":30
},{
"f":24,"l":[
{
"f":[
{
"i":0,"k":22,"n":0,"t":0,"x":89.87,"y":-60.341
},{
"i":0,"k":22,"n":6,"x":58.954,"y":4.25
},{
"h":0.67,"i":0,"k":22,"n":7,"w":0.67,"x":52.111,"y":29.391
},{
"c":0,"g":0,"h":0,"i":-1,"k":-1,"n":9,"t":0,"u":0,"v":0,"w":0,"x":0,"y":0
}
]
},{
"f":[
{
"h":0.75,"i":1,"k":32,"n":0,"w":0.75,"x":2.453,"y":18.246
},{
"h":0.75,"i":1,"k":30,"n":3,"w":0.75,"x":2.453,"y":18.246
},{
"h":0.75,"i":0,"k":47,"n":6,"w":0.75,"x":2.453,"y":18.246
},{
"h":0.75,"i":0,"k":45,"n":9,"w":0.75,"x":2.453,"y":18.246
},{
"h":0.75,"i":0,"k":44,"n":12,"w":0.75,"x":2.453,"y":18.246
},{
"h":0.75,"i":1,"k":35,"n":15,"w":0.75,"x":2.453,"y":18.246
},{
"h":0.75,"i":1,"k":34,"n":18,"w":0.75,"x":2.453,"y":18.246
},{
"h":0.75,"i":1,"k":29,"n":21,"w":0.75,"x":2.453,"y":18.246
}
]
},{
"f":[
{
"g":-51.9,"i":0,"k":48,"n":0,"x":-43.122,"y":-70.775
},{
"g":-75.11,"i":0,"k":48,"n":3,"x":-65.37,"y":-49.744
},{
"g":163.41,"i":0,"k":48,"n":6,"x":27.89,"y":47.785
},{
"g":159.4,"i":0,"k":48,"n":9,"x":36.425,"y":40.775
},{
"c":0,"g":0,"h":0,"i":-1,"k":-1,"n":12,"t":0,"u":0,"v":0,"w":0,"x":0,"y":0
}
]
},{
"f":[
{
"c":1,"h":10,"i":-1,"k":-1,"n":0,"o":"mcCollisionAttack","w":10,"x":0,"y":-2000
},{
"c":1,"h":145,"i":-1,"k":-1,"n":6,"o":"mcCollisionAttack","w":140,"x":10,"y":-148
},{
"c":1,"h":10,"i":-1,"k":-1,"n":12,"o":"mcCollisionAttack","w":10,"x":0,"y":-2000
}
]
}
],"n":"ani_uma_3_runattack","r":30
},{
"f":14,"l":[
{
"f":[
{
"h":0.75,"i":0,"k":23,"n":0,"w":0.75,"x":1.453,"y":-64.753
},{
"g":19.27,"h":0.75,"i":0,"k":39,"n":2,"w":0.75,"x":16.453,"y":-56.753
},{
"g":38.22,"h":0.75,"i":0,"k":39,"n":3,"u":3.723,"v":21.23,"w":0.75,"x":17.491,"y":-49.037
},{
"g":66.72,"h":0.75,"i":1,"k":31,"n":4,"p":6,"w":0.75,"x":-16.204,"y":-17.888
},{
"g":136.28,"h":0.75,"i":1,"k":31,"n":6,"u":22.087,"v":-39.056,"w":0.75,"x":-8.737,"y":-42.355
},{
"g":197.01,"h":0.75,"i":1,"k":31,"n":7,"u":22.087,"v":-39.056,"w":0.75,"x":2.413,"y":-52.773
},{
"g":276.29,"h":0.75,"i":1,"k":31,"n":8,"w":0.75,"x":5.638,"y":-16.101
},{
"g":319.89,"h":0.75,"i":1,"k":31,"n":9,"w":0.75,"x":5.639,"y":-22.102
},{
"g":-40.52,"h":0.75,"i":0,"k":39,"n":10,"w":0.75,"x":-14.954,"y":-45.987
},{
"g":-29.12,"h":0.75,"i":0,"k":39,"n":11,"w":0.75,"x":-13.954,"y":-48.988
},{
"h":0.717,"i":0,"k":25,"n":12,"w":0.75,"x":0.044,"y":-62.445
},{
"h":0.75,"i":0,"k":25,"n":13,"w":0.75,"x":0.044,"y":-65.434
}
]
},{
"f":[
{
"c":1,"h":110,"i":-1,"k":-1,"n":0,"o":"mcCollision","w":50,"x":-25,"y":-110
}
]
},{
"fa":[
{
"a":"ps:SND_LAND","n":2
},{
"a":"ps:SND_SPIN","n":4
},{
"a":"ps:SND_LAND","n":12
}
]
}
],"n":"ani_uma_3_land_spin","r":30
},{
"f":5,"l":[
{
"f":[
{
"h":0.75,"i":0,"k":27,"n":0,"w":0.75,"x":-9.899,"y":-65.934
},{
"h":0.75,"i":0,"k":27,"n":1,"w":0.75,"x":-18.899,"y":-65.934
},{
"h":0.75,"i":0,"k":27,"n":2,"w":0.75,"x":-25.899,"y":-65.934
},{
"h":0.75,"i":0,"k":30,"n":3,"w":0.75,"x":-24.899,"y":-65.934
},{
"h":0.75,"i":0,"k":30,"n":4,"w":0.75,"x":-11.898,"y":-65.934
}
]
},{
"f":[
{
"c":1,"h":110,"i":-1,"k":-1,"n":0,"o":"mcCollision","w":50,"x":-25,"y":-110
}
]
},{
"fa":[
{
"a":"ps:SND_LAND","n":1
}
]
}
],"n":"ani_uma_3_land_1","r":30
},{
"f":12,"l":[
{
"f":[
{
"i":0,"k":51,"n":0,"p":5,"w":0.227,"x":-25.146,"y":9.618
},{
"h":2.364,"i":0,"k":52,"n":5,"t":0,"w":-0.127,"x":-25.146,"y":99.618
},{
"i":0,"k":51,"n":6,"p":11,"w":0.288,"x":-25.145,"y":9.618
},{
"h":2.364,"i":0,"k":52,"n":11,"t":0,"w":-0.127,"x":-25.146,"y":99.618
}
]
},{
"f":[
{
"i":0,"k":51,"n":0,"p":1,"t":0.2,"w":0.368,"x":12.854,"y":100.617
},{
"h":2.364,"i":0,"k":52,"n":1,"t":0,"w":-0.127,"x":12.854,"y":28.618
},{
"i":0,"k":51,"n":2,"p":7,"w":0.429,"x":12.853,"y":28.617
},{
"h":2.364,"i":0,"k":52,"n":7,"t":0,"w":-0.127,"x":12.854,"y":118.618
},{
"i":0,"k":51,"n":8,"p":11,"w":0.368,"x":12.854,"y":28.618
},{
"i":0,"k":51,"n":11,"t":0.4,"w":0.185,"x":12.854,"y":82.618
}
]
},{
"f":[
{
"i":0,"k":51,"n":0,"p":3,"t":0.6,"w":0.221,"x":-14.146,"y":74.618
},{
"h":2.364,"i":0,"k":52,"n":3,"t":0,"w":-0.127,"x":-14.146,"y":128.618
},{
"i":0,"k":51,"n":4,"p":9,"w":0.343,"x":-14.146,"y":38.618
},{
"h":2.364,"i":0,"k":52,"n":9,"t":0,"w":-0.127,"x":-14.146,"y":128.618
},{
"i":0,"k":51,"n":10,"p":11,"w":0.282,"x":-14.146,"y":38.617
},{
"i":0,"k":51,"n":11,"t":0.8,"w":0.282,"x":-14.146,"y":56.618
}
]
},{
"f":[
{
"i":0,"k":51,"n":0,"p":11,"w":0.21,"x":-1.146,"y":20.618
},{
"i":0,"k":51,"n":11,"t":0,"w":0.136,"x":-1.145,"y":110.618
}
]
},{
"f":[
{
"h":0.193,"i":0,"k":0,"n":0,"p":2,"t":0,"w":0.588,"x":-4.16,"y":-53.545
},{
"h":0.221,"i":0,"k":0,"n":2,"p":4,"w":0.673,"x":-4.16,"y":-28.544
},{
"h":0.249,"i":0,"k":0,"n":4,"p":10,"t":0.6,"w":0.758,"x":-4.159,"y":-3.545
},{
"h":0.156,"i":0,"k":52,"n":10,"t":0,"w":0.477,"x":-4.16,"y":71.455
}
]
},{
"f":[
{
"h":0.75,"i":0,"k":24,"n":0,"p":2,"w":0.75,"x":-1.898,"y":-67.934
},{
"h":0.75,"i":0,"k":24,"n":2,"p":4,"w":0.75,"x":-1.898,"y":-71.934
},{
"h":0.75,"i":0,"k":24,"n":4,"p":6,"w":0.75,"x":-1.898,"y":-67.934
},{
"h":0.75,"i":0,"k":24,"n":6,"p":8,"w":0.75,"x":-1.898,"y":-71.934
},{
"h":0.75,"i":0,"k":24,"n":8,"p":10,"w":0.75,"x":-1.898,"y":-67.934
},{
"h":0.75,"i":0,"k":24,"n":10,"w":0.75,"x":-1.898,"y":-71.934
}
]
},{
"fa":[
{
"a":"ps:SND_JUMP","n":0
},{
"a":"s","n":11
}
]
}
],"n":"ani_uma_3_jump_up_3","r":30
},{
"f":11,"l":[
{
"f":[
{
"h":0.75,"i":0,"k":17,"n":0,"w":0.75,"x":-1.849,"y":-65.899
},{
"h":0.713,"i":0,"k":17,"n":1,"w":0.75,"x":-1.85,"y":-62.499
},{
"h":0.75,"i":0,"k":25,"n":2,"w":0.75,"x":-1.898,"y":-65.934
},{
"h":0.698,"i":0,"k":25,"n":3,"w":0.75,"x":-1.899,"y":-61.188
},{
"h":0.722,"i":0,"k":24,"n":4,"p":6,"w":0.75,"x":-1.898,"y":-47.406
},{
"h":0.722,"i":0,"k":16,"n":6,"w":0.75,"x":-1.898,"y":-46.406
},{
"h":0.722,"i":1,"k":31,"n":10,"w":0.75,"x":-1.898,"y":-73.406
}
]
},{
"fa":[
{
"a":"ps:SND_JUMP","n":4
},{
"a":"s","n":10
}
]
}
],"n":"ani_uma_3_jump_up_2","r":30
},{
"f":10,"l":[
{
"f":[
{
"g":-10,"h":0.75,"i":1,"k":14,"n":0,"p":2,"w":0.75,"x":-3.95,"y":-68.75
},{
"g":-0.16,"h":0.75,"i":0,"k":24,"n":2,"p":4,"w":0.75,"x":-1.899,"y":-51.934
},{
"h":0.75,"i":0,"k":24,"n":4,"p":9,"w":0.75,"x":-1.898,"y":-55.933
},{
"h":0.75,"i":0,"k":24,"n":9,"w":0.75,"x":-1.898,"y":-65.934
}
]
},{
"f":[
{
"c":1,"h":110,"i":-1,"k":-1,"n":0,"o":"mcCollision","w":50,"x":-25,"y":-110
}
]
},{
"fa":[
{
"a":"ps:SND_JUMP","n":2
},{
"a":"s","n":9
}
]
}
],"n":"ani_uma_3_jump_up_1","r":30
},{
"f":43,"l":[
{
"f":[
{
"h":0.75,"i":0,"k":11,"n":0,"p":3,"w":0.75,"x":-1.849,"y":-67.9
},{
"h":0.75,"i":0,"k":10,"n":3,"p":7,"w":0.75,"x":-1.898,"y":-69.933
},{
"h":0.75,"i":0,"k":11,"n":7,"p":10,"w":0.75,"x":-1.849,"y":-67.9
},{
"h":0.75,"i":0,"k":10,"n":10,"p":14,"w":0.75,"x":-1.898,"y":-69.933
},{
"h":0.75,"i":0,"k":11,"n":14,"p":17,"w":0.75,"x":-1.849,"y":-67.9
},{
"h":0.75,"i":0,"k":10,"n":17,"p":21,"w":0.75,"x":-1.898,"y":-69.933
},{
"h":0.75,"i":0,"k":11,"n":21,"p":24,"w":0.75,"x":-1.849,"y":-67.9
},{
"h":0.75,"i":0,"k":10,"n":24,"p":28,"w":0.75,"x":-1.898,"y":-69.933
},{
"h":0.75,"i":0,"k":11,"n":28,"p":31,"w":0.75,"x":-1.849,"y":-67.9
},{
"h":0.75,"i":0,"k":10,"n":31,"p":35,"w":0.75,"x":-1.898,"y":-69.933
},{
"h":0.75,"i":0,"k":11,"n":35,"p":38,"w":0.75,"x":-1.849,"y":-67.9
},{
"h":0.75,"i":0,"k":10,"n":38,"p":42,"w":0.75,"x":-1.898,"y":-69.933
},{
"h":0.75,"i":0,"k":11,"n":42,"w":0.75,"x":-1.849,"y":-67.9
}
]
},{
"f":[
{
"c":1,"h":110,"i":-1,"k":-1,"n":0,"o":"mcCollision","w":50,"x":-25,"y":-110
}
]
}
],"n":"ani_uma_3_jump_down_3","r":30
},{
"f":9,"l":[
{
"f":[
{
"h":0.75,"i":1,"k":31,"n":0,"p":4,"u":0.019,"v":-21.912,"w":0.75,"x":6.329,"y":-51.17
},{
"g":180.88,"h":0.75,"i":1,"k":31,"n":4,"p":8,"u":0.019,"v":-21.912,"w":0.75,"x":6.611,"y":-84.038
},{
"g":359.07,"h":0.75,"i":1,"k":31,"n":8,"u":0.019,"v":-21.912,"w":0.75,"x":6.595,"y":-51.172
}
]
},{
"fa":[
{
"a":"ps:SND_SPIN","n":0
}
]
}
],"n":"ani_uma_3_jump_down_2","r":30
},{
"f":43,"l":[
{
"f":[
{
"h":0.75,"i":1,"k":18,"n":0,"p":3,"w":0.75,"x":-1.898,"y":-67.934
},{
"h":0.75,"i":1,"k":19,"n":3,"p":7,"w":0.75,"x":-1.898,"y":-66.933
},{
"h":0.75,"i":1,"k":18,"n":7,"p":10,"w":0.75,"x":-1.898,"y":-67.934
},{
"h":0.75,"i":1,"k":19,"n":10,"p":14,"w":0.75,"x":-1.898,"y":-66.933
},{
"h":0.75,"i":1,"k":18,"n":14,"p":17,"w":0.75,"x":-1.898,"y":-67.934
},{
"h":0.75,"i":1,"k":19,"n":17,"p":21,"w":0.75,"x":-1.898,"y":-66.933
},{
"h":0.75,"i":1,"k":18,"n":21,"p":24,"w":0.75,"x":-1.898,"y":-67.934
},{
"h":0.75,"i":1,"k":19,"n":24,"p":28,"w":0.75,"x":-1.898,"y":-66.933
},{
"h":0.75,"i":1,"k":18,"n":28,"p":31,"w":0.75,"x":-1.898,"y":-67.934
},{
"h":0.75,"i":1,"k":19,"n":31,"p":35,"w":0.75,"x":-1.898,"y":-66.933
},{
"h":0.75,"i":1,"k":18,"n":35,"p":38,"w":0.75,"x":-1.898,"y":-67.934
},{
"h":0.75,"i":1,"k":19,"n":38,"p":42,"w":0.75,"x":-1.898,"y":-66.933
},{
"h":0.75,"i":1,"k":18,"n":42,"w":0.75,"x":-1.898,"y":-67.934
}
]
},{
"f":[
{
"c":1,"h":110,"i":-1,"k":-1,"n":0,"o":"mcCollision","w":50,"x":-25,"y":-110
}
]
}
],"n":"ani_uma_3_jump_down_1","r":30
},{
"f":11,"l":[
{
"f":[
{
"h":0.75,"i":0,"k":30,"n":0,"p":2,"w":0.75,"x":1.453,"y":-65.753
},{
"h":0.737,"i":0,"k":27,"n":2,"p":4,"w":0.75,"x":1.453,"y":-64.553
},{
"h":0.732,"i":0,"k":23,"n":4,"p":10,"w":0.75,"x":1.453,"y":-64.154
},{
"h":0.75,"i":0,"k":23,"n":10,"w":0.75,"x":1.453,"y":-65.753
}
]
},{
"f":[
{
"g":42.13,"h":0.438,"i":1,"k":28,"n":0,"t":0,"w":0.438,"x":43.91,"y":-9.08
},{
"g":42.13,"h":0.438,"i":1,"k":28,"n":1,"p":3,"t":0,"w":0.438,"x":43.91,"y":-9.08
},{
"g":17.59,"h":0.57,"i":1,"k":28,"n":3,"p":6,"t":0.6,"w":0.57,"x":57.364,"y":-14.986
},{
"g":-19.22,"h":0.767,"i":1,"k":28,"n":6,"t":0,"w":0.767,"x":77.545,"y":-23.847
}
]
},{
"f":[
{
"g":42.13,"h":0.323,"i":1,"k":28,"n":0,"t":0,"w":0.323,"x":31.151,"y":-5.025
},{
"g":42.13,"h":0.323,"i":1,"k":28,"n":3,"p":5,"t":0,"w":0.323,"x":31.151,"y":-5.025
},{
"g":77.08,"h":0.457,"i":1,"k":28,"n":5,"p":8,"t":0.6,"w":0.457,"x":41.08,"y":-9.382
},{
"g":129.5,"h":0.658,"i":1,"k":28,"n":8,"t":0,"w":0.658,"x":55.971,"y":-15.92
}
]
},{
"f":[
{
"g":42.13,"h":0.418,"i":1,"k":28,"n":0,"t":0,"w":0.418,"x":56.368,"y":-5.777
},{
"g":42.13,"h":0.418,"i":1,"k":28,"n":5,"p":7,"t":0,"w":0.418,"x":56.368,"y":-5.777
},{
"g":77.08,"h":0.591,"i":1,"k":28,"n":7,"p":10,"t":0.6,"w":0.591,"x":69.198,"y":-11.409
},{
"g":129.5,"h":0.851,"i":1,"k":28,"n":10,"t":0,"w":0.851,"x":88.444,"y":-19.86
}
]
},{
"fa":[
{
"a":"ps:SND_STOP","n":2
},{
"a":"s","n":10
}
]
}
],"n":"ani_uma_3_jump_back_restore","r":30
},{
"f":48,"l":[
{
"f":[
{
"h":0.75,"i":1,"k":3,"n":0,"w":0.75,"x":4.042,"y":-65.624
},{
"h":0.75,"i":1,"k":9,"n":4,"w":0.75,"x":4.042,"y":-65.624
},{
"h":0.75,"i":1,"k":11,"n":8,"w":0.75,"x":4.042,"y":-65.624
},{
"h":0.75,"i":1,"k":10,"n":12,"w":0.75,"x":4.042,"y":-65.624
},{
"h":0.75,"i":1,"k":11,"n":16,"w":0.75,"x":4.042,"y":-65.624
},{
"h":0.75,"i":1,"k":10,"n":20,"w":0.75,"x":4.042,"y":-65.624
},{
"h":0.75,"i":1,"k":11,"n":24,"w":0.75,"x":4.042,"y":-65.624
},{
"h":0.75,"i":1,"k":10,"n":28,"w":0.75,"x":4.042,"y":-65.624
},{
"h":0.75,"i":1,"k":11,"n":32,"w":0.75,"x":4.042,"y":-65.624
},{
"h":0.75,"i":1,"k":10,"n":36,"w":0.75,"x":4.042,"y":-65.624
},{
"h":0.75,"i":1,"k":9,"n":40,"w":0.75,"x":4.042,"y":-65.624
},{
"h":0.75,"i":1,"k":3,"n":44,"w":0.75,"x":4.042,"y":-65.624
}
]
},{
"f":[
{
"c":1,"h":110,"i":-1,"k":-1,"n":0,"o":"mcCollision","w":50,"x":-25,"y":-110
}
]
}
],"n":"ani_uma_3_idle","r":30
},{
"f":9,"l":[
{
"f":[
{
"g":23.9,"h":0.75,"i":0,"k":12,"n":0,"p":2,"w":0.75,"x":-7.499,"y":-52.753
},{
"g":35,"h":0.75,"i":0,"k":7,"n":2,"p":5,"w":0.75,"x":-7.5,"y":-52.75
},{
"g":40,"h":0.75,"i":0,"k":7,"n":5,"p":7,"w":0.75,"x":-2.5,"y":-52.75
},{
"g":45.05,"h":0.75,"i":0,"k":7,"n":7,"w":0.75,"x":-2.499,"y":-52.75
}
]
},{
"f":[
{
"c":1,"h":110,"i":-1,"k":-1,"n":0,"o":"mcCollision","w":50,"x":-25,"y":-110
}
]
}
],"n":"ani_uma_3_hit","r":30
},{
"f":70,"l":[
{
"f":[
{
"g":-7.01,"h":0.75,"i":0,"k":7,"n":0,"w":0.75,"x":-17.546,"y":-72.753
},{
"h":0.75,"i":1,"k":1,"n":2,"w":0.75,"x":2.45,"y":-66.749
},{
"h":0.75,"i":0,"k":38,"n":6,"w":0.75,"x":2.454,"y":-66.752
},{
"h":0.75,"i":0,"k":38,"n":10,"w":0.75,"x":2.454,"y":-66.752
},{
"h":0.75,"i":1,"k":22,"n":14,"w":0.75,"x":2.454,"y":-66.752
},{
"h":0.75,"i":1,"k":21,"n":17,"w":0.75,"x":2.454,"y":-66.752
},{
"h":0.75,"i":1,"k":20,"n":20,"p":43,"w":0.75,"x":2.454,"y":-66.752
},{
"h":0.765,"i":1,"k":20,"n":43,"p":68,"w":0.75,"x":2.454,"y":-68.265
},{
"h":0.75,"i":1,"k":20,"n":68,"w":0.75,"x":2.454,"y":-66.752
}
]
},{
"f":[
{
"c":1,"h":110,"i":-1,"k":-1,"n":0,"o":"mcCollision","w":50,"x":-25,"y":-110
}
]
}
],"n":"ani_uma_3_defeat","r":30
},{
"f":21,"l":[
{
"f":[
{
"g":27.71,"h":0.75,"i":1,"k":23,"n":0,"u":34.469,"v":-1.851,"w":0.75,"x":-16.533,"y":-64.789
},{
"g":39.69,"h":0.75,"i":1,"k":23,"n":1,"u":34.469,"v":-1.851,"w":0.75,"x":-8.664,"y":-81.697
},{
"g":22.46,"h":0.75,"i":0,"k":39,"n":2,"u":24.968,"v":51.731,"w":0.75,"x":17.698,"y":-106.963
},{
"g":48.43,"h":0.75,"i":0,"k":39,"n":4,"u":24.968,"v":51.731,"w":0.75,"x":36.781,"y":-102.707
},{
"g":136.28,"h":0.75,"i":1,"k":31,"n":5,"p":11,"u":22.087,"v":-39.056,"w":0.75,"x":26.616,"y":-93.12
},{
"g":276.29,"h":0.75,"i":1,"k":31,"n":11,"w":0.75,"x":124.993,"y":-66.866
},{
"g":307.99,"h":0.75,"i":1,"k":31,"n":12,"w":0.75,"x":124.994,"y":-67.866
},{
"g":-29.12,"h":0.708,"i":0,"k":39,"n":14,"w":0.75,"x":116.052,"y":-96.786
},{
"g":-29.12,"h":0.75,"i":0,"k":39,"n":15,"w":0.75,"x":114.399,"y":-99.753
},{
"h":0.705,"i":0,"k":25,"n":17,"w":0.75,"x":128.399,"y":-113.094
},{
"h":0.75,"i":0,"k":25,"n":18,"w":0.75,"x":128.398,"y":-117.201
},{
"h":0.704,"i":0,"k":17,"n":19,"w":0.75,"x":128.399,"y":-112.994
},{
"h":0.75,"i":0,"k":17,"n":20,"w":0.75,"x":128.399,"y":-117.199
}
]
},{
"f":[
{
"i":0,"k":50,"n":0,"o":"mcContentFx","p":4,"x":-10.5,"y":-57
},{
"i":0,"k":50,"n":4,"o":"mcContentFx","p":16,"x":22.5,"y":-93
},{
"i":0,"k":50,"n":16,"o":"mcContentFx","p":20,"x":124.5,"y":-88
},{
"i":0,"k":50,"n":20,"o":"mcContentFx","x":133.5,"y":-111
}
]
},{
"fa":[
{
"a":"ps:SND_CLIMB","n":1
},{
"a":"ps:SND_SPIN","n":5
},{
"a":"ps:SND_LAND","n":14
}
]
}
],"n":"ani_uma_3_climb_tile_4","r":30
},{
"f":18,"l":[
{
"f":[
{
"g":30.15,"h":0.75,"i":1,"k":23,"n":0,"u":35.587,"v":-4.534,"w":0.75,"x":-19.643,"y":-62.619
},{
"g":30.15,"h":0.75,"i":1,"k":23,"n":1,"u":35.587,"v":-4.534,"w":0.75,"x":-9.644,"y":-70.619
},{
"g":36.28,"h":0.75,"i":1,"k":23,"n":2,"u":36.424,"v":-3.006,"w":0.75,"x":-6.584,"y":-80.357
},{
"g":45.07,"h":0.75,"i":1,"k":23,"n":3,"u":36.424,"v":-3.006,"w":0.75,"x":-2.117,"y":-86.757
},{
"g":7.64,"h":0.75,"i":0,"k":39,"n":5,"p":8,"w":0.75,"x":20.453,"y":-105.752
},{
"g":7.64,"h":0.75,"i":0,"k":39,"n":8,"w":0.75,"x":40.452,"y":-109.753
},{
"g":11.15,"h":0.75,"i":0,"k":39,"n":9,"w":0.75,"x":49.452,"y":-109.752
},{
"g":-2.65,"h":0.705,"i":1,"k":24,"n":11,"w":0.75,"x":52.58,"y":-91.97
},{
"g":-2.65,"h":0.75,"i":1,"k":24,"n":12,"w":0.75,"x":52.452,"y":-94.753
},{
"h":0.727,"i":0,"k":30,"n":14,"w":0.75,"x":78.453,"y":-115.676
},{
"h":0.75,"i":0,"k":30,"n":15,"w":0.75,"x":78.453,"y":-117.752
},{
"h":0.712,"i":0,"k":17,"n":16,"w":0.75,"x":78.703,"y":-114.192
},{
"h":0.75,"i":0,"k":17,"n":17,"w":0.75,"x":78.703,"y":-117.502
}
]
},{
"f":[
{
"i":0,"k":50,"n":0,"o":"mcContentFx","p":5,"x":-18.5,"y":-59
},{
"i":0,"k":50,"n":5,"o":"mcContentFx","p":13,"x":21.5,"y":-95
},{
"i":0,"k":50,"n":13,"o":"mcContentFx","p":17,"x":59.5,"y":-86
},{
"i":0,"k":50,"n":17,"o":"mcContentFx","x":86.5,"y":-114
}
]
},{
"fa":[
{
"a":"ps:SND_CLIMB","n":1
},{
"a":"ps:SND_LAND","n":11
}
]
}
],"n":"ani_uma_3_climb_tile_3","r":30
},{
"f":23,"l":[
{
"f":[
{
"h":0.75,"i":1,"k":17,"n":0,"w":0.75,"x":-18.547,"y":-18.752
},{
"g":11.98,"h":0.75,"i":1,"k":23,"n":2,"u":33.686,"v":-3.653,"w":0.75,"x":-19.879,"y":-52.848
},{
"g":28.01,"h":0.75,"i":1,"k":23,"n":3,"u":33.686,"v":-3.653,"w":0.75,"x":-13.243,"y":-68.951
},{
"g":15.51,"h":0.75,"i":0,"k":39,"n":4,"u":24.968,"v":51.731,"w":0.75,"x":5.51,"y":-96.346
},{
"g":38.84,"h":0.75,"i":0,"k":39,"n":6,"u":24.968,"v":51.731,"w":0.75,"x":22.93,"y":-95.916
},{
"g":136.28,"h":0.75,"i":1,"k":31,"n":7,"p":13,"u":22.087,"v":-39.056,"w":0.75,"x":19.615,"y":-93.12
},{
"g":276.29,"h":0.75,"i":1,"k":31,"n":13,"w":0.75,"x":117.992,"y":-66.867
},{
"g":303.86,"h":0.75,"i":1,"k":31,"n":14,"w":0.75,"x":122.994,"y":-68.866
},{
"g":-29.12,"h":0.704,"i":0,"k":39,"n":16,"w":0.75,"x":116.18,"y":-96.556
},{
"g":-29.12,"h":0.75,"i":0,"k":39,"n":17,"w":0.75,"x":115.4,"y":-99.753
},{
"h":0.718,"i":0,"k":25,"n":19,"w":0.75,"x":128.399,"y":-114.256
},{
"h":0.75,"i":0,"k":25,"n":20,"w":0.75,"x":128.398,"y":-117.201
},{
"h":0.704,"i":0,"k":17,"n":21,"w":0.75,"x":128.399,"y":-112.994
},{
"h":0.75,"i":0,"k":17,"n":22,"w":0.75,"x":128.399,"y":-117.199
}
]
},{
"f":[
{
"i":0,"k":50,"n":0,"o":"mcContentFx","p":6,"x":-25.5,"y":-10
},{
"i":0,"k":50,"n":6,"o":"mcContentFx","p":18,"x":13.5,"y":-85
},{
"i":0,"k":50,"n":18,"o":"mcContentFx","p":22,"x":125.5,"y":-82
},{
"i":0,"k":50,"n":22,"o":"mcContentFx","x":137.5,"y":-114
}
]
},{
"fa":[
{
"a":"ps:SND_LATCH","n":0
},{
"a":"ps:SND_CLIMB","n":2
},{
"a":"ps:SND_SPIN","n":4
},{
"a":"ps:SND_LAND","n":16
}
]
}
],"n":"ani_uma_3_climb_tile_2","r":30
},{
"f":20,"l":[
{
"f":[
{
"h":0.75,"i":1,"k":17,"n":0,"w":0.75,"x":-18.547,"y":-18.752
},{
"h":0.75,"i":1,"k":23,"n":2,"w":0.75,"x":-17.546,"y":-38.753
},{
"g":12.89,"h":0.75,"i":1,"k":23,"n":3,"u":32.94,"v":-2.588,"w":0.75,"x":-17.358,"y":-52.313
},{
"g":19.51,"h":0.75,"i":1,"k":23,"n":4,"u":36.424,"v":-3.006,"w":0.75,"x":-15.732,"y":-62.003
},{
"g":24.58,"h":0.75,"i":1,"k":23,"n":5,"u":36.424,"v":-3.006,"w":0.75,"x":-14.009,"y":-67.321
},{
"h":0.75,"i":0,"k":39,"n":7,"p":10,"w":0.75,"x":0.452,"y":-96.752
},{
"g":7.64,"h":0.75,"i":0,"k":39,"n":10,"w":0.75,"x":30.453,"y":-109.753
},{
"g":11.15,"h":0.75,"i":0,"k":39,"n":11,"w":0.75,"x":42.453,"y":-109.753
},{
"g":-1.78,"h":0.713,"i":1,"k":24,"n":13,"w":0.75,"x":53.522,"y":-92.513
},{
"g":-1.78,"h":0.75,"i":1,"k":24,"n":14,"w":0.75,"x":53.453,"y":-94.753
},{
"h":0.727,"i":0,"k":30,"n":16,"w":0.75,"x":78.453,"y":-115.676
},{
"h":0.75,"i":0,"k":30,"n":17,"w":0.75,"x":78.453,"y":-117.752
},{
"h":0.712,"i":0,"k":17,"n":18,"w":0.75,"x":78.4,"y":-114.199
},{
"h":0.75,"i":0,"k":17,"n":19,"w":0.75,"x":78.4,"y":-117.199
}
]
},{
"f":[
{
"i":0,"k":50,"n":0,"o":"mcContentFx","p":7,"x":-25.5,"y":-3
},{
"i":0,"k":50,"n":7,"o":"mcContentFx","p":15,"x":1.5,"y":-82
},{
"i":0,"k":50,"n":15,"o":"mcContentFx","p":19,"x":59.5,"y":-81
},{
"i":0,"k":50,"n":19,"o":"mcContentFx","x":84.5,"y":-121
}
]
},{
"fa":[
{
"a":"ps:SND_LATCH","n":0
},{
"a":"ps:SND_CLIMB","n":2
},{
"a":"ps:SND_LAND","n":13
}
]
}
],"n":"ani_uma_3_climb_tile_1","r":30
},{
"f":30,"l":[
{
"f":[
{
"h":0.75,"i":1,"k":8,"n":0,"w":0.75,"x":4.042,"y":-65.624
},{
"h":0.75,"i":1,"k":2,"n":2,"w":0.75,"x":4.042,"y":-65.624
},{
"h":0.75,"i":1,"k":15,"n":3,"w":0.75,"x":4.042,"y":-65.624
},{
"h":0.75,"i":1,"k":16,"n":6,"w":0.75,"x":4.042,"y":-65.624
},{
"h":0.75,"i":0,"k":1,"n":8,"w":0.75,"x":4.042,"y":-65.624
},{
"h":0.75,"i":0,"k":2,"n":10,"w":0.75,"x":4.042,"y":-65.624
}
]
},{
"f":[
{
"g":-55.63,"i":0,"k":48,"n":0,"t":0,"x":-55.314,"y":-151.238
},{
"g":160.4,"i":0,"k":48,"n":6,"x":44.35,"y":-34.505
},{
"g":88.24,"i":0,"k":48,"n":8,"x":90.981,"y":-106.911
},{
"g":89.58,"i":0,"k":48,"n":10,"x":90.981,"y":-105.911
}
]
},{
"f":[
{
"h":0.75,"i":0,"k":49,"n":0,"t":0,"w":0.75,"x":4.042,"y":-65.624
},{
"c":0,"g":0,"h":0,"i":-1,"k":-1,"n":10,"t":0,"u":0,"v":0,"w":0,"x":0,"y":0
},{
"c":0,"g":0,"h":0,"i":-1,"k":-1,"n":11,"t":0,"u":0,"v":0,"w":0,"x":0,"y":0
},{
"h":0.477,"i":0,"k":49,"n":12,"p":14,"t":0.282,"u":-3.612,"v":10.017,"w":0.477,"x":146.211,"y":-109.13
},{
"h":0.62,"i":0,"k":49,"n":14,"p":16,"t":0.717,"u":-3.612,"v":10.017,"w":0.62,"x":146.728,"y":-110.563
},{
"h":0.776,"i":0,"k":49,"n":16,"p":29,"u":-3.612,"v":10.017,"w":0.776,"x":147.29,"y":-112.122
},{
"g":355.92,"h":0.354,"i":0,"k":49,"n":29,"t":0,"u":-3.612,"v":10.017,"w":0.354,"x":145.509,"y":-107.977
}
]
},{
"f":[
{
"c":1,"h":110,"i":-1,"k":-1,"n":0,"o":"mcCollision","w":50,"x":-25,"y":-110
}
]
}
],"n":"ani_uma_3_call","r":30
},{
"f":8,"l":[
{
"f":[
{
"g":23.94,"h":0.75,"i":0,"k":12,"n":0,"p":2,"w":0.75,"x":-7.545,"y":-52.753
},{
"g":3.02,"h":0.75,"i":0,"k":7,"n":2,"p":5,"w":0.75,"x":-11.545,"y":-62.753
},{
"g":-7.01,"h":0.75,"i":0,"k":7,"n":5,"p":7,"w":0.75,"x":-17.546,"y":-72.753
},{
"g":-14.18,"h":0.75,"i":0,"k":7,"n":7,"w":0.75,"x":-26.545,"y":-79.753
}
]
},{
"fa":[
{
"a":"ps:SND_HIT","n":0
},{
"a":"s","n":7
}
]
}
],"n":"ani_uma_3_bounce_hit","r":30
},{
"f":13,"l":[
{
"f":[
{
"g":-2,"h":0.814,"i":0,"k":39,"n":0,"u":1.368,"v":76.977,"w":0.75,"x":-0.383,"y":-65.752
},{
"g":-2,"h":0.75,"i":0,"k":39,"n":1,"u":1.368,"v":76.977,"w":0.75,"x":-0.2,"y":-60.522
},{
"g":2,"h":0.789,"i":1,"k":24,"n":2,"u":5.952,"v":27.053,"w":0.75,"x":3.91,"y":-51.017
},{
"g":2,"h":0.75,"i":1,"k":24,"n":3,"u":5.952,"v":27.053,"w":0.75,"x":3.825,"y":-48.593
},{
"g":89.94,"h":0.75,"i":0,"k":21,"n":7,"p":9,"w":0.75,"x":0,"y":-92.25
},{
"g":89.94,"h":0.75,"i":0,"k":21,"n":9,"p":12,"w":0.75,"x":0,"y":-112.25
},{
"g":89.94,"h":0.75,"i":0,"k":21,"n":12,"w":0.75,"x":0,"y":-92.25
}
]
},{
"fa":[
{
"a":"ps:SND_CLIMB","n":2
},{
"a":"s","n":12
}
]
}
],"n":"ani_uma_3_bounce","r":30
},{
"f":16,"l":[
{
"f":[
{
"h":0.75,"i":0,"k":8,"n":0,"w":0.75,"x":11.179,"y":-60.982
},{
"h":0.75,"i":0,"k":8,"n":2,"u":56,"v":-0.5,"w":0.694,"x":14.295,"y":-60.983
},{
"g":-16.62,"h":0.75,"i":0,"k":21,"n":4,"w":0.75,"x":3.149,"y":-45.95
},{
"g":-41.15,"h":0.75,"i":0,"k":21,"n":5,"w":0.75,"x":9.7,"y":-47.15
},{
"g":14.75,"h":0.75,"i":0,"k":18,"n":6,"w":0.75,"x":1.413,"y":-57.959
},{
"g":-9.27,"h":0.75,"i":0,"k":18,"n":7,"u":4.22,"v":-11.354,"w":0.75,"x":5.482,"y":-59.754
},{
"g":-17.41,"h":0.75,"i":0,"k":18,"n":8,"w":0.75,"x":6.181,"y":-60.983
},{
"g":-40.83,"h":0.75,"i":0,"k":18,"n":9,"w":0.75,"x":7.59,"y":-64.495
},{
"g":-63.09,"h":0.75,"i":0,"k":18,"n":10,"w":0.75,"x":10.181,"y":-67.983
},{
"g":-95.27,"h":0.75,"i":0,"k":18,"n":11,"w":0.75,"x":6.847,"y":-72.494
},{
"g":-51.02,"h":0.75,"i":0,"k":19,"n":12,"w":0.75,"x":-9.818,"y":-62.982
},{
"g":-73.98,"h":0.75,"i":0,"k":19,"n":13,"w":0.75,"x":-8.998,"y":-66.263
},{
"g":-2.57,"h":0.75,"i":0,"k":4,"n":14,"w":0.75,"x":-13.818,"y":-64.982
},{
"h":0.75,"i":0,"k":4,"n":15,"w":0.75,"x":-13.819,"y":-64.983
}
]
},{
"fa":[
{
"a":"ps:SND_BOUNCE_WALL","n":1
},{
"a":"s","n":15
}
]
}
],"n":"ani_uma_3_bounce_back","r":30
},{
"f":20,"l":[
{
"f":[
{
"h":0.75,"i":1,"k":8,"n":0,"w":0.75,"x":4.042,"y":-65.624
},{
"h":0.75,"i":1,"k":13,"n":2,"w":0.75,"x":4.042,"y":-65.624
},{
"h":0.75,"i":1,"k":12,"n":4,"w":0.75,"x":4.042,"y":-65.624
},{
"h":0.75,"i":1,"k":0,"n":6,"w":0.75,"x":4.042,"y":-65.624
},{
"h":0.75,"i":1,"k":2,"n":9,"w":0.75,"x":4.042,"y":-65.624
}
]
},{
"f":[
{
"g":-55.63,"i":0,"k":48,"n":0,"t":0,"x":-55.314,"y":-151.238
}
]
},{
"f":[
{
"h":0.75,"i":0,"k":49,"n":0,"t":0,"w":0.75,"x":4.042,"y":-65.624
}
]
},{
"f":[
{
"c":1,"h":110,"i":-1,"k":-1,"n":0,"o":"mcCollision","w":50,"x":-25,"y":-110
}
]
}
],"n":"ani_uma_3_angry","r":30
},{
"f":86,"l":[
{
"f":[
{
"h":0.75,"i":1,"k":8,"n":0,"w":0.75,"x":4.042,"y":-65.624
},{
"h":0.75,"i":1,"k":13,"n":2,"w":0.75,"x":4.042,"y":-65.624
},{
"h":0.75,"i":1,"k":12,"n":4,"w":0.75,"x":4.042,"y":-65.624
},{
"h":0.75,"i":1,"k":0,"n":6,"w":0.75,"x":4.042,"y":-65.624
},{
"h":0.75,"i":1,"k":2,"n":9,"w":0.75,"x":4.042,"y":-65.624
},{
"h":0.75,"i":1,"k":15,"n":20,"w":0.75,"x":4.042,"y":-65.624
},{
"h":0.75,"i":1,"k":16,"n":23,"w":0.75,"x":4.042,"y":-65.624
},{
"h":0.75,"i":0,"k":13,"n":25,"w":0.75,"x":4.042,"y":-65.624
},{
"h":0.75,"i":0,"k":1,"n":27,"w":0.75,"x":4.042,"y":-65.624
},{
"h":0.75,"i":0,"k":2,"n":29,"w":0.75,"x":4.042,"y":-65.624
},{
"h":0.75,"i":0,"k":28,"n":55,"w":0.75,"x":4.042,"y":-65.624
},{
"h":0.75,"i":1,"k":8,"n":58,"w":0.75,"x":4.042,"y":-65.624
},{
"h":0.75,"i":0,"k":26,"n":60,"w":0.75,"x":4.042,"y":-65.624
},{
"h":0.75,"i":0,"k":20,"n":63,"w":0.75,"x":4.042,"y":-65.624
},{
"h":0.75,"i":0,"k":34,"n":67,"w":0.75,"x":4.042,"y":-65.624
},{
"h":0.75,"i":0,"k":33,"n":70,"w":0.75,"x":4.042,"y":-65.624
},{
"h":0.75,"i":0,"k":6,"n":75,"w":0.75,"x":4.042,"y":-65.624
},{
"h":0.75,"i":1,"k":4,"n":79,"w":0.75,"x":4.042,"y":-65.624
},{
"h":0.75,"i":1,"k":4,"n":82,"w":0.75,"x":4.042,"y":-65.624
},{
"h":0.75,"i":1,"k":8,"n":85,"w":0.75,"x":4.042,"y":-65.624
}
]
},{
"f":[
{
"g":-55.63,"i":0,"k":48,"n":0,"t":0,"x":-55.314,"y":-151.238
},{
"g":160.4,"i":0,"k":48,"n":23,"x":44.35,"y":-34.505
},{
"g":111.71,"i":0,"k":48,"n":25,"x":89.153,"y":-73.823
},{
"g":88.24,"i":0,"k":48,"n":27,"x":90.981,"y":-106.911
},{
"g":89.58,"i":0,"k":48,"n":29,"x":90.981,"y":-105.911
},{
"g":141.3,"i":0,"k":48,"n":55,"x":57.76,"y":-44.953
},{
"g":141.3,"i":0,"k":48,"n":58,"t":0,"x":57.76,"y":-44.953
},{
"g":-55.63,"i":0,"k":48,"n":60,"x":-55.314,"y":-151.238
},{
"g":-68.53,"i":0,"k":48,"n":63,"x":-65.981,"y":-142.094
},{
"g":-214.04,"i":0,"k":48,"n":68,"x":51.969,"y":-46.392
},{
"g":-214.04,"i":0,"k":48,"n":70,"x":52.884,"y":-47.612
},{
"c":0,"g":0,"h":0,"i":-1,"k":-1,"n":74,"t":0,"u":0,"v":0,"w":0,"x":0,"y":0
}
]
},{
"f":[
{
"h":0.75,"i":0,"k":49,"n":0,"t":0,"w":0.75,"x":4.042,"y":-65.624
},{
"c":0,"g":0,"h":0,"i":-1,"k":-1,"n":29,"t":0,"u":0,"v":0,"w":0,"x":0,"y":0
},{
"c":0,"g":0,"h":0,"i":-1,"k":-1,"n":30,"t":0,"u":0,"v":0,"w":0,"x":0,"y":0
},{
"h":0.477,"i":0,"k":49,"n":31,"p":33,"t":0.282,"u":-3.612,"v":10.017,"w":0.477,"x":146.211,"y":-109.13
},{
"h":0.62,"i":0,"k":49,"n":33,"p":35,"t":0.717,"u":-3.612,"v":10.017,"w":0.62,"x":146.728,"y":-110.563
},{
"h":0.776,"i":0,"k":49,"n":35,"p":51,"u":-3.612,"v":10.017,"w":0.776,"x":147.29,"y":-112.122
},{
"g":355.92,"h":0.354,"i":0,"k":49,"n":51,"t":0,"u":-3.612,"v":10.017,"w":0.354,"x":145.509,"y":-107.977
},{
"g":355.92,"h":0.354,"i":0,"k":49,"n":55,"t":0,"u":-3.612,"v":10.017,"w":0.354,"x":136.51,"y":-111.977
},{
"g":-13.75,"i":0,"k":22,"n":67,"x":73.605,"y":-93.517
},{
"g":-13.75,"h":0.67,"i":0,"k":22,"n":69,"w":0.67,"x":70.117,"y":-72.345
},{
"g":355.92,"h":0.354,"i":0,"k":49,"n":71,"t":0,"u":-3.612,"v":10.017,"w":0.354,"x":136.51,"y":-111.977
}
]
},{
"f":[
{
"c":1,"h":110,"i":-1,"k":-1,"n":0,"o":"mcCollision","w":50,"x":-25,"y":-110
}
]
}
],"n":"ani_uma_3_alert","r":30
}
],"atlas":[
[
{
"h":196,"n":"","p":97,"q":98,"w":195,"x":1,"y":1
},{
"h":199,"n":"","p":63,"q":104,"w":149,"x":1,"y":198
},{
"h":198,"n":"","p":60,"q":103,"w":145,"x":1,"y":398
},{
"h":184,"n":"","p":134,"q":83,"w":150,"x":1,"y":597
},{
"h":173,"n":"","p":84,"q":83,"w":152,"x":1,"y":782
},{
"h":165,"n":"","p":1,"q":75,"w":147,"x":197,"y":1
},{
"h":194,"n":"","p":35,"q":99,"w":124,"x":197,"y":167
},{
"h":187,"n":"","p":56,"q":89,"w":128,"x":322,"y":167
},{
"h":159,"n":"","p":90,"q":84,"w":146,"x":345,"y":1
},{
"h":175,"n":"","p":19,"q":79,"w":131,"x":451,"y":167
},{
"h":194,"n":"","p":50,"q":104,"w":118,"x":197,"y":362
},{
"h":194,"n":"","p":50,"q":104,"w":118,"x":197,"y":557
},{
"h":190,"n":"","p":54,"q":89,"w":120,"x":197,"y":752
},{
"h":190,"n":"","p":35,"q":95,"w":120,"x":322,"y":355
},{
"h":166,"n":"","p":72,"q":69,"w":136,"x":583,"y":167
},{
"h":166,"n":"","p":72,"q":69,"w":136,"x":720,"y":167
},{
"h":192,"n":"","p":51,"q":136,"w":117,"x":322,"y":546
},{
"h":170,"n":"","p":69,"q":77,"w":132,"x":857,"y":167
},{
"h":159,"n":"","p":40,"q":100,"w":139,"x":492,"y":1
},{
"h":135,"n":"","p":91,"q":77,"w":163,"x":632,"y":1
},{
"h":195,"n":"","p":66,"q":100,"w":109,"x":322,"y":739
},{
"h":122,"n":"","p":72,"q":70,"w":174,"x":796,"y":1
},{
"h":216,"n":"","p":37,"q":127,"w":93,"x":443,"y":355
},{
"h":122,"n":"","p":67,"q":29,"w":162,"x":537,"y":355
},{
"h":195,"n":"","p":45,"q":126,"w":101,"x":537,"y":478
},{
"h":135,"n":"","p":67,"q":42,"w":142,"x":639,"y":478
},{
"h":195,"n":"","p":55,"q":100,"w":98,"x":537,"y":674
},{
"h":129,"n":"","p":67,"q":36,"w":148,"x":782,"y":478
},{
"h":198,"n":"","p":38,"q":103,"w":95,"x":639,"y":614
},{
"h":123,"n":"","p":88,"q":34,"w":152,"x":735,"y":614
},{
"h":134,"n":"","p":67,"q":41,"w":138,"x":735,"y":738
},{
"h":129,"n":"","p":8,"q":77,"w":141,"x":874,"y":738
},{
"h":125,"n":"","p":80,"q":34,"w":143,"x":735,"y":873
},{
"h":194,"n":"","p":35,"q":99,"w":90,"x":443,"y":572
},{
"h":194,"n":"","p":35,"q":99,"w":88,"x":443,"y":767
},{
"h":198,"n":"","p":43,"q":103,"w":86,"x":639,"y":813
},{
"h":123,"n":"","p":72,"q":40,"w":125,"x":888,"y":614
},{
"h":122,"n":"","p":72,"q":40,"w":125,"x":700,"y":355
},{
"h":124,"n":"","p":35,"q":31,"w":121,"x":879,"y":873
},{
"h":127,"n":"","p":40,"q":46,"w":101,"x":537,"y":870
},{
"h":121,"n":"","p":73,"q":31,"w":94,"x":826,"y":355
},{
"h":121,"n":"","p":69,"q":31,"w":92,"x":921,"y":355
},{
"h":127,"n":"","p":36,"q":34,"w":71,"x":931,"y":478
},{
"h":77,"n":"","p":54,"q":102,"w":110,"x":197,"y":943
},{
"h":82,"n":"","p":17,"q":101,"w":101,"x":322,"y":935
},{
"h":109,"n":"","p":6,"q":107,"w":48,"x":147,"y":398
},{
"h":93,"n":"","p":12,"q":102,"w":52,"x":971,"y":1
},{
"h":109,"n":"","p":0,"q":101,"w":44,"x":151,"y":198
},{
"h":118,"n":"","p":10,"q":77,"w":19,"x":152,"y":597
},{
"h":38,"n":"","p":19,"q":9,"w":29,"x":151,"y":308
},{
"h":30,"n":"","p":15,"q":15,"w":30,"x":151,"y":347
},{
"h":91,"n":"","p":3,"q":46,"w":8,"x":172,"y":597
},{
"h":26,"n":"","p":9,"q":13,"w":17,"x":147,"y":508
}
],[
{
"h":188,"n":"","p":35,"q":93,"w":98,"x":1,"y":1
},{
"h":191,"n":"","p":48,"q":95,"w":96,"x":1,"y":190
},{
"h":186,"n":"","p":35,"q":91,"w":96,"x":1,"y":382
},{
"h":200,"n":"","p":42,"q":105,"w":85,"x":1,"y":569
},{
"h":193,"n":"","p":35,"q":98,"w":88,"x":1,"y":770
},{
"h":197,"n":"","p":43,"q":102,"w":86,"x":100,"y":1
},{
"h":197,"n":"","p":43,"q":102,"w":86,"x":100,"y":199
},{
"h":197,"n":"","p":43,"q":102,"w":86,"x":100,"y":397
},{
"h":198,"n":"","p":42,"q":103,"w":85,"x":100,"y":595
},{
"h":198,"n":"","p":56,"q":103,"w":85,"x":100,"y":794
},{
"h":198,"n":"","p":68,"q":103,"w":83,"x":187,"y":1
},{
"h":198,"n":"","p":68,"q":103,"w":83,"x":271,"y":1
},{
"h":193,"n":"","p":35,"q":98,"w":85,"x":355,"y":1
},{
"h":194,"n":"","p":35,"q":99,"w":81,"x":441,"y":1
},{
"h":194,"n":"","p":30,"q":89,"w":80,"x":523,"y":1
},{
"h":183,"n":"","p":35,"q":88,"w":84,"x":604,"y":1
},{
"h":185,"n":"","p":35,"q":90,"w":82,"x":689,"y":1
},{
"h":169,"n":"","p":40,"q":74,"w":89,"x":772,"y":1
},{
"h":193,"n":"","p":30,"q":89,"w":75,"x":862,"y":1
},{
"h":192,"n":"","p":30,"q":89,"w":75,"x":938,"y":1
},{
"h":129,"n":"","p":35,"q":36,"w":99,"x":187,"y":200
},{
"h":129,"n":"","p":35,"q":36,"w":99,"x":187,"y":330
},{
"h":129,"n":"","p":35,"q":36,"w":99,"x":187,"y":460
},{
"h":180,"n":"","p":23,"q":89,"w":70,"x":187,"y":590
},{
"h":109,"n":"","p":37,"q":46,"w":101,"x":287,"y":200
},{
"h":100,"n":"","p":0,"q":0,"w":100,"x":389,"y":200
},{
"h":126,"n":"","p":36,"q":34,"w":71,"x":187,"y":771
},{
"h":95,"n":"","p":26,"q":99,"w":94,"x":187,"y":898
},{
"h":93,"n":"","p":47,"q":46,"w":94,"x":490,"y":200
},{
"h":89,"n":"","p":31,"q":107,"w":90,"x":585,"y":200
},{
"h":77,"n":"","p":59,"q":98,"w":97,"x":676,"y":200
},{
"h":105,"n":"","p":26,"q":68,"w":68,"x":774,"y":200
},{
"h":86,"n":"","p":38,"q":102,"w":82,"x":843,"y":200
},{
"h":89,"n":"","p":25,"q":101,"w":70,"x":926,"y":200
},{
"h":97,"n":"","p":10,"q":102,"w":63,"x":287,"y":310
},{
"h":77,"n":"","p":10,"q":98,"w":72,"x":351,"y":310
},{
"h":77,"n":"","p":10,"q":98,"w":61,"x":287,"y":408
},{
"h":74,"n":"","p":10,"q":107,"w":61,"x":287,"y":486
}
]
],"meta":{
"atlas":[
"ani_uma_3_image_0.png","ani_uma_3_image_1.png"
]
}
}
