{
"animations":[
{
"f":20,"l":[
{
"f":[
{
"h":1.271,"i":0,"k":95,"n":0,"t":0,"u":4.262,"v":74.295,"w":1.147,"x":-10.215,"y":-88.507
},{
"h":1.271,"i":0,"k":95,"n":7,"u":4.262,"v":74.295,"w":1.147,"x":-10.215,"y":-88.507
}
]
},{
"f":[
{
"h":1.271,"i":0,"k":96,"n":0,"t":0,"u":4.262,"v":74.295,"w":1.147,"x":-10.215,"y":-88.507
},{
"h":1.271,"i":0,"k":96,"n":7,"u":4.262,"v":74.295,"w":1.147,"x":-10.215,"y":-88.507
}
]
},{
"f":[
{
"h":0.78,"i":1,"k":33,"n":0,"t":0,"w":0.78,"x":4.491,"y":-74.842
},{
"h":0.78,"i":1,"k":33,"n":7,"w":0.78,"x":4.491,"y":-74.842
},{
"h":0.78,"i":1,"k":33,"n":14,"w":0.78,"x":4.491,"y":-69.843
},{
"h":0.749,"i":0,"k":84,"n":15,"w":0.78,"x":4.491,"y":-66.762
},{
"h":0.78,"i":1,"k":64,"n":17,"w":0.78,"x":4.491,"y":-69.843
},{
"h":0.78,"i":1,"k":41,"n":19,"w":0.78,"x":4.491,"y":-69.843
}
]
},{
"f":[
{
"h":0.78,"i":0,"k":78,"n":0,"t":0,"w":0.78,"x":4.491,"y":-74.842
},{
"h":0.78,"i":0,"k":78,"n":7,"w":0.78,"x":4.491,"y":-74.842
},{
"h":0.78,"i":0,"k":78,"n":14,"w":0.78,"x":4.491,"y":-69.843
},{
"h":0.749,"i":0,"k":19,"n":15,"w":0.78,"x":4.491,"y":-66.762
},{
"h":0.78,"i":1,"k":3,"n":17,"w":0.78,"x":4.491,"y":-69.843
},{
"h":0.78,"i":1,"k":17,"n":19,"w":0.78,"x":4.491,"y":-69.843
}
]
},{
"f":[
{
"c":1,"h":115,"i":-1,"k":-1,"n":0,"o":"mcCollision","w":26,"x":-13,"y":-115
}
]
}
],"n":"ani_enemy_atlethe04_teleport","r":30
},{
"f":20,"l":[
{
"f":[
{
"h":1.271,"i":0,"k":95,"n":0,"u":4.262,"v":74.295,"w":1.147,"x":-10.215,"y":-88.507
}
]
},{
"f":[
{
"h":1.271,"i":0,"k":96,"n":0,"u":4.262,"v":74.295,"w":1.147,"x":-10.215,"y":-88.507
}
]
},{
"f":[
{
"h":0.78,"i":1,"k":41,"n":0,"w":0.78,"x":4.491,"y":-69.843
},{
"h":0.78,"i":1,"k":40,"n":5,"w":0.78,"x":4.491,"y":-69.843
},{
"h":0.78,"i":1,"k":35,"n":10,"w":0.78,"x":4.491,"y":-69.843
},{
"h":0.78,"i":1,"k":40,"n":15,"w":0.78,"x":4.491,"y":-69.843
}
]
},{
"f":[
{
"h":0.78,"i":1,"k":17,"n":0,"w":0.78,"x":4.491,"y":-69.843
},{
"h":0.78,"i":1,"k":20,"n":5,"w":0.78,"x":4.491,"y":-69.843
},{
"h":0.78,"i":1,"k":27,"n":10,"w":0.78,"x":4.491,"y":-69.843
},{
"h":0.78,"i":1,"k":20,"n":15,"w":0.78,"x":4.491,"y":-69.843
}
]
},{
"f":[
{
"c":1,"h":115,"i":-1,"k":-1,"n":0,"o":"mcCollision","w":26,"x":-13,"y":-115
}
]
}
],"n":"ani_enemy_atlethe04_stand","r":30
},{
"f":30,"l":[
{
"f":[
{
"h":1.271,"i":0,"k":95,"n":0,"u":4.262,"v":74.295,"w":1.147,"x":-10.215,"y":-88.507
},{
"h":1.271,"i":0,"k":95,"n":3,"u":4.262,"v":74.295,"w":1.147,"x":-13.907,"y":-88.507
},{
"h":1.271,"i":0,"k":95,"n":5,"u":4.262,"v":74.295,"w":1.147,"x":-19.24,"y":-88.507
},{
"h":1.271,"i":0,"k":95,"n":8,"u":4.262,"v":74.295,"w":1.147,"x":-23.752,"y":-88.507
},{
"h":1.271,"i":0,"k":95,"n":11,"u":4.262,"v":74.295,"w":1.147,"x":-25.803,"y":-88.507
},{
"h":1.271,"i":0,"k":95,"n":17,"p":26,"u":4.262,"v":74.295,"w":1.147,"x":-25.803,"y":-88.507
},{
"h":1.271,"i":0,"k":95,"n":26,"t":0,"u":4.262,"v":74.295,"w":1.147,"x":-25.803,"y":-88.507
}
]
},{
"f":[
{
"h":1.271,"i":0,"k":96,"n":0,"u":4.262,"v":74.295,"w":1.147,"x":-10.215,"y":-88.507
},{
"h":1.271,"i":0,"k":96,"n":3,"u":4.262,"v":74.295,"w":1.147,"x":-13.907,"y":-88.507
},{
"h":1.271,"i":0,"k":96,"n":5,"u":4.262,"v":74.295,"w":1.147,"x":-19.24,"y":-88.507
},{
"h":1.271,"i":0,"k":96,"n":8,"u":4.262,"v":74.295,"w":1.147,"x":-23.752,"y":-88.507
},{
"h":1.271,"i":0,"k":96,"n":11,"u":4.262,"v":74.295,"w":1.147,"x":-25.803,"y":-88.507
},{
"h":1.271,"i":0,"k":96,"n":17,"p":26,"u":4.262,"v":74.295,"w":1.147,"x":-25.803,"y":-88.507
},{
"h":1.271,"i":0,"k":96,"n":26,"t":0,"u":4.262,"v":74.295,"w":1.147,"x":-25.803,"y":-88.507
}
]
},{
"f":[
{
"h":0.78,"i":1,"k":42,"n":0,"w":0.78,"x":4.491,"y":-69.843
},{
"h":0.78,"i":0,"k":17,"n":2,"w":0.78,"x":2.491,"y":-69.843
},{
"h":0.78,"i":0,"k":9,"n":4,"w":0.78,"x":0.49,"y":-69.843
},{
"h":0.78,"i":0,"k":42,"n":7,"w":0.78,"x":0.49,"y":-69.843
},{
"h":0.78,"i":1,"k":52,"n":10,"w":0.78,"x":-2.508,"y":-69.843
},{
"h":0.78,"i":1,"k":46,"n":13,"w":0.78,"x":-3.508,"y":-69.843
},{
"h":0.78,"i":1,"k":46,"n":15,"w":0.78,"x":-3.508,"y":-68.842
},{
"h":0.785,"i":1,"k":46,"n":17,"u":-26,"v":101,"w":0.78,"x":-3.509,"y":-70.424
},{
"h":0.78,"i":1,"k":46,"n":19,"w":0.78,"x":-3.508,"y":-69.843
},{
"h":0.78,"i":1,"k":46,"n":21,"p":28,"w":0.78,"x":-3.508,"y":-69.843
},{
"h":0.78,"i":1,"k":46,"n":28,"w":0.78,"x":-3.508,"y":-69.843
}
]
},{
"f":[
{
"h":0.78,"i":1,"k":7,"n":0,"w":0.78,"x":4.491,"y":-69.843
},{
"h":0.78,"i":0,"k":86,"n":2,"w":0.78,"x":2.491,"y":-69.843
},{
"h":0.78,"i":1,"k":98,"n":4,"w":0.78,"x":0.49,"y":-69.843
},{
"h":0.78,"i":1,"k":74,"n":7,"w":0.78,"x":0.49,"y":-69.843
},{
"h":0.78,"i":1,"k":81,"n":10,"w":0.78,"x":-2.508,"y":-69.843
},{
"h":0.78,"i":1,"k":85,"n":13,"w":0.78,"x":-3.508,"y":-69.843
},{
"h":0.78,"i":1,"k":85,"n":15,"w":0.78,"x":-3.508,"y":-68.842
},{
"h":0.785,"i":1,"k":85,"n":17,"u":-26,"v":101,"w":0.78,"x":-3.509,"y":-70.424
},{
"h":0.78,"i":1,"k":85,"n":19,"w":0.78,"x":-3.508,"y":-69.843
},{
"h":0.78,"i":1,"k":85,"n":21,"p":28,"w":0.78,"x":-3.508,"y":-69.843
},{
"h":0.78,"i":1,"k":85,"n":28,"w":0.78,"x":-3.508,"y":-69.843
}
]
}
],"n":"ani_enemy_atlethe04_defeat","r":30
},{
"f":23,"l":[
{
"f":[
{
"h":1.271,"i":0,"k":95,"n":0,"u":4.262,"v":74.295,"w":1.147,"x":-10.215,"y":-88.507
}
]
},{
"f":[
{
"h":1.271,"i":0,"k":96,"n":0,"u":4.262,"v":74.295,"w":1.147,"x":-10.215,"y":-88.507
}
]
},{
"f":[
{
"h":0.78,"i":1,"k":65,"n":0,"w":0.78,"x":4.491,"y":-69.843
},{
"h":0.78,"i":0,"k":16,"n":2,"w":0.78,"x":4.491,"y":-69.843
},{
"h":0.78,"i":0,"k":36,"n":3,"w":0.78,"x":4.491,"y":-69.843
},{
"h":0.78,"i":0,"k":18,"n":5,"w":0.78,"x":4.491,"y":-69.843
},{
"h":0.78,"i":0,"k":48,"n":7,"w":0.78,"x":4.491,"y":-69.843
},{
"h":0.78,"i":1,"k":30,"n":8,"w":0.78,"x":4.491,"y":-69.843
},{
"h":0.78,"i":1,"k":1,"n":10,"w":0.78,"x":4.491,"y":-69.843
},{
"h":0.78,"i":1,"k":41,"n":14,"w":0.78,"x":4.491,"y":-69.843
}
]
},{
"f":[
{
"h":0.78,"i":0,"k":69,"n":0,"w":0.78,"x":4.491,"y":-69.843
},{
"h":0.78,"i":1,"k":89,"n":2,"w":0.78,"x":4.491,"y":-69.843
},{
"h":0.78,"i":1,"k":56,"n":3,"w":0.78,"x":4.491,"y":-69.843
},{
"h":0.78,"i":1,"k":36,"n":5,"w":0.78,"x":4.491,"y":-69.843
},{
"h":0.78,"i":1,"k":55,"n":7,"w":0.78,"x":4.491,"y":-69.843
},{
"h":0.78,"i":0,"k":28,"n":8,"w":0.78,"x":4.491,"y":-69.843
},{
"h":0.78,"i":0,"k":44,"n":10,"w":0.78,"x":4.491,"y":-69.843
},{
"h":0.78,"i":1,"k":17,"n":14,"w":0.78,"x":4.491,"y":-69.843
}
]
},{
"f":[
{
"h":2,"i":1,"k":71,"n":0,"t":0,"w":2,"x":-4.634,"y":-75.845
},{
"h":2,"i":1,"k":71,"n":10,"w":2,"x":-4.634,"y":-75.845
},{
"h":2,"i":0,"k":83,"n":11,"w":2,"x":-4.634,"y":-75.845
},{
"h":2,"i":0,"k":94,"n":12,"w":2,"x":-4.634,"y":-75.845
},{
"h":2,"i":1,"k":96,"n":13,"w":2,"x":-4.634,"y":-75.845
},{
"h":2,"i":1,"k":96,"n":14,"t":0,"w":2,"x":-4.634,"y":-75.845
}
]
},{
"f":[
{
"h":2,"i":0,"k":101,"n":0,"t":0,"w":2,"x":-4.634,"y":-75.845
},{
"h":2,"i":0,"k":101,"n":10,"w":2,"x":-4.634,"y":-75.845
},{
"h":2,"i":1,"k":97,"n":11,"w":2,"x":-4.634,"y":-75.845
},{
"h":2,"i":1,"k":94,"n":12,"w":2,"x":-4.634,"y":-75.845
},{
"h":2,"i":0,"k":102,"n":13,"w":2,"x":-4.634,"y":-75.845
},{
"h":2,"i":0,"k":102,"n":14,"t":0,"w":2,"x":-4.634,"y":-75.845
}
]
},{
"f":[
{
"h":0.78,"i":0,"k":99,"n":0,"t":0,"w":0.78,"x":4.491,"y":-69.843
},{
"h":0.847,"i":0,"k":99,"n":2,"u":-4.115,"v":7.726,"w":0.847,"x":29.419,"y":-106.735
},{
"h":0.9,"i":0,"k":99,"n":3,"w":0.9,"x":27.462,"y":-139.166
},{
"h":0.9,"i":0,"k":99,"n":5,"w":0.9,"x":27.462,"y":-155.984
},{
"h":0.9,"i":0,"k":99,"n":7,"w":0.9,"x":27.462,"y":-145.319
},{
"h":0.9,"i":0,"k":99,"n":8,"w":0.9,"x":85.299,"y":-124.809
},{
"h":0.67,"i":0,"k":99,"n":10,"t":0,"w":1.259,"x":87.76,"y":-115.784
}
]
},{
"f":[
{
"h":0.78,"i":0,"k":103,"n":0,"t":0,"w":0.78,"x":4.491,"y":-69.843
},{
"h":0.847,"i":0,"k":103,"n":2,"u":-4.115,"v":7.726,"w":0.847,"x":29.419,"y":-106.735
},{
"h":0.9,"i":0,"k":103,"n":3,"w":0.9,"x":27.462,"y":-139.166
},{
"h":0.9,"i":0,"k":103,"n":5,"w":0.9,"x":27.462,"y":-155.984
},{
"h":0.9,"i":0,"k":103,"n":7,"w":0.9,"x":27.462,"y":-145.319
},{
"h":0.9,"i":0,"k":103,"n":8,"w":0.9,"x":85.299,"y":-124.809
},{
"h":0.67,"i":0,"k":103,"n":10,"t":0,"w":1.259,"x":87.76,"y":-115.784
}
]
},{
"f":[
{
"c":1,"h":115,"i":-1,"k":-1,"n":0,"o":"mcCollision","w":26,"x":-13,"y":-115
}
]
}
],"n":"ani_enemy_atlethe04_attack","r":30
},{
"f":8,"l":[
{
"f":[
{
"h":1.271,"i":0,"k":95,"n":0,"u":4.262,"v":74.295,"w":1.147,"x":-10.215,"y":-88.507
}
]
},{
"f":[
{
"h":1.271,"i":0,"k":96,"n":0,"u":4.262,"v":74.295,"w":1.147,"x":-10.215,"y":-88.507
}
]
},{
"f":[
{
"h":0.78,"i":1,"k":58,"n":0,"w":0.78,"x":4.491,"y":-79.842
},{
"h":0.78,"i":1,"k":58,"n":2,"w":0.78,"x":4.491,"y":-69.843
},{
"g":1.9,"h":0.74,"i":0,"k":85,"n":3,"u":-53.193,"v":94.954,"w":0.78,"x":6.801,"y":-64.393
},{
"h":0.78,"i":1,"k":49,"n":5,"w":0.78,"x":4.491,"y":-69.843
},{
"h":0.78,"i":1,"k":51,"n":7,"w":0.78,"x":4.491,"y":-69.843
}
]
},{
"f":[
{
"h":0.78,"i":1,"k":62,"n":0,"w":0.78,"x":4.491,"y":-79.842
},{
"h":0.78,"i":1,"k":62,"n":2,"w":0.78,"x":4.491,"y":-69.843
},{
"g":1.9,"h":0.74,"i":0,"k":20,"n":3,"u":-53.193,"v":94.954,"w":0.78,"x":6.801,"y":-64.393
},{
"h":0.78,"i":1,"k":21,"n":5,"w":0.78,"x":4.491,"y":-69.843
},{
"h":0.78,"i":1,"k":4,"n":7,"w":0.78,"x":4.491,"y":-69.843
}
]
}
],"n":"ani_enemy_atlethe03_teleport","r":30
},{
"f":20,"l":[
{
"f":[
{
"h":1.271,"i":0,"k":95,"n":0,"u":4.262,"v":74.295,"w":1.147,"x":-10.215,"y":-88.507
}
]
},{
"f":[
{
"h":1.271,"i":0,"k":96,"n":0,"u":4.262,"v":74.295,"w":1.147,"x":-10.215,"y":-88.507
}
]
},{
"f":[
{
"h":0.78,"i":1,"k":51,"n":0,"w":0.78,"x":4.491,"y":-69.843
},{
"h":0.78,"i":1,"k":50,"n":5,"w":0.78,"x":4.491,"y":-69.843
},{
"h":0.78,"i":1,"k":43,"n":10,"w":0.78,"x":4.491,"y":-69.843
},{
"h":0.78,"i":1,"k":50,"n":15,"w":0.78,"x":4.491,"y":-69.843
}
]
},{
"f":[
{
"h":0.78,"i":1,"k":4,"n":0,"w":0.78,"x":4.491,"y":-69.843
},{
"h":0.78,"i":1,"k":6,"n":5,"w":0.78,"x":4.491,"y":-69.843
},{
"h":0.78,"i":1,"k":22,"n":10,"w":0.78,"x":4.491,"y":-69.843
},{
"h":0.78,"i":1,"k":6,"n":15,"w":0.78,"x":4.491,"y":-69.843
}
]
},{
"f":[
{
"c":1,"h":115,"i":-1,"k":-1,"n":0,"o":"mcCollision","w":26,"x":-13,"y":-115
}
]
}
],"n":"ani_enemy_atlethe03_stand","r":30
},{
"f":28,"l":[
{
"f":[
{
"h":1.271,"i":0,"k":95,"n":0,"u":4.262,"v":74.295,"w":1.147,"x":-10.215,"y":-88.507
},{
"h":1.271,"i":0,"k":95,"n":3,"u":4.262,"v":74.295,"w":1.147,"x":-13.907,"y":-88.507
},{
"h":1.271,"i":0,"k":95,"n":5,"u":4.262,"v":74.295,"w":1.147,"x":-19.24,"y":-88.507
},{
"h":1.271,"i":0,"k":95,"n":8,"u":4.262,"v":74.295,"w":1.147,"x":-23.752,"y":-88.507
},{
"h":1.271,"i":0,"k":95,"n":11,"u":4.262,"v":74.295,"w":1.147,"x":-25.803,"y":-88.507
},{
"h":1.271,"i":0,"k":95,"n":17,"p":26,"u":4.262,"v":74.295,"w":1.147,"x":-25.803,"y":-88.507
},{
"h":1.271,"i":0,"k":95,"n":26,"t":0,"u":4.262,"v":74.295,"w":1.147,"x":-25.803,"y":-88.507
}
]
},{
"f":[
{
"h":1.271,"i":0,"k":96,"n":0,"u":4.262,"v":74.295,"w":1.147,"x":-10.215,"y":-88.507
},{
"h":1.271,"i":0,"k":96,"n":3,"u":4.262,"v":74.295,"w":1.147,"x":-13.907,"y":-88.507
},{
"h":1.271,"i":0,"k":96,"n":5,"u":4.262,"v":74.295,"w":1.147,"x":-19.24,"y":-88.507
},{
"h":1.271,"i":0,"k":96,"n":8,"u":4.262,"v":74.295,"w":1.147,"x":-23.752,"y":-88.507
},{
"h":1.271,"i":0,"k":96,"n":11,"u":4.262,"v":74.295,"w":1.147,"x":-25.803,"y":-88.507
},{
"h":1.271,"i":0,"k":96,"n":17,"p":26,"u":4.262,"v":74.295,"w":1.147,"x":-25.803,"y":-88.507
},{
"h":1.271,"i":0,"k":96,"n":26,"t":0,"u":4.262,"v":74.295,"w":1.147,"x":-25.803,"y":-88.507
}
]
},{
"f":[
{
"h":0.78,"i":1,"k":44,"n":0,"w":0.78,"x":4.491,"y":-69.843
},{
"h":0.78,"i":0,"k":11,"n":3,"w":0.78,"x":2.491,"y":-69.843
},{
"h":0.78,"i":0,"k":10,"n":5,"w":0.78,"x":0.49,"y":-69.843
},{
"h":0.78,"i":0,"k":38,"n":8,"w":0.78,"x":-2.508,"y":-69.843
},{
"h":0.78,"i":1,"k":53,"n":11,"w":0.78,"x":-3.508,"y":-69.843
},{
"h":0.78,"i":1,"k":47,"n":14,"w":0.78,"x":-2.508,"y":-69.843
},{
"h":0.78,"i":1,"k":47,"n":17,"p":26,"w":0.78,"x":-2.508,"y":-69.843
},{
"h":0.78,"i":1,"k":47,"n":26,"t":0,"w":0.78,"x":-2.508,"y":-69.843
}
]
},{
"f":[
{
"h":0.78,"i":0,"k":75,"n":0,"w":0.78,"x":4.491,"y":-69.843
},{
"h":0.78,"i":0,"k":93,"n":3,"w":0.78,"x":2.491,"y":-69.843
},{
"h":0.78,"i":1,"k":99,"n":5,"w":0.78,"x":0.49,"y":-69.843
},{
"h":0.78,"i":1,"k":75,"n":8,"w":0.78,"x":-2.508,"y":-69.843
},{
"h":0.78,"i":0,"k":81,"n":11,"w":0.78,"x":-3.508,"y":-69.843
},{
"h":0.78,"i":1,"k":84,"n":14,"w":0.78,"x":-2.508,"y":-69.843
},{
"h":0.78,"i":1,"k":84,"n":17,"p":26,"w":0.78,"x":-2.508,"y":-69.843
},{
"h":0.78,"i":1,"k":84,"n":26,"t":0,"w":0.78,"x":-2.508,"y":-69.843
}
]
}
],"n":"ani_enemy_atlethe03_defeat","r":30
},{
"f":15,"l":[
{
"f":[
{
"h":1.271,"i":0,"k":95,"n":0,"u":4.262,"v":74.295,"w":1.147,"x":-10.215,"y":-88.507
}
]
},{
"f":[
{
"h":1.271,"i":0,"k":96,"n":0,"u":4.262,"v":74.295,"w":1.147,"x":-10.215,"y":-88.507
}
]
},{
"f":[
{
"h":0.78,"i":1,"k":66,"n":0,"w":0.78,"x":4.491,"y":-69.843
},{
"h":0.78,"i":0,"k":13,"n":2,"w":0.78,"x":4.491,"y":-69.843
},{
"h":0.78,"i":0,"k":37,"n":3,"w":0.78,"x":4.491,"y":-69.843
},{
"h":0.78,"i":0,"k":12,"n":5,"w":0.78,"x":4.491,"y":-69.843
},{
"h":0.78,"i":0,"k":49,"n":7,"w":0.78,"x":4.491,"y":-69.843
},{
"h":0.78,"i":1,"k":29,"n":8,"w":0.78,"x":4.491,"y":-69.843
},{
"h":0.78,"i":0,"k":72,"n":10,"w":0.78,"x":4.491,"y":-69.843
},{
"h":0.78,"i":1,"k":51,"n":14,"w":0.78,"x":4.491,"y":-69.843
}
]
},{
"f":[
{
"h":0.78,"i":0,"k":62,"n":0,"w":0.78,"x":4.491,"y":-69.843
},{
"h":0.78,"i":1,"k":91,"n":2,"w":0.78,"x":4.491,"y":-69.843
},{
"h":0.78,"i":1,"k":59,"n":3,"w":0.78,"x":4.491,"y":-69.843
},{
"h":0.78,"i":1,"k":63,"n":5,"w":0.78,"x":4.491,"y":-69.843
},{
"h":0.78,"i":1,"k":37,"n":7,"w":0.78,"x":4.491,"y":-69.843
},{
"h":0.78,"i":0,"k":41,"n":8,"w":0.78,"x":4.491,"y":-69.843
},{
"h":0.78,"i":0,"k":50,"n":10,"w":0.78,"x":4.491,"y":-69.843
},{
"h":0.78,"i":1,"k":4,"n":14,"w":0.78,"x":4.491,"y":-69.843
}
]
},{
"f":[
{
"h":2,"i":1,"k":71,"n":0,"t":0,"w":2,"x":-4.634,"y":-75.845
},{
"h":2,"i":1,"k":71,"n":10,"w":2,"x":-4.634,"y":-75.845
},{
"h":2,"i":0,"k":83,"n":11,"w":2,"x":-4.634,"y":-75.845
},{
"h":2,"i":0,"k":94,"n":12,"w":2,"x":-4.634,"y":-75.845
},{
"h":2,"i":1,"k":96,"n":13,"w":2,"x":-4.634,"y":-75.845
},{
"h":2,"i":1,"k":96,"n":14,"t":0,"w":2,"x":-4.634,"y":-75.845
}
]
},{
"f":[
{
"h":2,"i":0,"k":101,"n":0,"t":0,"w":2,"x":-4.634,"y":-75.845
},{
"h":2,"i":0,"k":101,"n":10,"w":2,"x":-4.634,"y":-75.845
},{
"h":2,"i":1,"k":97,"n":11,"w":2,"x":-4.634,"y":-75.845
},{
"h":2,"i":1,"k":94,"n":12,"w":2,"x":-4.634,"y":-75.845
},{
"h":2,"i":0,"k":102,"n":13,"w":2,"x":-4.634,"y":-75.845
},{
"h":2,"i":0,"k":102,"n":14,"t":0,"w":2,"x":-4.634,"y":-75.845
}
]
},{
"f":[
{
"h":0.78,"i":0,"k":99,"n":0,"t":0,"w":0.78,"x":4.491,"y":-69.843
},{
"h":0.847,"i":0,"k":99,"n":2,"u":-4.115,"v":7.726,"w":0.847,"x":29.419,"y":-106.735
},{
"h":0.9,"i":0,"k":99,"n":3,"w":0.9,"x":27.462,"y":-139.166
},{
"h":0.9,"i":0,"k":99,"n":5,"w":0.9,"x":27.462,"y":-155.984
},{
"h":0.9,"i":0,"k":99,"n":7,"w":0.9,"x":27.462,"y":-145.319
},{
"h":0.9,"i":0,"k":99,"n":8,"w":0.9,"x":85.299,"y":-124.809
},{
"h":0.67,"i":0,"k":99,"n":10,"t":0,"w":1.259,"x":87.76,"y":-115.784
}
]
},{
"f":[
{
"h":0.78,"i":0,"k":103,"n":0,"t":0,"w":0.78,"x":4.491,"y":-69.843
},{
"h":0.847,"i":0,"k":103,"n":2,"u":-4.115,"v":7.726,"w":0.847,"x":29.419,"y":-106.735
},{
"h":0.9,"i":0,"k":103,"n":3,"w":0.9,"x":27.462,"y":-139.166
},{
"h":0.9,"i":0,"k":103,"n":5,"w":0.9,"x":27.462,"y":-155.984
},{
"h":0.9,"i":0,"k":103,"n":7,"w":0.9,"x":27.462,"y":-145.319
},{
"h":0.9,"i":0,"k":103,"n":8,"w":0.9,"x":85.299,"y":-124.809
},{
"h":0.67,"i":0,"k":103,"n":10,"t":0,"w":1.259,"x":87.76,"y":-115.784
}
]
},{
"f":[
{
"c":1,"h":115,"i":-1,"k":-1,"n":0,"o":"mcCollision","w":26,"x":-13,"y":-116
}
]
}
],"n":"ani_enemy_atlethe03_attack","r":30
},{
"f":24,"l":[
{
"f":[
{
"h":1.271,"i":0,"k":95,"n":0,"u":4.262,"v":74.295,"x":-2.707,"y":-88.507
}
]
},{
"f":[
{
"h":1.271,"i":0,"k":96,"n":0,"u":4.262,"v":74.295,"x":-2.707,"y":-88.507
}
]
},{
"f":[
{
"h":0.78,"i":0,"k":14,"n":0,"w":0.78,"x":4.491,"y":-69.843
},{
"h":0.78,"i":1,"k":18,"n":3,"w":0.78,"x":4.491,"y":-69.843
},{
"h":0.78,"i":1,"k":38,"n":6,"u":-0.138,"v":93.329,"w":0.78,"x":4.491,"y":-69.884
},{
"h":0.78,"i":1,"k":31,"n":9,"w":0.78,"x":4.491,"y":-69.843
},{
"h":0.78,"i":0,"k":82,"n":12,"w":0.78,"x":4.491,"y":-69.843
},{
"h":0.78,"i":0,"k":39,"n":15,"w":0.78,"x":4.491,"y":-69.843
},{
"h":0.777,"i":1,"k":82,"n":18,"u":-1.716,"v":74.923,"w":0.78,"x":4.491,"y":-69.638
},{
"h":0.787,"i":0,"k":63,"n":21,"u":0.602,"v":86.407,"w":0.78,"x":4.491,"y":-70.486
}
]
},{
"f":[
{
"h":0.78,"i":1,"k":93,"n":0,"w":0.78,"x":4.491,"y":-69.843
},{
"h":0.78,"i":1,"k":67,"n":3,"w":0.78,"x":4.491,"y":-69.843
},{
"h":0.78,"i":1,"k":54,"n":6,"u":-0.138,"v":93.329,"w":0.78,"x":4.491,"y":-69.884
},{
"h":0.78,"i":1,"k":48,"n":9,"w":0.78,"x":4.491,"y":-69.843
},{
"h":0.78,"i":0,"k":5,"n":12,"w":0.78,"x":4.491,"y":-69.843
},{
"h":0.78,"i":0,"k":80,"n":15,"w":0.78,"x":4.491,"y":-69.843
},{
"h":0.777,"i":0,"k":59,"n":18,"u":-1.716,"v":74.923,"w":0.78,"x":4.491,"y":-69.638
},{
"h":0.787,"i":0,"k":79,"n":21,"u":0.602,"v":86.407,"w":0.78,"x":4.491,"y":-70.486
}
]
},{
"f":[
{
"c":1,"h":115,"i":-1,"k":-1,"n":0,"o":"mcCollision","w":26,"x":-13,"y":-125
}
]
}
],"n":"ani_enemy_atlethe02_walk","r":30
},{
"f":20,"l":[
{
"f":[
{
"h":1.271,"i":0,"k":95,"n":0,"t":0,"u":4.262,"v":74.295,"x":-2.707,"y":-88.507
},{
"h":1.271,"i":0,"k":95,"n":7,"u":4.262,"v":74.295,"x":-2.707,"y":-88.507
}
]
},{
"f":[
{
"h":1.271,"i":0,"k":96,"n":0,"t":0,"u":4.262,"v":74.295,"x":-2.707,"y":-88.507
},{
"h":1.271,"i":0,"k":96,"n":7,"u":4.262,"v":74.295,"x":-2.707,"y":-88.507
}
]
},{
"f":[
{
"h":0.78,"i":1,"k":95,"n":0,"t":0,"w":0.78,"x":6.491,"y":-72.842
},{
"h":0.78,"i":1,"k":95,"n":7,"w":0.78,"x":6.491,"y":-72.842
},{
"h":0.78,"i":1,"k":95,"n":14,"w":0.78,"x":6.491,"y":-68.842
},{
"h":0.748,"i":0,"k":74,"n":15,"w":0.78,"x":4.491,"y":-66.63
},{
"h":0.78,"i":0,"k":76,"n":17,"w":0.78,"x":4.491,"y":-69.843
},{
"h":0.78,"i":0,"k":6,"n":19,"w":0.78,"x":4.491,"y":-69.843
}
]
},{
"f":[
{
"h":0.78,"i":0,"k":2,"n":0,"t":0,"w":0.78,"x":6.491,"y":-72.842
},{
"h":0.78,"i":0,"k":2,"n":7,"w":0.78,"x":6.491,"y":-72.842
},{
"h":0.78,"i":0,"k":2,"n":14,"w":0.78,"x":6.491,"y":-68.842
},{
"h":0.748,"i":0,"k":21,"n":15,"w":0.78,"x":4.491,"y":-66.63
},{
"h":0.78,"i":0,"k":33,"n":17,"w":0.78,"x":4.491,"y":-69.843
},{
"h":0.78,"i":1,"k":78,"n":19,"w":0.78,"x":4.491,"y":-69.843
}
]
},{
"f":[
{
"c":1,"h":115,"i":-1,"k":-1,"n":0,"o":"mcCollision","w":26,"x":-13,"y":-125
}
]
}
],"n":"ani_enemy_atlethe02_teleport","r":30
},{
"f":61,"l":[
{
"f":[
{
"h":1.271,"i":0,"k":95,"n":0,"u":4.262,"v":74.295,"x":-2.707,"y":-88.507
}
]
},{
"f":[
{
"h":1.271,"i":0,"k":96,"n":0,"u":4.262,"v":74.295,"x":-2.707,"y":-88.507
}
]
},{
"f":[
{
"h":0.78,"i":0,"k":6,"n":0,"w":0.78,"x":4.491,"y":-69.843
},{
"h":0.78,"i":0,"k":3,"n":4,"w":0.78,"x":4.491,"y":-69.843
},{
"h":0.78,"i":1,"k":24,"n":8,"w":0.78,"x":4.491,"y":-69.843
},{
"h":0.78,"i":1,"k":14,"n":12,"w":0.78,"x":4.491,"y":-69.843
},{
"h":0.78,"i":1,"k":10,"n":16,"w":0.78,"x":4.491,"y":-69.843
},{
"h":0.78,"i":1,"k":14,"n":20,"w":0.78,"x":4.491,"y":-69.843
},{
"h":0.78,"i":1,"k":24,"n":24,"w":0.78,"x":4.491,"y":-69.843
},{
"h":0.78,"i":0,"k":3,"n":28,"w":0.78,"x":4.491,"y":-69.843
},{
"h":0.78,"i":0,"k":6,"n":32,"w":0.78,"x":4.491,"y":-69.843
},{
"h":0.78,"i":0,"k":3,"n":37,"w":0.78,"x":4.491,"y":-69.843
},{
"h":0.78,"i":1,"k":24,"n":41,"w":0.78,"x":4.491,"y":-69.843
},{
"h":0.78,"i":1,"k":14,"n":45,"w":0.78,"x":4.491,"y":-69.843
},{
"h":0.78,"i":1,"k":14,"n":49,"w":0.78,"x":4.491,"y":-69.843
},{
"h":0.78,"i":1,"k":24,"n":53,"w":0.78,"x":4.491,"y":-69.843
},{
"h":0.78,"i":0,"k":3,"n":57,"w":0.78,"x":4.491,"y":-69.843
}
]
},{
"f":[
{
"h":0.78,"i":1,"k":78,"n":0,"w":0.78,"x":4.491,"y":-69.843
},{
"h":0.78,"i":1,"k":87,"n":4,"w":0.78,"x":4.491,"y":-69.843
},{
"h":0.78,"i":0,"k":23,"n":8,"w":0.78,"x":4.491,"y":-69.843
},{
"h":0.78,"i":0,"k":31,"n":12,"w":0.78,"x":4.491,"y":-69.843
},{
"h":0.78,"i":0,"k":34,"n":16,"w":0.78,"x":4.491,"y":-69.843
},{
"h":0.78,"i":0,"k":31,"n":20,"w":0.78,"x":4.491,"y":-69.843
},{
"h":0.78,"i":0,"k":23,"n":24,"w":0.78,"x":4.491,"y":-69.843
},{
"h":0.78,"i":1,"k":87,"n":28,"w":0.78,"x":4.491,"y":-69.843
},{
"h":0.78,"i":1,"k":78,"n":32,"w":0.78,"x":4.491,"y":-69.843
},{
"h":0.78,"i":1,"k":87,"n":37,"w":0.78,"x":4.491,"y":-69.843
},{
"h":0.78,"i":0,"k":23,"n":41,"w":0.78,"x":4.491,"y":-69.843
},{
"h":0.78,"i":0,"k":31,"n":45,"w":0.78,"x":4.491,"y":-69.843
},{
"h":0.78,"i":0,"k":31,"n":49,"w":0.78,"x":4.491,"y":-69.843
},{
"h":0.78,"i":0,"k":23,"n":53,"w":0.78,"x":4.491,"y":-69.843
},{
"h":0.78,"i":1,"k":87,"n":57,"w":0.78,"x":4.491,"y":-69.843
}
]
},{
"f":[
{
"c":1,"h":115,"i":-1,"k":-1,"n":0,"o":"mcCollision","w":26,"x":-13,"y":-125
}
]
}
],"n":"ani_enemy_atlethe02_stand","r":30
},{
"f":34,"l":[
{
"f":[
{
"h":1.271,"i":0,"k":95,"n":0,"u":4.262,"v":74.295,"x":-2.707,"y":-88.507
},{
"h":1.271,"i":0,"k":95,"n":2,"u":4.262,"v":74.295,"x":-11.707,"y":-87.507
},{
"h":1.271,"i":0,"k":95,"n":4,"u":4.262,"v":74.295,"x":-14.707,"y":-87.507
},{
"h":1.271,"i":0,"k":95,"n":6,"u":4.262,"v":74.295,"x":-16.707,"y":-87.507
},{
"h":1.271,"i":0,"k":95,"n":9,"u":4.262,"v":74.295,"x":-22.706,"y":-87.507
},{
"h":1.271,"i":0,"k":95,"n":24,"p":33,"u":4.262,"v":74.295,"x":-22.706,"y":-87.507
},{
"h":1.271,"i":0,"k":95,"n":33,"t":0,"u":4.262,"v":74.295,"x":-22.706,"y":-87.507
}
]
},{
"f":[
{
"h":1.271,"i":0,"k":96,"n":0,"u":4.262,"v":74.295,"x":-2.707,"y":-88.507
},{
"h":1.271,"i":0,"k":96,"n":2,"u":4.262,"v":74.295,"x":-11.707,"y":-87.507
},{
"h":1.271,"i":0,"k":96,"n":4,"u":4.262,"v":74.295,"x":-14.707,"y":-87.507
},{
"h":1.271,"i":0,"k":96,"n":6,"u":4.262,"v":74.295,"x":-16.707,"y":-87.507
},{
"h":1.271,"i":0,"k":96,"n":9,"u":4.262,"v":74.295,"x":-22.706,"y":-87.507
},{
"h":1.271,"i":0,"k":96,"n":24,"p":33,"u":4.262,"v":74.295,"x":-22.706,"y":-87.507
},{
"h":1.271,"i":0,"k":96,"n":33,"t":0,"u":4.262,"v":74.295,"x":-22.706,"y":-87.507
}
]
},{
"f":[
{
"h":0.78,"i":0,"k":66,"n":0,"w":0.78,"x":4.491,"y":-69.843
},{
"h":0.78,"i":0,"k":43,"n":2,"w":0.78,"x":0.49,"y":-69.843
},{
"h":0.78,"i":0,"k":45,"n":4,"w":0.78,"x":-1.508,"y":-69.843
},{
"h":0.78,"i":0,"k":0,"n":6,"w":0.78,"x":-4.509,"y":-69.843
},{
"h":0.78,"i":0,"k":53,"n":9,"w":0.78,"x":-6.508,"y":-69.843
},{
"h":0.78,"i":0,"k":73,"n":12,"w":0.78,"x":-6.508,"y":-69.843
},{
"h":0.78,"i":0,"k":90,"n":14,"w":0.78,"x":-6.508,"y":-69.843
},{
"h":0.78,"i":0,"k":89,"n":16,"w":0.78,"x":-6.508,"y":-69.843
},{
"h":0.78,"i":0,"k":89,"n":18,"w":0.78,"x":-6.508,"y":-68.842
},{
"h":0.786,"i":0,"k":89,"n":20,"u":-27,"v":104,"w":0.78,"x":-6.508,"y":-70.475
},{
"h":0.78,"i":0,"k":89,"n":22,"w":0.78,"x":-6.508,"y":-69.843
},{
"h":0.78,"i":0,"k":89,"n":24,"p":33,"w":0.78,"x":-6.508,"y":-69.843
},{
"h":0.78,"i":0,"k":89,"n":33,"t":0,"w":0.78,"x":-6.508,"y":-69.843
}
]
},{
"f":[
{
"h":0.78,"i":0,"k":52,"n":0,"w":0.78,"x":4.491,"y":-69.843
},{
"h":0.78,"i":0,"k":70,"n":2,"w":0.78,"x":0.49,"y":-69.843
},{
"h":0.78,"i":0,"k":56,"n":4,"w":0.78,"x":-1.508,"y":-69.843
},{
"h":0.78,"i":1,"k":100,"n":6,"w":0.78,"x":-4.509,"y":-69.843
},{
"h":0.78,"i":1,"k":69,"n":9,"w":0.78,"x":-6.508,"y":-69.843
},{
"h":0.78,"i":1,"k":72,"n":12,"w":0.78,"x":-6.508,"y":-69.843
},{
"h":0.78,"i":1,"k":5,"n":14,"w":0.78,"x":-6.508,"y":-69.843
},{
"h":0.78,"i":1,"k":26,"n":16,"w":0.78,"x":-6.508,"y":-69.843
},{
"h":0.78,"i":1,"k":26,"n":18,"w":0.78,"x":-6.508,"y":-68.842
},{
"h":0.786,"i":1,"k":26,"n":20,"u":-27,"v":104,"w":0.78,"x":-6.508,"y":-70.475
},{
"h":0.78,"i":1,"k":26,"n":22,"w":0.78,"x":-6.508,"y":-69.843
},{
"h":0.78,"i":1,"k":26,"n":24,"p":33,"w":0.78,"x":-6.508,"y":-69.843
},{
"h":0.78,"i":1,"k":26,"n":33,"t":0,"w":0.78,"x":-6.508,"y":-69.843
}
]
},{
"f":[
{
"h":0.78,"i":0,"k":88,"n":0,"t":0,"w":0.78,"x":4.491,"y":-69.843
},{
"g":40.79,"h":0.78,"i":0,"k":100,"n":6,"p":8,"u":-16.602,"v":-58.243,"w":0.78,"x":5.125,"y":-83.102
},{
"g":56.33,"h":0.78,"i":0,"k":100,"n":8,"p":10,"u":-16.602,"v":-58.243,"w":0.78,"x":13.143,"y":-93.854
},{
"g":70.7,"h":0.78,"i":0,"k":100,"n":10,"p":12,"u":-16.602,"v":-58.243,"w":0.78,"x":16.212,"y":-103.692
},{
"g":79.98,"h":0.78,"i":0,"k":100,"n":12,"p":14,"t":0.784,"u":-16.602,"v":-58.243,"w":0.78,"x":26.677,"y":-112.484
},{
"g":94.15,"h":0.78,"i":0,"k":100,"n":14,"p":16,"t":0.588,"u":-16.602,"v":-58.243,"w":0.78,"x":33.958,"y":-122.397
},{
"g":113.55,"h":0.78,"i":0,"k":100,"n":16,"p":18,"t":0.392,"u":-16.602,"v":-58.243,"w":0.78,"x":42.771,"y":-134.446
},{
"g":153.69,"h":0.78,"i":0,"k":100,"n":18,"p":20,"t":0.274,"u":-16.602,"v":-58.243,"w":0.78,"x":74.966,"y":-148.8
},{
"g":175.17,"h":0.78,"i":0,"k":100,"n":20,"t":0,"u":-16.602,"v":-58.243,"w":0.78,"x":113.158,"y":-137.562
}
]
},{
"f":[
{
"h":0.78,"i":0,"k":104,"n":0,"t":0,"w":0.78,"x":4.491,"y":-69.843
},{
"g":40.79,"h":0.78,"i":0,"k":98,"n":6,"p":8,"u":-16.602,"v":-58.243,"w":0.78,"x":5.125,"y":-83.102
},{
"g":56.33,"h":0.78,"i":0,"k":98,"n":8,"p":10,"u":-16.602,"v":-58.243,"w":0.78,"x":13.143,"y":-93.854
},{
"g":70.7,"h":0.78,"i":0,"k":98,"n":10,"p":12,"u":-16.602,"v":-58.243,"w":0.78,"x":16.212,"y":-103.692
},{
"g":79.98,"h":0.78,"i":0,"k":98,"n":12,"p":14,"t":0.784,"u":-16.602,"v":-58.243,"w":0.78,"x":26.677,"y":-112.484
},{
"g":94.15,"h":0.78,"i":0,"k":98,"n":14,"p":16,"t":0.588,"u":-16.602,"v":-58.243,"w":0.78,"x":33.958,"y":-122.397
},{
"g":113.55,"h":0.78,"i":0,"k":98,"n":16,"p":18,"t":0.392,"u":-16.602,"v":-58.243,"w":0.78,"x":42.771,"y":-134.446
},{
"g":153.69,"h":0.78,"i":0,"k":98,"n":18,"p":20,"t":0.274,"u":-16.602,"v":-58.243,"w":0.78,"x":74.966,"y":-148.8
},{
"g":175.17,"h":0.78,"i":0,"k":98,"n":20,"t":0,"u":-16.602,"v":-58.243,"w":0.78,"x":113.158,"y":-137.562
}
]
}
],"n":"ani_enemy_atlethe02_defeat","r":30
},{
"f":13,"l":[
{
"f":[
{
"h":1.271,"i":0,"k":95,"n":0,"u":4.262,"v":74.295,"x":-2.707,"y":-88.507
}
]
},{
"f":[
{
"h":1.271,"i":0,"k":96,"n":0,"u":4.262,"v":74.295,"x":-2.707,"y":-88.507
}
]
},{
"f":[
{
"c":0,"g":0,"h":0,"i":-1,"k":-1,"n":0,"t":0,"u":0,"v":0,"w":0,"x":0,"y":0
},{
"g":90.03,"h":0.78,"i":0,"k":100,"n":4,"u":-16.602,"v":-58.243,"w":0.78,"x":8.821,"y":-67.31
},{
"g":90.03,"h":0.78,"i":0,"k":100,"n":7,"u":-16.602,"v":-58.243,"w":0.78,"x":12.821,"y":-67.311
},{
"g":90.03,"h":0.78,"i":0,"k":100,"n":10,"t":0,"u":-16.602,"v":-58.243,"w":0.78,"x":12.821,"y":-67.311
}
]
},{
"f":[
{
"c":0,"g":0,"h":0,"i":-1,"k":-1,"n":0,"t":0,"u":0,"v":0,"w":0,"x":0,"y":0
},{
"g":90.03,"h":0.78,"i":0,"k":98,"n":4,"u":-16.602,"v":-58.243,"w":0.78,"x":8.821,"y":-67.31
},{
"g":90.03,"h":0.78,"i":0,"k":98,"n":7,"u":-16.602,"v":-58.243,"w":0.78,"x":12.821,"y":-67.311
},{
"g":90.03,"h":0.78,"i":0,"k":98,"n":10,"t":0,"u":-16.602,"v":-58.243,"w":0.78,"x":12.821,"y":-67.311
}
]
},{
"f":[
{
"h":0.78,"i":1,"k":12,"n":0,"w":0.78,"x":4.491,"y":-69.843
},{
"h":0.78,"i":1,"k":8,"n":2,"w":0.78,"x":4.491,"y":-69.843
},{
"h":0.78,"i":1,"k":60,"n":4,"w":0.78,"x":5.491,"y":-69.843
},{
"h":0.78,"i":1,"k":86,"n":7,"w":0.78,"x":5.491,"y":-69.843
},{
"h":0.78,"i":1,"k":12,"n":10,"w":0.78,"x":4.491,"y":-69.843
},{
"h":0.78,"i":0,"k":6,"n":12,"w":0.78,"x":4.491,"y":-69.843
}
]
},{
"f":[
{
"h":0.78,"i":0,"k":26,"n":0,"w":0.78,"x":4.491,"y":-69.843
},{
"h":0.78,"i":0,"k":29,"n":2,"w":0.78,"x":4.491,"y":-69.843
},{
"h":0.78,"i":1,"k":45,"n":4,"w":0.78,"x":5.491,"y":-69.843
},{
"h":0.78,"i":0,"k":58,"n":7,"w":0.78,"x":5.491,"y":-69.843
},{
"h":0.78,"i":0,"k":26,"n":10,"w":0.78,"x":4.491,"y":-69.843
},{
"h":0.78,"i":1,"k":78,"n":12,"w":0.78,"x":4.491,"y":-69.843
}
]
},{
"f":[
{
"h":1.624,"i":0,"k":97,"n":0,"t":0,"x":8.386,"y":-78.435
},{
"h":1.624,"i":0,"k":97,"n":4,"p":9,"x":15.385,"y":-80.434
},{
"h":0.654,"i":0,"k":97,"n":9,"t":0,"x":49.386,"y":-80.435
}
]
},{
"f":[
{
"h":1.624,"i":0,"k":87,"n":0,"t":0,"x":8.386,"y":-78.435
},{
"h":1.624,"i":0,"k":87,"n":4,"p":9,"x":15.385,"y":-80.434
},{
"h":0.654,"i":0,"k":87,"n":9,"t":0,"x":49.386,"y":-80.435
}
]
},{
"f":[
{
"c":1,"h":115,"i":-1,"k":-1,"n":0,"o":"mcCollision","w":26,"x":-13,"y":-125
}
]
},{
"f":[
{
"c":1,"h":10,"i":-1,"k":-1,"n":0,"o":"mcCollisionAttack","w":10,"x":0,"y":-2000
},{
"c":1,"h":14.1,"i":-1,"k":-1,"n":5,"o":"mcCollisionAttack","w":67.8,"x":14.603,"y":-85.803
},{
"c":1,"h":10,"i":-1,"k":-1,"n":10,"o":"mcCollisionAttack","w":10,"x":0,"y":-2000
}
]
}
],"n":"ani_enemy_atlethe02_attack","r":30
},{
"f":24,"l":[
{
"f":[
{
"h":1.271,"i":0,"k":95,"n":0,"u":4.262,"v":74.295,"x":-2.707,"y":-88.507
}
]
},{
"f":[
{
"h":1.271,"i":0,"k":96,"n":0,"u":4.262,"v":74.295,"x":-2.707,"y":-88.507
}
]
},{
"f":[
{
"h":0.78,"i":0,"k":15,"n":0,"w":0.78,"x":4.491,"y":-69.843
},{
"h":0.78,"i":1,"k":19,"n":3,"w":0.78,"x":4.491,"y":-69.843
},{
"h":0.786,"i":1,"k":34,"n":6,"u":-0.138,"v":93.329,"w":0.78,"x":4.491,"y":-70.464
},{
"h":0.78,"i":1,"k":32,"n":9,"w":0.78,"x":4.491,"y":-69.843
},{
"h":0.78,"i":1,"k":90,"n":12,"w":0.78,"x":4.491,"y":-69.843
},{
"h":0.78,"i":0,"k":40,"n":15,"w":0.78,"x":4.491,"y":-69.843
},{
"h":0.785,"i":1,"k":83,"n":18,"u":-1.716,"v":74.923,"w":0.78,"x":4.491,"y":-70.362
},{
"h":0.787,"i":0,"k":64,"n":21,"u":0.602,"v":86.407,"w":0.78,"x":4.491,"y":-70.486
}
]
},{
"f":[
{
"h":0.78,"i":1,"k":92,"n":0,"w":0.78,"x":4.491,"y":-69.843
},{
"h":0.78,"i":1,"k":68,"n":3,"w":0.78,"x":4.491,"y":-69.843
},{
"h":0.786,"i":1,"k":57,"n":6,"u":-0.138,"v":93.329,"w":0.78,"x":4.491,"y":-70.464
},{
"h":0.78,"i":1,"k":39,"n":9,"w":0.78,"x":4.491,"y":-69.843
},{
"h":0.78,"i":0,"k":8,"n":12,"w":0.78,"x":4.491,"y":-69.843
},{
"h":0.78,"i":1,"k":77,"n":15,"w":0.78,"x":4.491,"y":-69.843
},{
"h":0.785,"i":0,"k":60,"n":18,"u":-1.716,"v":74.923,"w":0.78,"x":4.491,"y":-70.362
},{
"h":0.787,"i":1,"k":76,"n":21,"u":0.602,"v":86.407,"w":0.78,"x":4.491,"y":-70.486
}
]
},{
"f":[
{
"c":1,"h":115,"i":-1,"k":-1,"n":0,"o":"mcCollision","w":26,"x":-13,"y":-125
}
]
}
],"n":"ani_enemy_atlethe01_walk","r":30
},{
"f":8,"l":[
{
"f":[
{
"h":1.271,"i":0,"k":95,"n":0,"u":4.262,"v":74.295,"x":-2.707,"y":-88.507
}
]
},{
"f":[
{
"h":1.271,"i":0,"k":96,"n":0,"u":4.262,"v":74.295,"x":-2.707,"y":-88.507
}
]
},{
"f":[
{
"h":0.78,"i":0,"k":65,"n":0,"w":0.78,"x":4.491,"y":-79.842
},{
"h":0.78,"i":0,"k":65,"n":2,"w":0.78,"x":4.491,"y":-75.842
},{
"h":0.769,"i":1,"k":0,"n":3,"w":0.78,"x":4.491,"y":-68.778
},{
"h":0.78,"i":1,"k":28,"n":5,"w":0.78,"x":4.491,"y":-69.843
},{
"h":0.78,"i":0,"k":7,"n":7,"w":0.78,"x":4.491,"y":-69.843
}
]
},{
"f":[
{
"h":0.78,"i":1,"k":16,"n":0,"w":0.78,"x":4.491,"y":-79.842
},{
"h":0.78,"i":1,"k":16,"n":2,"w":0.78,"x":4.491,"y":-75.842
},{
"h":0.769,"i":0,"k":25,"n":3,"w":0.78,"x":4.491,"y":-68.778
},{
"h":0.78,"i":0,"k":22,"n":5,"w":0.78,"x":4.491,"y":-69.843
},{
"h":0.78,"i":1,"k":79,"n":7,"w":0.78,"x":4.491,"y":-69.843
}
]
}
],"n":"ani_enemy_atlethe01_teleport","r":30
},{
"f":61,"l":[
{
"f":[
{
"h":1.271,"i":0,"k":95,"n":0,"u":4.262,"v":74.295,"x":-2.707,"y":-88.507
}
]
},{
"f":[
{
"h":1.271,"i":0,"k":96,"n":0,"u":4.262,"v":74.295,"x":-2.707,"y":-88.507
}
]
},{
"f":[
{
"h":0.78,"i":0,"k":7,"n":0,"w":0.78,"x":4.491,"y":-69.843
},{
"h":0.78,"i":0,"k":4,"n":4,"w":0.78,"x":4.491,"y":-69.843
},{
"h":0.78,"i":1,"k":25,"n":8,"w":0.78,"x":4.491,"y":-69.843
},{
"h":0.78,"i":1,"k":15,"n":12,"w":0.78,"x":4.491,"y":-69.843
},{
"h":0.78,"i":1,"k":11,"n":16,"w":0.78,"x":4.491,"y":-69.843
},{
"h":0.78,"i":1,"k":15,"n":20,"w":0.78,"x":4.491,"y":-69.843
},{
"h":0.78,"i":1,"k":25,"n":24,"w":0.78,"x":4.491,"y":-69.843
},{
"h":0.78,"i":0,"k":4,"n":28,"w":0.78,"x":4.491,"y":-69.843
},{
"h":0.78,"i":0,"k":7,"n":32,"w":0.78,"x":4.491,"y":-69.843
},{
"h":0.78,"i":0,"k":4,"n":37,"w":0.78,"x":4.491,"y":-69.843
},{
"h":0.78,"i":1,"k":25,"n":41,"w":0.78,"x":4.491,"y":-69.843
},{
"h":0.78,"i":1,"k":15,"n":45,"w":0.78,"x":4.491,"y":-69.843
},{
"h":0.78,"i":1,"k":15,"n":49,"w":0.78,"x":4.491,"y":-69.843
},{
"h":0.78,"i":1,"k":25,"n":53,"w":0.78,"x":4.491,"y":-69.843
},{
"h":0.78,"i":0,"k":4,"n":57,"w":0.78,"x":4.491,"y":-69.843
}
]
},{
"f":[
{
"h":0.78,"i":1,"k":79,"n":0,"w":0.78,"x":4.491,"y":-69.843
},{
"h":0.78,"i":1,"k":88,"n":4,"w":0.78,"x":4.491,"y":-69.843
},{
"h":0.78,"i":0,"k":24,"n":8,"w":0.78,"x":4.491,"y":-69.843
},{
"h":0.78,"i":0,"k":32,"n":12,"w":0.78,"x":4.491,"y":-69.843
},{
"h":0.78,"i":0,"k":35,"n":16,"w":0.78,"x":4.491,"y":-69.843
},{
"h":0.78,"i":0,"k":32,"n":20,"w":0.78,"x":4.491,"y":-69.843
},{
"h":0.78,"i":0,"k":24,"n":24,"w":0.78,"x":4.491,"y":-69.843
},{
"h":0.78,"i":1,"k":88,"n":28,"w":0.78,"x":4.491,"y":-69.843
},{
"h":0.78,"i":1,"k":79,"n":32,"w":0.78,"x":4.491,"y":-69.843
},{
"h":0.78,"i":1,"k":88,"n":37,"w":0.78,"x":4.491,"y":-69.843
},{
"h":0.78,"i":0,"k":24,"n":41,"w":0.78,"x":4.491,"y":-69.843
},{
"h":0.78,"i":0,"k":32,"n":45,"w":0.78,"x":4.491,"y":-69.843
},{
"h":0.78,"i":0,"k":32,"n":49,"w":0.78,"x":4.491,"y":-69.843
},{
"h":0.78,"i":0,"k":24,"n":53,"w":0.78,"x":4.491,"y":-69.843
},{
"h":0.78,"i":1,"k":88,"n":57,"w":0.78,"x":4.491,"y":-69.843
}
]
},{
"f":[
{
"c":1,"h":115,"i":-1,"k":-1,"n":0,"o":"mcCollision","w":26,"x":-13,"y":-125
}
]
}
],"n":"ani_enemy_atlethe01_stand","r":30
},{
"f":34,"l":[
{
"f":[
{
"h":1.271,"i":0,"k":95,"n":0,"u":4.262,"v":74.295,"x":-2.707,"y":-88.507
},{
"h":1.271,"i":0,"k":95,"n":2,"u":4.262,"v":74.295,"x":-11.707,"y":-87.507
},{
"h":1.271,"i":0,"k":95,"n":4,"u":4.262,"v":74.295,"x":-14.707,"y":-87.507
},{
"h":1.271,"i":0,"k":95,"n":6,"u":4.262,"v":74.295,"x":-16.707,"y":-87.507
},{
"h":1.271,"i":0,"k":95,"n":9,"u":4.262,"v":74.295,"x":-22.706,"y":-87.507
},{
"h":1.271,"i":0,"k":95,"n":24,"p":33,"u":4.262,"v":74.295,"x":-22.706,"y":-87.507
},{
"h":1.271,"i":0,"k":95,"n":33,"t":0,"u":4.262,"v":74.295,"x":-22.706,"y":-87.507
}
]
},{
"f":[
{
"h":1.271,"i":0,"k":96,"n":0,"u":4.262,"v":74.295,"x":-2.707,"y":-88.507
},{
"h":1.271,"i":0,"k":96,"n":2,"u":4.262,"v":74.295,"x":-11.707,"y":-87.507
},{
"h":1.271,"i":0,"k":96,"n":4,"u":4.262,"v":74.295,"x":-14.707,"y":-87.507
},{
"h":1.271,"i":0,"k":96,"n":6,"u":4.262,"v":74.295,"x":-16.707,"y":-87.507
},{
"h":1.271,"i":0,"k":96,"n":9,"u":4.262,"v":74.295,"x":-22.706,"y":-87.507
},{
"h":1.271,"i":0,"k":96,"n":24,"p":33,"u":4.262,"v":74.295,"x":-22.706,"y":-87.507
},{
"h":1.271,"i":0,"k":96,"n":33,"t":0,"u":4.262,"v":74.295,"x":-22.706,"y":-87.507
}
]
},{
"f":[
{
"h":0.78,"i":0,"k":67,"n":0,"w":0.78,"x":4.491,"y":-69.843
},{
"h":0.78,"i":0,"k":47,"n":2,"w":0.78,"x":0.49,"y":-69.843
},{
"h":0.78,"i":0,"k":46,"n":4,"w":0.78,"x":-1.508,"y":-69.843
},{
"h":0.78,"i":0,"k":1,"n":6,"w":0.78,"x":-4.509,"y":-69.843
},{
"h":0.78,"i":0,"k":54,"n":9,"w":0.78,"x":-6.508,"y":-69.843
},{
"h":0.78,"i":0,"k":71,"n":12,"w":0.78,"x":-6.508,"y":-69.843
},{
"h":0.78,"i":0,"k":92,"n":14,"w":0.78,"x":-6.508,"y":-69.843
},{
"h":0.78,"i":0,"k":91,"n":16,"w":0.78,"x":-6.508,"y":-69.843
},{
"h":0.78,"i":0,"k":91,"n":18,"w":0.78,"x":-6.508,"y":-68.842
},{
"h":0.786,"i":0,"k":91,"n":20,"u":-27,"v":104,"w":0.78,"x":-6.508,"y":-70.475
},{
"h":0.78,"i":0,"k":91,"n":22,"w":0.78,"x":-6.508,"y":-69.843
},{
"h":0.78,"i":0,"k":91,"n":24,"p":32,"w":0.78,"x":-6.508,"y":-69.843
},{
"h":0.78,"i":0,"k":91,"n":32,"t":0,"w":0.78,"x":-6.508,"y":-69.843
}
]
},{
"f":[
{
"h":0.78,"i":0,"k":51,"n":0,"w":0.78,"x":4.491,"y":-69.843
},{
"h":0.78,"i":0,"k":68,"n":2,"w":0.78,"x":0.49,"y":-69.843
},{
"h":0.78,"i":0,"k":57,"n":4,"w":0.78,"x":-1.508,"y":-69.843
},{
"h":0.78,"i":1,"k":101,"n":6,"w":0.78,"x":-4.509,"y":-69.843
},{
"h":0.78,"i":1,"k":70,"n":9,"w":0.78,"x":-6.508,"y":-69.843
},{
"h":0.78,"i":1,"k":73,"n":12,"w":0.78,"x":-6.508,"y":-69.843
},{
"h":0.78,"i":1,"k":2,"n":14,"w":0.78,"x":-6.508,"y":-69.843
},{
"h":0.78,"i":1,"k":23,"n":16,"w":0.78,"x":-6.508,"y":-69.843
},{
"h":0.78,"i":1,"k":23,"n":18,"w":0.78,"x":-6.508,"y":-68.842
},{
"h":0.786,"i":1,"k":23,"n":20,"u":-27,"v":104,"w":0.78,"x":-6.508,"y":-70.475
},{
"h":0.78,"i":1,"k":23,"n":22,"w":0.78,"x":-6.508,"y":-69.843
},{
"h":0.78,"i":1,"k":23,"n":24,"p":32,"w":0.78,"x":-6.508,"y":-69.843
},{
"h":0.78,"i":1,"k":23,"n":32,"t":0,"w":0.78,"x":-6.508,"y":-69.843
}
]
},{
"f":[
{
"h":0.78,"i":0,"k":88,"n":0,"t":0,"w":0.78,"x":4.491,"y":-69.843
},{
"g":40.79,"h":0.78,"i":0,"k":100,"n":6,"p":8,"u":-16.602,"v":-58.243,"w":0.78,"x":5.125,"y":-83.102
},{
"g":56.33,"h":0.78,"i":0,"k":100,"n":8,"p":10,"u":-16.602,"v":-58.243,"w":0.78,"x":13.143,"y":-93.854
},{
"g":70.7,"h":0.78,"i":0,"k":100,"n":10,"p":12,"u":-16.602,"v":-58.243,"w":0.78,"x":16.212,"y":-103.692
},{
"g":79.98,"h":0.78,"i":0,"k":100,"n":12,"p":14,"t":0.784,"u":-16.602,"v":-58.243,"w":0.78,"x":26.677,"y":-112.484
},{
"g":94.15,"h":0.78,"i":0,"k":100,"n":14,"p":16,"t":0.588,"u":-16.602,"v":-58.243,"w":0.78,"x":33.958,"y":-122.397
},{
"g":113.55,"h":0.78,"i":0,"k":100,"n":16,"p":18,"t":0.392,"u":-16.602,"v":-58.243,"w":0.78,"x":42.771,"y":-134.446
},{
"g":153.69,"h":0.78,"i":0,"k":100,"n":18,"p":20,"t":0.274,"u":-16.602,"v":-58.243,"w":0.78,"x":74.966,"y":-148.8
},{
"g":175.17,"h":0.78,"i":0,"k":100,"n":20,"t":0,"u":-16.602,"v":-58.243,"w":0.78,"x":113.158,"y":-137.562
}
]
},{
"f":[
{
"h":0.78,"i":0,"k":104,"n":0,"t":0,"w":0.78,"x":4.491,"y":-69.843
},{
"g":40.79,"h":0.78,"i":0,"k":98,"n":6,"p":8,"u":-16.602,"v":-58.243,"w":0.78,"x":5.125,"y":-83.102
},{
"g":56.33,"h":0.78,"i":0,"k":98,"n":8,"p":10,"u":-16.602,"v":-58.243,"w":0.78,"x":13.143,"y":-93.854
},{
"g":70.7,"h":0.78,"i":0,"k":98,"n":10,"p":12,"u":-16.602,"v":-58.243,"w":0.78,"x":16.212,"y":-103.692
},{
"g":79.98,"h":0.78,"i":0,"k":98,"n":12,"p":14,"t":0.784,"u":-16.602,"v":-58.243,"w":0.78,"x":26.677,"y":-112.484
},{
"g":94.15,"h":0.78,"i":0,"k":98,"n":14,"p":16,"t":0.588,"u":-16.602,"v":-58.243,"w":0.78,"x":33.958,"y":-122.397
},{
"g":113.55,"h":0.78,"i":0,"k":98,"n":16,"p":18,"t":0.392,"u":-16.602,"v":-58.243,"w":0.78,"x":42.771,"y":-134.446
},{
"g":153.69,"h":0.78,"i":0,"k":98,"n":18,"p":20,"t":0.274,"u":-16.602,"v":-58.243,"w":0.78,"x":74.966,"y":-148.8
},{
"g":175.17,"h":0.78,"i":0,"k":98,"n":20,"t":0,"u":-16.602,"v":-58.243,"w":0.78,"x":113.158,"y":-137.562
}
]
}
],"n":"ani_enemy_atlethe01_defeat","r":30
},{
"f":13,"l":[
{
"f":[
{
"h":1.271,"i":0,"k":95,"n":0,"u":4.262,"v":74.295,"x":-2.707,"y":-88.507
}
]
},{
"f":[
{
"h":1.271,"i":0,"k":96,"n":0,"u":4.262,"v":74.295,"x":-2.707,"y":-88.507
}
]
},{
"f":[
{
"c":0,"g":0,"h":0,"i":-1,"k":-1,"n":0,"t":0,"u":0,"v":0,"w":0,"x":0,"y":0
},{
"g":90.03,"h":0.78,"i":0,"k":100,"n":4,"u":-16.602,"v":-58.243,"w":0.78,"x":8.821,"y":-67.31
},{
"g":90.03,"h":0.78,"i":0,"k":100,"n":7,"u":-16.602,"v":-58.243,"w":0.78,"x":12.821,"y":-67.311
},{
"g":90.03,"h":0.78,"i":0,"k":100,"n":10,"t":0,"u":-16.602,"v":-58.243,"w":0.78,"x":12.821,"y":-67.311
}
]
},{
"f":[
{
"c":0,"g":0,"h":0,"i":-1,"k":-1,"n":0,"t":0,"u":0,"v":0,"w":0,"x":0,"y":0
},{
"g":90.03,"h":0.78,"i":0,"k":98,"n":4,"u":-16.602,"v":-58.243,"w":0.78,"x":8.821,"y":-67.31
},{
"g":90.03,"h":0.78,"i":0,"k":98,"n":7,"u":-16.602,"v":-58.243,"w":0.78,"x":12.821,"y":-67.311
},{
"g":90.03,"h":0.78,"i":0,"k":98,"n":10,"t":0,"u":-16.602,"v":-58.243,"w":0.78,"x":12.821,"y":-67.311
}
]
},{
"f":[
{
"h":0.78,"i":1,"k":13,"n":0,"w":0.78,"x":4.491,"y":-69.843
},{
"h":0.78,"i":1,"k":9,"n":2,"w":0.78,"x":4.491,"y":-69.843
},{
"h":0.78,"i":1,"k":61,"n":4,"w":0.78,"x":5.491,"y":-69.843
},{
"h":0.78,"i":1,"k":80,"n":7,"w":0.78,"x":5.491,"y":-69.843
},{
"h":0.78,"i":1,"k":13,"n":10,"w":0.78,"x":4.491,"y":-69.843
},{
"h":0.78,"i":0,"k":7,"n":12,"w":0.78,"x":4.491,"y":-69.843
}
]
},{
"f":[
{
"h":0.78,"i":0,"k":27,"n":0,"w":0.78,"x":4.491,"y":-69.843
},{
"h":0.78,"i":0,"k":30,"n":2,"w":0.78,"x":4.491,"y":-69.843
},{
"h":0.78,"i":0,"k":77,"n":4,"w":0.78,"x":5.491,"y":-69.843
},{
"h":0.78,"i":0,"k":61,"n":7,"w":0.78,"x":5.491,"y":-69.843
},{
"h":0.78,"i":0,"k":27,"n":10,"w":0.78,"x":4.491,"y":-69.843
},{
"h":0.78,"i":1,"k":79,"n":12,"w":0.78,"x":4.491,"y":-69.843
}
]
},{
"f":[
{
"h":1.624,"i":0,"k":97,"n":0,"t":0,"x":8.386,"y":-78.435
},{
"h":1.624,"i":0,"k":97,"n":4,"p":9,"x":17.528,"y":-82.397
},{
"h":0.654,"i":0,"k":97,"n":9,"t":0,"x":51.261,"y":-79.435
}
]
},{
"f":[
{
"h":1.624,"i":0,"k":87,"n":0,"t":0,"x":8.386,"y":-78.435
},{
"h":1.624,"i":0,"k":87,"n":4,"p":9,"x":17.528,"y":-82.397
},{
"h":0.654,"i":0,"k":87,"n":9,"t":0,"x":51.261,"y":-79.435
}
]
},{
"f":[
{
"c":1,"h":115,"i":-1,"k":-1,"n":0,"o":"mcCollision","w":26,"x":-13,"y":-125
}
]
},{
"f":[
{
"c":1,"h":10,"i":-1,"k":-1,"n":0,"o":"mcCollisionAttack","w":10,"x":0,"y":-2000
},{
"c":1,"h":14.1,"i":-1,"k":-1,"n":5,"o":"mcCollisionAttack","w":67.8,"x":14.603,"y":-85.803
},{
"c":1,"h":10,"i":-1,"k":-1,"n":10,"o":"mcCollisionAttack","w":10,"x":0,"y":-2000
}
]
}
],"n":"ani_enemy_atlethe01_attack","r":30
}
],"atlas":[
[
{
"h":172,"n":"","p":65,"q":69,"w":112,"x":1,"y":1
},{
"h":172,"n":"","p":65,"q":69,"w":112,"x":1,"y":174
},{
"h":159,"n":"","p":46,"q":116,"w":102,"x":1,"y":347
},{
"h":162,"n":"","p":51,"q":60,"w":97,"x":1,"y":507
},{
"h":162,"n":"","p":51,"q":60,"w":97,"x":1,"y":670
},{
"h":174,"n":"","p":36,"q":105,"w":90,"x":1,"y":833
},{
"h":159,"n":"","p":50,"q":57,"w":95,"x":114,"y":1
},{
"h":159,"n":"","p":50,"q":57,"w":95,"x":210,"y":1
},{
"h":167,"n":"","p":36,"q":105,"w":90,"x":114,"y":161
},{
"h":145,"n":"","p":64,"q":43,"w":99,"x":306,"y":1
},{
"h":145,"n":"","p":65,"q":43,"w":99,"x":406,"y":1
},{
"h":141,"n":"","p":64,"q":39,"w":96,"x":506,"y":1
},{
"h":126,"n":"","p":70,"q":24,"w":107,"x":603,"y":1
},{
"h":128,"n":"","p":63,"q":26,"w":100,"x":711,"y":1
},{
"h":163,"n":"","p":39,"q":65,"w":78,"x":114,"y":329
},{
"h":163,"n":"","p":39,"q":65,"w":78,"x":114,"y":493
},{
"h":127,"n":"","p":63,"q":25,"w":100,"x":812,"y":1
},{
"h":132,"n":"","p":64,"q":30,"w":96,"x":913,"y":1
},{
"h":117,"n":"","p":70,"q":15,"w":107,"x":205,"y":161
},{
"h":135,"n":"","p":49,"q":61,"w":92,"x":205,"y":279
},{
"h":134,"n":"","p":51,"q":59,"w":91,"x":205,"y":415
},{
"h":102,"n":"","p":48,"q":88,"w":119,"x":313,"y":161
},{
"h":106,"n":"","p":53,"q":95,"w":113,"x":433,"y":161
},{
"h":107,"n":"","p":54,"q":99,"w":111,"x":547,"y":161
},{
"h":107,"n":"","p":54,"q":99,"w":111,"x":659,"y":161
},{
"h":98,"n":"","p":46,"q":88,"w":120,"x":771,"y":161
},{
"h":89,"n":"","p":83,"q":92,"w":132,"x":892,"y":161
},{
"h":89,"n":"","p":83,"q":92,"w":132,"x":298,"y":279
},{
"h":100,"n":"","p":23,"q":66,"w":117,"x":298,"y":369
},{
"h":87,"n":"","p":90,"q":85,"w":134,"x":431,"y":279
},{
"h":87,"n":"","p":90,"q":85,"w":134,"x":566,"y":279
},{
"h":105,"n":"","p":55,"q":98,"w":111,"x":298,"y":470
},{
"h":105,"n":"","p":55,"q":98,"w":111,"x":298,"y":576
},{
"h":102,"n":"","p":50,"q":94,"w":114,"x":298,"y":682
},{
"h":104,"n":"","p":55,"q":98,"w":111,"x":298,"y":785
},{
"h":104,"n":"","p":55,"q":98,"w":111,"x":298,"y":890
},{
"h":110,"n":"","p":67,"q":8,"w":104,"x":416,"y":369
},{
"h":110,"n":"","p":67,"q":8,"w":104,"x":521,"y":369
},{
"h":120,"n":"","p":65,"q":18,"w":95,"x":416,"y":480
},{
"h":152,"n":"","p":40,"q":58,"w":75,"x":114,"y":657
},{
"h":152,"n":"","p":40,"q":58,"w":75,"x":114,"y":810
},{
"h":98,"n":"","p":22,"q":66,"w":116,"x":626,"y":369
},{
"h":120,"n":"","p":65,"q":18,"w":94,"x":416,"y":601
},{
"h":123,"n":"","p":51,"q":20,"w":89,"x":205,"y":550
},{
"h":130,"n":"","p":21,"q":106,"w":83,"x":205,"y":674
},{
"h":123,"n":"","p":49,"q":20,"w":87,"x":205,"y":805
},{
"h":123,"n":"","p":49,"q":20,"w":87,"x":416,"y":722
},{
"h":122,"n":"","p":49,"q":19,"w":87,"x":416,"y":846
},{
"h":67,"n":"","p":121,"q":-35,"w":158,"x":701,"y":279
},{
"h":66,"n":"","p":121,"q":-36,"w":158,"x":860,"y":279
},{
"h":127,"n":"","p":19,"q":106,"w":81,"x":512,"y":480
},{
"h":97,"n":"","p":49,"q":97,"w":106,"x":743,"y":369
},{
"h":97,"n":"","p":48,"q":97,"w":105,"x":850,"y":369
},{
"h":130,"n":"","p":57,"q":29,"w":78,"x":512,"y":608
},{
"h":129,"n":"","p":57,"q":28,"w":78,"x":512,"y":739
},{
"h":100,"n":"","p":0,"q":0,"w":100,"x":594,"y":480
},{
"h":88,"n":"","p":65,"q":107,"w":111,"x":695,"y":480
},{
"h":88,"n":"","p":65,"q":107,"w":111,"x":807,"y":480
},{
"h":137,"n":"","p":44,"q":75,"w":71,"x":512,"y":869
},{
"h":109,"n":"","p":36,"q":112,"w":88,"x":594,"y":581
},{
"h":109,"n":"","p":36,"q":112,"w":88,"x":594,"y":691
},{
"h":134,"n":"","p":44,"q":75,"w":71,"x":594,"y":801
},{
"h":107,"n":"","p":62,"q":67,"w":88,"x":683,"y":581
},{
"h":144,"n":"","p":32,"q":52,"w":65,"x":683,"y":689
},{
"h":144,"n":"","p":32,"q":52,"w":65,"x":683,"y":834
},{
"h":122,"n":"","p":32,"q":23,"w":76,"x":749,"y":689
},{
"h":103,"n":"","p":42,"q":1,"w":90,"x":772,"y":581
},{
"h":103,"n":"","p":42,"q":1,"w":90,"x":863,"y":581
},{
"h":84,"n":"","p":62,"q":102,"w":109,"x":826,"y":689
},{
"h":105,"n":"","p":62,"q":67,"w":87,"x":936,"y":689
},{
"h":83,"n":"","p":62,"q":102,"w":109,"x":749,"y":812
},{
"h":113,"n":"","p":60,"q":13,"w":80,"x":749,"y":896
},{
"h":82,"n":"","p":63,"q":-20,"w":108,"x":859,"y":812
},{
"h":113,"n":"","p":60,"q":13,"w":78,"x":859,"y":895
},{
"h":89,"n":"","p":40,"q":-13,"w":99,"x":919,"y":480
},{
"h":106,"n":"","p":67,"q":73,"w":81,"x":938,"y":895
},{
"h":95,"n":"","p":40,"q":-7,"w":89,"x":205,"y":929
},{
"h":110,"n":"","p":45,"q":76,"w":64,"x":956,"y":369
},{
"h":73,"n":"","p":60,"q":90,"w":77,"x":594,"y":936
},{
"h":58,"n":"","p":36,"q":109,"w":89,"x":114,"y":963
},{
"h":52,"n":"","p":36,"q":109,"w":88,"x":416,"y":969
},{
"h":72,"n":"","p":62,"q":40,"w":60,"x":954,"y":581
},{
"h":32,"n":"","p":48,"q":-68,"w":98,"x":603,"y":128
},{
"h":34,"n":"","p":40,"q":-2,"w":92,"x":826,"y":774
},{
"h":29,"n":"","p":63,"q":-73,"w":100,"x":711,"y":130
},{
"h":28,"n":"","p":63,"q":-74,"w":100,"x":812,"y":129
},{
"h":49,"n":"","p":54,"q":78,"w":49,"x":968,"y":812
},{
"h":15,"n":"","p":69,"q":11,"w":157,"x":701,"y":347
},{
"h":103,"n":"","p":10,"q":62,"w":19,"x":92,"y":833
},{
"h":19,"n":"","p":73,"q":-85,"w":92,"x":913,"y":134
},{
"h":19,"n":"","p":73,"q":-85,"w":92,"x":892,"y":251
},{
"h":19,"n":"","p":73,"q":-85,"w":92,"x":860,"y":346
},{
"h":19,"n":"","p":73,"q":-85,"w":92,"x":298,"y":995
},{
"h":40,"n":"","p":48,"q":78,"w":35,"x":683,"y":979
},{
"h":26,"n":"","p":2,"q":-8,"w":53,"x":954,"y":654
},{
"h":12,"n":"","p":41,"q":-72,"w":92,"x":306,"y":147
},{
"h":11,"n":"","p":41,"q":-62,"w":92,"x":406,"y":147
},{
"h":9,"n":"","p":24,"q":-3,"w":103,"x":313,"y":264
},{
"h":92,"n":"","p":20,"q":115,"w":8,"x":104,"y":347
},{
"h":20,"n":"","p":16,"q":0,"w":23,"x":985,"y":251
},{
"h":27,"n":"","p":24,"q":24,"w":17,"x":92,"y":937
},{
"h":12,"n":"","p":-21,"q":38,"w":21,"x":1,"y":1008
},{
"h":11,"n":"","p":-21,"q":38,"w":20,"x":23,"y":1008
},{
"h":5,"n":"","p":13,"q":4,"w":17,"x":44,"y":1008
},{
"h":11,"n":"","p":4,"q":77,"w":4,"x":104,"y":440
}
],[
{
"h":93,"n":"","p":40,"q":-9,"w":93,"x":1,"y":1
},{
"h":79,"n":"","p":63,"q":-23,"w":108,"x":95,"y":1
},{
"h":135,"n":"","p":45,"q":49,"w":63,"x":1,"y":95
},{
"h":100,"n":"","p":58,"q":62,"w":85,"x":65,"y":95
},{
"h":102,"n":"","p":63,"q":68,"w":83,"x":65,"y":196
},{
"h":134,"n":"","p":45,"q":48,"w":63,"x":1,"y":231
},{
"h":101,"n":"","p":63,"q":67,"w":83,"x":65,"y":299
},{
"h":106,"n":"","p":66,"q":73,"w":79,"x":65,"y":401
},{
"h":102,"n":"","p":46,"q":-1,"w":82,"x":65,"y":508
},{
"h":102,"n":"","p":46,"q":-1,"w":82,"x":65,"y":611
},{
"h":97,"n":"","p":40,"q":-5,"w":86,"x":151,"y":95
},{
"h":97,"n":"","p":40,"q":-5,"w":86,"x":238,"y":95
},{
"h":106,"n":"","p":41,"q":4,"w":78,"x":65,"y":714
},{
"h":106,"n":"","p":41,"q":4,"w":78,"x":65,"y":821
},{
"h":96,"n":"","p":40,"q":-6,"w":86,"x":325,"y":95
},{
"h":96,"n":"","p":40,"q":-6,"w":86,"x":412,"y":95
},{
"h":93,"n":"","p":48,"q":115,"w":88,"x":204,"y":1
},{
"h":101,"n":"","p":63,"q":68,"w":81,"x":151,"y":193
},{
"h":138,"n":"","p":33,"q":39,"w":59,"x":1,"y":366
},{
"h":138,"n":"","p":33,"q":39,"w":59,"x":1,"y":505
},{
"h":100,"n":"","p":63,"q":67,"w":81,"x":151,"y":295
},{
"h":98,"n":"","p":61,"q":64,"w":82,"x":233,"y":193
},{
"h":99,"n":"","p":62,"q":66,"w":81,"x":151,"y":396
},{
"h":130,"n":"","p":44,"q":44,"w":61,"x":1,"y":644
},{
"h":95,"n":"","p":40,"q":-7,"w":83,"x":65,"y":928
},{
"h":95,"n":"","p":40,"q":-7,"w":83,"x":499,"y":95
},{
"h":129,"n":"","p":44,"q":43,"w":61,"x":1,"y":775
},{
"h":98,"n":"","p":62,"q":66,"w":80,"x":151,"y":496
},{
"h":92,"n":"","p":40,"q":-10,"w":85,"x":293,"y":1
},{
"h":71,"n":"","p":63,"q":-31,"w":110,"x":379,"y":1
},{
"h":69,"n":"","p":63,"q":-33,"w":110,"x":490,"y":1
},{
"h":129,"n":"","p":34,"q":31,"w":58,"x":151,"y":595
},{
"h":129,"n":"","p":34,"q":31,"w":58,"x":151,"y":725
},{
"h":111,"n":"","p":39,"q":18,"w":66,"x":151,"y":855
},{
"h":134,"n":"","p":30,"q":35,"w":54,"x":233,"y":292
},{
"h":71,"n":"","p":63,"q":-31,"w":100,"x":601,"y":1
},{
"h":60,"n":"","p":108,"q":74,"w":118,"x":702,"y":1
},{
"h":93,"n":"","p":66,"q":56,"w":76,"x":821,"y":1
},{
"h":133,"n":"","p":29,"q":34,"w":53,"x":233,"y":427
},{
"h":77,"n":"","p":36,"q":107,"w":91,"x":898,"y":1
},{
"h":70,"n":"","p":63,"q":-32,"w":100,"x":583,"y":95
},{
"h":70,"n":"","p":63,"q":-32,"w":100,"x":684,"y":95
},{
"h":70,"n":"","p":66,"q":-32,"w":100,"x":785,"y":95
},{
"h":70,"n":"","p":63,"q":-32,"w":100,"x":886,"y":95
},{
"h":70,"n":"","p":66,"q":-32,"w":100,"x":316,"y":193
},{
"h":109,"n":"","p":45,"q":75,"w":64,"x":288,"y":292
},{
"h":68,"n":"","p":77,"q":-33,"w":102,"x":417,"y":193
},{
"h":68,"n":"","p":77,"q":-33,"w":102,"x":520,"y":193
},{
"h":76,"n":"","p":36,"q":106,"w":91,"x":623,"y":193
},{
"h":69,"n":"","p":63,"q":-33,"w":100,"x":715,"y":193
},{
"h":69,"n":"","p":63,"q":-33,"w":100,"x":816,"y":193
},{
"h":69,"n":"","p":63,"q":-33,"w":100,"x":917,"y":193
},{
"h":70,"n":"","p":71,"q":-31,"w":98,"x":353,"y":292
},{
"h":70,"n":"","p":71,"q":-31,"w":98,"x":452,"y":292
},{
"h":75,"n":"","p":36,"q":108,"w":91,"x":353,"y":363
},{
"h":92,"n":"","p":65,"q":56,"w":74,"x":353,"y":439
},{
"h":54,"n":"","p":114,"q":61,"w":125,"x":551,"y":292
},{
"h":74,"n":"","p":36,"q":108,"w":91,"x":445,"y":363
},{
"h":110,"n":"","p":38,"q":13,"w":61,"x":1,"y":905
},{
"h":54,"n":"","p":114,"q":61,"w":124,"x":677,"y":292
},{
"h":70,"n":"","p":58,"q":-33,"w":95,"x":802,"y":292
},{
"h":70,"n":"","p":58,"q":-33,"w":95,"x":898,"y":292
},{
"h":74,"n":"","p":67,"q":86,"w":89,"x":537,"y":363
},{
"h":56,"n":"","p":103,"q":79,"w":117,"x":627,"y":363
},{
"h":65,"n":"","p":63,"q":-37,"w":100,"x":745,"y":363
},{
"h":65,"n":"","p":63,"q":-37,"w":100,"x":846,"y":363
},{
"h":63,"n":"","p":63,"q":-39,"w":100,"x":428,"y":439
},{
"h":70,"n":"","p":36,"q":108,"w":89,"x":428,"y":503
},{
"h":70,"n":"","p":36,"q":108,"w":89,"x":428,"y":574
},{
"h":58,"n":"","p":59,"q":86,"w":106,"x":529,"y":439
},{
"h":58,"n":"","p":59,"q":85,"w":106,"x":636,"y":439
},{
"h":63,"n":"","p":42,"q":27,"w":94,"x":743,"y":439
},{
"h":57,"n":"","p":54,"q":69,"w":97,"x":838,"y":439
},{
"h":55,"n":"","p":55,"q":67,"w":98,"x":518,"y":503
},{
"h":53,"n":"","p":63,"q":70,"w":99,"x":617,"y":503
},{
"h":53,"n":"","p":63,"q":70,"w":99,"x":717,"y":503
},{
"h":58,"n":"","p":35,"q":109,"w":88,"x":936,"y":439
},{
"h":52,"n":"","p":36,"q":109,"w":88,"x":428,"y":645
},{
"h":45,"n":"","p":39,"q":101,"w":99,"x":817,"y":503
},{
"h":45,"n":"","p":39,"q":101,"w":99,"x":917,"y":503
},{
"h":45,"n":"","p":58,"q":-58,"w":95,"x":518,"y":559
},{
"h":72,"n":"","p":62,"q":40,"w":59,"x":288,"y":402
},{
"h":96,"n":"","p":25,"q":4,"w":44,"x":233,"y":561
},{
"h":96,"n":"","p":25,"q":4,"w":44,"x":233,"y":658
},{
"h":70,"n":"","p":60,"q":36,"w":58,"x":288,"y":475
},{
"h":70,"n":"","p":60,"q":36,"w":57,"x":288,"y":546
},{
"h":42,"n":"","p":58,"q":-61,"w":95,"x":614,"y":559
},{
"h":41,"n":"","p":36,"q":100,"w":95,"x":710,"y":559
},{
"h":41,"n":"","p":36,"q":100,"w":95,"x":806,"y":559
},{
"h":42,"n":"","p":60,"q":66,"w":91,"x":902,"y":559
},{
"h":39,"n":"","p":48,"q":-61,"w":98,"x":518,"y":605
},{
"h":41,"n":"","p":60,"q":66,"w":91,"x":518,"y":645
},{
"h":43,"n":"","p":34,"q":107,"w":86,"x":428,"y":698
},{
"h":43,"n":"","p":33,"q":107,"w":85,"x":428,"y":742
},{
"h":47,"n":"","p":-21,"q":38,"w":31,"x":990,"y":1
},{
"h":49,"n":"","p":21,"q":-42,"w":29,"x":987,"y":95
},{
"h":42,"n":"","p":-19,"q":28,"w":33,"x":990,"y":49
},{
"h":41,"n":"","p":-21,"q":38,"w":31,"x":987,"y":145
},{
"h":35,"n":"","p":53,"q":77,"w":31,"x":151,"y":967
},{
"h":35,"n":"","p":53,"q":77,"w":31,"x":183,"y":967
},{
"h":33,"n":"","p":57,"q":101,"w":31,"x":233,"y":755
},{
"h":33,"n":"","p":57,"q":101,"w":31,"x":233,"y":789
}
]
],"meta":{
"atlas":[
"ani_enemy_uma_image_0.png","ani_enemy_uma_image_1.png"
]
}
}
