{
"animations":[
{
"f":11,"l":[
{
"f":[
{
"c":0,"g":0,"h":1,"i":0,"k":48,"n":0,"p":3,"t":0,"u":0,"v":0,"w":1,"x":0.538,"y":0.792
},{
"c":0,"g":0,"h":0.82,"i":0,"k":50,"n":3,"t":1,"u":0,"v":0,"w":0.82,"x":0.538,"y":0.792
},{
"c":0,"g":0,"h":0.739,"i":0,"k":50,"n":4,"t":1,"u":0,"v":0,"w":0.739,"x":0.538,"y":0.792
},{
"c":0,"g":0,"h":0.801,"i":0,"k":59,"n":5,"t":1,"u":0,"v":0,"w":0.801,"x":0.538,"y":0.792
},{
"c":0,"g":0,"h":0.669,"i":0,"k":59,"n":6,"t":1,"u":0,"v":0,"w":0.669,"x":0.538,"y":0.792
},{
"c":0,"g":0,"h":0.806,"i":1,"k":86,"n":7,"p":9,"t":1,"u":0,"v":0,"w":0.806,"x":0.538,"y":0.792
},{
"c":0,"g":0,"h":0.364,"i":1,"k":86,"n":9,"t":0,"u":0,"v":0,"w":0.364,"x":0.538,"y":0.791
}
]
}
],"n":"white_esp","r":30
},{
"f":6,"l":[
{
"f":[
{
"c":0,"g":0,"h":2.548,"i":1,"k":108,"n":0,"t":1,"u":0,"v":0,"w":2.548,"x":0.987,"y":-43.686
},{
"c":0,"g":0,"h":2.548,"i":0,"k":71,"n":1,"t":1,"u":0,"v":0,"w":2.548,"x":0.987,"y":-43.686
},{
"c":0,"g":0,"h":2.548,"i":1,"k":126,"n":2,"t":1,"u":0,"v":0,"w":2.548,"x":0.987,"y":-43.686
},{
"c":0,"g":0,"h":2.548,"i":0,"k":72,"n":3,"t":1,"u":0,"v":0,"w":2.548,"x":0.987,"y":-43.686
},{
"c":0,"g":0,"h":2.548,"i":1,"k":125,"n":4,"t":1,"u":0,"v":0,"w":2.548,"x":0.987,"y":-43.686
},{
"c":0,"g":0,"h":2.548,"i":1,"k":109,"n":5,"t":1,"u":0,"v":0,"w":2.548,"x":0.987,"y":-43.686
}
]
},{
"b":3,"f":[
{
"c":0,"g":0,"h":2.548,"i":1,"k":127,"n":0,"t":0.062,"u":0,"v":0,"w":2.548,"x":0.987,"y":-43.686
},{
"c":0,"g":0,"h":2.548,"i":0,"k":74,"n":1,"t":0.062,"u":0,"v":0,"w":2.548,"x":0.987,"y":-43.686
},{
"c":0,"g":0,"h":2.548,"i":0,"k":78,"n":2,"t":0.062,"u":0,"v":0,"w":2.548,"x":0.987,"y":-43.686
},{
"c":0,"g":0,"h":2.548,"i":0,"k":75,"n":3,"t":0.062,"u":0,"v":0,"w":2.548,"x":0.987,"y":-43.686
},{
"c":0,"g":0,"h":2.548,"i":0,"k":73,"n":4,"t":0.062,"u":0,"v":0,"w":2.548,"x":0.987,"y":-43.686
},{
"c":0,"g":0,"h":2.548,"i":1,"k":128,"n":5,"t":0.062,"u":0,"v":0,"w":2.548,"x":0.987,"y":-43.686
}
]
}
],"n":"water_sequence","r":30
},{
"f":15,"l":[
{
"f":[
{
"c":0,"g":-6.35,"h":0.564,"i":1,"k":35,"n":0,"p":4,"t":0,"u":0,"v":0,"w":-0.825,"x":12.633,"y":-17.045
},{
"c":0,"g":8.48,"h":1.379,"i":1,"k":35,"n":4,"p":8,"t":1,"u":0,"v":0,"w":-1.173,"x":32.326,"y":-42.913
},{
"c":0,"g":8.08,"h":1.721,"i":1,"k":35,"n":8,"p":14,"t":1,"u":29.417,"v":39.178,"w":-1.627,"x":47.684,"y":-51.68
},{
"c":0,"g":5.31,"h":1.184,"i":1,"k":35,"n":14,"t":0,"u":28.546,"v":36.826,"w":-1.54,"x":46.437,"y":-40.005
}
]
}
],"n":"uma_splash_in03","r":30
},{
"f":13,"l":[
{
"f":[
{
"c":0,"g":-6.35,"h":0.564,"i":1,"k":40,"n":0,"p":5,"t":0,"u":0,"v":0,"w":-0.825,"x":-2.956,"y":-14.174
},{
"c":0,"g":-0.39,"h":1.379,"i":1,"k":40,"n":5,"p":8,"t":1,"u":0,"v":0,"w":-1.173,"x":0.094,"y":-41.913
},{
"c":0,"g":1.87,"h":1.721,"i":1,"k":40,"n":8,"p":12,"t":1,"u":0,"v":0,"w":-1.627,"x":0.095,"y":-50.914
},{
"c":0,"g":0.22,"h":1.184,"i":1,"k":40,"n":12,"t":0,"u":0,"v":0,"w":-1.54,"x":0.095,"y":-44.914
}
]
}
],"n":"uma_splash_in02","r":30
},{
"f":10,"l":[
{
"f":[
{
"c":0,"g":-17.29,"h":0.573,"i":1,"k":42,"n":0,"p":5,"t":1,"u":0,"v":0,"w":-0.573,"x":-37.769,"y":7.991
},{
"c":0,"g":-26.94,"h":0.81,"i":1,"k":42,"n":5,"p":9,"t":0.674,"u":0,"v":0,"w":-0.81,"x":-2.352,"y":-23.462
},{
"c":0,"g":-11.34,"h":1,"i":1,"k":42,"n":9,"t":0,"u":0,"v":0,"w":-1,"x":17.957,"y":-29.902
}
]
}
],"n":"uma_splash_in00","r":30
},{
"f":15,"l":[
{
"f":[
{
"c":0,"g":6.35,"h":0.564,"i":1,"k":35,"n":0,"p":4,"t":0,"u":0,"v":0,"w":0.825,"x":-12.892,"y":-17.045
},{
"c":0,"g":-8.48,"h":1.379,"i":1,"k":35,"n":4,"p":8,"t":1,"u":0,"v":0,"w":1.173,"x":-32.586,"y":-42.914
},{
"c":0,"g":-8.08,"h":1.721,"i":1,"k":35,"n":8,"p":14,"t":1,"u":29.417,"v":39.178,"w":1.627,"x":-47.945,"y":-51.68
},{
"c":0,"g":-5.31,"h":1.184,"i":1,"k":35,"n":14,"t":0,"u":28.546,"v":36.826,"w":1.54,"x":-46.697,"y":-40.004
}
]
}
],"n":"uma_splash_03","r":30
},{
"f":13,"l":[
{
"f":[
{
"c":0,"g":6.35,"h":0.564,"i":1,"k":40,"n":0,"p":5,"t":0,"u":0,"v":0,"w":0.825,"x":1.463,"y":-14.174
},{
"c":0,"g":0.39,"h":1.379,"i":1,"k":40,"n":5,"p":8,"t":1,"u":0,"v":0,"w":1.173,"x":-1.586,"y":-41.914
},{
"c":0,"g":-1.87,"h":1.721,"i":1,"k":40,"n":8,"p":12,"t":1,"u":0,"v":0,"w":1.627,"x":-1.587,"y":-50.914
},{
"c":0,"g":-0.22,"h":1.184,"i":1,"k":40,"n":12,"t":0,"u":0,"v":0,"w":1.54,"x":-1.587,"y":-44.914
}
]
}
],"n":"uma_splash_02","r":30
},{
"f":20,"l":[
{
"f":[
{
"c":0,"g":0,"h":0.584,"i":1,"k":57,"n":0,"p":5,"t":0,"u":0,"v":0,"w":1,"x":-2.052,"y":-17.501
},{
"c":0,"g":0,"h":1.118,"i":1,"k":57,"n":5,"p":9,"t":1,"u":0,"v":0,"w":1.16,"x":-2.052,"y":-41.056
},{
"c":0,"g":0,"h":1.762,"i":1,"k":57,"n":9,"p":19,"t":1,"u":0,"v":0,"w":1.247,"x":-2.052,"y":-69.501
},{
"c":0,"g":0,"h":1.378,"i":1,"k":57,"n":19,"t":0,"u":0,"v":0,"w":1.95,"x":-2.052,"y":-55.501
}
]
}
],"n":"uma_splash_01","r":30
},{
"f":10,"l":[
{
"f":[
{
"c":0,"g":17.29,"h":0.573,"i":1,"k":42,"n":0,"p":5,"t":1,"u":0,"v":0,"w":0.573,"x":38.318,"y":7.991
},{
"c":0,"g":26.94,"h":0.81,"i":1,"k":42,"n":5,"p":9,"t":0.674,"u":0,"v":0,"w":0.81,"x":2.901,"y":-23.462
},{
"c":0,"g":11.34,"h":1,"i":1,"k":42,"n":9,"t":0,"u":0,"v":0,"w":1,"x":-17.407,"y":-29.902
}
]
}
],"n":"uma_splash_00","r":30
},{
"f":13,"l":[
{
"f":[
{
"c":0,"g":0,"h":1,"i":1,"k":104,"n":0,"p":7,"t":1,"u":0,"v":0,"w":1,"x":-0.5,"y":1.5
},{
"c":0,"g":0,"h":0.198,"i":1,"k":104,"n":7,"p":12,"t":1,"u":0,"v":0,"w":0.198,"x":-0.5,"y":1.5
},{
"c":0,"g":0,"h":0.91,"i":1,"k":104,"n":12,"t":1,"u":0,"v":0,"w":0.91,"x":-0.5,"y":1.5
}
]
}
],"n":"uma_spark","r":30
},{
"f":14,"l":[
{
"f":[
{
"c":0,"g":0,"h":0.335,"i":0,"k":52,"n":0,"p":4,"t":0,"u":0,"v":0,"w":0.335,"x":-1.135,"y":-10.09
},{
"c":0,"g":0,"h":3.153,"i":0,"k":52,"n":4,"p":8,"t":1,"u":0,"v":0,"w":1.726,"x":-1.135,"y":-125.373
},{
"c":0,"g":0,"h":3.549,"i":0,"k":52,"n":8,"p":13,"t":1,"u":0,"v":0,"w":0.599,"x":-1.135,"y":-165.143
},{
"c":0,"g":0,"h":3.937,"i":0,"k":52,"n":13,"t":0,"u":0,"v":0,"w":0.036,"x":-1.135,"y":-333.857
}
]
}
],"n":"transport_ligth_uma","r":30
},{
"f":14,"l":[
{
"f":[
{
"c":0,"g":0,"h":0.335,"i":1,"k":3,"n":0,"p":4,"t":0,"u":0,"v":0,"w":0.335,"x":-10.134,"y":-130.091
},{
"c":0,"g":0,"h":3.105,"i":1,"k":3,"n":4,"p":7,"t":1,"u":0,"v":0,"w":3.105,"x":-10.135,"y":-147.373
},{
"c":0,"g":0,"h":3.694,"i":1,"k":3,"n":7,"p":13,"t":1,"u":0,"v":0,"w":3.662,"x":-10.134,"y":-152.143
},{
"c":0,"g":0,"h":3.937,"i":1,"k":3,"n":13,"t":0,"u":0,"v":0,"w":4.322,"x":-10.135,"y":-173.856
}
]
}
],"n":"transport_ligth_mal","r":30
},{
"f":14,"l":[
{
"f":[
{
"c":0,"g":0,"h":0.335,"i":1,"k":0,"n":0,"p":4,"t":0,"u":0,"v":0,"w":0.335,"x":-1.135,"y":-10.09
},{
"c":0,"g":0,"h":3.153,"i":1,"k":0,"n":4,"p":8,"t":1,"u":0,"v":0,"w":1.726,"x":-1.135,"y":-125.373
},{
"c":0,"g":0,"h":3.549,"i":1,"k":0,"n":8,"p":13,"t":1,"u":0,"v":0,"w":0.599,"x":-1.135,"y":-165.143
},{
"c":0,"g":0,"h":3.937,"i":1,"k":0,"n":13,"t":0,"u":0,"v":0,"w":0.036,"x":-1.135,"y":-333.857
}
]
}
],"n":"transport_ligth_esuma","r":30
},{
"f":14,"l":[
{
"f":[
{
"c":0,"g":0,"h":0.335,"i":1,"k":1,"n":0,"p":4,"t":0,"u":0,"v":0,"w":0.335,"x":-1.135,"y":-10.09
},{
"c":0,"g":0,"h":3.153,"i":1,"k":1,"n":4,"p":8,"t":1,"u":0,"v":0,"w":1.726,"x":-1.135,"y":-125.373
},{
"c":0,"g":0,"h":3.549,"i":1,"k":1,"n":8,"p":13,"t":1,"u":0,"v":0,"w":0.599,"x":-1.135,"y":-165.143
},{
"c":0,"g":0,"h":3.937,"i":1,"k":1,"n":13,"t":0,"u":0,"v":0,"w":0.036,"x":-1.135,"y":-333.857
}
]
}
],"n":"transport_ligth_esmal","r":30
},{
"f":10,"l":[
{
"f":[
{
"c":0,"g":0,"h":1,"i":1,"k":100,"n":0,"t":1,"u":0,"v":0,"w":1,"x":-24.083,"y":86.282
},{
"c":0,"g":0,"h":1,"i":0,"k":15,"n":1,"t":1,"u":0,"v":0,"w":1,"x":-24.083,"y":86.282
},{
"c":0,"g":0,"h":1,"i":0,"k":9,"n":2,"t":1,"u":0,"v":0,"w":1,"x":-24.083,"y":86.282
},{
"c":0,"g":0,"h":1,"i":0,"k":10,"n":3,"t":1,"u":0,"v":0,"w":1,"x":-24.083,"y":86.282
},{
"c":0,"g":0,"h":1,"i":0,"k":18,"n":4,"t":1,"u":0,"v":0,"w":1,"x":-24.083,"y":86.282
},{
"c":0,"g":0,"h":1,"i":0,"k":14,"n":5,"t":1,"u":0,"v":0,"w":1,"x":-24.083,"y":86.282
},{
"c":0,"g":0,"h":1,"i":0,"k":20,"n":6,"t":1,"u":0,"v":0,"w":1,"x":-24.083,"y":86.282
},{
"c":0,"g":0,"h":1,"i":0,"k":21,"n":7,"t":1,"u":0,"v":0,"w":1,"x":-24.083,"y":86.282
},{
"c":0,"g":0,"h":0,"i":-1,"k":-1,"n":8,"t":0,"u":0,"v":0,"w":0,"x":0,"y":0
}
]
},{
"b":2,"f":[
{
"c":0,"g":0,"h":1,"i":1,"k":100,"n":0,"t":1,"u":0,"v":0,"w":1,"x":-24.083,"y":86.282
},{
"c":0,"g":0,"h":1,"i":0,"k":15,"n":1,"t":1,"u":0,"v":0,"w":1,"x":-24.083,"y":86.282
},{
"c":0,"g":0,"h":1,"i":0,"k":9,"n":2,"t":1,"u":0,"v":0,"w":1,"x":-24.083,"y":86.282
},{
"c":0,"g":0,"h":1,"i":0,"k":10,"n":3,"t":1,"u":0,"v":0,"w":1,"x":-24.083,"y":86.282
},{
"c":0,"g":0,"h":1,"i":0,"k":18,"n":4,"t":1,"u":0,"v":0,"w":1,"x":-24.083,"y":86.282
},{
"c":0,"g":0,"h":1,"i":0,"k":14,"n":5,"t":1,"u":0,"v":0,"w":1,"x":-24.083,"y":86.282
},{
"c":0,"g":0,"h":1,"i":0,"k":20,"n":6,"t":1,"u":0,"v":0,"w":1,"x":-24.083,"y":86.282
},{
"c":0,"g":0,"h":1,"i":0,"k":21,"n":7,"t":1,"u":0,"v":0,"w":1,"x":-24.083,"y":86.282
},{
"c":0,"g":0,"h":0,"i":-1,"k":-1,"n":8,"t":0,"u":0,"v":0,"w":0,"x":0,"y":0
}
]
}
],"n":"thunder_02","r":30
},{
"f":13,"l":[
{
"f":[
{
"c":0,"g":0,"h":1,"i":0,"k":89,"n":0,"t":1,"u":0,"v":0,"w":1,"x":25.552,"y":89.485
},{
"c":0,"g":0,"h":1,"i":0,"k":54,"n":1,"t":1,"u":0,"v":0,"w":1,"x":25.552,"y":89.485
},{
"c":0,"g":0,"h":1,"i":0,"k":17,"n":2,"t":1,"u":0,"v":0,"w":1,"x":25.552,"y":89.485
},{
"c":0,"g":0,"h":1,"i":0,"k":12,"n":3,"t":1,"u":0,"v":0,"w":1,"x":25.552,"y":89.485
},{
"c":0,"g":0,"h":1,"i":0,"k":8,"n":4,"t":1,"u":0,"v":0,"w":1,"x":25.552,"y":89.485
},{
"c":0,"g":0,"h":1,"i":0,"k":11,"n":5,"t":1,"u":0,"v":0,"w":1,"x":25.552,"y":89.485
},{
"c":0,"g":0,"h":1,"i":0,"k":19,"n":7,"t":1,"u":0,"v":0,"w":1,"x":25.552,"y":89.485
},{
"c":0,"g":0,"h":1,"i":1,"k":14,"n":9,"t":1,"u":0,"v":0,"w":1,"x":25.552,"y":89.485
},{
"c":0,"g":0,"h":0,"i":-1,"k":-1,"n":11,"t":0,"u":0,"v":0,"w":0,"x":0,"y":0
}
]
},{
"b":2,"f":[
{
"c":0,"g":0,"h":1,"i":0,"k":89,"n":0,"t":1,"u":0,"v":0,"w":1,"x":25.552,"y":89.485
},{
"c":0,"g":0,"h":1,"i":0,"k":54,"n":1,"t":1,"u":0,"v":0,"w":1,"x":25.552,"y":89.485
},{
"c":0,"g":0,"h":1,"i":0,"k":17,"n":2,"t":1,"u":0,"v":0,"w":1,"x":25.552,"y":89.485
},{
"c":0,"g":0,"h":1,"i":0,"k":12,"n":3,"t":1,"u":0,"v":0,"w":1,"x":25.552,"y":89.485
},{
"c":0,"g":0,"h":1,"i":0,"k":8,"n":4,"t":1,"u":0,"v":0,"w":1,"x":25.552,"y":89.485
},{
"c":0,"g":0,"h":1,"i":0,"k":11,"n":5,"t":1,"u":0,"v":0,"w":1,"x":25.552,"y":89.485
},{
"c":0,"g":0,"h":1,"i":0,"k":19,"n":7,"t":1,"u":0,"v":0,"w":1,"x":25.552,"y":89.485
},{
"c":0,"g":0,"h":1,"i":1,"k":14,"n":9,"t":1,"u":0,"v":0,"w":1,"x":25.552,"y":89.485
},{
"c":0,"g":0,"h":0,"i":-1,"k":-1,"n":11,"t":0,"u":0,"v":0,"w":0,"x":0,"y":0
}
]
}
],"n":"thunder_01","r":30
},{
"f":13,"l":[
{
"f":[
{
"c":0,"g":0,"h":1,"i":1,"k":102,"n":0,"p":7,"t":1,"u":0,"v":0,"w":1,"x":-0.5,"y":1.5
},{
"c":0,"g":0,"h":0.198,"i":1,"k":102,"n":7,"p":12,"t":1,"u":0,"v":0,"w":0.198,"x":-0.5,"y":1.5
},{
"c":0,"g":0,"h":0.91,"i":1,"k":102,"n":12,"t":1,"u":0,"v":0,"w":0.91,"x":-0.5,"y":1.5
}
]
}
],"n":"mal_spark","r":30
},{
"f":4,"l":[
{
"f":[
{
"c":0,"g":0,"h":7.904,"i":0,"k":2,"n":0,"p":2,"t":1,"u":0,"v":0,"w":1,"x":3.499,"y":-182.501
},{
"c":0,"g":0,"h":7.904,"i":0,"k":2,"n":2,"p":3,"t":1,"u":0,"v":0,"w":1.156,"x":3.5,"y":-182.501
},{
"c":0,"g":0,"h":7.904,"i":0,"k":2,"n":3,"t":1,"u":0,"v":0,"w":1.078,"x":3.5,"y":-182.501
}
]
},{
"b":2,"f":[
{
"c":0,"g":0,"h":7.904,"i":0,"k":1,"n":0,"p":2,"t":1,"u":0,"v":0,"w":1,"x":3.499,"y":-182.501
},{
"c":0,"g":0,"h":7.904,"i":0,"k":1,"n":2,"p":3,"t":1,"u":0,"v":0,"w":1.156,"x":3.5,"y":-182.501
},{
"c":0,"g":0,"h":7.904,"i":0,"k":1,"n":3,"t":1,"u":0,"v":0,"w":1.078,"x":3.5,"y":-182.501
}
]
}
],"n":"magical_tube_stand_uma","r":30
},{
"f":4,"l":[
{
"f":[
{
"c":0,"g":0,"h":7.904,"i":0,"k":3,"n":0,"p":2,"t":1,"u":0,"v":0,"w":1,"x":3.499,"y":-182.501
},{
"c":0,"g":0,"h":7.904,"i":0,"k":3,"n":2,"p":3,"t":1,"u":0,"v":0,"w":1.156,"x":3.5,"y":-182.501
},{
"c":0,"g":0,"h":7.904,"i":0,"k":3,"n":3,"t":1,"u":0,"v":0,"w":1.078,"x":3.5,"y":-182.501
}
]
},{
"b":2,"f":[
{
"c":0,"g":0,"h":7.904,"i":0,"k":0,"n":0,"p":2,"t":1,"u":0,"v":0,"w":1,"x":3.499,"y":-182.501
},{
"c":0,"g":0,"h":7.904,"i":0,"k":0,"n":2,"p":3,"t":1,"u":0,"v":0,"w":1.156,"x":3.5,"y":-182.501
},{
"c":0,"g":0,"h":7.904,"i":0,"k":0,"n":3,"t":1,"u":0,"v":0,"w":1.078,"x":3.5,"y":-182.501
}
]
}
],"n":"magical_tube_stand_mal","r":30
},{
"f":16,"l":[
{
"f":[
{
"c":0,"g":0,"h":5.492,"i":0,"k":2,"n":0,"t":0,"u":0,"v":0,"w":1,"x":3.5,"y":-182.499
},{
"c":0,"g":0,"h":6.283,"i":0,"k":2,"n":5,"t":1,"u":0,"v":0,"w":0.11,"x":3.5,"y":-182.499
},{
"c":0,"g":0,"h":6.43,"i":0,"k":2,"n":6,"t":1,"u":0,"v":0,"w":0.205,"x":3.499,"y":-182.498
},{
"c":0,"g":0,"h":6.577,"i":0,"k":2,"n":7,"t":1,"u":0,"v":0,"w":0.271,"x":3.5,"y":-182.499
},{
"c":0,"g":0,"h":6.725,"i":0,"k":2,"n":8,"t":1,"u":0,"v":0,"w":0.258,"x":3.499,"y":-182.499
},{
"c":0,"g":0,"h":6.872,"i":0,"k":2,"n":9,"t":1,"u":0,"v":0,"w":0.366,"x":3.5,"y":-182.499
},{
"c":0,"g":0,"h":7.019,"i":0,"k":2,"n":10,"t":1,"u":0,"v":0,"w":0.378,"x":3.5,"y":-182.499
},{
"c":0,"g":0,"h":7.167,"i":0,"k":2,"n":11,"t":1,"u":0,"v":0,"w":0.595,"x":3.5,"y":-182.498
},{
"c":0,"g":0,"h":7.314,"i":0,"k":2,"n":12,"t":1,"u":0,"v":0,"w":0.501,"x":3.5,"y":-182.499
},{
"c":0,"g":0,"h":7.462,"i":0,"k":2,"n":13,"t":1,"u":0,"v":0,"w":0.757,"x":3.5,"y":-182.499
},{
"c":0,"g":0,"h":7.609,"i":0,"k":2,"n":14,"t":1,"u":0,"v":0,"w":0.71,"x":3.499,"y":-182.499
},{
"c":0,"g":0,"h":7.756,"i":0,"k":2,"n":15,"t":1,"u":0,"v":0,"w":0.919,"x":3.499,"y":-182.5
}
]
},{
"b":2,"f":[
{
"c":0,"g":0,"h":0.036,"i":0,"k":60,"n":0,"p":4,"t":1,"u":0,"v":0,"w":0.056,"x":2.153,"y":-82.578
},{
"c":0,"g":0,"h":3.045,"i":0,"k":60,"n":4,"p":8,"t":1,"u":0,"v":0,"w":0.635,"x":2.492,"y":-116.635
},{
"c":0,"g":0,"h":5.228,"i":0,"k":60,"n":8,"t":0,"u":0,"v":0,"w":0.89,"x":2.493,"y":-117.634
}
]
},{
"b":2,"f":[
{
"c":0,"g":0,"h":5.492,"i":0,"k":1,"n":0,"t":0,"u":0,"v":0,"w":1,"x":3.5,"y":-182.499
},{
"c":0,"g":0,"h":6.283,"i":0,"k":1,"n":5,"t":1,"u":0,"v":0,"w":0.11,"x":3.5,"y":-182.499
},{
"c":0,"g":0,"h":6.43,"i":0,"k":1,"n":6,"t":1,"u":0,"v":0,"w":0.205,"x":3.499,"y":-182.498
},{
"c":0,"g":0,"h":6.577,"i":0,"k":1,"n":7,"t":1,"u":0,"v":0,"w":0.271,"x":3.5,"y":-182.499
},{
"c":0,"g":0,"h":6.725,"i":0,"k":1,"n":8,"t":1,"u":0,"v":0,"w":0.258,"x":3.499,"y":-182.499
},{
"c":0,"g":0,"h":6.872,"i":0,"k":1,"n":9,"t":1,"u":0,"v":0,"w":0.366,"x":3.5,"y":-182.499
},{
"c":0,"g":0,"h":7.019,"i":0,"k":1,"n":10,"t":1,"u":0,"v":0,"w":0.378,"x":3.5,"y":-182.499
},{
"c":0,"g":0,"h":7.167,"i":0,"k":1,"n":11,"t":1,"u":0,"v":0,"w":0.595,"x":3.5,"y":-182.498
},{
"c":0,"g":0,"h":7.314,"i":0,"k":1,"n":12,"t":1,"u":0,"v":0,"w":0.501,"x":3.5,"y":-182.499
},{
"c":0,"g":0,"h":7.462,"i":0,"k":1,"n":13,"t":1,"u":0,"v":0,"w":0.757,"x":3.5,"y":-182.499
},{
"c":0,"g":0,"h":7.609,"i":0,"k":1,"n":14,"t":1,"u":0,"v":0,"w":0.71,"x":3.499,"y":-182.499
},{
"c":0,"g":0,"h":7.756,"i":0,"k":1,"n":15,"t":1,"u":0,"v":0,"w":0.919,"x":3.499,"y":-182.5
}
]
}
],"n":"magical_tube_appaer_uma","r":30
},{
"f":16,"l":[
{
"f":[
{
"c":0,"g":0,"h":5.492,"i":0,"k":3,"n":0,"t":0,"u":0,"v":0,"w":1,"x":3.5,"y":-182.499
},{
"c":0,"g":0,"h":6.283,"i":0,"k":3,"n":5,"t":1,"u":0,"v":0,"w":0.11,"x":3.5,"y":-182.499
},{
"c":0,"g":0,"h":6.43,"i":0,"k":3,"n":6,"t":1,"u":0,"v":0,"w":0.205,"x":3.499,"y":-182.498
},{
"c":0,"g":0,"h":6.577,"i":0,"k":3,"n":7,"t":1,"u":0,"v":0,"w":0.271,"x":3.5,"y":-182.499
},{
"c":0,"g":0,"h":6.725,"i":0,"k":3,"n":8,"t":1,"u":0,"v":0,"w":0.258,"x":3.499,"y":-182.499
},{
"c":0,"g":0,"h":6.872,"i":0,"k":3,"n":9,"t":1,"u":0,"v":0,"w":0.366,"x":3.5,"y":-182.499
},{
"c":0,"g":0,"h":7.019,"i":0,"k":3,"n":10,"t":1,"u":0,"v":0,"w":0.378,"x":3.5,"y":-182.499
},{
"c":0,"g":0,"h":7.167,"i":0,"k":3,"n":11,"t":1,"u":0,"v":0,"w":0.595,"x":3.5,"y":-182.498
},{
"c":0,"g":0,"h":7.314,"i":0,"k":3,"n":12,"t":1,"u":0,"v":0,"w":0.501,"x":3.5,"y":-182.499
},{
"c":0,"g":0,"h":7.462,"i":0,"k":3,"n":13,"t":1,"u":0,"v":0,"w":0.757,"x":3.5,"y":-182.499
},{
"c":0,"g":0,"h":7.609,"i":0,"k":3,"n":14,"t":1,"u":0,"v":0,"w":0.71,"x":3.499,"y":-182.499
},{
"c":0,"g":0,"h":7.756,"i":0,"k":3,"n":15,"t":1,"u":0,"v":0,"w":0.919,"x":3.499,"y":-182.5
}
]
},{
"b":2,"f":[
{
"c":0,"g":0,"h":0.036,"i":0,"k":58,"n":0,"p":4,"t":1,"u":0,"v":0,"w":0.056,"x":2.153,"y":-82.578
},{
"c":0,"g":0,"h":3.045,"i":0,"k":58,"n":4,"p":8,"t":1,"u":0,"v":0,"w":0.635,"x":2.492,"y":-116.635
},{
"c":0,"g":0,"h":5.228,"i":0,"k":58,"n":8,"t":0,"u":0,"v":0,"w":0.89,"x":2.493,"y":-117.634
}
]
},{
"b":2,"f":[
{
"c":0,"g":0,"h":5.492,"i":0,"k":0,"n":0,"t":0,"u":0,"v":0,"w":1,"x":3.5,"y":-182.499
},{
"c":0,"g":0,"h":6.283,"i":0,"k":0,"n":5,"t":1,"u":0,"v":0,"w":0.11,"x":3.5,"y":-182.499
},{
"c":0,"g":0,"h":6.43,"i":0,"k":0,"n":6,"t":1,"u":0,"v":0,"w":0.205,"x":3.499,"y":-182.498
},{
"c":0,"g":0,"h":6.577,"i":0,"k":0,"n":7,"t":1,"u":0,"v":0,"w":0.271,"x":3.5,"y":-182.499
},{
"c":0,"g":0,"h":6.725,"i":0,"k":0,"n":8,"t":1,"u":0,"v":0,"w":0.258,"x":3.499,"y":-182.499
},{
"c":0,"g":0,"h":6.872,"i":0,"k":0,"n":9,"t":1,"u":0,"v":0,"w":0.366,"x":3.5,"y":-182.499
},{
"c":0,"g":0,"h":7.019,"i":0,"k":0,"n":10,"t":1,"u":0,"v":0,"w":0.378,"x":3.5,"y":-182.499
},{
"c":0,"g":0,"h":7.167,"i":0,"k":0,"n":11,"t":1,"u":0,"v":0,"w":0.595,"x":3.5,"y":-182.498
},{
"c":0,"g":0,"h":7.314,"i":0,"k":0,"n":12,"t":1,"u":0,"v":0,"w":0.501,"x":3.5,"y":-182.499
},{
"c":0,"g":0,"h":7.462,"i":0,"k":0,"n":13,"t":1,"u":0,"v":0,"w":0.757,"x":3.5,"y":-182.499
},{
"c":0,"g":0,"h":7.609,"i":0,"k":0,"n":14,"t":1,"u":0,"v":0,"w":0.71,"x":3.499,"y":-182.499
},{
"c":0,"g":0,"h":7.756,"i":0,"k":0,"n":15,"t":1,"u":0,"v":0,"w":0.919,"x":3.499,"y":-182.5
}
]
}
],"n":"magical_tube_appaer_mal","r":30
},{
"f":18,"l":[
{
"b":2,"f":[
{
"c":0,"g":180,"h":15.734,"i":1,"k":36,"n":0,"p":6,"t":0,"u":0,"v":0,"w":15.734,"x":6,"y":15
},{
"c":0,"g":90,"h":9.301,"i":1,"k":36,"n":6,"p":16,"t":0.588,"u":0,"v":0,"w":9.301,"x":0,"y":0
},{
"c":0,"g":4.74,"h":0.679,"i":1,"k":36,"n":16,"p":17,"t":0.772,"u":0,"v":0,"w":0.679,"x":0,"y":0
},{
"c":0,"g":0,"h":0,"i":-1,"k":-1,"n":17,"t":0,"u":0,"v":0,"w":0,"x":0,"y":0
}
]
}
],"n":"fx_implode_uma","r":30
},{
"f":18,"l":[
{
"b":2,"f":[
{
"c":0,"g":180,"h":15.734,"i":1,"k":37,"n":0,"p":6,"t":0,"u":0,"v":0,"w":15.734,"x":3,"y":17
},{
"c":0,"g":90,"h":9.301,"i":1,"k":37,"n":6,"p":16,"t":0.588,"u":0,"v":0,"w":9.301,"x":0,"y":0
},{
"c":0,"g":4.74,"h":0.679,"i":1,"k":37,"n":16,"p":17,"t":0.772,"u":0,"v":0,"w":0.679,"x":0,"y":0
},{
"c":0,"g":0,"h":0,"i":-1,"k":-1,"n":17,"t":0,"u":0,"v":0,"w":0,"x":0,"y":0
}
]
}
],"n":"fx_implode_mal","r":30
},{
"f":2,"l":[
{
"f":[
{
"c":0,"g":0,"h":1.347,"i":1,"k":15,"n":0,"t":1,"u":0,"v":0,"w":1.347,"x":0.5,"y":-1.5
},{
"c":0,"g":0,"h":1.426,"i":1,"k":15,"n":1,"t":1,"u":0,"v":0,"w":1.426,"x":0.5,"y":-1.5
}
]
}
],"n":"fx_fire_bullet_red_02_mal","r":30
},{
"f":2,"l":[
{
"b":2,"f":[
{
"c":0,"g":0,"h":1,"i":1,"k":41,"n":0,"t":1,"u":0,"v":0,"w":1,"x":0.5,"y":-1.5
},{
"c":0,"g":0,"h":0.925,"i":1,"k":41,"n":1,"t":1,"u":0,"v":0,"w":0.925,"x":0.499,"y":-1.5
}
]
}
],"n":"fx_fire_bullet_red_01_mal","r":30
},{
"f":17,"l":[
{
"b":2,"f":[
{
"c":0,"g":0,"h":0.2,"i":1,"k":36,"n":0,"p":7,"t":0.784,"u":0,"v":0,"w":0.2,"x":0,"y":0
},{
"c":0,"g":90,"h":9.301,"i":1,"k":36,"n":7,"p":16,"t":0.588,"u":0,"v":0,"w":9.301,"x":0,"y":0
},{
"c":0,"g":180,"h":15.734,"i":1,"k":36,"n":16,"t":0,"u":0,"v":0,"w":15.734,"x":0,"y":0
}
]
}
],"n":"fx_explode_uma","r":30
},{
"f":17,"l":[
{
"b":2,"f":[
{
"c":0,"g":0,"h":0.2,"i":1,"k":37,"n":0,"p":7,"t":0.784,"u":0,"v":0,"w":0.2,"x":0,"y":0
},{
"c":0,"g":90,"h":9.301,"i":1,"k":37,"n":7,"p":16,"t":0.588,"u":0,"v":0,"w":9.301,"x":0,"y":0
},{
"c":0,"g":180,"h":15.734,"i":1,"k":37,"n":16,"t":0,"u":0,"v":0,"w":15.734,"x":0,"y":0
}
]
}
],"n":"fx_explode_mal","r":30
},{
"f":1,"l":[
{
"f":[
{
"c":0,"g":-90,"h":-6.987,"i":0,"k":4,"n":0,"t":0.784,"u":0,"v":0,"w":0.941,"x":6.075,"y":404.13
}
]
},{
"f":[
{
"c":0,"g":-90,"h":-6.987,"i":0,"k":4,"n":0,"t":0.784,"u":0,"v":0,"w":0.941,"x":6.075,"y":404.13
}
]
},{
"f":[
{
"c":0,"g":90,"h":6.987,"i":0,"k":4,"n":0,"t":0.784,"u":0,"v":0,"w":0.941,"x":6.074,"y":-405.599
}
]
},{
"f":[
{
"c":0,"g":90,"h":6.987,"i":0,"k":4,"n":0,"t":0.784,"u":0,"v":0,"w":0.941,"x":6.074,"y":-405.599
}
]
}
],"n":"fx_border_stand_uma","r":30
},{
"f":1,"l":[
{
"f":[
{
"c":0,"g":-90,"h":-6.987,"i":0,"k":5,"n":0,"t":0.784,"u":0,"v":0,"w":0.941,"x":6.075,"y":404.13
}
]
},{
"f":[
{
"c":0,"g":-90,"h":-6.987,"i":0,"k":5,"n":0,"t":0.784,"u":0,"v":0,"w":0.941,"x":6.075,"y":404.13
}
]
},{
"f":[
{
"c":0,"g":90,"h":6.987,"i":0,"k":5,"n":0,"t":0.784,"u":0,"v":0,"w":0.941,"x":6.074,"y":-405.599
}
]
},{
"f":[
{
"c":0,"g":90,"h":6.987,"i":0,"k":5,"n":0,"t":0.784,"u":0,"v":0,"w":0.941,"x":6.074,"y":-405.599
}
]
}
],"n":"fx_border_stand_mal","r":30
},{
"f":8,"l":[
{
"b":2,"f":[
{
"c":0,"g":-90,"h":-7.35,"i":0,"k":4,"n":0,"p":4,"t":0.784,"u":0,"v":0,"w":0.941,"x":6.377,"y":403.53
},{
"c":0,"g":-90,"h":-7.35,"i":0,"k":4,"n":4,"p":7,"t":0.078,"u":0,"v":0,"w":0.941,"x":6.377,"y":406.53
},{
"c":0,"g":-90,"h":-7.35,"i":0,"k":4,"n":7,"t":0.643,"u":0,"v":0,"w":0.941,"x":6.377,"y":404.13
}
]
},{
"b":2,"f":[
{
"c":0,"g":90,"h":7.35,"i":0,"k":4,"n":0,"p":4,"t":0.784,"u":0,"v":0,"w":0.941,"x":6.376,"y":-403
},{
"c":0,"g":90,"h":7.35,"i":0,"k":4,"n":4,"p":7,"t":0.078,"u":0,"v":0,"w":0.941,"x":6.376,"y":-406
},{
"c":0,"g":90,"h":7.35,"i":0,"k":4,"n":7,"t":0.643,"u":0,"v":0,"w":0.941,"x":6.376,"y":-403.599
}
]
}
],"n":"fx_border_alert_uma","r":30
},{
"f":8,"l":[
{
"b":2,"f":[
{
"c":0,"g":-90,"h":-7.35,"i":0,"k":5,"n":0,"p":4,"t":0.784,"u":0,"v":0,"w":0.941,"x":6.377,"y":403.53
},{
"c":0,"g":-90,"h":-7.35,"i":0,"k":5,"n":4,"p":7,"t":0.078,"u":0,"v":0,"w":0.941,"x":6.377,"y":406.53
},{
"c":0,"g":-90,"h":-7.35,"i":0,"k":5,"n":7,"t":0.643,"u":0,"v":0,"w":0.941,"x":6.377,"y":404.13
}
]
},{
"b":2,"f":[
{
"c":0,"g":90,"h":7.35,"i":0,"k":5,"n":0,"p":4,"t":0.784,"u":0,"v":0,"w":0.941,"x":6.376,"y":-403
},{
"c":0,"g":90,"h":7.35,"i":0,"k":5,"n":4,"p":7,"t":0.078,"u":0,"v":0,"w":0.941,"x":6.376,"y":-406
},{
"c":0,"g":90,"h":7.35,"i":0,"k":5,"n":7,"t":0.643,"u":0,"v":0,"w":0.941,"x":6.376,"y":-403.599
}
]
}
],"n":"fx_border_alert_mal","r":30
},{
"f":2,"l":[
{
"f":[
{
"c":0,"g":0,"h":2.956,"i":1,"k":92,"n":0,"t":0.745,"u":0,"v":0,"w":2.956,"x":0,"y":-0.978
},{
"c":0,"g":0,"h":2.956,"i":1,"k":92,"n":1,"t":0.325,"u":0,"v":0,"w":2.956,"x":0,"y":-0.978
}
]
}
],"n":"fx_boost_uma","r":30
},{
"f":4,"l":[
{
"f":[
{
"c":0,"g":0,"h":2.971,"i":1,"k":94,"n":0,"t":0.745,"u":0,"v":0,"w":2.971,"x":0,"y":-0.985
},{
"c":0,"g":0,"h":2.971,"i":1,"k":94,"n":2,"t":0.325,"u":0,"v":0,"w":2.971,"x":0,"y":-0.985
}
]
}
],"n":"fx_boost_mal","r":30
},{
"f":32,"l":[
{
"f":[
{
"c":0,"g":0,"h":1,"i":1,"k":74,"n":0,"t":1,"u":0,"v":0,"w":1,"x":7.257,"y":-7.288
},{
"c":0,"g":0,"h":1,"i":1,"k":81,"n":2,"t":1,"u":0,"v":0,"w":1,"x":7.257,"y":-7.288
},{
"c":0,"g":0,"h":1,"i":1,"k":82,"n":4,"t":1,"u":0,"v":0,"w":1,"x":7.257,"y":-7.288
},{
"c":0,"g":0,"h":1,"i":1,"k":84,"n":6,"t":1,"u":0,"v":0,"w":1,"x":7.257,"y":-7.288
},{
"c":0,"g":0,"h":1,"i":1,"k":99,"n":8,"t":1,"u":0,"v":0,"w":1,"x":7.257,"y":-7.288
},{
"c":0,"g":0,"h":1,"i":1,"k":123,"n":10,"t":1,"u":0,"v":0,"w":1,"x":7.257,"y":-7.288
},{
"c":0,"g":0,"h":1,"i":1,"k":106,"n":12,"t":1,"u":0,"v":0,"w":1,"x":7.257,"y":-7.288
},{
"c":0,"g":0,"h":1,"i":1,"k":107,"n":14,"t":1,"u":0,"v":0,"w":1,"x":7.257,"y":-7.288
},{
"c":0,"g":0,"h":1,"i":1,"k":110,"n":16,"t":1,"u":0,"v":0,"w":1,"x":7.257,"y":-7.288
},{
"c":0,"g":0,"h":1,"i":1,"k":121,"n":18,"t":1,"u":0,"v":0,"w":1,"x":7.257,"y":-7.288
},{
"c":0,"g":0,"h":1,"i":1,"k":111,"n":20,"t":1,"u":0,"v":0,"w":1,"x":7.257,"y":-7.288
},{
"c":0,"g":0,"h":1,"i":1,"k":122,"n":22,"t":1,"u":0,"v":0,"w":1,"x":7.257,"y":-7.288
},{
"c":0,"g":0,"h":1,"i":1,"k":103,"n":24,"t":1,"u":0,"v":0,"w":1,"x":7.257,"y":-7.288
},{
"c":0,"g":0,"h":1,"i":1,"k":91,"n":26,"t":1,"u":0,"v":0,"w":1,"x":7.257,"y":-7.288
},{
"c":0,"g":0,"h":1,"i":1,"k":83,"n":28,"t":1,"u":0,"v":0,"w":1,"x":7.257,"y":-7.288
},{
"c":0,"g":0,"h":1,"i":1,"k":78,"n":30,"t":1,"u":0,"v":0,"w":1,"x":7.257,"y":-7.288
}
]
}
],"n":"fxSeagull","r":30
},{
"f":221,"l":[
{
"f":[
{
"c":0,"g":0,"h":1,"i":1,"k":73,"n":0,"p":39,"t":0,"u":0,"v":0,"w":1,"x":0,"y":2
},{
"c":0,"g":0,"h":1,"i":1,"k":73,"n":39,"t":0.392,"u":0,"v":0,"w":1,"x":0,"y":2
},{
"c":0,"g":0,"h":1,"i":1,"k":73,"n":155,"p":195,"t":0.392,"u":0,"v":0,"w":1,"x":0,"y":2
},{
"c":0,"g":0,"h":1,"i":1,"k":73,"n":195,"t":0,"u":0,"v":0,"w":1,"x":0,"y":2
}
]
}
],"n":"fxCloud03","r":30
},{
"f":221,"l":[
{
"f":[
{
"c":0,"g":0,"h":1,"i":0,"k":63,"n":0,"p":39,"t":0,"u":0,"v":0,"w":1,"x":0,"y":2
},{
"c":0,"g":0,"h":1,"i":0,"k":63,"n":39,"t":0.392,"u":0,"v":0,"w":1,"x":0,"y":2
},{
"c":0,"g":0,"h":1,"i":0,"k":63,"n":155,"p":195,"t":0.392,"u":0,"v":0,"w":1,"x":0,"y":2
},{
"c":0,"g":0,"h":1,"i":0,"k":63,"n":195,"t":0,"u":0,"v":0,"w":1,"x":0,"y":2
}
]
}
],"n":"fxCloud02","r":30
},{
"f":221,"l":[
{
"f":[
{
"c":0,"g":0,"h":1,"i":0,"k":62,"n":0,"p":39,"t":0,"u":0,"v":0,"w":1,"x":0,"y":2
},{
"c":0,"g":0,"h":1,"i":0,"k":62,"n":39,"t":0.392,"u":0,"v":0,"w":1,"x":0,"y":2
},{
"c":0,"g":0,"h":1,"i":0,"k":62,"n":155,"p":195,"t":0.392,"u":0,"v":0,"w":1,"x":0,"y":2
},{
"c":0,"g":0,"h":1,"i":0,"k":62,"n":195,"t":0,"u":0,"v":0,"w":1,"x":0,"y":2
}
]
}
],"n":"fxCloud01","r":30
},{
"f":20,"l":[
{
"f":[
{
"c":0,"g":0,"h":0.204,"i":0,"k":13,"n":0,"p":4,"t":1,"u":0,"v":0,"w":0.204,"x":0,"y":0
},{
"c":0,"g":0,"h":0.908,"i":0,"k":13,"n":4,"p":7,"t":1,"u":0,"v":0,"w":0.908,"x":0,"y":0
},{
"c":0,"g":0,"h":1,"i":0,"k":13,"n":7,"t":1,"u":0,"v":0,"w":1,"x":0,"y":0
},{
"c":0,"g":0,"h":1,"i":0,"k":13,"n":15,"p":19,"t":1,"u":0,"v":0,"w":1,"x":0,"y":0
},{
"c":0,"g":0,"h":1,"i":0,"k":13,"n":19,"t":0,"u":0,"v":0,"w":1,"x":0,"y":0
}
]
}
],"n":"fxButtonPress","r":30
},{
"f":22,"l":[
{
"b":2,"f":[
{
"c":0,"g":0,"h":0.695,"i":0,"k":6,"n":0,"t":0,"u":0,"v":0,"w":0.695,"x":-0.416,"y":-0.353
},{
"c":0,"g":0,"h":0.695,"i":0,"k":6,"n":4,"p":18,"t":1,"u":0,"v":0,"w":0.695,"x":-0.416,"y":-0.353
},{
"c":0,"g":0,"h":3.343,"i":0,"k":6,"n":18,"t":0,"u":0,"v":0,"w":3.343,"x":-0.416,"y":-0.353
}
]
},{
"b":2,"f":[
{
"c":0,"g":0,"h":2.234,"i":0,"k":23,"n":0,"t":0,"u":0,"v":0,"w":2.234,"x":0.688,"y":0.302
},{
"c":0,"g":0,"h":2.234,"i":0,"k":23,"n":2,"p":7,"t":0.862,"u":0,"v":0,"w":2.234,"x":0.688,"y":0.302
},{
"c":0,"g":0,"h":3.377,"i":0,"k":23,"n":7,"p":15,"t":0.705,"u":0,"v":0,"w":3.377,"x":0.688,"y":0.301
},{
"c":0,"g":0,"h":5.207,"i":0,"k":23,"n":15,"t":0,"u":0,"v":0,"w":5.207,"x":0.688,"y":0.302
}
]
},{
"f":[
{
"c":0,"g":0,"h":3.942,"i":1,"k":10,"n":0,"p":12,"t":1,"u":0,"v":0,"w":3.942,"x":0.032,"y":-3.145
},{
"c":0,"g":0,"h":0.045,"i":1,"k":10,"n":12,"t":0,"u":0,"v":0,"w":0.045,"x":0.032,"y":-0.145
}
]
}
],"n":"energy_lib_uma","r":30
},{
"f":22,"l":[
{
"b":2,"f":[
{
"c":0,"g":0,"h":0.695,"i":0,"k":7,"n":0,"t":0,"u":0,"v":0,"w":0.695,"x":-0.416,"y":-0.353
},{
"c":0,"g":0,"h":0.695,"i":0,"k":7,"n":4,"p":18,"t":1,"u":0,"v":0,"w":0.695,"x":-0.416,"y":-0.353
},{
"c":0,"g":0,"h":3.343,"i":0,"k":7,"n":18,"t":0,"u":0,"v":0,"w":3.343,"x":-0.416,"y":-0.353
}
]
},{
"b":2,"f":[
{
"c":0,"g":0,"h":2.234,"i":0,"k":24,"n":0,"t":0,"u":0,"v":0,"w":2.234,"x":0.688,"y":0.302
},{
"c":0,"g":0,"h":2.234,"i":0,"k":24,"n":2,"p":7,"t":0.862,"u":0,"v":0,"w":2.234,"x":0.688,"y":0.302
},{
"c":0,"g":0,"h":3.377,"i":0,"k":24,"n":7,"p":15,"t":0.705,"u":0,"v":0,"w":3.377,"x":0.688,"y":0.301
},{
"c":0,"g":0,"h":5.207,"i":0,"k":24,"n":15,"t":0,"u":0,"v":0,"w":5.207,"x":0.688,"y":0.302
}
]
},{
"f":[
{
"c":0,"g":0,"h":3.942,"i":1,"k":10,"n":0,"p":12,"t":1,"u":0,"v":0,"w":3.942,"x":0.032,"y":-3.145
},{
"c":0,"g":0,"h":0.045,"i":1,"k":10,"n":12,"t":0,"u":0,"v":0,"w":0.045,"x":0.032,"y":-0.145
}
]
}
],"n":"energy_lib_mal","r":30
},{
"f":34,"l":[
{
"f":[
{
"c":0,"g":0,"h":2.01,"i":1,"k":24,"n":0,"t":0,"u":0,"v":0,"w":2.01,"x":-0.499,"y":1.499
},{
"c":0,"g":0,"h":1.565,"i":1,"k":24,"n":3,"p":13,"t":0,"u":0,"v":0,"w":1.565,"x":-0.5,"y":1.5
},{
"c":0,"g":0,"h":1,"i":1,"k":24,"n":13,"p":19,"t":0.443,"u":0,"v":0,"w":1,"x":-0.5,"y":1.5
},{
"c":0,"g":0,"h":0.683,"i":1,"k":24,"n":19,"p":31,"t":1,"u":0,"v":0,"w":0.683,"x":-0.5,"y":1.5
},{
"c":0,"g":0,"h":0.212,"i":1,"k":24,"n":31,"t":0,"u":0,"v":0,"w":0.212,"x":-0.499,"y":1.499
}
]
}
],"n":"circle_unlock_loop","r":30
},{
"f":13,"l":[
{
"f":[
{
"c":0,"g":0,"h":1.609,"i":1,"k":24,"n":0,"p":5,"t":0,"u":0,"v":0,"w":1.609,"x":-0.5,"y":1.5
},{
"c":0,"g":0,"h":1.982,"i":1,"k":24,"n":5,"p":11,"t":0.666,"u":0,"v":0,"w":1.982,"x":-0.5,"y":1.499
},{
"c":0,"g":0,"h":3.147,"i":1,"k":24,"n":11,"t":0,"u":0,"v":0,"w":3.147,"x":-0.499,"y":1.5
}
]
}
],"n":"circle_impulse_expand","r":30
},{
"f":11,"l":[
{
"f":[
{
"c":0,"g":0,"h":1,"i":0,"k":49,"n":0,"p":3,"t":0,"u":0,"v":0,"w":1,"x":0.538,"y":0.792
},{
"c":0,"g":0,"h":0.82,"i":0,"k":51,"n":3,"t":1,"u":0,"v":0,"w":0.82,"x":0.538,"y":0.792
},{
"c":0,"g":0,"h":0.739,"i":0,"k":51,"n":4,"t":1,"u":0,"v":0,"w":0.739,"x":0.538,"y":0.792
},{
"c":0,"g":0,"h":0.801,"i":1,"k":58,"n":5,"t":1,"u":0,"v":0,"w":0.801,"x":0.538,"y":0.792
},{
"c":0,"g":0,"h":0.669,"i":1,"k":58,"n":6,"t":1,"u":0,"v":0,"w":0.669,"x":0.538,"y":0.792
},{
"c":0,"g":0,"h":0.806,"i":1,"k":87,"n":7,"p":9,"t":1,"u":0,"v":0,"w":0.806,"x":0.538,"y":0.792
},{
"c":0,"g":0,"h":0.364,"i":1,"k":87,"n":9,"t":0,"u":0,"v":0,"w":0.364,"x":0.538,"y":0.791
}
]
}
],"n":"blue_esp","r":30
},{
"f":32,"l":[
{
"f":[
{
"c":0,"g":0,"h":7.745,"i":0,"k":40,"n":0,"p":10,"t":0,"u":0,"v":0,"w":7.745,"x":-0.665,"y":0.843
},{
"c":0,"g":0,"h":4.281,"i":0,"k":40,"n":10,"p":21,"t":1,"u":0,"v":0,"w":4.281,"x":-0.665,"y":0.842
},{
"c":0,"g":0,"h":2.451,"i":0,"k":40,"n":21,"p":31,"t":1,"u":0,"v":0,"w":2.451,"x":-0.664,"y":0.842
},{
"c":0,"g":0,"h":0.621,"i":0,"k":40,"n":31,"t":0,"u":0,"v":0,"w":0.621,"x":-0.665,"y":0.842
}
]
}
],"n":"back_glow_bonus_uma","r":30
},{
"f":32,"l":[
{
"f":[
{
"c":0,"g":0,"h":7.745,"i":0,"k":41,"n":0,"p":10,"t":0,"u":0,"v":0,"w":7.745,"x":-0.665,"y":0.843
},{
"c":0,"g":0,"h":4.281,"i":0,"k":41,"n":10,"p":21,"t":1,"u":0,"v":0,"w":4.281,"x":-0.665,"y":0.842
},{
"c":0,"g":0,"h":2.451,"i":0,"k":41,"n":21,"p":31,"t":1,"u":0,"v":0,"w":2.451,"x":-0.664,"y":0.842
},{
"c":0,"g":0,"h":0.621,"i":0,"k":41,"n":31,"t":0,"u":0,"v":0,"w":0.621,"x":-0.665,"y":0.842
}
]
}
],"n":"back_glow_bonus_mal","r":30
},{
"f":13,"l":[
{
"f":[
{
"c":0,"g":0,"h":1,"i":0,"k":55,"n":0,"p":10,"t":0,"u":0,"v":0,"w":1,"x":-1.066,"y":-5.517
},{
"c":0,"g":0,"h":1,"i":0,"k":55,"n":10,"t":1,"u":0,"v":0,"w":1,"x":-1.066,"y":-5.517
},{
"c":0,"g":0,"h":1,"i":0,"k":55,"n":12,"t":0,"u":0,"v":0,"w":1,"x":-1.066,"y":-5.517
}
]
}
],"n":"appear-domo-broke","r":30
},{
"f":2,"l":[
{
"f":[
{
"c":0,"g":0,"h":1,"i":1,"k":18,"n":0,"t":1,"u":0,"v":0,"w":1,"x":-1.743,"y":1.933
},{
"c":0,"g":0,"h":0.965,"i":1,"k":18,"n":1,"t":1,"u":0,"v":0,"w":0.965,"x":-1.438,"y":2.237
}
]
}
],"n":"ani_uma_shield","r":30
},{
"f":2,"l":[
{
"f":[
{
"c":0,"g":0,"h":1,"i":1,"k":19,"n":0,"t":1,"u":0,"v":0,"w":1,"x":-1.743,"y":1.933
},{
"c":0,"g":0,"h":0.965,"i":1,"k":19,"n":1,"t":1,"u":0,"v":0,"w":0.965,"x":-1.438,"y":2.237
}
]
}
],"n":"ani_mal_shield_01","r":30
},{
"f":13,"l":[
{
"f":[
{
"c":0,"g":0,"h":1.062,"i":1,"k":31,"n":0,"p":2,"t":1,"u":0,"v":0,"w":1.062,"x":0.428,"y":-6.898
},{
"c":0,"g":0,"h":1.149,"i":1,"k":16,"n":2,"p":4,"t":0.937,"u":0,"v":0,"w":1.088,"x":0.428,"y":-6.898
},{
"c":0,"g":0,"h":1.123,"i":0,"k":22,"n":4,"p":6,"t":0.729,"u":0,"v":0,"w":1.123,"x":0.428,"y":-6.898
},{
"c":0,"g":0,"h":1.1,"i":0,"k":22,"n":6,"t":0.541,"u":0,"v":0,"w":1.195,"x":0.428,"y":-6.898
},{
"c":0,"g":0,"h":0.818,"i":0,"k":16,"n":7,"p":10,"t":0.45,"u":0,"v":0,"w":1.092,"x":-4.57,"y":-3.898
},{
"c":0,"g":0,"h":0.968,"i":0,"k":16,"n":10,"t":0,"u":0,"v":0,"w":1.249,"x":0.427,"y":-6.898
}
]
}
],"n":"ani_impulse_player","r":30
},{
"f":54,"l":[
{
"f":[
{
"c":0,"g":0,"h":30.72,"i":1,"k":71,"n":0,"p":19,"t":0,"u":0,"v":0,"w":40.96,"x":0,"y":0
},{
"c":0,"g":0,"h":30.72,"i":1,"k":71,"n":19,"p":31,"t":1,"u":0,"v":0,"w":40.96,"x":0,"y":0
},{
"c":0,"g":0,"h":30.72,"i":1,"k":71,"n":31,"p":43,"t":1,"u":0,"v":0,"w":40.96,"x":0,"y":0
},{
"c":0,"g":0,"h":30.72,"i":1,"k":71,"n":43,"t":0,"u":0,"v":0,"w":40.96,"x":0,"y":0
}
]
}
],"n":"ani_fx_white_fade","r":30
},{
"f":2,"l":[
{
"f":[
{
"c":0,"g":0,"h":1.094,"i":0,"k":61,"n":0,"t":1,"u":0,"v":0,"w":1,"x":1.021,"y":-39.217
},{
"c":0,"g":0,"h":0.869,"i":0,"k":61,"n":1,"t":1,"u":0,"v":0,"w":1,"x":1.021,"y":-28.194
}
]
}
],"n":"ani_fx_transport_tube","r":30
},{
"f":21,"l":[
{
"f":[
{
"c":0,"g":0,"h":0.411,"i":0,"k":79,"n":0,"p":3,"t":0.419,"u":0,"v":0,"w":0.47,"x":-0.135,"y":-44.698
},{
"c":0,"g":0,"h":0.52,"i":0,"k":79,"n":3,"p":10,"t":1,"u":0,"v":0,"w":0.423,"x":-0.319,"y":-76.013
},{
"c":0,"g":0,"h":0.845,"i":0,"k":79,"n":10,"p":20,"t":1,"u":0,"v":0,"w":0.283,"x":-0.871,"y":-169.961
},{
"c":0,"g":0,"h":1,"i":0,"k":79,"n":20,"t":0.117,"u":0,"v":0,"w":0.127,"x":-1.134,"y":-334.698
}
]
},{
"f":[
{
"c":0,"g":0,"h":0.411,"i":0,"k":79,"n":0,"p":3,"t":0.419,"u":0,"v":0,"w":0.47,"x":-0.135,"y":-44.698
},{
"c":0,"g":0,"h":0.52,"i":0,"k":79,"n":3,"p":10,"t":1,"u":0,"v":0,"w":0.423,"x":-0.319,"y":-76.013
},{
"c":0,"g":0,"h":0.845,"i":0,"k":79,"n":10,"p":20,"t":1,"u":0,"v":0,"w":0.283,"x":-0.871,"y":-169.961
},{
"c":0,"g":0,"h":1,"i":0,"k":79,"n":20,"t":0.117,"u":0,"v":0,"w":0.127,"x":-1.134,"y":-334.698
}
]
}
],"n":"ani_fx_particule_slashes","r":30
},{
"f":16,"l":[
{
"f":[
{
"c":0,"g":0,"h":0.105,"i":0,"k":65,"n":0,"p":4,"t":0,"u":0,"v":0,"w":0.213,"x":0.26,"y":4.595
},{
"c":0,"g":0,"h":1.191,"i":0,"k":65,"n":4,"p":6,"t":1,"u":0,"v":0,"w":0.627,"x":-0.012,"y":-73.625
},{
"c":0,"g":0,"h":1.253,"i":0,"k":65,"n":6,"p":15,"t":1,"u":0,"v":0,"w":0.419,"x":-0.83,"y":-122.082
},{
"c":0,"g":0,"h":2.115,"i":0,"k":65,"n":15,"t":0,"u":0,"v":0,"w":0.104,"x":-1.222,"y":-237.482
}
]
}
],"n":"ani_fx_particule_slash_uma","r":30
},{
"f":16,"l":[
{
"f":[
{
"c":0,"g":0,"h":0.105,"i":0,"k":67,"n":0,"p":4,"t":0,"u":0,"v":0,"w":0.213,"x":0.26,"y":4.595
},{
"c":0,"g":0,"h":1.191,"i":0,"k":67,"n":4,"p":6,"t":1,"u":0,"v":0,"w":0.627,"x":-0.012,"y":-73.625
},{
"c":0,"g":0,"h":1.253,"i":0,"k":67,"n":6,"p":15,"t":1,"u":0,"v":0,"w":0.419,"x":-0.83,"y":-122.082
},{
"c":0,"g":0,"h":2.115,"i":0,"k":67,"n":15,"t":0,"u":0,"v":0,"w":0.104,"x":-1.222,"y":-237.482
}
]
}
],"n":"ani_fx_particule_slash_mal","r":30
},{
"f":16,"l":[
{
"f":[
{
"c":0,"g":0,"h":0.105,"i":0,"k":68,"n":0,"p":4,"t":0,"u":0,"v":0,"w":0.213,"x":0.26,"y":4.595
},{
"c":0,"g":0,"h":1.191,"i":0,"k":68,"n":4,"p":6,"t":1,"u":0,"v":0,"w":0.627,"x":-0.012,"y":-73.625
},{
"c":0,"g":0,"h":1.253,"i":0,"k":68,"n":6,"p":15,"t":1,"u":0,"v":0,"w":0.419,"x":-0.83,"y":-122.082
},{
"c":0,"g":0,"h":2.115,"i":0,"k":66,"n":15,"t":0,"u":0,"v":0,"w":0.104,"x":-1.222,"y":-237.482
}
]
}
],"n":"ani_fx_particule_slash_esuma","r":30
},{
"f":16,"l":[
{
"f":[
{
"c":0,"g":0,"h":0.105,"i":0,"k":69,"n":0,"p":4,"t":0,"u":0,"v":0,"w":0.213,"x":0.26,"y":4.595
},{
"c":0,"g":0,"h":1.191,"i":0,"k":69,"n":4,"p":6,"t":1,"u":0,"v":0,"w":0.627,"x":-0.012,"y":-73.625
},{
"c":0,"g":0,"h":1.253,"i":0,"k":69,"n":6,"p":15,"t":1,"u":0,"v":0,"w":0.419,"x":-0.83,"y":-122.082
},{
"c":0,"g":0,"h":2.115,"i":0,"k":69,"n":15,"t":0,"u":0,"v":0,"w":0.104,"x":-1.222,"y":-237.482
}
]
}
],"n":"ani_fx_particule_slash_esmal","r":30
},{
"f":21,"l":[
{
"f":[
{
"c":0,"g":0,"h":1,"i":0,"k":66,"n":0,"p":8,"t":1,"u":0,"v":0,"w":1,"x":1.071,"y":-38.01
},{
"c":0,"g":0,"h":0.466,"i":0,"k":66,"n":8,"p":9,"t":1,"u":0,"v":0,"w":1.296,"x":1.071,"y":-172.01
},{
"c":0,"g":0,"h":0.718,"i":1,"k":88,"n":9,"p":14,"t":1,"u":0,"v":0,"w":0.718,"x":-0.927,"y":-188.009
},{
"c":0,"g":0,"h":0.357,"i":1,"k":115,"n":14,"p":19,"t":1,"u":0,"v":0,"w":0.357,"x":-0.928,"y":-214.01
},{
"c":0,"g":0,"h":0.152,"i":1,"k":115,"n":19,"t":0,"u":0,"v":0,"w":0.152,"x":-0.928,"y":-222.01
}
]
}
],"n":"ani_fx_elevate_particule_uma","r":30
},{
"f":21,"l":[
{
"f":[
{
"c":0,"g":0,"h":1,"i":0,"k":67,"n":0,"p":8,"t":1,"u":0,"v":0,"w":1,"x":1.071,"y":-38.01
},{
"c":0,"g":0,"h":0.466,"i":0,"k":67,"n":8,"p":9,"t":1,"u":0,"v":0,"w":1.296,"x":1.071,"y":-172.01
},{
"c":0,"g":0,"h":0.718,"i":1,"k":89,"n":9,"p":14,"t":1,"u":0,"v":0,"w":0.718,"x":-0.927,"y":-188.009
},{
"c":0,"g":0,"h":0.357,"i":1,"k":116,"n":14,"p":19,"t":1,"u":0,"v":0,"w":0.357,"x":-0.928,"y":-214.01
},{
"c":0,"g":0,"h":0.152,"i":1,"k":116,"n":19,"t":0,"u":0,"v":0,"w":0.152,"x":-0.928,"y":-222.01
}
]
}
],"n":"ani_fx_elevate_particule_mal","r":30
},{
"f":50,"l":[
{
"f":[
{
"c":0,"g":0,"h":-0.108,"i":1,"k":115,"n":0,"p":43,"t":1,"u":0,"v":0,"w":0.108,"x":0.071,"y":-168.746
},{
"c":0,"g":0,"h":-0.603,"i":1,"k":115,"n":43,"p":49,"t":1,"u":0,"v":0,"w":0.603,"x":0.072,"y":0.254
},{
"c":0,"g":0,"h":-1.095,"i":1,"k":115,"n":49,"t":0,"u":0,"v":0,"w":1.095,"x":0.072,"y":1.254
}
]
}
],"n":"ani_fx_bonus_charge_uma","r":30
},{
"f":50,"l":[
{
"f":[
{
"c":0,"g":0,"h":-0.108,"i":1,"k":116,"n":0,"p":43,"t":1,"u":0,"v":0,"w":0.108,"x":0.071,"y":-168.746
},{
"c":0,"g":0,"h":-0.603,"i":1,"k":116,"n":43,"p":49,"t":1,"u":0,"v":0,"w":0.603,"x":0.072,"y":0.254
},{
"c":0,"g":0,"h":-1.095,"i":1,"k":116,"n":49,"t":0,"u":0,"v":0,"w":1.095,"x":0.072,"y":1.254
}
]
}
],"n":"ani_fx_bonus_charge_mal","r":30
},{
"f":6,"l":[
{
"f":[
{
"c":0,"g":0,"h":0.92,"i":0,"k":84,"n":0,"p":5,"t":1,"u":3.627,"v":-2.293,"w":0.92,"x":-4.22,"y":1.851
},{
"c":0,"g":409.14,"h":0.92,"i":0,"k":84,"n":5,"t":1,"u":3.627,"v":-2.293,"w":0.92,"x":-4.66,"y":-1.399
}
]
},{
"f":[
{
"c":1,"g":0,"h":16.8,"i":-1,"k":-1,"n":0,"o":"mcCollision","t":1,"u":0,"v":0,"w":16.8,"x":-9.927,"y":-8.844
}
]
}
],"n":"aniFxTomatoBullet","r":30
},{
"f":4,"l":[
{
"f":[
{
"c":0,"g":0,"h":0.162,"i":1,"k":37,"n":0,"t":0,"u":0,"v":0,"w":0.162,"x":-0.623,"y":-0.228
}
]
},{
"f":[
{
"c":1,"g":0,"h":122.099,"i":-1,"k":-1,"n":0,"o":"mcCollision","t":1,"u":0,"v":0,"w":122.099,"x":-62.927,"y":-61.843
}
]
}
],"n":"aniFxMalBulletExplotion","r":30
},{
"f":10,"l":[
{
"f":[
{
"c":0,"g":0,"h":0.162,"i":1,"k":37,"n":0,"t":1,"u":0,"v":0,"w":0.162,"x":-0.623,"y":-0.228
},{
"c":0,"g":39.61,"h":0.14,"i":1,"k":37,"n":1,"t":1,"u":0,"v":0,"w":0.14,"x":-0.623,"y":-0.229
},{
"c":0,"g":79.22,"h":0.162,"i":1,"k":37,"n":2,"t":1,"u":0,"v":0,"w":0.162,"x":-0.623,"y":-0.229
},{
"c":0,"g":118.82,"h":0.145,"i":1,"k":37,"n":3,"t":1,"u":0,"v":0,"w":0.145,"x":-0.623,"y":-0.229
},{
"c":0,"g":158.43,"h":0.162,"i":1,"k":37,"n":4,"t":1,"u":0,"v":0,"w":0.162,"x":-0.623,"y":-0.228
},{
"c":0,"g":198.04,"h":0.144,"i":1,"k":37,"n":5,"t":1,"u":0,"v":0,"w":0.144,"x":-0.623,"y":-0.229
},{
"c":0,"g":237.65,"h":0.162,"i":1,"k":37,"n":6,"t":1,"u":0,"v":0,"w":0.162,"x":-0.623,"y":-0.228
},{
"c":0,"g":277.26,"h":0.145,"i":1,"k":37,"n":7,"t":1,"u":0,"v":0,"w":0.145,"x":-0.623,"y":-0.229
},{
"c":0,"g":316.87,"h":0.162,"i":1,"k":37,"n":8,"t":1,"u":0,"v":0,"w":0.162,"x":-0.623,"y":-0.229
},{
"c":0,"g":356.47,"h":0.145,"i":1,"k":37,"n":9,"t":1,"u":0,"v":0,"w":0.145,"x":-0.622,"y":-0.228
}
]
},{
"f":[
{
"c":1,"g":0,"h":16.8,"i":-1,"k":-1,"n":0,"o":"mcCollision","t":1,"u":0,"v":0,"w":16.8,"x":-9.927,"y":-8.844
}
]
}
],"n":"aniFxMalBullet","r":30
},{
"f":4,"l":[
{
"f":[
{
"c":0,"g":0,"h":0.95,"i":0,"k":82,"n":0,"p":3,"t":1,"u":-4.825,"v":7.359,"w":0.95,"x":4.412,"y":-9.021
},{
"c":0,"g":214.64,"h":0.95,"i":0,"k":82,"n":3,"t":1,"u":-4.825,"v":7.359,"w":0.95,"x":-7.915,"y":1.116
}
]
},{
"f":[
{
"c":1,"g":0,"h":16.8,"i":-1,"k":-1,"n":0,"o":"mcCollision","t":1,"u":0,"v":0,"w":16.8,"x":-8.927,"y":-9.844
}
]
}
],"n":"aniFxBallBullet","r":30
}
],"atlas":[
[
{
"h":252,"n":"","p":125,"q":125,"w":250,"x":1,"y":1
},{
"h":251,"n":"","p":125,"q":124,"w":250,"x":1,"y":254
},{
"h":252,"n":"","p":118,"q":126,"w":237,"x":1,"y":506
},{
"h":252,"n":"","p":118,"q":126,"w":237,"x":1,"y":759
},{
"h":252,"n":"","p":118,"q":126,"w":227,"x":252,"y":1
},{
"h":252,"n":"","p":118,"q":126,"w":227,"x":480,"y":1
},{
"h":138,"n":"","p":68,"q":68,"w":138,"x":708,"y":1
},{
"h":138,"n":"","p":68,"q":68,"w":138,"x":847,"y":1
},{
"h":166,"n":"","p":72,"q":83,"w":105,"x":252,"y":254
},{
"h":121,"n":"","p":75,"q":93,"w":144,"x":358,"y":254
},{
"h":125,"n":"","p":66,"q":93,"w":136,"x":358,"y":376
},{
"h":162,"n":"","p":67,"q":78,"w":101,"x":252,"y":421
},{
"h":177,"n":"","p":70,"q":92,"w":92,"x":252,"y":584
},{
"h":126,"n":"","p":64,"q":63,"w":127,"x":358,"y":502
},{
"h":119,"n":"","p":68,"q":89,"w":134,"x":503,"y":254
},{
"h":123,"n":"","p":57,"q":93,"w":126,"x":358,"y":629
},{
"h":90,"n":"","p":72,"q":38,"w":149,"x":847,"y":140
},{
"h":173,"n":"","p":71,"q":93,"w":77,"x":252,"y":762
},{
"h":117,"n":"","p":52,"q":93,"w":110,"x":638,"y":254
},{
"h":155,"n":"","p":50,"q":76,"w":82,"x":358,"y":753
},{
"h":108,"n":"","p":53,"q":84,"w":116,"x":708,"y":140
},{
"h":105,"n":"","p":42,"q":85,"w":104,"x":749,"y":254
},{
"h":72,"n":"","p":73,"q":28,"w":142,"x":854,"y":254
},{
"h":100,"n":"","p":50,"q":50,"w":100,"x":358,"y":909
},{
"h":100,"n":"","p":50,"q":50,"w":100,"x":495,"y":376
},{
"h":100,"n":"","p":0,"q":0,"w":100,"x":596,"y":376
},{
"h":100,"n":"barrel_06yellow","p":50,"q":50,"w":100,"x":697,"y":376
},{
"h":100,"n":"barrel_06red","p":50,"q":50,"w":100,"x":798,"y":376
},{
"h":100,"n":"barrel_06green","p":50,"q":50,"w":100,"x":899,"y":376
},{
"h":100,"n":"barrel_06","p":50,"q":50,"w":100,"x":495,"y":477
},{
"h":99,"n":"ani_effect_09","p":50,"q":49,"w":100,"x":596,"y":477
},{
"h":99,"n":"ani_effect_06","p":50,"q":49,"w":100,"x":697,"y":477
},{
"h":49,"n":"fxWave0000","p":100,"q":21,"w":200,"x":798,"y":477
},{
"h":100,"n":"barrel_00","p":50,"q":50,"w":98,"x":495,"y":578
},{
"h":99,"n":"glow_yellow_uma","p":48,"q":50,"w":98,"x":495,"y":679
},{
"h":99,"n":"glow_red_uma","p":48,"q":50,"w":98,"x":495,"y":779
},{
"h":99,"n":"glow_green_uma","p":48,"q":50,"w":98,"x":495,"y":879
},{
"h":98,"n":"barrel_07","p":50,"q":49,"w":99,"x":594,"y":578
},{
"h":98,"n":"back_glow_uma","p":50,"q":49,"w":99,"x":694,"y":578
},{
"h":98,"n":"back_glow_mal","p":50,"q":49,"w":99,"x":794,"y":578
},{
"h":99,"n":"","p":48,"q":50,"w":98,"x":594,"y":677
},{
"h":99,"n":"","p":48,"q":50,"w":98,"x":594,"y":777
},{
"h":98,"n":"barrel_02","p":49,"q":49,"w":98,"x":894,"y":578
},{
"h":97,"n":"ani_effect_09_y","p":49,"q":47,"w":99,"x":693,"y":677
},{
"h":97,"n":"ani_effect_09_g","p":49,"q":47,"w":99,"x":793,"y":677
},{
"h":48,"n":"fxWave0003","p":100,"q":21,"w":200,"x":798,"y":527
},{
"h":100,"n":"fire_red02","p":48,"q":50,"w":95,"x":594,"y":877
},{
"h":100,"n":"fire_red01","p":45,"q":50,"w":95,"x":693,"y":775
},{
"h":95,"n":"","p":50,"q":48,"w":100,"x":893,"y":677
},{
"h":95,"n":"","p":50,"q":48,"w":100,"x":789,"y":775
},{
"h":94,"n":"","p":50,"q":49,"w":100,"x":890,"y":775
},{
"h":94,"n":"","p":50,"q":49,"w":100,"x":789,"y":871
},{
"h":96,"n":"","p":46,"q":47,"w":96,"x":890,"y":871
},{
"h":100,"n":"redred01","p":42,"q":50,"w":92,"x":693,"y":876
},{
"h":151,"n":"","p":59,"q":93,"w":52,"x":441,"y":753
},{
"h":47,"n":"","p":80,"q":34,"w":166,"x":854,"y":327
},{
"h":78,"n":"fire_red00","p":50,"q":36,"w":98,"x":252,"y":936
},{
"h":42,"n":"espansive_wave_teleport_uma","p":53,"q":22,"w":105,"x":890,"y":968
},{
"h":111,"n":"","p":17,"q":64,"w":34,"x":986,"y":1
},{
"h":57,"n":"","p":33,"q":29,"w":66,"x":789,"y":966
},{
"h":109,"n":"","p":16,"q":63,"w":33,"x":459,"y":909
},{
"h":93,"n":"","p":19,"q":44,"w":37,"x":987,"y":871
},{
"h":38,"n":"","p":45,"q":19,"w":90,"x":495,"y":979
},{
"h":37,"n":"","p":45,"q":17,"w":90,"x":594,"y":978
},{
"h":47,"n":"domo_spark_01","p":33,"q":27,"w":63,"x":693,"y":977
},{
"h":89,"n":"","p":14,"q":46,"w":25,"x":997,"y":140
},{
"h":89,"n":"","p":14,"q":46,"w":25,"x":330,"y":762
},{
"h":89,"n":"","p":14,"q":46,"w":25,"x":993,"y":578
},{
"h":89,"n":"","p":14,"q":46,"w":25,"x":994,"y":677
},{
"h":89,"n":"","p":14,"q":46,"w":25,"x":991,"y":775
},{
"h":16,"n":"foam_03","p":56,"q":7,"w":112,"x":847,"y":231
},{
"h":15,"n":"","p":41,"q":-2,"w":80,"x":749,"y":360
},{
"h":14,"n":"","p":40,"q":-3,"w":82,"x":358,"y":1010
},{
"h":13,"n":"","p":29,"q":-4,"w":66,"x":890,"y":1011
},{
"h":12,"n":"","p":33,"q":-5,"w":70,"x":1,"y":1012
},{
"h":11,"n":"","p":32,"q":-6,"w":71,"x":72,"y":1012
},{
"h":39,"n":"ani_effect_02_t","p":10,"q":20,"w":20,"x":825,"y":140
},{
"h":39,"n":"ani_effect_02_p2","p":10,"q":20,"w":20,"x":825,"y":180
},{
"h":11,"n":"","p":32,"q":-6,"w":69,"x":144,"y":1012
},{
"h":91,"n":"","p":3,"q":46,"w":8,"x":239,"y":506
},{
"h":24,"n":"barrel_particule_03","p":19,"q":10,"w":28,"x":986,"y":113
},{
"h":24,"n":"ani_ch_enemy01_03_attack0007","p":10,"q":12,"w":23,"x":330,"y":852
},{
"h":24,"n":"","p":16,"q":4,"w":23,"x":330,"y":877
},{
"h":24,"n":"barrel_particule_00","p":13,"q":13,"w":22,"x":330,"y":902
},{
"h":25,"n":"","p":6,"q":14,"w":21,"x":825,"y":220
},{
"h":22,"n":"spark02redUma","p":12,"q":11,"w":23,"x":960,"y":231
},{
"h":24,"n":"barrel_particule_02","p":11,"q":10,"w":20,"x":997,"y":254
},{
"h":28,"n":"ani_effect_02_g2","p":7,"q":14,"w":14,"x":997,"y":279
},{
"h":28,"n":"ani_effect_02_b","p":7,"q":14,"w":14,"x":1000,"y":376
},{
"h":27,"n":"","p":32,"q":93,"w":14,"x":1000,"y":405
},{
"h":82,"n":"ani_effect_08","p":2,"q":41,"w":4,"x":239,"y":598
},{
"h":19,"n":"spark02greenUma","p":8,"q":10,"w":16,"x":997,"y":230
},{
"h":15,"n":"spark01greenUma","p":10,"q":8,"w":20,"x":830,"y":360
},{
"h":21,"n":"spark01redUma","p":6,"q":11,"w":12,"x":239,"y":681
},{
"h":11,"n":"barrel_particule_01","p":12,"q":5,"w":20,"x":214,"y":1012
},{
"h":16,"n":"spark02yellowUma","p":6,"q":8,"w":12,"x":239,"y":703
},{
"h":14,"n":"spark01yellowUma","p":6,"q":7,"w":11,"x":239,"y":720
}
],[
{
"h":96,"n":"","p":46,"q":47,"w":96,"x":1,"y":1
},{
"h":96,"n":"","p":46,"q":47,"w":96,"x":98,"y":1
},{
"h":100,"n":"fire_green01","p":42,"q":50,"w":92,"x":1,"y":98
},{
"h":95,"n":"ligth_transport_mal","p":45,"q":47,"w":95,"x":195,"y":1
},{
"h":95,"n":"ligth_transport_uma","p":44,"q":46,"w":94,"x":291,"y":1
},{
"h":95,"n":"ligth_transport_esuma","p":44,"q":45,"w":94,"x":386,"y":1
},{
"h":94,"n":"ani_fx_tomato_hit","p":48,"q":46,"w":95,"x":481,"y":1
},{
"h":98,"n":"ani_effect_01","p":50,"q":50,"w":91,"x":1,"y":199
},{
"h":100,"n":"redred02","p":45,"q":50,"w":89,"x":1,"y":298
},{
"h":100,"n":"fire_green02","p":45,"q":50,"w":89,"x":1,"y":399
},{
"h":94,"n":"","p":46,"q":46,"w":94,"x":577,"y":1
},{
"h":94,"n":"fx_smoke_02_b","p":47,"q":47,"w":94,"x":672,"y":1
},{
"h":95,"n":"ligth_transport_esmal","p":43,"q":45,"w":93,"x":767,"y":1
},{
"h":97,"n":"red_bullet_uma","p":46,"q":47,"w":91,"x":1,"y":500
},{
"h":126,"n":"","p":40,"q":56,"w":70,"x":1,"y":598
},{
"h":93,"n":"","p":47,"q":47,"w":93,"x":861,"y":1
},{
"h":65,"n":"","p":65,"q":25,"w":129,"x":94,"y":98
},{
"h":91,"n":"barrel_01","p":45,"q":47,"w":87,"x":1,"y":725
},{
"h":81,"n":"","p":43,"q":43,"w":88,"x":1,"y":817
},{
"h":81,"n":"","p":43,"q":43,"w":88,"x":1,"y":899
},{
"h":87,"n":"green_bullet_uma","p":41,"q":44,"w":81,"x":94,"y":164
},{
"h":83,"n":"ani_effect_05","p":41,"q":42,"w":83,"x":176,"y":164
},{
"h":74,"n":"redred00","p":48,"q":36,"w":93,"x":260,"y":164
},{
"h":74,"n":"fire_green00","p":48,"q":36,"w":93,"x":354,"y":164
},{
"h":68,"n":"","p":48,"q":35,"w":100,"x":448,"y":164
},{
"h":97,"n":"gui_fx_splat_02","p":34,"q":49,"w":70,"x":94,"y":252
},{
"h":88,"n":"gui_fx_splat_03","p":40,"q":44,"w":77,"x":94,"y":350
},{
"h":81,"n":"ani_effect_00_y","p":42,"q":40,"w":83,"x":549,"y":164
},{
"h":81,"n":"ani_effect_00_g","p":42,"q":40,"w":83,"x":633,"y":164
},{
"h":81,"n":"ani_effect_00_b","p":42,"q":40,"w":83,"x":717,"y":164
},{
"h":81,"n":"ani_effect_00","p":42,"q":40,"w":83,"x":801,"y":164
},{
"h":61,"n":"","p":55,"q":23,"w":109,"x":224,"y":98
},{
"h":80,"n":"ani_effect_06_g","p":40,"q":40,"w":80,"x":94,"y":439
},{
"h":80,"n":"ani_effect_03_g","p":40,"q":40,"w":80,"x":94,"y":520
},{
"h":80,"n":"ani_effect_03","p":40,"q":40,"w":80,"x":94,"y":601
},{
"h":89,"n":"","p":36,"q":44,"w":71,"x":94,"y":682
},{
"h":79,"n":"","p":39,"q":39,"w":79,"x":94,"y":772
},{
"h":79,"n":"","p":39,"q":39,"w":79,"x":94,"y":852
},{
"h":75,"n":"fx_stickman_63","p":40,"q":37,"w":80,"x":94,"y":932
},{
"h":72,"n":"yellow_bullet_ma","p":40,"q":33,"w":82,"x":885,"y":164
},{
"h":87,"n":"","p":32,"q":43,"w":66,"x":955,"y":1
},{
"h":75,"n":"","p":38,"q":38,"w":76,"x":176,"y":248
},{
"h":63,"n":"","p":43,"q":32,"w":84,"x":334,"y":98
},{
"h":70,"n":"fx_smoke_05_uma","p":37,"q":34,"w":73,"x":176,"y":324
},{
"h":70,"n":"fx_smoke_05_mal","p":37,"q":34,"w":73,"x":176,"y":395
},{
"h":70,"n":"fx_smoke_02_y","p":37,"q":34,"w":73,"x":176,"y":466
},{
"h":70,"n":"fx_smoke_02_t","p":37,"q":34,"w":73,"x":176,"y":537
},{
"h":70,"n":"fx_smoke_02_g","p":37,"q":34,"w":73,"x":176,"y":608
},{
"h":70,"n":"fx_smoke_02","p":37,"q":34,"w":73,"x":176,"y":679
},{
"h":60,"n":"unlock_alert","p":40,"q":30,"w":82,"x":419,"y":98
},{
"h":42,"n":"espansive_wave_teleport_esuma","p":53,"q":22,"w":105,"x":502,"y":98
},{
"h":42,"n":"espansive_wave_teleport_esmal","p":53,"q":22,"w":105,"x":608,"y":98
},{
"h":42,"n":"espansive_wave_teleport","p":53,"q":22,"w":105,"x":714,"y":98
},{
"h":66,"n":"ani_effect_05_y","p":33,"q":33,"w":66,"x":176,"y":750
},{
"h":66,"n":"ani_effect_05_g","p":33,"q":33,"w":66,"x":176,"y":817
},{
"h":63,"n":"ani_effect_07","p":34,"q":34,"w":68,"x":820,"y":98
},{
"h":64,"n":"ani_effect_03_b","p":32,"q":32,"w":64,"x":889,"y":98
},{
"h":95,"n":"","p":19,"q":48,"w":41,"x":176,"y":884
},{
"h":57,"n":"","p":33,"q":29,"w":66,"x":954,"y":98
},{
"h":56,"n":"sparck_simple_win","p":28,"q":28,"w":56,"x":968,"y":164
},{
"h":56,"n":"gui_fx_splat_01","p":28,"q":28,"w":56,"x":253,"y":248
},{
"h":55,"n":"repel_uma","p":27,"q":29,"w":54,"x":310,"y":248
},{
"h":55,"n":"repel_mal","p":27,"q":29,"w":54,"x":365,"y":248
},{
"h":52,"n":"ani_effect_02_t2","p":26,"q":26,"w":52,"x":420,"y":248
},{
"h":30,"n":"ani_effect_04","p":46,"q":16,"w":90,"x":1,"y":981
},{
"h":36,"n":"asset_esp","p":32,"q":19,"w":72,"x":176,"y":980
},{
"h":50,"n":"fxWave0002","p":25,"q":25,"w":51,"x":473,"y":248
},{
"h":50,"n":"fxWave0001","p":25,"q":25,"w":51,"x":525,"y":248
},{
"h":44,"n":"foam_00","p":26,"q":18,"w":57,"x":577,"y":248
},{
"h":50,"n":"gui_fx_star_uma","p":25,"q":25,"w":50,"x":635,"y":248
},{
"h":50,"n":"gui_fx_star_mal","p":25,"q":25,"w":50,"x":686,"y":248
},{
"h":50,"n":"","p":25,"q":25,"w":50,"x":737,"y":248
},{
"h":50,"n":"ani_effect_02","p":25,"q":26,"w":50,"x":788,"y":248
},{
"h":39,"n":"","p":31,"q":19,"w":64,"x":839,"y":248
},{
"h":50,"n":"","p":22,"q":35,"w":49,"x":904,"y":248
},{
"h":36,"n":"domo_spark_02","p":33,"q":19,"w":67,"x":954,"y":248
},{
"h":49,"n":"water_spark_01","p":23,"q":24,"w":49,"x":253,"y":305
},{
"h":49,"n":"water_spark_00","p":23,"q":24,"w":49,"x":253,"y":355
},{
"h":45,"n":"","p":23,"q":30,"w":53,"x":303,"y":305
},{
"h":27,"n":"domod_glow","p":42,"q":19,"w":87,"x":357,"y":305
},{
"h":48,"n":"foam_02","p":26,"q":26,"w":48,"x":253,"y":405
},{
"h":50,"n":"","p":21,"q":35,"w":46,"x":253,"y":454
},{
"h":48,"n":"","p":22,"q":33,"w":46,"x":253,"y":505
},{
"h":41,"n":"","p":24,"q":26,"w":53,"x":445,"y":305
},{
"h":45,"n":"","p":24,"q":31,"w":48,"x":253,"y":554
},{
"h":45,"n":"barrel_08","p":24,"q":23,"w":48,"x":253,"y":600
},{
"h":54,"n":"","p":18,"q":21,"w":39,"x":253,"y":646
},{
"h":54,"n":"","p":18,"q":21,"w":39,"x":253,"y":701
},{
"h":55,"n":"","p":18,"q":29,"w":37,"x":253,"y":756
},{
"h":55,"n":"","p":18,"q":29,"w":37,"x":253,"y":812
},{
"h":45,"n":"ani_effect_02_g","p":22,"q":22,"w":45,"x":253,"y":868
},{
"h":37,"n":"","p":25,"q":22,"w":52,"x":499,"y":305
},{
"h":44,"n":"","p":21,"q":21,"w":43,"x":253,"y":914
},{
"h":44,"n":"ani_effect_boost_y","p":21,"q":21,"w":43,"x":253,"y":959
},{
"h":44,"n":"","p":21,"q":21,"w":43,"x":552,"y":305
},{
"h":44,"n":"ani_effect_boost_g","p":21,"q":21,"w":43,"x":596,"y":305
},{
"h":45,"n":"ani_effect_01_y","p":22,"q":22,"w":42,"x":640,"y":305
},{
"h":45,"n":"ani_effect_01_p","p":22,"q":22,"w":42,"x":683,"y":305
},{
"h":45,"n":"ani_effect_01_g","p":22,"q":22,"w":42,"x":726,"y":305
},{
"h":37,"n":"","p":26,"q":23,"w":51,"x":769,"y":305
},{
"h":48,"n":"","p":10,"q":93,"w":39,"x":303,"y":351
},{
"h":38,"n":"domo_spark_03","p":26,"q":20,"w":49,"x":821,"y":305
},{
"h":42,"n":"","p":21,"q":21,"w":43,"x":871,"y":305
},{
"h":36,"n":"","p":25,"q":12,"w":50,"x":915,"y":305
},{
"h":41,"n":"","p":20,"q":20,"w":41,"x":966,"y":305
},{
"h":43,"n":"ani_fx_tomato_hit_2","p":18,"q":22,"w":38,"x":303,"y":400
},{
"h":31,"n":"","p":27,"q":5,"w":52,"x":343,"y":351
},{
"h":37,"n":"","p":23,"q":5,"w":43,"x":343,"y":383
},{
"h":19,"n":"","p":42,"q":2,"w":82,"x":502,"y":141
},{
"h":18,"n":"","p":42,"q":1,"w":83,"x":608,"y":141
},{
"h":41,"n":"","p":21,"q":5,"w":35,"x":303,"y":444
},{
"h":38,"n":"","p":21,"q":5,"w":37,"x":303,"y":486
},{
"h":37,"n":"yellow_spark","p":18,"q":18,"w":37,"x":303,"y":525
},{
"h":37,"n":"sparck_simple_win_uma","p":18,"q":18,"w":37,"x":303,"y":563
},{
"h":37,"n":"red_spark","p":18,"q":18,"w":37,"x":303,"y":601
},{
"h":37,"n":"","p":18,"q":18,"w":37,"x":303,"y":639
},{
"h":37,"n":"","p":18,"q":18,"w":37,"x":303,"y":677
},{
"h":37,"n":"green_spark","p":18,"q":18,"w":37,"x":303,"y":715
},{
"h":37,"n":"ani_fx_healht_spark","p":18,"q":18,"w":37,"x":303,"y":753
},{
"h":37,"n":"ani_effect_02_t3","p":18,"q":18,"w":37,"x":303,"y":791
},{
"h":37,"n":"ani_effect_02_p","p":18,"q":18,"w":37,"x":303,"y":829
},{
"h":39,"n":"","p":21,"q":5,"w":35,"x":303,"y":867
},{
"h":33,"n":"","p":21,"q":5,"w":40,"x":343,"y":421
},{
"h":23,"n":"","p":27,"q":6,"w":56,"x":968,"y":221
},{
"h":36,"n":"foam_01","p":17,"q":20,"w":34,"x":218,"y":884
},{
"h":16,"n":"","p":37,"q":-1,"w":76,"x":714,"y":141
},{
"h":14,"n":"","p":41,"q":-3,"w":80,"x":94,"y":1008
},{
"h":15,"n":"","p":33,"q":-2,"w":71,"x":357,"y":333
},{
"h":14,"n":"","p":34,"q":-3,"w":72,"x":448,"y":233
}
]
],"meta":{
"atlas":[
"nano_image_0.png","nano_image_1.png"
]
}
}
