{
"animations":[
{
"f":154,"l":[
{
"f":[
{
"c":0,"g":-76.06,"h":1.996,"i":4,"k":0,"n":0,"p":3,"t":0,"u":0,"v":0,"w":1.996,"x":-39.353,"y":262.787
},{
"c":0,"g":-76.06,"h":1.996,"i":4,"k":0,"n":3,"p":73,"t":1,"u":0,"v":0,"w":1.996,"x":-39.353,"y":262.787
},{
"c":0,"g":-18.23,"h":4.461,"i":4,"k":0,"n":73,"t":0,"u":0,"v":0,"w":4.461,"x":-1.413,"y":-175.61
},{
"c":0,"g":-76.06,"h":1.996,"i":4,"k":0,"n":74,"p":79,"t":0,"u":0,"v":0,"w":1.996,"x":-39.353,"y":262.787
},{
"c":0,"g":-76.06,"h":1.996,"i":4,"k":0,"n":79,"p":147,"t":1,"u":0,"v":0,"w":1.996,"x":-39.353,"y":262.787
},{
"c":0,"g":-18.23,"h":4.461,"i":4,"k":0,"n":147,"t":0,"u":0,"v":0,"w":4.461,"x":-1.413,"y":-175.61
},{
"c":0,"g":-18.23,"h":4.461,"i":4,"k":0,"n":149,"t":0,"u":0,"v":0,"w":4.461,"x":-1.413,"y":-175.61
}
]
},{
"f":[
{
"c":0,"g":-33.26,"h":4.002,"i":4,"k":0,"n":0,"p":10,"t":0.184,"u":0,"v":0,"w":4.002,"x":6.325,"y":-99.596
},{
"c":0,"g":-33.11,"h":4.461,"i":4,"k":0,"n":10,"t":0,"u":0,"v":0,"w":4.461,"x":10.195,"y":-190.119
},{
"c":0,"g":-33.92,"h":1.996,"i":4,"k":0,"n":11,"p":18,"t":0,"u":0,"v":0,"w":1.996,"x":-10.638,"y":297.313
},{
"c":0,"g":-33.92,"h":1.996,"i":4,"k":0,"n":18,"p":84,"t":1,"u":0,"v":0,"w":1.996,"x":12.796,"y":297.313
},{
"c":0,"g":-33.11,"h":4.461,"i":4,"k":0,"n":84,"t":0,"u":0,"v":0,"w":4.461,"x":10.195,"y":-190.119
},{
"c":0,"g":-33.92,"h":1.996,"i":4,"k":0,"n":85,"p":92,"t":0,"u":0,"v":0,"w":1.996,"x":-10.638,"y":297.313
},{
"c":0,"g":-33.92,"h":1.996,"i":4,"k":0,"n":92,"p":153,"t":1,"u":0,"v":0,"w":1.996,"x":-10.638,"y":297.313
},{
"c":0,"g":-33.27,"h":3.968,"i":4,"k":0,"n":153,"t":0.196,"u":0,"v":0,"w":3.968,"x":6.028,"y":-92.634
}
]
},{
"f":[
{
"c":0,"g":-21.29,"h":3.58,"i":4,"k":0,"n":0,"p":25,"t":0.356,"u":0,"v":0,"w":3.58,"x":-5.676,"y":-45.835
},{
"c":0,"g":-33.11,"h":4.461,"i":4,"k":0,"n":25,"t":0,"u":0,"v":0,"w":4.461,"x":-4.314,"y":-219.141
},{
"c":0,"g":-17.28,"h":1.996,"i":4,"k":0,"n":26,"p":33,"t":0,"u":0,"v":0,"w":1.996,"x":-46.931,"y":257.963
},{
"c":0,"g":-17.28,"h":1.996,"i":4,"k":0,"n":33,"p":98,"t":1,"u":0,"v":0,"w":1.996,"x":-46.931,"y":257.963
},{
"c":0,"g":-33.11,"h":4.461,"i":4,"k":0,"n":98,"t":0,"u":0,"v":0,"w":4.461,"x":-4.314,"y":-219.141
},{
"c":0,"g":0,"h":1.996,"i":4,"k":0,"n":99,"p":106,"t":0,"u":0,"v":0,"w":1.996,"x":-8.123,"y":266.115
},{
"c":0,"g":0,"h":1.996,"i":4,"k":0,"n":106,"p":153,"t":1,"u":0,"v":0,"w":1.996,"x":-8.123,"y":266.115
},{
"c":0,"g":-20.81,"h":3.545,"i":4,"k":0,"n":153,"t":0.368,"u":0,"v":0,"w":3.545,"x":-5.729,"y":-38.903
}
]
},{
"f":[
{
"c":0,"g":5.56,"h":3.158,"i":4,"k":0,"n":0,"p":36,"t":0.525,"u":0,"v":0,"w":3.158,"x":-2.189,"y":54.441
},{
"c":0,"g":-33.11,"h":4.461,"i":4,"k":0,"n":36,"t":0,"u":0,"v":0,"w":4.461,"x":-4.314,"y":-219.141
},{
"c":0,"g":40.06,"h":1.996,"i":4,"k":0,"n":37,"p":44,"t":0,"u":0,"v":0,"w":1.996,"x":-0.294,"y":298.447
},{
"c":0,"g":40.06,"h":1.996,"i":4,"k":0,"n":44,"p":112,"t":1,"u":0,"v":0,"w":1.996,"x":-0.294,"y":298.447
},{
"c":0,"g":-33.11,"h":4.461,"i":4,"k":0,"n":112,"t":0,"u":0,"v":0,"w":4.461,"x":-4.314,"y":-219.141
},{
"c":0,"g":40.06,"h":1.996,"i":4,"k":0,"n":113,"p":120,"t":0,"u":0,"v":0,"w":1.996,"x":-0.294,"y":298.447
},{
"c":0,"g":40.06,"h":1.996,"i":4,"k":0,"n":120,"p":153,"t":1,"u":0,"v":0,"w":1.996,"x":-0.294,"y":298.447
},{
"c":0,"g":6.61,"h":3.123,"i":4,"k":0,"n":153,"t":0.537,"u":0,"v":0,"w":3.123,"x":-2.132,"y":61.835
}
]
},{
"f":[
{
"c":0,"g":-9.46,"h":0.691,"i":4,"k":0,"n":0,"p":49,"t":0.709,"u":0,"v":0,"w":0.691,"x":-4.911,"y":-32.436
},{
"c":0,"g":-33.11,"h":1.142,"i":4,"k":0,"n":49,"t":0,"u":0,"v":0,"w":1.142,"x":-4.214,"y":-121.177
},{
"c":0,"g":0,"h":0.51,"i":4,"k":0,"n":50,"p":57,"t":0,"u":0,"v":0,"w":0.51,"x":-5.189,"y":3.058
},{
"c":0,"g":0,"h":0.51,"i":4,"k":0,"n":57,"p":126,"t":1,"u":0,"v":0,"w":0.51,"x":-5.189,"y":3.058
},{
"c":0,"g":-33.11,"h":1.142,"i":4,"k":0,"n":126,"t":0,"u":0,"v":0,"w":1.142,"x":-4.214,"y":-121.177
},{
"c":0,"g":0,"h":0.51,"i":4,"k":0,"n":127,"p":134,"t":0,"u":0,"v":0,"w":0.51,"x":-5.189,"y":3.058
},{
"c":0,"g":0,"h":0.51,"i":4,"k":0,"n":134,"p":153,"t":1,"u":0,"v":0,"w":0.51,"x":-5.189,"y":3.058
},{
"c":0,"g":-8.99,"h":0.682,"i":4,"k":0,"n":153,"t":0.725,"u":0,"v":0,"w":0.682,"x":-4.925,"y":-30.662
}
]
},{
"f":[
{
"c":0,"g":-3.31,"h":0.574,"i":4,"k":0,"n":0,"p":62,"t":0.898,"u":0,"v":0,"w":0.574,"x":-5.092,"y":-9.364
},{
"c":0,"g":-33.11,"h":1.142,"i":4,"k":0,"n":62,"t":0,"u":0,"v":0,"w":1.142,"x":-4.214,"y":-121.177
},{
"c":0,"g":0,"h":0.51,"i":4,"k":0,"n":63,"p":70,"t":0,"u":0,"v":0,"w":0.51,"x":-5.189,"y":3.058
},{
"c":0,"g":0,"h":0.51,"i":4,"k":0,"n":70,"p":139,"t":1,"u":0,"v":0,"w":0.51,"x":-5.189,"y":3.058
},{
"c":0,"g":-33.11,"h":1.142,"i":4,"k":0,"n":139,"t":0,"u":0,"v":0,"w":1.142,"x":-4.214,"y":-121.177
},{
"c":0,"g":0,"h":0.51,"i":4,"k":0,"n":140,"p":147,"t":0,"u":0,"v":0,"w":0.51,"x":-5.189,"y":3.058
},{
"c":0,"g":0,"h":0.51,"i":4,"k":0,"n":147,"p":153,"t":1,"u":0,"v":0,"w":0.51,"x":-5.189,"y":3.058
},{
"c":0,"g":-2.84,"h":0.565,"i":4,"k":0,"n":153,"t":0.913,"u":0,"v":0,"w":0.565,"x":-5.106,"y":-7.59
}
]
},{
"f":[
{
"c":0,"g":56.49,"h":0.51,"i":4,"k":0,"n":0,"p":5,"t":0.282,"u":0,"v":0,"w":0.51,"x":-7.746,"y":8.358
},{
"c":0,"g":56.49,"h":0.51,"i":4,"k":0,"n":5,"p":76,"t":1,"u":0,"v":0,"w":0.51,"x":-7.746,"y":8.358
},{
"c":0,"g":-33.11,"h":1.142,"i":4,"k":0,"n":76,"t":0,"u":0,"v":0,"w":1.142,"x":-4.214,"y":-121.177
},{
"c":0,"g":56.49,"h":0.51,"i":4,"k":0,"n":77,"p":84,"t":0,"u":0,"v":0,"w":0.51,"x":-7.746,"y":8.358
},{
"c":0,"g":56.49,"h":0.51,"i":4,"k":0,"n":84,"p":151,"t":1,"u":0,"v":0,"w":0.51,"x":-7.746,"y":8.358
},{
"c":0,"g":-33.11,"h":1.142,"i":4,"k":0,"n":151,"t":0,"u":0,"v":0,"w":1.142,"x":-4.214,"y":-121.177
},{
"c":0,"g":56.49,"h":0.51,"i":4,"k":0,"n":152,"p":153,"t":0,"u":0,"v":0,"w":0.51,"x":-7.746,"y":8.358
},{
"c":0,"g":56.49,"h":0.51,"i":4,"k":0,"n":153,"t":0.141,"u":0,"v":0,"w":0.51,"x":-7.746,"y":8.358
}
]
}
],"n":"ScnEnvSmoke1","r":30
},{
"f":149,"l":[
{
"f":[
{
"c":0,"g":0,"h":1,"i":0,"k":40,"n":0,"p":2,"t":1,"u":0,"v":0,"w":1,"x":-145.569,"y":60.517
},{
"c":0,"g":0,"h":1,"i":0,"k":42,"n":2,"p":4,"t":1,"u":0,"v":0,"w":1,"x":-131.678,"y":55.501
},{
"c":0,"g":0,"h":1,"i":0,"k":44,"n":4,"p":7,"t":1,"u":0,"v":0,"w":1,"x":-117.787,"y":50.486
},{
"c":0,"g":0,"h":1,"i":0,"k":53,"n":7,"p":10,"t":1,"u":0,"v":0,"w":1,"x":-96.951,"y":42.962
},{
"c":0,"g":0,"h":1,"i":0,"k":55,"n":10,"p":13,"t":1,"u":0,"v":0,"w":1,"x":-76.115,"y":35.439
},{
"c":0,"g":0,"h":1,"i":0,"k":56,"n":13,"p":16,"t":1,"u":0,"v":0,"w":1,"x":-55.279,"y":27.916
},{
"c":0,"g":0,"h":1,"i":0,"k":50,"n":16,"p":19,"t":1,"u":0,"v":0,"w":1,"x":-34.442,"y":20.392
},{
"c":0,"g":0,"h":1,"i":0,"k":43,"n":19,"p":22,"t":1,"u":0,"v":0,"w":1,"x":-13.606,"y":12.869
},{
"c":0,"g":0,"h":1,"i":0,"k":40,"n":22,"p":25,"t":1,"u":0,"v":0,"w":1,"x":7.229,"y":5.345
},{
"c":0,"g":0,"h":1,"i":0,"k":44,"n":25,"p":28,"t":1,"u":0,"v":0,"w":1,"x":28.065,"y":-2.177
},{
"c":0,"g":0,"h":1,"i":0,"k":53,"n":28,"p":31,"t":1,"u":0,"v":0,"w":1,"x":48.901,"y":-9.7
},{
"c":0,"g":0,"h":1,"i":0,"k":55,"n":31,"p":34,"t":1,"u":0,"v":0,"w":1,"x":69.737,"y":-17.224
},{
"c":0,"g":0,"h":1,"i":0,"k":56,"n":34,"p":37,"t":1,"u":0,"v":0,"w":1,"x":90.574,"y":-24.747
},{
"c":0,"g":0,"h":1,"i":0,"k":50,"n":37,"p":40,"t":1,"u":0,"v":0,"w":1,"x":111.41,"y":-32.271
},{
"c":0,"g":0,"h":1,"i":0,"k":43,"n":40,"p":44,"t":1,"u":0,"v":0,"w":1,"x":132.246,"y":-39.794
},{
"c":0,"g":0,"h":1,"i":0,"k":40,"n":44,"t":0,"u":0,"v":0,"w":1,"x":160.027,"y":-49.825
}
]
},{
"f":[
{
"c":0,"g":-5.55,"h":0.818,"i":0,"k":40,"n":0,"t":0,"u":0,"v":0,"w":0.818,"x":-135.561,"y":42.978
},{
"c":0,"g":-5.55,"h":0.818,"i":0,"k":40,"n":23,"p":27,"t":1,"u":0,"v":0,"w":0.818,"x":-135.561,"y":42.978
},{
"c":0,"g":-5.55,"h":0.818,"i":0,"k":42,"n":27,"p":29,"t":1,"u":0,"v":0,"w":0.818,"x":-124.646,"y":37.796
},{
"c":0,"g":-5.55,"h":0.818,"i":0,"k":44,"n":29,"p":32,"t":1,"u":0,"v":0,"w":0.818,"x":-113.731,"y":32.613
},{
"c":0,"g":-5.55,"h":0.818,"i":0,"k":53,"n":32,"p":35,"t":1,"u":0,"v":0,"w":0.818,"x":-97.358,"y":24.839
},{
"c":0,"g":-5.55,"h":0.818,"i":0,"k":55,"n":35,"p":38,"t":1,"u":0,"v":0,"w":0.818,"x":-80.985,"y":17.064
},{
"c":0,"g":-5.55,"h":0.818,"i":0,"k":56,"n":38,"p":41,"t":1,"u":0,"v":0,"w":0.818,"x":-64.611,"y":9.291
},{
"c":0,"g":-5.55,"h":0.818,"i":0,"k":50,"n":41,"p":44,"t":1,"u":0,"v":0,"w":0.818,"x":-48.239,"y":1.517
},{
"c":0,"g":-5.55,"h":0.818,"i":0,"k":43,"n":44,"p":47,"t":1,"u":0,"v":0,"w":0.818,"x":-31.865,"y":-6.256
},{
"c":0,"g":-5.55,"h":0.818,"i":0,"k":40,"n":47,"p":50,"t":1,"u":0,"v":0,"w":0.818,"x":-15.492,"y":-14.03
},{
"c":0,"g":-5.55,"h":0.818,"i":0,"k":44,"n":50,"p":53,"t":1,"u":0,"v":0,"w":0.818,"x":0.88,"y":-21.804
},{
"c":0,"g":-5.55,"h":0.818,"i":0,"k":53,"n":53,"p":56,"t":1,"u":0,"v":0,"w":0.818,"x":17.253,"y":-29.578
},{
"c":0,"g":-5.55,"h":0.818,"i":0,"k":55,"n":56,"p":59,"t":1,"u":0,"v":0,"w":0.818,"x":33.626,"y":-37.352
},{
"c":0,"g":-5.55,"h":0.818,"i":0,"k":56,"n":59,"p":62,"t":1,"u":0,"v":0,"w":0.818,"x":50,"y":-45.126
},{
"c":0,"g":-5.55,"h":0.818,"i":0,"k":50,"n":62,"p":65,"t":1,"u":0,"v":0,"w":0.818,"x":66.372,"y":-52.9
},{
"c":0,"g":-5.55,"h":0.818,"i":0,"k":43,"n":65,"p":69,"t":1,"u":0,"v":0,"w":0.818,"x":82.745,"y":-60.674
},{
"c":0,"g":-5.55,"h":0.818,"i":0,"k":40,"n":69,"t":0,"u":0,"v":0,"w":0.818,"x":104.576,"y":-71.039
}
]
}
],"n":"ScnEnvPidg1","r":30
},{
"f":290,"l":[
{
"f":[
{
"c":0,"g":0,"h":1,"i":0,"k":39,"n":0,"t":1,"u":0,"v":0,"w":1,"x":0,"y":0
}
]
},{
"f":[
{
"c":0,"g":0,"h":1,"i":0,"k":67,"n":0,"t":1,"u":0,"v":0,"w":1,"x":-13.784,"y":-1.108
},{
"c":0,"g":0,"h":1,"i":0,"k":67,"n":40,"t":0,"u":0,"v":0,"w":1,"x":-13.784,"y":-1.108
},{
"c":0,"g":0,"h":1,"i":0,"k":67,"n":52,"t":1,"u":0,"v":0,"w":1,"x":-13.784,"y":-1.108
},{
"c":0,"g":0,"h":1,"i":0,"k":67,"n":89,"t":0,"u":0,"v":0,"w":1,"x":-13.784,"y":-1.108
},{
"c":0,"g":0,"h":1,"i":0,"k":67,"n":111,"t":1,"u":0,"v":0,"w":1,"x":-13.784,"y":-1.108
},{
"c":0,"g":0,"h":1,"i":0,"k":67,"n":164,"t":0,"u":0,"v":0,"w":1,"x":-13.784,"y":-1.108
},{
"c":0,"g":0,"h":1,"i":0,"k":67,"n":166,"t":1,"u":0,"v":0,"w":1,"x":-13.784,"y":-1.108
},{
"c":0,"g":0,"h":1,"i":0,"k":67,"n":168,"t":0,"u":0,"v":0,"w":1,"x":-13.784,"y":-1.108
},{
"c":0,"g":0,"h":1,"i":0,"k":67,"n":170,"t":1,"u":0,"v":0,"w":1,"x":-13.784,"y":-1.108
},{
"c":0,"g":0,"h":1,"i":0,"k":67,"n":204,"t":0,"u":0,"v":0,"w":1,"x":-13.784,"y":-1.108
},{
"c":0,"g":0,"h":1,"i":0,"k":67,"n":206,"t":1,"u":0,"v":0,"w":1,"x":-13.784,"y":-1.108
},{
"c":0,"g":0,"h":1,"i":0,"k":67,"n":208,"t":0,"u":0,"v":0,"w":1,"x":-13.784,"y":-1.108
},{
"c":0,"g":0,"h":1,"i":0,"k":67,"n":210,"t":1,"u":0,"v":0,"w":1,"x":-13.784,"y":-1.108
},{
"c":0,"g":0,"h":1,"i":0,"k":67,"n":212,"t":0,"u":0,"v":0,"w":1,"x":-13.784,"y":-1.108
},{
"c":0,"g":0,"h":1,"i":0,"k":67,"n":214,"t":1,"u":0,"v":0,"w":1,"x":-13.784,"y":-1.108
},{
"c":0,"g":0,"h":1,"i":0,"k":67,"n":217,"p":221,"t":1,"u":0,"v":0,"w":1,"x":-13.784,"y":-1.108
},{
"c":0,"g":0,"h":1,"i":0,"k":67,"n":221,"t":0,"u":0,"v":0,"w":1,"x":-13.784,"y":-1.108
},{
"c":0,"g":0,"h":1,"i":0,"k":67,"n":289,"t":1,"u":0,"v":0,"w":1,"x":-13.784,"y":-1.108
}
]
},{
"f":[
{
"c":0,"g":0,"h":1,"i":0,"k":68,"n":0,"t":1,"u":0,"v":0,"w":1,"x":-87.163,"y":-0.276
},{
"c":0,"g":0,"h":1,"i":0,"k":68,"n":40,"t":0,"u":0,"v":0,"w":1,"x":-87.163,"y":-0.276
},{
"c":0,"g":0,"h":1,"i":0,"k":68,"n":121,"t":1,"u":0,"v":0,"w":1,"x":-87.163,"y":-0.276
},{
"c":0,"g":0,"h":1,"i":0,"k":68,"n":204,"t":0,"u":0,"v":0,"w":1,"x":-87.163,"y":-0.276
},{
"c":0,"g":0,"h":1,"i":0,"k":68,"n":206,"t":1,"u":0,"v":0,"w":1,"x":-87.163,"y":-0.276
},{
"c":0,"g":0,"h":1,"i":0,"k":68,"n":208,"t":0,"u":0,"v":0,"w":1,"x":-87.163,"y":-0.276
},{
"c":0,"g":0,"h":1,"i":0,"k":68,"n":210,"t":1,"u":0,"v":0,"w":1,"x":-87.163,"y":-0.276
},{
"c":0,"g":0,"h":1,"i":0,"k":68,"n":212,"t":0,"u":0,"v":0,"w":1,"x":-87.163,"y":-0.276
},{
"c":0,"g":0,"h":1,"i":0,"k":68,"n":214,"t":1,"u":0,"v":0,"w":1,"x":-87.163,"y":-0.276
},{
"c":0,"g":0,"h":1,"i":0,"k":68,"n":230,"t":0,"u":0,"v":0,"w":1,"x":-87.163,"y":-0.276
},{
"c":0,"g":0,"h":1,"i":0,"k":68,"n":232,"t":1,"u":0,"v":0,"w":1,"x":-87.163,"y":-0.276
},{
"c":0,"g":0,"h":1,"i":0,"k":68,"n":234,"t":0,"u":0,"v":0,"w":1,"x":-87.163,"y":-0.276
},{
"c":0,"g":0,"h":1,"i":0,"k":68,"n":236,"t":1,"u":0,"v":0,"w":1,"x":-87.163,"y":-0.276
},{
"c":0,"g":0,"h":1,"i":0,"k":68,"n":240,"t":0,"u":0,"v":0,"w":1,"x":-87.163,"y":-0.276
},{
"c":0,"g":0,"h":1,"i":0,"k":68,"n":287,"t":1,"u":0,"v":0,"w":1,"x":-87.163,"y":-0.276
}
]
},{
"f":[
{
"c":0,"g":0,"h":1,"i":0,"k":68,"n":0,"t":1,"u":0,"v":0,"w":1,"x":56.693,"y":0.552
},{
"c":0,"g":0,"h":1,"i":0,"k":68,"n":40,"t":0,"u":0,"v":0,"w":1,"x":56.693,"y":0.552
},{
"c":0,"g":0,"h":1,"i":0,"k":68,"n":52,"t":1,"u":0,"v":0,"w":1,"x":56.693,"y":0.552
},{
"c":0,"g":0,"h":1,"i":0,"k":68,"n":89,"t":0,"u":0,"v":0,"w":1,"x":56.693,"y":0.552
},{
"c":0,"g":0,"h":1,"i":0,"k":68,"n":111,"t":1,"u":0,"v":0,"w":1,"x":56.693,"y":0.552
},{
"c":0,"g":0,"h":1,"i":0,"k":68,"n":204,"t":0,"u":0,"v":0,"w":1,"x":56.693,"y":0.552
},{
"c":0,"g":0,"h":1,"i":0,"k":68,"n":206,"t":1,"u":0,"v":0,"w":1,"x":56.693,"y":0.552
},{
"c":0,"g":0,"h":1,"i":0,"k":68,"n":208,"t":0,"u":0,"v":0,"w":1,"x":56.693,"y":0.552
},{
"c":0,"g":0,"h":1,"i":0,"k":68,"n":210,"t":1,"u":0,"v":0,"w":1,"x":56.693,"y":0.552
},{
"c":0,"g":0,"h":1,"i":0,"k":68,"n":212,"t":0,"u":0,"v":0,"w":1,"x":56.693,"y":0.552
},{
"c":0,"g":0,"h":1,"i":0,"k":68,"n":214,"t":1,"u":0,"v":0,"w":1,"x":56.693,"y":0.552
},{
"c":0,"g":0,"h":1,"i":0,"k":68,"n":217,"p":221,"t":1,"u":0,"v":0,"w":1,"x":56.693,"y":0.552
},{
"c":0,"g":0,"h":1,"i":0,"k":68,"n":221,"t":0,"u":0,"v":0,"w":1,"x":56.693,"y":0.552
},{
"c":0,"g":0,"h":1,"i":0,"k":68,"n":285,"t":1,"u":0,"v":0,"w":1,"x":56.693,"y":0.552
}
]
},{
"f":[
{
"c":0,"g":0,"h":1,"i":0,"k":67,"n":0,"t":1,"u":0,"v":0,"w":1,"x":90.755,"y":-0.803
},{
"c":0,"g":0,"h":1,"i":0,"k":67,"n":40,"t":0,"u":0,"v":0,"w":1,"x":90.755,"y":-0.803
},{
"c":0,"g":0,"h":1,"i":0,"k":67,"n":111,"t":1,"u":0,"v":0,"w":1,"x":90.755,"y":-0.803
},{
"c":0,"g":0,"h":1,"i":0,"k":67,"n":135,"t":0,"u":0,"v":0,"w":1,"x":90.755,"y":-0.803
},{
"c":0,"g":0,"h":1,"i":0,"k":67,"n":137,"t":1,"u":0,"v":0,"w":1,"x":90.755,"y":-0.803
},{
"c":0,"g":0,"h":1,"i":0,"k":67,"n":139,"t":0,"u":0,"v":0,"w":1,"x":90.755,"y":-0.803
},{
"c":0,"g":0,"h":1,"i":0,"k":67,"n":141,"t":1,"u":0,"v":0,"w":1,"x":90.755,"y":-0.803
},{
"c":0,"g":0,"h":1,"i":0,"k":67,"n":204,"t":0,"u":0,"v":0,"w":1,"x":90.755,"y":-0.803
},{
"c":0,"g":0,"h":1,"i":0,"k":67,"n":206,"t":1,"u":0,"v":0,"w":1,"x":90.755,"y":-0.803
},{
"c":0,"g":0,"h":1,"i":0,"k":67,"n":208,"t":0,"u":0,"v":0,"w":1,"x":90.755,"y":-0.803
},{
"c":0,"g":0,"h":1,"i":0,"k":67,"n":210,"t":1,"u":0,"v":0,"w":1,"x":90.755,"y":-0.803
},{
"c":0,"g":0,"h":1,"i":0,"k":67,"n":212,"t":0,"u":0,"v":0,"w":1,"x":90.755,"y":-0.803
},{
"c":0,"g":0,"h":1,"i":0,"k":67,"n":214,"t":1,"u":0,"v":0,"w":1,"x":90.755,"y":-0.803
},{
"c":0,"g":0,"h":1,"i":0,"k":67,"n":217,"p":221,"t":1,"u":0,"v":0,"w":1,"x":90.755,"y":-0.803
},{
"c":0,"g":0,"h":1,"i":0,"k":67,"n":221,"t":0,"u":0,"v":0,"w":1,"x":90.755,"y":-0.803
},{
"c":0,"g":0,"h":1,"i":0,"k":67,"n":273,"t":1,"u":0,"v":0,"w":1,"x":90.755,"y":-0.803
},{
"c":0,"g":0,"h":1,"i":0,"k":67,"n":275,"t":0,"u":0,"v":0,"w":1,"x":90.755,"y":-0.803
},{
"c":0,"g":0,"h":1,"i":0,"k":67,"n":277,"t":1,"u":0,"v":0,"w":1,"x":90.755,"y":-0.803
},{
"c":0,"g":0,"h":1,"i":0,"k":67,"n":279,"t":0,"u":0,"v":0,"w":1,"x":90.755,"y":-0.803
},{
"c":0,"g":0,"h":1,"i":0,"k":67,"n":281,"t":1,"u":0,"v":0,"w":1,"x":90.755,"y":-0.803
}
]
},{
"f":[
{
"c":0,"g":0,"h":1,"i":0,"k":69,"n":0,"t":1,"u":0,"v":0,"w":1,"x":-50.674,"y":1.246
},{
"c":0,"g":0,"h":1,"i":0,"k":69,"n":40,"t":0,"u":0,"v":0,"w":1,"x":-50.674,"y":1.246
},{
"c":0,"g":0,"h":1,"i":0,"k":69,"n":111,"t":1,"u":0,"v":0,"w":1,"x":-50.674,"y":1.246
},{
"c":0,"g":0,"h":1,"i":0,"k":69,"n":204,"t":0,"u":0,"v":0,"w":1,"x":-50.674,"y":1.246
},{
"c":0,"g":0,"h":1,"i":0,"k":69,"n":206,"t":1,"u":0,"v":0,"w":1,"x":-50.674,"y":1.246
},{
"c":0,"g":0,"h":1,"i":0,"k":69,"n":208,"t":0,"u":0,"v":0,"w":1,"x":-50.674,"y":1.246
},{
"c":0,"g":0,"h":1,"i":0,"k":69,"n":210,"t":1,"u":0,"v":0,"w":1,"x":-50.674,"y":1.246
},{
"c":0,"g":0,"h":1,"i":0,"k":69,"n":212,"t":0,"u":0,"v":0,"w":1,"x":-50.674,"y":1.246
},{
"c":0,"g":0,"h":1,"i":0,"k":69,"n":214,"t":1,"u":0,"v":0,"w":1,"x":-50.674,"y":1.246
},{
"c":0,"g":0,"h":1,"i":0,"k":69,"n":217,"p":221,"t":1,"u":0,"v":0,"w":1,"x":-50.674,"y":1.246
},{
"c":0,"g":0,"h":1,"i":0,"k":69,"n":221,"t":0,"u":0,"v":0,"w":1,"x":-50.674,"y":1.246
},{
"c":0,"g":0,"h":1,"i":0,"k":69,"n":276,"t":1,"u":0,"v":0,"w":1,"x":-50.674,"y":1.246
},{
"c":0,"g":0,"h":1,"i":0,"k":69,"n":278,"t":0,"u":0,"v":0,"w":1,"x":-50.674,"y":1.246
},{
"c":0,"g":0,"h":1,"i":0,"k":69,"n":280,"t":1,"u":0,"v":0,"w":1,"x":-50.674,"y":1.246
},{
"c":0,"g":0,"h":1,"i":0,"k":69,"n":282,"t":0,"u":0,"v":0,"w":1,"x":-50.674,"y":1.246
},{
"c":0,"g":0,"h":1,"i":0,"k":69,"n":284,"t":1,"u":0,"v":0,"w":1,"x":-50.674,"y":1.246
}
]
},{
"f":[
{
"c":0,"g":0,"h":1,"i":0,"k":70,"n":0,"t":1,"u":0,"v":0,"w":1,"x":22.252,"y":0.855
},{
"c":0,"g":0,"h":1,"i":0,"k":70,"n":40,"t":0,"u":0,"v":0,"w":1,"x":22.252,"y":0.855
},{
"c":0,"g":0,"h":1,"i":0,"k":70,"n":111,"t":1,"u":0,"v":0,"w":1,"x":22.252,"y":0.855
},{
"c":0,"g":0,"h":1,"i":0,"k":70,"n":204,"t":0,"u":0,"v":0,"w":1,"x":22.252,"y":0.855
},{
"c":0,"g":0,"h":1,"i":0,"k":70,"n":206,"t":1,"u":0,"v":0,"w":1,"x":22.252,"y":0.855
},{
"c":0,"g":0,"h":1,"i":0,"k":70,"n":208,"t":0,"u":0,"v":0,"w":1,"x":22.252,"y":0.855
},{
"c":0,"g":0,"h":1,"i":0,"k":70,"n":210,"t":1,"u":0,"v":0,"w":1,"x":22.252,"y":0.855
},{
"c":0,"g":0,"h":1,"i":0,"k":70,"n":212,"t":0,"u":0,"v":0,"w":1,"x":22.252,"y":0.855
},{
"c":0,"g":0,"h":1,"i":0,"k":70,"n":214,"t":1,"u":0,"v":0,"w":1,"x":22.252,"y":0.855
},{
"c":0,"g":0,"h":1,"i":0,"k":70,"n":217,"p":221,"t":1,"u":0,"v":0,"w":1,"x":22.252,"y":0.855
},{
"c":0,"g":0,"h":1,"i":0,"k":70,"n":221,"t":0,"u":0,"v":0,"w":1,"x":22.252,"y":0.855
},{
"c":0,"g":0,"h":1,"i":0,"k":70,"n":274,"t":1,"u":0,"v":0,"w":1,"x":22.252,"y":0.855
},{
"c":0,"g":0,"h":1,"i":0,"k":70,"n":276,"t":0,"u":0,"v":0,"w":1,"x":22.252,"y":0.855
},{
"c":0,"g":0,"h":1,"i":0,"k":70,"n":278,"t":1,"u":0,"v":0,"w":1,"x":22.252,"y":0.855
},{
"c":0,"g":0,"h":1,"i":0,"k":70,"n":280,"t":0,"u":0,"v":0,"w":1,"x":22.252,"y":0.855
},{
"c":0,"g":0,"h":1,"i":0,"k":70,"n":282,"t":1,"u":0,"v":0,"w":1,"x":22.252,"y":0.855
}
]
},{
"fa":[
{
"a":"","n":40
},{
"a":"","n":111
}
]
}
],"n":"ScnEnvLightsHorMedium","r":30
},{
"f":290,"l":[
{
"f":[
{
"c":0,"g":0,"h":1,"i":1,"k":70,"n":0,"t":1,"u":0,"v":0,"w":1,"x":0,"y":0
}
]
},{
"f":[
{
"c":0,"g":0,"h":1,"i":0,"k":67,"n":0,"t":1,"u":0,"v":0,"w":1,"x":-4.784,"y":-1.108
},{
"c":0,"g":0,"h":1,"i":0,"k":67,"n":40,"t":0,"u":0,"v":0,"w":1,"x":-4.784,"y":-1.108
},{
"c":0,"g":0,"h":1,"i":0,"k":67,"n":52,"t":1,"u":0,"v":0,"w":1,"x":-4.784,"y":-1.108
},{
"c":0,"g":0,"h":1,"i":0,"k":67,"n":89,"t":0,"u":0,"v":0,"w":1,"x":-4.784,"y":-1.108
},{
"c":0,"g":0,"h":1,"i":0,"k":67,"n":111,"t":1,"u":0,"v":0,"w":1,"x":-4.784,"y":-1.108
},{
"c":0,"g":0,"h":1,"i":0,"k":67,"n":164,"t":0,"u":0,"v":0,"w":1,"x":-4.784,"y":-1.108
},{
"c":0,"g":0,"h":1,"i":0,"k":67,"n":166,"t":1,"u":0,"v":0,"w":1,"x":-4.784,"y":-1.108
},{
"c":0,"g":0,"h":1,"i":0,"k":67,"n":168,"t":0,"u":0,"v":0,"w":1,"x":-4.784,"y":-1.108
},{
"c":0,"g":0,"h":1,"i":0,"k":67,"n":170,"t":1,"u":0,"v":0,"w":1,"x":-4.784,"y":-1.108
},{
"c":0,"g":0,"h":1,"i":0,"k":67,"n":204,"t":0,"u":0,"v":0,"w":1,"x":-4.784,"y":-1.108
},{
"c":0,"g":0,"h":1,"i":0,"k":67,"n":206,"t":1,"u":0,"v":0,"w":1,"x":-4.784,"y":-1.108
},{
"c":0,"g":0,"h":1,"i":0,"k":67,"n":208,"t":0,"u":0,"v":0,"w":1,"x":-4.784,"y":-1.108
},{
"c":0,"g":0,"h":1,"i":0,"k":67,"n":210,"t":1,"u":0,"v":0,"w":1,"x":-4.784,"y":-1.108
},{
"c":0,"g":0,"h":1,"i":0,"k":67,"n":212,"t":0,"u":0,"v":0,"w":1,"x":-4.784,"y":-1.108
},{
"c":0,"g":0,"h":1,"i":0,"k":67,"n":214,"t":1,"u":0,"v":0,"w":1,"x":-4.784,"y":-1.108
},{
"c":0,"g":0,"h":1,"i":0,"k":67,"n":217,"p":221,"t":1,"u":0,"v":0,"w":1,"x":-4.784,"y":-1.108
},{
"c":0,"g":0,"h":1,"i":0,"k":67,"n":221,"t":0,"u":0,"v":0,"w":1,"x":-4.784,"y":-1.108
},{
"c":0,"g":0,"h":1,"i":0,"k":67,"n":289,"t":1,"u":0,"v":0,"w":1,"x":-4.784,"y":-1.108
}
]
},{
"f":[
{
"c":0,"g":0,"h":1,"i":0,"k":68,"n":0,"t":1,"u":0,"v":0,"w":1,"x":-78.163,"y":-0.276
},{
"c":0,"g":0,"h":1,"i":0,"k":68,"n":40,"t":0,"u":0,"v":0,"w":1,"x":-78.163,"y":-0.276
},{
"c":0,"g":0,"h":1,"i":0,"k":68,"n":121,"t":1,"u":0,"v":0,"w":1,"x":-78.163,"y":-0.276
},{
"c":0,"g":0,"h":1,"i":0,"k":68,"n":204,"t":0,"u":0,"v":0,"w":1,"x":-78.163,"y":-0.276
},{
"c":0,"g":0,"h":1,"i":0,"k":68,"n":206,"t":1,"u":0,"v":0,"w":1,"x":-78.163,"y":-0.276
},{
"c":0,"g":0,"h":1,"i":0,"k":68,"n":208,"t":0,"u":0,"v":0,"w":1,"x":-78.163,"y":-0.276
},{
"c":0,"g":0,"h":1,"i":0,"k":68,"n":210,"t":1,"u":0,"v":0,"w":1,"x":-78.163,"y":-0.276
},{
"c":0,"g":0,"h":1,"i":0,"k":68,"n":212,"t":0,"u":0,"v":0,"w":1,"x":-78.163,"y":-0.276
},{
"c":0,"g":0,"h":1,"i":0,"k":68,"n":214,"t":1,"u":0,"v":0,"w":1,"x":-78.163,"y":-0.276
},{
"c":0,"g":0,"h":1,"i":0,"k":68,"n":230,"t":0,"u":0,"v":0,"w":1,"x":-78.163,"y":-0.276
},{
"c":0,"g":0,"h":1,"i":0,"k":68,"n":232,"t":1,"u":0,"v":0,"w":1,"x":-78.163,"y":-0.276
},{
"c":0,"g":0,"h":1,"i":0,"k":68,"n":234,"t":0,"u":0,"v":0,"w":1,"x":-78.163,"y":-0.276
},{
"c":0,"g":0,"h":1,"i":0,"k":68,"n":236,"t":1,"u":0,"v":0,"w":1,"x":-78.163,"y":-0.276
},{
"c":0,"g":0,"h":1,"i":0,"k":68,"n":240,"t":0,"u":0,"v":0,"w":1,"x":-78.163,"y":-0.276
},{
"c":0,"g":0,"h":1,"i":0,"k":68,"n":287,"t":1,"u":0,"v":0,"w":1,"x":-78.163,"y":-0.276
}
]
},{
"f":[
{
"c":0,"g":0,"h":1,"i":0,"k":68,"n":0,"t":1,"u":0,"v":0,"w":1,"x":65.693,"y":1.552
},{
"c":0,"g":0,"h":1,"i":0,"k":68,"n":40,"t":0,"u":0,"v":0,"w":1,"x":65.693,"y":1.552
},{
"c":0,"g":0,"h":1,"i":0,"k":68,"n":52,"t":1,"u":0,"v":0,"w":1,"x":65.693,"y":1.552
},{
"c":0,"g":0,"h":1,"i":0,"k":68,"n":89,"t":0,"u":0,"v":0,"w":1,"x":65.693,"y":1.552
},{
"c":0,"g":0,"h":1,"i":0,"k":68,"n":111,"t":1,"u":0,"v":0,"w":1,"x":65.693,"y":1.552
},{
"c":0,"g":0,"h":1,"i":0,"k":68,"n":204,"t":0,"u":0,"v":0,"w":1,"x":65.693,"y":1.552
},{
"c":0,"g":0,"h":1,"i":0,"k":68,"n":206,"t":1,"u":0,"v":0,"w":1,"x":65.693,"y":1.552
},{
"c":0,"g":0,"h":1,"i":0,"k":68,"n":208,"t":0,"u":0,"v":0,"w":1,"x":65.693,"y":1.552
},{
"c":0,"g":0,"h":1,"i":0,"k":68,"n":210,"t":1,"u":0,"v":0,"w":1,"x":65.693,"y":1.552
},{
"c":0,"g":0,"h":1,"i":0,"k":68,"n":212,"t":0,"u":0,"v":0,"w":1,"x":65.693,"y":1.552
},{
"c":0,"g":0,"h":1,"i":0,"k":68,"n":214,"t":1,"u":0,"v":0,"w":1,"x":65.693,"y":1.552
},{
"c":0,"g":0,"h":1,"i":0,"k":68,"n":217,"p":221,"t":1,"u":0,"v":0,"w":1,"x":65.693,"y":1.552
},{
"c":0,"g":0,"h":1,"i":0,"k":68,"n":221,"t":0,"u":0,"v":0,"w":1,"x":65.693,"y":1.552
},{
"c":0,"g":0,"h":1,"i":0,"k":68,"n":285,"t":1,"u":0,"v":0,"w":1,"x":65.693,"y":1.552
}
]
},{
"f":[
{
"c":0,"g":0,"h":1,"i":0,"k":69,"n":0,"t":1,"u":0,"v":0,"w":1,"x":131.221,"y":0.027
},{
"c":0,"g":0,"h":1,"i":0,"k":69,"n":40,"t":0,"u":0,"v":0,"w":1,"x":131.221,"y":0.027
},{
"c":0,"g":0,"h":1,"i":0,"k":69,"n":52,"t":1,"u":0,"v":0,"w":1,"x":131.221,"y":0.027
},{
"c":0,"g":0,"h":1,"i":0,"k":69,"n":89,"t":0,"u":0,"v":0,"w":1,"x":131.221,"y":0.027
},{
"c":0,"g":0,"h":1,"i":0,"k":69,"n":111,"t":1,"u":0,"v":0,"w":1,"x":131.221,"y":0.027
},{
"c":0,"g":0,"h":1,"i":0,"k":69,"n":204,"t":0,"u":0,"v":0,"w":1,"x":131.221,"y":0.027
},{
"c":0,"g":0,"h":1,"i":0,"k":69,"n":206,"t":1,"u":0,"v":0,"w":1,"x":131.221,"y":0.027
},{
"c":0,"g":0,"h":1,"i":0,"k":69,"n":208,"t":0,"u":0,"v":0,"w":1,"x":131.221,"y":0.027
},{
"c":0,"g":0,"h":1,"i":0,"k":69,"n":210,"t":1,"u":0,"v":0,"w":1,"x":131.221,"y":0.027
},{
"c":0,"g":0,"h":1,"i":0,"k":69,"n":212,"t":0,"u":0,"v":0,"w":1,"x":131.221,"y":0.027
},{
"c":0,"g":0,"h":1,"i":0,"k":69,"n":214,"t":1,"u":0,"v":0,"w":1,"x":131.221,"y":0.027
},{
"c":0,"g":0,"h":1,"i":0,"k":69,"n":217,"p":221,"t":1,"u":0,"v":0,"w":1,"x":131.221,"y":0.027
},{
"c":0,"g":0,"h":1,"i":0,"k":69,"n":221,"t":0,"u":0,"v":0,"w":1,"x":131.221,"y":0.027
},{
"c":0,"g":0,"h":1,"i":0,"k":69,"n":283,"t":1,"u":0,"v":0,"w":1,"x":131.221,"y":0.027
}
]
},{
"f":[
{
"c":0,"g":0,"h":1,"i":0,"k":67,"n":0,"t":1,"u":0,"v":0,"w":1,"x":99.755,"y":0.197
},{
"c":0,"g":0,"h":1,"i":0,"k":67,"n":40,"t":0,"u":0,"v":0,"w":1,"x":99.755,"y":0.197
},{
"c":0,"g":0,"h":1,"i":0,"k":67,"n":111,"t":1,"u":0,"v":0,"w":1,"x":99.755,"y":0.197
},{
"c":0,"g":0,"h":1,"i":0,"k":67,"n":135,"t":0,"u":0,"v":0,"w":1,"x":99.755,"y":0.197
},{
"c":0,"g":0,"h":1,"i":0,"k":67,"n":137,"t":1,"u":0,"v":0,"w":1,"x":99.755,"y":0.197
},{
"c":0,"g":0,"h":1,"i":0,"k":67,"n":139,"t":0,"u":0,"v":0,"w":1,"x":99.755,"y":0.197
},{
"c":0,"g":0,"h":1,"i":0,"k":67,"n":141,"t":1,"u":0,"v":0,"w":1,"x":99.755,"y":0.197
},{
"c":0,"g":0,"h":1,"i":0,"k":67,"n":204,"t":0,"u":0,"v":0,"w":1,"x":99.755,"y":0.197
},{
"c":0,"g":0,"h":1,"i":0,"k":67,"n":206,"t":1,"u":0,"v":0,"w":1,"x":99.755,"y":0.197
},{
"c":0,"g":0,"h":1,"i":0,"k":67,"n":208,"t":0,"u":0,"v":0,"w":1,"x":99.755,"y":0.197
},{
"c":0,"g":0,"h":1,"i":0,"k":67,"n":210,"t":1,"u":0,"v":0,"w":1,"x":99.755,"y":0.197
},{
"c":0,"g":0,"h":1,"i":0,"k":67,"n":212,"t":0,"u":0,"v":0,"w":1,"x":99.755,"y":0.197
},{
"c":0,"g":0,"h":1,"i":0,"k":67,"n":214,"t":1,"u":0,"v":0,"w":1,"x":99.755,"y":0.197
},{
"c":0,"g":0,"h":1,"i":0,"k":67,"n":217,"p":221,"t":1,"u":0,"v":0,"w":1,"x":99.755,"y":0.197
},{
"c":0,"g":0,"h":1,"i":0,"k":67,"n":221,"t":0,"u":0,"v":0,"w":1,"x":99.755,"y":0.197
},{
"c":0,"g":0,"h":1,"i":0,"k":67,"n":273,"t":1,"u":0,"v":0,"w":1,"x":99.755,"y":0.197
},{
"c":0,"g":0,"h":1,"i":0,"k":67,"n":275,"t":0,"u":0,"v":0,"w":1,"x":99.755,"y":0.197
},{
"c":0,"g":0,"h":1,"i":0,"k":67,"n":277,"t":1,"u":0,"v":0,"w":1,"x":99.755,"y":0.197
},{
"c":0,"g":0,"h":1,"i":0,"k":67,"n":279,"t":0,"u":0,"v":0,"w":1,"x":99.755,"y":0.197
},{
"c":0,"g":0,"h":1,"i":0,"k":67,"n":281,"t":1,"u":0,"v":0,"w":1,"x":99.755,"y":0.197
}
]
},{
"f":[
{
"c":0,"g":0,"h":1,"i":0,"k":69,"n":0,"t":1,"u":0,"v":0,"w":1,"x":-41.674,"y":1.246
},{
"c":0,"g":0,"h":1,"i":0,"k":69,"n":40,"t":0,"u":0,"v":0,"w":1,"x":-41.674,"y":1.246
},{
"c":0,"g":0,"h":1,"i":0,"k":69,"n":111,"t":1,"u":0,"v":0,"w":1,"x":-41.674,"y":1.246
},{
"c":0,"g":0,"h":1,"i":0,"k":69,"n":204,"t":0,"u":0,"v":0,"w":1,"x":-41.674,"y":1.246
},{
"c":0,"g":0,"h":1,"i":0,"k":69,"n":206,"t":1,"u":0,"v":0,"w":1,"x":-41.674,"y":1.246
},{
"c":0,"g":0,"h":1,"i":0,"k":69,"n":208,"t":0,"u":0,"v":0,"w":1,"x":-41.674,"y":1.246
},{
"c":0,"g":0,"h":1,"i":0,"k":69,"n":210,"t":1,"u":0,"v":0,"w":1,"x":-41.674,"y":1.246
},{
"c":0,"g":0,"h":1,"i":0,"k":69,"n":212,"t":0,"u":0,"v":0,"w":1,"x":-41.674,"y":1.246
},{
"c":0,"g":0,"h":1,"i":0,"k":69,"n":214,"t":1,"u":0,"v":0,"w":1,"x":-41.674,"y":1.246
},{
"c":0,"g":0,"h":1,"i":0,"k":69,"n":217,"p":221,"t":1,"u":0,"v":0,"w":1,"x":-41.674,"y":1.246
},{
"c":0,"g":0,"h":1,"i":0,"k":69,"n":221,"t":0,"u":0,"v":0,"w":1,"x":-41.674,"y":1.246
},{
"c":0,"g":0,"h":1,"i":0,"k":69,"n":276,"t":1,"u":0,"v":0,"w":1,"x":-41.674,"y":1.246
},{
"c":0,"g":0,"h":1,"i":0,"k":69,"n":278,"t":0,"u":0,"v":0,"w":1,"x":-41.674,"y":1.246
},{
"c":0,"g":0,"h":1,"i":0,"k":69,"n":280,"t":1,"u":0,"v":0,"w":1,"x":-41.674,"y":1.246
},{
"c":0,"g":0,"h":1,"i":0,"k":69,"n":282,"t":0,"u":0,"v":0,"w":1,"x":-41.674,"y":1.246
},{
"c":0,"g":0,"h":1,"i":0,"k":69,"n":284,"t":1,"u":0,"v":0,"w":1,"x":-41.674,"y":1.246
}
]
},{
"f":[
{
"c":0,"g":0,"h":1,"i":0,"k":70,"n":0,"t":1,"u":0,"v":0,"w":1,"x":31.252,"y":1.855
},{
"c":0,"g":0,"h":1,"i":0,"k":70,"n":40,"t":0,"u":0,"v":0,"w":1,"x":31.252,"y":1.855
},{
"c":0,"g":0,"h":1,"i":0,"k":70,"n":111,"t":1,"u":0,"v":0,"w":1,"x":31.252,"y":1.855
},{
"c":0,"g":0,"h":1,"i":0,"k":70,"n":204,"t":0,"u":0,"v":0,"w":1,"x":31.252,"y":1.855
},{
"c":0,"g":0,"h":1,"i":0,"k":70,"n":206,"t":1,"u":0,"v":0,"w":1,"x":31.252,"y":1.855
},{
"c":0,"g":0,"h":1,"i":0,"k":70,"n":208,"t":0,"u":0,"v":0,"w":1,"x":31.252,"y":1.855
},{
"c":0,"g":0,"h":1,"i":0,"k":70,"n":210,"t":1,"u":0,"v":0,"w":1,"x":31.252,"y":1.855
},{
"c":0,"g":0,"h":1,"i":0,"k":70,"n":212,"t":0,"u":0,"v":0,"w":1,"x":31.252,"y":1.855
},{
"c":0,"g":0,"h":1,"i":0,"k":70,"n":214,"t":1,"u":0,"v":0,"w":1,"x":31.252,"y":1.855
},{
"c":0,"g":0,"h":1,"i":0,"k":70,"n":217,"p":221,"t":1,"u":0,"v":0,"w":1,"x":31.252,"y":1.855
},{
"c":0,"g":0,"h":1,"i":0,"k":70,"n":221,"t":0,"u":0,"v":0,"w":1,"x":31.252,"y":1.855
},{
"c":0,"g":0,"h":1,"i":0,"k":70,"n":274,"t":1,"u":0,"v":0,"w":1,"x":31.252,"y":1.855
},{
"c":0,"g":0,"h":1,"i":0,"k":70,"n":276,"t":0,"u":0,"v":0,"w":1,"x":31.252,"y":1.855
},{
"c":0,"g":0,"h":1,"i":0,"k":70,"n":278,"t":1,"u":0,"v":0,"w":1,"x":31.252,"y":1.855
},{
"c":0,"g":0,"h":1,"i":0,"k":70,"n":280,"t":0,"u":0,"v":0,"w":1,"x":31.252,"y":1.855
},{
"c":0,"g":0,"h":1,"i":0,"k":70,"n":282,"t":1,"u":0,"v":0,"w":1,"x":31.252,"y":1.855
}
]
},{
"f":[
{
"c":0,"g":0,"h":1,"i":0,"k":70,"n":0,"t":1,"u":0,"v":0,"w":1,"x":-112.471,"y":-1.496
},{
"c":0,"g":0,"h":1,"i":0,"k":70,"n":40,"t":0,"u":0,"v":0,"w":1,"x":-112.471,"y":-1.496
},{
"c":0,"g":0,"h":1,"i":0,"k":70,"n":52,"t":1,"u":0,"v":0,"w":1,"x":-112.471,"y":-1.496
},{
"c":0,"g":0,"h":1,"i":0,"k":70,"n":89,"t":0,"u":0,"v":0,"w":1,"x":-112.471,"y":-1.496
},{
"c":0,"g":0,"h":1,"i":0,"k":70,"n":111,"t":1,"u":0,"v":0,"w":1,"x":-112.471,"y":-1.496
},{
"c":0,"g":0,"h":1,"i":0,"k":70,"n":200,"t":0,"u":0,"v":0,"w":1,"x":-112.471,"y":-1.496
},{
"c":0,"g":0,"h":1,"i":0,"k":70,"n":202,"t":1,"u":0,"v":0,"w":1,"x":-112.471,"y":-1.496
},{
"c":0,"g":0,"h":1,"i":0,"k":70,"n":204,"t":0,"u":0,"v":0,"w":1,"x":-112.471,"y":-1.496
},{
"c":0,"g":0,"h":1,"i":0,"k":70,"n":206,"t":1,"u":0,"v":0,"w":1,"x":-112.471,"y":-1.496
},{
"c":0,"g":0,"h":1,"i":0,"k":70,"n":208,"t":0,"u":0,"v":0,"w":1,"x":-112.471,"y":-1.496
},{
"c":0,"g":0,"h":1,"i":0,"k":70,"n":210,"t":1,"u":0,"v":0,"w":1,"x":-112.471,"y":-1.496
},{
"c":0,"g":0,"h":1,"i":0,"k":70,"n":212,"t":0,"u":0,"v":0,"w":1,"x":-112.471,"y":-1.496
},{
"c":0,"g":0,"h":1,"i":0,"k":70,"n":214,"t":1,"u":0,"v":0,"w":1,"x":-112.471,"y":-1.496
},{
"c":0,"g":0,"h":1,"i":0,"k":70,"n":217,"p":221,"t":1,"u":0,"v":0,"w":1,"x":-112.471,"y":-1.496
},{
"c":0,"g":0,"h":1,"i":0,"k":70,"n":221,"t":0,"u":0,"v":0,"w":1,"x":-112.471,"y":-1.496
},{
"c":0,"g":0,"h":1,"i":0,"k":70,"n":271,"t":1,"u":0,"v":0,"w":1,"x":-112.471,"y":-1.496
},{
"c":0,"g":0,"h":1,"i":0,"k":70,"n":273,"t":0,"u":0,"v":0,"w":1,"x":-112.471,"y":-1.496
},{
"c":0,"g":0,"h":1,"i":0,"k":70,"n":275,"t":1,"u":0,"v":0,"w":1,"x":-112.471,"y":-1.496
},{
"c":0,"g":0,"h":1,"i":0,"k":70,"n":277,"t":0,"u":0,"v":0,"w":1,"x":-112.471,"y":-1.496
},{
"c":0,"g":0,"h":1,"i":0,"k":70,"n":279,"t":1,"u":0,"v":0,"w":1,"x":-112.471,"y":-1.496
}
]
},{
"fa":[
{
"a":"","n":40
},{
"a":"","n":111
}
]
}
],"n":"ScnEnvLightsHorLarge","r":30
},{
"f":290,"l":[
{
"f":[
{
"c":0,"g":0,"h":1,"i":0,"k":14,"n":0,"t":1,"u":0,"v":0,"w":1,"x":0,"y":0
}
]
},{
"f":[
{
"c":0,"g":0,"h":1,"i":0,"k":67,"n":0,"t":1,"u":0,"v":0,"w":1,"x":-12.042,"y":20.579
},{
"c":0,"g":0,"h":1,"i":0,"k":67,"n":40,"t":0,"u":0,"v":0,"w":1,"x":-12.042,"y":20.579
},{
"c":0,"g":0,"h":1,"i":0,"k":67,"n":52,"t":1,"u":0,"v":0,"w":1,"x":-12.042,"y":20.579
},{
"c":0,"g":0,"h":1,"i":0,"k":67,"n":89,"t":0,"u":0,"v":0,"w":1,"x":-12.042,"y":20.579
},{
"c":0,"g":0,"h":1,"i":0,"k":67,"n":111,"t":1,"u":0,"v":0,"w":1,"x":-12.042,"y":20.579
},{
"c":0,"g":0,"h":1,"i":0,"k":67,"n":164,"t":0,"u":0,"v":0,"w":1,"x":-12.042,"y":20.579
},{
"c":0,"g":0,"h":1,"i":0,"k":67,"n":166,"t":1,"u":0,"v":0,"w":1,"x":-12.042,"y":20.579
},{
"c":0,"g":0,"h":1,"i":0,"k":67,"n":168,"t":0,"u":0,"v":0,"w":1,"x":-12.042,"y":20.579
},{
"c":0,"g":0,"h":1,"i":0,"k":67,"n":170,"t":1,"u":0,"v":0,"w":1,"x":-12.042,"y":20.579
},{
"c":0,"g":0,"h":1,"i":0,"k":67,"n":204,"t":0,"u":0,"v":0,"w":1,"x":-12.042,"y":20.579
},{
"c":0,"g":0,"h":1,"i":0,"k":67,"n":206,"t":1,"u":0,"v":0,"w":1,"x":-12.042,"y":20.579
},{
"c":0,"g":0,"h":1,"i":0,"k":67,"n":208,"t":0,"u":0,"v":0,"w":1,"x":-12.042,"y":20.579
},{
"c":0,"g":0,"h":1,"i":0,"k":67,"n":210,"t":1,"u":0,"v":0,"w":1,"x":-12.042,"y":20.579
},{
"c":0,"g":0,"h":1,"i":0,"k":67,"n":212,"t":0,"u":0,"v":0,"w":1,"x":-12.042,"y":20.579
},{
"c":0,"g":0,"h":1,"i":0,"k":67,"n":214,"t":1,"u":0,"v":0,"w":1,"x":-12.042,"y":20.579
},{
"c":0,"g":0,"h":1,"i":0,"k":67,"n":217,"p":221,"t":1,"u":0,"v":0,"w":1,"x":-12.042,"y":20.579
},{
"c":0,"g":0,"h":1,"i":0,"k":67,"n":221,"t":0,"u":0,"v":0,"w":1,"x":-12.042,"y":20.579
},{
"c":0,"g":0,"h":1,"i":0,"k":67,"n":289,"t":1,"u":0,"v":0,"w":1,"x":-12.042,"y":20.579
}
]
},{
"f":[
{
"c":0,"g":0,"h":1,"i":0,"k":68,"n":0,"t":1,"u":0,"v":0,"w":1,"x":-86.639,"y":8.524
},{
"c":0,"g":0,"h":1,"i":0,"k":68,"n":40,"t":0,"u":0,"v":0,"w":1,"x":-86.639,"y":8.524
},{
"c":0,"g":0,"h":1,"i":0,"k":68,"n":121,"t":1,"u":0,"v":0,"w":1,"x":-86.639,"y":8.524
},{
"c":0,"g":0,"h":1,"i":0,"k":68,"n":204,"t":0,"u":0,"v":0,"w":1,"x":-86.639,"y":8.524
},{
"c":0,"g":0,"h":1,"i":0,"k":68,"n":206,"t":1,"u":0,"v":0,"w":1,"x":-86.639,"y":8.524
},{
"c":0,"g":0,"h":1,"i":0,"k":68,"n":208,"t":0,"u":0,"v":0,"w":1,"x":-86.639,"y":8.524
},{
"c":0,"g":0,"h":1,"i":0,"k":68,"n":210,"t":1,"u":0,"v":0,"w":1,"x":-86.639,"y":8.524
},{
"c":0,"g":0,"h":1,"i":0,"k":68,"n":212,"t":0,"u":0,"v":0,"w":1,"x":-86.639,"y":8.524
},{
"c":0,"g":0,"h":1,"i":0,"k":68,"n":214,"t":1,"u":0,"v":0,"w":1,"x":-86.639,"y":8.524
},{
"c":0,"g":0,"h":1,"i":0,"k":68,"n":230,"t":0,"u":0,"v":0,"w":1,"x":-86.639,"y":8.524
},{
"c":0,"g":0,"h":1,"i":0,"k":68,"n":232,"t":1,"u":0,"v":0,"w":1,"x":-86.639,"y":8.524
},{
"c":0,"g":0,"h":1,"i":0,"k":68,"n":234,"t":0,"u":0,"v":0,"w":1,"x":-86.639,"y":8.524
},{
"c":0,"g":0,"h":1,"i":0,"k":68,"n":236,"t":1,"u":0,"v":0,"w":1,"x":-86.639,"y":8.524
},{
"c":0,"g":0,"h":1,"i":0,"k":68,"n":240,"t":0,"u":0,"v":0,"w":1,"x":-86.639,"y":8.524
},{
"c":0,"g":0,"h":1,"i":0,"k":68,"n":287,"t":1,"u":0,"v":0,"w":1,"x":-86.639,"y":8.524
}
]
},{
"f":[
{
"c":0,"g":0,"h":1,"i":0,"k":69,"n":0,"t":1,"u":0,"v":0,"w":1,"x":57.827,"y":11.267
},{
"c":0,"g":0,"h":1,"i":0,"k":69,"n":40,"t":0,"u":0,"v":0,"w":1,"x":57.827,"y":11.267
},{
"c":0,"g":0,"h":1,"i":0,"k":69,"n":52,"t":1,"u":0,"v":0,"w":1,"x":57.827,"y":11.267
},{
"c":0,"g":0,"h":1,"i":0,"k":69,"n":89,"t":0,"u":0,"v":0,"w":1,"x":57.827,"y":11.267
},{
"c":0,"g":0,"h":1,"i":0,"k":69,"n":111,"t":1,"u":0,"v":0,"w":1,"x":57.827,"y":11.267
},{
"c":0,"g":0,"h":1,"i":0,"k":69,"n":204,"t":0,"u":0,"v":0,"w":1,"x":57.827,"y":11.267
},{
"c":0,"g":0,"h":1,"i":0,"k":69,"n":206,"t":1,"u":0,"v":0,"w":1,"x":57.827,"y":11.267
},{
"c":0,"g":0,"h":1,"i":0,"k":69,"n":208,"t":0,"u":0,"v":0,"w":1,"x":57.827,"y":11.267
},{
"c":0,"g":0,"h":1,"i":0,"k":69,"n":210,"t":1,"u":0,"v":0,"w":1,"x":57.827,"y":11.267
},{
"c":0,"g":0,"h":1,"i":0,"k":69,"n":212,"t":0,"u":0,"v":0,"w":1,"x":57.827,"y":11.267
},{
"c":0,"g":0,"h":1,"i":0,"k":69,"n":214,"t":1,"u":0,"v":0,"w":1,"x":57.827,"y":11.267
},{
"c":0,"g":0,"h":1,"i":0,"k":69,"n":217,"p":221,"t":1,"u":0,"v":0,"w":1,"x":57.827,"y":11.267
},{
"c":0,"g":0,"h":1,"i":0,"k":69,"n":221,"t":0,"u":0,"v":0,"w":1,"x":57.827,"y":11.267
},{
"c":0,"g":0,"h":1,"i":0,"k":69,"n":283,"t":1,"u":0,"v":0,"w":1,"x":57.827,"y":11.267
}
]
},{
"f":[
{
"c":0,"g":0,"h":1,"i":0,"k":69,"n":0,"t":1,"u":0,"v":0,"w":1,"x":-50.065,"y":18.581
},{
"c":0,"g":0,"h":1,"i":0,"k":69,"n":40,"t":0,"u":0,"v":0,"w":1,"x":-50.065,"y":18.581
},{
"c":0,"g":0,"h":1,"i":0,"k":69,"n":111,"t":1,"u":0,"v":0,"w":1,"x":-50.065,"y":18.581
},{
"c":0,"g":0,"h":1,"i":0,"k":69,"n":204,"t":0,"u":0,"v":0,"w":1,"x":-50.065,"y":18.581
},{
"c":0,"g":0,"h":1,"i":0,"k":69,"n":206,"t":1,"u":0,"v":0,"w":1,"x":-50.065,"y":18.581
},{
"c":0,"g":0,"h":1,"i":0,"k":69,"n":208,"t":0,"u":0,"v":0,"w":1,"x":-50.065,"y":18.581
},{
"c":0,"g":0,"h":1,"i":0,"k":69,"n":210,"t":1,"u":0,"v":0,"w":1,"x":-50.065,"y":18.581
},{
"c":0,"g":0,"h":1,"i":0,"k":69,"n":212,"t":0,"u":0,"v":0,"w":1,"x":-50.065,"y":18.581
},{
"c":0,"g":0,"h":1,"i":0,"k":69,"n":214,"t":1,"u":0,"v":0,"w":1,"x":-50.065,"y":18.581
},{
"c":0,"g":0,"h":1,"i":0,"k":69,"n":217,"p":221,"t":1,"u":0,"v":0,"w":1,"x":-50.065,"y":18.581
},{
"c":0,"g":0,"h":1,"i":0,"k":69,"n":221,"t":0,"u":0,"v":0,"w":1,"x":-50.065,"y":18.581
},{
"c":0,"g":0,"h":1,"i":0,"k":69,"n":276,"t":1,"u":0,"v":0,"w":1,"x":-50.065,"y":18.581
},{
"c":0,"g":0,"h":1,"i":0,"k":69,"n":278,"t":0,"u":0,"v":0,"w":1,"x":-50.065,"y":18.581
},{
"c":0,"g":0,"h":1,"i":0,"k":69,"n":280,"t":1,"u":0,"v":0,"w":1,"x":-50.065,"y":18.581
},{
"c":0,"g":0,"h":1,"i":0,"k":69,"n":282,"t":0,"u":0,"v":0,"w":1,"x":-50.065,"y":18.581
},{
"c":0,"g":0,"h":1,"i":0,"k":69,"n":284,"t":1,"u":0,"v":0,"w":1,"x":-50.065,"y":18.581
}
]
},{
"f":[
{
"c":0,"g":0,"h":1,"i":0,"k":70,"n":0,"t":1,"u":0,"v":0,"w":1,"x":23.691,"y":18.581
},{
"c":0,"g":0,"h":1,"i":0,"k":70,"n":40,"t":0,"u":0,"v":0,"w":1,"x":23.691,"y":18.581
},{
"c":0,"g":0,"h":1,"i":0,"k":70,"n":111,"t":1,"u":0,"v":0,"w":1,"x":23.691,"y":18.581
},{
"c":0,"g":0,"h":1,"i":0,"k":70,"n":204,"t":0,"u":0,"v":0,"w":1,"x":23.691,"y":18.581
},{
"c":0,"g":0,"h":1,"i":0,"k":70,"n":206,"t":1,"u":0,"v":0,"w":1,"x":23.691,"y":18.581
},{
"c":0,"g":0,"h":1,"i":0,"k":70,"n":208,"t":0,"u":0,"v":0,"w":1,"x":23.691,"y":18.581
},{
"c":0,"g":0,"h":1,"i":0,"k":70,"n":210,"t":1,"u":0,"v":0,"w":1,"x":23.691,"y":18.581
},{
"c":0,"g":0,"h":1,"i":0,"k":70,"n":212,"t":0,"u":0,"v":0,"w":1,"x":23.691,"y":18.581
},{
"c":0,"g":0,"h":1,"i":0,"k":70,"n":214,"t":1,"u":0,"v":0,"w":1,"x":23.691,"y":18.581
},{
"c":0,"g":0,"h":1,"i":0,"k":70,"n":217,"p":221,"t":1,"u":0,"v":0,"w":1,"x":23.691,"y":18.581
},{
"c":0,"g":0,"h":1,"i":0,"k":70,"n":221,"t":0,"u":0,"v":0,"w":1,"x":23.691,"y":18.581
},{
"c":0,"g":0,"h":1,"i":0,"k":70,"n":274,"t":1,"u":0,"v":0,"w":1,"x":23.691,"y":18.581
},{
"c":0,"g":0,"h":1,"i":0,"k":70,"n":276,"t":0,"u":0,"v":0,"w":1,"x":23.691,"y":18.581
},{
"c":0,"g":0,"h":1,"i":0,"k":70,"n":278,"t":1,"u":0,"v":0,"w":1,"x":23.691,"y":18.581
},{
"c":0,"g":0,"h":1,"i":0,"k":70,"n":280,"t":0,"u":0,"v":0,"w":1,"x":23.691,"y":18.581
},{
"c":0,"g":0,"h":1,"i":0,"k":70,"n":282,"t":1,"u":0,"v":0,"w":1,"x":23.691,"y":18.581
}
]
},{
"f":[
{
"c":0,"g":0,"h":1,"i":0,"k":70,"n":0,"t":1,"u":0,"v":0,"w":1,"x":92.267,"y":-0.315
},{
"c":0,"g":0,"h":1,"i":0,"k":70,"n":40,"t":0,"u":0,"v":0,"w":1,"x":92.267,"y":-0.315
},{
"c":0,"g":0,"h":1,"i":0,"k":70,"n":52,"t":1,"u":0,"v":0,"w":1,"x":92.267,"y":-0.315
},{
"c":0,"g":0,"h":1,"i":0,"k":70,"n":89,"t":0,"u":0,"v":0,"w":1,"x":92.267,"y":-0.315
},{
"c":0,"g":0,"h":1,"i":0,"k":70,"n":111,"t":1,"u":0,"v":0,"w":1,"x":92.267,"y":-0.315
},{
"c":0,"g":0,"h":1,"i":0,"k":70,"n":200,"t":0,"u":0,"v":0,"w":1,"x":92.267,"y":-0.315
},{
"c":0,"g":0,"h":1,"i":0,"k":70,"n":202,"t":1,"u":0,"v":0,"w":1,"x":92.267,"y":-0.315
},{
"c":0,"g":0,"h":1,"i":0,"k":70,"n":204,"t":0,"u":0,"v":0,"w":1,"x":92.267,"y":-0.315
},{
"c":0,"g":0,"h":1,"i":0,"k":70,"n":206,"t":1,"u":0,"v":0,"w":1,"x":92.267,"y":-0.315
},{
"c":0,"g":0,"h":1,"i":0,"k":70,"n":208,"t":0,"u":0,"v":0,"w":1,"x":92.267,"y":-0.315
},{
"c":0,"g":0,"h":1,"i":0,"k":70,"n":210,"t":1,"u":0,"v":0,"w":1,"x":92.267,"y":-0.315
},{
"c":0,"g":0,"h":1,"i":0,"k":70,"n":212,"t":0,"u":0,"v":0,"w":1,"x":92.267,"y":-0.315
},{
"c":0,"g":0,"h":1,"i":0,"k":70,"n":214,"t":1,"u":0,"v":0,"w":1,"x":92.267,"y":-0.315
},{
"c":0,"g":0,"h":1,"i":0,"k":70,"n":217,"p":221,"t":1,"u":0,"v":0,"w":1,"x":92.267,"y":-0.315
},{
"c":0,"g":0,"h":1,"i":0,"k":70,"n":221,"t":0,"u":0,"v":0,"w":1,"x":92.267,"y":-0.315
},{
"c":0,"g":0,"h":1,"i":0,"k":70,"n":271,"t":1,"u":0,"v":0,"w":1,"x":92.267,"y":-0.315
},{
"c":0,"g":0,"h":1,"i":0,"k":70,"n":273,"t":0,"u":0,"v":0,"w":1,"x":92.267,"y":-0.315
},{
"c":0,"g":0,"h":1,"i":0,"k":70,"n":275,"t":1,"u":0,"v":0,"w":1,"x":92.267,"y":-0.315
},{
"c":0,"g":0,"h":1,"i":0,"k":70,"n":277,"t":0,"u":0,"v":0,"w":1,"x":92.267,"y":-0.315
},{
"c":0,"g":0,"h":1,"i":0,"k":70,"n":279,"t":1,"u":0,"v":0,"w":1,"x":92.267,"y":-0.315
}
]
},{
"fa":[
{
"a":"","n":40
},{
"a":"","n":111
}
]
}
],"n":"ScnEnvLightsCurveMedium","r":30
},{
"f":290,"l":[
{
"f":[
{
"c":0,"g":0,"h":1,"i":0,"k":13,"n":0,"t":1,"u":0,"v":0,"w":1,"x":0,"y":0
}
]
},{
"f":[
{
"c":0,"g":0,"h":1,"i":0,"k":67,"n":0,"t":1,"u":0,"v":0,"w":1,"x":-2.04,"y":24.579
},{
"c":0,"g":0,"h":1,"i":0,"k":67,"n":40,"t":0,"u":0,"v":0,"w":1,"x":-2.04,"y":24.579
},{
"c":0,"g":0,"h":1,"i":0,"k":67,"n":52,"t":1,"u":0,"v":0,"w":1,"x":-2.04,"y":24.579
},{
"c":0,"g":0,"h":1,"i":0,"k":67,"n":89,"t":0,"u":0,"v":0,"w":1,"x":-2.04,"y":24.579
},{
"c":0,"g":0,"h":1,"i":0,"k":67,"n":111,"t":1,"u":0,"v":0,"w":1,"x":-2.04,"y":24.579
},{
"c":0,"g":0,"h":1,"i":0,"k":67,"n":164,"t":0,"u":0,"v":0,"w":1,"x":-2.04,"y":24.579
},{
"c":0,"g":0,"h":1,"i":0,"k":67,"n":166,"t":1,"u":0,"v":0,"w":1,"x":-2.04,"y":24.579
},{
"c":0,"g":0,"h":1,"i":0,"k":67,"n":168,"t":0,"u":0,"v":0,"w":1,"x":-2.04,"y":24.579
},{
"c":0,"g":0,"h":1,"i":0,"k":67,"n":170,"t":1,"u":0,"v":0,"w":1,"x":-2.04,"y":24.579
},{
"c":0,"g":0,"h":1,"i":0,"k":67,"n":204,"t":0,"u":0,"v":0,"w":1,"x":-2.04,"y":24.579
},{
"c":0,"g":0,"h":1,"i":0,"k":67,"n":206,"t":1,"u":0,"v":0,"w":1,"x":-2.04,"y":24.579
},{
"c":0,"g":0,"h":1,"i":0,"k":67,"n":208,"t":0,"u":0,"v":0,"w":1,"x":-2.04,"y":24.579
},{
"c":0,"g":0,"h":1,"i":0,"k":67,"n":210,"t":1,"u":0,"v":0,"w":1,"x":-2.04,"y":24.579
},{
"c":0,"g":0,"h":1,"i":0,"k":67,"n":212,"t":0,"u":0,"v":0,"w":1,"x":-2.04,"y":24.579
},{
"c":0,"g":0,"h":1,"i":0,"k":67,"n":214,"t":1,"u":0,"v":0,"w":1,"x":-2.04,"y":24.579
},{
"c":0,"g":0,"h":1,"i":0,"k":67,"n":217,"p":221,"t":1,"u":0,"v":0,"w":1,"x":-2.04,"y":24.579
},{
"c":0,"g":0,"h":1,"i":0,"k":67,"n":221,"t":0,"u":0,"v":0,"w":1,"x":-2.04,"y":24.579
},{
"c":0,"g":0,"h":1,"i":0,"k":67,"n":289,"t":1,"u":0,"v":0,"w":1,"x":-2.04,"y":24.579
}
]
},{
"f":[
{
"c":0,"g":0,"h":1,"i":0,"k":68,"n":0,"t":1,"u":0,"v":0,"w":1,"x":-76.639,"y":12.524
},{
"c":0,"g":0,"h":1,"i":0,"k":68,"n":40,"t":0,"u":0,"v":0,"w":1,"x":-76.639,"y":12.524
},{
"c":0,"g":0,"h":1,"i":0,"k":68,"n":121,"t":1,"u":0,"v":0,"w":1,"x":-76.639,"y":12.524
},{
"c":0,"g":0,"h":1,"i":0,"k":68,"n":204,"t":0,"u":0,"v":0,"w":1,"x":-76.639,"y":12.524
},{
"c":0,"g":0,"h":1,"i":0,"k":68,"n":206,"t":1,"u":0,"v":0,"w":1,"x":-76.639,"y":12.524
},{
"c":0,"g":0,"h":1,"i":0,"k":68,"n":208,"t":0,"u":0,"v":0,"w":1,"x":-76.639,"y":12.524
},{
"c":0,"g":0,"h":1,"i":0,"k":68,"n":210,"t":1,"u":0,"v":0,"w":1,"x":-76.639,"y":12.524
},{
"c":0,"g":0,"h":1,"i":0,"k":68,"n":212,"t":0,"u":0,"v":0,"w":1,"x":-76.639,"y":12.524
},{
"c":0,"g":0,"h":1,"i":0,"k":68,"n":214,"t":1,"u":0,"v":0,"w":1,"x":-76.639,"y":12.524
},{
"c":0,"g":0,"h":1,"i":0,"k":68,"n":230,"t":0,"u":0,"v":0,"w":1,"x":-76.639,"y":12.524
},{
"c":0,"g":0,"h":1,"i":0,"k":68,"n":232,"t":1,"u":0,"v":0,"w":1,"x":-76.639,"y":12.524
},{
"c":0,"g":0,"h":1,"i":0,"k":68,"n":234,"t":0,"u":0,"v":0,"w":1,"x":-76.639,"y":12.524
},{
"c":0,"g":0,"h":1,"i":0,"k":68,"n":236,"t":1,"u":0,"v":0,"w":1,"x":-76.639,"y":12.524
},{
"c":0,"g":0,"h":1,"i":0,"k":68,"n":240,"t":0,"u":0,"v":0,"w":1,"x":-76.639,"y":12.524
},{
"c":0,"g":0,"h":1,"i":0,"k":68,"n":287,"t":1,"u":0,"v":0,"w":1,"x":-76.639,"y":12.524
}
]
},{
"f":[
{
"c":0,"g":0,"h":1,"i":0,"k":68,"n":0,"t":1,"u":0,"v":0,"w":1,"x":131.831,"y":-14.906
},{
"c":0,"g":0,"h":1,"i":0,"k":68,"n":40,"t":0,"u":0,"v":0,"w":1,"x":131.831,"y":-14.906
},{
"c":0,"g":0,"h":1,"i":0,"k":68,"n":52,"t":1,"u":0,"v":0,"w":1,"x":131.831,"y":-14.906
},{
"c":0,"g":0,"h":1,"i":0,"k":68,"n":89,"t":0,"u":0,"v":0,"w":1,"x":131.831,"y":-14.906
},{
"c":0,"g":0,"h":1,"i":0,"k":68,"n":111,"t":1,"u":0,"v":0,"w":1,"x":131.831,"y":-14.906
},{
"c":0,"g":0,"h":1,"i":0,"k":68,"n":204,"t":0,"u":0,"v":0,"w":1,"x":131.831,"y":-14.906
},{
"c":0,"g":0,"h":1,"i":0,"k":68,"n":206,"t":1,"u":0,"v":0,"w":1,"x":131.831,"y":-14.906
},{
"c":0,"g":0,"h":1,"i":0,"k":68,"n":208,"t":0,"u":0,"v":0,"w":1,"x":131.831,"y":-14.906
},{
"c":0,"g":0,"h":1,"i":0,"k":68,"n":210,"t":1,"u":0,"v":0,"w":1,"x":131.831,"y":-14.906
},{
"c":0,"g":0,"h":1,"i":0,"k":68,"n":212,"t":0,"u":0,"v":0,"w":1,"x":131.831,"y":-14.906
},{
"c":0,"g":0,"h":1,"i":0,"k":68,"n":214,"t":1,"u":0,"v":0,"w":1,"x":131.831,"y":-14.906
},{
"c":0,"g":0,"h":1,"i":0,"k":68,"n":217,"p":221,"t":1,"u":0,"v":0,"w":1,"x":131.831,"y":-14.906
},{
"c":0,"g":0,"h":1,"i":0,"k":68,"n":221,"t":0,"u":0,"v":0,"w":1,"x":131.831,"y":-14.906
},{
"c":0,"g":0,"h":1,"i":0,"k":68,"n":285,"t":1,"u":0,"v":0,"w":1,"x":131.831,"y":-14.906
}
]
},{
"f":[
{
"c":0,"g":0,"h":1,"i":0,"k":69,"n":0,"t":1,"u":0,"v":0,"w":1,"x":67.827,"y":15.267
},{
"c":0,"g":0,"h":1,"i":0,"k":69,"n":40,"t":0,"u":0,"v":0,"w":1,"x":67.827,"y":15.267
},{
"c":0,"g":0,"h":1,"i":0,"k":69,"n":52,"t":1,"u":0,"v":0,"w":1,"x":67.827,"y":15.267
},{
"c":0,"g":0,"h":1,"i":0,"k":69,"n":89,"t":0,"u":0,"v":0,"w":1,"x":67.827,"y":15.267
},{
"c":0,"g":0,"h":1,"i":0,"k":69,"n":111,"t":1,"u":0,"v":0,"w":1,"x":67.827,"y":15.267
},{
"c":0,"g":0,"h":1,"i":0,"k":69,"n":204,"t":0,"u":0,"v":0,"w":1,"x":67.827,"y":15.267
},{
"c":0,"g":0,"h":1,"i":0,"k":69,"n":206,"t":1,"u":0,"v":0,"w":1,"x":67.827,"y":15.267
},{
"c":0,"g":0,"h":1,"i":0,"k":69,"n":208,"t":0,"u":0,"v":0,"w":1,"x":67.827,"y":15.267
},{
"c":0,"g":0,"h":1,"i":0,"k":69,"n":210,"t":1,"u":0,"v":0,"w":1,"x":67.827,"y":15.267
},{
"c":0,"g":0,"h":1,"i":0,"k":69,"n":212,"t":0,"u":0,"v":0,"w":1,"x":67.827,"y":15.267
},{
"c":0,"g":0,"h":1,"i":0,"k":69,"n":214,"t":1,"u":0,"v":0,"w":1,"x":67.827,"y":15.267
},{
"c":0,"g":0,"h":1,"i":0,"k":69,"n":217,"p":221,"t":1,"u":0,"v":0,"w":1,"x":67.827,"y":15.267
},{
"c":0,"g":0,"h":1,"i":0,"k":69,"n":221,"t":0,"u":0,"v":0,"w":1,"x":67.827,"y":15.267
},{
"c":0,"g":0,"h":1,"i":0,"k":69,"n":283,"t":1,"u":0,"v":0,"w":1,"x":67.827,"y":15.267
}
]
},{
"f":[
{
"c":0,"g":0,"h":1,"i":0,"k":67,"n":0,"t":1,"u":0,"v":0,"w":1,"x":-111.154,"y":-1.327
},{
"c":0,"g":0,"h":1,"i":0,"k":67,"n":40,"t":0,"u":0,"v":0,"w":1,"x":-111.154,"y":-1.327
},{
"c":0,"g":0,"h":1,"i":0,"k":67,"n":111,"t":1,"u":0,"v":0,"w":1,"x":-111.154,"y":-1.327
},{
"c":0,"g":0,"h":1,"i":0,"k":67,"n":135,"t":0,"u":0,"v":0,"w":1,"x":-111.154,"y":-1.327
},{
"c":0,"g":0,"h":1,"i":0,"k":67,"n":137,"t":1,"u":0,"v":0,"w":1,"x":-111.154,"y":-1.327
},{
"c":0,"g":0,"h":1,"i":0,"k":67,"n":139,"t":0,"u":0,"v":0,"w":1,"x":-111.154,"y":-1.327
},{
"c":0,"g":0,"h":1,"i":0,"k":67,"n":141,"t":1,"u":0,"v":0,"w":1,"x":-111.154,"y":-1.327
},{
"c":0,"g":0,"h":1,"i":0,"k":67,"n":204,"t":0,"u":0,"v":0,"w":1,"x":-111.154,"y":-1.327
},{
"c":0,"g":0,"h":1,"i":0,"k":67,"n":206,"t":1,"u":0,"v":0,"w":1,"x":-111.154,"y":-1.327
},{
"c":0,"g":0,"h":1,"i":0,"k":67,"n":208,"t":0,"u":0,"v":0,"w":1,"x":-111.154,"y":-1.327
},{
"c":0,"g":0,"h":1,"i":0,"k":67,"n":210,"t":1,"u":0,"v":0,"w":1,"x":-111.154,"y":-1.327
},{
"c":0,"g":0,"h":1,"i":0,"k":67,"n":212,"t":0,"u":0,"v":0,"w":1,"x":-111.154,"y":-1.327
},{
"c":0,"g":0,"h":1,"i":0,"k":67,"n":214,"t":1,"u":0,"v":0,"w":1,"x":-111.154,"y":-1.327
},{
"c":0,"g":0,"h":1,"i":0,"k":67,"n":217,"p":221,"t":1,"u":0,"v":0,"w":1,"x":-111.154,"y":-1.327
},{
"c":0,"g":0,"h":1,"i":0,"k":67,"n":221,"t":0,"u":0,"v":0,"w":1,"x":-111.154,"y":-1.327
},{
"c":0,"g":0,"h":1,"i":0,"k":67,"n":273,"t":1,"u":0,"v":0,"w":1,"x":-111.154,"y":-1.327
},{
"c":0,"g":0,"h":1,"i":0,"k":67,"n":275,"t":0,"u":0,"v":0,"w":1,"x":-111.154,"y":-1.327
},{
"c":0,"g":0,"h":1,"i":0,"k":67,"n":277,"t":1,"u":0,"v":0,"w":1,"x":-111.154,"y":-1.327
},{
"c":0,"g":0,"h":1,"i":0,"k":67,"n":279,"t":0,"u":0,"v":0,"w":1,"x":-111.154,"y":-1.327
},{
"c":0,"g":0,"h":1,"i":0,"k":67,"n":281,"t":1,"u":0,"v":0,"w":1,"x":-111.154,"y":-1.327
}
]
},{
"f":[
{
"c":0,"g":0,"h":1,"i":0,"k":69,"n":0,"t":1,"u":0,"v":0,"w":1,"x":-40.065,"y":22.581
},{
"c":0,"g":0,"h":1,"i":0,"k":69,"n":40,"t":0,"u":0,"v":0,"w":1,"x":-40.065,"y":22.581
},{
"c":0,"g":0,"h":1,"i":0,"k":69,"n":111,"t":1,"u":0,"v":0,"w":1,"x":-40.065,"y":22.581
},{
"c":0,"g":0,"h":1,"i":0,"k":69,"n":204,"t":0,"u":0,"v":0,"w":1,"x":-40.065,"y":22.581
},{
"c":0,"g":0,"h":1,"i":0,"k":69,"n":206,"t":1,"u":0,"v":0,"w":1,"x":-40.065,"y":22.581
},{
"c":0,"g":0,"h":1,"i":0,"k":69,"n":208,"t":0,"u":0,"v":0,"w":1,"x":-40.065,"y":22.581
},{
"c":0,"g":0,"h":1,"i":0,"k":69,"n":210,"t":1,"u":0,"v":0,"w":1,"x":-40.065,"y":22.581
},{
"c":0,"g":0,"h":1,"i":0,"k":69,"n":212,"t":0,"u":0,"v":0,"w":1,"x":-40.065,"y":22.581
},{
"c":0,"g":0,"h":1,"i":0,"k":69,"n":214,"t":1,"u":0,"v":0,"w":1,"x":-40.065,"y":22.581
},{
"c":0,"g":0,"h":1,"i":0,"k":69,"n":217,"p":221,"t":1,"u":0,"v":0,"w":1,"x":-40.065,"y":22.581
},{
"c":0,"g":0,"h":1,"i":0,"k":69,"n":221,"t":0,"u":0,"v":0,"w":1,"x":-40.065,"y":22.581
},{
"c":0,"g":0,"h":1,"i":0,"k":69,"n":276,"t":1,"u":0,"v":0,"w":1,"x":-40.065,"y":22.581
},{
"c":0,"g":0,"h":1,"i":0,"k":69,"n":278,"t":0,"u":0,"v":0,"w":1,"x":-40.065,"y":22.581
},{
"c":0,"g":0,"h":1,"i":0,"k":69,"n":280,"t":1,"u":0,"v":0,"w":1,"x":-40.065,"y":22.581
},{
"c":0,"g":0,"h":1,"i":0,"k":69,"n":282,"t":0,"u":0,"v":0,"w":1,"x":-40.065,"y":22.581
},{
"c":0,"g":0,"h":1,"i":0,"k":69,"n":284,"t":1,"u":0,"v":0,"w":1,"x":-40.065,"y":22.581
}
]
},{
"f":[
{
"c":0,"g":0,"h":1,"i":0,"k":70,"n":0,"t":1,"u":0,"v":0,"w":1,"x":33.691,"y":22.581
},{
"c":0,"g":0,"h":1,"i":0,"k":70,"n":40,"t":0,"u":0,"v":0,"w":1,"x":33.691,"y":22.581
},{
"c":0,"g":0,"h":1,"i":0,"k":70,"n":111,"t":1,"u":0,"v":0,"w":1,"x":33.691,"y":22.581
},{
"c":0,"g":0,"h":1,"i":0,"k":70,"n":204,"t":0,"u":0,"v":0,"w":1,"x":33.691,"y":22.581
},{
"c":0,"g":0,"h":1,"i":0,"k":70,"n":206,"t":1,"u":0,"v":0,"w":1,"x":33.691,"y":22.581
},{
"c":0,"g":0,"h":1,"i":0,"k":70,"n":208,"t":0,"u":0,"v":0,"w":1,"x":33.691,"y":22.581
},{
"c":0,"g":0,"h":1,"i":0,"k":70,"n":210,"t":1,"u":0,"v":0,"w":1,"x":33.691,"y":22.581
},{
"c":0,"g":0,"h":1,"i":0,"k":70,"n":212,"t":0,"u":0,"v":0,"w":1,"x":33.691,"y":22.581
},{
"c":0,"g":0,"h":1,"i":0,"k":70,"n":214,"t":1,"u":0,"v":0,"w":1,"x":33.691,"y":22.581
},{
"c":0,"g":0,"h":1,"i":0,"k":70,"n":217,"p":221,"t":1,"u":0,"v":0,"w":1,"x":33.691,"y":22.581
},{
"c":0,"g":0,"h":1,"i":0,"k":70,"n":221,"t":0,"u":0,"v":0,"w":1,"x":33.691,"y":22.581
},{
"c":0,"g":0,"h":1,"i":0,"k":70,"n":274,"t":1,"u":0,"v":0,"w":1,"x":33.691,"y":22.581
},{
"c":0,"g":0,"h":1,"i":0,"k":70,"n":276,"t":0,"u":0,"v":0,"w":1,"x":33.691,"y":22.581
},{
"c":0,"g":0,"h":1,"i":0,"k":70,"n":278,"t":1,"u":0,"v":0,"w":1,"x":33.691,"y":22.581
},{
"c":0,"g":0,"h":1,"i":0,"k":70,"n":280,"t":0,"u":0,"v":0,"w":1,"x":33.691,"y":22.581
},{
"c":0,"g":0,"h":1,"i":0,"k":70,"n":282,"t":1,"u":0,"v":0,"w":1,"x":33.691,"y":22.581
}
]
},{
"f":[
{
"c":0,"g":0,"h":1,"i":0,"k":70,"n":0,"t":1,"u":0,"v":0,"w":1,"x":102.267,"y":3.685
},{
"c":0,"g":0,"h":1,"i":0,"k":70,"n":40,"t":0,"u":0,"v":0,"w":1,"x":102.267,"y":3.685
},{
"c":0,"g":0,"h":1,"i":0,"k":70,"n":52,"t":1,"u":0,"v":0,"w":1,"x":102.267,"y":3.685
},{
"c":0,"g":0,"h":1,"i":0,"k":70,"n":89,"t":0,"u":0,"v":0,"w":1,"x":102.267,"y":3.685
},{
"c":0,"g":0,"h":1,"i":0,"k":70,"n":111,"t":1,"u":0,"v":0,"w":1,"x":102.267,"y":3.685
},{
"c":0,"g":0,"h":1,"i":0,"k":70,"n":200,"t":0,"u":0,"v":0,"w":1,"x":102.267,"y":3.685
},{
"c":0,"g":0,"h":1,"i":0,"k":70,"n":202,"t":1,"u":0,"v":0,"w":1,"x":102.267,"y":3.685
},{
"c":0,"g":0,"h":1,"i":0,"k":70,"n":204,"t":0,"u":0,"v":0,"w":1,"x":102.267,"y":3.685
},{
"c":0,"g":0,"h":1,"i":0,"k":70,"n":206,"t":1,"u":0,"v":0,"w":1,"x":102.267,"y":3.685
},{
"c":0,"g":0,"h":1,"i":0,"k":70,"n":208,"t":0,"u":0,"v":0,"w":1,"x":102.267,"y":3.685
},{
"c":0,"g":0,"h":1,"i":0,"k":70,"n":210,"t":1,"u":0,"v":0,"w":1,"x":102.267,"y":3.685
},{
"c":0,"g":0,"h":1,"i":0,"k":70,"n":212,"t":0,"u":0,"v":0,"w":1,"x":102.267,"y":3.685
},{
"c":0,"g":0,"h":1,"i":0,"k":70,"n":214,"t":1,"u":0,"v":0,"w":1,"x":102.267,"y":3.685
},{
"c":0,"g":0,"h":1,"i":0,"k":70,"n":217,"p":221,"t":1,"u":0,"v":0,"w":1,"x":102.267,"y":3.685
},{
"c":0,"g":0,"h":1,"i":0,"k":70,"n":221,"t":0,"u":0,"v":0,"w":1,"x":102.267,"y":3.685
},{
"c":0,"g":0,"h":1,"i":0,"k":70,"n":271,"t":1,"u":0,"v":0,"w":1,"x":102.267,"y":3.685
},{
"c":0,"g":0,"h":1,"i":0,"k":70,"n":273,"t":0,"u":0,"v":0,"w":1,"x":102.267,"y":3.685
},{
"c":0,"g":0,"h":1,"i":0,"k":70,"n":275,"t":1,"u":0,"v":0,"w":1,"x":102.267,"y":3.685
},{
"c":0,"g":0,"h":1,"i":0,"k":70,"n":277,"t":0,"u":0,"v":0,"w":1,"x":102.267,"y":3.685
},{
"c":0,"g":0,"h":1,"i":0,"k":70,"n":279,"t":1,"u":0,"v":0,"w":1,"x":102.267,"y":3.685
}
]
},{
"fa":[
{
"a":"","n":40
},{
"a":"","n":111
}
]
}
],"n":"ScnEnvLightsCurveLarge","r":30
},{
"f":154,"l":[
{
"f":[
{
"c":0,"g":-76.06,"h":0.51,"i":4,"k":0,"n":0,"p":3,"t":0,"u":0,"v":0,"w":0.51,"x":-10.184,"y":38.206
},{
"c":0,"g":-76.06,"h":0.51,"i":4,"k":0,"n":3,"p":73,"t":1,"u":0,"v":0,"w":0.51,"x":-10.184,"y":38.206
},{
"c":0,"g":-18.23,"h":1.142,"i":4,"k":0,"n":73,"t":0,"u":0,"v":0,"w":1.142,"x":-0.47,"y":-74.032
},{
"c":0,"g":-76.06,"h":0.51,"i":4,"k":0,"n":74,"p":79,"t":0,"u":0,"v":0,"w":0.51,"x":-10.184,"y":38.206
},{
"c":0,"g":-76.06,"h":0.51,"i":4,"k":0,"n":79,"p":147,"t":1,"u":0,"v":0,"w":0.51,"x":-10.184,"y":38.206
},{
"c":0,"g":-18.23,"h":1.142,"i":4,"k":0,"n":147,"t":0,"u":0,"v":0,"w":1.142,"x":-0.47,"y":-74.032
},{
"c":0,"g":-18.23,"h":1.142,"i":4,"k":0,"n":149,"t":0,"u":0,"v":0,"w":1.142,"x":-0.47,"y":-74.032
}
]
},{
"f":[
{
"c":0,"g":-33.26,"h":1.025,"i":4,"k":0,"n":0,"p":10,"t":0.184,"u":0,"v":0,"w":1.025,"x":1.51,"y":-54.571
},{
"c":0,"g":-33.11,"h":1.142,"i":4,"k":0,"n":10,"t":0,"u":0,"v":0,"w":1.142,"x":2.5,"y":-77.746
},{
"c":0,"g":-33.92,"h":0.51,"i":4,"k":0,"n":11,"p":18,"t":0,"u":0,"v":0,"w":0.51,"x":-2.833,"y":47.045
},{
"c":0,"g":-33.92,"h":0.51,"i":4,"k":0,"n":18,"p":84,"t":1,"u":0,"v":0,"w":0.51,"x":3.165,"y":47.045
},{
"c":0,"g":-33.11,"h":1.142,"i":4,"k":0,"n":84,"t":0,"u":0,"v":0,"w":1.142,"x":2.5,"y":-77.746
},{
"c":0,"g":-33.92,"h":0.51,"i":4,"k":0,"n":85,"p":92,"t":0,"u":0,"v":0,"w":0.51,"x":-2.833,"y":47.045
},{
"c":0,"g":-33.92,"h":0.51,"i":4,"k":0,"n":92,"p":153,"t":1,"u":0,"v":0,"w":0.51,"x":-2.833,"y":47.045
},{
"c":0,"g":-33.27,"h":1.016,"i":4,"k":0,"n":153,"t":0.196,"u":0,"v":0,"w":1.016,"x":1.433,"y":-52.788
}
]
},{
"f":[
{
"c":0,"g":-21.29,"h":0.916,"i":4,"k":0,"n":0,"p":25,"t":0.356,"u":0,"v":0,"w":0.916,"x":-1.562,"y":-40.807
},{
"c":0,"g":-33.11,"h":1.142,"i":4,"k":0,"n":25,"t":0,"u":0,"v":0,"w":1.142,"x":-1.213,"y":-85.178
},{
"c":0,"g":-17.28,"h":0.51,"i":4,"k":0,"n":26,"p":33,"t":0,"u":0,"v":0,"w":0.51,"x":-12.125,"y":36.97
},{
"c":0,"g":-17.28,"h":0.51,"i":4,"k":0,"n":33,"p":98,"t":1,"u":0,"v":0,"w":0.51,"x":-12.125,"y":36.97
},{
"c":0,"g":-33.11,"h":1.142,"i":4,"k":0,"n":98,"t":0,"u":0,"v":0,"w":1.142,"x":-1.213,"y":-85.178
},{
"c":0,"g":0,"h":0.51,"i":4,"k":0,"n":99,"p":106,"t":0,"u":0,"v":0,"w":0.51,"x":-2.189,"y":39.058
},{
"c":0,"g":0,"h":0.51,"i":4,"k":0,"n":106,"p":153,"t":1,"u":0,"v":0,"w":0.51,"x":-2.189,"y":39.058
},{
"c":0,"g":-20.81,"h":0.907,"i":4,"k":0,"n":153,"t":0.368,"u":0,"v":0,"w":0.907,"x":-1.575,"y":-39.032
}
]
},{
"f":[
{
"c":0,"g":5.56,"h":0.808,"i":4,"k":0,"n":0,"p":36,"t":0.525,"u":0,"v":0,"w":0.808,"x":-0.67,"y":-15.134
},{
"c":0,"g":-33.11,"h":1.142,"i":4,"k":0,"n":36,"t":0,"u":0,"v":0,"w":1.142,"x":-1.213,"y":-85.178
},{
"c":0,"g":40.06,"h":0.51,"i":4,"k":0,"n":37,"p":44,"t":0,"u":0,"v":0,"w":0.51,"x":-0.184,"y":47.336
},{
"c":0,"g":40.06,"h":0.51,"i":4,"k":0,"n":44,"p":112,"t":1,"u":0,"v":0,"w":0.51,"x":-0.184,"y":47.336
},{
"c":0,"g":-33.11,"h":1.142,"i":4,"k":0,"n":112,"t":0,"u":0,"v":0,"w":1.142,"x":-1.213,"y":-85.178
},{
"c":0,"g":40.06,"h":0.51,"i":4,"k":0,"n":113,"p":120,"t":0,"u":0,"v":0,"w":0.51,"x":-0.184,"y":47.336
},{
"c":0,"g":40.06,"h":0.51,"i":4,"k":0,"n":120,"p":153,"t":1,"u":0,"v":0,"w":0.51,"x":-0.184,"y":47.336
},{
"c":0,"g":6.61,"h":0.799,"i":4,"k":0,"n":153,"t":0.537,"u":0,"v":0,"w":0.799,"x":-0.655,"y":-13.241
}
]
},{
"f":[
{
"c":0,"g":-9.46,"h":0.691,"i":4,"k":0,"n":0,"p":49,"t":0.709,"u":0,"v":0,"w":0.691,"x":-4.911,"y":-32.436
},{
"c":0,"g":-33.11,"h":1.142,"i":4,"k":0,"n":49,"t":0,"u":0,"v":0,"w":1.142,"x":-4.214,"y":-121.177
},{
"c":0,"g":0,"h":0.51,"i":4,"k":0,"n":50,"p":57,"t":0,"u":0,"v":0,"w":0.51,"x":-5.189,"y":3.058
},{
"c":0,"g":0,"h":0.51,"i":4,"k":0,"n":57,"p":126,"t":1,"u":0,"v":0,"w":0.51,"x":-5.189,"y":3.058
},{
"c":0,"g":-33.11,"h":1.142,"i":4,"k":0,"n":126,"t":0,"u":0,"v":0,"w":1.142,"x":-4.214,"y":-121.177
},{
"c":0,"g":0,"h":0.51,"i":4,"k":0,"n":127,"p":134,"t":0,"u":0,"v":0,"w":0.51,"x":-5.189,"y":3.058
},{
"c":0,"g":0,"h":0.51,"i":4,"k":0,"n":134,"p":153,"t":1,"u":0,"v":0,"w":0.51,"x":-5.189,"y":3.058
},{
"c":0,"g":-8.99,"h":0.682,"i":4,"k":0,"n":153,"t":0.725,"u":0,"v":0,"w":0.682,"x":-4.925,"y":-30.662
}
]
},{
"f":[
{
"c":0,"g":-3.31,"h":0.574,"i":4,"k":0,"n":0,"p":62,"t":0.898,"u":0,"v":0,"w":0.574,"x":-5.092,"y":-9.364
},{
"c":0,"g":-33.11,"h":1.142,"i":4,"k":0,"n":62,"t":0,"u":0,"v":0,"w":1.142,"x":-4.214,"y":-121.177
},{
"c":0,"g":0,"h":0.51,"i":4,"k":0,"n":63,"p":70,"t":0,"u":0,"v":0,"w":0.51,"x":-5.189,"y":3.058
},{
"c":0,"g":0,"h":0.51,"i":4,"k":0,"n":70,"p":139,"t":1,"u":0,"v":0,"w":0.51,"x":-5.189,"y":3.058
},{
"c":0,"g":-33.11,"h":1.142,"i":4,"k":0,"n":139,"t":0,"u":0,"v":0,"w":1.142,"x":-4.214,"y":-121.177
},{
"c":0,"g":0,"h":0.51,"i":4,"k":0,"n":140,"p":147,"t":0,"u":0,"v":0,"w":0.51,"x":-5.189,"y":3.058
},{
"c":0,"g":0,"h":0.51,"i":4,"k":0,"n":147,"p":153,"t":1,"u":0,"v":0,"w":0.51,"x":-5.189,"y":3.058
},{
"c":0,"g":-2.84,"h":0.565,"i":4,"k":0,"n":153,"t":0.913,"u":0,"v":0,"w":0.565,"x":-5.106,"y":-7.59
}
]
},{
"f":[
{
"c":0,"g":56.49,"h":0.51,"i":4,"k":0,"n":0,"p":5,"t":0.282,"u":0,"v":0,"w":0.51,"x":-7.746,"y":8.358
},{
"c":0,"g":56.49,"h":0.51,"i":4,"k":0,"n":5,"p":76,"t":1,"u":0,"v":0,"w":0.51,"x":-7.746,"y":8.358
},{
"c":0,"g":-33.11,"h":1.142,"i":4,"k":0,"n":76,"t":0,"u":0,"v":0,"w":1.142,"x":-4.214,"y":-121.177
},{
"c":0,"g":56.49,"h":0.51,"i":4,"k":0,"n":77,"p":84,"t":0,"u":0,"v":0,"w":0.51,"x":-7.746,"y":8.358
},{
"c":0,"g":56.49,"h":0.51,"i":4,"k":0,"n":84,"p":151,"t":1,"u":0,"v":0,"w":0.51,"x":-7.746,"y":8.358
},{
"c":0,"g":-33.11,"h":1.142,"i":4,"k":0,"n":151,"t":0,"u":0,"v":0,"w":1.142,"x":-4.214,"y":-121.177
},{
"c":0,"g":56.49,"h":0.51,"i":4,"k":0,"n":152,"p":153,"t":0,"u":0,"v":0,"w":0.51,"x":-7.746,"y":8.358
},{
"c":0,"g":56.49,"h":0.51,"i":4,"k":0,"n":153,"t":0.141,"u":0,"v":0,"w":0.51,"x":-7.746,"y":8.358
}
]
},{
"f":[
{
"c":0,"g":0,"h":1,"i":0,"k":22,"n":0,"t":1,"u":0,"v":0,"w":1,"x":1.753,"y":97.49
}
]
}
],"n":"ScnEnvChimney3","r":30
},{
"f":154,"l":[
{
"f":[
{
"c":0,"g":0,"h":1,"i":0,"k":27,"n":0,"t":1,"u":0,"v":0,"w":1,"x":4.753,"y":93.49
}
]
},{
"f":[
{
"c":0,"g":-76.06,"h":0.51,"i":4,"k":0,"n":0,"p":3,"t":0,"u":0,"v":0,"w":0.51,"x":-10.183,"y":52.206
},{
"c":0,"g":-76.06,"h":0.51,"i":4,"k":0,"n":3,"p":73,"t":1,"u":0,"v":0,"w":0.51,"x":-10.183,"y":52.206
},{
"c":0,"g":-18.23,"h":1.142,"i":4,"k":0,"n":73,"t":0,"u":0,"v":0,"w":1.142,"x":-0.471,"y":-60.032
},{
"c":0,"g":-76.06,"h":0.51,"i":4,"k":0,"n":74,"p":79,"t":0,"u":0,"v":0,"w":0.51,"x":-10.183,"y":52.206
},{
"c":0,"g":-76.06,"h":0.51,"i":4,"k":0,"n":79,"p":147,"t":1,"u":0,"v":0,"w":0.51,"x":-10.183,"y":52.206
},{
"c":0,"g":-18.23,"h":1.142,"i":4,"k":0,"n":147,"t":0,"u":0,"v":0,"w":1.142,"x":-0.471,"y":-60.032
},{
"c":0,"g":-18.23,"h":1.142,"i":4,"k":0,"n":149,"t":0,"u":0,"v":0,"w":1.142,"x":-0.471,"y":-60.032
}
]
},{
"f":[
{
"c":0,"g":-33.26,"h":1.025,"i":4,"k":0,"n":0,"p":10,"t":0.184,"u":0,"v":0,"w":1.025,"x":1.51,"y":-40.572
},{
"c":0,"g":-33.11,"h":1.142,"i":4,"k":0,"n":10,"t":0,"u":0,"v":0,"w":1.142,"x":2.499,"y":-63.747
},{
"c":0,"g":-33.92,"h":0.51,"i":4,"k":0,"n":11,"p":18,"t":0,"u":0,"v":0,"w":0.51,"x":-2.833,"y":61.045
},{
"c":0,"g":-33.92,"h":0.51,"i":4,"k":0,"n":18,"p":84,"t":1,"u":0,"v":0,"w":0.51,"x":3.166,"y":61.045
},{
"c":0,"g":-33.11,"h":1.142,"i":4,"k":0,"n":84,"t":0,"u":0,"v":0,"w":1.142,"x":2.499,"y":-63.747
},{
"c":0,"g":-33.92,"h":0.51,"i":4,"k":0,"n":85,"p":92,"t":0,"u":0,"v":0,"w":0.51,"x":-2.833,"y":61.045
},{
"c":0,"g":-33.92,"h":0.51,"i":4,"k":0,"n":92,"p":153,"t":1,"u":0,"v":0,"w":0.51,"x":-2.833,"y":61.045
},{
"c":0,"g":-33.27,"h":1.016,"i":4,"k":0,"n":153,"t":0.196,"u":0,"v":0,"w":1.016,"x":1.433,"y":-38.788
}
]
},{
"f":[
{
"c":0,"g":-21.29,"h":0.916,"i":4,"k":0,"n":0,"p":25,"t":0.356,"u":0,"v":0,"w":0.916,"x":-1.562,"y":-26.807
},{
"c":0,"g":-33.11,"h":1.142,"i":4,"k":0,"n":25,"t":0,"u":0,"v":0,"w":1.142,"x":-1.214,"y":-71.178
},{
"c":0,"g":-17.28,"h":0.51,"i":4,"k":0,"n":26,"p":33,"t":0,"u":0,"v":0,"w":0.51,"x":-12.124,"y":50.971
},{
"c":0,"g":-17.28,"h":0.51,"i":4,"k":0,"n":33,"p":98,"t":1,"u":0,"v":0,"w":0.51,"x":-12.124,"y":50.971
},{
"c":0,"g":-33.11,"h":1.142,"i":4,"k":0,"n":98,"t":0,"u":0,"v":0,"w":1.142,"x":-1.214,"y":-71.178
},{
"c":0,"g":0,"h":0.51,"i":4,"k":0,"n":99,"p":106,"t":0,"u":0,"v":0,"w":0.51,"x":-2.189,"y":53.058
},{
"c":0,"g":0,"h":0.51,"i":4,"k":0,"n":106,"p":153,"t":1,"u":0,"v":0,"w":0.51,"x":-2.189,"y":53.058
},{
"c":0,"g":-20.81,"h":0.907,"i":4,"k":0,"n":153,"t":0.368,"u":0,"v":0,"w":0.907,"x":-1.575,"y":-25.033
}
]
},{
"f":[
{
"c":0,"g":5.56,"h":0.808,"i":4,"k":0,"n":0,"p":36,"t":0.525,"u":0,"v":0,"w":0.808,"x":-0.67,"y":-1.134
},{
"c":0,"g":-33.11,"h":1.142,"i":4,"k":0,"n":36,"t":0,"u":0,"v":0,"w":1.142,"x":-1.214,"y":-71.178
},{
"c":0,"g":40.06,"h":0.51,"i":4,"k":0,"n":37,"p":44,"t":0,"u":0,"v":0,"w":0.51,"x":-0.185,"y":61.336
},{
"c":0,"g":40.06,"h":0.51,"i":4,"k":0,"n":44,"p":112,"t":1,"u":0,"v":0,"w":0.51,"x":-0.185,"y":61.336
},{
"c":0,"g":-33.11,"h":1.142,"i":4,"k":0,"n":112,"t":0,"u":0,"v":0,"w":1.142,"x":-1.214,"y":-71.178
},{
"c":0,"g":40.06,"h":0.51,"i":4,"k":0,"n":113,"p":120,"t":0,"u":0,"v":0,"w":0.51,"x":-0.185,"y":61.336
},{
"c":0,"g":40.06,"h":0.51,"i":4,"k":0,"n":120,"p":153,"t":1,"u":0,"v":0,"w":0.51,"x":-0.185,"y":61.336
},{
"c":0,"g":6.61,"h":0.799,"i":4,"k":0,"n":153,"t":0.537,"u":0,"v":0,"w":0.799,"x":-0.655,"y":0.758
}
]
},{
"f":[
{
"c":0,"g":-9.46,"h":0.691,"i":4,"k":0,"n":0,"p":49,"t":0.709,"u":0,"v":0,"w":0.691,"x":-4.911,"y":-32.436
},{
"c":0,"g":-33.11,"h":1.142,"i":4,"k":0,"n":49,"t":0,"u":0,"v":0,"w":1.142,"x":-4.214,"y":-121.177
},{
"c":0,"g":0,"h":0.51,"i":4,"k":0,"n":50,"p":57,"t":0,"u":0,"v":0,"w":0.51,"x":-5.189,"y":3.058
},{
"c":0,"g":0,"h":0.51,"i":4,"k":0,"n":57,"p":126,"t":1,"u":0,"v":0,"w":0.51,"x":-5.189,"y":3.058
},{
"c":0,"g":-33.11,"h":1.142,"i":4,"k":0,"n":126,"t":0,"u":0,"v":0,"w":1.142,"x":-4.214,"y":-121.177
},{
"c":0,"g":0,"h":0.51,"i":4,"k":0,"n":127,"p":134,"t":0,"u":0,"v":0,"w":0.51,"x":-5.189,"y":3.058
},{
"c":0,"g":0,"h":0.51,"i":4,"k":0,"n":134,"p":153,"t":1,"u":0,"v":0,"w":0.51,"x":-5.189,"y":3.058
},{
"c":0,"g":-8.99,"h":0.682,"i":4,"k":0,"n":153,"t":0.725,"u":0,"v":0,"w":0.682,"x":-4.925,"y":-30.662
}
]
},{
"f":[
{
"c":0,"g":-3.31,"h":0.574,"i":4,"k":0,"n":0,"p":62,"t":0.898,"u":0,"v":0,"w":0.574,"x":-5.092,"y":-9.364
},{
"c":0,"g":-33.11,"h":1.142,"i":4,"k":0,"n":62,"t":0,"u":0,"v":0,"w":1.142,"x":-4.214,"y":-121.177
},{
"c":0,"g":0,"h":0.51,"i":4,"k":0,"n":63,"p":70,"t":0,"u":0,"v":0,"w":0.51,"x":-5.189,"y":3.058
},{
"c":0,"g":0,"h":0.51,"i":4,"k":0,"n":70,"p":139,"t":1,"u":0,"v":0,"w":0.51,"x":-5.189,"y":3.058
},{
"c":0,"g":-33.11,"h":1.142,"i":4,"k":0,"n":139,"t":0,"u":0,"v":0,"w":1.142,"x":-4.214,"y":-121.177
},{
"c":0,"g":0,"h":0.51,"i":4,"k":0,"n":140,"p":147,"t":0,"u":0,"v":0,"w":0.51,"x":-5.189,"y":3.058
},{
"c":0,"g":0,"h":0.51,"i":4,"k":0,"n":147,"p":153,"t":1,"u":0,"v":0,"w":0.51,"x":-5.189,"y":3.058
},{
"c":0,"g":-2.84,"h":0.565,"i":4,"k":0,"n":153,"t":0.913,"u":0,"v":0,"w":0.565,"x":-5.106,"y":-7.59
}
]
},{
"f":[
{
"c":0,"g":56.49,"h":0.51,"i":4,"k":0,"n":0,"p":5,"t":0.282,"u":0,"v":0,"w":0.51,"x":-7.746,"y":8.358
},{
"c":0,"g":56.49,"h":0.51,"i":4,"k":0,"n":5,"p":76,"t":1,"u":0,"v":0,"w":0.51,"x":-7.746,"y":8.358
},{
"c":0,"g":-33.11,"h":1.142,"i":4,"k":0,"n":76,"t":0,"u":0,"v":0,"w":1.142,"x":-4.214,"y":-121.177
},{
"c":0,"g":56.49,"h":0.51,"i":4,"k":0,"n":77,"p":84,"t":0,"u":0,"v":0,"w":0.51,"x":-7.746,"y":8.358
},{
"c":0,"g":56.49,"h":0.51,"i":4,"k":0,"n":84,"p":151,"t":1,"u":0,"v":0,"w":0.51,"x":-7.746,"y":8.358
},{
"c":0,"g":-33.11,"h":1.142,"i":4,"k":0,"n":151,"t":0,"u":0,"v":0,"w":1.142,"x":-4.214,"y":-121.177
},{
"c":0,"g":56.49,"h":0.51,"i":4,"k":0,"n":152,"p":153,"t":0,"u":0,"v":0,"w":0.51,"x":-7.746,"y":8.358
},{
"c":0,"g":56.49,"h":0.51,"i":4,"k":0,"n":153,"t":0.141,"u":0,"v":0,"w":0.51,"x":-7.746,"y":8.358
}
]
}
],"n":"ScnEnvChimney2","r":30
},{
"f":154,"l":[
{
"f":[
{
"c":0,"g":0,"h":1,"i":0,"k":29,"n":0,"t":1,"u":0,"v":0,"w":1,"x":-8.247,"y":92.49
}
]
},{
"f":[
{
"c":0,"g":-76.06,"h":0.51,"i":4,"k":0,"n":0,"p":3,"t":0,"u":0,"v":0,"w":0.51,"x":-10.183,"y":52.206
},{
"c":0,"g":-76.06,"h":0.51,"i":4,"k":0,"n":3,"p":73,"t":1,"u":0,"v":0,"w":0.51,"x":-10.183,"y":52.206
},{
"c":0,"g":-18.23,"h":1.142,"i":4,"k":0,"n":73,"t":0,"u":0,"v":0,"w":1.142,"x":-0.471,"y":-60.032
},{
"c":0,"g":-76.06,"h":0.51,"i":4,"k":0,"n":74,"p":79,"t":0,"u":0,"v":0,"w":0.51,"x":-10.183,"y":52.206
},{
"c":0,"g":-76.06,"h":0.51,"i":4,"k":0,"n":79,"p":147,"t":1,"u":0,"v":0,"w":0.51,"x":-10.183,"y":52.206
},{
"c":0,"g":-18.23,"h":1.142,"i":4,"k":0,"n":147,"t":0,"u":0,"v":0,"w":1.142,"x":-0.471,"y":-60.032
},{
"c":0,"g":-18.23,"h":1.142,"i":4,"k":0,"n":149,"t":0,"u":0,"v":0,"w":1.142,"x":-0.471,"y":-60.032
}
]
},{
"f":[
{
"c":0,"g":-33.26,"h":1.025,"i":4,"k":0,"n":0,"p":10,"t":0.184,"u":0,"v":0,"w":1.025,"x":1.51,"y":-40.572
},{
"c":0,"g":-33.11,"h":1.142,"i":4,"k":0,"n":10,"t":0,"u":0,"v":0,"w":1.142,"x":2.499,"y":-63.747
},{
"c":0,"g":-33.92,"h":0.51,"i":4,"k":0,"n":11,"p":18,"t":0,"u":0,"v":0,"w":0.51,"x":-2.833,"y":61.045
},{
"c":0,"g":-33.92,"h":0.51,"i":4,"k":0,"n":18,"p":84,"t":1,"u":0,"v":0,"w":0.51,"x":3.166,"y":61.045
},{
"c":0,"g":-33.11,"h":1.142,"i":4,"k":0,"n":84,"t":0,"u":0,"v":0,"w":1.142,"x":2.499,"y":-63.747
},{
"c":0,"g":-33.92,"h":0.51,"i":4,"k":0,"n":85,"p":92,"t":0,"u":0,"v":0,"w":0.51,"x":-2.833,"y":61.045
},{
"c":0,"g":-33.92,"h":0.51,"i":4,"k":0,"n":92,"p":153,"t":1,"u":0,"v":0,"w":0.51,"x":-2.833,"y":61.045
},{
"c":0,"g":-33.27,"h":1.016,"i":4,"k":0,"n":153,"t":0.196,"u":0,"v":0,"w":1.016,"x":1.433,"y":-38.788
}
]
},{
"f":[
{
"c":0,"g":-21.29,"h":0.916,"i":4,"k":0,"n":0,"p":25,"t":0.356,"u":0,"v":0,"w":0.916,"x":-1.562,"y":-26.807
},{
"c":0,"g":-33.11,"h":1.142,"i":4,"k":0,"n":25,"t":0,"u":0,"v":0,"w":1.142,"x":-1.214,"y":-71.178
},{
"c":0,"g":-17.28,"h":0.51,"i":4,"k":0,"n":26,"p":33,"t":0,"u":0,"v":0,"w":0.51,"x":-12.124,"y":50.971
},{
"c":0,"g":-17.28,"h":0.51,"i":4,"k":0,"n":33,"p":98,"t":1,"u":0,"v":0,"w":0.51,"x":-12.124,"y":50.971
},{
"c":0,"g":-33.11,"h":1.142,"i":4,"k":0,"n":98,"t":0,"u":0,"v":0,"w":1.142,"x":-1.214,"y":-71.178
},{
"c":0,"g":0,"h":0.51,"i":4,"k":0,"n":99,"p":106,"t":0,"u":0,"v":0,"w":0.51,"x":-2.189,"y":53.058
},{
"c":0,"g":0,"h":0.51,"i":4,"k":0,"n":106,"p":153,"t":1,"u":0,"v":0,"w":0.51,"x":-2.189,"y":53.058
},{
"c":0,"g":-20.81,"h":0.907,"i":4,"k":0,"n":153,"t":0.368,"u":0,"v":0,"w":0.907,"x":-1.575,"y":-25.033
}
]
},{
"f":[
{
"c":0,"g":5.56,"h":0.808,"i":4,"k":0,"n":0,"p":36,"t":0.525,"u":0,"v":0,"w":0.808,"x":-0.67,"y":-1.134
},{
"c":0,"g":-33.11,"h":1.142,"i":4,"k":0,"n":36,"t":0,"u":0,"v":0,"w":1.142,"x":-1.214,"y":-71.178
},{
"c":0,"g":40.06,"h":0.51,"i":4,"k":0,"n":37,"p":44,"t":0,"u":0,"v":0,"w":0.51,"x":-0.185,"y":61.336
},{
"c":0,"g":40.06,"h":0.51,"i":4,"k":0,"n":44,"p":112,"t":1,"u":0,"v":0,"w":0.51,"x":-0.185,"y":61.336
},{
"c":0,"g":-33.11,"h":1.142,"i":4,"k":0,"n":112,"t":0,"u":0,"v":0,"w":1.142,"x":-1.214,"y":-71.178
},{
"c":0,"g":40.06,"h":0.51,"i":4,"k":0,"n":113,"p":120,"t":0,"u":0,"v":0,"w":0.51,"x":-0.185,"y":61.336
},{
"c":0,"g":40.06,"h":0.51,"i":4,"k":0,"n":120,"p":153,"t":1,"u":0,"v":0,"w":0.51,"x":-0.185,"y":61.336
},{
"c":0,"g":6.61,"h":0.799,"i":4,"k":0,"n":153,"t":0.537,"u":0,"v":0,"w":0.799,"x":-0.655,"y":0.758
}
]
},{
"f":[
{
"c":0,"g":-9.46,"h":0.691,"i":4,"k":0,"n":0,"p":49,"t":0.709,"u":0,"v":0,"w":0.691,"x":-4.911,"y":-32.436
},{
"c":0,"g":-33.11,"h":1.142,"i":4,"k":0,"n":49,"t":0,"u":0,"v":0,"w":1.142,"x":-4.214,"y":-121.177
},{
"c":0,"g":0,"h":0.51,"i":4,"k":0,"n":50,"p":57,"t":0,"u":0,"v":0,"w":0.51,"x":-5.189,"y":3.058
},{
"c":0,"g":0,"h":0.51,"i":4,"k":0,"n":57,"p":126,"t":1,"u":0,"v":0,"w":0.51,"x":-5.189,"y":3.058
},{
"c":0,"g":-33.11,"h":1.142,"i":4,"k":0,"n":126,"t":0,"u":0,"v":0,"w":1.142,"x":-4.214,"y":-121.177
},{
"c":0,"g":0,"h":0.51,"i":4,"k":0,"n":127,"p":134,"t":0,"u":0,"v":0,"w":0.51,"x":-5.189,"y":3.058
},{
"c":0,"g":0,"h":0.51,"i":4,"k":0,"n":134,"p":153,"t":1,"u":0,"v":0,"w":0.51,"x":-5.189,"y":3.058
},{
"c":0,"g":-8.99,"h":0.682,"i":4,"k":0,"n":153,"t":0.725,"u":0,"v":0,"w":0.682,"x":-4.925,"y":-30.662
}
]
},{
"f":[
{
"c":0,"g":-3.31,"h":0.574,"i":4,"k":0,"n":0,"p":62,"t":0.898,"u":0,"v":0,"w":0.574,"x":-5.092,"y":-9.364
},{
"c":0,"g":-33.11,"h":1.142,"i":4,"k":0,"n":62,"t":0,"u":0,"v":0,"w":1.142,"x":-4.214,"y":-121.177
},{
"c":0,"g":0,"h":0.51,"i":4,"k":0,"n":63,"p":70,"t":0,"u":0,"v":0,"w":0.51,"x":-5.189,"y":3.058
},{
"c":0,"g":0,"h":0.51,"i":4,"k":0,"n":70,"p":139,"t":1,"u":0,"v":0,"w":0.51,"x":-5.189,"y":3.058
},{
"c":0,"g":-33.11,"h":1.142,"i":4,"k":0,"n":139,"t":0,"u":0,"v":0,"w":1.142,"x":-4.214,"y":-121.177
},{
"c":0,"g":0,"h":0.51,"i":4,"k":0,"n":140,"p":147,"t":0,"u":0,"v":0,"w":0.51,"x":-5.189,"y":3.058
},{
"c":0,"g":0,"h":0.51,"i":4,"k":0,"n":147,"p":153,"t":1,"u":0,"v":0,"w":0.51,"x":-5.189,"y":3.058
},{
"c":0,"g":-2.84,"h":0.565,"i":4,"k":0,"n":153,"t":0.913,"u":0,"v":0,"w":0.565,"x":-5.106,"y":-7.59
}
]
},{
"f":[
{
"c":0,"g":56.49,"h":0.51,"i":4,"k":0,"n":0,"p":5,"t":0.282,"u":0,"v":0,"w":0.51,"x":-7.746,"y":8.358
},{
"c":0,"g":56.49,"h":0.51,"i":4,"k":0,"n":5,"p":76,"t":1,"u":0,"v":0,"w":0.51,"x":-7.746,"y":8.358
},{
"c":0,"g":-33.11,"h":1.142,"i":4,"k":0,"n":76,"t":0,"u":0,"v":0,"w":1.142,"x":-4.214,"y":-121.177
},{
"c":0,"g":56.49,"h":0.51,"i":4,"k":0,"n":77,"p":84,"t":0,"u":0,"v":0,"w":0.51,"x":-7.746,"y":8.358
},{
"c":0,"g":56.49,"h":0.51,"i":4,"k":0,"n":84,"p":151,"t":1,"u":0,"v":0,"w":0.51,"x":-7.746,"y":8.358
},{
"c":0,"g":-33.11,"h":1.142,"i":4,"k":0,"n":151,"t":0,"u":0,"v":0,"w":1.142,"x":-4.214,"y":-121.177
},{
"c":0,"g":56.49,"h":0.51,"i":4,"k":0,"n":152,"p":153,"t":0,"u":0,"v":0,"w":0.51,"x":-7.746,"y":8.358
},{
"c":0,"g":56.49,"h":0.51,"i":4,"k":0,"n":153,"t":0.141,"u":0,"v":0,"w":0.51,"x":-7.746,"y":8.358
}
]
}
],"n":"ScnEnvChimney1","r":30
}
],"atlas":[
[
{
"h":202,"n":"scn_spr_string1","p":213,"q":101,"w":426,"x":1,"y":1
},{
"h":420,"n":"scn_spr_struct1","p":100,"q":210,"w":199,"x":1,"y":204
},{
"h":256,"n":"tiles_isle_bgsky_9","p":0,"q":0,"w":256,"x":201,"y":204
},{
"h":256,"n":"tiles_isle_bgsky_8","p":0,"q":0,"w":256,"x":201,"y":461
},{
"h":256,"n":"tiles_isle_bgsky_7","p":0,"q":0,"w":256,"x":201,"y":718
},{
"h":256,"n":"tiles_isle_bgsky_6","p":0,"q":0,"w":256,"x":458,"y":204
},{
"h":256,"n":"tiles_isle_bgsky_5","p":0,"q":0,"w":256,"x":715,"y":204
},{
"h":256,"n":"tiles_isle_bgsky_4","p":0,"q":0,"w":256,"x":458,"y":461
},{
"h":256,"n":"tiles_isle_bgsky_3","p":0,"q":0,"w":256,"x":458,"y":718
},{
"h":256,"n":"tiles_isle_bgsky_2","p":0,"q":0,"w":256,"x":715,"y":461
},{
"h":256,"n":"tiles_isle_bgsky_16","p":0,"q":0,"w":256,"x":715,"y":718
},{
"h":261,"n":"scn_spr_struct2","p":64,"q":131,"w":127,"x":1,"y":625
},{
"h":76,"n":"scn_sprites_fence2","p":115,"q":38,"w":229,"x":428,"y":1
},{
"h":54,"n":"","p":142,"q":27,"w":284,"x":658,"y":1
},{
"h":46,"n":"","p":120,"q":23,"w":240,"x":658,"y":56
},{
"h":138,"n":"scn_spr_clothes2","p":39,"q":69,"w":78,"x":899,"y":56
},{
"h":96,"n":"tiles_isle_tile_39_5","p":0,"q":0,"w":96,"x":428,"y":78
},{
"h":96,"n":"tiles_isle_tile_38_5","p":0,"q":0,"w":96,"x":525,"y":78
},{
"h":96,"n":"tiles_isle_tile_32_6","p":0,"q":0,"w":96,"x":658,"y":103
},{
"h":96,"n":"tiles_isle_tile_31_5","p":0,"q":0,"w":96,"x":755,"y":103
},{
"h":96,"n":"tiles_isle_tile_31_3","p":0,"q":0,"w":96,"x":1,"y":887
},{
"h":96,"n":"tiles_isle_tile_30_6","p":0,"q":0,"w":96,"x":98,"y":887
},{
"h":124,"n":"","p":32,"q":62,"w":64,"x":129,"y":625
},{
"h":96,"n":"tiles_isle_tile_10_0","p":0,"q":0,"w":71,"x":129,"y":750
},{
"h":117,"n":"scn_spr_clothes1","p":21,"q":59,"w":42,"x":978,"y":56
},{
"h":94,"n":"scn_spr_clothes3","p":25,"q":47,"w":49,"x":972,"y":204
},{
"h":86,"n":"tiles_isle_bg1_tile_19_8","p":0,"q":0,"w":51,"x":972,"y":299
},{
"h":97,"n":"","p":22,"q":49,"w":44,"x":852,"y":103
},{
"h":96,"n":"tiles_isle_bg1_tile_05_8","p":-57,"q":0,"w":39,"x":972,"y":461
},{
"h":97,"n":"","p":18,"q":49,"w":36,"x":972,"y":558
},{
"h":96,"n":"tiles_isle_tile_24_6","p":-63,"q":0,"w":33,"x":622,"y":78
},{
"h":96,"n":"tiles_isle_tile_07_5","p":0,"q":0,"w":32,"x":972,"y":718
},{
"h":96,"n":"tiles_isle_tile_24_5","p":-65,"q":0,"w":31,"x":972,"y":815
},{
"h":96,"n":"tiles_isle_tile_15_5","p":0,"q":0,"w":31,"x":972,"y":912
},{
"h":52,"n":"tiles_isle_bg1_tile_00_8","p":0,"q":-44,"w":50,"x":943,"y":1
},{
"h":27,"n":"tiles_isle_tile_35_5","p":0,"q":-69,"w":96,"x":428,"y":175
},{
"h":27,"n":"tiles_isle_tile_34_5","p":0,"q":-69,"w":96,"x":525,"y":175
},{
"h":27,"n":"tiles_isle_tile_19_5","p":0,"q":-69,"w":96,"x":1,"y":984
},{
"h":27,"n":"tiles_isle_tile_01_6","p":0,"q":-69,"w":96,"x":98,"y":984
},{
"h":11,"n":"","p":117,"q":6,"w":234,"x":201,"y":975
},{
"h":50,"n":"","p":23,"q":35,"w":49,"x":972,"y":386
},{
"h":60,"n":"tiles_isle_bg1_tile_16_8","p":-59,"q":0,"w":37,"x":972,"y":656
},{
"h":48,"n":"","p":23,"q":33,"w":46,"x":458,"y":975
},{
"h":41,"n":"","p":25,"q":26,"w":53,"x":505,"y":975
},{
"h":37,"n":"","p":27,"q":23,"w":51,"x":129,"y":847
},{
"h":96,"n":"tiles_isle_tile_11_7","p":0,"q":0,"w":19,"x":1005,"y":718
},{
"h":96,"n":"tiles_isle_tile_08_7","p":-77,"q":0,"w":19,"x":1004,"y":815
},{
"h":96,"n":"tiles_isle_tile_07_7","p":0,"q":0,"w":19,"x":1004,"y":912
},{
"h":19,"n":"tiles_isle_tile_02_0","p":0,"q":-77,"w":96,"x":201,"y":987
},{
"h":19,"n":"tiles_isle_tile_01_0","p":0,"q":-77,"w":96,"x":298,"y":987
},{
"h":36,"n":"","p":26,"q":12,"w":50,"x":395,"y":987
},{
"h":18,"n":"tiles_isle_tile_02_7","p":0,"q":-78,"w":96,"x":559,"y":975
},{
"h":18,"n":"tiles_isle_tile_01_7","p":0,"q":-78,"w":96,"x":559,"y":994
},{
"h":31,"n":"","p":28,"q":5,"w":52,"x":656,"y":975
},{
"h":19,"n":"tiles_isle_tile_00_0","p":-15,"q":-77,"w":81,"x":715,"y":975
},{
"h":41,"n":"","p":22,"q":5,"w":35,"x":797,"y":975
},{
"h":38,"n":"","p":22,"q":5,"w":37,"x":833,"y":975
},{
"h":26,"n":"tiles_isle_tile_36_5","p":-43,"q":-41,"w":53,"x":715,"y":995
},{
"h":54,"n":"tiles_isle_tile_04_6","p":-72,"q":0,"w":24,"x":994,"y":1
},{
"h":18,"n":"tiles_isle_tile_02_4","p":0,"q":-78,"w":65,"x":871,"y":975
},{
"h":26,"n":"tiles_isle_tile_16_5","p":-65,"q":-70,"w":31,"x":622,"y":175
},{
"h":26,"n":"tiles_isle_tile_00_6","p":-65,"q":-70,"w":31,"x":978,"y":174
},{
"h":8,"n":"tiles_isle_tile_23_3","p":0,"q":-88,"w":96,"x":1,"y":1012
},{
"h":8,"n":"tiles_isle_tile_22_3","p":0,"q":-88,"w":96,"x":98,"y":1012
},{
"h":42,"n":"tiles_isle_bg1_tile_01_8","p":-82,"q":-54,"w":14,"x":1009,"y":558
},{
"h":20,"n":"tiles_isle_tile_08_6","p":0,"q":-76,"w":23,"x":972,"y":437
},{
"h":20,"n":"tiles_isle_tile_03_5","p":0,"q":-76,"w":23,"x":996,"y":437
},{
"h":21,"n":"","p":11,"q":11,"w":20,"x":769,"y":995
},{
"h":20,"n":"","p":12,"q":10,"w":20,"x":871,"y":994
},{
"h":20,"n":"","p":12,"q":11,"w":20,"x":892,"y":994
},{
"h":20,"n":"","p":12,"q":11,"w":20,"x":913,"y":994
},{
"h":18,"n":"tiles_isle_tile_03_7","p":0,"q":-78,"w":19,"x":181,"y":847
},{
"h":18,"n":"tiles_isle_tile_00_7","p":-77,"q":-78,"w":19,"x":181,"y":866
},{
"h":25,"n":"tiles_isle_bg1_tile_12_8","p":-84,"q":-71,"w":12,"x":1010,"y":174
}
],[
{
"h":256,"n":"tiles_isle_bgsky_15","p":0,"q":0,"w":256,"x":1,"y":1
},{
"h":256,"n":"tiles_isle_bgsky_14","p":0,"q":0,"w":256,"x":258,"y":1
},{
"h":256,"n":"tiles_isle_bgsky_13","p":0,"q":0,"w":256,"x":515,"y":1
},{
"h":256,"n":"tiles_isle_bgsky_12","p":0,"q":0,"w":256,"x":1,"y":258
},{
"h":256,"n":"tiles_isle_bgsky_11","p":0,"q":0,"w":256,"x":1,"y":515
},{
"h":256,"n":"tiles_isle_bgsky_10","p":0,"q":0,"w":256,"x":258,"y":258
},{
"h":256,"n":"tiles_isle_bgsky_1","p":0,"q":0,"w":256,"x":515,"y":258
},{
"h":34,"n":"scn_spr_string2","p":152,"q":17,"w":304,"x":258,"y":515
},{
"h":96,"n":"tiles_isle_tile_30_5","p":0,"q":0,"w":96,"x":772,"y":1
},{
"h":96,"n":"tiles_isle_tile_30_3","p":0,"q":0,"w":96,"x":869,"y":1
},{
"h":96,"n":"tiles_isle_tile_29_6","p":0,"q":0,"w":96,"x":772,"y":98
},{
"h":96,"n":"tiles_isle_tile_29_5","p":0,"q":0,"w":96,"x":869,"y":98
},{
"h":96,"n":"tiles_isle_tile_27_5","p":0,"q":0,"w":96,"x":1,"y":772
},{
"h":96,"n":"tiles_isle_tile_27_3","p":0,"q":0,"w":96,"x":1,"y":869
},{
"h":96,"n":"tiles_isle_tile_26_7","p":0,"q":0,"w":96,"x":98,"y":772
},{
"h":96,"n":"tiles_isle_tile_26_5","p":0,"q":0,"w":96,"x":98,"y":869
},{
"h":96,"n":"tiles_isle_tile_26_3","p":0,"q":0,"w":96,"x":772,"y":258
},{
"h":96,"n":"tiles_isle_tile_25_8","p":0,"q":0,"w":96,"x":869,"y":258
},{
"h":96,"n":"tiles_isle_tile_25_7","p":0,"q":0,"w":96,"x":772,"y":355
},{
"h":96,"n":"tiles_isle_tile_25_5","p":0,"q":0,"w":96,"x":869,"y":355
},{
"h":96,"n":"tiles_isle_tile_24_8","p":0,"q":0,"w":96,"x":258,"y":550
},{
"h":96,"n":"tiles_isle_tile_23_5","p":0,"q":0,"w":96,"x":258,"y":647
},{
"h":96,"n":"tiles_isle_tile_23_1","p":0,"q":0,"w":96,"x":258,"y":744
},{
"h":96,"n":"tiles_isle_tile_22_7","p":0,"q":0,"w":96,"x":258,"y":841
},{
"h":96,"n":"tiles_isle_tile_22_5","p":0,"q":0,"w":96,"x":355,"y":550
},{
"h":96,"n":"tiles_isle_tile_22_2","p":0,"q":0,"w":96,"x":355,"y":647
},{
"h":96,"n":"tiles_isle_tile_21_8","p":0,"q":0,"w":96,"x":355,"y":744
},{
"h":96,"n":"tiles_isle_tile_21_7","p":0,"q":0,"w":96,"x":355,"y":841
},{
"h":96,"n":"tiles_isle_tile_21_5","p":0,"q":0,"w":96,"x":452,"y":550
},{
"h":96,"n":"tiles_isle_tile_21_2","p":0,"q":0,"w":96,"x":452,"y":647
},{
"h":96,"n":"tiles_isle_tile_20_8","p":0,"q":0,"w":96,"x":452,"y":744
},{
"h":96,"n":"tiles_isle_tile_20_2","p":0,"q":0,"w":96,"x":452,"y":841
},{
"h":96,"n":"tiles_isle_tile_18_5","p":0,"q":0,"w":96,"x":549,"y":550
},{
"h":96,"n":"tiles_isle_tile_18_3","p":0,"q":0,"w":96,"x":549,"y":647
},{
"h":96,"n":"tiles_isle_tile_17_5","p":0,"q":0,"w":96,"x":549,"y":744
},{
"h":96,"n":"tiles_isle_tile_17_3","p":0,"q":0,"w":96,"x":549,"y":841
},{
"h":96,"n":"tiles_isle_tile_16_8","p":0,"q":0,"w":96,"x":646,"y":550
},{
"h":96,"n":"tiles_isle_tile_16_7","p":0,"q":0,"w":96,"x":743,"y":550
},{
"h":96,"n":"tiles_isle_tile_15_2","p":0,"q":0,"w":96,"x":840,"y":550
},{
"h":96,"n":"tiles_isle_tile_14_7","p":0,"q":0,"w":96,"x":646,"y":647
},{
"h":96,"n":"tiles_isle_tile_14_3","p":0,"q":0,"w":96,"x":646,"y":744
},{
"h":96,"n":"tiles_isle_tile_14_2","p":0,"q":0,"w":96,"x":646,"y":841
},{
"h":96,"n":"tiles_isle_tile_13_7","p":0,"q":0,"w":96,"x":743,"y":647
},{
"h":96,"n":"tiles_isle_tile_13_3","p":0,"q":0,"w":96,"x":840,"y":647
},{
"h":96,"n":"tiles_isle_tile_13_2","p":0,"q":0,"w":96,"x":743,"y":744
},{
"h":96,"n":"tiles_isle_tile_13_0","p":0,"q":0,"w":96,"x":743,"y":841
},{
"h":96,"n":"tiles_isle_tile_12_2","p":0,"q":0,"w":96,"x":840,"y":744
},{
"h":96,"n":"tiles_isle_tile_10_7","p":0,"q":0,"w":96,"x":840,"y":841
},{
"h":96,"n":"tiles_isle_bg1_tile_36_2","p":-10,"q":0,"w":86,"x":937,"y":550
},{
"h":96,"n":"tiles_isle_bg1_tile_32_2","p":-10,"q":0,"w":86,"x":937,"y":647
},{
"h":96,"n":"tiles_isle_bg1_tile_28_2","p":-10,"q":0,"w":86,"x":937,"y":744
},{
"h":96,"n":"tiles_isle_bg1_tile_16_2","p":-10,"q":0,"w":86,"x":937,"y":841
},{
"h":81,"n":"tiles_isle_tile_23_6","p":0,"q":-15,"w":96,"x":258,"y":938
},{
"h":68,"n":"tiles_isle_tile_20_7","p":0,"q":-28,"w":96,"x":355,"y":938
},{
"h":67,"n":"tiles_isle_tile_30_7","p":0,"q":-29,"w":96,"x":452,"y":938
},{
"h":67,"n":"tiles_isle_tile_29_7","p":0,"q":-29,"w":96,"x":549,"y":938
},{
"h":96,"n":"tiles_isle_tile_32_5","p":-41,"q":0,"w":55,"x":966,"y":1
},{
"h":96,"n":"tiles_isle_tile_28_6","p":-41,"q":0,"w":55,"x":966,"y":98
},{
"h":96,"n":"tiles_isle_tile_25_6","p":-41,"q":0,"w":55,"x":195,"y":772
},{
"h":96,"n":"tiles_isle_tile_13_5","p":-41,"q":0,"w":55,"x":195,"y":869
},{
"h":54,"n":"tiles_isle_tile_19_1","p":0,"q":-42,"w":96,"x":772,"y":195
},{
"h":54,"n":"tiles_isle_tile_11_2","p":0,"q":-42,"w":96,"x":869,"y":195
},{
"h":54,"n":"tiles_isle_tile_10_2","p":0,"q":-42,"w":96,"x":1,"y":966
},{
"h":54,"n":"tiles_isle_tile_05_6","p":0,"q":0,"w":96,"x":98,"y":966
},{
"h":54,"n":"tiles_isle_bg1_tile_02_8","p":0,"q":-42,"w":96,"x":772,"y":452
},{
"h":52,"n":"tiles_isle_bg1_tile_23_8","p":0,"q":-44,"w":96,"x":869,"y":452
},{
"h":52,"n":"tiles_isle_bg1_tile_22_8","p":0,"q":-44,"w":96,"x":646,"y":938
},{
"h":52,"n":"tiles_isle_bg1_tile_21_8","p":0,"q":-44,"w":96,"x":743,"y":938
},{
"h":52,"n":"tiles_isle_bg1_tile_20_8","p":0,"q":-44,"w":96,"x":840,"y":938
},{
"h":64,"n":"tiles_isle_tile_18_2","p":0,"q":-32,"w":66,"x":937,"y":938
},{
"h":12,"n":"","p":143,"q":6,"w":285,"x":563,"y":515
},{
"h":96,"n":"tiles_isle_tile_11_5","p":0,"q":0,"w":29,"x":966,"y":258
},{
"h":80,"n":"tiles_isle_tile_27_6","p":-65,"q":-16,"w":31,"x":966,"y":355
},{
"h":96,"n":"tiles_isle_tile_28_5","p":-74,"q":0,"w":22,"x":996,"y":258
},{
"h":96,"n":"tiles_isle_tile_04_7","p":-77,"q":0,"w":19,"x":998,"y":355
},{
"h":55,"n":"tiles_isle_tile_12_6","p":0,"q":0,"w":32,"x":966,"y":195
},{
"h":53,"n":"tiles_isle_bg1_tile_36_8","p":0,"q":-43,"w":22,"x":999,"y":195
}
],[
{
"h":96,"n":"tiles_isle_tile_10_4","p":0,"q":0,"w":96,"x":1,"y":1
},{
"h":96,"n":"tiles_isle_tile_09_7","p":0,"q":0,"w":96,"x":98,"y":1
},{
"h":96,"n":"tiles_isle_tile_09_0","p":0,"q":0,"w":96,"x":195,"y":1
},{
"h":96,"n":"tiles_isle_tile_07_2","p":0,"q":0,"w":96,"x":292,"y":1
},{
"h":96,"n":"tiles_isle_tile_06_7","p":0,"q":0,"w":96,"x":389,"y":1
},{
"h":96,"n":"tiles_isle_tile_06_2","p":0,"q":0,"w":96,"x":486,"y":1
},{
"h":96,"n":"tiles_isle_tile_05_7","p":0,"q":0,"w":96,"x":583,"y":1
},{
"h":96,"n":"tiles_isle_tile_05_2","p":0,"q":0,"w":96,"x":680,"y":1
},{
"h":96,"n":"tiles_isle_tile_05_0","p":0,"q":0,"w":96,"x":777,"y":1
},{
"h":96,"n":"tiles_isle_bg1_tile_39_4","p":0,"q":0,"w":96,"x":874,"y":1
},{
"h":96,"n":"tiles_isle_bg1_tile_39_2","p":0,"q":0,"w":96,"x":1,"y":98
},{
"h":96,"n":"tiles_isle_bg1_tile_38_4","p":0,"q":0,"w":96,"x":1,"y":195
},{
"h":96,"n":"tiles_isle_bg1_tile_38_2","p":0,"q":0,"w":96,"x":1,"y":292
},{
"h":96,"n":"tiles_isle_bg1_tile_37_4","p":0,"q":0,"w":96,"x":1,"y":389
},{
"h":96,"n":"tiles_isle_bg1_tile_37_2","p":0,"q":0,"w":96,"x":1,"y":486
},{
"h":96,"n":"tiles_isle_bg1_tile_36_4","p":0,"q":0,"w":96,"x":1,"y":583
},{
"h":96,"n":"tiles_isle_bg1_tile_35_8","p":0,"q":0,"w":96,"x":1,"y":680
},{
"h":96,"n":"tiles_isle_bg1_tile_35_4","p":0,"q":0,"w":96,"x":1,"y":777
},{
"h":96,"n":"tiles_isle_bg1_tile_35_2","p":0,"q":0,"w":96,"x":1,"y":874
},{
"h":96,"n":"tiles_isle_bg1_tile_34_8","p":0,"q":0,"w":96,"x":98,"y":98
},{
"h":96,"n":"tiles_isle_bg1_tile_34_5","p":0,"q":0,"w":96,"x":195,"y":98
},{
"h":96,"n":"tiles_isle_bg1_tile_34_4","p":0,"q":0,"w":96,"x":292,"y":98
},{
"h":96,"n":"tiles_isle_bg1_tile_34_2","p":0,"q":0,"w":96,"x":389,"y":98
},{
"h":96,"n":"tiles_isle_bg1_tile_33_9","p":0,"q":0,"w":96,"x":486,"y":98
},{
"h":96,"n":"tiles_isle_bg1_tile_33_8","p":0,"q":0,"w":96,"x":583,"y":98
},{
"h":96,"n":"tiles_isle_bg1_tile_33_5","p":0,"q":0,"w":96,"x":680,"y":98
},{
"h":96,"n":"tiles_isle_bg1_tile_33_4","p":0,"q":0,"w":96,"x":777,"y":98
},{
"h":96,"n":"tiles_isle_bg1_tile_33_2","p":0,"q":0,"w":96,"x":874,"y":98
},{
"h":96,"n":"tiles_isle_bg1_tile_32_9","p":0,"q":0,"w":96,"x":98,"y":195
},{
"h":96,"n":"tiles_isle_bg1_tile_32_8","p":0,"q":0,"w":96,"x":98,"y":292
},{
"h":96,"n":"tiles_isle_bg1_tile_32_5","p":0,"q":0,"w":96,"x":98,"y":389
},{
"h":96,"n":"tiles_isle_bg1_tile_32_4","p":0,"q":0,"w":96,"x":98,"y":486
},{
"h":96,"n":"tiles_isle_bg1_tile_31_9","p":0,"q":0,"w":96,"x":98,"y":583
},{
"h":96,"n":"tiles_isle_bg1_tile_31_8","p":0,"q":0,"w":96,"x":98,"y":680
},{
"h":96,"n":"tiles_isle_bg1_tile_31_4","p":0,"q":0,"w":96,"x":98,"y":777
},{
"h":96,"n":"tiles_isle_bg1_tile_30_9","p":0,"q":0,"w":96,"x":98,"y":874
},{
"h":96,"n":"tiles_isle_bg1_tile_30_8","p":0,"q":0,"w":96,"x":195,"y":195
},{
"h":96,"n":"tiles_isle_bg1_tile_30_5","p":0,"q":0,"w":96,"x":292,"y":195
},{
"h":96,"n":"tiles_isle_bg1_tile_30_4","p":0,"q":0,"w":96,"x":389,"y":195
},{
"h":96,"n":"tiles_isle_bg1_tile_30_2","p":0,"q":0,"w":96,"x":486,"y":195
},{
"h":96,"n":"tiles_isle_bg1_tile_29_9","p":0,"q":0,"w":96,"x":583,"y":195
},{
"h":96,"n":"tiles_isle_bg1_tile_29_8","p":0,"q":0,"w":96,"x":680,"y":195
},{
"h":96,"n":"tiles_isle_bg1_tile_29_5","p":0,"q":0,"w":96,"x":777,"y":195
},{
"h":96,"n":"tiles_isle_bg1_tile_29_4","p":0,"q":0,"w":96,"x":874,"y":195
},{
"h":96,"n":"tiles_isle_bg1_tile_29_2","p":0,"q":0,"w":96,"x":195,"y":292
},{
"h":96,"n":"tiles_isle_bg1_tile_28_9","p":0,"q":0,"w":96,"x":195,"y":389
},{
"h":96,"n":"tiles_isle_bg1_tile_28_8","p":0,"q":0,"w":96,"x":195,"y":486
},{
"h":96,"n":"tiles_isle_bg1_tile_28_5","p":0,"q":0,"w":96,"x":195,"y":583
},{
"h":96,"n":"tiles_isle_bg1_tile_28_4","p":0,"q":0,"w":96,"x":195,"y":680
},{
"h":96,"n":"tiles_isle_bg1_tile_28_3","p":0,"q":0,"w":96,"x":195,"y":777
},{
"h":96,"n":"tiles_isle_bg1_tile_27_9","p":0,"q":0,"w":96,"x":195,"y":874
},{
"h":96,"n":"tiles_isle_bg1_tile_27_8","p":0,"q":0,"w":96,"x":292,"y":292
},{
"h":96,"n":"tiles_isle_bg1_tile_27_4","p":0,"q":0,"w":96,"x":389,"y":292
},{
"h":96,"n":"tiles_isle_bg1_tile_27_2","p":0,"q":0,"w":96,"x":486,"y":292
},{
"h":96,"n":"tiles_isle_bg1_tile_26_9","p":0,"q":0,"w":96,"x":583,"y":292
},{
"h":96,"n":"tiles_isle_bg1_tile_26_8","p":0,"q":0,"w":96,"x":680,"y":292
},{
"h":96,"n":"tiles_isle_bg1_tile_26_5","p":0,"q":0,"w":96,"x":777,"y":292
},{
"h":96,"n":"tiles_isle_bg1_tile_26_4","p":0,"q":0,"w":96,"x":874,"y":292
},{
"h":96,"n":"tiles_isle_bg1_tile_26_2","p":0,"q":0,"w":96,"x":292,"y":389
},{
"h":96,"n":"tiles_isle_bg1_tile_25_9","p":0,"q":0,"w":96,"x":292,"y":486
},{
"h":96,"n":"tiles_isle_bg1_tile_25_8","p":0,"q":0,"w":96,"x":292,"y":583
},{
"h":96,"n":"tiles_isle_bg1_tile_25_5","p":0,"q":0,"w":96,"x":292,"y":680
},{
"h":96,"n":"tiles_isle_bg1_tile_25_4","p":0,"q":0,"w":96,"x":292,"y":777
},{
"h":96,"n":"tiles_isle_bg1_tile_25_2","p":0,"q":0,"w":96,"x":292,"y":874
},{
"h":96,"n":"tiles_isle_bg1_tile_24_9","p":0,"q":0,"w":96,"x":389,"y":389
},{
"h":96,"n":"tiles_isle_bg1_tile_24_8","p":0,"q":0,"w":96,"x":486,"y":389
},{
"h":96,"n":"tiles_isle_bg1_tile_24_5","p":0,"q":0,"w":96,"x":583,"y":389
},{
"h":96,"n":"tiles_isle_bg1_tile_24_4","p":0,"q":0,"w":96,"x":680,"y":389
},{
"h":96,"n":"tiles_isle_bg1_tile_24_3","p":0,"q":0,"w":96,"x":777,"y":389
},{
"h":96,"n":"tiles_isle_bg1_tile_24_2","p":0,"q":0,"w":96,"x":874,"y":389
},{
"h":96,"n":"tiles_isle_bg1_tile_23_9","p":0,"q":0,"w":96,"x":389,"y":486
},{
"h":96,"n":"tiles_isle_bg1_tile_23_6","p":0,"q":0,"w":96,"x":389,"y":583
},{
"h":96,"n":"tiles_isle_bg1_tile_23_5","p":0,"q":0,"w":96,"x":389,"y":680
},{
"h":96,"n":"tiles_isle_bg1_tile_23_4","p":0,"q":0,"w":96,"x":389,"y":777
},{
"h":96,"n":"tiles_isle_bg1_tile_22_9","p":0,"q":0,"w":96,"x":389,"y":874
},{
"h":96,"n":"tiles_isle_bg1_tile_22_6","p":0,"q":0,"w":96,"x":486,"y":486
},{
"h":96,"n":"tiles_isle_bg1_tile_22_5","p":0,"q":0,"w":96,"x":583,"y":486
},{
"h":96,"n":"tiles_isle_bg1_tile_22_4","p":0,"q":0,"w":96,"x":680,"y":486
},{
"h":96,"n":"tiles_isle_bg1_tile_22_2","p":0,"q":0,"w":96,"x":777,"y":486
},{
"h":96,"n":"tiles_isle_bg1_tile_21_9","p":0,"q":0,"w":96,"x":874,"y":486
},{
"h":96,"n":"tiles_isle_bg1_tile_21_6","p":0,"q":0,"w":96,"x":486,"y":583
},{
"h":96,"n":"tiles_isle_bg1_tile_21_5","p":0,"q":0,"w":96,"x":486,"y":680
},{
"h":96,"n":"tiles_isle_bg1_tile_21_4","p":0,"q":0,"w":96,"x":486,"y":777
},{
"h":96,"n":"tiles_isle_bg1_tile_21_2","p":0,"q":0,"w":96,"x":486,"y":874
},{
"h":96,"n":"tiles_isle_bg1_tile_20_9","p":0,"q":0,"w":96,"x":583,"y":583
},{
"h":96,"n":"tiles_isle_bg1_tile_20_6","p":0,"q":0,"w":96,"x":680,"y":583
},{
"h":96,"n":"tiles_isle_bg1_tile_20_5","p":0,"q":0,"w":96,"x":777,"y":583
},{
"h":96,"n":"tiles_isle_bg1_tile_20_4","p":0,"q":0,"w":96,"x":874,"y":583
},{
"h":96,"n":"tiles_isle_bg1_tile_19_9","p":0,"q":0,"w":96,"x":583,"y":680
},{
"h":96,"n":"tiles_isle_bg1_tile_19_6","p":0,"q":0,"w":96,"x":583,"y":777
},{
"h":96,"n":"tiles_isle_bg1_tile_19_5","p":0,"q":0,"w":96,"x":583,"y":874
},{
"h":96,"n":"tiles_isle_bg1_tile_19_4","p":0,"q":0,"w":96,"x":680,"y":680
},{
"h":96,"n":"tiles_isle_bg1_tile_18_9","p":0,"q":0,"w":96,"x":777,"y":680
},{
"h":96,"n":"tiles_isle_bg1_tile_18_8","p":0,"q":0,"w":96,"x":874,"y":680
},{
"h":96,"n":"tiles_isle_bg1_tile_18_6","p":0,"q":0,"w":96,"x":680,"y":777
},{
"h":96,"n":"tiles_isle_bg1_tile_18_5","p":0,"q":0,"w":96,"x":680,"y":874
},{
"h":96,"n":"tiles_isle_bg1_tile_18_4","p":0,"q":0,"w":96,"x":777,"y":777
},{
"h":96,"n":"tiles_isle_bg1_tile_18_2","p":0,"q":0,"w":96,"x":874,"y":777
},{
"h":96,"n":"tiles_isle_bg1_tile_17_9","p":0,"q":0,"w":96,"x":777,"y":874
},{
"h":96,"n":"tiles_isle_bg1_tile_17_8","p":0,"q":0,"w":96,"x":874,"y":874
},{
"h":52,"n":"tiles_isle_bg1_tile_03_8","p":0,"q":-44,"w":96,"x":1,"y":971
},{
"h":51,"n":"tiles_isle_tile_02_2","p":0,"q":-45,"w":96,"x":98,"y":971
},{
"h":51,"n":"tiles_isle_tile_01_2","p":0,"q":-45,"w":96,"x":195,"y":971
},{
"h":73,"n":"tiles_isle_tile_20_6","p":0,"q":-23,"w":32,"x":971,"y":1
},{
"h":77,"n":"tiles_isle_tile_12_7","p":-77,"q":0,"w":19,"x":971,"y":98
},{
"h":76,"n":"tiles_isle_tile_15_7","p":0,"q":0,"w":19,"x":991,"y":98
},{
"h":67,"n":"tiles_isle_tile_31_7","p":0,"q":-29,"w":19,"x":1004,"y":1
},{
"h":67,"n":"tiles_isle_tile_28_7","p":-77,"q":-29,"w":19,"x":971,"y":195
}
],[
{
"h":96,"n":"tiles_isle_bg1_tile_17_6","p":0,"q":0,"w":96,"x":1,"y":1
},{
"h":96,"n":"tiles_isle_bg1_tile_17_5","p":0,"q":0,"w":96,"x":98,"y":1
},{
"h":96,"n":"tiles_isle_bg1_tile_17_4","p":0,"q":0,"w":96,"x":195,"y":1
},{
"h":96,"n":"tiles_isle_bg1_tile_17_3","p":0,"q":0,"w":96,"x":292,"y":1
},{
"h":96,"n":"tiles_isle_bg1_tile_17_2","p":0,"q":0,"w":96,"x":389,"y":1
},{
"h":96,"n":"tiles_isle_bg1_tile_16_9","p":0,"q":0,"w":96,"x":486,"y":1
},{
"h":96,"n":"tiles_isle_bg1_tile_16_6","p":0,"q":0,"w":96,"x":583,"y":1
},{
"h":96,"n":"tiles_isle_bg1_tile_16_5","p":0,"q":0,"w":96,"x":680,"y":1
},{
"h":96,"n":"tiles_isle_bg1_tile_16_4","p":0,"q":0,"w":96,"x":777,"y":1
},{
"h":96,"n":"tiles_isle_bg1_tile_16_3","p":0,"q":0,"w":96,"x":874,"y":1
},{
"h":96,"n":"tiles_isle_bg1_tile_15_9","p":0,"q":0,"w":96,"x":1,"y":98
},{
"h":96,"n":"tiles_isle_bg1_tile_15_8","p":0,"q":0,"w":96,"x":1,"y":195
},{
"h":96,"n":"tiles_isle_bg1_tile_15_5","p":0,"q":0,"w":96,"x":1,"y":292
},{
"h":96,"n":"tiles_isle_bg1_tile_15_4","p":0,"q":0,"w":96,"x":1,"y":389
},{
"h":96,"n":"tiles_isle_bg1_tile_15_10","p":0,"q":0,"w":96,"x":1,"y":486
},{
"h":96,"n":"tiles_isle_bg1_tile_14_9","p":0,"q":0,"w":96,"x":1,"y":583
},{
"h":96,"n":"tiles_isle_bg1_tile_14_8","p":0,"q":0,"w":96,"x":1,"y":680
},{
"h":96,"n":"tiles_isle_bg1_tile_14_6","p":0,"q":0,"w":96,"x":1,"y":777
},{
"h":96,"n":"tiles_isle_bg1_tile_14_5","p":0,"q":0,"w":96,"x":1,"y":874
},{
"h":96,"n":"tiles_isle_bg1_tile_14_4","p":0,"q":0,"w":96,"x":98,"y":98
},{
"h":96,"n":"tiles_isle_bg1_tile_14_2","p":0,"q":0,"w":96,"x":195,"y":98
},{
"h":96,"n":"tiles_isle_bg1_tile_14_10","p":0,"q":0,"w":96,"x":292,"y":98
},{
"h":96,"n":"tiles_isle_bg1_tile_13_9","p":0,"q":0,"w":96,"x":389,"y":98
},{
"h":96,"n":"tiles_isle_bg1_tile_13_8","p":0,"q":0,"w":96,"x":486,"y":98
},{
"h":96,"n":"tiles_isle_bg1_tile_13_6","p":0,"q":0,"w":96,"x":583,"y":98
},{
"h":96,"n":"tiles_isle_bg1_tile_13_5","p":0,"q":0,"w":96,"x":680,"y":98
},{
"h":96,"n":"tiles_isle_bg1_tile_13_4","p":0,"q":0,"w":96,"x":777,"y":98
},{
"h":96,"n":"tiles_isle_bg1_tile_13_3","p":0,"q":0,"w":96,"x":874,"y":98
},{
"h":96,"n":"tiles_isle_bg1_tile_13_2","p":0,"q":0,"w":96,"x":98,"y":195
},{
"h":96,"n":"tiles_isle_bg1_tile_13_10","p":0,"q":0,"w":96,"x":98,"y":292
},{
"h":96,"n":"tiles_isle_bg1_tile_12_9","p":0,"q":0,"w":96,"x":98,"y":389
},{
"h":96,"n":"tiles_isle_bg1_tile_12_6","p":0,"q":0,"w":96,"x":98,"y":486
},{
"h":96,"n":"tiles_isle_bg1_tile_12_5","p":0,"q":0,"w":96,"x":98,"y":583
},{
"h":96,"n":"tiles_isle_bg1_tile_12_4","p":0,"q":0,"w":96,"x":98,"y":680
},{
"h":96,"n":"tiles_isle_bg1_tile_12_3","p":0,"q":0,"w":96,"x":98,"y":777
},{
"h":96,"n":"tiles_isle_bg1_tile_12_10","p":0,"q":0,"w":96,"x":98,"y":874
},{
"h":96,"n":"tiles_isle_bg1_tile_11_9","p":0,"q":0,"w":96,"x":195,"y":195
},{
"h":96,"n":"tiles_isle_bg1_tile_11_8","p":0,"q":0,"w":96,"x":292,"y":195
},{
"h":96,"n":"tiles_isle_bg1_tile_11_4","p":0,"q":0,"w":96,"x":389,"y":195
},{
"h":96,"n":"tiles_isle_bg1_tile_11_10","p":0,"q":0,"w":96,"x":486,"y":195
},{
"h":96,"n":"tiles_isle_bg1_tile_10_9","p":0,"q":0,"w":96,"x":583,"y":195
},{
"h":96,"n":"tiles_isle_bg1_tile_10_8","p":0,"q":0,"w":96,"x":680,"y":195
},{
"h":96,"n":"tiles_isle_bg1_tile_10_6","p":0,"q":0,"w":96,"x":777,"y":195
},{
"h":96,"n":"tiles_isle_bg1_tile_10_5","p":0,"q":0,"w":96,"x":874,"y":195
},{
"h":96,"n":"tiles_isle_bg1_tile_10_4","p":0,"q":0,"w":96,"x":195,"y":292
},{
"h":96,"n":"tiles_isle_bg1_tile_10_3","p":0,"q":0,"w":96,"x":195,"y":389
},{
"h":96,"n":"tiles_isle_bg1_tile_10_2","p":0,"q":0,"w":96,"x":195,"y":486
},{
"h":96,"n":"tiles_isle_bg1_tile_10_10","p":0,"q":0,"w":96,"x":195,"y":583
},{
"h":96,"n":"tiles_isle_bg1_tile_09_9","p":0,"q":0,"w":96,"x":195,"y":680
},{
"h":96,"n":"tiles_isle_bg1_tile_09_6","p":0,"q":0,"w":96,"x":195,"y":777
},{
"h":96,"n":"tiles_isle_bg1_tile_09_5","p":0,"q":0,"w":96,"x":195,"y":874
},{
"h":96,"n":"tiles_isle_bg1_tile_09_4","p":0,"q":0,"w":96,"x":292,"y":292
},{
"h":96,"n":"tiles_isle_bg1_tile_09_3","p":0,"q":0,"w":96,"x":389,"y":292
},{
"h":96,"n":"tiles_isle_bg1_tile_09_2","p":0,"q":0,"w":96,"x":486,"y":292
},{
"h":96,"n":"tiles_isle_bg1_tile_09_10","p":0,"q":0,"w":96,"x":583,"y":292
},{
"h":96,"n":"tiles_isle_bg1_tile_08_8","p":0,"q":0,"w":96,"x":680,"y":292
},{
"h":96,"n":"tiles_isle_bg1_tile_08_6","p":0,"q":0,"w":96,"x":777,"y":292
},{
"h":96,"n":"tiles_isle_bg1_tile_08_5","p":0,"q":0,"w":96,"x":874,"y":292
},{
"h":96,"n":"tiles_isle_bg1_tile_08_4","p":0,"q":0,"w":96,"x":292,"y":389
},{
"h":96,"n":"tiles_isle_bg1_tile_08_3","p":0,"q":0,"w":96,"x":292,"y":486
},{
"h":96,"n":"tiles_isle_bg1_tile_08_10","p":0,"q":0,"w":96,"x":292,"y":583
},{
"h":96,"n":"tiles_isle_bg1_tile_07_9","p":0,"q":0,"w":96,"x":292,"y":680
},{
"h":96,"n":"tiles_isle_bg1_tile_07_8","p":0,"q":0,"w":96,"x":292,"y":777
},{
"h":96,"n":"tiles_isle_bg1_tile_07_4","p":0,"q":0,"w":96,"x":292,"y":874
},{
"h":96,"n":"tiles_isle_bg1_tile_06_9","p":0,"q":0,"w":96,"x":389,"y":389
},{
"h":96,"n":"tiles_isle_bg1_tile_06_8","p":0,"q":0,"w":96,"x":486,"y":389
},{
"h":96,"n":"tiles_isle_bg1_tile_06_5","p":0,"q":0,"w":96,"x":583,"y":389
},{
"h":96,"n":"tiles_isle_bg1_tile_06_4","p":0,"q":0,"w":96,"x":680,"y":389
},{
"h":96,"n":"tiles_isle_bg1_tile_06_3","p":0,"q":0,"w":96,"x":777,"y":389
},{
"h":96,"n":"tiles_isle_bg1_tile_05_9","p":0,"q":0,"w":96,"x":874,"y":389
},{
"h":96,"n":"tiles_isle_bg1_tile_05_6","p":0,"q":0,"w":96,"x":389,"y":486
},{
"h":96,"n":"tiles_isle_bg1_tile_05_5","p":0,"q":0,"w":96,"x":389,"y":583
},{
"h":96,"n":"tiles_isle_bg1_tile_05_4","p":0,"q":0,"w":96,"x":389,"y":680
},{
"h":96,"n":"tiles_isle_bg1_tile_05_3","p":0,"q":0,"w":96,"x":389,"y":777
},{
"h":96,"n":"tiles_isle_bg1_tile_05_10","p":0,"q":0,"w":96,"x":389,"y":874
},{
"h":96,"n":"tiles_isle_bg1_tile_04_6","p":0,"q":0,"w":96,"x":486,"y":486
},{
"h":96,"n":"tiles_isle_bg1_tile_04_5","p":0,"q":0,"w":96,"x":583,"y":486
},{
"h":96,"n":"tiles_isle_bg1_tile_04_4","p":0,"q":0,"w":96,"x":680,"y":486
},{
"h":96,"n":"tiles_isle_bg1_tile_04_3","p":0,"q":0,"w":96,"x":777,"y":486
},{
"h":96,"n":"tiles_isle_bg1_tile_03_9","p":0,"q":0,"w":96,"x":874,"y":486
},{
"h":96,"n":"tiles_isle_bg1_tile_03_4","p":0,"q":0,"w":96,"x":486,"y":583
},{
"h":96,"n":"tiles_isle_bg1_tile_02_9","p":0,"q":0,"w":96,"x":486,"y":680
},{
"h":96,"n":"tiles_isle_bg1_tile_02_5","p":0,"q":0,"w":96,"x":486,"y":777
},{
"h":96,"n":"tiles_isle_bg1_tile_02_4","p":0,"q":0,"w":96,"x":486,"y":874
},{
"h":96,"n":"tiles_isle_bg1_tile_02_3","p":0,"q":0,"w":96,"x":583,"y":583
},{
"h":96,"n":"tiles_isle_bg1_tile_01_9","p":0,"q":0,"w":96,"x":680,"y":583
},{
"h":96,"n":"tiles_isle_bg1_tile_01_6","p":0,"q":0,"w":96,"x":777,"y":583
},{
"h":96,"n":"tiles_isle_bg1_tile_01_5","p":0,"q":0,"w":96,"x":874,"y":583
},{
"h":96,"n":"tiles_isle_bg1_tile_01_4","p":0,"q":0,"w":96,"x":583,"y":680
},{
"h":96,"n":"tiles_isle_bg1_tile_01_3","p":0,"q":0,"w":96,"x":583,"y":777
},{
"h":96,"n":"tiles_isle_bg1_tile_01_10","p":0,"q":0,"w":96,"x":583,"y":874
},{
"h":96,"n":"tiles_isle_bg1_tile_00_6","p":0,"q":0,"w":96,"x":680,"y":680
},{
"h":96,"n":"tiles_isle_bg1_tile_00_5","p":0,"q":0,"w":96,"x":777,"y":680
},{
"h":96,"n":"tiles_isle_bg1_tile_00_4","p":0,"q":0,"w":96,"x":874,"y":680
},{
"h":96,"n":"tiles_isle_bg1_tile_00_3","p":0,"q":0,"w":96,"x":680,"y":777
},{
"h":95,"n":"tiles_isle_tile_16_2","p":0,"q":-1,"w":96,"x":680,"y":874
},{
"h":96,"n":"tiles_isle_tile_36_6","p":0,"q":0,"w":94,"x":777,"y":777
},{
"h":94,"n":"tiles_isle_tile_09_2","p":0,"q":-2,"w":96,"x":872,"y":777
},{
"h":94,"n":"tiles_isle_tile_08_2","p":0,"q":-2,"w":96,"x":872,"y":872
},{
"h":96,"n":"tiles_isle_bg1_tile_12_2","p":-2,"q":0,"w":94,"x":777,"y":874
}
],[
{
"h":87,"n":"","p":52,"q":44,"w":103,"x":1,"y":1
},{
"h":96,"n":"tiles_isle_bg1_tile_20_2","p":-4,"q":0,"w":92,"x":1,"y":89
},{
"h":90,"n":"tiles_isle_tile_17_2","p":0,"q":-6,"w":96,"x":94,"y":89
},{
"h":88,"n":"tiles_isle_tile_03_2","p":0,"q":-8,"w":96,"x":1,"y":186
},{
"h":87,"n":"tiles_isle_tile_23_2","p":0,"q":-9,"w":96,"x":105,"y":1
},{
"h":96,"n":"tiles_isle_bg1_tile_08_9","p":-10,"q":0,"w":86,"x":1,"y":275
},{
"h":96,"n":"tiles_isle_bg1_tile_08_2","p":-10,"q":0,"w":86,"x":88,"y":275
},{
"h":96,"n":"tiles_isle_bg1_tile_04_9","p":-10,"q":0,"w":86,"x":1,"y":372
},{
"h":96,"n":"tiles_isle_bg1_tile_04_10","p":-10,"q":0,"w":86,"x":88,"y":372
},{
"h":96,"n":"tiles_isle_bg1_tile_00_9","p":-10,"q":0,"w":86,"x":1,"y":469
},{
"h":96,"n":"tiles_isle_bg1_tile_00_10","p":-10,"q":0,"w":86,"x":88,"y":469
},{
"h":96,"n":"tiles_isle_tile_06_0","p":0,"q":0,"w":82,"x":1,"y":566
},{
"h":96,"n":"tiles_isle_tile_08_0","p":-15,"q":0,"w":81,"x":175,"y":275
},{
"h":96,"n":"tiles_isle_tile_04_0","p":-15,"q":0,"w":81,"x":175,"y":372
},{
"h":96,"n":"tiles_isle_bg1_tile_04_8","p":0,"q":0,"w":80,"x":175,"y":469
},{
"h":96,"n":"tiles_isle_bg1_tile_39_3","p":0,"q":0,"w":79,"x":84,"y":566
},{
"h":96,"n":"tiles_isle_bg1_tile_35_3","p":0,"q":0,"w":76,"x":164,"y":566
},{
"h":96,"n":"tiles_isle_bg1_tile_33_3","p":0,"q":0,"w":76,"x":1,"y":663
},{
"h":96,"n":"tiles_isle_tile_33_5","p":0,"q":0,"w":72,"x":78,"y":663
},{
"h":96,"n":"tiles_isle_tile_26_6","p":0,"q":0,"w":72,"x":151,"y":663
},{
"h":96,"n":"tiles_isle_tile_14_5","p":0,"q":0,"w":72,"x":1,"y":760
},{
"h":96,"n":"tiles_isle_tile_06_4","p":0,"q":0,"w":66,"x":1,"y":857
},{
"h":96,"n":"tiles_isle_bg1_tile_09_8","p":-30,"q":0,"w":66,"x":74,"y":760
},{
"h":96,"n":"tiles_isle_tile_20_5","p":-31,"q":0,"w":65,"x":191,"y":89
}
]
],"meta":{
"atlas":[
"world_level_04_image_0.png","world_level_04_image_1.png","world_level_04_image_2.png","world_level_04_image_3.png","world_level_04_image_4.png"
]
}
}
