{
"animations":[
{
"f":77,"l":[
{
"f":[
{
"c":0,"g":0,"h":0.485,"i":5,"k":27,"n":0,"p":12,"t":0,"u":0,"v":0,"w":0.83,"x":118.382,"y":7.038
},{
"c":0,"g":0,"h":0.784,"i":5,"k":27,"n":12,"p":18,"t":0.737,"u":0,"v":0,"w":1.341,"x":118.382,"y":7.038
},{
"c":0,"g":0,"h":0.89,"i":5,"k":27,"n":18,"p":24,"t":0.792,"u":0,"v":0,"w":1.521,"x":118.382,"y":7.038
},{
"c":0,"g":0,"h":0.78,"i":5,"k":27,"n":24,"p":37,"t":0.725,"u":0,"v":0,"w":1.333,"x":118.382,"y":7.038
},{
"c":0,"g":0,"h":0.486,"i":5,"k":27,"n":37,"t":0,"u":0,"v":0,"w":0.832,"x":118.382,"y":7.038
}
]
},{
"f":[
{
"c":0,"g":0,"h":0.485,"i":5,"k":27,"n":0,"p":12,"t":0,"u":0,"v":0,"w":0.83,"x":56.575,"y":-12.68
},{
"c":0,"g":0,"h":0.784,"i":5,"k":27,"n":12,"p":18,"t":0.737,"u":0,"v":0,"w":1.341,"x":56.575,"y":-12.68
},{
"c":0,"g":0,"h":0.89,"i":5,"k":27,"n":18,"p":24,"t":0.784,"u":0,"v":0,"w":1.521,"x":56.575,"y":-12.68
},{
"c":0,"g":0,"h":0.78,"i":5,"k":27,"n":24,"p":37,"t":0.725,"u":0,"v":0,"w":1.333,"x":56.575,"y":-12.68
},{
"c":0,"g":0,"h":0.486,"i":5,"k":27,"n":37,"t":0,"u":0,"v":0,"w":0.832,"x":56.575,"y":-12.68
},{
"c":0,"g":0,"h":0.485,"i":5,"k":27,"n":38,"p":50,"t":0,"u":0,"v":0,"w":0.83,"x":56.575,"y":-12.68
},{
"c":0,"g":0,"h":0.784,"i":5,"k":27,"n":50,"p":56,"t":0.737,"u":0,"v":0,"w":1.341,"x":56.575,"y":-12.68
},{
"c":0,"g":0,"h":0.89,"i":5,"k":27,"n":56,"p":62,"t":0.776,"u":0,"v":0,"w":1.521,"x":56.575,"y":-12.68
},{
"c":0,"g":0,"h":0.78,"i":5,"k":27,"n":62,"p":75,"t":0.725,"u":0,"v":0,"w":1.333,"x":56.575,"y":-12.68
},{
"c":0,"g":0,"h":0.486,"i":5,"k":27,"n":75,"t":0,"u":0,"v":0,"w":0.832,"x":56.575,"y":-12.68
}
]
},{
"f":[
{
"c":0,"g":0,"h":0.798,"i":5,"k":27,"n":0,"p":1,"t":0.768,"u":0,"v":0,"w":1.365,"x":-53.026,"y":-16.06
},{
"c":0,"g":0,"h":0.78,"i":5,"k":27,"n":1,"p":14,"t":0.725,"u":0,"v":0,"w":1.333,"x":-53.026,"y":-16.06
},{
"c":0,"g":0,"h":0.486,"i":5,"k":27,"n":14,"t":0,"u":0,"v":0,"w":0.832,"x":-53.026,"y":-16.06
},{
"c":0,"g":0,"h":0.485,"i":5,"k":27,"n":17,"p":28,"t":0,"u":0,"v":0,"w":0.83,"x":-53.026,"y":-16.06
},{
"c":0,"g":0,"h":0.784,"i":5,"k":27,"n":28,"p":34,"t":0.737,"u":0,"v":0,"w":1.341,"x":-53.026,"y":-16.06
},{
"c":0,"g":0,"h":0.89,"i":5,"k":27,"n":34,"p":40,"t":0.784,"u":0,"v":0,"w":1.521,"x":-53.026,"y":-16.06
},{
"c":0,"g":0,"h":0.78,"i":5,"k":27,"n":40,"p":53,"t":0.725,"u":0,"v":0,"w":1.333,"x":-53.026,"y":-16.06
},{
"c":0,"g":0,"h":0.486,"i":5,"k":27,"n":53,"t":0,"u":0,"v":0,"w":0.832,"x":-53.026,"y":-16.06
},{
"c":0,"g":0,"h":0.485,"i":5,"k":27,"n":54,"p":65,"t":0,"u":0,"v":0,"w":0.83,"x":-53.026,"y":-16.06
},{
"c":0,"g":0,"h":0.784,"i":5,"k":27,"n":65,"p":71,"t":0.737,"u":0,"v":0,"w":1.341,"x":-53.026,"y":-16.06
},{
"c":0,"g":0,"h":0.89,"i":5,"k":27,"n":71,"p":75,"t":0.8,"u":0,"v":0,"w":1.521,"x":-53.026,"y":-16.06
},{
"c":0,"g":0,"h":0.816,"i":5,"k":27,"n":75,"p":76,"t":0.815,"u":0,"v":0,"w":1.396,"x":-53.026,"y":-16.06
},{
"c":0,"g":0,"h":0.798,"i":5,"k":27,"n":76,"t":0.768,"u":0,"v":0,"w":1.365,"x":-53.026,"y":-16.06
}
]
},{
"f":[
{
"c":0,"g":0,"h":0.712,"i":5,"k":27,"n":0,"p":10,"t":0.552,"u":0,"v":0,"w":1.218,"x":78.703,"y":0.006
},{
"c":0,"g":0,"h":0.486,"i":5,"k":27,"n":10,"t":0,"u":0,"v":0,"w":0.832,"x":78.703,"y":0.006
},{
"c":0,"g":0,"h":0.485,"i":5,"k":27,"n":14,"p":25,"t":0,"u":0,"v":0,"w":0.83,"x":78.703,"y":0.006
},{
"c":0,"g":0,"h":0.784,"i":5,"k":27,"n":25,"p":31,"t":0.737,"u":0,"v":0,"w":1.341,"x":78.703,"y":0.006
},{
"c":0,"g":0,"h":0.89,"i":5,"k":27,"n":31,"p":37,"t":0.784,"u":0,"v":0,"w":1.521,"x":78.703,"y":0.006
},{
"c":0,"g":0,"h":0.78,"i":5,"k":27,"n":37,"p":50,"t":0.725,"u":0,"v":0,"w":1.333,"x":78.703,"y":0.006
},{
"c":0,"g":0,"h":0.486,"i":5,"k":27,"n":50,"t":0,"u":0,"v":0,"w":0.832,"x":78.703,"y":0.006
},{
"c":0,"g":0,"h":0.485,"i":5,"k":27,"n":51,"p":62,"t":0,"u":0,"v":0,"w":0.83,"x":78.703,"y":0.006
},{
"c":0,"g":0,"h":0.784,"i":5,"k":27,"n":62,"p":68,"t":0.737,"u":0,"v":0,"w":1.341,"x":78.703,"y":0.006
},{
"c":0,"g":0,"h":0.89,"i":5,"k":27,"n":68,"p":74,"t":0.784,"u":0,"v":0,"w":1.521,"x":78.703,"y":0.006
},{
"c":0,"g":0,"h":0.78,"i":5,"k":27,"n":74,"p":76,"t":0.725,"u":0,"v":0,"w":1.333,"x":78.703,"y":0.006
},{
"c":0,"g":0,"h":0.735,"i":5,"k":27,"n":76,"t":0.611,"u":0,"v":0,"w":1.256,"x":78.703,"y":0.006
}
]
},{
"f":[
{
"c":0,"g":0,"h":0.485,"i":5,"k":27,"n":0,"t":0,"u":0,"v":0,"w":0.83,"x":51.662,"y":17.62
},{
"c":0,"g":0,"h":0.485,"i":5,"k":27,"n":24,"p":35,"t":0,"u":0,"v":0,"w":0.83,"x":51.662,"y":17.62
},{
"c":0,"g":0,"h":0.784,"i":5,"k":27,"n":35,"p":44,"t":0.737,"u":0,"v":0,"w":1.341,"x":51.662,"y":17.62
},{
"c":0,"g":0,"h":0.89,"i":5,"k":27,"n":44,"p":50,"t":1,"u":0,"v":0,"w":1.521,"x":51.662,"y":17.62
},{
"c":0,"g":0,"h":0.78,"i":5,"k":27,"n":50,"p":64,"t":0.725,"u":0,"v":0,"w":1.333,"x":51.662,"y":17.62
},{
"c":0,"g":0,"h":0.486,"i":5,"k":27,"n":64,"t":0,"u":0,"v":0,"w":0.832,"x":51.662,"y":17.62
}
]
},{
"f":[
{
"c":0,"g":0,"h":0.676,"i":5,"k":27,"n":0,"p":4,"t":0.466,"u":0,"v":0,"w":1.155,"x":-2.652,"y":1.188
},{
"c":0,"g":0,"h":0.784,"i":5,"k":27,"n":4,"p":13,"t":0.737,"u":0,"v":0,"w":1.341,"x":-2.652,"y":1.188
},{
"c":0,"g":0,"h":0.89,"i":5,"k":27,"n":13,"p":19,"t":0.792,"u":0,"v":0,"w":1.521,"x":-2.652,"y":1.188
},{
"c":0,"g":0,"h":0.78,"i":5,"k":27,"n":19,"p":32,"t":0.725,"u":0,"v":0,"w":1.333,"x":-2.652,"y":1.188
},{
"c":0,"g":0,"h":0.486,"i":5,"k":27,"n":32,"t":0,"u":0,"v":0,"w":0.832,"x":-2.652,"y":1.188
},{
"c":0,"g":0,"h":0.485,"i":5,"k":27,"n":33,"p":42,"t":0,"u":0,"v":0,"w":0.83,"x":-2.652,"y":1.188
},{
"c":0,"g":0,"h":0.784,"i":5,"k":27,"n":42,"p":51,"t":0.737,"u":0,"v":0,"w":1.341,"x":-2.652,"y":1.188
},{
"c":0,"g":0,"h":0.89,"i":5,"k":27,"n":51,"p":57,"t":0.768,"u":0,"v":0,"w":1.521,"x":-2.652,"y":1.188
},{
"c":0,"g":0,"h":0.78,"i":5,"k":27,"n":57,"p":69,"t":0.725,"u":0,"v":0,"w":1.333,"x":-2.652,"y":1.188
},{
"c":0,"g":0,"h":0.486,"i":5,"k":27,"n":69,"t":0,"u":0,"v":0,"w":0.832,"x":-2.652,"y":1.188
},{
"c":0,"g":0,"h":0.485,"i":5,"k":27,"n":70,"p":76,"t":0,"u":0,"v":0,"w":0.83,"x":-2.652,"y":1.188
},{
"c":0,"g":0,"h":0.648,"i":5,"k":27,"n":76,"t":0.4,"u":0,"v":0,"w":1.109,"x":-2.652,"y":1.188
}
]
},{
"f":[
{
"c":0,"g":0,"h":0.485,"i":5,"k":27,"n":0,"t":0,"u":0,"v":0,"w":0.83,"x":-120.586,"y":5.334
},{
"c":0,"g":0,"h":0.485,"i":5,"k":27,"n":22,"p":33,"t":0,"u":0,"v":0,"w":0.83,"x":-120.586,"y":5.334
},{
"c":0,"g":0,"h":0.784,"i":5,"k":27,"n":33,"p":42,"t":0.737,"u":0,"v":0,"w":1.341,"x":-120.586,"y":5.334
},{
"c":0,"g":0,"h":0.89,"i":5,"k":27,"n":42,"p":48,"t":0.815,"u":0,"v":0,"w":1.521,"x":-120.586,"y":5.334
},{
"c":0,"g":0,"h":0.78,"i":5,"k":27,"n":48,"p":62,"t":0.725,"u":0,"v":0,"w":1.333,"x":-120.586,"y":5.334
},{
"c":0,"g":0,"h":0.486,"i":5,"k":27,"n":62,"t":0,"u":0,"v":0,"w":0.832,"x":-120.586,"y":5.334
}
]
},{
"f":[
{
"c":0,"g":0,"h":0.485,"i":5,"k":27,"n":0,"t":0,"u":0,"v":0,"w":0.83,"x":34.242,"y":-10.367
},{
"c":0,"g":0,"h":0.485,"i":5,"k":27,"n":30,"p":41,"t":0,"u":0,"v":0,"w":0.83,"x":34.242,"y":-10.367
},{
"c":0,"g":0,"h":0.784,"i":5,"k":27,"n":41,"p":50,"t":0.737,"u":0,"v":0,"w":1.341,"x":34.242,"y":-10.367
},{
"c":0,"g":0,"h":0.89,"i":5,"k":27,"n":50,"p":56,"t":0.835,"u":0,"v":0,"w":1.521,"x":34.242,"y":-10.367
},{
"c":0,"g":0,"h":0.78,"i":5,"k":27,"n":56,"p":69,"t":0.725,"u":0,"v":0,"w":1.333,"x":34.242,"y":-10.367
},{
"c":0,"g":0,"h":0.486,"i":5,"k":27,"n":69,"t":0,"u":0,"v":0,"w":0.832,"x":34.242,"y":-10.367
}
]
}
],"n":"ScnEnvSealight1","r":30
}
],"atlas":[
[
{
"h":256,"n":"tiles_cotillion_bgsky_9__1","p":0,"q":0,"w":256,"x":1,"y":1
},{
"h":256,"n":"tiles_cotillion_bgsky_9__0","p":0,"q":0,"w":256,"x":258,"y":1
},{
"h":256,"n":"tiles_cotillion_bgsky_8","p":0,"q":0,"w":256,"x":515,"y":1
},{
"h":256,"n":"tiles_cotillion_bgsky_7","p":0,"q":0,"w":256,"x":1,"y":258
},{
"h":256,"n":"tiles_cotillion_bgsky_6","p":0,"q":0,"w":256,"x":1,"y":515
},{
"h":256,"n":"tiles_cotillion_bgsky_5","p":0,"q":0,"w":256,"x":258,"y":258
},{
"h":256,"n":"tiles_cotillion_bgsky_4","p":0,"q":0,"w":256,"x":515,"y":258
},{
"h":256,"n":"tiles_cotillion_bgsky_3","p":0,"q":0,"w":256,"x":258,"y":515
},{
"h":256,"n":"tiles_cotillion_bgsky_22","p":0,"q":0,"w":256,"x":515,"y":515
},{
"h":105,"n":"scn_table2","p":175,"q":53,"w":350,"x":515,"y":772
},{
"h":101,"n":"scn_table1","p":73,"q":51,"w":145,"x":772,"y":1
},{
"h":96,"n":"tiles_cotillion_tile_39_6","p":0,"q":0,"w":96,"x":918,"y":1
},{
"h":96,"n":"tiles_cotillion_tile_39_4","p":0,"q":0,"w":96,"x":772,"y":103
},{
"h":96,"n":"tiles_cotillion_tile_39_11","p":0,"q":0,"w":96,"x":869,"y":103
},{
"h":96,"n":"tiles_cotillion_tile_39_10","p":0,"q":0,"w":96,"x":1,"y":772
},{
"h":96,"n":"tiles_cotillion_tile_39_1","p":0,"q":0,"w":96,"x":1,"y":869
},{
"h":96,"n":"tiles_cotillion_tile_38_6","p":0,"q":0,"w":96,"x":98,"y":772
},{
"h":96,"n":"tiles_cotillion_tile_38_4","p":0,"q":0,"w":96,"x":98,"y":869
},{
"h":96,"n":"tiles_cotillion_tile_38_3","p":0,"q":0,"w":96,"x":772,"y":258
},{
"h":96,"n":"tiles_cotillion_tile_38_11","p":0,"q":0,"w":96,"x":869,"y":258
},{
"h":96,"n":"tiles_cotillion_tile_38_1","p":0,"q":0,"w":96,"x":772,"y":355
},{
"h":96,"n":"tiles_cotillion_tile_38_0","p":0,"q":0,"w":96,"x":869,"y":355
},{
"h":96,"n":"tiles_cotillion_tile_37_6","p":0,"q":0,"w":96,"x":258,"y":772
},{
"h":96,"n":"tiles_cotillion_tile_37_5","p":0,"q":0,"w":96,"x":258,"y":869
},{
"h":96,"n":"tiles_cotillion_tile_37_3","p":0,"q":0,"w":96,"x":355,"y":772
},{
"h":96,"n":"tiles_cotillion_tile_37_11","p":0,"q":0,"w":96,"x":355,"y":869
},{
"h":96,"n":"tiles_cotillion_tile_37_1","p":0,"q":0,"w":96,"x":772,"y":515
},{
"h":96,"n":"tiles_cotillion_tile_37_0","p":0,"q":0,"w":96,"x":869,"y":515
},{
"h":96,"n":"tiles_cotillion_tile_36_6","p":0,"q":0,"w":96,"x":772,"y":612
},{
"h":96,"n":"tiles_cotillion_tile_36_5","p":0,"q":0,"w":96,"x":869,"y":612
},{
"h":96,"n":"tiles_cotillion_tile_36_4","p":0,"q":0,"w":96,"x":515,"y":878
},{
"h":96,"n":"tiles_cotillion_tile_36_3","p":0,"q":0,"w":96,"x":612,"y":878
},{
"h":96,"n":"tiles_cotillion_tile_36_11","p":0,"q":0,"w":96,"x":709,"y":878
},{
"h":96,"n":"tiles_cotillion_tile_36_1","p":0,"q":0,"w":96,"x":866,"y":772
},{
"h":96,"n":"tiles_cotillion_tile_36_0","p":0,"q":0,"w":96,"x":866,"y":869
},{
"h":96,"n":"tiles_cotillion_tile_31_12","p":0,"q":0,"w":61,"x":195,"y":772
},{
"h":96,"n":"tiles_cotillion_tile_13_1","p":0,"q":0,"w":60,"x":195,"y":869
},{
"h":59,"n":"tiles_cotillion_tile_27_10","p":0,"q":-37,"w":96,"x":772,"y":452
},{
"h":96,"n":"tiles_cotillion_tile_12_1","p":-37,"q":0,"w":59,"x":452,"y":772
},{
"h":58,"n":"tiles_cotillion_tile_26_3","p":0,"q":-38,"w":96,"x":1,"y":966
},{
"h":58,"n":"tiles_cotillion_tile_04_3","p":0,"q":-38,"w":96,"x":98,"y":966
},{
"h":57,"n":"tiles_cotillion_tile_03_3","p":0,"q":-39,"w":96,"x":772,"y":200
},{
"h":57,"n":"tiles_cotillion_bg1_tile_21_3","p":0,"q":0,"w":96,"x":869,"y":200
},{
"h":57,"n":"tiles_cotillion_bg1_tile_09_3","p":0,"q":0,"w":96,"x":869,"y":452
},{
"h":56,"n":"tiles_cotillion_bg1_tile_19_1","p":0,"q":0,"w":96,"x":258,"y":966
},{
"h":56,"n":"tiles_cotillion_bg1_tile_17_1","p":0,"q":0,"w":96,"x":355,"y":966
},{
"h":56,"n":"tiles_cotillion_bg1_tile_16_1","p":0,"q":0,"w":96,"x":772,"y":709
},{
"h":54,"n":"tiles_cotillion_tile_39_12","p":0,"q":-42,"w":96,"x":869,"y":709
},{
"h":54,"n":"tiles_cotillion_bg1_tile_38_2","p":0,"q":0,"w":96,"x":866,"y":966
},{
"h":96,"n":"tiles_cotillion_bg1_tile_24_2","p":-34,"q":0,"w":53,"x":966,"y":103
},{
"h":49,"n":"tiles_cotillion_tile_04_10","p":0,"q":-47,"w":96,"x":515,"y":975
},{
"h":49,"n":"tiles_cotillion_bg1_tile_18_1","p":0,"q":0,"w":96,"x":612,"y":975
},{
"h":49,"n":"tiles_cotillion_bg1_tile_18_0","p":0,"q":0,"w":96,"x":709,"y":975
},{
"h":70,"n":"tiles_cotillion_tile_23_12","p":-35,"q":-26,"w":61,"x":452,"y":869
},{
"h":96,"n":"tiles_cotillion_tile_27_2","p":-55,"q":0,"w":41,"x":966,"y":258
},{
"h":96,"n":"tiles_cotillion_tile_18_6","p":-55,"q":0,"w":41,"x":966,"y":355
},{
"h":96,"n":"tiles_cotillion_tile_08_12","p":0,"q":0,"w":41,"x":966,"y":515
},{
"h":96,"n":"tiles_cotillion_tile_02_11","p":-56,"q":0,"w":40,"x":966,"y":612
},{
"h":96,"n":"tiles_cotillion_tile_14_4","p":0,"q":0,"w":35,"x":806,"y":878
},{
"h":96,"n":"tiles_cotillion_tile_24_2","p":-8,"q":0,"w":34,"x":963,"y":772
},{
"h":96,"n":"tiles_cotillion_tile_19_2","p":-62,"q":0,"w":34,"x":963,"y":869
},{
"h":46,"n":"tiles_cotillion_tile_29_5","p":0,"q":-50,"w":59,"x":195,"y":966
},{
"h":41,"n":"tiles_cotillion_tile_32_4","p":-37,"q":-55,"w":59,"x":452,"y":940
},{
"h":37,"n":"tiles_cotillion_tile_00_4","p":0,"q":-59,"w":51,"x":966,"y":200
},{
"h":46,"n":"scn_sprite_ribbon2","p":21,"q":23,"w":41,"x":966,"y":452
},{
"h":96,"n":"tiles_cotillion_tile_18_2","p":-62,"q":0,"w":19,"x":842,"y":878
},{
"h":33,"n":"tiles_cotillion_bg1_tile_20_2","p":-34,"q":0,"w":53,"x":452,"y":982
},{
"h":96,"n":"tiles_cotillion_tile_35_4","p":0,"q":0,"w":18,"x":998,"y":772
},{
"h":96,"n":"tiles_cotillion_tile_16_2","p":-17,"q":0,"w":18,"x":998,"y":869
},{
"h":96,"n":"tiles_cotillion_tile_21_4","p":-79,"q":0,"w":17,"x":1007,"y":612
},{
"h":43,"n":"tiles_cotillion_tile_10_4","p":0,"q":-53,"w":36,"x":966,"y":709
},{
"h":96,"n":"tiles_cotillion_tile_14_5","p":-80,"q":0,"w":16,"x":1008,"y":258
},{
"h":96,"n":"tiles_cotillion_tile_10_5","p":-80,"q":0,"w":16,"x":1008,"y":355
},{
"h":42,"n":"tiles_cotillion_tile_11_4","p":0,"q":-54,"w":36,"x":806,"y":975
},{
"h":43,"n":"tiles_cotillion_tile_09_4","p":-61,"q":-53,"w":35,"x":963,"y":966
},{
"h":84,"n":"tiles_cotillion_tile_06_6","p":-80,"q":-12,"w":16,"x":1008,"y":515
},{
"h":58,"n":"tiles_cotillion_tile_30_12","p":-76,"q":0,"w":20,"x":1003,"y":709
},{
"h":19,"n":"tiles_cotillion_tile_27_12","p":0,"q":-77,"w":58,"x":966,"y":238
},{
"h":57,"n":"tiles_cotillion_tile_15_12","p":0,"q":0,"w":18,"x":999,"y":966
},{
"h":96,"n":"tiles_cotillion_tile_13_5","p":0,"q":0,"w":7,"x":1015,"y":1
},{
"h":96,"n":"tiles_cotillion_tile_09_5","p":0,"q":0,"w":7,"x":1017,"y":772
},{
"h":30,"n":"tiles_cotillion_tile_15_1","p":0,"q":-66,"w":22,"x":843,"y":975
},{
"h":44,"n":"tiles_cotillion_tile_16_11","p":-83,"q":-9,"w":13,"x":1008,"y":452
},{
"h":18,"n":"tiles_cotillion_tile_29_4","p":-77,"q":-78,"w":19,"x":966,"y":753
},{
"h":14,"n":"tiles_cotillion_tile_19_4","p":0,"q":-82,"w":17,"x":966,"y":499
},{
"h":40,"n":"tiles_cotillion_tile_15_10","p":0,"q":-56,"w":5,"x":1017,"y":869
},{
"h":6,"n":"tiles_cotillion_tile_00_11","p":0,"q":-90,"w":10,"x":195,"y":1013
},{
"h":7,"n":"tiles_cotillion_tile_19_12","p":0,"q":-89,"w":3,"x":1020,"y":103
},{
"h":4,"n":"tiles_cotillion_tile_38_12","p":-94,"q":-92,"w":2,"x":918,"y":98
}
],[
{
"h":256,"n":"tiles_cotillion_bgsky_21","p":0,"q":0,"w":256,"x":1,"y":1
},{
"h":256,"n":"tiles_cotillion_bgsky_20","p":0,"q":0,"w":256,"x":258,"y":1
},{
"h":256,"n":"tiles_cotillion_bgsky_2","p":0,"q":0,"w":256,"x":515,"y":1
},{
"h":256,"n":"tiles_cotillion_bgsky_19","p":0,"q":0,"w":256,"x":1,"y":258
},{
"h":256,"n":"tiles_cotillion_bgsky_18","p":0,"q":0,"w":256,"x":1,"y":515
},{
"h":256,"n":"tiles_cotillion_bgsky_17","p":0,"q":0,"w":256,"x":258,"y":258
},{
"h":256,"n":"tiles_cotillion_bgsky_16","p":0,"q":0,"w":256,"x":515,"y":258
},{
"h":256,"n":"tiles_cotillion_bgsky_15","p":0,"q":0,"w":256,"x":258,"y":515
},{
"h":256,"n":"tiles_cotillion_bgsky_14","p":0,"q":0,"w":256,"x":515,"y":515
},{
"h":96,"n":"tiles_cotillion_tile_35_6","p":0,"q":0,"w":96,"x":772,"y":1
},{
"h":96,"n":"tiles_cotillion_tile_35_11","p":0,"q":0,"w":96,"x":869,"y":1
},{
"h":96,"n":"tiles_cotillion_tile_35_10","p":0,"q":0,"w":96,"x":772,"y":98
},{
"h":96,"n":"tiles_cotillion_tile_35_1","p":0,"q":0,"w":96,"x":869,"y":98
},{
"h":96,"n":"tiles_cotillion_tile_35_0","p":0,"q":0,"w":96,"x":1,"y":772
},{
"h":96,"n":"tiles_cotillion_tile_34_6","p":0,"q":0,"w":96,"x":1,"y":869
},{
"h":96,"n":"tiles_cotillion_tile_34_4","p":0,"q":0,"w":96,"x":98,"y":772
},{
"h":96,"n":"tiles_cotillion_tile_34_3","p":0,"q":0,"w":96,"x":98,"y":869
},{
"h":96,"n":"tiles_cotillion_tile_34_12","p":0,"q":0,"w":96,"x":772,"y":258
},{
"h":96,"n":"tiles_cotillion_tile_34_11","p":0,"q":0,"w":96,"x":869,"y":258
},{
"h":96,"n":"tiles_cotillion_tile_34_1","p":0,"q":0,"w":96,"x":772,"y":355
},{
"h":96,"n":"tiles_cotillion_tile_34_0","p":0,"q":0,"w":96,"x":869,"y":355
},{
"h":96,"n":"tiles_cotillion_tile_33_6","p":0,"q":0,"w":96,"x":258,"y":772
},{
"h":96,"n":"tiles_cotillion_tile_33_3","p":0,"q":0,"w":96,"x":258,"y":869
},{
"h":96,"n":"tiles_cotillion_tile_33_12","p":0,"q":0,"w":96,"x":355,"y":772
},{
"h":96,"n":"tiles_cotillion_tile_33_11","p":0,"q":0,"w":96,"x":355,"y":869
},{
"h":96,"n":"tiles_cotillion_tile_33_1","p":0,"q":0,"w":96,"x":772,"y":515
},{
"h":96,"n":"tiles_cotillion_tile_33_0","p":0,"q":0,"w":96,"x":869,"y":515
},{
"h":96,"n":"tiles_cotillion_tile_32_6","p":0,"q":0,"w":96,"x":772,"y":612
},{
"h":96,"n":"tiles_cotillion_tile_32_5","p":0,"q":0,"w":96,"x":869,"y":612
},{
"h":96,"n":"tiles_cotillion_tile_32_12","p":0,"q":0,"w":96,"x":515,"y":772
},{
"h":96,"n":"tiles_cotillion_tile_32_11","p":0,"q":0,"w":96,"x":515,"y":869
},{
"h":96,"n":"tiles_cotillion_tile_32_1","p":0,"q":0,"w":96,"x":612,"y":772
},{
"h":96,"n":"tiles_cotillion_tile_32_0","p":0,"q":0,"w":96,"x":612,"y":869
},{
"h":96,"n":"tiles_cotillion_tile_31_6","p":0,"q":0,"w":96,"x":709,"y":772
},{
"h":96,"n":"tiles_cotillion_tile_31_4","p":0,"q":0,"w":96,"x":709,"y":869
},{
"h":96,"n":"tiles_cotillion_tile_31_2","p":0,"q":0,"w":96,"x":806,"y":772
},{
"h":96,"n":"tiles_cotillion_tile_31_11","p":0,"q":0,"w":96,"x":903,"y":772
},{
"h":96,"n":"tiles_cotillion_tile_31_10","p":0,"q":0,"w":96,"x":806,"y":869
},{
"h":96,"n":"tiles_cotillion_tile_31_0","p":0,"q":0,"w":96,"x":903,"y":869
},{
"h":50,"n":"tiles_cotillion_tile_37_2","p":0,"q":0,"w":96,"x":772,"y":195
},{
"h":50,"n":"tiles_cotillion_bg1_tile_39_2","p":0,"q":0,"w":96,"x":869,"y":195
},{
"h":49,"n":"tiles_cotillion_bg1_tile_16_0","p":0,"q":0,"w":96,"x":1,"y":966
},{
"h":48,"n":"tiles_cotillion_bg1_tile_36_0","p":0,"q":0,"w":96,"x":98,"y":966
},{
"h":46,"n":"tiles_cotillion_tile_31_5","p":0,"q":-50,"w":96,"x":772,"y":452
},{
"h":46,"n":"tiles_cotillion_tile_28_4","p":0,"q":-50,"w":96,"x":869,"y":452
},{
"h":46,"n":"tiles_cotillion_tile_03_6","p":0,"q":-50,"w":96,"x":258,"y":966
},{
"h":45,"n":"tiles_cotillion_bg1_tile_00_1","p":0,"q":-51,"w":96,"x":355,"y":966
},{
"h":45,"n":"tiles_cotillion_bg1_tile_00_0","p":0,"q":-51,"w":96,"x":772,"y":709
},{
"h":44,"n":"tiles_cotillion_bg1_tile_23_2","p":0,"q":-52,"w":96,"x":869,"y":709
},{
"h":44,"n":"tiles_cotillion_bg1_tile_22_2","p":0,"q":-52,"w":96,"x":515,"y":966
},{
"h":43,"n":"tiles_cotillion_bg1_tile_37_2","p":0,"q":0,"w":96,"x":612,"y":966
},{
"h":43,"n":"tiles_cotillion_bg1_tile_03_2","p":0,"q":-53,"w":96,"x":709,"y":966
},{
"h":45,"n":"tiles_cotillion_bg1_tile_01_2","p":0,"q":-51,"w":91,"x":806,"y":966
},{
"h":45,"n":"tiles_cotillion_bg1_tile_02_1","p":0,"q":-51,"w":90,"x":903,"y":966
},{
"h":96,"n":"tiles_cotillion_tile_02_2","p":-8,"q":0,"w":34,"x":966,"y":1
},{
"h":96,"n":"tiles_cotillion_tile_00_2","p":-8,"q":0,"w":34,"x":966,"y":98
},{
"h":96,"n":"tiles_cotillion_tile_26_2","p":-55,"q":0,"w":33,"x":195,"y":772
},{
"h":42,"n":"tiles_cotillion_tile_08_4","p":-61,"q":-54,"w":35,"x":966,"y":195
},{
"h":81,"n":"tiles_cotillion_tile_06_5","p":-80,"q":-15,"w":16,"x":1001,"y":1
},{
"h":96,"n":"tiles_cotillion_tile_22_2","p":-65,"q":0,"w":13,"x":1001,"y":98
},{
"h":96,"n":"tiles_cotillion_tile_20_2","p":-19,"q":0,"w":13,"x":229,"y":772
},{
"h":19,"n":"tiles_cotillion_tile_10_12","p":-36,"q":-77,"w":60,"x":195,"y":869
},{
"h":30,"n":"tiles_cotillion_tile_14_1","p":-75,"q":-66,"w":21,"x":1002,"y":195
},{
"h":41,"n":"tiles_cotillion_tile_20_11","p":0,"q":-9,"w":9,"x":1015,"y":98
},{
"h":19,"n":"tiles_cotillion_tile_26_12","p":-79,"q":-77,"w":17,"x":966,"y":238
},{
"h":19,"n":"tiles_cotillion_tile_11_12","p":0,"q":-77,"w":15,"x":984,"y":238
}
],[
{
"h":256,"n":"tiles_cotillion_bgsky_13__2","p":0,"q":0,"w":256,"x":1,"y":1
},{
"h":256,"n":"tiles_cotillion_bgsky_13__1","p":0,"q":0,"w":256,"x":258,"y":1
},{
"h":256,"n":"tiles_cotillion_bgsky_13__0","p":0,"q":0,"w":256,"x":515,"y":1
},{
"h":256,"n":"tiles_cotillion_bgsky_12","p":0,"q":0,"w":256,"x":1,"y":258
},{
"h":256,"n":"tiles_cotillion_bgsky_11","p":0,"q":0,"w":256,"x":1,"y":515
},{
"h":256,"n":"tiles_cotillion_bgsky_10","p":0,"q":0,"w":256,"x":258,"y":258
},{
"h":256,"n":"tiles_cotillion_bgsky_1","p":0,"q":0,"w":256,"x":515,"y":258
},{
"h":409,"n":"scn_sprite_farol","p":36,"q":205,"w":71,"x":258,"y":515
},{
"h":96,"n":"tiles_cotillion_tile_30_6","p":0,"q":0,"w":96,"x":772,"y":1
},{
"h":96,"n":"tiles_cotillion_tile_30_4","p":0,"q":0,"w":96,"x":869,"y":1
},{
"h":96,"n":"tiles_cotillion_tile_30_3","p":0,"q":0,"w":96,"x":772,"y":98
},{
"h":96,"n":"tiles_cotillion_tile_30_2","p":0,"q":0,"w":96,"x":869,"y":98
},{
"h":96,"n":"tiles_cotillion_tile_30_11","p":0,"q":0,"w":96,"x":1,"y":772
},{
"h":96,"n":"tiles_cotillion_tile_30_0","p":0,"q":0,"w":96,"x":1,"y":869
},{
"h":96,"n":"tiles_cotillion_tile_29_6","p":0,"q":0,"w":96,"x":98,"y":772
},{
"h":96,"n":"tiles_cotillion_tile_29_3","p":0,"q":0,"w":96,"x":98,"y":869
},{
"h":96,"n":"tiles_cotillion_tile_29_12","p":0,"q":0,"w":96,"x":772,"y":258
},{
"h":96,"n":"tiles_cotillion_tile_29_11","p":0,"q":0,"w":96,"x":869,"y":258
},{
"h":96,"n":"tiles_cotillion_tile_29_1","p":0,"q":0,"w":96,"x":772,"y":355
},{
"h":96,"n":"tiles_cotillion_tile_29_0","p":0,"q":0,"w":96,"x":869,"y":355
},{
"h":96,"n":"tiles_cotillion_tile_28_6","p":0,"q":0,"w":96,"x":330,"y":515
},{
"h":96,"n":"tiles_cotillion_tile_28_2","p":0,"q":0,"w":96,"x":330,"y":612
},{
"h":96,"n":"tiles_cotillion_tile_28_12","p":0,"q":0,"w":96,"x":330,"y":709
},{
"h":96,"n":"tiles_cotillion_tile_28_11","p":0,"q":0,"w":96,"x":330,"y":806
},{
"h":96,"n":"tiles_cotillion_tile_28_1","p":0,"q":0,"w":96,"x":330,"y":903
},{
"h":96,"n":"tiles_cotillion_tile_28_0","p":0,"q":0,"w":96,"x":427,"y":515
},{
"h":96,"n":"tiles_cotillion_tile_27_6","p":0,"q":0,"w":96,"x":427,"y":612
},{
"h":96,"n":"tiles_cotillion_tile_27_5","p":0,"q":0,"w":96,"x":427,"y":709
},{
"h":96,"n":"tiles_cotillion_tile_27_4","p":0,"q":0,"w":96,"x":427,"y":806
},{
"h":96,"n":"tiles_cotillion_tile_27_11","p":0,"q":0,"w":96,"x":427,"y":903
},{
"h":96,"n":"tiles_cotillion_tile_27_1","p":0,"q":0,"w":96,"x":524,"y":515
},{
"h":96,"n":"tiles_cotillion_tile_27_0","p":0,"q":0,"w":96,"x":621,"y":515
},{
"h":96,"n":"tiles_cotillion_tile_26_6","p":0,"q":0,"w":96,"x":718,"y":515
},{
"h":96,"n":"tiles_cotillion_tile_26_5","p":0,"q":0,"w":96,"x":815,"y":515
},{
"h":96,"n":"tiles_cotillion_tile_26_4","p":0,"q":0,"w":96,"x":912,"y":515
},{
"h":96,"n":"tiles_cotillion_tile_26_11","p":0,"q":0,"w":96,"x":524,"y":612
},{
"h":96,"n":"tiles_cotillion_tile_26_1","p":0,"q":0,"w":96,"x":524,"y":709
},{
"h":96,"n":"tiles_cotillion_tile_25_5","p":0,"q":0,"w":96,"x":524,"y":806
},{
"h":96,"n":"tiles_cotillion_tile_25_4","p":0,"q":0,"w":96,"x":524,"y":903
},{
"h":96,"n":"tiles_cotillion_tile_25_12","p":0,"q":0,"w":96,"x":621,"y":612
},{
"h":96,"n":"tiles_cotillion_tile_25_11","p":0,"q":0,"w":96,"x":718,"y":612
},{
"h":96,"n":"tiles_cotillion_tile_24_5","p":0,"q":0,"w":96,"x":815,"y":612
},{
"h":96,"n":"tiles_cotillion_tile_24_3","p":0,"q":0,"w":96,"x":912,"y":612
},{
"h":96,"n":"tiles_cotillion_tile_24_12","p":0,"q":0,"w":96,"x":621,"y":709
},{
"h":96,"n":"tiles_cotillion_tile_24_11","p":0,"q":0,"w":96,"x":621,"y":806
},{
"h":96,"n":"tiles_cotillion_tile_23_7","p":0,"q":0,"w":96,"x":621,"y":903
},{
"h":96,"n":"tiles_cotillion_tile_23_6","p":0,"q":0,"w":96,"x":718,"y":709
},{
"h":96,"n":"tiles_cotillion_tile_23_5","p":0,"q":0,"w":96,"x":815,"y":709
},{
"h":96,"n":"tiles_cotillion_tile_23_4","p":0,"q":0,"w":96,"x":912,"y":709
},{
"h":96,"n":"tiles_cotillion_tile_23_11","p":0,"q":0,"w":96,"x":718,"y":806
},{
"h":96,"n":"tiles_cotillion_tile_23_10","p":0,"q":0,"w":96,"x":718,"y":903
},{
"h":96,"n":"tiles_cotillion_tile_23_1","p":0,"q":0,"w":96,"x":815,"y":806
},{
"h":96,"n":"tiles_cotillion_tile_23_0","p":0,"q":0,"w":96,"x":912,"y":806
},{
"h":96,"n":"tiles_cotillion_tile_22_7","p":0,"q":0,"w":96,"x":815,"y":903
},{
"h":96,"n":"tiles_cotillion_tile_22_6","p":0,"q":0,"w":96,"x":912,"y":903
},{
"h":96,"n":"tiles_cotillion_tile_24_1","p":-25,"q":0,"w":71,"x":258,"y":925
},{
"h":45,"n":"tiles_cotillion_bg1_tile_02_0","p":0,"q":-51,"w":90,"x":772,"y":195
},{
"h":42,"n":"tiles_cotillion_bg1_tile_20_0","p":0,"q":-54,"w":96,"x":869,"y":195
},{
"h":42,"n":"tiles_cotillion_bg1_tile_19_0","p":0,"q":0,"w":96,"x":1,"y":966
},{
"h":42,"n":"tiles_cotillion_bg1_tile_17_0","p":0,"q":0,"w":96,"x":98,"y":966
},{
"h":42,"n":"tiles_cotillion_bg1_tile_16_2","p":0,"q":0,"w":96,"x":772,"y":452
},{
"h":40,"n":"tiles_cotillion_tile_25_3","p":0,"q":-56,"w":96,"x":869,"y":452
},{
"h":18,"n":"tiles_cotillion_tile_09_2","p":0,"q":-78,"w":96,"x":869,"y":238
},{
"h":18,"n":"tiles_cotillion_tile_08_2","p":-3,"q":-78,"w":93,"x":772,"y":495
},{
"h":18,"n":"tiles_cotillion_tile_10_2","p":0,"q":-78,"w":92,"x":869,"y":493
},{
"h":23,"n":"tiles_cotillion_tile_20_3","p":0,"q":-73,"w":67,"x":330,"y":1000
},{
"h":23,"n":"tiles_cotillion_tile_02_3","p":-33,"q":-73,"w":63,"x":427,"y":1000
}
],[
{
"h":96,"n":"tiles_cotillion_tile_22_5","p":0,"q":0,"w":96,"x":1,"y":1
},{
"h":96,"n":"tiles_cotillion_tile_22_4","p":0,"q":0,"w":96,"x":98,"y":1
},{
"h":96,"n":"tiles_cotillion_tile_22_11","p":0,"q":0,"w":96,"x":195,"y":1
},{
"h":96,"n":"tiles_cotillion_tile_22_1","p":0,"q":0,"w":96,"x":292,"y":1
},{
"h":96,"n":"tiles_cotillion_tile_21_7","p":0,"q":0,"w":96,"x":389,"y":1
},{
"h":96,"n":"tiles_cotillion_tile_21_6","p":0,"q":0,"w":96,"x":486,"y":1
},{
"h":96,"n":"tiles_cotillion_tile_21_5","p":0,"q":0,"w":96,"x":583,"y":1
},{
"h":96,"n":"tiles_cotillion_tile_21_12","p":0,"q":0,"w":96,"x":680,"y":1
},{
"h":96,"n":"tiles_cotillion_tile_21_11","p":0,"q":0,"w":96,"x":777,"y":1
},{
"h":96,"n":"tiles_cotillion_tile_20_7","p":0,"q":0,"w":96,"x":874,"y":1
},{
"h":96,"n":"tiles_cotillion_tile_20_6","p":0,"q":0,"w":96,"x":1,"y":98
},{
"h":96,"n":"tiles_cotillion_tile_20_5","p":0,"q":0,"w":96,"x":1,"y":195
},{
"h":96,"n":"tiles_cotillion_tile_20_12","p":0,"q":0,"w":96,"x":1,"y":292
},{
"h":96,"n":"tiles_cotillion_tile_19_7","p":0,"q":0,"w":96,"x":1,"y":389
},{
"h":96,"n":"tiles_cotillion_tile_19_5","p":0,"q":0,"w":96,"x":1,"y":486
},{
"h":96,"n":"tiles_cotillion_tile_19_11","p":0,"q":0,"w":96,"x":1,"y":583
},{
"h":96,"n":"tiles_cotillion_tile_19_10","p":0,"q":0,"w":96,"x":1,"y":680
},{
"h":96,"n":"tiles_cotillion_tile_19_0","p":0,"q":0,"w":96,"x":1,"y":777
},{
"h":96,"n":"tiles_cotillion_tile_18_7","p":0,"q":0,"w":96,"x":1,"y":874
},{
"h":96,"n":"tiles_cotillion_tile_18_5","p":0,"q":0,"w":96,"x":98,"y":98
},{
"h":96,"n":"tiles_cotillion_tile_18_4","p":0,"q":0,"w":96,"x":195,"y":98
},{
"h":96,"n":"tiles_cotillion_tile_18_3","p":0,"q":0,"w":96,"x":292,"y":98
},{
"h":96,"n":"tiles_cotillion_tile_18_11","p":0,"q":0,"w":96,"x":389,"y":98
},{
"h":96,"n":"tiles_cotillion_tile_17_7","p":0,"q":0,"w":96,"x":486,"y":98
},{
"h":96,"n":"tiles_cotillion_tile_17_6","p":0,"q":0,"w":96,"x":583,"y":98
},{
"h":96,"n":"tiles_cotillion_tile_17_5","p":0,"q":0,"w":96,"x":680,"y":98
},{
"h":96,"n":"tiles_cotillion_tile_17_4","p":0,"q":0,"w":96,"x":777,"y":98
},{
"h":96,"n":"tiles_cotillion_tile_17_3","p":0,"q":0,"w":96,"x":874,"y":98
},{
"h":96,"n":"tiles_cotillion_tile_17_11","p":0,"q":0,"w":96,"x":98,"y":195
},{
"h":96,"n":"tiles_cotillion_tile_16_7","p":0,"q":0,"w":96,"x":98,"y":292
},{
"h":96,"n":"tiles_cotillion_tile_16_6","p":0,"q":0,"w":96,"x":98,"y":389
},{
"h":96,"n":"tiles_cotillion_tile_16_5","p":0,"q":0,"w":96,"x":98,"y":486
},{
"h":96,"n":"tiles_cotillion_tile_16_3","p":0,"q":0,"w":96,"x":98,"y":583
},{
"h":96,"n":"tiles_cotillion_tile_16_12","p":0,"q":0,"w":96,"x":98,"y":680
},{
"h":96,"n":"tiles_cotillion_tile_15_7","p":0,"q":0,"w":96,"x":98,"y":777
},{
"h":96,"n":"tiles_cotillion_tile_15_6","p":0,"q":0,"w":96,"x":98,"y":874
},{
"h":96,"n":"tiles_cotillion_tile_15_5","p":0,"q":0,"w":96,"x":195,"y":195
},{
"h":96,"n":"tiles_cotillion_tile_15_4","p":0,"q":0,"w":96,"x":292,"y":195
},{
"h":96,"n":"tiles_cotillion_tile_15_3","p":0,"q":0,"w":96,"x":389,"y":195
},{
"h":96,"n":"tiles_cotillion_tile_15_2","p":0,"q":0,"w":96,"x":486,"y":195
},{
"h":96,"n":"tiles_cotillion_tile_15_11","p":0,"q":0,"w":96,"x":583,"y":195
},{
"h":96,"n":"tiles_cotillion_tile_15_0","p":0,"q":0,"w":96,"x":680,"y":195
},{
"h":96,"n":"tiles_cotillion_tile_14_7","p":0,"q":0,"w":96,"x":777,"y":195
},{
"h":96,"n":"tiles_cotillion_tile_14_6","p":0,"q":0,"w":96,"x":874,"y":195
},{
"h":96,"n":"tiles_cotillion_tile_14_11","p":0,"q":0,"w":96,"x":195,"y":292
},{
"h":96,"n":"tiles_cotillion_tile_13_7","p":0,"q":0,"w":96,"x":195,"y":389
},{
"h":96,"n":"tiles_cotillion_tile_13_6","p":0,"q":0,"w":96,"x":195,"y":486
},{
"h":96,"n":"tiles_cotillion_tile_13_3","p":0,"q":0,"w":96,"x":195,"y":583
},{
"h":96,"n":"tiles_cotillion_tile_13_2","p":0,"q":0,"w":96,"x":195,"y":680
},{
"h":96,"n":"tiles_cotillion_tile_13_11","p":0,"q":0,"w":96,"x":195,"y":777
},{
"h":96,"n":"tiles_cotillion_tile_12_7","p":0,"q":0,"w":96,"x":195,"y":874
},{
"h":96,"n":"tiles_cotillion_tile_12_6","p":0,"q":0,"w":96,"x":292,"y":292
},{
"h":96,"n":"tiles_cotillion_tile_12_5","p":0,"q":0,"w":96,"x":389,"y":292
},{
"h":96,"n":"tiles_cotillion_tile_12_4","p":0,"q":0,"w":96,"x":486,"y":292
},{
"h":96,"n":"tiles_cotillion_tile_12_3","p":0,"q":0,"w":96,"x":583,"y":292
},{
"h":96,"n":"tiles_cotillion_tile_12_2","p":0,"q":0,"w":96,"x":680,"y":292
},{
"h":96,"n":"tiles_cotillion_tile_12_12","p":0,"q":0,"w":96,"x":777,"y":292
},{
"h":96,"n":"tiles_cotillion_tile_12_11","p":0,"q":0,"w":96,"x":874,"y":292
},{
"h":96,"n":"tiles_cotillion_tile_11_7","p":0,"q":0,"w":96,"x":292,"y":389
},{
"h":96,"n":"tiles_cotillion_tile_11_6","p":0,"q":0,"w":96,"x":292,"y":486
},{
"h":96,"n":"tiles_cotillion_tile_11_5","p":0,"q":0,"w":96,"x":292,"y":583
},{
"h":96,"n":"tiles_cotillion_tile_11_3","p":0,"q":0,"w":96,"x":292,"y":680
},{
"h":96,"n":"tiles_cotillion_tile_11_2","p":0,"q":0,"w":96,"x":292,"y":777
},{
"h":96,"n":"tiles_cotillion_tile_11_11","p":0,"q":0,"w":96,"x":292,"y":874
},{
"h":96,"n":"tiles_cotillion_tile_11_10","p":0,"q":0,"w":96,"x":389,"y":389
},{
"h":96,"n":"tiles_cotillion_tile_10_7","p":0,"q":0,"w":96,"x":486,"y":389
},{
"h":96,"n":"tiles_cotillion_tile_10_6","p":0,"q":0,"w":96,"x":583,"y":389
},{
"h":96,"n":"tiles_cotillion_tile_10_11","p":0,"q":0,"w":96,"x":680,"y":389
},{
"h":96,"n":"tiles_cotillion_tile_10_1","p":0,"q":0,"w":96,"x":777,"y":389
},{
"h":96,"n":"tiles_cotillion_tile_10_0","p":0,"q":0,"w":96,"x":874,"y":389
},{
"h":96,"n":"tiles_cotillion_tile_09_7","p":0,"q":0,"w":96,"x":389,"y":486
},{
"h":96,"n":"tiles_cotillion_tile_09_6","p":0,"q":0,"w":96,"x":389,"y":583
},{
"h":96,"n":"tiles_cotillion_tile_09_3","p":0,"q":0,"w":96,"x":389,"y":680
},{
"h":96,"n":"tiles_cotillion_tile_09_11","p":0,"q":0,"w":96,"x":389,"y":777
},{
"h":96,"n":"tiles_cotillion_tile_09_1","p":0,"q":0,"w":96,"x":389,"y":874
},{
"h":96,"n":"tiles_cotillion_tile_08_7","p":0,"q":0,"w":96,"x":486,"y":486
},{
"h":96,"n":"tiles_cotillion_tile_08_6","p":0,"q":0,"w":96,"x":583,"y":486
},{
"h":96,"n":"tiles_cotillion_tile_08_5","p":0,"q":0,"w":96,"x":680,"y":486
},{
"h":96,"n":"tiles_cotillion_tile_08_3","p":0,"q":0,"w":96,"x":777,"y":486
},{
"h":96,"n":"tiles_cotillion_tile_08_11","p":0,"q":0,"w":96,"x":874,"y":486
},{
"h":96,"n":"tiles_cotillion_tile_08_1","p":0,"q":0,"w":96,"x":486,"y":583
},{
"h":96,"n":"tiles_cotillion_tile_07_7","p":0,"q":0,"w":96,"x":486,"y":680
},{
"h":96,"n":"tiles_cotillion_tile_07_6","p":0,"q":0,"w":96,"x":486,"y":777
},{
"h":96,"n":"tiles_cotillion_tile_07_3","p":0,"q":0,"w":96,"x":486,"y":874
},{
"h":96,"n":"tiles_cotillion_tile_07_12","p":0,"q":0,"w":96,"x":583,"y":583
},{
"h":96,"n":"tiles_cotillion_tile_07_11","p":0,"q":0,"w":96,"x":680,"y":583
},{
"h":96,"n":"tiles_cotillion_tile_07_10","p":0,"q":0,"w":96,"x":777,"y":583
},{
"h":96,"n":"tiles_cotillion_tile_07_1","p":0,"q":0,"w":96,"x":874,"y":583
},{
"h":96,"n":"tiles_cotillion_tile_06_7","p":0,"q":0,"w":96,"x":583,"y":680
},{
"h":96,"n":"tiles_cotillion_tile_06_3","p":0,"q":0,"w":96,"x":583,"y":777
},{
"h":96,"n":"tiles_cotillion_tile_06_12","p":0,"q":0,"w":96,"x":583,"y":874
},{
"h":96,"n":"tiles_cotillion_tile_06_11","p":0,"q":0,"w":96,"x":680,"y":680
},{
"h":96,"n":"tiles_cotillion_tile_06_1","p":0,"q":0,"w":96,"x":777,"y":680
},{
"h":96,"n":"tiles_cotillion_tile_06_0","p":0,"q":0,"w":96,"x":874,"y":680
},{
"h":96,"n":"tiles_cotillion_tile_05_7","p":0,"q":0,"w":96,"x":680,"y":777
},{
"h":96,"n":"tiles_cotillion_tile_05_6","p":0,"q":0,"w":96,"x":680,"y":874
},{
"h":96,"n":"tiles_cotillion_tile_05_5","p":0,"q":0,"w":96,"x":777,"y":777
},{
"h":96,"n":"tiles_cotillion_tile_05_1","p":0,"q":0,"w":96,"x":874,"y":777
},{
"h":96,"n":"tiles_cotillion_tile_04_7","p":0,"q":0,"w":96,"x":777,"y":874
},{
"h":96,"n":"tiles_cotillion_tile_04_6","p":0,"q":0,"w":96,"x":874,"y":874
},{
"h":40,"n":"tiles_cotillion_tile_05_3","p":0,"q":-56,"w":96,"x":1,"y":971
},{
"h":38,"n":"tiles_cotillion_bg1_tile_18_3","p":0,"q":-58,"w":96,"x":98,"y":971
},{
"h":38,"n":"tiles_cotillion_bg1_tile_04_3","p":0,"q":-58,"w":96,"x":195,"y":971
},{
"h":37,"n":"tiles_cotillion_tile_16_4","p":0,"q":0,"w":96,"x":292,"y":971
},{
"h":35,"n":"tiles_cotillion_bg1_tile_03_1","p":0,"q":-61,"w":96,"x":389,"y":971
},{
"h":35,"n":"tiles_cotillion_bg1_tile_03_0","p":0,"q":-61,"w":96,"x":486,"y":971
},{
"h":35,"n":"tiles_cotillion_bg1_tile_01_1","p":0,"q":-61,"w":96,"x":583,"y":971
},{
"h":35,"n":"tiles_cotillion_bg1_tile_01_0","p":0,"q":-61,"w":96,"x":680,"y":971
},{
"h":35,"n":"tiles_cotillion_bg1_tile_00_2","p":0,"q":-61,"w":96,"x":777,"y":971
},{
"h":34,"n":"tiles_cotillion_tile_05_12","p":0,"q":-62,"w":96,"x":874,"y":971
}
],[
{
"h":96,"n":"tiles_cotillion_tile_04_5","p":0,"q":0,"w":96,"x":1,"y":1
},{
"h":96,"n":"tiles_cotillion_tile_04_4","p":0,"q":0,"w":96,"x":98,"y":1
},{
"h":96,"n":"tiles_cotillion_tile_04_2","p":0,"q":0,"w":96,"x":195,"y":1
},{
"h":96,"n":"tiles_cotillion_tile_04_12","p":0,"q":0,"w":96,"x":292,"y":1
},{
"h":96,"n":"tiles_cotillion_tile_04_11","p":0,"q":0,"w":96,"x":389,"y":1
},{
"h":96,"n":"tiles_cotillion_tile_04_1","p":0,"q":0,"w":96,"x":486,"y":1
},{
"h":96,"n":"tiles_cotillion_tile_03_7","p":0,"q":0,"w":96,"x":583,"y":1
},{
"h":96,"n":"tiles_cotillion_tile_03_5","p":0,"q":0,"w":96,"x":680,"y":1
},{
"h":96,"n":"tiles_cotillion_tile_03_12","p":0,"q":0,"w":96,"x":777,"y":1
},{
"h":96,"n":"tiles_cotillion_tile_03_11","p":0,"q":0,"w":96,"x":874,"y":1
},{
"h":96,"n":"tiles_cotillion_tile_02_7","p":0,"q":0,"w":96,"x":1,"y":98
},{
"h":96,"n":"tiles_cotillion_tile_02_5","p":0,"q":0,"w":96,"x":1,"y":195
},{
"h":96,"n":"tiles_cotillion_tile_02_12","p":0,"q":0,"w":96,"x":1,"y":292
},{
"h":96,"n":"tiles_cotillion_tile_01_7","p":0,"q":0,"w":96,"x":1,"y":389
},{
"h":96,"n":"tiles_cotillion_tile_01_6","p":0,"q":0,"w":96,"x":1,"y":486
},{
"h":96,"n":"tiles_cotillion_tile_01_5","p":0,"q":0,"w":96,"x":1,"y":583
},{
"h":96,"n":"tiles_cotillion_tile_01_0","p":0,"q":0,"w":96,"x":1,"y":680
},{
"h":96,"n":"tiles_cotillion_tile_00_7","p":0,"q":0,"w":96,"x":1,"y":777
},{
"h":96,"n":"tiles_cotillion_tile_00_6","p":0,"q":0,"w":96,"x":1,"y":874
},{
"h":96,"n":"tiles_cotillion_tile_00_12","p":0,"q":0,"w":96,"x":98,"y":98
},{
"h":96,"n":"tiles_cotillion_bg1_tile_35_2","p":0,"q":0,"w":96,"x":195,"y":98
},{
"h":96,"n":"tiles_cotillion_bg1_tile_34_2","p":0,"q":0,"w":96,"x":292,"y":98
},{
"h":96,"n":"tiles_cotillion_bg1_tile_33_2","p":0,"q":0,"w":96,"x":389,"y":98
},{
"h":96,"n":"tiles_cotillion_bg1_tile_32_0","p":0,"q":0,"w":96,"x":486,"y":98
},{
"h":96,"n":"tiles_cotillion_bg1_tile_31_2","p":0,"q":0,"w":96,"x":583,"y":98
},{
"h":96,"n":"tiles_cotillion_bg1_tile_30_2","p":0,"q":0,"w":96,"x":680,"y":98
},{
"h":96,"n":"tiles_cotillion_bg1_tile_29_2","p":0,"q":0,"w":96,"x":777,"y":98
},{
"h":96,"n":"tiles_cotillion_bg1_tile_28_0","p":0,"q":0,"w":96,"x":874,"y":98
},{
"h":96,"n":"tiles_cotillion_bg1_tile_27_2","p":0,"q":0,"w":96,"x":98,"y":195
},{
"h":96,"n":"tiles_cotillion_bg1_tile_26_2","p":0,"q":0,"w":96,"x":98,"y":292
},{
"h":96,"n":"tiles_cotillion_bg1_tile_25_2","p":0,"q":0,"w":96,"x":98,"y":389
},{
"h":96,"n":"tiles_cotillion_bg1_tile_24_0","p":0,"q":0,"w":96,"x":98,"y":486
},{
"h":96,"n":"tiles_cotillion_bg1_tile_18_2","p":0,"q":0,"w":96,"x":98,"y":583
},{
"h":96,"n":"tiles_cotillion_bg1_tile_17_3","p":0,"q":0,"w":96,"x":98,"y":680
},{
"h":96,"n":"tiles_cotillion_bg1_tile_16_3","p":0,"q":0,"w":96,"x":98,"y":777
},{
"h":96,"n":"tiles_cotillion_bg1_tile_15_2","p":0,"q":0,"w":96,"x":98,"y":874
},{
"h":96,"n":"tiles_cotillion_bg1_tile_15_1","p":0,"q":0,"w":96,"x":195,"y":195
},{
"h":96,"n":"tiles_cotillion_bg1_tile_15_0","p":0,"q":0,"w":96,"x":292,"y":195
},{
"h":96,"n":"tiles_cotillion_bg1_tile_14_2","p":0,"q":0,"w":96,"x":389,"y":195
},{
"h":96,"n":"tiles_cotillion_bg1_tile_14_1","p":0,"q":0,"w":96,"x":486,"y":195
},{
"h":96,"n":"tiles_cotillion_bg1_tile_14_0","p":0,"q":0,"w":96,"x":583,"y":195
},{
"h":96,"n":"tiles_cotillion_bg1_tile_13_2","p":0,"q":0,"w":96,"x":680,"y":195
},{
"h":96,"n":"tiles_cotillion_bg1_tile_13_1","p":0,"q":0,"w":96,"x":777,"y":195
},{
"h":96,"n":"tiles_cotillion_bg1_tile_13_0","p":0,"q":0,"w":96,"x":874,"y":195
},{
"h":96,"n":"tiles_cotillion_bg1_tile_12_3","p":0,"q":0,"w":96,"x":195,"y":292
},{
"h":96,"n":"tiles_cotillion_bg1_tile_12_2","p":0,"q":0,"w":96,"x":195,"y":389
},{
"h":96,"n":"tiles_cotillion_bg1_tile_12_1","p":0,"q":0,"w":96,"x":195,"y":486
},{
"h":96,"n":"tiles_cotillion_bg1_tile_12_0","p":0,"q":0,"w":96,"x":195,"y":583
},{
"h":96,"n":"tiles_cotillion_bg1_tile_11_2","p":0,"q":0,"w":96,"x":195,"y":680
},{
"h":96,"n":"tiles_cotillion_bg1_tile_11_1","p":0,"q":0,"w":96,"x":195,"y":777
},{
"h":96,"n":"tiles_cotillion_bg1_tile_11_0","p":0,"q":0,"w":96,"x":195,"y":874
},{
"h":96,"n":"tiles_cotillion_bg1_tile_10_2","p":0,"q":0,"w":96,"x":292,"y":292
},{
"h":96,"n":"tiles_cotillion_bg1_tile_10_1","p":0,"q":0,"w":96,"x":389,"y":292
},{
"h":96,"n":"tiles_cotillion_bg1_tile_10_0","p":0,"q":0,"w":96,"x":486,"y":292
},{
"h":96,"n":"tiles_cotillion_bg1_tile_09_2","p":0,"q":0,"w":96,"x":583,"y":292
},{
"h":96,"n":"tiles_cotillion_bg1_tile_09_1","p":0,"q":0,"w":96,"x":680,"y":292
},{
"h":96,"n":"tiles_cotillion_bg1_tile_09_0","p":0,"q":0,"w":96,"x":777,"y":292
},{
"h":96,"n":"tiles_cotillion_bg1_tile_08_2","p":0,"q":0,"w":96,"x":874,"y":292
},{
"h":96,"n":"tiles_cotillion_bg1_tile_08_1","p":0,"q":0,"w":96,"x":292,"y":389
},{
"h":96,"n":"tiles_cotillion_bg1_tile_08_0","p":0,"q":0,"w":96,"x":292,"y":486
},{
"h":96,"n":"tiles_cotillion_bg1_tile_07_2","p":0,"q":0,"w":96,"x":292,"y":583
},{
"h":96,"n":"tiles_cotillion_bg1_tile_07_1","p":0,"q":0,"w":96,"x":292,"y":680
},{
"h":96,"n":"tiles_cotillion_bg1_tile_07_0","p":0,"q":0,"w":96,"x":292,"y":777
},{
"h":96,"n":"tiles_cotillion_bg1_tile_06_3","p":0,"q":0,"w":96,"x":292,"y":874
},{
"h":96,"n":"tiles_cotillion_bg1_tile_06_2","p":0,"q":0,"w":96,"x":389,"y":389
},{
"h":96,"n":"tiles_cotillion_bg1_tile_06_1","p":0,"q":0,"w":96,"x":486,"y":389
},{
"h":96,"n":"tiles_cotillion_bg1_tile_06_0","p":0,"q":0,"w":96,"x":583,"y":389
},{
"h":96,"n":"tiles_cotillion_bg1_tile_05_3","p":0,"q":0,"w":96,"x":680,"y":389
},{
"h":96,"n":"tiles_cotillion_bg1_tile_05_2","p":0,"q":0,"w":96,"x":777,"y":389
},{
"h":96,"n":"tiles_cotillion_bg1_tile_05_1","p":0,"q":0,"w":96,"x":874,"y":389
},{
"h":96,"n":"tiles_cotillion_bg1_tile_05_0","p":0,"q":0,"w":96,"x":389,"y":486
},{
"h":96,"n":"tiles_cotillion_bg1_tile_04_2","p":0,"q":0,"w":96,"x":389,"y":583
},{
"h":96,"n":"tiles_cotillion_bg1_tile_04_1","p":0,"q":0,"w":96,"x":389,"y":680
},{
"h":96,"n":"tiles_cotillion_bg1_tile_04_0","p":0,"q":0,"w":96,"x":389,"y":777
},{
"h":96,"n":"tiles_cotillion_bg1_tile_02_3","p":0,"q":0,"w":96,"x":389,"y":874
},{
"h":95,"n":"tiles_cotillion_tile_33_4","p":0,"q":0,"w":96,"x":486,"y":486
},{
"h":96,"n":"tiles_cotillion_bg1_tile_02_2","p":-1,"q":0,"w":95,"x":486,"y":582
},{
"h":96,"n":"tiles_cotillion_tile_14_2","p":0,"q":0,"w":94,"x":486,"y":679
},{
"h":96,"n":"tiles_cotillion_tile_17_12","p":0,"q":0,"w":93,"x":486,"y":776
},{
"h":96,"n":"tiles_cotillion_tile_17_1","p":0,"q":0,"w":92,"x":486,"y":873
},{
"h":96,"n":"tiles_cotillion_tile_16_1","p":-4,"q":0,"w":92,"x":582,"y":582
},{
"h":96,"n":"tiles_cotillion_tile_06_2","p":0,"q":0,"w":92,"x":582,"y":679
},{
"h":96,"n":"tiles_cotillion_tile_33_5","p":0,"q":0,"w":90,"x":582,"y":776
},{
"h":89,"n":"tiles_cotillion_tile_38_5","p":0,"q":-7,"w":96,"x":583,"y":486
},{
"h":89,"n":"tiles_cotillion_tile_37_4","p":0,"q":-7,"w":96,"x":680,"y":486
},{
"h":89,"n":"tiles_cotillion_tile_30_1","p":0,"q":-7,"w":96,"x":777,"y":486
},{
"h":89,"n":"tiles_cotillion_tile_29_2","p":0,"q":-7,"w":96,"x":874,"y":486
},{
"h":89,"n":"tiles_cotillion_tile_28_5","p":0,"q":-7,"w":96,"x":675,"y":582
},{
"h":89,"n":"tiles_cotillion_tile_26_0","p":0,"q":-7,"w":96,"x":772,"y":582
},{
"h":89,"n":"tiles_cotillion_tile_25_0","p":0,"q":-7,"w":96,"x":869,"y":582
},{
"h":89,"n":"tiles_cotillion_tile_24_4","p":0,"q":-7,"w":96,"x":675,"y":672
},{
"h":89,"n":"tiles_cotillion_tile_24_0","p":0,"q":-7,"w":96,"x":772,"y":672
},{
"h":89,"n":"tiles_cotillion_tile_19_1","p":0,"q":-7,"w":96,"x":869,"y":672
},{
"h":89,"n":"tiles_cotillion_tile_07_5","p":0,"q":-7,"w":96,"x":675,"y":762
},{
"h":89,"n":"tiles_cotillion_tile_07_2","p":0,"q":-7,"w":96,"x":675,"y":852
},{
"h":89,"n":"tiles_cotillion_tile_02_1","p":0,"q":-7,"w":96,"x":772,"y":762
},{
"h":89,"n":"tiles_cotillion_tile_01_1","p":0,"q":-7,"w":96,"x":869,"y":762
},{
"h":89,"n":"tiles_cotillion_tile_00_1","p":0,"q":-7,"w":96,"x":772,"y":852
},{
"h":89,"n":"tiles_cotillion_tile_00_0","p":0,"q":-7,"w":96,"x":869,"y":852
},{
"h":96,"n":"tiles_cotillion_tile_13_4","p":-11,"q":0,"w":85,"x":582,"y":873
},{
"h":82,"n":"tiles_cotillion_bg1_tile_26_3","p":0,"q":0,"w":96,"x":675,"y":942
},{
"h":82,"n":"tiles_cotillion_bg1_tile_25_3","p":0,"q":0,"w":96,"x":772,"y":942
},{
"h":82,"n":"tiles_cotillion_bg1_tile_24_3","p":0,"q":0,"w":96,"x":869,"y":942
},{
"h":34,"n":"tiles_cotillion_bg1_tile_21_2","p":-1,"q":-62,"w":95,"x":1,"y":971
},{
"h":38,"n":"tiles_cotillion_bg1_tile_13_3","p":0,"q":-58,"w":84,"x":98,"y":971
},{
"h":38,"n":"tiles_cotillion_bg1_tile_01_3","p":-12,"q":-58,"w":84,"x":195,"y":971
},{
"h":33,"n":"tiles_cotillion_bg1_tile_22_3","p":0,"q":0,"w":96,"x":292,"y":971
},{
"h":33,"n":"tiles_cotillion_bg1_tile_08_3","p":0,"q":0,"w":96,"x":389,"y":971
}
],[
{
"h":87,"n":"tiles_cotillion_tile_02_0","p":0,"q":-9,"w":96,"x":1,"y":1
},{
"h":85,"n":"tiles_cotillion_bg1_tile_19_2","p":0,"q":0,"w":96,"x":98,"y":1
},{
"h":96,"n":"tiles_cotillion_tile_05_11","p":-13,"q":0,"w":83,"x":1,"y":89
},{
"h":96,"n":"tiles_cotillion_tile_14_3","p":0,"q":0,"w":82,"x":1,"y":186
},{
"h":96,"n":"tiles_cotillion_tile_10_3","p":0,"q":0,"w":82,"x":1,"y":283
},{
"h":82,"n":"tiles_cotillion_bg1_tile_20_3","p":0,"q":0,"w":96,"x":195,"y":1
},{
"h":82,"n":"tiles_cotillion_bg1_tile_10_3","p":0,"q":0,"w":96,"x":292,"y":1
},{
"h":96,"n":"tiles_cotillion_tile_38_2","p":0,"q":0,"w":81,"x":1,"y":380
},{
"h":96,"n":"tiles_cotillion_tile_13_12","p":0,"q":0,"w":81,"x":85,"y":89
},{
"h":96,"n":"tiles_cotillion_tile_36_2","p":-17,"q":0,"w":79,"x":85,"y":186
},{
"h":96,"n":"tiles_cotillion_tile_32_3","p":-18,"q":0,"w":78,"x":85,"y":283
},{
"h":96,"n":"tiles_cotillion_tile_28_3","p":-18,"q":0,"w":78,"x":85,"y":380
},{
"h":96,"n":"tiles_cotillion_tile_01_11","p":-2,"q":0,"w":75,"x":167,"y":89
},{
"h":96,"n":"tiles_cotillion_tile_09_12","p":-20,"q":0,"w":74,"x":243,"y":89
},{
"h":74,"n":"tiles_cotillion_bg1_tile_17_2","p":0,"q":0,"w":96,"x":389,"y":1
},{
"h":96,"n":"tiles_cotillion_tile_25_1","p":0,"q":0,"w":72,"x":318,"y":89
},{
"h":96,"n":"tiles_cotillion_tile_21_1","p":0,"q":0,"w":72,"x":391,"y":89
},{
"h":96,"n":"tiles_cotillion_tile_20_1","p":-25,"q":0,"w":71,"x":167,"y":186
},{
"h":89,"n":"tiles_cotillion_tile_00_5","p":0,"q":-7,"w":74,"x":239,"y":186
},{
"h":67,"n":"tiles_cotillion_tile_18_12","p":0,"q":-29,"w":96,"x":314,"y":186
},{
"h":64,"n":"tiles_cotillion_tile_33_2","p":0,"q":-32,"w":96,"x":411,"y":186
},{
"h":64,"n":"tiles_cotillion_tile_32_2","p":0,"q":-32,"w":96,"x":239,"y":276
},{
"h":96,"n":"tiles_cotillion_tile_14_12","p":-33,"q":0,"w":63,"x":167,"y":283
},{
"h":64,"n":"tiles_cotillion_tile_34_2","p":0,"q":-32,"w":94,"x":239,"y":341
},{
"h":75,"n":"scn_sprite_ribbon1","p":32,"q":38,"w":64,"x":167,"y":380
},{
"h":70,"n":"tiles_cotillion_tile_22_12","p":0,"q":-26,"w":68,"x":239,"y":406
},{
"h":32,"n":"tiles_cotillion_tile_01_12","p":0,"q":-63,"w":96,"x":239,"y":477
},{
"h":6,"n":"","p":61,"q":3,"w":122,"x":336,"y":276
}
]
],"meta":{
"atlas":[
"world_level_07_image_0.png","world_level_07_image_1.png","world_level_07_image_2.png","world_level_07_image_3.png","world_level_07_image_4.png","world_level_07_image_5.png"
]
}
}
