{
"animations":[
{
"f":96,"l":[
{
"f":[
{
"c":0,"g":0,"h":0.5,"i":0,"k":8,"n":0,"p":4,"t":0,"u":0,"v":0,"w":0.5,"x":52.618,"y":-88.394
},{
"c":0,"g":-6.07,"h":0.5,"i":0,"k":8,"n":4,"p":10,"t":1,"u":0,"v":0,"w":0.5,"x":43.772,"y":-80.113
},{
"c":0,"g":-15.17,"h":0.5,"i":0,"k":8,"n":10,"p":28,"t":1,"u":0,"v":0,"w":0.5,"x":30.503,"y":-67.691
},{
"c":0,"g":22.12,"h":0.5,"i":0,"k":8,"n":28,"p":58,"t":1,"u":0,"v":0,"w":0.5,"x":-9.305,"y":-30.427
},{
"c":0,"g":-42.7,"h":0.5,"i":0,"k":8,"n":58,"p":95,"t":1,"u":0,"v":0,"w":0.5,"x":-75.652,"y":31.681
},{
"c":0,"g":0,"h":0.5,"i":0,"k":8,"n":95,"t":1,"u":0,"v":0,"w":0.5,"x":-165.449,"y":106.21
}
]
}
],"n":"ScnEnvLeaf2","r":30
},{
"f":96,"l":[
{
"f":[
{
"c":0,"g":0,"h":0.5,"i":0,"k":9,"n":0,"p":4,"t":0,"u":0,"v":0,"w":0.5,"x":215.652,"y":-195.497
},{
"c":0,"g":-6.07,"h":0.5,"i":0,"k":9,"n":4,"p":10,"t":1,"u":0,"v":0,"w":0.5,"x":197.96,"y":-178.935
},{
"c":0,"g":-15.17,"h":0.5,"i":0,"k":9,"n":10,"p":28,"t":1,"u":0,"v":0,"w":0.5,"x":171.42,"y":-154.091
},{
"c":0,"g":22.12,"h":0.5,"i":0,"k":9,"n":28,"p":58,"t":1,"u":0,"v":0,"w":0.5,"x":91.804,"y":-79.562
},{
"c":0,"g":-42.7,"h":0.5,"i":0,"k":9,"n":58,"p":95,"t":1,"u":0,"v":0,"w":0.5,"x":-40.889,"y":44.653
},{
"c":0,"g":0,"h":0.5,"i":0,"k":9,"n":95,"t":1,"u":0,"v":0,"w":0.5,"x":-220.483,"y":193.713
}
]
}
],"n":"ScnEnvLeaf1","r":30
},{
"f":209,"l":[
{
"f":[
{
"c":0,"g":0.83,"h":0.55,"i":1,"k":58,"n":0,"t":0,"u":0,"v":0,"w":-0.571,"x":350.067,"y":139.647
},{
"c":0,"g":0.83,"h":0.55,"i":1,"k":58,"n":58,"p":63,"t":1,"u":0,"v":0,"w":-0.571,"x":350.067,"y":139.647
},{
"c":0,"g":0.83,"h":0.55,"i":1,"k":58,"n":63,"p":69,"t":1,"u":0,"v":0,"w":-0.571,"x":350.067,"y":139.647
},{
"c":0,"g":0.83,"h":0.55,"i":1,"k":59,"n":69,"p":71,"t":1,"u":0,"v":0,"w":-0.571,"x":339.572,"y":133.151
},{
"c":0,"g":0.83,"h":0.55,"i":2,"k":88,"n":71,"p":73,"t":1,"u":0,"v":0,"w":-0.571,"x":329.077,"y":126.656
},{
"c":0,"g":0.83,"h":0.55,"i":2,"k":90,"n":73,"p":75,"t":1,"u":0,"v":0,"w":-0.571,"x":318.583,"y":120.161
},{
"c":0,"g":0.83,"h":0.55,"i":1,"k":61,"n":75,"p":77,"t":1,"u":0,"v":0,"w":-0.571,"x":308.087,"y":113.666
},{
"c":0,"g":0.83,"h":0.55,"i":2,"k":91,"n":77,"p":79,"t":1,"u":0,"v":0,"w":-0.571,"x":297.593,"y":107.17
},{
"c":0,"g":0.83,"h":0.55,"i":2,"k":89,"n":79,"p":81,"t":1,"u":0,"v":0,"w":-0.571,"x":287.098,"y":100.675
},{
"c":0,"g":0.83,"h":0.55,"i":1,"k":60,"n":81,"p":83,"t":1,"u":0,"v":0,"w":-0.571,"x":276.604,"y":94.18
},{
"c":0,"g":0.83,"h":0.55,"i":1,"k":58,"n":83,"p":85,"t":1,"u":0,"v":0,"w":-0.571,"x":266.108,"y":87.684
},{
"c":0,"g":0.83,"h":0.55,"i":1,"k":59,"n":85,"p":87,"t":1,"u":0,"v":0,"w":-0.571,"x":255.614,"y":81.187
},{
"c":0,"g":0.83,"h":0.55,"i":2,"k":88,"n":87,"p":92,"t":1,"u":0,"v":0,"w":-0.571,"x":245.12,"y":74.693
},{
"c":0,"g":0.83,"h":0.55,"i":2,"k":90,"n":92,"p":94,"t":1,"u":0,"v":0,"w":-0.571,"x":218.881,"y":58.456
},{
"c":0,"g":0.83,"h":0.55,"i":1,"k":61,"n":94,"p":96,"t":1,"u":0,"v":0,"w":-0.571,"x":206.699,"y":53.951
},{
"c":0,"g":0.83,"h":0.55,"i":2,"k":91,"n":96,"p":98,"t":1,"u":0,"v":0,"w":-0.571,"x":194.518,"y":49.446
},{
"c":0,"g":0.83,"h":0.55,"i":2,"k":89,"n":98,"p":100,"t":1,"u":0,"v":0,"w":-0.571,"x":182.336,"y":44.941
},{
"c":0,"g":0.83,"h":0.55,"i":1,"k":60,"n":100,"p":102,"t":1,"u":0,"v":0,"w":-0.571,"x":170.152,"y":40.435
},{
"c":0,"g":0.83,"h":0.55,"i":1,"k":60,"n":102,"p":113,"t":1,"u":0,"v":0,"w":-0.571,"x":157.971,"y":35.93
},{
"c":0,"g":0.83,"h":0.55,"i":1,"k":58,"n":113,"p":115,"t":1,"u":0,"v":0,"w":-0.571,"x":90.969,"y":11.153
},{
"c":0,"g":0.83,"h":0.55,"i":1,"k":58,"n":115,"p":117,"t":1,"u":0,"v":0,"w":-0.571,"x":78.787,"y":6.648
},{
"c":0,"g":0.83,"h":0.55,"i":1,"k":58,"n":117,"p":119,"t":1,"u":0,"v":0,"w":-0.571,"x":66.604,"y":2.143
},{
"c":0,"g":0.83,"h":0.55,"i":1,"k":59,"n":119,"p":121,"t":1,"u":0,"v":0,"w":-0.571,"x":54.421,"y":-2.361
},{
"c":0,"g":0.83,"h":0.55,"i":2,"k":88,"n":121,"p":123,"t":1,"u":0,"v":0,"w":-0.571,"x":42.24,"y":-6.866
},{
"c":0,"g":0.83,"h":0.55,"i":2,"k":90,"n":123,"p":125,"t":1,"u":0,"v":0,"w":-0.571,"x":30.058,"y":-11.372
},{
"c":0,"g":0.83,"h":0.55,"i":1,"k":61,"n":125,"p":127,"t":1,"u":0,"v":0,"w":-0.571,"x":17.875,"y":-15.877
},{
"c":0,"g":0.83,"h":0.55,"i":2,"k":91,"n":127,"p":129,"t":1,"u":0,"v":0,"w":-0.571,"x":5.693,"y":-20.382
},{
"c":0,"g":0.83,"h":0.55,"i":2,"k":89,"n":129,"p":131,"t":1,"u":0,"v":0,"w":-0.571,"x":-6.487,"y":-24.886
},{
"c":0,"g":0.83,"h":0.55,"i":1,"k":60,"n":131,"p":133,"t":1,"u":0,"v":0,"w":-0.571,"x":-18.67,"y":-29.392
},{
"c":0,"g":0.83,"h":0.55,"i":1,"k":58,"n":133,"p":135,"t":1,"u":0,"v":0,"w":-0.571,"x":-30.853,"y":-33.897
},{
"c":0,"g":0.83,"h":0.55,"i":1,"k":59,"n":135,"p":137,"t":1,"u":0,"v":0,"w":-0.571,"x":-43.035,"y":-38.402
},{
"c":0,"g":0.83,"h":0.55,"i":2,"k":88,"n":137,"p":139,"t":1,"u":0,"v":0,"w":-0.571,"x":-55.217,"y":-42.907
},{
"c":0,"g":0.83,"h":0.55,"i":2,"k":90,"n":139,"p":141,"t":1,"u":0,"v":0,"w":-0.571,"x":-67.399,"y":-47.412
},{
"c":0,"g":0.83,"h":0.55,"i":1,"k":61,"n":141,"p":143,"t":1,"u":0,"v":0,"w":-0.571,"x":-79.581,"y":-51.916
},{
"c":0,"g":0.83,"h":0.55,"i":2,"k":91,"n":143,"p":145,"t":1,"u":0,"v":0,"w":-0.571,"x":-91.763,"y":-56.421
},{
"c":0,"g":0.83,"h":0.55,"i":2,"k":89,"n":145,"p":147,"t":1,"u":0,"v":0,"w":-0.571,"x":-103.946,"y":-60.927
},{
"c":0,"g":0.83,"h":0.55,"i":1,"k":60,"n":147,"p":149,"t":1,"u":0,"v":0,"w":-0.571,"x":-116.128,"y":-65.432
},{
"c":0,"g":0.83,"h":0.55,"i":1,"k":58,"n":149,"p":151,"t":1,"u":0,"v":0,"w":-0.571,"x":-124.935,"y":-69.013
},{
"c":0,"g":0.83,"h":0.55,"i":1,"k":59,"n":151,"p":153,"t":1,"u":0,"v":0,"w":-0.571,"x":-133.742,"y":-72.592
},{
"c":0,"g":0.83,"h":0.55,"i":2,"k":88,"n":153,"p":155,"t":1,"u":0,"v":0,"w":-0.571,"x":-142.548,"y":-76.174
},{
"c":0,"g":0.83,"h":0.55,"i":2,"k":90,"n":155,"p":157,"t":1,"u":0,"v":0,"w":-0.571,"x":-151.355,"y":-79.755
},{
"c":0,"g":0.83,"h":0.55,"i":1,"k":61,"n":157,"p":159,"t":1,"u":0,"v":0,"w":-0.571,"x":-160.161,"y":-83.334
},{
"c":0,"g":0.83,"h":0.55,"i":2,"k":91,"n":159,"p":161,"t":1,"u":0,"v":0,"w":-0.571,"x":-168.968,"y":-86.916
},{
"c":0,"g":0.83,"h":0.55,"i":2,"k":89,"n":161,"p":164,"t":1,"u":0,"v":0,"w":-0.571,"x":-177.774,"y":-90.496
},{
"c":0,"g":0.83,"h":0.55,"i":1,"k":60,"n":164,"p":166,"t":1,"u":0,"v":0,"w":-0.571,"x":-190.984,"y":-95.867
},{
"c":0,"g":0.83,"h":0.55,"i":1,"k":58,"n":166,"p":168,"t":1,"u":0,"v":0,"w":-0.571,"x":-199.791,"y":-99.447
},{
"c":0,"g":0.83,"h":0.55,"i":1,"k":59,"n":168,"p":181,"t":1,"u":0,"v":0,"w":-0.571,"x":-208.597,"y":-103.029
},{
"c":0,"g":0.83,"h":0.55,"i":2,"k":88,"n":181,"p":183,"t":1,"u":0,"v":0,"w":-0.571,"x":-265.84,"y":-126.303
},{
"c":0,"g":0.83,"h":0.55,"i":2,"k":90,"n":183,"p":185,"t":1,"u":0,"v":0,"w":-0.571,"x":-274.647,"y":-129.882
},{
"c":0,"g":0.83,"h":0.55,"i":1,"k":61,"n":185,"p":187,"t":1,"u":0,"v":0,"w":-0.571,"x":-283.454,"y":-133.464
},{
"c":0,"g":0.83,"h":0.55,"i":2,"k":91,"n":187,"p":189,"t":1,"u":0,"v":0,"w":-0.571,"x":-292.26,"y":-137.045
},{
"c":0,"g":0.83,"h":0.55,"i":2,"k":89,"n":189,"p":195,"t":1,"u":0,"v":0,"w":-0.571,"x":-301.067,"y":-140.626
},{
"c":0,"g":0.83,"h":0.55,"i":1,"k":60,"n":195,"p":198,"t":1,"u":0,"v":0,"w":-0.571,"x":-327.487,"y":-151.368
},{
"c":0,"g":0.83,"h":0.55,"i":1,"k":60,"n":198,"t":0,"u":0,"v":0,"w":-0.571,"x":-327.487,"y":-151.368
}
]
}
],"n":"ScnEnvBird2","r":30
},{
"f":216,"l":[
{
"f":[
{
"c":0,"g":-7.3,"h":0.55,"i":1,"k":58,"n":0,"p":69,"t":0,"u":0,"v":0,"w":-0.571,"x":355.659,"y":156.089
},{
"c":0,"g":-7.3,"h":0.55,"i":1,"k":58,"n":69,"p":72,"t":0,"u":0,"v":0,"w":-0.571,"x":355.659,"y":156.089
},{
"c":0,"g":-7.3,"h":0.55,"i":1,"k":58,"n":72,"p":83,"t":1,"u":0,"v":0,"w":-0.571,"x":355.659,"y":156.089
},{
"c":0,"g":-7.3,"h":0.55,"i":1,"k":58,"n":83,"p":89,"t":1,"u":0,"v":0,"w":-0.571,"x":355.659,"y":156.089
},{
"c":0,"g":-7.3,"h":0.55,"i":1,"k":59,"n":89,"p":91,"t":1,"u":0,"v":0,"w":-0.571,"x":344.352,"y":151.142
},{
"c":0,"g":-7.3,"h":0.55,"i":2,"k":88,"n":91,"p":93,"t":1,"u":0,"v":0,"w":-0.571,"x":333.045,"y":146.196
},{
"c":0,"g":-7.3,"h":0.55,"i":2,"k":90,"n":93,"p":95,"t":1,"u":0,"v":0,"w":-0.571,"x":321.738,"y":141.247
},{
"c":0,"g":-7.3,"h":0.55,"i":1,"k":61,"n":95,"p":97,"t":1,"u":0,"v":0,"w":-0.571,"x":310.43,"y":136.3
},{
"c":0,"g":-7.3,"h":0.55,"i":2,"k":91,"n":97,"p":99,"t":1,"u":0,"v":0,"w":-0.571,"x":299.123,"y":131.354
},{
"c":0,"g":-7.3,"h":0.55,"i":2,"k":89,"n":99,"p":101,"t":1,"u":0,"v":0,"w":-0.571,"x":287.815,"y":126.406
},{
"c":0,"g":-7.3,"h":0.55,"i":1,"k":60,"n":101,"p":103,"t":1,"u":0,"v":0,"w":-0.571,"x":276.509,"y":121.459
},{
"c":0,"g":-7.3,"h":0.55,"i":1,"k":58,"n":103,"p":105,"t":1,"u":0,"v":0,"w":-0.571,"x":265.201,"y":116.511
},{
"c":0,"g":-7.3,"h":0.55,"i":1,"k":59,"n":105,"p":107,"t":1,"u":0,"v":0,"w":-0.571,"x":253.894,"y":111.564
},{
"c":0,"g":-7.3,"h":0.55,"i":2,"k":88,"n":107,"p":112,"t":1,"u":0,"v":0,"w":-0.571,"x":242.587,"y":106.617
},{
"c":0,"g":-7.3,"h":0.55,"i":2,"k":90,"n":112,"p":114,"t":1,"u":0,"v":0,"w":-0.571,"x":214.319,"y":94.25
},{
"c":0,"g":-7.3,"h":0.55,"i":1,"k":61,"n":114,"p":116,"t":1,"u":0,"v":0,"w":-0.571,"x":201.622,"y":91.511
},{
"c":0,"g":-7.3,"h":0.55,"i":2,"k":91,"n":116,"p":118,"t":1,"u":0,"v":0,"w":-0.571,"x":188.925,"y":88.773
},{
"c":0,"g":-7.3,"h":0.55,"i":2,"k":89,"n":118,"p":120,"t":1,"u":0,"v":0,"w":-0.571,"x":176.229,"y":86.034
},{
"c":0,"g":-7.3,"h":0.55,"i":1,"k":60,"n":120,"p":122,"t":1,"u":0,"v":0,"w":-0.571,"x":163.533,"y":83.296
},{
"c":0,"g":-7.3,"h":0.55,"i":1,"k":60,"n":122,"p":133,"t":1,"u":0,"v":0,"w":-0.571,"x":150.836,"y":80.558
},{
"c":0,"g":-7.3,"h":0.55,"i":1,"k":58,"n":133,"p":135,"t":1,"u":0,"v":0,"w":-0.571,"x":81.004,"y":65.496
},{
"c":0,"g":-7.3,"h":0.55,"i":1,"k":58,"n":135,"p":137,"t":1,"u":0,"v":0,"w":-0.571,"x":68.308,"y":62.758
},{
"c":0,"g":-7.3,"h":0.55,"i":1,"k":58,"n":137,"p":139,"t":1,"u":0,"v":0,"w":-0.571,"x":55.611,"y":60.02
},{
"c":0,"g":-7.3,"h":0.55,"i":1,"k":59,"n":139,"p":141,"t":1,"u":0,"v":0,"w":-0.571,"x":42.915,"y":57.281
},{
"c":0,"g":-7.3,"h":0.55,"i":2,"k":88,"n":141,"p":143,"t":1,"u":0,"v":0,"w":-0.571,"x":30.218,"y":54.543
},{
"c":0,"g":-7.3,"h":0.55,"i":2,"k":90,"n":143,"p":145,"t":1,"u":0,"v":0,"w":-0.571,"x":17.521,"y":51.805
},{
"c":0,"g":-7.3,"h":0.55,"i":1,"k":61,"n":145,"p":147,"t":1,"u":0,"v":0,"w":-0.571,"x":4.826,"y":49.066
},{
"c":0,"g":-7.3,"h":0.55,"i":2,"k":91,"n":147,"p":149,"t":1,"u":0,"v":0,"w":-0.571,"x":-7.869,"y":46.328
},{
"c":0,"g":-7.3,"h":0.55,"i":2,"k":89,"n":149,"p":151,"t":1,"u":0,"v":0,"w":-0.571,"x":-20.567,"y":43.589
},{
"c":0,"g":-7.3,"h":0.55,"i":1,"k":60,"n":151,"p":153,"t":1,"u":0,"v":0,"w":-0.571,"x":-33.262,"y":40.851
},{
"c":0,"g":-7.3,"h":0.55,"i":1,"k":58,"n":153,"p":155,"t":1,"u":0,"v":0,"w":-0.571,"x":-45.959,"y":38.113
},{
"c":0,"g":-7.3,"h":0.55,"i":1,"k":59,"n":155,"p":157,"t":1,"u":0,"v":0,"w":-0.571,"x":-58.655,"y":35.374
},{
"c":0,"g":-7.3,"h":0.55,"i":2,"k":88,"n":157,"p":159,"t":1,"u":0,"v":0,"w":-0.571,"x":-71.352,"y":32.637
},{
"c":0,"g":-7.3,"h":0.55,"i":2,"k":90,"n":159,"p":161,"t":1,"u":0,"v":0,"w":-0.571,"x":-84.049,"y":29.897
},{
"c":0,"g":-7.3,"h":0.55,"i":1,"k":61,"n":161,"p":163,"t":1,"u":0,"v":0,"w":-0.571,"x":-96.745,"y":27.159
},{
"c":0,"g":-7.3,"h":0.55,"i":2,"k":91,"n":163,"p":165,"t":1,"u":0,"v":0,"w":-0.571,"x":-109.442,"y":24.421
},{
"c":0,"g":-7.3,"h":0.55,"i":2,"k":89,"n":165,"p":167,"t":1,"u":0,"v":0,"w":-0.571,"x":-122.138,"y":21.682
},{
"c":0,"g":-7.3,"h":0.55,"i":1,"k":60,"n":167,"p":169,"t":1,"u":0,"v":0,"w":-0.571,"x":-134.835,"y":18.944
},{
"c":0,"g":-7.3,"h":0.55,"i":1,"k":58,"n":169,"p":171,"t":1,"u":0,"v":0,"w":-0.571,"x":-144.059,"y":16.643
},{
"c":0,"g":-7.3,"h":0.55,"i":1,"k":59,"n":171,"p":173,"t":1,"u":0,"v":0,"w":-0.571,"x":-153.283,"y":14.343
},{
"c":0,"g":-7.3,"h":0.55,"i":2,"k":88,"n":173,"p":175,"t":1,"u":0,"v":0,"w":-0.571,"x":-162.508,"y":12.043
},{
"c":0,"g":-7.3,"h":0.55,"i":2,"k":90,"n":175,"p":177,"t":1,"u":0,"v":0,"w":-0.571,"x":-171.732,"y":9.744
},{
"c":0,"g":-7.3,"h":0.55,"i":1,"k":61,"n":177,"p":179,"t":1,"u":0,"v":0,"w":-0.571,"x":-180.956,"y":7.442
},{
"c":0,"g":-7.3,"h":0.55,"i":2,"k":91,"n":179,"p":181,"t":1,"u":0,"v":0,"w":-0.571,"x":-190.18,"y":5.142
},{
"c":0,"g":-7.3,"h":0.55,"i":2,"k":89,"n":181,"p":184,"t":1,"u":0,"v":0,"w":-0.571,"x":-199.404,"y":2.842
},{
"c":0,"g":-7.3,"h":0.55,"i":1,"k":60,"n":184,"p":186,"t":1,"u":0,"v":0,"w":-0.571,"x":-213.241,"y":-0.607
},{
"c":0,"g":-7.3,"h":0.55,"i":1,"k":58,"n":186,"p":188,"t":1,"u":0,"v":0,"w":-0.571,"x":-222.465,"y":-2.906
},{
"c":0,"g":-7.3,"h":0.55,"i":1,"k":59,"n":188,"p":201,"t":1,"u":0,"v":0,"w":-0.571,"x":-231.689,"y":-5.208
},{
"c":0,"g":-7.3,"h":0.55,"i":2,"k":88,"n":201,"p":203,"t":1,"u":0,"v":0,"w":-0.571,"x":-291.646,"y":-20.158
},{
"c":0,"g":-7.3,"h":0.55,"i":2,"k":90,"n":203,"p":205,"t":1,"u":0,"v":0,"w":-0.571,"x":-300.87,"y":-22.46
},{
"c":0,"g":-7.3,"h":0.55,"i":1,"k":61,"n":205,"p":207,"t":1,"u":0,"v":0,"w":-0.571,"x":-310.095,"y":-24.759
},{
"c":0,"g":-7.3,"h":0.55,"i":2,"k":91,"n":207,"p":209,"t":1,"u":0,"v":0,"w":-0.571,"x":-319.319,"y":-27.059
},{
"c":0,"g":-7.3,"h":0.55,"i":2,"k":89,"n":209,"p":215,"t":0,"u":0,"v":0,"w":-0.571,"x":-328.544,"y":-29.36
},{
"c":0,"g":-7.3,"h":0.55,"i":1,"k":60,"n":215,"t":0,"u":0,"v":0,"w":-0.571,"x":-356.216,"y":-36.261
}
]
},{
"f":[
{
"c":0,"g":0.83,"h":0.55,"i":1,"k":58,"n":0,"p":69,"t":0,"u":0,"v":0,"w":-0.571,"x":350.067,"y":139.647
},{
"c":0,"g":0.83,"h":0.55,"i":1,"k":58,"n":69,"p":74,"t":1,"u":0,"v":0,"w":-0.571,"x":350.067,"y":139.647
},{
"c":0,"g":0.83,"h":0.55,"i":1,"k":58,"n":74,"p":80,"t":1,"u":0,"v":0,"w":-0.571,"x":350.067,"y":139.647
},{
"c":0,"g":0.83,"h":0.55,"i":1,"k":59,"n":80,"p":82,"t":1,"u":0,"v":0,"w":-0.571,"x":339.572,"y":133.151
},{
"c":0,"g":0.83,"h":0.55,"i":2,"k":88,"n":82,"p":84,"t":1,"u":0,"v":0,"w":-0.571,"x":329.077,"y":126.656
},{
"c":0,"g":0.83,"h":0.55,"i":2,"k":90,"n":84,"p":86,"t":1,"u":0,"v":0,"w":-0.571,"x":318.583,"y":120.161
},{
"c":0,"g":0.83,"h":0.55,"i":1,"k":61,"n":86,"p":88,"t":1,"u":0,"v":0,"w":-0.571,"x":308.087,"y":113.666
},{
"c":0,"g":0.83,"h":0.55,"i":2,"k":91,"n":88,"p":90,"t":1,"u":0,"v":0,"w":-0.571,"x":297.593,"y":107.17
},{
"c":0,"g":0.83,"h":0.55,"i":2,"k":89,"n":90,"p":92,"t":1,"u":0,"v":0,"w":-0.571,"x":287.098,"y":100.675
},{
"c":0,"g":0.83,"h":0.55,"i":1,"k":60,"n":92,"p":94,"t":1,"u":0,"v":0,"w":-0.571,"x":276.604,"y":94.18
},{
"c":0,"g":0.83,"h":0.55,"i":1,"k":58,"n":94,"p":96,"t":1,"u":0,"v":0,"w":-0.571,"x":266.108,"y":87.684
},{
"c":0,"g":0.83,"h":0.55,"i":1,"k":59,"n":96,"p":98,"t":1,"u":0,"v":0,"w":-0.571,"x":255.614,"y":81.187
},{
"c":0,"g":0.83,"h":0.55,"i":2,"k":88,"n":98,"p":103,"t":1,"u":0,"v":0,"w":-0.571,"x":245.12,"y":74.693
},{
"c":0,"g":0.83,"h":0.55,"i":2,"k":90,"n":103,"p":105,"t":1,"u":0,"v":0,"w":-0.571,"x":218.881,"y":58.456
},{
"c":0,"g":0.83,"h":0.55,"i":1,"k":61,"n":105,"p":107,"t":1,"u":0,"v":0,"w":-0.571,"x":206.699,"y":53.951
},{
"c":0,"g":0.83,"h":0.55,"i":2,"k":91,"n":107,"p":109,"t":1,"u":0,"v":0,"w":-0.571,"x":194.518,"y":49.446
},{
"c":0,"g":0.83,"h":0.55,"i":2,"k":89,"n":109,"p":111,"t":1,"u":0,"v":0,"w":-0.571,"x":182.336,"y":44.941
},{
"c":0,"g":0.83,"h":0.55,"i":1,"k":60,"n":111,"p":113,"t":1,"u":0,"v":0,"w":-0.571,"x":170.152,"y":40.435
},{
"c":0,"g":0.83,"h":0.55,"i":1,"k":60,"n":113,"p":124,"t":1,"u":0,"v":0,"w":-0.571,"x":157.971,"y":35.93
},{
"c":0,"g":0.83,"h":0.55,"i":1,"k":58,"n":124,"p":126,"t":1,"u":0,"v":0,"w":-0.571,"x":90.969,"y":11.153
},{
"c":0,"g":0.83,"h":0.55,"i":1,"k":58,"n":126,"p":128,"t":1,"u":0,"v":0,"w":-0.571,"x":78.787,"y":6.648
},{
"c":0,"g":0.83,"h":0.55,"i":1,"k":58,"n":128,"p":130,"t":1,"u":0,"v":0,"w":-0.571,"x":66.604,"y":2.143
},{
"c":0,"g":0.83,"h":0.55,"i":1,"k":59,"n":130,"p":132,"t":1,"u":0,"v":0,"w":-0.571,"x":54.421,"y":-2.361
},{
"c":0,"g":0.83,"h":0.55,"i":2,"k":88,"n":132,"p":134,"t":1,"u":0,"v":0,"w":-0.571,"x":42.24,"y":-6.866
},{
"c":0,"g":0.83,"h":0.55,"i":2,"k":90,"n":134,"p":136,"t":1,"u":0,"v":0,"w":-0.571,"x":30.058,"y":-11.372
},{
"c":0,"g":0.83,"h":0.55,"i":1,"k":61,"n":136,"p":138,"t":1,"u":0,"v":0,"w":-0.571,"x":17.875,"y":-15.877
},{
"c":0,"g":0.83,"h":0.55,"i":2,"k":91,"n":138,"p":140,"t":1,"u":0,"v":0,"w":-0.571,"x":5.693,"y":-20.382
},{
"c":0,"g":0.83,"h":0.55,"i":2,"k":89,"n":140,"p":142,"t":1,"u":0,"v":0,"w":-0.571,"x":-6.487,"y":-24.886
},{
"c":0,"g":0.83,"h":0.55,"i":1,"k":60,"n":142,"p":144,"t":1,"u":0,"v":0,"w":-0.571,"x":-18.67,"y":-29.392
},{
"c":0,"g":0.83,"h":0.55,"i":1,"k":58,"n":144,"p":146,"t":1,"u":0,"v":0,"w":-0.571,"x":-30.853,"y":-33.897
},{
"c":0,"g":0.83,"h":0.55,"i":1,"k":59,"n":146,"p":148,"t":1,"u":0,"v":0,"w":-0.571,"x":-43.035,"y":-38.402
},{
"c":0,"g":0.83,"h":0.55,"i":2,"k":88,"n":148,"p":150,"t":1,"u":0,"v":0,"w":-0.571,"x":-55.217,"y":-42.907
},{
"c":0,"g":0.83,"h":0.55,"i":2,"k":90,"n":150,"p":152,"t":1,"u":0,"v":0,"w":-0.571,"x":-67.399,"y":-47.412
},{
"c":0,"g":0.83,"h":0.55,"i":1,"k":61,"n":152,"p":154,"t":1,"u":0,"v":0,"w":-0.571,"x":-79.581,"y":-51.916
},{
"c":0,"g":0.83,"h":0.55,"i":2,"k":91,"n":154,"p":156,"t":1,"u":0,"v":0,"w":-0.571,"x":-91.763,"y":-56.421
},{
"c":0,"g":0.83,"h":0.55,"i":2,"k":89,"n":156,"p":158,"t":1,"u":0,"v":0,"w":-0.571,"x":-103.946,"y":-60.927
},{
"c":0,"g":0.83,"h":0.55,"i":1,"k":60,"n":158,"p":160,"t":1,"u":0,"v":0,"w":-0.571,"x":-116.128,"y":-65.432
},{
"c":0,"g":0.83,"h":0.55,"i":1,"k":58,"n":160,"p":162,"t":1,"u":0,"v":0,"w":-0.571,"x":-124.935,"y":-69.013
},{
"c":0,"g":0.83,"h":0.55,"i":1,"k":59,"n":162,"p":164,"t":1,"u":0,"v":0,"w":-0.571,"x":-133.742,"y":-72.592
},{
"c":0,"g":0.83,"h":0.55,"i":2,"k":88,"n":164,"p":166,"t":1,"u":0,"v":0,"w":-0.571,"x":-142.548,"y":-76.174
},{
"c":0,"g":0.83,"h":0.55,"i":2,"k":90,"n":166,"p":168,"t":1,"u":0,"v":0,"w":-0.571,"x":-151.355,"y":-79.755
},{
"c":0,"g":0.83,"h":0.55,"i":1,"k":61,"n":168,"p":170,"t":1,"u":0,"v":0,"w":-0.571,"x":-160.161,"y":-83.334
},{
"c":0,"g":0.83,"h":0.55,"i":2,"k":91,"n":170,"p":172,"t":1,"u":0,"v":0,"w":-0.571,"x":-168.968,"y":-86.916
},{
"c":0,"g":0.83,"h":0.55,"i":2,"k":89,"n":172,"p":175,"t":1,"u":0,"v":0,"w":-0.571,"x":-177.774,"y":-90.496
},{
"c":0,"g":0.83,"h":0.55,"i":1,"k":60,"n":175,"p":177,"t":1,"u":0,"v":0,"w":-0.571,"x":-190.984,"y":-95.867
},{
"c":0,"g":0.83,"h":0.55,"i":1,"k":58,"n":177,"p":179,"t":1,"u":0,"v":0,"w":-0.571,"x":-199.791,"y":-99.447
},{
"c":0,"g":0.83,"h":0.55,"i":1,"k":59,"n":179,"p":192,"t":1,"u":0,"v":0,"w":-0.571,"x":-208.597,"y":-103.029
},{
"c":0,"g":0.83,"h":0.55,"i":2,"k":88,"n":192,"p":194,"t":1,"u":0,"v":0,"w":-0.571,"x":-265.84,"y":-126.303
},{
"c":0,"g":0.83,"h":0.55,"i":2,"k":90,"n":194,"p":196,"t":1,"u":0,"v":0,"w":-0.571,"x":-274.647,"y":-129.882
},{
"c":0,"g":0.83,"h":0.55,"i":1,"k":61,"n":196,"p":198,"t":1,"u":0,"v":0,"w":-0.571,"x":-283.454,"y":-133.464
},{
"c":0,"g":0.83,"h":0.55,"i":2,"k":91,"n":198,"p":200,"t":1,"u":0,"v":0,"w":-0.571,"x":-292.26,"y":-137.045
},{
"c":0,"g":0.83,"h":0.55,"i":2,"k":89,"n":200,"p":206,"t":1,"u":0,"v":0,"w":-0.571,"x":-301.067,"y":-140.626
},{
"c":0,"g":0.83,"h":0.55,"i":1,"k":60,"n":206,"p":209,"t":1,"u":0,"v":0,"w":-0.571,"x":-327.487,"y":-151.368
},{
"c":0,"g":0.83,"h":0.55,"i":1,"k":60,"n":209,"t":0,"u":0,"v":0,"w":-0.571,"x":-327.487,"y":-151.368
}
]
}
],"n":"ScnEnvBird1","r":30
}
],"atlas":[
[
{
"h":499,"n":"ScnSprite_tree4","p":256,"q":250,"w":511,"x":1,"y":1
},{
"h":499,"n":"ScnSprite_tree3","p":256,"q":250,"w":511,"x":513,"y":1
},{
"h":499,"n":"ScnSprite_tree2","p":256,"q":250,"w":511,"x":1,"y":501
},{
"h":499,"n":"ScnSprite_tree1","p":256,"q":250,"w":511,"x":513,"y":501
},{
"h":17,"n":"tiles_auradon_tile_26_1","p":0,"q":-79,"w":96,"x":1,"y":1001
},{
"h":17,"n":"tiles_auradon_tile_24_1","p":-11,"q":-79,"w":85,"x":98,"y":1001
},{
"h":15,"n":"tiles_auradon_tile_25_1","p":0,"q":-81,"w":96,"x":184,"y":1001
},{
"h":18,"n":"tiles_auradon_tile_14_1","p":0,"q":-78,"w":76,"x":281,"y":1001
},{
"h":21,"n":"","p":11,"q":11,"w":22,"x":358,"y":1001
},{
"h":21,"n":"","p":11,"q":11,"w":22,"x":381,"y":1001
},{
"h":14,"n":"tiles_auradon_bg1_tile_03_3","p":0,"q":-82,"w":14,"x":404,"y":1001
},{
"h":14,"n":"tiles_auradon_bg1_tile_01_1","p":0,"q":-82,"w":14,"x":419,"y":1001
}
],[
{
"h":256,"n":"tiles_auradon_tiles_auradon_sky_1024_13","p":0,"q":0,"w":256,"x":1,"y":1
},{
"h":256,"n":"tiles_auradon_tiles_auradon_sky_1024_12","p":0,"q":0,"w":256,"x":258,"y":1
},{
"h":256,"n":"tiles_auradon_tiles_auradon_sky_1024_11","p":0,"q":0,"w":256,"x":515,"y":1
},{
"h":256,"n":"tiles_auradon_tiles_auradon_sky_1024_10","p":0,"q":0,"w":256,"x":1,"y":258
},{
"h":256,"n":"tiles_auradon_tiles_auradon_sky_1024_09","p":0,"q":0,"w":256,"x":1,"y":515
},{
"h":256,"n":"tiles_auradon_tiles_auradon_sky_1024_08","p":0,"q":0,"w":256,"x":258,"y":258
},{
"h":256,"n":"tiles_auradon_tiles_auradon_sky_1024_07","p":0,"q":0,"w":256,"x":515,"y":258
},{
"h":256,"n":"tiles_auradon_tiles_auradon_sky_1024_06","p":0,"q":0,"w":256,"x":258,"y":515
},{
"h":256,"n":"tiles_auradon_tiles_auradon_sky_1024_05","p":0,"q":0,"w":256,"x":515,"y":515
},{
"h":192,"n":"ScnSprite_wall2","p":55,"q":96,"w":110,"x":772,"y":1
},{
"h":150,"n":"ScnSprite_wall1","p":56,"q":75,"w":112,"x":883,"y":1
},{
"h":146,"n":"ScnSprite_wall4","p":58,"q":73,"w":115,"x":1,"y":772
},{
"h":119,"n":"ScnSprite_wall3","p":55,"q":60,"w":110,"x":117,"y":772
},{
"h":90,"n":"scn_spr_vespa","p":68,"q":41,"w":134,"x":883,"y":152
},{
"h":96,"n":"tiles_auradon_tile_39_6","p":0,"q":0,"w":96,"x":1,"y":919
},{
"h":96,"n":"tiles_auradon_tile_39_3","p":0,"q":0,"w":96,"x":117,"y":892
},{
"h":96,"n":"tiles_auradon_tile_39_2","p":0,"q":0,"w":96,"x":772,"y":258
},{
"h":96,"n":"tiles_auradon_tile_39_1","p":0,"q":0,"w":96,"x":869,"y":258
},{
"h":96,"n":"tiles_auradon_tile_38_3","p":0,"q":0,"w":96,"x":772,"y":355
},{
"h":96,"n":"tiles_auradon_tile_38_1","p":0,"q":0,"w":96,"x":869,"y":355
},{
"h":96,"n":"tiles_auradon_tile_37_3","p":0,"q":0,"w":96,"x":258,"y":772
},{
"h":96,"n":"tiles_auradon_tile_37_1","p":0,"q":0,"w":96,"x":258,"y":869
},{
"h":96,"n":"tiles_auradon_tile_36_3","p":0,"q":0,"w":96,"x":355,"y":772
},{
"h":96,"n":"tiles_auradon_tile_36_1","p":0,"q":0,"w":96,"x":355,"y":869
},{
"h":96,"n":"tiles_auradon_tile_35_1","p":0,"q":0,"w":96,"x":772,"y":515
},{
"h":96,"n":"tiles_auradon_tile_34_1","p":0,"q":0,"w":96,"x":869,"y":515
},{
"h":96,"n":"tiles_auradon_tile_33_3","p":0,"q":0,"w":96,"x":772,"y":612
},{
"h":96,"n":"tiles_auradon_tile_33_1","p":0,"q":0,"w":96,"x":869,"y":612
},{
"h":96,"n":"tiles_auradon_tile_31_1","p":0,"q":0,"w":96,"x":515,"y":772
},{
"h":96,"n":"tiles_auradon_tile_30_6","p":0,"q":0,"w":96,"x":515,"y":869
},{
"h":96,"n":"tiles_auradon_tile_30_1","p":0,"q":0,"w":96,"x":612,"y":772
},{
"h":96,"n":"tiles_auradon_tile_29_5","p":0,"q":0,"w":96,"x":612,"y":869
},{
"h":96,"n":"tiles_auradon_tile_29_3","p":0,"q":0,"w":96,"x":709,"y":772
},{
"h":96,"n":"tiles_auradon_tile_29_1","p":0,"q":0,"w":96,"x":709,"y":869
},{
"h":96,"n":"tiles_auradon_tile_28_5","p":0,"q":0,"w":96,"x":806,"y":772
},{
"h":96,"n":"tiles_auradon_tile_27_6","p":0,"q":0,"w":96,"x":903,"y":772
},{
"h":96,"n":"tiles_auradon_tile_27_3","p":0,"q":0,"w":96,"x":806,"y":869
},{
"h":96,"n":"tiles_auradon_tile_27_1","p":0,"q":0,"w":96,"x":903,"y":869
},{
"h":63,"n":"tiles_auradon_tile_02_2","p":0,"q":-33,"w":96,"x":772,"y":194
},{
"h":62,"n":"tiles_auradon_tile_30_5","p":0,"q":-34,"w":96,"x":772,"y":452
},{
"h":62,"n":"tiles_auradon_tile_20_2","p":0,"q":-34,"w":96,"x":869,"y":452
},{
"h":62,"n":"tiles_auradon_tile_10_2","p":0,"q":-34,"w":96,"x":772,"y":709
},{
"h":62,"n":"tiles_auradon_tile_01_2","p":0,"q":-34,"w":96,"x":869,"y":709
},{
"h":96,"n":"tiles_auradon_bg1_tile_12_0","p":-38,"q":0,"w":58,"x":966,"y":258
},{
"h":96,"n":"tiles_auradon_tile_01_1","p":0,"q":0,"w":57,"x":966,"y":355
},{
"h":96,"n":"tiles_auradon_bg1_tile_16_0","p":-39,"q":0,"w":57,"x":452,"y":772
},{
"h":96,"n":"tiles_auradon_bg1_tile_24_0","p":-40,"q":0,"w":56,"x":452,"y":869
},{
"h":96,"n":"tiles_auradon_bg1_tile_09_5","p":-43,"q":0,"w":53,"x":966,"y":515
},{
"h":96,"n":"tiles_auradon_bg1_tile_28_0","p":-44,"q":0,"w":52,"x":966,"y":612
},{
"h":50,"n":"tiles_auradon_bg1_tile_08_5","p":0,"q":-46,"w":96,"x":258,"y":966
},{
"h":47,"n":"tiles_auradon_bg1_tile_01_4","p":0,"q":-49,"w":96,"x":355,"y":966
},{
"h":50,"n":"tiles_auradon_bg1_tile_02_5","p":-15,"q":-46,"w":81,"x":515,"y":966
},{
"h":96,"n":"tiles_auradon_bg1_tile_36_0","p":-56,"q":0,"w":40,"x":214,"y":892
},{
"h":38,"n":"tiles_auradon_tile_20_5","p":0,"q":-58,"w":96,"x":612,"y":966
},{
"h":34,"n":"tiles_auradon_bg1_tile_24_4","p":0,"q":-62,"w":96,"x":117,"y":989
},{
"h":33,"n":"tiles_auradon_tile_03_6","p":0,"q":0,"w":96,"x":709,"y":966
},{
"h":33,"n":"tiles_auradon_tile_01_6","p":0,"q":0,"w":96,"x":806,"y":966
},{
"h":34,"n":"tiles_auradon_tile_04_6","p":-11,"q":0,"w":85,"x":903,"y":966
},{
"h":50,"n":"","p":23,"q":35,"w":49,"x":966,"y":452
},{
"h":48,"n":"","p":23,"q":33,"w":46,"x":452,"y":966
},{
"h":41,"n":"","p":25,"q":26,"w":53,"x":966,"y":709
},{
"h":41,"n":"","p":22,"q":5,"w":35,"x":989,"y":966
},{
"h":74,"n":"tiles_auradon_bg1_tile_16_5","p":-77,"q":-22,"w":19,"x":996,"y":1
},{
"h":25,"n":"tiles_auradon_bg1_tile_03_5","p":0,"q":-71,"w":33,"x":214,"y":989
},{
"h":38,"n":"tiles_auradon_bg1_tile_20_5","p":-86,"q":0,"w":10,"x":869,"y":194
}
],[
{
"h":256,"n":"tiles_auradon_tiles_auradon_sky_1024_03","p":0,"q":0,"w":256,"x":1,"y":1
},{
"h":256,"n":"tiles_auradon_tiles_auradon_sky_1024_02","p":0,"q":0,"w":256,"x":258,"y":1
},{
"h":256,"n":"tiles_auradon_tiles_auradon_sky_1024_01","p":0,"q":0,"w":256,"x":515,"y":1
},{
"h":256,"n":"tiles_auradon_bgsky_lake_01","p":0,"q":0,"w":256,"x":1,"y":258
},{
"h":96,"n":"tiles_auradon_tile_26_4","p":0,"q":0,"w":96,"x":772,"y":1
},{
"h":96,"n":"tiles_auradon_tile_25_5","p":0,"q":0,"w":96,"x":869,"y":1
},{
"h":96,"n":"tiles_auradon_tile_25_4","p":0,"q":0,"w":96,"x":772,"y":98
},{
"h":96,"n":"tiles_auradon_tile_25_3","p":0,"q":0,"w":96,"x":869,"y":98
},{
"h":96,"n":"tiles_auradon_tile_24_6","p":0,"q":0,"w":96,"x":1,"y":515
},{
"h":96,"n":"tiles_auradon_tile_24_5","p":0,"q":0,"w":96,"x":98,"y":515
},{
"h":96,"n":"tiles_auradon_tile_24_3","p":0,"q":0,"w":96,"x":1,"y":612
},{
"h":96,"n":"tiles_auradon_tile_23_3","p":0,"q":0,"w":96,"x":98,"y":612
},{
"h":96,"n":"tiles_auradon_tile_23_1","p":0,"q":0,"w":96,"x":1,"y":709
},{
"h":96,"n":"tiles_auradon_tile_22_3","p":0,"q":0,"w":96,"x":98,"y":709
},{
"h":96,"n":"tiles_auradon_tile_21_6","p":0,"q":0,"w":96,"x":1,"y":806
},{
"h":96,"n":"tiles_auradon_tile_21_3","p":0,"q":0,"w":96,"x":1,"y":903
},{
"h":96,"n":"tiles_auradon_tile_21_1","p":0,"q":0,"w":96,"x":98,"y":806
},{
"h":96,"n":"tiles_auradon_tile_20_3","p":0,"q":0,"w":96,"x":98,"y":903
},{
"h":96,"n":"tiles_auradon_tile_20_1","p":0,"q":0,"w":96,"x":258,"y":258
},{
"h":96,"n":"tiles_auradon_tile_19_6","p":0,"q":0,"w":96,"x":355,"y":258
},{
"h":96,"n":"tiles_auradon_tile_18_6","p":0,"q":0,"w":96,"x":452,"y":258
},{
"h":96,"n":"tiles_auradon_tile_18_5","p":0,"q":0,"w":96,"x":549,"y":258
},{
"h":96,"n":"tiles_auradon_tile_18_3","p":0,"q":0,"w":96,"x":646,"y":258
},{
"h":96,"n":"tiles_auradon_tile_17_6","p":0,"q":0,"w":96,"x":743,"y":258
},{
"h":96,"n":"tiles_auradon_tile_17_3","p":0,"q":0,"w":96,"x":840,"y":258
},{
"h":96,"n":"tiles_auradon_tile_17_1","p":0,"q":0,"w":96,"x":258,"y":355
},{
"h":96,"n":"tiles_auradon_tile_16_6","p":0,"q":0,"w":96,"x":258,"y":452
},{
"h":96,"n":"tiles_auradon_tile_16_3","p":0,"q":0,"w":96,"x":258,"y":549
},{
"h":96,"n":"tiles_auradon_tile_16_1","p":0,"q":0,"w":96,"x":258,"y":646
},{
"h":96,"n":"tiles_auradon_tile_14_6","p":0,"q":0,"w":96,"x":258,"y":743
},{
"h":96,"n":"tiles_auradon_tile_14_5","p":0,"q":0,"w":96,"x":258,"y":840
},{
"h":96,"n":"tiles_auradon_tile_13_6","p":0,"q":0,"w":96,"x":355,"y":355
},{
"h":96,"n":"tiles_auradon_tile_13_1","p":0,"q":0,"w":96,"x":452,"y":355
},{
"h":96,"n":"tiles_auradon_tile_12_6","p":0,"q":0,"w":96,"x":549,"y":355
},{
"h":96,"n":"tiles_auradon_tile_12_1","p":0,"q":0,"w":96,"x":646,"y":355
},{
"h":96,"n":"tiles_auradon_tile_10_5","p":0,"q":0,"w":96,"x":743,"y":355
},{
"h":96,"n":"tiles_auradon_tile_09_3","p":0,"q":0,"w":96,"x":840,"y":355
},{
"h":96,"n":"tiles_auradon_tile_09_1","p":0,"q":0,"w":96,"x":355,"y":452
},{
"h":96,"n":"tiles_auradon_tile_08_6","p":0,"q":0,"w":96,"x":355,"y":549
},{
"h":96,"n":"tiles_auradon_tile_08_3","p":0,"q":0,"w":96,"x":355,"y":646
},{
"h":96,"n":"tiles_auradon_tile_08_1","p":0,"q":0,"w":96,"x":355,"y":743
},{
"h":96,"n":"tiles_auradon_tile_07_4","p":0,"q":0,"w":96,"x":355,"y":840
},{
"h":96,"n":"tiles_auradon_tile_07_1","p":0,"q":0,"w":96,"x":452,"y":452
},{
"h":96,"n":"tiles_auradon_tile_06_5","p":0,"q":0,"w":96,"x":549,"y":452
},{
"h":96,"n":"tiles_auradon_tile_06_4","p":0,"q":0,"w":96,"x":646,"y":452
},{
"h":96,"n":"tiles_auradon_tile_06_2","p":0,"q":0,"w":96,"x":743,"y":452
},{
"h":96,"n":"tiles_auradon_tile_06_1","p":0,"q":0,"w":96,"x":840,"y":452
},{
"h":96,"n":"tiles_auradon_tile_05_6","p":0,"q":0,"w":96,"x":452,"y":549
},{
"h":96,"n":"tiles_auradon_tile_05_3","p":0,"q":0,"w":96,"x":452,"y":646
},{
"h":96,"n":"tiles_auradon_tile_05_2","p":0,"q":0,"w":96,"x":452,"y":743
},{
"h":96,"n":"tiles_auradon_tile_05_1","p":0,"q":0,"w":96,"x":452,"y":840
},{
"h":96,"n":"tiles_auradon_tile_04_3","p":0,"q":0,"w":96,"x":549,"y":549
},{
"h":96,"n":"tiles_auradon_tile_04_1","p":0,"q":0,"w":96,"x":646,"y":549
},{
"h":96,"n":"tiles_auradon_tile_02_6","p":0,"q":0,"w":96,"x":743,"y":549
},{
"h":96,"n":"tiles_auradon_tile_01_3","p":0,"q":0,"w":96,"x":840,"y":549
},{
"h":96,"n":"tiles_auradon_tile_00_3","p":0,"q":0,"w":96,"x":549,"y":646
},{
"h":96,"n":"tiles_auradon_bg1_tile_39_5","p":0,"q":0,"w":96,"x":549,"y":743
},{
"h":96,"n":"tiles_auradon_bg1_tile_39_4","p":0,"q":0,"w":96,"x":549,"y":840
},{
"h":96,"n":"tiles_auradon_bg1_tile_39_2","p":0,"q":0,"w":96,"x":646,"y":646
},{
"h":96,"n":"tiles_auradon_bg1_tile_39_1","p":0,"q":0,"w":96,"x":743,"y":646
},{
"h":96,"n":"tiles_auradon_bg1_tile_39_0","p":0,"q":0,"w":96,"x":840,"y":646
},{
"h":96,"n":"tiles_auradon_bg1_tile_38_3","p":0,"q":0,"w":96,"x":646,"y":743
},{
"h":96,"n":"tiles_auradon_bg1_tile_38_2","p":0,"q":0,"w":96,"x":646,"y":840
},{
"h":96,"n":"tiles_auradon_bg1_tile_38_1","p":0,"q":0,"w":96,"x":743,"y":743
},{
"h":96,"n":"tiles_auradon_bg1_tile_38_0","p":0,"q":0,"w":96,"x":840,"y":743
},{
"h":96,"n":"tiles_auradon_bg1_tile_37_5","p":0,"q":0,"w":96,"x":743,"y":840
},{
"h":96,"n":"tiles_auradon_bg1_tile_37_3","p":0,"q":0,"w":96,"x":840,"y":840
},{
"h":96,"n":"tiles_auradon_tile_29_0","p":-11,"q":0,"w":85,"x":937,"y":258
},{
"h":96,"n":"tiles_auradon_tile_22_1","p":0,"q":0,"w":85,"x":937,"y":355
},{
"h":96,"n":"tiles_auradon_tile_07_2","p":0,"q":0,"w":85,"x":937,"y":452
},{
"h":84,"n":"tiles_auradon_bg1_tile_06_3","p":0,"q":-12,"w":96,"x":258,"y":937
},{
"h":84,"n":"tiles_auradon_bg1_tile_00_1","p":0,"q":-12,"w":96,"x":355,"y":937
},{
"h":96,"n":"tiles_auradon_tile_33_0","p":0,"q":0,"w":83,"x":937,"y":549
},{
"h":96,"n":"tiles_auradon_tile_31_3","p":0,"q":0,"w":83,"x":937,"y":646
},{
"h":96,"n":"tiles_auradon_tile_18_1","p":0,"q":0,"w":83,"x":937,"y":743
},{
"h":96,"n":"tiles_auradon_bg1_tile_07_3","p":0,"q":0,"w":83,"x":937,"y":840
},{
"h":81,"n":"tiles_auradon_tile_31_6","p":0,"q":0,"w":96,"x":452,"y":937
},{
"h":76,"n":"tiles_auradon_bg1_tile_24_5","p":0,"q":-20,"w":96,"x":549,"y":937
},{
"h":81,"n":"tiles_auradon_tile_20_6","p":-8,"q":0,"w":88,"x":646,"y":937
},{
"h":81,"n":"tiles_auradon_tile_23_6","p":0,"q":0,"w":83,"x":743,"y":937
},{
"h":84,"n":"tiles_auradon_tile_03_3","p":0,"q":-12,"w":78,"x":840,"y":937
},{
"h":84,"n":"tiles_auradon_tile_03_1","p":0,"q":-12,"w":78,"x":919,"y":937
},{
"h":61,"n":"tiles_auradon_bg1_tile_07_2","p":0,"q":-35,"w":96,"x":772,"y":195
},{
"h":61,"n":"tiles_auradon_bg1_tile_07_1","p":0,"q":-35,"w":96,"x":869,"y":195
},{
"h":96,"n":"tiles_auradon_bg1_tile_32_0","p":-56,"q":0,"w":40,"x":966,"y":1
},{
"h":96,"n":"tiles_auradon_bg1_tile_20_0","p":-61,"q":0,"w":35,"x":966,"y":98
},{
"h":84,"n":"tiles_auradon_bg1_tile_30_5","p":0,"q":-12,"w":31,"x":195,"y":515
},{
"h":63,"n":"tiles_auradon_bg1_tile_05_5","p":-64,"q":-33,"w":32,"x":195,"y":612
},{
"h":37,"n":"","p":27,"q":23,"w":51,"x":966,"y":195
},{
"h":36,"n":"","p":26,"q":12,"w":50,"x":195,"y":709
},{
"h":31,"n":"","p":28,"q":5,"w":52,"x":195,"y":676
},{
"h":38,"n":"","p":22,"q":5,"w":37,"x":195,"y":746
}
],[
{
"h":96,"n":"tiles_auradon_bg1_tile_37_2","p":0,"q":0,"w":96,"x":1,"y":1
},{
"h":96,"n":"tiles_auradon_bg1_tile_37_1","p":0,"q":0,"w":96,"x":98,"y":1
},{
"h":96,"n":"tiles_auradon_bg1_tile_37_0","p":0,"q":0,"w":96,"x":195,"y":1
},{
"h":96,"n":"tiles_auradon_bg1_tile_36_5","p":0,"q":0,"w":96,"x":292,"y":1
},{
"h":96,"n":"tiles_auradon_bg1_tile_36_3","p":0,"q":0,"w":96,"x":389,"y":1
},{
"h":96,"n":"tiles_auradon_bg1_tile_36_2","p":0,"q":0,"w":96,"x":486,"y":1
},{
"h":96,"n":"tiles_auradon_bg1_tile_36_1","p":0,"q":0,"w":96,"x":583,"y":1
},{
"h":96,"n":"tiles_auradon_bg1_tile_35_5","p":0,"q":0,"w":96,"x":680,"y":1
},{
"h":96,"n":"tiles_auradon_bg1_tile_35_4","p":0,"q":0,"w":96,"x":777,"y":1
},{
"h":96,"n":"tiles_auradon_bg1_tile_35_2","p":0,"q":0,"w":96,"x":874,"y":1
},{
"h":96,"n":"tiles_auradon_bg1_tile_35_1","p":0,"q":0,"w":96,"x":1,"y":98
},{
"h":96,"n":"tiles_auradon_bg1_tile_35_0","p":0,"q":0,"w":96,"x":1,"y":195
},{
"h":96,"n":"tiles_auradon_bg1_tile_34_3","p":0,"q":0,"w":96,"x":1,"y":292
},{
"h":96,"n":"tiles_auradon_bg1_tile_34_2","p":0,"q":0,"w":96,"x":1,"y":389
},{
"h":96,"n":"tiles_auradon_bg1_tile_34_1","p":0,"q":0,"w":96,"x":1,"y":486
},{
"h":96,"n":"tiles_auradon_bg1_tile_34_0","p":0,"q":0,"w":96,"x":1,"y":583
},{
"h":96,"n":"tiles_auradon_bg1_tile_33_5","p":0,"q":0,"w":96,"x":1,"y":680
},{
"h":96,"n":"tiles_auradon_bg1_tile_33_3","p":0,"q":0,"w":96,"x":1,"y":777
},{
"h":96,"n":"tiles_auradon_bg1_tile_33_2","p":0,"q":0,"w":96,"x":1,"y":874
},{
"h":96,"n":"tiles_auradon_bg1_tile_33_1","p":0,"q":0,"w":96,"x":98,"y":98
},{
"h":96,"n":"tiles_auradon_bg1_tile_33_0","p":0,"q":0,"w":96,"x":195,"y":98
},{
"h":96,"n":"tiles_auradon_bg1_tile_32_5","p":0,"q":0,"w":96,"x":292,"y":98
},{
"h":96,"n":"tiles_auradon_bg1_tile_32_4","p":0,"q":0,"w":96,"x":389,"y":98
},{
"h":96,"n":"tiles_auradon_bg1_tile_32_3","p":0,"q":0,"w":96,"x":486,"y":98
},{
"h":96,"n":"tiles_auradon_bg1_tile_32_2","p":0,"q":0,"w":96,"x":583,"y":98
},{
"h":96,"n":"tiles_auradon_bg1_tile_32_1","p":0,"q":0,"w":96,"x":680,"y":98
},{
"h":96,"n":"tiles_auradon_bg1_tile_31_5","p":0,"q":0,"w":96,"x":777,"y":98
},{
"h":96,"n":"tiles_auradon_bg1_tile_31_4","p":0,"q":0,"w":96,"x":874,"y":98
},{
"h":96,"n":"tiles_auradon_bg1_tile_31_2","p":0,"q":0,"w":96,"x":98,"y":195
},{
"h":96,"n":"tiles_auradon_bg1_tile_31_1","p":0,"q":0,"w":96,"x":98,"y":292
},{
"h":96,"n":"tiles_auradon_bg1_tile_31_0","p":0,"q":0,"w":96,"x":98,"y":389
},{
"h":96,"n":"tiles_auradon_bg1_tile_30_4","p":0,"q":0,"w":96,"x":98,"y":486
},{
"h":96,"n":"tiles_auradon_bg1_tile_30_3","p":0,"q":0,"w":96,"x":98,"y":583
},{
"h":96,"n":"tiles_auradon_bg1_tile_30_2","p":0,"q":0,"w":96,"x":98,"y":680
},{
"h":96,"n":"tiles_auradon_bg1_tile_30_1","p":0,"q":0,"w":96,"x":98,"y":777
},{
"h":96,"n":"tiles_auradon_bg1_tile_30_0","p":0,"q":0,"w":96,"x":98,"y":874
},{
"h":96,"n":"tiles_auradon_bg1_tile_29_5","p":0,"q":0,"w":96,"x":195,"y":195
},{
"h":96,"n":"tiles_auradon_bg1_tile_29_4","p":0,"q":0,"w":96,"x":292,"y":195
},{
"h":96,"n":"tiles_auradon_bg1_tile_29_3","p":0,"q":0,"w":96,"x":389,"y":195
},{
"h":96,"n":"tiles_auradon_bg1_tile_29_2","p":0,"q":0,"w":96,"x":486,"y":195
},{
"h":96,"n":"tiles_auradon_bg1_tile_29_1","p":0,"q":0,"w":96,"x":583,"y":195
},{
"h":96,"n":"tiles_auradon_bg1_tile_29_0","p":0,"q":0,"w":96,"x":680,"y":195
},{
"h":96,"n":"tiles_auradon_bg1_tile_28_5","p":0,"q":0,"w":96,"x":777,"y":195
},{
"h":96,"n":"tiles_auradon_bg1_tile_28_4","p":0,"q":0,"w":96,"x":874,"y":195
},{
"h":96,"n":"tiles_auradon_bg1_tile_28_3","p":0,"q":0,"w":96,"x":195,"y":292
},{
"h":96,"n":"tiles_auradon_bg1_tile_28_2","p":0,"q":0,"w":96,"x":195,"y":389
},{
"h":96,"n":"tiles_auradon_bg1_tile_28_1","p":0,"q":0,"w":96,"x":195,"y":486
},{
"h":96,"n":"tiles_auradon_bg1_tile_27_5","p":0,"q":0,"w":96,"x":195,"y":583
},{
"h":96,"n":"tiles_auradon_bg1_tile_27_2","p":0,"q":0,"w":96,"x":195,"y":680
},{
"h":96,"n":"tiles_auradon_bg1_tile_27_1","p":0,"q":0,"w":96,"x":195,"y":777
},{
"h":96,"n":"tiles_auradon_bg1_tile_27_0","p":0,"q":0,"w":96,"x":195,"y":874
},{
"h":96,"n":"tiles_auradon_bg1_tile_26_5","p":0,"q":0,"w":96,"x":292,"y":292
},{
"h":96,"n":"tiles_auradon_bg1_tile_26_4","p":0,"q":0,"w":96,"x":389,"y":292
},{
"h":96,"n":"tiles_auradon_bg1_tile_26_3","p":0,"q":0,"w":96,"x":486,"y":292
},{
"h":96,"n":"tiles_auradon_bg1_tile_26_2","p":0,"q":0,"w":96,"x":583,"y":292
},{
"h":96,"n":"tiles_auradon_bg1_tile_26_1","p":0,"q":0,"w":96,"x":680,"y":292
},{
"h":96,"n":"tiles_auradon_bg1_tile_26_0","p":0,"q":0,"w":96,"x":777,"y":292
},{
"h":96,"n":"tiles_auradon_bg1_tile_25_4","p":0,"q":0,"w":96,"x":874,"y":292
},{
"h":96,"n":"tiles_auradon_bg1_tile_25_3","p":0,"q":0,"w":96,"x":292,"y":389
},{
"h":96,"n":"tiles_auradon_bg1_tile_25_2","p":0,"q":0,"w":96,"x":292,"y":486
},{
"h":96,"n":"tiles_auradon_bg1_tile_25_1","p":0,"q":0,"w":96,"x":292,"y":583
},{
"h":96,"n":"tiles_auradon_bg1_tile_25_0","p":0,"q":0,"w":96,"x":292,"y":680
},{
"h":96,"n":"tiles_auradon_bg1_tile_24_3","p":0,"q":0,"w":96,"x":292,"y":777
},{
"h":96,"n":"tiles_auradon_bg1_tile_24_2","p":0,"q":0,"w":96,"x":292,"y":874
},{
"h":96,"n":"tiles_auradon_bg1_tile_24_1","p":0,"q":0,"w":96,"x":389,"y":389
},{
"h":96,"n":"tiles_auradon_bg1_tile_23_5","p":0,"q":0,"w":96,"x":486,"y":389
},{
"h":96,"n":"tiles_auradon_bg1_tile_23_2","p":0,"q":0,"w":96,"x":583,"y":389
},{
"h":96,"n":"tiles_auradon_bg1_tile_23_1","p":0,"q":0,"w":96,"x":680,"y":389
},{
"h":96,"n":"tiles_auradon_bg1_tile_23_0","p":0,"q":0,"w":96,"x":777,"y":389
},{
"h":96,"n":"tiles_auradon_bg1_tile_22_5","p":0,"q":0,"w":96,"x":874,"y":389
},{
"h":96,"n":"tiles_auradon_bg1_tile_22_4","p":0,"q":0,"w":96,"x":389,"y":486
},{
"h":96,"n":"tiles_auradon_bg1_tile_22_3","p":0,"q":0,"w":96,"x":389,"y":583
},{
"h":96,"n":"tiles_auradon_bg1_tile_22_2","p":0,"q":0,"w":96,"x":389,"y":680
},{
"h":96,"n":"tiles_auradon_bg1_tile_22_1","p":0,"q":0,"w":96,"x":389,"y":777
},{
"h":96,"n":"tiles_auradon_bg1_tile_22_0","p":0,"q":0,"w":96,"x":389,"y":874
},{
"h":96,"n":"tiles_auradon_bg1_tile_21_4","p":0,"q":0,"w":96,"x":486,"y":486
},{
"h":96,"n":"tiles_auradon_bg1_tile_21_3","p":0,"q":0,"w":96,"x":583,"y":486
},{
"h":96,"n":"tiles_auradon_bg1_tile_21_2","p":0,"q":0,"w":96,"x":680,"y":486
},{
"h":96,"n":"tiles_auradon_bg1_tile_21_1","p":0,"q":0,"w":96,"x":777,"y":486
},{
"h":96,"n":"tiles_auradon_bg1_tile_21_0","p":0,"q":0,"w":96,"x":874,"y":486
},{
"h":96,"n":"tiles_auradon_bg1_tile_20_4","p":0,"q":0,"w":96,"x":486,"y":583
},{
"h":96,"n":"tiles_auradon_bg1_tile_20_3","p":0,"q":0,"w":96,"x":486,"y":680
},{
"h":96,"n":"tiles_auradon_bg1_tile_20_2","p":0,"q":0,"w":96,"x":486,"y":777
},{
"h":96,"n":"tiles_auradon_bg1_tile_20_1","p":0,"q":0,"w":96,"x":486,"y":874
},{
"h":96,"n":"tiles_auradon_bg1_tile_19_5","p":0,"q":0,"w":96,"x":583,"y":583
},{
"h":96,"n":"tiles_auradon_bg1_tile_19_3","p":0,"q":0,"w":96,"x":680,"y":583
},{
"h":96,"n":"tiles_auradon_bg1_tile_19_2","p":0,"q":0,"w":96,"x":777,"y":583
},{
"h":96,"n":"tiles_auradon_bg1_tile_19_1","p":0,"q":0,"w":96,"x":874,"y":583
},{
"h":96,"n":"tiles_auradon_bg1_tile_19_0","p":0,"q":0,"w":96,"x":583,"y":680
},{
"h":96,"n":"tiles_auradon_bg1_tile_18_5","p":0,"q":0,"w":96,"x":583,"y":777
},{
"h":96,"n":"tiles_auradon_bg1_tile_18_4","p":0,"q":0,"w":96,"x":583,"y":874
},{
"h":96,"n":"tiles_auradon_bg1_tile_18_3","p":0,"q":0,"w":96,"x":680,"y":680
},{
"h":96,"n":"tiles_auradon_bg1_tile_18_2","p":0,"q":0,"w":96,"x":777,"y":680
},{
"h":96,"n":"tiles_auradon_bg1_tile_18_1","p":0,"q":0,"w":96,"x":874,"y":680
},{
"h":96,"n":"tiles_auradon_bg1_tile_18_0","p":0,"q":0,"w":96,"x":680,"y":777
},{
"h":96,"n":"tiles_auradon_bg1_tile_17_5","p":0,"q":0,"w":96,"x":680,"y":874
},{
"h":96,"n":"tiles_auradon_bg1_tile_17_4","p":0,"q":0,"w":96,"x":777,"y":777
},{
"h":96,"n":"tiles_auradon_bg1_tile_17_3","p":0,"q":0,"w":96,"x":874,"y":777
},{
"h":96,"n":"tiles_auradon_bg1_tile_17_2","p":0,"q":0,"w":96,"x":777,"y":874
},{
"h":96,"n":"tiles_auradon_bg1_tile_17_1","p":0,"q":0,"w":96,"x":874,"y":874
},{
"h":33,"n":"tiles_auradon_tile_07_6","p":0,"q":0,"w":83,"x":1,"y":971
},{
"h":32,"n":"tiles_auradon_tile_02_3","p":-33,"q":-64,"w":63,"x":98,"y":971
},{
"h":32,"n":"tiles_auradon_tile_02_1","p":-33,"q":-64,"w":63,"x":195,"y":971
}
],[
{
"h":96,"n":"tiles_auradon_bg1_tile_17_0","p":0,"q":0,"w":96,"x":1,"y":1
},{
"h":96,"n":"tiles_auradon_bg1_tile_16_4","p":0,"q":0,"w":96,"x":98,"y":1
},{
"h":96,"n":"tiles_auradon_bg1_tile_16_3","p":0,"q":0,"w":96,"x":195,"y":1
},{
"h":96,"n":"tiles_auradon_bg1_tile_16_2","p":0,"q":0,"w":96,"x":292,"y":1
},{
"h":96,"n":"tiles_auradon_bg1_tile_16_1","p":0,"q":0,"w":96,"x":389,"y":1
},{
"h":96,"n":"tiles_auradon_bg1_tile_15_5","p":0,"q":0,"w":96,"x":486,"y":1
},{
"h":96,"n":"tiles_auradon_bg1_tile_15_2","p":0,"q":0,"w":96,"x":583,"y":1
},{
"h":96,"n":"tiles_auradon_bg1_tile_15_1","p":0,"q":0,"w":96,"x":680,"y":1
},{
"h":96,"n":"tiles_auradon_bg1_tile_15_0","p":0,"q":0,"w":96,"x":777,"y":1
},{
"h":96,"n":"tiles_auradon_bg1_tile_14_5","p":0,"q":0,"w":96,"x":874,"y":1
},{
"h":96,"n":"tiles_auradon_bg1_tile_14_4","p":0,"q":0,"w":96,"x":1,"y":98
},{
"h":96,"n":"tiles_auradon_bg1_tile_14_2","p":0,"q":0,"w":96,"x":1,"y":195
},{
"h":96,"n":"tiles_auradon_bg1_tile_14_1","p":0,"q":0,"w":96,"x":1,"y":292
},{
"h":96,"n":"tiles_auradon_bg1_tile_14_0","p":0,"q":0,"w":96,"x":1,"y":389
},{
"h":96,"n":"tiles_auradon_bg1_tile_13_4","p":0,"q":0,"w":96,"x":1,"y":486
},{
"h":96,"n":"tiles_auradon_bg1_tile_13_3","p":0,"q":0,"w":96,"x":1,"y":583
},{
"h":96,"n":"tiles_auradon_bg1_tile_13_2","p":0,"q":0,"w":96,"x":1,"y":680
},{
"h":96,"n":"tiles_auradon_bg1_tile_13_1","p":0,"q":0,"w":96,"x":1,"y":777
},{
"h":96,"n":"tiles_auradon_bg1_tile_13_0","p":0,"q":0,"w":96,"x":1,"y":874
},{
"h":96,"n":"tiles_auradon_bg1_tile_12_5","p":0,"q":0,"w":96,"x":98,"y":98
},{
"h":96,"n":"tiles_auradon_bg1_tile_12_4","p":0,"q":0,"w":96,"x":195,"y":98
},{
"h":96,"n":"tiles_auradon_bg1_tile_12_3","p":0,"q":0,"w":96,"x":292,"y":98
},{
"h":96,"n":"tiles_auradon_bg1_tile_12_2","p":0,"q":0,"w":96,"x":389,"y":98
},{
"h":96,"n":"tiles_auradon_bg1_tile_12_1","p":0,"q":0,"w":96,"x":486,"y":98
},{
"h":96,"n":"tiles_auradon_bg1_tile_11_5","p":0,"q":0,"w":96,"x":583,"y":98
},{
"h":96,"n":"tiles_auradon_bg1_tile_11_2","p":0,"q":0,"w":96,"x":680,"y":98
},{
"h":96,"n":"tiles_auradon_bg1_tile_11_1","p":0,"q":0,"w":96,"x":777,"y":98
},{
"h":96,"n":"tiles_auradon_bg1_tile_11_0","p":0,"q":0,"w":96,"x":874,"y":98
},{
"h":96,"n":"tiles_auradon_bg1_tile_10_5","p":0,"q":0,"w":96,"x":98,"y":195
},{
"h":96,"n":"tiles_auradon_bg1_tile_10_4","p":0,"q":0,"w":96,"x":98,"y":292
},{
"h":96,"n":"tiles_auradon_bg1_tile_10_3","p":0,"q":0,"w":96,"x":98,"y":389
},{
"h":96,"n":"tiles_auradon_bg1_tile_10_2","p":0,"q":0,"w":96,"x":98,"y":486
},{
"h":96,"n":"tiles_auradon_bg1_tile_10_1","p":0,"q":0,"w":96,"x":98,"y":583
},{
"h":96,"n":"tiles_auradon_bg1_tile_10_0","p":0,"q":0,"w":96,"x":98,"y":680
},{
"h":96,"n":"tiles_auradon_bg1_tile_09_4","p":0,"q":0,"w":96,"x":98,"y":777
},{
"h":96,"n":"tiles_auradon_bg1_tile_09_3","p":0,"q":0,"w":96,"x":98,"y":874
},{
"h":96,"n":"tiles_auradon_bg1_tile_09_2","p":0,"q":0,"w":96,"x":195,"y":195
},{
"h":96,"n":"tiles_auradon_bg1_tile_09_1","p":0,"q":0,"w":96,"x":292,"y":195
},{
"h":96,"n":"tiles_auradon_bg1_tile_08_4","p":0,"q":0,"w":96,"x":389,"y":195
},{
"h":96,"n":"tiles_auradon_bg1_tile_08_3","p":0,"q":0,"w":96,"x":486,"y":195
},{
"h":96,"n":"tiles_auradon_bg1_tile_08_2","p":0,"q":0,"w":96,"x":583,"y":195
},{
"h":96,"n":"tiles_auradon_bg1_tile_08_1","p":0,"q":0,"w":96,"x":680,"y":195
},{
"h":96,"n":"tiles_auradon_bg1_tile_07_0","p":0,"q":0,"w":96,"x":777,"y":195
},{
"h":96,"n":"tiles_auradon_bg1_tile_06_5","p":0,"q":0,"w":96,"x":874,"y":195
},{
"h":96,"n":"tiles_auradon_bg1_tile_06_4","p":0,"q":0,"w":96,"x":195,"y":292
},{
"h":96,"n":"tiles_auradon_bg1_tile_05_4","p":0,"q":0,"w":96,"x":195,"y":389
},{
"h":96,"n":"tiles_auradon_bg1_tile_05_1","p":0,"q":0,"w":96,"x":195,"y":486
},{
"h":96,"n":"tiles_auradon_bg1_tile_04_5","p":0,"q":0,"w":96,"x":195,"y":583
},{
"h":96,"n":"tiles_auradon_bg1_tile_04_4","p":0,"q":0,"w":96,"x":195,"y":680
},{
"h":96,"n":"tiles_auradon_bg1_tile_04_1","p":0,"q":0,"w":96,"x":195,"y":777
},{
"h":96,"n":"tiles_auradon_bg1_tile_02_3","p":0,"q":0,"w":96,"x":195,"y":874
},{
"h":96,"n":"tiles_auradon_bg1_tile_01_5","p":0,"q":0,"w":96,"x":292,"y":292
},{
"h":96,"n":"tiles_auradon_bg1_tile_00_4","p":0,"q":0,"w":96,"x":389,"y":292
},{
"h":96,"n":"tiles_auradon_bg1_tile_23_3","p":0,"q":0,"w":95,"x":486,"y":292
},{
"h":94,"n":"tiles_auradon_bg1_tile_09_0","p":0,"q":-2,"w":96,"x":582,"y":292
},{
"h":96,"n":"tiles_auradon_bg1_tile_25_5","p":0,"q":0,"w":93,"x":679,"y":292
},{
"h":96,"n":"tiles_auradon_bg1_tile_13_5","p":-4,"q":0,"w":92,"x":773,"y":292
},{
"h":93,"n":"tiles_auradon_bg1_tile_06_0","p":-2,"q":-3,"w":94,"x":866,"y":292
},{
"h":91,"n":"tiles_auradon_bg1_tile_21_5","p":0,"q":0,"w":96,"x":292,"y":389
},{
"h":96,"n":"tiles_auradon_tile_35_6","p":-6,"q":0,"w":90,"x":292,"y":481
},{
"h":96,"n":"tiles_auradon_tile_34_6","p":-6,"q":0,"w":90,"x":292,"y":578
},{
"h":96,"n":"tiles_auradon_tile_19_3","p":-6,"q":0,"w":90,"x":292,"y":675
},{
"h":90,"n":"tiles_auradon_bg1_tile_02_4","p":0,"q":-6,"w":96,"x":292,"y":772
},{
"h":90,"n":"tiles_auradon_bg1_tile_00_5","p":0,"q":-6,"w":96,"x":292,"y":863
},{
"h":96,"n":"tiles_auradon_tile_35_2","p":-7,"q":0,"w":89,"x":389,"y":389
},{
"h":96,"n":"tiles_auradon_tile_32_3","p":-8,"q":0,"w":88,"x":389,"y":486
},{
"h":96,"n":"tiles_auradon_tile_28_3","p":-8,"q":0,"w":88,"x":389,"y":583
},{
"h":96,"n":"tiles_auradon_tile_28_1","p":-8,"q":0,"w":88,"x":389,"y":680
},{
"h":96,"n":"tiles_auradon_tile_19_1","p":-8,"q":0,"w":88,"x":389,"y":777
},{
"h":96,"n":"tiles_auradon_tile_15_1","p":-8,"q":0,"w":88,"x":389,"y":874
},{
"h":96,"n":"tiles_auradon_tile_35_3","p":0,"q":0,"w":81,"x":479,"y":389
},{
"h":96,"n":"tiles_auradon_tile_09_6","p":-16,"q":0,"w":80,"x":561,"y":389
},{
"h":96,"n":"tiles_auradon_tile_25_6","p":-19,"q":0,"w":77,"x":642,"y":389
},{
"h":96,"n":"tiles_auradon_tile_00_1","p":-21,"q":0,"w":75,"x":720,"y":389
},{
"h":96,"n":"tiles_auradon_bg1_tile_31_3","p":0,"q":0,"w":74,"x":796,"y":389
},{
"h":96,"n":"tiles_auradon_bg1_tile_27_3","p":0,"q":0,"w":74,"x":871,"y":389
},{
"h":96,"n":"tiles_auradon_tile_26_6","p":0,"q":0,"w":73,"x":946,"y":389
},{
"h":96,"n":"tiles_auradon_tile_10_6","p":0,"q":0,"w":73,"x":479,"y":486
},{
"h":96,"n":"tiles_auradon_bg1_tile_35_3","p":0,"q":0,"w":73,"x":479,"y":583
},{
"h":96,"n":"tiles_auradon_bg1_tile_15_3","p":0,"q":0,"w":73,"x":479,"y":680
},{
"h":96,"n":"tiles_auradon_bg1_tile_11_3","p":0,"q":0,"w":73,"x":479,"y":777
},{
"h":96,"n":"tiles_auradon_bg1_tile_38_5","p":0,"q":0,"w":69,"x":479,"y":874
},{
"h":96,"n":"tiles_auradon_bg1_tile_07_5","p":0,"q":0,"w":67,"x":553,"y":486
},{
"h":96,"n":"tiles_auradon_bg1_tile_34_5","p":0,"q":0,"w":65,"x":621,"y":486
},{
"h":64,"n":"tiles_auradon_tile_21_5","p":0,"q":-32,"w":96,"x":292,"y":954
},{
"h":61,"n":"tiles_auradon_bg1_tile_06_2","p":0,"q":-35,"w":96,"x":687,"y":486
},{
"h":61,"n":"tiles_auradon_bg1_tile_06_1","p":0,"q":-35,"w":96,"x":784,"y":486
},{
"h":61,"n":"tiles_auradon_bg1_tile_05_3","p":0,"q":-35,"w":96,"x":881,"y":486
},{
"h":61,"n":"tiles_auradon_bg1_tile_05_2","p":0,"q":-35,"w":96,"x":553,"y":583
},{
"h":61,"n":"tiles_auradon_bg1_tile_04_3","p":0,"q":-35,"w":96,"x":650,"y":583
},{
"h":61,"n":"tiles_auradon_bg1_tile_04_2","p":0,"q":-35,"w":96,"x":747,"y":583
},{
"h":64,"n":"tiles_auradon_tile_31_2","p":-7,"q":-32,"w":89,"x":553,"y":645
},{
"h":63,"n":"tiles_auradon_tile_11_2","p":-6,"q":-33,"w":90,"x":643,"y":645
},{
"h":62,"n":"tiles_auradon_bg1_tile_03_0","p":-5,"q":-34,"w":91,"x":734,"y":645
},{
"h":63,"n":"tiles_auradon_tile_00_6","p":-8,"q":-33,"w":88,"x":553,"y":710
},{
"h":63,"n":"tiles_auradon_tile_03_2","p":0,"q":-33,"w":81,"x":553,"y":774
}
]
],"meta":{
"atlas":[
"world_level_02_image_0.png","world_level_02_image_1.png","world_level_02_image_2.png","world_level_02_image_3.png","world_level_02_image_4.png"
]
}
}
