{
"animations":[

],"atlas":[
[
{
"h":256,"n":"tiles_cotillion_bgsky_9__1","p":0,"q":0,"w":256,"x":1,"y":1
},{
"h":256,"n":"tiles_cotillion_bgsky_9__0","p":0,"q":0,"w":256,"x":258,"y":1
},{
"h":256,"n":"tiles_cotillion_bgsky_8","p":0,"q":0,"w":256,"x":515,"y":1
},{
"h":256,"n":"tiles_cotillion_bgsky_7","p":0,"q":0,"w":256,"x":1,"y":258
},{
"h":256,"n":"tiles_cotillion_bgsky_6","p":0,"q":0,"w":256,"x":1,"y":515
},{
"h":256,"n":"tiles_cotillion_bgsky_5","p":0,"q":0,"w":256,"x":258,"y":258
},{
"h":256,"n":"tiles_cotillion_bgsky_21","p":0,"q":0,"w":256,"x":515,"y":258
},{
"h":256,"n":"tiles_cotillion_bgsky_20","p":0,"q":0,"w":256,"x":258,"y":515
},{
"h":256,"n":"tiles_cotillion_bgsky_19","p":0,"q":0,"w":256,"x":515,"y":515
},{
"h":96,"n":"tiles_bossroom_tile_39_3","p":0,"q":0,"w":96,"x":772,"y":1
},{
"h":96,"n":"tiles_bossroom_tile_39_2","p":0,"q":0,"w":96,"x":869,"y":1
},{
"h":96,"n":"tiles_bossroom_tile_39_1","p":0,"q":0,"w":96,"x":772,"y":98
},{
"h":96,"n":"tiles_bossroom_tile_39_0","p":0,"q":0,"w":96,"x":869,"y":98
},{
"h":96,"n":"tiles_bossroom_tile_38_3","p":0,"q":0,"w":96,"x":1,"y":772
},{
"h":96,"n":"tiles_bossroom_tile_38_2","p":0,"q":0,"w":96,"x":1,"y":869
},{
"h":96,"n":"tiles_bossroom_tile_38_1","p":0,"q":0,"w":96,"x":98,"y":772
},{
"h":96,"n":"tiles_bossroom_tile_38_0","p":0,"q":0,"w":96,"x":98,"y":869
},{
"h":96,"n":"tiles_bossroom_tile_37_3","p":0,"q":0,"w":96,"x":772,"y":258
},{
"h":96,"n":"tiles_bossroom_tile_37_2","p":0,"q":0,"w":96,"x":869,"y":258
},{
"h":96,"n":"tiles_bossroom_tile_37_1","p":0,"q":0,"w":96,"x":772,"y":355
},{
"h":96,"n":"tiles_bossroom_tile_37_0","p":0,"q":0,"w":96,"x":869,"y":355
},{
"h":96,"n":"tiles_bossroom_tile_36_3","p":0,"q":0,"w":96,"x":258,"y":772
},{
"h":96,"n":"tiles_bossroom_tile_36_1","p":0,"q":0,"w":96,"x":258,"y":869
},{
"h":96,"n":"tiles_bossroom_tile_36_0","p":0,"q":0,"w":96,"x":355,"y":772
},{
"h":96,"n":"tiles_bossroom_tile_35_3","p":0,"q":0,"w":96,"x":355,"y":869
},{
"h":96,"n":"tiles_bossroom_tile_35_2","p":0,"q":0,"w":96,"x":772,"y":515
},{
"h":96,"n":"tiles_bossroom_tile_35_1","p":0,"q":0,"w":96,"x":869,"y":515
},{
"h":96,"n":"tiles_bossroom_tile_35_0","p":0,"q":0,"w":96,"x":772,"y":612
},{
"h":96,"n":"tiles_bossroom_tile_34_3","p":0,"q":0,"w":96,"x":869,"y":612
},{
"h":96,"n":"tiles_bossroom_tile_34_2","p":0,"q":0,"w":96,"x":515,"y":772
},{
"h":96,"n":"tiles_bossroom_tile_34_1","p":0,"q":0,"w":96,"x":515,"y":869
},{
"h":96,"n":"tiles_bossroom_tile_34_0","p":0,"q":0,"w":96,"x":612,"y":772
},{
"h":96,"n":"tiles_bossroom_tile_33_3","p":0,"q":0,"w":96,"x":612,"y":869
},{
"h":96,"n":"tiles_bossroom_tile_33_2","p":0,"q":0,"w":96,"x":709,"y":772
},{
"h":96,"n":"tiles_bossroom_tile_33_1","p":0,"q":0,"w":96,"x":709,"y":869
},{
"h":96,"n":"tiles_bossroom_tile_33_0","p":0,"q":0,"w":96,"x":806,"y":772
},{
"h":96,"n":"tiles_bossroom_tile_32_3","p":0,"q":0,"w":96,"x":903,"y":772
},{
"h":96,"n":"tiles_bossroom_tile_32_2","p":0,"q":0,"w":96,"x":806,"y":869
},{
"h":96,"n":"tiles_bossroom_tile_32_1","p":0,"q":0,"w":96,"x":903,"y":869
},{
"h":115,"n":"scn_sprite_mirror_2","p":36,"q":58,"w":59,"x":195,"y":869
},{
"h":115,"n":"scn_sprite_mirror_1","p":36,"q":58,"w":59,"x":452,"y":869
},{
"h":49,"n":"tiles_bossroom_tile_05_1","p":0,"q":-47,"w":96,"x":772,"y":195
},{
"h":46,"n":"tiles_bossroom_tile_09_3","p":0,"q":-50,"w":96,"x":869,"y":195
},{
"h":96,"n":"tiles_bossroom_tile_13_3","p":-34,"q":0,"w":29,"x":966,"y":1
},{
"h":96,"n":"tiles_bossroom_tile_06_1","p":0,"q":0,"w":23,"x":996,"y":1
},{
"h":96,"n":"tiles_bossroom_tile_04_2","p":-73,"q":0,"w":23,"x":966,"y":98
}
],[
{
"h":256,"n":"tiles_cotillion_bgsky_18","p":0,"q":0,"w":256,"x":1,"y":1
},{
"h":256,"n":"tiles_cotillion_bgsky_13__2","p":0,"q":0,"w":256,"x":258,"y":1
},{
"h":256,"n":"tiles_cotillion_bgsky_13__1","p":0,"q":0,"w":256,"x":515,"y":1
},{
"h":256,"n":"tiles_cotillion_bgsky_13__0","p":0,"q":0,"w":256,"x":1,"y":258
},{
"h":256,"n":"tiles_cotillion_bgsky_12","p":0,"q":0,"w":256,"x":1,"y":515
},{
"h":256,"n":"tiles_cotillion_bgsky_11","p":0,"q":0,"w":256,"x":258,"y":258
},{
"h":256,"n":"tiles_cotillion_bgsky_10","p":0,"q":0,"w":256,"x":515,"y":258
},{
"h":315,"n":"scn_sprite_bossplatform","p":84,"q":158,"w":167,"x":258,"y":515
},{
"h":96,"n":"tiles_bossroom_tile_32_0","p":0,"q":0,"w":96,"x":772,"y":1
},{
"h":96,"n":"tiles_bossroom_tile_31_3","p":0,"q":0,"w":96,"x":869,"y":1
},{
"h":96,"n":"tiles_bossroom_tile_31_2","p":0,"q":0,"w":96,"x":772,"y":98
},{
"h":96,"n":"tiles_bossroom_tile_31_1","p":0,"q":0,"w":96,"x":869,"y":98
},{
"h":96,"n":"tiles_bossroom_tile_31_0","p":0,"q":0,"w":96,"x":1,"y":772
},{
"h":96,"n":"tiles_bossroom_tile_30_3","p":0,"q":0,"w":96,"x":1,"y":869
},{
"h":96,"n":"tiles_bossroom_tile_30_2","p":0,"q":0,"w":96,"x":98,"y":772
},{
"h":96,"n":"tiles_bossroom_tile_30_1","p":0,"q":0,"w":96,"x":98,"y":869
},{
"h":96,"n":"tiles_bossroom_tile_30_0","p":0,"q":0,"w":96,"x":772,"y":258
},{
"h":96,"n":"tiles_bossroom_tile_29_3","p":0,"q":0,"w":96,"x":869,"y":258
},{
"h":96,"n":"tiles_bossroom_tile_29_2","p":0,"q":0,"w":96,"x":772,"y":355
},{
"h":96,"n":"tiles_bossroom_tile_29_1","p":0,"q":0,"w":96,"x":869,"y":355
},{
"h":96,"n":"tiles_bossroom_tile_29_0","p":0,"q":0,"w":96,"x":258,"y":831
},{
"h":96,"n":"tiles_bossroom_tile_28_3","p":0,"q":0,"w":96,"x":258,"y":928
},{
"h":96,"n":"tiles_bossroom_tile_28_2","p":0,"q":0,"w":96,"x":426,"y":515
},{
"h":96,"n":"tiles_bossroom_tile_28_1","p":0,"q":0,"w":96,"x":426,"y":612
},{
"h":96,"n":"tiles_bossroom_tile_28_0","p":0,"q":0,"w":96,"x":426,"y":709
},{
"h":96,"n":"tiles_bossroom_tile_27_3","p":0,"q":0,"w":96,"x":426,"y":806
},{
"h":96,"n":"tiles_bossroom_tile_27_2","p":0,"q":0,"w":96,"x":426,"y":903
},{
"h":96,"n":"tiles_bossroom_tile_27_1","p":0,"q":0,"w":96,"x":523,"y":515
},{
"h":96,"n":"tiles_bossroom_tile_27_0","p":0,"q":0,"w":96,"x":620,"y":515
},{
"h":96,"n":"tiles_bossroom_tile_26_3","p":0,"q":0,"w":96,"x":717,"y":515
},{
"h":96,"n":"tiles_bossroom_tile_26_2","p":0,"q":0,"w":96,"x":814,"y":515
},{
"h":96,"n":"tiles_bossroom_tile_26_1","p":0,"q":0,"w":96,"x":911,"y":515
},{
"h":96,"n":"tiles_bossroom_tile_26_0","p":0,"q":0,"w":96,"x":523,"y":612
},{
"h":96,"n":"tiles_bossroom_tile_25_3","p":0,"q":0,"w":96,"x":523,"y":709
},{
"h":96,"n":"tiles_bossroom_tile_25_2","p":0,"q":0,"w":96,"x":523,"y":806
},{
"h":96,"n":"tiles_bossroom_tile_25_1","p":0,"q":0,"w":96,"x":523,"y":903
},{
"h":96,"n":"tiles_bossroom_tile_25_0","p":0,"q":0,"w":96,"x":620,"y":612
},{
"h":96,"n":"tiles_bossroom_tile_24_3","p":0,"q":0,"w":96,"x":717,"y":612
},{
"h":96,"n":"tiles_bossroom_tile_24_2","p":0,"q":0,"w":96,"x":814,"y":612
},{
"h":96,"n":"tiles_bossroom_tile_24_1","p":0,"q":0,"w":96,"x":911,"y":612
},{
"h":96,"n":"tiles_bossroom_tile_24_0","p":0,"q":0,"w":96,"x":620,"y":709
},{
"h":96,"n":"tiles_bossroom_tile_23_3","p":0,"q":0,"w":96,"x":620,"y":806
},{
"h":96,"n":"tiles_bossroom_tile_23_2","p":0,"q":0,"w":96,"x":620,"y":903
},{
"h":96,"n":"tiles_bossroom_tile_23_1","p":0,"q":0,"w":96,"x":717,"y":709
},{
"h":96,"n":"tiles_bossroom_tile_23_0","p":0,"q":0,"w":96,"x":814,"y":709
},{
"h":96,"n":"tiles_bossroom_tile_22_2","p":0,"q":0,"w":96,"x":911,"y":709
},{
"h":96,"n":"tiles_bossroom_tile_22_1","p":0,"q":0,"w":96,"x":717,"y":806
},{
"h":96,"n":"tiles_bossroom_tile_22_0","p":0,"q":0,"w":96,"x":717,"y":903
},{
"h":96,"n":"tiles_bossroom_tile_21_2","p":0,"q":0,"w":96,"x":814,"y":806
},{
"h":96,"n":"tiles_bossroom_tile_21_1","p":0,"q":0,"w":96,"x":911,"y":806
},{
"h":96,"n":"tiles_bossroom_tile_21_0","p":0,"q":0,"w":96,"x":814,"y":903
},{
"h":96,"n":"tiles_bossroom_tile_20_3","p":0,"q":0,"w":96,"x":911,"y":903
}
],[
{
"h":96,"n":"tiles_bossroom_tile_20_2","p":0,"q":0,"w":96,"x":1,"y":1
},{
"h":96,"n":"tiles_bossroom_tile_20_1","p":0,"q":0,"w":96,"x":98,"y":1
},{
"h":96,"n":"tiles_bossroom_tile_20_0","p":0,"q":0,"w":96,"x":195,"y":1
},{
"h":96,"n":"tiles_bossroom_tile_19_3","p":0,"q":0,"w":96,"x":292,"y":1
},{
"h":96,"n":"tiles_bossroom_tile_19_2","p":0,"q":0,"w":96,"x":389,"y":1
},{
"h":96,"n":"tiles_bossroom_tile_19_1","p":0,"q":0,"w":96,"x":486,"y":1
},{
"h":96,"n":"tiles_bossroom_tile_19_0","p":0,"q":0,"w":96,"x":583,"y":1
},{
"h":96,"n":"tiles_bossroom_tile_18_2","p":0,"q":0,"w":96,"x":680,"y":1
},{
"h":96,"n":"tiles_bossroom_tile_18_1","p":0,"q":0,"w":96,"x":777,"y":1
},{
"h":96,"n":"tiles_bossroom_tile_18_0","p":0,"q":0,"w":96,"x":874,"y":1
},{
"h":96,"n":"tiles_bossroom_tile_17_2","p":0,"q":0,"w":96,"x":1,"y":98
},{
"h":96,"n":"tiles_bossroom_tile_17_1","p":0,"q":0,"w":96,"x":1,"y":195
},{
"h":96,"n":"tiles_bossroom_tile_17_0","p":0,"q":0,"w":96,"x":1,"y":292
},{
"h":96,"n":"tiles_bossroom_tile_16_2","p":0,"q":0,"w":96,"x":1,"y":389
},{
"h":96,"n":"tiles_bossroom_tile_16_1","p":0,"q":0,"w":96,"x":1,"y":486
},{
"h":96,"n":"tiles_bossroom_tile_16_0","p":0,"q":0,"w":96,"x":1,"y":583
},{
"h":96,"n":"tiles_bossroom_tile_15_3","p":0,"q":0,"w":96,"x":1,"y":680
},{
"h":96,"n":"tiles_bossroom_tile_15_2","p":0,"q":0,"w":96,"x":1,"y":777
},{
"h":96,"n":"tiles_bossroom_tile_15_1","p":0,"q":0,"w":96,"x":1,"y":874
},{
"h":96,"n":"tiles_bossroom_tile_15_0","p":0,"q":0,"w":96,"x":98,"y":98
},{
"h":96,"n":"tiles_bossroom_tile_14_3","p":0,"q":0,"w":96,"x":195,"y":98
},{
"h":96,"n":"tiles_bossroom_tile_14_2","p":0,"q":0,"w":96,"x":292,"y":98
},{
"h":96,"n":"tiles_bossroom_tile_14_1","p":0,"q":0,"w":96,"x":389,"y":98
},{
"h":96,"n":"tiles_bossroom_tile_14_0","p":0,"q":0,"w":96,"x":486,"y":98
},{
"h":96,"n":"tiles_bossroom_tile_13_2","p":0,"q":0,"w":96,"x":583,"y":98
},{
"h":96,"n":"tiles_bossroom_tile_13_1","p":0,"q":0,"w":96,"x":680,"y":98
},{
"h":96,"n":"tiles_bossroom_tile_13_0","p":0,"q":0,"w":96,"x":777,"y":98
},{
"h":96,"n":"tiles_bossroom_tile_12_1","p":0,"q":0,"w":96,"x":874,"y":98
},{
"h":96,"n":"tiles_bossroom_tile_12_0","p":0,"q":0,"w":96,"x":98,"y":195
},{
"h":96,"n":"tiles_bossroom_tile_11_2","p":0,"q":0,"w":96,"x":98,"y":292
},{
"h":96,"n":"tiles_bossroom_tile_11_0","p":0,"q":0,"w":96,"x":98,"y":389
},{
"h":96,"n":"tiles_bossroom_tile_10_3","p":0,"q":0,"w":96,"x":98,"y":486
},{
"h":96,"n":"tiles_bossroom_tile_10_2","p":0,"q":0,"w":96,"x":98,"y":583
},{
"h":96,"n":"tiles_bossroom_tile_10_1","p":0,"q":0,"w":96,"x":98,"y":680
},{
"h":96,"n":"tiles_bossroom_tile_10_0","p":0,"q":0,"w":96,"x":98,"y":777
},{
"h":96,"n":"tiles_bossroom_tile_09_2","p":0,"q":0,"w":96,"x":98,"y":874
},{
"h":96,"n":"tiles_bossroom_tile_09_1","p":0,"q":0,"w":96,"x":195,"y":195
},{
"h":96,"n":"tiles_bossroom_tile_09_0","p":0,"q":0,"w":96,"x":292,"y":195
},{
"h":96,"n":"tiles_bossroom_tile_08_3","p":0,"q":0,"w":96,"x":389,"y":195
},{
"h":96,"n":"tiles_bossroom_tile_08_0","p":0,"q":0,"w":96,"x":486,"y":195
},{
"h":96,"n":"tiles_bossroom_tile_07_3","p":0,"q":0,"w":96,"x":583,"y":195
},{
"h":96,"n":"tiles_bossroom_tile_07_2","p":0,"q":0,"w":96,"x":680,"y":195
},{
"h":96,"n":"tiles_bossroom_tile_07_0","p":0,"q":0,"w":96,"x":777,"y":195
},{
"h":96,"n":"tiles_bossroom_tile_06_2","p":0,"q":0,"w":96,"x":874,"y":195
},{
"h":96,"n":"tiles_bossroom_tile_06_0","p":0,"q":0,"w":96,"x":195,"y":292
},{
"h":96,"n":"tiles_bossroom_tile_05_3","p":0,"q":0,"w":96,"x":195,"y":389
},{
"h":96,"n":"tiles_bossroom_tile_05_2","p":0,"q":0,"w":96,"x":195,"y":486
},{
"h":96,"n":"tiles_bossroom_tile_05_0","p":0,"q":0,"w":96,"x":195,"y":583
},{
"h":96,"n":"tiles_bossroom_tile_04_3","p":0,"q":0,"w":96,"x":195,"y":680
},{
"h":96,"n":"tiles_bossroom_tile_04_0","p":0,"q":0,"w":96,"x":195,"y":777
},{
"h":96,"n":"tiles_bossroom_tile_03_3","p":0,"q":0,"w":96,"x":195,"y":874
},{
"h":96,"n":"tiles_bossroom_tile_01_3","p":0,"q":0,"w":96,"x":292,"y":292
},{
"h":96,"n":"tiles_bossroom_tile_00_3","p":0,"q":0,"w":96,"x":389,"y":292
},{
"h":93,"n":"tiles_bossroom_tile_16_3","p":0,"q":-3,"w":96,"x":486,"y":292
},{
"h":93,"n":"tiles_bossroom_tile_11_3","p":0,"q":-3,"w":96,"x":583,"y":292
},{
"h":93,"n":"tiles_bossroom_tile_08_1","p":0,"q":-3,"w":96,"x":680,"y":292
},{
"h":93,"n":"tiles_bossroom_tile_06_3","p":0,"q":-3,"w":96,"x":777,"y":292
},{
"h":91,"n":"tiles_bossroom_tile_02_3","p":0,"q":0,"w":96,"x":874,"y":292
},{
"h":87,"n":"tiles_bossroom_tile_04_1","p":0,"q":0,"w":96,"x":292,"y":389
},{
"h":91,"n":"scn_sprite_mirror_glow","p":39,"q":46,"w":78,"x":292,"y":477
}
]
],"meta":{
"atlas":[
"world_boss_room_image_0.png","world_boss_room_image_1.png","world_boss_room_image_2.png"
]
}
}
