{
"animations":[
{
"f":77,"l":[
{
"f":[
{
"c":0,"g":0,"h":0.485,"i":2,"k":95,"n":0,"p":12,"t":0,"u":0,"v":0,"w":0.83,"x":118.381,"y":7.037
},{
"c":0,"g":0,"h":0.784,"i":2,"k":95,"n":12,"p":18,"t":0.737,"u":0,"v":0,"w":1.341,"x":118.382,"y":7.038
},{
"c":0,"g":0,"h":0.89,"i":2,"k":95,"n":18,"p":24,"t":0.792,"u":0,"v":0,"w":1.522,"x":118.382,"y":7.038
},{
"c":0,"g":0,"h":0.78,"i":2,"k":95,"n":24,"p":37,"t":0.725,"u":0,"v":0,"w":1.334,"x":118.382,"y":7.038
},{
"c":0,"g":0,"h":0.486,"i":2,"k":95,"n":37,"t":0,"u":0,"v":0,"w":0.832,"x":118.382,"y":7.038
}
]
},{
"f":[
{
"c":0,"g":0,"h":0.485,"i":2,"k":95,"n":0,"p":12,"t":0,"u":0,"v":0,"w":0.83,"x":56.574,"y":-12.679
},{
"c":0,"g":0,"h":0.784,"i":2,"k":95,"n":12,"p":18,"t":0.737,"u":0,"v":0,"w":1.341,"x":56.575,"y":-12.68
},{
"c":0,"g":0,"h":0.89,"i":2,"k":95,"n":18,"p":24,"t":0.784,"u":0,"v":0,"w":1.522,"x":56.575,"y":-12.68
},{
"c":0,"g":0,"h":0.78,"i":2,"k":95,"n":24,"p":37,"t":0.725,"u":0,"v":0,"w":1.334,"x":56.575,"y":-12.68
},{
"c":0,"g":0,"h":0.486,"i":2,"k":95,"n":37,"t":0,"u":0,"v":0,"w":0.832,"x":56.575,"y":-12.68
},{
"c":0,"g":0,"h":0.485,"i":2,"k":95,"n":38,"p":50,"t":0,"u":0,"v":0,"w":0.83,"x":56.574,"y":-12.679
},{
"c":0,"g":0,"h":0.784,"i":2,"k":95,"n":50,"p":56,"t":0.737,"u":0,"v":0,"w":1.341,"x":56.575,"y":-12.68
},{
"c":0,"g":0,"h":0.89,"i":2,"k":95,"n":56,"p":62,"t":0.776,"u":0,"v":0,"w":1.522,"x":56.575,"y":-12.68
},{
"c":0,"g":0,"h":0.78,"i":2,"k":95,"n":62,"p":75,"t":0.725,"u":0,"v":0,"w":1.334,"x":56.575,"y":-12.68
},{
"c":0,"g":0,"h":0.486,"i":2,"k":95,"n":75,"t":0,"u":0,"v":0,"w":0.832,"x":56.575,"y":-12.68
}
]
},{
"f":[
{
"c":0,"g":0,"h":0.798,"i":2,"k":95,"n":0,"p":1,"t":0.768,"u":0,"v":0,"w":1.365,"x":-53.026,"y":-16.059
},{
"c":0,"g":0,"h":0.78,"i":2,"k":95,"n":1,"p":14,"t":0.725,"u":0,"v":0,"w":1.334,"x":-53.026,"y":-16.059
},{
"c":0,"g":0,"h":0.486,"i":2,"k":95,"n":14,"t":0,"u":0,"v":0,"w":0.832,"x":-53.026,"y":-16.059
},{
"c":0,"g":0,"h":0.485,"i":2,"k":95,"n":17,"p":28,"t":0,"u":0,"v":0,"w":0.83,"x":-53.025,"y":-16.059
},{
"c":0,"g":0,"h":0.784,"i":2,"k":95,"n":28,"p":34,"t":0.737,"u":0,"v":0,"w":1.341,"x":-53.026,"y":-16.059
},{
"c":0,"g":0,"h":0.89,"i":2,"k":95,"n":34,"p":40,"t":0.784,"u":0,"v":0,"w":1.522,"x":-53.025,"y":-16.059
},{
"c":0,"g":0,"h":0.78,"i":2,"k":95,"n":40,"p":53,"t":0.725,"u":0,"v":0,"w":1.334,"x":-53.026,"y":-16.059
},{
"c":0,"g":0,"h":0.486,"i":2,"k":95,"n":53,"t":0,"u":0,"v":0,"w":0.832,"x":-53.026,"y":-16.059
},{
"c":0,"g":0,"h":0.485,"i":2,"k":95,"n":54,"p":65,"t":0,"u":0,"v":0,"w":0.83,"x":-53.025,"y":-16.059
},{
"c":0,"g":0,"h":0.784,"i":2,"k":95,"n":65,"p":71,"t":0.737,"u":0,"v":0,"w":1.341,"x":-53.026,"y":-16.059
},{
"c":0,"g":0,"h":0.89,"i":2,"k":95,"n":71,"p":75,"t":0.8,"u":0,"v":0,"w":1.522,"x":-53.025,"y":-16.059
},{
"c":0,"g":0,"h":0.816,"i":2,"k":95,"n":75,"p":76,"t":0.815,"u":0,"v":0,"w":1.396,"x":-53.026,"y":-16.059
},{
"c":0,"g":0,"h":0.798,"i":2,"k":95,"n":76,"t":0.768,"u":0,"v":0,"w":1.365,"x":-53.026,"y":-16.059
}
]
},{
"f":[
{
"c":0,"g":0,"h":0.712,"i":2,"k":95,"n":0,"p":10,"t":0.552,"u":0,"v":0,"w":1.218,"x":78.703,"y":0.005
},{
"c":0,"g":0,"h":0.486,"i":2,"k":95,"n":10,"t":0,"u":0,"v":0,"w":0.832,"x":78.703,"y":0.006
},{
"c":0,"g":0,"h":0.485,"i":2,"k":95,"n":14,"p":25,"t":0,"u":0,"v":0,"w":0.83,"x":78.703,"y":0.005
},{
"c":0,"g":0,"h":0.784,"i":2,"k":95,"n":25,"p":31,"t":0.737,"u":0,"v":0,"w":1.341,"x":78.703,"y":0.006
},{
"c":0,"g":0,"h":0.89,"i":2,"k":95,"n":31,"p":37,"t":0.784,"u":0,"v":0,"w":1.522,"x":78.703,"y":0.006
},{
"c":0,"g":0,"h":0.78,"i":2,"k":95,"n":37,"p":50,"t":0.725,"u":0,"v":0,"w":1.334,"x":78.703,"y":0.006
},{
"c":0,"g":0,"h":0.486,"i":2,"k":95,"n":50,"t":0,"u":0,"v":0,"w":0.832,"x":78.703,"y":0.006
},{
"c":0,"g":0,"h":0.485,"i":2,"k":95,"n":51,"p":62,"t":0,"u":0,"v":0,"w":0.83,"x":78.703,"y":0.005
},{
"c":0,"g":0,"h":0.784,"i":2,"k":95,"n":62,"p":68,"t":0.737,"u":0,"v":0,"w":1.341,"x":78.703,"y":0.006
},{
"c":0,"g":0,"h":0.89,"i":2,"k":95,"n":68,"p":74,"t":0.784,"u":0,"v":0,"w":1.522,"x":78.703,"y":0.006
},{
"c":0,"g":0,"h":0.78,"i":2,"k":95,"n":74,"p":76,"t":0.725,"u":0,"v":0,"w":1.334,"x":78.703,"y":0.006
},{
"c":0,"g":0,"h":0.735,"i":2,"k":95,"n":76,"t":0.611,"u":0,"v":0,"w":1.256,"x":78.703,"y":0.005
}
]
},{
"f":[
{
"c":0,"g":0,"h":0.485,"i":2,"k":95,"n":0,"t":0,"u":0,"v":0,"w":0.83,"x":51.662,"y":17.619
},{
"c":0,"g":0,"h":0.485,"i":2,"k":95,"n":24,"p":35,"t":0,"u":0,"v":0,"w":0.83,"x":51.662,"y":17.619
},{
"c":0,"g":0,"h":0.784,"i":2,"k":95,"n":35,"p":44,"t":0.737,"u":0,"v":0,"w":1.341,"x":51.662,"y":17.62
},{
"c":0,"g":0,"h":0.89,"i":2,"k":95,"n":44,"p":50,"t":1,"u":0,"v":0,"w":1.522,"x":51.662,"y":17.62
},{
"c":0,"g":0,"h":0.78,"i":2,"k":95,"n":50,"p":64,"t":0.725,"u":0,"v":0,"w":1.334,"x":51.661,"y":17.62
},{
"c":0,"g":0,"h":0.486,"i":2,"k":95,"n":64,"t":0,"u":0,"v":0,"w":0.832,"x":51.662,"y":17.62
}
]
},{
"f":[
{
"c":0,"g":0,"h":0.676,"i":2,"k":95,"n":0,"p":4,"t":0.466,"u":0,"v":0,"w":1.155,"x":-2.652,"y":1.188
},{
"c":0,"g":0,"h":0.784,"i":2,"k":95,"n":4,"p":13,"t":0.737,"u":0,"v":0,"w":1.341,"x":-2.652,"y":1.188
},{
"c":0,"g":0,"h":0.89,"i":2,"k":95,"n":13,"p":19,"t":0.792,"u":0,"v":0,"w":1.522,"x":-2.652,"y":1.188
},{
"c":0,"g":0,"h":0.78,"i":2,"k":95,"n":19,"p":32,"t":0.725,"u":0,"v":0,"w":1.334,"x":-2.652,"y":1.188
},{
"c":0,"g":0,"h":0.486,"i":2,"k":95,"n":32,"t":0,"u":0,"v":0,"w":0.832,"x":-2.652,"y":1.188
},{
"c":0,"g":0,"h":0.485,"i":2,"k":95,"n":33,"p":42,"t":0,"u":0,"v":0,"w":0.83,"x":-2.651,"y":1.188
},{
"c":0,"g":0,"h":0.784,"i":2,"k":95,"n":42,"p":51,"t":0.737,"u":0,"v":0,"w":1.341,"x":-2.652,"y":1.188
},{
"c":0,"g":0,"h":0.89,"i":2,"k":95,"n":51,"p":57,"t":0.768,"u":0,"v":0,"w":1.522,"x":-2.652,"y":1.188
},{
"c":0,"g":0,"h":0.78,"i":2,"k":95,"n":57,"p":69,"t":0.725,"u":0,"v":0,"w":1.334,"x":-2.652,"y":1.188
},{
"c":0,"g":0,"h":0.486,"i":2,"k":95,"n":69,"t":0,"u":0,"v":0,"w":0.832,"x":-2.652,"y":1.188
},{
"c":0,"g":0,"h":0.485,"i":2,"k":95,"n":70,"p":76,"t":0,"u":0,"v":0,"w":0.83,"x":-2.651,"y":1.188
},{
"c":0,"g":0,"h":0.648,"i":2,"k":95,"n":76,"t":0.4,"u":0,"v":0,"w":1.109,"x":-2.652,"y":1.188
}
]
},{
"f":[
{
"c":0,"g":0,"h":0.485,"i":2,"k":95,"n":0,"t":0,"u":0,"v":0,"w":0.83,"x":-120.586,"y":5.334
},{
"c":0,"g":0,"h":0.485,"i":2,"k":95,"n":22,"p":33,"t":0,"u":0,"v":0,"w":0.83,"x":-120.586,"y":5.334
},{
"c":0,"g":0,"h":0.784,"i":2,"k":95,"n":33,"p":42,"t":0.737,"u":0,"v":0,"w":1.341,"x":-120.587,"y":5.334
},{
"c":0,"g":0,"h":0.89,"i":2,"k":95,"n":42,"p":48,"t":0.815,"u":0,"v":0,"w":1.522,"x":-120.587,"y":5.334
},{
"c":0,"g":0,"h":0.78,"i":2,"k":95,"n":48,"p":62,"t":0.725,"u":0,"v":0,"w":1.334,"x":-120.586,"y":5.334
},{
"c":0,"g":0,"h":0.486,"i":2,"k":95,"n":62,"t":0,"u":0,"v":0,"w":0.832,"x":-120.587,"y":5.334
}
]
},{
"f":[
{
"c":0,"g":0,"h":0.485,"i":2,"k":95,"n":0,"t":0,"u":0,"v":0,"w":0.83,"x":34.242,"y":-10.366
},{
"c":0,"g":0,"h":0.485,"i":2,"k":95,"n":30,"p":41,"t":0,"u":0,"v":0,"w":0.83,"x":34.242,"y":-10.366
},{
"c":0,"g":0,"h":0.784,"i":2,"k":95,"n":41,"p":50,"t":0.737,"u":0,"v":0,"w":1.341,"x":34.242,"y":-10.367
},{
"c":0,"g":0,"h":0.89,"i":2,"k":95,"n":50,"p":56,"t":0.835,"u":0,"v":0,"w":1.522,"x":34.242,"y":-10.367
},{
"c":0,"g":0,"h":0.78,"i":2,"k":95,"n":56,"p":69,"t":0.725,"u":0,"v":0,"w":1.334,"x":34.242,"y":-10.367
},{
"c":0,"g":0,"h":0.486,"i":2,"k":95,"n":69,"t":0,"u":0,"v":0,"w":0.832,"x":34.242,"y":-10.367
}
]
}
],"n":"ScnEnvSealight1","r":30
}
],"atlas":[
[
{
"h":481,"n":"scn_sprite_tower","p":92,"q":241,"w":184,"x":1,"y":1
},{
"h":256,"n":"tiles_cotillion_bgsky_9__1","p":0,"q":0,"w":256,"x":186,"y":1
},{
"h":256,"n":"tiles_cotillion_bgsky_9__0","p":0,"q":0,"w":256,"x":443,"y":1
},{
"h":256,"n":"tiles_cotillion_bgsky_8","p":0,"q":0,"w":256,"x":700,"y":1
},{
"h":256,"n":"tiles_cotillion_bgsky_7","p":0,"q":0,"w":256,"x":186,"y":258
},{
"h":256,"n":"tiles_cotillion_bgsky_6","p":0,"q":0,"w":256,"x":186,"y":515
},{
"h":256,"n":"tiles_cotillion_bgsky_5","p":0,"q":0,"w":256,"x":443,"y":258
},{
"h":256,"n":"tiles_cotillion_bgsky_4","p":0,"q":0,"w":256,"x":700,"y":258
},{
"h":256,"n":"tiles_cotillion_bgsky_3","p":0,"q":0,"w":256,"x":443,"y":515
},{
"h":256,"n":"tiles_cotillion_bgsky_23","p":0,"q":0,"w":256,"x":700,"y":515
},{
"h":291,"n":"scn_sprite_door2","p":64,"q":146,"w":128,"x":1,"y":483
},{
"h":214,"n":"scn_sprite_platform","p":59,"q":107,"w":118,"x":1,"y":775
},{
"h":61,"n":"scn_sprite_line1","p":143,"q":31,"w":286,"x":700,"y":772
},{
"h":96,"n":"tiles_cotillion_tile_39_10","p":0,"q":0,"w":96,"x":186,"y":772
},{
"h":96,"n":"tiles_cotillion_tile_38_3","p":0,"q":0,"w":96,"x":186,"y":869
},{
"h":96,"n":"tiles_cotillion_tile_38_0","p":0,"q":0,"w":96,"x":283,"y":772
},{
"h":96,"n":"tiles_cotillion_tile_37_3","p":0,"q":0,"w":96,"x":283,"y":869
},{
"h":96,"n":"tiles_cotillion_tile_37_0","p":0,"q":0,"w":96,"x":443,"y":772
},{
"h":96,"n":"tiles_cotillion_tile_36_3","p":0,"q":0,"w":96,"x":443,"y":869
},{
"h":96,"n":"tiles_cotillion_tile_36_0","p":0,"q":0,"w":96,"x":540,"y":772
},{
"h":96,"n":"tiles_cotillion_tile_35_8","p":0,"q":0,"w":96,"x":540,"y":869
},{
"h":96,"n":"tiles_cotillion_tile_35_10","p":0,"q":0,"w":96,"x":700,"y":834
},{
"h":96,"n":"tiles_cotillion_tile_34_3","p":0,"q":0,"w":96,"x":797,"y":834
},{
"h":96,"n":"tiles_cotillion_tile_34_0","p":0,"q":0,"w":96,"x":894,"y":834
},{
"h":90,"n":"tiles_cotillion_tile_38_8","p":0,"q":-6,"w":96,"x":700,"y":931
},{
"h":90,"n":"tiles_cotillion_tile_37_8","p":0,"q":-6,"w":96,"x":797,"y":931
},{
"h":90,"n":"tiles_cotillion_tile_34_8","p":0,"q":-6,"w":96,"x":894,"y":931
},{
"h":57,"n":"tiles_cotillion_bg1_tile_21_3","p":0,"q":0,"w":96,"x":186,"y":966
},{
"h":57,"n":"tiles_cotillion_bg1_tile_09_3","p":0,"q":0,"w":96,"x":283,"y":966
},{
"h":124,"n":"scn_sprite_tower5","p":21,"q":62,"w":42,"x":130,"y":483
},{
"h":75,"n":"scn_sprite_ribbon1","p":32,"q":38,"w":64,"x":120,"y":775
},{
"h":49,"n":"tiles_cotillion_tile_31_9","p":0,"q":0,"w":96,"x":443,"y":966
},{
"h":49,"n":"tiles_cotillion_tile_28_9","p":0,"q":0,"w":96,"x":540,"y":966
},{
"h":96,"n":"scn_sprite_tower4","p":18,"q":48,"w":36,"x":130,"y":608
},{
"h":94,"n":"scn_sprite_tower3","p":17,"q":47,"w":34,"x":120,"y":851
},{
"h":33,"n":"tiles_cotillion_bg1_tile_22_3","p":0,"q":0,"w":96,"x":1,"y":990
},{
"h":46,"n":"scn_sprite_ribbon2","p":21,"q":23,"w":41,"x":130,"y":705
},{
"h":96,"n":"scn_sprite_tower2","p":9,"q":48,"w":18,"x":167,"y":608
},{
"h":96,"n":"tiles_cotillion_tile_15_8","p":0,"q":0,"w":16,"x":957,"y":1
},{
"h":96,"n":"tiles_cotillion_tile_14_5","p":-80,"q":0,"w":16,"x":974,"y":1
},{
"h":96,"n":"tiles_cotillion_tile_13_8","p":-80,"q":0,"w":16,"x":991,"y":1
},{
"h":96,"n":"tiles_cotillion_tile_10_5","p":-80,"q":0,"w":16,"x":1008,"y":1
},{
"h":96,"n":"tiles_cotillion_tile_09_13","p":0,"q":0,"w":16,"x":957,"y":98
},{
"h":96,"n":"tiles_cotillion_tile_05_13","p":0,"q":0,"w":16,"x":974,"y":98
},{
"h":93,"n":"tiles_cotillion_tile_31_13","p":0,"q":0,"w":16,"x":155,"y":851
},{
"h":93,"n":"tiles_cotillion_tile_28_13","p":-80,"q":0,"w":16,"x":991,"y":98
},{
"h":81,"n":"tiles_cotillion_tile_27_13","p":0,"q":-15,"w":16,"x":1008,"y":98
},{
"h":81,"n":"tiles_cotillion_tile_24_13","p":-80,"q":-15,"w":16,"x":380,"y":772
},{
"h":81,"n":"tiles_cotillion_tile_18_9","p":-80,"q":-15,"w":16,"x":397,"y":772
},{
"h":81,"n":"tiles_cotillion_tile_17_9","p":0,"q":-15,"w":16,"x":414,"y":772
},{
"h":81,"n":"tiles_cotillion_tile_06_5","p":-80,"q":-15,"w":16,"x":380,"y":869
},{
"h":81,"n":"tiles_cotillion_tile_01_9","p":0,"q":-15,"w":16,"x":397,"y":869
},{
"h":81,"n":"tiles_cotillion_tile_01_13","p":0,"q":-15,"w":16,"x":414,"y":869
},{
"h":60,"n":"tiles_cotillion_tile_39_8","p":0,"q":-16,"w":18,"x":120,"y":946
},{
"h":60,"n":"tiles_cotillion_tile_36_8","p":-78,"q":-16,"w":18,"x":139,"y":946
},{
"h":38,"n":"tiles_cotillion_tile_34_9","p":0,"q":0,"w":16,"x":158,"y":946
},{
"h":38,"n":"tiles_cotillion_tile_33_9","p":-80,"q":0,"w":16,"x":158,"y":985
},{
"h":21,"n":"tiles_cotillion_tile_23_8","p":0,"q":0,"w":16,"x":130,"y":752
},{
"h":20,"n":"tiles_cotillion_tile_21_8","p":-80,"q":0,"w":16,"x":147,"y":752
}
],[
{
"h":256,"n":"tiles_cotillion_bgsky_22","p":0,"q":0,"w":256,"x":1,"y":1
},{
"h":256,"n":"tiles_cotillion_bgsky_2","p":0,"q":0,"w":256,"x":258,"y":1
},{
"h":256,"n":"tiles_cotillion_bgsky_12","p":0,"q":0,"w":256,"x":515,"y":1
},{
"h":256,"n":"tiles_cotillion_bgsky_11","p":0,"q":0,"w":256,"x":1,"y":258
},{
"h":256,"n":"tiles_cotillion_bgsky_10","p":0,"q":0,"w":256,"x":1,"y":515
},{
"h":256,"n":"tiles_cotillion_bgsky_1","p":0,"q":0,"w":256,"x":258,"y":258
},{
"h":291,"n":"scn_sprite_door","p":64,"q":146,"w":128,"x":258,"y":515
},{
"h":409,"n":"scn_sprite_farol","p":36,"q":205,"w":71,"x":387,"y":515
},{
"h":96,"n":"tiles_cotillion_tile_33_3","p":0,"q":0,"w":96,"x":772,"y":1
},{
"h":96,"n":"tiles_cotillion_tile_33_12","p":0,"q":0,"w":96,"x":869,"y":1
},{
"h":96,"n":"tiles_cotillion_tile_33_0","p":0,"q":0,"w":96,"x":772,"y":98
},{
"h":96,"n":"tiles_cotillion_tile_32_12","p":0,"q":0,"w":96,"x":869,"y":98
},{
"h":96,"n":"tiles_cotillion_tile_32_0","p":0,"q":0,"w":96,"x":1,"y":772
},{
"h":96,"n":"tiles_cotillion_tile_31_8","p":0,"q":0,"w":96,"x":1,"y":869
},{
"h":96,"n":"tiles_cotillion_tile_31_10","p":0,"q":0,"w":96,"x":98,"y":772
},{
"h":96,"n":"tiles_cotillion_tile_30_8","p":0,"q":0,"w":96,"x":98,"y":869
},{
"h":96,"n":"tiles_cotillion_tile_30_3","p":0,"q":0,"w":96,"x":515,"y":258
},{
"h":96,"n":"tiles_cotillion_tile_30_13","p":0,"q":0,"w":96,"x":515,"y":355
},{
"h":96,"n":"tiles_cotillion_tile_30_0","p":0,"q":0,"w":96,"x":612,"y":258
},{
"h":96,"n":"tiles_cotillion_tile_29_9","p":0,"q":0,"w":96,"x":612,"y":355
},{
"h":96,"n":"tiles_cotillion_tile_29_8","p":0,"q":0,"w":96,"x":709,"y":258
},{
"h":96,"n":"tiles_cotillion_tile_29_3","p":0,"q":0,"w":96,"x":709,"y":355
},{
"h":96,"n":"tiles_cotillion_tile_29_13","p":0,"q":0,"w":96,"x":806,"y":258
},{
"h":96,"n":"tiles_cotillion_tile_29_0","p":0,"q":0,"w":96,"x":903,"y":258
},{
"h":96,"n":"tiles_cotillion_tile_28_8","p":0,"q":0,"w":96,"x":806,"y":355
},{
"h":96,"n":"tiles_cotillion_tile_28_0","p":0,"q":0,"w":96,"x":903,"y":355
},{
"h":96,"n":"tiles_cotillion_tile_27_9","p":0,"q":0,"w":96,"x":258,"y":807
},{
"h":96,"n":"tiles_cotillion_tile_27_8","p":0,"q":0,"w":96,"x":258,"y":904
},{
"h":96,"n":"tiles_cotillion_tile_27_5","p":0,"q":0,"w":96,"x":459,"y":515
},{
"h":96,"n":"tiles_cotillion_tile_26_9","p":0,"q":0,"w":96,"x":459,"y":612
},{
"h":96,"n":"tiles_cotillion_tile_26_5","p":0,"q":0,"w":96,"x":459,"y":709
},{
"h":96,"n":"tiles_cotillion_tile_25_9","p":0,"q":0,"w":96,"x":459,"y":806
},{
"h":96,"n":"tiles_cotillion_tile_24_9","p":0,"q":0,"w":96,"x":459,"y":903
},{
"h":96,"n":"tiles_cotillion_tile_23_9","p":0,"q":0,"w":96,"x":556,"y":515
},{
"h":96,"n":"tiles_cotillion_tile_23_5","p":0,"q":0,"w":96,"x":653,"y":515
},{
"h":96,"n":"tiles_cotillion_tile_23_13","p":0,"q":0,"w":96,"x":750,"y":515
},{
"h":96,"n":"tiles_cotillion_tile_23_10","p":0,"q":0,"w":96,"x":847,"y":515
},{
"h":96,"n":"tiles_cotillion_tile_23_1","p":0,"q":0,"w":96,"x":556,"y":612
},{
"h":96,"n":"tiles_cotillion_tile_22_9","p":0,"q":0,"w":96,"x":556,"y":709
},{
"h":96,"n":"tiles_cotillion_tile_22_5","p":0,"q":0,"w":96,"x":556,"y":806
},{
"h":96,"n":"tiles_cotillion_tile_22_13","p":0,"q":0,"w":96,"x":556,"y":903
},{
"h":96,"n":"tiles_cotillion_tile_21_9","p":0,"q":0,"w":96,"x":653,"y":612
},{
"h":96,"n":"tiles_cotillion_tile_21_13","p":0,"q":0,"w":96,"x":750,"y":612
},{
"h":96,"n":"tiles_cotillion_tile_20_9","p":0,"q":0,"w":96,"x":847,"y":612
},{
"h":96,"n":"tiles_cotillion_tile_20_8","p":0,"q":0,"w":96,"x":653,"y":709
},{
"h":96,"n":"tiles_cotillion_tile_20_13","p":0,"q":0,"w":96,"x":653,"y":806
},{
"h":96,"n":"tiles_cotillion_tile_19_8","p":0,"q":0,"w":96,"x":653,"y":903
},{
"h":96,"n":"tiles_cotillion_tile_19_5","p":0,"q":0,"w":96,"x":750,"y":709
},{
"h":96,"n":"tiles_cotillion_tile_19_13","p":0,"q":0,"w":96,"x":847,"y":709
},{
"h":96,"n":"tiles_cotillion_tile_19_10","p":0,"q":0,"w":96,"x":750,"y":806
},{
"h":96,"n":"tiles_cotillion_tile_18_8","p":0,"q":0,"w":96,"x":750,"y":903
},{
"h":96,"n":"tiles_cotillion_tile_18_5","p":0,"q":0,"w":96,"x":847,"y":806
},{
"h":96,"n":"tiles_cotillion_tile_18_13","p":0,"q":0,"w":96,"x":847,"y":903
},{
"h":59,"n":"tiles_cotillion_tile_27_10","p":0,"q":-37,"w":96,"x":772,"y":195
},{
"h":49,"n":"tiles_cotillion_tile_04_10","p":0,"q":-47,"w":96,"x":869,"y":195
},{
"h":48,"n":"tiles_cotillion_tile_34_13","p":0,"q":0,"w":96,"x":1,"y":966
},{
"h":48,"n":"tiles_cotillion_tile_33_13","p":0,"q":0,"w":96,"x":98,"y":966
},{
"h":48,"n":"tiles_cotillion_tile_03_8","p":0,"q":0,"w":96,"x":515,"y":452
},{
"h":48,"n":"tiles_cotillion_tile_02_8","p":0,"q":0,"w":96,"x":612,"y":452
},{
"h":48,"n":"tiles_cotillion_tile_01_8","p":0,"q":0,"w":96,"x":709,"y":452
},{
"h":45,"n":"tiles_cotillion_bg1_tile_00_0","p":0,"q":-51,"w":96,"x":806,"y":452
},{
"h":45,"n":"tiles_cotillion_bg1_tile_02_0","p":0,"q":-51,"w":90,"x":903,"y":452
}
],[
{
"h":96,"n":"tiles_cotillion_tile_17_8","p":0,"q":0,"w":96,"x":1,"y":1
},{
"h":96,"n":"tiles_cotillion_tile_17_13","p":0,"q":0,"w":96,"x":98,"y":1
},{
"h":96,"n":"tiles_cotillion_tile_16_8","p":0,"q":0,"w":96,"x":195,"y":1
},{
"h":96,"n":"tiles_cotillion_tile_16_13","p":0,"q":0,"w":96,"x":292,"y":1
},{
"h":96,"n":"tiles_cotillion_tile_15_6","p":0,"q":0,"w":96,"x":389,"y":1
},{
"h":96,"n":"tiles_cotillion_tile_15_5","p":0,"q":0,"w":96,"x":486,"y":1
},{
"h":96,"n":"tiles_cotillion_tile_15_3","p":0,"q":0,"w":96,"x":583,"y":1
},{
"h":96,"n":"tiles_cotillion_tile_15_13","p":0,"q":0,"w":96,"x":680,"y":1
},{
"h":96,"n":"tiles_cotillion_tile_14_8","p":0,"q":0,"w":96,"x":777,"y":1
},{
"h":96,"n":"tiles_cotillion_tile_14_6","p":0,"q":0,"w":96,"x":874,"y":1
},{
"h":96,"n":"tiles_cotillion_tile_14_13","p":0,"q":0,"w":96,"x":1,"y":98
},{
"h":96,"n":"tiles_cotillion_tile_13_9","p":0,"q":0,"w":96,"x":1,"y":195
},{
"h":96,"n":"tiles_cotillion_tile_13_13","p":0,"q":0,"w":96,"x":1,"y":292
},{
"h":96,"n":"tiles_cotillion_tile_12_9","p":0,"q":0,"w":96,"x":1,"y":389
},{
"h":96,"n":"tiles_cotillion_tile_12_13","p":0,"q":0,"w":96,"x":1,"y":486
},{
"h":96,"n":"tiles_cotillion_tile_12_11","p":0,"q":0,"w":96,"x":1,"y":583
},{
"h":96,"n":"tiles_cotillion_tile_11_8","p":0,"q":0,"w":96,"x":1,"y":680
},{
"h":96,"n":"tiles_cotillion_tile_11_5","p":0,"q":0,"w":96,"x":1,"y":777
},{
"h":96,"n":"tiles_cotillion_tile_11_3","p":0,"q":0,"w":96,"x":1,"y":874
},{
"h":96,"n":"tiles_cotillion_tile_11_13","p":0,"q":0,"w":96,"x":98,"y":98
},{
"h":96,"n":"tiles_cotillion_tile_11_10","p":0,"q":0,"w":96,"x":195,"y":98
},{
"h":96,"n":"tiles_cotillion_tile_10_8","p":0,"q":0,"w":96,"x":292,"y":98
},{
"h":96,"n":"tiles_cotillion_tile_10_13","p":0,"q":0,"w":96,"x":389,"y":98
},{
"h":96,"n":"tiles_cotillion_tile_10_1","p":0,"q":0,"w":96,"x":486,"y":98
},{
"h":96,"n":"tiles_cotillion_tile_09_9","p":0,"q":0,"w":96,"x":583,"y":98
},{
"h":96,"n":"tiles_cotillion_tile_09_1","p":0,"q":0,"w":96,"x":680,"y":98
},{
"h":96,"n":"tiles_cotillion_tile_08_9","p":0,"q":0,"w":96,"x":777,"y":98
},{
"h":96,"n":"tiles_cotillion_tile_08_13","p":0,"q":0,"w":96,"x":874,"y":98
},{
"h":96,"n":"tiles_cotillion_tile_08_11","p":0,"q":0,"w":96,"x":98,"y":195
},{
"h":96,"n":"tiles_cotillion_tile_08_1","p":0,"q":0,"w":96,"x":98,"y":292
},{
"h":96,"n":"tiles_cotillion_tile_07_4","p":0,"q":0,"w":96,"x":98,"y":389
},{
"h":96,"n":"tiles_cotillion_tile_07_3","p":0,"q":0,"w":96,"x":98,"y":486
},{
"h":96,"n":"tiles_cotillion_tile_07_13","p":0,"q":0,"w":96,"x":98,"y":583
},{
"h":96,"n":"tiles_cotillion_tile_07_10","p":0,"q":0,"w":96,"x":98,"y":680
},{
"h":96,"n":"tiles_cotillion_tile_06_8","p":0,"q":0,"w":96,"x":98,"y":777
},{
"h":96,"n":"tiles_cotillion_tile_06_4","p":0,"q":0,"w":96,"x":98,"y":874
},{
"h":96,"n":"tiles_cotillion_tile_06_13","p":0,"q":0,"w":96,"x":195,"y":195
},{
"h":96,"n":"tiles_cotillion_tile_06_1","p":0,"q":0,"w":96,"x":292,"y":195
},{
"h":96,"n":"tiles_cotillion_tile_05_9","p":0,"q":0,"w":96,"x":389,"y":195
},{
"h":96,"n":"tiles_cotillion_tile_05_8","p":0,"q":0,"w":96,"x":486,"y":195
},{
"h":96,"n":"tiles_cotillion_tile_05_4","p":0,"q":0,"w":96,"x":583,"y":195
},{
"h":96,"n":"tiles_cotillion_tile_05_1","p":0,"q":0,"w":96,"x":680,"y":195
},{
"h":96,"n":"tiles_cotillion_tile_04_9","p":0,"q":0,"w":96,"x":777,"y":195
},{
"h":96,"n":"tiles_cotillion_tile_04_8","p":0,"q":0,"w":96,"x":874,"y":195
},{
"h":96,"n":"tiles_cotillion_tile_04_13","p":0,"q":0,"w":96,"x":195,"y":292
},{
"h":96,"n":"tiles_cotillion_tile_04_11","p":0,"q":0,"w":96,"x":195,"y":389
},{
"h":96,"n":"tiles_cotillion_tile_04_1","p":0,"q":0,"w":96,"x":195,"y":486
},{
"h":96,"n":"tiles_cotillion_tile_03_4","p":0,"q":0,"w":96,"x":195,"y":583
},{
"h":96,"n":"tiles_cotillion_tile_03_13","p":0,"q":0,"w":96,"x":195,"y":680
},{
"h":96,"n":"tiles_cotillion_tile_02_4","p":0,"q":0,"w":96,"x":195,"y":777
},{
"h":96,"n":"tiles_cotillion_tile_02_13","p":0,"q":0,"w":96,"x":195,"y":874
},{
"h":96,"n":"tiles_cotillion_tile_01_4","p":0,"q":0,"w":96,"x":292,"y":292
},{
"h":96,"n":"tiles_cotillion_tile_00_8","p":0,"q":0,"w":96,"x":389,"y":292
},{
"h":96,"n":"tiles_cotillion_bg1_tile_28_0","p":0,"q":0,"w":96,"x":486,"y":292
},{
"h":96,"n":"tiles_cotillion_bg1_tile_24_0","p":0,"q":0,"w":96,"x":583,"y":292
},{
"h":96,"n":"tiles_cotillion_bg1_tile_17_3","p":0,"q":0,"w":96,"x":680,"y":292
},{
"h":96,"n":"tiles_cotillion_bg1_tile_16_3","p":0,"q":0,"w":96,"x":777,"y":292
},{
"h":96,"n":"tiles_cotillion_bg1_tile_12_3","p":0,"q":0,"w":96,"x":874,"y":292
},{
"h":96,"n":"tiles_cotillion_bg1_tile_11_0","p":0,"q":0,"w":96,"x":292,"y":389
},{
"h":96,"n":"tiles_cotillion_bg1_tile_10_0","p":0,"q":0,"w":96,"x":292,"y":486
},{
"h":96,"n":"tiles_cotillion_bg1_tile_09_0","p":0,"q":0,"w":96,"x":292,"y":583
},{
"h":96,"n":"tiles_cotillion_bg1_tile_08_0","p":0,"q":0,"w":96,"x":292,"y":680
},{
"h":96,"n":"tiles_cotillion_bg1_tile_07_0","p":0,"q":0,"w":96,"x":292,"y":777
},{
"h":96,"n":"tiles_cotillion_bg1_tile_06_3","p":0,"q":0,"w":96,"x":292,"y":874
},{
"h":96,"n":"tiles_cotillion_bg1_tile_06_0","p":0,"q":0,"w":96,"x":389,"y":389
},{
"h":96,"n":"tiles_cotillion_bg1_tile_05_3","p":0,"q":0,"w":96,"x":486,"y":389
},{
"h":96,"n":"tiles_cotillion_bg1_tile_05_0","p":0,"q":0,"w":96,"x":583,"y":389
},{
"h":96,"n":"tiles_cotillion_bg1_tile_04_0","p":0,"q":0,"w":96,"x":680,"y":389
},{
"h":96,"n":"tiles_cotillion_bg1_tile_02_3","p":0,"q":0,"w":96,"x":777,"y":389
},{
"h":90,"n":"tiles_cotillion_tile_33_8","p":0,"q":-6,"w":96,"x":874,"y":389
},{
"h":90,"n":"tiles_cotillion_tile_32_8","p":0,"q":-6,"w":96,"x":389,"y":486
},{
"h":89,"n":"tiles_cotillion_tile_26_13","p":0,"q":-7,"w":96,"x":389,"y":577
},{
"h":89,"n":"tiles_cotillion_tile_26_0","p":0,"q":-7,"w":96,"x":389,"y":667
},{
"h":89,"n":"tiles_cotillion_tile_25_13","p":0,"q":-7,"w":96,"x":389,"y":757
},{
"h":89,"n":"tiles_cotillion_tile_25_0","p":0,"q":-7,"w":96,"x":389,"y":847
},{
"h":89,"n":"tiles_cotillion_tile_24_0","p":0,"q":-7,"w":96,"x":486,"y":486
},{
"h":89,"n":"tiles_cotillion_tile_19_9","p":0,"q":-7,"w":96,"x":583,"y":486
},{
"h":89,"n":"tiles_cotillion_tile_16_9","p":0,"q":-7,"w":96,"x":680,"y":486
},{
"h":89,"n":"tiles_cotillion_tile_07_5","p":0,"q":-7,"w":96,"x":777,"y":486
},{
"h":89,"n":"tiles_cotillion_tile_00_9","p":0,"q":-7,"w":96,"x":874,"y":486
},{
"h":89,"n":"tiles_cotillion_tile_00_13","p":0,"q":-7,"w":96,"x":486,"y":576
},{
"h":82,"n":"tiles_cotillion_bg1_tile_26_3","p":0,"q":0,"w":96,"x":389,"y":937
},{
"h":82,"n":"tiles_cotillion_bg1_tile_25_3","p":0,"q":0,"w":96,"x":486,"y":666
},{
"h":82,"n":"tiles_cotillion_bg1_tile_24_3","p":0,"q":0,"w":96,"x":486,"y":749
},{
"h":82,"n":"tiles_cotillion_bg1_tile_20_3","p":0,"q":0,"w":96,"x":486,"y":832
},{
"h":82,"n":"tiles_cotillion_bg1_tile_10_3","p":0,"q":0,"w":96,"x":486,"y":915
},{
"h":42,"n":"tiles_cotillion_bg1_tile_20_0","p":0,"q":-54,"w":96,"x":1,"y":971
},{
"h":38,"n":"tiles_cotillion_bg1_tile_18_3","p":0,"q":-58,"w":96,"x":98,"y":971
},{
"h":38,"n":"tiles_cotillion_bg1_tile_04_3","p":0,"q":-58,"w":96,"x":195,"y":971
},{
"h":35,"n":"tiles_cotillion_bg1_tile_03_0","p":0,"q":-61,"w":96,"x":292,"y":971
},{
"h":35,"n":"tiles_cotillion_bg1_tile_01_0","p":0,"q":-61,"w":96,"x":583,"y":576
},{
"h":38,"n":"tiles_cotillion_bg1_tile_13_3","p":0,"q":-58,"w":84,"x":583,"y":612
},{
"h":38,"n":"tiles_cotillion_bg1_tile_01_3","p":-12,"q":-58,"w":84,"x":668,"y":612
},{
"h":33,"n":"tiles_cotillion_bg1_tile_08_3","p":0,"q":0,"w":96,"x":680,"y":576
},{
"h":32,"n":"tiles_cotillion_tile_22_8","p":0,"q":0,"w":96,"x":777,"y":576
},{
"h":6,"n":"","p":61,"q":3,"w":122,"x":874,"y":576
}
]
],"meta":{
"atlas":[
"world_level_08_image_0.png","world_level_08_image_1.png","world_level_08_image_2.png"
]
}
}
