{
"animations":[
{
"f":1,"l":[
{
"f":[
{
"c":0,"g":0,"h":1,"i":0,"k":0,"n":0,"t":1,"u":0,"v":0,"w":11.111,"x":0,"y":0
}
]
}
],"n":"gui_text_loader01","r":30
},{
"f":1,"l":[
{
"f":[
{
"c":0,"g":0,"h":1,"i":0,"k":2,"n":0,"o":"mcGuiBg","t":1,"u":0,"v":0,"w":1,"x":0,"y":0
}
]
},{
"f":[
{
"c":0,"g":0,"h":1,"i":0,"k":2,"n":0,"o":"mcGuiBgMask","t":1,"u":0,"v":0,"w":1,"x":0,"y":0
}
]
},{
"f":[
{
"c":0,"g":0,"h":0,"i":-1,"k":-1,"n":0,"t":0,"u":0,"v":0,"w":0,"x":0,"y":0
}
]
},{
"f":[
{
"c":0,"g":0,"h":1,"i":0,"k":1,"n":0,"o":"mcGuiTxtTitle","t":1,"u":0,"v":0,"w":1,"x":512,"y":487.51
}
]
},{
"f":[
{
"c":0,"g":0,"h":1,"i":0,"k":4,"n":0,"o":"mcGuiFont01","t":1,"u":0,"v":0,"w":1,"x":512,"y":979.594
}
]
},{
"f":[
{
"c":0,"g":0,"h":1,"i":0,"k":4,"n":0,"o":"mcGuiFont02","t":1,"u":0,"v":0,"w":1,"x":512,"y":1041.5
}
]
},{
"f":[
{
"c":0,"g":0,"h":1,"i":0,"k":4,"n":0,"o":"mcGuiPercent","t":1,"u":0,"v":0,"w":1,"x":512,"y":383
}
]
},{
"f":[
{
"c":0,"g":0,"h":0.8,"i":0,"k":3,"n":0,"o":"mcGuiBtnNext","t":1,"u":0,"v":0,"w":0.8,"x":511.966,"y":384
}
]
}
],"n":"mcGuiScreenLoader","r":30
}
],"atlas":[
[
{
"h":40,"n":"","p":46,"q":21,"w":90,"x":1,"y":1
},{
"h":60,"n":"","p":31,"q":31,"w":60,"x":1,"y":42
},{
"h":54,"n":"","p":31,"q":28,"w":60,"x":92,"y":1
},{
"h":36,"n":"","p":31,"q":19,"w":60,"x":92,"y":56
},{
"h":20,"n":"","p":44,"q":11,"w":86,"x":153,"y":1
}
]
],"meta":{
"atlas":[
"gui_loader_controls_image_0.png"
]
}
}
