{
"animations":[
{
"f":1,"l":[
{
"f":[
{
"c":0,"g":0,"h":1,"i":0,"k":6,"n":0,"t":1,"u":0,"v":0,"w":1,"x":-8.281,"y":-8.833
}
]
},{
"f":[
{
"c":0,"g":0,"h":0,"i":-1,"k":-1,"n":0,"t":0,"u":0,"v":0,"w":0,"x":0,"y":0
}
]
}
],"n":"gui_screens_poller","r":30
},{
"f":1,"l":[
{
"f":[
{
"c":0,"g":0,"h":1.26,"i":0,"k":2,"n":0,"t":1,"u":0,"v":0,"w":1.26,"x":49.834,"y":93.147
}
]
},{
"f":[
{
"c":0,"g":0,"h":1.26,"i":0,"k":2,"n":0,"t":1,"u":0,"v":0,"w":1.26,"x":49.834,"y":92.147
}
]
},{
"f":[
{
"c":0,"g":0,"h":1.26,"i":0,"k":2,"n":0,"t":1,"u":0,"v":0,"w":1.26,"x":49.834,"y":479.967
}
]
},{
"f":[
{
"c":0,"g":0,"h":1.26,"i":0,"k":1,"n":0,"t":1,"u":0,"v":0,"w":1.26,"x":49.834,"y":673.468
}
]
},{
"f":[
{
"c":0,"g":0,"h":-1.26,"i":0,"k":1,"n":0,"t":1,"u":0,"v":0,"w":1.26,"x":49.834,"y":866.418
}
]
},{
"f":[
{
"c":0,"g":0,"h":1.26,"i":0,"k":1,"n":0,"t":1,"u":0,"v":0,"w":1.26,"x":49.834,"y":285.645
}
]
},{
"f":[
{
"c":0,"g":0,"h":1.26,"i":0,"k":1,"n":0,"t":1,"u":0,"v":0,"w":1.26,"x":49.834,"y":286.645
}
]
},{
"f":[
{
"c":0,"g":0,"h":1.26,"i":0,"k":4,"n":0,"t":1,"u":0,"v":0,"w":-1.26,"x":969.822,"y":93.147
}
]
},{
"f":[
{
"c":0,"g":0,"h":1.26,"i":0,"k":4,"n":0,"t":1,"u":0,"v":0,"w":-1.26,"x":969.822,"y":92.147
}
]
},{
"f":[
{
"c":0,"g":0,"h":1.26,"i":0,"k":2,"n":0,"t":1,"u":0,"v":0,"w":-1.26,"x":969.822,"y":479.967
}
]
},{
"f":[
{
"c":0,"g":0,"h":1.26,"i":0,"k":1,"n":0,"t":1,"u":0,"v":0,"w":-1.26,"x":969.822,"y":673.468
}
]
},{
"f":[
{
"c":0,"g":0,"h":-1.26,"i":0,"k":1,"n":0,"t":1,"u":0,"v":0,"w":-1.26,"x":969.822,"y":866.418
}
]
},{
"f":[
{
"c":0,"g":0,"h":1.26,"i":0,"k":3,"n":0,"t":1,"u":0,"v":0,"w":-1.26,"x":969.822,"y":285.645
}
]
},{
"f":[
{
"c":0,"g":0,"h":1.26,"i":0,"k":3,"n":0,"t":1,"u":0,"v":0,"w":-1.26,"x":969.822,"y":286.645
}
]
},{
"f":[
{
"c":0,"g":90,"h":9.493,"i":0,"k":8,"n":0,"t":1,"u":0,"v":0,"w":-1.759,"x":487.588,"y":697.181
}
]
},{
"f":[
{
"c":0,"g":0,"h":6.139,"i":0,"k":8,"n":0,"t":1,"u":0,"v":0,"w":1,"x":-73.165,"y":427.321
}
]
},{
"f":[
{
"c":0,"g":0,"h":6.139,"i":0,"k":8,"n":0,"t":1,"u":0,"v":0,"w":-1,"x":1095.33,"y":427.321
}
]
},{
"f":[
{
"c":0,"g":0,"h":8.933,"i":0,"k":10,"n":0,"t":1,"u":0,"v":0,"w":1.929,"x":-214.805,"y":423.782
}
]
},{
"f":[
{
"c":0,"g":90,"h":16.408,"i":0,"k":10,"n":0,"t":1,"u":0,"v":0,"w":3.196,"x":527.498,"y":965.483
}
]
},{
"f":[
{
"c":0,"g":0,"h":8.933,"i":0,"k":10,"n":0,"t":1,"u":0,"v":0,"w":1.682,"x":1234.38,"y":423.782
}
]
}
],"n":"gui_screens_mainmenu_bg","r":30
},{
"f":1,"l":[
{
"f":[
{
"c":0,"g":90,"h":12.495,"i":0,"k":10,"n":0,"t":1,"u":0,"v":0,"w":3.196,"x":527.514,"y":691.576
}
]
},{
"f":[
{
"c":0,"g":0,"h":2.21,"i":0,"k":0,"n":0,"t":1,"u":0,"v":0,"w":2.208,"x":511.113,"y":368.848
}
]
}
],"n":"gui_screen_endgame_bg3","r":30
},{
"f":1,"l":[
{
"f":[
{
"c":0,"g":0,"h":1,"i":0,"k":5,"n":0,"t":1,"u":0,"v":0,"w":1,"x":0,"y":0
}
]
}
],"n":"gui_localized_logo","r":30
},{
"f":1,"l":[
{
"f":[
{
"c":0,"g":0,"h":1.282,"i":0,"k":7,"n":0,"t":1,"u":0,"v":0,"w":1.282,"x":0,"y":0
}
]
},{
"f":[
{
"c":0,"g":90,"h":1.855,"i":0,"k":17,"n":0,"t":1,"u":0,"v":0,"w":1.872,"x":1.48,"y":-3.582
}
]
},{
"f":[
{
"c":0,"g":0,"h":1.289,"i":0,"k":14,"n":0,"t":1,"u":0,"v":0,"w":1.289,"x":4.693,"y":-1.846
}
]
},{
"f":[
{
"c":1,"g":0,"h":164.4,"i":-1,"k":-1,"n":0,"o":"mcCollision","t":1,"u":0,"v":0,"w":166.5,"x":-82.399,"y":-85.729
}
]
},{
"fa":[
{
"a":"s","n":0
}
]
}
],"n":"mcGuiButtonPlay_press","r":30
},{
"f":179,"l":[
{
"f":[
{
"c":0,"g":0,"h":1.094,"i":0,"k":7,"n":0,"p":4,"t":1,"u":0,"v":0,"w":1.094,"x":0,"y":0
},{
"c":0,"g":0,"h":1.287,"i":0,"k":7,"n":4,"p":8,"t":1,"u":0,"v":0,"w":1.287,"x":0,"y":0
},{
"c":0,"g":0,"h":1.233,"i":0,"k":7,"n":8,"p":17,"t":1,"u":0,"v":0,"w":1.233,"x":0,"y":0
},{
"c":0,"g":0,"h":1.287,"i":0,"k":7,"n":17,"p":39,"t":1,"u":0,"v":0,"w":1.287,"x":0,"y":0
},{
"c":0,"g":0,"h":1.282,"i":0,"k":7,"n":39,"t":1,"u":0,"v":0,"w":1.282,"x":0,"y":0
}
]
},{
"f":[
{
"c":0,"g":0,"h":1.554,"i":0,"k":17,"n":0,"p":4,"t":1,"u":0,"v":0,"w":1.596,"x":0.821,"y":-3.401
},{
"c":0,"g":90,"h":1.855,"i":0,"k":17,"n":4,"p":8,"t":1,"u":0,"v":0,"w":1.872,"x":1.48,"y":-3.582
},{
"c":0,"g":99.69,"h":1.804,"i":0,"k":17,"n":8,"p":17,"t":1,"u":0,"v":0,"w":1.815,"x":-1.928,"y":-2.676
},{
"c":0,"g":90,"h":1.855,"i":0,"k":17,"n":17,"p":39,"t":1,"u":0,"v":0,"w":1.872,"x":1.48,"y":-3.582
},{
"c":0,"g":90,"h":1.855,"i":0,"k":17,"n":39,"t":1,"u":0,"v":0,"w":1.872,"x":1.48,"y":-3.582
}
]
},{
"f":[
{
"c":0,"g":0,"h":1.137,"i":0,"k":15,"n":0,"t":0,"u":0,"v":0,"w":1.137,"x":0.603,"y":-0.397
},{
"c":0,"g":0,"h":1.137,"i":0,"k":15,"n":9,"p":17,"t":0,"u":0,"v":0,"w":1.137,"x":0.603,"y":-0.397
},{
"c":0,"g":0,"h":1.137,"i":0,"k":15,"n":17,"p":56,"t":1,"u":0,"v":0,"w":1.137,"x":0.603,"y":-0.397
},{
"c":0,"g":90,"h":1.137,"i":0,"k":15,"n":56,"p":97,"t":1,"u":0,"v":0,"w":1.137,"x":-0.024,"y":-0.391
},{
"c":0,"g":180,"h":1.137,"i":0,"k":15,"n":97,"p":138,"t":1,"u":0,"v":0,"w":1.137,"x":-0.029,"y":-1.018
},{
"c":0,"g":270,"h":1.137,"i":0,"k":15,"n":138,"p":178,"t":1,"u":0,"v":0,"w":1.137,"x":0.597,"y":-1.024
},{
"c":0,"g":352.5,"h":1.137,"i":0,"k":15,"n":178,"t":1,"u":0,"v":0,"w":1.137,"x":0.64,"y":-0.441
}
]
},{
"f":[
{
"c":0,"g":0,"h":1.137,"i":0,"k":12,"n":0,"t":0,"u":0,"v":0,"w":1.137,"x":1.585,"y":-1.248
},{
"c":0,"g":0,"h":1.137,"i":0,"k":12,"n":9,"p":17,"t":0,"u":0,"v":0,"w":1.137,"x":1.585,"y":-1.248
},{
"c":0,"g":0,"h":1.137,"i":0,"k":12,"n":17,"p":56,"t":0.392,"u":0,"v":0,"w":1.137,"x":1.585,"y":-1.248
},{
"c":0,"g":-90,"h":1.137,"i":0,"k":12,"n":56,"p":97,"t":0.392,"u":0,"v":0,"w":1.137,"x":1.575,"y":-2.004
},{
"c":0,"g":-180,"h":1.137,"i":0,"k":12,"n":97,"p":138,"t":0.392,"u":0,"v":0,"w":1.137,"x":0.817,"y":-1.996
},{
"c":0,"g":-270,"h":1.137,"i":0,"k":12,"n":138,"p":178,"t":0.392,"u":0,"v":0,"w":1.137,"x":0.826,"y":-1.238
},{
"c":0,"g":-352.5,"h":1.137,"i":0,"k":12,"n":178,"t":0.392,"u":0,"v":0,"w":1.137,"x":1.532,"y":-1.201
}
]
},{
"f":[
{
"c":0,"g":0,"h":1.137,"i":0,"k":9,"n":0,"t":0,"u":0,"v":0,"w":1.175,"x":1.708,"y":-1.131
},{
"c":0,"g":0,"h":1.137,"i":0,"k":9,"n":9,"p":17,"t":0,"u":0,"v":0,"w":1.175,"x":1.708,"y":-1.131
},{
"c":0,"g":0,"h":1.137,"i":0,"k":9,"n":17,"p":56,"t":0.313,"u":0,"v":0,"w":1.175,"x":1.708,"y":-1.131
},{
"c":0,"g":90,"h":1.137,"i":0,"k":9,"n":56,"p":97,"t":0.313,"u":0,"v":0,"w":1.175,"x":0.709,"y":-1.115
},{
"c":0,"g":180,"h":1.137,"i":0,"k":9,"n":97,"p":138,"t":0.313,"u":0,"v":0,"w":1.175,"x":0.694,"y":-2.113
},{
"c":0,"g":270,"h":1.137,"i":0,"k":9,"n":138,"p":178,"t":0.313,"u":0,"v":0,"w":1.175,"x":1.692,"y":-2.129
},{
"c":0,"g":352.5,"h":1.137,"i":0,"k":9,"n":178,"t":0.313,"u":0,"v":0,"w":1.175,"x":1.768,"y":-1.202
}
]
},{
"f":[
{
"c":0,"g":0,"h":0.92,"i":0,"k":14,"n":0,"p":4,"t":1,"u":0,"v":0,"w":0.92,"x":4.693,"y":-1.846
},{
"c":0,"g":0,"h":1.381,"i":0,"k":14,"n":4,"p":8,"t":1,"u":0,"v":0,"w":1.381,"x":4.693,"y":-1.846
},{
"c":0,"g":0,"h":1.104,"i":0,"k":14,"n":8,"p":17,"t":1,"u":0,"v":0,"w":1.104,"x":4.693,"y":-1.846
},{
"c":0,"g":0,"h":1.289,"i":0,"k":14,"n":17,"p":39,"t":1,"u":0,"v":0,"w":1.289,"x":4.693,"y":-1.846
},{
"c":0,"g":0,"h":1.289,"i":0,"k":14,"n":39,"t":1,"u":0,"v":0,"w":1.289,"x":4.693,"y":-1.846
}
]
},{
"f":[
{
"c":1,"g":0,"h":154.3,"i":-1,"k":-1,"n":0,"o":"mcCollision","t":1,"u":0,"v":0,"w":154.3,"x":-77.712,"y":-78.631
}
]
},{
"fa":[
{
"a":"gp:18","n":178
}
]
}
],"n":"mcGuiButtonPlay_over","r":30
},{
"f":9,"l":[
{
"f":[
{
"c":0,"g":0,"h":1.282,"i":0,"k":7,"n":0,"p":7,"t":1,"u":0,"v":0,"w":1.282,"x":0,"y":0
},{
"c":0,"g":0,"h":1.094,"i":0,"k":7,"n":7,"t":1,"u":0,"v":0,"w":1.094,"x":0,"y":0
}
]
},{
"f":[
{
"c":0,"g":90,"h":1.855,"i":0,"k":17,"n":0,"p":7,"t":1,"u":0,"v":0,"w":1.872,"x":1.48,"y":-3.582
},{
"c":0,"g":0,"h":1.301,"i":0,"k":17,"n":7,"t":1,"u":0,"v":0,"w":1.587,"x":1,"y":0
}
]
},{
"f":[
{
"c":0,"g":0,"h":1.137,"i":0,"k":15,"n":0,"p":4,"t":1,"u":0,"v":0,"w":1.137,"x":0.603,"y":-0.397
},{
"c":0,"g":0,"h":1.137,"i":0,"k":15,"n":4,"t":0,"u":0,"v":0,"w":1.137,"x":0.603,"y":-0.397
}
]
},{
"f":[
{
"c":0,"g":0,"h":1.137,"i":0,"k":12,"n":0,"p":4,"t":0.392,"u":0,"v":0,"w":1.137,"x":1.585,"y":-1.248
},{
"c":0,"g":0,"h":1.137,"i":0,"k":12,"n":4,"t":0,"u":0,"v":0,"w":1.137,"x":1.585,"y":-1.248
}
]
},{
"f":[
{
"c":0,"g":0,"h":1.137,"i":0,"k":9,"n":0,"p":4,"t":0.313,"u":0,"v":0,"w":1.175,"x":1.708,"y":-1.131
},{
"c":0,"g":0,"h":1.137,"i":0,"k":9,"n":4,"t":0,"u":0,"v":0,"w":1.175,"x":1.708,"y":-1.131
}
]
},{
"f":[
{
"c":0,"g":0,"h":1.289,"i":0,"k":14,"n":0,"p":7,"t":1,"u":0,"v":0,"w":1.289,"x":4.693,"y":-1.846
},{
"c":0,"g":0,"h":0.92,"i":0,"k":14,"n":7,"t":1,"u":0,"v":0,"w":0.92,"x":4.693,"y":-1.846
}
]
},{
"f":[
{
"c":1,"g":0,"h":146.4,"i":-1,"k":-1,"n":0,"o":"mcCollision","t":1,"u":0,"v":0,"w":146.4,"x":-74.214,"y":-76.231
}
]
},{
"fa":[
{
"a":"s","n":8
}
]
}
],"n":"mcGuiButtonPlay_out","r":30
},{
"f":1,"l":[
{
"f":[
{
"c":0,"g":0,"h":1.094,"i":0,"k":7,"n":0,"t":1,"u":0,"v":0,"w":1.094,"x":0,"y":0
}
]
},{
"f":[
{
"c":0,"g":0,"h":1.554,"i":0,"k":17,"n":0,"t":1,"u":0,"v":0,"w":1.596,"x":0.821,"y":-3.401
}
]
},{
"f":[
{
"c":0,"g":0,"h":0.92,"i":0,"k":14,"n":0,"t":1,"u":0,"v":0,"w":0.92,"x":4.693,"y":-1.846
}
]
},{
"f":[
{
"c":1,"g":0,"h":173.8,"i":-1,"k":-1,"n":0,"o":"mcCollision","t":1,"u":0,"v":0,"w":173.8,"x":-86.359,"y":-92.616
}
]
},{
"fa":[
{
"a":"s","n":0
}
]
}
],"n":"mcGuiButtonPlay_on","r":30
},{
"f":3,"l":[
{
"f":[
{
"c":0,"g":0,"h":1.2,"i":0,"k":13,"n":0,"t":1,"u":0,"v":0,"w":1.2,"x":0,"y":0
},{
"c":0,"g":0,"h":1.3,"i":0,"k":13,"n":1,"t":1,"u":0,"v":0,"w":1.3,"x":0,"y":0
},{
"c":0,"g":0,"h":1.2,"i":0,"k":13,"n":2,"t":1,"u":0,"v":0,"w":1.2,"x":0,"y":0
}
]
},{
"f":[
{
"c":0,"g":0,"h":0.87,"i":0,"k":17,"n":0,"t":1,"u":0,"v":0,"w":0.893,"x":1.656,"y":-0.017
},{
"c":0,"g":0,"h":1.018,"i":0,"k":17,"n":1,"t":1,"u":0,"v":0,"w":0.975,"x":1.657,"y":-0.017
},{
"c":0,"g":0,"h":0.87,"i":0,"k":17,"n":2,"t":1,"u":0,"v":0,"w":0.893,"x":1.656,"y":-0.017
}
]
},{
"f":[
{
"c":0,"g":0,"h":1,"i":0,"k":16,"n":0,"t":1,"u":0,"v":0,"w":1,"x":2.524,"y":1.867
},{
"c":0,"g":0,"h":1.1,"i":0,"k":16,"n":1,"t":1,"u":0,"v":0,"w":1.1,"x":2.524,"y":1.866
},{
"c":0,"g":0,"h":1,"i":0,"k":16,"n":2,"t":1,"u":0,"v":0,"w":1,"x":2.524,"y":1.867
}
]
},{
"f":[
{
"c":1,"g":0,"h":82.7,"i":-1,"k":-1,"n":0,"o":"mcCollision","t":1,"u":0,"v":0,"w":82.7,"x":-40.559,"y":-41.111
}
]
},{
"fa":[
{
"a":"s","n":0
}
]
}
],"n":"mcGuiButtonNext","r":30
}
],"atlas":[
[
{
"h":338,"n":"","p":225,"q":169,"w":450,"x":1,"y":1
},{
"h":155,"n":"","p":136,"q":78,"w":269,"x":452,"y":1
},{
"h":155,"n":"","p":136,"q":78,"w":269,"x":452,"y":157
},{
"h":155,"n":"","p":136,"q":78,"w":269,"x":722,"y":1
},{
"h":152,"n":"","p":136,"q":76,"w":269,"x":722,"y":157
},{
"h":145,"n":"","p":120,"q":72,"w":240,"x":1,"y":340
},{
"h":174,"n":"","p":78,"q":79,"w":174,"x":1,"y":486
},{
"h":138,"n":"","p":69,"q":72,"w":138,"x":1,"y":661
},{
"h":145,"n":"","p":63,"q":73,"w":86,"x":1,"y":800
},{
"h":101,"n":"","p":50,"q":50,"w":101,"x":140,"y":661
},{
"h":100,"n":"","p":50,"q":50,"w":100,"x":88,"y":800
},{
"h":100,"n":"","p":0,"q":0,"w":100,"x":88,"y":901
},{
"h":77,"n":"","p":39,"q":38,"w":79,"x":1,"y":946
},{
"h":70,"n":"","p":34,"q":34,"w":70,"x":241,"y":339
},{
"h":71,"n":"","p":32,"q":36,"w":62,"x":176,"y":486
},{
"h":64,"n":"","p":32,"q":32,"w":65,"x":176,"y":558
},{
"h":48,"n":"","p":24,"q":24,"w":49,"x":189,"y":800
},{
"h":2,"n":"","p":47,"q":1,"w":93,"x":452,"y":313
}
]
],"meta":{
"atlas":[
"gui_loader_clips_image_0.png"
]
}
}
