{
"animations":[
{
"f":1,"l":[
{
"f":[
{
"i":0,"k":1,"n":0,"w":3.888,"x":0,"y":0
}
]
}
],"n":"gui_text_trophies_trophy_title","r":30
},{
"f":1,"l":[
{
"f":[
{
"i":0,"k":1,"n":0,"w":2.716,"x":0,"y":0
}
]
}
],"n":"gui_text_trophies_trophy_info","r":30
},{
"f":1,"l":[
{
"f":[
{
"i":0,"k":1,"n":0,"w":3.466,"x":0,"y":0
}
]
}
],"n":"gui_text_reset_info","r":30
},{
"f":1,"l":[
{
"f":[
{
"i":0,"k":1,"n":0,"w":5.555,"x":0,"y":0
}
]
}
],"n":"gui_text_popup_title","r":30
},{
"f":1,"l":[
{
"f":[
{
"i":0,"k":1,"n":0,"w":5,"x":0,"y":0
}
]
}
],"n":"gui_text_leaderboard_info","r":30
},{
"f":1,"l":[
{
"f":[
{
"i":0,"k":1,"n":0,"w":5,"x":0,"y":0
}
]
}
],"n":"gui_text_help_info","r":30
},{
"f":1,"l":[
{
"f":[
{
"i":0,"k":1,"n":0,"w":7.777,"x":0,"y":0
}
]
}
],"n":"gui_text_cutscene_info","r":30
},{
"f":1,"l":[
{
"f":[
{
"i":0,"k":1,"n":0,"w":2.222,"x":0,"y":0
}
]
}
],"n":"gui_text_button","r":30
},{
"f":38,"l":[
{
"f":[
{
"i":0,"k":3,"n":0,"o":"mcGuiBg","x":0,"y":0
},{
"i":0,"k":3,"n":36,"o":"mcGuiBg","x":0,"y":0
},{
"i":0,"k":3,"n":37,"o":"mcGuiBg","x":0,"y":0
}
]
},{
"f":[
{
"i":0,"k":3,"n":0,"o":"mcGuiBgMask","x":0,"y":0
},{
"i":0,"k":3,"n":36,"o":"mcGuiBgMask","x":0,"y":0
},{
"i":0,"k":3,"n":37,"o":"mcGuiBgMask","x":0,"y":0
}
]
},{
"f":[
{
"i":0,"k":3,"n":0,"o":"mcGuiTie3","t":0,"x":343.093,"y":55.732
},{
"i":0,"k":3,"n":9,"o":"mcGuiTie3","p":14,"t":0,"x":339.093,"y":67.995
},{
"i":0,"k":3,"n":14,"o":"mcGuiTie3","x":343.093,"y":55.732
},{
"i":0,"k":3,"n":36,"o":"mcGuiTie3","x":343.093,"y":55.732
},{
"i":0,"k":3,"n":37,"o":"mcGuiTie3","x":343.093,"y":55.732
}
]
},{
"f":[
{
"i":0,"k":3,"n":0,"o":"mcGuiTie1","t":0,"x":433.513,"y":71.23
},{
"i":0,"k":3,"n":9,"o":"mcGuiTie1","p":14,"t":0,"x":433.513,"y":83.493
},{
"i":0,"k":3,"n":14,"o":"mcGuiTie1","x":433.513,"y":71.23
},{
"i":0,"k":3,"n":36,"o":"mcGuiTie1","x":433.513,"y":71.23
},{
"i":0,"k":3,"n":37,"o":"mcGuiTie1","x":433.513,"y":71.23
}
]
},{
"f":[
{
"i":0,"k":3,"n":0,"o":"mcGuiTie2","t":0,"x":473.93,"y":137.962
},{
"i":0,"k":3,"n":9,"o":"mcGuiTie2","p":14,"t":0,"x":477.93,"y":150.225
},{
"i":0,"k":3,"n":14,"o":"mcGuiTie2","x":473.93,"y":137.962
},{
"i":0,"k":3,"n":36,"o":"mcGuiTie2","x":473.93,"y":137.962
},{
"i":0,"k":3,"n":37,"o":"mcGuiTie2","x":473.93,"y":137.962
}
]
},{
"f":[
{
"h":0.6,"i":0,"k":3,"n":0,"o":"mcGuiCharacter8","p":3,"t":0,"w":0.6,"x":73.916,"y":610.003
},{
"h":0.65,"i":0,"k":3,"n":3,"o":"mcGuiCharacter8","p":9,"t":0.498,"w":0.65,"x":83.27,"y":604.673
},{
"h":0.827,"i":0,"k":3,"n":9,"o":"mcGuiCharacter8","w":0.827,"x":94.321,"y":593.451
},{
"h":0.827,"i":0,"k":3,"n":36,"o":"mcGuiCharacter8","w":0.827,"x":94.321,"y":593.451
},{
"h":0.827,"i":0,"k":3,"n":37,"o":"mcGuiCharacter8","w":0.827,"x":94.321,"y":593.451
}
]
},{
"f":[
{
"h":0.6,"i":0,"k":3,"n":0,"o":"mcGuiCharacter7","p":3,"t":0,"w":0.6,"x":990.239,"y":650.439
},{
"h":0.65,"i":0,"k":3,"n":3,"o":"mcGuiCharacter7","p":9,"t":0.498,"w":0.65,"x":983.99,"y":644.365
},{
"h":0.827,"i":0,"k":3,"n":9,"o":"mcGuiCharacter7","w":0.827,"x":970.522,"y":622.741
},{
"h":0.827,"i":0,"k":3,"n":36,"o":"mcGuiCharacter7","w":0.827,"x":970.522,"y":622.741
},{
"h":0.827,"i":0,"k":3,"n":37,"o":"mcGuiCharacter7","w":0.827,"x":972.571,"y":623.152
}
]
},{
"f":[
{
"i":0,"k":3,"n":0,"o":"mcGuiCharacter6","p":3,"t":0,"x":235.951,"y":165.138
},{
"h":0.8,"i":0,"k":3,"n":3,"o":"mcGuiCharacter6","p":9,"t":0.498,"w":0.8,"x":248.872,"y":180.75
},{
"i":0,"k":3,"n":9,"o":"mcGuiCharacter6","x":252.372,"y":184.251
},{
"i":0,"k":3,"n":36,"o":"mcGuiCharacter6","x":252.372,"y":184.251
},{
"i":0,"k":3,"n":37,"o":"mcGuiCharacter6","x":252.372,"y":184.251
}
]
},{
"f":[
{
"i":0,"k":3,"n":0,"o":"mcGuiCharacter5","p":3,"t":0,"x":701.326,"y":413.852
},{
"i":0,"k":3,"n":3,"o":"mcGuiCharacter5","p":9,"t":0.498,"x":679.868,"y":434.619
},{
"i":0,"k":3,"n":9,"o":"mcGuiCharacter5","x":674.868,"y":442.619
},{
"i":0,"k":3,"n":36,"o":"mcGuiCharacter5","x":674.868,"y":442.619
},{
"i":0,"k":3,"n":37,"o":"mcGuiCharacter5","x":674.868,"y":442.619
}
]
},{
"f":[
{
"i":0,"k":3,"n":0,"o":"mcGuiCharacter4","p":3,"t":0,"x":289.026,"y":409.598
},{
"i":0,"k":3,"n":3,"o":"mcGuiCharacter4","p":9,"t":0.498,"x":307.639,"y":438.095
},{
"i":0,"k":3,"n":9,"o":"mcGuiCharacter4","x":312.139,"y":447.095
},{
"i":0,"k":3,"n":36,"o":"mcGuiCharacter4","x":312.139,"y":447.095
},{
"i":0,"k":3,"n":37,"o":"mcGuiCharacter4","x":312.139,"y":447.095
}
]
},{
"f":[
{
"i":0,"k":3,"n":0,"o":"mcGuiCharacter3","p":3,"t":0,"x":901.918,"y":467.945
},{
"i":0,"k":3,"n":3,"o":"mcGuiCharacter3","p":9,"t":0.498,"x":860.272,"y":470.945
},{
"i":0,"k":3,"n":9,"o":"mcGuiCharacter3","x":854.272,"y":473.945
},{
"i":0,"k":3,"n":36,"o":"mcGuiCharacter3","x":854.272,"y":473.945
},{
"i":0,"k":3,"n":37,"o":"mcGuiCharacter3","x":854.272,"y":473.945
}
]
},{
"f":[
{
"i":0,"k":3,"n":0,"o":"mcGuiCharacter2","p":3,"t":0,"x":169.614,"y":453.99
},{
"i":0,"k":3,"n":3,"o":"mcGuiCharacter2","p":9,"t":0.498,"x":222.066,"y":456.99
},{
"i":0,"k":3,"n":9,"o":"mcGuiCharacter2","x":230.066,"y":459.99
},{
"i":0,"k":3,"n":36,"o":"mcGuiCharacter2","x":230.066,"y":459.99
},{
"i":0,"k":3,"n":37,"o":"mcGuiCharacter2","x":230.066,"y":459.99
}
]
},{
"f":[
{
"i":0,"k":3,"n":0,"o":"mcGuiCharacter1","p":3,"t":0,"x":469.159,"y":317.169
},{
"i":0,"k":3,"n":3,"o":"mcGuiCharacter1","p":9,"t":0.498,"x":469.159,"y":351.741
},{
"i":0,"k":3,"n":9,"o":"mcGuiCharacter1","x":469.159,"y":358.741
},{
"i":0,"k":3,"n":36,"o":"mcGuiCharacter1","x":469.159,"y":358.741
},{
"i":0,"k":3,"n":37,"o":"mcGuiCharacter1","x":469.159,"y":358.741
}
]
},{
"f":[
{
"i":0,"k":3,"n":0,"o":"mcGuiCircle","x":0,"y":0
},{
"i":0,"k":3,"n":36,"o":"mcGuiCircle","x":0,"y":0
},{
"i":0,"k":3,"n":37,"o":"mcGuiCircle","x":0,"y":0
}
]
},{
"f":[
{
"i":0,"k":3,"n":0,"o":"mcGuiTXtimes","x":865.343,"y":704.844
},{
"i":0,"k":3,"n":36,"o":"mcGuiTXtimes","x":865.343,"y":704.844
},{
"i":0,"k":3,"n":37,"o":"mcGuiTXtimes","x":865.343,"y":704.844
}
]
},{
"f":[
{
"i":0,"k":3,"n":0,"o":"mcGuiSponsorship","x":160.109,"y":704.844
},{
"i":0,"k":3,"n":36,"o":"mcGuiSponsorship","x":160.109,"y":704.844
},{
"i":0,"k":3,"n":37,"o":"mcGuiSponsorship","x":160.109,"y":704.844
}
]
},{
"f":[
{
"i":0,"k":4,"n":0,"o":"mcGuiBtnPlay","t":0,"x":824.464,"y":568.839
},{
"h":0.595,"i":0,"k":4,"n":25,"o":"mcGuiBtnPlay","p":27,"t":0.392,"x":824.464,"y":568.839
},{
"h":1.694,"i":0,"k":4,"n":27,"o":"mcGuiBtnPlay","p":29,"t":0.784,"w":1.06,"x":824.464,"y":568.839
},{
"i":0,"k":4,"n":29,"o":"mcGuiBtnPlay","p":32,"x":824.464,"y":568.839
},{
"h":0.897,"i":0,"k":4,"n":32,"o":"mcGuiBtnPlay","p":36,"x":824.463,"y":568.839
},{
"i":0,"k":4,"n":36,"o":"mcGuiBtnPlay","x":824.464,"y":568.839
},{
"i":0,"k":4,"n":37,"o":"mcGuiBtnPlay","x":824.464,"y":568.839
}
]
},{
"f":[
{
"i":0,"k":4,"n":0,"o":"mcGuiBtnLeaderboard","t":0,"x":232.733,"y":619.335
},{
"h":0.595,"i":0,"k":4,"n":25,"o":"mcGuiBtnLeaderboard","p":27,"t":0.392,"x":232.733,"y":619.335
},{
"h":1.694,"i":0,"k":4,"n":27,"o":"mcGuiBtnLeaderboard","p":29,"t":0.784,"w":1.06,"x":232.733,"y":619.335
},{
"i":0,"k":4,"n":29,"o":"mcGuiBtnLeaderboard","p":32,"x":232.733,"y":619.335
},{
"h":0.897,"i":0,"k":4,"n":32,"o":"mcGuiBtnLeaderboard","p":36,"x":232.732,"y":619.334
},{
"i":0,"k":4,"n":36,"o":"mcGuiBtnLeaderboard","x":232.733,"y":619.335
},{
"i":0,"k":4,"n":37,"o":"mcGuiBtnLeaderboard","x":232.733,"y":619.335
}
]
},{
"f":[
{
"i":0,"k":4,"n":0,"o":"mcGuiBtnTrophies","t":0,"x":232.733,"y":518.341
},{
"h":0.595,"i":0,"k":4,"n":25,"o":"mcGuiBtnTrophies","p":27,"t":0.392,"x":232.733,"y":518.341
},{
"h":1.694,"i":0,"k":4,"n":27,"o":"mcGuiBtnTrophies","p":29,"t":0.784,"w":1.06,"x":232.733,"y":518.342
},{
"i":0,"k":4,"n":29,"o":"mcGuiBtnTrophies","p":32,"x":232.733,"y":518.341
},{
"h":0.897,"i":0,"k":4,"n":32,"o":"mcGuiBtnTrophies","p":36,"x":232.732,"y":518.341
},{
"i":0,"k":4,"n":36,"o":"mcGuiBtnTrophies","x":232.733,"y":518.341
},{
"i":0,"k":4,"n":37,"o":"mcGuiBtnTrophies","x":232.733,"y":518.341
}
]
},{
"f":[
{
"i":0,"k":4,"n":0,"o":"mcGuiBtnMoregames","x":68,"y":78.296
},{
"i":0,"k":4,"n":36,"o":"mcGuiBtnMoregames","x":68,"y":78.296
},{
"i":0,"k":4,"n":37,"o":"mcGuiBtnMoregames","x":68,"y":78.296
}
]
},{
"f":[
{
"i":0,"k":4,"n":0,"o":"mcGuiBtnVideo","x":172,"y":78.296
},{
"i":0,"k":4,"n":36,"o":"mcGuiBtnVideo","x":172,"y":78.296
},{
"i":0,"k":4,"n":37,"o":"mcGuiBtnVideo","x":172,"y":78.296
}
]
},{
"f":[
{
"i":0,"k":4,"n":0,"o":"mcGuiBtnSoundOff","x":962.36,"y":78.296
},{
"i":0,"k":4,"n":36,"o":"mcGuiBtnSoundOff","x":962.36,"y":78.296
},{
"i":0,"k":4,"n":37,"o":"mcGuiBtnSoundOff","x":962.36,"y":78.296
}
]
},{
"f":[
{
"i":0,"k":4,"n":0,"o":"mcGuiBtnSoundOn","x":962.36,"y":78.296
},{
"i":0,"k":4,"n":36,"o":"mcGuiBtnSoundOn","x":962.36,"y":78.296
},{
"i":0,"k":4,"n":37,"o":"mcGuiBtnSoundOn","x":962.36,"y":78.296
}
]
},{
"f":[
{
"i":0,"k":4,"n":0,"o":"mcGuiBtnHelp","x":856.848,"y":78.296
},{
"i":0,"k":4,"n":36,"o":"mcGuiBtnHelp","x":856.848,"y":78.296
},{
"i":0,"k":4,"n":37,"o":"mcGuiBtnHelp","x":856.848,"y":78.296
}
]
},{
"f":[
{
"h":0.916,"i":0,"k":2,"n":0,"o":"mcGuiLogo","t":0,"w":0.916,"x":505.448,"y":423.381
},{
"h":0.545,"i":0,"k":2,"n":25,"o":"mcGuiLogo","p":27,"t":0.392,"w":0.916,"x":507.399,"y":423.381
},{
"h":1.553,"i":0,"k":2,"n":27,"o":"mcGuiLogo","p":29,"t":0.784,"w":0.971,"x":505.449,"y":423.382
},{
"h":0.916,"i":0,"k":2,"n":29,"o":"mcGuiLogo","p":32,"w":0.916,"x":505.448,"y":423.381
},{
"h":0.822,"i":0,"k":2,"n":32,"o":"mcGuiLogo","p":36,"w":0.916,"x":505.448,"y":423.381
},{
"h":0.916,"i":0,"k":2,"n":36,"o":"mcGuiLogo","w":0.916,"x":505.448,"y":423.381
},{
"h":0.916,"i":0,"k":2,"n":37,"o":"mcGuiLogo","w":0.916,"x":505.448,"y":423.381
}
]
},{
"f":[
{
"i":0,"k":2,"n":0,"o":"mcGuiGameName","t":0,"x":505.533,"y":565.405
},{
"h":0.595,"i":0,"k":2,"n":25,"o":"mcGuiGameName","p":27,"t":0.392,"x":505.533,"y":565.405
},{
"h":1.694,"i":0,"k":2,"n":27,"o":"mcGuiGameName","p":29,"t":0.784,"w":1.06,"x":505.533,"y":565.405
},{
"i":0,"k":2,"n":29,"o":"mcGuiGameName","p":32,"x":505.533,"y":565.405
},{
"h":0.897,"i":0,"k":2,"n":32,"o":"mcGuiGameName","p":36,"x":505.533,"y":565.404
},{
"i":0,"k":2,"n":36,"o":"mcGuiGameName","x":505.533,"y":565.405
},{
"i":0,"k":2,"n":37,"o":"mcGuiGameName","x":505.533,"y":565.405
}
]
},{
"fa":[
{
"a":"sg","n":36
},{
"a":"fg","n":37
}
]
}
],"n":"mcGuiScreenMainMenu","r":30
},{
"f":1,"l":[
{
"f":[
{
"i":0,"k":3,"n":0,"o":"mcGuiBg","x":0,"y":0
}
]
},{
"f":[
{
"i":0,"k":3,"n":0,"o":"mcGuiImage","x":0,"y":0
}
]
},{
"f":[
{
"i":0,"k":4,"n":0,"o":"mcGuiBtnMainmenu","x":92.12,"y":89.063
}
]
},{
"f":[
{
"i":0,"k":4,"n":0,"o":"mcGuiBtnSkip","x":957.95,"y":89.063
}
]
},{
"f":[
{
"h":0.687,"i":0,"k":4,"n":0,"o":"mcGuiBtnPlay","w":0.687,"x":943.74,"y":679.399
}
]
},{
"f":[
{
"h":0.687,"i":0,"k":4,"n":0,"o":"mcGuiBtnMainmenu02","w":0.687,"x":943.74,"y":679.399
}
]
},{
"f":[
{
"i":0,"k":5,"n":0,"o":"mcGuiTextInfo","x":507.783,"y":695.671
}
]
}
],"n":"mcGuiScreenCutscene","r":30
},{
"f":1,"l":[
{
"f":[
{
"i":0,"k":3,"n":0,"o":"mcGuiBase","x":5.631,"y":7.049
}
]
},{
"f":[
{
"i":0,"k":3,"n":0,"o":"mcGuiTrophy","x":1.199,"y":-67.491
}
]
},{
"f":[
{
"i":0,"k":5,"n":0,"o":"mcGuiTextName","x":1.199,"y":34.412
}
]
},{
"f":[
{
"i":0,"k":5,"n":0,"o":"mcGuiTextInfo","x":1.199,"y":102.625
}
]
}
],"n":"mcGuiPopupTrophiesSide","r":30
},{
"f":14,"l":[
{
"f":[
{
"i":0,"k":3,"n":0,"o":"mcGuiBg","p":11,"t":0,"x":0,"y":0
},{
"i":0,"k":3,"n":11,"o":"mcGuiBg","x":0,"y":0
},{
"i":0,"k":3,"n":12,"o":"mcGuiBg","x":0,"y":0
},{
"i":0,"k":3,"n":13,"o":"mcGuiBg","t":0,"x":0,"y":0
}
]
},{
"f":[
{
"h":0.595,"i":0,"k":2,"n":0,"o":"mcContentBase02","p":2,"t":0.392,"x":377,"y":392
},{
"h":1.694,"i":0,"k":2,"n":2,"o":"mcContentBase02","p":4,"t":0.784,"w":1.06,"x":377,"y":392
},{
"i":0,"k":2,"n":4,"o":"mcContentBase02","p":7,"x":377,"y":392
},{
"h":0.897,"i":0,"k":2,"n":7,"o":"mcContentBase02","p":11,"x":377,"y":392
},{
"i":0,"k":2,"n":11,"o":"mcContentBase02","x":377,"y":392
},{
"i":0,"k":2,"n":12,"o":"mcContentBase02","x":377,"y":392
},{
"i":0,"k":2,"n":13,"o":"mcContentBase02","t":0,"x":377,"y":392
}
]
},{
"f":[
{
"h":0.595,"i":0,"k":2,"n":0,"o":"mcContentMask","p":2,"t":0.392,"x":377,"y":392
},{
"h":1.694,"i":0,"k":2,"n":2,"o":"mcContentMask","p":4,"t":0.784,"w":1.06,"x":377,"y":392
},{
"i":0,"k":2,"n":4,"o":"mcContentMask","p":7,"x":377,"y":392
},{
"h":0.897,"i":0,"k":2,"n":7,"o":"mcContentMask","p":11,"x":377,"y":392
},{
"i":0,"k":2,"n":11,"o":"mcContentMask","x":377,"y":392
},{
"i":0,"k":2,"n":12,"o":"mcContentMask","x":377,"y":392
},{
"i":0,"k":2,"n":13,"o":"mcContentMask","t":0,"x":377,"y":392
}
]
},{
"f":[
{
"h":0.595,"i":0,"k":3,"n":0,"o":"mcGuiBase01","p":2,"t":0.392,"x":379.292,"y":418.636
},{
"h":1.694,"i":0,"k":3,"n":2,"o":"mcGuiBase01","p":4,"t":0.784,"w":1.06,"x":379.293,"y":418.636
},{
"i":0,"k":3,"n":4,"o":"mcGuiBase01","p":7,"x":379.293,"y":418.636
},{
"h":0.897,"i":0,"k":3,"n":7,"o":"mcGuiBase01","p":11,"x":379.293,"y":418.635
},{
"i":0,"k":3,"n":11,"o":"mcGuiBase01","x":379.293,"y":418.636
},{
"i":0,"k":3,"n":12,"o":"mcGuiBase01","x":379.293,"y":418.636
},{
"i":0,"k":3,"n":13,"o":"mcGuiBase01","t":0,"x":379.293,"y":418.636
}
]
},{
"f":[
{
"h":0.595,"i":0,"k":0,"n":0,"o":"mcGuiBtnTrophy01","p":2,"t":0.392,"x":236.692,"y":290.444
},{
"h":1.694,"i":0,"k":0,"n":2,"o":"mcGuiBtnTrophy01","p":4,"t":0.784,"w":1.06,"x":236.693,"y":290.444
},{
"i":0,"k":0,"n":4,"o":"mcGuiBtnTrophy01","p":7,"x":236.693,"y":290.444
},{
"h":0.897,"i":0,"k":0,"n":7,"o":"mcGuiBtnTrophy01","p":11,"x":236.692,"y":290.443
},{
"i":0,"k":0,"n":11,"o":"mcGuiBtnTrophy01","x":236.693,"y":290.444
},{
"i":0,"k":0,"n":12,"o":"mcGuiBtnTrophy01","x":236.693,"y":290.444
},{
"i":0,"k":0,"n":13,"o":"mcGuiBtnTrophy01","t":0,"x":236.693,"y":290.444
}
]
},{
"f":[
{
"h":0.595,"i":0,"k":0,"n":0,"o":"mcGuiBtnTrophy02","p":2,"t":0.392,"x":377.99,"y":290.444
},{
"h":1.694,"i":0,"k":0,"n":2,"o":"mcGuiBtnTrophy02","p":4,"t":0.784,"w":1.06,"x":377.99,"y":290.444
},{
"i":0,"k":0,"n":4,"o":"mcGuiBtnTrophy02","p":7,"x":377.99,"y":290.444
},{
"h":0.897,"i":0,"k":0,"n":7,"o":"mcGuiBtnTrophy02","p":11,"x":377.989,"y":290.443
},{
"i":0,"k":0,"n":11,"o":"mcGuiBtnTrophy02","x":377.99,"y":290.444
},{
"i":0,"k":0,"n":12,"o":"mcGuiBtnTrophy02","x":377.99,"y":290.444
},{
"i":0,"k":0,"n":13,"o":"mcGuiBtnTrophy02","t":0,"x":377.99,"y":290.444
}
]
},{
"f":[
{
"h":0.595,"i":0,"k":0,"n":0,"o":"mcGuiBtnTrophy03","p":2,"t":0.392,"x":519.287,"y":290.444
},{
"h":1.694,"i":0,"k":0,"n":2,"o":"mcGuiBtnTrophy03","p":4,"t":0.784,"w":1.06,"x":519.287,"y":290.444
},{
"i":0,"k":0,"n":4,"o":"mcGuiBtnTrophy03","p":7,"x":519.287,"y":290.444
},{
"h":0.897,"i":0,"k":0,"n":7,"o":"mcGuiBtnTrophy03","p":11,"x":519.287,"y":290.443
},{
"i":0,"k":0,"n":11,"o":"mcGuiBtnTrophy03","x":519.287,"y":290.444
},{
"i":0,"k":0,"n":12,"o":"mcGuiBtnTrophy03","x":519.287,"y":290.444
},{
"i":0,"k":0,"n":13,"o":"mcGuiBtnTrophy03","t":0,"x":519.287,"y":290.444
}
]
},{
"f":[
{
"h":0.595,"i":0,"k":0,"n":0,"o":"mcGuiBtnTrophy04","p":2,"t":0.392,"x":236.692,"y":401.904
},{
"h":1.694,"i":0,"k":0,"n":2,"o":"mcGuiBtnTrophy04","p":4,"t":0.784,"w":1.06,"x":236.693,"y":401.904
},{
"i":0,"k":0,"n":4,"o":"mcGuiBtnTrophy04","p":7,"x":236.693,"y":401.904
},{
"h":0.897,"i":0,"k":0,"n":7,"o":"mcGuiBtnTrophy04","p":11,"x":236.692,"y":401.904
},{
"i":0,"k":0,"n":11,"o":"mcGuiBtnTrophy04","x":236.693,"y":401.904
},{
"i":0,"k":0,"n":12,"o":"mcGuiBtnTrophy04","x":236.693,"y":401.904
},{
"i":0,"k":0,"n":13,"o":"mcGuiBtnTrophy04","t":0,"x":236.693,"y":401.904
}
]
},{
"f":[
{
"h":0.595,"i":0,"k":0,"n":0,"o":"mcGuiBtnTrophy05","p":2,"t":0.392,"x":377.99,"y":401.904
},{
"h":1.694,"i":0,"k":0,"n":2,"o":"mcGuiBtnTrophy05","p":4,"t":0.784,"w":1.06,"x":377.99,"y":401.904
},{
"i":0,"k":0,"n":4,"o":"mcGuiBtnTrophy05","p":7,"x":377.99,"y":401.904
},{
"h":0.897,"i":0,"k":0,"n":7,"o":"mcGuiBtnTrophy05","p":11,"x":377.989,"y":401.904
},{
"i":0,"k":0,"n":11,"o":"mcGuiBtnTrophy05","x":377.99,"y":401.904
},{
"i":0,"k":0,"n":12,"o":"mcGuiBtnTrophy05","x":377.99,"y":401.904
},{
"i":0,"k":0,"n":13,"o":"mcGuiBtnTrophy05","t":0,"x":377.99,"y":401.904
}
]
},{
"f":[
{
"h":0.595,"i":0,"k":0,"n":0,"o":"mcGuiBtnTrophy06","p":2,"t":0.392,"x":519.287,"y":401.904
},{
"h":1.694,"i":0,"k":0,"n":2,"o":"mcGuiBtnTrophy06","p":4,"t":0.784,"w":1.06,"x":519.287,"y":401.904
},{
"i":0,"k":0,"n":4,"o":"mcGuiBtnTrophy06","p":7,"x":519.287,"y":401.904
},{
"h":0.897,"i":0,"k":0,"n":7,"o":"mcGuiBtnTrophy06","p":11,"x":519.287,"y":401.904
},{
"i":0,"k":0,"n":11,"o":"mcGuiBtnTrophy06","x":519.287,"y":401.904
},{
"i":0,"k":0,"n":12,"o":"mcGuiBtnTrophy06","x":519.287,"y":401.904
},{
"i":0,"k":0,"n":13,"o":"mcGuiBtnTrophy06","t":0,"x":519.287,"y":401.904
}
]
},{
"f":[
{
"h":0.595,"i":0,"k":0,"n":0,"o":"mcGuiBtnTrophy07","p":2,"t":0.392,"x":236.692,"y":512.903
},{
"h":1.694,"i":0,"k":0,"n":2,"o":"mcGuiBtnTrophy07","p":4,"t":0.784,"w":1.06,"x":236.693,"y":512.904
},{
"i":0,"k":0,"n":4,"o":"mcGuiBtnTrophy07","p":7,"x":236.693,"y":512.904
},{
"h":0.897,"i":0,"k":0,"n":7,"o":"mcGuiBtnTrophy07","p":11,"x":236.692,"y":512.903
},{
"i":0,"k":0,"n":11,"o":"mcGuiBtnTrophy07","x":236.693,"y":512.904
},{
"i":0,"k":0,"n":12,"o":"mcGuiBtnTrophy07","x":236.693,"y":512.904
},{
"i":0,"k":0,"n":13,"o":"mcGuiBtnTrophy07","t":0,"x":236.693,"y":512.904
}
]
},{
"f":[
{
"h":0.595,"i":0,"k":0,"n":0,"o":"mcGuiBtnTrophy08","p":2,"t":0.392,"x":377.99,"y":512.903
},{
"h":1.694,"i":0,"k":0,"n":2,"o":"mcGuiBtnTrophy08","p":4,"t":0.784,"w":1.06,"x":377.99,"y":512.904
},{
"i":0,"k":0,"n":4,"o":"mcGuiBtnTrophy08","p":7,"x":377.99,"y":512.904
},{
"h":0.897,"i":0,"k":0,"n":7,"o":"mcGuiBtnTrophy08","p":11,"x":377.989,"y":512.903
},{
"i":0,"k":0,"n":11,"o":"mcGuiBtnTrophy08","x":377.99,"y":512.904
},{
"i":0,"k":0,"n":12,"o":"mcGuiBtnTrophy08","x":377.99,"y":512.904
},{
"i":0,"k":0,"n":13,"o":"mcGuiBtnTrophy08","t":0,"x":377.99,"y":512.904
}
]
},{
"f":[
{
"h":0.595,"i":0,"k":0,"n":0,"o":"mcGuiBtnTrophy09","p":2,"t":0.392,"x":519.287,"y":512.903
},{
"h":1.694,"i":0,"k":0,"n":2,"o":"mcGuiBtnTrophy09","p":4,"t":0.784,"w":1.06,"x":519.287,"y":512.904
},{
"i":0,"k":0,"n":4,"o":"mcGuiBtnTrophy09","p":7,"x":519.287,"y":512.904
},{
"h":0.897,"i":0,"k":0,"n":7,"o":"mcGuiBtnTrophy09","p":11,"x":519.287,"y":512.903
},{
"i":0,"k":0,"n":11,"o":"mcGuiBtnTrophy09","x":519.287,"y":512.904
},{
"i":0,"k":0,"n":12,"o":"mcGuiBtnTrophy09","x":519.287,"y":512.904
},{
"i":0,"k":0,"n":13,"o":"mcGuiBtnTrophy09","t":0,"x":519.287,"y":512.904
}
]
},{
"f":[
{
"h":0.595,"i":0,"k":4,"n":0,"o":"mcGuiBtnClose","p":2,"t":0.392,"x":623.523,"y":220.962
},{
"h":1.694,"i":0,"k":4,"n":2,"o":"mcGuiBtnClose","p":4,"t":0.784,"w":1.06,"x":623.523,"y":220.962
},{
"i":0,"k":4,"n":4,"o":"mcGuiBtnClose","p":7,"x":623.523,"y":220.962
},{
"h":0.897,"i":0,"k":4,"n":7,"o":"mcGuiBtnClose","p":11,"x":623.522,"y":220.962
},{
"i":0,"k":4,"n":11,"o":"mcGuiBtnClose","x":623.523,"y":220.962
},{
"i":0,"k":4,"n":12,"o":"mcGuiBtnClose","x":623.523,"y":220.962
},{
"i":0,"k":4,"n":13,"o":"mcGuiBtnClose","t":0,"x":623.523,"y":220.962
}
]
},{
"f":[
{
"h":0.595,"i":0,"k":2,"n":0,"o":"mcGuiTextTitle","p":2,"t":0.392,"x":360.773,"y":171.773
},{
"h":1.694,"i":0,"k":2,"n":2,"o":"mcGuiTextTitle","p":4,"t":0.784,"w":1.06,"x":360.774,"y":171.773
},{
"i":0,"k":2,"n":4,"o":"mcGuiTextTitle","p":7,"x":360.774,"y":171.773
},{
"h":0.897,"i":0,"k":2,"n":7,"o":"mcGuiTextTitle","p":11,"x":360.773,"y":171.772
},{
"i":0,"k":2,"n":11,"o":"mcGuiTextTitle","x":360.774,"y":171.773
},{
"i":0,"k":2,"n":12,"o":"mcGuiTextTitle","x":360.774,"y":171.773
},{
"i":0,"k":2,"n":13,"o":"mcGuiTextTitle","t":0,"x":360.774,"y":171.773
}
]
},{
"fa":[
{
"a":"sg","n":12
},{
"a":"fg","n":13
}
]
}
],"n":"mcGuiPopupTrophies","r":30
},{
"f":14,"l":[
{
"f":[
{
"i":0,"k":3,"n":0,"o":"mcGuiBg","p":11,"t":0,"x":0,"y":0
},{
"i":0,"k":3,"n":11,"o":"mcGuiBg","x":0,"y":0
},{
"i":0,"k":3,"n":12,"o":"mcGuiBg","x":0,"y":0
},{
"i":0,"k":3,"n":13,"o":"mcGuiBg","t":0,"x":0,"y":0
}
]
},{
"f":[
{
"h":0.595,"i":0,"k":3,"n":0,"o":"mcGuiBase","p":2,"t":0.392,"x":512,"y":384
},{
"h":1.694,"i":0,"k":3,"n":2,"o":"mcGuiBase","p":4,"t":0.784,"w":1.06,"x":512,"y":384
},{
"i":0,"k":3,"n":4,"o":"mcGuiBase","p":7,"x":512,"y":384
},{
"h":0.897,"i":0,"k":3,"n":7,"o":"mcGuiBase","p":11,"x":512,"y":384
},{
"i":0,"k":3,"n":11,"o":"mcGuiBase","x":512,"y":384
},{
"i":0,"k":3,"n":12,"o":"mcGuiBase","x":512,"y":384
},{
"i":0,"k":3,"n":13,"o":"mcGuiBase","t":0,"x":512,"y":384
}
]
},{
"f":[
{
"h":0.595,"i":0,"k":4,"n":0,"o":"mcGuiBtnSingle","p":2,"t":0.392,"x":512.396,"y":235.344
},{
"h":1.694,"i":0,"k":4,"n":2,"o":"mcGuiBtnSingle","p":4,"t":0.784,"w":1.06,"x":512.456,"y":236.443
},{
"i":0,"k":4,"n":4,"o":"mcGuiBtnSingle","p":7,"x":512.396,"y":235.75
},{
"h":0.897,"i":0,"k":4,"n":7,"o":"mcGuiBtnSingle","p":11,"x":512.396,"y":235.647
},{
"i":0,"k":4,"n":11,"o":"mcGuiBtnSingle","x":512.396,"y":235.75
},{
"i":0,"k":4,"n":12,"o":"mcGuiBtnSingle","x":512.396,"y":235.75
},{
"i":0,"k":4,"n":13,"o":"mcGuiBtnSingle","t":0,"x":512.396,"y":235.75
}
]
},{
"f":[
{
"h":0.595,"i":0,"k":4,"n":0,"o":"mcGuiBtnCoop","p":2,"t":0.392,"x":512.396,"y":449.107
},{
"h":1.694,"i":0,"k":4,"n":2,"o":"mcGuiBtnCoop","p":4,"t":0.784,"w":1.06,"x":512.456,"y":450.206
},{
"i":0,"k":4,"n":4,"o":"mcGuiBtnCoop","p":7,"x":512.396,"y":449.512
},{
"h":0.897,"i":0,"k":4,"n":7,"o":"mcGuiBtnCoop","p":11,"x":512.396,"y":449.409
},{
"i":0,"k":4,"n":11,"o":"mcGuiBtnCoop","x":512.396,"y":449.512
},{
"i":0,"k":4,"n":12,"o":"mcGuiBtnCoop","x":512.396,"y":449.512
},{
"i":0,"k":4,"n":13,"o":"mcGuiBtnCoop","t":0,"x":512.396,"y":449.512
}
]
},{
"f":[
{
"h":0.595,"i":0,"k":4,"n":0,"o":"mcGuiBtnVs","p":2,"t":0.392,"x":512.396,"y":343.884
},{
"h":1.694,"i":0,"k":4,"n":2,"o":"mcGuiBtnVs","p":4,"t":0.784,"w":1.06,"x":512.456,"y":344.983
},{
"i":0,"k":4,"n":4,"o":"mcGuiBtnVs","p":7,"x":512.396,"y":344.289
},{
"h":0.897,"i":0,"k":4,"n":7,"o":"mcGuiBtnVs","p":11,"x":512.396,"y":344.186
},{
"i":0,"k":4,"n":11,"o":"mcGuiBtnVs","x":512.396,"y":344.289
},{
"i":0,"k":4,"n":12,"o":"mcGuiBtnVs","x":512.396,"y":344.289
},{
"i":0,"k":4,"n":13,"o":"mcGuiBtnVs","t":0,"x":512.396,"y":344.289
}
]
},{
"f":[
{
"h":0.595,"i":0,"k":4,"n":0,"o":"mcGuiBtnClose","p":2,"t":0.392,"x":752.91,"y":157
},{
"h":1.694,"i":0,"k":4,"n":2,"o":"mcGuiBtnClose","p":4,"t":0.784,"w":1.06,"x":752.909,"y":157
},{
"i":0,"k":4,"n":4,"o":"mcGuiBtnClose","p":7,"x":752.91,"y":157
},{
"h":0.897,"i":0,"k":4,"n":7,"o":"mcGuiBtnClose","p":11,"x":752.91,"y":157
},{
"i":0,"k":4,"n":11,"o":"mcGuiBtnClose","x":752.91,"y":157
},{
"i":0,"k":4,"n":12,"o":"mcGuiBtnClose","x":752.91,"y":157
},{
"i":0,"k":4,"n":13,"o":"mcGuiBtnClose","t":0,"x":752.91,"y":157
}
]
},{
"f":[
{
"h":0.595,"i":0,"k":5,"n":0,"o":"mcGuiTextSingle","p":2,"t":0.392,"x":512.396,"y":235.344
},{
"h":1.694,"i":0,"k":5,"n":2,"o":"mcGuiTextSingle","p":4,"t":0.784,"w":1.06,"x":512.456,"y":236.443
},{
"i":0,"k":5,"n":4,"o":"mcGuiTextSingle","p":7,"x":512.396,"y":235.75
},{
"h":0.897,"i":0,"k":5,"n":7,"o":"mcGuiTextSingle","p":11,"x":512.396,"y":235.647
},{
"i":0,"k":5,"n":11,"o":"mcGuiTextSingle","x":512.396,"y":235.75
},{
"i":0,"k":5,"n":12,"o":"mcGuiTextSingle","x":512.396,"y":235.75
},{
"i":0,"k":5,"n":13,"o":"mcGuiTextSingle","t":0,"x":512.396,"y":235.75
}
]
},{
"f":[
{
"h":0.595,"i":0,"k":5,"n":0,"o":"mcGuiTextCoop","p":2,"t":0.392,"x":512.396,"y":449.107
},{
"h":1.694,"i":0,"k":5,"n":2,"o":"mcGuiTextCoop","p":4,"t":0.784,"w":1.06,"x":512.456,"y":450.206
},{
"i":0,"k":5,"n":4,"o":"mcGuiTextCoop","p":7,"x":512.396,"y":449.512
},{
"h":0.897,"i":0,"k":5,"n":7,"o":"mcGuiTextCoop","p":11,"x":512.396,"y":449.409
},{
"i":0,"k":5,"n":11,"o":"mcGuiTextCoop","x":512.396,"y":449.512
},{
"i":0,"k":5,"n":12,"o":"mcGuiTextCoop","x":512.396,"y":449.512
},{
"i":0,"k":5,"n":13,"o":"mcGuiTextCoop","t":0,"x":512.396,"y":449.512
}
]
},{
"f":[
{
"h":0.595,"i":0,"k":5,"n":0,"o":"mcGuiTextVs","p":2,"t":0.392,"x":512.396,"y":343.884
},{
"h":1.694,"i":0,"k":5,"n":2,"o":"mcGuiTextVs","p":4,"t":0.784,"w":1.06,"x":512.456,"y":344.983
},{
"i":0,"k":5,"n":4,"o":"mcGuiTextVs","p":7,"x":512.396,"y":344.289
},{
"h":0.897,"i":0,"k":5,"n":7,"o":"mcGuiTextVs","p":11,"x":512.396,"y":344.186
},{
"i":0,"k":5,"n":11,"o":"mcGuiTextVs","x":512.396,"y":344.289
},{
"i":0,"k":5,"n":12,"o":"mcGuiTextVs","x":512.396,"y":344.289
},{
"i":0,"k":5,"n":13,"o":"mcGuiTextVs","t":0,"x":512.396,"y":344.289
}
]
},{
"f":[
{
"h":0.595,"i":0,"k":2,"n":0,"o":"mcGuiTextTitle","p":2,"t":0.392,"x":512.568,"y":107
},{
"h":1.694,"i":0,"k":2,"n":2,"o":"mcGuiTextTitle","p":4,"t":0.784,"w":1.06,"x":512.568,"y":107
},{
"i":0,"k":2,"n":4,"o":"mcGuiTextTitle","p":7,"x":512.568,"y":107
},{
"h":0.897,"i":0,"k":2,"n":7,"o":"mcGuiTextTitle","p":11,"x":512.568,"y":107
},{
"i":0,"k":2,"n":11,"o":"mcGuiTextTitle","x":512.568,"y":107
},{
"i":0,"k":2,"n":12,"o":"mcGuiTextTitle","x":512.568,"y":107
},{
"i":0,"k":2,"n":13,"o":"mcGuiTextTitle","t":0,"x":512.568,"y":107
}
]
},{
"fa":[
{
"a":"sg","n":12
},{
"a":"fg","n":13
}
]
}
],"n":"mcGuiPopupSelectmode","r":30
},{
"f":14,"l":[
{
"f":[
{
"i":0,"k":3,"n":0,"o":"mcGuiBg","x":0,"y":0
},{
"i":0,"k":3,"n":12,"o":"mcGuiBg","x":0,"y":0
},{
"i":0,"k":3,"n":13,"o":"mcGuiBg","t":0,"x":0,"y":0
}
]
},{
"f":[
{
"h":0.595,"i":0,"k":3,"n":0,"o":"mcGuiBase","p":2,"t":0.392,"x":512,"y":384
},{
"h":1.694,"i":0,"k":3,"n":2,"o":"mcGuiBase","p":4,"t":0.784,"w":1.06,"x":512,"y":384
},{
"i":0,"k":3,"n":4,"o":"mcGuiBase","p":7,"x":512,"y":384
},{
"h":0.897,"i":0,"k":3,"n":7,"o":"mcGuiBase","p":11,"x":512,"y":384
},{
"i":0,"k":3,"n":11,"o":"mcGuiBase","x":512,"y":384
},{
"i":0,"k":3,"n":12,"o":"mcGuiBase","x":512,"y":384
},{
"i":0,"k":3,"n":13,"o":"mcGuiBase","t":0,"x":512,"y":384
}
]
},{
"f":[
{
"h":0.595,"i":0,"k":4,"n":0,"o":"mcGuiBtnNo","p":2,"t":0.392,"x":608.518,"y":415.04
},{
"h":1.694,"i":0,"k":4,"n":2,"o":"mcGuiBtnNo","p":4,"t":0.784,"w":1.06,"x":608.518,"y":415.04
},{
"i":0,"k":4,"n":4,"o":"mcGuiBtnNo","p":7,"x":608.518,"y":415.04
},{
"h":0.897,"i":0,"k":4,"n":7,"o":"mcGuiBtnNo","p":11,"x":608.518,"y":415.04
},{
"i":0,"k":4,"n":11,"o":"mcGuiBtnNo","x":608.518,"y":415.04
},{
"i":0,"k":4,"n":12,"o":"mcGuiBtnNo","x":608.518,"y":415.04
},{
"i":0,"k":4,"n":13,"o":"mcGuiBtnNo","t":0,"x":608.518,"y":415.04
}
]
},{
"f":[
{
"h":0.595,"i":0,"k":4,"n":0,"o":"mcGuiBtnYes","p":2,"t":0.392,"x":416.451,"y":415.04
},{
"h":1.694,"i":0,"k":4,"n":2,"o":"mcGuiBtnYes","p":4,"t":0.784,"w":1.06,"x":416.451,"y":415.04
},{
"i":0,"k":4,"n":4,"o":"mcGuiBtnYes","p":7,"x":416.451,"y":415.04
},{
"h":0.897,"i":0,"k":4,"n":7,"o":"mcGuiBtnYes","p":11,"x":416.451,"y":415.04
},{
"i":0,"k":4,"n":11,"o":"mcGuiBtnYes","x":416.451,"y":415.04
},{
"i":0,"k":4,"n":12,"o":"mcGuiBtnYes","x":416.451,"y":415.04
},{
"i":0,"k":4,"n":13,"o":"mcGuiBtnYes","t":0,"x":416.451,"y":415.04
}
]
},{
"f":[
{
"h":0.595,"i":0,"k":5,"n":0,"o":"mcGuiTextInfo","p":2,"t":0.392,"x":512,"y":315.621
},{
"h":1.694,"i":0,"k":5,"n":2,"o":"mcGuiTextInfo","p":4,"t":0.784,"w":1.06,"x":512,"y":315.622
},{
"i":0,"k":5,"n":4,"o":"mcGuiTextInfo","p":7,"x":512,"y":315.622
},{
"h":0.897,"i":0,"k":5,"n":7,"o":"mcGuiTextInfo","p":11,"x":512,"y":315.622
},{
"i":0,"k":5,"n":11,"o":"mcGuiTextInfo","x":512,"y":315.622
},{
"i":0,"k":5,"n":12,"o":"mcGuiTextInfo","x":512,"y":315.622
},{
"i":0,"k":5,"n":13,"o":"mcGuiTextInfo","t":0,"x":512,"y":315.622
}
]
},{
"f":[
{
"h":0.595,"i":0,"k":2,"n":0,"o":"mcGuiTextTitle","p":2,"t":0.392,"x":512,"y":216
},{
"h":1.694,"i":0,"k":2,"n":2,"o":"mcGuiTextTitle","p":4,"t":0.784,"w":1.06,"x":512,"y":216
},{
"i":0,"k":2,"n":4,"o":"mcGuiTextTitle","p":7,"x":512,"y":216
},{
"h":0.897,"i":0,"k":2,"n":7,"o":"mcGuiTextTitle","p":11,"x":512,"y":216
},{
"i":0,"k":2,"n":11,"o":"mcGuiTextTitle","x":512,"y":216
},{
"i":0,"k":2,"n":12,"o":"mcGuiTextTitle","x":512,"y":216
},{
"i":0,"k":2,"n":13,"o":"mcGuiTextTitle","t":0,"x":512,"y":216
}
]
},{
"fa":[
{
"a":"sg","n":12
},{
"a":"fg","n":13
}
]
}
],"n":"mcGuiPopupQuit","r":30
},{
"f":14,"l":[
{
"f":[
{
"i":0,"k":3,"n":0,"o":"mcGuiBg","x":0,"y":0
},{
"i":0,"k":3,"n":12,"o":"mcGuiBg","x":0,"y":0
},{
"i":0,"k":3,"n":13,"o":"mcGuiBg","x":0,"y":0
}
]
},{
"f":[
{
"h":0.595,"i":0,"k":3,"n":0,"o":"mcGuiBase","p":2,"t":0.392,"x":500.05,"y":410.737
},{
"h":1.694,"i":0,"k":3,"n":2,"o":"mcGuiBase","p":4,"t":0.784,"w":1.06,"x":500.05,"y":410.737
},{
"i":0,"k":3,"n":4,"o":"mcGuiBase","p":7,"x":500.05,"y":410.737
},{
"h":0.897,"i":0,"k":3,"n":7,"o":"mcGuiBase","p":11,"x":500.049,"y":410.737
},{
"i":0,"k":3,"n":11,"o":"mcGuiBase","x":500.05,"y":410.737
},{
"i":0,"k":3,"n":12,"o":"mcGuiBase","x":500.05,"y":410.737
},{
"i":0,"k":3,"n":13,"o":"mcGuiBase","x":500.05,"y":410.737
}
]
},{
"f":[
{
"h":0.595,"i":0,"k":0,"n":0,"o":"mcGuiBtnToday","p":2,"t":0.392,"x":328.99,"y":145.203
},{
"h":1.694,"i":0,"k":0,"n":2,"o":"mcGuiBtnToday","p":4,"t":0.784,"w":1.06,"x":328.99,"y":145.203
},{
"i":0,"k":0,"n":4,"o":"mcGuiBtnToday","p":7,"x":328.99,"y":145.203
},{
"h":0.897,"i":0,"k":0,"n":7,"o":"mcGuiBtnToday","p":11,"x":328.99,"y":145.203
},{
"i":0,"k":0,"n":11,"o":"mcGuiBtnToday","x":328.99,"y":145.203
},{
"i":0,"k":0,"n":12,"o":"mcGuiBtnToday","x":328.99,"y":145.203
},{
"i":0,"k":0,"n":13,"o":"mcGuiBtnToday","x":328.99,"y":145.203
}
]
},{
"f":[
{
"h":0.595,"i":0,"k":0,"n":0,"o":"mcGuiBtnWeek","p":2,"t":0.392,"x":500.062,"y":145.203
},{
"h":1.694,"i":0,"k":0,"n":2,"o":"mcGuiBtnWeek","p":4,"t":0.784,"w":1.06,"x":500.062,"y":145.203
},{
"i":0,"k":0,"n":4,"o":"mcGuiBtnWeek","p":7,"x":500.062,"y":145.203
},{
"h":0.897,"i":0,"k":0,"n":7,"o":"mcGuiBtnWeek","p":11,"x":500.062,"y":145.203
},{
"i":0,"k":0,"n":11,"o":"mcGuiBtnWeek","x":500.062,"y":145.203
},{
"i":0,"k":0,"n":12,"o":"mcGuiBtnWeek","x":500.062,"y":145.203
},{
"i":0,"k":0,"n":13,"o":"mcGuiBtnWeek","x":500.062,"y":145.203
}
]
},{
"f":[
{
"h":0.595,"i":0,"k":0,"n":0,"o":"mcGuiBtnTime","p":2,"t":0.392,"x":669.899,"y":145.203
},{
"h":1.694,"i":0,"k":0,"n":2,"o":"mcGuiBtnTime","p":4,"t":0.784,"w":1.06,"x":669.899,"y":145.203
},{
"i":0,"k":0,"n":4,"o":"mcGuiBtnTime","p":7,"x":669.899,"y":145.203
},{
"h":0.897,"i":0,"k":0,"n":7,"o":"mcGuiBtnTime","p":11,"x":669.899,"y":145.203
},{
"i":0,"k":0,"n":11,"o":"mcGuiBtnTime","x":669.899,"y":145.203
},{
"i":0,"k":0,"n":12,"o":"mcGuiBtnTime","x":669.899,"y":145.203
},{
"i":0,"k":0,"n":13,"o":"mcGuiBtnTime","x":669.899,"y":145.203
}
]
},{
"f":[
{
"h":0.595,"i":0,"k":4,"n":0,"o":"mcGuiBtnClose","p":2,"t":0.392,"x":797.576,"y":97.168
},{
"h":1.694,"i":0,"k":4,"n":2,"o":"mcGuiBtnClose","p":4,"t":0.784,"w":1.06,"x":797.576,"y":97.168
},{
"i":0,"k":4,"n":4,"o":"mcGuiBtnClose","p":7,"x":797.576,"y":97.168
},{
"h":0.897,"i":0,"k":4,"n":7,"o":"mcGuiBtnClose","p":11,"x":797.576,"y":97.168
},{
"i":0,"k":4,"n":11,"o":"mcGuiBtnClose","x":797.576,"y":97.168
},{
"i":0,"k":4,"n":12,"o":"mcGuiBtnClose","x":797.576,"y":97.168
},{
"i":0,"k":4,"n":13,"o":"mcGuiBtnClose","x":797.576,"y":97.168
}
]
},{
"f":[
{
"h":0.595,"i":0,"k":4,"n":0,"o":"mcGuiBtnScroller","p":2,"t":0.392,"x":774.116,"y":225
},{
"h":1.694,"i":0,"k":4,"n":2,"o":"mcGuiBtnScroller","p":4,"t":0.784,"w":1.06,"x":774.116,"y":225
},{
"i":0,"k":4,"n":4,"o":"mcGuiBtnScroller","p":7,"x":774.116,"y":225
},{
"h":0.897,"i":0,"k":4,"n":7,"o":"mcGuiBtnScroller","p":11,"x":774.115,"y":225
},{
"i":0,"k":4,"n":11,"o":"mcGuiBtnScroller","x":774.116,"y":225
},{
"i":0,"k":4,"n":12,"o":"mcGuiBtnScroller","x":774.116,"y":225
},{
"i":0,"k":4,"n":13,"o":"mcGuiBtnScroller","x":774.116,"y":225
}
]
},{
"f":[
{
"h":0.595,"i":0,"k":5,"n":0,"o":"mcGuiTextToday","p":2,"t":0.392,"x":329.99,"y":146.423
},{
"h":1.694,"i":0,"k":5,"n":2,"o":"mcGuiTextToday","p":4,"t":0.784,"w":1.06,"x":329.99,"y":146.423
},{
"i":0,"k":5,"n":4,"o":"mcGuiTextToday","p":7,"x":329.99,"y":146.423
},{
"h":0.897,"i":0,"k":5,"n":7,"o":"mcGuiTextToday","p":11,"x":329.99,"y":146.423
},{
"i":0,"k":5,"n":11,"o":"mcGuiTextToday","x":329.99,"y":146.423
},{
"i":0,"k":5,"n":12,"o":"mcGuiTextToday","x":329.99,"y":146.423
},{
"i":0,"k":5,"n":13,"o":"mcGuiTextToday","x":329.99,"y":146.423
}
]
},{
"f":[
{
"h":0.595,"i":0,"k":5,"n":0,"o":"mcGuiTextWeek","p":2,"t":0.392,"x":501.062,"y":146.423
},{
"h":1.694,"i":0,"k":5,"n":2,"o":"mcGuiTextWeek","p":4,"t":0.784,"w":1.06,"x":501.062,"y":146.423
},{
"i":0,"k":5,"n":4,"o":"mcGuiTextWeek","p":7,"x":501.062,"y":146.423
},{
"h":0.897,"i":0,"k":5,"n":7,"o":"mcGuiTextWeek","p":11,"x":501.061,"y":146.423
},{
"i":0,"k":5,"n":11,"o":"mcGuiTextWeek","x":501.062,"y":146.423
},{
"i":0,"k":5,"n":12,"o":"mcGuiTextWeek","x":501.062,"y":146.423
},{
"i":0,"k":5,"n":13,"o":"mcGuiTextWeek","x":501.062,"y":146.423
}
]
},{
"f":[
{
"h":0.595,"i":0,"k":5,"n":0,"o":"mcGuiTextTime","p":2,"t":0.392,"x":670.899,"y":146.423
},{
"h":1.694,"i":0,"k":5,"n":2,"o":"mcGuiTextTime","p":4,"t":0.784,"w":1.06,"x":670.899,"y":146.423
},{
"i":0,"k":5,"n":4,"o":"mcGuiTextTime","p":7,"x":670.899,"y":146.423
},{
"h":0.897,"i":0,"k":5,"n":7,"o":"mcGuiTextTime","p":11,"x":670.899,"y":146.423
},{
"i":0,"k":5,"n":11,"o":"mcGuiTextTime","x":670.899,"y":146.423
},{
"i":0,"k":5,"n":12,"o":"mcGuiTextTime","x":670.899,"y":146.423
},{
"i":0,"k":5,"n":13,"o":"mcGuiTextTime","x":670.899,"y":146.423
}
]
},{
"f":[
{
"h":0.595,"i":0,"k":2,"n":0,"o":"mcGuiTextTitle","p":2,"t":0.392,"x":504,"y":54
},{
"h":1.694,"i":0,"k":2,"n":2,"o":"mcGuiTextTitle","p":4,"t":0.784,"w":1.06,"x":504,"y":54
},{
"i":0,"k":2,"n":4,"o":"mcGuiTextTitle","p":7,"x":504,"y":54
},{
"h":0.897,"i":0,"k":2,"n":7,"o":"mcGuiTextTitle","p":11,"x":504,"y":54
},{
"i":0,"k":2,"n":11,"o":"mcGuiTextTitle","x":504,"y":54
},{
"i":0,"k":2,"n":12,"o":"mcGuiTextTitle","x":504,"y":54
},{
"i":0,"k":2,"n":13,"o":"mcGuiTextTitle","x":504,"y":54
}
]
},{
"f":[
{
"h":0.595,"i":0,"k":3,"n":0,"o":"mcGuiScores","p":2,"t":0.392,"x":0,"y":0
},{
"h":1.694,"i":0,"k":3,"n":2,"o":"mcGuiScores","p":4,"w":1.06,"x":0,"y":0
},{
"i":0,"k":3,"n":4,"o":"mcGuiScores","p":7,"x":0,"y":0
},{
"h":0.897,"i":0,"k":3,"n":7,"o":"mcGuiScores","p":11,"x":0,"y":0
},{
"i":0,"k":3,"n":11,"o":"mcGuiScores","x":0,"y":0
},{
"i":0,"k":3,"n":12,"o":"mcGuiScores","x":0,"y":0
},{
"i":0,"k":3,"n":13,"o":"mcGuiScores","x":0,"y":0
}
]
},{
"f":[
{
"h":0.595,"i":0,"k":3,"n":0,"o":"mcGuiTextBase","t":0,"x":500.05,"y":621.635
},{
"i":0,"k":3,"n":11,"o":"mcGuiTextBase","x":500.05,"y":621.635
},{
"i":0,"k":3,"n":12,"o":"mcGuiTextBase","x":500.05,"y":621.635
},{
"i":0,"k":3,"n":13,"o":"mcGuiTextBase","x":500.05,"y":621.635
}
]
},{
"f":[
{
"h":0.595,"i":0,"k":5,"n":0,"o":"mcGuiTextScore","t":0,"x":525.652,"y":623.169
},{
"i":0,"k":5,"n":11,"o":"mcGuiTextScore","x":525.652,"y":623.169
},{
"i":0,"k":5,"n":12,"o":"mcGuiTextScore","x":525.652,"y":627.169
},{
"i":0,"k":5,"n":13,"o":"mcGuiTextScore","x":525.652,"y":623.169
}
]
},{
"f":[
{
"h":0.595,"i":0,"k":5,"n":0,"o":"mcGuiTextScoreNum","t":0,"x":498.52,"y":627.169
},{
"i":0,"k":5,"n":11,"o":"mcGuiTextScoreNum","x":498.521,"y":627.169
},{
"i":0,"k":5,"n":12,"o":"mcGuiTextScoreNum","x":498.521,"y":623.169
},{
"i":0,"k":5,"n":13,"o":"mcGuiTextScoreNum","x":498.521,"y":627.169
}
]
},{
"fa":[
{
"a":"sg","n":12
},{
"a":"fg","n":13
}
]
}
],"n":"mcGuiPopupLeaderboard","r":30
},{
"f":1,"l":[
{
"f":[
{
"i":0,"k":5,"n":0,"o":"mcGuiTextScore_place","x":551.541,"y":211
}
]
},{
"f":[
{
"i":0,"k":5,"n":0,"o":"mcGuiTextScore_name","x":589.722,"y":211
}
]
},{
"f":[
{
"i":0,"k":5,"n":0,"o":"mcGuiTextScore_numb","x":569.162,"y":211
}
]
},{
"f":[
{
"i":0,"k":3,"n":0,"o":"mcGuiNameEffect","x":400,"y":210
}
]
}
],"n":"mcGuiPopupLeaderboardNames","r":30
},{
"f":1,"l":[
{
"f":[
{
"i":0,"k":3,"n":0,"o":"mcGuiPanel_7","x":3807,"y":318.245
}
]
},{
"f":[
{
"i":0,"k":3,"n":0,"o":"mcGuiPanel_6","x":3257,"y":318.245
}
]
},{
"f":[
{
"i":0,"k":3,"n":0,"o":"mcGuiPanel_5","x":2707,"y":318.245
}
]
},{
"f":[
{
"i":0,"k":3,"n":0,"o":"mcGuiPanel_4","x":2157,"y":318.245
}
]
},{
"f":[
{
"i":0,"k":3,"n":0,"o":"mcGuiPanel_3","x":1607,"y":318.245
}
]
},{
"f":[
{
"i":0,"k":3,"n":0,"o":"mcGuiPanel_2","x":1057,"y":318.245
}
]
},{
"f":[
{
"i":0,"k":3,"n":0,"o":"mcGuiPanel_1","x":507,"y":318.245
}
]
}
],"n":"mcGuiPopupHelpItems","r":30
},{
"f":14,"l":[
{
"f":[
{
"i":0,"k":3,"n":0,"o":"mcGuiBg","x":0,"y":0
},{
"i":0,"k":3,"n":11,"o":"mcGuiBg","x":0,"y":0
},{
"i":0,"k":3,"n":12,"o":"mcGuiBg","x":0,"y":0
},{
"i":0,"k":3,"n":13,"o":"mcGuiBg","x":0,"y":0
}
]
},{
"f":[
{
"h":0.595,"i":0,"k":3,"n":0,"o":"mcGuiBase","p":2,"t":0.392,"x":512,"y":384
},{
"h":1.694,"i":0,"k":3,"n":2,"o":"mcGuiBase","p":4,"t":0.784,"w":1.06,"x":512,"y":384
},{
"i":0,"k":3,"n":4,"o":"mcGuiBase","p":7,"x":512,"y":384
},{
"h":0.897,"i":0,"k":3,"n":7,"o":"mcGuiBase","p":11,"x":512,"y":384
},{
"i":0,"k":3,"n":11,"o":"mcGuiBase","x":512,"y":384
},{
"i":0,"k":3,"n":12,"o":"mcGuiBase","x":512,"y":384
},{
"i":0,"k":3,"n":13,"o":"mcGuiBase","t":0,"x":512,"y":384
}
]
},{
"f":[
{
"h":0.595,"i":0,"k":3,"n":0,"o":"mcGuiContent","p":2,"t":0.392,"x":0,"y":0
},{
"h":1.694,"i":0,"k":3,"n":2,"o":"mcGuiContent","p":4,"t":0.784,"w":1.06,"x":0,"y":0
},{
"i":0,"k":3,"n":4,"o":"mcGuiContent","p":7,"x":0,"y":0
},{
"h":0.897,"i":0,"k":3,"n":7,"o":"mcGuiContent","p":11,"x":0,"y":0
},{
"i":0,"k":3,"n":11,"o":"mcGuiContent","x":0,"y":0
},{
"i":0,"k":3,"n":12,"o":"mcGuiContent","x":0,"y":0
},{
"i":0,"k":3,"n":13,"o":"mcGuiContent","t":0,"x":0,"y":0
}
]
},{
"f":[
{
"h":0.595,"i":0,"k":3,"n":0,"o":"mcGuiContent2","p":2,"t":0.392,"x":0,"y":-41
},{
"h":1.694,"i":0,"k":3,"n":2,"o":"mcGuiContent2","p":4,"t":0.784,"w":1.06,"x":0,"y":-41
},{
"i":0,"k":3,"n":4,"o":"mcGuiContent2","p":7,"x":0,"y":-41
},{
"h":0.897,"i":0,"k":3,"n":7,"o":"mcGuiContent2","p":11,"x":0,"y":-41
},{
"i":0,"k":3,"n":11,"o":"mcGuiContent2","x":0,"y":-41
},{
"i":0,"k":3,"n":12,"o":"mcGuiContent2","x":0,"y":-41
},{
"i":0,"k":3,"n":13,"o":"mcGuiContent2","t":0,"x":0,"y":-41
}
]
},{
"f":[
{
"h":0.595,"i":0,"k":4,"n":0,"o":"mcGuiBtnSlice_7","p":2,"t":0.392,"x":593.331,"y":418.378
},{
"h":1.694,"i":0,"k":4,"n":2,"o":"mcGuiBtnSlice_7","p":4,"t":0.784,"w":1.06,"x":605.245,"y":418.378
},{
"i":0,"k":4,"n":4,"o":"mcGuiBtnSlice_7","p":7,"x":605.245,"y":418.378
},{
"h":0.897,"i":0,"k":4,"n":7,"o":"mcGuiBtnSlice_7","p":11,"x":595.245,"y":418.378
},{
"i":0,"k":4,"n":11,"o":"mcGuiBtnSlice_7","x":605.245,"y":418.378
},{
"i":0,"k":4,"n":12,"o":"mcGuiBtnSlice_7","x":605.245,"y":418.378
},{
"i":0,"k":4,"n":13,"o":"mcGuiBtnSlice_7","t":0,"x":605.245,"y":418.378
}
]
},{
"f":[
{
"h":0.595,"i":0,"k":4,"n":0,"o":"mcGuiBtnSlice_6","p":2,"t":0.392,"x":569.331,"y":418.378
},{
"h":1.694,"i":0,"k":4,"n":2,"o":"mcGuiBtnSlice_6","p":4,"t":0.784,"w":1.06,"x":581.245,"y":418.378
},{
"i":0,"k":4,"n":4,"o":"mcGuiBtnSlice_6","p":7,"x":581.245,"y":418.378
},{
"h":0.897,"i":0,"k":4,"n":7,"o":"mcGuiBtnSlice_6","p":11,"x":571.245,"y":418.378
},{
"i":0,"k":4,"n":11,"o":"mcGuiBtnSlice_6","x":581.245,"y":418.378
},{
"i":0,"k":4,"n":12,"o":"mcGuiBtnSlice_6","x":581.245,"y":418.378
},{
"i":0,"k":4,"n":13,"o":"mcGuiBtnSlice_6","t":0,"x":581.245,"y":418.378
}
]
},{
"f":[
{
"h":0.595,"i":0,"k":4,"n":0,"o":"mcGuiBtnSlice_5","p":2,"t":0.392,"x":544.332,"y":418.378
},{
"h":1.694,"i":0,"k":4,"n":2,"o":"mcGuiBtnSlice_5","p":4,"t":0.784,"w":1.06,"x":556.246,"y":418.378
},{
"i":0,"k":4,"n":4,"o":"mcGuiBtnSlice_5","p":7,"x":556.246,"y":418.378
},{
"h":0.897,"i":0,"k":4,"n":7,"o":"mcGuiBtnSlice_5","p":11,"x":546.246,"y":418.378
},{
"i":0,"k":4,"n":11,"o":"mcGuiBtnSlice_5","x":556.246,"y":418.378
},{
"i":0,"k":4,"n":12,"o":"mcGuiBtnSlice_5","x":556.246,"y":418.378
},{
"i":0,"k":4,"n":13,"o":"mcGuiBtnSlice_5","t":0,"x":556.246,"y":418.378
}
]
},{
"f":[
{
"h":0.595,"i":0,"k":4,"n":0,"o":"mcGuiBtnSlice_4","p":2,"t":0.392,"x":520.078,"y":418.378
},{
"h":1.694,"i":0,"k":4,"n":2,"o":"mcGuiBtnSlice_4","p":4,"t":0.784,"w":1.06,"x":531.993,"y":418.378
},{
"i":0,"k":4,"n":4,"o":"mcGuiBtnSlice_4","p":7,"x":531.993,"y":418.378
},{
"h":0.897,"i":0,"k":4,"n":7,"o":"mcGuiBtnSlice_4","p":11,"x":521.992,"y":418.378
},{
"i":0,"k":4,"n":11,"o":"mcGuiBtnSlice_4","x":531.993,"y":418.378
},{
"i":0,"k":4,"n":12,"o":"mcGuiBtnSlice_4","x":531.993,"y":418.378
},{
"i":0,"k":4,"n":13,"o":"mcGuiBtnSlice_4","t":0,"x":531.993,"y":418.378
}
]
},{
"f":[
{
"h":0.595,"i":0,"k":4,"n":0,"o":"mcGuiBtnSlice_3","p":2,"t":0.392,"x":495.08,"y":418.378
},{
"h":1.694,"i":0,"k":4,"n":2,"o":"mcGuiBtnSlice_3","p":4,"t":0.784,"w":1.06,"x":506.994,"y":418.378
},{
"i":0,"k":4,"n":4,"o":"mcGuiBtnSlice_3","p":7,"x":506.994,"y":418.378
},{
"h":0.897,"i":0,"k":4,"n":7,"o":"mcGuiBtnSlice_3","p":11,"x":496.993,"y":418.378
},{
"i":0,"k":4,"n":11,"o":"mcGuiBtnSlice_3","x":506.994,"y":418.378
},{
"i":0,"k":4,"n":12,"o":"mcGuiBtnSlice_3","x":506.994,"y":418.378
},{
"i":0,"k":4,"n":13,"o":"mcGuiBtnSlice_3","t":0,"x":506.994,"y":418.378
}
]
},{
"f":[
{
"h":0.595,"i":0,"k":4,"n":0,"o":"mcGuiBtnSlice_2","p":2,"t":0.392,"x":470.08,"y":418.378
},{
"h":1.694,"i":0,"k":4,"n":2,"o":"mcGuiBtnSlice_2","p":4,"t":0.784,"w":1.06,"x":481.994,"y":418.378
},{
"i":0,"k":4,"n":4,"o":"mcGuiBtnSlice_2","p":7,"x":481.994,"y":418.378
},{
"h":0.897,"i":0,"k":4,"n":7,"o":"mcGuiBtnSlice_2","p":11,"x":471.994,"y":418.378
},{
"i":0,"k":4,"n":11,"o":"mcGuiBtnSlice_2","x":481.994,"y":418.378
},{
"i":0,"k":4,"n":12,"o":"mcGuiBtnSlice_2","x":481.994,"y":418.378
},{
"i":0,"k":4,"n":13,"o":"mcGuiBtnSlice_2","t":0,"x":481.994,"y":418.378
}
]
},{
"f":[
{
"h":0.595,"i":0,"k":4,"n":0,"o":"mcGuiBtnSlice_1","p":2,"t":0.392,"x":445.08,"y":418.378
},{
"h":1.694,"i":0,"k":4,"n":2,"o":"mcGuiBtnSlice_1","p":4,"t":0.784,"w":1.06,"x":456.994,"y":418.378
},{
"i":0,"k":4,"n":4,"o":"mcGuiBtnSlice_1","p":7,"x":456.994,"y":418.378
},{
"h":0.897,"i":0,"k":4,"n":7,"o":"mcGuiBtnSlice_1","p":11,"x":446.994,"y":418.378
},{
"i":0,"k":4,"n":11,"o":"mcGuiBtnSlice_1","x":456.994,"y":418.378
},{
"i":0,"k":4,"n":12,"o":"mcGuiBtnSlice_1","x":456.994,"y":418.378
},{
"i":0,"k":4,"n":13,"o":"mcGuiBtnSlice_1","t":0,"x":456.994,"y":418.378
}
]
},{
"f":[
{
"h":0.595,"i":0,"k":4,"n":0,"o":"mcGuiBtnScrollLeft","p":2,"t":0.392,"w":-1,"x":238.277,"y":482.323
},{
"h":1.694,"i":0,"k":4,"n":2,"o":"mcGuiBtnScrollLeft","p":4,"t":0.784,"w":-1.06,"x":238.278,"y":482.323
},{
"i":0,"k":4,"n":4,"o":"mcGuiBtnScrollLeft","p":7,"w":-1,"x":238.278,"y":482.323
},{
"h":0.897,"i":0,"k":4,"n":7,"o":"mcGuiBtnScrollLeft","p":11,"w":-1,"x":238.278,"y":482.323
},{
"i":0,"k":4,"n":11,"o":"mcGuiBtnScrollLeft","w":-1,"x":238.278,"y":482.323
},{
"i":0,"k":4,"n":12,"o":"mcGuiBtnScrollLeft","w":-1,"x":238.278,"y":482.323
},{
"i":0,"k":4,"n":13,"o":"mcGuiBtnScrollLeft","t":0,"w":-1,"x":238.278,"y":482.323
}
]
},{
"f":[
{
"h":0.595,"i":0,"k":4,"n":0,"o":"mcGuiBtnClose","p":2,"t":0.392,"x":747,"y":175
},{
"h":1.694,"i":0,"k":4,"n":2,"o":"mcGuiBtnClose","p":4,"t":0.784,"w":1.06,"x":747,"y":175
},{
"i":0,"k":4,"n":4,"o":"mcGuiBtnClose","p":7,"x":747,"y":175
},{
"h":0.897,"i":0,"k":4,"n":7,"o":"mcGuiBtnClose","p":11,"x":747,"y":175
},{
"i":0,"k":4,"n":11,"o":"mcGuiBtnClose","x":747,"y":175
},{
"i":0,"k":4,"n":12,"o":"mcGuiBtnClose","x":747,"y":175
},{
"i":0,"k":4,"n":13,"o":"mcGuiBtnClose","t":0,"x":747,"y":175
}
]
},{
"f":[
{
"h":0.595,"i":0,"k":4,"n":0,"o":"mcGuiBtnScrollRight","p":2,"t":0.392,"x":784.721,"y":482.323
},{
"h":1.694,"i":0,"k":4,"n":2,"o":"mcGuiBtnScrollRight","p":4,"t":0.784,"w":1.06,"x":784.721,"y":482.323
},{
"i":0,"k":4,"n":4,"o":"mcGuiBtnScrollRight","p":7,"x":784.721,"y":482.323
},{
"h":0.897,"i":0,"k":4,"n":7,"o":"mcGuiBtnScrollRight","p":11,"x":784.721,"y":482.323
},{
"i":0,"k":4,"n":11,"o":"mcGuiBtnScrollRight","x":784.721,"y":482.323
},{
"i":0,"k":4,"n":12,"o":"mcGuiBtnScrollRight","x":784.721,"y":482.323
},{
"i":0,"k":4,"n":13,"o":"mcGuiBtnScrollRight","t":0,"x":784.721,"y":482.323
}
]
},{
"f":[
{
"h":0.595,"i":0,"k":2,"n":0,"o":"mcGuiTextTitle","p":2,"t":0.392,"x":512,"y":108.308
},{
"h":1.694,"i":0,"k":2,"n":2,"o":"mcGuiTextTitle","p":4,"t":0.784,"w":1.06,"x":512,"y":108.308
},{
"i":0,"k":2,"n":4,"o":"mcGuiTextTitle","p":7,"x":512,"y":108.308
},{
"h":0.897,"i":0,"k":2,"n":7,"o":"mcGuiTextTitle","p":11,"x":512,"y":108.308
},{
"i":0,"k":2,"n":11,"o":"mcGuiTextTitle","x":512,"y":108.308
},{
"i":0,"k":2,"n":12,"o":"mcGuiTextTitle","x":512,"y":108.308
},{
"i":0,"k":2,"n":13,"o":"mcGuiTextTitle","t":0,"x":512,"y":108.308
}
]
},{
"f":[
{
"h":0.595,"i":0,"k":5,"n":0,"o":"mcGuiTextInfo","p":2,"t":0.392,"x":512,"y":482.323
},{
"h":1.694,"i":0,"k":5,"n":2,"o":"mcGuiTextInfo","p":4,"t":0.784,"w":1.06,"x":512,"y":482.323
},{
"i":0,"k":5,"n":4,"o":"mcGuiTextInfo","p":7,"x":512,"y":482.323
},{
"h":0.897,"i":0,"k":5,"n":7,"o":"mcGuiTextInfo","p":11,"x":512,"y":482.323
},{
"i":0,"k":5,"n":11,"o":"mcGuiTextInfo","x":512,"y":482.323
},{
"i":0,"k":5,"n":12,"o":"mcGuiTextInfo","x":512,"y":482.323
},{
"i":0,"k":5,"n":13,"o":"mcGuiTextInfo","t":0,"x":512,"y":482.323
}
]
},{
"fa":[
{
"a":"sg","n":12
},{
"a":"fg","n":13
}
]
}
],"n":"mcGuiPopupHelp","r":30
},{
"f":14,"l":[
{
"f":[
{
"i":0,"k":3,"n":0,"o":"mcGuiBg","x":0,"y":0
},{
"i":0,"k":3,"n":12,"o":"mcGuiBg","x":0,"y":0
},{
"i":0,"k":3,"n":13,"o":"mcGuiBg","t":0,"x":0,"y":0
}
]
},{
"f":[
{
"h":0.595,"i":0,"k":3,"n":0,"o":"mcGuiBase","p":2,"t":0.392,"x":512,"y":384
},{
"h":1.694,"i":0,"k":3,"n":2,"o":"mcGuiBase","p":4,"t":0.784,"w":1.06,"x":512,"y":384
},{
"i":0,"k":3,"n":4,"o":"mcGuiBase","p":7,"x":512,"y":384
},{
"h":0.897,"i":0,"k":3,"n":7,"o":"mcGuiBase","p":11,"x":512,"y":384
},{
"i":0,"k":3,"n":11,"o":"mcGuiBase","x":512,"y":384
},{
"i":0,"k":3,"n":12,"o":"mcGuiBase","x":512,"y":384
},{
"i":0,"k":3,"n":13,"o":"mcGuiBase","t":0,"x":512,"y":384
}
]
},{
"f":[
{
"h":0.595,"i":0,"k":4,"n":0,"o":"mcGuiBtnNo","p":2,"t":0.392,"x":608.518,"y":415.04
},{
"h":1.694,"i":0,"k":4,"n":2,"o":"mcGuiBtnNo","p":4,"t":0.784,"w":1.06,"x":608.518,"y":415.04
},{
"i":0,"k":4,"n":4,"o":"mcGuiBtnNo","p":7,"x":608.518,"y":415.04
},{
"h":0.897,"i":0,"k":4,"n":7,"o":"mcGuiBtnNo","p":11,"x":608.518,"y":415.04
},{
"i":0,"k":4,"n":11,"o":"mcGuiBtnNo","x":608.518,"y":415.04
},{
"i":0,"k":4,"n":12,"o":"mcGuiBtnNo","x":608.518,"y":415.04
},{
"i":0,"k":4,"n":13,"o":"mcGuiBtnNo","t":0,"x":608.518,"y":415.04
}
]
},{
"f":[
{
"h":0.595,"i":0,"k":4,"n":0,"o":"mcGuiBtnYes","p":2,"t":0.392,"x":416.451,"y":415.04
},{
"h":1.694,"i":0,"k":4,"n":2,"o":"mcGuiBtnYes","p":4,"t":0.784,"w":1.06,"x":416.451,"y":415.04
},{
"i":0,"k":4,"n":4,"o":"mcGuiBtnYes","p":7,"x":416.451,"y":415.04
},{
"h":0.897,"i":0,"k":4,"n":7,"o":"mcGuiBtnYes","p":11,"x":416.451,"y":415.04
},{
"i":0,"k":4,"n":11,"o":"mcGuiBtnYes","x":416.451,"y":415.04
},{
"i":0,"k":4,"n":12,"o":"mcGuiBtnYes","x":416.451,"y":415.04
},{
"i":0,"k":4,"n":13,"o":"mcGuiBtnYes","t":0,"x":416.451,"y":415.04
}
]
},{
"f":[
{
"h":0.595,"i":0,"k":5,"n":0,"o":"mcGuiTextInfo","p":2,"t":0.392,"x":512,"y":315.621
},{
"h":1.694,"i":0,"k":5,"n":2,"o":"mcGuiTextInfo","p":4,"t":0.784,"w":1.06,"x":512,"y":315.622
},{
"i":0,"k":5,"n":4,"o":"mcGuiTextInfo","p":7,"x":512,"y":315.622
},{
"h":0.897,"i":0,"k":5,"n":7,"o":"mcGuiTextInfo","p":11,"x":512,"y":315.622
},{
"i":0,"k":5,"n":11,"o":"mcGuiTextInfo","x":512,"y":315.622
},{
"i":0,"k":5,"n":12,"o":"mcGuiTextInfo","x":512,"y":315.622
},{
"i":0,"k":5,"n":13,"o":"mcGuiTextInfo","t":0,"x":512,"y":315.622
}
]
},{
"f":[
{
"h":0.595,"i":0,"k":2,"n":0,"o":"mcGuiTextTitle","p":2,"t":0.392,"x":512,"y":216
},{
"h":1.694,"i":0,"k":2,"n":2,"o":"mcGuiTextTitle","p":4,"t":0.784,"w":1.06,"x":512,"y":216
},{
"i":0,"k":2,"n":4,"o":"mcGuiTextTitle","p":7,"x":512,"y":216
},{
"h":0.897,"i":0,"k":2,"n":7,"o":"mcGuiTextTitle","p":11,"x":512,"y":216
},{
"i":0,"k":2,"n":11,"o":"mcGuiTextTitle","x":512,"y":216
},{
"i":0,"k":2,"n":12,"o":"mcGuiTextTitle","x":512,"y":216
},{
"i":0,"k":2,"n":13,"o":"mcGuiTextTitle","t":0,"x":512,"y":216
}
]
},{
"fa":[
{
"a":"sg","n":12
},{
"a":"fg","n":13
}
]
}
],"n":"mcGuiPopupConfirm","r":30
}
],"atlas":[
[
{
"h":72,"n":"","p":28,"q":37,"w":54,"x":1,"y":1
},{
"h":40,"n":"","p":46,"q":21,"w":90,"x":1,"y":74
},{
"h":60,"n":"","p":31,"q":31,"w":60,"x":56,"y":1
},{
"h":54,"n":"","p":31,"q":28,"w":60,"x":1,"y":115
},{
"h":36,"n":"","p":31,"q":19,"w":60,"x":62,"y":115
},{
"h":20,"n":"","p":44,"q":11,"w":86,"x":1,"y":170
}
]
],"meta":{
"atlas":[
"gui_content_controls_image_0.png"
]
}
}
