{
"animations":[
{
"f":34,"l":[
{
"f":[
{
"i":0,"k":2,"n":0,"o":"mcGuiTutorialBase","t":0,"x":512,"y":730
},{
"h":0.037,"i":0,"k":2,"n":5,"o":"mcGuiTutorialBase","p":14,"t":0,"x":512,"y":730
},{
"i":0,"k":2,"n":14,"o":"mcGuiTutorialBase","x":512,"y":730
},{
"i":0,"k":2,"n":20,"o":"mcGuiTutorialBase","x":512,"y":730
},{
"i":0,"k":2,"n":28,"o":"mcGuiTutorialBase","p":33,"x":512,"y":730
},{
"h":0.166,"i":0,"k":2,"n":33,"o":"mcGuiTutorialBase","t":0,"x":512,"y":730
}
]
},{
"f":[
{
"i":0,"k":5,"n":0,"o":"mcGuiTutorialText","t":0,"x":512,"y":730
},{
"i":0,"k":5,"n":11,"o":"mcGuiTutorialText","p":20,"t":0,"x":512,"y":730
},{
"i":0,"k":5,"n":20,"o":"mcGuiTutorialText","x":512,"y":730
},{
"i":0,"k":5,"n":22,"o":"mcGuiTutorialText","x":512,"y":730
},{
"i":0,"k":5,"n":24,"o":"mcGuiTutorialText","p":30,"x":512,"y":730
},{
"i":0,"k":5,"n":30,"o":"mcGuiTutorialText","t":0,"x":512,"y":730
}
]
},{
"fa":[
{
"a":"sg","n":20
},{
"a":"fg","n":33
}
]
}
],"n":"mcGuiTutorialPlayerSelect","r":30
},{
"f":34,"l":[
{
"f":[
{
"i":0,"k":2,"n":0,"o":"mcGuiTutorialBase","t":0,"x":512,"y":730
},{
"h":0.037,"i":0,"k":2,"n":5,"o":"mcGuiTutorialBase","p":14,"t":0,"x":512,"y":730
},{
"i":0,"k":2,"n":14,"o":"mcGuiTutorialBase","x":512,"y":730
},{
"i":0,"k":2,"n":20,"o":"mcGuiTutorialBase","x":512,"y":730
},{
"i":0,"k":2,"n":28,"o":"mcGuiTutorialBase","p":33,"x":512,"y":730
},{
"h":0.166,"i":0,"k":2,"n":33,"o":"mcGuiTutorialBase","t":0,"x":512,"y":730
}
]
},{
"f":[
{
"i":0,"k":5,"n":0,"o":"mcGuiTutorialText","t":0,"x":512,"y":730
},{
"i":0,"k":5,"n":11,"o":"mcGuiTutorialText","p":20,"t":0,"x":512,"y":730
},{
"i":0,"k":5,"n":20,"o":"mcGuiTutorialText","x":512,"y":730
},{
"i":0,"k":5,"n":22,"o":"mcGuiTutorialText","x":512,"y":730
},{
"i":0,"k":5,"n":24,"o":"mcGuiTutorialText","p":30,"x":512,"y":730
},{
"i":0,"k":5,"n":30,"o":"mcGuiTutorialText","t":0,"x":512,"y":730
}
]
},{
"fa":[
{
"a":"sg","n":20
},{
"a":"fg","n":33
}
]
}
],"n":"mcGuiTutorialPlayerConfirm","r":30
},{
"f":1,"l":[
{
"f":[
{
"i":0,"k":0,"n":0,"w":4.588,"x":0,"y":0
}
]
}
],"n":"gui_text_selectplayer_tutorial","r":30
},{
"f":1,"l":[
{
"f":[
{
"i":0,"k":0,"n":0,"x":0,"y":0
}
]
}
],"n":"gui_text_selectplayer_player","r":30
},{
"f":1,"l":[
{
"f":[
{
"i":0,"k":0,"n":0,"x":0,"y":0
}
]
}
],"n":"gui_text_selectplayer_namecharacter","r":30
},{
"f":1,"l":[
{
"f":[
{
"i":0,"k":0,"n":0,"x":0,"y":0
}
]
}
],"n":"gui_text_selectplayer_add","r":30
},{
"f":1,"l":[
{
"f":[
{
"i":0,"k":0,"n":0,"x":0,"y":0
}
]
}
],"n":"gui_text_selectlocation_planet","r":30
},{
"f":1,"l":[
{
"f":[
{
"i":0,"k":0,"n":0,"x":0,"y":0
}
]
}
],"n":"gui_text_selectlocation_missions","r":30
},{
"f":1,"l":[
{
"f":[
{
"i":0,"k":0,"n":0,"x":0,"y":0
}
]
}
],"n":"gui_text_selectlocation_counter","r":30
},{
"f":1,"l":[
{
"f":[
{
"i":0,"k":0,"n":0,"w":6.666,"x":0,"y":0
}
]
}
],"n":"gui_text_screen_title","r":30
},{
"f":1,"l":[
{
"f":[
{
"i":0,"k":0,"n":0,"w":6.666,"x":0,"y":0
}
]
}
],"n":"gui_text_endgame_congrats","r":30
},{
"f":2,"l":[
{
"f":[
{
"g":-62.98,"i":0,"k":2,"n":0,"o":"mcGuiLine4","w":-1,"x":655.095,"y":502.308
}
]
},{
"f":[
{
"g":62.98,"i":0,"k":2,"n":0,"o":"mcGuiLine3","x":384.032,"y":502.308
}
]
},{
"f":[
{
"g":62.98,"h":-0.881,"i":0,"k":2,"n":0,"o":"mcGuiLine2","w":-0.881,"x":639.033,"y":385.393
}
]
},{
"f":[
{
"g":-62.98,"h":-0.881,"i":0,"k":2,"n":0,"o":"mcGuiLine1","w":0.881,"x":400.096,"y":385.393
}
]
},{
"f":[
{
"i":0,"k":2,"n":0,"o":"mcGuiPlanet","x":520.885,"y":262.562
}
]
},{
"f":[
{
"i":0,"k":1,"n":0,"o":"mcGuiFxHologram","t":0.341,"w":0.794,"x":520.885,"y":434.64
}
]
},{
"f":[
{
"h":0.885,"i":0,"k":4,"n":0,"o":"mcGuiBtnMission01","w":0.885,"x":314.35,"y":345.658
}
]
},{
"f":[
{
"h":0.885,"i":0,"k":4,"n":0,"o":"mcGuiBtnMission02","w":0.885,"x":732.977,"y":345.657
}
]
},{
"f":[
{
"i":0,"k":4,"n":0,"o":"mcGuiBtnMission03","x":234.119,"y":570.469
}
]
},{
"f":[
{
"i":0,"k":4,"n":0,"o":"mcGuiBtnMission04","x":812.488,"y":570.469
}
]
},{
"f":[
{
"i":0,"k":2,"n":0,"o":"mcGuiStars01","x":309.79,"y":364.348
}
]
},{
"f":[
{
"i":0,"k":2,"n":0,"o":"mcGuiStars02","x":731.853,"y":364.9
}
]
},{
"f":[
{
"i":0,"k":2,"n":0,"o":"mcGuiStars03","x":234.617,"y":588.339
}
]
},{
"f":[
{
"i":0,"k":2,"n":0,"o":"mcGuiStars04","x":809.978,"y":588.987
}
]
},{
"f":[
{
"i":0,"k":2,"n":0,"o":"mcGuiBaseMission01","x":315.35,"y":409.07
}
]
},{
"f":[
{
"i":0,"k":2,"n":0,"o":"mcGuiBaseMission02","x":733.977,"y":409.07
}
]
},{
"f":[
{
"i":0,"k":2,"n":0,"o":"mcGuiBaseMission03","x":235.119,"y":635.034
}
]
},{
"f":[
{
"i":0,"k":2,"n":0,"o":"mcGuiBaseMission04","x":813.488,"y":635.034
}
]
},{
"f":[
{
"i":0,"k":5,"n":0,"o":"mcGuiNameMission01","x":315.35,"y":409.07
}
]
},{
"f":[
{
"i":0,"k":5,"n":0,"o":"mcGuiNameMission02","x":733.977,"y":409.07
}
]
},{
"f":[
{
"i":0,"k":5,"n":0,"o":"mcGuiNameMission03","x":235.119,"y":635.034
}
]
},{
"f":[
{
"i":0,"k":5,"n":0,"o":"mcGuiNameMission04","x":813.488,"y":635.034
}
]
},{
"fa":[
{
"a":"fx:guiFxPopupEndlevelWinnerSpark,0,0,mcGuiFxHologram;s","n":1
}
]
}
],"n":"mcGuiScreenSelectLocationPlanets","r":30
},{
"f":19,"l":[
{
"f":[
{
"i":0,"k":1,"n":0,"o":"mcGuiBtnBg","x":0,"y":0
},{
"i":0,"k":1,"n":17,"o":"mcGuiBtnBg","x":0,"y":0
},{
"i":0,"k":1,"n":18,"o":"mcGuiBtnBg","x":0,"y":0
}
]
},{
"f":[
{
"i":0,"k":2,"n":0,"o":"mcGuiLetterbox","x":0,"y":0
},{
"i":0,"k":2,"n":17,"o":"mcGuiLetterbox","x":0,"y":0
},{
"i":0,"k":2,"n":18,"o":"mcGuiLetterbox","x":0,"y":0
}
]
},{
"f":[
{
"i":0,"k":4,"n":0,"o":"mcGuiBtnScrollRight","x":963.54,"y":412.973
},{
"i":0,"k":4,"n":17,"o":"mcGuiBtnScrollRight","x":963.54,"y":412.973
},{
"i":0,"k":4,"n":18,"o":"mcGuiBtnScrollRight","x":963.54,"y":412.973
}
]
},{
"f":[
{
"i":0,"k":4,"n":0,"o":"mcGuiBtnScrollLeft","w":-1,"x":63.046,"y":412.973
},{
"i":0,"k":4,"n":17,"o":"mcGuiBtnScrollLeft","w":-1,"x":63.046,"y":412.973
},{
"i":0,"k":4,"n":18,"o":"mcGuiBtnScrollLeft","w":-1,"x":63.046,"y":412.973
}
]
},{
"f":[
{
"i":0,"k":4,"n":0,"o":"mcGuiBtnMoregames","x":68,"y":78.296
},{
"i":0,"k":4,"n":17,"o":"mcGuiBtnMoregames","x":68,"y":78.296
},{
"i":0,"k":4,"n":18,"o":"mcGuiBtnMoregames","x":68,"y":78.296
}
]
},{
"f":[
{
"i":0,"k":4,"n":0,"o":"mcGuiBtnBack","x":172,"y":78.296
},{
"i":0,"k":4,"n":17,"o":"mcGuiBtnBack","x":172,"y":78.296
},{
"i":0,"k":4,"n":18,"o":"mcGuiBtnBack","x":172,"y":78.296
}
]
},{
"f":[
{
"i":0,"k":4,"n":0,"o":"mcGuiBtnSoundOff","x":962.36,"y":78.296
},{
"i":0,"k":4,"n":17,"o":"mcGuiBtnSoundOff","x":962.36,"y":78.296
},{
"i":0,"k":4,"n":18,"o":"mcGuiBtnSoundOff","x":962.36,"y":78.296
}
]
},{
"f":[
{
"i":0,"k":4,"n":0,"o":"mcGuiBtnSoundOn","x":962.36,"y":78.296
},{
"i":0,"k":4,"n":17,"o":"mcGuiBtnSoundOn","x":962.36,"y":78.296
},{
"i":0,"k":4,"n":18,"o":"mcGuiBtnSoundOn","x":962.36,"y":78.296
}
]
},{
"f":[
{
"i":0,"k":4,"n":0,"o":"mcGuiBtnHelp","x":856.848,"y":78.296
},{
"i":0,"k":4,"n":17,"o":"mcGuiBtnHelp","x":856.848,"y":78.296
},{
"i":0,"k":4,"n":18,"o":"mcGuiBtnHelp","x":856.848,"y":78.296
}
]
},{
"f":[
{
"i":0,"k":1,"n":0,"o":"mcGuiTextTitle","t":0,"x":525,"y":75.05
},{
"i":0,"k":1,"n":9,"o":"mcGuiTextTitle","p":16,"t":0,"x":525,"y":75.05
},{
"i":0,"k":1,"n":16,"o":"mcGuiTextTitle","x":525,"y":75.05
},{
"i":0,"k":1,"n":17,"o":"mcGuiTextTitle","x":525,"y":75.05
},{
"i":0,"k":1,"n":18,"o":"mcGuiTextTitle","x":525,"y":75.05
}
]
},{
"f":[
{
"i":0,"k":5,"n":0,"o":"mcGuiTextName","t":0,"x":525,"y":110.05
},{
"i":0,"k":5,"n":9,"o":"mcGuiTextName","p":16,"t":0,"x":525,"y":110.05
},{
"i":0,"k":5,"n":16,"o":"mcGuiTextName","x":525,"y":110.05
},{
"i":0,"k":5,"n":17,"o":"mcGuiTextName","x":525,"y":110.05
},{
"i":0,"k":5,"n":18,"o":"mcGuiTextName","x":525,"y":110.05
}
]
},{
"f":[
{
"i":0,"k":1,"n":0,"o":"mcGuiTransition","x":0,"y":0
},{
"i":0,"k":1,"n":17,"o":"mcGuiTransition","x":0,"y":0
},{
"i":0,"k":1,"n":18,"o":"mcGuiTransition","x":0,"y":0
}
]
},{
"fa":[
{
"a":"sg","n":17
},{
"a":"fg","n":18
}
]
}
],"n":"mcGuiScreenSelectLocation","r":30
},{
"f":34,"l":[
{
"f":[
{
"i":0,"k":2,"n":0,"o":"mcGuiBg01","x":0,"y":0
}
]
},{
"f":[
{
"i":0,"k":2,"n":0,"o":"mcGuiCollage01","t":0,"x":0,"y":0
},{
"i":0,"k":2,"n":7,"o":"mcGuiCollage01","p":33,"t":0,"x":0,"y":0
},{
"i":0,"k":2,"n":33,"o":"mcGuiCollage01","x":0,"y":0
}
]
},{
"f":[
{
"i":0,"k":2,"n":0,"o":"mcGuiBg02","x":1024,"y":0
}
]
},{
"f":[
{
"i":0,"k":2,"n":0,"o":"mcGuiCollage02","t":0,"x":1024,"y":0
},{
"i":0,"k":2,"n":7,"o":"mcGuiCollage02","p":33,"t":0,"x":1024,"y":0
},{
"i":0,"k":2,"n":33,"o":"mcGuiCollage02","x":1024,"y":0
}
]
},{
"f":[
{
"i":0,"k":2,"n":0,"o":"mcGuiBg03","x":2048,"y":0
}
]
},{
"f":[
{
"i":0,"k":2,"n":0,"o":"mcGuiCollage03","t":0,"x":2048,"y":0
},{
"i":0,"k":2,"n":7,"o":"mcGuiCollage03","p":33,"t":0,"x":2048,"y":0
},{
"i":0,"k":2,"n":33,"o":"mcGuiCollage03","x":2048,"y":0
}
]
},{
"f":[
{
"i":0,"k":1,"n":0,"o":"mcGuiBtnPlanet01","t":0,"x":511.473,"y":0
},{
"i":0,"k":1,"n":1,"o":"mcGuiBtnPlanet01","p":4,"x":83.863,"y":85.306
},{
"i":0,"k":1,"n":4,"o":"mcGuiBtnPlanet01","p":11,"x":13.103,"y":13.329
},{
"i":0,"k":1,"n":11,"o":"mcGuiBtnPlanet01","x":0,"y":0
}
]
},{
"f":[
{
"i":0,"k":1,"n":0,"o":"mcGuiBtnPlanet02","t":0,"x":1535.47,"y":0
},{
"i":0,"k":1,"n":1,"o":"mcGuiBtnPlanet02","p":4,"x":1107.87,"y":85.306
},{
"i":0,"k":1,"n":4,"o":"mcGuiBtnPlanet02","p":11,"x":1037.1,"y":13.329
},{
"i":0,"k":1,"n":11,"o":"mcGuiBtnPlanet02","x":1024,"y":0
}
]
},{
"f":[
{
"i":0,"k":1,"n":0,"o":"mcGuiBtnPlanet03","t":0,"x":2559.47,"y":0
},{
"i":0,"k":1,"n":1,"o":"mcGuiBtnPlanet03","p":4,"x":2131.87,"y":85.306
},{
"i":0,"k":1,"n":4,"o":"mcGuiBtnPlanet03","p":11,"x":2061.1,"y":13.329
},{
"i":0,"k":1,"n":11,"o":"mcGuiBtnPlanet03","x":2048,"y":0
}
]
},{
"fa":[
{
"a":"s","n":33
}
]
}
],"n":"mcGuiScreenSelectLocationBackground","r":30
},{
"f":40,"l":[
{
"f":[
{
"i":0,"k":2,"n":0,"o":"mcGuiBg","x":0,"y":0
},{
"i":0,"k":2,"n":21,"o":"mcGuiBg","x":0,"y":0
}
]
},{
"f":[
{
"i":0,"k":2,"n":0,"o":"mcGuiMask","x":0,"y":0
},{
"i":0,"k":2,"n":21,"o":"mcGuiMask","x":0,"y":0
}
]
},{
"f":[
{
"i":0,"k":2,"n":0,"o":"mcGuiCircle","p":2,"x":0,"y":18.225
},{
"i":0,"k":2,"n":2,"o":"mcGuiCircle","p":6,"x":0,"y":6.075
},{
"i":0,"k":2,"n":6,"o":"mcGuiCircle","x":0,"y":0
},{
"i":0,"k":2,"n":21,"o":"mcGuiCircle","x":0,"y":0
},{
"i":0,"k":2,"n":39,"o":"mcGuiCircle","x":0,"y":0
}
]
},{
"f":[
{
"i":0,"k":3,"n":0,"o":"mcGuiFxCharacter01","x":260.551,"y":598.626
},{
"i":0,"k":3,"n":21,"o":"mcGuiFxCharacter01","x":260.551,"y":598.626
}
]
},{
"f":[
{
"i":0,"k":3,"n":0,"o":"mcGuiFxCharacter02","x":580.929,"y":598.626
},{
"i":0,"k":3,"n":21,"o":"mcGuiFxCharacter02","x":580.929,"y":598.626
}
]
},{
"f":[
{
"i":0,"k":3,"n":0,"o":"mcGuiFxCharacter03","x":423.307,"y":598.626
},{
"i":0,"k":3,"n":21,"o":"mcGuiFxCharacter03","x":423.307,"y":598.626
}
]
},{
"f":[
{
"i":0,"k":3,"n":0,"o":"mcGuiFxCharacter04","x":96.685,"y":598.626
},{
"i":0,"k":3,"n":21,"o":"mcGuiFxCharacter04","x":96.685,"y":598.626
}
]
},{
"f":[
{
"i":0,"k":3,"n":0,"o":"mcGuiFxCharacter06","x":922.442,"y":598.626
},{
"i":0,"k":3,"n":21,"o":"mcGuiFxCharacter06","x":922.442,"y":598.626
}
]
},{
"f":[
{
"i":0,"k":3,"n":0,"o":"mcGuiFxCharacter05","x":742.063,"y":598.626
},{
"i":0,"k":3,"n":21,"o":"mcGuiFxCharacter05","x":742.063,"y":598.626
}
]
},{
"f":[
{
"i":0,"k":4,"n":0,"o":"mcGuiBtnCharacter04","p":3,"x":29.391,"y":550.175
},{
"i":0,"k":4,"n":3,"o":"mcGuiBtnCharacter04","p":10,"x":74.253,"y":517.874
},{
"i":0,"k":4,"n":10,"o":"mcGuiBtnCharacter04","x":96.685,"y":501.724
},{
"i":0,"k":4,"n":21,"o":"mcGuiBtnCharacter04","x":96.685,"y":501.724
},{
"i":0,"k":4,"n":39,"o":"mcGuiBtnCharacter04","x":96.685,"y":501.724
}
]
},{
"f":[
{
"i":0,"k":4,"n":0,"o":"mcGuiBtnCharacter01","t":0,"x":193.257,"y":550.175
},{
"i":0,"k":4,"n":2,"o":"mcGuiBtnCharacter01","p":5,"x":193.257,"y":550.175
},{
"i":0,"k":4,"n":5,"o":"mcGuiBtnCharacter01","p":12,"x":238.119,"y":517.874
},{
"i":0,"k":4,"n":12,"o":"mcGuiBtnCharacter01","x":260.551,"y":501.724
},{
"i":0,"k":4,"n":21,"o":"mcGuiBtnCharacter01","x":260.551,"y":501.724
},{
"i":0,"k":4,"n":39,"o":"mcGuiBtnCharacter01","x":260.551,"y":501.724
}
]
},{
"f":[
{
"i":0,"k":4,"n":0,"o":"mcGuiBtnCharacter03","t":0,"x":356.013,"y":550.175
},{
"i":0,"k":4,"n":4,"o":"mcGuiBtnCharacter03","p":7,"x":356.013,"y":550.175
},{
"i":0,"k":4,"n":7,"o":"mcGuiBtnCharacter03","p":14,"x":400.875,"y":517.874
},{
"i":0,"k":4,"n":14,"o":"mcGuiBtnCharacter03","x":423.307,"y":501.724
},{
"i":0,"k":4,"n":21,"o":"mcGuiBtnCharacter03","x":423.307,"y":501.724
},{
"i":0,"k":4,"n":39,"o":"mcGuiBtnCharacter03","x":423.307,"y":501.724
}
]
},{
"f":[
{
"i":0,"k":4,"n":0,"o":"mcGuiBtnCharacter02","t":0,"x":641.493,"y":550.175
},{
"i":0,"k":4,"n":4,"o":"mcGuiBtnCharacter02","p":7,"x":641.493,"y":550.175
},{
"i":0,"k":4,"n":7,"o":"mcGuiBtnCharacter02","p":14,"x":601.117,"y":517.874
},{
"i":0,"k":4,"n":14,"o":"mcGuiBtnCharacter02","x":580.929,"y":501.724
},{
"i":0,"k":4,"n":21,"o":"mcGuiBtnCharacter02","x":580.929,"y":501.724
},{
"i":0,"k":4,"n":39,"o":"mcGuiBtnCharacter02","x":580.929,"y":501.724
}
]
},{
"f":[
{
"i":0,"k":4,"n":0,"o":"mcGuiBtnCharacter05","t":0,"x":802.627,"y":550.175
},{
"i":0,"k":4,"n":2,"o":"mcGuiBtnCharacter05","p":5,"x":802.627,"y":550.175
},{
"i":0,"k":4,"n":5,"o":"mcGuiBtnCharacter05","p":12,"x":762.251,"y":517.874
},{
"i":0,"k":4,"n":12,"o":"mcGuiBtnCharacter05","x":742.063,"y":501.724
},{
"i":0,"k":4,"n":21,"o":"mcGuiBtnCharacter05","x":742.063,"y":501.724
},{
"i":0,"k":4,"n":39,"o":"mcGuiBtnCharacter05","x":742.063,"y":501.724
}
]
},{
"f":[
{
"i":0,"k":4,"n":0,"o":"mcGuiBtnCharacter06","p":3,"x":983.006,"y":550.175
},{
"i":0,"k":4,"n":3,"o":"mcGuiBtnCharacter06","p":10,"x":942.63,"y":517.874
},{
"i":0,"k":4,"n":10,"o":"mcGuiBtnCharacter06","x":922.442,"y":501.724
},{
"i":0,"k":4,"n":21,"o":"mcGuiBtnCharacter06","x":922.442,"y":501.724
},{
"i":0,"k":4,"n":39,"o":"mcGuiBtnCharacter06","x":922.442,"y":501.724
}
]
},{
"f":[
{
"i":0,"k":4,"n":0,"o":"mcGuiBtnMoregames","x":68,"y":78.296
},{
"i":0,"k":4,"n":21,"o":"mcGuiBtnMoregames","x":68,"y":78.296
}
]
},{
"f":[
{
"i":0,"k":4,"n":0,"o":"mcGuiBtnMainmenu","x":172,"y":78.296
},{
"i":0,"k":4,"n":21,"o":"mcGuiBtnMainmenu","x":172,"y":78.296
}
]
},{
"f":[
{
"i":0,"k":4,"n":0,"o":"mcGuiBtnSoundOff","x":962.36,"y":78.296
},{
"i":0,"k":4,"n":21,"o":"mcGuiBtnSoundOff","x":962.36,"y":78.296
}
]
},{
"f":[
{
"i":0,"k":2,"n":0,"o":"mcGuiFxSelect01","x":260.551,"y":501.7
},{
"i":0,"k":2,"n":21,"o":"mcGuiFxSelect01","x":260.551,"y":501.7
}
]
},{
"f":[
{
"i":0,"k":2,"n":0,"o":"mcGuiFxSelect02","x":580.929,"y":501.7
},{
"i":0,"k":2,"n":21,"o":"mcGuiFxSelect02","x":580.929,"y":501.7
}
]
},{
"f":[
{
"i":0,"k":2,"n":0,"o":"mcGuiFxSelect03","x":423.307,"y":501.7
},{
"i":0,"k":2,"n":21,"o":"mcGuiFxSelect03","x":423.307,"y":501.7
}
]
},{
"f":[
{
"i":0,"k":2,"n":0,"o":"mcGuiFxSelect04","x":96.685,"y":501.7
},{
"i":0,"k":2,"n":21,"o":"mcGuiFxSelect04","x":96.685,"y":501.7
}
]
},{
"f":[
{
"i":0,"k":2,"n":0,"o":"mcGuiFxSelect05","x":742.063,"y":501.069
},{
"i":0,"k":2,"n":21,"o":"mcGuiFxSelect05","x":742.063,"y":501.069
}
]
},{
"f":[
{
"i":0,"k":2,"n":0,"o":"mcGuiFxSelect06","x":922.442,"y":501.069
},{
"i":0,"k":2,"n":21,"o":"mcGuiFxSelect06","x":922.442,"y":501.069
}
]
},{
"f":[
{
"i":0,"k":4,"n":0,"o":"mcGuiBtnSoundOn","x":962.36,"y":78.296
},{
"i":0,"k":4,"n":21,"o":"mcGuiBtnSoundOn","x":962.36,"y":78.296
}
]
},{
"f":[
{
"i":0,"k":4,"n":0,"o":"mcGuiBtnHelp","x":856.848,"y":78.296
},{
"i":0,"k":4,"n":21,"o":"mcGuiBtnHelp","x":856.848,"y":78.296
}
]
},{
"f":[
{
"i":0,"k":1,"n":0,"o":"mcGuiTextTitle","x":525,"y":75.05
},{
"i":0,"k":1,"n":21,"o":"mcGuiTextTitle","x":525,"y":75.05
}
]
},{
"f":[
{
"i":0,"k":5,"n":0,"o":"mcGuiTextSubTitle","x":525,"y":114.05
},{
"i":0,"k":5,"n":21,"o":"mcGuiTextSubTitle","x":525,"y":114.05
}
]
},{
"f":[
{
"i":0,"k":5,"n":0,"o":"mcGuiTextCharacter01","t":0,"x":257.551,"y":192.469
},{
"i":0,"k":5,"n":14,"o":"mcGuiTextCharacter01","x":257.551,"y":192.469
},{
"i":0,"k":5,"n":21,"o":"mcGuiTextCharacter01","x":257.551,"y":192.469
}
]
},{
"f":[
{
"i":0,"k":5,"n":0,"o":"mcGuiTextCharacter02","t":0,"x":582.929,"y":192.469
},{
"i":0,"k":5,"n":14,"o":"mcGuiTextCharacter02","x":582.929,"y":192.469
},{
"i":0,"k":5,"n":21,"o":"mcGuiTextCharacter02","x":582.929,"y":192.469
}
]
},{
"f":[
{
"i":0,"k":5,"n":0,"o":"mcGuiTextCharacter03","t":0,"x":424.307,"y":192.469
},{
"i":0,"k":5,"n":14,"o":"mcGuiTextCharacter03","x":424.307,"y":192.469
},{
"i":0,"k":5,"n":21,"o":"mcGuiTextCharacter03","x":424.307,"y":192.469
}
]
},{
"f":[
{
"i":0,"k":5,"n":0,"o":"mcGuiTextCharacter04","t":0,"x":98.685,"y":192.469
},{
"i":0,"k":5,"n":14,"o":"mcGuiTextCharacter04","x":98.685,"y":192.469
},{
"i":0,"k":5,"n":21,"o":"mcGuiTextCharacter04","x":98.685,"y":192.469
}
]
},{
"f":[
{
"i":0,"k":5,"n":0,"o":"mcGuiTextCharacter05","t":0,"x":746.063,"y":192.469
},{
"i":0,"k":5,"n":14,"o":"mcGuiTextCharacter05","x":746.063,"y":192.469
},{
"i":0,"k":5,"n":21,"o":"mcGuiTextCharacter05","x":746.063,"y":192.469
}
]
},{
"f":[
{
"i":0,"k":5,"n":0,"o":"mcGuiTextCharacter06","t":0,"x":926.442,"y":192.469
},{
"i":0,"k":5,"n":14,"o":"mcGuiTextCharacter06","x":926.442,"y":192.469
},{
"i":0,"k":5,"n":21,"o":"mcGuiTextCharacter06","x":926.442,"y":192.469
}
]
},{
"f":[
{
"i":0,"k":5,"n":0,"o":"mcGuiTextCharacterS01","t":0,"x":257.551,"y":192.469
},{
"i":0,"k":5,"n":14,"o":"mcGuiTextCharacterS01","x":257.551,"y":192.469
},{
"i":0,"k":5,"n":21,"o":"mcGuiTextCharacterS01","x":257.551,"y":192.469
}
]
},{
"f":[
{
"i":0,"k":5,"n":0,"o":"mcGuiTextCharacterS02","t":0,"x":582.929,"y":192.469
},{
"i":0,"k":5,"n":14,"o":"mcGuiTextCharacterS02","x":582.929,"y":192.469
},{
"i":0,"k":5,"n":21,"o":"mcGuiTextCharacterS02","x":582.929,"y":192.469
}
]
},{
"f":[
{
"i":0,"k":5,"n":0,"o":"mcGuiTextCharacterS03","t":0,"x":424.307,"y":192.469
},{
"i":0,"k":5,"n":14,"o":"mcGuiTextCharacterS03","x":424.307,"y":192.469
},{
"i":0,"k":5,"n":21,"o":"mcGuiTextCharacterS03","x":424.307,"y":192.469
}
]
},{
"f":[
{
"i":0,"k":5,"n":0,"o":"mcGuiTextCharacterS04","t":0,"x":98.685,"y":192.469
},{
"i":0,"k":5,"n":14,"o":"mcGuiTextCharacterS04","x":98.685,"y":192.469
},{
"i":0,"k":5,"n":21,"o":"mcGuiTextCharacterS04","x":98.685,"y":192.469
}
]
},{
"f":[
{
"i":0,"k":5,"n":0,"o":"mcGuiTextCharacterS05","t":0,"x":746.063,"y":192.469
},{
"i":0,"k":5,"n":14,"o":"mcGuiTextCharacterS05","x":746.063,"y":192.469
},{
"i":0,"k":5,"n":21,"o":"mcGuiTextCharacterS05","x":746.063,"y":192.469
}
]
},{
"f":[
{
"i":0,"k":5,"n":0,"o":"mcGuiTextCharacterS06","t":0,"x":926.442,"y":192.469
},{
"i":0,"k":5,"n":14,"o":"mcGuiTextCharacterS06","x":926.442,"y":192.469
},{
"i":0,"k":5,"n":21,"o":"mcGuiTextCharacterS06","x":926.442,"y":192.469
}
]
},{
"f":[
{
"i":0,"k":2,"n":0,"o":"mcGuiTutorialBase","x":512,"y":730
},{
"i":0,"k":2,"n":21,"o":"mcGuiTutorialBase","x":512,"y":730
}
]
},{
"f":[
{
"i":0,"k":5,"n":0,"o":"mcGuiTutorialText","x":512,"y":730
},{
"i":0,"k":5,"n":21,"o":"mcGuiTutorialText","x":512,"y":730
}
]
},{
"f":[
{
"i":0,"k":1,"n":0,"o":"mcGuiTransition","x":0,"y":0
},{
"i":0,"k":1,"n":21,"o":"mcGuiTransition","x":0,"y":0
}
]
},{
"fa":[
{
"a":"sg","n":21
},{
"a":"fg","n":39
}
]
}
],"n":"mcGuiScreenSelectCharacterSingleplayer","r":30
},{
"f":40,"l":[
{
"f":[
{
"i":0,"k":2,"n":0,"o":"mcGuiBg","x":0,"y":0
},{
"i":0,"k":2,"n":21,"o":"mcGuiBg","x":0,"y":0
},{
"h":1.27,"i":0,"k":2,"n":39,"o":"mcGuiBg","w":1.27,"x":-134.72,"y":-140.097
}
]
},{
"f":[
{
"i":0,"k":2,"n":0,"o":"mcGuiMask","x":0,"y":0
},{
"i":0,"k":2,"n":21,"o":"mcGuiMask","x":0,"y":0
},{
"i":0,"k":2,"n":39,"o":"mcGuiMask","x":0,"y":0
}
]
},{
"f":[
{
"i":0,"k":2,"n":0,"o":"mcGuiCircle","p":2,"x":0,"y":18.225
},{
"i":0,"k":2,"n":2,"o":"mcGuiCircle","p":6,"x":0,"y":6.075
},{
"i":0,"k":2,"n":6,"o":"mcGuiCircle","x":0,"y":0
},{
"i":0,"k":2,"n":21,"o":"mcGuiCircle","x":0,"y":0
},{
"i":0,"k":2,"n":39,"o":"mcGuiCircle","x":0,"y":0
}
]
},{
"f":[
{
"i":0,"k":2,"n":0,"o":"mcGuiCharacter01_Player","x":257.551,"y":156.785
},{
"i":0,"k":2,"n":21,"o":"mcGuiCharacter01_Player","x":257.551,"y":156.785
},{
"i":0,"k":2,"n":39,"o":"mcGuiCharacter01_Player","x":257.551,"y":156.785
}
]
},{
"f":[
{
"i":0,"k":2,"n":0,"o":"mcGuiCharacter02_Player","x":582.929,"y":156.785
},{
"i":0,"k":2,"n":21,"o":"mcGuiCharacter02_Player","x":582.929,"y":156.785
},{
"i":0,"k":2,"n":39,"o":"mcGuiCharacter02_Player","x":582.929,"y":156.785
}
]
},{
"f":[
{
"i":0,"k":2,"n":0,"o":"mcGuiCharacter03_Player","x":424.307,"y":156.785
},{
"i":0,"k":2,"n":21,"o":"mcGuiCharacter03_Player","x":424.307,"y":156.785
},{
"i":0,"k":2,"n":39,"o":"mcGuiCharacter03_Player","x":424.307,"y":156.785
}
]
},{
"f":[
{
"i":0,"k":2,"n":0,"o":"mcGuiCharacter04_Player","x":98.685,"y":156.785
},{
"i":0,"k":2,"n":21,"o":"mcGuiCharacter04_Player","x":98.685,"y":156.785
},{
"i":0,"k":2,"n":39,"o":"mcGuiCharacter04_Player","x":98.685,"y":156.785
}
]
},{
"f":[
{
"i":0,"k":2,"n":0,"o":"mcGuiCharacter05_Player","x":746.063,"y":156.785
},{
"i":0,"k":2,"n":21,"o":"mcGuiCharacter05_Player","x":746.063,"y":156.785
},{
"i":0,"k":2,"n":39,"o":"mcGuiCharacter05_Player","x":746.063,"y":156.785
}
]
},{
"f":[
{
"i":0,"k":2,"n":0,"o":"mcGuiCharacter06_Player","x":926.442,"y":156.785
},{
"i":0,"k":2,"n":21,"o":"mcGuiCharacter06_Player","x":926.442,"y":156.785
},{
"i":0,"k":2,"n":39,"o":"mcGuiCharacter06_Player","x":926.442,"y":156.785
}
]
},{
"f":[
{
"i":0,"k":5,"n":0,"o":"mcGuiTextTag06","t":0,"x":926.442,"y":213.19
},{
"i":0,"k":5,"n":14,"o":"mcGuiTextTag06","x":926.442,"y":156.469
},{
"i":0,"k":5,"n":21,"o":"mcGuiTextTag06","x":926.442,"y":156.469
},{
"i":0,"k":5,"n":39,"o":"mcGuiTextTag06","x":926.442,"y":156.469
}
]
},{
"f":[
{
"i":0,"k":5,"n":0,"o":"mcGuiTextTag01","t":0,"x":257.551,"y":213.19
},{
"i":0,"k":5,"n":14,"o":"mcGuiTextTag01","x":257.551,"y":156.469
},{
"i":0,"k":5,"n":21,"o":"mcGuiTextTag01","x":257.551,"y":156.469
},{
"i":0,"k":5,"n":39,"o":"mcGuiTextTag01","x":257.551,"y":156.469
}
]
},{
"f":[
{
"i":0,"k":5,"n":0,"o":"mcGuiTextTag02","t":0,"x":582.929,"y":213.19
},{
"i":0,"k":5,"n":14,"o":"mcGuiTextTag02","x":582.929,"y":156.469
},{
"i":0,"k":5,"n":21,"o":"mcGuiTextTag02","x":582.929,"y":156.469
},{
"i":0,"k":5,"n":39,"o":"mcGuiTextTag02","x":582.929,"y":156.469
}
]
},{
"f":[
{
"i":0,"k":5,"n":0,"o":"mcGuiTextTag03","t":0,"x":424.307,"y":213.19
},{
"i":0,"k":5,"n":14,"o":"mcGuiTextTag03","x":424.307,"y":156.469
},{
"i":0,"k":5,"n":21,"o":"mcGuiTextTag03","x":424.307,"y":156.469
},{
"i":0,"k":5,"n":39,"o":"mcGuiTextTag03","x":424.307,"y":156.469
}
]
},{
"f":[
{
"i":0,"k":5,"n":0,"o":"mcGuiTextTag04","t":0,"x":98.685,"y":213.19
},{
"i":0,"k":5,"n":14,"o":"mcGuiTextTag04","x":98.685,"y":156.469
},{
"i":0,"k":5,"n":21,"o":"mcGuiTextTag04","x":98.685,"y":156.469
},{
"i":0,"k":5,"n":39,"o":"mcGuiTextTag04","x":98.685,"y":156.469
}
]
},{
"f":[
{
"i":0,"k":5,"n":0,"o":"mcGuiTextTag05","t":0,"x":746.063,"y":213.19
},{
"i":0,"k":5,"n":14,"o":"mcGuiTextTag05","x":746.063,"y":156.469
},{
"i":0,"k":5,"n":21,"o":"mcGuiTextTag05","x":746.063,"y":156.469
},{
"i":0,"k":5,"n":39,"o":"mcGuiTextTag05","x":746.063,"y":156.469
}
]
},{
"f":[
{
"i":0,"k":3,"n":0,"o":"mcGuiFxCharacter01","x":260.551,"y":673.994
},{
"i":0,"k":3,"n":21,"o":"mcGuiFxCharacter01","x":260.551,"y":673.994
},{
"i":0,"k":3,"n":39,"o":"mcGuiFxCharacter01","x":260.551,"y":673.994
}
]
},{
"f":[
{
"i":0,"k":3,"n":0,"o":"mcGuiFxCharacter02","x":580.929,"y":673.994
},{
"i":0,"k":3,"n":21,"o":"mcGuiFxCharacter02","x":580.929,"y":673.994
},{
"i":0,"k":3,"n":39,"o":"mcGuiFxCharacter02","x":580.929,"y":673.994
}
]
},{
"f":[
{
"i":0,"k":3,"n":0,"o":"mcGuiFxCharacter03","x":423.307,"y":673.994
},{
"i":0,"k":3,"n":21,"o":"mcGuiFxCharacter03","x":423.307,"y":673.994
},{
"i":0,"k":3,"n":39,"o":"mcGuiFxCharacter03","x":423.307,"y":673.994
}
]
},{
"f":[
{
"i":0,"k":3,"n":0,"o":"mcGuiFxCharacter04","x":96.685,"y":673.994
},{
"i":0,"k":3,"n":21,"o":"mcGuiFxCharacter04","x":96.685,"y":673.994
},{
"i":0,"k":3,"n":39,"o":"mcGuiFxCharacter04","x":96.685,"y":673.994
}
]
},{
"f":[
{
"i":0,"k":3,"n":0,"o":"mcGuiFxCharacter05","x":742.063,"y":673.994
},{
"i":0,"k":3,"n":21,"o":"mcGuiFxCharacter05","x":742.063,"y":673.994
},{
"i":0,"k":3,"n":39,"o":"mcGuiFxCharacter05","x":742.063,"y":673.994
}
]
},{
"f":[
{
"i":0,"k":3,"n":0,"o":"mcGuiFxCharacter06","x":922.442,"y":673.994
},{
"i":0,"k":3,"n":21,"o":"mcGuiFxCharacter06","x":922.442,"y":673.994
},{
"i":0,"k":3,"n":39,"o":"mcGuiFxCharacter06","x":922.442,"y":673.994
}
]
},{
"f":[
{
"i":0,"k":4,"n":0,"o":"mcGuiBtnCharacter04","p":3,"x":29.391,"y":550.175
},{
"i":0,"k":4,"n":3,"o":"mcGuiBtnCharacter04","p":10,"x":74.253,"y":517.874
},{
"i":0,"k":4,"n":10,"o":"mcGuiBtnCharacter04","x":96.685,"y":501.724
},{
"i":0,"k":4,"n":21,"o":"mcGuiBtnCharacter04","x":96.685,"y":501.724
},{
"i":0,"k":4,"n":39,"o":"mcGuiBtnCharacter04","x":96.685,"y":501.724
}
]
},{
"f":[
{
"i":0,"k":4,"n":0,"o":"mcGuiBtnCharacter01","t":0,"x":193.257,"y":550.175
},{
"i":0,"k":4,"n":2,"o":"mcGuiBtnCharacter01","p":5,"x":193.257,"y":550.175
},{
"i":0,"k":4,"n":5,"o":"mcGuiBtnCharacter01","p":12,"x":238.119,"y":517.874
},{
"i":0,"k":4,"n":12,"o":"mcGuiBtnCharacter01","x":260.551,"y":501.724
},{
"i":0,"k":4,"n":21,"o":"mcGuiBtnCharacter01","x":260.551,"y":501.724
},{
"i":0,"k":4,"n":39,"o":"mcGuiBtnCharacter01","x":260.551,"y":501.724
}
]
},{
"f":[
{
"i":0,"k":4,"n":0,"o":"mcGuiBtnCharacter03","t":0,"x":356.013,"y":550.175
},{
"i":0,"k":4,"n":4,"o":"mcGuiBtnCharacter03","p":7,"x":356.013,"y":550.175
},{
"i":0,"k":4,"n":7,"o":"mcGuiBtnCharacter03","p":14,"x":400.875,"y":517.874
},{
"i":0,"k":4,"n":14,"o":"mcGuiBtnCharacter03","x":423.307,"y":501.724
},{
"i":0,"k":4,"n":21,"o":"mcGuiBtnCharacter03","x":423.307,"y":501.724
},{
"i":0,"k":4,"n":39,"o":"mcGuiBtnCharacter03","x":423.307,"y":501.724
}
]
},{
"f":[
{
"i":0,"k":4,"n":0,"o":"mcGuiBtnCharacter02","t":0,"x":641.493,"y":550.175
},{
"i":0,"k":4,"n":4,"o":"mcGuiBtnCharacter02","p":7,"x":641.493,"y":550.175
},{
"i":0,"k":4,"n":7,"o":"mcGuiBtnCharacter02","p":14,"x":601.117,"y":517.874
},{
"i":0,"k":4,"n":14,"o":"mcGuiBtnCharacter02","x":580.929,"y":501.724
},{
"i":0,"k":4,"n":21,"o":"mcGuiBtnCharacter02","x":580.929,"y":501.724
},{
"i":0,"k":4,"n":39,"o":"mcGuiBtnCharacter02","x":580.929,"y":501.724
}
]
},{
"f":[
{
"i":0,"k":4,"n":0,"o":"mcGuiBtnCharacter05","t":0,"x":802.627,"y":550.175
},{
"i":0,"k":4,"n":2,"o":"mcGuiBtnCharacter05","p":5,"x":802.627,"y":550.175
},{
"i":0,"k":4,"n":5,"o":"mcGuiBtnCharacter05","p":12,"x":762.251,"y":517.874
},{
"i":0,"k":4,"n":12,"o":"mcGuiBtnCharacter05","x":742.063,"y":501.724
},{
"i":0,"k":4,"n":21,"o":"mcGuiBtnCharacter05","x":742.063,"y":501.724
},{
"i":0,"k":4,"n":39,"o":"mcGuiBtnCharacter05","x":742.063,"y":501.724
}
]
},{
"f":[
{
"i":0,"k":4,"n":0,"o":"mcGuiBtnCharacter06","p":3,"x":983.006,"y":550.175
},{
"i":0,"k":4,"n":3,"o":"mcGuiBtnCharacter06","p":10,"x":942.63,"y":517.874
},{
"i":0,"k":4,"n":10,"o":"mcGuiBtnCharacter06","x":922.442,"y":501.724
},{
"i":0,"k":4,"n":21,"o":"mcGuiBtnCharacter06","x":922.442,"y":501.724
},{
"i":0,"k":4,"n":39,"o":"mcGuiBtnCharacter06","x":922.442,"y":501.724
}
]
},{
"f":[
{
"i":0,"k":2,"n":0,"o":"mcGuiFxSelect01","x":257.551,"y":501.7
},{
"i":0,"k":2,"n":21,"o":"mcGuiFxSelect01","x":257.551,"y":501.7
},{
"i":0,"k":2,"n":39,"o":"mcGuiFxSelect01","x":257.551,"y":501.7
}
]
},{
"f":[
{
"i":0,"k":2,"n":0,"o":"mcGuiFxSelect02","x":580.929,"y":501.7
},{
"i":0,"k":2,"n":21,"o":"mcGuiFxSelect02","x":580.929,"y":501.7
},{
"i":0,"k":2,"n":39,"o":"mcGuiFxSelect02","x":580.929,"y":501.7
}
]
},{
"f":[
{
"i":0,"k":2,"n":0,"o":"mcGuiFxSelect03","x":423.307,"y":501.7
},{
"i":0,"k":2,"n":21,"o":"mcGuiFxSelect03","x":423.307,"y":501.7
},{
"i":0,"k":2,"n":39,"o":"mcGuiFxSelect03","x":423.307,"y":501.7
}
]
},{
"f":[
{
"i":0,"k":2,"n":0,"o":"mcGuiFxSelect04","x":96.685,"y":501.7
},{
"i":0,"k":2,"n":21,"o":"mcGuiFxSelect04","x":96.685,"y":501.7
},{
"i":0,"k":2,"n":39,"o":"mcGuiFxSelect04","x":96.685,"y":501.7
}
]
},{
"f":[
{
"i":0,"k":2,"n":0,"o":"mcGuiFxSelect06","x":922.442,"y":501.069
},{
"i":0,"k":2,"n":21,"o":"mcGuiFxSelect06","x":922.442,"y":501.069
},{
"i":0,"k":2,"n":39,"o":"mcGuiFxSelect06","x":922.442,"y":501.069
}
]
},{
"f":[
{
"i":0,"k":2,"n":0,"o":"mcGuiFxSelect05","x":742.063,"y":501.069
},{
"i":0,"k":2,"n":21,"o":"mcGuiFxSelect05","x":742.063,"y":501.069
},{
"i":0,"k":2,"n":39,"o":"mcGuiFxSelect05","x":742.063,"y":501.069
}
]
},{
"f":[
{
"h":0.835,"i":0,"k":4,"n":0,"o":"mcGuiBtnUndo01","w":-0.835,"x":261.551,"y":240.01
},{
"h":0.835,"i":0,"k":4,"n":21,"o":"mcGuiBtnUndo01","w":-0.835,"x":261.551,"y":240.01
},{
"h":0.835,"i":0,"k":4,"n":39,"o":"mcGuiBtnUndo01","w":-0.835,"x":261.551,"y":240.01
}
]
},{
"f":[
{
"h":0.835,"i":0,"k":4,"n":0,"o":"mcGuiBtnUndo02","w":-0.835,"x":583.928,"y":240.01
},{
"h":0.835,"i":0,"k":4,"n":21,"o":"mcGuiBtnUndo02","w":-0.835,"x":583.928,"y":240.01
},{
"h":0.835,"i":0,"k":4,"n":39,"o":"mcGuiBtnUndo02","w":-0.835,"x":583.928,"y":240.01
}
]
},{
"f":[
{
"h":0.835,"i":0,"k":4,"n":0,"o":"mcGuiBtnUndo03","w":-0.835,"x":426.307,"y":240.01
},{
"h":0.835,"i":0,"k":4,"n":21,"o":"mcGuiBtnUndo03","w":-0.835,"x":426.307,"y":240.01
},{
"h":0.835,"i":0,"k":4,"n":39,"o":"mcGuiBtnUndo03","w":-0.835,"x":426.307,"y":240.01
}
]
},{
"f":[
{
"h":0.835,"i":0,"k":4,"n":0,"o":"mcGuiBtnUndo04","w":-0.835,"x":97.685,"y":240.01
},{
"h":0.835,"i":0,"k":4,"n":21,"o":"mcGuiBtnUndo04","w":-0.835,"x":97.685,"y":240.01
},{
"h":0.835,"i":0,"k":4,"n":39,"o":"mcGuiBtnUndo04","w":-0.835,"x":97.685,"y":240.01
}
]
},{
"f":[
{
"h":0.835,"i":0,"k":4,"n":0,"o":"mcGuiBtnUndo05","w":-0.835,"x":742.063,"y":240.01
},{
"h":0.835,"i":0,"k":4,"n":21,"o":"mcGuiBtnUndo05","w":-0.835,"x":742.063,"y":240.01
},{
"h":0.835,"i":0,"k":4,"n":39,"o":"mcGuiBtnUndo05","w":-0.835,"x":742.063,"y":240.01
}
]
},{
"f":[
{
"h":0.835,"i":0,"k":4,"n":0,"o":"mcGuiBtnUndo06","w":-0.835,"x":924.323,"y":240.01
},{
"h":0.835,"i":0,"k":4,"n":21,"o":"mcGuiBtnUndo06","w":-0.835,"x":924.323,"y":240.01
},{
"h":0.835,"i":0,"k":4,"n":39,"o":"mcGuiBtnUndo06","w":-0.835,"x":924.323,"y":240.01
}
]
},{
"f":[
{
"i":0,"k":4,"n":0,"o":"mcGuiBtnMoregames","x":68,"y":78.296
},{
"i":0,"k":4,"n":21,"o":"mcGuiBtnMoregames","x":68,"y":78.296
},{
"i":0,"k":4,"n":39,"o":"mcGuiBtnMoregames","x":68,"y":78.296
}
]
},{
"f":[
{
"i":0,"k":4,"n":0,"o":"mcGuiBtnMainmenu","x":172,"y":78.296
},{
"i":0,"k":4,"n":21,"o":"mcGuiBtnMainmenu","x":172,"y":78.296
},{
"i":0,"k":4,"n":39,"o":"mcGuiBtnMainmenu","x":172,"y":78.296
}
]
},{
"f":[
{
"i":0,"k":4,"n":0,"o":"mcGuiBtnSoundOff","x":962.36,"y":78.296
},{
"i":0,"k":4,"n":21,"o":"mcGuiBtnSoundOff","x":962.36,"y":78.296
},{
"i":0,"k":4,"n":39,"o":"mcGuiBtnSoundOff","x":962.36,"y":78.296
}
]
},{
"f":[
{
"i":0,"k":4,"n":0,"o":"mcGuiBtnSoundOn","x":962.36,"y":78.296
},{
"i":0,"k":4,"n":21,"o":"mcGuiBtnSoundOn","x":962.36,"y":78.296
},{
"i":0,"k":4,"n":39,"o":"mcGuiBtnSoundOn","x":962.36,"y":78.296
}
]
},{
"f":[
{
"i":0,"k":4,"n":0,"o":"mcGuiBtnHelp","x":856.848,"y":78.296
},{
"i":0,"k":4,"n":21,"o":"mcGuiBtnHelp","x":856.848,"y":78.296
},{
"i":0,"k":4,"n":39,"o":"mcGuiBtnHelp","x":856.848,"y":78.296
}
]
},{
"f":[
{
"i":0,"k":1,"n":0,"o":"mcGuiTextTitle","t":0,"x":525,"y":75.05
},{
"h":0.595,"i":0,"k":1,"n":9,"o":"mcGuiTextTitle","p":11,"t":0.392,"x":525,"y":75.05
},{
"h":1.694,"i":0,"k":1,"n":11,"o":"mcGuiTextTitle","p":13,"t":0.784,"w":1.06,"x":525,"y":75.05
},{
"i":0,"k":1,"n":13,"o":"mcGuiTextTitle","p":16,"x":525,"y":75.05
},{
"h":0.897,"i":0,"k":1,"n":16,"o":"mcGuiTextTitle","p":20,"x":525,"y":75.049
},{
"i":0,"k":1,"n":20,"o":"mcGuiTextTitle","x":525,"y":75.05
},{
"i":0,"k":1,"n":21,"o":"mcGuiTextTitle","x":525,"y":75.05
},{
"i":0,"k":1,"n":39,"o":"mcGuiTextTitle","x":525,"y":75.05
}
]
},{
"f":[
{
"i":0,"k":5,"n":0,"o":"mcGuiTextSubTitle","x":525,"y":110.05
},{
"i":0,"k":5,"n":21,"o":"mcGuiTextSubTitle","x":525,"y":110.05
},{
"i":0,"k":5,"n":39,"o":"mcGuiTextSubTitle","x":525,"y":110.05
}
]
},{
"f":[
{
"i":0,"k":5,"n":0,"o":"mcGuiTextCharacter01","t":0,"x":257.551,"y":192.469
},{
"i":0,"k":5,"n":14,"o":"mcGuiTextCharacter01","x":257.551,"y":192.469
},{
"i":0,"k":5,"n":21,"o":"mcGuiTextCharacter01","x":257.551,"y":192.469
},{
"i":0,"k":5,"n":39,"o":"mcGuiTextCharacter01","x":257.551,"y":192.469
}
]
},{
"f":[
{
"i":0,"k":5,"n":0,"o":"mcGuiTextCharacter03","t":0,"x":424.307,"y":192.469
},{
"i":0,"k":5,"n":14,"o":"mcGuiTextCharacter03","x":424.307,"y":192.469
},{
"i":0,"k":5,"n":21,"o":"mcGuiTextCharacter03","x":424.307,"y":192.469
},{
"i":0,"k":5,"n":39,"o":"mcGuiTextCharacter03","x":424.307,"y":192.469
}
]
},{
"f":[
{
"i":0,"k":5,"n":0,"o":"mcGuiTextCharacter02","t":0,"x":582.929,"y":192.469
},{
"i":0,"k":5,"n":14,"o":"mcGuiTextCharacter02","x":582.929,"y":192.469
},{
"i":0,"k":5,"n":21,"o":"mcGuiTextCharacter02","x":582.929,"y":192.469
},{
"i":0,"k":5,"n":39,"o":"mcGuiTextCharacter02","x":582.929,"y":192.469
}
]
},{
"f":[
{
"i":0,"k":5,"n":0,"o":"mcGuiTextCharacter04","t":0,"x":98.685,"y":192.469
},{
"i":0,"k":5,"n":14,"o":"mcGuiTextCharacter04","x":98.685,"y":192.469
},{
"i":0,"k":5,"n":21,"o":"mcGuiTextCharacter04","x":98.685,"y":192.469
},{
"i":0,"k":5,"n":39,"o":"mcGuiTextCharacter04","x":98.685,"y":192.469
}
]
},{
"f":[
{
"i":0,"k":5,"n":0,"o":"mcGuiTextCharacter05","t":0,"x":806.895,"y":204.822
},{
"i":0,"k":5,"n":2,"o":"mcGuiTextCharacter05","p":5,"x":806.895,"y":204.822
},{
"i":0,"k":5,"n":5,"o":"mcGuiTextCharacter05","p":12,"x":766.519,"y":172.521
},{
"i":0,"k":5,"n":12,"o":"mcGuiTextCharacter05","x":746.063,"y":156.24
},{
"i":0,"k":5,"n":21,"o":"mcGuiTextCharacter05","x":746.063,"y":156.24
},{
"i":0,"k":5,"n":39,"o":"mcGuiTextCharacter05","x":746.063,"y":156.24
}
]
},{
"f":[
{
"i":0,"k":5,"n":0,"o":"mcGuiTextCharacter06","t":0,"x":926.442,"y":192.469
},{
"i":0,"k":5,"n":14,"o":"mcGuiTextCharacter06","x":926.442,"y":192.469
},{
"i":0,"k":5,"n":21,"o":"mcGuiTextCharacter06","x":926.442,"y":192.469
},{
"i":0,"k":5,"n":39,"o":"mcGuiTextCharacter06","x":926.442,"y":192.469
}
]
},{
"f":[
{
"i":0,"k":5,"n":0,"o":"mcGuiTextCharacterS01","t":0,"x":257.551,"y":192.469
},{
"i":0,"k":5,"n":14,"o":"mcGuiTextCharacterS01","x":257.551,"y":192.469
},{
"i":0,"k":5,"n":21,"o":"mcGuiTextCharacterS01","x":257.551,"y":192.469
},{
"i":0,"k":5,"n":39,"o":"mcGuiTextCharacterS01","x":257.551,"y":192.469
}
]
},{
"f":[
{
"i":0,"k":5,"n":0,"o":"mcGuiTextCharacterS04","t":0,"x":98.685,"y":192.469
},{
"i":0,"k":5,"n":14,"o":"mcGuiTextCharacterS04","x":98.685,"y":192.469
},{
"i":0,"k":5,"n":21,"o":"mcGuiTextCharacterS04","x":98.685,"y":192.469
},{
"i":0,"k":5,"n":39,"o":"mcGuiTextCharacterS04","x":98.685,"y":192.469
}
]
},{
"f":[
{
"i":0,"k":5,"n":0,"o":"mcGuiTextCharacterS03","t":0,"x":424.307,"y":192.469
},{
"i":0,"k":5,"n":14,"o":"mcGuiTextCharacterS03","x":424.307,"y":192.469
},{
"i":0,"k":5,"n":21,"o":"mcGuiTextCharacterS03","x":424.307,"y":192.469
},{
"i":0,"k":5,"n":39,"o":"mcGuiTextCharacterS03","x":424.307,"y":192.469
}
]
},{
"f":[
{
"i":0,"k":5,"n":0,"o":"mcGuiTextCharacterS02","t":0,"x":582.929,"y":192.469
},{
"i":0,"k":5,"n":14,"o":"mcGuiTextCharacterS02","x":582.929,"y":192.469
},{
"i":0,"k":5,"n":21,"o":"mcGuiTextCharacterS02","x":582.929,"y":192.469
},{
"i":0,"k":5,"n":39,"o":"mcGuiTextCharacterS02","x":582.929,"y":192.469
}
]
},{
"f":[
{
"i":0,"k":5,"n":0,"o":"mcGuiTextCharacterS05","t":0,"x":806.895,"y":241.051
},{
"i":0,"k":5,"n":2,"o":"mcGuiTextCharacterS05","p":5,"x":806.895,"y":241.051
},{
"i":0,"k":5,"n":5,"o":"mcGuiTextCharacterS05","p":12,"x":766.519,"y":208.75
},{
"i":0,"k":5,"n":12,"o":"mcGuiTextCharacterS05","x":746.063,"y":192.469
},{
"i":0,"k":5,"n":21,"o":"mcGuiTextCharacterS05","x":746.063,"y":192.469
},{
"i":0,"k":5,"n":39,"o":"mcGuiTextCharacterS05","x":746.063,"y":192.469
}
]
},{
"f":[
{
"i":0,"k":5,"n":0,"o":"mcGuiTextCharacterS06","p":3,"x":986.703,"y":239.71
},{
"i":0,"k":5,"n":3,"o":"mcGuiTextCharacterS06","p":10,"x":946.327,"y":207.409
},{
"i":0,"k":5,"n":10,"o":"mcGuiTextCharacterS06","x":926.442,"y":192.469
},{
"i":0,"k":5,"n":21,"o":"mcGuiTextCharacterS06","x":926.442,"y":192.469
},{
"i":0,"k":5,"n":39,"o":"mcGuiTextCharacterS06","x":926.442,"y":192.469
}
]
},{
"f":[
{
"i":0,"k":2,"n":0,"o":"mcGuiTutorialBase","x":512,"y":730
},{
"i":0,"k":2,"n":21,"o":"mcGuiTutorialBase","x":512,"y":730
},{
"i":0,"k":2,"n":39,"o":"mcGuiTutorialBase","x":512,"y":730
}
]
},{
"f":[
{
"i":0,"k":5,"n":0,"o":"mcGuiTutorialText","x":512,"y":730
},{
"i":0,"k":5,"n":21,"o":"mcGuiTutorialText","x":512,"y":730
},{
"i":0,"k":5,"n":39,"o":"mcGuiTutorialText","x":512,"y":730
}
]
},{
"f":[
{
"i":0,"k":1,"n":0,"o":"mcGuiTransition","x":0,"y":0
},{
"i":0,"k":1,"n":21,"o":"mcGuiTransition","x":0,"y":0
},{
"i":0,"k":1,"n":39,"o":"mcGuiTransition","x":0,"y":0
}
]
},{
"fa":[
{
"a":"sg","n":21
},{
"a":"fg","n":39
}
]
}
],"n":"mcGuiScreenSelectCharacterMultiplayer","r":30
},{
"f":40,"l":[
{
"f":[
{
"i":0,"k":2,"n":0,"o":"mcGuiBg3","x":0,"y":0
},{
"i":0,"k":2,"n":28,"o":"mcGuiBg3","x":0,"y":0
},{
"i":0,"k":2,"n":39,"o":"mcGuiBg3","x":0,"y":0
}
]
},{
"f":[
{
"i":0,"k":2,"n":0,"o":"mcGuiBg1","x":0,"y":0
},{
"i":0,"k":2,"n":28,"o":"mcGuiBg1","x":0,"y":0
},{
"i":0,"k":2,"n":39,"o":"mcGuiBg1","x":0,"y":0
}
]
},{
"f":[
{
"i":0,"k":2,"n":0,"o":"mcGuiCharacter06","p":3,"t":0,"x":243.953,"y":179.53
},{
"i":0,"k":2,"n":3,"o":"mcGuiCharacter06","p":9,"t":0.498,"x":256.874,"y":195.142
},{
"i":0,"k":2,"n":9,"o":"mcGuiCharacter06","x":260.374,"y":198.642
},{
"i":0,"k":2,"n":28,"o":"mcGuiCharacter06","x":260.374,"y":198.642
},{
"i":0,"k":2,"n":39,"o":"mcGuiCharacter06","x":260.374,"y":198.642
}
]
},{
"f":[
{
"i":0,"k":2,"n":0,"o":"mcGuiCharacter02","p":3,"t":0,"x":751.831,"y":476.172
},{
"i":0,"k":2,"n":3,"o":"mcGuiCharacter02","p":9,"t":0.498,"x":721.184,"y":476.172
},{
"i":0,"k":2,"n":9,"o":"mcGuiCharacter02","x":716.184,"y":476.172
},{
"i":0,"k":2,"n":28,"o":"mcGuiCharacter02","x":716.184,"y":476.172
},{
"i":0,"k":2,"n":39,"o":"mcGuiCharacter02","x":716.184,"y":476.172
}
]
},{
"f":[
{
"i":0,"k":2,"n":0,"o":"mcGuiCharacter03","p":3,"t":0,"x":725.5,"y":538.83
},{
"i":0,"k":2,"n":3,"o":"mcGuiCharacter03","p":9,"t":0.498,"x":708.503,"y":538.83
},{
"i":0,"k":2,"n":9,"o":"mcGuiCharacter03","x":703.503,"y":538.83
},{
"i":0,"k":2,"n":28,"o":"mcGuiCharacter03","x":703.503,"y":538.83
},{
"i":0,"k":2,"n":39,"o":"mcGuiCharacter03","x":703.503,"y":538.83
}
]
},{
"f":[
{
"i":0,"k":2,"n":0,"o":"mcGuiCharacter01","p":3,"t":0,"x":527.974,"y":352.987
},{
"i":0,"k":2,"n":3,"o":"mcGuiCharacter01","p":9,"t":0.498,"x":527.974,"y":377.558
},{
"i":0,"k":2,"n":9,"o":"mcGuiCharacter01","x":527.974,"y":384.558
},{
"i":0,"k":2,"n":28,"o":"mcGuiCharacter01","x":527.974,"y":384.558
},{
"i":0,"k":2,"n":39,"o":"mcGuiCharacter01","x":527.974,"y":384.558
}
]
},{
"f":[
{
"i":0,"k":2,"n":0,"o":"mcGuiCharacter05","p":3,"t":0,"x":171.556,"y":463.933
},{
"i":0,"k":2,"n":3,"o":"mcGuiCharacter05","p":9,"t":0.498,"x":215.007,"y":463.933
},{
"i":0,"k":2,"n":9,"o":"mcGuiCharacter05","x":223.007,"y":463.933
},{
"i":0,"k":2,"n":28,"o":"mcGuiCharacter05","x":223.007,"y":463.933
},{
"i":0,"k":2,"n":39,"o":"mcGuiCharacter05","x":223.007,"y":463.933
}
]
},{
"f":[
{
"i":0,"k":2,"n":0,"o":"mcGuiCharacter04","p":3,"t":0,"x":234.476,"y":536.423
},{
"i":0,"k":2,"n":3,"o":"mcGuiCharacter04","p":9,"t":0.498,"x":299.384,"y":536.423
},{
"i":0,"k":2,"n":9,"o":"mcGuiCharacter04","x":311.384,"y":536.423
},{
"i":0,"k":2,"n":28,"o":"mcGuiCharacter04","x":311.384,"y":536.423
},{
"i":0,"k":2,"n":39,"o":"mcGuiCharacter04","x":311.384,"y":536.423
}
]
},{
"f":[
{
"i":0,"k":2,"n":0,"o":"mcGuiBg2","x":0,"y":0
},{
"i":0,"k":2,"n":28,"o":"mcGuiBg2","x":0,"y":0
},{
"i":0,"k":2,"n":39,"o":"mcGuiBg2","x":0,"y":0
}
]
},{
"f":[
{
"i":0,"k":2,"n":0,"o":"mcGuiBase","t":0,"x":508,"y":686.977
},{
"h":0.595,"i":0,"k":2,"n":17,"o":"mcGuiBase","p":19,"t":0.392,"x":508,"y":686.977
},{
"h":1.694,"i":0,"k":2,"n":19,"o":"mcGuiBase","p":21,"t":0.784,"w":1.06,"x":508,"y":686.977
},{
"i":0,"k":2,"n":21,"o":"mcGuiBase","p":24,"x":508,"y":686.977
},{
"h":0.897,"i":0,"k":2,"n":24,"o":"mcGuiBase","p":28,"x":508,"y":686.977
},{
"i":0,"k":2,"n":28,"o":"mcGuiBase","x":508,"y":686.977
},{
"i":0,"k":2,"n":29,"o":"mcGuiBase","p":30,"x":508,"y":686.977
},{
"i":0,"k":2,"n":30,"o":"mcGuiBase","p":39,"x":508,"y":686.977
},{
"i":0,"k":2,"n":39,"o":"mcGuiBase","t":0,"x":508,"y":686.977
}
]
},{
"f":[
{
"i":0,"k":1,"n":0,"o":"mcGuiTextCongrats","t":0,"x":472,"y":670.977
},{
"h":0.595,"i":0,"k":1,"n":17,"o":"mcGuiTextCongrats","p":19,"t":0.392,"x":472,"y":670.977
},{
"h":1.694,"i":0,"k":1,"n":19,"o":"mcGuiTextCongrats","p":21,"t":0.784,"w":1.06,"x":472,"y":670.977
},{
"i":0,"k":1,"n":21,"o":"mcGuiTextCongrats","p":24,"x":472,"y":670.977
},{
"h":0.897,"i":0,"k":1,"n":24,"o":"mcGuiTextCongrats","p":28,"x":472,"y":670.977
},{
"i":0,"k":1,"n":28,"o":"mcGuiTextCongrats","x":472,"y":670.977
},{
"i":0,"k":1,"n":29,"o":"mcGuiTextCongrats","p":30,"x":472,"y":670.977
},{
"i":0,"k":1,"n":30,"o":"mcGuiTextCongrats","p":39,"x":472,"y":670.977
},{
"i":0,"k":1,"n":39,"o":"mcGuiTextCongrats","t":0,"x":472,"y":670.977
}
]
},{
"f":[
{
"i":0,"k":4,"n":0,"o":"mcGuiBtnNext","t":0,"x":808.36,"y":671.899
},{
"h":0.595,"i":0,"k":4,"n":17,"o":"mcGuiBtnNext","p":19,"t":0.392,"x":808.36,"y":671.899
},{
"h":1.694,"i":0,"k":4,"n":19,"o":"mcGuiBtnNext","p":21,"t":0.784,"w":1.06,"x":808.36,"y":671.899
},{
"i":0,"k":4,"n":21,"o":"mcGuiBtnNext","p":24,"x":808.36,"y":671.899
},{
"h":0.897,"i":0,"k":4,"n":24,"o":"mcGuiBtnNext","p":28,"x":808.359,"y":671.898
},{
"i":0,"k":4,"n":28,"o":"mcGuiBtnNext","x":808.36,"y":671.899
},{
"i":0,"k":4,"n":29,"o":"mcGuiBtnNext","p":30,"x":808.36,"y":671.899
},{
"i":0,"k":4,"n":30,"o":"mcGuiBtnNext","p":39,"x":808.36,"y":671.899
},{
"i":0,"k":4,"n":39,"o":"mcGuiBtnNext","t":0,"x":808.36,"y":671.899
}
]
},{
"fa":[
{
"a":"sg","n":28
},{
"a":"fg","n":39
}
]
}
],"n":"mcGuiScreenEndgame","r":30
},{
"f":14,"l":[
{
"f":[
{
"i":0,"k":2,"n":0,"o":"mcGuiBg","x":0,"y":0
},{
"i":0,"k":2,"n":13,"o":"mcGuiBg","t":0,"x":0,"y":0
}
]
},{
"f":[
{
"h":0.85,"i":0,"k":2,"n":0,"o":"mcGuiVideo","w":0.85,"x":510.84,"y":350
},{
"h":0.85,"i":0,"k":2,"n":13,"o":"mcGuiVideo","t":0,"w":0.85,"x":510.84,"y":375.516
}
]
},{
"f":[
{
"h":0.595,"i":0,"k":4,"n":0,"o":"mcGuiBtnClose","p":2,"x":950,"y":105
},{
"h":1.694,"i":0,"k":4,"n":2,"o":"mcGuiBtnClose","p":4,"w":1.06,"x":950,"y":105
},{
"i":0,"k":4,"n":4,"o":"mcGuiBtnClose","p":7,"x":950,"y":105
},{
"h":0.897,"i":0,"k":4,"n":7,"o":"mcGuiBtnClose","p":11,"x":950,"y":105
},{
"i":0,"k":4,"n":11,"o":"mcGuiBtnClose","x":950,"y":105
},{
"i":0,"k":4,"n":13,"o":"mcGuiBtnClose","t":0,"x":800,"y":200
}
]
},{
"fa":[
{
"a":"sg","n":12
},{
"a":"fg","n":13
}
]
}
],"n":"mcGuiPopupVideo","r":30
}
],"atlas":[
[
{
"h":40,"n":"","p":45,"q":20,"w":90,"x":1,"y":1
},{
"h":60,"n":"","p":30,"q":30,"w":60,"x":1,"y":42
},{
"h":54,"n":"","p":31,"q":28,"w":60,"x":92,"y":1
},{
"h":50,"n":"","p":25,"q":25,"w":50,"x":92,"y":56
},{
"h":36,"n":"","p":31,"q":19,"w":60,"x":153,"y":1
},{
"h":20,"n":"","p":44,"q":11,"w":86,"x":153,"y":38
}
]
],"meta":{
"atlas":[
"gui_elements_controls_image_0.png"
]
}
}
