{"frames": {

"game_panel_001.png":
{
	"frame": {"x":1152,"y":1052,"w":650,"h":648},
	"rotated": false,
	"trimmed": true,
	"spriteSourceSize": {"x":208,"y":210,"w":650,"h":648},
	"sourceSize": {"w":1068,"h":1068},
	"pivot": {"x":0.5,"y":0.5}
},
"game_panel_002.png":
{
	"frame": {"x":1056,"y":2,"w":760,"h":760},
	"rotated": false,
	"trimmed": true,
	"spriteSourceSize": {"x":154,"y":154,"w":760,"h":760},
	"sourceSize": {"w":1068,"h":1068},
	"pivot": {"x":0.5,"y":0.5}
},
"game_panel_003.png":
{
	"frame": {"x":2,"y":2,"w":1052,"h":1068},
	"rotated": false,
	"trimmed": true,
	"spriteSourceSize": {"x":0,"y":0,"w":1052,"h":1068},
	"sourceSize": {"w":1068,"h":1068},
	"pivot": {"x":0.5,"y":0.5}
},
"level_heatblast_but.png":
{
	"frame": {"x":1870,"y":1684,"w":174,"h":206},
	"rotated": false,
	"trimmed": true,
	"spriteSourceSize": {"x":24,"y":12,"w":174,"h":206},
	"sourceSize": {"w":224,"h":224},
	"pivot": {"x":0.5,"y":0.5}
},
"level_heatblast_but_dis.png":
{
	"frame": {"x":1818,"y":2,"w":174,"h":206},
	"rotated": false,
	"trimmed": true,
	"spriteSourceSize": {"x":24,"y":12,"w":174,"h":206},
	"sourceSize": {"w":224,"h":224},
	"pivot": {"x":0.5,"y":0.5}
},
"level_stinkfly_but.png":
{
	"frame": {"x":972,"y":1676,"w":174,"h":216},
	"rotated": false,
	"trimmed": true,
	"spriteSourceSize": {"x":24,"y":2,"w":174,"h":216},
	"sourceSize": {"w":224,"h":224},
	"pivot": {"x":0.5,"y":0.5}
},
"level_stinkfly_but_dis.png":
{
	"frame": {"x":1804,"y":1262,"w":174,"h":216},
	"rotated": false,
	"trimmed": true,
	"spriteSourceSize": {"x":24,"y":2,"w":174,"h":216},
	"sourceSize": {"w":224,"h":224},
	"pivot": {"x":0.5,"y":0.5}
},
"level_xlr8_but.png":
{
	"frame": {"x":1818,"y":210,"w":174,"h":188},
	"rotated": false,
	"trimmed": true,
	"spriteSourceSize": {"x":24,"y":30,"w":174,"h":188},
	"sourceSize": {"w":224,"h":224},
	"pivot": {"x":0.5,"y":0.5}
},
"level_xlr8_but_dis.png":
{
	"frame": {"x":1818,"y":400,"w":174,"h":188},
	"rotated": false,
	"trimmed": true,
	"spriteSourceSize": {"x":24,"y":30,"w":174,"h":188},
	"sourceSize": {"w":224,"h":224},
	"pivot": {"x":0.5,"y":0.5}
},
"lock.png":
{
	"frame": {"x":1968,"y":1892,"w":74,"h":94},
	"rotated": false,
	"trimmed": true,
	"spriteSourceSize": {"x":6,"y":4,"w":74,"h":94},
	"sourceSize": {"w":84,"h":100},
	"pivot": {"x":0.5,"y":0.5}
},
"obstacles_icon.png":
{
	"frame": {"x":972,"y":1894,"w":104,"h":108},
	"rotated": false,
	"trimmed": true,
	"spriteSourceSize": {"x":0,"y":2,"w":104,"h":108},
	"sourceSize": {"w":106,"h":112},
	"pivot": {"x":0.5,"y":0.5}
},
"page_counter_001.png":
{
	"frame": {"x":2,"y":1964,"w":356,"h":26},
	"rotated": false,
	"trimmed": false,
	"spriteSourceSize": {"x":0,"y":0,"w":356,"h":26},
	"sourceSize": {"w":356,"h":26},
	"pivot": {"x":0.5,"y":0.5}
},
"page_counter_002.png":
{
	"frame": {"x":360,"y":1964,"w":356,"h":26},
	"rotated": false,
	"trimmed": false,
	"spriteSourceSize": {"x":0,"y":0,"w":356,"h":26},
	"sourceSize": {"w":356,"h":26},
	"pivot": {"x":0.5,"y":0.5}
},
"page_counter_003.png":
{
	"frame": {"x":2,"y":1992,"w":356,"h":26},
	"rotated": false,
	"trimmed": false,
	"spriteSourceSize": {"x":0,"y":0,"w":356,"h":26},
	"sourceSize": {"w":356,"h":26},
	"pivot": {"x":0.5,"y":0.5}
},
"page_counter_004.png":
{
	"frame": {"x":360,"y":1992,"w":356,"h":26},
	"rotated": false,
	"trimmed": false,
	"spriteSourceSize": {"x":0,"y":0,"w":356,"h":26},
	"sourceSize": {"w":356,"h":26},
	"pivot": {"x":0.5,"y":0.5}
},
"page_counter_005.png":
{
	"frame": {"x":718,"y":2008,"w":356,"h":26},
	"rotated": false,
	"trimmed": false,
	"spriteSourceSize": {"x":0,"y":0,"w":356,"h":26},
	"sourceSize": {"w":356,"h":26},
	"pivot": {"x":0.5,"y":0.5}
},
"page_counter_006.png":
{
	"frame": {"x":2,"y":2020,"w":356,"h":26},
	"rotated": false,
	"trimmed": false,
	"spriteSourceSize": {"x":0,"y":0,"w":356,"h":26},
	"sourceSize": {"w":356,"h":26},
	"pivot": {"x":0.5,"y":0.5}
},
"silhouette_1.png":
{
	"frame": {"x":724,"y":1676,"w":246,"h":330},
	"rotated": false,
	"trimmed": true,
	"spriteSourceSize": {"x":2,"y":2,"w":246,"h":330},
	"sourceSize": {"w":250,"h":335},
	"pivot": {"x":0.5,"y":0.5}
},
"silhouette_3.png":
{
	"frame": {"x":1804,"y":996,"w":190,"h":264},
	"rotated": false,
	"trimmed": true,
	"spriteSourceSize": {"x":0,"y":0,"w":190,"h":264},
	"sourceSize": {"w":190,"h":263},
	"pivot": {"x":0.5,"y":0.5}
},
"silhouette_4.png":
{
	"frame": {"x":1778,"y":764,"w":218,"h":230},
	"rotated": false,
	"trimmed": true,
	"spriteSourceSize": {"x":2,"y":2,"w":218,"h":230},
	"sourceSize": {"w":223,"h":235},
	"pivot": {"x":0.5,"y":0.5}
},
"silhouette_5.png":
{
	"frame": {"x":1804,"y":1480,"w":222,"h":202},
	"rotated": false,
	"trimmed": true,
	"spriteSourceSize": {"x":0,"y":0,"w":222,"h":202},
	"sourceSize": {"w":222,"h":203},
	"pivot": {"x":0.5,"y":0.5}
},
"star_off.png":
{
	"frame": {"x":1078,"y":1894,"w":64,"h":64},
	"rotated": false,
	"trimmed": false,
	"spriteSourceSize": {"x":0,"y":0,"w":64,"h":64},
	"sourceSize": {"w":64,"h":64},
	"pivot": {"x":0.5,"y":0.5}
},
"star_on.png":
{
	"frame": {"x":1078,"y":1960,"w":64,"h":64},
	"rotated": false,
	"trimmed": false,
	"spriteSourceSize": {"x":0,"y":0,"w":64,"h":64},
	"sourceSize": {"w":64,"h":64},
	"pivot": {"x":0.5,"y":0.5}
},
"star_on_big.png":
{
	"frame": {"x":1818,"y":590,"w":172,"h":164},
	"rotated": false,
	"trimmed": true,
	"spriteSourceSize": {"x":0,"y":0,"w":172,"h":164},
	"sourceSize": {"w":171,"h":163},
	"pivot": {"x":0.5,"y":0.5}
},
"time_icon.png":
{
	"frame": {"x":1870,"y":1892,"w":96,"h":94},
	"rotated": false,
	"trimmed": true,
	"spriteSourceSize": {"x":0,"y":0,"w":96,"h":94},
	"sourceSize": {"w":95,"h":94},
	"pivot": {"x":0.5,"y":0.5}
},
"tutorial_desktop_001.png":
{
	"frame": {"x":1056,"y":764,"w":720,"h":286},
	"rotated": false,
	"trimmed": true,
	"spriteSourceSize": {"x":0,"y":0,"w":720,"h":286},
	"sourceSize": {"w":720,"h":285},
	"pivot": {"x":0.5,"y":0.5}
},
"tutorial_desktop_002.png":
{
	"frame": {"x":2,"y":1676,"w":720,"h":286},
	"rotated": false,
	"trimmed": true,
	"spriteSourceSize": {"x":0,"y":0,"w":720,"h":286},
	"sourceSize": {"w":720,"h":285},
	"pivot": {"x":0.5,"y":0.5}
},
"tutorial_desktop_003.png":
{
	"frame": {"x":1148,"y":1702,"w":720,"h":286},
	"rotated": false,
	"trimmed": true,
	"spriteSourceSize": {"x":0,"y":0,"w":720,"h":286},
	"sourceSize": {"w":720,"h":285},
	"pivot": {"x":0.5,"y":0.5}
},
"ui_splash_ben_particle_001.png":
{
	"frame": {"x":1096,"y":1052,"w":14,"h":14},
	"rotated": false,
	"trimmed": true,
	"spriteSourceSize": {"x":0,"y":0,"w":14,"h":14},
	"sourceSize": {"w":13,"h":13},
	"pivot": {"x":0.5,"y":0.5}
},
"ui_splash_ben_particle_002.png":
{
	"frame": {"x":1078,"y":1052,"w":16,"h":16},
	"rotated": false,
	"trimmed": true,
	"spriteSourceSize": {"x":0,"y":0,"w":16,"h":16},
	"sourceSize": {"w":16,"h":15},
	"pivot": {"x":0.5,"y":0.5}
},
"ui_splash_ben_particle_003.png":
{
	"frame": {"x":1778,"y":996,"w":20,"h":20},
	"rotated": false,
	"trimmed": false,
	"spriteSourceSize": {"x":0,"y":0,"w":20,"h":20},
	"sourceSize": {"w":20,"h":20},
	"pivot": {"x":0.5,"y":0.5}
},
"ui_splash_ben_particle_004.png":
{
	"frame": {"x":1056,"y":1052,"w":20,"h":18},
	"rotated": false,
	"trimmed": true,
	"spriteSourceSize": {"x":0,"y":0,"w":20,"h":18},
	"sourceSize": {"w":19,"h":18},
	"pivot": {"x":0.5,"y":0.5}
},
"ui_splash_ben_radial.png":
{
	"frame": {"x":2,"y":1072,"w":1148,"h":602},
	"rotated": false,
	"trimmed": true,
	"spriteSourceSize": {"x":0,"y":0,"w":1148,"h":602},
	"sourceSize": {"w":1147,"h":601},
	"pivot": {"x":0.5,"y":0.5}
}},
"meta": {
	"app": "http://www.codeandweb.com/texturepacker",
	"version": "1.0",
	"image": "ui_0.png",
	"format": "RGBA8888",
	"size": {"w":2048,"h":2048},
	"scale": "0.5",
	"smartupdate": "$TexturePacker:SmartUpdate:4c8930cbc1fff966f4c1d52613e81949:66ad08146cd889acfefdf900a27ca7a3:61afb9ff7ecf3ff2cbb58ff670c4104e$"
}
}
