{"frames": {

"ben_gameover.png":
{
	"frame": {"x":910,"y":578,"w":366,"h":782},
	"rotated": false,
	"trimmed": true,
	"spriteSourceSize": {"x":22,"y":14,"w":366,"h":782},
	"sourceSize": {"w":410,"h":810},
	"pivot": {"x":0.5,"y":0.5}
},
"bg-chap1.png":
{
	"frame": {"x":1278,"y":578,"w":492,"h":492},
	"rotated": false,
	"trimmed": true,
	"spriteSourceSize": {"x":6,"y":6,"w":492,"h":492},
	"sourceSize": {"w":503,"h":503},
	"pivot": {"x":0.5,"y":0.5}
},
"bg-chap2.png":
{
	"frame": {"x":1284,"y":2,"w":492,"h":492},
	"rotated": false,
	"trimmed": true,
	"spriteSourceSize": {"x":6,"y":6,"w":492,"h":492},
	"sourceSize": {"w":503,"h":503},
	"pivot": {"x":0.5,"y":0.5}
},
"enemies_icon.png":
{
	"frame": {"x":366,"y":1682,"w":96,"h":88},
	"rotated": false,
	"trimmed": false,
	"spriteSourceSize": {"x":0,"y":0,"w":96,"h":88},
	"sourceSize": {"w":96,"h":88},
	"pivot": {"x":0.5,"y":0.5}
},
"heatblast.png":
{
	"frame": {"x":470,"y":1086,"w":388,"h":634},
	"rotated": false,
	"trimmed": true,
	"spriteSourceSize": {"x":0,"y":2,"w":388,"h":634},
	"sourceSize": {"w":387,"h":635},
	"pivot": {"x":0.5,"y":0.5}
},
"level_cannonbolt_but.png":
{
	"frame": {"x":1772,"y":860,"w":174,"h":178},
	"rotated": false,
	"trimmed": true,
	"spriteSourceSize": {"x":24,"y":40,"w":174,"h":178},
	"sourceSize": {"w":224,"h":224},
	"pivot": {"x":0.5,"y":0.5}
},
"level_cannonbolt_but_dis.png":
{
	"frame": {"x":1778,"y":2,"w":174,"h":178},
	"rotated": false,
	"trimmed": true,
	"spriteSourceSize": {"x":24,"y":40,"w":174,"h":178},
	"sourceSize": {"w":224,"h":224},
	"pivot": {"x":0.5,"y":0.5}
},
"level_overflow_but.png":
{
	"frame": {"x":1772,"y":496,"w":176,"h":180},
	"rotated": false,
	"trimmed": true,
	"spriteSourceSize": {"x":22,"y":40,"w":176,"h":180},
	"sourceSize": {"w":224,"h":224},
	"pivot": {"x":0.5,"y":0.5}
},
"level_overflow_but_dis.png":
{
	"frame": {"x":1772,"y":678,"w":176,"h":180},
	"rotated": false,
	"trimmed": true,
	"spriteSourceSize": {"x":22,"y":40,"w":176,"h":180},
	"sourceSize": {"w":224,"h":224},
	"pivot": {"x":0.5,"y":0.5}
},
"omnitrix_icon.png":
{
	"frame": {"x":366,"y":1586,"w":90,"h":94},
	"rotated": false,
	"trimmed": true,
	"spriteSourceSize": {"x":0,"y":0,"w":90,"h":94},
	"sourceSize": {"w":92,"h":95},
	"pivot": {"x":0.5,"y":0.5}
},
"overflow.png":
{
	"frame": {"x":2,"y":1086,"w":466,"h":498},
	"rotated": false,
	"trimmed": true,
	"spriteSourceSize": {"x":0,"y":0,"w":466,"h":498},
	"sourceSize": {"w":465,"h":499},
	"pivot": {"x":0.5,"y":0.5}
},
"pop_up_are_you_sure.png":
{
	"frame": {"x":2,"y":652,"w":906,"h":432},
	"rotated": false,
	"trimmed": true,
	"spriteSourceSize": {"x":0,"y":0,"w":906,"h":432},
	"sourceSize": {"w":905,"h":431},
	"pivot": {"x":0.5,"y":0.5}
},
"silhouette_2.png":
{
	"frame": {"x":464,"y":1722,"w":236,"h":182},
	"rotated": false,
	"trimmed": true,
	"spriteSourceSize": {"x":0,"y":0,"w":236,"h":182},
	"sourceSize": {"w":235,"h":182},
	"pivot": {"x":0.5,"y":0.5}
},
"sumo_card.png":
{
	"frame": {"x":2,"y":1586,"w":362,"h":456},
	"rotated": false,
	"trimmed": true,
	"spriteSourceSize": {"x":2,"y":2,"w":362,"h":456},
	"sourceSize": {"w":367,"h":462},
	"pivot": {"x":0.5,"y":0.5}
},
"tutorial_desktop_004.png":
{
	"frame": {"x":562,"y":2,"w":720,"h":286},
	"rotated": false,
	"trimmed": true,
	"spriteSourceSize": {"x":0,"y":0,"w":720,"h":286},
	"sourceSize": {"w":720,"h":285},
	"pivot": {"x":0.5,"y":0.5}
},
"tutorial_desktop_005.png":
{
	"frame": {"x":562,"y":290,"w":720,"h":286},
	"rotated": false,
	"trimmed": true,
	"spriteSourceSize": {"x":0,"y":0,"w":720,"h":286},
	"sourceSize": {"w":720,"h":285},
	"pivot": {"x":0.5,"y":0.5}
},
"tutorial_desktop_006.png":
{
	"frame": {"x":860,"y":1362,"w":720,"h":286},
	"rotated": false,
	"trimmed": true,
	"spriteSourceSize": {"x":0,"y":0,"w":720,"h":286},
	"sourceSize": {"w":720,"h":285},
	"pivot": {"x":0.5,"y":0.5}
},
"tutorial_mobile_001.png":
{
	"frame": {"x":1278,"y":1072,"w":720,"h":286},
	"rotated": false,
	"trimmed": true,
	"spriteSourceSize": {"x":0,"y":0,"w":720,"h":286},
	"sourceSize": {"w":720,"h":285},
	"pivot": {"x":0.5,"y":0.5}
},
"tutorial_mobile_002.png":
{
	"frame": {"x":860,"y":1650,"w":720,"h":286},
	"rotated": false,
	"trimmed": true,
	"spriteSourceSize": {"x":0,"y":0,"w":720,"h":286},
	"sourceSize": {"w":720,"h":285},
	"pivot": {"x":0.5,"y":0.5}
},
"ui_splash_aliens_l.png":
{
	"frame": {"x":2,"y":2,"w":558,"h":648},
	"rotated": false,
	"trimmed": true,
	"spriteSourceSize": {"x":0,"y":0,"w":558,"h":648},
	"sourceSize": {"w":558,"h":647},
	"pivot": {"x":0.5,"y":0.5}
},
"ui_splash_logo.png":
{
	"frame": {"x":1778,"y":182,"w":162,"h":174},
	"rotated": false,
	"trimmed": true,
	"spriteSourceSize": {"x":0,"y":0,"w":162,"h":174},
	"sourceSize": {"w":161,"h":173},
	"pivot": {"x":0.5,"y":0.5}
},
"xlr8.png":
{
	"frame": {"x":1582,"y":1360,"w":430,"h":556},
	"rotated": false,
	"trimmed": true,
	"spriteSourceSize": {"x":0,"y":0,"w":430,"h":556},
	"sourceSize": {"w":434,"h":559},
	"pivot": {"x":0.5,"y":0.5}
}},
"meta": {
	"app": "http://www.codeandweb.com/texturepacker",
	"version": "1.0",
	"image": "ui_1.png",
	"format": "RGBA8888",
	"size": {"w":2048,"h":2048},
	"scale": "0.5",
	"smartupdate": "$TexturePacker:SmartUpdate:4c8930cbc1fff966f4c1d52613e81949:66ad08146cd889acfefdf900a27ca7a3:61afb9ff7ecf3ff2cbb58ff670c4104e$"
}
}
