{"frames": {

"bg-chap3.png":
{
	"frame": {"x":1446,"y":2,"w":492,"h":492},
	"rotated": false,
	"trimmed": true,
	"spriteSourceSize": {"x":6,"y":6,"w":492,"h":492},
	"sourceSize": {"w":503,"h":503},
	"pivot": {"x":0.5,"y":0.5}
},
"cannonbolt.png":
{
	"frame": {"x":1446,"y":496,"w":430,"h":472},
	"rotated": false,
	"trimmed": true,
	"spriteSourceSize": {"x":0,"y":0,"w":430,"h":472},
	"sourceSize": {"w":435,"h":475},
	"pivot": {"x":0.5,"y":0.5}
},
"star_off_big.png":
{
	"frame": {"x":2,"y":578,"w":170,"h":162},
	"rotated": false,
	"trimmed": true,
	"spriteSourceSize": {"x":0,"y":0,"w":170,"h":162},
	"sourceSize": {"w":171,"h":163},
	"pivot": {"x":0.5,"y":0.5}
},
"stinkfly.png":
{
	"frame": {"x":2,"y":970,"w":290,"h":606},
	"rotated": false,
	"trimmed": false,
	"spriteSourceSize": {"x":0,"y":0,"w":290,"h":606},
	"sourceSize": {"w":290,"h":606},
	"pivot": {"x":0.5,"y":0.5}
},
"tutorial_mobile_003.png":
{
	"frame": {"x":2,"y":2,"w":720,"h":286},
	"rotated": false,
	"trimmed": true,
	"spriteSourceSize": {"x":0,"y":0,"w":720,"h":286},
	"sourceSize": {"w":720,"h":285},
	"pivot": {"x":0.5,"y":0.5}
},
"tutorial_mobile_004.png":
{
	"frame": {"x":724,"y":2,"w":720,"h":286},
	"rotated": false,
	"trimmed": true,
	"spriteSourceSize": {"x":0,"y":0,"w":720,"h":286},
	"sourceSize": {"w":720,"h":285},
	"pivot": {"x":0.5,"y":0.5}
},
"tutorial_mobile_005.png":
{
	"frame": {"x":2,"y":290,"w":720,"h":286},
	"rotated": false,
	"trimmed": true,
	"spriteSourceSize": {"x":0,"y":0,"w":720,"h":286},
	"sourceSize": {"w":720,"h":285},
	"pivot": {"x":0.5,"y":0.5}
},
"tutorial_mobile_006.png":
{
	"frame": {"x":724,"y":290,"w":720,"h":286},
	"rotated": false,
	"trimmed": true,
	"spriteSourceSize": {"x":0,"y":0,"w":720,"h":286},
	"sourceSize": {"w":720,"h":285},
	"pivot": {"x":0.5,"y":0.5}
},
"ui_splash_aliens_r.png":
{
	"frame": {"x":294,"y":970,"w":316,"h":572},
	"rotated": false,
	"trimmed": true,
	"spriteSourceSize": {"x":0,"y":0,"w":316,"h":572},
	"sourceSize": {"w":315,"h":572},
	"pivot": {"x":0.5,"y":0.5}
},
"ui_splash_ben.png":
{
	"frame": {"x":612,"y":578,"w":384,"h":512},
	"rotated": false,
	"trimmed": true,
	"spriteSourceSize": {"x":0,"y":0,"w":384,"h":512},
	"sourceSize": {"w":385,"h":512},
	"pivot": {"x":0.5,"y":0.5}
}},
"meta": {
	"app": "http://www.codeandweb.com/texturepacker",
	"version": "1.0",
	"image": "ui_2.png",
	"format": "RGBA8888",
	"size": {"w":2048,"h":2048},
	"scale": "0.5",
	"smartupdate": "$TexturePacker:SmartUpdate:4c8930cbc1fff966f4c1d52613e81949:66ad08146cd889acfefdf900a27ca7a3:61afb9ff7ecf3ff2cbb58ff670c4104e$"
}
}
