{"frames": {

"intro_1_ben.png":
{
	"frame": {"x":208,"y":62,"w":166,"h":246},
	"rotated": false,
	"trimmed": true,
	"spriteSourceSize": {"x":0,"y":0,"w":166,"h":246},
	"sourceSize": {"w":165,"h":246},
	"pivot": {"x":0.5,"y":0.5}
},
"intro_1_enemies.png":
{
	"frame": {"x":2,"y":314,"w":872,"h":138},
	"rotated": false,
	"trimmed": true,
	"spriteSourceSize": {"x":0,"y":0,"w":872,"h":138},
	"sourceSize": {"w":871,"h":137},
	"pivot": {"x":0.5,"y":0.5}
},
"intro_2_ben.png":
{
	"frame": {"x":2,"y":62,"w":204,"h":250},
	"rotated": false,
	"trimmed": true,
	"spriteSourceSize": {"x":0,"y":0,"w":204,"h":250},
	"sourceSize": {"w":204,"h":249},
	"pivot": {"x":0.5,"y":0.5}
},
"intro_3_mg.png":
{
	"frame": {"x":2,"y":2,"w":1900,"h":58},
	"rotated": false,
	"trimmed": false,
	"spriteSourceSize": {"x":0,"y":0,"w":1900,"h":58},
	"sourceSize": {"w":1900,"h":58},
	"pivot": {"x":0.5,"y":0.5}
}},
"meta": {
	"app": "http://www.codeandweb.com/texturepacker",
	"version": "1.0",
	"image": "ui_intro_1.png",
	"format": "RGBA8888",
	"size": {"w":2048,"h":512},
	"scale": "0.5",
	"smartupdate": "$TexturePacker:SmartUpdate:56b419c9dbc35b8f954a58af4756ae3a:6e0e5f06075e442e1ba7622a2e7647a0:0328e97d46511fbd68c05aae72f97ac1$"
}
}
