{"frames": {

"intro_1_bg.png":
{
	"frame": {"x":2,"y":2,"w":1900,"h":336},
	"rotated": false,
	"trimmed": true,
	"spriteSourceSize": {"x":0,"y":0,"w":1900,"h":336},
	"sourceSize": {"w":1900,"h":335},
	"pivot": {"x":0.5,"y":0.5}
},
"intro_1_mg.png":
{
	"frame": {"x":2,"y":340,"w":1900,"h":336},
	"rotated": false,
	"trimmed": true,
	"spriteSourceSize": {"x":0,"y":0,"w":1900,"h":336},
	"sourceSize": {"w":1900,"h":335},
	"pivot": {"x":0.5,"y":0.5}
},
"intro_2_bg.png":
{
	"frame": {"x":2,"y":678,"w":1900,"h":336},
	"rotated": false,
	"trimmed": true,
	"spriteSourceSize": {"x":0,"y":0,"w":1900,"h":336},
	"sourceSize": {"w":1900,"h":335},
	"pivot": {"x":0.5,"y":0.5}
},
"intro_2_enemies.png":
{
	"frame": {"x":874,"y":1692,"w":938,"h":252},
	"rotated": false,
	"trimmed": true,
	"spriteSourceSize": {"x":0,"y":0,"w":938,"h":252},
	"sourceSize": {"w":937,"h":252},
	"pivot": {"x":0.5,"y":0.5}
},
"intro_2_mg.png":
{
	"frame": {"x":2,"y":1016,"w":1900,"h":336},
	"rotated": false,
	"trimmed": true,
	"spriteSourceSize": {"x":0,"y":0,"w":1900,"h":336},
	"sourceSize": {"w":1900,"h":335},
	"pivot": {"x":0.5,"y":0.5}
},
"intro_3_ben.png":
{
	"frame": {"x":1814,"y":1692,"w":210,"h":250},
	"rotated": false,
	"trimmed": true,
	"spriteSourceSize": {"x":0,"y":0,"w":210,"h":250},
	"sourceSize": {"w":210,"h":249},
	"pivot": {"x":0.5,"y":0.5}
},
"intro_3_bg.png":
{
	"frame": {"x":2,"y":1354,"w":1900,"h":336},
	"rotated": false,
	"trimmed": true,
	"spriteSourceSize": {"x":0,"y":0,"w":1900,"h":336},
	"sourceSize": {"w":1900,"h":335},
	"pivot": {"x":0.5,"y":0.5}
},
"intro_3_enemies.png":
{
	"frame": {"x":2,"y":1692,"w":870,"h":316},
	"rotated": false,
	"trimmed": true,
	"spriteSourceSize": {"x":0,"y":0,"w":870,"h":316},
	"sourceSize": {"w":870,"h":315},
	"pivot": {"x":0.5,"y":0.5}
}},
"meta": {
	"app": "http://www.codeandweb.com/texturepacker",
	"version": "1.0",
	"image": "ui_intro_0.png",
	"format": "RGBA8888",
	"size": {"w":2048,"h":2048},
	"scale": "0.5",
	"smartupdate": "$TexturePacker:SmartUpdate:56b419c9dbc35b8f954a58af4756ae3a:6e0e5f06075e442e1ba7622a2e7647a0:0328e97d46511fbd68c05aae72f97ac1$"
}
}
