{"frames": {

"particle_001.png":
{
	"frame": {"x":68,"y":106,"w":58,"h":56},
	"rotated": false,
	"trimmed": true,
	"spriteSourceSize": {"x":0,"y":0,"w":58,"h":56},
	"sourceSize": {"w":58,"h":55},
	"pivot": {"x":0.5,"y":0.5}
},
"particle_002.png":
{
	"frame": {"x":2,"y":188,"w":56,"h":58},
	"rotated": false,
	"trimmed": true,
	"spriteSourceSize": {"x":0,"y":0,"w":56,"h":58},
	"sourceSize": {"w":55,"h":57},
	"pivot": {"x":0.5,"y":0.5}
},
"particle_003.png":
{
	"frame": {"x":150,"y":104,"w":60,"h":64},
	"rotated": false,
	"trimmed": true,
	"spriteSourceSize": {"x":0,"y":0,"w":60,"h":64},
	"sourceSize": {"w":60,"h":63},
	"pivot": {"x":0.5,"y":0.5}
},
"particle_004.png":
{
	"frame": {"x":212,"y":148,"w":24,"h":24},
	"rotated": false,
	"trimmed": true,
	"spriteSourceSize": {"x":0,"y":0,"w":24,"h":24},
	"sourceSize": {"w":24,"h":23},
	"pivot": {"x":0.5,"y":0.5}
},
"particle_005.png":
{
	"frame": {"x":212,"y":118,"w":28,"h":28},
	"rotated": false,
	"trimmed": true,
	"spriteSourceSize": {"x":0,"y":0,"w":28,"h":28},
	"sourceSize": {"w":28,"h":27},
	"pivot": {"x":0.5,"y":0.5}
},
"particle_006.png":
{
	"frame": {"x":78,"y":2,"w":72,"h":66},
	"rotated": false,
	"trimmed": true,
	"spriteSourceSize": {"x":0,"y":0,"w":72,"h":66},
	"sourceSize": {"w":71,"h":66},
	"pivot": {"x":0.5,"y":0.5}
},
"particle_007.png":
{
	"frame": {"x":2,"y":2,"w":74,"h":64},
	"rotated": false,
	"trimmed": false,
	"spriteSourceSize": {"x":0,"y":0,"w":74,"h":64},
	"sourceSize": {"w":74,"h":64},
	"pivot": {"x":0.5,"y":0.5}
},
"particle_fire_projectile_00.png":
{
	"frame": {"x":152,"y":2,"w":64,"h":34},
	"rotated": false,
	"trimmed": true,
	"spriteSourceSize": {"x":0,"y":16,"w":64,"h":34},
	"sourceSize": {"w":64,"h":64},
	"pivot": {"x":0.5,"y":0.5}
},
"particle_fire_projectile_01.png":
{
	"frame": {"x":152,"y":38,"w":64,"h":34},
	"rotated": false,
	"trimmed": true,
	"spriteSourceSize": {"x":0,"y":16,"w":64,"h":34},
	"sourceSize": {"w":64,"h":64},
	"pivot": {"x":0.5,"y":0.5}
},
"particle_gas_particle_00.png":
{
	"frame": {"x":2,"y":68,"w":64,"h":64},
	"rotated": false,
	"trimmed": false,
	"spriteSourceSize": {"x":0,"y":0,"w":64,"h":64},
	"sourceSize": {"w":64,"h":64},
	"pivot": {"x":0.5,"y":0.5}
},
"particle_gas_particle_01.png":
{
	"frame": {"x":112,"y":246,"w":22,"h":22},
	"rotated": false,
	"trimmed": false,
	"spriteSourceSize": {"x":0,"y":0,"w":22,"h":22},
	"sourceSize": {"w":22,"h":22},
	"pivot": {"x":0.5,"y":0.5}
},
"particle_player_hit_001.png":
{
	"frame": {"x":216,"y":76,"w":32,"h":22},
	"rotated": false,
	"trimmed": true,
	"spriteSourceSize": {"x":4,"y":10,"w":32,"h":22},
	"sourceSize": {"w":43,"h":41},
	"pivot": {"x":0.5,"y":0.5}
},
"particle_robot_001.png":
{
	"frame": {"x":146,"y":170,"w":56,"h":50},
	"rotated": false,
	"trimmed": true,
	"spriteSourceSize": {"x":0,"y":0,"w":56,"h":50},
	"sourceSize": {"w":55,"h":49},
	"pivot": {"x":0.5,"y":0.5}
},
"particle_robot_002.png":
{
	"frame": {"x":218,"y":2,"w":34,"h":40},
	"rotated": false,
	"trimmed": true,
	"spriteSourceSize": {"x":0,"y":0,"w":34,"h":40},
	"sourceSize": {"w":33,"h":40},
	"pivot": {"x":0.5,"y":0.5}
},
"particle_robot_003.png":
{
	"frame": {"x":134,"y":90,"w":14,"h":14},
	"rotated": false,
	"trimmed": true,
	"spriteSourceSize": {"x":0,"y":0,"w":14,"h":14},
	"sourceSize": {"w":14,"h":13},
	"pivot": {"x":0.5,"y":0.5}
},
"particle_robot_004.png":
{
	"frame": {"x":134,"y":70,"w":14,"h":18},
	"rotated": false,
	"trimmed": true,
	"spriteSourceSize": {"x":0,"y":0,"w":14,"h":18},
	"sourceSize": {"w":13,"h":18},
	"pivot": {"x":0.5,"y":0.5}
},
"particle_robot_005.png":
{
	"frame": {"x":218,"y":44,"w":32,"h":30},
	"rotated": false,
	"trimmed": false,
	"spriteSourceSize": {"x":0,"y":0,"w":32,"h":30},
	"sourceSize": {"w":32,"h":30},
	"pivot": {"x":0.5,"y":0.5}
},
"particle_robot_006.png":
{
	"frame": {"x":216,"y":100,"w":30,"h":16},
	"rotated": false,
	"trimmed": false,
	"spriteSourceSize": {"x":0,"y":0,"w":30,"h":16},
	"sourceSize": {"w":30,"h":16},
	"pivot": {"x":0.5,"y":0.5}
},
"particle_robot_007.png":
{
	"frame": {"x":122,"y":164,"w":22,"h":40},
	"rotated": false,
	"trimmed": true,
	"spriteSourceSize": {"x":0,"y":0,"w":22,"h":40},
	"sourceSize": {"w":21,"h":40},
	"pivot": {"x":0.5,"y":0.5}
},
"particle_robot_008.png":
{
	"frame": {"x":118,"y":206,"w":22,"h":38},
	"rotated": false,
	"trimmed": false,
	"spriteSourceSize": {"x":0,"y":0,"w":22,"h":38},
	"sourceSize": {"w":22,"h":38},
	"pivot": {"x":0.5,"y":0.5}
},
"particle_rocket_flame_00.png":
{
	"frame": {"x":62,"y":164,"w":58,"h":26},
	"rotated": false,
	"trimmed": true,
	"spriteSourceSize": {"x":72,"y":0,"w":58,"h":26},
	"sourceSize": {"w":129,"h":26},
	"pivot": {"x":0.5,"y":0.5}
},
"particle_rocket_flame_01.png":
{
	"frame": {"x":112,"y":246,"w":22,"h":22},
	"rotated": false,
	"trimmed": false,
	"spriteSourceSize": {"x":0,"y":0,"w":22,"h":22},
	"sourceSize": {"w":22,"h":22},
	"pivot": {"x":0.5,"y":0.5}
},
"particle_slime_projectile_00.png":
{
	"frame": {"x":68,"y":70,"w":64,"h":34},
	"rotated": false,
	"trimmed": true,
	"spriteSourceSize": {"x":0,"y":16,"w":64,"h":34},
	"sourceSize": {"w":64,"h":64},
	"pivot": {"x":0.5,"y":0.5}
},
"particle_smoke_001.png":
{
	"frame": {"x":142,"y":222,"w":52,"h":42},
	"rotated": false,
	"trimmed": false,
	"spriteSourceSize": {"x":0,"y":0,"w":52,"h":42},
	"sourceSize": {"w":52,"h":42},
	"pivot": {"x":0.5,"y":0.5}
},
"particle_smoke_002.png":
{
	"frame": {"x":204,"y":174,"w":50,"h":54},
	"rotated": false,
	"trimmed": true,
	"spriteSourceSize": {"x":0,"y":0,"w":50,"h":54},
	"sourceSize": {"w":50,"h":53},
	"pivot": {"x":0.5,"y":0.5}
},
"particle_smoke_003.png":
{
	"frame": {"x":2,"y":248,"w":50,"h":42},
	"rotated": false,
	"trimmed": true,
	"spriteSourceSize": {"x":0,"y":0,"w":50,"h":42},
	"sourceSize": {"w":50,"h":41},
	"pivot": {"x":0.5,"y":0.5}
},
"particle_smoke_004.png":
{
	"frame": {"x":2,"y":134,"w":58,"h":52},
	"rotated": false,
	"trimmed": true,
	"spriteSourceSize": {"x":0,"y":0,"w":58,"h":52},
	"sourceSize": {"w":57,"h":52},
	"pivot": {"x":0.5,"y":0.5}
},
"particle_steam_001.png":
{
	"frame": {"x":196,"y":230,"w":52,"h":42},
	"rotated": false,
	"trimmed": false,
	"spriteSourceSize": {"x":0,"y":0,"w":52,"h":42},
	"sourceSize": {"w":52,"h":42},
	"pivot": {"x":0.5,"y":0.5}
},
"particle_steam_002.png":
{
	"frame": {"x":60,"y":246,"w":50,"h":52},
	"rotated": false,
	"trimmed": true,
	"spriteSourceSize": {"x":0,"y":0,"w":50,"h":52},
	"sourceSize": {"w":50,"h":53},
	"pivot": {"x":0.5,"y":0.5}
},
"particle_steam_003.png":
{
	"frame": {"x":2,"y":292,"w":50,"h":42},
	"rotated": false,
	"trimmed": true,
	"spriteSourceSize": {"x":0,"y":0,"w":50,"h":42},
	"sourceSize": {"w":50,"h":41},
	"pivot": {"x":0.5,"y":0.5}
},
"particle_steam_004.png":
{
	"frame": {"x":60,"y":192,"w":56,"h":52},
	"rotated": false,
	"trimmed": true,
	"spriteSourceSize": {"x":0,"y":0,"w":56,"h":52},
	"sourceSize": {"w":57,"h":52},
	"pivot": {"x":0.5,"y":0.5}
},
"particle_water_particle_00.png":
{
	"frame": {"x":150,"y":74,"w":64,"h":28},
	"rotated": false,
	"trimmed": true,
	"spriteSourceSize": {"x":0,"y":18,"w":64,"h":28},
	"sourceSize": {"w":64,"h":64},
	"pivot": {"x":0.5,"y":0.5}
}},
"meta": {
	"app": "http://www.codeandweb.com/texturepacker",
	"version": "1.0",
	"image": "particles_0.png",
	"format": "RGBA8888",
	"size": {"w":256,"h":512},
	"scale": "0.5",
	"smartupdate": "$TexturePacker:SmartUpdate:fd9cc6a0cf6ce79a73eda512f2e1e2ae:afc2e323522c0d95c091eae951337618:8555ceeae92a4761ce0f9ea90aa16457$"
}
}
