{"frames": {

"particle_001.png":
{
	"frame": {"x":488,"y":910,"w":58,"h":56},
	"rotated": false,
	"trimmed": true,
	"spriteSourceSize": {"x":0,"y":0,"w":58,"h":56},
	"sourceSize": {"w":58,"h":55},
	"pivot": {"x":0.5,"y":0.5}
},
"particle_002.png":
{
	"frame": {"x":430,"y":910,"w":56,"h":58},
	"rotated": false,
	"trimmed": true,
	"spriteSourceSize": {"x":0,"y":0,"w":56,"h":58},
	"sourceSize": {"w":55,"h":57},
	"pivot": {"x":0.5,"y":0.5}
},
"particle_003.png":
{
	"frame": {"x":368,"y":910,"w":60,"h":64},
	"rotated": false,
	"trimmed": true,
	"spriteSourceSize": {"x":0,"y":0,"w":60,"h":64},
	"sourceSize": {"w":60,"h":63},
	"pivot": {"x":0.5,"y":0.5}
},
"particle_004.png":
{
	"frame": {"x":2,"y":996,"w":24,"h":24},
	"rotated": false,
	"trimmed": true,
	"spriteSourceSize": {"x":0,"y":0,"w":24,"h":24},
	"sourceSize": {"w":24,"h":23},
	"pivot": {"x":0.5,"y":0.5}
},
"particle_005.png":
{
	"frame": {"x":120,"y":972,"w":28,"h":28},
	"rotated": false,
	"trimmed": true,
	"spriteSourceSize": {"x":0,"y":0,"w":28,"h":28},
	"sourceSize": {"w":28,"h":27},
	"pivot": {"x":0.5,"y":0.5}
},
"particle_006.png":
{
	"frame": {"x":218,"y":918,"w":72,"h":66},
	"rotated": false,
	"trimmed": true,
	"spriteSourceSize": {"x":0,"y":0,"w":72,"h":66},
	"sourceSize": {"w":71,"h":66},
	"pivot": {"x":0.5,"y":0.5}
},
"particle_007.png":
{
	"frame": {"x":292,"y":918,"w":74,"h":64},
	"rotated": false,
	"trimmed": false,
	"spriteSourceSize": {"x":0,"y":0,"w":74,"h":64},
	"sourceSize": {"w":74,"h":64},
	"pivot": {"x":0.5,"y":0.5}
},
"preloader_radial_001.png":
{
	"frame": {"x":656,"y":236,"w":90,"h":300},
	"rotated": false,
	"trimmed": true,
	"spriteSourceSize": {"x":36,"y":132,"w":90,"h":300},
	"sourceSize": {"w":162,"h":431},
	"pivot": {"x":0.5,"y":0.5}
},
"preloader_radial_002.png":
{
	"frame": {"x":120,"y":562,"w":96,"h":408},
	"rotated": false,
	"trimmed": true,
	"spriteSourceSize": {"x":32,"y":24,"w":96,"h":408},
	"sourceSize": {"w":162,"h":431},
	"pivot": {"x":0.5,"y":0.5}
},
"preloader_radial_003.png":
{
	"frame": {"x":894,"y":2,"w":100,"h":292},
	"rotated": false,
	"trimmed": true,
	"spriteSourceSize": {"x":32,"y":140,"w":100,"h":292},
	"sourceSize": {"w":162,"h":431},
	"pivot": {"x":0.5,"y":0.5}
},
"preloader_radial_004.png":
{
	"frame": {"x":2,"y":562,"w":116,"h":432},
	"rotated": false,
	"trimmed": true,
	"spriteSourceSize": {"x":2,"y":0,"w":116,"h":432},
	"sourceSize": {"w":162,"h":431},
	"pivot": {"x":0.5,"y":0.5}
},
"preloader_radial_005.png":
{
	"frame": {"x":748,"y":236,"w":42,"h":330},
	"rotated": false,
	"trimmed": true,
	"spriteSourceSize": {"x":60,"y":102,"w":42,"h":330},
	"sourceSize": {"w":162,"h":431},
	"pivot": {"x":0.5,"y":0.5}
},
"preloader_radial_006.png":
{
	"frame": {"x":218,"y":562,"w":92,"h":354},
	"rotated": false,
	"trimmed": true,
	"spriteSourceSize": {"x":38,"y":78,"w":92,"h":354},
	"sourceSize": {"w":162,"h":431},
	"pivot": {"x":0.5,"y":0.5}
},
"preloader_radial_007.png":
{
	"frame": {"x":570,"y":2,"w":84,"h":294},
	"rotated": false,
	"trimmed": true,
	"spriteSourceSize": {"x":38,"y":138,"w":84,"h":294},
	"sourceSize": {"w":162,"h":431},
	"pivot": {"x":0.5,"y":0.5}
},
"preloader_radial_008.png":
{
	"frame": {"x":506,"y":236,"w":62,"h":324},
	"rotated": false,
	"trimmed": true,
	"spriteSourceSize": {"x":50,"y":108,"w":62,"h":324},
	"sourceSize": {"w":162,"h":431},
	"pivot": {"x":0.5,"y":0.5}
},
"preloader_ring_black.png":
{
	"frame": {"x":2,"y":2,"w":502,"h":558},
	"rotated": false,
	"trimmed": true,
	"spriteSourceSize": {"x":56,"y":80,"w":502,"h":558},
	"sourceSize": {"w":650,"h":650},
	"pivot": {"x":0.5,"y":0.5}
},
"preloader_ring_centre.png":
{
	"frame": {"x":660,"y":2,"w":232,"h":232},
	"rotated": false,
	"trimmed": false,
	"spriteSourceSize": {"x":0,"y":0,"w":232,"h":232},
	"sourceSize": {"w":232,"h":232},
	"pivot": {"x":0.5,"y":0.5}
},
"preloader_ring_white.png":
{
	"frame": {"x":312,"y":562,"w":346,"h":346},
	"rotated": false,
	"trimmed": false,
	"spriteSourceSize": {"x":0,"y":0,"w":346,"h":346},
	"sourceSize": {"w":346,"h":346},
	"pivot": {"x":0.5,"y":0.5}
}},
"meta": {
	"app": "http://www.codeandweb.com/texturepacker",
	"version": "1.0",
	"image": "preloader_0.png",
	"format": "RGBA8888",
	"size": {"w":1024,"h":1024},
	"scale": "0.5",
	"smartupdate": "$TexturePacker:SmartUpdate:a961cfd82a71059154973119a47215cb:f100cefe39132462e20da9c5cab465c1:ff72905158153251e7dd86eb19b52fec$"
}
}
