<?xml version="1.0" encoding="UTF-8" standalone="no"?>
<!--Created using Glyph Designer - http://71squared.com/glyphdesigner-->
<font>
    <info face="Star Jedi" size="52" bold="0" italic="0" charset="" unicode="0" stretchH="100" smooth="1" aa="1" padding="1,1,1,1" spacing="1,1"/>
    <common lineHeight="83" base="65" scaleW="652" scaleH="706" pages="1" packed="0"/>
    <pages>
        <page id="0" file="jedi_font.png"/>
    </pages>
    <chars count="155">
        <char id="32" x="289" y="669" width="0" height="0" xoffset="0" yoffset="70" xadvance="26" page="0" chnl="0" letter="space"/>
        <char id="33" x="402" y="618" width="27" height="50" xoffset="-1" yoffset="20" xadvance="24" page="0" chnl="0" letter="!"/>
        <char id="34" x="482" y="618" width="32" height="30" xoffset="0" yoffset="19" xadvance="31" page="0" chnl="0" letter="&quot;"/>
        <char id="39" x="515" y="618" width="21" height="30" xoffset="-1" yoffset="19" xadvance="18" page="0" chnl="0" letter="'"/>
        <char id="40" x="355" y="66" width="30" height="61" xoffset="-3" yoffset="12" xadvance="21" page="0" chnl="0" letter="("/>
        <char id="41" x="386" y="66" width="30" height="61" xoffset="-4" yoffset="12" xadvance="21" page="0" chnl="0" letter=")"/>
        <char id="43" x="566" y="618" width="56" height="24" xoffset="-8" yoffset="20" xadvance="39" page="0" chnl="0" letter="+"/>
        <char id="44" x="537" y="618" width="28" height="29" xoffset="-3" yoffset="47" xadvance="21" page="0" chnl="0" letter=","/>
        <char id="45" x="260" y="669" width="28" height="23" xoffset="-3" yoffset="37" xadvance="21" page="0" chnl="0" letter="-"/>
        <char id="46" x="234" y="669" width="25" height="24" xoffset="-1" yoffset="46" xadvance="21" page="0" chnl="0" letter="."/>
        <char id="47" x="86" y="362" width="39" height="51" xoffset="-8" yoffset="20" xadvance="21" page="0" chnl="0" letter="/"/>
        <char id="48" x="228" y="310" width="50" height="51" xoffset="-4" yoffset="20" xadvance="40" page="0" chnl="0" letter="0"/>
        <char id="49" x="326" y="618" width="38" height="50" xoffset="-6" yoffset="20" xadvance="29" page="0" chnl="0" letter="1"/>
        <char id="50" x="576" y="310" width="42" height="51" xoffset="-4" yoffset="19" xadvance="33" page="0" chnl="0" letter="2"/>
        <char id="51" x="1" y="362" width="42" height="51" xoffset="-4" yoffset="20" xadvance="33" page="0" chnl="0" letter="3"/>
        <char id="52" x="414" y="567" width="48" height="50" xoffset="-4" yoffset="20" xadvance="39" page="0" chnl="0" letter="4"/>
        <char id="53" x="44" y="362" width="41" height="51" xoffset="-3" yoffset="20" xadvance="33" page="0" chnl="0" letter="5"/>
        <char id="54" x="480" y="310" width="47" height="51" xoffset="-4" yoffset="20" xadvance="38" page="0" chnl="0" letter="6"/>
        <char id="55" x="282" y="618" width="43" height="50" xoffset="-4" yoffset="20" xadvance="33" page="0" chnl="0" letter="7"/>
        <char id="56" x="431" y="310" width="48" height="51" xoffset="-4" yoffset="20" xadvance="38" page="0" chnl="0" letter="8"/>
        <char id="57" x="528" y="310" width="47" height="51" xoffset="-4" yoffset="20" xadvance="38" page="0" chnl="0" letter="9"/>
        <char id="58" x="456" y="618" width="25" height="41" xoffset="-1" yoffset="29" xadvance="21" page="0" chnl="0" letter=":"/>
        <char id="59" x="182" y="465" width="58" height="50" xoffset="-5" yoffset="20" xadvance="37" page="0" chnl="0" letter=";"/>
        <char id="60" x="1" y="669" width="56" height="24" xoffset="-47" yoffset="59" xadvance="2" page="0" chnl="0" letter="&lt;"/>
        <char id="61" x="58" y="669" width="56" height="24" xoffset="-8" yoffset="46" xadvance="39" page="0" chnl="0" letter="="/>
        <char id="62" x="115" y="669" width="56" height="24" xoffset="-5" yoffset="59" xadvance="2" page="0" chnl="0" letter="&gt;"/>
        <char id="63" x="126" y="362" width="39" height="51" xoffset="-3" yoffset="19" xadvance="32" page="0" chnl="0" letter="?"/>
        <char id="65" x="477" y="465" width="57" height="50" xoffset="-8" yoffset="20" xadvance="40" page="0" chnl="0" letter="A"/>
        <char id="66" x="326" y="414" width="61" height="50" xoffset="-11" yoffset="20" xadvance="43" page="0" chnl="0" letter="B"/>
        <char id="67" x="381" y="310" width="49" height="51" xoffset="-5" yoffset="19" xadvance="39" page="0" chnl="0" letter="C"/>
        <char id="68" x="263" y="414" width="62" height="50" xoffset="-11" yoffset="20" xadvance="44" page="0" chnl="0" letter="D"/>
        <char id="69" x="117" y="516" width="56" height="50" xoffset="-11" yoffset="20" xadvance="37" page="0" chnl="0" letter="E"/>
        <char id="70" x="454" y="516" width="53" height="50" xoffset="-11" yoffset="20" xadvance="36" page="0" chnl="0" letter="F"/>
        <char id="71" x="279" y="310" width="50" height="51" xoffset="-5" yoffset="19" xadvance="39" page="0" chnl="0" letter="G"/>
        <char id="72" x="288" y="516" width="55" height="50" xoffset="-12" yoffset="20" xadvance="37" page="0" chnl="0" letter="H"/>
        <char id="73" x="535" y="465" width="57" height="50" xoffset="-4" yoffset="20" xadvance="37" page="0" chnl="0" letter="I"/>
        <char id="74" x="318" y="1" width="40" height="63" xoffset="-5" yoffset="20" xadvance="24" page="0" chnl="0" letter="J"/>
        <char id="75" x="241" y="465" width="58" height="50" xoffset="-3" yoffset="20" xadvance="38" page="0" chnl="0" letter="K"/>
        <char id="76" x="508" y="516" width="53" height="50" xoffset="-11" yoffset="20" xadvance="35" page="0" chnl="0" letter="L"/>
        <char id="77" x="388" y="414" width="61" height="50" xoffset="-12" yoffset="20" xadvance="44" page="0" chnl="0" letter="M"/>
        <char id="78" x="300" y="465" width="58" height="50" xoffset="-3" yoffset="20" xadvance="38" page="0" chnl="0" letter="N"/>
        <char id="79" x="174" y="516" width="56" height="50" xoffset="-11" yoffset="20" xadvance="38" page="0" chnl="0" letter="O"/>
        <char id="80" x="359" y="465" width="58" height="50" xoffset="-11" yoffset="20" xadvance="40" page="0" chnl="0" letter="P"/>
        <char id="81" x="134" y="414" width="64" height="50" xoffset="-4" yoffset="20" xadvance="44" page="0" chnl="0" letter="Q"/>
        <char id="82" x="450" y="414" width="61" height="50" xoffset="-3" yoffset="20" xadvance="41" page="0" chnl="0" letter="R"/>
        <char id="83" x="62" y="465" width="59" height="50" xoffset="-17" yoffset="20" xadvance="31" page="0" chnl="0" letter="S"/>
        <char id="84" x="264" y="567" width="49" height="50" xoffset="-9" yoffset="20" xadvance="29" page="0" chnl="0" letter="T"/>
        <char id="85" x="269" y="1" width="48" height="63" xoffset="-3" yoffset="20" xadvance="38" page="0" chnl="0" letter="U"/>
        <char id="86" x="165" y="1" width="51" height="63" xoffset="-3" yoffset="20" xadvance="41" page="0" chnl="0" letter="V"/>
        <char id="87" x="281" y="362" width="71" height="50" xoffset="-11" yoffset="20" xadvance="48" page="0" chnl="0" letter="W"/>
        <char id="88" x="344" y="516" width="54" height="50" xoffset="-5" yoffset="20" xadvance="41" page="0" chnl="0" letter="X"/>
        <char id="89" x="418" y="465" width="58" height="50" xoffset="-8" yoffset="20" xadvance="39" page="0" chnl="0" letter="Y"/>
        <char id="90" x="593" y="465" width="57" height="50" xoffset="-8" yoffset="20" xadvance="40" page="0" chnl="0" letter="Z"/>
        <char id="91" x="68" y="414" width="65" height="50" xoffset="-11" yoffset="20" xadvance="38" page="0" chnl="0" letter="["/>
        <char id="92" x="172" y="669" width="30" height="24" xoffset="-13" yoffset="46" xadvance="3" page="0" chnl="0" letter="\"/>
        <char id="93" x="206" y="362" width="74" height="50" xoffset="-9" yoffset="20" xadvance="48" page="0" chnl="0" letter="]"/>
        <char id="95" x="538" y="250" width="58" height="51" xoffset="-12" yoffset="20" xadvance="39" page="0" chnl="0" letter="_"/>
        <char id="96" x="199" y="414" width="63" height="50" xoffset="-11" yoffset="20" xadvance="43" page="0" chnl="0" letter="`"/>
        <char id="97" x="231" y="516" width="56" height="50" xoffset="-7" yoffset="20" xadvance="40" page="0" chnl="0" letter="a"/>
        <char id="98" x="562" y="516" width="53" height="50" xoffset="-3" yoffset="20" xadvance="43" page="0" chnl="0" letter="b"/>
        <char id="99" x="109" y="567" width="51" height="50" xoffset="-5" yoffset="20" xadvance="40" page="0" chnl="0" letter="c"/>
        <char id="100" x="399" y="516" width="54" height="50" xoffset="-3" yoffset="20" xadvance="44" page="0" chnl="0" letter="d"/>
        <char id="101" x="463" y="567" width="48" height="50" xoffset="-3" yoffset="20" xadvance="37" page="0" chnl="0" letter="e"/>
        <char id="102" x="145" y="618" width="45" height="50" xoffset="-3" yoffset="20" xadvance="36" page="0" chnl="0" letter="f"/>
        <char id="103" x="161" y="567" width="51" height="50" xoffset="-5" yoffset="20" xadvance="40" page="0" chnl="0" letter="g"/>
        <char id="104" x="561" y="567" width="47" height="50" xoffset="-4" yoffset="20" xadvance="37" page="0" chnl="0" letter="h"/>
        <char id="105" x="430" y="618" width="25" height="50" xoffset="-4" yoffset="20" xadvance="16" page="0" chnl="0" letter="i"/>
        <char id="106" x="365" y="618" width="36" height="50" xoffset="-5" yoffset="20" xadvance="24" page="0" chnl="0" letter="j"/>
        <char id="107" x="314" y="567" width="49" height="50" xoffset="-3" yoffset="20" xadvance="38" page="0" chnl="0" letter="k"/>
        <char id="108" x="191" y="618" width="45" height="50" xoffset="-3" yoffset="20" xadvance="35" page="0" chnl="0" letter="l"/>
        <char id="109" x="1" y="567" width="53" height="50" xoffset="-4" yoffset="20" xadvance="44" page="0" chnl="0" letter="m"/>
        <char id="110" x="512" y="567" width="48" height="50" xoffset="-3" yoffset="20" xadvance="38" page="0" chnl="0" letter="n"/>
        <char id="111" x="1" y="310" width="56" height="51" xoffset="-5" yoffset="20" xadvance="45" page="0" chnl="0" letter="o"/>
        <char id="112" x="213" y="567" width="50" height="50" xoffset="-3" yoffset="20" xadvance="40" page="0" chnl="0" letter="p"/>
        <char id="113" x="172" y="310" width="55" height="51" xoffset="-5" yoffset="20" xadvance="44" page="0" chnl="0" letter="q"/>
        <char id="114" x="55" y="567" width="53" height="50" xoffset="-3" yoffset="20" xadvance="41" page="0" chnl="0" letter="r"/>
        <char id="115" x="237" y="618" width="44" height="50" xoffset="-5" yoffset="20" xadvance="31" page="0" chnl="0" letter="s"/>
        <char id="116" x="364" y="567" width="49" height="50" xoffset="-5" yoffset="20" xadvance="37" page="0" chnl="0" letter="t"/>
        <char id="117" x="330" y="310" width="50" height="51" xoffset="-5" yoffset="20" xadvance="39" page="0" chnl="0" letter="u"/>
        <char id="118" x="122" y="465" width="59" height="50" xoffset="-7" yoffset="20" xadvance="43" page="0" chnl="0" letter="v"/>
        <char id="119" x="1" y="414" width="66" height="50" xoffset="-9" yoffset="20" xadvance="48" page="0" chnl="0" letter="w"/>
        <char id="120" x="1" y="516" width="57" height="50" xoffset="-8" yoffset="20" xadvance="39" page="0" chnl="0" letter="x"/>
        <char id="121" x="59" y="516" width="57" height="50" xoffset="-8" yoffset="20" xadvance="39" page="0" chnl="0" letter="y"/>
        <char id="122" x="1" y="618" width="47" height="50" xoffset="-4" yoffset="20" xadvance="38" page="0" chnl="0" letter="z"/>
        <char id="124" x="203" y="669" width="30" height="24" xoffset="-13" yoffset="20" xadvance="3" page="0" chnl="0" letter="|"/>
        <char id="126" x="512" y="414" width="60" height="50" xoffset="-8" yoffset="20" xadvance="39" page="0" chnl="0" letter="~"/>
        <char id="191" x="166" y="362" width="39" height="51" xoffset="-3" yoffset="19" xadvance="32" page="0" chnl="0" letter="¿"/>
        <char id="192" x="59" y="190" width="56" height="59" xoffset="-7" yoffset="11" xadvance="40" page="0" chnl="0" letter="À"/>
        <char id="193" x="116" y="190" width="56" height="59" xoffset="-7" yoffset="11" xadvance="40" page="0" chnl="0" letter="Á"/>
        <char id="194" x="417" y="66" width="56" height="60" xoffset="-7" yoffset="10" xadvance="40" page="0" chnl="0" letter="Â"/>
        <char id="195" x="359" y="1" width="56" height="62" xoffset="-7" yoffset="8" xadvance="40" page="0" chnl="0" letter="Ã"/>
        <char id="196" x="216" y="250" width="56" height="58" xoffset="-7" yoffset="12" xadvance="40" page="0" chnl="0" letter="Ä"/>
        <char id="197" x="474" y="66" width="56" height="60" xoffset="-7" yoffset="10" xadvance="40" page="0" chnl="0" letter="Å"/>
        <char id="198" x="353" y="362" width="69" height="50" xoffset="-7" yoffset="20" xadvance="54" page="0" chnl="0" letter="Æ"/>
        <char id="199" x="1" y="1" width="49" height="64" xoffset="-5" yoffset="19" xadvance="39" page="0" chnl="0" letter="Ç"/>
        <char id="200" x="503" y="190" width="48" height="59" xoffset="-3" yoffset="11" xadvance="37" page="0" chnl="0" letter="È"/>
        <char id="201" x="552" y="190" width="48" height="59" xoffset="-3" yoffset="11" xadvance="37" page="0" chnl="0" letter="É"/>
        <char id="202" x="433" y="129" width="48" height="60" xoffset="-3" yoffset="10" xadvance="37" page="0" chnl="0" letter="Ê"/>
        <char id="203" x="384" y="250" width="48" height="58" xoffset="-3" yoffset="12" xadvance="37" page="0" chnl="0" letter="Ë"/>
        <char id="204" x="50" y="250" width="26" height="59" xoffset="-4" yoffset="11" xadvance="16" page="0" chnl="0" letter="Ì"/>
        <char id="205" x="77" y="250" width="26" height="59" xoffset="-4" yoffset="11" xadvance="16" page="0" chnl="0" letter="Í"/>
        <char id="206" x="531" y="129" width="25" height="60" xoffset="-4" yoffset="10" xadvance="16" page="0" chnl="0" letter="Î"/>
        <char id="207" x="482" y="250" width="27" height="58" xoffset="-5" yoffset="12" xadvance="16" page="0" chnl="0" letter="Ï"/>
        <char id="208" x="573" y="414" width="60" height="50" xoffset="-6" yoffset="20" xadvance="48" page="0" chnl="0" letter="Ð"/>
        <char id="209" x="473" y="1" width="48" height="62" xoffset="-3" yoffset="8" xadvance="38" page="0" chnl="0" letter="Ñ"/>
        <char id="210" x="531" y="66" width="56" height="60" xoffset="-5" yoffset="11" xadvance="45" page="0" chnl="0" letter="Ò"/>
        <char id="211" x="588" y="66" width="56" height="60" xoffset="-5" yoffset="11" xadvance="45" page="0" chnl="0" letter="Ó"/>
        <char id="212" x="139" y="66" width="56" height="61" xoffset="-5" yoffset="10" xadvance="45" page="0" chnl="0" letter="Ô"/>
        <char id="213" x="51" y="1" width="56" height="63" xoffset="-5" yoffset="8" xadvance="45" page="0" chnl="0" letter="Õ"/>
        <char id="214" x="173" y="190" width="56" height="59" xoffset="-5" yoffset="12" xadvance="45" page="0" chnl="0" letter="Ö"/>
        <char id="216" x="58" y="310" width="56" height="51" xoffset="-5" yoffset="20" xadvance="45" page="0" chnl="0" letter="Ø"/>
        <char id="217" x="229" y="129" width="50" height="60" xoffset="-5" yoffset="11" xadvance="39" page="0" chnl="0" letter="Ù"/>
        <char id="218" x="280" y="129" width="50" height="60" xoffset="-5" yoffset="11" xadvance="39" page="0" chnl="0" letter="Ú"/>
        <char id="219" x="253" y="66" width="50" height="61" xoffset="-5" yoffset="10" xadvance="39" page="0" chnl="0" letter="Û"/>
        <char id="220" x="401" y="190" width="50" height="59" xoffset="-5" yoffset="12" xadvance="39" page="0" chnl="0" letter="Ü"/>
        <char id="221" x="583" y="129" width="57" height="59" xoffset="-8" yoffset="11" xadvance="39" page="0" chnl="0" letter="Ý"/>
        <char id="222" x="49" y="618" width="47" height="50" xoffset="-4" yoffset="20" xadvance="37" page="0" chnl="0" letter="Þ"/>
        <char id="223" x="330" y="250" width="53" height="58" xoffset="-3" yoffset="20" xadvance="43" page="0" chnl="0" letter="ß"/>
        <char id="224" x="230" y="190" width="56" height="59" xoffset="-7" yoffset="11" xadvance="40" page="0" chnl="0" letter="à"/>
        <char id="225" x="287" y="190" width="56" height="59" xoffset="-7" yoffset="11" xadvance="40" page="0" chnl="0" letter="á"/>
        <char id="226" x="1" y="129" width="56" height="60" xoffset="-7" yoffset="10" xadvance="40" page="0" chnl="0" letter="â"/>
        <char id="227" x="416" y="1" width="56" height="62" xoffset="-7" yoffset="8" xadvance="40" page="0" chnl="0" letter="ã"/>
        <char id="228" x="273" y="250" width="56" height="58" xoffset="-7" yoffset="12" xadvance="40" page="0" chnl="0" letter="ä"/>
        <char id="229" x="58" y="129" width="56" height="60" xoffset="-7" yoffset="10" xadvance="40" page="0" chnl="0" letter="å"/>
        <char id="230" x="423" y="362" width="69" height="50" xoffset="-7" yoffset="20" xadvance="54" page="0" chnl="0" letter="æ"/>
        <char id="231" x="217" y="1" width="51" height="63" xoffset="-5" yoffset="20" xadvance="40" page="0" chnl="0" letter="ç"/>
        <char id="232" x="601" y="190" width="48" height="59" xoffset="-3" yoffset="11" xadvance="37" page="0" chnl="0" letter="è"/>
        <char id="233" x="1" y="250" width="48" height="59" xoffset="-3" yoffset="11" xadvance="37" page="0" chnl="0" letter="é"/>
        <char id="234" x="482" y="129" width="48" height="60" xoffset="-3" yoffset="10" xadvance="37" page="0" chnl="0" letter="ê"/>
        <char id="235" x="433" y="250" width="48" height="58" xoffset="-3" yoffset="12" xadvance="37" page="0" chnl="0" letter="ë"/>
        <char id="236" x="104" y="250" width="26" height="59" xoffset="-4" yoffset="11" xadvance="16" page="0" chnl="0" letter="ì"/>
        <char id="237" x="131" y="250" width="26" height="59" xoffset="-4" yoffset="11" xadvance="16" page="0" chnl="0" letter="í"/>
        <char id="238" x="557" y="129" width="25" height="60" xoffset="-4" yoffset="10" xadvance="16" page="0" chnl="0" letter="î"/>
        <char id="239" x="510" y="250" width="27" height="58" xoffset="-5" yoffset="12" xadvance="16" page="0" chnl="0" letter="ï"/>
        <char id="240" x="1" y="465" width="60" height="50" xoffset="-6" yoffset="20" xadvance="48" page="0" chnl="0" letter="ð"/>
        <char id="241" x="522" y="1" width="48" height="62" xoffset="-3" yoffset="8" xadvance="38" page="0" chnl="0" letter="ñ"/>
        <char id="242" x="115" y="129" width="56" height="60" xoffset="-5" yoffset="11" xadvance="45" page="0" chnl="0" letter="ò"/>
        <char id="243" x="172" y="129" width="56" height="60" xoffset="-5" yoffset="11" xadvance="45" page="0" chnl="0" letter="ó"/>
        <char id="244" x="196" y="66" width="56" height="61" xoffset="-5" yoffset="10" xadvance="45" page="0" chnl="0" letter="ô"/>
        <char id="245" x="108" y="1" width="56" height="63" xoffset="-5" yoffset="8" xadvance="45" page="0" chnl="0" letter="õ"/>
        <char id="246" x="344" y="190" width="56" height="59" xoffset="-5" yoffset="12" xadvance="45" page="0" chnl="0" letter="ö"/>
        <char id="248" x="115" y="310" width="56" height="51" xoffset="-5" yoffset="20" xadvance="45" page="0" chnl="0" letter="ø"/>
        <char id="249" x="331" y="129" width="50" height="60" xoffset="-5" yoffset="11" xadvance="39" page="0" chnl="0" letter="ù"/>
        <char id="250" x="382" y="129" width="50" height="60" xoffset="-5" yoffset="11" xadvance="39" page="0" chnl="0" letter="ú"/>
        <char id="251" x="304" y="66" width="50" height="61" xoffset="-5" yoffset="10" xadvance="39" page="0" chnl="0" letter="û"/>
        <char id="252" x="452" y="190" width="50" height="59" xoffset="-5" yoffset="12" xadvance="39" page="0" chnl="0" letter="ü"/>
        <char id="253" x="1" y="190" width="57" height="59" xoffset="-8" yoffset="11" xadvance="39" page="0" chnl="0" letter="ý"/>
        <char id="254" x="97" y="618" width="47" height="50" xoffset="-4" yoffset="20" xadvance="37" page="0" chnl="0" letter="þ"/>
        <char id="338" x="493" y="362" width="67" height="50" xoffset="-5" yoffset="20" xadvance="54" page="0" chnl="0" letter="Œ"/>
        <char id="339" x="561" y="362" width="67" height="50" xoffset="-5" yoffset="20" xadvance="54" page="0" chnl="0" letter="œ"/>
        <char id="352" x="49" y="66" width="44" height="62" xoffset="-5" yoffset="8" xadvance="31" page="0" chnl="0" letter="Š"/>
        <char id="353" x="94" y="66" width="44" height="62" xoffset="-5" yoffset="8" xadvance="31" page="0" chnl="0" letter="š"/>
        <char id="376" x="158" y="250" width="57" height="58" xoffset="-8" yoffset="12" xadvance="39" page="0" chnl="0" letter="Ÿ"/>
        <char id="381" x="571" y="1" width="47" height="62" xoffset="-4" yoffset="8" xadvance="38" page="0" chnl="0" letter="Ž"/>
        <char id="382" x="1" y="66" width="47" height="62" xoffset="-4" yoffset="8" xadvance="38" page="0" chnl="0" letter="ž"/>
    </chars>
    <kernings count="0"/>
</font>