{
	"images"	:
	[
		"images/game/interface/interface.png"
	],
	"frames"	:
	[
		[132,2,135,80,0,-0,-0],
		[2,268,254,92,0,-0,-0],
		[2,362,454,92,0,-0,-0],
		[269,2,151,90,0,-0,-0],
		[109,176,151,90,0,-0,-0],
		[125,94,250,80,0,-0,-0],
		[2,66,121,90,0,-0,-0],
		[2,158,105,102,0,-0,-0],
		[377,94,104,102,0,-0,-0],
		[2,2,128,62,0,-0,-0],
		[262,176,104,149,0,-0,-0],
		[368,198,104,149,0,-0,-0]
	],
	"animations"	:
	{
		"btn_help"	: [0,0,false,1],
		"btn_play"	: [1,1,false,1],
		"btn_play_again"	: [2,2,false,1],
		"btn_sound_off"	: [3,3,false,1],
		"btn_sound_on"	: [4,4,false,1],
		"game_score_panel"	: [5,5,false,1],
		"instr_jump"	: [6,6,false,1],
		"instr_key_down"	: [7,7,false,1],
		"instr_key_up"	: [8,8,false,1],
		"instr_slide"	: [9,9,false,1],
		"instr_swipe_down"	: [10,10,false,1],
		"instr_swipe_up"	: [11,11,false,1]
	}
}