{
"skeleton": { "hash": "mjL8SOpY6S4B3Yoo1O3KZhOGz/g", "spine": "3.1.05", "width": 1198.23, "height": 676.63, "images": "./images/" },
"bones": [
	{ "name": "root", "scaleX": 1.017, "scaleY": 1.017 },
	{ "name": "car body", "parent": "root", "scaleX": 1.15, "scaleY": 1.1 },
	{ "name": "body", "parent": "car body", "length": 286.1, "x": 0.02, "y": 32.69, "rotation": 89.76 },
	{ "name": "eyelid", "parent": "body", "length": 88.47, "x": 333.27, "y": -15.89, "rotation": -179.76, "color": "1eff00ff" },
	{ "name": "pupils", "parent": "body", "length": 43.45, "x": 244.66, "y": -62.43, "color": "ff0077ff" },
	{ "name": "wheels", "parent": "car body" },
	{ "name": "wheel_fl", "parent": "wheels", "length": 114.96, "x": 13.47, "y": 77.97 },
	{ "name": "wheel_fr", "parent": "wheels", "length": 86.6, "x": -245.83, "y": 83.34, "rotation": -179.01 },
	{ "name": "wheel_rl", "parent": "wheels", "length": 91.08, "x": 269.61, "y": 112.78, "rotation": -0.93 },
	{ "name": "wheel_rr", "parent": "wheels", "length": 106.01, "x": 95.83, "y": 118.64, "rotation": -179.19 }
],
"slots": [
	{ "name": "shadow", "bone": "root", "attachment": "car_01_garage_shadow_00" },
	{ "name": "uv_glow", "bone": "body", "attachment": "car_01_garage_specialitem_02" },
	{ "name": "body_arches", "bone": "body", "attachment": "car_01_garage_bodyxarch_00" },
	{ "name": "wheel_rl", "bone": "wheel_rl", "attachment": "wheels_skin" },
	{ "name": "wheel_rr", "bone": "wheel_rr", "attachment": "wheels_skin" },
	{ "name": "wheel_fl", "bone": "wheel_fl", "attachment": "wheels_skin" },
	{ "name": "wheel_fr", "bone": "wheel_fr", "attachment": "wheels_skin" },
	{ "name": "eyes_bg", "bone": "body", "attachment": "car_01_garage_eyebg_00" },
	{ "name": "pupils", "bone": "pupils", "attachment": "car_01_garage_pupils_00" },
	{ "name": "spare_tyre", "bone": "body", "attachment": "car_01_garage_specialitem_01" },
	{ "name": "body", "bone": "body", "attachment": "car_01_garage_body_00" },
	{ "name": "decal", "bone": "body", "attachment": "car_01_garage_decal_00" },
	{ "name": "blink", "bone": "eyelid", "attachment": "car_01_garage_eyeslid_00" },
	{ "name": "mask", "bone": "body" },
	{ "name": "shine", "bone": "body", "attachment": "car_01_garage_bodysheen_00" },
	{ "name": "lights", "bone": "body", "attachment": "car_01_garage_specialitem_00" },
	{ "name": "scoop", "bone": "body", "attachment": "car_01_garage_specialitem_04" },
	{ "name": "bullbars", "bone": "body", "attachment": "car_01_garage_specialitem_03" }
],
"skins": {
	"default": {
		"blink": {
			"car_01_garage_eyesblink_00": { "x": 65.47, "y": -24.08, "rotation": 89.97, "width": 400, "height": 112 },
			"car_01_garage_eyeslid_00": { "x": 63.15, "y": -24.89, "rotation": 89.97, "width": 400, "height": 112 }
		},
		"body": {
			"car_01_garage_body_00": { "x": 190.3, "y": 0.76, "rotation": -89.76, "width": 1024, "height": 556 }
		},
		"body_arches": {
			"car_01_garage_bodyxarch_00": { "x": 88.72, "y": -227.78, "rotation": -89.76, "width": 378, "height": 252 }
		},
		"bullbars": {
			"car_01_garage_specialitem_03": { "x": 108.37, "y": 161.4, "rotation": -89.75, "width": 478, "height": 272 }
		},
		"decal": {
			"car_01_garage_decal_00": { "x": 190.3, "y": 0.76, "rotation": -89.76, "width": 1024, "height": 556 }
		},
		"eyes_bg": {
			"car_01_garage_eyebg_00": { "x": 266.63, "y": 10.61, "rotation": -89.76, "width": 400, "height": 112 }
		},
		"lights": {
			"car_01_garage_specialitem_00": { "x": 349.34, "y": -17.58, "rotation": -89.75, "width": 316, "height": 108 }
		},
		"mask": {
			"car_01_garage_bodymask_00": { "x": 190.3, "y": -0.08, "rotation": -89.76, "width": 1024, "height": 556 }
		},
		"pupils": {
			"car_01_garage_pupils_00": { "rotation": -89.76, "width": 180, "height": 48 }
		},
		"scoop": {
			"car_01_garage_specialitem_04": { "x": 213.65, "y": 127.55, "rotation": -89.75, "width": 280, "height": 60 }
		},
		"shadow": {
			"car_01_garage_shadow_00": { "x": -19.46, "y": -2.43, "width": 1078, "height": 124 }
		},
		"shine": {
			"car_01_garage_bodysheen_00": { "x": 190.29, "y": 0.76, "rotation": -89.76, "width": 1024, "height": 556 }
		},
		"spare_tyre": {
			"car_01_garage_specialitem_01": { "x": 329.07, "y": -197.67, "rotation": -89.75, "width": 217, "height": 111 }
		},
		"uv_glow": {
			"car_01_garage_specialitem_02": { "x": 7.25, "y": -8.44, "scaleX": 0.915, "rotation": -89.75, "width": 860, "height": 177 }
		}
	},
	"wheels_dirt": {
		"wheel_fl": {
			"wheels_skin": { "name": "car_01_garage_wheel2_00", "x": 85.48, "y": 7.48, "width": 331, "height": 374 }
		},
		"wheel_fr": {
			"wheels_skin": { "name": "car_01_garage_wheel2_01", "x": 29.75, "y": -6.47, "rotation": 179, "width": 331, "height": 374 }
		},
		"wheel_rl": {
			"wheels_skin": { "name": "car_01_garage_wheel2_02", "x": 59.73, "y": -2.01, "rotation": 0.91, "width": 189, "height": 267 }
		},
		"wheel_rr": {
			"wheels_skin": { "name": "car_01_garage_wheel2_03", "x": 74.64, "y": -0.76, "rotation": 179.17, "width": 189, "height": 267 }
		}
	},
	"wheels_drift": {
		"wheel_fl": {
			"wheels_skin": { "name": "car_01_garage_wheel3_00", "x": 80.71, "y": 5.48, "width": 331, "height": 374 }
		},
		"wheel_fr": {
			"wheels_skin": { "name": "car_01_garage_wheel3_01", "x": 29.94, "y": 4.49, "rotation": 179, "width": 331, "height": 374 }
		},
		"wheel_rl": {
			"wheels_skin": { "name": "car_01_garage_wheel3_02", "x": 59.73, "y": -2.01, "rotation": 0.91, "width": 189, "height": 267 }
		},
		"wheel_rr": {
			"wheels_skin": { "name": "car_01_garage_wheel3_03", "x": 74.64, "y": -0.76, "rotation": 179.17, "width": 189, "height": 267 }
		}
	},
	"wheels_standard": {
		"wheel_fl": {
			"wheels_skin": { "name": "car_01_garage_wheel_00", "x": 80.71, "y": 5.48, "width": 331, "height": 374 }
		},
		"wheel_fr": {
			"wheels_skin": { "name": "car_01_garage_wheel_01", "x": 29.64, "y": -12.46, "rotation": 179, "width": 331, "height": 374 }
		},
		"wheel_rl": {
			"wheels_skin": { "name": "car_01_garage_wheel_02", "x": 51.14, "y": -2.15, "rotation": 0.91, "width": 189, "height": 267 }
		},
		"wheel_rr": {
			"wheels_skin": { "name": "car_01_garage_wheel_03", "x": 74.64, "y": -0.76, "rotation": 179.17, "width": 189, "height": 267 }
		}
	}
},
"animations": {
	"idle": {
		"slots": {
			"blink": {
				"attachment": [
					{ "time": 0, "name": "car_01_garage_eyeslid_00" },
					{ "time": 0.1666, "name": "car_01_garage_eyesblink_00" },
					{ "time": 0.2666, "name": "car_01_garage_eyeslid_00" },
					{ "time": 3.6, "name": "car_01_garage_eyesblink_00" },
					{ "time": 3.7, "name": "car_01_garage_eyeslid_00" }
				]
			},
			"mask": {
				"attachment": [
					{ "time": 0, "name": null }
				]
			}
		},
		"bones": {
			"root": {
				"rotate": [
					{ "time": 0, "angle": 0, "curve": "stepped" },
					{ "time": 6.6666, "angle": 0 }
				],
				"translate": [
					{ "time": 0, "x": 0, "y": 0, "curve": "stepped" },
					{ "time": 6.6666, "x": 0, "y": 0 }
				],
				"scale": [
					{ "time": 0, "x": 1, "y": 1, "curve": "stepped" },
					{ "time": 6.6666, "x": 1, "y": 1 }
				]
			},
			"body": {
				"rotate": [
					{ "time": 0, "angle": 0, "curve": "stepped" },
					{ "time": 6.6666, "angle": 0 }
				],
				"translate": [
					{ "time": 0, "x": 0, "y": 0, "curve": "stepped" },
					{ "time": 6.6666, "x": 0, "y": 0 }
				],
				"scale": [
					{ "time": 0, "x": 1, "y": 1, "curve": "stepped" },
					{ "time": 0.1333, "x": 1, "y": 1 },
					{ "time": 0.2, "x": 0.972, "y": 1 },
					{ "time": 0.3, "x": 1, "y": 1, "curve": "stepped" },
					{ "time": 3.4333, "x": 1, "y": 1, "curve": "stepped" },
					{ "time": 3.5666, "x": 1, "y": 1 },
					{ "time": 3.6333, "x": 0.972, "y": 1 },
					{ "time": 3.7333, "x": 1, "y": 1, "curve": "stepped" },
					{ "time": 6.6666, "x": 1, "y": 1 }
				]
			},
			"eyelid": {
				"rotate": [
					{ "time": 0, "angle": 0, "curve": "stepped" },
					{ "time": 3.4333, "angle": 0, "curve": "stepped" },
					{ "time": 6.6666, "angle": 0 }
				],
				"translate": [
					{ "time": 0, "x": 0, "y": 0, "curve": "stepped" },
					{ "time": 3.4333, "x": 0, "y": 0, "curve": "stepped" },
					{ "time": 6.6666, "x": 0, "y": 0 }
				],
				"scale": [
					{ "time": 0, "x": 1, "y": 1, "curve": "stepped" },
					{
						"time": 0.1666,
						"x": 1,
						"y": 1,
						"curve": [ 0.25, 0, 0.904, 0.81 ]
					},
					{ "time": 0.2333, "x": 0.908, "y": 0.972 },
					{
						"time": 0.2666,
						"x": 0.862,
						"y": 1,
						"curve": [ 0.156, 0.18, 0.75, 1 ]
					},
					{ "time": 0.3333, "x": 1, "y": 1, "curve": "stepped" },
					{ "time": 3.4333, "x": 1, "y": 1, "curve": "stepped" },
					{
						"time": 3.6,
						"x": 1,
						"y": 1,
						"curve": [ 0.25, 0, 0.904, 0.81 ]
					},
					{ "time": 3.6666, "x": 0.908, "y": 0.972 },
					{
						"time": 3.7,
						"x": 0.862,
						"y": 1,
						"curve": [ 0.156, 0.18, 0.75, 1 ]
					},
					{ "time": 3.7666, "x": 1, "y": 1, "curve": "stepped" },
					{ "time": 6.6666, "x": 1, "y": 1 }
				]
			},
			"car body": {
				"rotate": [
					{ "time": 0, "angle": 0, "curve": "stepped" },
					{ "time": 6.6666, "angle": 0 }
				],
				"translate": [
					{ "time": 0, "x": 0, "y": 0, "curve": "stepped" },
					{ "time": 6.6666, "x": 0, "y": 0 }
				],
				"scale": [
					{ "time": 0, "x": 1, "y": 1, "curve": "stepped" },
					{ "time": 0.1666, "x": 1, "y": 1, "curve": "stepped" },
					{ "time": 0.2, "x": 1, "y": 1, "curve": "stepped" },
					{ "time": 0.2666, "x": 1, "y": 1, "curve": "stepped" },
					{ "time": 0.3333, "x": 1, "y": 1, "curve": "stepped" },
					{ "time": 6.6666, "x": 1, "y": 1 }
				]
			},
			"wheel_rl": {
				"rotate": [
					{ "time": 0, "angle": 0, "curve": "stepped" },
					{ "time": 6.6666, "angle": 0 }
				],
				"translate": [
					{ "time": 0, "x": 0, "y": 0, "curve": "stepped" },
					{ "time": 6.6666, "x": 0, "y": 0 }
				],
				"scale": [
					{ "time": 0, "x": 1, "y": 1, "curve": "stepped" },
					{ "time": 6.6666, "x": 1, "y": 1 }
				]
			},
			"wheel_fl": {
				"rotate": [
					{ "time": 0, "angle": 0, "curve": "stepped" },
					{ "time": 6.6666, "angle": 0 }
				],
				"translate": [
					{ "time": 0, "x": 0, "y": 0, "curve": "stepped" },
					{ "time": 6.6666, "x": 0, "y": 0 }
				],
				"scale": [
					{ "time": 0, "x": 1, "y": 1, "curve": "stepped" },
					{ "time": 6.6666, "x": 1, "y": 1 }
				]
			},
			"wheel_fr": {
				"rotate": [
					{ "time": 0, "angle": 0 }
				],
				"translate": [
					{ "time": 0, "x": 0, "y": 0 }
				],
				"scale": [
					{ "time": 0, "x": 1, "y": 1 }
				]
			},
			"pupils": {
				"translate": [
					{ "time": 0, "x": 0, "y": 0, "curve": "stepped" },
					{ "time": 0.2, "x": 0, "y": 0 },
					{ "time": 0.2666, "x": 0, "y": -12.64, "curve": "stepped" },
					{ "time": 3.6, "x": 0, "y": -12.64 },
					{ "time": 3.6666, "x": 0, "y": 0 }
				]
			}
		},
		"drawOrder": [
			{ "time": 0 }
		]
	},
	"idle2": {
		"slots": {
			"blink": {
				"attachment": [
					{ "time": 0, "name": "car_01_garage_eyeslid_00" },
					{ "time": 0.1333, "name": "car_01_garage_eyesblink_00" },
					{ "time": 0.2666, "name": "car_01_garage_eyeslid_00" }
				]
			},
			"mask": {
				"attachment": [
					{ "time": 0, "name": null }
				]
			}
		},
		"bones": {
			"root": {
				"rotate": [
					{ "time": 0, "angle": 0, "curve": "stepped" },
					{ "time": 3.3333, "angle": 0 }
				],
				"translate": [
					{ "time": 0, "x": 0, "y": 0, "curve": "stepped" },
					{ "time": 3.3333, "x": 0, "y": 0 }
				],
				"scale": [
					{ "time": 0, "x": 1, "y": 1, "curve": "stepped" },
					{ "time": 3.3333, "x": 1, "y": 1 }
				]
			},
			"body": {
				"rotate": [
					{ "time": 0, "angle": -0.9, "curve": "stepped" },
					{ "time": 3.3333, "angle": -0.9 }
				],
				"translate": [
					{ "time": 0, "x": 0, "y": 0, "curve": "stepped" },
					{ "time": 3.3333, "x": 0, "y": 0 }
				],
				"scale": [
					{ "time": 0, "x": 1, "y": 1, "curve": "stepped" },
					{ "time": 0.1333, "x": 1, "y": 1 },
					{ "time": 0.2, "x": 0.972, "y": 1 },
					{ "time": 0.3, "x": 1, "y": 1, "curve": "stepped" },
					{ "time": 3.3333, "x": 1, "y": 1 }
				]
			},
			"eyelid": {
				"rotate": [
					{ "time": 0, "angle": 0, "curve": "stepped" },
					{ "time": 3.3333, "angle": 0 }
				],
				"translate": [
					{ "time": 0, "x": 0, "y": 0, "curve": "stepped" },
					{ "time": 3.3333, "x": 0, "y": 0 }
				],
				"scale": [
					{ "time": 0, "x": 1, "y": 1, "curve": "stepped" },
					{
						"time": 0.1666,
						"x": 1,
						"y": 1,
						"curve": [ 0.25, 0, 0.904, 0.81 ]
					},
					{ "time": 0.2333, "x": 0.908, "y": 0.972 },
					{
						"time": 0.2666,
						"x": 0.862,
						"y": 1,
						"curve": [ 0.156, 0.18, 0.75, 1 ]
					},
					{ "time": 0.3333, "x": 1, "y": 1, "curve": "stepped" },
					{ "time": 3.3333, "x": 1, "y": 1 }
				]
			},
			"car body": {
				"rotate": [
					{ "time": 0, "angle": 0, "curve": "stepped" },
					{ "time": 3.3333, "angle": 0 }
				],
				"translate": [
					{ "time": 0, "x": 0, "y": 0, "curve": "stepped" },
					{ "time": 3.3333, "x": 0, "y": 0 }
				],
				"scale": [
					{ "time": 0, "x": 1, "y": 1, "curve": "stepped" },
					{ "time": 0.1666, "x": 1, "y": 1, "curve": "stepped" },
					{ "time": 0.2, "x": 1, "y": 1, "curve": "stepped" },
					{ "time": 0.2666, "x": 1, "y": 1, "curve": "stepped" },
					{ "time": 0.3333, "x": 1, "y": 1, "curve": "stepped" },
					{ "time": 3.3333, "x": 1, "y": 1 }
				]
			},
			"wheel_rl": {
				"rotate": [
					{ "time": 0, "angle": 0, "curve": "stepped" },
					{ "time": 3.3333, "angle": 0 }
				],
				"translate": [
					{ "time": 0, "x": 0, "y": 0, "curve": "stepped" },
					{ "time": 3.3333, "x": 0, "y": 0 }
				],
				"scale": [
					{ "time": 0, "x": 1, "y": 1, "curve": "stepped" },
					{ "time": 3.3333, "x": 1, "y": 1 }
				]
			},
			"wheel_fl": {
				"rotate": [
					{ "time": 0, "angle": 0, "curve": "stepped" },
					{ "time": 3.3333, "angle": 0 }
				],
				"translate": [
					{ "time": 0, "x": 0, "y": 0, "curve": "stepped" },
					{ "time": 3.3333, "x": 0, "y": 0 }
				],
				"scale": [
					{ "time": 0, "x": 1, "y": 1, "curve": "stepped" },
					{ "time": 3.3333, "x": 1, "y": 1 }
				]
			},
			"wheel_fr": {
				"rotate": [
					{ "time": 0, "angle": 0 }
				],
				"translate": [
					{ "time": 0, "x": 0, "y": 0 }
				],
				"scale": [
					{ "time": 0, "x": 1, "y": 1 }
				]
			},
			"pupils": {
				"translate": [
					{ "time": 1.2333, "x": 0, "y": 0 },
					{ "time": 1.3, "x": -5.08, "y": 0, "curve": "stepped" },
					{ "time": 1.5, "x": -5.08, "y": 0 },
					{ "time": 1.5666, "x": 0, "y": 0 }
				]
			}
		},
		"drawOrder": [
			{ "time": 0 }
		]
	},
	"upgrade_engine": {
		"slots": {
			"mask": {
				"attachment": [
					{ "time": 0, "name": null }
				]
			}
		},
		"bones": {
			"root": {
				"rotate": [
					{ "time": 0, "angle": 0, "curve": "stepped" },
					{ "time": 1.0333, "angle": 0 }
				],
				"translate": [
					{ "time": 0, "x": 0, "y": 0, "curve": "stepped" },
					{ "time": 1.0333, "x": 0, "y": 0 }
				],
				"scale": [
					{ "time": 0, "x": 1, "y": 1, "curve": "stepped" },
					{ "time": 1.0333, "x": 1, "y": 1 }
				]
			},
			"body": {
				"rotate": [
					{ "time": 0, "angle": 0 },
					{ "time": 0.7, "angle": 1.37 },
					{ "time": 0.9666, "angle": 0, "curve": "stepped" },
					{ "time": 1.0333, "angle": 0 }
				],
				"translate": [
					{ "time": 0, "x": 0, "y": 0 },
					{ "time": 0.1, "x": -0.02, "y": 1.42 },
					{ "time": 0.1333, "x": -2, "y": 1.42 },
					{ "time": 0.1666, "x": -0.02, "y": 1.42 },
					{ "time": 0.2, "x": -0.03, "y": 3.4 },
					{ "time": 0.2333, "x": -0.02, "y": -0.54 },
					{ "time": 0.2666, "x": -0.02, "y": 1.42 },
					{ "time": 0.3, "x": -2, "y": 1.42 },
					{ "time": 0.3333, "x": -0.02, "y": 1.42 },
					{ "time": 0.3666, "x": -0.03, "y": 3.4 },
					{ "time": 0.4, "x": -0.02, "y": -0.54 },
					{ "time": 0.4333, "x": -0.02, "y": 1.42 },
					{ "time": 0.4666, "x": -2, "y": 1.42 },
					{ "time": 0.5, "x": -0.02, "y": 1.42 },
					{ "time": 0.5333, "x": -0.03, "y": 3.4 },
					{ "time": 0.5666, "x": -0.02, "y": -0.54 },
					{ "time": 0.7, "x": -0.2, "y": 9.99 },
					{ "time": 0.7333, "x": -0.31, "y": 16.77 },
					{ "time": 0.9666, "x": 0, "y": 0, "curve": "stepped" },
					{ "time": 1.0333, "x": 0, "y": 0 }
				],
				"scale": [
					{ "time": 0, "x": 1, "y": 1, "curve": "stepped" },
					{ "time": 0.1, "x": 1, "y": 1 },
					{ "time": 0.2, "x": 0.972, "y": 1 },
					{ "time": 0.7, "x": 0.934, "y": 1 },
					{ "time": 0.7666, "x": 1.059, "y": 1 },
					{ "time": 0.8333, "x": 1, "y": 1, "curve": "stepped" },
					{ "time": 1.0333, "x": 1, "y": 1 }
				]
			},
			"eyelid": {
				"rotate": [
					{ "time": 0, "angle": 0, "curve": "stepped" },
					{ "time": 1.0333, "angle": 0 }
				],
				"translate": [
					{ "time": 0, "x": 0, "y": 0, "curve": "stepped" },
					{ "time": 1.0333, "x": 0, "y": 0 }
				],
				"scale": [
					{ "time": 0, "x": 1, "y": 1 },
					{ "time": 0.7, "x": 1.038, "y": 1 },
					{ "time": 0.7333, "x": 1, "y": 1 },
					{ "time": 0.8666, "x": 0.824, "y": 1 },
					{ "time": 0.9333, "x": 1, "y": 1 }
				]
			},
			"car body": {
				"rotate": [
					{ "time": 0, "angle": 0, "curve": "stepped" },
					{ "time": 1.0333, "angle": 0 }
				],
				"translate": [
					{ "time": 0, "x": 0, "y": 0, "curve": "stepped" },
					{ "time": 1.0333, "x": 0, "y": 0 }
				],
				"scale": [
					{ "time": 0, "x": 1, "y": 1, "curve": "stepped" },
					{ "time": 0.1666, "x": 1, "y": 1, "curve": "stepped" },
					{ "time": 0.2, "x": 1, "y": 1, "curve": "stepped" },
					{ "time": 0.2666, "x": 1, "y": 1, "curve": "stepped" },
					{ "time": 0.3333, "x": 1, "y": 1, "curve": "stepped" },
					{ "time": 1.0333, "x": 1, "y": 1 }
				]
			},
			"wheel_rl": {
				"rotate": [
					{ "time": 0, "angle": 0, "curve": "stepped" },
					{ "time": 1.0333, "angle": 0 }
				],
				"translate": [
					{ "time": 0, "x": 0, "y": 0, "curve": "stepped" },
					{ "time": 1.0333, "x": 0, "y": 0 }
				],
				"scale": [
					{ "time": 0, "x": 1, "y": 1, "curve": "stepped" },
					{ "time": 1.0333, "x": 1, "y": 1 }
				]
			},
			"wheel_fl": {
				"rotate": [
					{ "time": 0, "angle": 0, "curve": "stepped" },
					{ "time": 1.0333, "angle": 0 }
				],
				"translate": [
					{ "time": 0, "x": 0, "y": 0, "curve": "stepped" },
					{ "time": 1.0333, "x": 0, "y": 0 }
				],
				"scale": [
					{ "time": 0, "x": 1, "y": 1, "curve": "stepped" },
					{ "time": 1.0333, "x": 1, "y": 1 }
				]
			},
			"wheel_fr": {
				"rotate": [
					{ "time": 0, "angle": 0 }
				],
				"translate": [
					{ "time": 0, "x": 0, "y": 0 }
				],
				"scale": [
					{ "time": 0, "x": 1, "y": 1 }
				]
			},
			"pupils": {
				"translate": [
					{ "time": 0, "x": 0, "y": 0, "curve": "stepped" },
					{ "time": 0.7, "x": 0, "y": 0 },
					{ "time": 0.7666, "x": 5.97, "y": 0 },
					{ "time": 1.0333, "x": 0, "y": 0 }
				],
				"scale": [
					{ "time": 0, "x": 1, "y": 1, "curve": "stepped" },
					{ "time": 0.7, "x": 1, "y": 1 },
					{ "time": 0.7666, "x": 1.035, "y": 1.035 },
					{ "time": 0.8333, "x": 1, "y": 1 }
				]
			}
		},
		"drawOrder": [
			{ "time": 0 }
		]
	},
	"upgrade_paint": {
		"slots": {
			"mask": {
				"attachment": [
					{ "time": 0, "name": null }
				]
			}
		},
		"bones": {
			"root": {
				"rotate": [
					{ "time": 0, "angle": 0, "curve": "stepped" },
					{ "time": 1.6666, "angle": 0, "curve": "stepped" },
					{ "time": 2.7333, "angle": 0 }
				],
				"translate": [
					{ "time": 0, "x": 0, "y": 0, "curve": "stepped" },
					{ "time": 1.6666, "x": 0, "y": 0, "curve": "stepped" },
					{ "time": 2.7333, "x": 0, "y": 0 }
				],
				"scale": [
					{ "time": 0, "x": 1, "y": 1, "curve": "stepped" },
					{ "time": 1.6666, "x": 1, "y": 1, "curve": "stepped" },
					{ "time": 2.7333, "x": 1, "y": 1 }
				]
			},
			"body": {
				"rotate": [
					{ "time": 0, "angle": 0 },
					{ "time": 0.0666, "angle": 1.41 },
					{ "time": 0.2, "angle": -3.47, "curve": "stepped" },
					{ "time": 0.8333, "angle": -3.47 },
					{ "time": 1.0333, "angle": 2.27, "curve": "stepped" },
					{ "time": 1.5333, "angle": 2.27 },
					{ "time": 1.6666, "angle": 0, "curve": "stepped" },
					{ "time": 2.7333, "angle": 0 }
				],
				"translate": [
					{ "time": 0, "x": 0, "y": 0, "curve": "stepped" },
					{ "time": 1.6666, "x": 0, "y": 0, "curve": "stepped" },
					{ "time": 2.7333, "x": 0, "y": 0 }
				],
				"scale": [
					{ "time": 0, "x": 1, "y": 1, "curve": "stepped" },
					{ "time": 0.0666, "x": 1, "y": 1 },
					{ "time": 0.2, "x": 1.039, "y": 1, "curve": "stepped" },
					{ "time": 0.7666, "x": 1.039, "y": 1 },
					{ "time": 0.8333, "x": 0.998, "y": 1 },
					{ "time": 0.9333, "x": 1.039, "y": 1, "curve": "stepped" },
					{ "time": 1.5666, "x": 1.039, "y": 1 },
					{ "time": 1.6666, "x": 1, "y": 1, "curve": "stepped" },
					{ "time": 2.7333, "x": 1, "y": 1 }
				]
			},
			"eyelid": {
				"rotate": [
					{ "time": 0, "angle": 0, "curve": "stepped" },
					{ "time": 1.3333, "angle": 0, "curve": "stepped" },
					{ "time": 2.7333, "angle": 0 }
				],
				"translate": [
					{ "time": 0, "x": 0, "y": 0, "curve": "stepped" },
					{ "time": 0.1666, "x": 0, "y": 0, "curve": "stepped" },
					{ "time": 0.2333, "x": 0, "y": 0, "curve": "stepped" },
					{ "time": 1.3333, "x": 0, "y": 0, "curve": "stepped" },
					{ "time": 2.7333, "x": 0, "y": 0 }
				],
				"scale": [
					{ "time": 0, "x": 1, "y": 1, "curve": "stepped" },
					{ "time": 0.1666, "x": 1, "y": 1 },
					{ "time": 0.2333, "x": 0.949, "y": 1, "curve": "stepped" },
					{ "time": 0.8333, "x": 0.949, "y": 1, "curve": "stepped" },
					{ "time": 0.9666, "x": 0.949, "y": 1 },
					{ "time": 1.0666, "x": 1.037, "y": 1 },
					{ "time": 1.1666, "x": 1, "y": 1, "curve": "stepped" },
					{ "time": 1.3333, "x": 1, "y": 1, "curve": "stepped" },
					{ "time": 2.7333, "x": 1, "y": 1 }
				]
			},
			"car body": {
				"rotate": [
					{ "time": 0, "angle": 0, "curve": "stepped" },
					{ "time": 1.6666, "angle": 0, "curve": "stepped" },
					{ "time": 2.7333, "angle": 0 }
				],
				"translate": [
					{ "time": 0, "x": 0, "y": 0, "curve": "stepped" },
					{ "time": 1.6666, "x": 0, "y": 0, "curve": "stepped" },
					{ "time": 2.7333, "x": 0, "y": 0 }
				],
				"scale": [
					{ "time": 0, "x": 1, "y": 1, "curve": "stepped" },
					{ "time": 0.1666, "x": 1, "y": 1, "curve": "stepped" },
					{ "time": 0.2, "x": 1, "y": 1, "curve": "stepped" },
					{ "time": 0.2666, "x": 1, "y": 1, "curve": "stepped" },
					{ "time": 0.3333, "x": 1, "y": 1, "curve": "stepped" },
					{ "time": 1.6666, "x": 1, "y": 1, "curve": "stepped" },
					{ "time": 2.7333, "x": 1, "y": 1 }
				]
			},
			"wheel_rl": {
				"rotate": [
					{ "time": 0, "angle": 0 },
					{ "time": 0.1333, "angle": 8.61, "curve": "stepped" },
					{ "time": 0.7333, "angle": 8.61 },
					{ "time": 0.8666, "angle": -0.41, "curve": "stepped" },
					{ "time": 1.5666, "angle": -0.41 },
					{ "time": 1.6666, "angle": 0, "curve": "stepped" },
					{ "time": 2.7333, "angle": 0 }
				],
				"translate": [
					{ "time": 0, "x": 0, "y": 0 },
					{ "time": 0.1333, "x": -0.56, "y": -12.45, "curve": "stepped" },
					{ "time": 0.7333, "x": -0.56, "y": -12.45 },
					{ "time": 0.9, "x": 0, "y": 0, "curve": "stepped" },
					{ "time": 1.6666, "x": 0, "y": 0, "curve": "stepped" },
					{ "time": 2.7333, "x": 0, "y": 0 }
				],
				"scale": [
					{ "time": 0, "x": 1, "y": 1, "curve": "stepped" },
					{ "time": 0.2666, "x": 1, "y": 1, "curve": "stepped" },
					{ "time": 1.6666, "x": 1, "y": 1, "curve": "stepped" },
					{ "time": 2.7333, "x": 1, "y": 1 }
				]
			},
			"wheel_fl": {
				"rotate": [
					{ "time": 0, "angle": 0, "curve": "stepped" },
					{ "time": 0.1666, "angle": 0 },
					{ "time": 0.2666, "angle": 3.13, "curve": "stepped" },
					{ "time": 0.7, "angle": 3.13 },
					{ "time": 0.9666, "angle": 0, "curve": "stepped" },
					{ "time": 1.1333, "angle": 0, "curve": "stepped" },
					{ "time": 1.5, "angle": 0, "curve": "stepped" },
					{ "time": 1.6666, "angle": 0, "curve": "stepped" },
					{ "time": 2.7333, "angle": 0 }
				],
				"translate": [
					{ "time": 0, "x": 0, "y": 0, "curve": "stepped" },
					{ "time": 0.1666, "x": 0, "y": 0 },
					{ "time": 0.2666, "x": 0.42, "y": -7.76, "curve": "stepped" },
					{ "time": 0.7, "x": 0.42, "y": -7.76 },
					{ "time": 0.9666, "x": 0, "y": 0, "curve": "stepped" },
					{ "time": 1.1333, "x": 0, "y": 0, "curve": "stepped" },
					{ "time": 1.5, "x": 0, "y": 0, "curve": "stepped" },
					{ "time": 1.6666, "x": 0, "y": 0, "curve": "stepped" },
					{ "time": 2.7333, "x": 0, "y": 0 }
				],
				"scale": [
					{ "time": 0, "x": 1, "y": 1, "curve": "stepped" },
					{ "time": 1.6666, "x": 1, "y": 1, "curve": "stepped" },
					{ "time": 2.7333, "x": 1, "y": 1 }
				]
			},
			"wheel_fr": {
				"rotate": [
					{ "time": 0, "angle": 0, "curve": "stepped" },
					{
						"time": 0.1,
						"angle": 0,
						"curve": [ 0.25, 0, 0.75, 1 ]
					},
					{ "time": 0.1666, "angle": 353.46, "curve": "stepped" },
					{ "time": 0.8333, "angle": 353.46 },
					{ "time": 0.9333, "angle": 4.08 },
					{ "time": 1, "angle": 0 }
				],
				"translate": [
					{ "time": 0, "x": 0, "y": 0, "curve": "stepped" },
					{
						"time": 0.1,
						"x": 0,
						"y": 0,
						"curve": [ 0.25, 0, 0.75, 1 ]
					},
					{ "time": 0.1666, "x": -0.62, "y": -6.41, "curve": "stepped" },
					{ "time": 0.8333, "x": -0.62, "y": -6.41 },
					{ "time": 0.9333, "x": 0.12, "y": 4.87 },
					{ "time": 1, "x": 0, "y": 0 }
				],
				"scale": [
					{ "time": 0, "x": 1, "y": 1 }
				]
			},
			"pupils": {
				"translate": [
					{ "time": 0, "x": 0, "y": 0, "curve": "stepped" },
					{ "time": 0.1, "x": 0, "y": 0 },
					{ "time": 0.2, "x": -5.09, "y": 7.49, "curve": "stepped" },
					{ "time": 0.9333, "x": -5.09, "y": 7.49 },
					{ "time": 1.0666, "x": 6.07, "y": -11.38, "curve": "stepped" },
					{ "time": 1.9, "x": 6.07, "y": -11.38 },
					{ "time": 2.0333, "x": 0, "y": 0, "curve": "stepped" },
					{ "time": 2.7333, "x": 0, "y": 0 }
				]
			}
		},
		"drawOrder": [
			{ "time": 0 }
		]
	},
	"upgrade_wheels": {
		"slots": {
			"decal": {
				"attachment": [
					{ "time": 0, "name": "car_01_garage_decal_00" }
				]
			},
			"mask": {
				"attachment": [
					{ "time": 0, "name": null }
				]
			}
		},
		"bones": {
			"root": {
				"rotate": [
					{ "time": 0, "angle": 0, "curve": "stepped" },
					{ "time": 1.1333, "angle": 0 }
				],
				"translate": [
					{ "time": 0, "x": 0, "y": 0, "curve": "stepped" },
					{ "time": 1.1333, "x": 0, "y": 0 }
				],
				"scale": [
					{ "time": 0, "x": 1, "y": 1, "curve": "stepped" },
					{ "time": 1.1333, "x": 1, "y": 1 }
				]
			},
			"body": {
				"rotate": [
					{ "time": 0, "angle": 0, "curve": "stepped" },
					{ "time": 0.1333, "angle": 0, "curve": "stepped" },
					{ "time": 0.2666, "angle": 0 },
					{ "time": 0.4, "angle": 1.8 },
					{ "time": 0.7, "angle": 0, "curve": "stepped" },
					{ "time": 1.1333, "angle": 0 }
				],
				"translate": [
					{ "time": 0, "x": 0, "y": 0, "curve": "stepped" },
					{
						"time": 0.1333,
						"x": 0,
						"y": 0,
						"curve": [ 0.25, 0, 0.75, 1 ]
					},
					{
						"time": 0.2666,
						"x": -0.02,
						"y": -5.49,
						"curve": [ 0.156, 0.24, 0.228, 1 ]
					},
					{
						"time": 0.5,
						"x": 0.18,
						"y": 44.74,
						"curve": [ 0.644, 0, 0.937, 0.79 ]
					},
					{
						"time": 0.7333,
						"x": -0.02,
						"y": -5.49,
						"curve": [ 0.25, 0, 0.75, 1 ]
					},
					{ "time": 0.9, "x": 0, "y": 0, "curve": "stepped" },
					{ "time": 1.1333, "x": 0, "y": 0 }
				],
				"scale": [
					{ "time": 0, "x": 1, "y": 1, "curve": "stepped" },
					{ "time": 0.1333, "x": 1, "y": 1 },
					{ "time": 0.2666, "x": 0.945, "y": 1 },
					{ "time": 0.4666, "x": 1.057, "y": 1 },
					{ "time": 0.7, "x": 0.945, "y": 1 },
					{ "time": 0.9, "x": 1, "y": 1, "curve": "stepped" },
					{ "time": 0.9333, "x": 1, "y": 1 },
					{ "time": 1, "x": 0.972, "y": 1 },
					{ "time": 1.1, "x": 1, "y": 1, "curve": "stepped" },
					{ "time": 1.1333, "x": 1, "y": 1 }
				]
			},
			"eyelid": {
				"rotate": [
					{ "time": 0, "angle": 0, "curve": "stepped" },
					{ "time": 1.1333, "angle": 0 }
				],
				"translate": [
					{ "time": 0, "x": 0, "y": 0, "curve": "stepped" },
					{ "time": 1.1333, "x": 0, "y": 0 }
				],
				"scale": [
					{ "time": 0, "x": 1, "y": 1 },
					{ "time": 0.5, "x": 0.977, "y": 1 },
					{ "time": 0.9666, "x": 1, "y": 1, "curve": "stepped" },
					{ "time": 1.1333, "x": 1, "y": 1 }
				]
			},
			"car body": {
				"rotate": [
					{ "time": 0, "angle": 0, "curve": "stepped" },
					{ "time": 1.1333, "angle": 0 }
				],
				"translate": [
					{ "time": 0, "x": 0, "y": 0, "curve": "stepped" },
					{ "time": 1.1333, "x": 0, "y": 0 }
				],
				"scale": [
					{ "time": 0, "x": 1, "y": 1, "curve": "stepped" },
					{ "time": 0.9666, "x": 1, "y": 1, "curve": "stepped" },
					{ "time": 1, "x": 1, "y": 1, "curve": "stepped" },
					{ "time": 1.0666, "x": 1, "y": 1, "curve": "stepped" },
					{ "time": 1.1333, "x": 1, "y": 1 }
				]
			},
			"wheel_rl": {
				"rotate": [
					{ "time": 0, "angle": 0, "curve": "stepped" },
					{
						"time": 0.2,
						"angle": 0,
						"curve": [ 0.25, 0, 0.75, 1 ]
					},
					{
						"time": 0.2666,
						"angle": 1.52,
						"curve": [ 0.25, 0, 0.75, 1 ]
					},
					{
						"time": 0.3333,
						"angle": 0,
						"curve": [ 0.25, 0, 0.75, 1 ]
					},
					{
						"time": 0.5666,
						"angle": -6.43,
						"curve": [ 0.25, 0, 0.75, 1 ]
					},
					{ "time": 0.8, "angle": 0, "curve": "stepped" },
					{ "time": 0.9333, "angle": 0, "curve": "stepped" },
					{ "time": 1.1333, "angle": 0 }
				],
				"translate": [
					{ "time": 0, "x": 0, "y": 0, "curve": "stepped" },
					{
						"time": 0.2,
						"x": 0,
						"y": 0,
						"curve": [ 0.25, 0, 0.75, 1 ]
					},
					{
						"time": 0.2666,
						"x": 0.12,
						"y": -11.92,
						"curve": [ 0.25, 0, 0.75, 1 ]
					},
					{
						"time": 0.3333,
						"x": 0,
						"y": 0,
						"curve": [ 0.25, 0, 0.75, 1 ]
					},
					{
						"time": 0.5666,
						"x": 0.8,
						"y": 50.82,
						"curve": [ 0.25, 0, 0.75, 1 ]
					},
					{
						"time": 0.8,
						"x": -0.08,
						"y": -5.11,
						"curve": [ 0.25, 0, 0.625, 0.5 ]
					},
					{
						"time": 0.8666,
						"x": -0.12,
						"y": -8.14,
						"curve": [ 0.375, 0.5, 0.75, 1 ]
					},
					{ "time": 0.9333, "x": 0, "y": 0, "curve": "stepped" },
					{ "time": 1.1333, "x": 0, "y": 0 }
				],
				"scale": [
					{ "time": 0, "x": 1, "y": 1, "curve": "stepped" },
					{
						"time": 0.2,
						"x": 1,
						"y": 1,
						"curve": [ 0.25, 0, 0.75, 1 ]
					},
					{
						"time": 0.2666,
						"x": 1,
						"y": 0.925,
						"curve": [ 0.25, 0, 0.75, 1 ]
					},
					{
						"time": 0.3333,
						"x": 1,
						"y": 1,
						"curve": [ 0.25, 0, 0.75, 1 ]
					},
					{
						"time": 0.5666,
						"x": 1,
						"y": 1.057,
						"curve": [ 0.25, 0, 0.75, 1 ]
					},
					{
						"time": 0.8,
						"x": 1,
						"y": 1,
						"curve": [ 0.25, 0, 0.625, 0.5 ]
					},
					{
						"time": 0.8666,
						"x": 1,
						"y": 0.954,
						"curve": [ 0.375, 0.5, 0.75, 1 ]
					},
					{ "time": 0.9333, "x": 1, "y": 1, "curve": "stepped" },
					{ "time": 1.1333, "x": 1, "y": 1 }
				]
			},
			"wheel_fl": {
				"rotate": [
					{ "time": 0, "angle": 0, "curve": "stepped" },
					{ "time": 0.1, "angle": 0, "curve": "stepped" },
					{ "time": 0.2333, "angle": 0 },
					{ "time": 0.4, "angle": 5.67 },
					{ "time": 0.5666, "angle": 0, "curve": "stepped" },
					{ "time": 0.7666, "angle": 0, "curve": "stepped" },
					{ "time": 1.1333, "angle": 0 }
				],
				"translate": [
					{ "time": 0, "x": 0, "y": 0, "curve": "stepped" },
					{ "time": 0.1, "x": 0, "y": 0 },
					{ "time": 0.2333, "x": 0, "y": -10.45 },
					{ "time": 0.4, "x": 0, "y": 19.4 },
					{ "time": 0.5666, "x": 0, "y": -10.45 },
					{ "time": 0.7666, "x": 0, "y": 0, "curve": "stepped" },
					{ "time": 1.1333, "x": 0, "y": 0 }
				],
				"scale": [
					{ "time": 0, "x": 1, "y": 1, "curve": "stepped" },
					{ "time": 0.1, "x": 1, "y": 1 },
					{ "time": 0.2333, "x": 1, "y": 0.94 },
					{ "time": 0.4, "x": 1, "y": 1.001 },
					{ "time": 0.5666, "x": 1, "y": 0.94 },
					{ "time": 0.7666, "x": 1, "y": 1, "curve": "stepped" },
					{ "time": 1.1333, "x": 1, "y": 1 }
				]
			},
			"wheel_fr": {
				"rotate": [
					{ "time": 0, "angle": 0, "curve": "stepped" },
					{ "time": 0.1, "angle": 0, "curve": "stepped" },
					{ "time": 0.2333, "angle": 0 },
					{ "time": 0.5, "angle": 5.36 },
					{ "time": 0.7, "angle": 0 }
				],
				"translate": [
					{ "time": 0, "x": 0, "y": 0, "curve": "stepped" },
					{ "time": 0.1, "x": 0, "y": 0, "curve": "stepped" },
					{ "time": 0.2333, "x": 0, "y": 0 },
					{ "time": 0.4333, "x": -0.37, "y": 21.53 },
					{ "time": 0.6333, "x": 0, "y": 0 },
					{ "time": 0.7, "x": 0.11, "y": -6.85 },
					{ "time": 0.7666, "x": 0, "y": 0 }
				],
				"scale": [
					{ "time": 0, "x": 1, "y": 1, "curve": "stepped" },
					{ "time": 0.1, "x": 1, "y": 1, "curve": "stepped" },
					{ "time": 0.2333, "x": 1, "y": 1 },
					{ "time": 0.7, "x": 1, "y": 0.931 },
					{ "time": 0.8333, "x": 1, "y": 1 }
				]
			},
			"pupils": {
				"translate": [
					{ "time": 0, "x": 0, "y": 0, "curve": "stepped" },
					{ "time": 0.3333, "x": 0, "y": 0 },
					{ "time": 0.4, "x": 3.8, "y": 0 },
					{ "time": 0.4666, "x": -4.78, "y": 0 },
					{ "time": 0.8, "x": 0, "y": 0 }
				],
				"scale": [
					{ "time": 0, "x": 1, "y": 1 }
				]
			}
		},
		"drawOrder": [
			{ "time": 0 }
		]
	}
}
}