{"frames": {

"car_01_decal_03_00.png":
{
	"frame": {"x":2,"y":2,"w":278,"h":168},
	"rotated": false,
	"trimmed": true,
	"spriteSourceSize": {"x":38,"y":66,"w":278,"h":168},
	"sourceSize": {"w":360,"h":280}
},
"car_01_decal_03_01.png":
{
	"frame": {"x":2,"y":172,"w":288,"h":186},
	"rotated": false,
	"trimmed": true,
	"spriteSourceSize": {"x":34,"y":48,"w":288,"h":186},
	"sourceSize": {"w":360,"h":280}
},
"car_01_decal_03_02.png":
{
	"frame": {"x":2,"y":360,"w":280,"h":142},
	"rotated": false,
	"trimmed": true,
	"spriteSourceSize": {"x":34,"y":102,"w":280,"h":142},
	"sourceSize": {"w":360,"h":280}
}},
"meta": {
	"app": "http://www.codeandweb.com/texturepacker",
	"version": "1.0",
	"image": "car_01_decal_03.png",
	"format": "RGBA8888",
	"size": {"w":512,"h":512},
	"scale": "1",
	"smartupdate": "$TexturePacker:SmartUpdate:48eacf5acd8da2c73dcbf66fb81e34e9:b50e0890d48fb635a8cb982565b3199c:7aeee65a3f4c85ec37f0a8939bceea39$"
}
}
