{"frames": {

"car_schnell_body_00.png":
{
	"frame": {"x":2,"y":2,"w":338,"h":264},
	"rotated": false,
	"trimmed": false,
	"spriteSourceSize": {"x":0,"y":0,"w":338,"h":264},
	"sourceSize": {"w":338,"h":264}
},
"car_schnell_body_01.png":
{
	"frame": {"x":342,"y":2,"w":338,"h":264},
	"rotated": false,
	"trimmed": false,
	"spriteSourceSize": {"x":0,"y":0,"w":338,"h":264},
	"sourceSize": {"w":338,"h":264}
},
"car_schnell_body_02.png":
{
	"frame": {"x":682,"y":2,"w":338,"h":264},
	"rotated": false,
	"trimmed": false,
	"spriteSourceSize": {"x":0,"y":0,"w":338,"h":264},
	"sourceSize": {"w":338,"h":264}
},
"car_schnell_exhaust_02.png":
{
	"frame": {"x":1022,"y":2,"w":338,"h":264},
	"rotated": false,
	"trimmed": false,
	"spriteSourceSize": {"x":0,"y":0,"w":338,"h":264},
	"sourceSize": {"w":338,"h":264}
},
"car_schnell_shadow.png":
{
	"frame": {"x":2,"y":268,"w":338,"h":102},
	"rotated": false,
	"trimmed": false,
	"spriteSourceSize": {"x":0,"y":0,"w":338,"h":102},
	"sourceSize": {"w":338,"h":102}
},
"car_schnell_spoiler_02.png":
{
	"frame": {"x":342,"y":268,"w":338,"h":134},
	"rotated": false,
	"trimmed": false,
	"spriteSourceSize": {"x":0,"y":0,"w":338,"h":134},
	"sourceSize": {"w":338,"h":134}
},
"car_schnell_wheels_front_0.png":
{
	"frame": {"x":682,"y":268,"w":68,"h":94},
	"rotated": false,
	"trimmed": false,
	"spriteSourceSize": {"x":0,"y":0,"w":68,"h":94},
	"sourceSize": {"w":68,"h":94}
},
"car_schnell_wheels_front_1.png":
{
	"frame": {"x":752,"y":268,"w":68,"h":94},
	"rotated": false,
	"trimmed": false,
	"spriteSourceSize": {"x":0,"y":0,"w":68,"h":94},
	"sourceSize": {"w":68,"h":94}
},
"car_schnell_wheels_front_2.png":
{
	"frame": {"x":822,"y":268,"w":68,"h":94},
	"rotated": false,
	"trimmed": false,
	"spriteSourceSize": {"x":0,"y":0,"w":68,"h":94},
	"sourceSize": {"w":68,"h":94}
},
"car_schnell_wheels_front_3.png":
{
	"frame": {"x":892,"y":268,"w":68,"h":94},
	"rotated": false,
	"trimmed": false,
	"spriteSourceSize": {"x":0,"y":0,"w":68,"h":94},
	"sourceSize": {"w":68,"h":94}
},
"car_schnell_wheels_rear_0.png":
{
	"frame": {"x":962,"y":268,"w":90,"h":116},
	"rotated": false,
	"trimmed": false,
	"spriteSourceSize": {"x":0,"y":0,"w":90,"h":116},
	"sourceSize": {"w":90,"h":116}
},
"car_schnell_wheels_rear_1.png":
{
	"frame": {"x":1054,"y":268,"w":90,"h":116},
	"rotated": false,
	"trimmed": false,
	"spriteSourceSize": {"x":0,"y":0,"w":90,"h":116},
	"sourceSize": {"w":90,"h":116}
},
"car_schnell_wheels_rear_2.png":
{
	"frame": {"x":1146,"y":268,"w":90,"h":116},
	"rotated": false,
	"trimmed": false,
	"spriteSourceSize": {"x":0,"y":0,"w":90,"h":116},
	"sourceSize": {"w":90,"h":116}
},
"car_schnell_wheels_rear_3.png":
{
	"frame": {"x":1238,"y":268,"w":90,"h":116},
	"rotated": false,
	"trimmed": false,
	"spriteSourceSize": {"x":0,"y":0,"w":90,"h":116},
	"sourceSize": {"w":90,"h":116}
}},
"meta": {
	"app": "http://www.codeandweb.com/texturepacker",
	"version": "1.0",
	"image": "car_schnell_layers.png",
	"format": "RGBA8888",
	"size": {"w":1362,"h":404},
	"scale": "0.9375",
	"smartupdate": "$TexturePacker:SmartUpdate:6fe9ec0986310ec4e4f10ddff0f0edf6:c26e464b6cf9175cbd00debaa6402a3e:c050d4a6f73e0e810f11652edcd3c458$"
}
}
