{"frames": {

"car_lightning_body_00.png":
{
	"frame": {"x":2,"y":2,"w":360,"h":280},
	"rotated": false,
	"trimmed": false,
	"spriteSourceSize": {"x":0,"y":0,"w":360,"h":280},
	"sourceSize": {"w":360,"h":280}
},
"car_lightning_body_01.png":
{
	"frame": {"x":364,"y":2,"w":360,"h":280},
	"rotated": false,
	"trimmed": false,
	"spriteSourceSize": {"x":0,"y":0,"w":360,"h":280},
	"sourceSize": {"w":360,"h":280}
},
"car_lightning_body_02.png":
{
	"frame": {"x":726,"y":2,"w":360,"h":280},
	"rotated": false,
	"trimmed": false,
	"spriteSourceSize": {"x":0,"y":0,"w":360,"h":280},
	"sourceSize": {"w":360,"h":280}
},
"car_lightning_exhaust_02.png":
{
	"frame": {"x":1088,"y":2,"w":360,"h":280},
	"rotated": false,
	"trimmed": false,
	"spriteSourceSize": {"x":0,"y":0,"w":360,"h":280},
	"sourceSize": {"w":360,"h":280}
},
"car_lightning_shadow.png":
{
	"frame": {"x":2,"y":284,"w":360,"h":108},
	"rotated": false,
	"trimmed": false,
	"spriteSourceSize": {"x":0,"y":0,"w":360,"h":108},
	"sourceSize": {"w":360,"h":108}
},
"car_lightning_spoiler_02.png":
{
	"frame": {"x":364,"y":284,"w":360,"h":142},
	"rotated": false,
	"trimmed": false,
	"spriteSourceSize": {"x":0,"y":0,"w":360,"h":142},
	"sourceSize": {"w":360,"h":142}
},
"car_lightning_wheels_front_0.png":
{
	"frame": {"x":726,"y":284,"w":72,"h":100},
	"rotated": false,
	"trimmed": false,
	"spriteSourceSize": {"x":0,"y":0,"w":72,"h":100},
	"sourceSize": {"w":72,"h":100}
},
"car_lightning_wheels_front_1.png":
{
	"frame": {"x":800,"y":284,"w":72,"h":100},
	"rotated": false,
	"trimmed": false,
	"spriteSourceSize": {"x":0,"y":0,"w":72,"h":100},
	"sourceSize": {"w":72,"h":100}
},
"car_lightning_wheels_front_2.png":
{
	"frame": {"x":874,"y":284,"w":72,"h":100},
	"rotated": false,
	"trimmed": false,
	"spriteSourceSize": {"x":0,"y":0,"w":72,"h":100},
	"sourceSize": {"w":72,"h":100}
},
"car_lightning_wheels_front_3.png":
{
	"frame": {"x":948,"y":284,"w":72,"h":100},
	"rotated": false,
	"trimmed": false,
	"spriteSourceSize": {"x":0,"y":0,"w":72,"h":100},
	"sourceSize": {"w":72,"h":100}
},
"car_lightning_wheels_rear_0.png":
{
	"frame": {"x":1022,"y":284,"w":96,"h":124},
	"rotated": false,
	"trimmed": false,
	"spriteSourceSize": {"x":0,"y":0,"w":96,"h":124},
	"sourceSize": {"w":96,"h":124}
},
"car_lightning_wheels_rear_1.png":
{
	"frame": {"x":1120,"y":284,"w":96,"h":124},
	"rotated": false,
	"trimmed": false,
	"spriteSourceSize": {"x":0,"y":0,"w":96,"h":124},
	"sourceSize": {"w":96,"h":124}
},
"car_lightning_wheels_rear_2.png":
{
	"frame": {"x":1218,"y":284,"w":96,"h":124},
	"rotated": false,
	"trimmed": false,
	"spriteSourceSize": {"x":0,"y":0,"w":96,"h":124},
	"sourceSize": {"w":96,"h":124}
},
"car_lightning_wheels_rear_3.png":
{
	"frame": {"x":1316,"y":284,"w":96,"h":124},
	"rotated": false,
	"trimmed": false,
	"spriteSourceSize": {"x":0,"y":0,"w":96,"h":124},
	"sourceSize": {"w":96,"h":124}
}},
"meta": {
	"app": "http://www.codeandweb.com/texturepacker",
	"version": "1.0",
	"image": "car_lightning_layers.png",
	"format": "RGBA8888",
	"size": {"w":1450,"h":428},
	"scale": "1",
	"smartupdate": "$TexturePacker:SmartUpdate:22cb6db8a036f7537211e58d75135fde:e5a23698a91a548a2699114a5601d9db:231abe5613bec49769a6e88743a48e36$"
}
}
