{
"animations":[
{
"f":1,"l":[
{
"f":[
{
"c":0,"g":0,"h":1,"i":0,"k":11,"n":0,"t":1,"u":0,"v":0,"w":4.666,"x":0,"y":0
}
]
}
],"n":"gui_text_loader01","r":30
},{
"f":1,"l":[
{
"f":[
{
"c":0,"g":0,"h":1,"i":0,"k":12,"n":0,"o":"mcGuiBg","t":1,"u":0,"v":0,"w":1,"x":0,"y":0
}
]
},{
"f":[
{
"c":0,"g":0,"h":1,"i":0,"k":12,"n":0,"o":"mcGuiLogo","t":1,"u":0,"v":0,"w":1,"x":512,"y":359
}
]
},{
"f":[
{
"c":0,"g":0,"h":0.676,"i":0,"k":12,"n":0,"o":"mcGuiTitlebase","t":1,"u":0,"v":0,"w":0.676,"x":793.05,"y":564.907
}
]
},{
"f":[
{
"c":0,"g":-6.48,"h":1,"i":0,"k":12,"n":0,"o":"mcGuiBar","t":1,"u":0,"v":0,"w":1,"x":746.352,"y":630.009
}
]
},{
"f":[
{
"c":0,"g":0,"h":1,"i":0,"k":14,"n":0,"o":"mcGuiBtnNext","t":1,"u":0,"v":0,"w":1,"x":920,"y":704
}
]
},{
"f":[
{
"c":0,"g":-5,"h":1,"i":0,"k":15,"n":0,"o":"mcGuiLoadingS","t":1,"u":0,"v":0,"w":1,"x":713.748,"y":583.315
}
]
},{
"f":[
{
"c":0,"g":-5,"h":1,"i":0,"k":15,"n":0,"o":"mcGuiLoading","t":1,"u":0,"v":0,"w":1,"x":715.748,"y":580.315
}
]
},{
"f":[
{
"c":0,"g":0,"h":1,"i":0,"k":15,"n":0,"o":"mcGuiPreloadFont1","t":1,"u":0,"v":0,"w":1,"x":507.6,"y":925.181
}
]
},{
"f":[
{
"c":0,"g":0,"h":1,"i":0,"k":15,"n":0,"o":"mcGuiPreloadFont2","t":1,"u":0,"v":0,"w":1,"x":507.6,"y":962.181
}
]
}
],"n":"mcGuiScreenLoader","r":30
},{
"f":40,"l":[
{
"f":[
{
"c":0,"g":0,"h":1,"i":0,"k":12,"n":0,"o":"mcContent","t":1,"u":0,"v":0,"w":1,"x":0,"y":0
},{
"c":0,"g":0,"h":1,"i":0,"k":12,"n":1,"o":"mcContent","t":0.976,"u":0,"v":0,"w":1,"x":0,"y":0
},{
"c":0,"g":0,"h":1,"i":0,"k":12,"n":2,"o":"mcContent","t":0.952,"u":0,"v":0,"w":1,"x":0,"y":0
},{
"c":0,"g":0,"h":1,"i":0,"k":12,"n":3,"o":"mcContent","t":0.929,"u":0,"v":0,"w":1,"x":0,"y":0
},{
"c":0,"g":0,"h":1,"i":0,"k":12,"n":4,"o":"mcContent","t":0.905,"u":0,"v":0,"w":1,"x":0,"y":0
},{
"c":0,"g":0,"h":1,"i":0,"k":12,"n":5,"o":"mcContent","t":0.882,"u":0,"v":0,"w":1,"x":0,"y":0
},{
"c":0,"g":0,"h":1,"i":0,"k":12,"n":6,"o":"mcContent","t":0.862,"u":0,"v":0,"w":1,"x":0,"y":0
},{
"c":0,"g":0,"h":1,"i":0,"k":12,"n":7,"o":"mcContent","t":0.843,"u":0,"v":0,"w":1,"x":0,"y":0
},{
"c":0,"g":0,"h":1,"i":0,"k":12,"n":8,"o":"mcContent","t":0.823,"u":0,"v":0,"w":1,"x":0,"y":0
},{
"c":0,"g":0,"h":1,"i":0,"k":12,"n":9,"o":"mcContent","t":0.803,"u":0,"v":0,"w":1,"x":0,"y":0
},{
"c":0,"g":0,"h":1,"i":0,"k":12,"n":10,"o":"mcContent","t":0.784,"u":0,"v":0,"w":1,"x":0,"y":0
},{
"c":0,"g":0,"h":1,"i":0,"k":12,"n":11,"o":"mcContent","t":0.764,"u":0,"v":0,"w":1,"x":0,"y":0
},{
"c":0,"g":0,"h":1,"i":0,"k":12,"n":12,"o":"mcContent","t":0.745,"u":0,"v":0,"w":1,"x":0,"y":0
},{
"c":0,"g":0,"h":1,"i":0,"k":12,"n":13,"o":"mcContent","t":0.725,"u":0,"v":0,"w":1,"x":0,"y":0
},{
"c":0,"g":0,"h":1,"i":0,"k":12,"n":14,"o":"mcContent","t":0.705,"u":0,"v":0,"w":1,"x":0,"y":0
},{
"c":0,"g":0,"h":1,"i":0,"k":12,"n":15,"o":"mcContent","t":0.686,"u":0,"v":0,"w":1,"x":0,"y":0
},{
"c":0,"g":0,"h":1,"i":0,"k":12,"n":16,"o":"mcContent","t":0.666,"u":0,"v":0,"w":1,"x":0,"y":0
},{
"c":0,"g":0,"h":1,"i":0,"k":12,"n":17,"o":"mcContent","t":0.647,"u":0,"v":0,"w":1,"x":0,"y":0
},{
"c":0,"g":0,"h":1,"i":0,"k":12,"n":18,"o":"mcContent","t":0.627,"u":0,"v":0,"w":1,"x":0,"y":0
},{
"c":0,"g":0,"h":1,"i":0,"k":12,"n":19,"o":"mcContent","t":0.607,"u":0,"v":0,"w":1,"x":0,"y":0
},{
"c":0,"g":0,"h":1,"i":0,"k":12,"n":20,"o":"mcContent","t":0.588,"u":0,"v":0,"w":1,"x":0,"y":0
},{
"c":0,"g":0,"h":1,"i":0,"k":12,"n":21,"o":"mcContent","t":0.607,"u":0,"v":0,"w":1,"x":0,"y":0
},{
"c":0,"g":0,"h":1,"i":0,"k":12,"n":22,"o":"mcContent","t":0.627,"u":0,"v":0,"w":1,"x":0,"y":0
},{
"c":0,"g":0,"h":1,"i":0,"k":12,"n":23,"o":"mcContent","t":0.647,"u":0,"v":0,"w":1,"x":0,"y":0
},{
"c":0,"g":0,"h":1,"i":0,"k":12,"n":24,"o":"mcContent","t":0.666,"u":0,"v":0,"w":1,"x":0,"y":0
},{
"c":0,"g":0,"h":1,"i":0,"k":12,"n":25,"o":"mcContent","t":0.686,"u":0,"v":0,"w":1,"x":0,"y":0
},{
"c":0,"g":0,"h":1,"i":0,"k":12,"n":26,"o":"mcContent","t":0.705,"u":0,"v":0,"w":1,"x":0,"y":0
},{
"c":0,"g":0,"h":1,"i":0,"k":12,"n":27,"o":"mcContent","t":0.725,"u":0,"v":0,"w":1,"x":0,"y":0
},{
"c":0,"g":0,"h":1,"i":0,"k":12,"n":28,"o":"mcContent","t":0.745,"u":0,"v":0,"w":1,"x":0,"y":0
},{
"c":0,"g":0,"h":1,"i":0,"k":12,"n":29,"o":"mcContent","t":0.764,"u":0,"v":0,"w":1,"x":0,"y":0
},{
"c":0,"g":0,"h":1,"i":0,"k":12,"n":30,"o":"mcContent","t":0.788,"u":0,"v":0,"w":1,"x":0,"y":0
},{
"c":0,"g":0,"h":1,"i":0,"k":12,"n":31,"o":"mcContent","t":0.811,"u":0,"v":0,"w":1,"x":0,"y":0
},{
"c":0,"g":0,"h":1,"i":0,"k":12,"n":32,"o":"mcContent","t":0.835,"u":0,"v":0,"w":1,"x":0,"y":0
},{
"c":0,"g":0,"h":1,"i":0,"k":12,"n":33,"o":"mcContent","t":0.858,"u":0,"v":0,"w":1,"x":0,"y":0
},{
"c":0,"g":0,"h":1,"i":0,"k":12,"n":34,"o":"mcContent","t":0.882,"u":0,"v":0,"w":1,"x":0,"y":0
},{
"c":0,"g":0,"h":1,"i":0,"k":12,"n":35,"o":"mcContent","t":0.905,"u":0,"v":0,"w":1,"x":0,"y":0
},{
"c":0,"g":0,"h":1,"i":0,"k":12,"n":36,"o":"mcContent","t":0.929,"u":0,"v":0,"w":1,"x":0,"y":0
},{
"c":0,"g":0,"h":1,"i":0,"k":12,"n":37,"o":"mcContent","t":0.952,"u":0,"v":0,"w":1,"x":0,"y":0
},{
"c":0,"g":0,"h":1,"i":0,"k":12,"n":38,"o":"mcContent","t":0.976,"u":0,"v":0,"w":1,"x":0,"y":0
},{
"c":0,"g":0,"h":1,"i":0,"k":12,"n":39,"o":"mcContent","t":1,"u":0,"v":0,"w":1,"x":0,"y":0
}
]
}
],"n":"gui_screens_loader_loop","r":40
},{
"f":1,"l":[
{
"f":[
{
"c":0,"g":0,"h":2.976,"i":0,"k":1,"n":0,"t":1,"u":0,"v":0,"w":2.987,"x":512,"y":384
}
]
},{
"f":[
{
"c":0,"g":0,"h":2,"i":0,"k":0,"n":0,"t":1,"u":0,"v":0,"w":2,"x":512,"y":384
}
]
},{
"f":[
{
"c":0,"g":0,"h":2,"i":0,"k":6,"n":0,"t":1,"u":0,"v":0,"w":2,"x":-156.989,"y":384.04
}
]
},{
"f":[
{
"c":0,"g":0,"h":2,"i":0,"k":6,"n":0,"t":1,"u":0,"v":0,"w":-2,"x":1181.09,"y":384.04
}
]
},{
"f":[
{
"c":0,"g":0,"h":1.214,"i":0,"k":2,"n":0,"t":1,"u":0,"v":0,"w":1.214,"x":733.213,"y":585.157
}
]
},{
"f":[
{
"c":0,"g":0,"h":17.055,"i":0,"k":13,"n":0,"t":1,"u":0,"v":0,"w":14.164,"x":-580.792,"y":384.237
}
]
},{
"f":[
{
"c":0,"g":0,"h":17.055,"i":0,"k":13,"n":0,"t":1,"u":0,"v":0,"w":14.164,"x":1602.52,"y":384.237
}
]
}
],"n":"gui_screens_loader_bg","r":30
},{
"f":100,"l":[
{
"f":[
{
"c":0,"g":0,"h":1,"i":0,"k":8,"n":0,"t":1,"u":0,"v":0,"w":1,"x":0,"y":0
}
]
},{
"f":[
{
"c":0,"g":0,"h":0.398,"i":0,"k":7,"n":0,"t":0,"u":0,"v":0,"w":0.622,"x":-113.337,"y":0
},{
"c":0,"g":0,"h":0.398,"i":0,"k":7,"n":1,"t":1,"u":0,"v":0,"w":0.029,"x":-204.727,"y":0
},{
"c":0,"g":0,"h":0.398,"i":0,"k":7,"n":2,"t":1,"u":0,"v":0,"w":0.041,"x":-202.805,"y":0
},{
"c":0,"g":0,"h":0.398,"i":0,"k":7,"n":3,"t":1,"u":0,"v":0,"w":0.054,"x":-200.884,"y":0
},{
"c":0,"g":0,"h":0.398,"i":0,"k":7,"n":4,"t":1,"u":0,"v":0,"w":0.066,"x":-198.962,"y":0
},{
"c":0,"g":0,"h":0.398,"i":0,"k":7,"n":5,"t":1,"u":0,"v":0,"w":0.079,"x":-197.04,"y":0
},{
"c":0,"g":0,"h":0.398,"i":0,"k":7,"n":6,"t":1,"u":0,"v":0,"w":0.091,"x":-195.118,"y":0
},{
"c":0,"g":0,"h":0.398,"i":0,"k":7,"n":7,"t":1,"u":0,"v":0,"w":0.104,"x":-193.196,"y":0
},{
"c":0,"g":0,"h":0.398,"i":0,"k":7,"n":8,"t":1,"u":0,"v":0,"w":0.116,"x":-191.274,"y":0
},{
"c":0,"g":0,"h":0.398,"i":0,"k":7,"n":9,"t":1,"u":0,"v":0,"w":0.129,"x":-189.352,"y":0
},{
"c":0,"g":0,"h":0.398,"i":0,"k":7,"n":10,"t":1,"u":0,"v":0,"w":0.141,"x":-187.43,"y":0
},{
"c":0,"g":0,"h":0.398,"i":0,"k":7,"n":11,"t":1,"u":0,"v":0,"w":0.153,"x":-185.509,"y":0
},{
"c":0,"g":0,"h":0.398,"i":0,"k":7,"n":12,"t":1,"u":0,"v":0,"w":0.166,"x":-183.587,"y":0
},{
"c":0,"g":0,"h":0.398,"i":0,"k":7,"n":13,"t":1,"u":0,"v":0,"w":0.178,"x":-181.665,"y":0
},{
"c":0,"g":0,"h":0.398,"i":0,"k":7,"n":14,"t":1,"u":0,"v":0,"w":0.191,"x":-179.743,"y":0
},{
"c":0,"g":0,"h":0.398,"i":0,"k":7,"n":15,"t":1,"u":0,"v":0,"w":0.203,"x":-177.821,"y":0
},{
"c":0,"g":0,"h":0.398,"i":0,"k":7,"n":16,"t":1,"u":0,"v":0,"w":0.216,"x":-175.9,"y":0
},{
"c":0,"g":0,"h":0.398,"i":0,"k":7,"n":17,"t":1,"u":0,"v":0,"w":0.228,"x":-173.978,"y":0
},{
"c":0,"g":0,"h":0.398,"i":0,"k":7,"n":18,"t":1,"u":0,"v":0,"w":0.241,"x":-172.055,"y":0
},{
"c":0,"g":0,"h":0.398,"i":0,"k":7,"n":19,"t":1,"u":0,"v":0,"w":0.252,"x":-170.134,"y":0
},{
"c":0,"g":0,"h":0.398,"i":0,"k":7,"n":20,"t":1,"u":0,"v":0,"w":0.266,"x":-168.212,"y":0
},{
"c":0,"g":0,"h":0.398,"i":0,"k":7,"n":21,"t":1,"u":0,"v":0,"w":0.278,"x":-166.29,"y":0
},{
"c":0,"g":0,"h":0.398,"i":0,"k":7,"n":22,"t":1,"u":0,"v":0,"w":0.291,"x":-164.369,"y":0
},{
"c":0,"g":0,"h":0.398,"i":0,"k":7,"n":23,"t":1,"u":0,"v":0,"w":0.303,"x":-162.447,"y":0
},{
"c":0,"g":0,"h":0.398,"i":0,"k":7,"n":24,"t":1,"u":0,"v":0,"w":0.316,"x":-160.526,"y":0
},{
"c":0,"g":0,"h":0.398,"i":0,"k":7,"n":25,"t":1,"u":0,"v":0,"w":0.328,"x":-158.604,"y":0
},{
"c":0,"g":0,"h":0.398,"i":0,"k":7,"n":26,"t":1,"u":0,"v":0,"w":0.341,"x":-156.682,"y":0
},{
"c":0,"g":0,"h":0.398,"i":0,"k":7,"n":27,"t":1,"u":0,"v":0,"w":0.353,"x":-154.76,"y":0
},{
"c":0,"g":0,"h":0.398,"i":0,"k":7,"n":28,"t":1,"u":0,"v":0,"w":0.366,"x":-152.839,"y":0
},{
"c":0,"g":0,"h":0.398,"i":0,"k":7,"n":29,"t":1,"u":0,"v":0,"w":0.378,"x":-150.917,"y":0
},{
"c":0,"g":0,"h":0.398,"i":0,"k":7,"n":30,"t":1,"u":0,"v":0,"w":0.391,"x":-148.995,"y":0
},{
"c":0,"g":0,"h":0.398,"i":0,"k":7,"n":31,"t":1,"u":0,"v":0,"w":0.403,"x":-147.074,"y":0
},{
"c":0,"g":0,"h":0.398,"i":0,"k":7,"n":32,"t":1,"u":0,"v":0,"w":0.416,"x":-145.152,"y":0
},{
"c":0,"g":0,"h":0.398,"i":0,"k":7,"n":33,"t":1,"u":0,"v":0,"w":0.428,"x":-143.23,"y":0
},{
"c":0,"g":0,"h":0.398,"i":0,"k":7,"n":34,"t":1,"u":0,"v":0,"w":0.44,"x":-141.309,"y":0
},{
"c":0,"g":0,"h":0.398,"i":0,"k":7,"n":35,"t":1,"u":0,"v":0,"w":0.453,"x":-139.387,"y":0
},{
"c":0,"g":0,"h":0.398,"i":0,"k":7,"n":36,"t":1,"u":0,"v":0,"w":0.465,"x":-137.466,"y":0
},{
"c":0,"g":0,"h":0.398,"i":0,"k":7,"n":37,"t":1,"u":0,"v":0,"w":0.478,"x":-135.544,"y":0
},{
"c":0,"g":0,"h":0.398,"i":0,"k":7,"n":38,"t":1,"u":0,"v":0,"w":0.49,"x":-133.622,"y":0
},{
"c":0,"g":0,"h":0.398,"i":0,"k":7,"n":39,"t":1,"u":0,"v":0,"w":0.503,"x":-131.701,"y":0
},{
"c":0,"g":0,"h":0.398,"i":0,"k":7,"n":40,"t":1,"u":0,"v":0,"w":0.515,"x":-129.779,"y":0
},{
"c":0,"g":0,"h":0.398,"i":0,"k":7,"n":41,"t":1,"u":0,"v":0,"w":0.528,"x":-127.858,"y":0
},{
"c":0,"g":0,"h":0.398,"i":0,"k":7,"n":42,"t":1,"u":0,"v":0,"w":0.54,"x":-125.937,"y":0
},{
"c":0,"g":0,"h":0.398,"i":0,"k":7,"n":43,"t":1,"u":0,"v":0,"w":0.553,"x":-124.015,"y":0
},{
"c":0,"g":0,"h":0.398,"i":0,"k":7,"n":44,"t":1,"u":0,"v":0,"w":0.565,"x":-122.093,"y":0
},{
"c":0,"g":0,"h":0.398,"i":0,"k":7,"n":45,"t":1,"u":0,"v":0,"w":0.578,"x":-120.171,"y":0
},{
"c":0,"g":0,"h":0.398,"i":0,"k":7,"n":46,"t":1,"u":0,"v":0,"w":0.59,"x":-118.25,"y":0
},{
"c":0,"g":0,"h":0.398,"i":0,"k":7,"n":47,"t":1,"u":0,"v":0,"w":0.603,"x":-116.328,"y":0
},{
"c":0,"g":0,"h":0.398,"i":0,"k":7,"n":48,"t":1,"u":0,"v":0,"w":0.615,"x":-114.406,"y":0
},{
"c":0,"g":0,"h":0.398,"i":0,"k":7,"n":49,"t":1,"u":0,"v":0,"w":0.628,"x":-112.486,"y":0
},{
"c":0,"g":0,"h":0.398,"i":0,"k":7,"n":50,"t":1,"u":0,"v":0,"w":0.628,"x":-112.486,"y":0
},{
"c":0,"g":0,"h":0.398,"i":0,"k":7,"n":51,"t":1,"u":0,"v":0,"w":0.628,"x":-112.486,"y":0
},{
"c":0,"g":0,"h":0.398,"i":0,"k":7,"n":52,"t":1,"u":0,"v":0,"w":0.628,"x":-112.486,"y":0
},{
"c":0,"g":0,"h":0.398,"i":0,"k":7,"n":53,"t":1,"u":0,"v":0,"w":0.628,"x":-112.486,"y":0
},{
"c":0,"g":0,"h":0.398,"i":0,"k":7,"n":54,"t":1,"u":0,"v":0,"w":0.628,"x":-112.486,"y":0
},{
"c":0,"g":0,"h":0.398,"i":0,"k":7,"n":55,"t":1,"u":0,"v":0,"w":0.628,"x":-112.486,"y":0
},{
"c":0,"g":0,"h":0.398,"i":0,"k":7,"n":56,"t":1,"u":0,"v":0,"w":0.628,"x":-112.486,"y":0
},{
"c":0,"g":0,"h":0.398,"i":0,"k":7,"n":57,"t":1,"u":0,"v":0,"w":0.628,"x":-112.486,"y":0
},{
"c":0,"g":0,"h":0.398,"i":0,"k":7,"n":58,"t":1,"u":0,"v":0,"w":0.628,"x":-112.486,"y":0
},{
"c":0,"g":0,"h":0.398,"i":0,"k":7,"n":59,"t":1,"u":0,"v":0,"w":0.628,"x":-112.486,"y":0
},{
"c":0,"g":0,"h":0.398,"i":0,"k":7,"n":60,"t":1,"u":0,"v":0,"w":0.628,"x":-112.486,"y":0
},{
"c":0,"g":0,"h":0.398,"i":0,"k":7,"n":61,"t":1,"u":0,"v":0,"w":0.628,"x":-112.486,"y":0
},{
"c":0,"g":0,"h":0.398,"i":0,"k":7,"n":62,"t":1,"u":0,"v":0,"w":0.628,"x":-112.486,"y":0
},{
"c":0,"g":0,"h":0.398,"i":0,"k":7,"n":63,"t":1,"u":0,"v":0,"w":0.628,"x":-112.486,"y":0
},{
"c":0,"g":0,"h":0.398,"i":0,"k":7,"n":64,"t":1,"u":0,"v":0,"w":0.628,"x":-112.486,"y":0
},{
"c":0,"g":0,"h":0.398,"i":0,"k":7,"n":65,"t":1,"u":0,"v":0,"w":0.628,"x":-112.486,"y":0
},{
"c":0,"g":0,"h":0.398,"i":0,"k":7,"n":66,"t":1,"u":0,"v":0,"w":0.628,"x":-112.486,"y":0
},{
"c":0,"g":0,"h":0.398,"i":0,"k":7,"n":67,"t":1,"u":0,"v":0,"w":0.628,"x":-112.486,"y":0
},{
"c":0,"g":0,"h":0.398,"i":0,"k":7,"n":68,"t":1,"u":0,"v":0,"w":0.628,"x":-112.486,"y":0
},{
"c":0,"g":0,"h":0.398,"i":0,"k":7,"n":69,"t":1,"u":0,"v":0,"w":0.628,"x":-112.486,"y":0
},{
"c":0,"g":0,"h":0.398,"i":0,"k":7,"n":70,"t":1,"u":0,"v":0,"w":0.628,"x":-112.486,"y":0
},{
"c":0,"g":0,"h":0.398,"i":0,"k":7,"n":71,"t":1,"u":0,"v":0,"w":0.628,"x":-112.486,"y":0
},{
"c":0,"g":0,"h":0.398,"i":0,"k":7,"n":72,"t":1,"u":0,"v":0,"w":0.628,"x":-112.486,"y":0
},{
"c":0,"g":0,"h":0.398,"i":0,"k":7,"n":73,"t":1,"u":0,"v":0,"w":0.628,"x":-112.486,"y":0
},{
"c":0,"g":0,"h":0.398,"i":0,"k":7,"n":74,"t":1,"u":0,"v":0,"w":0.628,"x":-112.486,"y":0
},{
"c":0,"g":0,"h":0.398,"i":0,"k":7,"n":75,"t":1,"u":0,"v":0,"w":0.628,"x":-112.486,"y":0
},{
"c":0,"g":0,"h":0.398,"i":0,"k":7,"n":76,"t":1,"u":0,"v":0,"w":0.628,"x":-112.486,"y":0
},{
"c":0,"g":0,"h":0.398,"i":0,"k":7,"n":77,"t":1,"u":0,"v":0,"w":0.628,"x":-112.486,"y":0
},{
"c":0,"g":0,"h":0.398,"i":0,"k":7,"n":78,"t":1,"u":0,"v":0,"w":0.628,"x":-112.486,"y":0
},{
"c":0,"g":0,"h":0.398,"i":0,"k":7,"n":79,"t":1,"u":0,"v":0,"w":0.628,"x":-112.486,"y":0
},{
"c":0,"g":0,"h":0.398,"i":0,"k":7,"n":80,"t":1,"u":0,"v":0,"w":0.628,"x":-112.486,"y":0
},{
"c":0,"g":0,"h":0.398,"i":0,"k":7,"n":81,"t":1,"u":0,"v":0,"w":0.628,"x":-112.486,"y":0
},{
"c":0,"g":0,"h":0.398,"i":0,"k":7,"n":82,"t":1,"u":0,"v":0,"w":0.628,"x":-112.486,"y":0
},{
"c":0,"g":0,"h":0.398,"i":0,"k":7,"n":83,"t":1,"u":0,"v":0,"w":0.628,"x":-112.486,"y":0
},{
"c":0,"g":0,"h":0.398,"i":0,"k":7,"n":84,"t":1,"u":0,"v":0,"w":0.628,"x":-112.486,"y":0
},{
"c":0,"g":0,"h":0.398,"i":0,"k":7,"n":85,"t":1,"u":0,"v":0,"w":0.628,"x":-112.486,"y":0
},{
"c":0,"g":0,"h":0.398,"i":0,"k":7,"n":86,"t":1,"u":0,"v":0,"w":0.628,"x":-112.486,"y":0
},{
"c":0,"g":0,"h":0.398,"i":0,"k":7,"n":87,"t":1,"u":0,"v":0,"w":0.628,"x":-112.486,"y":0
},{
"c":0,"g":0,"h":0.398,"i":0,"k":7,"n":88,"t":1,"u":0,"v":0,"w":0.628,"x":-112.486,"y":0
},{
"c":0,"g":0,"h":0.398,"i":0,"k":7,"n":89,"t":1,"u":0,"v":0,"w":0.628,"x":-112.486,"y":0
},{
"c":0,"g":0,"h":0.398,"i":0,"k":7,"n":90,"t":1,"u":0,"v":0,"w":0.628,"x":-112.486,"y":0
},{
"c":0,"g":0,"h":0.398,"i":0,"k":7,"n":91,"t":1,"u":0,"v":0,"w":0.628,"x":-112.486,"y":0
},{
"c":0,"g":0,"h":0.398,"i":0,"k":7,"n":92,"t":1,"u":0,"v":0,"w":0.628,"x":-112.486,"y":0
},{
"c":0,"g":0,"h":0.398,"i":0,"k":7,"n":93,"t":1,"u":0,"v":0,"w":0.628,"x":-112.486,"y":0
},{
"c":0,"g":0,"h":0.398,"i":0,"k":7,"n":94,"t":1,"u":0,"v":0,"w":0.628,"x":-112.486,"y":0
},{
"c":0,"g":0,"h":0.398,"i":0,"k":7,"n":95,"t":1,"u":0,"v":0,"w":0.628,"x":-112.486,"y":0
},{
"c":0,"g":0,"h":0.398,"i":0,"k":7,"n":96,"t":1,"u":0,"v":0,"w":0.628,"x":-112.486,"y":0
},{
"c":0,"g":0,"h":0.398,"i":0,"k":7,"n":97,"t":1,"u":0,"v":0,"w":0.628,"x":-112.486,"y":0
},{
"c":0,"g":0,"h":0.398,"i":0,"k":7,"n":98,"t":1,"u":0,"v":0,"w":0.628,"x":-112.486,"y":0
},{
"c":0,"g":0,"h":0.398,"i":0,"k":7,"n":99,"t":1,"u":0,"v":0,"w":0.628,"x":-112.486,"y":0
}
]
},{
"f":[
{
"c":0,"g":-3.34,"h":0.322,"i":0,"k":7,"n":0,"t":0,"u":0,"v":0,"w":-0.024,"x":-13.551,"y":0.55
},{
"c":0,"g":-3.34,"h":0.322,"i":0,"k":7,"n":1,"t":0,"u":0,"v":0,"w":-0.024,"x":-13.551,"y":0.55
},{
"c":0,"g":-3.34,"h":0.322,"i":0,"k":7,"n":2,"t":0,"u":0,"v":0,"w":-0.024,"x":-13.551,"y":0.55
},{
"c":0,"g":-3.34,"h":0.322,"i":0,"k":7,"n":3,"t":0,"u":0,"v":0,"w":-0.024,"x":-13.551,"y":0.55
},{
"c":0,"g":-3.34,"h":0.322,"i":0,"k":7,"n":4,"t":0,"u":0,"v":0,"w":-0.024,"x":-13.551,"y":0.55
},{
"c":0,"g":-3.34,"h":0.322,"i":0,"k":7,"n":5,"t":0,"u":0,"v":0,"w":-0.024,"x":-13.551,"y":0.55
},{
"c":0,"g":-3.34,"h":0.322,"i":0,"k":7,"n":6,"t":0,"u":0,"v":0,"w":-0.024,"x":-13.551,"y":0.55
},{
"c":0,"g":-3.34,"h":0.322,"i":0,"k":7,"n":7,"t":0,"u":0,"v":0,"w":-0.024,"x":-13.551,"y":0.55
},{
"c":0,"g":-3.34,"h":0.322,"i":0,"k":7,"n":8,"t":0,"u":0,"v":0,"w":-0.024,"x":-13.551,"y":0.55
},{
"c":0,"g":-3.34,"h":0.322,"i":0,"k":7,"n":9,"t":0,"u":0,"v":0,"w":-0.024,"x":-13.551,"y":0.55
},{
"c":0,"g":-3.34,"h":0.322,"i":0,"k":7,"n":10,"t":0,"u":0,"v":0,"w":-0.024,"x":-13.551,"y":0.55
},{
"c":0,"g":-3.34,"h":0.322,"i":0,"k":7,"n":11,"t":0,"u":0,"v":0,"w":-0.024,"x":-13.551,"y":0.55
},{
"c":0,"g":-3.34,"h":0.322,"i":0,"k":7,"n":12,"t":0,"u":0,"v":0,"w":-0.024,"x":-13.551,"y":0.55
},{
"c":0,"g":-3.34,"h":0.322,"i":0,"k":7,"n":13,"t":0,"u":0,"v":0,"w":-0.024,"x":-13.551,"y":0.55
},{
"c":0,"g":-3.34,"h":0.322,"i":0,"k":7,"n":14,"t":0,"u":0,"v":0,"w":-0.024,"x":-13.551,"y":0.55
},{
"c":0,"g":-3.34,"h":0.322,"i":0,"k":7,"n":15,"t":0,"u":0,"v":0,"w":-0.024,"x":-13.551,"y":0.55
},{
"c":0,"g":-3.34,"h":0.322,"i":0,"k":7,"n":16,"t":0,"u":0,"v":0,"w":-0.024,"x":-13.551,"y":0.55
},{
"c":0,"g":-3.34,"h":0.322,"i":0,"k":7,"n":17,"t":0,"u":0,"v":0,"w":-0.024,"x":-13.551,"y":0.55
},{
"c":0,"g":-3.34,"h":0.322,"i":0,"k":7,"n":18,"t":0,"u":0,"v":0,"w":-0.024,"x":-13.551,"y":0.55
},{
"c":0,"g":-3.34,"h":0.322,"i":0,"k":7,"n":19,"t":0,"u":0,"v":0,"w":-0.024,"x":-13.551,"y":0.55
},{
"c":0,"g":-3.34,"h":0.322,"i":0,"k":7,"n":20,"t":0,"u":0,"v":0,"w":-0.024,"x":-13.551,"y":0.55
},{
"c":0,"g":-3.34,"h":0.322,"i":0,"k":7,"n":21,"t":0,"u":0,"v":0,"w":-0.024,"x":-13.551,"y":0.55
},{
"c":0,"g":-3.34,"h":0.322,"i":0,"k":7,"n":22,"t":0,"u":0,"v":0,"w":-0.024,"x":-13.551,"y":0.55
},{
"c":0,"g":-3.34,"h":0.322,"i":0,"k":7,"n":23,"t":0,"u":0,"v":0,"w":-0.024,"x":-13.551,"y":0.55
},{
"c":0,"g":-3.34,"h":0.322,"i":0,"k":7,"n":24,"t":0,"u":0,"v":0,"w":-0.024,"x":-13.551,"y":0.55
},{
"c":0,"g":-3.34,"h":0.322,"i":0,"k":7,"n":25,"t":0,"u":0,"v":0,"w":-0.024,"x":-13.551,"y":0.55
},{
"c":0,"g":-3.34,"h":0.322,"i":0,"k":7,"n":26,"t":0,"u":0,"v":0,"w":-0.024,"x":-13.551,"y":0.55
},{
"c":0,"g":-3.34,"h":0.322,"i":0,"k":7,"n":27,"t":0,"u":0,"v":0,"w":-0.024,"x":-13.551,"y":0.55
},{
"c":0,"g":-3.34,"h":0.322,"i":0,"k":7,"n":28,"t":0,"u":0,"v":0,"w":-0.024,"x":-13.551,"y":0.55
},{
"c":0,"g":-3.34,"h":0.322,"i":0,"k":7,"n":29,"t":0,"u":0,"v":0,"w":-0.024,"x":-13.551,"y":0.55
},{
"c":0,"g":-3.34,"h":0.322,"i":0,"k":7,"n":30,"t":0,"u":0,"v":0,"w":-0.024,"x":-13.551,"y":0.55
},{
"c":0,"g":-3.34,"h":0.322,"i":0,"k":7,"n":31,"t":0,"u":0,"v":0,"w":-0.024,"x":-13.551,"y":0.55
},{
"c":0,"g":-3.34,"h":0.322,"i":0,"k":7,"n":32,"t":0,"u":0,"v":0,"w":-0.024,"x":-13.551,"y":0.55
},{
"c":0,"g":-3.34,"h":0.322,"i":0,"k":7,"n":33,"t":0,"u":0,"v":0,"w":-0.024,"x":-13.551,"y":0.55
},{
"c":0,"g":-3.34,"h":0.322,"i":0,"k":7,"n":34,"t":0,"u":0,"v":0,"w":-0.024,"x":-13.551,"y":0.55
},{
"c":0,"g":-3.34,"h":0.322,"i":0,"k":7,"n":35,"t":0,"u":0,"v":0,"w":-0.024,"x":-13.551,"y":0.55
},{
"c":0,"g":-3.34,"h":0.322,"i":0,"k":7,"n":36,"t":0,"u":0,"v":0,"w":-0.024,"x":-13.551,"y":0.55
},{
"c":0,"g":-3.34,"h":0.322,"i":0,"k":7,"n":37,"t":0,"u":0,"v":0,"w":-0.024,"x":-13.551,"y":0.55
},{
"c":0,"g":-3.34,"h":0.322,"i":0,"k":7,"n":38,"t":0,"u":0,"v":0,"w":-0.024,"x":-13.551,"y":0.55
},{
"c":0,"g":-3.34,"h":0.322,"i":0,"k":7,"n":39,"t":0,"u":0,"v":0,"w":-0.024,"x":-13.551,"y":0.55
},{
"c":0,"g":-3.34,"h":0.322,"i":0,"k":7,"n":40,"t":0,"u":0,"v":0,"w":-0.024,"x":-13.551,"y":0.55
},{
"c":0,"g":-3.34,"h":0.322,"i":0,"k":7,"n":41,"t":0,"u":0,"v":0,"w":-0.024,"x":-13.551,"y":0.55
},{
"c":0,"g":-3.34,"h":0.322,"i":0,"k":7,"n":42,"t":0,"u":0,"v":0,"w":-0.024,"x":-13.551,"y":0.55
},{
"c":0,"g":-3.34,"h":0.322,"i":0,"k":7,"n":43,"t":0,"u":0,"v":0,"w":-0.024,"x":-13.551,"y":0.55
},{
"c":0,"g":-3.34,"h":0.322,"i":0,"k":7,"n":44,"t":0,"u":0,"v":0,"w":-0.024,"x":-13.551,"y":0.55
},{
"c":0,"g":-3.34,"h":0.322,"i":0,"k":7,"n":45,"t":0,"u":0,"v":0,"w":-0.024,"x":-13.551,"y":0.55
},{
"c":0,"g":-3.34,"h":0.322,"i":0,"k":7,"n":46,"t":0,"u":0,"v":0,"w":-0.024,"x":-13.551,"y":0.55
},{
"c":0,"g":-3.34,"h":0.322,"i":0,"k":7,"n":47,"t":0,"u":0,"v":0,"w":-0.024,"x":-13.551,"y":0.55
},{
"c":0,"g":-3.34,"h":0.322,"i":0,"k":7,"n":48,"t":0,"u":0,"v":0,"w":-0.024,"x":-13.551,"y":0.55
},{
"c":0,"g":-3.34,"h":0.322,"i":0,"k":7,"n":49,"t":1,"u":0,"v":0,"w":-0.024,"x":-13.551,"y":0.55
},{
"c":0,"g":-3.34,"h":0.322,"i":0,"k":7,"n":50,"p":51,"t":1,"u":0,"v":0,"w":-0.037,"x":-11.498,"y":0.43
},{
"c":0,"g":-3.34,"h":0.322,"i":0,"k":7,"n":51,"p":52,"t":1,"u":0,"v":0,"w":-0.051,"x":-9.444,"y":0.31
},{
"c":0,"g":-3.34,"h":0.322,"i":0,"k":7,"n":52,"p":53,"t":1,"u":0,"v":0,"w":-0.064,"x":-7.39,"y":0.19
},{
"c":0,"g":-3.34,"h":0.322,"i":0,"k":7,"n":53,"p":54,"t":1,"u":0,"v":0,"w":-0.077,"x":-5.336,"y":0.069
},{
"c":0,"g":-3.34,"h":0.322,"i":0,"k":7,"n":54,"p":55,"t":1,"u":0,"v":0,"w":-0.091,"x":-3.281,"y":-0.049
},{
"c":0,"g":-3.34,"h":0.322,"i":0,"k":7,"n":55,"p":56,"t":1,"u":0,"v":0,"w":-0.104,"x":-1.227,"y":-0.168
},{
"c":0,"g":-3.34,"h":0.322,"i":0,"k":7,"n":56,"p":57,"t":1,"u":0,"v":0,"w":-0.117,"x":0.826,"y":-0.289
},{
"c":0,"g":-3.34,"h":0.322,"i":0,"k":7,"n":57,"p":58,"t":1,"u":0,"v":0,"w":-0.131,"x":2.879,"y":-0.409
},{
"c":0,"g":-3.34,"h":0.322,"i":0,"k":7,"n":58,"p":59,"t":1,"u":0,"v":0,"w":-0.144,"x":4.935,"y":-0.529
},{
"c":0,"g":-3.34,"h":0.322,"i":0,"k":7,"n":59,"p":60,"t":1,"u":0,"v":0,"w":-0.157,"x":6.989,"y":-0.648
},{
"c":0,"g":-3.34,"h":0.322,"i":0,"k":7,"n":60,"p":61,"t":1,"u":0,"v":0,"w":-0.171,"x":9.043,"y":-0.768
},{
"c":0,"g":-3.34,"h":0.322,"i":0,"k":7,"n":61,"p":62,"t":1,"u":0,"v":0,"w":-0.184,"x":11.097,"y":-0.888
},{
"c":0,"g":-3.34,"h":0.322,"i":0,"k":7,"n":62,"p":63,"t":1,"u":0,"v":0,"w":-0.198,"x":13.15,"y":-1.008
},{
"c":0,"g":-3.34,"h":0.322,"i":0,"k":7,"n":63,"p":64,"t":1,"u":0,"v":0,"w":-0.211,"x":15.206,"y":-1.128
},{
"c":0,"g":-3.34,"h":0.322,"i":0,"k":7,"n":64,"p":65,"t":1,"u":0,"v":0,"w":-0.224,"x":17.26,"y":-1.248
},{
"c":0,"g":-3.34,"h":0.322,"i":0,"k":7,"n":65,"p":66,"t":1,"u":0,"v":0,"w":-0.238,"x":19.313,"y":-1.368
},{
"c":0,"g":-3.34,"h":0.322,"i":0,"k":7,"n":66,"p":67,"t":1,"u":0,"v":0,"w":-0.25,"x":21.368,"y":-1.488
},{
"c":0,"g":-3.34,"h":0.322,"i":0,"k":7,"n":67,"p":68,"t":1,"u":0,"v":0,"w":-0.264,"x":23.422,"y":-1.607
},{
"c":0,"g":-3.34,"h":0.322,"i":0,"k":7,"n":68,"p":69,"t":1,"u":0,"v":0,"w":-0.278,"x":25.476,"y":-1.727
},{
"c":0,"g":-3.34,"h":0.322,"i":0,"k":7,"n":69,"p":70,"t":1,"u":0,"v":0,"w":-0.291,"x":27.531,"y":-1.847
},{
"c":0,"g":-3.34,"h":0.322,"i":0,"k":7,"n":70,"p":71,"t":1,"u":0,"v":0,"w":-0.304,"x":29.585,"y":-1.967
},{
"c":0,"g":-3.34,"h":0.322,"i":0,"k":7,"n":71,"p":72,"t":1,"u":0,"v":0,"w":-0.318,"x":31.639,"y":-2.087
},{
"c":0,"g":-3.34,"h":0.322,"i":0,"k":7,"n":72,"p":73,"t":1,"u":0,"v":0,"w":-0.331,"x":33.693,"y":-2.207
},{
"c":0,"g":-3.34,"h":0.322,"i":0,"k":7,"n":73,"p":74,"t":1,"u":0,"v":0,"w":-0.345,"x":35.747,"y":-2.327
},{
"c":0,"g":-3.34,"h":0.322,"i":0,"k":7,"n":74,"p":75,"t":1,"u":0,"v":0,"w":-0.358,"x":37.801,"y":-2.447
},{
"c":0,"g":-3.34,"h":0.322,"i":0,"k":7,"n":75,"p":76,"t":1,"u":0,"v":0,"w":-0.371,"x":39.856,"y":-2.566
},{
"c":0,"g":-3.34,"h":0.322,"i":0,"k":7,"n":76,"p":77,"t":1,"u":0,"v":0,"w":-0.385,"x":41.91,"y":-2.686
},{
"c":0,"g":-3.34,"h":0.322,"i":0,"k":7,"n":77,"p":78,"t":1,"u":0,"v":0,"w":-0.398,"x":43.963,"y":-2.806
},{
"c":0,"g":-3.34,"h":0.322,"i":0,"k":7,"n":78,"p":79,"t":1,"u":0,"v":0,"w":-0.411,"x":46.018,"y":-2.926
},{
"c":0,"g":-3.34,"h":0.322,"i":0,"k":7,"n":79,"p":80,"t":1,"u":0,"v":0,"w":-0.425,"x":48.071,"y":-3.045
},{
"c":0,"g":-3.34,"h":0.322,"i":0,"k":7,"n":80,"p":81,"t":1,"u":0,"v":0,"w":-0.438,"x":50.125,"y":-3.166
},{
"c":0,"g":-3.34,"h":0.322,"i":0,"k":7,"n":81,"p":82,"t":1,"u":0,"v":0,"w":-0.451,"x":52.181,"y":-3.285
},{
"c":0,"g":-3.34,"h":0.322,"i":0,"k":7,"n":82,"p":83,"t":1,"u":0,"v":0,"w":-0.465,"x":54.235,"y":-3.406
},{
"c":0,"g":-3.34,"h":0.322,"i":0,"k":7,"n":83,"p":84,"t":1,"u":0,"v":0,"w":-0.478,"x":56.288,"y":-3.525
},{
"c":0,"g":-3.34,"h":0.322,"i":0,"k":7,"n":84,"p":85,"t":1,"u":0,"v":0,"w":-0.492,"x":58.342,"y":-3.644
},{
"c":0,"g":-3.34,"h":0.322,"i":0,"k":7,"n":85,"p":86,"t":1,"u":0,"v":0,"w":-0.505,"x":60.397,"y":-3.765
},{
"c":0,"g":-3.34,"h":0.322,"i":0,"k":7,"n":86,"p":87,"t":1,"u":0,"v":0,"w":-0.518,"x":62.451,"y":-3.885
},{
"c":0,"g":-3.34,"h":0.322,"i":0,"k":7,"n":87,"p":88,"t":1,"u":0,"v":0,"w":-0.532,"x":64.504,"y":-4.005
},{
"c":0,"g":-3.34,"h":0.322,"i":0,"k":7,"n":88,"p":89,"t":1,"u":0,"v":0,"w":-0.545,"x":66.56,"y":-4.125
},{
"c":0,"g":-3.34,"h":0.322,"i":0,"k":7,"n":89,"p":90,"t":1,"u":0,"v":0,"w":-0.558,"x":68.614,"y":-4.245
},{
"c":0,"g":-3.34,"h":0.322,"i":0,"k":7,"n":90,"p":91,"t":1,"u":0,"v":0,"w":-0.572,"x":70.668,"y":-4.365
},{
"c":0,"g":-3.34,"h":0.322,"i":0,"k":7,"n":91,"p":92,"t":1,"u":0,"v":0,"w":-0.585,"x":72.722,"y":-4.485
},{
"c":0,"g":-3.34,"h":0.322,"i":0,"k":7,"n":92,"p":93,"t":1,"u":0,"v":0,"w":-0.598,"x":74.775,"y":-4.603
},{
"c":0,"g":-3.34,"h":0.322,"i":0,"k":7,"n":93,"p":94,"t":1,"u":0,"v":0,"w":-0.612,"x":76.831,"y":-4.723
},{
"c":0,"g":-3.34,"h":0.322,"i":0,"k":7,"n":94,"p":95,"t":1,"u":0,"v":0,"w":-0.625,"x":78.885,"y":-4.844
},{
"c":0,"g":-3.34,"h":0.322,"i":0,"k":7,"n":95,"p":96,"t":1,"u":0,"v":0,"w":-0.639,"x":80.939,"y":-4.964
},{
"c":0,"g":-3.34,"h":0.322,"i":0,"k":7,"n":96,"p":97,"t":1,"u":0,"v":0,"w":-0.652,"x":82.993,"y":-5.084
},{
"c":0,"g":-3.34,"h":0.322,"i":0,"k":7,"n":97,"p":98,"t":1,"u":0,"v":0,"w":-0.665,"x":85.046,"y":-5.203
},{
"c":0,"g":-3.34,"h":0.322,"i":0,"k":7,"n":98,"p":99,"t":1,"u":0,"v":0,"w":-0.679,"x":87.101,"y":-5.324
},{
"c":0,"g":-3.34,"h":0.322,"i":0,"k":7,"n":99,"t":1,"u":0,"v":0,"w":-0.692,"x":89.155,"y":-5.443
}
]
},{
"f":[
{
"c":0,"g":0,"h":1,"i":0,"k":3,"n":0,"t":1,"u":0,"v":0,"w":1,"x":0,"y":4
},{
"c":0,"g":0,"h":1,"i":0,"k":3,"n":1,"t":1,"u":0,"v":0,"w":1,"x":0,"y":4
},{
"c":0,"g":0,"h":1,"i":0,"k":3,"n":2,"t":1,"u":0,"v":0,"w":1,"x":0,"y":4
},{
"c":0,"g":0,"h":1,"i":0,"k":3,"n":3,"t":1,"u":0,"v":0,"w":1,"x":0,"y":4
},{
"c":0,"g":0,"h":1,"i":0,"k":3,"n":4,"t":1,"u":0,"v":0,"w":1,"x":0,"y":4
},{
"c":0,"g":0,"h":1,"i":0,"k":3,"n":5,"t":1,"u":0,"v":0,"w":1,"x":0,"y":4
},{
"c":0,"g":0,"h":1,"i":0,"k":3,"n":6,"t":1,"u":0,"v":0,"w":1,"x":0,"y":4
},{
"c":0,"g":0,"h":1,"i":0,"k":3,"n":7,"t":1,"u":0,"v":0,"w":1,"x":0,"y":4
},{
"c":0,"g":0,"h":1,"i":0,"k":3,"n":8,"t":1,"u":0,"v":0,"w":1,"x":0,"y":4
},{
"c":0,"g":0,"h":1,"i":0,"k":3,"n":9,"t":1,"u":0,"v":0,"w":1,"x":0,"y":4
},{
"c":0,"g":0,"h":1,"i":0,"k":3,"n":10,"t":1,"u":0,"v":0,"w":1,"x":0,"y":4
},{
"c":0,"g":0,"h":1,"i":0,"k":3,"n":11,"t":1,"u":0,"v":0,"w":1,"x":0,"y":4
},{
"c":0,"g":0,"h":1,"i":0,"k":3,"n":12,"t":1,"u":0,"v":0,"w":1,"x":0,"y":4
},{
"c":0,"g":0,"h":1,"i":0,"k":3,"n":13,"t":1,"u":0,"v":0,"w":1,"x":0,"y":4
},{
"c":0,"g":0,"h":1,"i":0,"k":3,"n":14,"t":1,"u":0,"v":0,"w":1,"x":0,"y":4
},{
"c":0,"g":0,"h":1,"i":0,"k":3,"n":15,"t":1,"u":0,"v":0,"w":1,"x":0,"y":4
},{
"c":0,"g":0,"h":1,"i":0,"k":3,"n":16,"t":1,"u":0,"v":0,"w":1,"x":0,"y":4
},{
"c":0,"g":0,"h":1,"i":0,"k":3,"n":17,"t":1,"u":0,"v":0,"w":1,"x":0,"y":4
},{
"c":0,"g":0,"h":1,"i":0,"k":3,"n":18,"t":1,"u":0,"v":0,"w":1,"x":0,"y":4
},{
"c":0,"g":0,"h":1,"i":0,"k":3,"n":19,"t":1,"u":0,"v":0,"w":1,"x":0,"y":4
},{
"c":0,"g":0,"h":1,"i":0,"k":3,"n":20,"t":1,"u":0,"v":0,"w":1,"x":0,"y":4
},{
"c":0,"g":0,"h":1,"i":0,"k":3,"n":21,"t":1,"u":0,"v":0,"w":1,"x":0,"y":4
},{
"c":0,"g":0,"h":1,"i":0,"k":3,"n":22,"t":1,"u":0,"v":0,"w":1,"x":0,"y":4
},{
"c":0,"g":0,"h":1,"i":0,"k":3,"n":23,"t":1,"u":0,"v":0,"w":1,"x":0,"y":4
},{
"c":0,"g":0,"h":1,"i":0,"k":3,"n":24,"t":1,"u":0,"v":0,"w":1,"x":0,"y":4
},{
"c":0,"g":0,"h":1,"i":0,"k":3,"n":25,"t":1,"u":0,"v":0,"w":1,"x":0,"y":4
},{
"c":0,"g":0,"h":1,"i":0,"k":3,"n":26,"t":1,"u":0,"v":0,"w":1,"x":0,"y":4
},{
"c":0,"g":0,"h":1,"i":0,"k":3,"n":27,"t":1,"u":0,"v":0,"w":1,"x":0,"y":4
},{
"c":0,"g":0,"h":1,"i":0,"k":3,"n":28,"t":1,"u":0,"v":0,"w":1,"x":0,"y":4
},{
"c":0,"g":0,"h":1,"i":0,"k":3,"n":29,"t":1,"u":0,"v":0,"w":1,"x":0,"y":4
},{
"c":0,"g":0,"h":1,"i":0,"k":3,"n":30,"t":1,"u":0,"v":0,"w":1,"x":0,"y":4
},{
"c":0,"g":0,"h":1,"i":0,"k":3,"n":31,"t":1,"u":0,"v":0,"w":1,"x":0,"y":4
},{
"c":0,"g":0,"h":1,"i":0,"k":3,"n":32,"t":1,"u":0,"v":0,"w":1,"x":0,"y":4
},{
"c":0,"g":0,"h":1,"i":0,"k":3,"n":33,"t":1,"u":0,"v":0,"w":1,"x":0,"y":4
},{
"c":0,"g":0,"h":1,"i":0,"k":3,"n":34,"t":1,"u":0,"v":0,"w":1,"x":0,"y":4
},{
"c":0,"g":0,"h":1,"i":0,"k":3,"n":35,"t":1,"u":0,"v":0,"w":1,"x":0,"y":4
},{
"c":0,"g":0,"h":1,"i":0,"k":3,"n":36,"t":1,"u":0,"v":0,"w":1,"x":0,"y":4
},{
"c":0,"g":0,"h":1,"i":0,"k":3,"n":37,"t":1,"u":0,"v":0,"w":1,"x":0,"y":4
},{
"c":0,"g":0,"h":1,"i":0,"k":3,"n":38,"t":1,"u":0,"v":0,"w":1,"x":0,"y":4
},{
"c":0,"g":0,"h":1,"i":0,"k":3,"n":39,"t":1,"u":0,"v":0,"w":1,"x":0,"y":4
},{
"c":0,"g":0,"h":1,"i":0,"k":3,"n":40,"t":1,"u":0,"v":0,"w":1,"x":0,"y":4
},{
"c":0,"g":0,"h":1,"i":0,"k":3,"n":41,"t":1,"u":0,"v":0,"w":1,"x":0,"y":4
},{
"c":0,"g":0,"h":1,"i":0,"k":3,"n":42,"t":1,"u":0,"v":0,"w":1,"x":0,"y":4
},{
"c":0,"g":0,"h":1,"i":0,"k":3,"n":43,"t":1,"u":0,"v":0,"w":1,"x":0,"y":4
},{
"c":0,"g":0,"h":1,"i":0,"k":3,"n":44,"t":1,"u":0,"v":0,"w":1,"x":0,"y":4
},{
"c":0,"g":0,"h":1,"i":0,"k":3,"n":45,"t":1,"u":0,"v":0,"w":1,"x":0,"y":4
},{
"c":0,"g":0,"h":1,"i":0,"k":3,"n":46,"t":1,"u":0,"v":0,"w":1,"x":0,"y":4
},{
"c":0,"g":0,"h":1,"i":0,"k":3,"n":47,"t":1,"u":0,"v":0,"w":1,"x":0,"y":4
},{
"c":0,"g":0,"h":1,"i":0,"k":3,"n":48,"t":1,"u":0,"v":0,"w":1,"x":0,"y":4
},{
"c":0,"g":0,"h":1,"i":0,"k":3,"n":49,"t":1,"u":0,"v":0,"w":1,"x":0,"y":4
},{
"c":0,"g":0,"h":1,"i":0,"k":3,"n":50,"t":1,"u":0,"v":0,"w":1,"x":0,"y":4
},{
"c":0,"g":0,"h":1,"i":0,"k":3,"n":51,"t":1,"u":0,"v":0,"w":1,"x":0,"y":4
},{
"c":0,"g":0,"h":1,"i":0,"k":3,"n":52,"t":1,"u":0,"v":0,"w":1,"x":0,"y":4
},{
"c":0,"g":0,"h":1,"i":0,"k":3,"n":53,"t":1,"u":0,"v":0,"w":1,"x":0,"y":4
},{
"c":0,"g":0,"h":1,"i":0,"k":3,"n":54,"t":1,"u":0,"v":0,"w":1,"x":0,"y":4
},{
"c":0,"g":0,"h":1,"i":0,"k":3,"n":55,"t":1,"u":0,"v":0,"w":1,"x":0,"y":4
},{
"c":0,"g":0,"h":1,"i":0,"k":3,"n":56,"t":1,"u":0,"v":0,"w":1,"x":0,"y":4
},{
"c":0,"g":0,"h":1,"i":0,"k":3,"n":57,"t":1,"u":0,"v":0,"w":1,"x":0,"y":4
},{
"c":0,"g":0,"h":1,"i":0,"k":3,"n":58,"t":1,"u":0,"v":0,"w":1,"x":0,"y":4
},{
"c":0,"g":0,"h":1,"i":0,"k":3,"n":59,"t":1,"u":0,"v":0,"w":1,"x":0,"y":4
},{
"c":0,"g":0,"h":1,"i":0,"k":3,"n":60,"t":1,"u":0,"v":0,"w":1,"x":0,"y":4
},{
"c":0,"g":0,"h":1,"i":0,"k":3,"n":61,"t":1,"u":0,"v":0,"w":1,"x":0,"y":4
},{
"c":0,"g":0,"h":1,"i":0,"k":3,"n":62,"t":1,"u":0,"v":0,"w":1,"x":0,"y":4
},{
"c":0,"g":0,"h":1,"i":0,"k":3,"n":63,"t":1,"u":0,"v":0,"w":1,"x":0,"y":4
},{
"c":0,"g":0,"h":1,"i":0,"k":3,"n":64,"t":1,"u":0,"v":0,"w":1,"x":0,"y":4
},{
"c":0,"g":0,"h":1,"i":0,"k":3,"n":65,"t":1,"u":0,"v":0,"w":1,"x":0,"y":4
},{
"c":0,"g":0,"h":1,"i":0,"k":3,"n":66,"t":1,"u":0,"v":0,"w":1,"x":0,"y":4
},{
"c":0,"g":0,"h":1,"i":0,"k":3,"n":67,"t":1,"u":0,"v":0,"w":1,"x":0,"y":4
},{
"c":0,"g":0,"h":1,"i":0,"k":3,"n":68,"t":1,"u":0,"v":0,"w":1,"x":0,"y":4
},{
"c":0,"g":0,"h":1,"i":0,"k":3,"n":69,"t":1,"u":0,"v":0,"w":1,"x":0,"y":4
},{
"c":0,"g":0,"h":1,"i":0,"k":3,"n":70,"t":1,"u":0,"v":0,"w":1,"x":0,"y":4
},{
"c":0,"g":0,"h":1,"i":0,"k":3,"n":71,"t":1,"u":0,"v":0,"w":1,"x":0,"y":4
},{
"c":0,"g":0,"h":1,"i":0,"k":3,"n":72,"t":1,"u":0,"v":0,"w":1,"x":0,"y":4
},{
"c":0,"g":0,"h":1,"i":0,"k":3,"n":73,"t":1,"u":0,"v":0,"w":1,"x":0,"y":4
},{
"c":0,"g":0,"h":1,"i":0,"k":3,"n":74,"t":1,"u":0,"v":0,"w":1,"x":0,"y":4
},{
"c":0,"g":0,"h":1,"i":0,"k":3,"n":75,"t":1,"u":0,"v":0,"w":1,"x":0,"y":4
},{
"c":0,"g":0,"h":1,"i":0,"k":3,"n":76,"t":1,"u":0,"v":0,"w":1,"x":0,"y":4
},{
"c":0,"g":0,"h":1,"i":0,"k":3,"n":77,"t":1,"u":0,"v":0,"w":1,"x":0,"y":4
},{
"c":0,"g":0,"h":1,"i":0,"k":3,"n":78,"t":1,"u":0,"v":0,"w":1,"x":0,"y":4
},{
"c":0,"g":0,"h":1,"i":0,"k":3,"n":79,"t":1,"u":0,"v":0,"w":1,"x":0,"y":4
},{
"c":0,"g":0,"h":1,"i":0,"k":3,"n":80,"t":1,"u":0,"v":0,"w":1,"x":0,"y":4
},{
"c":0,"g":0,"h":1,"i":0,"k":3,"n":81,"t":1,"u":0,"v":0,"w":1,"x":0,"y":4
},{
"c":0,"g":0,"h":1,"i":0,"k":3,"n":82,"t":1,"u":0,"v":0,"w":1,"x":0,"y":4
},{
"c":0,"g":0,"h":1,"i":0,"k":3,"n":83,"t":1,"u":0,"v":0,"w":1,"x":0,"y":4
},{
"c":0,"g":0,"h":1,"i":0,"k":3,"n":84,"t":1,"u":0,"v":0,"w":1,"x":0,"y":4
},{
"c":0,"g":0,"h":1,"i":0,"k":3,"n":85,"t":1,"u":0,"v":0,"w":1,"x":0,"y":4
},{
"c":0,"g":0,"h":1,"i":0,"k":3,"n":86,"t":1,"u":0,"v":0,"w":1,"x":0,"y":4
},{
"c":0,"g":0,"h":1,"i":0,"k":3,"n":87,"t":1,"u":0,"v":0,"w":1,"x":0,"y":4
},{
"c":0,"g":0,"h":1,"i":0,"k":3,"n":88,"t":1,"u":0,"v":0,"w":1,"x":0,"y":4
},{
"c":0,"g":0,"h":1,"i":0,"k":3,"n":89,"t":1,"u":0,"v":0,"w":1,"x":0,"y":4
},{
"c":0,"g":0,"h":1,"i":0,"k":3,"n":90,"t":1,"u":0,"v":0,"w":1,"x":0,"y":4
},{
"c":0,"g":0,"h":1,"i":0,"k":3,"n":91,"t":1,"u":0,"v":0,"w":1,"x":0,"y":4
},{
"c":0,"g":0,"h":1,"i":0,"k":3,"n":92,"t":1,"u":0,"v":0,"w":1,"x":0,"y":4
},{
"c":0,"g":0,"h":1,"i":0,"k":3,"n":93,"t":1,"u":0,"v":0,"w":1,"x":0,"y":4
},{
"c":0,"g":0,"h":1,"i":0,"k":3,"n":94,"t":1,"u":0,"v":0,"w":1,"x":0,"y":4
},{
"c":0,"g":0,"h":1,"i":0,"k":3,"n":95,"t":1,"u":0,"v":0,"w":1,"x":0,"y":4
},{
"c":0,"g":0,"h":1,"i":0,"k":3,"n":96,"t":1,"u":0,"v":0,"w":1,"x":0,"y":4
},{
"c":0,"g":0,"h":1,"i":0,"k":3,"n":97,"t":1,"u":0,"v":0,"w":1,"x":0,"y":4
},{
"c":0,"g":0,"h":1,"i":0,"k":3,"n":98,"t":1,"u":0,"v":0,"w":1,"x":0,"y":4
},{
"c":0,"g":0,"h":1,"i":0,"k":3,"n":99,"t":1,"u":0,"v":0,"w":1,"x":0,"y":4
}
]
},{
"fa":[
{
"a":"s","n":99
}
]
}
],"n":"gui_screens_loader_bar","r":30
},{
"f":1,"l":[
{
"f":[
{
"c":0,"g":3.37,"h":2.155,"i":0,"k":2,"n":0,"t":1,"u":0,"v":0,"w":2.223,"x":3.765,"y":56.942
}
]
},{
"f":[
{
"c":0,"g":6.91,"h":2.63,"i":0,"k":2,"n":0,"t":1,"u":0,"v":0,"w":2.223,"x":-3.631,"y":-10.28
}
]
},{
"f":[
{
"c":0,"g":6.17,"h":2.155,"i":0,"k":2,"n":0,"t":1,"u":0,"v":0,"w":2.223,"x":0.151,"y":-8.057
}
]
}
],"n":"gui_common_titlebase02","r":30
},{
"f":1,"l":[
{
"f":[
{
"c":0,"g":0,"h":2,"i":0,"k":2,"n":0,"t":1,"u":0,"v":0,"w":2,"x":0,"y":0
}
]
}
],"n":"gui_common_titlebase","r":30
},{
"f":3,"l":[
{
"f":[
{
"c":0,"g":0,"h":0.827,"i":0,"k":4,"n":0,"t":1,"u":0,"v":0,"w":0.827,"x":0,"y":9
},{
"c":0,"g":0,"h":1,"i":0,"k":5,"n":1,"t":1,"u":0,"v":0,"w":1,"x":0,"y":0
},{
"c":0,"g":0,"h":0.827,"i":0,"k":4,"n":2,"t":1,"u":0,"v":0,"w":0.827,"x":0,"y":9
}
]
},{
"f":[
{
"c":0,"g":0,"h":1,"i":0,"k":9,"n":0,"t":1,"u":0,"v":0,"w":1,"x":0,"y":0
},{
"c":0,"g":0,"h":1,"i":0,"k":9,"n":1,"t":0,"u":0,"v":0,"w":1,"x":0,"y":0
},{
"c":0,"g":0,"h":1.3,"i":0,"k":9,"n":2,"t":1,"u":0,"v":0,"w":1.3,"x":0,"y":0
}
]
},{
"f":[
{
"c":1,"g":0,"h":130,"i":-1,"k":-1,"n":0,"o":"mcCollision","t":1,"u":0,"v":0,"w":130,"x":-66.299,"y":-66.299
}
]
},{
"fa":[
{
"a":"s","n":0
}
]
}
],"n":"mcGuiButtonNext","r":30
}
],"atlas":[
[
{
"h":341,"n":"","p":241,"q":170,"w":483,"x":1,"y":1
},{
"h":258,"n":"","p":250,"q":129,"w":500,"x":485,"y":1
},{
"h":169,"n":"","p":323,"q":85,"w":645,"x":1,"y":343
},{
"h":79,"n":"","p":274,"q":44,"w":535,"x":485,"y":260
},{
"h":200,"n":"","p":100,"q":100,"w":200,"x":1,"y":513
},{
"h":180,"n":"","p":90,"q":90,"w":176,"x":1,"y":714
},{
"h":384,"n":"","p":39,"q":192,"w":73,"x":202,"y":513
},{
"h":64,"n":"","p":154,"q":32,"w":308,"x":647,"y":343
},{
"h":33,"n":"","p":207,"q":17,"w":414,"x":276,"y":513
},{
"h":93,"n":"","p":65,"q":51,"w":140,"x":647,"y":408
},{
"h":100,"n":"","p":0,"q":0,"w":100,"x":788,"y":408
},{
"h":40,"n":"","p":46,"q":21,"w":90,"x":889,"y":408
},{
"h":54,"n":"","p":31,"q":28,"w":60,"x":956,"y":343
},{
"h":50,"n":"","p":25,"q":25,"w":50,"x":889,"y":449
},{
"h":36,"n":"","p":31,"q":19,"w":60,"x":940,"y":449
},{
"h":20,"n":"","p":44,"q":11,"w":86,"x":1,"y":895
}
]
],"meta":{
"atlas":[
"gui_loader_image_0.png"
]
}
}
