{
"animations":[
{
"f":1,"l":[
{
"f":[
{
"c":0,"g":0,"h":1,"i":0,"k":8,"n":0,"t":1,"u":0,"v":0,"w":10.333,"x":0,"y":0
}
]
}
],"n":"gui_text_cutscene_tap","r":30
},{
"f":1,"l":[
{
"f":[
{
"c":0,"g":0,"h":3,"i":0,"k":8,"n":0,"t":1,"u":0,"v":0,"w":9.777,"x":0,"y":0
}
]
}
],"n":"gui_text_cutscene_dialogue","r":30
},{
"f":16,"l":[
{
"f":[
{
"c":0,"g":0,"h":1,"i":0,"k":10,"n":0,"o":"mcGuiBg","p":7,"t":0,"u":0,"v":0,"w":1,"x":0,"y":0
},{
"c":0,"g":0,"h":1,"i":0,"k":10,"n":7,"o":"mcGuiBg","p":15,"t":1,"u":0,"v":0,"w":1,"x":0,"y":0
},{
"c":0,"g":0,"h":1,"i":0,"k":10,"n":15,"o":"mcGuiBg","t":0,"u":0,"v":0,"w":1,"x":0,"y":0
}
]
},{
"f":[
{
"c":0,"g":0,"h":1,"i":0,"k":9,"n":0,"o":"mcGuiDialogue","t":1,"u":0,"v":0,"w":1,"x":0,"y":0
},{
"c":0,"g":0,"h":1,"i":0,"k":9,"n":7,"o":"mcGuiDialogue","t":1,"u":0,"v":0,"w":1,"x":0,"y":0
},{
"c":0,"g":0,"h":1,"i":0,"k":9,"n":15,"o":"mcGuiDialogue","t":1,"u":0,"v":0,"w":1,"x":0,"y":0
}
]
},{
"f":[
{
"c":0,"g":0,"h":1,"i":0,"k":10,"n":0,"o":"mcGuiLetterbox","t":1,"u":0,"v":0,"w":1,"x":0,"y":0
}
]
},{
"f":[
{
"c":0,"g":0,"h":1,"i":0,"k":10,"n":0,"o":"mcGuiTextBase","p":7,"t":1,"u":0,"v":0,"w":1,"x":512,"y":850.065
},{
"c":0,"g":0,"h":1,"i":0,"k":10,"n":7,"o":"mcGuiTextBase","p":15,"t":1,"u":0,"v":0,"w":1,"x":512,"y":661.43
},{
"c":0,"g":0,"h":1,"i":0,"k":10,"n":15,"o":"mcGuiTextBase","t":1,"u":0,"v":0,"w":1,"x":512,"y":850.065
}
]
},{
"f":[
{
"c":0,"g":0,"h":1,"i":0,"k":10,"n":0,"o":"mcGuiNameBase_RT","t":1,"u":0,"v":0,"w":1,"x":879.777,"y":539.932
}
]
},{
"f":[
{
"c":0,"g":0,"h":1,"i":0,"k":14,"n":0,"o":"mcGuiTextName_RT","t":1,"u":0,"v":0,"w":1,"x":879.277,"y":513.432
}
]
},{
"f":[
{
"c":0,"g":0,"h":1,"i":0,"k":10,"n":0,"o":"mcGuiNameBase_LT","t":1,"u":0,"v":0,"w":1,"x":132.702,"y":540.932
}
]
},{
"f":[
{
"c":0,"g":0,"h":1,"i":0,"k":14,"n":0,"o":"mcGuiTextName_LT","t":1,"u":0,"v":0,"w":1,"x":133.202,"y":513.432
}
]
},{
"f":[
{
"c":0,"g":0,"h":1,"i":0,"k":14,"n":0,"o":"mcGuiTextDialogue","p":7,"t":0,"u":0,"v":0,"w":1,"x":512,"y":633.759
},{
"c":0,"g":0,"h":1,"i":0,"k":14,"n":7,"o":"mcGuiTextDialogue","p":8,"t":1,"u":0,"v":0,"w":1,"x":512,"y":633.759
},{
"c":0,"g":0,"h":1,"i":0,"k":14,"n":8,"o":"mcGuiTextDialogue","p":15,"t":0,"u":0,"v":0,"w":1,"x":512,"y":633.759
},{
"c":0,"g":0,"h":1,"i":0,"k":14,"n":15,"o":"mcGuiTextDialogue","t":0,"u":0,"v":0,"w":1,"x":512,"y":633.759
}
]
},{
"f":[
{
"c":0,"g":0,"h":1,"i":0,"k":14,"n":0,"o":"mcGuiTextTaptocontinue","p":7,"t":0,"u":0,"v":0,"w":1,"x":512,"y":738.053
},{
"c":0,"g":0,"h":1,"i":0,"k":14,"n":7,"o":"mcGuiTextTaptocontinue","p":8,"t":1,"u":0,"v":0,"w":1,"x":512,"y":738.053
},{
"c":0,"g":0,"h":1,"i":0,"k":14,"n":8,"o":"mcGuiTextTaptocontinue","p":15,"t":0,"u":0,"v":0,"w":1,"x":512,"y":738.053
},{
"c":0,"g":0,"h":1,"i":0,"k":14,"n":15,"o":"mcGuiTextTaptocontinue","t":0,"u":0,"v":0,"w":1,"x":512,"y":738.053
}
]
},{
"f":[
{
"c":0,"g":0,"h":0.865,"i":0,"k":12,"n":0,"o":"mcGuiFxButtonSkip","t":1,"u":0,"v":0,"w":0.865,"x":838.766,"y":126.057
}
]
},{
"f":[
{
"c":0,"g":0,"h":0.865,"i":0,"k":13,"n":0,"o":"mcGuiButtonSkip","t":1,"u":0,"v":0,"w":0.865,"x":838.766,"y":126.057
}
]
},{
"fa":[
{
"a":"sg","n":7
},{
"a":"s;fg","n":15
}
]
}
],"n":"mcGuiScreenCutscene","r":30
},{
"f":1,"l":[
{
"f":[
{
"c":0,"g":90,"h":2.118,"i":0,"k":4,"n":0,"t":1,"u":0,"v":0,"w":2.718,"x":-1,"y":-37.766
}
]
},{
"f":[
{
"c":0,"g":0,"h":0,"i":-1,"k":-1,"n":0,"t":0,"u":0,"v":0,"w":0,"x":0,"y":0
}
]
}
],"n":"gui_cutscene_textbase","r":30
},{
"f":30,"l":[
{
"f":[
{
"c":0,"g":0,"h":3.496,"i":0,"k":11,"n":0,"p":14,"t":1,"u":0,"v":0,"w":100.53,"x":513.152,"y":895.572
},{
"c":0,"g":0,"h":4.546,"i":0,"k":11,"n":14,"p":29,"t":1,"u":0,"v":0,"w":100.53,"x":513.153,"y":658.867
},{
"c":0,"g":0,"h":3.496,"i":0,"k":11,"n":29,"t":1,"u":0,"v":0,"w":100.53,"x":513.152,"y":895.572
}
]
},{
"f":[
{
"c":0,"g":0,"h":3.214,"i":0,"k":11,"n":0,"p":14,"t":1,"u":0,"v":0,"w":87.133,"x":513.153,"y":-121.066
},{
"c":0,"g":0,"h":4.237,"i":0,"k":11,"n":14,"p":29,"t":1,"u":0,"v":0,"w":87.133,"x":513.153,"y":98.025
},{
"c":0,"g":0,"h":3.214,"i":0,"k":11,"n":29,"t":1,"u":0,"v":0,"w":87.133,"x":513.153,"y":-121.066
}
]
},{
"fa":[
{
"a":"s","n":14
},{
"a":"s","n":29
}
]
}
],"n":"gui_cutscene_letterbox","r":30
},{
"f":1,"l":[
{
"f":[
{
"c":0,"g":0,"h":17.936,"i":0,"k":11,"n":0,"t":0.588,"u":0,"v":0,"w":98.192,"x":513.005,"y":385.026
}
]
}
],"n":"gui_cutscene_background","r":30
},{
"f":20,"l":[
{
"f":[
{
"c":0,"g":-90,"h":1,"i":3,"k":16,"n":0,"p":1,"t":0,"u":0,"v":0,"w":1,"x":0,"y":-26.499
},{
"c":0,"g":-90,"h":1,"i":3,"k":16,"n":1,"p":14,"t":0.07,"u":0,"v":0,"w":1,"x":0,"y":-26.499
},{
"c":0,"g":-90,"h":1,"i":3,"k":16,"n":14,"p":19,"t":1,"u":0,"v":0,"w":1,"x":0,"y":-26.499
},{
"c":0,"g":-90,"h":1,"i":3,"k":16,"n":19,"t":0,"u":0,"v":0,"w":1,"x":0,"y":-26.499
}
]
},{
"fa":[
{
"a":"s","n":0
},{
"a":"s","n":14
}
]
}
],"n":"gui_cs_uma_9_namebase","r":30
},{
"f":20,"l":[
{
"f":[
{
"c":0,"g":-90,"h":1,"i":3,"k":16,"n":0,"p":1,"t":0,"u":0,"v":0,"w":1,"x":0,"y":-26.499
},{
"c":0,"g":-90,"h":1,"i":3,"k":16,"n":1,"p":14,"t":0.07,"u":0,"v":0,"w":1,"x":0,"y":-26.499
},{
"c":0,"g":-90,"h":1,"i":3,"k":16,"n":14,"p":19,"t":1,"u":0,"v":0,"w":1,"x":0,"y":-26.499
},{
"c":0,"g":-90,"h":1,"i":3,"k":16,"n":19,"t":0,"u":0,"v":0,"w":1,"x":0,"y":-26.499
}
]
},{
"fa":[
{
"a":"s","n":0
},{
"a":"s","n":14
}
]
}
],"n":"gui_cs_uma_8_namebase","r":30
},{
"f":20,"l":[
{
"f":[
{
"c":0,"g":-90,"h":1,"i":3,"k":16,"n":0,"p":1,"t":0,"u":0,"v":0,"w":1,"x":0,"y":-26.499
},{
"c":0,"g":-90,"h":1,"i":3,"k":16,"n":1,"p":14,"t":0.07,"u":0,"v":0,"w":1,"x":0,"y":-26.499
},{
"c":0,"g":-90,"h":1,"i":3,"k":16,"n":14,"p":19,"t":1,"u":0,"v":0,"w":1,"x":0,"y":-26.499
},{
"c":0,"g":-90,"h":1,"i":3,"k":16,"n":19,"t":0,"u":0,"v":0,"w":1,"x":0,"y":-26.499
}
]
},{
"fa":[
{
"a":"s","n":0
},{
"a":"s","n":14
}
]
}
],"n":"gui_cs_uma_7_namebase","r":30
},{
"f":20,"l":[
{
"f":[
{
"c":0,"g":-90,"h":1,"i":3,"k":16,"n":0,"p":1,"t":0,"u":0,"v":0,"w":1,"x":0,"y":-26.499
},{
"c":0,"g":-90,"h":1,"i":3,"k":16,"n":1,"p":14,"t":0.07,"u":0,"v":0,"w":1,"x":0,"y":-26.499
},{
"c":0,"g":-90,"h":1,"i":3,"k":16,"n":14,"p":19,"t":1,"u":0,"v":0,"w":1,"x":0,"y":-26.499
},{
"c":0,"g":-90,"h":1,"i":3,"k":16,"n":19,"t":0,"u":0,"v":0,"w":1,"x":0,"y":-26.499
}
]
},{
"fa":[
{
"a":"s","n":0
},{
"a":"s","n":14
}
]
}
],"n":"gui_cs_uma_6_namebase","r":30
},{
"f":20,"l":[
{
"f":[
{
"c":0,"g":-90,"h":1,"i":3,"k":16,"n":0,"p":1,"t":0,"u":0,"v":0,"w":1,"x":0,"y":-26.499
},{
"c":0,"g":-90,"h":1,"i":3,"k":16,"n":1,"p":14,"t":0.07,"u":0,"v":0,"w":1,"x":0,"y":-26.499
},{
"c":0,"g":-90,"h":1,"i":3,"k":16,"n":14,"p":19,"t":1,"u":0,"v":0,"w":1,"x":0,"y":-26.499
},{
"c":0,"g":-90,"h":1,"i":3,"k":16,"n":19,"t":0,"u":0,"v":0,"w":1,"x":0,"y":-26.499
}
]
},{
"fa":[
{
"a":"s","n":0
},{
"a":"s","n":14
}
]
}
],"n":"gui_cs_uma_5_namebase","r":30
},{
"f":20,"l":[
{
"f":[
{
"c":0,"g":-90,"h":1,"i":3,"k":16,"n":0,"p":1,"t":0,"u":0,"v":0,"w":1,"x":0,"y":-26.499
},{
"c":0,"g":-90,"h":1,"i":3,"k":16,"n":1,"p":14,"t":0.07,"u":0,"v":0,"w":1,"x":0,"y":-26.499
},{
"c":0,"g":-90,"h":1,"i":3,"k":16,"n":14,"p":19,"t":1,"u":0,"v":0,"w":1,"x":0,"y":-26.499
},{
"c":0,"g":-90,"h":1,"i":3,"k":16,"n":19,"t":0,"u":0,"v":0,"w":1,"x":0,"y":-26.499
}
]
},{
"fa":[
{
"a":"s","n":0
},{
"a":"s","n":14
}
]
}
],"n":"gui_cs_uma_4_namebase","r":30
},{
"f":20,"l":[
{
"f":[
{
"c":0,"g":-90,"h":1,"i":3,"k":16,"n":0,"p":1,"t":0,"u":0,"v":0,"w":1,"x":0,"y":-26.499
},{
"c":0,"g":-90,"h":1,"i":3,"k":16,"n":1,"p":14,"t":0.07,"u":0,"v":0,"w":1,"x":0,"y":-26.499
},{
"c":0,"g":-90,"h":1,"i":3,"k":16,"n":14,"p":19,"t":1,"u":0,"v":0,"w":1,"x":0,"y":-26.499
},{
"c":0,"g":-90,"h":1,"i":3,"k":16,"n":19,"t":0,"u":0,"v":0,"w":1,"x":0,"y":-26.499
}
]
},{
"fa":[
{
"a":"s","n":0
},{
"a":"s","n":14
}
]
}
],"n":"gui_cs_uma_3_namebase","r":30
},{
"f":20,"l":[
{
"f":[
{
"c":0,"g":-90,"h":1,"i":3,"k":16,"n":0,"p":1,"t":0,"u":0,"v":0,"w":1,"x":0,"y":-26.499
},{
"c":0,"g":-90,"h":1,"i":3,"k":16,"n":1,"p":14,"t":0.07,"u":0,"v":0,"w":1,"x":0,"y":-26.499
},{
"c":0,"g":-90,"h":1,"i":3,"k":16,"n":14,"p":19,"t":1,"u":0,"v":0,"w":1,"x":0,"y":-26.499
},{
"c":0,"g":-90,"h":1,"i":3,"k":16,"n":19,"t":0,"u":0,"v":0,"w":1,"x":0,"y":-26.499
}
]
},{
"fa":[
{
"a":"s","n":0
},{
"a":"s","n":14
}
]
}
],"n":"gui_cs_uma_2_namebase","r":30
},{
"f":20,"l":[
{
"f":[
{
"c":0,"g":-90,"h":1,"i":3,"k":16,"n":0,"p":1,"t":0,"u":0,"v":0,"w":1,"x":0,"y":-26.499
},{
"c":0,"g":-90,"h":1,"i":3,"k":16,"n":1,"p":14,"t":0.07,"u":0,"v":0,"w":1,"x":0,"y":-26.499
},{
"c":0,"g":-90,"h":1,"i":3,"k":16,"n":14,"p":19,"t":1,"u":0,"v":0,"w":1,"x":0,"y":-26.499
},{
"c":0,"g":-90,"h":1,"i":3,"k":16,"n":19,"t":0,"u":0,"v":0,"w":1,"x":0,"y":-26.499
}
]
},{
"fa":[
{
"a":"s","n":0
},{
"a":"s","n":14
}
]
}
],"n":"gui_cs_uma_1_namebase","r":30
},{
"f":20,"l":[
{
"f":[
{
"c":0,"g":-90,"h":1.062,"i":3,"k":15,"n":0,"p":1,"t":0,"u":0,"v":0,"w":1.297,"x":145.606,"y":-26.548
},{
"c":0,"g":-90,"h":1.062,"i":3,"k":15,"n":1,"p":14,"t":0.07,"u":0,"v":0,"w":1.297,"x":145.606,"y":-26.548
},{
"c":0,"g":-90,"h":1.062,"i":3,"k":15,"n":14,"p":19,"t":1,"u":0,"v":0,"w":1.297,"x":145.606,"y":-26.548
},{
"c":0,"g":-90,"h":1.062,"i":3,"k":15,"n":19,"t":0,"u":0,"v":0,"w":1.297,"x":145.606,"y":-26.548
}
]
},{
"f":[
{
"c":0,"g":-90,"h":1.062,"i":3,"k":15,"n":0,"p":1,"t":0,"u":0,"v":0,"w":1.297,"x":-17.194,"y":-26.549
},{
"c":0,"g":-90,"h":1.062,"i":3,"k":15,"n":1,"p":14,"t":0.07,"u":0,"v":0,"w":1.297,"x":-17.194,"y":-26.549
},{
"c":0,"g":-90,"h":1.062,"i":3,"k":15,"n":14,"p":19,"t":1,"u":0,"v":0,"w":1.297,"x":-17.194,"y":-26.549
},{
"c":0,"g":-90,"h":1.062,"i":3,"k":15,"n":19,"t":0,"u":0,"v":0,"w":1.297,"x":-17.194,"y":-26.549
}
]
},{
"f":[
{
"c":0,"g":-90,"h":1.062,"i":3,"k":15,"n":0,"p":1,"t":0,"u":0,"v":0,"w":1.297,"x":-77.709,"y":-26.549
},{
"c":0,"g":-90,"h":1.062,"i":3,"k":15,"n":1,"p":14,"t":0.07,"u":0,"v":0,"w":1.297,"x":-77.709,"y":-26.549
},{
"c":0,"g":-90,"h":1.062,"i":3,"k":15,"n":14,"p":19,"t":1,"u":0,"v":0,"w":1.297,"x":-77.709,"y":-26.549
},{
"c":0,"g":-90,"h":1.062,"i":3,"k":15,"n":19,"t":0,"u":0,"v":0,"w":1.297,"x":-77.709,"y":-26.549
}
]
},{
"fa":[
{
"a":"s","n":0
},{
"a":"s","n":14
}
]
}
],"n":"gui_cs_mal_ben_uma_namebase","r":30
},{
"f":20,"l":[
{
"f":[
{
"c":0,"g":-90,"h":1,"i":3,"k":17,"n":0,"p":1,"t":0,"u":0,"v":0,"w":1,"x":-0.17,"y":-26.669
},{
"c":0,"g":-90,"h":1,"i":3,"k":17,"n":1,"p":14,"t":0.07,"u":0,"v":0,"w":1,"x":-0.17,"y":-26.669
},{
"c":0,"g":-90,"h":1,"i":3,"k":17,"n":14,"p":19,"t":1,"u":0,"v":0,"w":1,"x":-0.17,"y":-26.669
},{
"c":0,"g":-90,"h":1,"i":3,"k":17,"n":19,"t":0,"u":0,"v":0,"w":1,"x":-0.17,"y":-26.669
}
]
},{
"fa":[
{
"a":"s","n":0
},{
"a":"s","n":14
}
]
}
],"n":"gui_cs_mal_8_namebase","r":30
},{
"f":20,"l":[
{
"f":[
{
"c":0,"g":-90,"h":1,"i":3,"k":17,"n":0,"p":1,"t":0,"u":0,"v":0,"w":1,"x":-0.17,"y":-26.669
},{
"c":0,"g":-90,"h":1,"i":3,"k":17,"n":1,"p":14,"t":0.07,"u":0,"v":0,"w":1,"x":-0.17,"y":-26.669
},{
"c":0,"g":-90,"h":1,"i":3,"k":17,"n":14,"p":19,"t":1,"u":0,"v":0,"w":1,"x":-0.17,"y":-26.669
},{
"c":0,"g":-90,"h":1,"i":3,"k":17,"n":19,"t":0,"u":0,"v":0,"w":1,"x":-0.17,"y":-26.669
}
]
},{
"fa":[
{
"a":"s","n":0
},{
"a":"s","n":14
}
]
}
],"n":"gui_cs_mal_7_namebase","r":30
},{
"f":20,"l":[
{
"f":[
{
"c":0,"g":-90,"h":1,"i":3,"k":17,"n":0,"p":1,"t":0,"u":0,"v":0,"w":1,"x":-0.17,"y":-26.669
},{
"c":0,"g":-90,"h":1,"i":3,"k":17,"n":1,"p":14,"t":0.07,"u":0,"v":0,"w":1,"x":-0.17,"y":-26.669
},{
"c":0,"g":-90,"h":1,"i":3,"k":17,"n":14,"p":19,"t":1,"u":0,"v":0,"w":1,"x":-0.17,"y":-26.669
},{
"c":0,"g":-90,"h":1,"i":3,"k":17,"n":19,"t":0,"u":0,"v":0,"w":1,"x":-0.17,"y":-26.669
}
]
},{
"fa":[
{
"a":"s","n":0
},{
"a":"s","n":14
}
]
}
],"n":"gui_cs_mal_6_namebase","r":30
},{
"f":20,"l":[
{
"f":[
{
"c":0,"g":-90,"h":1,"i":3,"k":17,"n":0,"p":1,"t":0,"u":0,"v":0,"w":1,"x":-0.17,"y":-26.669
},{
"c":0,"g":-90,"h":1,"i":3,"k":17,"n":1,"p":14,"t":0.07,"u":0,"v":0,"w":1,"x":-0.17,"y":-26.669
},{
"c":0,"g":-90,"h":1,"i":3,"k":17,"n":14,"p":19,"t":1,"u":0,"v":0,"w":1,"x":-0.17,"y":-26.669
},{
"c":0,"g":-90,"h":1,"i":3,"k":17,"n":19,"t":0,"u":0,"v":0,"w":1,"x":-0.17,"y":-26.669
}
]
},{
"fa":[
{
"a":"s","n":0
},{
"a":"s","n":14
}
]
}
],"n":"gui_cs_mal_5_namebase","r":30
},{
"f":20,"l":[
{
"f":[
{
"c":0,"g":-90,"h":1,"i":3,"k":17,"n":0,"p":1,"t":0,"u":0,"v":0,"w":1,"x":-0.17,"y":-26.669
},{
"c":0,"g":-90,"h":1,"i":3,"k":17,"n":1,"p":14,"t":0.07,"u":0,"v":0,"w":1,"x":-0.17,"y":-26.669
},{
"c":0,"g":-90,"h":1,"i":3,"k":17,"n":14,"p":19,"t":1,"u":0,"v":0,"w":1,"x":-0.17,"y":-26.669
},{
"c":0,"g":-90,"h":1,"i":3,"k":17,"n":19,"t":0,"u":0,"v":0,"w":1,"x":-0.17,"y":-26.669
}
]
},{
"fa":[
{
"a":"s","n":0
},{
"a":"s","n":14
}
]
}
],"n":"gui_cs_mal_4_namebase","r":30
},{
"f":20,"l":[
{
"f":[
{
"c":0,"g":-90,"h":1,"i":3,"k":17,"n":0,"p":1,"t":0,"u":0,"v":0,"w":1,"x":-0.17,"y":-26.669
},{
"c":0,"g":-90,"h":1,"i":3,"k":17,"n":1,"p":14,"t":0.07,"u":0,"v":0,"w":1,"x":-0.17,"y":-26.669
},{
"c":0,"g":-90,"h":1,"i":3,"k":17,"n":14,"p":19,"t":1,"u":0,"v":0,"w":1,"x":-0.17,"y":-26.669
},{
"c":0,"g":-90,"h":1,"i":3,"k":17,"n":19,"t":0,"u":0,"v":0,"w":1,"x":-0.17,"y":-26.669
}
]
},{
"fa":[
{
"a":"s","n":0
},{
"a":"s","n":14
}
]
}
],"n":"gui_cs_mal_3_namebase","r":30
},{
"f":20,"l":[
{
"f":[
{
"c":0,"g":-90,"h":1,"i":3,"k":17,"n":0,"p":1,"t":0,"u":0,"v":0,"w":1,"x":-0.17,"y":-26.669
},{
"c":0,"g":-90,"h":1,"i":3,"k":17,"n":1,"p":14,"t":0.07,"u":0,"v":0,"w":1,"x":-0.17,"y":-26.669
},{
"c":0,"g":-90,"h":1,"i":3,"k":17,"n":14,"p":19,"t":1,"u":0,"v":0,"w":1,"x":-0.17,"y":-26.669
},{
"c":0,"g":-90,"h":1,"i":3,"k":17,"n":19,"t":0,"u":0,"v":0,"w":1,"x":-0.17,"y":-26.669
}
]
},{
"fa":[
{
"a":"s","n":0
},{
"a":"s","n":14
}
]
}
],"n":"gui_cs_mal_2_namebase","r":30
},{
"f":20,"l":[
{
"f":[
{
"c":0,"g":-90,"h":1,"i":3,"k":17,"n":0,"p":1,"t":0,"u":0,"v":0,"w":1,"x":-0.17,"y":-26.669
},{
"c":0,"g":-90,"h":1,"i":3,"k":17,"n":1,"p":14,"t":0.07,"u":0,"v":0,"w":1,"x":-0.17,"y":-26.669
},{
"c":0,"g":-90,"h":1,"i":3,"k":17,"n":14,"p":19,"t":1,"u":0,"v":0,"w":1,"x":-0.17,"y":-26.669
},{
"c":0,"g":-90,"h":1,"i":3,"k":17,"n":19,"t":0,"u":0,"v":0,"w":1,"x":-0.17,"y":-26.669
}
]
},{
"fa":[
{
"a":"s","n":0
},{
"a":"s","n":14
}
]
}
],"n":"gui_cs_mal_1_namebase","r":30
},{
"f":20,"l":[
{
"f":[
{
"c":0,"g":-90,"h":1,"i":1,"k":11,"n":0,"p":1,"t":0,"u":0,"v":0,"w":1,"x":0,"y":-26.499
},{
"c":0,"g":-90,"h":1,"i":1,"k":11,"n":1,"p":14,"t":0.07,"u":0,"v":0,"w":1,"x":0,"y":-26.499
},{
"c":0,"g":-90,"h":1,"i":1,"k":11,"n":14,"p":19,"t":1,"u":0,"v":0,"w":1,"x":0,"y":-26.499
},{
"c":0,"g":-90,"h":1,"i":1,"k":11,"n":19,"t":0,"u":0,"v":0,"w":1,"x":0,"y":-26.499
}
]
},{
"fa":[
{
"a":"s","n":0
},{
"a":"s","n":14
}
]
}
],"n":"gui_cs_jay_2_namebase","r":30
},{
"f":20,"l":[
{
"f":[
{
"c":0,"g":-90,"h":1,"i":1,"k":11,"n":0,"p":1,"t":0,"u":0,"v":0,"w":1,"x":0,"y":-26.499
},{
"c":0,"g":-90,"h":1,"i":1,"k":11,"n":1,"p":14,"t":0.07,"u":0,"v":0,"w":1,"x":0,"y":-26.499
},{
"c":0,"g":-90,"h":1,"i":1,"k":11,"n":14,"p":19,"t":1,"u":0,"v":0,"w":1,"x":0,"y":-26.499
},{
"c":0,"g":-90,"h":1,"i":1,"k":11,"n":19,"t":0,"u":0,"v":0,"w":1,"x":0,"y":-26.499
}
]
},{
"fa":[
{
"a":"s","n":0
},{
"a":"s","n":14
}
]
}
],"n":"gui_cs_jay_1_namebase","r":30
},{
"f":20,"l":[
{
"f":[
{
"c":0,"g":-90,"h":1,"i":0,"k":6,"n":0,"p":1,"t":0,"u":0,"v":0,"w":1,"x":87.903,"y":-26.499
},{
"c":0,"g":-90,"h":1,"i":0,"k":6,"n":1,"p":14,"t":0.07,"u":0,"v":0,"w":1,"x":87.903,"y":-26.499
},{
"c":0,"g":-90,"h":1,"i":0,"k":6,"n":14,"p":19,"t":1,"u":0,"v":0,"w":1,"x":87.903,"y":-26.499
},{
"c":0,"g":-90,"h":1,"i":0,"k":6,"n":19,"t":0,"u":0,"v":0,"w":1,"x":87.903,"y":-26.499
}
]
},{
"f":[
{
"c":0,"g":-90,"h":1,"i":0,"k":6,"n":0,"p":1,"t":0,"u":0,"v":0,"w":1,"x":-54.007,"y":-26.499
},{
"c":0,"g":-90,"h":1,"i":0,"k":6,"n":1,"p":14,"t":0.07,"u":0,"v":0,"w":1,"x":-54.007,"y":-26.499
},{
"c":0,"g":-90,"h":1,"i":0,"k":6,"n":14,"p":19,"t":1,"u":0,"v":0,"w":1,"x":-54.007,"y":-26.499
},{
"c":0,"g":-90,"h":1,"i":0,"k":6,"n":19,"t":0,"u":0,"v":0,"w":1,"x":-54.007,"y":-26.499
}
]
},{
"fa":[
{
"a":"s","n":0
},{
"a":"s","n":14
}
]
}
],"n":"gui_cs_harry_gil_namebase","r":30
},{
"f":20,"l":[
{
"f":[
{
"c":0,"g":-90,"h":1,"i":0,"k":5,"n":0,"p":1,"t":0,"u":0,"v":0,"w":1,"x":0,"y":-26.499
},{
"c":0,"g":-90,"h":1,"i":0,"k":5,"n":1,"p":14,"t":0.07,"u":0,"v":0,"w":1,"x":0,"y":-26.499
},{
"c":0,"g":-90,"h":1,"i":0,"k":5,"n":14,"p":19,"t":1,"u":0,"v":0,"w":1,"x":0,"y":-26.499
},{
"c":0,"g":-90,"h":1,"i":0,"k":5,"n":19,"t":0,"u":0,"v":0,"w":1,"x":0,"y":-26.499
}
]
},{
"fa":[
{
"a":"s","n":0
},{
"a":"s","n":14
}
]
}
],"n":"gui_cs_harry_2_namebase","r":30
},{
"f":20,"l":[
{
"f":[
{
"c":0,"g":-90,"h":1,"i":0,"k":5,"n":0,"p":1,"t":0,"u":0,"v":0,"w":1,"x":0,"y":-26.499
},{
"c":0,"g":-90,"h":1,"i":0,"k":5,"n":1,"p":14,"t":0.07,"u":0,"v":0,"w":1,"x":0,"y":-26.499
},{
"c":0,"g":-90,"h":1,"i":0,"k":5,"n":14,"p":19,"t":1,"u":0,"v":0,"w":1,"x":0,"y":-26.499
},{
"c":0,"g":-90,"h":1,"i":0,"k":5,"n":19,"t":0,"u":0,"v":0,"w":1,"x":0,"y":-26.499
}
]
},{
"fa":[
{
"a":"s","n":0
},{
"a":"s","n":14
}
]
}
],"n":"gui_cs_harry_1_namebase","r":30
},{
"f":20,"l":[
{
"f":[
{
"c":0,"g":-90,"h":1,"i":0,"k":6,"n":0,"p":1,"t":0,"u":0,"v":0,"w":1,"x":0,"y":-26.499
},{
"c":0,"g":-90,"h":1,"i":0,"k":6,"n":1,"p":14,"t":0.07,"u":0,"v":0,"w":1,"x":0,"y":-26.499
},{
"c":0,"g":-90,"h":1,"i":0,"k":6,"n":14,"p":19,"t":1,"u":0,"v":0,"w":1,"x":0,"y":-26.499
},{
"c":0,"g":-90,"h":1,"i":0,"k":6,"n":19,"t":0,"u":0,"v":0,"w":1,"x":0,"y":-26.499
}
]
},{
"fa":[
{
"a":"s","n":0
},{
"a":"s","n":14
}
]
}
],"n":"gui_cs_gil_2_namebase","r":30
},{
"f":20,"l":[
{
"f":[
{
"c":0,"g":-90,"h":1,"i":0,"k":6,"n":0,"p":1,"t":0,"u":0,"v":0,"w":1,"x":0,"y":-26.499
},{
"c":0,"g":-90,"h":1,"i":0,"k":6,"n":1,"p":14,"t":0.07,"u":0,"v":0,"w":1,"x":0,"y":-26.499
},{
"c":0,"g":-90,"h":1,"i":0,"k":6,"n":14,"p":19,"t":1,"u":0,"v":0,"w":1,"x":0,"y":-26.499
},{
"c":0,"g":-90,"h":1,"i":0,"k":6,"n":19,"t":0,"u":0,"v":0,"w":1,"x":0,"y":-26.499
}
]
},{
"fa":[
{
"a":"s","n":0
},{
"a":"s","n":14
}
]
}
],"n":"gui_cs_gil_1_namebase","r":30
},{
"f":20,"l":[
{
"f":[
{
"c":0,"g":-90,"h":1,"i":3,"k":14,"n":0,"p":1,"t":0,"u":0,"v":0,"w":1,"x":0,"y":-26.499
},{
"c":0,"g":-90,"h":1,"i":3,"k":14,"n":1,"p":14,"t":0.07,"u":0,"v":0,"w":1,"x":0,"y":-26.499
},{
"c":0,"g":-90,"h":1,"i":3,"k":14,"n":14,"p":19,"t":1,"u":0,"v":0,"w":1,"x":0,"y":-26.499
},{
"c":0,"g":-90,"h":1,"i":3,"k":14,"n":19,"t":0,"u":0,"v":0,"w":1,"x":0,"y":-26.499
}
]
},{
"fa":[
{
"a":"s","n":0
},{
"a":"s","n":14
}
]
}
],"n":"gui_cs_evie_2_namebase","r":30
},{
"f":20,"l":[
{
"f":[
{
"c":0,"g":-90,"h":1,"i":3,"k":14,"n":0,"p":1,"t":0,"u":0,"v":0,"w":1,"x":0,"y":-26.499
},{
"c":0,"g":-90,"h":1,"i":3,"k":14,"n":1,"p":14,"t":0.07,"u":0,"v":0,"w":1,"x":0,"y":-26.499
},{
"c":0,"g":-90,"h":1,"i":3,"k":14,"n":14,"p":19,"t":1,"u":0,"v":0,"w":1,"x":0,"y":-26.499
},{
"c":0,"g":-90,"h":1,"i":3,"k":14,"n":19,"t":0,"u":0,"v":0,"w":1,"x":0,"y":-26.499
}
]
},{
"fa":[
{
"a":"s","n":0
},{
"a":"s","n":14
}
]
}
],"n":"gui_cs_evie_1_namebase","r":30
},{
"f":20,"l":[
{
"f":[
{
"c":0,"g":-90,"h":1,"i":3,"k":13,"n":0,"p":1,"t":0,"u":0,"v":0,"w":1,"x":0,"y":-26.499
},{
"c":0,"g":-90,"h":1,"i":3,"k":13,"n":1,"p":14,"t":0.07,"u":0,"v":0,"w":1,"x":0,"y":-26.499
},{
"c":0,"g":-90,"h":1,"i":3,"k":13,"n":14,"p":19,"t":1,"u":0,"v":0,"w":1,"x":0,"y":-26.499
},{
"c":0,"g":-90,"h":1,"i":3,"k":13,"n":19,"t":0,"u":0,"v":0,"w":1,"x":0,"y":-26.499
}
]
},{
"fa":[
{
"a":"s","n":0
},{
"a":"s","n":14
}
]
}
],"n":"gui_cs_dude_2_namebase","r":30
},{
"f":20,"l":[
{
"f":[
{
"c":0,"g":-90,"h":1,"i":3,"k":13,"n":0,"p":1,"t":0,"u":0,"v":0,"w":1,"x":0,"y":-26.499
},{
"c":0,"g":-90,"h":1,"i":3,"k":13,"n":1,"p":14,"t":0.07,"u":0,"v":0,"w":1,"x":0,"y":-26.499
},{
"c":0,"g":-90,"h":1,"i":3,"k":13,"n":14,"p":19,"t":1,"u":0,"v":0,"w":1,"x":0,"y":-26.499
},{
"c":0,"g":-90,"h":1,"i":3,"k":13,"n":19,"t":0,"u":0,"v":0,"w":1,"x":0,"y":-26.499
}
]
},{
"fa":[
{
"a":"s","n":0
},{
"a":"s","n":14
}
]
}
],"n":"gui_cs_dude_1_namebase","r":30
},{
"f":20,"l":[
{
"f":[
{
"c":0,"g":-90,"h":1,"i":3,"k":13,"n":0,"p":1,"t":0,"u":0,"v":0,"w":1,"x":0,"y":-26.499
},{
"c":0,"g":-90,"h":1,"i":3,"k":13,"n":1,"p":14,"t":0.07,"u":0,"v":0,"w":1,"x":0,"y":-26.499
},{
"c":0,"g":-90,"h":1,"i":3,"k":13,"n":14,"p":19,"t":1,"u":0,"v":0,"w":1,"x":0,"y":-26.499
},{
"c":0,"g":-90,"h":1,"i":3,"k":13,"n":19,"t":0,"u":0,"v":0,"w":1,"x":0,"y":-26.499
}
]
},{
"fa":[
{
"a":"s","n":0
},{
"a":"s","n":14
}
]
}
],"n":"gui_cs_carlos_2_namebase","r":30
},{
"f":20,"l":[
{
"f":[
{
"c":0,"g":-90,"h":1,"i":3,"k":13,"n":0,"p":1,"t":0,"u":0,"v":0,"w":1,"x":0,"y":-26.499
},{
"c":0,"g":-90,"h":1,"i":3,"k":13,"n":1,"p":14,"t":0.07,"u":0,"v":0,"w":1,"x":0,"y":-26.499
},{
"c":0,"g":-90,"h":1,"i":3,"k":13,"n":14,"p":19,"t":1,"u":0,"v":0,"w":1,"x":0,"y":-26.499
},{
"c":0,"g":-90,"h":1,"i":3,"k":13,"n":19,"t":0,"u":0,"v":0,"w":1,"x":0,"y":-26.499
}
]
},{
"fa":[
{
"a":"s","n":0
},{
"a":"s","n":14
}
]
}
],"n":"gui_cs_carlos_1_namebase","r":30
},{
"f":20,"l":[
{
"f":[
{
"c":0,"g":-90,"h":1,"i":3,"k":15,"n":0,"p":1,"t":0,"u":0,"v":0,"w":1,"x":0,"y":-26.499
},{
"c":0,"g":-90,"h":1,"i":3,"k":15,"n":1,"p":14,"t":0.07,"u":0,"v":0,"w":1,"x":0,"y":-26.499
},{
"c":0,"g":-90,"h":1,"i":3,"k":15,"n":14,"p":19,"t":1,"u":0,"v":0,"w":1,"x":0,"y":-26.499
},{
"c":0,"g":-90,"h":1,"i":3,"k":15,"n":19,"t":0,"u":0,"v":0,"w":1,"x":0,"y":-26.499
}
]
},{
"fa":[
{
"a":"s","n":0
},{
"a":"s","n":14
}
]
}
],"n":"gui_cs_ben_5_namebase","r":30
},{
"f":20,"l":[
{
"f":[
{
"c":0,"g":-90,"h":1,"i":3,"k":15,"n":0,"p":1,"t":0,"u":0,"v":0,"w":1,"x":0,"y":-26.499
},{
"c":0,"g":-90,"h":1,"i":3,"k":15,"n":1,"p":14,"t":0.07,"u":0,"v":0,"w":1,"x":0,"y":-26.499
},{
"c":0,"g":-90,"h":1,"i":3,"k":15,"n":14,"p":19,"t":1,"u":0,"v":0,"w":1,"x":0,"y":-26.499
},{
"c":0,"g":-90,"h":1,"i":3,"k":15,"n":19,"t":0,"u":0,"v":0,"w":1,"x":0,"y":-26.499
}
]
},{
"fa":[
{
"a":"s","n":0
},{
"a":"s","n":14
}
]
}
],"n":"gui_cs_ben_4_namebase","r":30
},{
"f":20,"l":[
{
"f":[
{
"c":0,"g":-90,"h":1,"i":3,"k":15,"n":0,"p":1,"t":0,"u":0,"v":0,"w":1,"x":0,"y":-26.499
},{
"c":0,"g":-90,"h":1,"i":3,"k":15,"n":1,"p":14,"t":0.07,"u":0,"v":0,"w":1,"x":0,"y":-26.499
},{
"c":0,"g":-90,"h":1,"i":3,"k":15,"n":14,"p":19,"t":1,"u":0,"v":0,"w":1,"x":0,"y":-26.499
},{
"c":0,"g":-90,"h":1,"i":3,"k":15,"n":19,"t":0,"u":0,"v":0,"w":1,"x":0,"y":-26.499
}
]
},{
"fa":[
{
"a":"s","n":0
},{
"a":"s","n":14
}
]
}
],"n":"gui_cs_ben_3_namebase","r":30
},{
"f":20,"l":[
{
"f":[
{
"c":0,"g":-90,"h":1,"i":3,"k":15,"n":0,"p":1,"t":0,"u":0,"v":0,"w":1,"x":0,"y":-26.499
},{
"c":0,"g":-90,"h":1,"i":3,"k":15,"n":1,"p":14,"t":0.07,"u":0,"v":0,"w":1,"x":0,"y":-26.499
},{
"c":0,"g":-90,"h":1,"i":3,"k":15,"n":14,"p":19,"t":1,"u":0,"v":0,"w":1,"x":0,"y":-26.499
},{
"c":0,"g":-90,"h":1,"i":3,"k":15,"n":19,"t":0,"u":0,"v":0,"w":1,"x":0,"y":-26.499
}
]
},{
"fa":[
{
"a":"s","n":0
},{
"a":"s","n":14
}
]
}
],"n":"gui_cs_ben_2_namebase","r":30
},{
"f":20,"l":[
{
"f":[
{
"c":0,"g":-90,"h":1,"i":3,"k":15,"n":0,"p":1,"t":0,"u":0,"v":0,"w":1,"x":0,"y":-26.499
},{
"c":0,"g":-90,"h":1,"i":3,"k":15,"n":1,"p":14,"t":0.07,"u":0,"v":0,"w":1,"x":0,"y":-26.499
},{
"c":0,"g":-90,"h":1,"i":3,"k":15,"n":14,"p":19,"t":1,"u":0,"v":0,"w":1,"x":0,"y":-26.499
},{
"c":0,"g":-90,"h":1,"i":3,"k":15,"n":19,"t":0,"u":0,"v":0,"w":1,"x":0,"y":-26.499
}
]
},{
"fa":[
{
"a":"s","n":0
},{
"a":"s","n":14
}
]
}
],"n":"gui_cs_ben_1_namebase","r":30
},{
"f":1,"l":[
{
"f":[
{
"c":0,"g":0,"h":1,"i":2,"k":10,"n":0,"t":1,"u":0,"v":0,"w":1,"x":103.5,"y":-261
}
]
},{
"f":[
{
"c":0,"g":0,"h":1,"i":1,"k":1,"n":0,"t":1,"u":0,"v":0,"w":1,"x":-7.5,"y":-101
}
]
}
],"n":"gui_cs_uma_9","r":30
},{
"f":1,"l":[
{
"f":[
{
"c":0,"g":0,"h":1,"i":3,"k":4,"n":0,"t":1,"u":0,"v":0,"w":1,"x":93.5,"y":-237
}
]
},{
"f":[
{
"c":0,"g":0,"h":1,"i":1,"k":1,"n":0,"t":1,"u":0,"v":0,"w":1,"x":-7.5,"y":-101
}
]
}
],"n":"gui_cs_uma_8","r":30
},{
"f":1,"l":[
{
"f":[
{
"c":0,"g":0,"h":1,"i":3,"k":6,"n":0,"t":1,"u":0,"v":0,"w":1,"x":97.5,"y":-213
}
]
},{
"f":[
{
"c":0,"g":0,"h":1,"i":1,"k":1,"n":0,"t":1,"u":0,"v":0,"w":1,"x":-7.5,"y":-101
}
]
}
],"n":"gui_cs_uma_7","r":30
},{
"f":1,"l":[
{
"f":[
{
"c":0,"g":0,"h":1,"i":1,"k":9,"n":0,"t":1,"u":0,"v":0,"w":1,"x":101.5,"y":-219
}
]
},{
"f":[
{
"c":0,"g":0,"h":1,"i":1,"k":1,"n":0,"t":1,"u":0,"v":0,"w":1,"x":-7.5,"y":-101
}
]
}
],"n":"gui_cs_uma_6","r":30
},{
"f":1,"l":[
{
"f":[
{
"c":0,"g":0,"h":1,"i":3,"k":8,"n":0,"t":1,"u":0,"v":0,"w":1,"x":70.291,"y":-291.52
}
]
},{
"f":[
{
"c":0,"g":0,"h":1,"i":1,"k":6,"n":0,"t":1,"u":0,"v":0,"w":1,"x":-2.5,"y":-221
}
]
}
],"n":"gui_cs_uma_5","r":30
},{
"f":1,"l":[
{
"f":[
{
"c":0,"g":0,"h":1,"i":0,"k":0,"n":0,"t":1,"u":0,"v":0,"w":1,"x":30.481,"y":-207.12
}
]
}
],"n":"gui_cs_uma_4","r":30
},{
"f":1,"l":[
{
"f":[
{
"c":0,"g":0,"h":1,"i":1,"k":0,"n":0,"t":1,"u":0,"v":0,"w":1,"x":-8,"y":-101
}
]
}
],"n":"gui_cs_uma_3","r":30
},{
"f":1,"l":[
{
"f":[
{
"c":0,"g":0,"h":1,"i":3,"k":9,"n":0,"t":1,"u":0,"v":0,"w":1,"x":62.5,"y":-151
}
]
},{
"f":[
{
"c":0,"g":0,"h":1,"i":1,"k":1,"n":0,"t":1,"u":0,"v":0,"w":1,"x":-7.5,"y":-101
}
]
}
],"n":"gui_cs_uma_2","r":30
},{
"f":1,"l":[
{
"f":[
{
"c":0,"g":0,"h":1,"i":1,"k":8,"n":0,"t":1,"u":0,"v":0,"w":1,"x":71.291,"y":-169.52
}
]
},{
"f":[
{
"c":0,"g":0,"h":1,"i":1,"k":6,"n":0,"t":1,"u":0,"v":0,"w":1,"x":-2.5,"y":-221
}
]
}
],"n":"gui_cs_uma_1","r":30
},{
"f":0,"l":[

],"n":"gui_cs_nobody","r":30
},{
"f":1,"l":[
{
"f":[
{
"c":0,"g":0,"h":1,"i":1,"k":0,"n":0,"t":1,"u":0,"v":0,"w":1,"x":113,"y":-134
}
]
},{
"f":[
{
"c":0,"g":-90,"h":1,"i":3,"k":0,"n":0,"t":1,"u":0,"v":0,"w":1,"x":-6.749,"y":-219
}
]
},{
"f":[
{
"c":0,"g":0,"h":1,"i":3,"k":11,"n":0,"t":1,"u":0,"v":0,"w":1,"x":-81.476,"y":-206.696
}
]
},{
"f":[
{
"c":0,"g":0,"h":1,"i":1,"k":2,"n":0,"t":1,"u":0,"v":0,"w":1,"x":-132.5,"y":-146
}
]
}
],"n":"gui_cs_mal_ben_uma","r":30
},{
"f":1,"l":[
{
"f":[
{
"c":0,"g":0,"h":1,"i":3,"k":5,"n":0,"t":1,"u":0,"v":0,"w":1,"x":60.614,"y":-280.092
}
]
},{
"f":[
{
"c":0,"g":0,"h":1,"i":1,"k":2,"n":0,"t":1,"u":0,"v":0,"w":1,"x":-7.5,"y":-101
}
]
}
],"n":"gui_cs_mal_8","r":30
},{
"f":1,"l":[
{
"f":[
{
"c":0,"g":0,"h":1,"i":2,"k":14,"n":0,"t":1,"u":0,"v":0,"w":1,"x":69.47,"y":-300.954
}
]
},{
"f":[
{
"c":0,"g":0,"h":1,"i":2,"k":0,"n":0,"t":1,"u":0,"v":0,"w":1,"x":-6.687,"y":-101.307
}
]
}
],"n":"gui_cs_mal_7","r":30
},{
"f":1,"l":[
{
"f":[
{
"c":0,"g":0,"h":1,"i":3,"k":3,"n":0,"t":1,"u":0,"v":0,"w":1,"x":96.584,"y":-267.926
}
]
},{
"f":[
{
"c":0,"g":0,"h":1,"i":2,"k":5,"n":0,"t":1,"u":0,"v":0,"w":1,"x":-2.5,"y":-220
}
]
}
],"n":"gui_cs_mal_6","r":30
},{
"f":1,"l":[
{
"f":[
{
"c":0,"g":0,"h":1,"i":3,"k":7,"n":0,"t":1,"u":0,"v":0,"w":1,"x":60.085,"y":-303.051
}
]
},{
"f":[
{
"c":0,"g":0,"h":1,"i":2,"k":5,"n":0,"t":1,"u":0,"v":0,"w":1,"x":-2.5,"y":-220
}
]
}
],"n":"gui_cs_mal_5","r":30
},{
"f":1,"l":[
{
"f":[
{
"c":0,"g":-10.99,"h":1,"i":0,"k":1,"n":0,"t":1,"u":0,"v":0,"w":1,"x":1.5,"y":-194
}
]
}
],"n":"gui_cs_mal_4","r":30
},{
"f":1,"l":[
{
"f":[
{
"c":0,"g":0,"h":1,"i":3,"k":11,"n":0,"t":1,"u":0,"v":0,"w":1,"x":43.524,"y":-161.696
}
]
},{
"f":[
{
"c":0,"g":0,"h":1,"i":1,"k":2,"n":0,"t":1,"u":0,"v":0,"w":1,"x":-7.5,"y":-101
}
]
}
],"n":"gui_cs_mal_3","r":30
},{
"f":1,"l":[
{
"f":[
{
"c":0,"g":0,"h":1,"i":3,"k":10,"n":0,"t":1,"u":0,"v":0,"w":1,"x":52.47,"y":-180.954
}
]
},{
"f":[
{
"c":0,"g":0,"h":1,"i":2,"k":0,"n":0,"t":1,"u":0,"v":0,"w":1,"x":-6.687,"y":-101.307
}
]
}
],"n":"gui_cs_mal_2","r":30
},{
"f":1,"l":[
{
"f":[
{
"c":0,"g":0,"h":1,"i":3,"k":12,"n":0,"t":1,"u":0,"v":0,"w":1,"x":47.75,"y":-185.257
}
]
},{
"f":[
{
"c":0,"g":0,"h":1,"i":2,"k":5,"n":0,"t":1,"u":0,"v":0,"w":1,"x":-2.5,"y":-220
}
]
}
],"n":"gui_cs_mal_1","r":30
},{
"f":1,"l":[
{
"f":[
{
"c":0,"g":0,"h":1,"i":2,"k":4,"n":0,"t":1,"u":0,"v":0,"w":1,"x":-4,"y":-220
}
]
}
],"n":"gui_cs_jay_2","r":30
},{
"f":1,"l":[
{
"f":[
{
"c":0,"g":0,"h":1,"i":2,"k":2,"n":0,"t":1,"u":0,"v":0,"w":1,"x":-4,"y":-220
}
]
}
],"n":"gui_cs_jay_1","r":30
},{
"f":1,"l":[
{
"f":[
{
"c":0,"g":0,"h":1,"i":0,"k":2,"n":0,"t":1,"u":0,"v":0,"w":1,"x":96,"y":-220
}
]
},{
"f":[
{
"c":0,"g":0,"h":1,"i":0,"k":3,"n":0,"t":1,"u":0,"v":0,"w":1,"x":-88,"y":-220
}
]
}
],"n":"gui_cs_harry_gil","r":30
},{
"f":1,"l":[
{
"f":[
{
"c":0,"g":0,"h":1,"i":2,"k":13,"n":0,"t":1,"u":0,"v":0,"w":1,"x":110.475,"y":-280.512
}
]
},{
"f":[
{
"c":0,"g":0,"h":1,"i":2,"k":1,"n":0,"t":1,"u":0,"v":0,"w":1,"x":-2.5,"y":-220
}
]
}
],"n":"gui_cs_harry_2","r":30
},{
"f":1,"l":[
{
"f":[
{
"c":0,"g":0,"h":1,"i":2,"k":12,"n":0,"t":1,"u":0,"v":0,"w":1,"x":94.5,"y":-180
}
]
},{
"f":[
{
"c":0,"g":0,"h":1,"i":2,"k":1,"n":0,"t":1,"u":0,"v":0,"w":1,"x":-2.5,"y":-220
}
]
}
],"n":"gui_cs_harry_1","r":30
},{
"f":1,"l":[
{
"f":[
{
"c":0,"g":0,"h":1,"i":2,"k":9,"n":0,"t":1,"u":0,"v":0,"w":1,"x":140.089,"y":-317.23
}
]
},{
"f":[
{
"c":0,"g":0,"h":1,"i":1,"k":3,"n":0,"t":1,"u":0,"v":0,"w":1,"x":-2.5,"y":-220
}
]
}
],"n":"gui_cs_gil_2","r":30
},{
"f":1,"l":[
{
"f":[
{
"c":0,"g":0,"h":1,"i":1,"k":10,"n":0,"t":1,"u":0,"v":0,"w":1,"x":74.5,"y":-231
}
]
},{
"f":[
{
"c":0,"g":0,"h":1,"i":1,"k":3,"n":0,"t":1,"u":0,"v":0,"w":1,"x":-2.5,"y":-220
}
]
}
],"n":"gui_cs_gil_1","r":30
},{
"f":1,"l":[
{
"f":[
{
"c":0,"g":0,"h":1,"i":1,"k":5,"n":0,"t":1,"u":0,"v":0,"w":1,"x":-4,"y":-220
}
]
}
],"n":"gui_cs_evie_2","r":30
},{
"f":1,"l":[
{
"f":[
{
"c":0,"g":0,"h":1,"i":1,"k":4,"n":0,"t":1,"u":0,"v":0,"w":1,"x":-4,"y":-220
}
]
}
],"n":"gui_cs_evie_1","r":30
},{
"f":1,"l":[
{
"f":[
{
"c":0,"g":0,"h":1,"i":2,"k":7,"n":0,"t":1,"u":0,"v":0,"w":1,"x":-13.5,"y":-55
}
]
}
],"n":"gui_cs_dude_2","r":30
},{
"f":1,"l":[
{
"f":[
{
"c":0,"g":0,"h":1,"i":2,"k":8,"n":0,"t":1,"u":0,"v":0,"w":1,"x":-13.5,"y":-55
}
]
}
],"n":"gui_cs_dude_1","r":30
},{
"f":1,"l":[
{
"f":[
{
"c":0,"g":0,"h":1,"i":2,"k":3,"n":0,"t":1,"u":0,"v":0,"w":1,"x":-4,"y":-220
}
]
}
],"n":"gui_cs_carlos_2","r":30
},{
"f":1,"l":[
{
"f":[
{
"c":0,"g":0,"h":1,"i":1,"k":7,"n":0,"t":1,"u":0,"v":0,"w":1,"x":-4,"y":-220
}
]
}
],"n":"gui_cs_carlos_1","r":30
},{
"f":1,"l":[
{
"f":[
{
"c":0,"g":0,"h":1,"i":2,"k":11,"n":0,"t":1,"u":0,"v":0,"w":1,"x":142.511,"y":-256.157
}
]
},{
"f":[
{
"c":0,"g":-90,"h":1,"i":3,"k":2,"n":0,"t":1,"u":0,"v":0,"w":1,"x":-2,"y":-220
}
]
}
],"n":"gui_cs_ben_5","r":30
},{
"f":1,"l":[
{
"f":[
{
"c":0,"g":0,"h":1,"i":2,"k":6,"n":0,"t":1,"u":0,"v":0,"w":1,"x":-4,"y":-220
}
]
}
],"n":"gui_cs_ben_4","r":30
},{
"f":1,"l":[
{
"f":[
{
"c":0,"g":-90,"h":1,"i":3,"k":0,"n":0,"t":1,"u":0,"v":0,"w":1,"x":-4,"y":-220
}
]
}
],"n":"gui_cs_ben_3","r":30
},{
"f":1,"l":[
{
"f":[
{
"c":0,"g":270,"h":1,"i":0,"k":7,"n":0,"t":1,"u":0,"v":0,"w":1,"x":50.511,"y":-185.158
}
]
},{
"f":[
{
"c":0,"g":-90,"h":1,"i":3,"k":2,"n":0,"t":1,"u":0,"v":0,"w":1,"x":-2,"y":-220
}
]
}
],"n":"gui_cs_ben_2","r":30
},{
"f":1,"l":[
{
"f":[
{
"c":0,"g":-90,"h":1,"i":3,"k":1,"n":0,"t":1,"u":0,"v":0,"w":1,"x":-4,"y":-220
}
]
}
],"n":"gui_cs_ben_1","r":30
}
],"atlas":[
[
{
"h":483,"n":"","p":322,"q":242,"w":643,"x":1,"y":1
},{
"h":483,"n":"","p":312,"q":242,"w":623,"x":1,"y":485
},{
"h":450,"n":"","p":143,"q":220,"w":299,"x":645,"y":1
},{
"h":450,"n":"","p":145,"q":220,"w":272,"x":625,"y":485
},{
"h":505,"n":"","p":52,"q":250,"w":105,"x":898,"y":485
},{
"h":232,"n":"","p":31,"q":117,"w":63,"x":945,"y":1
},{
"h":232,"n":"","p":31,"q":117,"w":63,"x":945,"y":234
},{
"h":37,"n":"","p":124,"q":19,"w":247,"x":1,"y":969
},{
"h":40,"n":"","p":45,"q":20,"w":90,"x":249,"y":969
},{
"h":60,"n":"","p":30,"q":30,"w":60,"x":625,"y":936
},{
"h":54,"n":"","p":30,"q":27,"w":60,"x":340,"y":969
},{
"h":50,"n":"","p":25,"q":25,"w":50,"x":400,"y":968
},{
"h":50,"n":"","p":25,"q":25,"w":50,"x":451,"y":969
},{
"h":36,"n":"","p":30,"q":18,"w":60,"x":502,"y":969
},{
"h":20,"n":"","p":43,"q":10,"w":86,"x":645,"y":452
}
],[
{
"h":603,"n":"","p":130,"q":295,"w":259,"x":1,"y":1
},{
"h":597,"n":"","p":128,"q":289,"w":259,"x":261,"y":1
},{
"h":578,"n":"","p":107,"q":269,"w":212,"x":521,"y":1
},{
"h":450,"n":"","p":146,"q":220,"w":224,"x":734,"y":1
},{
"h":399,"n":"","p":115,"q":169,"w":240,"x":1,"y":605
},{
"h":399,"n":"","p":110,"q":169,"w":232,"x":261,"y":599
},{
"h":419,"n":"","p":124,"q":189,"w":216,"x":521,"y":580
},{
"h":443,"n":"","p":99,"q":213,"w":183,"x":738,"y":580
},{
"h":227,"n":"","p":46,"q":113,"w":92,"x":922,"y":580
},{
"h":125,"n":"","p":83,"q":63,"w":166,"x":734,"y":452
},{
"h":198,"n":"","p":50,"q":99,"w":99,"x":922,"y":808
},{
"h":232,"n":"","p":31,"q":117,"w":63,"x":959,"y":1
}
],[
{
"h":580,"n":"","p":100,"q":290,"w":195,"x":1,"y":1
},{
"h":450,"n":"","p":144,"q":220,"w":216,"x":197,"y":1
},{
"h":451,"n":"","p":104,"q":221,"w":184,"x":197,"y":452
},{
"h":443,"n":"","p":95,"q":213,"w":182,"x":414,"y":1
},{
"h":451,"n":"","p":99,"q":221,"w":172,"x":414,"y":445
},{
"h":399,"n":"","p":86,"q":169,"w":190,"x":1,"y":582
},{
"h":428,"n":"","p":89,"q":198,"w":169,"x":597,"y":1
},{
"h":225,"n":"","p":127,"q":113,"w":254,"x":767,"y":1
},{
"h":223,"n":"","p":127,"q":112,"w":254,"x":587,"y":445
},{
"h":201,"n":"","p":114,"q":101,"w":228,"x":767,"y":227
},{
"h":207,"n":"","p":86,"q":104,"w":172,"x":842,"y":445
},{
"h":157,"n":"","p":103,"q":79,"w":206,"x":587,"y":669
},{
"h":274,"n":"","p":58,"q":137,"w":116,"x":794,"y":669
},{
"h":181,"n":"","p":81,"q":91,"w":161,"x":587,"y":827
},{
"h":212,"n":"","p":56,"q":106,"w":111,"x":911,"y":669
}
],[
{
"h":175,"n":"","p":230,"q":104,"w":443,"x":1,"y":1
},{
"h":165,"n":"","p":230,"q":93,"w":443,"x":445,"y":1
},{
"h":149,"n":"","p":230,"q":94,"w":441,"x":1,"y":177
},{
"h":170,"n":"","p":80,"q":85,"w":160,"x":1,"y":327
},{
"h":165,"n":"","p":76,"q":83,"w":152,"x":1,"y":498
},{
"h":211,"n":"","p":59,"q":106,"w":117,"x":1,"y":664
},{
"h":150,"n":"","p":81,"q":75,"w":162,"x":162,"y":327
},{
"h":209,"n":"","p":58,"q":105,"w":115,"x":162,"y":478
},{
"h":218,"n":"","p":48,"q":109,"w":95,"x":162,"y":688
},{
"h":228,"n":"","p":42,"q":114,"w":83,"x":325,"y":327
},{
"h":200,"n":"","p":42,"q":100,"w":83,"x":325,"y":556
},{
"h":197,"n":"","p":42,"q":99,"w":83,"x":325,"y":757
},{
"h":197,"n":"","p":42,"q":99,"w":83,"x":409,"y":327
},{
"h":232,"n":"","p":31,"q":117,"w":63,"x":409,"y":525
},{
"h":232,"n":"","p":31,"q":117,"w":63,"x":409,"y":758
},{
"h":232,"n":"","p":31,"q":116,"w":63,"x":493,"y":327
},{
"h":232,"n":"","p":31,"q":116,"w":63,"x":493,"y":560
},{
"h":232,"n":"","p":31,"q":116,"w":63,"x":557,"y":327
}
]
],"meta":{
"atlas":[
"gui_cutscene_image_0.png","gui_cutscene_image_1.png","gui_cutscene_image_2.png","gui_cutscene_image_3.png"
]
}
}
