{
"animations":[
{
"f":1,"l":[
{
"f":[
{
"i":5,"k":4,"n":0,"x":0,"y":0
}
]
}
],"n":"mcGuiTrophy06off","r":30
},{
"f":1,"l":[
{
"f":[
{
"i":5,"k":3,"n":0,"x":0,"y":0
}
]
}
],"n":"mcGuiTrophy06","r":30
},{
"f":1,"l":[
{
"f":[
{
"i":4,"k":7,"n":0,"x":0,"y":0
}
]
}
],"n":"mcGuiTrophy05off","r":30
},{
"f":1,"l":[
{
"f":[
{
"i":5,"k":7,"n":0,"x":0,"y":0
}
]
}
],"n":"mcGuiTrophy05","r":30
},{
"f":1,"l":[
{
"f":[
{
"i":4,"k":5,"n":0,"x":0,"y":0
}
]
}
],"n":"mcGuiTrophy04off","r":30
},{
"f":1,"l":[
{
"f":[
{
"i":1,"k":5,"n":0,"x":0,"y":0
}
]
}
],"n":"mcGuiTrophy04","r":30
},{
"f":1,"l":[
{
"f":[
{
"i":3,"k":10,"n":0,"x":0,"y":0
}
]
}
],"n":"mcGuiTrophy03off","r":30
},{
"f":1,"l":[
{
"f":[
{
"i":3,"k":11,"n":0,"x":0,"y":0
}
]
}
],"n":"mcGuiTrophy03","r":30
},{
"f":1,"l":[
{
"f":[
{
"i":5,"k":8,"n":0,"x":0,"y":0
}
]
}
],"n":"mcGuiTrophy02off","r":30
},{
"f":1,"l":[
{
"f":[
{
"i":5,"k":9,"n":0,"x":0,"y":0
}
]
}
],"n":"mcGuiTrophy02","r":30
},{
"f":1,"l":[
{
"f":[
{
"i":5,"k":10,"n":0,"x":0,"y":0
}
]
}
],"n":"mcGuiTrophy01off","r":30
},{
"f":1,"l":[
{
"f":[
{
"i":5,"k":6,"n":0,"x":0,"y":0
}
]
}
],"n":"mcGuiTrophy01","r":30
},{
"f":1,"l":[
{
"f":[
{
"i":0,"k":9,"n":0,"x":0,"y":0
}
]
}
],"n":"mc_txt_common_center","r":30
},{
"f":1,"l":[
{
"f":[
{
"i":0,"k":9,"n":0,"w":4.777,"x":11,"y":0
}
]
}
],"n":"gui_text_trophy_name","r":30
},{
"f":1,"l":[
{
"f":[
{
"i":0,"k":9,"n":0,"w":3.444,"x":11,"y":0
}
]
}
],"n":"gui_text_trophy_description","r":30
},{
"f":1,"l":[
{
"f":[
{
"h":2.595,"i":0,"k":9,"n":0,"w":6.666,"x":10,"y":0
}
]
}
],"n":"gui_text_title_screens","r":30
},{
"f":1,"l":[
{
"f":[
{
"i":0,"k":9,"n":0,"w":5.222,"x":10,"y":0
}
]
}
],"n":"gui_text_title_popups","r":30
},{
"f":1,"l":[
{
"f":[
{
"h":2.595,"i":0,"k":9,"n":0,"w":5.555,"x":10,"y":0
}
]
}
],"n":"gui_text_title_info","r":30
},{
"f":1,"l":[
{
"f":[
{
"i":0,"k":9,"n":0,"w":2.222,"x":0,"y":0
}
]
}
],"n":"gui_text_selectcharacter_buttons02","r":30
},{
"f":1,"l":[
{
"f":[
{
"h":2.195,"i":0,"k":9,"n":0,"w":1.666,"x":0,"y":0
}
]
}
],"n":"gui_text_selectcharacter_buttons01","r":30
},{
"f":1,"l":[
{
"f":[
{
"i":0,"k":9,"n":0,"w":2.222,"x":0,"y":0
}
]
}
],"n":"gui_text_metamap_info","r":30
},{
"f":1,"l":[
{
"f":[
{
"i":0,"k":9,"n":0,"w":6.111,"x":10,"y":0
}
]
}
],"n":"gui_text_message","r":30
},{
"f":1,"l":[
{
"f":[
{
"h":2.595,"i":0,"k":9,"n":0,"w":6.666,"x":10,"y":0
}
]
}
],"n":"gui_text_info_screens","r":30
},{
"f":1,"l":[
{
"f":[
{
"i":0,"k":9,"n":0,"w":3.333,"x":10,"y":0
}
]
}
],"n":"gui_text_info_popups","r":30
},{
"f":1,"l":[
{
"f":[
{
"i":0,"k":9,"n":0,"w":2,"x":10,"y":0
}
]
}
],"n":"gui_text_endlevel_info03","r":30
},{
"f":1,"l":[
{
"f":[
{
"i":0,"k":9,"n":0,"w":2.777,"x":10,"y":0
}
]
}
],"n":"gui_text_endlevel_info02","r":30
},{
"f":1,"l":[
{
"f":[
{
"i":0,"k":9,"n":0,"w":3.111,"x":10,"y":0
}
]
}
],"n":"gui_text_endlevel_info01","r":30
},{
"f":1,"l":[
{
"f":[
{
"h":2.5,"i":0,"k":9,"n":0,"w":6.666,"x":0,"y":0
}
]
}
],"n":"gui_text_cutscene_introoutro","r":30
},{
"f":50,"l":[
{
"f":[
{
"i":0,"k":10,"n":0,"o":"mcGuiBg","x":0,"y":0
}
]
},{
"f":[
{
"i":0,"k":10,"n":0,"o":"mcGuiCharacter","p":7,"x":563.289,"y":1072.98
},{
"i":0,"k":10,"n":7,"o":"mcGuiCharacter","x":563.289,"y":514.307
}
]
},{
"f":[
{
"h":0.724,"i":0,"k":10,"n":0,"o":"mcGuiDecor01","w":0.724,"x":5.41,"y":515.76
}
]
},{
"f":[
{
"g":168.01,"h":-0.548,"i":0,"k":10,"n":0,"o":"mcGuiDecor02","w":0.548,"x":1001.77,"y":409.947
}
]
},{
"f":[
{
"h":0.4,"i":0,"k":10,"n":0,"o":"mcGuiSupport","p":15,"t":0,"w":0.4,"x":684.511,"y":323.833
},{
"h":0.4,"i":0,"k":10,"n":15,"o":"mcGuiSupport","p":19,"t":0,"w":0.4,"x":684.511,"y":323.833
},{
"i":0,"k":10,"n":19,"o":"mcGuiSupport","p":22,"x":809.279,"y":284.636
},{
"h":0.934,"i":0,"k":10,"n":22,"o":"mcGuiSupport","p":29,"w":0.934,"x":802.722,"y":292.377
},{
"i":0,"k":10,"n":29,"o":"mcGuiSupport","x":809.279,"y":284.636
}
]
},{
"f":[
{
"h":0.8,"i":0,"k":10,"n":0,"o":"mcGuiTrophy","p":20,"t":0,"w":0.8,"x":810.358,"y":174.904
},{
"h":0.8,"i":0,"k":10,"n":20,"o":"mcGuiTrophy","p":24,"t":0,"w":0.8,"x":810.358,"y":174.904
},{
"i":0,"k":10,"n":24,"o":"mcGuiTrophy","p":28,"x":810.359,"y":174.904
},{
"h":1.2,"i":0,"k":10,"n":28,"o":"mcGuiTrophy","p":34,"w":1.2,"x":810.358,"y":174.903
},{
"i":0,"k":10,"n":34,"o":"mcGuiTrophy","x":810.359,"y":174.904
}
]
},{
"f":[
{
"i":0,"k":10,"n":0,"o":"mcGuiTitlebase","p":9,"t":0,"x":793.05,"y":582.9
},{
"i":0,"k":10,"n":9,"o":"mcGuiTitlebase","x":793.05,"y":582.9
}
]
},{
"f":[
{
"g":360,"h":3,"i":0,"k":12,"n":0,"o":"mcGuiBtnTrophy06","p":28,"t":0,"w":3,"x":290.908,"y":416.082
},{
"g":360,"h":3,"i":0,"k":12,"n":28,"o":"mcGuiBtnTrophy06","p":29,"t":0,"w":3,"x":290.908,"y":416.082
},{
"g":360,"h":3,"i":0,"k":12,"n":29,"o":"mcGuiBtnTrophy06","p":34,"w":3,"x":290.908,"y":416.082
},{
"g":360,"i":0,"k":12,"n":34,"o":"mcGuiBtnTrophy06","x":290.909,"y":416.083
}
]
},{
"f":[
{
"h":3,"i":0,"k":12,"n":0,"o":"mcGuiBtnTrophy05","p":26,"t":0,"w":3,"x":356.464,"y":263.136
},{
"h":3,"i":0,"k":12,"n":26,"o":"mcGuiBtnTrophy05","p":27,"t":0,"w":3,"x":356.464,"y":263.136
},{
"h":3,"i":0,"k":12,"n":27,"o":"mcGuiBtnTrophy05","p":32,"w":3,"x":356.464,"y":263.136
},{
"i":0,"k":12,"n":32,"o":"mcGuiBtnTrophy05","x":356.465,"y":263.136
}
]
},{
"f":[
{
"h":3,"i":0,"k":12,"n":0,"o":"mcGuiBtnTrophy04","p":24,"t":0,"w":3,"x":147.942,"y":519.196
},{
"h":3,"i":0,"k":12,"n":24,"o":"mcGuiBtnTrophy04","p":25,"t":0,"w":3,"x":147.942,"y":519.196
},{
"h":3,"i":0,"k":12,"n":25,"o":"mcGuiBtnTrophy04","p":30,"w":3,"x":147.942,"y":519.196
},{
"i":0,"k":12,"n":30,"o":"mcGuiBtnTrophy04","x":147.943,"y":519.197
}
]
},{
"f":[
{
"g":360,"h":3,"i":0,"k":12,"n":0,"o":"mcGuiBtnTrophy03","p":22,"t":0,"w":3,"x":147.864,"y":340.715
},{
"g":360,"h":3,"i":0,"k":12,"n":22,"o":"mcGuiBtnTrophy03","p":23,"t":0,"w":3,"x":147.864,"y":340.715
},{
"g":360,"h":3,"i":0,"k":12,"n":23,"o":"mcGuiBtnTrophy03","p":28,"w":3,"x":147.864,"y":340.715
},{
"g":360,"i":0,"k":12,"n":28,"o":"mcGuiBtnTrophy03","x":147.864,"y":340.715
}
]
},{
"f":[
{
"h":3,"i":0,"k":12,"n":0,"o":"mcGuiBtnTrophy02","p":20,"t":0,"w":3,"x":238.027,"y":169.654
},{
"h":3,"i":0,"k":12,"n":20,"o":"mcGuiBtnTrophy02","p":21,"t":0,"w":3,"x":238.027,"y":169.654
},{
"h":3,"i":0,"k":12,"n":21,"o":"mcGuiBtnTrophy02","p":26,"w":3,"x":238.027,"y":169.654
},{
"i":0,"k":12,"n":26,"o":"mcGuiBtnTrophy02","x":238.028,"y":169.655
}
]
},{
"f":[
{
"h":3,"i":0,"k":12,"n":0,"o":"mcGuiBtnTrophy01","p":18,"t":0,"w":3,"x":409.04,"y":81.136
},{
"h":3,"i":0,"k":12,"n":18,"o":"mcGuiBtnTrophy01","p":19,"t":0,"w":3,"x":409.04,"y":81.136
},{
"h":3,"i":0,"k":12,"n":19,"o":"mcGuiBtnTrophy01","p":24,"w":3,"x":409.04,"y":81.136
},{
"i":0,"k":12,"n":24,"o":"mcGuiBtnTrophy01","x":409.041,"y":81.136
}
]
},{
"f":[
{
"h":1.6,"i":0,"k":11,"n":0,"o":"mcGuiFxBack","w":1.6,"x":79.041,"y":665.136
}
]
},{
"f":[
{
"h":3,"i":0,"k":12,"n":0,"o":"mcGuiBtnBack","p":28,"t":0,"w":3,"x":79.04,"y":665.136
},{
"h":3,"i":0,"k":12,"n":28,"o":"mcGuiBtnBack","p":29,"t":0,"w":3,"x":79.04,"y":665.136
},{
"h":3,"i":0,"k":12,"n":29,"o":"mcGuiBtnBack","p":34,"w":3,"x":79.04,"y":665.136
},{
"i":0,"k":12,"n":34,"o":"mcGuiBtnBack","x":79.041,"y":665.136
}
]
},{
"f":[
{
"i":1,"k":13,"n":0,"o":"mcGuiName","p":25,"t":0,"x":811.359,"y":283.308
},{
"i":1,"k":13,"n":25,"o":"mcGuiName","p":30,"t":0,"x":811.359,"y":283.308
},{
"i":1,"k":13,"n":30,"o":"mcGuiName","x":811.359,"y":283.308
}
]
},{
"f":[
{
"i":1,"k":13,"n":0,"o":"mcGuiInfo","p":29,"t":0,"x":811.359,"y":365.601
},{
"i":1,"k":13,"n":29,"o":"mcGuiInfo","p":34,"t":0,"x":811.359,"y":365.601
},{
"i":1,"k":13,"n":34,"o":"mcGuiInfo","x":811.359,"y":365.601
}
]
},{
"f":[
{
"g":-4.94,"h":0.217,"i":1,"k":13,"n":0,"o":"mcGuiTitleS","p":4,"t":0,"w":0.217,"x":308.826,"y":90.716
},{
"g":-4.94,"h":0.217,"i":1,"k":13,"n":4,"o":"mcGuiTitleS","p":9,"t":0,"w":0.217,"x":659.848,"y":624.608
},{
"g":-4.94,"h":1.303,"i":1,"k":13,"n":9,"o":"mcGuiTitleS","p":13,"w":1.303,"x":659.846,"y":624.606
},{
"g":-4.94,"i":1,"k":13,"n":13,"o":"mcGuiTitleS","p":17,"x":659.847,"y":624.607
},{
"g":-4.94,"h":1.194,"i":1,"k":13,"n":17,"o":"mcGuiTitleS","p":22,"w":1.194,"x":659.846,"y":624.606
},{
"g":-4.94,"i":1,"k":13,"n":22,"o":"mcGuiTitleS","x":659.847,"y":624.607
}
]
},{
"f":[
{
"g":-4.94,"h":0.217,"i":1,"k":13,"n":0,"o":"mcGuiTitle","p":4,"t":0,"w":0.217,"x":311.826,"y":87.716
},{
"g":-4.94,"h":0.217,"i":1,"k":13,"n":4,"o":"mcGuiTitle","p":9,"t":0,"w":0.217,"x":662.848,"y":621.608
},{
"g":-4.94,"h":1.303,"i":1,"k":13,"n":9,"o":"mcGuiTitle","p":13,"w":1.303,"x":662.846,"y":621.605
},{
"g":-4.94,"i":1,"k":13,"n":13,"o":"mcGuiTitle","p":17,"x":662.847,"y":621.607
},{
"g":-4.94,"h":1.194,"i":1,"k":13,"n":17,"o":"mcGuiTitle","p":22,"w":1.194,"x":662.846,"y":621.606
},{
"g":-4.94,"i":1,"k":13,"n":22,"o":"mcGuiTitle","x":662.847,"y":621.607
}
]
},{
"fa":[
{
"a":"ps:SND_UI_CHAR_APPEAR","n":4
},{
"a":"ps:SND_UI_BUTTON_APPEAR","n":29
},{
"a":"sg","n":35
},{
"a":"fg","n":49
}
]
}
],"n":"mcGuiScreenTrophy","r":30
},{
"f":46,"l":[
{
"f":[
{
"i":0,"k":10,"n":0,"o":"mcGuiBg","x":0,"y":0
}
]
},{
"f":[
{
"h":1.763,"i":0,"k":10,"n":0,"o":"mcGuiCharacter2","p":9,"w":1.763,"x":1476.2,"y":1347.48
},{
"i":0,"k":10,"n":9,"o":"mcGuiCharacter2","x":828.696,"y":504.213
}
]
},{
"f":[
{
"h":1.763,"i":0,"k":10,"n":0,"o":"mcGuiCharacter1","p":9,"w":1.763,"x":-482.63,"y":1347.48
},{
"i":0,"k":10,"n":9,"o":"mcGuiCharacter1","x":228.563,"y":504.213
}
]
},{
"f":[
{
"h":3,"i":0,"k":10,"n":0,"o":"mcGuiLogo","p":15,"t":0,"w":3,"x":512,"y":189.04
},{
"h":3,"i":0,"k":10,"n":15,"o":"mcGuiLogo","p":16,"t":0,"w":3,"x":512,"y":189.04
},{
"h":3,"i":0,"k":10,"n":16,"o":"mcGuiLogo","p":20,"w":3,"x":512,"y":189.04
},{
"i":0,"k":10,"n":20,"o":"mcGuiLogo","p":24,"x":512,"y":189.042
},{
"h":1.2,"i":0,"k":10,"n":24,"o":"mcGuiLogo","p":30,"w":1.2,"x":512,"y":189.041
},{
"i":0,"k":10,"n":30,"o":"mcGuiLogo","x":512,"y":189.042
}
]
},{
"f":[
{
"h":0.4,"i":0,"k":10,"n":0,"o":"mcGuiLogo02","p":14,"t":0,"w":0.4,"x":298.276,"y":107.522
},{
"h":0.4,"i":0,"k":10,"n":14,"o":"mcGuiLogo02","w":0.4,"x":298.276,"y":107.522
}
]
},{
"f":[
{
"g":360,"h":2.565,"i":0,"k":11,"n":0,"o":"mcGuiFxPlay","w":2.565,"x":508,"y":419
}
]
},{
"f":[
{
"g":360,"h":3,"i":0,"k":12,"n":0,"o":"mcGuiBtnPlay","p":21,"t":0,"w":3,"x":505,"y":425
},{
"g":360,"h":3,"i":0,"k":12,"n":21,"o":"mcGuiBtnPlay","p":22,"t":0,"w":3,"x":511,"y":431
},{
"g":360,"h":3,"i":0,"k":12,"n":22,"o":"mcGuiBtnPlay","p":26,"w":3,"x":511,"y":431
},{
"g":360,"i":0,"k":12,"n":26,"o":"mcGuiBtnPlay","x":511,"y":431
}
]
},{
"f":[
{
"h":1.6,"i":0,"k":11,"n":0,"o":"mcGuiFxReset","w":1.6,"x":441.562,"y":623.212
}
]
},{
"f":[
{
"h":3,"i":0,"k":12,"n":0,"o":"mcGuiBtnReset","p":23,"t":0,"w":3,"x":441.562,"y":623.213
},{
"h":3,"i":0,"k":12,"n":23,"o":"mcGuiBtnReset","p":24,"t":0,"w":3,"x":441.562,"y":623.213
},{
"h":3,"i":0,"k":12,"n":24,"o":"mcGuiBtnReset","p":28,"w":3,"x":441.562,"y":623.213
},{
"i":0,"k":12,"n":28,"o":"mcGuiBtnReset","x":441.563,"y":623.213
}
]
},{
"f":[
{
"h":1.6,"i":0,"k":11,"n":0,"o":"mcGuiFxTrophies","w":1.6,"x":587.696,"y":623.212
}
]
},{
"f":[
{
"h":3,"i":0,"k":12,"n":0,"o":"mcGuiBtnTrophies","p":25,"t":0,"w":3,"x":587.696,"y":623.213
},{
"h":3,"i":0,"k":12,"n":25,"o":"mcGuiBtnTrophies","p":26,"t":0,"w":3,"x":587.696,"y":623.213
},{
"h":3,"i":0,"k":12,"n":26,"o":"mcGuiBtnTrophies","p":30,"w":3,"x":587.696,"y":623.213
},{
"i":0,"k":12,"n":30,"o":"mcGuiBtnTrophies","x":587.696,"y":623.213
}
]
},{
"f":[
{
"h":1.6,"i":0,"k":11,"n":0,"o":"mcGuiFxTrophies02","w":1.6,"x":507.696,"y":623.212
}
]
},{
"f":[
{
"h":3,"i":0,"k":12,"n":0,"o":"mcGuiBtnTrophies02","p":25,"t":0,"w":3,"x":507.695,"y":623.213
},{
"h":3,"i":0,"k":12,"n":25,"o":"mcGuiBtnTrophies02","p":26,"t":0,"w":3,"x":507.695,"y":623.213
},{
"h":3,"i":0,"k":12,"n":26,"o":"mcGuiBtnTrophies02","p":30,"w":3,"x":507.695,"y":623.213
},{
"i":0,"k":12,"n":30,"o":"mcGuiBtnTrophies02","x":507.696,"y":623.213
}
]
},{
"fa":[
{
"a":"ps:SND_UI_CHAR_APPEAR","n":6
},{
"a":"ps:SND_UI_BUTTON_APPEAR","n":22
},{
"a":"ps:SND_UI_BUTTON_APPEAR","n":24
},{
"a":"ps:SND_UI_BUTTON_APPEAR","n":26
},{
"a":"sg","n":30
},{
"a":"fg","n":45
}
]
}
],"n":"mcGuiScreenMainMenu","r":30
},{
"f":48,"l":[
{
"f":[
{
"i":0,"k":10,"n":0,"o":"mcGuiBg","x":0,"y":0
}
]
},{
"f":[
{
"i":0,"k":10,"n":0,"o":"mcGuiImage","p":11,"t":0,"x":512,"y":373
},{
"i":0,"k":10,"n":11,"o":"mcGuiImage","x":512,"y":373
}
]
},{
"f":[
{
"i":0,"k":10,"n":0,"o":"mcGuiTextBase","p":8,"x":512,"y":999.025
},{
"i":0,"k":10,"n":8,"o":"mcGuiTextBase","p":14,"x":512,"y":999.025
},{
"i":0,"k":10,"n":14,"o":"mcGuiTextBase","x":512,"y":597.9
}
]
},{
"f":[
{
"h":3,"i":0,"k":12,"n":0,"o":"mcGuiButtonMainmenu","p":13,"t":0,"w":3,"x":110,"y":643.848
},{
"h":3,"i":0,"k":12,"n":13,"o":"mcGuiButtonMainmenu","p":14,"t":0,"w":3,"x":110,"y":643.848
},{
"h":3,"i":0,"k":12,"n":14,"o":"mcGuiButtonMainmenu","p":19,"w":3,"x":110,"y":643.848
},{
"i":0,"k":12,"n":19,"o":"mcGuiButtonMainmenu","p":23,"x":110,"y":643.85
},{
"h":1.2,"i":0,"k":12,"n":23,"o":"mcGuiButtonMainmenu","p":31,"w":1.2,"x":110,"y":643.847
},{
"i":0,"k":12,"n":31,"o":"mcGuiButtonMainmenu","x":110,"y":643.85
}
]
},{
"f":[
{
"h":3,"i":0,"k":12,"n":0,"o":"mcGuiButtonNext","p":13,"t":0,"w":3,"x":914,"y":643.848
},{
"h":3,"i":0,"k":12,"n":13,"o":"mcGuiButtonNext","p":14,"t":0,"w":3,"x":914,"y":643.848
},{
"h":3,"i":0,"k":12,"n":14,"o":"mcGuiButtonNext","p":19,"w":3,"x":914,"y":643.848
},{
"i":0,"k":12,"n":19,"o":"mcGuiButtonNext","p":23,"x":914,"y":643.85
},{
"h":1.2,"i":0,"k":12,"n":23,"o":"mcGuiButtonNext","p":31,"w":1.2,"x":914,"y":643.847
},{
"i":0,"k":12,"n":31,"o":"mcGuiButtonNext","x":914,"y":643.85
}
]
},{
"f":[
{
"i":1,"k":13,"n":0,"o":"mcGuiTextInfo","p":12,"t":0,"x":512,"y":650.85
},{
"i":1,"k":13,"n":12,"o":"mcGuiTextInfo","p":18,"t":0,"x":512,"y":650.85
},{
"i":1,"k":13,"n":18,"o":"mcGuiTextInfo","x":512,"y":650.85
}
]
},{
"fa":[
{
"a":"sg","n":31
},{
"a":"s;fg","n":47
}
]
}
],"n":"mcGuiScreenCutscene02Intro","r":30
},{
"f":48,"l":[
{
"f":[
{
"i":0,"k":10,"n":0,"o":"mcGuiBg","x":0,"y":0
}
]
},{
"f":[
{
"i":0,"k":10,"n":0,"o":"mcGuiImage","p":11,"t":0,"x":512,"y":373
},{
"i":0,"k":10,"n":11,"o":"mcGuiImage","x":512,"y":373
}
]
},{
"f":[
{
"i":0,"k":10,"n":0,"o":"mcGuiTextBase","p":8,"x":512,"y":999.025
},{
"i":0,"k":10,"n":8,"o":"mcGuiTextBase","p":14,"x":512,"y":999.025
},{
"i":0,"k":10,"n":14,"o":"mcGuiTextBase","x":512,"y":597.9
}
]
},{
"f":[
{
"h":3,"i":0,"k":12,"n":0,"o":"mcGuiButtonMainmenu","p":13,"t":0,"w":3,"x":110,"y":643.848
},{
"h":3,"i":0,"k":12,"n":13,"o":"mcGuiButtonMainmenu","p":14,"t":0,"w":3,"x":110,"y":643.848
},{
"h":3,"i":0,"k":12,"n":14,"o":"mcGuiButtonMainmenu","p":19,"w":3,"x":110,"y":643.848
},{
"i":0,"k":12,"n":19,"o":"mcGuiButtonMainmenu","p":23,"x":110,"y":643.85
},{
"h":1.2,"i":0,"k":12,"n":23,"o":"mcGuiButtonMainmenu","p":31,"w":1.2,"x":110,"y":643.847
},{
"i":0,"k":12,"n":31,"o":"mcGuiButtonMainmenu","x":110,"y":643.85
}
]
},{
"f":[
{
"h":3,"i":0,"k":12,"n":0,"o":"mcGuiButtonNext","p":13,"t":0,"w":3,"x":914,"y":643.848
},{
"h":3,"i":0,"k":12,"n":13,"o":"mcGuiButtonNext","p":14,"t":0,"w":3,"x":914,"y":643.848
},{
"h":3,"i":0,"k":12,"n":14,"o":"mcGuiButtonNext","p":19,"w":3,"x":914,"y":643.848
},{
"i":0,"k":12,"n":19,"o":"mcGuiButtonNext","p":23,"x":914,"y":643.85
},{
"h":1.2,"i":0,"k":12,"n":23,"o":"mcGuiButtonNext","p":31,"w":1.2,"x":914,"y":643.847
},{
"i":0,"k":12,"n":31,"o":"mcGuiButtonNext","x":914,"y":643.85
}
]
},{
"f":[
{
"i":1,"k":13,"n":0,"o":"mcGuiTextInfo","p":12,"t":0,"x":512,"y":650.85
},{
"i":1,"k":13,"n":12,"o":"mcGuiTextInfo","p":18,"t":0,"x":512,"y":650.85
},{
"i":1,"k":13,"n":18,"o":"mcGuiTextInfo","x":512,"y":650.85
}
]
},{
"fa":[
{
"a":"sg","n":31
},{
"a":"s;fg","n":47
}
]
}
],"n":"mcGuiScreenCutscene01Intro","r":30
},{
"f":1,"l":[
{
"f":[
{
"g":-90,"i":1,"k":1,"n":0,"x":0,"y":0
}
]
}
],"n":"gui_screens_trophies_character01","r":30
},{
"f":1,"l":[
{
"f":[
{
"h":1.606,"i":3,"k":3,"n":0,"w":1.606,"x":0,"y":12
}
]
}
],"n":"gui_screens_trophies_base01","r":30
},{
"f":100,"l":[
{
"f":[
{
"h":2.979,"i":0,"k":1,"n":0,"w":2.979,"x":512,"y":384
}
]
},{
"f":[
{
"h":1.34,"i":3,"k":0,"n":0,"w":1.333,"x":512,"y":384
}
]
},{
"f":[
{
"h":2,"i":3,"k":6,"n":0,"p":40,"t":0,"w":2,"x":785.568,"y":175.908
},{
"h":2,"i":3,"k":6,"n":40,"p":99,"w":2,"x":785.568,"y":175.908
},{
"h":2,"i":3,"k":6,"n":99,"t":0,"w":2,"x":785.568,"y":175.908
}
]
},{
"f":[
{
"h":2,"i":0,"k":5,"n":0,"p":49,"t":0.392,"w":2,"x":204.464,"y":63.63
},{
"h":2,"i":0,"k":5,"n":49,"p":99,"t":0.117,"w":2,"x":204.464,"y":63.63
},{
"h":2,"i":0,"k":5,"n":99,"t":0.392,"w":2,"x":204.464,"y":63.63
}
]
},{
"f":[
{
"h":2,"i":0,"k":4,"n":0,"p":49,"w":2,"x":507.706,"y":445.308
},{
"h":2,"i":0,"k":4,"n":49,"p":99,"t":0.588,"w":2,"x":507.706,"y":445.308
},{
"h":2,"i":0,"k":4,"n":99,"w":2,"x":507.706,"y":445.308
}
]
},{
"f":[
{
"i":0,"k":2,"n":0,"p":49,"x":491.582,"y":401.212
},{
"i":0,"k":2,"n":49,"p":99,"t":0.784,"x":491.582,"y":401.212
},{
"i":0,"k":2,"n":99,"x":491.582,"y":401.212
}
]
},{
"f":[
{
"h":0.702,"i":0,"k":2,"n":0,"p":24,"t":0.784,"w":-0.702,"x":548.271,"y":440.117
},{
"h":0.702,"i":0,"k":2,"n":24,"p":49,"w":-0.702,"x":548.271,"y":440.117
},{
"h":0.702,"i":0,"k":2,"n":49,"p":74,"t":0.784,"w":-0.702,"x":548.271,"y":440.117
},{
"h":0.702,"i":0,"k":2,"n":74,"p":99,"w":-0.702,"x":548.271,"y":440.117
},{
"h":0.702,"i":0,"k":2,"n":99,"t":0.784,"w":-0.702,"x":548.271,"y":440.117
}
]
},{
"f":[
{
"i":3,"k":1,"n":0,"p":49,"x":779.927,"y":518.123
},{
"i":3,"k":1,"n":49,"p":99,"x":779.927,"y":522.123
},{
"i":3,"k":1,"n":99,"x":779.927,"y":518.123
}
]
},{
"f":[
{
"i":3,"k":2,"n":0,"p":49,"x":268.488,"y":612.898
},{
"i":3,"k":2,"n":49,"p":99,"x":268.488,"y":616.898
},{
"i":3,"k":2,"n":99,"x":268.488,"y":612.898
}
]
},{
"f":[
{
"h":2,"i":1,"k":6,"n":0,"p":49,"t":0.196,"w":2,"x":753.209,"y":667.192
},{
"h":2,"i":1,"k":6,"n":49,"p":99,"w":2,"x":753.209,"y":667.192
},{
"h":2,"i":1,"k":6,"n":99,"t":0.196,"w":2,"x":753.209,"y":667.192
}
]
},{
"f":[
{
"h":2,"i":1,"k":6,"n":0,"p":49,"t":0.392,"w":2,"x":753.209,"y":667.192
},{
"h":2,"i":1,"k":6,"n":49,"p":99,"w":2,"x":753.209,"y":667.192
},{
"h":2,"i":1,"k":6,"n":99,"t":0.392,"w":2,"x":753.209,"y":667.192
}
]
},{
"f":[
{
"h":2,"i":3,"k":5,"n":0,"p":49,"t":0.588,"w":2,"x":242.574,"y":243.27
},{
"h":2,"i":3,"k":5,"n":49,"p":99,"w":2,"x":242.574,"y":243.27
},{
"h":2,"i":3,"k":5,"n":99,"t":0.588,"w":2,"x":242.574,"y":243.27
}
]
},{
"f":[
{
"h":2,"i":3,"k":4,"n":0,"p":49,"w":2,"x":741.764,"y":276.282
},{
"h":2,"i":3,"k":4,"n":49,"p":99,"t":0.392,"w":2,"x":741.764,"y":276.282
},{
"h":2,"i":3,"k":4,"n":99,"w":2,"x":741.764,"y":276.282
}
]
},{
"f":[
{
"h":2,"i":1,"k":7,"n":0,"p":49,"t":0.47,"w":2,"x":489.465,"y":480.206
},{
"h":2,"i":1,"k":7,"n":49,"p":99,"w":2,"x":489.465,"y":480.206
},{
"h":2,"i":1,"k":7,"n":99,"t":0.47,"w":2,"x":489.465,"y":480.206
}
]
},{
"f":[
{
"h":2,"i":3,"k":9,"n":0,"p":49,"w":2,"x":232.387,"y":653.795
},{
"h":2,"i":3,"k":9,"n":49,"p":99,"t":0.588,"w":2,"x":232.387,"y":653.795
},{
"h":2,"i":3,"k":9,"n":99,"w":2,"x":232.387,"y":653.795
}
]
},{
"f":[
{
"h":2,"i":3,"k":9,"n":0,"p":49,"w":2,"x":232.387,"y":653.795
},{
"h":2,"i":3,"k":9,"n":49,"p":99,"t":0.078,"w":2,"x":232.387,"y":653.795
},{
"h":2,"i":3,"k":9,"n":99,"w":2,"x":232.387,"y":653.795
}
]
},{
"f":[
{
"h":0.835,"i":0,"k":14,"n":0,"p":55,"t":0,"w":0.835,"x":841.162,"y":198.762
},{
"h":0.835,"i":0,"k":14,"n":55,"p":64,"t":0,"w":0.835,"x":841.162,"y":198.762
},{
"h":0.835,"i":0,"k":14,"n":64,"p":74,"w":0.835,"x":841.162,"y":198.762
},{
"h":0.835,"i":0,"k":14,"n":74,"t":0,"w":0.835,"x":841.162,"y":198.762
},{
"h":0.835,"i":0,"k":14,"n":99,"t":0,"w":0.835,"x":841.162,"y":198.762
}
]
},{
"f":[
{
"i":0,"k":14,"n":0,"p":10,"x":915.116,"y":171.731
},{
"i":0,"k":14,"n":10,"p":11,"t":0,"x":915.116,"y":171.731
},{
"i":0,"k":14,"n":11,"p":14,"x":915.116,"y":171.731
},{
"i":0,"k":14,"n":14,"p":67,"t":0.603,"x":915.116,"y":171.731
},{
"i":0,"k":14,"n":67,"p":76,"x":915.116,"y":171.731
},{
"i":0,"k":14,"n":76,"p":86,"t":0,"x":915.116,"y":171.731
},{
"i":0,"k":14,"n":86,"x":915.116,"y":171.731
},{
"i":0,"k":14,"n":99,"x":915.116,"y":171.731
}
]
},{
"f":[
{
"i":0,"k":13,"n":0,"p":32,"t":0,"x":755.987,"y":124.808
},{
"i":0,"k":13,"n":32,"p":41,"t":0,"x":755.987,"y":124.808
},{
"i":0,"k":13,"n":41,"p":51,"x":755.987,"y":124.808
},{
"i":0,"k":13,"n":51,"t":0,"x":755.987,"y":124.808
},{
"i":0,"k":13,"n":99,"t":0,"x":755.987,"y":124.808
}
]
},{
"f":[
{
"h":0.713,"i":0,"k":13,"n":0,"p":36,"t":0.196,"w":0.713,"x":854.933,"y":72.275
},{
"h":0.713,"i":0,"k":13,"n":36,"p":45,"t":0.196,"w":0.713,"x":854.933,"y":72.275
},{
"h":0.713,"i":0,"k":13,"n":45,"p":55,"t":0.392,"w":0.713,"x":854.933,"y":72.275
},{
"h":0.713,"i":0,"k":13,"n":55,"t":0.196,"w":0.713,"x":854.933,"y":72.275
},{
"h":0.713,"i":0,"k":13,"n":99,"t":0.196,"w":0.713,"x":854.933,"y":72.275
}
]
},{
"f":[
{
"h":0.67,"i":0,"k":13,"n":0,"p":2,"w":0.67,"x":713.144,"y":83.496
},{
"h":0.67,"i":0,"k":13,"n":2,"p":4,"t":0.349,"w":0.67,"x":713.144,"y":83.496
},{
"h":0.67,"i":0,"k":13,"n":4,"p":8,"w":0.67,"x":713.144,"y":83.496
},{
"h":0.67,"i":0,"k":13,"n":8,"p":10,"w":0.67,"x":713.144,"y":83.496
},{
"h":0.67,"i":0,"k":13,"n":10,"p":12,"t":0.349,"w":0.67,"x":713.144,"y":83.496
},{
"h":0.67,"i":0,"k":13,"n":12,"p":26,"w":0.67,"x":713.144,"y":83.496
},{
"h":0.67,"i":0,"k":13,"n":26,"p":35,"w":0.67,"x":713.144,"y":83.496
},{
"h":0.67,"i":0,"k":13,"n":35,"p":45,"t":0,"w":0.67,"x":713.144,"y":83.496
},{
"h":0.67,"i":0,"k":13,"n":45,"w":0.67,"x":713.144,"y":83.496
},{
"h":0.67,"i":0,"k":13,"n":99,"w":0.67,"x":713.144,"y":83.496
}
]
},{
"f":[
{
"i":0,"k":16,"n":0,"p":14,"x":304.817,"y":151.13
},{
"i":0,"k":16,"n":14,"p":29,"w":0.752,"x":302.343,"y":151.13
},{
"i":0,"k":16,"n":29,"x":304.817,"y":151.13
},{
"i":0,"k":16,"n":31,"p":45,"x":304.817,"y":151.13
},{
"i":0,"k":16,"n":45,"p":60,"w":0.752,"x":302.343,"y":151.13
},{
"i":0,"k":16,"n":60,"x":304.817,"y":151.13
},{
"i":0,"k":16,"n":70,"p":84,"x":304.817,"y":151.13
},{
"i":0,"k":16,"n":84,"p":99,"w":0.752,"x":302.343,"y":151.13
},{
"i":0,"k":16,"n":99,"x":304.817,"y":151.13
}
]
},{
"f":[
{
"i":0,"k":16,"n":0,"p":19,"x":284.783,"y":139.648
},{
"i":0,"k":16,"n":19,"p":34,"w":1.021,"x":285.01,"y":139.648
},{
"i":0,"k":16,"n":34,"p":49,"w":0.624,"x":281.023,"y":139.648
},{
"i":0,"k":16,"n":49,"x":284.783,"y":139.648
},{
"i":0,"k":16,"n":50,"p":69,"x":284.783,"y":139.648
},{
"i":0,"k":16,"n":69,"p":84,"w":1.021,"x":285.01,"y":139.648
},{
"i":0,"k":16,"n":84,"p":99,"w":0.624,"x":281.023,"y":139.648
},{
"i":0,"k":16,"n":99,"x":284.783,"y":139.648
}
]
},{
"f":[
{
"i":0,"k":16,"n":0,"p":19,"x":225.04,"y":197.621
},{
"i":0,"k":16,"n":19,"p":34,"w":1.021,"x":225.266,"y":197.62
},{
"i":0,"k":16,"n":34,"p":49,"w":0.624,"x":221.28,"y":197.621
},{
"i":0,"k":16,"n":49,"x":225.04,"y":197.621
},{
"i":0,"k":16,"n":50,"p":69,"x":225.04,"y":197.621
},{
"i":0,"k":16,"n":69,"p":84,"w":1.021,"x":225.266,"y":197.62
},{
"i":0,"k":16,"n":84,"p":99,"w":0.624,"x":221.28,"y":197.621
},{
"i":0,"k":16,"n":99,"x":225.04,"y":197.621
}
]
},{
"f":[
{
"g":12.01,"i":0,"k":16,"n":0,"p":14,"x":247.614,"y":167.172
},{
"g":12.01,"i":0,"k":16,"n":14,"p":29,"w":0.752,"x":245.193,"y":166.657
},{
"g":12.01,"i":0,"k":16,"n":29,"x":247.614,"y":167.172
},{
"g":12.01,"i":0,"k":16,"n":31,"p":45,"x":247.614,"y":167.172
},{
"g":12.01,"i":0,"k":16,"n":45,"p":60,"w":0.752,"x":245.193,"y":166.657
},{
"g":12.01,"i":0,"k":16,"n":60,"x":247.614,"y":167.172
},{
"g":12.01,"i":0,"k":16,"n":70,"p":84,"x":247.614,"y":167.172
},{
"g":12.01,"i":0,"k":16,"n":84,"p":99,"w":0.752,"x":245.193,"y":166.657
},{
"g":12.01,"i":0,"k":16,"n":99,"x":247.614,"y":167.172
}
]
},{
"f":[
{
"g":12.01,"i":0,"k":16,"n":0,"p":24,"x":171.972,"y":141.561
},{
"g":12.01,"i":0,"k":16,"n":24,"p":49,"w":0.597,"x":168.03,"y":140.722
},{
"g":12.01,"i":0,"k":16,"n":49,"p":73,"x":171.972,"y":141.561
},{
"g":12.01,"i":0,"k":16,"n":73,"p":99,"w":0.597,"x":168.03,"y":140.722
},{
"g":12.01,"i":0,"k":16,"n":99,"x":171.972,"y":141.561
}
]
},{
"f":[
{
"g":12.01,"i":0,"k":16,"n":0,"p":24,"x":215.705,"y":115.913
},{
"g":12.01,"i":0,"k":16,"n":24,"p":49,"w":0.887,"x":214.601,"y":115.679
},{
"g":12.01,"i":0,"k":16,"n":49,"p":73,"x":215.705,"y":115.913
},{
"g":12.01,"i":0,"k":16,"n":73,"p":99,"w":0.597,"x":211.762,"y":115.074
},{
"g":12.01,"i":0,"k":16,"n":99,"x":215.705,"y":115.913
}
]
},{
"f":[
{
"i":0,"k":3,"n":0,"x":159.367,"y":58.238
}
]
},{
"f":[
{
"h":1.053,"i":0,"k":3,"n":0,"w":1.062,"x":175.89,"y":70.746
}
]
},{
"f":[
{
"h":1.084,"i":0,"k":3,"n":0,"w":1.061,"x":718.162,"y":73.798
}
]
},{
"f":[
{
"h":0.847,"i":0,"k":3,"n":0,"w":0.847,"x":696.022,"y":49.258
}
]
},{
"f":[
{
"i":0,"k":3,"n":0,"x":862.239,"y":646.741
}
]
},{
"f":[
{
"i":0,"k":3,"n":0,"x":862.239,"y":662.741
}
]
},{
"f":[
{
"h":1.079,"i":0,"k":3,"n":0,"w":1.079,"x":148.403,"y":478.672
}
]
},{
"f":[
{
"h":0.828,"i":0,"k":3,"n":0,"w":0.828,"x":111.026,"y":445.372
}
]
},{
"f":[
{
"h":2,"i":5,"k":2,"n":0,"w":2,"x":-153.632,"y":384
}
]
},{
"f":[
{
"h":2,"i":5,"k":2,"n":0,"w":-2,"x":1182.03,"y":384
}
]
},{
"f":[
{
"h":12,"i":0,"k":8,"n":0,"w":8.652,"x":-500.921,"y":384
}
]
},{
"f":[
{
"h":12,"i":0,"k":8,"n":0,"w":8.652,"x":1524.64,"y":384
}
]
}
],"n":"gui_screens_metamap_bg","r":30
},{
"f":1,"l":[
{
"f":[
{
"i":0,"k":3,"n":0,"x":452.119,"y":306.209
}
]
},{
"f":[
{
"h":0.842,"i":0,"k":3,"n":0,"w":0.842,"x":434.806,"y":288.811
}
]
}
],"n":"gui_screens_metamap_basetitle_opensea","r":30
},{
"f":1,"l":[
{
"f":[
{
"i":4,"k":1,"n":0,"x":4.271,"y":34.986
}
]
}
],"n":"gui_screens_mainmenu_character02","r":30
},{
"f":1,"l":[
{
"f":[
{
"i":4,"k":0,"n":0,"x":-1,"y":31
}
]
}
],"n":"gui_screens_mainmenu_character01","r":30
},{
"f":1,"l":[
{
"f":[
{
"h":2.979,"i":0,"k":1,"n":0,"w":2.979,"x":512,"y":384
}
]
},{
"f":[
{
"i":0,"k":0,"n":0,"x":512,"y":384
}
]
},{
"f":[
{
"i":4,"k":2,"n":0,"x":115.896,"y":621.533
}
]
},{
"f":[
{
"g":37.29,"i":4,"k":2,"n":0,"w":-1,"x":285.549,"y":709.096
}
]
},{
"f":[
{
"g":-69.23,"i":4,"k":2,"n":0,"w":-1,"x":429.663,"y":763.822
}
]
},{
"f":[
{
"g":-96.62,"i":4,"k":2,"n":0,"w":-1,"x":-72.595,"y":773.736
}
]
},{
"f":[
{
"h":2,"i":5,"k":2,"n":0,"w":2,"x":-153.632,"y":384
}
]
},{
"f":[
{
"h":2,"i":5,"k":2,"n":0,"w":-2,"x":1182.03,"y":384
}
]
},{
"f":[
{
"h":12,"i":0,"k":8,"n":0,"w":8.652,"x":-500.921,"y":384
}
]
},{
"f":[
{
"h":12,"i":0,"k":8,"n":0,"w":8.652,"x":1524.64,"y":384
}
]
}
],"n":"gui_screens_mainmenu_bg02","r":30
},{
"f":1,"l":[
{
"f":[
{
"h":2.979,"i":0,"k":1,"n":0,"w":2.979,"x":512,"y":384
}
]
},{
"f":[
{
"h":2,"i":1,"k":2,"n":0,"w":2,"x":512,"y":384
}
]
},{
"f":[
{
"i":4,"k":2,"n":0,"x":115.896,"y":621.533
}
]
},{
"f":[
{
"g":37.29,"i":4,"k":2,"n":0,"w":-1,"x":285.549,"y":709.096
}
]
},{
"f":[
{
"g":-69.23,"i":4,"k":2,"n":0,"w":-1,"x":429.663,"y":763.822
}
]
},{
"f":[
{
"g":-96.62,"i":4,"k":2,"n":0,"w":-1,"x":-72.595,"y":773.736
}
]
},{
"f":[
{
"h":2,"i":5,"k":2,"n":0,"w":2,"x":-153.632,"y":384
}
]
},{
"f":[
{
"h":2,"i":5,"k":2,"n":0,"w":-2,"x":1182.03,"y":384
}
]
},{
"f":[
{
"h":12,"i":0,"k":8,"n":0,"w":8.652,"x":-500.921,"y":384
}
]
},{
"f":[
{
"h":12,"i":0,"k":8,"n":0,"w":8.652,"x":1524.64,"y":384
}
]
}
],"n":"gui_screens_mainmenu_bg","r":30
},{
"f":140,"l":[
{
"f":[
{
"i":2,"k":4,"n":0,"x":0,"y":0
}
]
},{
"f":[
{
"g":360,"h":0.491,"i":1,"k":10,"n":0,"p":14,"t":0,"w":0.491,"x":-38.299,"y":-42.494
},{
"g":180,"i":1,"k":10,"n":14,"p":29,"x":-37.298,"y":-44.494
},{
"h":1.048,"i":1,"k":10,"n":29,"t":0,"w":1.048,"x":-38.299,"y":-42.494
}
]
},{
"f":[
{
"g":360,"h":0.358,"i":1,"k":10,"n":0,"p":27,"t":0,"w":0.358,"x":72.851,"y":74.476
},{
"g":360,"h":0.358,"i":1,"k":10,"n":27,"p":41,"t":0,"w":0.358,"x":72.851,"y":74.476
},{
"g":180,"h":0.73,"i":1,"k":10,"n":41,"p":56,"w":0.73,"x":73.582,"y":73.016
},{
"h":0.765,"i":1,"k":10,"n":56,"t":0,"w":0.765,"x":72.851,"y":74.476
}
]
},{
"f":[
{
"g":360,"h":0.411,"i":1,"k":10,"n":0,"p":59,"t":0,"w":0.411,"x":-75.927,"y":-88.816
},{
"g":360,"h":0.411,"i":1,"k":10,"n":59,"p":73,"t":0,"w":0.411,"x":-75.927,"y":-88.816
},{
"g":180,"h":0.838,"i":1,"k":10,"n":73,"p":88,"w":0.838,"x":-75.088,"y":-90.492
},{
"h":0.878,"i":1,"k":10,"n":88,"t":0,"w":0.878,"x":-75.927,"y":-88.816
}
]
},{
"f":[
{
"g":360,"h":0.579,"i":1,"k":10,"n":0,"p":72,"t":0,"w":0.579,"x":3.76,"y":41.004
},{
"g":360,"h":0.579,"i":1,"k":10,"n":72,"p":86,"t":0,"w":0.579,"x":3.76,"y":41.004
},{
"g":180,"h":1.178,"i":1,"k":10,"n":86,"p":101,"w":1.178,"x":4.938,"y":38.646
},{
"h":1.235,"i":1,"k":10,"n":101,"t":0,"w":1.235,"x":3.76,"y":41.004
}
]
},{
"f":[
{
"i":0,"k":15,"n":0,"p":59,"t":0,"u":2.902,"v":2.68,"x":-66.649,"y":-86.48
},{
"i":0,"k":15,"n":59,"p":73,"t":0,"u":2.902,"v":2.68,"x":-66.649,"y":-86.48
},{
"i":0,"k":15,"n":73,"p":88,"t":0.784,"u":2.902,"v":2.68,"x":-66.649,"y":-86.48
},{
"i":0,"k":15,"n":88,"t":0,"u":2.902,"v":2.68,"x":-66.649,"y":-86.48
}
]
},{
"f":[
{
"i":0,"k":15,"n":0,"p":27,"t":0,"u":2.902,"v":2.68,"x":69.21,"y":81.715
},{
"i":0,"k":15,"n":27,"p":41,"t":0,"u":2.902,"v":2.68,"x":69.21,"y":81.715
},{
"i":0,"k":15,"n":41,"p":56,"t":0.784,"u":2.902,"v":2.68,"x":69.21,"y":81.715
},{
"i":0,"k":15,"n":56,"t":0,"u":2.902,"v":2.68,"x":69.21,"y":81.715
}
]
},{
"f":[
{
"i":0,"k":7,"n":0,"p":14,"t":0,"x":-55.245,"y":-21.689
},{
"i":0,"k":7,"n":14,"p":29,"t":0.784,"x":-55.245,"y":-21.689
},{
"i":0,"k":7,"n":29,"t":0,"x":-55.245,"y":-21.689
}
]
},{
"f":[
{
"g":-38.79,"h":0.735,"i":0,"k":7,"n":0,"p":59,"t":0,"w":0.735,"x":-1.482,"y":37.66
},{
"g":-38.79,"h":0.735,"i":0,"k":7,"n":59,"p":73,"t":0,"w":0.735,"x":-1.482,"y":37.66
},{
"g":-38.79,"h":0.735,"i":0,"k":7,"n":73,"p":88,"t":0.784,"w":0.735,"x":-1.482,"y":37.66
},{
"g":-38.79,"h":0.735,"i":0,"k":7,"n":88,"t":0,"w":0.735,"x":-1.482,"y":37.66
}
]
}
],"n":"gui_screens_decor","r":30
},{
"f":1,"l":[
{
"f":[
{
"i":1,"k":0,"n":0,"x":0,"y":-56.9
}
]
}
],"n":"gui_cutscene_intro02","r":30
},{
"f":1,"l":[
{
"f":[
{
"i":2,"k":0,"n":0,"x":0,"y":-56.9
}
]
}
],"n":"gui_cutscene_intro01","r":30
},{
"f":32,"l":[
{
"f":[
{
"i":0,"k":10,"n":0,"o":"mcGuiBg","x":0,"y":0
}
]
},{
"f":[
{
"h":1.048,"i":0,"k":10,"n":0,"o":"mcGuiDecor01","w":1.048,"x":71.768,"y":696.223
}
]
},{
"f":[
{
"g":168.01,"h":-1,"i":0,"k":10,"n":0,"o":"mcGuiDecor02","x":950.499,"y":519.914
}
]
},{
"f":[
{
"i":0,"k":10,"n":0,"o":"mcGuiCharacter","p":9,"x":687.225,"y":1142.47
},{
"i":0,"k":10,"n":9,"o":"mcGuiCharacter","x":687.225,"y":497.523
}
]
},{
"f":[
{
"i":0,"k":10,"n":0,"o":"mcGuiTitlebase","p":9,"t":0,"x":505,"y":50
},{
"i":0,"k":10,"n":9,"o":"mcGuiTitlebase","x":505,"y":50
}
]
},{
"f":[
{
"g":-4.94,"h":0.217,"i":1,"k":13,"n":0,"o":"mcGuiTitleS","p":3,"t":0,"w":0.217,"x":308.826,"y":90.716
},{
"g":-4.94,"h":0.217,"i":1,"k":13,"n":3,"o":"mcGuiTitleS","p":6,"t":0,"w":0.217,"x":308.826,"y":90.716
},{
"g":-4.94,"h":1.303,"i":1,"k":13,"n":6,"o":"mcGuiTitleS","p":9,"w":1.303,"x":308.826,"y":90.716
},{
"g":-4.94,"i":1,"k":13,"n":9,"o":"mcGuiTitleS","p":13,"x":308.826,"y":90.716
},{
"g":-4.94,"h":1.194,"i":1,"k":13,"n":13,"o":"mcGuiTitleS","p":16,"w":1.194,"x":308.826,"y":90.716
},{
"g":-4.94,"i":1,"k":13,"n":16,"o":"mcGuiTitleS","x":308.826,"y":90.716
}
]
},{
"f":[
{
"g":-4.94,"h":0.217,"i":1,"k":13,"n":0,"o":"mcGuiTitle","p":3,"t":0,"w":0.217,"x":311.826,"y":87.716
},{
"g":-4.94,"h":0.217,"i":1,"k":13,"n":3,"o":"mcGuiTitle","p":6,"t":0,"w":0.217,"x":311.826,"y":87.716
},{
"g":-4.94,"h":1.303,"i":1,"k":13,"n":6,"o":"mcGuiTitle","p":9,"w":1.303,"x":311.826,"y":87.716
},{
"g":-4.94,"i":1,"k":13,"n":9,"o":"mcGuiTitle","p":13,"x":311.826,"y":87.716
},{
"g":-4.94,"h":1.194,"i":1,"k":13,"n":13,"o":"mcGuiTitle","p":16,"w":1.194,"x":311.825,"y":87.716
},{
"g":-4.94,"i":1,"k":13,"n":16,"o":"mcGuiTitle","x":311.826,"y":87.716
}
]
},{
"f":[
{
"g":-8,"i":1,"k":13,"n":0,"o":"mcGuiInfo","p":11,"t":0,"x":319.307,"y":272.819
},{
"g":-8,"i":1,"k":13,"n":11,"o":"mcGuiInfo","p":16,"t":0,"x":319.307,"y":272.819
},{
"g":-8,"i":1,"k":13,"n":16,"o":"mcGuiInfo","x":319.307,"y":272.819
}
]
},{
"f":[
{
"h":1.6,"i":0,"k":11,"n":0,"o":"mcGuiFxYes","w":1.6,"x":247.5,"y":463.5
}
]
},{
"f":[
{
"h":3,"i":0,"k":12,"n":0,"o":"mcGuiBtnYes","p":7,"t":0,"w":3,"x":247.499,"y":463.499
},{
"h":3,"i":0,"k":12,"n":7,"o":"mcGuiBtnYes","p":8,"t":0,"w":3,"x":247.499,"y":463.499
},{
"h":3,"i":0,"k":12,"n":8,"o":"mcGuiBtnYes","p":12,"w":3,"x":247.499,"y":463.499
},{
"i":0,"k":12,"n":12,"o":"mcGuiBtnYes","x":247.5,"y":463.5
}
]
},{
"f":[
{
"h":1.6,"i":0,"k":11,"n":0,"o":"mcGuiFxNo","w":1.6,"x":438.699,"y":424.449
}
]
},{
"f":[
{
"h":3,"i":0,"k":12,"n":0,"o":"mcGuiBtnNo","p":9,"t":0,"w":3,"x":438.699,"y":424.449
},{
"h":3,"i":0,"k":12,"n":9,"o":"mcGuiBtnNo","p":10,"t":0,"w":3,"x":438.699,"y":424.449
},{
"h":3,"i":0,"k":12,"n":10,"o":"mcGuiBtnNo","p":14,"w":3,"x":438.699,"y":424.449
},{
"i":0,"k":12,"n":14,"o":"mcGuiBtnNo","x":438.7,"y":424.45
}
]
},{
"fa":[
{
"a":"ps:SND_UI_CHAR_APPEAR","n":5
},{
"a":"ps:SND_UI_BUTTON_APPEAR","n":8
},{
"a":"ps:SND_UI_BUTTON_APPEAR","n":11
},{
"a":"sg","n":16
},{
"a":"fg","n":31
}
]
}
],"n":"mcGuiPopupReset","r":30
},{
"f":1,"l":[
{
"f":[
{
"i":5,"k":0,"n":0,"x":0,"y":6
}
]
}
],"n":"gui_popups_reset_character01","r":30
},{
"f":1,"l":[
{
"f":[
{
"c":0,"g":0,"h":0,"i":-1,"k":-1,"n":0,"t":0,"u":0,"v":0,"w":0,"x":0,"y":0
}
]
},{
"f":[
{
"c":0,"g":0,"h":0,"i":-1,"k":-1,"n":0,"t":0,"u":0,"v":0,"w":0,"x":0,"y":0
}
]
},{
"f":[
{
"c":0,"g":0,"h":0,"i":-1,"k":-1,"n":0,"t":0,"u":0,"v":0,"w":0,"x":0,"y":0
}
]
},{
"f":[
{
"c":0,"g":0,"h":0,"i":-1,"k":-1,"n":0,"t":0,"u":0,"v":0,"w":0,"x":0,"y":0
}
]
},{
"f":[
{
"c":0,"g":0,"h":0,"i":-1,"k":-1,"n":0,"t":0,"u":0,"v":0,"w":0,"x":0,"y":0
}
]
},{
"f":[
{
"c":0,"g":0,"h":0,"i":-1,"k":-1,"n":0,"t":0,"u":0,"v":0,"w":0,"x":0,"y":0
}
]
},{
"f":[
{
"c":0,"g":0,"h":0,"i":-1,"k":-1,"n":0,"t":0,"u":0,"v":0,"w":0,"x":0,"y":0
}
]
},{
"f":[
{
"c":0,"g":0,"h":0,"i":-1,"k":-1,"n":0,"t":0,"u":0,"v":0,"w":0,"x":0,"y":0
}
]
},{
"f":[
{
"c":0,"g":0,"h":0,"i":-1,"k":-1,"n":0,"t":0,"u":0,"v":0,"w":0,"x":0,"y":0
}
]
}
],"n":"gui_popups_common_support","r":30
},{
"f":1,"l":[
{
"f":[
{
"h":14.5,"i":0,"k":8,"n":0,"t":0.666,"w":46.412,"x":512,"y":384
}
]
}
],"n":"gui_popups_common_bg03","r":30
},{
"f":1,"l":[
{
"f":[
{
"h":2.979,"i":0,"k":1,"n":0,"w":2.979,"x":512,"y":384
}
]
},{
"f":[
{
"i":4,"k":2,"n":0,"w":-1,"x":1083.51,"y":619.709
}
]
},{
"f":[
{
"g":-37.29,"i":4,"k":2,"n":0,"x":913.86,"y":707.272
}
]
},{
"f":[
{
"g":69.23,"i":4,"k":2,"n":0,"x":769.744,"y":762
}
]
},{
"f":[
{
"h":2,"i":5,"k":2,"n":0,"w":2,"x":-153.632,"y":384
}
]
},{
"f":[
{
"h":2,"i":5,"k":2,"n":0,"w":-2,"x":1182.03,"y":384
}
]
},{
"f":[
{
"h":2,"i":2,"k":2,"n":0,"w":2,"x":512,"y":384
}
]
},{
"f":[
{
"h":12,"i":0,"k":8,"n":0,"w":8.652,"x":-500.921,"y":384
}
]
},{
"f":[
{
"h":12,"i":0,"k":8,"n":0,"w":8.652,"x":1524.64,"y":384
}
]
}
],"n":"gui_popups_common_bg02","r":30
},{
"f":1,"l":[
{
"f":[
{
"h":2.979,"i":0,"k":1,"n":0,"w":2.979,"x":512,"y":384
}
]
},{
"f":[
{
"h":2,"i":2,"k":1,"n":0,"w":2,"x":512,"y":384
}
]
},{
"f":[
{
"i":4,"k":2,"n":0,"w":-1,"x":1083.51,"y":619.709
}
]
},{
"f":[
{
"g":-37.29,"i":4,"k":2,"n":0,"x":913.86,"y":707.272
}
]
},{
"f":[
{
"g":69.23,"i":4,"k":2,"n":0,"x":769.744,"y":762
}
]
},{
"f":[
{
"h":2,"i":5,"k":2,"n":0,"w":2,"x":-153.632,"y":384
}
]
},{
"f":[
{
"h":2,"i":5,"k":2,"n":0,"w":-2,"x":1182.03,"y":384
}
]
},{
"f":[
{
"h":12,"i":0,"k":8,"n":0,"w":8.652,"x":-500.921,"y":384
}
]
},{
"f":[
{
"h":12,"i":0,"k":8,"n":0,"w":8.652,"x":1524.64,"y":384
}
]
}
],"n":"gui_popups_common_bg","r":30
},{
"f":90,"l":[
{
"f":[
{
"i":0,"k":10,"n":0,"o":"mcBg","p":5,"t":0,"x":0,"y":0
},{
"i":0,"k":10,"n":5,"o":"mcBg","p":82,"x":0,"y":0
},{
"i":0,"k":10,"n":82,"o":"mcBg","p":89,"x":0,"y":0
},{
"i":0,"k":10,"n":89,"o":"mcBg","t":0,"x":0,"y":0
}
]
},{
"f":[
{
"h":1.164,"i":0,"k":10,"n":0,"o":"mcBase03a","p":18,"t":0,"w":1.164,"x":511.71,"y":376.739
},{
"h":1.164,"i":0,"k":10,"n":18,"o":"mcBase03a","p":22,"t":0,"w":1.164,"x":511.71,"y":376.739
},{
"h":1.164,"i":0,"k":10,"n":22,"o":"mcBase03a","w":1.164,"x":511.71,"y":376.739
},{
"h":1.164,"i":0,"k":10,"n":60,"o":"mcBase03a","p":64,"w":1.164,"x":511.71,"y":376.739
},{
"h":1.164,"i":0,"k":10,"n":64,"o":"mcBase03a","t":0,"w":1.164,"x":511.71,"y":376.739
}
]
},{
"f":[
{
"g":-0.51,"h":0.491,"i":0,"k":10,"n":0,"o":"mcBase01c","p":4,"t":0,"w":0.491,"x":369.178,"y":363.693
},{
"g":-0.51,"h":0.491,"i":0,"k":10,"n":4,"o":"mcBase01c","w":0.491,"x":369.178,"y":363.693
},{
"g":-0.51,"h":0.491,"i":0,"k":10,"n":64,"o":"mcBase01c","p":69,"w":0.491,"x":369.178,"y":363.693
},{
"g":-0.51,"h":0.491,"i":0,"k":10,"n":69,"o":"mcBase01c","t":0,"w":0.491,"x":369.178,"y":363.693
}
]
},{
"f":[
{
"g":-24.03,"h":1.2,"i":0,"k":10,"n":0,"o":"mcBase02a","p":4,"t":0,"w":1.2,"x":403.778,"y":422.481
},{
"g":-24.03,"h":1.2,"i":0,"k":10,"n":4,"o":"mcBase02a","p":8,"t":0,"w":1.2,"x":403.778,"y":422.481
},{
"g":-24.03,"h":1.2,"i":0,"k":10,"n":8,"o":"mcBase02a","w":1.2,"x":403.778,"y":422.481
},{
"g":-24.03,"h":1.2,"i":0,"k":10,"n":69,"o":"mcBase02a","p":74,"w":1.2,"x":403.778,"y":422.481
},{
"g":-24.03,"h":1.2,"i":0,"k":10,"n":74,"o":"mcBase02a","t":0,"w":1.2,"x":403.778,"y":422.481
}
]
},{
"f":[
{
"g":-0.51,"h":0.491,"i":0,"k":10,"n":0,"o":"mcBase01b","p":12,"t":0,"w":0.491,"x":621.991,"y":431.21
},{
"g":-0.51,"h":0.491,"i":0,"k":10,"n":12,"o":"mcBase01b","p":16,"t":0,"w":0.491,"x":621.991,"y":431.21
},{
"g":-0.51,"h":0.491,"i":0,"k":10,"n":16,"o":"mcBase01b","w":0.491,"x":621.991,"y":431.21
},{
"g":-0.51,"h":0.491,"i":0,"k":10,"n":79,"o":"mcBase01b","p":84,"w":0.491,"x":621.991,"y":431.21
},{
"g":-0.51,"h":0.491,"i":0,"k":10,"n":84,"o":"mcBase01b","t":0,"w":0.491,"x":621.991,"y":431.21
}
]
},{
"f":[
{
"g":-24.03,"h":1.123,"i":0,"k":10,"n":0,"o":"mcBase02b","p":16,"t":0,"w":1.123,"x":623.007,"y":356.079
},{
"g":-24.03,"h":1.123,"i":0,"k":10,"n":16,"o":"mcBase02b","p":20,"t":0,"w":1.123,"x":623.007,"y":356.079
},{
"g":-24.03,"h":1.123,"i":0,"k":10,"n":20,"o":"mcBase02b","w":1.123,"x":623.007,"y":356.079
},{
"g":-24.03,"h":1.123,"i":0,"k":10,"n":84,"o":"mcBase02b","p":89,"w":1.123,"x":623.007,"y":356.079
},{
"g":-24.03,"h":1.123,"i":0,"k":10,"n":89,"o":"mcBase02b","t":0,"w":1.123,"x":623.007,"y":356.079
}
]
},{
"f":[
{
"g":-24.03,"h":1.123,"i":0,"k":10,"n":0,"o":"mcBase01a","p":8,"t":0,"w":1.123,"x":512.34,"y":409.889
},{
"g":-24.03,"h":1.123,"i":0,"k":10,"n":8,"o":"mcBase01a","p":12,"t":0,"w":1.123,"x":512.34,"y":409.889
},{
"g":-24.03,"h":1.123,"i":0,"k":10,"n":12,"o":"mcBase01a","w":1.123,"x":512.34,"y":409.889
},{
"g":-24.03,"h":1.123,"i":0,"k":10,"n":74,"o":"mcBase01a","p":79,"w":1.123,"x":512.34,"y":409.889
},{
"g":-24.03,"h":1.123,"i":0,"k":10,"n":79,"o":"mcBase01a","t":0,"w":1.123,"x":512.34,"y":409.889
}
]
},{
"f":[
{
"i":1,"k":13,"n":0,"o":"mcGuiTitleS","t":0,"x":512.807,"y":404.111
},{
"h":7.957,"i":1,"k":13,"n":12,"o":"mcGuiTitleS","p":16,"t":0,"w":7.957,"x":509.327,"y":421.504
},{
"i":1,"k":13,"n":16,"o":"mcGuiTitleS","p":19,"x":512.655,"y":404.87
},{
"h":1.179,"i":1,"k":13,"n":19,"o":"mcGuiTitleS","p":25,"w":1.179,"x":512.482,"y":405.401
},{
"i":1,"k":13,"n":25,"o":"mcGuiTitleS","p":67,"x":512.655,"y":404.87
},{
"i":1,"k":13,"n":67,"o":"mcGuiTitleS","p":74,"x":512.655,"y":404.87
},{
"i":1,"k":13,"n":74,"o":"mcGuiTitleS","t":0,"x":512.655,"y":404.87
}
]
},{
"f":[
{
"i":1,"k":13,"n":0,"o":"mcGuiTitle","t":0,"x":515.807,"y":401.111
},{
"h":7.957,"i":1,"k":13,"n":12,"o":"mcGuiTitle","p":16,"t":0,"w":7.957,"x":533.2,"y":397.633
},{
"i":1,"k":13,"n":16,"o":"mcGuiTitle","p":19,"x":516.567,"y":400.959
},{
"h":1.179,"i":1,"k":13,"n":19,"o":"mcGuiTitle","p":25,"w":1.179,"x":517.097,"y":400.787
},{
"i":1,"k":13,"n":25,"o":"mcGuiTitle","p":67,"x":516.567,"y":400.959
},{
"i":1,"k":13,"n":67,"o":"mcGuiTitle","p":74,"x":516.567,"y":400.959
},{
"i":1,"k":13,"n":74,"o":"mcGuiTitle","t":0,"x":516.567,"y":400.959
}
]
},{
"fa":[
{
"a":"fg","n":89
}
]
}
],"n":"mcGuiMessageBonuslevelUma","r":30
},{
"f":90,"l":[
{
"f":[
{
"i":0,"k":10,"n":0,"o":"mcBg","p":5,"t":0,"x":0,"y":0
},{
"i":0,"k":10,"n":5,"o":"mcBg","p":82,"x":0,"y":0
},{
"i":0,"k":10,"n":82,"o":"mcBg","p":89,"x":0,"y":0
},{
"i":0,"k":10,"n":89,"o":"mcBg","t":0,"x":0,"y":0
}
]
},{
"f":[
{
"h":1.164,"i":0,"k":10,"n":0,"o":"mcBase03a","p":18,"t":0,"w":1.164,"x":511.71,"y":376.739
},{
"h":1.164,"i":0,"k":10,"n":18,"o":"mcBase03a","p":22,"t":0,"w":1.164,"x":511.71,"y":376.739
},{
"h":1.164,"i":0,"k":10,"n":22,"o":"mcBase03a","w":1.164,"x":511.71,"y":376.739
},{
"h":1.164,"i":0,"k":10,"n":60,"o":"mcBase03a","p":64,"w":1.164,"x":511.71,"y":376.739
},{
"h":1.164,"i":0,"k":10,"n":64,"o":"mcBase03a","t":0,"w":1.164,"x":511.71,"y":376.739
}
]
},{
"f":[
{
"g":-0.51,"h":0.491,"i":0,"k":10,"n":0,"o":"mcBase01c","p":4,"t":0,"w":0.491,"x":369.178,"y":363.693
},{
"g":-0.51,"h":0.491,"i":0,"k":10,"n":4,"o":"mcBase01c","w":0.491,"x":369.178,"y":363.693
},{
"g":-0.51,"h":0.491,"i":0,"k":10,"n":64,"o":"mcBase01c","p":69,"w":0.491,"x":369.178,"y":363.693
},{
"g":-0.51,"h":0.491,"i":0,"k":10,"n":69,"o":"mcBase01c","t":0,"w":0.491,"x":369.178,"y":363.693
}
]
},{
"f":[
{
"g":-24.03,"h":1.2,"i":0,"k":10,"n":0,"o":"mcBase02a","p":4,"t":0,"w":1.2,"x":403.778,"y":422.481
},{
"g":-24.03,"h":1.2,"i":0,"k":10,"n":4,"o":"mcBase02a","p":8,"t":0,"w":1.2,"x":403.778,"y":422.481
},{
"g":-24.03,"h":1.2,"i":0,"k":10,"n":8,"o":"mcBase02a","w":1.2,"x":403.778,"y":422.481
},{
"g":-24.03,"h":1.2,"i":0,"k":10,"n":69,"o":"mcBase02a","p":74,"w":1.2,"x":403.778,"y":422.481
},{
"g":-24.03,"h":1.2,"i":0,"k":10,"n":74,"o":"mcBase02a","t":0,"w":1.2,"x":403.778,"y":422.481
}
]
},{
"f":[
{
"g":-0.51,"h":0.491,"i":0,"k":10,"n":0,"o":"mcBase01b","p":12,"t":0,"w":0.491,"x":621.991,"y":431.21
},{
"g":-0.51,"h":0.491,"i":0,"k":10,"n":12,"o":"mcBase01b","p":16,"t":0,"w":0.491,"x":621.991,"y":431.21
},{
"g":-0.51,"h":0.491,"i":0,"k":10,"n":16,"o":"mcBase01b","w":0.491,"x":621.991,"y":431.21
},{
"g":-0.51,"h":0.491,"i":0,"k":10,"n":79,"o":"mcBase01b","p":84,"w":0.491,"x":621.991,"y":431.21
},{
"g":-0.51,"h":0.491,"i":0,"k":10,"n":84,"o":"mcBase01b","t":0,"w":0.491,"x":621.991,"y":431.21
}
]
},{
"f":[
{
"g":-24.03,"h":1.123,"i":0,"k":10,"n":0,"o":"mcBase02b","p":16,"t":0,"w":1.123,"x":623.007,"y":356.079
},{
"g":-24.03,"h":1.123,"i":0,"k":10,"n":16,"o":"mcBase02b","p":20,"t":0,"w":1.123,"x":623.007,"y":356.079
},{
"g":-24.03,"h":1.123,"i":0,"k":10,"n":20,"o":"mcBase02b","w":1.123,"x":623.007,"y":356.079
},{
"g":-24.03,"h":1.123,"i":0,"k":10,"n":84,"o":"mcBase02b","p":89,"w":1.123,"x":623.007,"y":356.079
},{
"g":-24.03,"h":1.123,"i":0,"k":10,"n":89,"o":"mcBase02b","t":0,"w":1.123,"x":623.007,"y":356.079
}
]
},{
"f":[
{
"g":-24.03,"h":1.123,"i":0,"k":10,"n":0,"o":"mcBase01a","p":8,"t":0,"w":1.123,"x":512.34,"y":409.889
},{
"g":-24.03,"h":1.123,"i":0,"k":10,"n":8,"o":"mcBase01a","p":12,"t":0,"w":1.123,"x":512.34,"y":409.889
},{
"g":-24.03,"h":1.123,"i":0,"k":10,"n":12,"o":"mcBase01a","w":1.123,"x":512.34,"y":409.889
},{
"g":-24.03,"h":1.123,"i":0,"k":10,"n":74,"o":"mcBase01a","p":79,"w":1.123,"x":512.34,"y":409.889
},{
"g":-24.03,"h":1.123,"i":0,"k":10,"n":79,"o":"mcBase01a","t":0,"w":1.123,"x":512.34,"y":409.889
}
]
},{
"f":[
{
"i":1,"k":13,"n":0,"o":"mcGuiTitleS","t":0,"x":512.807,"y":404.111
},{
"h":7.957,"i":1,"k":13,"n":12,"o":"mcGuiTitleS","p":16,"t":0,"w":7.957,"x":509.327,"y":421.504
},{
"i":1,"k":13,"n":16,"o":"mcGuiTitleS","p":19,"x":512.655,"y":404.87
},{
"h":1.179,"i":1,"k":13,"n":19,"o":"mcGuiTitleS","p":25,"w":1.179,"x":512.482,"y":405.401
},{
"i":1,"k":13,"n":25,"o":"mcGuiTitleS","p":67,"x":512.655,"y":404.87
},{
"i":1,"k":13,"n":67,"o":"mcGuiTitleS","p":74,"x":512.655,"y":404.87
},{
"i":1,"k":13,"n":74,"o":"mcGuiTitleS","t":0,"x":512.655,"y":404.87
}
]
},{
"f":[
{
"i":1,"k":13,"n":0,"o":"mcGuiTitle","t":0,"x":515.807,"y":401.111
},{
"h":7.957,"i":1,"k":13,"n":12,"o":"mcGuiTitle","p":16,"t":0,"w":7.957,"x":533.2,"y":397.633
},{
"i":1,"k":13,"n":16,"o":"mcGuiTitle","p":19,"x":516.567,"y":400.959
},{
"h":1.179,"i":1,"k":13,"n":19,"o":"mcGuiTitle","p":25,"w":1.179,"x":517.097,"y":400.787
},{
"i":1,"k":13,"n":25,"o":"mcGuiTitle","p":67,"x":516.567,"y":400.959
},{
"i":1,"k":13,"n":67,"o":"mcGuiTitle","p":74,"x":516.567,"y":400.959
},{
"i":1,"k":13,"n":74,"o":"mcGuiTitle","t":0,"x":516.567,"y":400.959
}
]
},{
"fa":[
{
"a":"fg","n":89
}
]
}
],"n":"mcGuiMessageBonuslevelMal","r":30
},{
"f":1,"l":[
{
"f":[
{
"i":4,"k":4,"n":0,"x":0,"y":0
}
]
}
],"n":"gui_message_uma_base03","r":30
},{
"f":1,"l":[
{
"f":[
{
"i":5,"k":5,"n":0,"x":0,"y":0
}
]
}
],"n":"gui_message_uma_base02","r":30
},{
"f":1,"l":[
{
"f":[
{
"i":4,"k":3,"n":0,"x":0,"y":0
}
]
}
],"n":"gui_message_uma_base01","r":30
},{
"f":1,"l":[
{
"f":[
{
"i":1,"k":3,"n":0,"x":0,"y":0
}
]
}
],"n":"gui_message_mal_base03","r":30
},{
"f":1,"l":[
{
"f":[
{
"i":4,"k":6,"n":0,"x":0,"y":0
}
]
}
],"n":"gui_message_mal_base02","r":30
},{
"f":1,"l":[
{
"f":[
{
"i":5,"k":1,"n":0,"x":0,"y":0
}
]
}
],"n":"gui_message_mal_base01","r":30
},{
"f":1,"l":[
{
"f":[
{
"c":0,"g":0,"h":0,"i":-1,"k":-1,"n":0,"t":0,"u":0,"v":0,"w":0,"x":0,"y":0
}
]
},{
"f":[
{
"c":0,"g":0,"h":0,"i":-1,"k":-1,"n":0,"t":0,"u":0,"v":0,"w":0,"x":0,"y":0
}
]
}
],"n":"gui_empty","r":30
},{
"f":3,"l":[
{
"f":[
{
"h":0.568,"i":2,"k":3,"n":0,"w":0.568,"x":4.204,"y":8.204
},{
"i":5,"k":12,"n":1,"x":0.204,"y":0.204
},{
"h":0.568,"i":2,"k":3,"n":2,"w":0.568,"x":4.204,"y":8.204
}
]
},{
"f":[
{
"i":5,"k":17,"n":0,"x":0,"y":0
},{
"i":5,"k":17,"n":1,"t":0,"x":0,"y":0
},{
"h":1.2,"i":5,"k":17,"n":2,"w":1.2,"x":0,"y":0
}
]
},{
"f":[
{
"c":1,"h":130,"i":-1,"k":-1,"n":0,"o":"mcCollision","w":130,"x":-66.299,"y":-66.299
}
]
},{
"fa":[
{
"a":"s","n":0
}
]
}
],"n":"mcGuiButtonYes","r":30
},{
"f":1,"l":[
{
"f":[
{
"i":3,"k":8,"n":0,"x":-3,"y":-4
}
]
},{
"f":[
{
"h":0.8,"i":5,"k":3,"n":0,"w":0.8,"x":0,"y":0
}
]
},{
"f":[
{
"c":1,"h":130,"i":-1,"k":-1,"n":0,"o":"mcCollision","w":130,"x":-66.299,"y":-66.299
}
]
}
],"n":"mcGuiButtonTrophy06s","r":30
},{
"f":1,"l":[
{
"f":[
{
"i":2,"k":5,"n":0,"x":-3,"y":-4
}
]
},{
"f":[
{
"h":0.8,"i":5,"k":4,"n":0,"w":0.8,"x":0,"y":0
}
]
},{
"f":[
{
"c":1,"h":130,"i":-1,"k":-1,"n":0,"o":"mcCollision","w":130,"x":-66.299,"y":-66.299
}
]
}
],"n":"mcGuiButtonTrophy06offs","r":30
},{
"f":3,"l":[
{
"f":[
{
"i":2,"k":5,"n":0,"x":-3,"y":-4
}
]
},{
"f":[
{
"h":0.5,"i":5,"k":4,"n":0,"w":0.5,"x":0,"y":0
},{
"h":0.4,"i":5,"k":4,"n":1,"w":0.4,"x":0,"y":0
},{
"h":0.8,"i":5,"k":4,"n":2,"w":0.8,"x":0,"y":0
}
]
},{
"f":[
{
"c":1,"h":130,"i":-1,"k":-1,"n":0,"o":"mcCollision","w":130,"x":-66.299,"y":-66.299
}
]
},{
"fa":[
{
"a":"s","n":0
}
]
}
],"n":"mcGuiButtonTrophy06off","r":30
},{
"f":3,"l":[
{
"f":[
{
"h":1.137,"i":3,"k":8,"n":0,"w":1.137,"x":-6,"y":-2
}
]
},{
"f":[
{
"h":0.5,"i":5,"k":3,"n":0,"w":0.5,"x":0,"y":0
},{
"h":0.4,"i":5,"k":3,"n":1,"w":0.4,"x":0,"y":0
},{
"h":0.8,"i":5,"k":3,"n":2,"w":0.8,"x":0,"y":0
}
]
},{
"f":[
{
"c":1,"h":130,"i":-1,"k":-1,"n":0,"o":"mcCollision","w":130,"x":-66.299,"y":-66.299
}
]
},{
"fa":[
{
"a":"s","n":0
}
]
}
],"n":"mcGuiButtonTrophy06","r":30
},{
"f":1,"l":[
{
"f":[
{
"i":3,"k":8,"n":0,"x":-3,"y":-4
}
]
},{
"f":[
{
"h":0.8,"i":5,"k":7,"n":0,"w":0.8,"x":0,"y":0
}
]
},{
"f":[
{
"c":1,"h":130,"i":-1,"k":-1,"n":0,"o":"mcCollision","w":130,"x":-66.299,"y":-66.299
}
]
}
],"n":"mcGuiButtonTrophy05s","r":30
},{
"f":1,"l":[
{
"f":[
{
"i":2,"k":5,"n":0,"x":-3,"y":-4
}
]
},{
"f":[
{
"h":0.8,"i":4,"k":7,"n":0,"w":0.8,"x":0,"y":0
}
]
},{
"f":[
{
"c":1,"h":130,"i":-1,"k":-1,"n":0,"o":"mcCollision","w":130,"x":-66.299,"y":-66.299
}
]
}
],"n":"mcGuiButtonTrophy05offs","r":30
},{
"f":3,"l":[
{
"f":[
{
"i":2,"k":5,"n":0,"x":-3,"y":-4
}
]
},{
"f":[
{
"h":0.5,"i":4,"k":7,"n":0,"w":0.5,"x":0,"y":0
},{
"h":0.4,"i":4,"k":7,"n":1,"w":0.4,"x":0,"y":0
},{
"h":0.8,"i":4,"k":7,"n":2,"w":0.8,"x":0,"y":0
}
]
},{
"f":[
{
"c":1,"h":130,"i":-1,"k":-1,"n":0,"o":"mcCollision","w":130,"x":-66.299,"y":-66.299
}
]
},{
"fa":[
{
"a":"s","n":0
}
]
}
],"n":"mcGuiButtonTrophy05off","r":30
},{
"f":3,"l":[
{
"f":[
{
"h":1.137,"i":3,"k":8,"n":0,"w":1.137,"x":-6,"y":-2
}
]
},{
"f":[
{
"h":0.5,"i":5,"k":7,"n":0,"w":0.5,"x":0,"y":0
},{
"h":0.4,"i":5,"k":7,"n":1,"w":0.4,"x":0,"y":0
},{
"h":0.8,"i":5,"k":7,"n":2,"w":0.8,"x":0,"y":0
}
]
},{
"f":[
{
"c":1,"h":130,"i":-1,"k":-1,"n":0,"o":"mcCollision","w":130,"x":-66.299,"y":-66.299
}
]
},{
"fa":[
{
"a":"s","n":0
}
]
}
],"n":"mcGuiButtonTrophy05","r":30
},{
"f":1,"l":[
{
"f":[
{
"i":3,"k":8,"n":0,"x":-3,"y":-4
}
]
},{
"f":[
{
"h":0.8,"i":1,"k":5,"n":0,"w":0.8,"x":0,"y":0
}
]
},{
"f":[
{
"c":1,"h":130,"i":-1,"k":-1,"n":0,"o":"mcCollision","w":130,"x":-66.299,"y":-66.299
}
]
}
],"n":"mcGuiButtonTrophy04s","r":30
},{
"f":1,"l":[
{
"f":[
{
"i":2,"k":5,"n":0,"x":-3,"y":-4
}
]
},{
"f":[
{
"h":0.8,"i":4,"k":5,"n":0,"w":0.8,"x":0,"y":0
}
]
},{
"f":[
{
"c":1,"h":130,"i":-1,"k":-1,"n":0,"o":"mcCollision","w":130,"x":-66.299,"y":-66.299
}
]
}
],"n":"mcGuiButtonTrophy04offs","r":30
},{
"f":3,"l":[
{
"f":[
{
"i":2,"k":5,"n":0,"x":-3,"y":-4
}
]
},{
"f":[
{
"h":0.5,"i":4,"k":5,"n":0,"w":0.5,"x":0,"y":0
},{
"h":0.4,"i":4,"k":5,"n":1,"w":0.4,"x":0,"y":0
},{
"h":0.8,"i":4,"k":5,"n":2,"w":0.8,"x":0,"y":0
}
]
},{
"f":[
{
"c":1,"h":130,"i":-1,"k":-1,"n":0,"o":"mcCollision","w":130,"x":-66.299,"y":-66.299
}
]
},{
"fa":[
{
"a":"s","n":0
}
]
}
],"n":"mcGuiButtonTrophy04off","r":30
},{
"f":3,"l":[
{
"f":[
{
"h":1.137,"i":3,"k":8,"n":0,"w":1.137,"x":-6,"y":-2
}
]
},{
"f":[
{
"h":0.5,"i":1,"k":5,"n":0,"w":0.5,"x":0,"y":0
},{
"h":0.4,"i":1,"k":5,"n":1,"w":0.4,"x":0,"y":0
},{
"h":0.8,"i":1,"k":5,"n":2,"w":0.8,"x":0,"y":0
}
]
},{
"f":[
{
"c":1,"h":130,"i":-1,"k":-1,"n":0,"o":"mcCollision","w":130,"x":-66.299,"y":-66.299
}
]
},{
"fa":[
{
"a":"s","n":0
}
]
}
],"n":"mcGuiButtonTrophy04","r":30
},{
"f":1,"l":[
{
"f":[
{
"i":3,"k":8,"n":0,"x":-3,"y":-4
}
]
},{
"f":[
{
"h":0.8,"i":3,"k":11,"n":0,"w":0.8,"x":0,"y":0
}
]
},{
"f":[
{
"c":1,"h":130,"i":-1,"k":-1,"n":0,"o":"mcCollision","w":130,"x":-66.299,"y":-66.299
}
]
}
],"n":"mcGuiButtonTrophy03s","r":30
},{
"f":1,"l":[
{
"f":[
{
"i":2,"k":5,"n":0,"x":-3,"y":-4
}
]
},{
"f":[
{
"h":0.8,"i":3,"k":10,"n":0,"w":0.8,"x":0,"y":0
}
]
},{
"f":[
{
"c":1,"h":130,"i":-1,"k":-1,"n":0,"o":"mcCollision","w":130,"x":-66.299,"y":-66.299
}
]
}
],"n":"mcGuiButtonTrophy03offs","r":30
},{
"f":3,"l":[
{
"f":[
{
"i":2,"k":5,"n":0,"x":-3,"y":-4
}
]
},{
"f":[
{
"h":0.5,"i":3,"k":10,"n":0,"w":0.5,"x":0,"y":0
},{
"h":0.4,"i":3,"k":10,"n":1,"w":0.4,"x":0,"y":0
},{
"h":0.8,"i":3,"k":10,"n":2,"w":0.8,"x":0,"y":0
}
]
},{
"f":[
{
"c":1,"h":130,"i":-1,"k":-1,"n":0,"o":"mcCollision","w":130,"x":-66.299,"y":-66.299
}
]
},{
"fa":[
{
"a":"s","n":0
}
]
}
],"n":"mcGuiButtonTrophy03off","r":30
},{
"f":3,"l":[
{
"f":[
{
"h":1.137,"i":3,"k":8,"n":0,"w":1.137,"x":-6,"y":-2
}
]
},{
"f":[
{
"h":0.5,"i":3,"k":11,"n":0,"w":0.5,"x":0,"y":0
},{
"h":0.4,"i":3,"k":11,"n":1,"w":0.4,"x":0,"y":0
},{
"h":0.8,"i":3,"k":11,"n":2,"w":0.8,"x":0,"y":0
}
]
},{
"f":[
{
"c":1,"h":130,"i":-1,"k":-1,"n":0,"o":"mcCollision","w":130,"x":-66.299,"y":-66.299
}
]
},{
"fa":[
{
"a":"s","n":0
}
]
}
],"n":"mcGuiButtonTrophy03","r":30
},{
"f":1,"l":[
{
"f":[
{
"i":3,"k":8,"n":0,"x":-3,"y":-4
}
]
},{
"f":[
{
"h":0.8,"i":5,"k":9,"n":0,"w":0.8,"x":0,"y":0
}
]
},{
"f":[
{
"c":1,"h":130,"i":-1,"k":-1,"n":0,"o":"mcCollision","w":130,"x":-66.299,"y":-66.299
}
]
}
],"n":"mcGuiButtonTrophy02s","r":30
},{
"f":1,"l":[
{
"f":[
{
"i":2,"k":5,"n":0,"x":-3,"y":-4
}
]
},{
"f":[
{
"h":0.8,"i":5,"k":8,"n":0,"w":0.8,"x":0,"y":0
}
]
},{
"f":[
{
"c":1,"h":130,"i":-1,"k":-1,"n":0,"o":"mcCollision","w":130,"x":-66.299,"y":-66.299
}
]
}
],"n":"mcGuiButtonTrophy02offs","r":30
},{
"f":3,"l":[
{
"f":[
{
"i":2,"k":5,"n":0,"x":-3,"y":-4
}
]
},{
"f":[
{
"h":0.5,"i":5,"k":8,"n":0,"w":0.5,"x":0,"y":0
},{
"h":0.4,"i":5,"k":8,"n":1,"w":0.4,"x":0,"y":0
},{
"h":0.8,"i":5,"k":8,"n":2,"w":0.8,"x":0,"y":0
}
]
},{
"f":[
{
"c":1,"h":130,"i":-1,"k":-1,"n":0,"o":"mcCollision","w":130,"x":-66.299,"y":-66.299
}
]
},{
"fa":[
{
"a":"s","n":0
}
]
}
],"n":"mcGuiButtonTrophy02off","r":30
},{
"f":3,"l":[
{
"f":[
{
"h":1.137,"i":3,"k":8,"n":0,"w":1.137,"x":-6,"y":-2
}
]
},{
"f":[
{
"h":0.5,"i":5,"k":9,"n":0,"w":0.5,"x":0,"y":0
},{
"h":0.4,"i":5,"k":9,"n":1,"w":0.4,"x":0,"y":0
},{
"h":0.8,"i":5,"k":9,"n":2,"w":0.8,"x":0,"y":0
}
]
},{
"f":[
{
"c":1,"h":130,"i":-1,"k":-1,"n":0,"o":"mcCollision","w":130,"x":-66.299,"y":-66.299
}
]
},{
"fa":[
{
"a":"s","n":0
}
]
}
],"n":"mcGuiButtonTrophy02","r":30
},{
"f":1,"l":[
{
"f":[
{
"i":3,"k":8,"n":0,"x":-3,"y":-4
}
]
},{
"f":[
{
"h":0.8,"i":5,"k":6,"n":0,"w":0.8,"x":0,"y":0
}
]
},{
"f":[
{
"c":1,"h":130,"i":-1,"k":-1,"n":0,"o":"mcCollision","w":130,"x":-66.299,"y":-66.299
}
]
}
],"n":"mcGuiButtonTrophy01s","r":30
},{
"f":1,"l":[
{
"f":[
{
"i":2,"k":5,"n":0,"x":-3,"y":-4
}
]
},{
"f":[
{
"h":0.8,"i":5,"k":10,"n":0,"w":0.8,"x":0,"y":0
}
]
},{
"f":[
{
"c":1,"h":130,"i":-1,"k":-1,"n":0,"o":"mcCollision","w":130,"x":-66.299,"y":-66.299
}
]
}
],"n":"mcGuiButtonTrophy01offs","r":30
},{
"f":3,"l":[
{
"f":[
{
"i":2,"k":5,"n":0,"x":-3,"y":-4
}
]
},{
"f":[
{
"h":0.5,"i":5,"k":10,"n":0,"w":0.5,"x":0,"y":0
},{
"h":0.4,"i":5,"k":10,"n":1,"w":0.4,"x":0,"y":0
},{
"h":0.8,"i":5,"k":10,"n":2,"w":0.8,"x":0,"y":0
}
]
},{
"f":[
{
"c":1,"h":130,"i":-1,"k":-1,"n":0,"o":"mcCollision","w":130,"x":-66.299,"y":-66.299
}
]
},{
"fa":[
{
"a":"s","n":0
}
]
}
],"n":"mcGuiButtonTrophy01off","r":30
},{
"f":3,"l":[
{
"f":[
{
"h":1.137,"i":3,"k":8,"n":0,"w":1.137,"x":-6,"y":-2
}
]
},{
"f":[
{
"h":0.5,"i":5,"k":6,"n":0,"w":0.5,"x":0,"y":0
},{
"h":0.4,"i":5,"k":6,"n":1,"w":0.4,"x":0,"y":0
},{
"h":0.8,"i":5,"k":6,"n":2,"w":0.8,"x":0,"y":0
}
]
},{
"f":[
{
"c":1,"h":130,"i":-1,"k":-1,"n":0,"o":"mcCollision","w":130,"x":-66.299,"y":-66.299
}
]
},{
"fa":[
{
"a":"s","n":0
}
]
}
],"n":"mcGuiButtonTrophy01","r":30
},{
"f":3,"l":[
{
"f":[
{
"h":0.568,"i":2,"k":3,"n":0,"w":0.568,"x":4.204,"y":8.204
},{
"i":5,"k":13,"n":1,"x":0.204,"y":0.204
},{
"h":0.568,"i":2,"k":3,"n":2,"w":0.568,"x":4.204,"y":8.204
}
]
},{
"f":[
{
"i":1,"k":12,"n":0,"x":0,"y":0
},{
"i":1,"k":12,"n":1,"t":0,"x":0,"y":0
},{
"h":1.2,"i":1,"k":12,"n":2,"w":1.2,"x":0,"y":0
}
]
},{
"f":[
{
"c":1,"h":130,"i":-1,"k":-1,"n":0,"o":"mcCollision","w":130,"x":-66.299,"y":-66.299
}
]
},{
"fa":[
{
"a":"s","n":0
}
]
}
],"n":"mcGuiButtonTrophies","r":30
},{
"f":3,"l":[
{
"f":[
{
"h":1.177,"i":2,"k":3,"n":0,"w":1.177,"x":0.204,"y":0.204
},{
"i":1,"k":4,"n":1,"x":0.204,"y":0.204
},{
"h":1.177,"i":2,"k":3,"n":2,"w":1.177,"x":0.204,"y":0.204
}
]
},{
"f":[
{
"i":3,"k":7,"n":0,"x":0.204,"y":0.204
},{
"i":3,"k":7,"n":1,"t":0,"x":0.204,"y":0.204
},{
"h":1.3,"i":3,"k":7,"n":2,"w":1.3,"x":0.204,"y":0.204
}
]
},{
"f":[
{
"c":1,"h":153,"i":-1,"k":-1,"n":0,"o":"mcCollision","w":153,"x":-77.854,"y":-77.854
}
]
},{
"fa":[
{
"a":"s","n":0
}
]
}
],"n":"mcGuiButtonResume","r":30
},{
"f":3,"l":[
{
"f":[
{
"h":0.568,"i":2,"k":3,"n":0,"w":0.568,"x":4.204,"y":8.204
},{
"i":5,"k":14,"n":1,"x":0.204,"y":0.204
},{
"h":0.568,"i":2,"k":3,"n":2,"w":0.568,"x":4.204,"y":8.204
}
]
},{
"f":[
{
"i":0,"k":6,"n":0,"x":0,"y":0
},{
"i":0,"k":6,"n":1,"t":0,"x":0,"y":0
},{
"h":1.2,"i":0,"k":6,"n":2,"w":1.2,"x":0,"y":0
}
]
},{
"f":[
{
"c":1,"h":130,"i":-1,"k":-1,"n":0,"o":"mcCollision","w":130,"x":-66.299,"y":-66.299
}
]
},{
"fa":[
{
"a":"s","n":0
}
]
}
],"n":"mcGuiButtonReset","r":30
},{
"f":3,"l":[
{
"f":[
{
"h":0.568,"i":2,"k":3,"n":0,"w":0.568,"x":4.204,"y":8.204
},{
"i":5,"k":15,"n":1,"x":0.204,"y":0.204
},{
"h":0.568,"i":2,"k":3,"n":2,"w":0.568,"x":4.204,"y":8.204
}
]
},{
"f":[
{
"i":1,"k":8,"n":0,"x":0,"y":0
},{
"i":1,"k":8,"n":1,"t":0,"x":0,"y":0
},{
"h":1.2,"i":1,"k":8,"n":2,"w":1.2,"x":0,"y":0
}
]
},{
"f":[
{
"c":1,"h":130,"i":-1,"k":-1,"n":0,"o":"mcCollision","w":130,"x":-66.299,"y":-66.299
}
]
},{
"fa":[
{
"a":"s","n":0
}
]
}
],"n":"mcGuiButtonNo","r":30
},{
"f":3,"l":[
{
"f":[
{
"h":0.568,"i":2,"k":3,"n":0,"w":0.568,"x":4.204,"y":8.204
},{
"i":5,"k":16,"n":1,"x":0.204,"y":0.204
},{
"h":0.568,"i":2,"k":3,"n":2,"w":0.568,"x":4.204,"y":8.204
}
]
},{
"f":[
{
"i":1,"k":11,"n":0,"x":0,"y":0
},{
"i":1,"k":11,"n":1,"t":0,"x":0,"y":0
},{
"h":1.2,"i":1,"k":11,"n":2,"w":1.2,"x":0,"y":0
}
]
},{
"f":[
{
"c":1,"h":130,"i":-1,"k":-1,"n":0,"o":"mcCollision","w":130,"x":-66.299,"y":-66.299
}
]
},{
"fa":[
{
"a":"s","n":0
}
]
}
],"n":"mcGuiButtonMainmenu","r":30
},{
"f":3,"l":[
{
"f":[
{
"h":0.568,"i":2,"k":3,"n":0,"w":0.568,"x":4.204,"y":8.204
},{
"i":5,"k":11,"n":1,"x":0.204,"y":0.204
},{
"h":0.568,"i":2,"k":3,"n":2,"w":0.568,"x":4.204,"y":8.204
}
]
},{
"f":[
{
"i":1,"k":9,"n":0,"x":0,"y":0
},{
"i":1,"k":9,"n":1,"t":0,"x":0,"y":0
},{
"h":1.2,"i":1,"k":9,"n":2,"w":1.2,"x":0,"y":0
}
]
},{
"f":[
{
"c":1,"h":130,"i":-1,"k":-1,"n":0,"o":"mcCollision","w":130,"x":-66.299,"y":-66.299
}
]
},{
"fa":[
{
"a":"s","n":0
}
]
}
],"n":"mcGuiButtonBack","r":30
}
],"atlas":[
[
{
"h":707,"n":"","p":499,"q":354,"w":997,"x":1,"y":1
},{
"h":258,"n":"","p":250,"q":129,"w":500,"x":1,"y":709
},{
"h":223,"n":"","p":218,"q":112,"w":435,"x":502,"y":709
},{
"h":84,"n":"","p":136,"q":47,"w":272,"x":502,"y":933
},{
"h":90,"n":"","p":103,"q":46,"w":207,"x":775,"y":933
},{
"h":41,"n":"","p":72,"q":21,"w":144,"x":1,"y":968
},{
"h":77,"n":"","p":27,"q":40,"w":65,"x":938,"y":709
},{
"h":74,"n":"","p":30,"q":37,"w":59,"x":937,"y":786
},{
"h":64,"n":"","p":32,"q":32,"w":64,"x":937,"y":860
},{
"h":40,"n":"","p":46,"q":21,"w":90,"x":146,"y":968
},{
"h":54,"n":"","p":31,"q":28,"w":60,"x":237,"y":968
},{
"h":50,"n":"","p":25,"q":25,"w":50,"x":298,"y":968
},{
"h":36,"n":"","p":31,"q":19,"w":60,"x":349,"y":968
},{
"h":42,"n":"","p":21,"q":21,"w":42,"x":410,"y":968
},{
"h":32,"n":"","p":16,"q":16,"w":32,"x":453,"y":968
},{
"h":26,"n":"","p":14,"q":13,"w":27,"x":996,"y":786
},{
"h":15,"n":"","p":10,"q":8,"w":19,"x":999,"y":1
}
],[
{
"h":583,"n":"","p":400,"q":291,"w":800,"x":1,"y":1
},{
"h":331,"n":"","p":266,"q":165,"w":532,"x":1,"y":585
},{
"h":345,"n":"","p":244,"q":173,"w":487,"x":534,"y":585
},{
"h":234,"n":"","p":99,"q":117,"w":197,"x":802,"y":1
},{
"h":200,"n":"","p":100,"q":100,"w":200,"x":802,"y":236
},{
"h":137,"n":"","p":84,"q":69,"w":168,"x":802,"y":437
},{
"h":82,"n":"","p":88,"q":41,"w":177,"x":1,"y":917
},{
"h":73,"n":"","p":92,"q":36,"w":185,"x":179,"y":917
},{
"h":100,"n":"","p":50,"q":46,"w":101,"x":365,"y":917
},{
"h":84,"n":"","p":60,"q":38,"w":115,"x":534,"y":931
},{
"h":89,"n":"","p":41,"q":46,"w":88,"x":649,"y":930
},{
"h":83,"n":"","p":46,"q":44,"w":94,"x":738,"y":931
},{
"h":80,"n":"","p":46,"q":33,"w":89,"x":833,"y":931
},{
"h":20,"n":"","p":44,"q":11,"w":86,"x":1,"y":1000
}
],[
{
"h":583,"n":"","p":400,"q":291,"w":800,"x":1,"y":1
},{
"h":345,"n":"","p":244,"q":173,"w":487,"x":1,"y":585
},{
"h":345,"n":"","p":244,"q":173,"w":487,"x":489,"y":585
},{
"h":200,"n":"","p":100,"q":100,"w":200,"x":802,"y":1
},{
"h":209,"n":"","p":91,"q":105,"w":182,"x":801,"y":201
},{
"h":165,"n":"","p":79,"q":82,"w":159,"x":802,"y":411
}
],[
{
"h":573,"n":"","p":384,"q":288,"w":768,"x":1,"y":1
},{
"h":317,"n":"","p":150,"q":159,"w":300,"x":1,"y":575
},{
"h":240,"n":"","p":175,"q":120,"w":349,"x":302,"y":575
},{
"h":262,"n":"","p":135,"q":131,"w":271,"x":652,"y":575
},{
"h":198,"n":"","p":121,"q":99,"w":243,"x":770,"y":1
},{
"h":188,"n":"","p":116,"q":93,"w":233,"x":770,"y":200
},{
"h":170,"n":"","p":115,"q":85,"w":230,"x":770,"y":389
},{
"h":175,"n":"","p":75,"q":84,"w":174,"x":302,"y":816
},{
"h":165,"n":"","p":79,"q":82,"w":159,"x":477,"y":816
},{
"h":112,"n":"","p":112,"q":56,"w":224,"x":1,"y":893
},{
"h":157,"n":"","p":78,"q":78,"w":157,"x":652,"y":838
},{
"h":157,"n":"","p":78,"q":78,"w":157,"x":810,"y":838
},{
"h":100,"n":"","p":0,"q":0,"w":100,"x":924,"y":575
}
],[
{
"h":487,"n":"","p":344,"q":243,"w":689,"x":1,"y":1
},{
"h":508,"n":"","p":294,"q":254,"w":589,"x":1,"y":489
},{
"h":463,"n":"","p":133,"q":231,"w":267,"x":691,"y":1
},{
"h":233,"n":"","p":146,"q":117,"w":291,"x":591,"y":489
},{
"h":240,"n":"","p":128,"q":120,"w":256,"x":591,"y":723
},{
"h":137,"n":"","p":82,"q":68,"w":165,"x":848,"y":723
},{
"h":134,"n":"","p":84,"q":67,"w":167,"x":848,"y":861
},{
"h":151,"n":"","p":66,"q":75,"w":133,"x":883,"y":489
}
],[
{
"h":618,"n":"","p":174,"q":309,"w":347,"x":1,"y":1
},{
"h":214,"n":"","p":134,"q":107,"w":268,"x":1,"y":620
},{
"h":384,"n":"","p":40,"q":192,"w":73,"x":348,"y":0
},{
"h":147,"n":"","p":73,"q":73,"w":147,"x":1,"y":835
},{
"h":146,"n":"","p":73,"q":73,"w":146,"x":149,"y":835
},{
"h":126,"n":"","p":80,"q":63,"w":158,"x":422,"y":1
},{
"h":142,"n":"","p":69,"q":71,"w":137,"x":422,"y":128
},{
"h":147,"n":"","p":64,"q":73,"w":128,"x":581,"y":1
},{
"h":137,"n":"","p":68,"q":68,"w":137,"x":710,"y":1
},{
"h":137,"n":"","p":68,"q":68,"w":137,"x":848,"y":1
},{
"h":137,"n":"","p":68,"q":68,"w":137,"x":710,"y":139
},{
"h":135,"n":"","p":70,"q":67,"w":136,"x":848,"y":139
},{
"h":120,"n":"","p":60,"q":60,"w":120,"x":581,"y":149
},{
"h":120,"n":"","p":60,"q":60,"w":120,"x":349,"y":385
},{
"h":120,"n":"","p":60,"q":60,"w":120,"x":349,"y":506
},{
"h":120,"n":"","p":60,"q":60,"w":120,"x":349,"y":627
},{
"h":120,"n":"","p":60,"q":60,"w":120,"x":349,"y":748
},{
"h":94,"n":"","p":45,"q":47,"w":101,"x":422,"y":271
}
]
],"meta":{
"atlas":[
"gui_content_image_0.png","gui_content_image_1.png","gui_content_image_2.png","gui_content_image_3.png","gui_content_image_4.png","gui_content_image_5.png"
]
}
}
