{"name":"endless_part_003","layers":[{"name":"bg_objects","depth":-2,"paths":[],"objects":[{"id":"tree_01_06","texture":"theme_01_tree_06","anchor":{"x":0.5,"y":1},"scale":{"x":1,"y":1},"rotation":0,"depth":0,"data":"","position":{"x":881,"y":-233}},{"id":"tree_01_04","texture":"theme_01_tree_04","anchor":{"x":0.5,"y":1},"scale":{"x":1,"y":1},"rotation":0,"depth":0,"data":"","position":{"x":2180,"y":-208}},{"id":"tree_01_07","texture":"theme_01_tree_07","anchor":{"x":0.5,"y":1},"scale":{"x":1,"y":1},"rotation":0,"depth":0,"data":"","position":{"x":1974,"y":-225}},{"id":"tree_01_08","texture":"theme_01_tree_08","anchor":{"x":0.5,"y":1},"scale":{"x":1,"y":1},"rotation":0,"depth":0,"data":"","position":{"x":706,"y":-228}}]},{"name":"tunnel_fill","depth":-1,"paths":[],"objects":[]},{"name":"path","depth":0,"paths":[{"closed":false,"depth":0,"collisions":1,"texFill":"theme_01_fill","texGround":"theme_01_ground","texGroundEdge":"theme_01_ground_edge","texWall":"theme_01_wall","texFillPadding":128,"texFillSize":256,"texGroundSize":384,"texGroundDelta":0.1,"texWallSize":160,"texWallDelta":0.1,"texWallAngle":31,"texGroundEdgeSide":"right","data":"","points":[{"x":0,"y":0},{"x":128,"y":0},{"x":576,"y":-240},{"x":688,"y":-240},{"x":800,"y":-240},{"x":1168,"y":-240},{"x":1264,"y":-240},{"x":1248,"y":-32},{"x":1136,"y":800},{"x":1120,"y":960}],"bounds":[0,1264]},{"closed":false,"depth":0,"collisions":1,"texFill":"theme_01_fill","texGround":"theme_01_ground","texGroundEdge":"theme_01_ground_edge","texWall":"theme_01_wall","texFillPadding":64,"texFillSize":256,"texGroundSize":384,"texGroundDelta":0.1,"texWallSize":192,"texWallDelta":0.1,"texWallAngle":70,"texGroundEdgeSide":"left","data":"","points":[{"x":1952,"y":992},{"x":1936,"y":912},{"x":1696,"y":-48},{"x":1680,"y":-224},{"x":1776,"y":-224},{"x":2304,"y":-224},{"x":2416,"y":-224},{"x":2640,"y":-224},{"x":2848,"y":0},{"x":3072,"y":0}],"bounds":[1680,3072]}],"objects":[{"id":"level_gameover","texture":"level_gameover","anchor":{"x":0.5,"y":0.5},"scale":{"x":5,"y":5},"rotation":0,"depth":0,"data":"","position":{"x":1507,"y":384}}]},{"name":"obstacles","depth":1,"paths":[],"objects":[]},{"name":"pickups","depth":2,"paths":[],"objects":[{"id":"coin","texture":"ui_icon_gameplay_snowflake","anchor":{"x":0.5,"y":0.5},"scale":{"x":1,"y":1},"rotation":0,"depth":0,"data":"","position":{"x":1122,"y":-345}},{"id":"coin","texture":"ui_icon_gameplay_snowflake","anchor":{"x":0.5,"y":0.5},"scale":{"x":1,"y":1},"rotation":0,"depth":0,"data":"","position":{"x":1227,"y":-455}},{"id":"coin","texture":"ui_icon_gameplay_snowflake","anchor":{"x":0.5,"y":0.5},"scale":{"x":1,"y":1},"rotation":0,"depth":0,"data":"","position":{"x":1364,"y":-517}},{"id":"coin","texture":"ui_icon_gameplay_snowflake","anchor":{"x":0.5,"y":0.5},"scale":{"x":1,"y":1},"rotation":0,"depth":0,"data":"","position":{"x":1498,"y":-528}},{"id":"coin","texture":"ui_icon_gameplay_snowflake","anchor":{"x":0.5,"y":0.5},"scale":{"x":1,"y":1},"rotation":0,"depth":0,"data":"","position":{"x":1671,"y":-479}},{"id":"coin","texture":"ui_icon_gameplay_snowflake","anchor":{"x":0.5,"y":0.5},"scale":{"x":1,"y":1},"rotation":0,"depth":0,"data":"","position":{"x":1755,"y":-362}}]},{"name":"fg_objects","depth":10,"paths":[],"objects":[]}],"length":0}