{"name":"endless_part_020","layers":[{"name":"bg_objects","depth":-2,"paths":[],"objects":[{"id":"tree_01_05","texture":"theme_01_tree_05","anchor":{"x":0.5,"y":1},"scale":{"x":1,"y":1},"rotation":0,"depth":0,"data":"","position":{"x":2229,"y":-387}},{"id":"tree_01_07","texture":"theme_01_tree_07","anchor":{"x":0.5,"y":1},"scale":{"x":1,"y":1},"rotation":0,"depth":0,"data":"","position":{"x":6622,"y":-702}},{"id":"forest_01_00","texture":"theme_01_forest_00","anchor":{"x":0.5,"y":1},"scale":{"x":1,"y":1},"rotation":0,"depth":0,"data":"","position":{"x":6285,"y":-712}},{"id":"tree_01_03","texture":"theme_01_tree_03","anchor":{"x":0.5,"y":1},"scale":{"x":1,"y":1},"rotation":0,"depth":0,"data":"","position":{"x":3756,"y":-684}},{"id":"tree_01_08","texture":"theme_01_tree_08","anchor":{"x":0.5,"y":1},"scale":{"x":1,"y":1},"rotation":0,"depth":0,"data":"","position":{"x":3444,"y":-631}},{"id":"tree_01_00","texture":"theme_01_tree_00","anchor":{"x":0.5,"y":1},"scale":{"x":1,"y":1},"rotation":0,"depth":0,"data":"","position":{"x":5951,"y":-712}},{"id":"forest_01_00","texture":"theme_01_forest_00","anchor":{"x":0.5,"y":1},"scale":{"x":1,"y":1},"rotation":0,"depth":0,"data":"","position":{"x":2677,"y":-377}},{"id":"rock_01_01","texture":"theme_01_rock_01","anchor":{"x":0.5,"y":1},"scale":{"x":1,"y":1},"rotation":0,"depth":-1,"data":"","position":{"x":3640,"y":-680}},{"id":"rock_01_02","texture":"theme_01_rock_02","anchor":{"x":0.5,"y":1},"scale":{"x":1,"y":1},"rotation":0,"depth":-1,"data":"","position":{"x":4949,"y":-470}},{"id":"tree_01_04","texture":"theme_01_tree_04","anchor":{"x":0.5,"y":1},"scale":{"x":1,"y":1},"rotation":0,"depth":1,"data":"","position":{"x":2335,"y":-385}},{"id":"tree_01_06","texture":"theme_01_tree_06","anchor":{"x":0.5,"y":1},"scale":{"x":1,"y":1},"rotation":0,"depth":0,"data":"","position":{"x":5193,"y":-441}}]},{"name":"tunnel_fill","depth":-1,"paths":[],"objects":[]},{"name":"path","depth":0,"paths":[{"closed":false,"depth":0,"collisions":1,"texFill":"theme_01_fill","texGround":"theme_01_ground","texGroundEdge":"theme_01_ground_edge","texWall":"theme_01_wall","texFillPadding":256,"texFillSize":256,"texGroundSize":384,"texGroundDelta":0.1,"texWallSize":176,"texWallDelta":0.1,"texWallAngle":31,"texGroundEdgeSide":"right","data":"","points":[{"x":0,"y":0},{"x":128,"y":0},{"x":256,"y":0},{"x":368,"y":0},{"x":592,"y":0},{"x":736,"y":-112},{"x":944,"y":-112},{"x":1056,"y":-112},{"x":1600,"y":-336},{"x":1760,"y":-336},{"x":1760,"y":-272},{"x":1840,"y":784},{"x":1840,"y":832}],"bounds":[0,1840]},{"closed":true,"depth":0,"collisions":2,"texFill":"theme_01_fill","texGround":"theme_01_ground","texGroundEdge":"theme_01_ground_edge","texWall":"theme_01_wall","texFillPadding":512,"texFillSize":256,"texGroundSize":384,"texGroundDelta":0.1,"texWallSize":160,"texWallDelta":0.1,"texWallAngle":70,"texGroundEdgeSide":"","data":"","points":[{"x":2016,"y":-384},{"x":2512,"y":-384},{"x":2512,"y":-400},{"x":3008,"y":-400},{"x":2928,"y":-400},{"x":2928,"y":240},{"x":2848,"y":240},{"x":2688,"y":240},{"x":2688,"y":448},{"x":2528,"y":448},{"x":2352,"y":448},{"x":2352,"y":-16},{"x":2160,"y":-16},{"x":2112,"y":-16},{"x":2112,"y":-224},{"x":2064,"y":-224},{"x":2048,"y":-224},{"x":2048,"y":-384},{"x":2016,"y":-384}],"bounds":[2016,3008]},{"closed":true,"depth":0,"collisions":2,"texFill":"theme_01_fill","texGround":"theme_01_ground","texGroundEdge":"theme_01_ground_edge","texWall":"theme_01_wall","texFillPadding":512,"texFillSize":256,"texGroundSize":384,"texGroundDelta":0.1,"texWallSize":160,"texWallDelta":0.1,"texWallAngle":70,"texGroundEdgeSide":"","data":"","points":[{"x":3312,"y":-672},{"x":3648,"y":-672},{"x":3648,"y":-688},{"x":4000,"y":-688},{"x":3968,"y":-688},{"x":3968,"y":-160},{"x":3920,"y":-160},{"x":3744,"y":-160},{"x":3744,"y":96},{"x":3568,"y":96},{"x":3504,"y":96},{"x":3504,"y":-304},{"x":3440,"y":-304},{"x":3376,"y":-304},{"x":3376,"y":-496},{"x":3312,"y":-496},{"x":3296,"y":-496},{"x":3296,"y":-672},{"x":3280,"y":-672},{"x":3328,"y":-672},{"x":3312,"y":-672},{"x":3312,"y":-672},{"x":3296,"y":-672},{"x":3328,"y":-672},{"x":3312,"y":-672}],"bounds":[3280,4000]},{"closed":true,"depth":0,"collisions":1,"texFill":"theme_01_fill","texGround":"theme_01_ground","texGroundEdge":"theme_01_ground_edge","texWall":"theme_01_wall","texFillPadding":512,"texFillSize":256,"texGroundSize":384,"texGroundDelta":0.1,"texWallSize":160,"texWallDelta":0.1,"texWallAngle":70,"texGroundEdgeSide":"","data":"","points":[{"x":4304,"y":-480},{"x":4880,"y":-480},{"x":4880,"y":-448},{"x":5472,"y":-448},{"x":5312,"y":-448},{"x":5328,"y":192},{"x":5168,"y":192},{"x":4944,"y":192},{"x":4944,"y":288},{"x":4720,"y":288},{"x":4576,"y":288},{"x":4576,"y":-144},{"x":4432,"y":-144},{"x":4368,"y":-144},{"x":4368,"y":-480},{"x":4304,"y":-480}],"bounds":[4304,5472]},{"closed":true,"depth":0,"collisions":1,"texFill":"theme_01_fill","texGround":"theme_01_ground","texGroundEdge":"theme_01_ground_edge","texWall":"theme_01_wall","texFillPadding":512,"texFillSize":256,"texGroundSize":384,"texGroundDelta":0.1,"texWallSize":160,"texWallDelta":0.1,"texWallAngle":70,"texGroundEdgeSide":"","data":"","points":[{"x":5776,"y":-720},{"x":6272,"y":-720},{"x":6272,"y":-688},{"x":6768,"y":-688},{"x":6688,"y":-688},{"x":6688,"y":-160},{"x":6608,"y":-160},{"x":6368,"y":-160},{"x":6368,"y":128},{"x":6144,"y":128},{"x":6000,"y":128},{"x":6000,"y":-256},{"x":5856,"y":-256},{"x":5808,"y":-256},{"x":5808,"y":-656},{"x":5776,"y":-656},{"x":5776,"y":-656},{"x":5776,"y":-720},{"x":5760,"y":-720}],"bounds":[5760,6768]},{"closed":false,"depth":0,"collisions":1,"texFill":"theme_01_fill","texGround":"theme_01_ground","texGroundEdge":"theme_01_ground_edge","texWall":"theme_01_wall","texFillPadding":128,"texFillSize":256,"texGroundSize":368,"texGroundDelta":0.1,"texWallSize":192,"texWallDelta":0.1,"texWallAngle":70,"texGroundEdgeSide":"left","data":"","points":[{"x":7056,"y":880},{"x":7056,"y":560},{"x":6928,"y":-304},{"x":6928,"y":-400},{"x":7600,"y":-400},{"x":7568,"y":-160},{"x":8416,"y":-160},{"x":8672,"y":-160},{"x":9536,"y":304},{"x":9792,"y":304}],"bounds":[6928,9792]}],"objects":[]},{"name":"obstacles","depth":1,"paths":[],"objects":[{"id":"barrel_01_00","texture":"theme_01_barrel_00","anchor":{"x":0.5,"y":1},"scale":{"x":1,"y":1},"rotation":0,"depth":-2,"data":"","position":{"x":7774,"y":-218}},{"id":"barrel_01_00","texture":"theme_01_barrel_00","anchor":{"x":0.5,"y":1},"scale":{"x":1,"y":1},"rotation":0,"depth":0,"data":"","position":{"x":7868,"y":-203}},{"id":"barrel_01_00","texture":"theme_01_barrel_00","anchor":{"x":0.5,"y":1},"scale":{"x":1,"y":1},"rotation":0,"depth":-1,"data":"","position":{"x":7829,"y":-270}},{"id":"level_gameover","texture":"level_gameover","anchor":{"x":0.5,"y":0.5},"scale":{"x":5,"y":5},"rotation":0,"depth":0,"data":"","position":{"x":1985,"y":105}},{"id":"level_gameover","texture":"level_gameover","anchor":{"x":0.5,"y":0.5},"scale":{"x":5,"y":5},"rotation":0,"depth":0,"data":"","position":{"x":3223,"y":-13}},{"id":"level_gameover","texture":"level_gameover","anchor":{"x":0.5,"y":0.5},"scale":{"x":5,"y":5},"rotation":0,"depth":0,"data":"","position":{"x":4099,"y":-70}},{"id":"level_gameover","texture":"level_gameover","anchor":{"x":0.5,"y":0.5},"scale":{"x":6.4,"y":6.4},"rotation":0,"depth":0,"data":"","position":{"x":5662,"y":92}},{"id":"level_gameover","texture":"level_gameover","anchor":{"x":0.5,"y":0.5},"scale":{"x":5,"y":5},"rotation":0,"depth":0,"data":"","position":{"x":6712,"y":40}},{"id":"stones_01_02","texture":"theme_01_stones_02","anchor":{"x":0.5,"y":1},"scale":{"x":1,"y":1},"rotation":-5,"depth":0,"data":"","position":{"x":432,"y":-9}}]},{"name":"pickups","depth":2,"paths":[],"objects":[{"id":"coin","texture":"ui_icon_gameplay_snowflake","anchor":{"x":0.5,"y":0.5},"scale":{"x":1,"y":1},"rotation":0,"depth":0,"data":"","position":{"x":7781,"y":-471}},{"id":"coin","texture":"ui_icon_gameplay_snowflake","anchor":{"x":0.5,"y":0.5},"scale":{"x":1,"y":1},"rotation":0,"depth":0,"data":"","position":{"x":1679,"y":-478}},{"id":"coin","texture":"ui_icon_gameplay_snowflake","anchor":{"x":0.5,"y":0.5},"scale":{"x":1,"y":1},"rotation":0,"depth":0,"data":"","position":{"x":2068,"y":-514}},{"id":"coin","texture":"ui_icon_gameplay_snowflake","anchor":{"x":0.5,"y":0.5},"scale":{"x":1,"y":1},"rotation":0,"depth":0,"data":"","position":{"x":2915,"y":-608}},{"id":"coin","texture":"ui_icon_gameplay_snowflake","anchor":{"x":0.5,"y":0.5},"scale":{"x":1,"y":1},"rotation":0,"depth":0,"data":"","position":{"x":3019,"y":-752}},{"id":"coin","texture":"ui_icon_gameplay_snowflake","anchor":{"x":0.5,"y":0.5},"scale":{"x":1,"y":1},"rotation":0,"depth":0,"data":"","position":{"x":3234,"y":-791}},{"id":"coin","texture":"ui_icon_gameplay_snowflake","anchor":{"x":0.5,"y":0.5},"scale":{"x":1,"y":1},"rotation":0,"depth":0,"data":"","position":{"x":3909,"y":-860}},{"id":"coin","texture":"ui_icon_gameplay_snowflake","anchor":{"x":0.5,"y":0.5},"scale":{"x":1,"y":1},"rotation":0,"depth":0,"data":"","position":{"x":4167,"y":-838}},{"id":"coin","texture":"ui_icon_gameplay_snowflake","anchor":{"x":0.5,"y":0.5},"scale":{"x":1,"y":1},"rotation":0,"depth":0,"data":"","position":{"x":4282,"y":-684}},{"id":"coin","texture":"ui_icon_gameplay_snowflake","anchor":{"x":0.5,"y":0.5},"scale":{"x":1,"y":1},"rotation":0,"depth":0,"data":"","position":{"x":5395,"y":-626}},{"id":"coin","texture":"ui_icon_gameplay_snowflake","anchor":{"x":0.5,"y":0.5},"scale":{"x":1,"y":1},"rotation":0,"depth":0,"data":"","position":{"x":5495,"y":-806}},{"id":"coin","texture":"ui_icon_gameplay_snowflake","anchor":{"x":0.5,"y":0.5},"scale":{"x":1,"y":1},"rotation":0,"depth":0,"data":"","position":{"x":5728,"y":-867}},{"id":"coin","texture":"ui_icon_gameplay_snowflake","anchor":{"x":0.5,"y":0.5},"scale":{"x":1,"y":1},"rotation":0,"depth":0,"data":"","position":{"x":6730,"y":-816}},{"id":"coin","texture":"ui_icon_gameplay_snowflake","anchor":{"x":0.5,"y":0.5},"scale":{"x":1,"y":1},"rotation":0,"depth":0,"data":"","position":{"x":6920,"y":-745}},{"id":"coin","texture":"ui_icon_gameplay_snowflake","anchor":{"x":0.5,"y":0.5},"scale":{"x":1,"y":1},"rotation":0,"depth":0,"data":"","position":{"x":7052,"y":-540}},{"id":"coin","texture":"ui_icon_gameplay_snowflake","anchor":{"x":0.5,"y":0.5},"scale":{"x":1,"y":1},"rotation":0,"depth":0,"data":"","position":{"x":7664,"y":-400}},{"id":"coin","texture":"ui_icon_gameplay_snowflake","anchor":{"x":0.5,"y":0.5},"scale":{"x":1,"y":1},"rotation":0,"depth":0,"data":"","position":{"x":1853,"y":-604}},{"id":"coin","texture":"ui_icon_gameplay_snowflake","anchor":{"x":0.5,"y":0.5},"scale":{"x":1,"y":1},"rotation":0,"depth":0,"data":"","position":{"x":8005,"y":-395}},{"id":"coin","texture":"ui_icon_gameplay_snowflake","anchor":{"x":0.5,"y":0.5},"scale":{"x":1,"y":1},"rotation":0,"depth":0,"data":"","position":{"x":8017,"y":-272}},{"id":"coin","texture":"ui_icon_gameplay_snowflake","anchor":{"x":0.5,"y":0.5},"scale":{"x":1,"y":1},"rotation":0,"depth":0,"data":"","position":{"x":8405,"y":-276}},{"id":"coin","texture":"ui_icon_gameplay_snowflake","anchor":{"x":0.5,"y":0.5},"scale":{"x":1,"y":1},"rotation":0,"depth":0,"data":"","position":{"x":8715,"y":-258}},{"id":"coin","texture":"ui_icon_gameplay_snowflake","anchor":{"x":0.5,"y":0.5},"scale":{"x":1,"y":1},"rotation":0,"depth":0,"data":"","position":{"x":8989,"y":-128}},{"id":"coin","texture":"ui_icon_gameplay_snowflake","anchor":{"x":0.5,"y":0.5},"scale":{"x":1,"y":1},"rotation":0,"depth":0,"data":"","position":{"x":9262,"y":-16}},{"id":"coin","texture":"ui_icon_gameplay_snowflake","anchor":{"x":0.5,"y":0.5},"scale":{"x":1,"y":1},"rotation":0,"depth":0,"data":"","position":{"x":9590,"y":100}},{"id":"coin","texture":"ui_icon_gameplay_snowflake","anchor":{"x":0.5,"y":0.5},"scale":{"x":1,"y":1},"rotation":0,"depth":0,"data":"","position":{"x":219,"y":-107}},{"id":"coin","texture":"ui_icon_gameplay_snowflake","anchor":{"x":0.5,"y":0.5},"scale":{"x":1,"y":1},"rotation":0,"depth":0,"data":"","position":{"x":315,"y":-222}},{"id":"coin","texture":"ui_icon_gameplay_snowflake","anchor":{"x":0.5,"y":0.5},"scale":{"x":1,"y":1},"rotation":0,"depth":0,"data":"","position":{"x":439,"y":-257}},{"id":"coin","texture":"ui_icon_gameplay_snowflake","anchor":{"x":0.5,"y":0.5},"scale":{"x":1,"y":1},"rotation":0,"depth":0,"data":"","position":{"x":563,"y":-187}},{"id":"coin","texture":"ui_icon_gameplay_snowflake","anchor":{"x":0.5,"y":0.5},"scale":{"x":1,"y":1},"rotation":0,"depth":0,"data":"","position":{"x":778,"y":-204}},{"id":"coin","texture":"ui_icon_gameplay_snowflake","anchor":{"x":0.5,"y":0.5},"scale":{"x":1,"y":1},"rotation":0,"depth":0,"data":"","position":{"x":1059,"y":-262}},{"id":"coin","texture":"ui_icon_gameplay_snowflake","anchor":{"x":0.5,"y":0.5},"scale":{"x":1,"y":1},"rotation":0,"depth":0,"data":"","position":{"x":1290,"y":-337}},{"id":"coin","texture":"ui_icon_gameplay_snowflake","anchor":{"x":0.5,"y":0.5},"scale":{"x":1,"y":1},"rotation":0,"depth":0,"data":"","position":{"x":7908,"y":-476}}]},{"name":"fg_objects","depth":10,"paths":[],"objects":[{"id":"tree_01_08","texture":"theme_01_tree_08","anchor":{"x":0.5,"y":1},"scale":{"x":1,"y":1},"rotation":0,"depth":0,"data":"","position":{"x":4627,"y":-477}}]}],"length":0}