{"name":"endless_part_008","layers":[{"name":"bg_objects","depth":-2,"paths":[],"objects":[{"id":"forest_01_00","texture":"theme_01_forest_00","anchor":{"x":0.5,"y":1},"scale":{"x":1,"y":1},"rotation":0,"depth":-10,"data":"","position":{"x":1822,"y":-540}},{"id":"tree_01_03","texture":"theme_01_tree_03","anchor":{"x":0.5,"y":1},"scale":{"x":1,"y":1},"rotation":0,"depth":0,"data":"","position":{"x":2129,"y":-532}},{"id":"tree_01_09","texture":"theme_01_tree_09","anchor":{"x":0.5,"y":1},"scale":{"x":1,"y":1},"rotation":0,"depth":0,"data":"","position":{"x":1521,"y":-522}},{"id":"carriage_01_00","texture":"theme_01_carriage_00","anchor":{"x":0.5,"y":1},"scale":{"x":1,"y":1},"rotation":0,"depth":1,"data":"","position":{"x":2191,"y":-541}}]},{"name":"tunnel_fill","depth":-1,"paths":[{"closed":true,"depth":0,"collisions":0,"texFill":"theme_02_fill","texGround":"","texGroundEdge":"","texWall":"theme_02_wall","texFillPadding":512,"texFillSize":256,"texGroundSize":160,"texGroundDelta":0.1,"texWallSize":160,"texWallDelta":0.1,"texWallAngle":0,"texGroundEdgeSide":"none","data":"","points":[{"x":1024,"y":-352},{"x":1296,"y":-272},{"x":1360,"y":-352},{"x":1552,"y":-448},{"x":1664,"y":-448},{"x":1936,"y":-464},{"x":2064,"y":-464},{"x":2080,"y":-464},{"x":2176,"y":-352},{"x":2192,"y":-352},{"x":1920,"y":-160},{"x":2272,"y":144},{"x":2256,"y":144},{"x":2096,"y":144},{"x":1072,"y":-16},{"x":1008,"y":-16},{"x":1024,"y":-16},{"x":1024,"y":-336},{"x":1024,"y":-352}],"bounds":[1008,2272]}],"objects":[]},{"name":"path","depth":0,"paths":[{"closed":false,"depth":0,"collisions":1,"texFill":"theme_01_fill","texGround":"theme_01_ground","texGroundEdge":"theme_01_ground_edge","texWall":"theme_01_wall","texFillPadding":320,"texFillSize":256,"texGroundSize":384,"texGroundDelta":0.1,"texWallSize":256,"texWallDelta":0.1,"texWallAngle":70,"texGroundEdgeSide":"right","data":"","points":[{"x":0,"y":0},{"x":160,"y":0},{"x":256,"y":-272},{"x":560,"y":-256},{"x":560,"y":-160},{"x":512,"y":672},{"x":496,"y":736}],"bounds":[0,560]},{"closed":false,"depth":0,"collisions":1,"texFill":"theme_01_fill","texGround":"theme_01_ground","texGroundEdge":"theme_01_ground_edge","texWall":"theme_01_wall","texFillPadding":384,"texFillSize":256,"texGroundSize":384,"texGroundDelta":0.1,"texWallSize":240,"texWallDelta":0.1,"texWallAngle":70,"texGroundEdgeSide":"left","data":"","points":[{"x":816,"y":656},{"x":816,"y":496},{"x":768,"y":-304},{"x":768,"y":-352},{"x":880,"y":-352},{"x":880,"y":-352},{"x":1008,"y":-352},{"x":1184,"y":-336},{"x":1312,"y":-128},{"x":1376,"y":-128},{"x":1504,"y":-112},{"x":1680,"y":32},{"x":1824,"y":32},{"x":2032,"y":32},{"x":2208,"y":0},{"x":2400,"y":0},{"x":2512,"y":0},{"x":2832,"y":0},{"x":2944,"y":0}],"bounds":[768,2944]},{"closed":true,"depth":0,"collisions":1,"texFill":"theme_01_fill","texGround":"theme_01_ground","texGroundEdge":"theme_01_ground_edge","texWall":"theme_01_wall","texFillPadding":512,"texFillSize":256,"texGroundSize":160,"texGroundDelta":0.1,"texWallSize":160,"texWallDelta":0.1,"texWallAngle":70,"texGroundEdgeSide":"","data":"","points":[{"x":1296,"y":-496},{"x":1408,"y":-544},{"x":1456,"y":-544},{"x":1616,"y":-544},{"x":1744,"y":-544},{"x":1744,"y":-544},{"x":1872,"y":-544},{"x":2032,"y":-544},{"x":2032,"y":-560},{"x":2176,"y":-560},{"x":2240,"y":-560},{"x":2272,"y":-544},{"x":2336,"y":-544},{"x":2320,"y":-480},{"x":2272,"y":-320},{"x":2256,"y":-320},{"x":2160,"y":-320},{"x":1856,"y":-256},{"x":1744,"y":-256},{"x":1616,"y":-256},{"x":1520,"y":-288},{"x":1440,"y":-336},{"x":1360,"y":-336},{"x":1280,"y":-448},{"x":1296,"y":-496}],"bounds":[1280,2336]}],"objects":[]},{"name":"obstacles","depth":1,"paths":[],"objects":[{"id":"icecube_01_03","texture":"theme_01_ice_cube_03","anchor":{"x":0.5,"y":1},"scale":{"x":1,"y":1},"rotation":-5,"depth":0,"data":"","position":{"x":1539,"y":-140}},{"id":"icecube_01_04","texture":"theme_01_ice_cube_04","anchor":{"x":0.5,"y":1},"scale":{"x":1,"y":1},"rotation":-14,"depth":0,"data":"","position":{"x":1446,"y":-145}},{"id":"icecube_01_04","texture":"theme_01_ice_cube_04","anchor":{"x":0.5,"y":1},"scale":{"x":1,"y":1},"rotation":17,"depth":0,"data":"","position":{"x":1395,"y":-210}},{"id":"icecube_01_05","texture":"theme_01_ice_cube_05","anchor":{"x":0.5,"y":1},"scale":{"x":1,"y":1},"rotation":0,"depth":0,"data":"","position":{"x":1853,"y":22}},{"id":"icecube_01_02","texture":"theme_01_ice_cube_02","anchor":{"x":0.5,"y":1},"scale":{"x":1,"y":1},"rotation":-12,"depth":0,"data":"","position":{"x":1773,"y":-13}},{"id":"icecube_01_02","texture":"theme_01_ice_cube_02","anchor":{"x":0.5,"y":1},"scale":{"x":1,"y":1},"rotation":35,"depth":0,"data":"","position":{"x":1585,"y":-106}},{"id":"icecube_01_03","texture":"theme_01_ice_cube_03","anchor":{"x":0.5,"y":1},"scale":{"x":1,"y":1},"rotation":22,"depth":0,"data":"","position":{"x":1646,"y":-34}},{"id":"icecube_01_04","texture":"theme_01_ice_cube_04","anchor":{"x":0.5,"y":1},"scale":{"x":1,"y":1},"rotation":22,"depth":0,"data":"","position":{"x":1496,"y":-90}},{"id":"icecube_01_03","texture":"theme_01_ice_cube_03","anchor":{"x":0.5,"y":1},"scale":{"x":1,"y":1},"rotation":0,"depth":0,"data":"","position":{"x":1869,"y":-23}},{"id":"icecube_01_04","texture":"theme_01_ice_cube_04","anchor":{"x":0.5,"y":1},"scale":{"x":1,"y":1},"rotation":0,"depth":0,"data":"","position":{"x":2453,"y":-5}},{"id":"icecube_01_04","texture":"theme_01_ice_cube_04","anchor":{"x":0.5,"y":1},"scale":{"x":1,"y":1},"rotation":35,"depth":0,"data":"","position":{"x":1220,"y":-253}},{"id":"icecube_01_05","texture":"theme_01_ice_cube_05","anchor":{"x":0.5,"y":1},"scale":{"x":1,"y":1},"rotation":31,"depth":0,"data":"","position":{"x":1300,"y":-194}},{"id":"icecube_03_02","texture":"theme_03_ice_cube_02","anchor":{"x":0.5,"y":1},"scale":{"x":1,"y":1},"rotation":0,"depth":0,"data":"","position":{"x":2568,"y":-7}},{"id":"icecube_02_01","texture":"theme_02_ice_cube_01","anchor":{"x":0.5,"y":1},"scale":{"x":1,"y":1},"rotation":0,"depth":0,"data":"","position":{"x":2506,"y":-62}}]},{"name":"pickups","depth":2,"paths":[],"objects":[{"id":"coin","texture":"ui_icon_gameplay_snowflake","anchor":{"x":0.5,"y":0.5},"scale":{"x":1,"y":1},"rotation":0,"depth":0,"data":"","position":{"x":1394,"y":-648}},{"id":"troll_magic","texture":"ingame_troll_magic_00","anchor":{"x":0.5,"y":0.5},"scale":{"x":1,"y":1},"rotation":0,"depth":0,"data":"","position":{"x":1129,"y":-415}},{"id":"coin","texture":"ui_icon_gameplay_snowflake","anchor":{"x":0.5,"y":0.5},"scale":{"x":1,"y":1},"rotation":0,"depth":0,"data":"","position":{"x":2333,"y":-106}},{"id":"coin","texture":"ui_icon_gameplay_snowflake","anchor":{"x":0.5,"y":0.5},"scale":{"x":1,"y":1},"rotation":0,"depth":0,"data":"","position":{"x":2435,"y":-190}},{"id":"coin","texture":"ui_icon_gameplay_snowflake","anchor":{"x":0.5,"y":0.5},"scale":{"x":1,"y":1},"rotation":0,"depth":0,"data":"","position":{"x":2569,"y":-172}},{"id":"coin","texture":"ui_icon_gameplay_snowflake","anchor":{"x":0.5,"y":0.5},"scale":{"x":1,"y":1},"rotation":0,"depth":0,"data":"","position":{"x":2689,"y":-76}},{"id":"coin","texture":"ui_icon_gameplay_snowflake","anchor":{"x":0.5,"y":0.5},"scale":{"x":1,"y":1},"rotation":0,"depth":0,"data":"","position":{"x":1873,"y":-157}},{"id":"coin","texture":"ui_icon_gameplay_snowflake","anchor":{"x":0.5,"y":0.5},"scale":{"x":1,"y":1},"rotation":0,"depth":0,"data":"","position":{"x":1759,"y":-148}},{"id":"coin","texture":"ui_icon_gameplay_snowflake","anchor":{"x":0.5,"y":0.5},"scale":{"x":1,"y":1},"rotation":0,"depth":0,"data":"","position":{"x":1980,"y":-70}},{"id":"coin","texture":"ui_icon_gameplay_snowflake","anchor":{"x":0.5,"y":0.5},"scale":{"x":1,"y":1},"rotation":0,"depth":0,"data":"","position":{"x":2184,"y":-669}},{"id":"coin","texture":"ui_icon_gameplay_snowflake","anchor":{"x":0.5,"y":0.5},"scale":{"x":1,"y":1},"rotation":0,"depth":0,"data":"","position":{"x":431,"y":-432}},{"id":"coin","texture":"ui_icon_gameplay_snowflake","anchor":{"x":0.5,"y":0.5},"scale":{"x":1,"y":1},"rotation":0,"depth":0,"data":"","position":{"x":563,"y":-528}},{"id":"coin","texture":"ui_icon_gameplay_snowflake","anchor":{"x":0.5,"y":0.5},"scale":{"x":1,"y":1},"rotation":0,"depth":0,"data":"","position":{"x":754,"y":-495}}]},{"name":"fg_objects","depth":10,"paths":[],"objects":[{"id":"level_gameover","texture":"level_gameover","anchor":{"x":0.5,"y":0.5},"scale":{"x":2.3,"y":2.3},"rotation":0,"depth":0,"data":"","position":{"x":667,"y":-63}}]}],"length":0}