{"name":"endless_part_023","layers":[{"name":"bg_objects","depth":-2,"paths":[],"objects":[{"id":"forest_01_00","texture":"theme_01_forest_00","anchor":{"x":0.5,"y":1},"scale":{"x":1,"y":1},"rotation":-1,"depth":0,"data":"","position":{"x":5449,"y":-1728}},{"id":"tree_01_08","texture":"theme_01_tree_08","anchor":{"x":0.5,"y":1},"scale":{"x":1,"y":1},"rotation":0,"depth":0,"data":"","position":{"x":5777,"y":-1779}},{"id":"tree_01_04","texture":"theme_01_tree_04","anchor":{"x":0.5,"y":1},"scale":{"x":1,"y":1},"rotation":0,"depth":0,"data":"","position":{"x":5090,"y":-1689}},{"id":"forest_01_00","texture":"theme_01_forest_00","anchor":{"x":0.5,"y":1},"scale":{"x":1,"y":1},"rotation":20,"depth":0,"data":"","position":{"x":9505,"y":-1841}},{"id":"tree_01_06","texture":"theme_01_tree_06","anchor":{"x":0.5,"y":1},"scale":{"x":1,"y":1},"rotation":14,"depth":0,"data":"","position":{"x":9855,"y":-1707}},{"id":"rock_01_02","texture":"theme_01_rock_02","anchor":{"x":0.5,"y":1},"scale":{"x":1.5,"y":1.5},"rotation":-2,"depth":-10,"data":"","position":{"x":6820,"y":-1908}},{"id":"forest_01_00","texture":"theme_01_forest_00","anchor":{"x":0.5,"y":1},"scale":{"x":1,"y":1},"rotation":0,"depth":0,"data":"","position":{"x":9703,"y":336}},{"id":"tree_01_06","texture":"theme_01_tree_06","anchor":{"x":0.5,"y":1},"scale":{"x":1,"y":1},"rotation":0,"depth":0,"data":"","position":{"x":10062,"y":332}},{"id":"tree_01_06","texture":"theme_01_tree_06","anchor":{"x":0.5,"y":1},"scale":{"x":1,"y":1},"rotation":0,"depth":0,"data":"","position":{"x":6590,"y":-1883}},{"id":"tree_01_09","texture":"theme_01_tree_09","anchor":{"x":0.5,"y":1},"scale":{"x":1,"y":1},"rotation":0,"depth":0,"data":"","position":{"x":7055,"y":-1939}},{"id":"tree_01_04","texture":"theme_01_tree_04","anchor":{"x":0.5,"y":1},"scale":{"x":1,"y":1},"rotation":0,"depth":0,"data":"","position":{"x":6930,"y":-1914}}]},{"name":"tunnel_fill","depth":-1,"paths":[{"closed":true,"depth":0,"collisions":0,"texFill":"theme_02_fill","texGround":"","texGroundEdge":"","texWall":"theme_02_wall","texFillPadding":512,"texFillSize":256,"texGroundSize":160,"texGroundDelta":0.1,"texWallSize":160,"texWallDelta":0.1,"texWallAngle":0,"texGroundEdgeSide":"none","data":"","points":[{"x":3808,"y":-1232},{"x":3856,"y":-1328},{"x":3824,"y":-1344},{"x":3856,"y":-1472},{"x":6256,"y":-1472},{"x":6416,"y":-1968},{"x":8832,"y":-1968},{"x":9472,"y":-1968},{"x":9472,"y":-1632},{"x":10096,"y":-1632},{"x":9696,"y":-1632},{"x":9280,"y":1424},{"x":8880,"y":1424},{"x":7504,"y":1424},{"x":7824,"y":544},{"x":6432,"y":544},{"x":5200,"y":544},{"x":5264,"y":-608},{"x":4032,"y":-608}],"bounds":[3808,10096]}],"objects":[]},{"name":"path","depth":0,"paths":[{"closed":false,"depth":0,"collisions":1,"texFill":"theme_01_fill","texGround":"theme_01_ground","texGroundEdge":"theme_01_ground_edge","texWall":"theme_01_wall","texFillPadding":320,"texFillSize":256,"texGroundSize":384,"texGroundDelta":0.1,"texWallSize":144,"texWallDelta":0.1,"texWallAngle":31,"texGroundEdgeSide":"right","data":"","points":[{"x":0,"y":0},{"x":128,"y":0},{"x":256,"y":0},{"x":368,"y":0},{"x":592,"y":0},{"x":2064,"y":-688},{"x":2304,"y":-688},{"x":2784,"y":-688},{"x":3456,"y":-1248},{"x":3712,"y":-1248},{"x":4304,"y":-1248},{"x":6928,"y":560},{"x":7536,"y":560},{"x":8128,"y":560},{"x":8304,"y":400},{"x":8592,"y":400},{"x":8592,"y":560},{"x":8496,"y":1424},{"x":8496,"y":1456}],"bounds":[0,8592]},{"closed":false,"depth":10,"collisions":0,"texFill":"theme_04_fill","texGround":"theme_04_ground","texGroundEdge":"","texWall":"theme_01_wall","texFillPadding":512,"texFillSize":256,"texGroundSize":384,"texGroundDelta":0.1,"texWallSize":160,"texWallDelta":0.1,"texWallAngle":70,"texGroundEdgeSide":"none","data":"","points":[{"x":400,"y":1088},{"x":576,"y":848},{"x":2864,"y":-688},{"x":3504,"y":-688},{"x":5456,"y":-688},{"x":5856,"y":1552},{"x":8032,"y":1120},{"x":8064,"y":1120},{"x":9040,"y":1312},{"x":9056,"y":1456}],"bounds":[400,9056]},{"closed":true,"depth":0,"collisions":1,"texFill":"theme_01_fill","texGround":"theme_01_ground","texGroundEdge":"theme_01_ground_edge","texWall":"theme_01_wall","texFillPadding":512,"texFillSize":256,"texGroundSize":384,"texGroundDelta":0.1,"texWallSize":160,"texWallDelta":0.1,"texWallAngle":70,"texGroundEdgeSide":"","data":"","points":[{"x":3872,"y":-1520},{"x":4256,"y":-1520},{"x":6880,"y":-2048},{"x":8352,"y":-2048},{"x":8384,"y":-2048},{"x":8272,"y":-752},{"x":8304,"y":-752},{"x":8240,"y":-752},{"x":7552,"y":144},{"x":7504,"y":144},{"x":6640,"y":144},{"x":6848,"y":-848},{"x":5984,"y":-848},{"x":5456,"y":-848},{"x":5264,"y":-1248},{"x":4720,"y":-1248},{"x":4400,"y":-1248},{"x":4400,"y":-1424},{"x":4080,"y":-1424},{"x":3968,"y":-1424},{"x":3968,"y":-1520},{"x":3856,"y":-1520}],"bounds":[3856,8384]},{"closed":true,"depth":0,"collisions":1,"texFill":"theme_01_fill","texGround":"theme_01_ground","texGroundEdge":"theme_01_ground_edge","texWall":"theme_01_wall","texFillPadding":512,"texFillSize":256,"texGroundSize":384,"texGroundDelta":0.1,"texWallSize":160,"texWallDelta":0.1,"texWallAngle":70,"texGroundEdgeSide":"","data":"","points":[{"x":8704,"y":-2032},{"x":9488,"y":-2032},{"x":9488,"y":-1680},{"x":10256,"y":-1680},{"x":10160,"y":-1680},{"x":10160,"y":-976},{"x":10048,"y":-976},{"x":9744,"y":-976},{"x":9776,"y":-64},{"x":9472,"y":-64},{"x":9248,"y":-64},{"x":9072,"y":-880},{"x":8864,"y":-880},{"x":8720,"y":-880},{"x":8880,"y":-1840},{"x":8736,"y":-1840},{"x":8720,"y":-1840},{"x":8720,"y":-2000},{"x":8688,"y":-2000}],"bounds":[8688,10256]},{"closed":false,"depth":0,"collisions":1,"texFill":"theme_01_fill","texGround":"theme_01_ground","texGroundEdge":"theme_01_ground_edge","texWall":"theme_01_wall","texFillPadding":64,"texFillSize":256,"texGroundSize":384,"texGroundDelta":0.1,"texWallSize":272,"texWallDelta":0.1,"texWallAngle":70,"texGroundEdgeSide":"left","data":"","points":[{"x":8896,"y":1360},{"x":8896,"y":992},{"x":8864,"y":496},{"x":8848,"y":384},{"x":9376,"y":384},{"x":9376,"y":320},{"x":9936,"y":320},{"x":10496,"y":320},{"x":10496,"y":-400},{"x":11072,"y":-400},{"x":12736,"y":-400},{"x":12736,"y":-1232},{"x":14416,"y":-1232},{"x":15104,"y":-1232},{"x":15104,"y":-1808},{"x":15792,"y":-1808}],"bounds":[8848,15792]}],"objects":[{"id":"level_gameover","texture":"level_gameover","anchor":{"x":0.5,"y":0.5},"scale":{"x":5,"y":5},"rotation":0,"depth":0,"data":"","position":{"x":8745,"y":929}}]},{"name":"obstacles","depth":1,"paths":[],"objects":[{"id":"icecube_01_04","texture":"theme_01_ice_cube_04","anchor":{"x":0.5,"y":1},"scale":{"x":1,"y":1},"rotation":22,"depth":0,"data":"","position":{"x":4257,"y":-1075}},{"id":"icecube_01_05","texture":"theme_01_ice_cube_05","anchor":{"x":0.5,"y":1},"scale":{"x":1,"y":1},"rotation":35,"depth":0,"data":"","position":{"x":5588,"y":-370}},{"id":"icecube_01_04","texture":"theme_01_ice_cube_04","anchor":{"x":0.5,"y":1},"scale":{"x":1,"y":1},"rotation":-98,"depth":0,"data":"","position":{"x":4400,"y":-1085}},{"id":"icecube_01_04","texture":"theme_01_ice_cube_04","anchor":{"x":0.5,"y":1},"scale":{"x":1,"y":1},"rotation":0,"depth":0,"data":"","position":{"x":4324,"y":-1122}},{"id":"icecube_01_03","texture":"theme_01_ice_cube_03","anchor":{"x":0.5,"y":1},"scale":{"x":1,"y":1},"rotation":22,"depth":0,"data":"","position":{"x":4428,"y":-997}},{"id":"icecube_01_02","texture":"theme_01_ice_cube_02","anchor":{"x":0.5,"y":1},"scale":{"x":1,"y":1},"rotation":0,"depth":0,"data":"","position":{"x":4849,"y":-810}},{"id":"icecube_01_02","texture":"theme_01_ice_cube_02","anchor":{"x":0.5,"y":1},"scale":{"x":1,"y":1},"rotation":29,"depth":0,"data":"","position":{"x":4743,"y":-850}},{"id":"icecube_01_02","texture":"theme_01_ice_cube_02","anchor":{"x":0.5,"y":1},"scale":{"x":1,"y":1},"rotation":40,"depth":0,"data":"","position":{"x":4903,"y":-758}},{"id":"barrel_01_00","texture":"theme_01_barrel_00","anchor":{"x":0.5,"y":1},"scale":{"x":1,"y":1},"rotation":0,"depth":0,"data":"","position":{"x":4691,"y":-1698}},{"id":"barrel_01_00","texture":"theme_01_barrel_00","anchor":{"x":0.5,"y":1},"scale":{"x":1,"y":1},"rotation":0,"depth":0,"data":"","position":{"x":4741,"y":-1640}},{"id":"barrel_01_00","texture":"theme_01_barrel_00","anchor":{"x":0.5,"y":1},"scale":{"x":1,"y":1},"rotation":0,"depth":0,"data":"","position":{"x":4651,"y":-1631}},{"id":"crate_01_00","texture":"theme_01_crate_00","anchor":{"x":0.5,"y":1},"scale":{"x":1,"y":1},"rotation":0,"depth":0,"data":"","position":{"x":7428,"y":-1983}},{"id":"crate_01_00","texture":"theme_01_crate_00","anchor":{"x":0.5,"y":1},"scale":{"x":1,"y":1},"rotation":0,"depth":2,"data":"","position":{"x":7374,"y":-2035}},{"id":"crate_01_00","texture":"theme_01_crate_00","anchor":{"x":0.5,"y":1},"scale":{"x":1,"y":1},"rotation":0,"depth":0,"data":"","position":{"x":7320,"y":-1985}},{"id":"icecube_01_05","texture":"theme_01_ice_cube_05","anchor":{"x":0.5,"y":1},"scale":{"x":1,"y":1},"rotation":-3,"depth":0,"data":"","position":{"x":5720,"y":-326}},{"id":"icecube_01_05","texture":"theme_01_ice_cube_05","anchor":{"x":0.5,"y":1},"scale":{"x":1,"y":1},"rotation":20,"depth":0,"data":"","position":{"x":5667,"y":-386}},{"id":"icecube_01_05","texture":"theme_01_ice_cube_05","anchor":{"x":0.5,"y":1},"scale":{"x":1,"y":1},"rotation":-8,"depth":0,"data":"","position":{"x":5788,"y":-289}},{"id":"icecube_01_05","texture":"theme_01_ice_cube_05","anchor":{"x":0.5,"y":1},"scale":{"x":1,"y":1},"rotation":29,"depth":0,"data":"","position":{"x":5829,"y":-237}},{"id":"barrel_01_00","texture":"theme_01_barrel_00","anchor":{"x":0.5,"y":1},"scale":{"x":1,"y":1},"rotation":0,"depth":0,"data":"","position":{"x":7702,"y":549}},{"id":"barrel_01_00","texture":"theme_01_barrel_00","anchor":{"x":0.5,"y":1},"scale":{"x":1,"y":1},"rotation":0,"depth":0,"data":"","position":{"x":7788,"y":542}},{"id":"barrel_01_00","texture":"theme_01_barrel_00","anchor":{"x":0.5,"y":1},"scale":{"x":1,"y":1},"rotation":0,"depth":0,"data":"","position":{"x":7731,"y":485}},{"id":"barrel_01_00","texture":"theme_01_barrel_00","anchor":{"x":0.5,"y":1},"scale":{"x":1,"y":1},"rotation":0,"depth":0,"data":"","position":{"x":11340,"y":-409}},{"id":"barrel_01_00","texture":"theme_01_barrel_00","anchor":{"x":0.5,"y":1},"scale":{"x":1,"y":1},"rotation":0,"depth":0,"data":"","position":{"x":11436,"y":-415}},{"id":"barrel_01_00","texture":"theme_01_barrel_00","anchor":{"x":0.5,"y":1},"scale":{"x":1,"y":1},"rotation":0,"depth":0,"data":"","position":{"x":11388,"y":-480}},{"id":"crate_01_00","texture":"theme_01_crate_00","anchor":{"x":0.5,"y":1},"scale":{"x":1,"y":1},"rotation":-24,"depth":0,"data":"","position":{"x":12943,"y":-926}},{"id":"crate_01_00","texture":"theme_01_crate_00","anchor":{"x":0.5,"y":1},"scale":{"x":1,"y":1},"rotation":-15,"depth":0,"data":"","position":{"x":13044,"y":-965}},{"id":"snowman_01_00","texture":"theme_01_snowman_00","anchor":{"x":0.5,"y":1},"scale":{"x":1,"y":1},"rotation":0,"depth":0,"data":"","position":{"x":6195,"y":-1847}}]},{"name":"pickups","depth":2,"paths":[],"objects":[{"id":"coin","texture":"ui_icon_gameplay_snowflake","anchor":{"x":0.5,"y":0.5},"scale":{"x":1,"y":1},"rotation":0,"depth":0,"data":"","position":{"x":13197,"y":-1121}},{"id":"coin","texture":"ui_icon_gameplay_snowflake","anchor":{"x":0.5,"y":0.5},"scale":{"x":1,"y":1},"rotation":0,"depth":0,"data":"","position":{"x":8977,"y":181}},{"id":"coin","texture":"ui_icon_gameplay_snowflake","anchor":{"x":0.5,"y":0.5},"scale":{"x":1,"y":1},"rotation":0,"depth":0,"data":"","position":{"x":5948,"y":-1940}},{"id":"coin","texture":"ui_icon_gameplay_snowflake","anchor":{"x":0.5,"y":0.5},"scale":{"x":1,"y":1},"rotation":0,"depth":0,"data":"","position":{"x":6144,"y":-2128}},{"id":"coin","texture":"ui_icon_gameplay_snowflake","anchor":{"x":0.5,"y":0.5},"scale":{"x":1,"y":1},"rotation":0,"depth":0,"data":"","position":{"x":6298,"y":-2110}},{"id":"coin","texture":"ui_icon_gameplay_snowflake","anchor":{"x":0.5,"y":0.5},"scale":{"x":1,"y":1},"rotation":0,"depth":0,"data":"","position":{"x":6411,"y":-2004}},{"id":"coin","texture":"ui_icon_gameplay_snowflake","anchor":{"x":0.5,"y":0.5},"scale":{"x":1,"y":1},"rotation":0,"depth":0,"data":"","position":{"x":4498,"y":-1788}},{"id":"coin","texture":"ui_icon_gameplay_snowflake","anchor":{"x":0.5,"y":0.5},"scale":{"x":1,"y":1},"rotation":0,"depth":0,"data":"","position":{"x":4673,"y":-1887}},{"id":"coin","texture":"ui_icon_gameplay_snowflake","anchor":{"x":0.5,"y":0.5},"scale":{"x":1,"y":1},"rotation":0,"depth":0,"data":"","position":{"x":4875,"y":-1806}},{"id":"coin","texture":"ui_icon_gameplay_snowflake","anchor":{"x":0.5,"y":0.5},"scale":{"x":1,"y":1},"rotation":0,"depth":0,"data":"","position":{"x":7174,"y":-2098}},{"id":"coin","texture":"ui_icon_gameplay_snowflake","anchor":{"x":0.5,"y":0.5},"scale":{"x":1,"y":1},"rotation":0,"depth":0,"data":"","position":{"x":7349,"y":-2230}},{"id":"coin","texture":"ui_icon_gameplay_snowflake","anchor":{"x":0.5,"y":0.5},"scale":{"x":1,"y":1},"rotation":0,"depth":0,"data":"","position":{"x":7480,"y":-2195}},{"id":"coin","texture":"ui_icon_gameplay_snowflake","anchor":{"x":0.5,"y":0.5},"scale":{"x":1,"y":1},"rotation":0,"depth":0,"data":"","position":{"x":7569,"y":-2114}},{"id":"coin","texture":"ui_icon_gameplay_snowflake","anchor":{"x":0.5,"y":0.5},"scale":{"x":1,"y":1},"rotation":0,"depth":0,"data":"","position":{"x":8253,"y":-2246}},{"id":"coin","texture":"ui_icon_gameplay_snowflake","anchor":{"x":0.5,"y":0.5},"scale":{"x":1,"y":1},"rotation":0,"depth":0,"data":"","position":{"x":8423,"y":-2331}},{"id":"coin","texture":"ui_icon_gameplay_snowflake","anchor":{"x":0.5,"y":0.5},"scale":{"x":1,"y":1},"rotation":0,"depth":0,"data":"","position":{"x":8778,"y":-2183}},{"id":"coin","texture":"ui_icon_gameplay_snowflake","anchor":{"x":0.5,"y":0.5},"scale":{"x":1,"y":1},"rotation":0,"depth":0,"data":"","position":{"x":8630,"y":-2313}},{"id":"coin","texture":"ui_icon_gameplay_snowflake","anchor":{"x":0.5,"y":0.5},"scale":{"x":1,"y":1},"rotation":0,"depth":0,"data":"","position":{"x":4570,"y":-1048}},{"id":"coin","texture":"ui_icon_gameplay_snowflake","anchor":{"x":0.5,"y":0.5},"scale":{"x":1,"y":1},"rotation":0,"depth":0,"data":"","position":{"x":5085,"y":-761}},{"id":"coin","texture":"ui_icon_gameplay_snowflake","anchor":{"x":0.5,"y":0.5},"scale":{"x":1,"y":1},"rotation":0,"depth":0,"data":"","position":{"x":5234,"y":-677}},{"id":"coin","texture":"ui_icon_gameplay_snowflake","anchor":{"x":0.5,"y":0.5},"scale":{"x":1,"y":1},"rotation":0,"depth":0,"data":"","position":{"x":5378,"y":-581}},{"id":"coin","texture":"ui_icon_gameplay_snowflake","anchor":{"x":0.5,"y":0.5},"scale":{"x":1,"y":1},"rotation":0,"depth":0,"data":"","position":{"x":5515,"y":-504}},{"id":"coin","texture":"ui_icon_gameplay_snowflake","anchor":{"x":0.5,"y":0.5},"scale":{"x":1,"y":1},"rotation":0,"depth":0,"data":"","position":{"x":5980,"y":-244}},{"id":"coin","texture":"ui_icon_gameplay_snowflake","anchor":{"x":0.5,"y":0.5},"scale":{"x":1,"y":1},"rotation":0,"depth":0,"data":"","position":{"x":6188,"y":-140}},{"id":"troll_magic","texture":"ingame_troll_magic_00","anchor":{"x":0.5,"y":0.5},"scale":{"x":1,"y":1},"rotation":0,"depth":0,"data":"","position":{"x":4128,"y":-1257}},{"id":"coin","texture":"ui_icon_gameplay_snowflake","anchor":{"x":0.5,"y":0.5},"scale":{"x":1,"y":1},"rotation":0,"depth":0,"data":"","position":{"x":6647,"y":83}},{"id":"coin","texture":"ui_icon_gameplay_snowflake","anchor":{"x":0.5,"y":0.5},"scale":{"x":1,"y":1},"rotation":0,"depth":0,"data":"","position":{"x":6852,"y":180}},{"id":"coin","texture":"ui_icon_gameplay_snowflake","anchor":{"x":0.5,"y":0.5},"scale":{"x":1,"y":1},"rotation":0,"depth":0,"data":"","position":{"x":7150,"y":312}},{"id":"coin","texture":"ui_icon_gameplay_snowflake","anchor":{"x":0.5,"y":0.5},"scale":{"x":1,"y":1},"rotation":0,"depth":0,"data":"","position":{"x":4654,"y":-988}},{"id":"coin","texture":"ui_icon_gameplay_snowflake","anchor":{"x":0.5,"y":0.5},"scale":{"x":1,"y":1},"rotation":0,"depth":0,"data":"","position":{"x":7598,"y":309}},{"id":"coin","texture":"ui_icon_gameplay_snowflake","anchor":{"x":0.5,"y":0.5},"scale":{"x":1,"y":1},"rotation":0,"depth":0,"data":"","position":{"x":7749,"y":287}},{"id":"coin","texture":"ui_icon_gameplay_snowflake","anchor":{"x":0.5,"y":0.5},"scale":{"x":1,"y":1},"rotation":0,"depth":0,"data":"","position":{"x":7903,"y":406}},{"id":"coin","texture":"ui_icon_gameplay_snowflake","anchor":{"x":0.5,"y":0.5},"scale":{"x":1,"y":1},"rotation":0,"depth":0,"data":"","position":{"x":8412,"y":172}},{"id":"coin","texture":"ui_icon_gameplay_snowflake","anchor":{"x":0.5,"y":0.5},"scale":{"x":1,"y":1},"rotation":0,"depth":0,"data":"","position":{"x":8587,"y":33}},{"id":"coin","texture":"ui_icon_gameplay_snowflake","anchor":{"x":0.5,"y":0.5},"scale":{"x":1,"y":1},"rotation":0,"depth":0,"data":"","position":{"x":8816,"y":64}},{"id":"coin","texture":"ui_icon_gameplay_snowflake","anchor":{"x":0.5,"y":0.5},"scale":{"x":1,"y":1},"rotation":0,"depth":0,"data":"","position":{"x":6400,"y":-32}},{"id":"coin","texture":"ui_icon_gameplay_snowflake","anchor":{"x":0.5,"y":0.5},"scale":{"x":1,"y":1},"rotation":0,"depth":0,"data":"","position":{"x":11282,"y":-629}},{"id":"coin","texture":"ui_icon_gameplay_snowflake","anchor":{"x":0.5,"y":0.5},"scale":{"x":1,"y":1},"rotation":0,"depth":0,"data":"","position":{"x":11442,"y":-648}},{"id":"coin","texture":"ui_icon_gameplay_snowflake","anchor":{"x":0.5,"y":0.5},"scale":{"x":1,"y":1},"rotation":0,"depth":0,"data":"","position":{"x":11580,"y":-534}},{"id":"coin","texture":"ui_icon_gameplay_snowflake","anchor":{"x":0.5,"y":0.5},"scale":{"x":1,"y":1},"rotation":0,"depth":0,"data":"","position":{"x":12786,"y":-1081}},{"id":"coin","texture":"ui_icon_gameplay_snowflake","anchor":{"x":0.5,"y":0.5},"scale":{"x":1,"y":1},"rotation":0,"depth":0,"data":"","position":{"x":13056,"y":-1178}},{"id":"coin","texture":"ui_icon_gameplay_snowflake","anchor":{"x":0.5,"y":0.5},"scale":{"x":1,"y":1},"rotation":0,"depth":0,"data":"","position":{"x":7512,"y":424}},{"id":"coin","texture":"ui_icon_gameplay_snowflake","anchor":{"x":0.5,"y":0.5},"scale":{"x":1,"y":1},"rotation":0,"depth":0,"data":"","position":{"x":11985,"y":-641}},{"id":"coin","texture":"ui_icon_gameplay_snowflake","anchor":{"x":0.5,"y":0.5},"scale":{"x":1,"y":1},"rotation":0,"depth":0,"data":"","position":{"x":12343,"y":-785}},{"id":"coin","texture":"ui_icon_gameplay_snowflake","anchor":{"x":0.5,"y":0.5},"scale":{"x":1,"y":1},"rotation":0,"depth":0,"data":"","position":{"x":12757,"y":-936}},{"id":"coin","texture":"ui_icon_gameplay_snowflake","anchor":{"x":0.5,"y":0.5},"scale":{"x":1,"y":1},"rotation":0,"depth":0,"data":"","position":{"x":13663,"y":-1278}},{"id":"coin","texture":"ui_icon_gameplay_snowflake","anchor":{"x":0.5,"y":0.5},"scale":{"x":1,"y":1},"rotation":0,"depth":0,"data":"","position":{"x":14123,"y":-1348}},{"id":"coin","texture":"ui_icon_gameplay_snowflake","anchor":{"x":0.5,"y":0.5},"scale":{"x":1,"y":1},"rotation":0,"depth":0,"data":"","position":{"x":14614,"y":-1395}},{"id":"coin","texture":"ui_icon_gameplay_snowflake","anchor":{"x":0.5,"y":0.5},"scale":{"x":1,"y":1},"rotation":0,"depth":0,"data":"","position":{"x":14951,"y":-1597}},{"id":"coin","texture":"ui_icon_gameplay_snowflake","anchor":{"x":0.5,"y":0.5},"scale":{"x":1,"y":1},"rotation":0,"depth":0,"data":"","position":{"x":6019,"y":-2045}},{"id":"coin","texture":"ui_icon_gameplay_snowflake","anchor":{"x":0.5,"y":0.5},"scale":{"x":1,"y":1},"rotation":0,"depth":0,"data":"","position":{"x":7243,"y":-2187}},{"id":"coin","texture":"ui_icon_gameplay_snowflake","anchor":{"x":0.5,"y":0.5},"scale":{"x":1,"y":1},"rotation":0,"depth":0,"data":"","position":{"x":12898,"y":-1183}},{"id":"coin","texture":"ui_icon_gameplay_snowflake","anchor":{"x":0.5,"y":0.5},"scale":{"x":1,"y":1},"rotation":0,"depth":0,"data":"","position":{"x":11185,"y":-508}},{"id":"coin","texture":"ui_icon_gameplay_snowflake","anchor":{"x":0.5,"y":0.5},"scale":{"x":1,"y":1},"rotation":0,"depth":0,"data":"","position":{"x":10319,"y":-1814}},{"id":"coin","texture":"ui_icon_gameplay_snowflake","anchor":{"x":0.5,"y":0.5},"scale":{"x":1,"y":1},"rotation":0,"depth":0,"data":"","position":{"x":10426,"y":-1754}},{"id":"coin","texture":"ui_icon_gameplay_snowflake","anchor":{"x":0.5,"y":0.5},"scale":{"x":1,"y":1},"rotation":0,"depth":0,"data":"","position":{"x":10500,"y":-1624}},{"id":"coin","texture":"ui_icon_gameplay_snowflake","anchor":{"x":0.5,"y":0.5},"scale":{"x":1,"y":1},"rotation":0,"depth":0,"data":"","position":{"x":10546,"y":-1425}},{"id":"coin","texture":"ui_icon_gameplay_snowflake","anchor":{"x":0.5,"y":0.5},"scale":{"x":1,"y":1},"rotation":0,"depth":0,"data":"","position":{"x":594,"y":-200}},{"id":"coin","texture":"ui_icon_gameplay_snowflake","anchor":{"x":0.5,"y":0.5},"scale":{"x":1,"y":1},"rotation":0,"depth":0,"data":"","position":{"x":296,"y":-134}},{"id":"coin","texture":"ui_icon_gameplay_snowflake","anchor":{"x":0.5,"y":0.5},"scale":{"x":1,"y":1},"rotation":0,"depth":0,"data":"","position":{"x":1393,"y":-654}},{"id":"coin","texture":"ui_icon_gameplay_snowflake","anchor":{"x":0.5,"y":0.5},"scale":{"x":1,"y":1},"rotation":0,"depth":0,"data":"","position":{"x":704,"y":-477}},{"id":"coin","texture":"ui_icon_gameplay_snowflake","anchor":{"x":0.5,"y":0.5},"scale":{"x":1,"y":1},"rotation":0,"depth":0,"data":"","position":{"x":786,"y":-413}},{"id":"coin","texture":"ui_icon_gameplay_snowflake","anchor":{"x":0.5,"y":0.5},"scale":{"x":1,"y":1},"rotation":0,"depth":0,"data":"","position":{"x":840,"y":-503}},{"id":"coin","texture":"ui_icon_gameplay_snowflake","anchor":{"x":0.5,"y":0.5},"scale":{"x":1,"y":1},"rotation":0,"depth":0,"data":"","position":{"x":762,"y":-564}},{"id":"coin","texture":"ui_icon_gameplay_snowflake","anchor":{"x":0.5,"y":0.5},"scale":{"x":1,"y":1},"rotation":0,"depth":0,"data":"","position":{"x":1343,"y":-549}},{"id":"coin","texture":"ui_icon_gameplay_snowflake","anchor":{"x":0.5,"y":0.5},"scale":{"x":1,"y":1},"rotation":0,"depth":0,"data":"","position":{"x":1303,"y":-715}},{"id":"coin","texture":"ui_icon_gameplay_snowflake","anchor":{"x":0.5,"y":0.5},"scale":{"x":1,"y":1},"rotation":0,"depth":0,"data":"","position":{"x":1245,"y":-610}},{"id":"coin","texture":"ui_icon_gameplay_snowflake","anchor":{"x":0.5,"y":0.5},"scale":{"x":1,"y":1},"rotation":0,"depth":0,"data":"","position":{"x":1746,"y":-653}},{"id":"coin","texture":"ui_icon_gameplay_snowflake","anchor":{"x":0.5,"y":0.5},"scale":{"x":1,"y":1},"rotation":0,"depth":0,"data":"","position":{"x":2090,"y":-775}},{"id":"coin","texture":"ui_icon_gameplay_snowflake","anchor":{"x":0.5,"y":0.5},"scale":{"x":1,"y":1},"rotation":0,"depth":0,"data":"","position":{"x":2741,"y":-955}},{"id":"coin","texture":"ui_icon_gameplay_snowflake","anchor":{"x":0.5,"y":0.5},"scale":{"x":1,"y":1},"rotation":0,"depth":0,"data":"","position":{"x":2417,"y":-844}},{"id":"coin","texture":"ui_icon_gameplay_snowflake","anchor":{"x":0.5,"y":0.5},"scale":{"x":1,"y":1},"rotation":0,"depth":0,"data":"","position":{"x":3043,"y":-1118}},{"id":"coin","texture":"ui_icon_gameplay_snowflake","anchor":{"x":0.5,"y":0.5},"scale":{"x":1,"y":1},"rotation":0,"depth":0,"data":"","position":{"x":3312,"y":-1262}},{"id":"coin","texture":"ui_icon_gameplay_snowflake","anchor":{"x":0.5,"y":0.5},"scale":{"x":1,"y":1},"rotation":0,"depth":0,"data":"","position":{"x":3582,"y":-1356}},{"id":"coin","texture":"ui_icon_gameplay_snowflake","anchor":{"x":0.5,"y":0.5},"scale":{"x":1,"y":1},"rotation":0,"depth":0,"data":"","position":{"x":3611,"y":-1471}},{"id":"coin","texture":"ui_icon_gameplay_snowflake","anchor":{"x":0.5,"y":0.5},"scale":{"x":1,"y":1},"rotation":0,"depth":0,"data":"","position":{"x":3673,"y":-1577}},{"id":"coin","texture":"ui_icon_gameplay_snowflake","anchor":{"x":0.5,"y":0.5},"scale":{"x":1,"y":1},"rotation":0,"depth":0,"data":"","position":{"x":3759,"y":-1619}},{"id":"coin","texture":"ui_icon_gameplay_snowflake","anchor":{"x":0.5,"y":0.5},"scale":{"x":1,"y":1},"rotation":0,"depth":0,"data":"","position":{"x":3850,"y":-1597}},{"id":"coin","texture":"ui_icon_gameplay_snowflake","anchor":{"x":0.5,"y":0.5},"scale":{"x":1,"y":1},"rotation":0,"depth":0,"data":"","position":{"x":1098,"y":-398}},{"id":"coin","texture":"ui_icon_gameplay_snowflake","anchor":{"x":0.5,"y":0.5},"scale":{"x":1,"y":1},"rotation":0,"depth":0,"data":"","position":{"x":2595,"y":-1336}},{"id":"coin","texture":"ui_icon_gameplay_snowflake","anchor":{"x":0.5,"y":0.5},"scale":{"x":1,"y":1},"rotation":0,"depth":0,"data":"","position":{"x":2747,"y":-1364}},{"id":"coin","texture":"ui_icon_gameplay_snowflake","anchor":{"x":0.5,"y":0.5},"scale":{"x":1,"y":1},"rotation":0,"depth":0,"data":"","position":{"x":2681,"y":-1256}},{"id":"coin","texture":"ui_icon_gameplay_snowflake","anchor":{"x":0.5,"y":0.5},"scale":{"x":1,"y":1},"rotation":0,"depth":0,"data":"","position":{"x":2648,"y":-1445}}]},{"name":"fg_objects","depth":10,"paths":[],"objects":[{"id":"tree_01_05","texture":"theme_01_tree_05","anchor":{"x":0.5,"y":1},"scale":{"x":1.6,"y":1.6},"rotation":0,"depth":0,"data":"","position":{"x":7184,"y":1255}},{"id":"tree_01_07","texture":"theme_01_tree_07","anchor":{"x":0.5,"y":1},"scale":{"x":1,"y":1},"rotation":0,"depth":0,"data":"","position":{"x":5331,"y":122}},{"id":"icicle_01_00","texture":"theme_01_icicle_00","anchor":{"x":0.5,"y":0},"scale":{"x":1,"y":1},"rotation":0,"depth":0,"data":"","position":{"x":4824,"y":-1290}},{"id":"icicle_01_00","texture":"theme_01_icicle_00","anchor":{"x":0.5,"y":0},"scale":{"x":1,"y":1},"rotation":0,"depth":0,"data":"","position":{"x":6167,"y":-847}},{"id":"icicle_01_00","texture":"theme_01_icicle_00","anchor":{"x":0.5,"y":0},"scale":{"x":1,"y":1},"rotation":9,"depth":0,"data":"","position":{"x":6304,"y":-807}},{"id":"icicle_01_00","texture":"theme_01_icicle_00","anchor":{"x":0.5,"y":0},"scale":{"x":1,"y":1},"rotation":0,"depth":0,"data":"","position":{"x":6239,"y":-833}},{"id":"tree_01_07","texture":"theme_01_tree_07","anchor":{"x":0.5,"y":1},"scale":{"x":1,"y":1},"rotation":0,"depth":0,"data":"","position":{"x":3703,"y":-636}},{"id":"tree_01_07","texture":"theme_01_tree_07","anchor":{"x":0.5,"y":1},"scale":{"x":1,"y":1},"rotation":0,"depth":0,"data":"","position":{"x":4564,"y":-389}},{"id":"tree_01_01","texture":"theme_01_tree_01","anchor":{"x":0.5,"y":1},"scale":{"x":1,"y":1},"rotation":0,"depth":0,"data":"","position":{"x":3855,"y":-614}},{"id":"tree_01_01","texture":"theme_01_tree_01","anchor":{"x":0.5,"y":1},"scale":{"x":1,"y":1},"rotation":0,"depth":0,"data":"","position":{"x":5413,"y":203}},{"id":"tree_01_09","texture":"theme_01_tree_09","anchor":{"x":0.5,"y":1},"scale":{"x":1,"y":1},"rotation":0,"depth":0,"data":"","position":{"x":6982,"y":1208}},{"id":"icicle_01_00","texture":"theme_01_icicle_00","anchor":{"x":0.5,"y":0},"scale":{"x":1.8,"y":1.8},"rotation":0,"depth":0,"data":"","position":{"x":9500,"y":-155}},{"id":"rock_01_02","texture":"theme_01_rock_02","anchor":{"x":0.5,"y":1},"scale":{"x":1.7,"y":1.7},"rotation":0,"depth":-1,"data":"","position":{"x":7522,"y":1234}},{"id":"tree_01_04","texture":"theme_01_tree_04","anchor":{"x":0.5,"y":1},"scale":{"x":1,"y":1},"rotation":0,"depth":0,"data":"","position":{"x":7361,"y":1243}},{"id":"carriage_01_00","texture":"theme_01_carriage_00","anchor":{"x":0.5,"y":1},"scale":{"x":1,"y":1},"rotation":0,"depth":0,"data":"","position":{"x":4187,"y":-533}},{"id":"icicle_01_00","texture":"theme_01_icicle_00","anchor":{"x":0.5,"y":0},"scale":{"x":1,"y":1},"rotation":0,"depth":0,"data":"","position":{"x":7229,"y":90}},{"id":"icicle_01_00","texture":"theme_01_icicle_00","anchor":{"x":0.5,"y":0},"scale":{"x":1,"y":1},"rotation":0,"depth":0,"data":"","position":{"x":7322,"y":104}},{"id":"icicle_01_00","texture":"theme_01_icicle_00","anchor":{"x":0.5,"y":0},"scale":{"x":1,"y":1},"rotation":0,"depth":0,"data":"","position":{"x":7408,"y":126}},{"id":"tree_01_00","texture":"theme_01_tree_00","anchor":{"x":0.5,"y":1},"scale":{"x":1,"y":1},"rotation":0,"depth":0,"data":"","position":{"x":6859,"y":1220}},{"id":"tree_01_00","texture":"theme_01_tree_00","anchor":{"x":0.5,"y":1},"scale":{"x":1,"y":1},"rotation":0,"depth":0,"data":"","position":{"x":5859,"y":569}},{"id":"tree_01_08","texture":"theme_01_tree_08","anchor":{"x":0.5,"y":1},"scale":{"x":1,"y":1},"rotation":0,"depth":0,"data":"","position":{"x":4966,"y":-157}},{"id":"tree_01_01","texture":"theme_01_tree_01","anchor":{"x":0.5,"y":1},"scale":{"x":1,"y":1},"rotation":0,"depth":0,"data":"","position":{"x":3909,"y":-1522}},{"id":"icicle_01_00","texture":"theme_01_icicle_00","anchor":{"x":0.5,"y":0},"scale":{"x":1,"y":1},"rotation":0,"depth":0,"data":"","position":{"x":5349,"y":-1115}},{"id":"icicle_01_00","texture":"theme_01_icicle_00","anchor":{"x":0.5,"y":0},"scale":{"x":1,"y":1},"rotation":0,"depth":0,"data":"","position":{"x":4935,"y":-1263}}]}],"length":0}