{"name":"endless_part_010","layers":[{"name":"bg_objects","depth":-2,"paths":[],"objects":[{"id":"forest_01_00","texture":"theme_01_forest_00","anchor":{"x":0.5,"y":1},"scale":{"x":1,"y":1},"rotation":0,"depth":-10,"data":"","position":{"x":1430,"y":-206}},{"id":"forest_01_00","texture":"theme_01_forest_00","anchor":{"x":0.5,"y":1},"scale":{"x":1,"y":1},"rotation":0,"depth":0,"data":"","position":{"x":942,"y":-204}},{"id":"forest_01_00","texture":"theme_01_forest_00","anchor":{"x":0.5,"y":1},"scale":{"x":1,"y":1},"rotation":0,"depth":0,"data":"","position":{"x":1937,"y":-215}},{"id":"rock_01_02","texture":"theme_01_rock_02","anchor":{"x":0.5,"y":1},"scale":{"x":1,"y":1},"rotation":0,"depth":-2,"data":"","position":{"x":2164,"y":-210}}]},{"name":"tunnel_fill","depth":-1,"paths":[],"objects":[]},{"name":"path","depth":0,"paths":[{"closed":false,"depth":0,"collisions":1,"texFill":"theme_01_fill","texGround":"theme_01_ground","texGroundEdge":"theme_01_ground_edge","texWall":"theme_01_wall","texFillPadding":1024,"texFillSize":256,"texGroundSize":384,"texGroundDelta":0.1,"texWallSize":160,"texWallDelta":0.1,"texWallAngle":70,"texGroundEdgeSide":"none","data":"","points":[{"x":0,"y":0},{"x":160,"y":0},{"x":192,"y":-160},{"x":400,"y":-176},{"x":448,"y":-176},{"x":2032,"y":-192},{"x":2416,"y":-192},{"x":2688,"y":-192},{"x":2624,"y":-16},{"x":2800,"y":-32}],"bounds":[0,2800]}],"objects":[]},{"name":"obstacles","depth":1,"paths":[],"objects":[{"id":"iceblock_02_00","texture":"theme_02_ice_block_00","anchor":{"x":0.5,"y":1},"scale":{"x":1,"y":1},"rotation":0,"depth":0,"data":"","position":{"x":1452,"y":-188}},{"id":"icecube_01_04","texture":"theme_01_ice_cube_04","anchor":{"x":0.5,"y":1},"scale":{"x":1,"y":1},"rotation":0,"depth":0,"data":"","position":{"x":2037,"y":-208}},{"id":"icecube_01_04","texture":"theme_01_ice_cube_04","anchor":{"x":0.5,"y":1},"scale":{"x":1,"y":1},"rotation":53,"depth":0,"data":"","position":{"x":2098,"y":-244}},{"id":"icecube_03_00","texture":"theme_03_ice_cube_00","anchor":{"x":0.5,"y":1},"scale":{"x":1,"y":1},"rotation":0,"depth":0,"data":"","position":{"x":2044,"y":-265}},{"id":"icecube_03_02","texture":"theme_03_ice_cube_02","anchor":{"x":0.5,"y":1},"scale":{"x":1,"y":1},"rotation":0,"depth":0,"data":"","position":{"x":952,"y":-177}},{"id":"icecube_03_02","texture":"theme_03_ice_cube_02","anchor":{"x":0.5,"y":1},"scale":{"x":1,"y":1},"rotation":0,"depth":0,"data":"","position":{"x":860,"y":-177}},{"id":"icecube_03_05","texture":"theme_03_ice_cube_05","anchor":{"x":0.5,"y":1},"scale":{"x":1,"y":1},"rotation":0,"depth":0,"data":"","position":{"x":906,"y":-226}}]},{"name":"pickups","depth":2,"paths":[],"objects":[{"id":"coin","texture":"ui_icon_gameplay_snowflake","anchor":{"x":0.5,"y":0.5},"scale":{"x":1,"y":1},"rotation":0,"depth":0,"data":"","position":{"x":1911,"y":-423}},{"id":"coin","texture":"ui_icon_gameplay_snowflake","anchor":{"x":0.5,"y":0.5},"scale":{"x":1,"y":1},"rotation":0,"depth":0,"data":"","position":{"x":1052,"y":-342}},{"id":"coin","texture":"ui_icon_gameplay_snowflake","anchor":{"x":0.5,"y":0.5},"scale":{"x":1,"y":1},"rotation":0,"depth":0,"data":"","position":{"x":920,"y":-467}},{"id":"coin","texture":"ui_icon_gameplay_snowflake","anchor":{"x":0.5,"y":0.5},"scale":{"x":1,"y":1},"rotation":0,"depth":0,"data":"","position":{"x":1253,"y":-327}},{"id":"coin","texture":"ui_icon_gameplay_snowflake","anchor":{"x":0.5,"y":0.5},"scale":{"x":1,"y":1},"rotation":0,"depth":0,"data":"","position":{"x":1452,"y":-491}},{"id":"coin","texture":"ui_icon_gameplay_snowflake","anchor":{"x":0.5,"y":0.5},"scale":{"x":1,"y":1},"rotation":0,"depth":0,"data":"","position":{"x":1576,"y":-414}},{"id":"coin","texture":"ui_icon_gameplay_snowflake","anchor":{"x":0.5,"y":0.5},"scale":{"x":1,"y":1},"rotation":0,"depth":0,"data":"","position":{"x":1843,"y":-317}},{"id":"coin","texture":"ui_icon_gameplay_snowflake","anchor":{"x":0.5,"y":0.5},"scale":{"x":1,"y":1},"rotation":0,"depth":0,"data":"","position":{"x":696,"y":-330}},{"id":"coin","texture":"ui_icon_gameplay_snowflake","anchor":{"x":0.5,"y":0.5},"scale":{"x":1,"y":1},"rotation":0,"depth":0,"data":"","position":{"x":2201,"y":-442}},{"id":"coin","texture":"ui_icon_gameplay_snowflake","anchor":{"x":0.5,"y":0.5},"scale":{"x":1,"y":1},"rotation":0,"depth":0,"data":"","position":{"x":774,"y":-431}},{"id":"coin","texture":"ui_icon_gameplay_snowflake","anchor":{"x":0.5,"y":0.5},"scale":{"x":1,"y":1},"rotation":0,"depth":0,"data":"","position":{"x":1323,"y":-433}},{"id":"coin","texture":"ui_icon_gameplay_snowflake","anchor":{"x":0.5,"y":0.5},"scale":{"x":1,"y":1},"rotation":0,"depth":0,"data":"","position":{"x":1651,"y":-311}},{"id":"coin","texture":"ui_icon_gameplay_snowflake","anchor":{"x":0.5,"y":0.5},"scale":{"x":1,"y":1},"rotation":0,"depth":0,"data":"","position":{"x":2054,"y":-495}},{"id":"coin","texture":"ui_icon_gameplay_snowflake","anchor":{"x":0.5,"y":0.5},"scale":{"x":1,"y":1},"rotation":0,"depth":0,"data":"","position":{"x":2310,"y":-323}}]},{"name":"fg_objects","depth":10,"paths":[],"objects":[{"id":"tree_01_08","texture":"theme_01_tree_08","anchor":{"x":0.5,"y":1},"scale":{"x":1,"y":1},"rotation":0,"depth":0,"data":"","position":{"x":2256,"y":-84}},{"id":"tree_01_08","texture":"theme_01_tree_08","anchor":{"x":0.5,"y":1},"scale":{"x":1,"y":1},"rotation":0,"depth":0,"data":"","position":{"x":637,"y":-100}}]}],"length":0}