{"name":"endless_start","layers":[{"name":"bg","depth":-10,"paths":[],"objects":[{"id":"tree_01_01","texture":"theme_01_tree_01","anchor":{"x":0.5,"y":1},"scale":{"x":1,"y":1},"rotation":0,"depth":0,"data":"","position":{"x":855,"y":182}},{"id":"rock_01_02","texture":"theme_01_rock_02","anchor":{"x":0.5,"y":1},"scale":{"x":2.2,"y":2.2},"rotation":0,"depth":-10,"data":"","position":{"x":8,"y":179}},{"id":"forest_01_00","texture":"theme_01_forest_00","anchor":{"x":0.5,"y":1},"scale":{"x":1,"y":1},"rotation":0,"depth":-6,"data":"","position":{"x":238,"y":182}},{"id":"rock_01_01","texture":"theme_01_rock_01","anchor":{"x":0.5,"y":1},"scale":{"x":2.2,"y":2.2},"rotation":0,"depth":-9,"data":"","position":{"x":593,"y":161}},{"id":"tree_01_03","texture":"theme_01_tree_03","anchor":{"x":0.5,"y":1},"scale":{"x":1,"y":1},"rotation":0,"depth":0,"data":"","position":{"x":577,"y":186}},{"id":"forest_01_00","texture":"theme_01_forest_00","anchor":{"x":0.5,"y":1},"scale":{"x":1,"y":1},"rotation":0,"depth":-8,"data":"","position":{"x":-159,"y":176}},{"id":"tree_01_07","texture":"theme_01_tree_07","anchor":{"x":0.5,"y":1},"scale":{"x":1,"y":1},"rotation":0,"depth":-2,"data":"","position":{"x":670,"y":185}},{"id":"tree_01_00","texture":"theme_01_tree_00","anchor":{"x":0.5,"y":1},"scale":{"x":1,"y":1},"rotation":0,"depth":-10,"data":"","position":{"x":535,"y":80}},{"id":"tree_01_02","texture":"theme_01_tree_02","anchor":{"x":0.5,"y":1},"scale":{"x":1,"y":1},"rotation":0,"depth":-10,"data":"","position":{"x":761,"y":134}},{"id":"tree_01_03","texture":"theme_01_tree_03","anchor":{"x":0.5,"y":1},"scale":{"x":1,"y":1},"rotation":0,"depth":0,"data":"","position":{"x":-29,"y":193}},{"id":"tree_01_08","texture":"theme_01_tree_08","anchor":{"x":0.5,"y":1},"scale":{"x":1,"y":1},"rotation":0,"depth":0,"data":"","position":{"x":136,"y":200}}]},{"name":"path","depth":0,"paths":[{"closed":false,"depth":0,"collisions":1,"texFill":"theme_01_fill","texGround":"theme_01_ground","texGroundEdge":"","texWall":"theme_01_wall","texFillPadding":640,"texFillSize":256,"texGroundSize":384,"texGroundDelta":0.1,"texWallSize":64,"texWallDelta":0.1,"texWallAngle":70,"texGroundEdgeSide":"none","data":"","points":[{"x":-560,"y":160},{"x":-432,"y":160},{"x":848,"y":160},{"x":976,"y":160}],"bounds":[-560,976]}],"objects":[]},{"name":"fg_objects","depth":10,"paths":[],"objects":[{"id":"tree_01_08","texture":"theme_01_tree_08","anchor":{"x":0.5,"y":1},"scale":{"x":1,"y":1},"rotation":0,"depth":0,"data":"","position":{"x":845,"y":183}},{"id":"tree_01_06","texture":"theme_01_tree_06","anchor":{"x":0.5,"y":1},"scale":{"x":1,"y":1},"rotation":0,"depth":0,"data":"","position":{"x":119,"y":207}}]}],"length":0}