{"name":"endless_part_019","layers":[{"name":"bg_objects","depth":-2,"paths":[],"objects":[{"id":"tree_01_06","texture":"theme_01_tree_06","anchor":{"x":0.5,"y":1},"scale":{"x":1.7,"y":1.7},"rotation":0,"depth":0,"data":"","position":{"x":11511,"y":-713}},{"id":"tree_01_06","texture":"theme_01_tree_06","anchor":{"x":0.5,"y":1},"scale":{"x":1,"y":1},"rotation":0,"depth":0,"data":"","position":{"x":11726,"y":-689}}]},{"name":"tunnel_fill","depth":-1,"paths":[{"closed":true,"depth":0,"collisions":0,"texFill":"theme_02_fill","texGround":"","texGroundEdge":"","texWall":"theme_02_wall","texFillPadding":512,"texFillSize":256,"texGroundSize":160,"texGroundDelta":0.1,"texWallSize":160,"texWallDelta":0.1,"texWallAngle":0,"texGroundEdgeSide":"none","data":"","points":[{"x":5376,"y":-2368},{"x":7712,"y":-2368},{"x":7408,"y":-3216},{"x":9728,"y":-3216},{"x":10032,"y":-3216},{"x":9888,"y":-3232},{"x":10192,"y":-3232},{"x":9264,"y":-2656},{"x":9376,"y":-352},{"x":10192,"y":-208},{"x":8832,"y":-208},{"x":5104,"y":-432},{"x":3728,"y":-432},{"x":4320,"y":-432},{"x":3472,"y":-1504},{"x":3984,"y":-1504},{"x":4656,"y":-1504},{"x":4736,"y":-1536},{"x":4800,"y":-1888}],"bounds":[3472,10192]}],"objects":[]},{"name":"path","depth":0,"paths":[{"closed":false,"depth":0,"collisions":1,"texFill":"theme_01_fill","texGround":"theme_01_ground","texGroundEdge":"theme_01_ground_edge","texWall":"theme_01_wall","texFillPadding":576,"texFillSize":256,"texGroundSize":384,"texGroundDelta":0.1,"texWallSize":160,"texWallDelta":0.1,"texWallAngle":31,"texGroundEdgeSide":"right","data":"","points":[{"x":0,"y":0},{"x":128,"y":0},{"x":208,"y":0},{"x":320,"y":0},{"x":816,"y":0},{"x":1712,"y":-656},{"x":2208,"y":-656},{"x":2464,"y":-656},{"x":3840,"y":-1536},{"x":3984,"y":-1536},{"x":3984,"y":-1216},{"x":3936,"y":-496},{"x":3968,"y":-496},{"x":4624,"y":-496},{"x":4624,"y":-560},{"x":5264,"y":-560},{"x":5552,"y":-560},{"x":8688,"y":-1104},{"x":8976,"y":-1104},{"x":8976,"y":-1008},{"x":8832,"y":208},{"x":8832,"y":240}],"bounds":[0,8976]},{"closed":false,"depth":-3,"collisions":1,"texFill":"","texGround":"theme_01_ground","texGroundEdge":"","texWall":"","texFillPadding":64,"texFillSize":256,"texGroundSize":176,"texGroundDelta":0.1,"texWallSize":160,"texWallDelta":0.1,"texWallAngle":70,"texGroundEdgeSide":"","data":"{\"shrinkPath\":true,\"hidden\":false}","points":[{"x":3984,"y":-1536},{"x":4224,"y":-1536},{"x":3984,"y":-1536},{"x":4224,"y":-1536}],"bounds":[3984,4224]},{"closed":true,"depth":0,"collisions":1,"texFill":"theme_01_fill","texGround":"theme_01_ground","texGroundEdge":"theme_01_ground_edge","texWall":"theme_01_wall","texFillPadding":512,"texFillSize":256,"texGroundSize":384,"texGroundDelta":0.1,"texWallSize":160,"texWallDelta":0.1,"texWallAngle":70,"texGroundEdgeSide":"","data":"","points":[{"x":4208,"y":-1536},{"x":5264,"y":-1536},{"x":6784,"y":-2272},{"x":7840,"y":-2272},{"x":7856,"y":-2272},{"x":7776,"y":-1216},{"x":6816,"y":-1216},{"x":6512,"y":-1216},{"x":6432,"y":-944},{"x":6128,"y":-944},{"x":5680,"y":-944},{"x":5376,"y":-800},{"x":4912,"y":-800},{"x":4624,"y":-800},{"x":4624,"y":-912},{"x":4336,"y":-912},{"x":4320,"y":-912},{"x":4208,"y":-1472},{"x":4208,"y":-1536}],"bounds":[4208,7856]},{"closed":true,"depth":0,"collisions":2,"texFill":"theme_01_fill","texGround":"theme_01_ground","texGroundEdge":"theme_01_ground_edge","texWall":"theme_01_wall","texFillPadding":512,"texFillSize":256,"texGroundSize":224,"texGroundDelta":0.1,"texWallSize":48,"texWallDelta":0.1,"texWallAngle":70,"texGroundEdgeSide":"","data":"","points":[{"x":4736,"y":-1888},{"x":5104,"y":-2064},{"x":6000,"y":-3568},{"x":6976,"y":-3568},{"x":7568,"y":-3568},{"x":7568,"y":-3936},{"x":8160,"y":-3936},{"x":8320,"y":-3936},{"x":9584,"y":-3296},{"x":9728,"y":-3296},{"x":10784,"y":-3440},{"x":10160,"y":-2992},{"x":9472,"y":-2992},{"x":8848,"y":-2992},{"x":8576,"y":-2704},{"x":7952,"y":-2704},{"x":7584,"y":-2704},{"x":4800,"y":-1760},{"x":4752,"y":-1856}],"bounds":[4736,10784]},{"closed":true,"depth":0,"collisions":2,"texFill":"theme_01_fill","texGround":"theme_01_ground","texGroundEdge":"theme_01_ground_edge","texWall":"theme_01_wall","texFillPadding":512,"texFillSize":256,"texGroundSize":384,"texGroundDelta":0.1,"texWallSize":160,"texWallDelta":0.1,"texWallAngle":70,"texGroundEdgeSide":"","data":"","points":[{"x":8192,"y":-2320},{"x":8944,"y":-2320},{"x":8944,"y":-2432},{"x":9680,"y":-2432},{"x":9680,"y":-2432},{"x":11184,"y":-2528},{"x":9840,"y":-1744},{"x":9360,"y":-1744},{"x":9200,"y":-1552},{"x":8704,"y":-1552},{"x":8496,"y":-1552},{"x":8624,"y":-1344},{"x":8416,"y":-1344},{"x":8368,"y":-1344},{"x":8240,"y":-2304},{"x":8176,"y":-2304}],"bounds":[8176,11184]},{"closed":false,"depth":0,"collisions":1,"texFill":"theme_01_fill","texGround":"theme_01_ground","texGroundEdge":"theme_01_ground_edge","texWall":"theme_01_wall","texFillPadding":64,"texFillSize":256,"texGroundSize":384,"texGroundDelta":0.1,"texWallSize":160,"texWallDelta":0.1,"texWallAngle":70,"texGroundEdgeSide":"left","data":"","points":[{"x":9312,"y":704},{"x":9312,"y":288},{"x":9312,"y":-1072},{"x":9312,"y":-1104},{"x":9936,"y":-1104},{"x":9920,"y":-1152},{"x":10560,"y":-1152},{"x":11120,"y":-1152},{"x":11120,"y":-704},{"x":11680,"y":-704},{"x":12208,"y":-704},{"x":12224,"y":-96},{"x":12752,"y":-96},{"x":13424,"y":-96},{"x":13424,"y":240},{"x":14112,"y":240},{"x":14336,"y":240},{"x":14336,"y":352},{"x":14544,"y":352}],"bounds":[9312,14544]}],"objects":[]},{"name":"obstacles","depth":1,"paths":[],"objects":[{"id":"barrel_01_00","texture":"theme_01_barrel_00","anchor":{"x":0.5,"y":1},"scale":{"x":1,"y":1},"rotation":0,"depth":-1,"data":"","position":{"x":6967,"y":-3620}},{"id":"barrel_01_00","texture":"theme_01_barrel_00","anchor":{"x":0.5,"y":1},"scale":{"x":1,"y":1},"rotation":0,"depth":-2,"data":"","position":{"x":7429,"y":-881}},{"id":"icecube_01_02","texture":"theme_01_ice_cube_02","anchor":{"x":0.5,"y":1},"scale":{"x":1,"y":1},"rotation":-1,"depth":0,"data":"","position":{"x":6553,"y":-750}},{"id":"wood_03_00","texture":"theme_03_wood_00","anchor":{"x":0.5,"y":1},"scale":{"x":1,"y":1},"rotation":-17,"depth":0,"data":"","position":{"x":6651,"y":-2076}},{"id":"crate_01_01","texture":"theme_01_crate_01","anchor":{"x":0.5,"y":1},"scale":{"x":1,"y":1},"rotation":0,"depth":0,"data":"","position":{"x":8855,"y":-2378}},{"id":"crate_01_01","texture":"theme_01_crate_01","anchor":{"x":0.5,"y":1},"scale":{"x":1,"y":1},"rotation":0,"depth":0,"data":"","position":{"x":8931,"y":-2378}},{"id":"crate_01_01","texture":"theme_01_crate_01","anchor":{"x":0.5,"y":1},"scale":{"x":1,"y":1},"rotation":0,"depth":0,"data":"","position":{"x":8895,"y":-2409}},{"id":"barrel_01_00","texture":"theme_01_barrel_00","anchor":{"x":0.5,"y":1},"scale":{"x":1,"y":1},"rotation":0,"depth":0,"data":"","position":{"x":7528,"y":-893}},{"id":"icecube_01_04","texture":"theme_01_ice_cube_04","anchor":{"x":0.5,"y":1},"scale":{"x":1,"y":1},"rotation":0,"depth":0,"data":"","position":{"x":9791,"y":-2437}},{"id":"barrel_01_00","texture":"theme_01_barrel_00","anchor":{"x":0.5,"y":1},"scale":{"x":1,"y":1},"rotation":0,"depth":-2,"data":"","position":{"x":6922,"y":-3563}},{"id":"barrel_01_00","texture":"theme_01_barrel_00","anchor":{"x":0.5,"y":1},"scale":{"x":1,"y":1},"rotation":0,"depth":0,"data":"","position":{"x":7013,"y":-3562}},{"id":"barrel_01_00","texture":"theme_01_barrel_00","anchor":{"x":0.5,"y":1},"scale":{"x":1,"y":1},"rotation":0,"depth":-1,"data":"","position":{"x":7473,"y":-948}},{"id":"wood_03_00","texture":"theme_03_wood_00","anchor":{"x":0.5,"y":1},"scale":{"x":1,"y":1},"rotation":0,"depth":0,"data":"","position":{"x":9628,"y":-3295}},{"id":"wood_03_00","texture":"theme_03_wood_00","anchor":{"x":0.5,"y":1},"scale":{"x":1,"y":1},"rotation":0,"depth":0,"data":"","position":{"x":9714,"y":-3295}},{"id":"wood_03_00","texture":"theme_03_wood_00","anchor":{"x":0.5,"y":1},"scale":{"x":1,"y":1},"rotation":0,"depth":0,"data":"","position":{"x":9671,"y":-3359}},{"id":"barrel_01_00","texture":"theme_01_barrel_00","anchor":{"x":0.5,"y":1},"scale":{"x":1,"y":1},"rotation":0,"depth":-1,"data":"","position":{"x":2296,"y":-727}},{"id":"barrel_01_00","texture":"theme_01_barrel_00","anchor":{"x":0.5,"y":1},"scale":{"x":1,"y":1},"rotation":0,"depth":0,"data":"","position":{"x":2349,"y":-672}},{"id":"barrel_01_00","texture":"theme_01_barrel_00","anchor":{"x":0.5,"y":1},"scale":{"x":1,"y":1},"rotation":0,"depth":-2,"data":"","position":{"x":2251,"y":-664}},{"id":"icecube_01_05","texture":"theme_01_ice_cube_05","anchor":{"x":0.5,"y":1},"scale":{"x":1,"y":1},"rotation":0,"depth":0,"data":"","position":{"x":6652,"y":-766}},{"id":"icecube_02_01","texture":"theme_02_ice_cube_01","anchor":{"x":0.5,"y":1},"scale":{"x":1,"y":1},"rotation":-10,"depth":0,"data":"","position":{"x":6601,"y":-810}},{"id":"icecube_02_00","texture":"theme_02_ice_cube_00","anchor":{"x":0.5,"y":1},"scale":{"x":1,"y":1},"rotation":0,"depth":0,"data":"","position":{"x":9889,"y":-2438}},{"id":"icecube_01_01","texture":"theme_01_ice_cube_01","anchor":{"x":0.5,"y":1},"scale":{"x":1,"y":1},"rotation":0,"depth":0,"data":"","position":{"x":9844,"y":-2490}}]},{"name":"pickups","depth":2,"paths":[],"objects":[{"id":"coin","texture":"ui_icon_gameplay_snowflake","anchor":{"x":0.5,"y":0.5},"scale":{"x":1,"y":1},"rotation":0,"depth":0,"data":"","position":{"x":7816,"y":-2401}},{"id":"coin","texture":"ui_icon_gameplay_snowflake","anchor":{"x":0.5,"y":0.5},"scale":{"x":1,"y":1},"rotation":0,"depth":0,"data":"","position":{"x":5759,"y":-780}},{"id":"coin","texture":"ui_icon_gameplay_snowflake","anchor":{"x":0.5,"y":0.5},"scale":{"x":1,"y":1},"rotation":0,"depth":0,"data":"","position":{"x":4139,"y":-802}},{"id":"coin","texture":"ui_icon_gameplay_snowflake","anchor":{"x":0.5,"y":0.5},"scale":{"x":1,"y":1},"rotation":0,"depth":0,"data":"","position":{"x":4349,"y":-676}},{"id":"coin","texture":"ui_icon_gameplay_snowflake","anchor":{"x":0.5,"y":0.5},"scale":{"x":1,"y":1},"rotation":0,"depth":0,"data":"","position":{"x":4588,"y":-670}},{"id":"coin","texture":"ui_icon_gameplay_snowflake","anchor":{"x":0.5,"y":0.5},"scale":{"x":1,"y":1},"rotation":0,"depth":0,"data":"","position":{"x":7312,"y":-1041}},{"id":"coin","texture":"ui_icon_gameplay_snowflake","anchor":{"x":0.5,"y":0.5},"scale":{"x":1,"y":1},"rotation":0,"depth":0,"data":"","position":{"x":7397,"y":-1137}},{"id":"coin","texture":"ui_icon_gameplay_snowflake","anchor":{"x":0.5,"y":0.5},"scale":{"x":1,"y":1},"rotation":0,"depth":0,"data":"","position":{"x":7633,"y":-1055}},{"id":"coin","texture":"ui_icon_gameplay_snowflake","anchor":{"x":0.5,"y":0.5},"scale":{"x":1,"y":1},"rotation":0,"depth":0,"data":"","position":{"x":6474,"y":-909}},{"id":"coin","texture":"ui_icon_gameplay_snowflake","anchor":{"x":0.5,"y":0.5},"scale":{"x":1,"y":1},"rotation":0,"depth":0,"data":"","position":{"x":6613,"y":-972}},{"id":"coin","texture":"ui_icon_gameplay_snowflake","anchor":{"x":0.5,"y":0.5},"scale":{"x":1,"y":1},"rotation":0,"depth":0,"data":"","position":{"x":6765,"y":-900}},{"id":"coin","texture":"ui_icon_gameplay_snowflake","anchor":{"x":0.5,"y":0.5},"scale":{"x":1,"y":1},"rotation":0,"depth":0,"data":"","position":{"x":4797,"y":-683}},{"id":"coin","texture":"ui_icon_gameplay_snowflake","anchor":{"x":0.5,"y":0.5},"scale":{"x":1,"y":1},"rotation":0,"depth":0,"data":"","position":{"x":5005,"y":-701}},{"id":"coin","texture":"ui_icon_gameplay_snowflake","anchor":{"x":0.5,"y":0.5},"scale":{"x":1,"y":1},"rotation":0,"depth":0,"data":"","position":{"x":5263,"y":-715}},{"id":"coin","texture":"ui_icon_gameplay_snowflake","anchor":{"x":0.5,"y":0.5},"scale":{"x":1,"y":1},"rotation":0,"depth":0,"data":"","position":{"x":5504,"y":-730}},{"id":"coin","texture":"ui_icon_gameplay_snowflake","anchor":{"x":0.5,"y":0.5},"scale":{"x":1,"y":1},"rotation":0,"depth":0,"data":"","position":{"x":4139,"y":-993}},{"id":"coin","texture":"ui_icon_gameplay_snowflake","anchor":{"x":0.5,"y":0.5},"scale":{"x":1,"y":1},"rotation":0,"depth":0,"data":"","position":{"x":6010,"y":-812}},{"id":"coin","texture":"ui_icon_gameplay_snowflake","anchor":{"x":0.5,"y":0.5},"scale":{"x":1,"y":1},"rotation":0,"depth":0,"data":"","position":{"x":6247,"y":-837}},{"id":"coin","texture":"ui_icon_gameplay_snowflake","anchor":{"x":0.5,"y":0.5},"scale":{"x":1,"y":1},"rotation":0,"depth":0,"data":"","position":{"x":7067,"y":-1003}},{"id":"coin","texture":"ui_icon_gameplay_snowflake","anchor":{"x":0.5,"y":0.5},"scale":{"x":1,"y":1},"rotation":0,"depth":0,"data":"","position":{"x":7965,"y":-1119}},{"id":"coin","texture":"ui_icon_gameplay_snowflake","anchor":{"x":0.5,"y":0.5},"scale":{"x":1,"y":1},"rotation":0,"depth":0,"data":"","position":{"x":8303,"y":-1180}},{"id":"coin","texture":"ui_icon_gameplay_snowflake","anchor":{"x":0.5,"y":0.5},"scale":{"x":1,"y":1},"rotation":0,"depth":0,"data":"","position":{"x":8813,"y":-1255}},{"id":"coin","texture":"ui_icon_gameplay_snowflake","anchor":{"x":0.5,"y":0.5},"scale":{"x":1,"y":1},"rotation":0,"depth":0,"data":"","position":{"x":8992,"y":-1369}},{"id":"coin","texture":"ui_icon_gameplay_snowflake","anchor":{"x":0.5,"y":0.5},"scale":{"x":1,"y":1},"rotation":0,"depth":0,"data":"","position":{"x":9202,"y":-1392}},{"id":"coin","texture":"ui_icon_gameplay_snowflake","anchor":{"x":0.5,"y":0.5},"scale":{"x":1,"y":1},"rotation":0,"depth":0,"data":"","position":{"x":9423,"y":-1279}},{"id":"coin","texture":"ui_icon_gameplay_snowflake","anchor":{"x":0.5,"y":0.5},"scale":{"x":1,"y":1},"rotation":0,"depth":0,"data":"","position":{"x":6499,"y":-2219}},{"id":"coin","texture":"ui_icon_gameplay_snowflake","anchor":{"x":0.5,"y":0.5},"scale":{"x":1,"y":1},"rotation":0,"depth":0,"data":"","position":{"x":6612,"y":-2286}},{"id":"coin","texture":"ui_icon_gameplay_snowflake","anchor":{"x":0.5,"y":0.5},"scale":{"x":1,"y":1},"rotation":0,"depth":0,"data":"","position":{"x":6757,"y":-2258}},{"id":"coin","texture":"ui_icon_gameplay_snowflake","anchor":{"x":0.5,"y":0.5},"scale":{"x":1,"y":1},"rotation":0,"depth":0,"data":"","position":{"x":4128,"y":-1196}},{"id":"coin","texture":"ui_icon_gameplay_snowflake","anchor":{"x":0.5,"y":0.5},"scale":{"x":1,"y":1},"rotation":0,"depth":0,"data":"","position":{"x":7985,"y":-2505}},{"id":"coin","texture":"ui_icon_gameplay_snowflake","anchor":{"x":0.5,"y":0.5},"scale":{"x":1,"y":1},"rotation":0,"depth":0,"data":"","position":{"x":8189,"y":-2430}},{"id":"coin","texture":"ui_icon_gameplay_snowflake","anchor":{"x":0.5,"y":0.5},"scale":{"x":1,"y":1},"rotation":0,"depth":0,"data":"","position":{"x":8774,"y":-2494}},{"id":"coin","texture":"ui_icon_gameplay_snowflake","anchor":{"x":0.5,"y":0.5},"scale":{"x":1,"y":1},"rotation":0,"depth":0,"data":"","position":{"x":8900,"y":-2539}},{"id":"coin","texture":"ui_icon_gameplay_snowflake","anchor":{"x":0.5,"y":0.5},"scale":{"x":1,"y":1},"rotation":0,"depth":0,"data":"","position":{"x":9012,"y":-2476}},{"id":"coin","texture":"ui_icon_gameplay_snowflake","anchor":{"x":0.5,"y":0.5},"scale":{"x":1,"y":1},"rotation":0,"depth":0,"data":"","position":{"x":9690,"y":-2580}},{"id":"coin","texture":"ui_icon_gameplay_snowflake","anchor":{"x":0.5,"y":0.5},"scale":{"x":1,"y":1},"rotation":0,"depth":0,"data":"","position":{"x":9902,"y":-2631}},{"id":"coin","texture":"ui_icon_gameplay_snowflake","anchor":{"x":0.5,"y":0.5},"scale":{"x":1,"y":1},"rotation":0,"depth":0,"data":"","position":{"x":9985,"y":-2537}},{"id":"coin","texture":"ui_icon_gameplay_snowflake","anchor":{"x":0.5,"y":0.5},"scale":{"x":1,"y":1},"rotation":0,"depth":0,"data":"","position":{"x":9787,"y":-2641}},{"id":"coin","texture":"ui_icon_gameplay_snowflake","anchor":{"x":0.5,"y":0.5},"scale":{"x":1,"y":1},"rotation":0,"depth":0,"data":"","position":{"x":5240,"y":-2534}},{"id":"coin","texture":"ui_icon_gameplay_snowflake","anchor":{"x":0.5,"y":0.5},"scale":{"x":1,"y":1},"rotation":0,"depth":0,"data":"","position":{"x":5513,"y":-2789}},{"id":"coin","texture":"ui_icon_gameplay_snowflake","anchor":{"x":0.5,"y":0.5},"scale":{"x":1,"y":1},"rotation":0,"depth":0,"data":"","position":{"x":5787,"y":-3068}},{"id":"coin","texture":"ui_icon_gameplay_snowflake","anchor":{"x":0.5,"y":0.5},"scale":{"x":1,"y":1},"rotation":0,"depth":0,"data":"","position":{"x":6078,"y":-3341}},{"id":"coin","texture":"ui_icon_gameplay_snowflake","anchor":{"x":0.5,"y":0.5},"scale":{"x":1,"y":1},"rotation":0,"depth":0,"data":"","position":{"x":6832,"y":-3841}},{"id":"coin","texture":"ui_icon_gameplay_snowflake","anchor":{"x":0.5,"y":0.5},"scale":{"x":1,"y":1},"rotation":0,"depth":0,"data":"","position":{"x":7043,"y":-3860}},{"id":"coin","texture":"ui_icon_gameplay_snowflake","anchor":{"x":0.5,"y":0.5},"scale":{"x":1,"y":1},"rotation":0,"depth":0,"data":"","position":{"x":7186,"y":-3714}},{"id":"coin","texture":"ui_icon_gameplay_snowflake","anchor":{"x":0.5,"y":0.5},"scale":{"x":1,"y":1},"rotation":0,"depth":0,"data":"","position":{"x":6726,"y":-3685}},{"id":"coin","texture":"ui_icon_gameplay_snowflake","anchor":{"x":0.5,"y":0.5},"scale":{"x":1,"y":1},"rotation":0,"depth":0,"data":"","position":{"x":7826,"y":-4032}},{"id":"coin","texture":"ui_icon_gameplay_snowflake","anchor":{"x":0.5,"y":0.5},"scale":{"x":1,"y":1},"rotation":0,"depth":0,"data":"","position":{"x":9512,"y":-3471}},{"id":"coin","texture":"ui_icon_gameplay_snowflake","anchor":{"x":0.5,"y":0.5},"scale":{"x":1,"y":1},"rotation":0,"depth":0,"data":"","position":{"x":9633,"y":-3524}},{"id":"coin","texture":"ui_icon_gameplay_snowflake","anchor":{"x":0.5,"y":0.5},"scale":{"x":1,"y":1},"rotation":0,"depth":0,"data":"","position":{"x":9751,"y":-3506}},{"id":"coin","texture":"ui_icon_gameplay_snowflake","anchor":{"x":0.5,"y":0.5},"scale":{"x":1,"y":1},"rotation":0,"depth":0,"data":"","position":{"x":9843,"y":-3409}},{"id":"coin","texture":"ui_icon_gameplay_snowflake","anchor":{"x":0.5,"y":0.5},"scale":{"x":1,"y":1},"rotation":0,"depth":0,"data":"","position":{"x":8021,"y":-4090}},{"id":"coin","texture":"ui_icon_gameplay_snowflake","anchor":{"x":0.5,"y":0.5},"scale":{"x":1,"y":1},"rotation":0,"depth":0,"data":"","position":{"x":8196,"y":-4090}},{"id":"coin","texture":"ui_icon_gameplay_snowflake","anchor":{"x":0.5,"y":0.5},"scale":{"x":1,"y":1},"rotation":0,"depth":0,"data":"","position":{"x":8402,"y":-4014}},{"id":"coin","texture":"ui_icon_gameplay_snowflake","anchor":{"x":0.5,"y":0.5},"scale":{"x":1,"y":1},"rotation":0,"depth":0,"data":"","position":{"x":2095,"y":-834}},{"id":"coin","texture":"ui_icon_gameplay_snowflake","anchor":{"x":0.5,"y":0.5},"scale":{"x":1,"y":1},"rotation":0,"depth":0,"data":"","position":{"x":2245,"y":-951}},{"id":"coin","texture":"ui_icon_gameplay_snowflake","anchor":{"x":0.5,"y":0.5},"scale":{"x":1,"y":1},"rotation":0,"depth":0,"data":"","position":{"x":2446,"y":-886}},{"id":"coin","texture":"ui_icon_gameplay_snowflake","anchor":{"x":0.5,"y":0.5},"scale":{"x":1,"y":1},"rotation":0,"depth":0,"data":"","position":{"x":535,"y":-174}},{"id":"coin","texture":"ui_icon_gameplay_snowflake","anchor":{"x":0.5,"y":0.5},"scale":{"x":1,"y":1},"rotation":0,"depth":0,"data":"","position":{"x":908,"y":-319}},{"id":"coin","texture":"ui_icon_gameplay_snowflake","anchor":{"x":0.5,"y":0.5},"scale":{"x":1,"y":1},"rotation":0,"depth":0,"data":"","position":{"x":1202,"y":-479}},{"id":"coin","texture":"ui_icon_gameplay_snowflake","anchor":{"x":0.5,"y":0.5},"scale":{"x":1,"y":1},"rotation":0,"depth":0,"data":"","position":{"x":1574,"y":-650}},{"id":"coin","texture":"ui_icon_gameplay_snowflake","anchor":{"x":0.5,"y":0.5},"scale":{"x":1,"y":1},"rotation":0,"depth":0,"data":"","position":{"x":2728,"y":-1038}},{"id":"coin","texture":"ui_icon_gameplay_snowflake","anchor":{"x":0.5,"y":0.5},"scale":{"x":1,"y":1},"rotation":0,"depth":0,"data":"","position":{"x":3016,"y":-1185}},{"id":"coin","texture":"ui_icon_gameplay_snowflake","anchor":{"x":0.5,"y":0.5},"scale":{"x":1,"y":1},"rotation":0,"depth":0,"data":"","position":{"x":3297,"y":-1360}},{"id":"coin","texture":"ui_icon_gameplay_snowflake","anchor":{"x":0.5,"y":0.5},"scale":{"x":1,"y":1},"rotation":0,"depth":0,"data":"","position":{"x":3589,"y":-1493}},{"id":"coin","texture":"ui_icon_gameplay_snowflake","anchor":{"x":0.5,"y":0.5},"scale":{"x":1,"y":1},"rotation":0,"depth":0,"data":"","position":{"x":4753,"y":-1748}},{"id":"coin","texture":"ui_icon_gameplay_snowflake","anchor":{"x":0.5,"y":0.5},"scale":{"x":1,"y":1},"rotation":0,"depth":0,"data":"","position":{"x":5082,"y":-1796}},{"id":"coin","texture":"ui_icon_gameplay_snowflake","anchor":{"x":0.5,"y":0.5},"scale":{"x":1,"y":1},"rotation":0,"depth":0,"data":"","position":{"x":5615,"y":-1934}},{"id":"coin","texture":"ui_icon_gameplay_snowflake","anchor":{"x":0.5,"y":0.5},"scale":{"x":1,"y":1},"rotation":0,"depth":0,"data":"","position":{"x":5964,"y":-2033}},{"id":"coin","texture":"ui_icon_gameplay_snowflake","anchor":{"x":0.5,"y":0.5},"scale":{"x":1,"y":1},"rotation":0,"depth":0,"data":"","position":{"x":4918,"y":-2246}},{"id":"coin","texture":"ui_icon_gameplay_snowflake","anchor":{"x":0.5,"y":0.5},"scale":{"x":1,"y":1},"rotation":0,"depth":0,"data":"","position":{"x":7519,"y":-1161}},{"id":"coin","texture":"ui_icon_gameplay_snowflake","anchor":{"x":0.5,"y":0.5},"scale":{"x":1,"y":1},"rotation":0,"depth":0,"data":"","position":{"x":8015,"y":-2031}},{"id":"coin","texture":"ui_icon_gameplay_snowflake","anchor":{"x":0.5,"y":0.5},"scale":{"x":1,"y":1},"rotation":0,"depth":0,"data":"","position":{"x":7956,"y":-1833}},{"id":"coin","texture":"ui_icon_gameplay_snowflake","anchor":{"x":0.5,"y":0.5},"scale":{"x":1,"y":1},"rotation":0,"depth":0,"data":"","position":{"x":8087,"y":-1844}},{"id":"coin","texture":"ui_icon_gameplay_snowflake","anchor":{"x":0.5,"y":0.5},"scale":{"x":1,"y":1},"rotation":0,"depth":0,"data":"","position":{"x":8034,"y":-1676}},{"id":"coin","texture":"ui_icon_gameplay_snowflake","anchor":{"x":0.5,"y":0.5},"scale":{"x":1,"y":1},"rotation":0,"depth":0,"data":"","position":{"x":7951,"y":-1514}},{"id":"coin","texture":"ui_icon_gameplay_snowflake","anchor":{"x":0.5,"y":0.5},"scale":{"x":1,"y":1},"rotation":0,"depth":0,"data":"","position":{"x":8119,"y":-1521}}]},{"name":"fg_objects","depth":10,"paths":[],"objects":[{"id":"icicle_01_00","texture":"theme_01_icicle_00","anchor":{"x":0.5,"y":0},"scale":{"x":1,"y":1},"rotation":0,"depth":0,"data":"","position":{"x":6753,"y":-1224}},{"id":"icicle_01_00","texture":"theme_01_icicle_00","anchor":{"x":0.5,"y":0},"scale":{"x":1,"y":1},"rotation":0,"depth":0,"data":"","position":{"x":5635,"y":-2137}},{"id":"icicle_01_00","texture":"theme_01_icicle_00","anchor":{"x":0.5,"y":0},"scale":{"x":1,"y":1},"rotation":0,"depth":2,"data":"","position":{"x":6026,"y":-2242}},{"id":"icicle_01_01","texture":"theme_01_icicle_01","anchor":{"x":0.5,"y":0},"scale":{"x":1,"y":1},"rotation":0,"depth":0,"data":"","position":{"x":9025,"y":-2960}},{"id":"icicle_01_01","texture":"theme_01_icicle_01","anchor":{"x":0.5,"y":0},"scale":{"x":1,"y":1},"rotation":0,"depth":0,"data":"","position":{"x":9109,"y":-2972}},{"id":"icicle_01_01","texture":"theme_01_icicle_01","anchor":{"x":0.5,"y":0},"scale":{"x":1,"y":1},"rotation":0,"depth":0,"data":"","position":{"x":10114,"y":-3175}},{"id":"icicle_01_01","texture":"theme_01_icicle_01","anchor":{"x":0.5,"y":0},"scale":{"x":1,"y":1},"rotation":0,"depth":0,"data":"","position":{"x":7799,"y":-2708}},{"id":"icicle_01_01","texture":"theme_01_icicle_01","anchor":{"x":0.5,"y":0},"scale":{"x":1,"y":1},"rotation":0,"depth":0,"data":"","position":{"x":7871,"y":-2714}},{"id":"level_gameover","texture":"level_gameover","anchor":{"x":0.5,"y":0.5},"scale":{"x":5,"y":5},"rotation":0,"depth":0,"data":"","position":{"x":9141,"y":-376}},{"id":"icicle_01_01","texture":"theme_01_icicle_01","anchor":{"x":0.5,"y":0},"scale":{"x":1,"y":1},"rotation":0,"depth":0,"data":"","position":{"x":5965,"y":-2225}}]}],"length":0}