{"name":"endless_part_007","layers":[{"name":"bg_objects","depth":-2,"paths":[],"objects":[{"id":"forest_01_00","texture":"theme_01_forest_00","anchor":{"x":0.5,"y":1},"scale":{"x":1,"y":1},"rotation":0,"depth":0,"data":"","position":{"x":1990,"y":-419}}]},{"name":"tunnel_fill","depth":-1,"paths":[],"objects":[]},{"name":"path","depth":0,"paths":[{"closed":false,"depth":0,"collisions":1,"texFill":"theme_01_fill","texGround":"theme_01_ground","texGroundEdge":"theme_01_ground_edge","texWall":"theme_01_wall","texFillPadding":384,"texFillSize":256,"texGroundSize":384,"texGroundDelta":0.1,"texWallSize":320,"texWallDelta":0.1,"texWallAngle":31,"texGroundEdgeSide":"right","data":"","points":[{"x":0,"y":0},{"x":128,"y":0},{"x":576,"y":-240},{"x":688,"y":-240},{"x":1040,"y":-240},{"x":1056,"y":-384},{"x":1408,"y":-384},{"x":1408,"y":-320},{"x":1344,"y":560},{"x":1344,"y":672}],"bounds":[0,1408]},{"closed":true,"depth":0,"collisions":1,"texFill":"theme_01_fill","texGround":"theme_01_ground","texGroundEdge":"theme_01_ground_edge","texWall":"theme_01_wall","texFillPadding":512,"texFillSize":256,"texGroundSize":240,"texGroundDelta":0.1,"texWallSize":160,"texWallDelta":0.1,"texWallAngle":70,"texGroundEdgeSide":"","data":"","points":[{"x":1728,"y":-416},{"x":1968,"y":-416},{"x":2016,"y":-416},{"x":2240,"y":-416},{"x":2240,"y":-320},{"x":2224,"y":-128},{"x":2192,"y":-128},{"x":2144,"y":-96},{"x":2128,"y":-64},{"x":2080,"y":-64},{"x":2000,"y":-64},{"x":1984,"y":-64},{"x":1904,"y":-64},{"x":1872,"y":-64},{"x":1840,"y":-144},{"x":1808,"y":-176},{"x":1760,"y":-176},{"x":1728,"y":-384},{"x":1728,"y":-416}],"bounds":[1728,2240]},{"closed":false,"depth":0,"collisions":1,"texFill":"theme_01_fill","texGround":"theme_01_ground","texGroundEdge":"theme_01_ground_edge","texWall":"theme_01_wall","texFillPadding":576,"texFillSize":256,"texGroundSize":384,"texGroundDelta":0.1,"texWallSize":304,"texWallDelta":0.1,"texWallAngle":70,"texGroundEdgeSide":"left","data":"","points":[{"x":2544,"y":656},{"x":2560,"y":368},{"x":2528,"y":-320},{"x":2528,"y":-384},{"x":2816,"y":-448},{"x":3200,"y":64},{"x":3408,"y":64}],"bounds":[2528,3408]}],"objects":[]},{"name":"obstacles","depth":1,"paths":[],"objects":[{"id":"icecube_01_04","texture":"theme_01_ice_cube_04","anchor":{"x":0.5,"y":1},"scale":{"x":1,"y":1},"rotation":0,"depth":0,"data":"","position":{"x":695,"y":-251}},{"id":"icecube_03_05","texture":"theme_03_ice_cube_05","anchor":{"x":0.5,"y":1},"scale":{"x":1,"y":1},"rotation":0,"depth":0,"data":"","position":{"x":739,"y":-304}},{"id":"icecube_02_00","texture":"theme_02_ice_cube_00","anchor":{"x":0.5,"y":1},"scale":{"x":1,"y":1},"rotation":0,"depth":0,"data":"","position":{"x":796,"y":-249}}]},{"name":"pickups","depth":2,"paths":[],"objects":[{"id":"coin","texture":"ui_icon_gameplay_snowflake","anchor":{"x":0.5,"y":0.5},"scale":{"x":1,"y":1},"rotation":0,"depth":0,"data":"","position":{"x":2382,"y":-713}},{"id":"coin","texture":"ui_icon_gameplay_snowflake","anchor":{"x":0.5,"y":0.5},"scale":{"x":1,"y":1},"rotation":0,"depth":0,"data":"","position":{"x":1285,"y":-526}},{"id":"coin","texture":"ui_icon_gameplay_snowflake","anchor":{"x":0.5,"y":0.5},"scale":{"x":1,"y":1},"rotation":0,"depth":0,"data":"","position":{"x":1644,"y":-675}},{"id":"coin","texture":"ui_icon_gameplay_snowflake","anchor":{"x":0.5,"y":0.5},"scale":{"x":1,"y":1},"rotation":0,"depth":0,"data":"","position":{"x":1815,"y":-562}},{"id":"coin","texture":"ui_icon_gameplay_snowflake","anchor":{"x":0.5,"y":0.5},"scale":{"x":1,"y":1},"rotation":0,"depth":0,"data":"","position":{"x":2075,"y":-568}},{"id":"coin","texture":"ui_icon_gameplay_snowflake","anchor":{"x":0.5,"y":0.5},"scale":{"x":1,"y":1},"rotation":0,"depth":0,"data":"","position":{"x":2205,"y":-702}},{"id":"coin","texture":"ui_icon_gameplay_snowflake","anchor":{"x":0.5,"y":0.5},"scale":{"x":1,"y":1},"rotation":0,"depth":0,"data":"","position":{"x":1446,"y":-677}},{"id":"coin","texture":"ui_icon_gameplay_snowflake","anchor":{"x":0.5,"y":0.5},"scale":{"x":1,"y":1},"rotation":0,"depth":0,"data":"","position":{"x":2672,"y":-502}},{"id":"coin","texture":"ui_icon_gameplay_snowflake","anchor":{"x":0.5,"y":0.5},"scale":{"x":1,"y":1},"rotation":0,"depth":0,"data":"","position":{"x":2551,"y":-658}},{"id":"coin","texture":"ui_icon_gameplay_snowflake","anchor":{"x":0.5,"y":0.5},"scale":{"x":1,"y":1},"rotation":0,"depth":0,"data":"","position":{"x":612,"y":-401}},{"id":"coin","texture":"ui_icon_gameplay_snowflake","anchor":{"x":0.5,"y":0.5},"scale":{"x":1,"y":1},"rotation":0,"depth":0,"data":"","position":{"x":771,"y":-446}},{"id":"coin","texture":"ui_icon_gameplay_snowflake","anchor":{"x":0.5,"y":0.5},"scale":{"x":1,"y":1},"rotation":0,"depth":0,"data":"","position":{"x":890,"y":-377}}]},{"name":"fg_objects","depth":10,"paths":[],"objects":[{"id":"level_gameover","texture":"level_gameover","anchor":{"x":0.5,"y":0.5},"scale":{"x":10,"y":10},"rotation":0,"depth":0,"data":"","position":{"x":1931,"y":437}}]}],"length":0}