{"name":"Test_Marshmallow","layers":[{"name":"path","depth":0,"paths":[{"closed":false,"depth":0,"collisions":1,"texFill":"theme_01_fill","texGround":"theme_01_ground","texGroundEdge":"theme_01_ground_edge","texWall":"theme_01_wall","texFillPadding":960,"texFillSize":256,"texGroundSize":384,"texGroundDelta":0.1,"texWallSize":64,"texWallDelta":0.1,"texWallAngle":70,"texGroundEdgeSide":"none","data":"","points":[{"x":0,"y":0},{"x":160,"y":0},{"x":1664,"y":-16},{"x":1840,"y":-16},{"x":1968,"y":-16},{"x":2112,"y":-112},{"x":2224,"y":-112},{"x":2416,"y":-112},{"x":2528,"y":-272},{"x":2736,"y":-272},{"x":2816,"y":-272},{"x":3104,"y":-480},{"x":3184,"y":-480},{"x":3440,"y":-480},{"x":3664,"y":-704},{"x":3904,"y":-704},{"x":4064,"y":-704},{"x":4368,"y":-864},{"x":4512,"y":-864},{"x":4768,"y":-864},{"x":4928,"y":-1072},{"x":5200,"y":-1072},{"x":5792,"y":-1072},{"x":5552,"y":-1072},{"x":6160,"y":-1072}],"bounds":[0,6160]}],"objects":[{"id":"camera_zoom","texture":"camera_zoom","anchor":{"x":0.5,"y":0.5},"scale":{"x":5,"y":5},"rotation":0,"depth":0,"data":"{\"zoom\":0.65, \"time\":0.4}","position":{"x":979,"y":-242}},{"id":"camera_zoom","texture":"camera_zoom","anchor":{"x":0.5,"y":0.5},"scale":{"x":5,"y":5},"rotation":0,"depth":0,"data":"{\"zoom\":1, \"time\":1.4}","position":{"x":5561,"y":-1294}}]},{"name":"obstacles","depth":1,"paths":[],"objects":[{"id":"snowball","texture":"ingame_obstacle_snowball_1","anchor":{"x":0.5,"y":0.5},"scale":{"x":1,"y":1},"rotation":0,"depth":0,"data":"","position":{"x":2815,"y":-1463}},{"id":"snowball","texture":"ingame_obstacle_snowball_1","anchor":{"x":0.5,"y":0.5},"scale":{"x":1,"y":1},"rotation":0,"depth":0,"data":"","position":{"x":3644,"y":-1750}},{"id":"snowball","texture":"ingame_obstacle_snowball_1","anchor":{"x":0.5,"y":0.5},"scale":{"x":1,"y":1},"rotation":0,"depth":0,"data":"","position":{"x":4433,"y":-1923}},{"id":"marshmallow","texture":"marshmallow","anchor":{"x":0.5,"y":1},"scale":{"x":1,"y":1},"rotation":0,"depth":1,"data":"","position":{"x":1736,"y":-912}}]},{"name":"pickups","depth":2,"paths":[],"objects":[]}],"length":0}