{"name":"level_01","layers":[{"name":"bg_trees","depth":-2,"paths":[],"objects":[{"id":"tree_01_00","texture":"theme_01_tree_00","anchor":{"x":0.5,"y":1},"scale":{"x":1,"y":1},"rotation":0,"depth":0,"data":"","position":{"x":10416,"y":1299}},{"id":"rock_01_01","texture":"theme_01_rock_01","anchor":{"x":0.5,"y":1},"scale":{"x":1,"y":1},"rotation":0,"depth":-1,"data":"","position":{"x":6225,"y":722}},{"id":"tree_01_05","texture":"theme_01_tree_05","anchor":{"x":0.5,"y":1},"scale":{"x":1,"y":1},"rotation":0,"depth":0,"data":"","position":{"x":5596,"y":1282}},{"id":"tree_01_05","texture":"theme_01_tree_05","anchor":{"x":0.5,"y":1},"scale":{"x":0.8,"y":0.8},"rotation":0,"depth":0,"data":"","position":{"x":6039,"y":1421}},{"id":"tree_01_05","texture":"theme_01_tree_05","anchor":{"x":0.5,"y":1},"scale":{"x":1.4,"y":1.4},"rotation":0,"depth":0,"data":"","position":{"x":5783,"y":1339}},{"id":"tree_01_05","texture":"theme_01_tree_05","anchor":{"x":0.5,"y":1},"scale":{"x":1.4,"y":1.4},"rotation":0,"depth":0,"data":"","position":{"x":6157,"y":1470}},{"id":"tree_01_05","texture":"theme_01_tree_05","anchor":{"x":0.5,"y":1},"scale":{"x":1,"y":1},"rotation":0,"depth":0,"data":"","position":{"x":4495,"y":597}},{"id":"rock_01_01","texture":"theme_01_rock_01","anchor":{"x":0.5,"y":1},"scale":{"x":1,"y":1},"rotation":0,"depth":-1,"data":"","position":{"x":4587,"y":562}},{"id":"tree_01_00","texture":"theme_01_tree_00","anchor":{"x":0.5,"y":1},"scale":{"x":2.1,"y":2.1},"rotation":0,"depth":0,"data":"","position":{"x":22303,"y":3869}},{"id":"tree_01_00","texture":"theme_01_tree_00","anchor":{"x":0.5,"y":1},"scale":{"x":1,"y":1},"rotation":0,"depth":-1,"data":"","position":{"x":22193,"y":3866}},{"id":"forest_01_00","texture":"theme_01_forest_00","anchor":{"x":0.5,"y":1},"scale":{"x":1,"y":1},"rotation":0,"depth":-7,"data":"","position":{"x":423,"y":267}},{"id":"tree_01_00","texture":"theme_01_tree_00","anchor":{"x":0.5,"y":1},"scale":{"x":1.7,"y":1.7},"rotation":0,"depth":0,"data":"","position":{"x":22010,"y":3856}},{"id":"tree_01_07","texture":"theme_01_tree_07","anchor":{"x":0.5,"y":1},"scale":{"x":1,"y":1},"rotation":0,"depth":0,"data":"","position":{"x":21439,"y":3881}},{"id":"tree_01_07","texture":"theme_01_tree_07","anchor":{"x":0.5,"y":1},"scale":{"x":1.5,"y":1.5},"rotation":0,"depth":0,"data":"","position":{"x":22117,"y":3908}},{"id":"tree_01_07","texture":"theme_01_tree_07","anchor":{"x":0.5,"y":1},"scale":{"x":1,"y":1},"rotation":0,"depth":0,"data":"","position":{"x":22755,"y":3805}},{"id":"tree_01_07","texture":"theme_01_tree_07","anchor":{"x":0.5,"y":1},"scale":{"x":0.6,"y":0.6},"rotation":0,"depth":0,"data":"","position":{"x":21058,"y":3798}},{"id":"tree_01_07","texture":"theme_01_tree_07","anchor":{"x":0.5,"y":1},"scale":{"x":1,"y":1},"rotation":0,"depth":0,"data":"","position":{"x":21162,"y":3844}},{"id":"tree_01_07","texture":"theme_01_tree_07","anchor":{"x":0.5,"y":1},"scale":{"x":1,"y":1},"rotation":0,"depth":0,"data":"","position":{"x":21760,"y":3960}},{"id":"forest_03_00","texture":"theme_03_forest_00","anchor":{"x":0.5,"y":1},"scale":{"x":1.3,"y":1.3},"rotation":0,"depth":0,"data":"","position":{"x":8197,"y":1562}},{"id":"forest_01_00","texture":"theme_01_forest_00","anchor":{"x":0.5,"y":1},"scale":{"x":1.2,"y":1.2},"rotation":0,"depth":-7,"data":"","position":{"x":-109,"y":241}},{"id":"forest_01_00","texture":"theme_01_forest_00","anchor":{"x":0.5,"y":1},"scale":{"x":1.4,"y":1.4},"rotation":0,"depth":0,"data":"","position":{"x":4790,"y":1415}},{"id":"tree_01_00","texture":"theme_01_tree_00","anchor":{"x":0.5,"y":1},"scale":{"x":1,"y":1},"rotation":0,"depth":0,"data":"","position":{"x":18837,"y":2657}},{"id":"tree_01_09","texture":"theme_01_tree_09","anchor":{"x":0.5,"y":1},"scale":{"x":1,"y":1},"rotation":0,"depth":0,"data":"","position":{"x":21327,"y":3841}},{"id":"tree_01_08","texture":"theme_01_tree_08","anchor":{"x":0.5,"y":1},"scale":{"x":1,"y":1},"rotation":0,"depth":0,"data":"","position":{"x":21637,"y":3886}},{"id":"tree_01_03","texture":"theme_01_tree_03","anchor":{"x":0.5,"y":1},"scale":{"x":1,"y":1},"rotation":0,"depth":0,"data":"","position":{"x":13032,"y":1291}},{"id":"tree_01_03","texture":"theme_01_tree_03","anchor":{"x":0.5,"y":1},"scale":{"x":1,"y":1},"rotation":0,"depth":0,"data":"","position":{"x":18595,"y":2617}},{"id":"rock_01_01","texture":"theme_01_rock_01","anchor":{"x":0.5,"y":1},"scale":{"x":1,"y":1},"rotation":12,"depth":-1,"data":"","position":{"x":18695,"y":2621}},{"id":"tree_01_01","texture":"theme_01_tree_01","anchor":{"x":0.5,"y":1},"scale":{"x":1,"y":1},"rotation":0,"depth":0,"data":"","position":{"x":13155,"y":1284}},{"id":"rock_01_01","texture":"theme_01_rock_01","anchor":{"x":0.5,"y":1},"scale":{"x":1,"y":1},"rotation":0,"depth":-1,"data":"","position":{"x":13728,"y":1287}},{"id":"tree_01_05","texture":"theme_01_tree_05","anchor":{"x":0.5,"y":1},"scale":{"x":1,"y":1},"rotation":0,"depth":-4,"data":"","position":{"x":13251,"y":1303}},{"id":"tree_01_00","texture":"theme_01_tree_00","anchor":{"x":0.5,"y":1},"scale":{"x":1,"y":1},"rotation":0,"depth":0,"data":"","position":{"x":13598,"y":1299}},{"id":"tree_01_08","texture":"theme_01_tree_08","anchor":{"x":0.5,"y":1},"scale":{"x":1,"y":1},"rotation":0,"depth":0,"data":"","position":{"x":13293,"y":1307}},{"id":"tree_01_02","texture":"theme_01_tree_02","anchor":{"x":0.5,"y":1},"scale":{"x":1,"y":1},"rotation":0,"depth":0,"data":"","position":{"x":11240,"y":1289}},{"id":"rock_01_00","texture":"theme_01_rock_00","anchor":{"x":0.5,"y":1},"scale":{"x":1,"y":1},"rotation":1,"depth":-1,"data":"","position":{"x":10339,"y":1281}},{"id":"rock_01_01","texture":"theme_01_rock_01","anchor":{"x":0.5,"y":1},"scale":{"x":1,"y":1},"rotation":0,"depth":-1,"data":"","position":{"x":13143,"y":1285}},{"id":"tree_01_00","texture":"theme_01_tree_00","anchor":{"x":0.5,"y":1},"scale":{"x":1,"y":1},"rotation":0,"depth":0,"data":"","position":{"x":9947,"y":1284}},{"id":"rock_01_01","texture":"theme_01_rock_01","anchor":{"x":0.5,"y":1},"scale":{"x":1,"y":1},"rotation":0,"depth":-1,"data":"","position":{"x":8656,"y":1072}},{"id":"tree_01_04","texture":"theme_01_tree_04","anchor":{"x":0.5,"y":1},"scale":{"x":1,"y":1},"rotation":0,"depth":0,"data":"","position":{"x":8747,"y":1128}},{"id":"tree_01_08","texture":"theme_01_tree_08","anchor":{"x":0.5,"y":1},"scale":{"x":1,"y":1},"rotation":0,"depth":0,"data":"","position":{"x":8416,"y":1068}},{"id":"rock_01_00","texture":"theme_01_rock_00","anchor":{"x":0.5,"y":1},"scale":{"x":1,"y":1},"rotation":0,"depth":-1,"data":"","position":{"x":11150,"y":1285}},{"id":"tree_01_00","texture":"theme_01_tree_00","anchor":{"x":0.5,"y":1},"scale":{"x":1,"y":1},"rotation":0,"depth":-6,"data":"","position":{"x":8618,"y":1061}},{"id":"tree_01_02","texture":"theme_01_tree_02","anchor":{"x":0.5,"y":1},"scale":{"x":1,"y":1},"rotation":0,"depth":-10,"data":"","position":{"x":8674,"y":1086}},{"id":"tree_01_03","texture":"theme_01_tree_03","anchor":{"x":0.5,"y":1},"scale":{"x":1,"y":1},"rotation":0,"depth":0,"data":"","position":{"x":6370,"y":734}},{"id":"tree_01_01","texture":"theme_01_tree_01","anchor":{"x":0.5,"y":1},"scale":{"x":1,"y":1},"rotation":0,"depth":0,"data":"","position":{"x":6099,"y":736}},{"id":"tree_01_05","texture":"theme_01_tree_05","anchor":{"x":0.5,"y":1},"scale":{"x":1,"y":1},"rotation":0,"depth":-7,"data":"","position":{"x":6287,"y":733}},{"id":"tree_01_08","texture":"theme_01_tree_08","anchor":{"x":0.5,"y":1},"scale":{"x":1,"y":1},"rotation":0,"depth":-8,"data":"","position":{"x":6165,"y":731}},{"id":"rock_01_00","texture":"theme_01_rock_00","anchor":{"x":0.5,"y":1},"scale":{"x":1,"y":1},"rotation":0,"depth":-1,"data":"","position":{"x":6610,"y":723}},{"id":"tree_01_00","texture":"theme_01_tree_00","anchor":{"x":0.5,"y":1},"scale":{"x":1,"y":1},"rotation":0,"depth":1,"data":"","position":{"x":6442,"y":731}},{"id":"tree_01_02","texture":"theme_01_tree_02","anchor":{"x":0.5,"y":1},"scale":{"x":1,"y":1},"rotation":0,"depth":-10,"data":"","position":{"x":6221,"y":729}},{"id":"tree_01_07","texture":"theme_01_tree_07","anchor":{"x":0.5,"y":1},"scale":{"x":1,"y":1},"rotation":0,"depth":0,"data":"","position":{"x":3521,"y":571}},{"id":"tree_01_01","texture":"theme_01_tree_01","anchor":{"x":0.5,"y":1},"scale":{"x":1,"y":1},"rotation":0,"depth":0,"data":"","position":{"x":3612,"y":594}},{"id":"rock_01_01","texture":"theme_01_rock_01","anchor":{"x":0.5,"y":1},"scale":{"x":1,"y":1},"rotation":0,"depth":-1,"data":"","position":{"x":3548,"y":571}},{"id":"rock_01_02","texture":"theme_01_rock_02","anchor":{"x":0.5,"y":1},"scale":{"x":1.2,"y":1.2},"rotation":0,"depth":-10,"data":"","position":{"x":-96,"y":74}},{"id":"rock_01_02","texture":"theme_01_rock_02","anchor":{"x":0.5,"y":1},"scale":{"x":1.1,"y":1.1},"rotation":0,"depth":-10,"data":"","position":{"x":229,"y":182}},{"id":"tree_01_02","texture":"theme_01_tree_02","anchor":{"x":0.5,"y":1},"scale":{"x":1,"y":1},"rotation":0,"depth":0,"data":"","position":{"x":747,"y":319}},{"id":"tree_01_00","texture":"theme_01_tree_00","anchor":{"x":0.5,"y":1},"scale":{"x":1,"y":1},"rotation":0,"depth":0,"data":"","position":{"x":1119,"y":432}},{"id":"rock_01_02","texture":"theme_01_rock_02","anchor":{"x":0.5,"y":1},"scale":{"x":1,"y":1},"rotation":0,"depth":-1,"data":"","position":{"x":2569,"y":322}},{"id":"tree_01_02","texture":"theme_01_tree_02","anchor":{"x":0.5,"y":1},"scale":{"x":1,"y":1},"rotation":0,"depth":0,"data":"","position":{"x":2816,"y":344}},{"id":"tree_01_07","texture":"theme_01_tree_07","anchor":{"x":0.5,"y":1},"scale":{"x":1,"y":1},"rotation":0,"depth":0,"data":"","position":{"x":2681,"y":340}},{"id":"tree_01_02","texture":"theme_01_tree_02","anchor":{"x":0.5,"y":1},"scale":{"x":1,"y":1},"rotation":0,"depth":0,"data":"","position":{"x":2347,"y":331}},{"id":"tree_01_08","texture":"theme_01_tree_08","anchor":{"x":0.5,"y":1},"scale":{"x":1,"y":1},"rotation":0,"depth":0,"data":"","position":{"x":2460,"y":333}},{"id":"tree_01_04","texture":"theme_01_tree_04","anchor":{"x":0.5,"y":1},"scale":{"x":1,"y":1},"rotation":0,"depth":-8,"data":"","position":{"x":2744,"y":311}},{"id":"tree_01_08","texture":"theme_01_tree_08","anchor":{"x":0.5,"y":1},"scale":{"x":1,"y":1},"rotation":0,"depth":0,"data":"","position":{"x":14492,"y":1684}},{"id":"rock_01_01","texture":"theme_01_rock_01","anchor":{"x":0.5,"y":1},"scale":{"x":1,"y":1},"rotation":0,"depth":-1,"data":"","position":{"x":14457,"y":1695}},{"id":"rock_01_01","texture":"theme_01_rock_01","anchor":{"x":0.5,"y":1},"scale":{"x":1,"y":1},"rotation":0,"depth":-1,"data":"","position":{"x":15511,"y":1648}},{"id":"tree_01_02","texture":"theme_01_tree_02","anchor":{"x":0.5,"y":1},"scale":{"x":1,"y":1},"rotation":0,"depth":0,"data":"","position":{"x":15655,"y":1674}},{"id":"tree_01_07","texture":"theme_01_tree_07","anchor":{"x":0.5,"y":1},"scale":{"x":1,"y":1},"rotation":0,"depth":0,"data":"","position":{"x":15388,"y":1654}},{"id":"tree_01_08","texture":"theme_01_tree_08","anchor":{"x":0.5,"y":1},"scale":{"x":1,"y":1},"rotation":0,"depth":-5,"data":"","position":{"x":15538,"y":1661}},{"id":"tree_01_00","texture":"theme_01_tree_00","anchor":{"x":0.5,"y":1},"scale":{"x":1,"y":1},"rotation":0,"depth":0,"data":"","position":{"x":15456,"y":1662}},{"id":"tree_01_02","texture":"theme_01_tree_02","anchor":{"x":0.5,"y":1},"scale":{"x":1,"y":1},"rotation":0,"depth":0,"data":"","position":{"x":16048,"y":1664}},{"id":"tree_01_05","texture":"theme_01_tree_05","anchor":{"x":0.5,"y":1},"scale":{"x":1,"y":1},"rotation":0,"depth":0,"data":"","position":{"x":15982,"y":1677}},{"id":"rock_01_00","texture":"theme_01_rock_00","anchor":{"x":0.5,"y":1},"scale":{"x":1,"y":1},"rotation":7,"depth":-1,"data":"","position":{"x":16264,"y":1680}},{"id":"tree_01_05","texture":"theme_01_tree_05","anchor":{"x":0.5,"y":1},"scale":{"x":1,"y":1},"rotation":0,"depth":0,"data":"","position":{"x":19474,"y":3622}},{"id":"tree_01_07","texture":"theme_01_tree_07","anchor":{"x":0.5,"y":1},"scale":{"x":1,"y":1},"rotation":0,"depth":0,"data":"","position":{"x":19648,"y":3630}},{"id":"tree_01_09","texture":"theme_01_tree_09","anchor":{"x":0.5,"y":1},"scale":{"x":1,"y":1},"rotation":0,"depth":0,"data":"","position":{"x":17605,"y":3347}},{"id":"rock_01_01","texture":"theme_01_rock_01","anchor":{"x":0.5,"y":1},"scale":{"x":1,"y":1},"rotation":10,"depth":-1,"data":"","position":{"x":19619,"y":3611}},{"id":"rock_01_01","texture":"theme_01_rock_01","anchor":{"x":0.5,"y":1},"scale":{"x":1,"y":1},"rotation":12,"depth":-1,"data":"","position":{"x":17470,"y":3288}},{"id":"tree_01_01","texture":"theme_01_tree_01","anchor":{"x":0.5,"y":1},"scale":{"x":1,"y":1},"rotation":0,"depth":0,"data":"","position":{"x":17343,"y":3267}},{"id":"tree_01_05","texture":"theme_01_tree_05","anchor":{"x":0.5,"y":1},"scale":{"x":1,"y":1},"rotation":0,"depth":-5,"data":"","position":{"x":17492,"y":3286}},{"id":"rock_01_00","texture":"theme_01_rock_00","anchor":{"x":0.5,"y":1},"scale":{"x":1,"y":1},"rotation":0,"depth":-1,"data":"","position":{"x":5668,"y":1266}},{"id":"rock_01_00","texture":"theme_01_rock_00","anchor":{"x":0.5,"y":1},"scale":{"x":1,"y":1},"rotation":12,"depth":-1,"data":"","position":{"x":6276,"y":1458}},{"id":"tree_01_01","texture":"theme_01_tree_01","anchor":{"x":0.5,"y":1},"scale":{"x":1,"y":1},"rotation":0,"depth":0,"data":"","position":{"x":4122,"y":583}}]},{"name":"tunnel_fill","depth":-1,"paths":[{"closed":false,"depth":0,"collisions":0,"texFill":"theme_02_fill","texGround":"","texGroundEdge":"","texWall":"theme_02_wall","texFillPadding":512,"texFillSize":256,"texGroundSize":160,"texGroundDelta":0.1,"texWallSize":160,"texWallDelta":0.1,"texWallAngle":70,"texGroundEdgeSide":"","data":"","points":[{"x":1920,"y":320},{"x":2096,"y":320},{"x":2240,"y":368},{"x":2432,"y":368},{"x":2704,"y":368},{"x":2704,"y":432},{"x":2976,"y":432},{"x":3424,"y":432},{"x":3424,"y":704},{"x":3888,"y":704},{"x":4208,"y":704},{"x":4208,"y":720},{"x":4528,"y":720},{"x":4784,"y":720},{"x":4736,"y":848},{"x":4992,"y":848},{"x":4976,"y":1024},{"x":4720,"y":1280},{"x":4928,"y":1808}],"bounds":[1920,4992]},{"closed":false,"depth":0,"collisions":0,"texFill":"theme_02_fill","texGround":"","texGroundEdge":"theme_01_ground_edge","texWall":"theme_01_wall","texFillPadding":512,"texFillSize":256,"texGroundSize":160,"texGroundDelta":0.1,"texWallSize":160,"texWallDelta":0.1,"texWallAngle":70,"texGroundEdgeSide":"none","data":"","points":[{"x":7840,"y":1568},{"x":7968,"y":1568},{"x":8000,"y":1552},{"x":8128,"y":1504},{"x":8224,"y":1456},{"x":8256,"y":1296},{"x":8288,"y":1232},{"x":8336,"y":1120},{"x":8416,"y":1056},{"x":8496,"y":1056},{"x":8656,"y":1056},{"x":8640,"y":1072},{"x":8768,"y":1136},{"x":8912,"y":1216},{"x":9168,"y":1344},{"x":9248,"y":1328}],"bounds":[7840,9248]},{"closed":true,"depth":0,"collisions":0,"texFill":"theme_03_fill","texGround":"","texGroundEdge":"theme_01_ground_edge","texWall":"theme_01_wall","texFillPadding":512,"texFillSize":256,"texGroundSize":160,"texGroundDelta":0.1,"texWallSize":160,"texWallDelta":0.1,"texWallAngle":11,"texGroundEdgeSide":"","data":"","points":[{"x":15632,"y":1648},{"x":15856,"y":1648},{"x":15856,"y":1648},{"x":16080,"y":1648},{"x":16432,"y":1648},{"x":16848,"y":2256},{"x":17136,"y":2400},{"x":17200,"y":2624},{"x":16720,"y":2624},{"x":16368,"y":2624},{"x":16080,"y":2624},{"x":15536,"y":2032},{"x":15632,"y":1648}],"bounds":[15536,17200]}],"objects":[]},{"name":"path","depth":0,"paths":[{"closed":false,"depth":0,"collisions":1,"texFill":"theme_01_fill","texGround":"theme_01_ground","texGroundEdge":"theme_01_ground_edge","texWall":"theme_01_wall","texFillPadding":512,"texFillSize":256,"texGroundSize":160,"texGroundDelta":0.1,"texWallSize":160,"texWallDelta":0.1,"texWallAngle":70,"texGroundEdgeSide":"right","data":"","points":[{"x":-576,"y":176},{"x":-464,"y":176},{"x":128,"y":176},{"x":144,"y":176},{"x":528,"y":176},{"x":896,"y":368},{"x":912,"y":368},{"x":1008,"y":400},{"x":1360,"y":432},{"x":1376,"y":432},{"x":1488,"y":432},{"x":1264,"y":432},{"x":1424,"y":432},{"x":1520,"y":432},{"x":1536,"y":400},{"x":1616,"y":368},{"x":1696,"y":320},{"x":1728,"y":320},{"x":1840,"y":320},{"x":1952,"y":320},{"x":1920,"y":320},{"x":1984,"y":320},{"x":2016,"y":448},{"x":2016,"y":416},{"x":2032,"y":480}],"bounds":[-576,2032]},{"closed":false,"depth":2,"collisions":0,"texFill":"theme_04_fill","texGround":"theme_04_ground","texGroundEdge":"","texWall":"theme_01_wall","texFillPadding":512,"texFillSize":256,"texGroundSize":448,"texGroundDelta":0.1,"texWallSize":160,"texWallDelta":0.1,"texWallAngle":70,"texGroundEdgeSide":"","data":"","points":[{"x":-320,"y":576},{"x":16,"y":576},{"x":112,"y":576},{"x":112,"y":576},{"x":752,"y":576},{"x":1040,"y":480},{"x":1376,"y":480},{"x":1840,"y":480},{"x":2320,"y":1504},{"x":2768,"y":1504}],"bounds":[-320,2768]},{"closed":false,"depth":-1,"collisions":1,"texFill":"","texGround":"theme_01_ground","texGroundEdge":"","texWall":"","texFillPadding":512,"texFillSize":208,"texGroundSize":112,"texGroundDelta":0.1,"texWallSize":160,"texWallDelta":0.1,"texWallAngle":70,"texGroundEdgeSide":"","data":"{\"shrinkPath\":true,\"hidden\":false}","points":[{"x":1984,"y":320},{"x":2048,"y":320},{"x":2048,"y":320},{"x":2112,"y":320}],"bounds":[1984,2112]},{"closed":false,"depth":2,"collisions":1,"texFill":"theme_01_fill","texGround":"theme_01_ground","texGroundEdge":"theme_01_ground_edge","texWall":"theme_01_wall","texFillPadding":64,"texFillSize":256,"texGroundSize":160,"texGroundDelta":0.1,"texWallSize":160,"texWallDelta":0.1,"texWallAngle":79,"texGroundEdgeSide":"","data":"","points":[{"x":2032,"y":448},{"x":2032,"y":496},{"x":2080,"y":544},{"x":2272,"y":608},{"x":2368,"y":736},{"x":2384,"y":784},{"x":2528,"y":880},{"x":2624,"y":944},{"x":2752,"y":960},{"x":2864,"y":960},{"x":2960,"y":944},{"x":3040,"y":1008},{"x":3200,"y":1296},{"x":3264,"y":1424},{"x":3376,"y":1488},{"x":3536,"y":1488},{"x":3504,"y":1600},{"x":3552,"y":2304},{"x":3552,"y":2432}],"bounds":[2032,3552]},{"closed":true,"depth":0,"collisions":1,"texFill":"theme_01_fill","texGround":"theme_01_ground","texGroundEdge":"theme_01_ground_edge","texWall":"theme_01_wall","texFillPadding":512,"texFillSize":256,"texGroundSize":160,"texGroundDelta":0.1,"texWallSize":48,"texWallDelta":0.1,"texWallAngle":70,"texGroundEdgeSide":"","data":"","points":[{"x":2112,"y":320},{"x":2384,"y":320},{"x":2480,"y":320},{"x":2752,"y":320},{"x":3200,"y":320},{"x":3248,"y":576},{"x":3712,"y":576},{"x":4016,"y":576},{"x":4320,"y":560},{"x":4624,"y":560},{"x":4880,"y":560},{"x":4832,"y":704},{"x":5072,"y":704},{"x":5024,"y":704},{"x":5024,"y":1088},{"x":4960,"y":1088},{"x":4720,"y":1088},{"x":4688,"y":1168},{"x":4464,"y":1168},{"x":4128,"y":1168},{"x":4128,"y":1024},{"x":3792,"y":1024},{"x":3504,"y":1024},{"x":3344,"y":704},{"x":3056,"y":704},{"x":2800,"y":704},{"x":2784,"y":496},{"x":2528,"y":496},{"x":2384,"y":496},{"x":2224,"y":448},{"x":2144,"y":384},{"x":2128,"y":368},{"x":2144,"y":400},{"x":2128,"y":352}],"bounds":[2112,5072]},{"closed":false,"depth":0,"collisions":1,"texFill":"theme_01_fill","texGround":"theme_01_ground","texGroundEdge":"theme_01_ground_edge","texWall":"theme_01_wall","texFillPadding":512,"texFillSize":256,"texGroundSize":160,"texGroundDelta":0.1,"texWallSize":160,"texWallDelta":0.1,"texWallAngle":70,"texGroundEdgeSide":"left","data":"","points":[{"x":4000,"y":1984},{"x":4016,"y":1840},{"x":3936,"y":1520},{"x":3968,"y":1520},{"x":4192,"y":1520},{"x":4064,"y":1552},{"x":4400,"y":1552},{"x":4640,"y":1552},{"x":4640,"y":1376},{"x":4880,"y":1376},{"x":5152,"y":1376},{"x":5152,"y":1248},{"x":5424,"y":1248},{"x":5744,"y":1248},{"x":5840,"y":1328},{"x":6160,"y":1424},{"x":6800,"y":1632},{"x":6896,"y":1552},{"x":7632,"y":1552}],"bounds":[3936,7632]},{"closed":true,"depth":0,"collisions":1,"texFill":"theme_01_fill","texGround":"theme_01_ground","texGroundEdge":"theme_01_ground_edge","texWall":"theme_01_wall","texFillPadding":512,"texFillSize":256,"texGroundSize":160,"texGroundDelta":0.1,"texWallSize":64,"texWallDelta":0.1,"texWallAngle":70,"texGroundEdgeSide":"","data":"","points":[{"x":5920,"y":720},{"x":6048,"y":720},{"x":6144,"y":720},{"x":6272,"y":720},{"x":6400,"y":720},{"x":6400,"y":720},{"x":6528,"y":720},{"x":6704,"y":720},{"x":6704,"y":720},{"x":6880,"y":720},{"x":6848,"y":768},{"x":6768,"y":880},{"x":6656,"y":880},{"x":6576,"y":880},{"x":6576,"y":912},{"x":6512,"y":912},{"x":6432,"y":912},{"x":6432,"y":864},{"x":6336,"y":864},{"x":6240,"y":864},{"x":6240,"y":848},{"x":6144,"y":848},{"x":6080,"y":848},{"x":5968,"y":736},{"x":5920,"y":736}],"bounds":[5920,6880]},{"closed":false,"depth":0,"collisions":1,"texFill":"theme_01_fill","texGround":"theme_01_ground","texGroundEdge":"theme_01_ground_edge","texWall":"theme_01_wall","texFillPadding":512,"texFillSize":256,"texGroundSize":160,"texGroundDelta":0.1,"texWallSize":160,"texWallDelta":0.1,"texWallAngle":70,"texGroundEdgeSide":"none","data":"","points":[{"x":7632,"y":1552},{"x":7648,"y":1552},{"x":7664,"y":1552},{"x":7744,"y":1552},{"x":7760,"y":1552},{"x":7824,"y":1552},{"x":7840,"y":1600},{"x":7904,"y":1744},{"x":7952,"y":1824},{"x":8096,"y":1824},{"x":8256,"y":1824},{"x":8288,"y":1824},{"x":8416,"y":1824},{"x":8896,"y":1824},{"x":8768,"y":1520},{"x":9232,"y":1520}],"bounds":[7632,9232]},{"closed":false,"depth":-3,"collisions":1,"texFill":"","texGround":"theme_01_ground","texGroundEdge":"","texWall":"","texFillPadding":512,"texFillSize":240,"texGroundSize":96,"texGroundDelta":0.1,"texWallSize":160,"texWallDelta":0.1,"texWallAngle":70,"texGroundEdgeSide":"","data":"{\"shrinkPath\":true,\"hidden\":false}","points":[{"x":7744,"y":1552},{"x":7840,"y":1552},{"x":7840,"y":1552},{"x":7920,"y":1552}],"bounds":[7744,7920]},{"closed":true,"depth":0,"collisions":2,"texFill":"theme_01_fill","texGround":"theme_01_ground","texGroundEdge":"theme_01_ground_edge","texWall":"theme_01_wall","texFillPadding":512,"texFillSize":256,"texGroundSize":160,"texGroundDelta":0.1,"texWallSize":48,"texWallDelta":0.1,"texWallAngle":70,"texGroundEdgeSide":"","data":"","points":[{"x":7904,"y":1552},{"x":8144,"y":1552},{"x":8224,"y":1024},{"x":8480,"y":1024},{"x":8832,"y":1024},{"x":8912,"y":1264},{"x":9248,"y":1296},{"x":9248,"y":1344},{"x":9248,"y":1376},{"x":9184,"y":1376},{"x":9072,"y":1376},{"x":8880,"y":1440},{"x":8800,"y":1536},{"x":8688,"y":1664},{"x":8464,"y":1680},{"x":8320,"y":1680},{"x":8176,"y":1680},{"x":7936,"y":1696},{"x":7904,"y":1552}],"bounds":[7904,9248]},{"closed":false,"depth":2,"collisions":1,"texFill":"theme_04_fill","texGround":"theme_04_ground","texGroundEdge":"","texWall":"theme_03_wall","texFillPadding":256,"texFillSize":256,"texGroundSize":160,"texGroundDelta":0.1,"texWallSize":160,"texWallDelta":0.1,"texWallAngle":167,"texGroundEdgeSide":"","data":"","points":[{"x":8192,"y":2320},{"x":8544,"y":2320},{"x":8752,"y":1504},{"x":9232,"y":1504},{"x":9632,"y":1504},{"x":9952,"y":2064},{"x":10304,"y":2064},{"x":10880,"y":2144},{"x":10480,"y":2448},{"x":11600,"y":2480},{"x":11536,"y":3648},{"x":11280,"y":2768},{"x":11136,"y":3632}],"bounds":[8192,11600]},{"closed":true,"depth":0,"collisions":1,"texFill":"theme_01_fill","texGround":"theme_01_ground","texGroundEdge":"theme_01_ground_edge","texWall":"theme_01_wall","texFillPadding":512,"texFillSize":256,"texGroundSize":160,"texGroundDelta":0.1,"texWallSize":160,"texWallDelta":0.1,"texWallAngle":70,"texGroundEdgeSide":"","data":"","points":[{"x":9824,"y":1280},{"x":9984,"y":1280},{"x":10032,"y":1264},{"x":10208,"y":1264},{"x":10320,"y":1264},{"x":10480,"y":1280},{"x":10608,"y":1280},{"x":10560,"y":1280},{"x":10448,"y":1472},{"x":10416,"y":1472},{"x":10288,"y":1472},{"x":10240,"y":1488},{"x":10128,"y":1488},{"x":10096,"y":1488},{"x":10096,"y":1440},{"x":10064,"y":1440},{"x":10000,"y":1440},{"x":10000,"y":1408},{"x":9920,"y":1408},{"x":9904,"y":1408},{"x":9856,"y":1296},{"x":9824,"y":1296}],"bounds":[9824,10608]},{"closed":true,"depth":0,"collisions":1,"texFill":"theme_01_fill","texGround":"theme_01_ground","texGroundEdge":"theme_01_ground_edge","texWall":"theme_01_wall","texFillPadding":512,"texFillSize":256,"texGroundSize":160,"texGroundDelta":0.1,"texWallSize":160,"texWallDelta":0.1,"texWallAngle":70,"texGroundEdgeSide":"","data":"","points":[{"x":10976,"y":1280},{"x":11088,"y":1280},{"x":11072,"y":1280},{"x":11200,"y":1280},{"x":11344,"y":1280},{"x":11376,"y":1264},{"x":11520,"y":1264},{"x":11536,"y":1264},{"x":11536,"y":1472},{"x":11536,"y":1472},{"x":11456,"y":1472},{"x":11456,"y":1552},{"x":11360,"y":1552},{"x":11296,"y":1552},{"x":11296,"y":1504},{"x":11232,"y":1504},{"x":11168,"y":1504},{"x":11168,"y":1488},{"x":11120,"y":1488},{"x":11056,"y":1488},{"x":11056,"y":1328},{"x":10992,"y":1328}],"bounds":[10976,11536]},{"closed":false,"depth":4,"collisions":1,"texFill":"theme_04_fill","texGround":"theme_04_ground","texGroundEdge":"","texWall":"theme_03_wall","texFillPadding":512,"texFillSize":256,"texGroundSize":160,"texGroundDelta":0.1,"texWallSize":160,"texWallDelta":0.1,"texWallAngle":129,"texGroundEdgeSide":"left","data":"","points":[{"x":11968,"y":3536},{"x":12032,"y":3280},{"x":11904,"y":3168},{"x":11888,"y":2544},{"x":12480,"y":2544},{"x":12320,"y":2608},{"x":12656,"y":2608},{"x":12704,"y":2608},{"x":13360,"y":2576},{"x":13616,"y":2336},{"x":13776,"y":2192},{"x":13760,"y":2080},{"x":14016,"y":1872},{"x":14224,"y":1712},{"x":14400,"y":1632},{"x":14752,"y":1632},{"x":15104,"y":1872},{"x":14384,"y":2416},{"x":14768,"y":2448},{"x":14832,"y":2480},{"x":14928,"y":2704},{"x":15024,"y":2704}],"bounds":[11888,15104]},{"closed":false,"depth":0,"collisions":1,"texFill":"theme_04_fill","texGround":"theme_04_ground","texGroundEdge":"","texWall":"theme_01_wall","texFillPadding":576,"texFillSize":288,"texGroundSize":304,"texGroundDelta":0.05,"texWallSize":160,"texWallDelta":0.1,"texWallAngle":98,"texGroundEdgeSide":"left","data":"","points":[{"x":11984,"y":3792},{"x":12400,"y":3280},{"x":13040,"y":2832},{"x":13696,"y":2720},{"x":14160,"y":2576},{"x":14320,"y":2448},{"x":14720,"y":2592},{"x":16800,"y":3344},{"x":21136,"y":3840},{"x":22288,"y":3840},{"x":23536,"y":3840},{"x":23856,"y":3840},{"x":25104,"y":3840}],"bounds":[11984,25104]},{"closed":true,"depth":0,"collisions":1,"texFill":"theme_01_fill","texGround":"theme_01_ground","texGroundEdge":"theme_01_ground_edge","texWall":"theme_01_wall","texFillPadding":512,"texFillSize":256,"texGroundSize":160,"texGroundDelta":0.1,"texWallSize":64,"texWallDelta":0.1,"texWallAngle":70,"texGroundEdgeSide":"","data":"","points":[{"x":12848,"y":1264},{"x":12960,"y":1280},{"x":12960,"y":1280},{"x":13088,"y":1280},{"x":13232,"y":1280},{"x":13232,"y":1296},{"x":13376,"y":1296},{"x":13568,"y":1296},{"x":13568,"y":1280},{"x":13776,"y":1280},{"x":13936,"y":1280},{"x":13968,"y":1216},{"x":14128,"y":1216},{"x":14160,"y":1328},{"x":14000,"y":1520},{"x":13904,"y":1520},{"x":13744,"y":1520},{"x":13744,"y":1552},{"x":13584,"y":1552},{"x":13424,"y":1552},{"x":13456,"y":1600},{"x":13280,"y":1600},{"x":13184,"y":1600},{"x":13264,"y":1488},{"x":13168,"y":1488},{"x":13072,"y":1488},{"x":13072,"y":1488},{"x":13024,"y":1440},{"x":12928,"y":1440},{"x":12880,"y":1360},{"x":12848,"y":1264}],"bounds":[12848,14160]},{"closed":true,"depth":0,"collisions":1,"texFill":"theme_01_fill","texGround":"theme_01_ground","texGroundEdge":"theme_01_ground_edge","texWall":"theme_01_wall","texFillPadding":512,"texFillSize":256,"texGroundSize":160,"texGroundDelta":0.1,"texWallSize":80,"texWallDelta":0.1,"texWallAngle":69,"texGroundEdgeSide":"","data":"","points":[{"x":15408,"y":1952},{"x":15392,"y":1888},{"x":15248,"y":1792},{"x":15232,"y":1632},{"x":15424,"y":1632},{"x":15568,"y":1648},{"x":15776,"y":1648},{"x":15792,"y":1728},{"x":15824,"y":1808},{"x":15872,"y":1936},{"x":15936,"y":2064},{"x":16352,"y":2480},{"x":16480,"y":2480},{"x":16480,"y":2528},{"x":16432,"y":2640},{"x":16416,"y":2640},{"x":16064,"y":2688},{"x":15888,"y":2544},{"x":15744,"y":2480},{"x":15632,"y":2384},{"x":15568,"y":2448},{"x":15520,"y":2272},{"x":15472,"y":2128},{"x":15424,"y":2048},{"x":15408,"y":1952}],"bounds":[15232,16480]},{"closed":false,"depth":-1,"collisions":1,"texFill":"","texGround":"theme_01_ground","texGroundEdge":"","texWall":"","texFillPadding":512,"texFillSize":256,"texGroundSize":112,"texGroundDelta":0.1,"texWallSize":160,"texWallDelta":0.1,"texWallAngle":70,"texGroundEdgeSide":"","data":"{\"shrinkPath\":true,\"hidden\":false}","points":[{"x":15744,"y":1648},{"x":15824,"y":1648},{"x":15824,"y":1648},{"x":15904,"y":1648}],"bounds":[15744,15904]},{"closed":true,"depth":0,"collisions":1,"texFill":"theme_01_fill","texGround":"theme_01_ground","texGroundEdge":"theme_01_ground_edge","texWall":"theme_01_wall","texFillPadding":512,"texFillSize":256,"texGroundSize":160,"texGroundDelta":0.1,"texWallSize":48,"texWallDelta":0.1,"texWallAngle":70,"texGroundEdgeSide":"","data":"","points":[{"x":15872,"y":1648},{"x":16048,"y":1648},{"x":16112,"y":1664},{"x":16304,"y":1664},{"x":16368,"y":1664},{"x":17104,"y":2400},{"x":17168,"y":2400},{"x":16896,"y":2576},{"x":17008,"y":2384},{"x":16816,"y":2384},{"x":16784,"y":2336},{"x":16736,"y":2224},{"x":16592,"y":2304},{"x":16528,"y":2128},{"x":16192,"y":1872},{"x":16048,"y":1872},{"x":15952,"y":1808},{"x":15872,"y":1712},{"x":15872,"y":1648}],"bounds":[15872,17168]},{"closed":true,"depth":0,"collisions":1,"texFill":"theme_01_fill","texGround":"theme_01_ground","texGroundEdge":"theme_01_ground_edge","texWall":"theme_01_wall","texFillPadding":512,"texFillSize":256,"texGroundSize":160,"texGroundDelta":0.1,"texWallSize":80,"texWallDelta":0.1,"texWallAngle":70,"texGroundEdgeSide":"","data":"","points":[{"x":18096,"y":2560},{"x":18224,"y":2560},{"x":18224,"y":2560},{"x":18368,"y":2560},{"x":18512,"y":2560},{"x":18512,"y":2592},{"x":18656,"y":2592},{"x":18768,"y":2592},{"x":18768,"y":2656},{"x":18880,"y":2656},{"x":18864,"y":2656},{"x":18752,"y":2880},{"x":18688,"y":2896},{"x":18432,"y":2896},{"x":18608,"y":2912},{"x":18352,"y":2912},{"x":18224,"y":2912},{"x":18112,"y":2688},{"x":18096,"y":2560}],"bounds":[18096,18880]}],"objects":[{"id":"level_end","texture":"level_end","anchor":{"x":0.5,"y":0.5},"scale":{"x":5,"y":5},"rotation":0,"depth":0,"data":"","position":{"x":22064,"y":3545}},{"id":"level_gameover","texture":"level_gameover","anchor":{"x":0.5,"y":0.5},"scale":{"x":5,"y":5},"rotation":0,"depth":0,"data":"","position":{"x":3762,"y":2008}},{"id":"level_gameover","texture":"level_gameover","anchor":{"x":0.5,"y":0.5},"scale":{"x":3.2,"y":3.2},"rotation":0,"depth":0,"data":"","position":{"x":11721,"y":3055}},{"id":"camera_zoom","texture":"camera_zoom","anchor":{"x":0.5,"y":0.5},"scale":{"x":5,"y":5},"rotation":0,"depth":0,"data":"{\"zoom\":1,\"time\":0.0}","position":{"x":12989,"y":2299}},{"id":"shrink_lock","texture":"shrink_lock","anchor":{"x":0.5,"y":0.5},"scale":{"x":1,"y":1},"rotation":0,"depth":0,"data":"","position":{"x":15848,"y":1724}},{"id":"shrink_unlock","texture":"shrink_unlock","anchor":{"x":0.5,"y":0.5},"scale":{"x":2.2,"y":2.2},"rotation":0,"depth":0,"data":"","position":{"x":16576,"y":2400}}]},{"name":"obstacles","depth":0,"paths":[],"objects":[{"id":"iceblock_01_00","texture":"theme_01_ice_block_00","anchor":{"x":0.5,"y":1},"scale":{"x":1,"y":1},"rotation":0,"depth":0,"data":"","position":{"x":6810,"y":1579}},{"id":"iceblock_01_00","texture":"theme_01_ice_block_00","anchor":{"x":0.5,"y":1},"scale":{"x":1,"y":1},"rotation":0,"depth":0,"data":"","position":{"x":18866,"y":3519}},{"id":"icecube_01_00","texture":"theme_01_ice_cube_00","anchor":{"x":0.5,"y":1},"scale":{"x":1,"y":1},"rotation":0,"depth":0,"data":"","position":{"x":20020,"y":3664}},{"id":"icecube_01_03","texture":"theme_01_ice_cube_03","anchor":{"x":0.5,"y":1},"scale":{"x":1,"y":1},"rotation":0,"depth":0,"data":"","position":{"x":20106,"y":3679}},{"id":"icecube_01_04","texture":"theme_01_ice_cube_04","anchor":{"x":0.5,"y":1},"scale":{"x":1,"y":1},"rotation":0,"depth":-2,"data":"","position":{"x":20091,"y":3632}},{"id":"stones_03_01","texture":"theme_03_stones_01","anchor":{"x":0.5,"y":1},"scale":{"x":1.4,"y":1.4},"rotation":10,"depth":0,"data":"","position":{"x":16742,"y":3155}},{"id":"stones_01_00","texture":"theme_01_stones_00","anchor":{"x":0.5,"y":1},"scale":{"x":1.5,"y":1.5},"rotation":-6,"depth":0,"data":"","position":{"x":14061,"y":1222}},{"id":"iceblock_01_00","texture":"theme_01_ice_block_00","anchor":{"x":0.5,"y":1},"scale":{"x":1,"y":1},"rotation":0,"depth":0,"data":"","position":{"x":3858,"y":576}}]},{"name":"pickups","depth":2,"paths":[],"objects":[{"id":"coin","texture":"ui_icon_gameplay_snowflake","anchor":{"x":0.5,"y":0.5},"scale":{"x":1,"y":1},"rotation":0,"depth":0,"data":"","position":{"x":16023,"y":2908}},{"id":"coin","texture":"ui_icon_gameplay_snowflake","anchor":{"x":0.5,"y":0.5},"scale":{"x":1,"y":1},"rotation":0,"depth":0,"data":"","position":{"x":18763,"y":3415}},{"id":"crystal_cyan","texture":"ingame_crystal_cyan_00","anchor":{"x":0.5,"y":0.5},"scale":{"x":1,"y":1},"rotation":0,"depth":0,"data":"","position":{"x":8477,"y":1747}},{"id":"crystal_cyan","texture":"ingame_crystal_cyan_00","anchor":{"x":0.5,"y":0.5},"scale":{"x":1,"y":1},"rotation":0,"depth":1,"data":"","position":{"x":16242,"y":2232}},{"id":"crystal_pink","texture":"ingame_crystal_pink_00","anchor":{"x":0.5,"y":0.5},"scale":{"x":1,"y":1},"rotation":0,"depth":0,"data":"","position":{"x":5340,"y":331}},{"id":"crystal_green","texture":"ingame_crystal_green_00","anchor":{"x":0.5,"y":0.5},"scale":{"x":1,"y":1},"rotation":0,"depth":0,"data":"","position":{"x":6810,"y":1490}},{"id":"crystal_green","texture":"ingame_crystal_green_00","anchor":{"x":0.5,"y":0.5},"scale":{"x":1,"y":1},"rotation":0,"depth":0,"data":"","position":{"x":18870,"y":3436}},{"id":"crystal_pink","texture":"ingame_crystal_pink_00","anchor":{"x":0.5,"y":0.5},"scale":{"x":1,"y":1},"rotation":0,"depth":0,"data":"","position":{"x":15242,"y":1181}},{"id":"crystal_purple","texture":"ingame_crystal_purple_00","anchor":{"x":0.5,"y":0.5},"scale":{"x":1,"y":1},"rotation":0,"depth":0,"data":"","position":{"x":13489,"y":1193}},{"id":"crystal_purple","texture":"ingame_crystal_purple_00","anchor":{"x":0.5,"y":0.5},"scale":{"x":1,"y":1},"rotation":0,"depth":0,"data":"","position":{"x":17091,"y":1410}},{"id":"crystal_purple","texture":"ingame_crystal_purple_00","anchor":{"x":0.5,"y":0.5},"scale":{"x":1,"y":1},"rotation":0,"depth":0,"data":"","position":{"x":7840,"y":591}},{"id":"camera_zoom","texture":"camera_zoom","anchor":{"x":0.5,"y":0.5},"scale":{"x":2.5,"y":2.5},"rotation":0,"depth":0,"data":"{\"zoom\":0.5,\"time\":1.0}","position":{"x":9416,"y":1438}},{"id":"coin","texture":"ui_icon_gameplay_snowflake","anchor":{"x":0.5,"y":0.5},"scale":{"x":1,"y":1},"rotation":0,"depth":0,"data":"","position":{"x":1028,"y":308}},{"id":"coin","texture":"ui_icon_gameplay_snowflake","anchor":{"x":0.5,"y":0.5},"scale":{"x":1,"y":1},"rotation":0,"depth":0,"data":"","position":{"x":1207,"y":334}},{"id":"coin","texture":"ui_icon_gameplay_snowflake","anchor":{"x":0.5,"y":0.5},"scale":{"x":1,"y":1},"rotation":0,"depth":0,"data":"","position":{"x":1364,"y":344}},{"id":"coin","texture":"ui_icon_gameplay_snowflake","anchor":{"x":0.5,"y":0.5},"scale":{"x":1,"y":1},"rotation":0,"depth":0,"data":"","position":{"x":2104,"y":444}},{"id":"coin","texture":"ui_icon_gameplay_snowflake","anchor":{"x":0.5,"y":0.5},"scale":{"x":1,"y":1},"rotation":0,"depth":0,"data":"","position":{"x":2252,"y":516}},{"id":"coin","texture":"ui_icon_gameplay_snowflake","anchor":{"x":0.5,"y":0.5},"scale":{"x":1,"y":1},"rotation":0,"depth":0,"data":"","position":{"x":2428,"y":661}},{"id":"coin","texture":"ui_icon_gameplay_snowflake","anchor":{"x":0.5,"y":0.5},"scale":{"x":1,"y":1},"rotation":0,"depth":0,"data":"","position":{"x":1895,"y":202}},{"id":"coin","texture":"ui_icon_gameplay_snowflake","anchor":{"x":0.5,"y":0.5},"scale":{"x":1,"y":1},"rotation":0,"depth":0,"data":"","position":{"x":1952,"y":126}},{"id":"coin","texture":"ui_icon_gameplay_snowflake","anchor":{"x":0.5,"y":0.5},"scale":{"x":1,"y":1},"rotation":0,"depth":0,"data":"","position":{"x":2027,"y":59}},{"id":"coin","texture":"ui_icon_gameplay_snowflake","anchor":{"x":0.5,"y":0.5},"scale":{"x":1,"y":1},"rotation":0,"depth":0,"data":"","position":{"x":4238,"y":483}},{"id":"coin","texture":"ui_icon_gameplay_snowflake","anchor":{"x":0.5,"y":0.5},"scale":{"x":1,"y":1},"rotation":0,"depth":0,"data":"","position":{"x":4341,"y":482}},{"id":"coin","texture":"ui_icon_gameplay_snowflake","anchor":{"x":0.5,"y":0.5},"scale":{"x":1,"y":1},"rotation":0,"depth":0,"data":"","position":{"x":3616,"y":1378}},{"id":"coin","texture":"ui_icon_gameplay_snowflake","anchor":{"x":0.5,"y":0.5},"scale":{"x":1,"y":1},"rotation":0,"depth":0,"data":"","position":{"x":3683,"y":1293}},{"id":"coin","texture":"ui_icon_gameplay_snowflake","anchor":{"x":0.5,"y":0.5},"scale":{"x":1,"y":1},"rotation":0,"depth":0,"data":"","position":{"x":3766,"y":1244}},{"id":"coin","texture":"ui_icon_gameplay_snowflake","anchor":{"x":0.5,"y":0.5},"scale":{"x":1,"y":1},"rotation":0,"depth":0,"data":"","position":{"x":5058,"y":580}},{"id":"coin","texture":"ui_icon_gameplay_snowflake","anchor":{"x":0.5,"y":0.5},"scale":{"x":1,"y":1},"rotation":0,"depth":0,"data":"","position":{"x":5115,"y":483}},{"id":"coin","texture":"ui_icon_gameplay_snowflake","anchor":{"x":0.5,"y":0.5},"scale":{"x":1,"y":1},"rotation":0,"depth":0,"data":"","position":{"x":5221,"y":405}},{"id":"coin","texture":"ui_icon_gameplay_snowflake","anchor":{"x":0.5,"y":0.5},"scale":{"x":1,"y":1},"rotation":0,"depth":0,"data":"","position":{"x":7628,"y":582}},{"id":"coin","texture":"ui_icon_gameplay_snowflake","anchor":{"x":0.5,"y":0.5},"scale":{"x":1,"y":1},"rotation":0,"depth":0,"data":"","position":{"x":7725,"y":584}},{"id":"coin","texture":"ui_icon_gameplay_snowflake","anchor":{"x":0.5,"y":0.5},"scale":{"x":1,"y":1},"rotation":0,"depth":0,"data":"","position":{"x":8141,"y":828}},{"id":"coin","texture":"ui_icon_gameplay_snowflake","anchor":{"x":0.5,"y":0.5},"scale":{"x":1,"y":1},"rotation":0,"depth":0,"data":"","position":{"x":7919,"y":634}},{"id":"coin","texture":"ui_icon_gameplay_snowflake","anchor":{"x":0.5,"y":0.5},"scale":{"x":1,"y":1},"rotation":0,"depth":0,"data":"","position":{"x":8005,"y":686}},{"id":"coin","texture":"ui_icon_gameplay_snowflake","anchor":{"x":0.5,"y":0.5},"scale":{"x":1,"y":1},"rotation":0,"depth":0,"data":"","position":{"x":8085,"y":752}},{"id":"coin","texture":"ui_icon_gameplay_snowflake","anchor":{"x":0.5,"y":0.5},"scale":{"x":1,"y":1},"rotation":0,"depth":0,"data":"","position":{"x":6592,"y":1470}},{"id":"coin","texture":"ui_icon_gameplay_snowflake","anchor":{"x":0.5,"y":0.5},"scale":{"x":1,"y":1},"rotation":0,"depth":0,"data":"","position":{"x":6696,"y":1486}},{"id":"coin","texture":"ui_icon_gameplay_snowflake","anchor":{"x":0.5,"y":0.5},"scale":{"x":1,"y":1},"rotation":0,"depth":0,"data":"","position":{"x":6938,"y":1492}},{"id":"coin","texture":"ui_icon_gameplay_snowflake","anchor":{"x":0.5,"y":0.5},"scale":{"x":1,"y":1},"rotation":0,"depth":0,"data":"","position":{"x":7050,"y":1492}},{"id":"coin","texture":"ui_icon_gameplay_snowflake","anchor":{"x":0.5,"y":0.5},"scale":{"x":1,"y":1},"rotation":0,"depth":0,"data":"","position":{"x":8287,"y":1746}},{"id":"coin","texture":"ui_icon_gameplay_snowflake","anchor":{"x":0.5,"y":0.5},"scale":{"x":1,"y":1},"rotation":0,"depth":0,"data":"","position":{"x":7982,"y":1705}},{"id":"coin","texture":"ui_icon_gameplay_snowflake","anchor":{"x":0.5,"y":0.5},"scale":{"x":1,"y":1},"rotation":0,"depth":0,"data":"","position":{"x":8112,"y":1744}},{"id":"coin","texture":"ui_icon_gameplay_snowflake","anchor":{"x":0.5,"y":0.5},"scale":{"x":1,"y":1},"rotation":0,"depth":0,"data":"","position":{"x":10155,"y":1182}},{"id":"coin","texture":"ui_icon_gameplay_snowflake","anchor":{"x":0.5,"y":0.5},"scale":{"x":1,"y":1},"rotation":0,"depth":0,"data":"","position":{"x":10032,"y":1187}},{"id":"coin","texture":"ui_icon_gameplay_snowflake","anchor":{"x":0.5,"y":0.5},"scale":{"x":1,"y":1},"rotation":0,"depth":0,"data":"","position":{"x":10888,"y":1068}},{"id":"coin","texture":"ui_icon_gameplay_snowflake","anchor":{"x":0.5,"y":0.5},"scale":{"x":1,"y":1},"rotation":0,"depth":0,"data":"","position":{"x":10262,"y":1185}},{"id":"coin","texture":"ui_icon_gameplay_snowflake","anchor":{"x":0.5,"y":0.5},"scale":{"x":1,"y":1},"rotation":0,"depth":0,"data":"","position":{"x":10635,"y":1033}},{"id":"coin","texture":"ui_icon_gameplay_snowflake","anchor":{"x":0.5,"y":0.5},"scale":{"x":1,"y":1},"rotation":0,"depth":0,"data":"{\"character\":\"elsa\"}","position":{"x":11562,"y":1158}},{"id":"coin","texture":"ui_icon_gameplay_snowflake","anchor":{"x":0.5,"y":0.5},"scale":{"x":1,"y":1},"rotation":0,"depth":0,"data":"","position":{"x":11629,"y":1058}},{"id":"coin","texture":"ui_icon_gameplay_snowflake","anchor":{"x":0.5,"y":0.5},"scale":{"x":1,"y":1},"rotation":0,"depth":0,"data":"","position":{"x":11714,"y":993}},{"id":"coin","texture":"ui_icon_gameplay_snowflake","anchor":{"x":0.5,"y":0.5},"scale":{"x":1,"y":1},"rotation":0,"depth":0,"data":"","position":{"x":10760,"y":997}},{"id":"coin","texture":"ui_icon_gameplay_snowflake","anchor":{"x":0.5,"y":0.5},"scale":{"x":1,"y":1},"rotation":0,"depth":0,"data":"","position":{"x":12068,"y":1050}},{"id":"coin","texture":"ui_icon_gameplay_snowflake","anchor":{"x":0.5,"y":0.5},"scale":{"x":1,"y":1},"rotation":0,"depth":0,"data":"","position":{"x":12186,"y":1054}},{"id":"sled","texture":"ingame_sled_00","anchor":{"x":0.5,"y":1},"scale":{"x":1,"y":1},"rotation":24,"depth":0,"data":"","position":{"x":9511,"y":1583}},{"id":"coin","texture":"ui_icon_gameplay_snowflake","anchor":{"x":0.5,"y":0.5},"scale":{"x":1,"y":1},"rotation":0,"depth":0,"data":"","position":{"x":12373,"y":1054}},{"id":"coin","texture":"ui_icon_gameplay_snowflake","anchor":{"x":0.5,"y":0.5},"scale":{"x":1,"y":1},"rotation":0,"depth":0,"data":"","position":{"x":12286,"y":1054}},{"id":"crystal_cyan","texture":"ingame_crystal_cyan_00","anchor":{"x":0.5,"y":0.5},"scale":{"x":1,"y":1},"rotation":0,"depth":0,"data":"","position":{"x":3943,"y":1210}},{"id":"coin","texture":"ui_icon_gameplay_snowflake","anchor":{"x":0.5,"y":0.5},"scale":{"x":1,"y":1},"rotation":0,"depth":0,"data":"","position":{"x":11074,"y":2330}},{"id":"coin","texture":"ui_icon_gameplay_snowflake","anchor":{"x":0.5,"y":0.5},"scale":{"x":1,"y":1},"rotation":0,"depth":0,"data":"","position":{"x":12571,"y":1054}},{"id":"coin","texture":"ui_icon_gameplay_snowflake","anchor":{"x":0.5,"y":0.5},"scale":{"x":1,"y":1},"rotation":0,"depth":0,"data":"","position":{"x":11210,"y":2367}},{"id":"coin","texture":"ui_icon_gameplay_snowflake","anchor":{"x":0.5,"y":0.5},"scale":{"x":1,"y":1},"rotation":0,"depth":0,"data":"","position":{"x":11596,"y":2291}},{"id":"coin","texture":"ui_icon_gameplay_snowflake","anchor":{"x":0.5,"y":0.5},"scale":{"x":1,"y":1},"rotation":0,"depth":0,"data":"","position":{"x":11709,"y":2218}},{"id":"coin","texture":"ui_icon_gameplay_snowflake","anchor":{"x":0.5,"y":0.5},"scale":{"x":1,"y":1},"rotation":0,"depth":0,"data":"","position":{"x":11847,"y":2220}},{"id":"coin","texture":"ui_icon_gameplay_snowflake","anchor":{"x":0.5,"y":0.5},"scale":{"x":1,"y":1},"rotation":0,"depth":0,"data":"","position":{"x":11959,"y":2335}},{"id":"coin","texture":"ui_icon_gameplay_snowflake","anchor":{"x":0.5,"y":0.5},"scale":{"x":1,"y":1},"rotation":0,"depth":0,"data":"","position":{"x":12351,"y":2486}},{"id":"coin","texture":"ui_icon_gameplay_snowflake","anchor":{"x":0.5,"y":0.5},"scale":{"x":1,"y":1},"rotation":0,"depth":0,"data":"","position":{"x":12464,"y":2513}},{"id":"coin","texture":"ui_icon_gameplay_snowflake","anchor":{"x":0.5,"y":0.5},"scale":{"x":1,"y":1},"rotation":0,"depth":0,"data":"","position":{"x":12746,"y":2534}},{"id":"coin","texture":"ui_icon_gameplay_snowflake","anchor":{"x":0.5,"y":0.5},"scale":{"x":1,"y":1},"rotation":0,"depth":0,"data":"","position":{"x":12847,"y":2520}},{"id":"coin","texture":"ui_icon_gameplay_snowflake","anchor":{"x":0.5,"y":0.5},"scale":{"x":1,"y":1},"rotation":0,"depth":0,"data":"","position":{"x":14751,"y":1502}},{"id":"coin","texture":"ui_icon_gameplay_snowflake","anchor":{"x":0.5,"y":0.5},"scale":{"x":1,"y":1},"rotation":0,"depth":0,"data":"","position":{"x":14815,"y":1411}},{"id":"coin","texture":"ui_icon_gameplay_snowflake","anchor":{"x":0.5,"y":0.5},"scale":{"x":1,"y":1},"rotation":0,"depth":0,"data":"","position":{"x":11362,"y":2392}},{"id":"coin","texture":"ui_icon_gameplay_snowflake","anchor":{"x":0.5,"y":0.5},"scale":{"x":1,"y":1},"rotation":0,"depth":0,"data":"","position":{"x":15016,"y":1331}},{"id":"coin","texture":"ui_icon_gameplay_snowflake","anchor":{"x":0.5,"y":0.5},"scale":{"x":1,"y":1},"rotation":0,"depth":0,"data":"","position":{"x":15858,"y":1738}},{"id":"coin","texture":"ui_icon_gameplay_snowflake","anchor":{"x":0.5,"y":0.5},"scale":{"x":1,"y":1},"rotation":0,"depth":0,"data":"","position":{"x":15895,"y":1826}},{"id":"coin","texture":"ui_icon_gameplay_snowflake","anchor":{"x":0.5,"y":0.5},"scale":{"x":1,"y":1},"rotation":0,"depth":0,"data":"","position":{"x":15950,"y":1905}},{"id":"coin","texture":"ui_icon_gameplay_snowflake","anchor":{"x":0.5,"y":0.5},"scale":{"x":1,"y":1},"rotation":0,"depth":0,"data":"","position":{"x":15817,"y":2851}},{"id":"coin","texture":"ui_icon_gameplay_snowflake","anchor":{"x":0.5,"y":0.5},"scale":{"x":1,"y":1},"rotation":0,"depth":0,"data":"","position":{"x":12469,"y":1054}},{"id":"coin","texture":"ui_icon_gameplay_snowflake","anchor":{"x":0.5,"y":0.5},"scale":{"x":1,"y":1},"rotation":0,"depth":0,"data":"","position":{"x":14909,"y":1353}},{"id":"coin","texture":"ui_icon_gameplay_snowflake","anchor":{"x":0.5,"y":0.5},"scale":{"x":1,"y":1},"rotation":0,"depth":0,"data":"","position":{"x":15939,"y":2882}},{"id":"coin","texture":"ui_icon_gameplay_snowflake","anchor":{"x":0.5,"y":0.5},"scale":{"x":1,"y":1},"rotation":0,"depth":0,"data":"","position":{"x":16121,"y":2923}},{"id":"coin","texture":"ui_icon_gameplay_snowflake","anchor":{"x":0.5,"y":0.5},"scale":{"x":1,"y":1},"rotation":0,"depth":0,"data":"","position":{"x":16580,"y":2959}},{"id":"coin","texture":"ui_icon_gameplay_snowflake","anchor":{"x":0.5,"y":0.5},"scale":{"x":1,"y":1},"rotation":0,"depth":0,"data":"","position":{"x":16658,"y":2898}},{"id":"coin","texture":"ui_icon_gameplay_snowflake","anchor":{"x":0.5,"y":0.5},"scale":{"x":1,"y":1},"rotation":0,"depth":0,"data":"","position":{"x":16749,"y":2898}},{"id":"coin","texture":"ui_icon_gameplay_snowflake","anchor":{"x":0.5,"y":0.5},"scale":{"x":1,"y":1},"rotation":0,"depth":0,"data":"","position":{"x":18663,"y":3391}},{"id":"coin","texture":"ui_icon_gameplay_snowflake","anchor":{"x":0.5,"y":0.5},"scale":{"x":1,"y":1},"rotation":0,"depth":0,"data":"","position":{"x":18991,"y":3441}},{"id":"coin","texture":"ui_icon_gameplay_snowflake","anchor":{"x":0.5,"y":0.5},"scale":{"x":1,"y":1},"rotation":0,"depth":0,"data":"","position":{"x":19103,"y":3458}},{"id":"coin","texture":"ui_icon_gameplay_snowflake","anchor":{"x":0.5,"y":0.5},"scale":{"x":1,"y":1},"rotation":0,"depth":0,"data":"","position":{"x":16447,"y":1576}},{"id":"coin","texture":"ui_icon_gameplay_snowflake","anchor":{"x":0.5,"y":0.5},"scale":{"x":1,"y":1},"rotation":0,"depth":0,"data":"","position":{"x":16603,"y":1484}},{"id":"coin","texture":"ui_icon_gameplay_snowflake","anchor":{"x":0.5,"y":0.5},"scale":{"x":1,"y":1},"rotation":0,"depth":0,"data":"","position":{"x":16780,"y":1418}},{"id":"coin","texture":"ui_icon_gameplay_snowflake","anchor":{"x":0.5,"y":0.5},"scale":{"x":1,"y":1},"rotation":0,"depth":0,"data":"","position":{"x":19902,"y":3529}},{"id":"coin","texture":"ui_icon_gameplay_snowflake","anchor":{"x":0.5,"y":0.5},"scale":{"x":1,"y":1},"rotation":0,"depth":0,"data":"","position":{"x":19969,"y":3468}},{"id":"coin","texture":"ui_icon_gameplay_snowflake","anchor":{"x":0.5,"y":0.5},"scale":{"x":1,"y":1},"rotation":0,"depth":0,"data":"","position":{"x":20057,"y":3450}},{"id":"coin","texture":"ui_icon_gameplay_snowflake","anchor":{"x":0.5,"y":0.5},"scale":{"x":1,"y":1},"rotation":0,"depth":0,"data":"","position":{"x":20142,"y":3462}},{"id":"coin","texture":"ui_icon_gameplay_snowflake","anchor":{"x":0.5,"y":0.5},"scale":{"x":1,"y":1},"rotation":0,"depth":0,"data":"","position":{"x":20970,"y":3694}},{"id":"coin","texture":"ui_icon_gameplay_snowflake","anchor":{"x":0.5,"y":0.5},"scale":{"x":1,"y":1},"rotation":0,"depth":0,"data":"","position":{"x":21096,"y":3706}},{"id":"coin","texture":"ui_icon_gameplay_snowflake","anchor":{"x":0.5,"y":0.5},"scale":{"x":1,"y":1},"rotation":0,"depth":0,"data":"","position":{"x":21206,"y":3718}},{"id":"coin","texture":"ui_icon_gameplay_snowflake","anchor":{"x":0.5,"y":0.5},"scale":{"x":1,"y":1},"rotation":0,"depth":0,"data":"","position":{"x":21320,"y":3728}},{"id":"coin","texture":"ui_icon_gameplay_snowflake","anchor":{"x":0.5,"y":0.5},"scale":{"x":1,"y":1},"rotation":0,"depth":0,"data":"","position":{"x":21412,"y":3737}},{"id":"coin","texture":"ui_icon_gameplay_snowflake","anchor":{"x":0.5,"y":0.5},"scale":{"x":1,"y":1},"rotation":0,"depth":0,"data":"","position":{"x":13747,"y":2014}},{"id":"coin","texture":"ui_icon_gameplay_snowflake","anchor":{"x":0.5,"y":0.5},"scale":{"x":1,"y":1},"rotation":0,"depth":0,"data":"","position":{"x":13817,"y":1907}},{"id":"coin","texture":"ui_icon_gameplay_snowflake","anchor":{"x":0.5,"y":0.5},"scale":{"x":1,"y":1},"rotation":0,"depth":0,"data":"","position":{"x":13896,"y":1837}},{"id":"coin","texture":"ui_icon_gameplay_snowflake","anchor":{"x":0.5,"y":0.5},"scale":{"x":1,"y":1},"rotation":0,"depth":0,"data":"","position":{"x":9771,"y":1642}},{"id":"coin","texture":"ui_icon_gameplay_snowflake","anchor":{"x":0.5,"y":0.5},"scale":{"x":1,"y":1},"rotation":0,"depth":0,"data":"","position":{"x":9877,"y":1712}},{"id":"coin","texture":"ui_icon_gameplay_snowflake","anchor":{"x":0.5,"y":0.5},"scale":{"x":1,"y":1},"rotation":0,"depth":0,"data":"","position":{"x":9972,"y":1770}},{"id":"coin","texture":"ui_icon_gameplay_snowflake","anchor":{"x":0.5,"y":0.5},"scale":{"x":1,"y":1},"rotation":0,"depth":0,"data":"","position":{"x":10067,"y":1819}},{"id":"coin","texture":"ui_icon_gameplay_snowflake","anchor":{"x":0.5,"y":0.5},"scale":{"x":1,"y":1},"rotation":0,"depth":0,"data":"","position":{"x":5209,"y":1208}},{"id":"coin","texture":"ui_icon_gameplay_snowflake","anchor":{"x":0.5,"y":0.5},"scale":{"x":1,"y":1},"rotation":0,"depth":0,"data":"","position":{"x":5297,"y":1181}},{"id":"coin","texture":"ui_icon_gameplay_snowflake","anchor":{"x":0.5,"y":0.5},"scale":{"x":1,"y":1},"rotation":0,"depth":0,"data":"","position":{"x":5395,"y":1171}},{"id":"coin","texture":"ui_icon_gameplay_snowflake","anchor":{"x":0.5,"y":0.5},"scale":{"x":1,"y":1},"rotation":0,"depth":0,"data":"","position":{"x":5483,"y":1171}},{"id":"shrink_lock","texture":"shrink_lock","anchor":{"x":0.5,"y":0.5},"scale":{"x":1,"y":1},"rotation":0,"depth":0,"data":"","position":{"x":7882,"y":1628}},{"id":"shrink_unlock","texture":"shrink_unlock","anchor":{"x":0.5,"y":0.5},"scale":{"x":1,"y":1},"rotation":0,"depth":0,"data":"","position":{"x":9194,"y":1443}},{"id":"troll","texture":"troll","anchor":{"x":0.5,"y":1},"scale":{"x":1,"y":1},"rotation":0,"depth":0,"data":"{\"character\":\"elsa\", \"crystal\":2}","position":{"x":11374,"y":1272}},{"id":"troll_sign","texture":"ingame_troll_sign","anchor":{"x":0.5,"y":1},"scale":{"x":1,"y":1},"rotation":0,"depth":0,"data":"{\"character\":\"elsa\", \"crystal\":2}","position":{"x":11440,"y":1276}},{"id":"troll_sign_arrow","texture":"ingame_troll_sign_arrow","anchor":{"x":0.5,"y":0.5},"scale":{"x":1,"y":1},"rotation":49,"depth":1,"data":"{\"character\":\"elsa\", \"crystal\":2}","position":{"x":11441,"y":1156}},{"id":"troll","texture":"troll","anchor":{"x":0.5,"y":1},"scale":{"x":1,"y":1},"rotation":0,"depth":0,"data":"{\"character\":\"elsa\", \"crystal\":1}","position":{"x":6775,"y":730}},{"id":"troll_sign","texture":"ingame_troll_sign","anchor":{"x":0.5,"y":1},"scale":{"x":1,"y":1},"rotation":0,"depth":0,"data":"{\"character\":\"elsa\", \"crystal\":1}","position":{"x":6856,"y":725}},{"id":"troll_sign_arrow","texture":"ingame_troll_sign_arrow","anchor":{"x":0.5,"y":0.5},"scale":{"x":1,"y":1},"rotation":88,"depth":1,"data":"{\"character\":\"elsa\", \"crystal\":1}","position":{"x":6856,"y":605}},{"id":"troll","texture":"troll","anchor":{"x":0.5,"y":1},"scale":{"x":1,"y":1},"rotation":0,"depth":0,"data":"{\"character\":\"anna\", \"crystal\":1}","position":{"x":4878,"y":651}},{"id":"troll_sign","texture":"ingame_troll_sign","anchor":{"x":0.5,"y":1},"scale":{"x":1,"y":1},"rotation":0,"depth":-1,"data":"{\"character\":\"anna\", \"crystal\":1}","position":{"x":4939,"y":679}},{"id":"troll_sign_arrow","texture":"ingame_troll_sign_arrow","anchor":{"x":0.5,"y":0.5},"scale":{"x":1,"y":1},"rotation":36,"depth":1,"data":"{\"character\":\"anna\", \"crystal\":1}","position":{"x":4944,"y":558}},{"id":"troll_pabbie","texture":"troll_pabbie","anchor":{"x":0.5,"y":1},"scale":{"x":1,"y":1},"rotation":0,"depth":0,"data":"","position":{"x":16156,"y":1664}},{"id":"troll_pabbie","texture":"troll_pabbie","anchor":{"x":0.5,"y":1},"scale":{"x":1,"y":1},"rotation":0,"depth":0,"data":"","position":{"x":8498,"y":1028}},{"id":"troll_pabbie","texture":"troll_pabbie","anchor":{"x":0.5,"y":1},"scale":{"x":1,"y":1},"rotation":0,"depth":0,"data":"","position":{"x":4779,"y":594}},{"id":"troll","texture":"troll","anchor":{"x":0.5,"y":1},"scale":{"x":1,"y":1},"rotation":0,"depth":0,"data":"{\"character\":\"olaf\", \"crystal\":3}","position":{"x":14583,"y":1647}},{"id":"troll_sign","texture":"ingame_troll_sign","anchor":{"x":0.5,"y":1},"scale":{"x":1,"y":1},"rotation":0,"depth":0,"data":"{\"character\":\"olaf\", \"crystal\":3}","position":{"x":14648,"y":1655}},{"id":"troll_sign_arrow","texture":"ingame_troll_sign_arrow","anchor":{"x":0.5,"y":0.5},"scale":{"x":1,"y":1},"rotation":44,"depth":1,"data":"{\"character\":\"olaf\", \"crystal\":3}","position":{"x":14648,"y":1533}},{"id":"crystal_pink","texture":"ingame_crystal_pink_00","anchor":{"x":0.5,"y":0.5},"scale":{"x":1,"y":1},"rotation":0,"depth":0,"data":"","position":{"x":10539,"y":1185}},{"id":"coin","texture":"ui_icon_gameplay_snowflake","anchor":{"x":0.5,"y":0.5},"scale":{"x":1,"y":1},"rotation":0,"depth":0,"data":"","position":{"x":16676,"y":1855}},{"id":"coin","texture":"ui_icon_gameplay_snowflake","anchor":{"x":0.5,"y":0.5},"scale":{"x":1,"y":1},"rotation":0,"depth":0,"data":"","position":{"x":16789,"y":1961}},{"id":"coin","texture":"ui_icon_gameplay_snowflake","anchor":{"x":0.5,"y":0.5},"scale":{"x":1,"y":1},"rotation":0,"depth":0,"data":"","position":{"x":16906,"y":2066}},{"id":"troll","texture":"troll","anchor":{"x":0.5,"y":1},"scale":{"x":1,"y":1},"rotation":0,"depth":0,"data":"{\"character\":\"elsa\", \"crystal\":3}","position":{"x":16248,"y":1675}},{"id":"troll_sign","texture":"ingame_troll_sign","anchor":{"x":0.5,"y":1},"scale":{"x":1,"y":1},"rotation":0,"depth":0,"data":"{\"character\":\"elsa\", \"crystal\":3}","position":{"x":16226,"y":1658}},{"id":"troll_sign_arrow","texture":"ingame_troll_sign_arrow","anchor":{"x":0.5,"y":0.5},"scale":{"x":1,"y":1},"rotation":83,"depth":1,"data":"{\"character\":\"elsa\", \"crystal\":3}","position":{"x":16230,"y":1535}},{"id":"coin","texture":"ui_icon_gameplay_snowflake","anchor":{"x":0.5,"y":0.5},"scale":{"x":1,"y":1},"rotation":0,"depth":0,"data":"","position":{"x":16044,"y":2012}},{"id":"coin","texture":"ui_icon_gameplay_snowflake","anchor":{"x":0.5,"y":0.5},"scale":{"x":1,"y":1},"rotation":0,"depth":0,"data":"","position":{"x":16160,"y":2142}},{"id":"coin","texture":"ui_icon_gameplay_snowflake","anchor":{"x":0.5,"y":0.5},"scale":{"x":1,"y":1},"rotation":0,"depth":0,"data":"","position":{"x":2134,"y":11}},{"id":"coin","texture":"ui_icon_gameplay_snowflake","anchor":{"x":0.5,"y":0.5},"scale":{"x":1,"y":1},"rotation":0,"depth":0,"data":"","position":{"x":3050,"y":271}},{"id":"coin","texture":"ui_icon_gameplay_snowflake","anchor":{"x":0.5,"y":0.5},"scale":{"x":1,"y":1},"rotation":0,"depth":0,"data":"","position":{"x":3216,"y":336}},{"id":"coin","texture":"ui_icon_gameplay_snowflake","anchor":{"x":0.5,"y":0.5},"scale":{"x":1,"y":1},"rotation":0,"depth":0,"data":"","position":{"x":3361,"y":423}},{"id":"coin","texture":"ui_icon_gameplay_snowflake","anchor":{"x":0.5,"y":0.5},"scale":{"x":1,"y":1},"rotation":0,"depth":0,"data":"","position":{"x":2762,"y":846}},{"id":"coin","texture":"ui_icon_gameplay_snowflake","anchor":{"x":0.5,"y":0.5},"scale":{"x":1,"y":1},"rotation":0,"depth":0,"data":"","position":{"x":2877,"y":863}},{"id":"coin","texture":"ui_icon_gameplay_snowflake","anchor":{"x":0.5,"y":0.5},"scale":{"x":1,"y":1},"rotation":0,"depth":0,"data":"","position":{"x":2837,"y":768}},{"id":"troll_sign","texture":"ingame_troll_sign","anchor":{"x":0.5,"y":1},"scale":{"x":1,"y":1},"rotation":0,"depth":0,"data":"{\"character\":\"olaf\", \"crystal\":2}","position":{"x":7675,"y":1556}},{"id":"troll_sign_arrow","texture":"ingame_troll_sign_arrow","anchor":{"x":0.5,"y":0.5},"scale":{"x":1,"y":1},"rotation":146,"depth":1,"data":"{\"character\":\"olaf\", \"crystal\":2}","position":{"x":7675,"y":1435}},{"id":"troll","texture":"troll","anchor":{"x":0.5,"y":1},"scale":{"x":1,"y":1},"rotation":0,"depth":0,"data":"{\"character\":\"olaf\", \"crystal\":2}","position":{"x":7574,"y":1546}},{"id":"troll_sign","texture":"ingame_troll_sign","anchor":{"x":0.5,"y":1},"scale":{"x":1,"y":1},"rotation":0,"depth":0,"data":"{\"character\":\"anna\", \"crystal\":2}","position":{"x":9210,"y":1289}},{"id":"troll_sign_arrow","texture":"ingame_troll_sign_arrow","anchor":{"x":0.5,"y":0.5},"scale":{"x":1,"y":1},"rotation":51,"depth":1,"data":"{\"character\":\"anna\", \"crystal\":2}","position":{"x":9210,"y":1171}},{"id":"troll_sign","texture":"ingame_troll_sign","anchor":{"x":0.5,"y":1},"scale":{"x":1,"y":1},"rotation":0,"depth":-1,"data":"{\"character\":\"elsa\", \"crystal\":2}","position":{"x":9132,"y":1283}},{"id":"troll_sign_arrow","texture":"ingame_troll_sign_arrow","anchor":{"x":0.5,"y":0.5},"scale":{"x":1,"y":1},"rotation":63,"depth":1,"data":"{\"character\":\"elsa\", \"crystal\":2}","position":{"x":9134,"y":1162}},{"id":"troll_sign","texture":"ingame_troll_sign","anchor":{"x":0.5,"y":1},"scale":{"x":1,"y":1},"rotation":0,"depth":0,"data":"{\"character\":\"elsa\", \"crystal\":1}","position":{"x":5041,"y":705}},{"id":"troll_sign_arrow","texture":"ingame_troll_sign_arrow","anchor":{"x":0.5,"y":0.5},"scale":{"x":1,"y":1},"rotation":78,"depth":1,"data":"{\"character\":\"elsa\", \"crystal\":1}","position":{"x":5039,"y":588}},{"id":"coin","texture":"ui_icon_gameplay_snowflake","anchor":{"x":0.5,"y":0.5},"scale":{"x":1,"y":1},"rotation":0,"depth":0,"data":"","position":{"x":17013,"y":2162}},{"id":"coin","texture":"ui_icon_gameplay_snowflake","anchor":{"x":0.5,"y":0.5},"scale":{"x":1,"y":1},"rotation":0,"depth":0,"data":"","position":{"x":17120,"y":2266}},{"id":"coin","texture":"ui_icon_gameplay_snowflake","anchor":{"x":0.5,"y":0.5},"scale":{"x":1,"y":1},"rotation":0,"depth":0,"data":"","position":{"x":16938,"y":1399}},{"id":"troll","texture":"troll","anchor":{"x":0.5,"y":1},"scale":{"x":1,"y":1},"rotation":0,"depth":0,"data":"{\"character\":\"olaf\", \"crystal\":1}","position":{"x":1791,"y":316}},{"id":"troll_sign","texture":"ingame_troll_sign","anchor":{"x":0.5,"y":1},"scale":{"x":1,"y":1},"rotation":0,"depth":0,"data":"{\"character\":\"olaf\", \"crystal\":1}","position":{"x":1845,"y":321}},{"id":"troll_sign_arrow","texture":"ingame_troll_sign_arrow","anchor":{"x":0.5,"y":0.5},"scale":{"x":1,"y":1},"rotation":123,"depth":1,"data":"{\"character\":\"olaf\", \"crystal\":1}","position":{"x":1844,"y":201}},{"id":"crystal_green","texture":"ingame_crystal_green_00","anchor":{"x":0.5,"y":0.5},"scale":{"x":1,"y":1},"rotation":0,"depth":-2,"data":"","position":{"x":3865,"y":500}},{"id":"coin","texture":"ui_icon_gameplay_snowflake","anchor":{"x":0.5,"y":0.5},"scale":{"x":1,"y":1},"rotation":0,"depth":0,"data":"","position":{"x":3678,"y":399}},{"id":"coin","texture":"ui_icon_gameplay_snowflake","anchor":{"x":0.5,"y":0.5},"scale":{"x":1,"y":1},"rotation":0,"depth":0,"data":"","position":{"x":3855,"y":329}},{"id":"coin","texture":"ui_icon_gameplay_snowflake","anchor":{"x":0.5,"y":0.5},"scale":{"x":1,"y":1},"rotation":0,"depth":0,"data":"","position":{"x":4014,"y":427}},{"id":"troll","texture":"troll","anchor":{"x":0.5,"y":1},"scale":{"x":1,"y":1},"rotation":0,"depth":0,"data":"{\"character\":\"elsa\", \"crystal\":1}","position":{"x":4989,"y":694}},{"id":"troll","texture":"troll","anchor":{"x":0.5,"y":1},"scale":{"x":1,"y":1},"rotation":0,"depth":0,"data":"{\"character\":\"elsa\", \"crystal\":2}","position":{"x":9094,"y":1268}},{"id":"troll","texture":"troll","anchor":{"x":0.5,"y":1},"scale":{"x":1,"y":1},"rotation":0,"depth":0,"data":"{\"character\":\"anna\", \"crystal\":2}","position":{"x":9166,"y":1285}}]},{"name":"fg_trees","depth":10,"paths":[],"objects":[{"id":"tree_01_07","texture":"theme_01_tree_07","anchor":{"x":0.5,"y":1},"scale":{"x":1.9,"y":1.9},"rotation":-2,"depth":0,"data":"","position":{"x":22170,"y":3884}},{"id":"tree_01_07","texture":"theme_01_tree_07","anchor":{"x":0.5,"y":1},"scale":{"x":2.4,"y":2.4},"rotation":0,"depth":0,"data":"","position":{"x":21879,"y":3908}},{"id":"tree_01_07","texture":"theme_01_tree_07","anchor":{"x":0.5,"y":1},"scale":{"x":1.4,"y":1.4},"rotation":0,"depth":0,"data":"","position":{"x":1815,"y":746}},{"id":"tree_01_09","texture":"theme_01_tree_09","anchor":{"x":0.5,"y":1},"scale":{"x":1,"y":1},"rotation":0,"depth":0,"data":"","position":{"x":1934,"y":862}},{"id":"tree_01_09","texture":"theme_01_tree_09","anchor":{"x":0.5,"y":1},"scale":{"x":1.4,"y":1.4},"rotation":0,"depth":0,"data":"","position":{"x":877,"y":653}},{"id":"tree_01_02","texture":"theme_01_tree_02","anchor":{"x":0.5,"y":1},"scale":{"x":2.7,"y":2.7},"rotation":0,"depth":0,"data":"","position":{"x":1709,"y":845}},{"id":"rock_01_00","texture":"theme_01_rock_00","anchor":{"x":0.5,"y":1},"scale":{"x":2.2,"y":2.2},"rotation":16,"depth":0,"data":"","position":{"x":15221,"y":2777}},{"id":"tree_01_00","texture":"theme_01_tree_00","anchor":{"x":0.5,"y":1},"scale":{"x":3.1,"y":3.1},"rotation":0,"depth":0,"data":"","position":{"x":22824,"y":3903}},{"id":"tree_01_01","texture":"theme_01_tree_01","anchor":{"x":0.5,"y":1},"scale":{"x":2,"y":2},"rotation":0,"depth":0,"data":"","position":{"x":22480,"y":3898}},{"id":"tree_01_01","texture":"theme_01_tree_01","anchor":{"x":0.5,"y":1},"scale":{"x":4.6,"y":4.6},"rotation":0,"depth":0,"data":"","position":{"x":23005,"y":4009}},{"id":"tree_01_01","texture":"theme_01_tree_01","anchor":{"x":0.5,"y":1},"scale":{"x":2.4,"y":2.4},"rotation":0,"depth":0,"data":"","position":{"x":428,"y":698}},{"id":"tree_01_00","texture":"theme_01_tree_00","anchor":{"x":0.5,"y":1},"scale":{"x":2.3,"y":2.3},"rotation":0,"depth":0,"data":"","position":{"x":723,"y":610}},{"id":"tree_01_02","texture":"theme_01_tree_02","anchor":{"x":0.5,"y":1},"scale":{"x":4.1,"y":4.1},"rotation":0,"depth":1,"data":"","position":{"x":22708,"y":4082}},{"id":"tree_01_07","texture":"theme_01_tree_07","anchor":{"x":0.5,"y":1},"scale":{"x":1.8,"y":1.8},"rotation":0,"depth":0,"data":"","position":{"x":21592,"y":3844}},{"id":"tree_01_07","texture":"theme_01_tree_07","anchor":{"x":0.5,"y":1},"scale":{"x":2.2,"y":2.2},"rotation":0,"depth":0,"data":"","position":{"x":21253,"y":3811}},{"id":"tree_01_07","texture":"theme_01_tree_07","anchor":{"x":0.5,"y":1},"scale":{"x":4,"y":4},"rotation":0,"depth":4,"data":"","position":{"x":22421,"y":4094}},{"id":"tree_01_06","texture":"theme_01_tree_06","anchor":{"x":0.5,"y":1},"scale":{"x":1,"y":1},"rotation":0,"depth":0,"data":"","position":{"x":15030,"y":2973}},{"id":"tree_01_04","texture":"theme_01_tree_04","anchor":{"x":0.5,"y":1},"scale":{"x":1,"y":1},"rotation":0,"depth":0,"data":"","position":{"x":14851,"y":2794}},{"id":"tree_01_02","texture":"theme_01_tree_02","anchor":{"x":0.5,"y":1},"scale":{"x":1,"y":1},"rotation":0,"depth":0,"data":"","position":{"x":18166,"y":2575}},{"id":"carriage_01_00","texture":"theme_01_carriage_00","anchor":{"x":0.5,"y":1},"scale":{"x":1,"y":1},"rotation":7,"depth":0,"data":"","position":{"x":1452,"y":528}},{"id":"tree_01_09","texture":"theme_01_tree_09","anchor":{"x":0.5,"y":1},"scale":{"x":1,"y":1},"rotation":0,"depth":0,"data":"","position":{"x":11095,"y":1293}},{"id":"tree_01_07","texture":"theme_01_tree_07","anchor":{"x":0.5,"y":1},"scale":{"x":1,"y":1},"rotation":0,"depth":0,"data":"","position":{"x":10356,"y":1295}},{"id":"tree_01_07","texture":"theme_01_tree_07","anchor":{"x":0.5,"y":1},"scale":{"x":1,"y":1},"rotation":0,"depth":0,"data":"","position":{"x":13689,"y":1296}},{"id":"tree_01_07","texture":"theme_01_tree_07","anchor":{"x":0.5,"y":1},"scale":{"x":1,"y":1},"rotation":0,"depth":0,"data":"","position":{"x":18776,"y":2644}},{"id":"tree_01_01","texture":"theme_01_tree_01","anchor":{"x":0.5,"y":1},"scale":{"x":1,"y":1},"rotation":0,"depth":0,"data":"","position":{"x":12911,"y":1277}},{"id":"tree_01_08","texture":"theme_01_tree_08","anchor":{"x":0.5,"y":1},"scale":{"x":1,"y":1},"rotation":0,"depth":0,"data":"","position":{"x":10476,"y":2129}},{"id":"tree_01_07","texture":"theme_01_tree_07","anchor":{"x":0.5,"y":1},"scale":{"x":1,"y":1},"rotation":0,"depth":0,"data":"","position":{"x":9120,"y":1289}}]}],"length":21424}