{"name":"Tutorial","layers":[{"name":"background","depth":-10,"paths":[{"closed":false,"depth":-8,"collisions":0,"texFill":"theme_04_fill","texGround":"theme_04_ground","texGroundEdge":"","texWall":"","texFillPadding":64,"texFillSize":256,"texGroundSize":416,"texGroundDelta":0.1,"texWallSize":160,"texWallDelta":0.1,"texWallAngle":70,"texGroundEdgeSide":"none","data":"","points":[{"x":41120,"y":5344},{"x":41280,"y":5344},{"x":41376,"y":5152},{"x":41632,"y":5152},{"x":41776,"y":5152},{"x":41920,"y":4880},{"x":42432,"y":4880},{"x":42720,"y":4880},{"x":43040,"y":4672},{"x":43744,"y":4672}],"bounds":[41120,43744]}],"objects":[{"id":"tree_01_01","texture":"theme_01_tree_01","anchor":{"x":0.5,"y":1},"scale":{"x":1,"y":1},"rotation":0,"depth":0,"data":"","position":{"x":25331,"y":3576}},{"id":"tree_01_06","texture":"theme_01_tree_06","anchor":{"x":0.5,"y":1},"scale":{"x":1,"y":1},"rotation":0,"depth":0,"data":"","position":{"x":26378,"y":3579}},{"id":"tree_03_09","texture":"theme_03_tree_09","anchor":{"x":0.5,"y":1},"scale":{"x":1,"y":1},"rotation":0,"depth":0,"data":"","position":{"x":63,"y":92}},{"id":"tree_03_07","texture":"theme_03_tree_07","anchor":{"x":0.5,"y":1},"scale":{"x":1,"y":1},"rotation":0,"depth":0,"data":"","position":{"x":711,"y":90}},{"id":"tree_01_02","texture":"theme_01_tree_02","anchor":{"x":0.5,"y":1},"scale":{"x":1,"y":1},"rotation":0,"depth":0,"data":"","position":{"x":819,"y":102}},{"id":"tree_01_07","texture":"theme_01_tree_07","anchor":{"x":0.5,"y":1},"scale":{"x":1,"y":1},"rotation":0,"depth":0,"data":"","position":{"x":1464,"y":202}},{"id":"tree_01_08","texture":"theme_01_tree_08","anchor":{"x":0.5,"y":1},"scale":{"x":1,"y":1},"rotation":0,"depth":0,"data":"","position":{"x":1978,"y":373}},{"id":"tree_01_04","texture":"theme_01_tree_04","anchor":{"x":0.5,"y":1},"scale":{"x":1,"y":1},"rotation":0,"depth":0,"data":"","position":{"x":1305,"y":181}},{"id":"tree_01_05","texture":"theme_01_tree_05","anchor":{"x":0.5,"y":1},"scale":{"x":1,"y":1},"rotation":0,"depth":1,"data":"","position":{"x":138,"y":96}},{"id":"tree_01_02","texture":"theme_01_tree_02","anchor":{"x":0.5,"y":1},"scale":{"x":1,"y":1},"rotation":0,"depth":0,"data":"","position":{"x":7014,"y":786}},{"id":"tree_01_04","texture":"theme_01_tree_04","anchor":{"x":0.5,"y":1},"scale":{"x":1,"y":1},"rotation":0,"depth":0,"data":"","position":{"x":7812,"y":800}},{"id":"forest_01_00","texture":"theme_01_forest_00","anchor":{"x":0.5,"y":1},"scale":{"x":1,"y":1},"rotation":0,"depth":0,"data":"","position":{"x":371,"y":99}},{"id":"rock_01_00","texture":"theme_01_rock_00","anchor":{"x":0.5,"y":1},"scale":{"x":1,"y":1},"rotation":0,"depth":0,"data":"","position":{"x":7382,"y":778}},{"id":"tree_01_08","texture":"theme_01_tree_08","anchor":{"x":0.5,"y":1},"scale":{"x":1,"y":1},"rotation":0,"depth":0,"data":"","position":{"x":5623,"y":1104}},{"id":"tree_01_08","texture":"theme_01_tree_08","anchor":{"x":0.5,"y":1},"scale":{"x":1,"y":1},"rotation":0,"depth":0,"data":"","position":{"x":8904,"y":1401}},{"id":"tree_01_08","texture":"theme_01_tree_08","anchor":{"x":0.5,"y":1},"scale":{"x":1,"y":1},"rotation":0,"depth":0,"data":"","position":{"x":6673,"y":891}},{"id":"tree_01_03","texture":"theme_01_tree_03","anchor":{"x":0.5,"y":1},"scale":{"x":1,"y":1},"rotation":0,"depth":0,"data":"","position":{"x":41973,"y":5262}},{"id":"rock_01_01","texture":"theme_01_rock_01","anchor":{"x":0.5,"y":1},"scale":{"x":1,"y":1},"rotation":0,"depth":-4,"data":"","position":{"x":15764,"y":1881}},{"id":"tree_01_08","texture":"theme_01_tree_08","anchor":{"x":0.5,"y":1},"scale":{"x":1.4,"y":1.4},"rotation":0,"depth":0,"data":"","position":{"x":8549,"y":1214}},{"id":"tree_01_08","texture":"theme_01_tree_08","anchor":{"x":0.5,"y":1},"scale":{"x":0.7,"y":0.7},"rotation":0,"depth":0,"data":"","position":{"x":5130,"y":1085}},{"id":"tree_01_09","texture":"theme_01_tree_09","anchor":{"x":0.5,"y":1},"scale":{"x":1,"y":1},"rotation":0,"depth":0,"data":"","position":{"x":6529,"y":1048}},{"id":"tree_01_09","texture":"theme_01_tree_09","anchor":{"x":0.5,"y":1},"scale":{"x":1,"y":1},"rotation":0,"depth":0,"data":"","position":{"x":10048,"y":1724}},{"id":"rock_01_01","texture":"theme_01_rock_01","anchor":{"x":0.5,"y":1},"scale":{"x":1,"y":1},"rotation":0,"depth":-1,"data":"","position":{"x":5723,"y":1083}},{"id":"tree_01_09","texture":"theme_01_tree_09","anchor":{"x":0.5,"y":1},"scale":{"x":1.6,"y":1.6},"rotation":0,"depth":0,"data":"","position":{"x":9110,"y":1506}},{"id":"rock_01_02","texture":"theme_01_rock_02","anchor":{"x":0.5,"y":1},"scale":{"x":1,"y":1},"rotation":0,"depth":-1,"data":"","position":{"x":3716,"y":850}},{"id":"tree_01_05","texture":"theme_01_tree_05","anchor":{"x":0.5,"y":1},"scale":{"x":1,"y":1},"rotation":0,"depth":0,"data":"","position":{"x":5845,"y":1107}},{"id":"tree_01_01","texture":"theme_01_tree_01","anchor":{"x":0.5,"y":1},"scale":{"x":1,"y":1},"rotation":0,"depth":0,"data":"","position":{"x":3974,"y":861}},{"id":"tree_01_07","texture":"theme_01_tree_07","anchor":{"x":0.5,"y":1},"scale":{"x":1,"y":1},"rotation":0,"depth":0,"data":"","position":{"x":3885,"y":861}},{"id":"tree_01_03","texture":"theme_01_tree_03","anchor":{"x":0.5,"y":1},"scale":{"x":1,"y":1},"rotation":0,"depth":0,"data":"","position":{"x":3636,"y":866}},{"id":"tree_01_06","texture":"theme_01_tree_06","anchor":{"x":0.5,"y":1},"scale":{"x":1,"y":1},"rotation":0,"depth":0,"data":"","position":{"x":3456,"y":866}},{"id":"tree_01_07","texture":"theme_01_tree_07","anchor":{"x":0.5,"y":1},"scale":{"x":1,"y":1},"rotation":0,"depth":0,"data":"","position":{"x":2104,"y":440}},{"id":"rock_01_00","texture":"theme_01_rock_00","anchor":{"x":0.5,"y":1},"scale":{"x":1,"y":1},"rotation":0,"depth":-1,"data":"","position":{"x":5201,"y":1073}},{"id":"tree_01_05","texture":"theme_01_tree_05","anchor":{"x":0.5,"y":1},"scale":{"x":1,"y":1},"rotation":0,"depth":0,"data":"","position":{"x":1792,"y":326}},{"id":"rock_01_01","texture":"theme_01_rock_01","anchor":{"x":0.5,"y":1},"scale":{"x":1,"y":1},"rotation":0,"depth":-1,"data":"","position":{"x":724,"y":84}},{"id":"rock_01_01","texture":"theme_01_rock_01","anchor":{"x":0.5,"y":1},"scale":{"x":1,"y":1},"rotation":16,"depth":-1,"data":"","position":{"x":1443,"y":199}},{"id":"rock_01_01","texture":"theme_01_rock_01","anchor":{"x":0.5,"y":1},"scale":{"x":1,"y":1},"rotation":0,"depth":-1,"data":"","position":{"x":6267,"y":1077}},{"id":"rock_01_02","texture":"theme_01_rock_02","anchor":{"x":0.5,"y":1},"scale":{"x":1,"y":1},"rotation":10,"depth":-1,"data":"","position":{"x":981,"y":120}},{"id":"rock_01_00","texture":"theme_01_rock_00","anchor":{"x":0.5,"y":1},"scale":{"x":1,"y":1},"rotation":0,"depth":-1,"data":"","position":{"x":10104,"y":1720}},{"id":"rock_01_00","texture":"theme_01_rock_00","anchor":{"x":0.5,"y":1},"scale":{"x":1,"y":1},"rotation":21,"depth":-1,"data":"","position":{"x":1906,"y":336}},{"id":"tree_01_04","texture":"theme_01_tree_04","anchor":{"x":0.5,"y":1},"scale":{"x":0.8,"y":0.8},"rotation":0,"depth":0,"data":"","position":{"x":6123,"y":1088}},{"id":"rock_01_01","texture":"theme_01_rock_01","anchor":{"x":0.5,"y":1},"scale":{"x":1,"y":1},"rotation":0,"depth":-2,"data":"","position":{"x":12215,"y":2674}},{"id":"tree_01_00","texture":"theme_01_tree_00","anchor":{"x":0.5,"y":1},"scale":{"x":1,"y":1},"rotation":0,"depth":0,"data":"","position":{"x":12969,"y":2365}},{"id":"tree_01_06","texture":"theme_01_tree_06","anchor":{"x":0.5,"y":1},"scale":{"x":1,"y":1},"rotation":0,"depth":0,"data":"","position":{"x":23145,"y":3083}},{"id":"tree_01_04","texture":"theme_01_tree_04","anchor":{"x":0.5,"y":1},"scale":{"x":1,"y":1},"rotation":0,"depth":0,"data":"","position":{"x":22830,"y":3104}},{"id":"tree_01_00","texture":"theme_01_tree_00","anchor":{"x":0.5,"y":1},"scale":{"x":1,"y":1},"rotation":0,"depth":0,"data":"","position":{"x":11935,"y":2647}},{"id":"tree_01_07","texture":"theme_01_tree_07","anchor":{"x":0.5,"y":1},"scale":{"x":1,"y":1},"rotation":0,"depth":0,"data":"","position":{"x":22688,"y":3115}},{"id":"rock_01_02","texture":"theme_01_rock_02","anchor":{"x":0.5,"y":1},"scale":{"x":1,"y":1},"rotation":-4,"depth":-3,"data":"","position":{"x":22962,"y":3079}},{"id":"tree_01_04","texture":"theme_01_tree_04","anchor":{"x":0.5,"y":1},"scale":{"x":1,"y":1},"rotation":0,"depth":0,"data":"","position":{"x":26178,"y":2508}},{"id":"tree_01_07","texture":"theme_01_tree_07","anchor":{"x":0.5,"y":1},"scale":{"x":1,"y":1},"rotation":0,"depth":0,"data":"","position":{"x":26315,"y":2500}},{"id":"forest_01_00","texture":"theme_01_forest_00","anchor":{"x":0.5,"y":1},"scale":{"x":1,"y":1},"rotation":-1,"depth":0,"data":"","position":{"x":25189,"y":2775}},{"id":"tree_01_05","texture":"theme_01_tree_05","anchor":{"x":0.5,"y":1},"scale":{"x":1,"y":1},"rotation":0,"depth":0,"data":"","position":{"x":25576,"y":2758}},{"id":"rock_01_01","texture":"theme_01_rock_01","anchor":{"x":0.5,"y":1},"scale":{"x":1,"y":1},"rotation":0,"depth":-2,"data":"","position":{"x":26377,"y":2478}},{"id":"tree_01_02","texture":"theme_01_tree_02","anchor":{"x":0.5,"y":1},"scale":{"x":1,"y":1},"rotation":0,"depth":0,"data":"","position":{"x":12115,"y":2684}},{"id":"tree_01_02","texture":"theme_01_tree_02","anchor":{"x":0.5,"y":1},"scale":{"x":1.1,"y":1.1},"rotation":0,"depth":0,"data":"","position":{"x":25532,"y":3582}},{"id":"tree_01_07","texture":"theme_01_tree_07","anchor":{"x":0.5,"y":1},"scale":{"x":1,"y":1},"rotation":0,"depth":0,"data":"","position":{"x":25415,"y":3584}},{"id":"tree_01_07","texture":"theme_01_tree_07","anchor":{"x":0.5,"y":1},"scale":{"x":0.9,"y":0.9},"rotation":0,"depth":0,"data":"","position":{"x":26242,"y":3571}},{"id":"rock_01_02","texture":"theme_01_rock_02","anchor":{"x":0.5,"y":1},"scale":{"x":0.9,"y":0.9},"rotation":0,"depth":-4,"data":"","position":{"x":25249,"y":3572}},{"id":"rock_01_01","texture":"theme_01_rock_01","anchor":{"x":0.5,"y":1},"scale":{"x":1,"y":1},"rotation":0,"depth":-2,"data":"","position":{"x":25501,"y":3572}},{"id":"rock_01_01","texture":"theme_01_rock_01","anchor":{"x":0.5,"y":1},"scale":{"x":1,"y":1},"rotation":0,"depth":-3,"data":"","position":{"x":26240,"y":3560}},{"id":"tree_01_04","texture":"theme_01_tree_04","anchor":{"x":0.5,"y":1},"scale":{"x":1,"y":1},"rotation":0,"depth":0,"data":"","position":{"x":33200,"y":2675}},{"id":"tree_01_08","texture":"theme_01_tree_08","anchor":{"x":0.5,"y":1},"scale":{"x":0.9,"y":0.9},"rotation":0,"depth":5,"data":"","position":{"x":33081,"y":2671}},{"id":"rock_01_00","texture":"theme_01_rock_00","anchor":{"x":0.5,"y":1},"scale":{"x":1,"y":1},"rotation":0,"depth":-3,"data":"","position":{"x":32949,"y":2640}},{"id":"tree_01_06","texture":"theme_01_tree_06","anchor":{"x":0.5,"y":1},"scale":{"x":1,"y":1},"rotation":0,"depth":0,"data":"","position":{"x":31224,"y":2402}},{"id":"rock_01_02","texture":"theme_01_rock_02","anchor":{"x":0.5,"y":1},"scale":{"x":0.7,"y":0.7},"rotation":-1,"depth":-3,"data":"","position":{"x":31402,"y":2396}},{"id":"tree_01_08","texture":"theme_01_tree_08","anchor":{"x":0.5,"y":1},"scale":{"x":1,"y":1},"rotation":0,"depth":0,"data":"","position":{"x":29972,"y":2187}},{"id":"tree_01_09","texture":"theme_01_tree_09","anchor":{"x":0.5,"y":1},"scale":{"x":0.7,"y":0.7},"rotation":0,"depth":0,"data":"","position":{"x":30118,"y":2198}},{"id":"tree_01_04","texture":"theme_01_tree_04","anchor":{"x":0.5,"y":1},"scale":{"x":1,"y":1},"rotation":0,"depth":0,"data":"","position":{"x":28133,"y":2416}},{"id":"rock_01_01","texture":"theme_01_rock_01","anchor":{"x":0.5,"y":1},"scale":{"x":1,"y":1},"rotation":-6,"depth":-3,"data":"","position":{"x":28282,"y":2374}},{"id":"tree_01_06","texture":"theme_01_tree_06","anchor":{"x":0.5,"y":1},"scale":{"x":1,"y":1},"rotation":0,"depth":0,"data":"","position":{"x":17113,"y":1558}},{"id":"tree_01_03","texture":"theme_01_tree_03","anchor":{"x":0.5,"y":1},"scale":{"x":1,"y":1},"rotation":0,"depth":0,"data":"","position":{"x":17304,"y":1572}},{"id":"tree_01_05","texture":"theme_01_tree_05","anchor":{"x":0.5,"y":1},"scale":{"x":1,"y":1},"rotation":0,"depth":0,"data":"","position":{"x":20176,"y":1833}},{"id":"rock_01_01","texture":"theme_01_rock_01","anchor":{"x":0.5,"y":1},"scale":{"x":1,"y":1},"rotation":0,"depth":-3,"data":"","position":{"x":20340,"y":1826}},{"id":"tree_01_05","texture":"theme_01_tree_05","anchor":{"x":0.5,"y":1},"scale":{"x":1,"y":1},"rotation":0,"depth":0,"data":"","position":{"x":11646,"y":2595}},{"id":"tree_01_04","texture":"theme_01_tree_04","anchor":{"x":0.5,"y":1},"scale":{"x":1,"y":1},"rotation":0,"depth":0,"data":"","position":{"x":12772,"y":2513}},{"id":"tree_01_06","texture":"theme_01_tree_06","anchor":{"x":0.5,"y":1},"scale":{"x":1,"y":1},"rotation":0,"depth":0,"data":"","position":{"x":11191,"y":2404}},{"id":"rock_01_02","texture":"theme_01_rock_02","anchor":{"x":0.5,"y":1},"scale":{"x":1,"y":1},"rotation":28,"depth":-5,"data":"","position":{"x":11362,"y":2471}},{"id":"rock_01_01","texture":"theme_01_rock_01","anchor":{"x":0.5,"y":1},"scale":{"x":1,"y":1},"rotation":-17,"depth":-3,"data":"","position":{"x":13516,"y":2219}},{"id":"tree_01_00","texture":"theme_01_tree_00","anchor":{"x":0.5,"y":1},"scale":{"x":1,"y":1},"rotation":0,"depth":0,"data":"","position":{"x":13623,"y":2183}},{"id":"rock_01_01","texture":"theme_01_rock_01","anchor":{"x":0.5,"y":1},"scale":{"x":1,"y":1},"rotation":0,"depth":-3,"data":"","position":{"x":21511,"y":3128}},{"id":"tree_01_02","texture":"theme_01_tree_02","anchor":{"x":0.5,"y":1},"scale":{"x":1,"y":1},"rotation":0,"depth":0,"data":"","position":{"x":21657,"y":3133}},{"id":"tree_01_04","texture":"theme_01_tree_04","anchor":{"x":0.5,"y":1},"scale":{"x":1,"y":1},"rotation":0,"depth":0,"data":"","position":{"x":21375,"y":3144}},{"id":"forest_01_00","texture":"theme_01_forest_00","anchor":{"x":0.5,"y":1},"scale":{"x":1,"y":1},"rotation":0,"depth":0,"data":"","position":{"x":36425,"y":3382}},{"id":"forest_01_00","texture":"theme_01_forest_00","anchor":{"x":0.5,"y":1},"scale":{"x":1,"y":1},"rotation":0,"depth":0,"data":"","position":{"x":42529,"y":5248}},{"id":"forest_01_00","texture":"theme_01_forest_00","anchor":{"x":0.5,"y":1},"scale":{"x":1,"y":1},"rotation":0,"depth":-1,"data":"","position":{"x":43015,"y":5241}},{"id":"carriage_01_00","texture":"theme_01_carriage_00","anchor":{"x":0.5,"y":1},"scale":{"x":1,"y":1},"rotation":0,"depth":0,"data":"","position":{"x":42232,"y":4921}},{"id":"tree_01_07","texture":"theme_01_tree_07","anchor":{"x":0.5,"y":1},"scale":{"x":1,"y":1},"rotation":0,"depth":0,"data":"","position":{"x":42696,"y":4855}},{"id":"tree_01_00","texture":"theme_01_tree_00","anchor":{"x":0.5,"y":1},"scale":{"x":1,"y":1},"rotation":0,"depth":0,"data":"","position":{"x":42034,"y":4956}},{"id":"rock_01_02","texture":"theme_01_rock_02","anchor":{"x":0.5,"y":1},"scale":{"x":1,"y":1},"rotation":0,"depth":-10,"data":"","position":{"x":42375,"y":4894}},{"id":"tree_01_05","texture":"theme_01_tree_05","anchor":{"x":0.5,"y":1},"scale":{"x":1,"y":1},"rotation":0,"depth":-9,"data":"","position":{"x":42588,"y":4886}},{"id":"tree_01_01","texture":"theme_01_tree_01","anchor":{"x":0.5,"y":1},"scale":{"x":1,"y":1},"rotation":0,"depth":0,"data":"","position":{"x":41828,"y":5095}},{"id":"tree_01_05","texture":"theme_01_tree_05","anchor":{"x":0.5,"y":1},"scale":{"x":1,"y":1},"rotation":0,"depth":0,"data":"","position":{"x":33700,"y":4024}},{"id":"tree_01_08","texture":"theme_01_tree_08","anchor":{"x":0.5,"y":1},"scale":{"x":0.7,"y":0.7},"rotation":0,"depth":0,"data":"","position":{"x":33317,"y":3912}},{"id":"tree_01_09","texture":"theme_01_tree_09","anchor":{"x":0.5,"y":1},"scale":{"x":1,"y":1},"rotation":0,"depth":0,"data":"","position":{"x":33867,"y":4026}},{"id":"rock_01_01","texture":"theme_01_rock_01","anchor":{"x":0.5,"y":1},"scale":{"x":1,"y":1},"rotation":19,"depth":-4,"data":"","position":{"x":33564,"y":3988}},{"id":"tree_01_07","texture":"theme_01_tree_07","anchor":{"x":0.5,"y":1},"scale":{"x":1,"y":1},"rotation":0,"depth":0,"data":"","position":{"x":15418,"y":1886}},{"id":"tree_01_04","texture":"theme_01_tree_04","anchor":{"x":0.5,"y":1},"scale":{"x":1,"y":1},"rotation":0,"depth":0,"data":"","position":{"x":14967,"y":1871}},{"id":"tree_01_03","texture":"theme_01_tree_03","anchor":{"x":0.5,"y":1},"scale":{"x":1,"y":1},"rotation":0,"depth":0,"data":"","position":{"x":15917,"y":1897}},{"id":"forest_01_00","texture":"theme_01_forest_00","anchor":{"x":0.5,"y":1},"scale":{"x":1,"y":1},"rotation":0,"depth":-10,"data":"","position":{"x":43455,"y":4745}},{"id":"tree_01_01","texture":"theme_01_tree_01","anchor":{"x":0.5,"y":1},"scale":{"x":1,"y":1},"rotation":0,"depth":0,"data":"","position":{"x":43039,"y":4797}},{"id":"tree_01_09","texture":"theme_01_tree_09","anchor":{"x":0.5,"y":1},"scale":{"x":1,"y":1},"rotation":0,"depth":0,"data":"","position":{"x":42914,"y":4915}},{"id":"tree_01_09","texture":"theme_01_tree_09","anchor":{"x":0.5,"y":1},"scale":{"x":0.8,"y":0.8},"rotation":0,"depth":3,"data":"","position":{"x":41951,"y":5049}},{"id":"rock_01_01","texture":"theme_01_rock_01","anchor":{"x":0.5,"y":1},"scale":{"x":1,"y":1},"rotation":-6,"depth":-10,"data":"","position":{"x":41654,"y":5142}},{"id":"rock_01_00","texture":"theme_01_rock_00","anchor":{"x":0.5,"y":1},"scale":{"x":1,"y":1},"rotation":-10,"depth":0,"data":"","position":{"x":43147,"y":4716}},{"id":"rock_01_01","texture":"theme_01_rock_01","anchor":{"x":0.5,"y":1},"scale":{"x":1,"y":1},"rotation":-10,"depth":-10,"data":"","position":{"x":42756,"y":4815}},{"id":"tree_01_02","texture":"theme_01_tree_02","anchor":{"x":0.5,"y":1},"scale":{"x":1,"y":1},"rotation":0,"depth":0,"data":"","position":{"x":40067,"y":5049}},{"id":"tree_01_06","texture":"theme_01_tree_06","anchor":{"x":0.5,"y":1},"scale":{"x":1,"y":1},"rotation":0,"depth":0,"data":"","position":{"x":12373,"y":2689}}]},{"name":"tunnel_fill","depth":-1,"paths":[{"closed":true,"depth":0,"collisions":0,"texFill":"theme_02_fill","texGround":"","texGroundEdge":"","texWall":"theme_02_wall","texFillPadding":512,"texFillSize":256,"texGroundSize":160,"texGroundDelta":0.1,"texWallSize":160,"texWallDelta":0.1,"texWallAngle":0,"texGroundEdgeSide":"","data":"","points":[{"x":17376,"y":1584},{"x":17472,"y":1584},{"x":17472,"y":1584},{"x":17584,"y":1584},{"x":18512,"y":1584},{"x":18512,"y":2176},{"x":19424,"y":2176},{"x":19520,"y":2176},{"x":19264,"y":2336},{"x":19488,"y":2576},{"x":18448,"y":2576},{"x":18528,"y":2576},{"x":17472,"y":2576}],"bounds":[17376,19520]},{"closed":false,"depth":0,"collisions":0,"texFill":"theme_02_fill","texGround":"","texGroundEdge":"","texWall":"theme_02_wall","texFillPadding":512,"texFillSize":256,"texGroundSize":160,"texGroundDelta":0.1,"texWallSize":160,"texWallDelta":0.1,"texWallAngle":0,"texGroundEdgeSide":"","data":"","points":[{"x":26608,"y":3568},{"x":26672,"y":3568},{"x":26848,"y":3408},{"x":26912,"y":3408},{"x":28064,"y":3408},{"x":28832,"y":2880},{"x":29984,"y":2880},{"x":30256,"y":2880},{"x":31024,"y":3264},{"x":31296,"y":3264},{"x":31232,"y":3344},{"x":31264,"y":3520},{"x":31328,"y":3680}],"bounds":[26608,31328]}],"objects":[]},{"name":"path","depth":0,"paths":[{"closed":false,"depth":0,"collisions":1,"texFill":"theme_01_fill","texGround":"theme_01_ground","texGroundEdge":"theme_01_ground_edge","texWall":"theme_01_wall","texFillPadding":512,"texFillSize":256,"texGroundSize":160,"texGroundDelta":0.1,"texWallSize":80,"texWallDelta":0.1,"texWallAngle":70,"texGroundEdgeSide":"right","data":"","points":[{"x":-816,"y":32},{"x":-336,"y":32},{"x":-256,"y":80},{"x":688,"y":80},{"x":1808,"y":80},{"x":2832,"y":848},{"x":3312,"y":848},{"x":3664,"y":848},{"x":4048,"y":848},{"x":4416,"y":848},{"x":4400,"y":960},{"x":3888,"y":1248},{"x":3856,"y":2080}],"bounds":[-816,4416]},{"closed":false,"depth":0,"collisions":1,"texFill":"theme_01_fill","texGround":"theme_01_ground","texGroundEdge":"theme_01_ground_edge","texWall":"theme_01_wall","texFillPadding":512,"texFillSize":256,"texGroundSize":160,"texGroundDelta":0.1,"texWallSize":64,"texWallDelta":0.1,"texWallAngle":70,"texGroundEdgeSide":"","data":"","points":[{"x":5296,"y":2144},{"x":5280,"y":1408},{"x":4704,"y":1200},{"x":4704,"y":1056},{"x":4880,"y":1056},{"x":5632,"y":1088},{"x":5808,"y":1088},{"x":5952,"y":1088},{"x":6208,"y":1072},{"x":6368,"y":1072},{"x":6432,"y":1072},{"x":6640,"y":768},{"x":6960,"y":768},{"x":7184,"y":768},{"x":7584,"y":784},{"x":7792,"y":784},{"x":8160,"y":784},{"x":8336,"y":1184},{"x":8512,"y":1184},{"x":9008,"y":1296},{"x":8800,"y":1520},{"x":9392,"y":1520},{"x":9776,"y":1520},{"x":9904,"y":1728},{"x":10272,"y":1728},{"x":10000,"y":2288},{"x":9888,"y":2576},{"x":9840,"y":2832}],"bounds":[4704,10272]},{"closed":false,"depth":0,"collisions":1,"texFill":"theme_01_fill","texGround":"theme_01_ground","texGroundEdge":"theme_01_ground_edge","texWall":"theme_01_wall","texFillPadding":512,"texFillSize":256,"texGroundSize":320,"texGroundDelta":0.1,"texWallSize":96,"texWallDelta":0.25,"texWallAngle":70,"texGroundEdgeSide":"","data":"","points":[{"x":10816,"y":3216},{"x":10896,"y":2576},{"x":10560,"y":1840},{"x":10576,"y":1840},{"x":10928,"y":1840},{"x":10880,"y":2176},{"x":11264,"y":2400},{"x":11616,"y":2576},{"x":12032,"y":2672},{"x":12176,"y":2672},{"x":12864,"y":2672},{"x":12656,"y":2272},{"x":13424,"y":2240},{"x":13760,"y":2240},{"x":14128,"y":1488},{"x":14640,"y":1520},{"x":13824,"y":2528},{"x":14208,"y":3376},{"x":14224,"y":3504}],"bounds":[10560,14640]},{"closed":false,"depth":0,"collisions":1,"texFill":"theme_01_fill","texGround":"theme_01_ground","texGroundEdge":"theme_01_ground_edge","texWall":"theme_01_wall","texFillPadding":512,"texFillSize":256,"texGroundSize":160,"texGroundDelta":0.1,"texWallSize":96,"texWallDelta":0.1,"texWallAngle":47,"texGroundEdgeSide":"","data":"","points":[{"x":15168,"y":2960},{"x":15168,"y":2368},{"x":14736,"y":2064},{"x":14672,"y":1856},{"x":14896,"y":1856},{"x":15952,"y":1888},{"x":16160,"y":1888},{"x":16384,"y":1888},{"x":16784,"y":1536},{"x":17024,"y":1536},{"x":17216,"y":1536},{"x":17264,"y":1552},{"x":17456,"y":1552},{"x":17488,"y":1696},{"x":17968,"y":2464},{"x":18080,"y":2464},{"x":18304,"y":2464},{"x":18752,"y":2464},{"x":18960,"y":2464},{"x":19184,"y":2464},{"x":19408,"y":2464},{"x":19632,"y":2464},{"x":19776,"y":2464},{"x":19760,"y":2464},{"x":19888,"y":2464},{"x":20384,"y":2464},{"x":20832,"y":3152},{"x":20976,"y":3152},{"x":21168,"y":3152},{"x":21856,"y":3088},{"x":22032,"y":3088},{"x":22016,"y":3216},{"x":21968,"y":3984},{"x":21968,"y":4160}],"bounds":[14672,22032]},{"closed":false,"depth":-2,"collisions":1,"texFill":"","texGround":"theme_01_ground","texGroundEdge":"","texWall":"","texFillPadding":512,"texFillSize":256,"texGroundSize":96,"texGroundDelta":0.1,"texWallSize":160,"texWallDelta":0.1,"texWallAngle":70,"texGroundEdgeSide":"","data":"{\"shrinkPath\":true,\"hidden\":false}","points":[{"x":17456,"y":1552},{"x":17536,"y":1552},{"x":17536,"y":1552},{"x":17616,"y":1552}],"bounds":[17456,17616]},{"closed":true,"depth":0,"collisions":1,"texFill":"theme_01_fill","texGround":"theme_01_ground","texGroundEdge":"theme_01_ground_edge","texWall":"theme_01_wall","texFillPadding":512,"texFillSize":256,"texGroundSize":160,"texGroundDelta":0.1,"texWallSize":48,"texWallDelta":0.1,"texWallAngle":70,"texGroundEdgeSide":"","data":"","points":[{"x":17568,"y":1552},{"x":17936,"y":1552},{"x":18320,"y":1552},{"x":18688,"y":1552},{"x":18784,"y":1552},{"x":19376,"y":2144},{"x":19488,"y":2176},{"x":19152,"y":2336},{"x":18608,"y":1936},{"x":18096,"y":2192},{"x":17952,"y":2192},{"x":17616,"y":1728},{"x":17568,"y":1552}],"bounds":[17568,19488]},{"closed":true,"depth":0,"collisions":1,"texFill":"theme_01_fill","texGround":"theme_01_ground","texGroundEdge":"theme_01_ground_edge","texWall":"theme_01_wall","texFillPadding":512,"texFillSize":256,"texGroundSize":160,"texGroundDelta":0.2,"texWallSize":112,"texWallDelta":0.1,"texWallAngle":70,"texGroundEdgeSide":"","data":"","points":[{"x":19840,"y":1840},{"x":19968,"y":1840},{"x":20464,"y":1840},{"x":20608,"y":1840},{"x":20592,"y":1840},{"x":20528,"y":2032},{"x":20528,"y":2032},{"x":20480,"y":2032},{"x":20224,"y":2112},{"x":20176,"y":2112},{"x":20128,"y":2112},{"x":19872,"y":1952},{"x":19840,"y":1840}],"bounds":[19840,20608]},{"closed":false,"depth":0,"collisions":1,"texFill":"theme_01_fill","texGround":"theme_01_ground","texGroundEdge":"theme_01_ground_edge","texWall":"theme_01_wall","texFillPadding":512,"texFillSize":256,"texGroundSize":160,"texGroundDelta":0.1,"texWallSize":64,"texWallDelta":0.1,"texWallAngle":70,"texGroundEdgeSide":"","data":"","points":[{"x":22384,"y":4080},{"x":22368,"y":3936},{"x":22288,"y":3296},{"x":22240,"y":3104},{"x":22432,"y":3104},{"x":23056,"y":3056},{"x":23248,"y":3056},{"x":23392,"y":3056},{"x":23648,"y":2800},{"x":23808,"y":2800},{"x":23952,"y":2800},{"x":24128,"y":2752},{"x":24272,"y":2752},{"x":24448,"y":2752},{"x":24976,"y":3568},{"x":25120,"y":3568},{"x":25360,"y":3568},{"x":25696,"y":3568},{"x":25952,"y":3568},{"x":26112,"y":3568},{"x":26272,"y":3552},{"x":26416,"y":3552},{"x":26640,"y":3552},{"x":27440,"y":3584},{"x":27664,"y":3584},{"x":27888,"y":3584},{"x":28784,"y":3584},{"x":29008,"y":3584},{"x":29296,"y":3584},{"x":29520,"y":4016},{"x":29792,"y":4016},{"x":30000,"y":4016},{"x":30160,"y":4000},{"x":30352,"y":4000},{"x":30480,"y":3984},{"x":30912,"y":3680},{"x":31008,"y":3616},{"x":31312,"y":3408},{"x":32160,"y":3584},{"x":32320,"y":3584},{"x":32912,"y":3584},{"x":33280,"y":4016},{"x":33872,"y":4016},{"x":34304,"y":4016},{"x":34720,"y":3328},{"x":34960,"y":3248},{"x":35168,"y":3168},{"x":35264,"y":3136},{"x":35632,"y":3152},{"x":35568,"y":3408},{"x":35120,"y":3328},{"x":35040,"y":4464}],"bounds":[22240,35632]},{"closed":true,"depth":0,"collisions":1,"texFill":"theme_01_fill","texGround":"theme_01_ground","texGroundEdge":"theme_01_ground_edge","texWall":"theme_01_wall","texFillPadding":512,"texFillSize":256,"texGroundSize":160,"texGroundDelta":0.1,"texWallSize":160,"texWallDelta":0.1,"texWallAngle":70,"texGroundEdgeSide":"","data":"","points":[{"x":24752,"y":2784},{"x":24912,"y":2784},{"x":25424,"y":2736},{"x":25568,"y":2736},{"x":25648,"y":2736},{"x":25648,"y":2752},{"x":25728,"y":2752},{"x":25744,"y":2752},{"x":25632,"y":3152},{"x":25648,"y":3152},{"x":25568,"y":3152},{"x":25344,"y":3184},{"x":25264,"y":3184},{"x":25232,"y":3184},{"x":24944,"y":3136},{"x":24880,"y":3088},{"x":24832,"y":3088},{"x":24800,"y":2848},{"x":24752,"y":2784}],"bounds":[24752,25744]},{"closed":true,"depth":0,"collisions":1,"texFill":"theme_01_fill","texGround":"theme_01_ground","texGroundEdge":"theme_01_ground_edge","texWall":"theme_01_wall","texFillPadding":512,"texFillSize":256,"texGroundSize":160,"texGroundDelta":0.15,"texWallSize":80,"texWallDelta":0.1,"texWallAngle":70,"texGroundEdgeSide":"","data":"","points":[{"x":26048,"y":2496},{"x":26240,"y":2496},{"x":26384,"y":2480},{"x":26592,"y":2480},{"x":26624,"y":2480},{"x":26416,"y":2656},{"x":26448,"y":2656},{"x":26352,"y":2864},{"x":26192,"y":2736},{"x":26160,"y":2736},{"x":26144,"y":2672},{"x":26064,"y":2496},{"x":26048,"y":2496}],"bounds":[26048,26624]},{"closed":true,"depth":-1,"collisions":1,"texFill":"","texGround":"theme_01_ground","texGroundEdge":"","texWall":"","texFillPadding":512,"texFillSize":256,"texGroundSize":80,"texGroundDelta":0.1,"texWallSize":160,"texWallDelta":0.1,"texWallAngle":70,"texGroundEdgeSide":"","data":"{\"shrinkPath\":true,\"hidden\":false}","points":[{"x":26512,"y":3584},{"x":26528,"y":3584},{"x":26784,"y":3440},{"x":26800,"y":3440}],"bounds":[26512,26800]},{"closed":true,"depth":0,"collisions":1,"texFill":"theme_01_fill","texGround":"theme_01_ground","texGroundEdge":"theme_01_ground_edge","texWall":"theme_01_wall","texFillPadding":512,"texFillSize":256,"texGroundSize":176,"texGroundDelta":0.1,"texWallSize":64,"texWallDelta":0.1,"texWallAngle":70,"texGroundEdgeSide":"","data":"","points":[{"x":26800,"y":3440},{"x":26912,"y":3424},{"x":27856,"y":2384},{"x":27984,"y":2384},{"x":28112,"y":2384},{"x":28352,"y":2352},{"x":28480,"y":2352},{"x":28848,"y":2352},{"x":29104,"y":2144},{"x":29472,"y":2144},{"x":29632,"y":2144},{"x":30080,"y":2192},{"x":30240,"y":2192},{"x":30512,"y":2192},{"x":31088,"y":3104},{"x":31344,"y":3104},{"x":31360,"y":3104},{"x":31312,"y":3328},{"x":31312,"y":3376},{"x":30560,"y":3424},{"x":30592,"y":3008},{"x":30048,"y":3008},{"x":29152,"y":3040},{"x":29760,"y":3584},{"x":26816,"y":3488},{"x":26800,"y":3472},{"x":26800,"y":3456},{"x":26800,"y":3440}],"bounds":[26800,31360]},{"closed":true,"depth":0,"collisions":2,"texFill":"","texGround":"theme_01_ground","texGroundEdge":"theme_01_ground_edge","texWall":"theme_01_wall","texFillPadding":512,"texFillSize":256,"texGroundSize":160,"texGroundDelta":0.1,"texWallSize":160,"texWallDelta":0.1,"texWallAngle":70,"texGroundEdgeSide":"","data":"","points":[{"x":29520,"y":3536},{"x":29680,"y":3536},{"x":29888,"y":3488},{"x":30032,"y":3488},{"x":30224,"y":3488},{"x":30480,"y":3568},{"x":30656,"y":3568}],"bounds":[29520,30656]},{"closed":true,"depth":0,"collisions":1,"texFill":"theme_01_fill","texGround":"theme_01_ground","texGroundEdge":"theme_01_ground_edge","texWall":"theme_01_wall","texFillPadding":512,"texFillSize":256,"texGroundSize":160,"texGroundDelta":0.1,"texWallSize":96,"texWallDelta":0.1,"texWallAngle":70,"texGroundEdgeSide":"","data":"","points":[{"x":31056,"y":2384},{"x":31360,"y":2384},{"x":31552,"y":2384},{"x":31872,"y":2384},{"x":31840,"y":2384},{"x":31680,"y":2640},{"x":31648,"y":2640},{"x":31536,"y":2640},{"x":31408,"y":2672},{"x":31312,"y":2672},{"x":31248,"y":2672},{"x":31104,"y":2432},{"x":31056,"y":2384}],"bounds":[31056,31872]},{"closed":true,"depth":0,"collisions":1,"texFill":"theme_01_fill","texGround":"theme_01_ground","texGroundEdge":"theme_01_ground_edge","texWall":"theme_01_wall","texFillPadding":512,"texFillSize":256,"texGroundSize":160,"texGroundDelta":0.1,"texWallSize":80,"texWallDelta":0.1,"texWallAngle":70,"texGroundEdgeSide":"","data":"","points":[{"x":32832,"y":2640},{"x":32992,"y":2640},{"x":33216,"y":2656},{"x":33392,"y":2656},{"x":33360,"y":2656},{"x":33200,"y":2880},{"x":33184,"y":2880},{"x":33152,"y":2880},{"x":32960,"y":2848},{"x":32928,"y":2848},{"x":32896,"y":2848},{"x":32848,"y":2640},{"x":32832,"y":2640}],"bounds":[32832,33392]},{"closed":false,"depth":0,"collisions":1,"texFill":"theme_01_fill","texGround":"theme_01_ground","texGroundEdge":"theme_01_ground_edge","texWall":"theme_01_wall","texFillPadding":704,"texFillSize":256,"texGroundSize":160,"texGroundDelta":0.1,"texWallSize":160,"texWallDelta":0.1,"texWallAngle":70,"texGroundEdgeSide":"","data":"","points":[{"x":36416,"y":5008},{"x":36512,"y":4032},{"x":35920,"y":3472},{"x":35920,"y":3344},{"x":36400,"y":3344},{"x":36928,"y":3424},{"x":37424,"y":3424},{"x":37536,"y":3424},{"x":37936,"y":3632},{"x":38048,"y":3632},{"x":38288,"y":3632},{"x":38192,"y":3632},{"x":38416,"y":3632},{"x":38560,"y":3632},{"x":39472,"y":4880},{"x":39600,"y":4880},{"x":40128,"y":4944},{"x":40368,"y":5280},{"x":40672,"y":5280},{"x":40928,"y":5280},{"x":42576,"y":5232},{"x":42832,"y":5232},{"x":43184,"y":5232},{"x":43536,"y":5232},{"x":43888,"y":5232}],"bounds":[35920,43888]}],"objects":[{"id":"tutorial","texture":"tutorial","anchor":{"x":0.5,"y":0.5},"scale":{"x":8.3,"y":8.3},"rotation":0,"depth":0,"data":"{\"text\":\"TUTORIAL_JUMP\"}","position":{"x":3510,"y":424}},{"id":"level_end","texture":"level_end","anchor":{"x":0.5,"y":0.5},"scale":{"x":5,"y":5},"rotation":0,"depth":0,"data":"","position":{"x":42298,"y":5007}},{"id":"shrink_unlock","texture":"shrink_unlock","anchor":{"x":0.5,"y":0.5},"scale":{"x":1.9,"y":1.9},"rotation":0,"depth":0,"data":"","position":{"x":19246,"y":2342}},{"id":"shrink_unlock","texture":"shrink_unlock","anchor":{"x":0.5,"y":0.5},"scale":{"x":1.6,"y":1.6},"rotation":0,"depth":0,"data":"","position":{"x":31391,"y":3430}},{"id":"shrink_lock","texture":"shrink_lock","anchor":{"x":0.5,"y":0.5},"scale":{"x":1,"y":1},"rotation":0,"depth":0,"data":"","position":{"x":26821,"y":3536}},{"id":"level_gameover","texture":"level_gameover","anchor":{"x":0.5,"y":0.5},"scale":{"x":7.4,"y":7.4},"rotation":0,"depth":0,"data":"","position":{"x":35655,"y":4139}},{"id":"shrink_lock","texture":"shrink_lock","anchor":{"x":0.5,"y":0.5},"scale":{"x":1,"y":1},"rotation":0,"depth":0,"data":"","position":{"x":17540,"y":1659}},{"id":"tutorial","texture":"tutorial","anchor":{"x":0.5,"y":0.5},"scale":{"x":6.7,"y":6.7},"rotation":0,"depth":0,"data":"{\"text\":\"TUTORIAL_CRYSTAL\"}","position":{"x":6245,"y":685}},{"id":"tutorial","texture":"tutorial","anchor":{"x":0.5,"y":0.5},"scale":{"x":7.5,"y":7.5},"rotation":0,"depth":0,"data":"{\"text\":\"TUTORIAL_SNOWFLAKE\"}","position":{"x":10873,"y":1457}},{"id":"tutorial","texture":"tutorial","anchor":{"x":0.5,"y":0.5},"scale":{"x":10,"y":10},"rotation":0,"depth":0,"data":"{\"text\":\"TUTORIAL_ABILITY\"}","position":{"x":14952,"y":1110}},{"id":"tutorial","texture":"tutorial","anchor":{"x":0.5,"y":0.5},"scale":{"x":9.8,"y":9.8},"rotation":0,"depth":0,"data":"{\"text\":\"TUTORIAL_TROLL\"}","position":{"x":24493,"y":2317}},{"id":"tutorial","texture":"tutorial","anchor":{"x":0.5,"y":0.5},"scale":{"x":10,"y":10},"rotation":0,"depth":0,"data":"{\"text\":\"TUTORIAL_MAGIC\"}","position":{"x":36667,"y":2872}},{"id":"tutorial","texture":"tutorial","anchor":{"x":0.5,"y":0.5},"scale":{"x":6.6,"y":6.6},"rotation":0,"depth":0,"data":"{\"text\":\"TUTORIAL_TUMBLE\"}","position":{"x":17396,"y":1126}}]},{"name":"obstacles","depth":1,"paths":[],"objects":[{"id":"icecube_01_04","texture":"theme_01_ice_cube_04","anchor":{"x":0.5,"y":1},"scale":{"x":1,"y":1},"rotation":0,"depth":0,"data":"","position":{"x":38207,"y":3636}},{"id":"iceblock_01_00","texture":"theme_01_ice_block_00","anchor":{"x":0.5,"y":1},"scale":{"x":1,"y":1},"rotation":0,"depth":0,"data":"","position":{"x":18208,"y":1558}},{"id":"iceblock_01_00","texture":"theme_01_ice_block_00","anchor":{"x":0.5,"y":1},"scale":{"x":1,"y":1},"rotation":0,"depth":0,"data":"","position":{"x":25911,"y":3580}},{"id":"snowman_01_00","texture":"theme_01_snowman_00","anchor":{"x":0.5,"y":1},"scale":{"x":1,"y":1},"rotation":0,"depth":0,"data":"","position":{"x":32596,"y":3635}},{"id":"icecube_01_05","texture":"theme_01_ice_cube_05","anchor":{"x":0.5,"y":1},"scale":{"x":1,"y":1},"rotation":0,"depth":0,"data":"","position":{"x":38078,"y":3636}},{"id":"iceblock_01_00","texture":"theme_01_ice_block_00","anchor":{"x":0.5,"y":1},"scale":{"x":1,"y":1},"rotation":0,"depth":0,"data":"","position":{"x":29813,"y":2175}},{"id":"icecube_01_03","texture":"theme_01_ice_cube_03","anchor":{"x":0.5,"y":1},"scale":{"x":1,"y":1},"rotation":0,"depth":0,"data":"","position":{"x":38147,"y":3592}},{"id":"icecube_01_02","texture":"theme_01_ice_cube_02","anchor":{"x":0.5,"y":1},"scale":{"x":1,"y":1},"rotation":0,"depth":0,"data":"","position":{"x":38327,"y":3633}},{"id":"icecube_01_00","texture":"theme_01_ice_cube_00","anchor":{"x":0.5,"y":1},"scale":{"x":1,"y":1},"rotation":0,"depth":0,"data":"","position":{"x":38267,"y":3582}},{"id":"icecube_01_01","texture":"theme_01_ice_cube_01","anchor":{"x":0.5,"y":1},"scale":{"x":1,"y":1},"rotation":0,"depth":0,"data":"","position":{"x":38179,"y":3542}},{"id":"icecube_01_02","texture":"theme_01_ice_cube_02","anchor":{"x":0.5,"y":1},"scale":{"x":1,"y":1},"rotation":-13,"depth":0,"data":"","position":{"x":38007,"y":3599}},{"id":"wood_01_00","texture":"theme_01_wood_00","anchor":{"x":0.5,"y":1},"scale":{"x":1,"y":1},"rotation":0,"depth":0,"data":"","position":{"x":30051,"y":3496}}]},{"name":"pickups","depth":2,"paths":[],"objects":[{"id":"coin","texture":"ui_icon_gameplay_snowflake","anchor":{"x":0.5,"y":0.5},"scale":{"x":1,"y":1},"rotation":0,"depth":0,"data":"","position":{"x":29837,"y":3901}},{"id":"coin","texture":"ui_icon_gameplay_snowflake","anchor":{"x":0.5,"y":0.5},"scale":{"x":1,"y":1},"rotation":0,"depth":0,"data":"","position":{"x":29371,"y":3647}},{"id":"crystal_green","texture":"ingame_crystal_green_00","anchor":{"x":0.5,"y":0.5},"scale":{"x":1,"y":1},"rotation":0,"depth":0,"data":"","position":{"x":18209,"y":1480}},{"id":"crystal_purple","texture":"ingame_crystal_purple_00","anchor":{"x":0.5,"y":0.5},"scale":{"x":1,"y":1},"rotation":0,"depth":0,"data":"","position":{"x":20509,"y":1713}},{"id":"coin","texture":"ui_icon_gameplay_snowflake","anchor":{"x":0.5,"y":0.5},"scale":{"x":1,"y":1},"rotation":0,"depth":0,"data":"","position":{"x":10898,"y":1906}},{"id":"coin","texture":"ui_icon_gameplay_snowflake","anchor":{"x":0.5,"y":0.5},"scale":{"x":1,"y":1},"rotation":0,"depth":0,"data":"","position":{"x":10978,"y":1997}},{"id":"coin","texture":"ui_icon_gameplay_snowflake","anchor":{"x":0.5,"y":0.5},"scale":{"x":1,"y":1},"rotation":0,"depth":0,"data":"","position":{"x":11047,"y":2088}},{"id":"coin","texture":"ui_icon_gameplay_snowflake","anchor":{"x":0.5,"y":0.5},"scale":{"x":1,"y":1},"rotation":0,"depth":0,"data":"","position":{"x":11136,"y":2185}},{"id":"coin","texture":"ui_icon_gameplay_snowflake","anchor":{"x":0.5,"y":0.5},"scale":{"x":1,"y":1},"rotation":0,"depth":0,"data":"","position":{"x":11228,"y":2269}},{"id":"coin","texture":"ui_icon_gameplay_snowflake","anchor":{"x":0.5,"y":0.5},"scale":{"x":1,"y":1},"rotation":0,"depth":0,"data":"","position":{"x":11351,"y":2354}},{"id":"coin","texture":"ui_icon_gameplay_snowflake","anchor":{"x":0.5,"y":0.5},"scale":{"x":1,"y":1},"rotation":0,"depth":0,"data":"","position":{"x":11483,"y":2405}},{"id":"coin","texture":"ui_icon_gameplay_snowflake","anchor":{"x":0.5,"y":0.5},"scale":{"x":1,"y":1},"rotation":0,"depth":0,"data":"","position":{"x":11589,"y":2444}},{"id":"coin","texture":"ui_icon_gameplay_snowflake","anchor":{"x":0.5,"y":0.5},"scale":{"x":1,"y":1},"rotation":0,"depth":0,"data":"","position":{"x":11708,"y":2481}},{"id":"coin","texture":"ui_icon_gameplay_snowflake","anchor":{"x":0.5,"y":0.5},"scale":{"x":1,"y":1},"rotation":0,"depth":0,"data":"","position":{"x":11840,"y":2529}},{"id":"coin","texture":"ui_icon_gameplay_snowflake","anchor":{"x":0.5,"y":0.5},"scale":{"x":1,"y":1},"rotation":0,"depth":0,"data":"","position":{"x":12019,"y":2572}},{"id":"coin","texture":"ui_icon_gameplay_snowflake","anchor":{"x":0.5,"y":0.5},"scale":{"x":1,"y":1},"rotation":0,"depth":0,"data":"","position":{"x":12233,"y":2587}},{"id":"coin","texture":"ui_icon_gameplay_snowflake","anchor":{"x":0.5,"y":0.5},"scale":{"x":1,"y":1},"rotation":0,"depth":0,"data":"","position":{"x":12518,"y":2503}},{"id":"coin","texture":"ui_icon_gameplay_snowflake","anchor":{"x":0.5,"y":0.5},"scale":{"x":1,"y":1},"rotation":0,"depth":0,"data":"","position":{"x":12803,"y":2297}},{"id":"coin","texture":"ui_icon_gameplay_snowflake","anchor":{"x":0.5,"y":0.5},"scale":{"x":1,"y":1},"rotation":0,"depth":0,"data":"","position":{"x":13250,"y":2148}},{"id":"coin","texture":"ui_icon_gameplay_snowflake","anchor":{"x":0.5,"y":0.5},"scale":{"x":1,"y":1},"rotation":0,"depth":0,"data":"","position":{"x":13873,"y":1816}},{"id":"coin","texture":"ui_icon_gameplay_snowflake","anchor":{"x":0.5,"y":0.5},"scale":{"x":1,"y":1},"rotation":0,"depth":0,"data":"","position":{"x":13672,"y":1993}},{"id":"coin","texture":"ui_icon_gameplay_snowflake","anchor":{"x":0.5,"y":0.5},"scale":{"x":1,"y":1},"rotation":0,"depth":0,"data":"","position":{"x":14040,"y":1669}},{"id":"coin","texture":"ui_icon_gameplay_snowflake","anchor":{"x":0.5,"y":0.5},"scale":{"x":1,"y":1},"rotation":0,"depth":0,"data":"","position":{"x":14218,"y":1547}},{"id":"coin","texture":"ui_icon_gameplay_snowflake","anchor":{"x":0.5,"y":0.5},"scale":{"x":1,"y":1},"rotation":0,"depth":0,"data":"","position":{"x":14385,"y":1469}},{"id":"coin","texture":"ui_icon_gameplay_snowflake","anchor":{"x":0.5,"y":0.5},"scale":{"x":1,"y":1},"rotation":0,"depth":0,"data":"","position":{"x":14565,"y":1438}},{"id":"coin","texture":"ui_icon_gameplay_snowflake","anchor":{"x":0.5,"y":0.5},"scale":{"x":1,"y":1},"rotation":0,"depth":0,"data":"","position":{"x":14646,"y":1313}},{"id":"coin","texture":"ui_icon_gameplay_snowflake","anchor":{"x":0.5,"y":0.5},"scale":{"x":1,"y":1},"rotation":0,"depth":0,"data":"","position":{"x":14776,"y":1233}},{"id":"coin","texture":"ui_icon_gameplay_snowflake","anchor":{"x":0.5,"y":0.5},"scale":{"x":1,"y":1},"rotation":0,"depth":0,"data":"","position":{"x":14946,"y":1255}},{"id":"coin","texture":"ui_icon_gameplay_snowflake","anchor":{"x":0.5,"y":0.5},"scale":{"x":1,"y":1},"rotation":0,"depth":0,"data":"","position":{"x":15059,"y":1341}},{"id":"coin","texture":"ui_icon_gameplay_snowflake","anchor":{"x":0.5,"y":0.5},"scale":{"x":1,"y":1},"rotation":0,"depth":0,"data":"","position":{"x":15140,"y":1494}},{"id":"coin","texture":"ui_icon_gameplay_snowflake","anchor":{"x":0.5,"y":0.5},"scale":{"x":1,"y":1},"rotation":0,"depth":0,"data":"","position":{"x":15201,"y":1672}},{"id":"coin","texture":"ui_icon_gameplay_snowflake","anchor":{"x":0.5,"y":0.5},"scale":{"x":1,"y":1},"rotation":0,"depth":0,"data":"","position":{"x":15653,"y":1596}},{"id":"coin","texture":"ui_icon_gameplay_snowflake","anchor":{"x":0.5,"y":0.5},"scale":{"x":1,"y":1},"rotation":0,"depth":0,"data":"","position":{"x":15590,"y":1731}},{"id":"coin","texture":"ui_icon_gameplay_snowflake","anchor":{"x":0.5,"y":0.5},"scale":{"x":1,"y":1},"rotation":0,"depth":0,"data":"","position":{"x":15716,"y":1498}},{"id":"crystal_pink","texture":"ingame_crystal_pink_00","anchor":{"x":0.5,"y":0.5},"scale":{"x":1,"y":1},"rotation":0,"depth":0,"data":"","position":{"x":15831,"y":1382}},{"id":"level_gameover","texture":"level_gameover","anchor":{"x":0.5,"y":0.5},"scale":{"x":5.7,"y":5.7},"rotation":0,"depth":0,"data":"","position":{"x":14586,"y":2606}},{"id":"level_gameover","texture":"level_gameover","anchor":{"x":0.5,"y":0.5},"scale":{"x":5.4,"y":5.4},"rotation":0,"depth":0,"data":"","position":{"x":10372,"y":2403}},{"id":"level_gameover","texture":"level_gameover","anchor":{"x":0.5,"y":0.5},"scale":{"x":7.4,"y":7.4},"rotation":0,"depth":0,"data":"","position":{"x":4495,"y":1854}},{"id":"level_gameover","texture":"level_gameover","anchor":{"x":0.5,"y":0.5},"scale":{"x":3.7,"y":3.7},"rotation":0,"depth":0,"data":"","position":{"x":22157,"y":3698}},{"id":"camera_zoom","texture":"camera_zoom","anchor":{"x":0.5,"y":0.5},"scale":{"x":5,"y":5},"rotation":0,"depth":0,"data":"{\"zoom\":0.6,\"time\":0.5}","position":{"x":9606,"y":1400}},{"id":"crystal_cyan","texture":"ingame_crystal_cyan_00","anchor":{"x":0.5,"y":0.5},"scale":{"x":1,"y":1},"rotation":0,"depth":0,"data":"","position":{"x":30045,"y":3284}},{"id":"crystal_cyan","texture":"ingame_crystal_cyan_00","anchor":{"x":0.5,"y":0.5},"scale":{"x":1,"y":1},"rotation":0,"depth":0,"data":"","position":{"x":27620,"y":3538}},{"id":"crystal_purple","texture":"ingame_crystal_purple_00","anchor":{"x":0.5,"y":0.5},"scale":{"x":1,"y":1},"rotation":0,"depth":0,"data":"","position":{"x":32553,"y":1991}},{"id":"crystal_purple","texture":"ingame_crystal_purple_00","anchor":{"x":0.5,"y":0.5},"scale":{"x":1,"y":1},"rotation":0,"depth":0,"data":"","position":{"x":34037,"y":2267}},{"id":"crystal_pink","texture":"ingame_crystal_pink_00","anchor":{"x":0.5,"y":0.5},"scale":{"x":1,"y":1},"rotation":0,"depth":0,"data":"","position":{"x":26927,"y":1979}},{"id":"coin","texture":"ui_icon_gameplay_snowflake","anchor":{"x":0.5,"y":0.5},"scale":{"x":1,"y":1},"rotation":0,"depth":0,"data":"","position":{"x":26516,"y":2368}},{"id":"coin","texture":"ui_icon_gameplay_snowflake","anchor":{"x":0.5,"y":0.5},"scale":{"x":1,"y":1},"rotation":0,"depth":0,"data":"","position":{"x":26555,"y":2240}},{"id":"coin","texture":"ui_icon_gameplay_snowflake","anchor":{"x":0.5,"y":0.5},"scale":{"x":1,"y":1},"rotation":0,"depth":0,"data":"","position":{"x":26669,"y":2179}},{"id":"coin","texture":"ui_icon_gameplay_snowflake","anchor":{"x":0.5,"y":0.5},"scale":{"x":1,"y":1},"rotation":0,"depth":0,"data":"","position":{"x":26721,"y":2085}},{"id":"coin","texture":"ui_icon_gameplay_snowflake","anchor":{"x":0.5,"y":0.5},"scale":{"x":1,"y":1},"rotation":0,"depth":0,"data":"","position":{"x":26793,"y":2002}},{"id":"coin","texture":"ui_icon_gameplay_snowflake","anchor":{"x":0.5,"y":0.5},"scale":{"x":1,"y":1},"rotation":0,"depth":0,"data":"","position":{"x":24563,"y":2825}},{"id":"coin","texture":"ui_icon_gameplay_snowflake","anchor":{"x":0.5,"y":0.5},"scale":{"x":1,"y":1},"rotation":0,"depth":0,"data":"","position":{"x":24663,"y":2961}},{"id":"coin","texture":"ui_icon_gameplay_snowflake","anchor":{"x":0.5,"y":0.5},"scale":{"x":1,"y":1},"rotation":0,"depth":0,"data":"","position":{"x":24780,"y":3126}},{"id":"coin","texture":"ui_icon_gameplay_snowflake","anchor":{"x":0.5,"y":0.5},"scale":{"x":1,"y":1},"rotation":0,"depth":0,"data":"","position":{"x":24958,"y":3307}},{"id":"coin","texture":"ui_icon_gameplay_snowflake","anchor":{"x":0.5,"y":0.5},"scale":{"x":1,"y":1},"rotation":0,"depth":0,"data":"","position":{"x":17588,"y":1727}},{"id":"coin","texture":"ui_icon_gameplay_snowflake","anchor":{"x":0.5,"y":0.5},"scale":{"x":1,"y":1},"rotation":0,"depth":0,"data":"","position":{"x":17672,"y":1850}},{"id":"coin","texture":"ui_icon_gameplay_snowflake","anchor":{"x":0.5,"y":0.5},"scale":{"x":1,"y":1},"rotation":0,"depth":0,"data":"","position":{"x":17765,"y":1988}},{"id":"coin","texture":"ui_icon_gameplay_snowflake","anchor":{"x":0.5,"y":0.5},"scale":{"x":1,"y":1},"rotation":0,"depth":0,"data":"","position":{"x":17875,"y":2137}},{"id":"coin","texture":"ui_icon_gameplay_snowflake","anchor":{"x":0.5,"y":0.5},"scale":{"x":1,"y":1},"rotation":0,"depth":0,"data":"","position":{"x":18031,"y":2280}},{"id":"coin","texture":"ui_icon_gameplay_snowflake","anchor":{"x":0.5,"y":0.5},"scale":{"x":1,"y":1},"rotation":0,"depth":0,"data":"","position":{"x":18288,"y":2345}},{"id":"coin","texture":"ui_icon_gameplay_snowflake","anchor":{"x":0.5,"y":0.5},"scale":{"x":1,"y":1},"rotation":0,"depth":0,"data":"","position":{"x":18873,"y":2357}},{"id":"coin","texture":"ui_icon_gameplay_snowflake","anchor":{"x":0.5,"y":0.5},"scale":{"x":1,"y":1},"rotation":0,"depth":0,"data":"","position":{"x":19121,"y":2364}},{"id":"coin","texture":"ui_icon_gameplay_snowflake","anchor":{"x":0.5,"y":0.5},"scale":{"x":1,"y":1},"rotation":0,"depth":0,"data":"","position":{"x":19398,"y":2373}},{"id":"coin","texture":"ui_icon_gameplay_snowflake","anchor":{"x":0.5,"y":0.5},"scale":{"x":1,"y":1},"rotation":0,"depth":0,"data":"","position":{"x":19344,"y":1709}},{"id":"coin","texture":"ui_icon_gameplay_snowflake","anchor":{"x":0.5,"y":0.5},"scale":{"x":1,"y":1},"rotation":0,"depth":0,"data":"","position":{"x":19532,"y":1709}},{"id":"coin","texture":"ui_icon_gameplay_snowflake","anchor":{"x":0.5,"y":0.5},"scale":{"x":1,"y":1},"rotation":0,"depth":0,"data":"","position":{"x":19698,"y":1716}},{"id":"coin","texture":"ui_icon_gameplay_snowflake","anchor":{"x":0.5,"y":0.5},"scale":{"x":1,"y":1},"rotation":0,"depth":0,"data":"","position":{"x":19905,"y":1714}},{"id":"coin","texture":"ui_icon_gameplay_snowflake","anchor":{"x":0.5,"y":0.5},"scale":{"x":1,"y":1},"rotation":0,"depth":0,"data":"","position":{"x":20080,"y":1714}},{"id":"coin","texture":"ui_icon_gameplay_snowflake","anchor":{"x":0.5,"y":0.5},"scale":{"x":1,"y":1},"rotation":0,"depth":0,"data":"","position":{"x":20292,"y":1714}},{"id":"coin","texture":"ui_icon_gameplay_snowflake","anchor":{"x":0.5,"y":0.5},"scale":{"x":1,"y":1},"rotation":0,"depth":0,"data":"","position":{"x":17754,"y":1466}},{"id":"coin","texture":"ui_icon_gameplay_snowflake","anchor":{"x":0.5,"y":0.5},"scale":{"x":1,"y":1},"rotation":0,"depth":0,"data":"","position":{"x":17907,"y":1470}},{"id":"coin","texture":"ui_icon_gameplay_snowflake","anchor":{"x":0.5,"y":0.5},"scale":{"x":1,"y":1},"rotation":0,"depth":0,"data":"","position":{"x":18059,"y":1468}},{"id":"coin","texture":"ui_icon_gameplay_snowflake","anchor":{"x":0.5,"y":0.5},"scale":{"x":1,"y":1},"rotation":0,"depth":0,"data":"","position":{"x":18376,"y":1464}},{"id":"coin","texture":"ui_icon_gameplay_snowflake","anchor":{"x":0.5,"y":0.5},"scale":{"x":1,"y":1},"rotation":0,"depth":0,"data":"","position":{"x":18541,"y":1458}},{"id":"coin","texture":"ui_icon_gameplay_snowflake","anchor":{"x":0.5,"y":0.5},"scale":{"x":1,"y":1},"rotation":0,"depth":0,"data":"","position":{"x":20682,"y":2776}},{"id":"crystal_cyan","texture":"ingame_crystal_cyan_00","anchor":{"x":0.5,"y":0.5},"scale":{"x":1,"y":1},"rotation":0,"depth":0,"data":"","position":{"x":18604,"y":2331}},{"id":"crystal_pink","texture":"ingame_crystal_pink_00","anchor":{"x":0.5,"y":0.5},"scale":{"x":1,"y":1},"rotation":0,"depth":0,"data":"","position":{"x":7403,"y":537}},{"id":"coin","texture":"ui_icon_gameplay_snowflake","anchor":{"x":0.5,"y":0.5},"scale":{"x":1,"y":1},"rotation":0,"depth":0,"data":"","position":{"x":21851,"y":2969}},{"id":"coin","texture":"ui_icon_gameplay_snowflake","anchor":{"x":0.5,"y":0.5},"scale":{"x":1,"y":1},"rotation":0,"depth":0,"data":"","position":{"x":21935,"y":2841}},{"id":"coin","texture":"ui_icon_gameplay_snowflake","anchor":{"x":0.5,"y":0.5},"scale":{"x":1,"y":1},"rotation":0,"depth":0,"data":"","position":{"x":22101,"y":2763}},{"id":"coin","texture":"ui_icon_gameplay_snowflake","anchor":{"x":0.5,"y":0.5},"scale":{"x":1,"y":1},"rotation":0,"depth":0,"data":"","position":{"x":22268,"y":2843}},{"id":"coin","texture":"ui_icon_gameplay_snowflake","anchor":{"x":0.5,"y":0.5},"scale":{"x":1,"y":1},"rotation":0,"depth":0,"data":"","position":{"x":22378,"y":2973}},{"id":"coin","texture":"ui_icon_gameplay_snowflake","anchor":{"x":0.5,"y":0.5},"scale":{"x":1,"y":1},"rotation":0,"depth":0,"data":"","position":{"x":25116,"y":2673}},{"id":"coin","texture":"ui_icon_gameplay_snowflake","anchor":{"x":0.5,"y":0.5},"scale":{"x":1,"y":1},"rotation":0,"depth":0,"data":"","position":{"x":25289,"y":2668}},{"id":"coin","texture":"ui_icon_gameplay_snowflake","anchor":{"x":0.5,"y":0.5},"scale":{"x":1,"y":1},"rotation":0,"depth":0,"data":"","position":{"x":24941,"y":2686}},{"id":"coin","texture":"ui_icon_gameplay_snowflake","anchor":{"x":0.5,"y":0.5},"scale":{"x":1,"y":1},"rotation":0,"depth":0,"data":"","position":{"x":25686,"y":3475}},{"id":"coin","texture":"ui_icon_gameplay_snowflake","anchor":{"x":0.5,"y":0.5},"scale":{"x":1,"y":1},"rotation":0,"depth":0,"data":"","position":{"x":27032,"y":3526}},{"id":"coin","texture":"ui_icon_gameplay_snowflake","anchor":{"x":0.5,"y":0.5},"scale":{"x":1,"y":1},"rotation":0,"depth":0,"data":"","position":{"x":27191,"y":3529}},{"id":"coin","texture":"ui_icon_gameplay_snowflake","anchor":{"x":0.5,"y":0.5},"scale":{"x":1,"y":1},"rotation":0,"depth":0,"data":"","position":{"x":27351,"y":3534}},{"id":"coin","texture":"ui_icon_gameplay_snowflake","anchor":{"x":0.5,"y":0.5},"scale":{"x":1,"y":1},"rotation":0,"depth":0,"data":"","position":{"x":20944,"y":2977}},{"id":"coin","texture":"ui_icon_gameplay_snowflake","anchor":{"x":0.5,"y":0.5},"scale":{"x":1,"y":1},"rotation":0,"depth":0,"data":"","position":{"x":30237,"y":3892}},{"id":"coin","texture":"ui_icon_gameplay_snowflake","anchor":{"x":0.5,"y":0.5},"scale":{"x":1,"y":1},"rotation":0,"depth":0,"data":"","position":{"x":29491,"y":3752}},{"id":"coin","texture":"ui_icon_gameplay_snowflake","anchor":{"x":0.5,"y":0.5},"scale":{"x":1,"y":1},"rotation":0,"depth":0,"data":"","position":{"x":21201,"y":2999}},{"id":"coin","texture":"ui_icon_gameplay_snowflake","anchor":{"x":0.5,"y":0.5},"scale":{"x":1,"y":1},"rotation":0,"depth":0,"data":"","position":{"x":29652,"y":3857}},{"id":"coin","texture":"ui_icon_gameplay_snowflake","anchor":{"x":0.5,"y":0.5},"scale":{"x":1,"y":1},"rotation":0,"depth":0,"data":"","position":{"x":30410,"y":3864}},{"id":"coin","texture":"ui_icon_gameplay_snowflake","anchor":{"x":0.5,"y":0.5},"scale":{"x":1,"y":1},"rotation":0,"depth":0,"data":"","position":{"x":30594,"y":3764}},{"id":"coin","texture":"ui_icon_gameplay_snowflake","anchor":{"x":0.5,"y":0.5},"scale":{"x":1,"y":1},"rotation":0,"depth":0,"data":"","position":{"x":28477,"y":2242}},{"id":"coin","texture":"ui_icon_gameplay_snowflake","anchor":{"x":0.5,"y":0.5},"scale":{"x":1,"y":1},"rotation":0,"depth":0,"data":"","position":{"x":28730,"y":2193}},{"id":"coin","texture":"ui_icon_gameplay_snowflake","anchor":{"x":0.5,"y":0.5},"scale":{"x":1,"y":1},"rotation":0,"depth":0,"data":"","position":{"x":28934,"y":2117}},{"id":"coin","texture":"ui_icon_gameplay_snowflake","anchor":{"x":0.5,"y":0.5},"scale":{"x":1,"y":1},"rotation":0,"depth":0,"data":"","position":{"x":29170,"y":2063}},{"id":"coin","texture":"ui_icon_gameplay_snowflake","anchor":{"x":0.5,"y":0.5},"scale":{"x":1,"y":1},"rotation":0,"depth":0,"data":"","position":{"x":29390,"y":2040}},{"id":"crystal_green","texture":"ingame_crystal_green_00","anchor":{"x":0.5,"y":0.5},"scale":{"x":1,"y":1},"rotation":0,"depth":0,"data":"","position":{"x":25911,"y":3495}},{"id":"crystal_green","texture":"ingame_crystal_green_00","anchor":{"x":0.5,"y":0.5},"scale":{"x":1,"y":1},"rotation":0,"depth":0,"data":"","position":{"x":29814,"y":2094}},{"id":"coin","texture":"ui_icon_gameplay_snowflake","anchor":{"x":0.5,"y":0.5},"scale":{"x":1,"y":1},"rotation":0,"depth":0,"data":"","position":{"x":29640,"y":2057}},{"id":"coin","texture":"ui_icon_gameplay_snowflake","anchor":{"x":0.5,"y":0.5},"scale":{"x":1,"y":1},"rotation":0,"depth":0,"data":"","position":{"x":31897,"y":2298}},{"id":"coin","texture":"ui_icon_gameplay_snowflake","anchor":{"x":0.5,"y":0.5},"scale":{"x":1,"y":1},"rotation":0,"depth":0,"data":"","position":{"x":32211,"y":2014}},{"id":"coin","texture":"ui_icon_gameplay_snowflake","anchor":{"x":0.5,"y":0.5},"scale":{"x":1,"y":1},"rotation":0,"depth":0,"data":"","position":{"x":32066,"y":2128}},{"id":"coin","texture":"ui_icon_gameplay_snowflake","anchor":{"x":0.5,"y":0.5},"scale":{"x":1,"y":1},"rotation":0,"depth":0,"data":"","position":{"x":33623,"y":2415}},{"id":"coin","texture":"ui_icon_gameplay_snowflake","anchor":{"x":0.5,"y":0.5},"scale":{"x":1,"y":1},"rotation":0,"depth":0,"data":"","position":{"x":33476,"y":2565}},{"id":"coin","texture":"ui_icon_gameplay_snowflake","anchor":{"x":0.5,"y":0.5},"scale":{"x":1,"y":1},"rotation":0,"depth":0,"data":"","position":{"x":33835,"y":2288}},{"id":"coin","texture":"ui_icon_gameplay_snowflake","anchor":{"x":0.5,"y":0.5},"scale":{"x":1,"y":1},"rotation":0,"depth":0,"data":"","position":{"x":29832,"y":3416}},{"id":"coin","texture":"ui_icon_gameplay_snowflake","anchor":{"x":0.5,"y":0.5},"scale":{"x":1,"y":1},"rotation":0,"depth":0,"data":"","position":{"x":29908,"y":3302}},{"id":"coin","texture":"ui_icon_gameplay_snowflake","anchor":{"x":0.5,"y":0.5},"scale":{"x":1,"y":1},"rotation":0,"depth":0,"data":"","position":{"x":30187,"y":3315}},{"id":"coin","texture":"ui_icon_gameplay_snowflake","anchor":{"x":0.5,"y":0.5},"scale":{"x":1,"y":1},"rotation":0,"depth":0,"data":"","position":{"x":30293,"y":3433}},{"id":"coin","texture":"ui_icon_gameplay_snowflake","anchor":{"x":0.5,"y":0.5},"scale":{"x":1,"y":1},"rotation":0,"depth":0,"data":"","position":{"x":25763,"y":3352}},{"id":"coin","texture":"ui_icon_gameplay_snowflake","anchor":{"x":0.5,"y":0.5},"scale":{"x":1,"y":1},"rotation":0,"depth":0,"data":"","position":{"x":25899,"y":3268}},{"id":"coin","texture":"ui_icon_gameplay_snowflake","anchor":{"x":0.5,"y":0.5},"scale":{"x":1,"y":1},"rotation":0,"depth":0,"data":"","position":{"x":26045,"y":3315}},{"id":"coin","texture":"ui_icon_gameplay_snowflake","anchor":{"x":0.5,"y":0.5},"scale":{"x":1,"y":1},"rotation":0,"depth":0,"data":"","position":{"x":26146,"y":3440}},{"id":"coin","texture":"ui_icon_gameplay_snowflake","anchor":{"x":0.5,"y":0.5},"scale":{"x":1,"y":1},"rotation":0,"depth":0,"data":"","position":{"x":32371,"y":3495}},{"id":"coin","texture":"ui_icon_gameplay_snowflake","anchor":{"x":0.5,"y":0.5},"scale":{"x":1,"y":1},"rotation":0,"depth":0,"data":"","position":{"x":32479,"y":3387}},{"id":"coin","texture":"ui_icon_gameplay_snowflake","anchor":{"x":0.5,"y":0.5},"scale":{"x":1,"y":1},"rotation":0,"depth":0,"data":"","position":{"x":32624,"y":3355}},{"id":"coin","texture":"ui_icon_gameplay_snowflake","anchor":{"x":0.5,"y":0.5},"scale":{"x":1,"y":1},"rotation":0,"depth":0,"data":"","position":{"x":32769,"y":3456}},{"id":"coin","texture":"ui_icon_gameplay_snowflake","anchor":{"x":0.5,"y":0.5},"scale":{"x":1,"y":1},"rotation":0,"depth":0,"data":"","position":{"x":32813,"y":3602}},{"id":"coin","texture":"ui_icon_gameplay_snowflake","anchor":{"x":0.5,"y":0.5},"scale":{"x":1,"y":1},"rotation":0,"depth":0,"data":"","position":{"x":34101,"y":3810}},{"id":"coin","texture":"ui_icon_gameplay_snowflake","anchor":{"x":0.5,"y":0.5},"scale":{"x":1,"y":1},"rotation":0,"depth":0,"data":"","position":{"x":34291,"y":3661}},{"id":"coin","texture":"ui_icon_gameplay_snowflake","anchor":{"x":0.5,"y":0.5},"scale":{"x":1,"y":1},"rotation":0,"depth":0,"data":"","position":{"x":34485,"y":3452}},{"id":"coin","texture":"ui_icon_gameplay_snowflake","anchor":{"x":0.5,"y":0.5},"scale":{"x":1,"y":1},"rotation":0,"depth":0,"data":"","position":{"x":34742,"y":3188}},{"id":"coin","texture":"ui_icon_gameplay_snowflake","anchor":{"x":0.5,"y":0.5},"scale":{"x":1,"y":1},"rotation":0,"depth":0,"data":"","position":{"x":35021,"y":3059}},{"id":"coin","texture":"ui_icon_gameplay_snowflake","anchor":{"x":0.5,"y":0.5},"scale":{"x":1,"y":1},"rotation":0,"depth":0,"data":"","position":{"x":24390,"y":2663}},{"id":"coin","texture":"ui_icon_gameplay_snowflake","anchor":{"x":0.5,"y":0.5},"scale":{"x":1,"y":1},"rotation":0,"depth":0,"data":"","position":{"x":23775,"y":2709}},{"id":"coin","texture":"ui_icon_gameplay_snowflake","anchor":{"x":0.5,"y":0.5},"scale":{"x":1,"y":1},"rotation":0,"depth":0,"data":"","position":{"x":23936,"y":2697}},{"id":"troll_magic","texture":"ingame_troll_magic_00","anchor":{"x":0.5,"y":0.5},"scale":{"x":1,"y":1},"rotation":0,"depth":0,"data":"","position":{"x":37307,"y":3316}},{"id":"coin","texture":"ui_icon_gameplay_snowflake","anchor":{"x":0.5,"y":0.5},"scale":{"x":1,"y":1},"rotation":0,"depth":0,"data":"","position":{"x":38621,"y":3656}},{"id":"coin","texture":"ui_icon_gameplay_snowflake","anchor":{"x":0.5,"y":0.5},"scale":{"x":1,"y":1},"rotation":0,"depth":0,"data":"","position":{"x":38721,"y":3757}},{"id":"coin","texture":"ui_icon_gameplay_snowflake","anchor":{"x":0.5,"y":0.5},"scale":{"x":1,"y":1},"rotation":0,"depth":0,"data":"","position":{"x":38841,"y":3893}},{"id":"coin","texture":"ui_icon_gameplay_snowflake","anchor":{"x":0.5,"y":0.5},"scale":{"x":1,"y":1},"rotation":0,"depth":0,"data":"","position":{"x":38967,"y":4029}},{"id":"coin","texture":"ui_icon_gameplay_snowflake","anchor":{"x":0.5,"y":0.5},"scale":{"x":1,"y":1},"rotation":0,"depth":0,"data":"","position":{"x":39103,"y":4178}},{"id":"coin","texture":"ui_icon_gameplay_snowflake","anchor":{"x":0.5,"y":0.5},"scale":{"x":1,"y":1},"rotation":0,"depth":0,"data":"","position":{"x":39259,"y":4373}},{"id":"coin","texture":"ui_icon_gameplay_snowflake","anchor":{"x":0.5,"y":0.5},"scale":{"x":1,"y":1},"rotation":0,"depth":0,"data":"","position":{"x":39414,"y":4554}},{"id":"coin","texture":"ui_icon_gameplay_snowflake","anchor":{"x":0.5,"y":0.5},"scale":{"x":1,"y":1},"rotation":0,"depth":0,"data":"","position":{"x":39576,"y":4726}},{"id":"coin","texture":"ui_icon_gameplay_snowflake","anchor":{"x":0.5,"y":0.5},"scale":{"x":1,"y":1},"rotation":0,"depth":0,"data":"","position":{"x":39758,"y":4820}},{"id":"coin","texture":"ui_icon_gameplay_snowflake","anchor":{"x":0.5,"y":0.5},"scale":{"x":1,"y":1},"rotation":0,"depth":0,"data":"","position":{"x":39962,"y":4871}},{"id":"coin","texture":"ui_icon_gameplay_snowflake","anchor":{"x":0.5,"y":0.5},"scale":{"x":1,"y":1},"rotation":0,"depth":0,"data":"","position":{"x":40189,"y":4972}},{"id":"coin","texture":"ui_icon_gameplay_snowflake","anchor":{"x":0.5,"y":0.5},"scale":{"x":1,"y":1},"rotation":0,"depth":0,"data":"","position":{"x":40415,"y":5100}},{"id":"coin","texture":"ui_icon_gameplay_snowflake","anchor":{"x":0.5,"y":0.5},"scale":{"x":1,"y":1},"rotation":0,"depth":0,"data":"","position":{"x":40668,"y":5182}},{"id":"coin","texture":"ui_icon_gameplay_snowflake","anchor":{"x":0.5,"y":0.5},"scale":{"x":1,"y":1},"rotation":0,"depth":0,"data":"","position":{"x":41001,"y":5175}},{"id":"coin","texture":"ui_icon_gameplay_snowflake","anchor":{"x":0.5,"y":0.5},"scale":{"x":1,"y":1},"rotation":0,"depth":0,"data":"","position":{"x":41364,"y":5162}},{"id":"troll","texture":"troll","anchor":{"x":0.5,"y":1},"scale":{"x":1,"y":1},"rotation":0,"depth":0,"data":"{\"character\":\"anna\", \"crystal\":3}","position":{"x":25508,"y":2742}},{"id":"troll_sign","texture":"ingame_troll_sign","anchor":{"x":0.5,"y":1},"scale":{"x":1,"y":1},"rotation":0,"depth":0,"data":"{\"character\":\"anna\", \"crystal\":3}","position":{"x":25613,"y":2755}},{"id":"troll_sign_arrow","texture":"ingame_troll_sign_arrow","anchor":{"x":0.5,"y":0.5},"scale":{"x":1,"y":1},"rotation":54,"depth":1,"data":"{\"character\":\"anna\", \"crystal\":3}","position":{"x":25613,"y":2633}},{"id":"troll","texture":"troll","anchor":{"x":0.5,"y":1},"scale":{"x":1,"y":1},"rotation":0,"depth":0,"data":"{\"character\":\"elsa\", \"crystal\":3}","position":{"x":30193,"y":2191}},{"id":"troll_sign","texture":"ingame_troll_sign","anchor":{"x":0.5,"y":1},"scale":{"x":1,"y":1},"rotation":0,"depth":0,"data":"{\"character\":\"elsa\", \"crystal\":3}","position":{"x":30262,"y":2207}},{"id":"troll_sign_arrow","texture":"ingame_troll_sign_arrow","anchor":{"x":0.5,"y":0.5},"scale":{"x":1,"y":1},"rotation":95,"depth":1,"data":"{\"character\":\"elsa\", \"crystal\":3}","position":{"x":30264,"y":2086}},{"id":"coin","texture":"ui_icon_gameplay_snowflake","anchor":{"x":0.5,"y":0.5},"scale":{"x":1,"y":1},"rotation":0,"depth":0,"data":"","position":{"x":4349,"y":736}},{"id":"coin","texture":"ui_icon_gameplay_snowflake","anchor":{"x":0.5,"y":0.5},"scale":{"x":1,"y":1},"rotation":0,"depth":0,"data":"","position":{"x":4461,"y":634}},{"id":"coin","texture":"ui_icon_gameplay_snowflake","anchor":{"x":0.5,"y":0.5},"scale":{"x":1,"y":1},"rotation":0,"depth":0,"data":"","position":{"x":4591,"y":612}},{"id":"coin","texture":"ui_icon_gameplay_snowflake","anchor":{"x":0.5,"y":0.5},"scale":{"x":1,"y":1},"rotation":0,"depth":0,"data":"","position":{"x":4706,"y":703}},{"id":"coin","texture":"ui_icon_gameplay_snowflake","anchor":{"x":0.5,"y":0.5},"scale":{"x":1,"y":1},"rotation":0,"depth":0,"data":"","position":{"x":4791,"y":862}},{"id":"coin","texture":"ui_icon_gameplay_snowflake","anchor":{"x":0.5,"y":0.5},"scale":{"x":1,"y":1},"rotation":0,"depth":0,"data":"","position":{"x":7169,"y":686}},{"id":"coin","texture":"ui_icon_gameplay_snowflake","anchor":{"x":0.5,"y":0.5},"scale":{"x":1,"y":1},"rotation":0,"depth":0,"data":"","position":{"x":7245,"y":580}},{"id":"coin","texture":"ui_icon_gameplay_snowflake","anchor":{"x":0.5,"y":0.5},"scale":{"x":1,"y":1},"rotation":0,"depth":0,"data":"","position":{"x":7520,"y":590}},{"id":"coin","texture":"ui_icon_gameplay_snowflake","anchor":{"x":0.5,"y":0.5},"scale":{"x":1,"y":1},"rotation":0,"depth":0,"data":"","position":{"x":7600,"y":716}},{"id":"coin","texture":"ui_icon_gameplay_snowflake","anchor":{"x":0.5,"y":0.5},"scale":{"x":1,"y":1},"rotation":0,"depth":0,"data":"","position":{"x":10215,"y":1647}},{"id":"coin","texture":"ui_icon_gameplay_snowflake","anchor":{"x":0.5,"y":0.5},"scale":{"x":1,"y":1},"rotation":0,"depth":0,"data":"","position":{"x":10319,"y":1551}},{"id":"coin","texture":"ui_icon_gameplay_snowflake","anchor":{"x":0.5,"y":0.5},"scale":{"x":1,"y":1},"rotation":0,"depth":0,"data":"","position":{"x":10456,"y":1534}},{"id":"coin","texture":"ui_icon_gameplay_snowflake","anchor":{"x":0.5,"y":0.5},"scale":{"x":1,"y":1},"rotation":0,"depth":0,"data":"","position":{"x":10570,"y":1582}},{"id":"coin","texture":"ui_icon_gameplay_snowflake","anchor":{"x":0.5,"y":0.5},"scale":{"x":1,"y":1},"rotation":0,"depth":0,"data":"","position":{"x":10644,"y":1677}},{"id":"coin","texture":"ui_icon_gameplay_snowflake","anchor":{"x":0.5,"y":0.5},"scale":{"x":1,"y":1},"rotation":0,"depth":0,"data":"","position":{"x":10670,"y":1772}},{"id":"coin","texture":"ui_icon_gameplay_snowflake","anchor":{"x":0.5,"y":0.5},"scale":{"x":1,"y":1},"rotation":0,"depth":0,"data":"","position":{"x":30053,"y":3912}},{"id":"coin","texture":"ui_icon_gameplay_snowflake","anchor":{"x":0.5,"y":0.5},"scale":{"x":1,"y":1},"rotation":0,"depth":0,"data":"","position":{"x":30745,"y":3680}},{"id":"coin","texture":"ui_icon_gameplay_snowflake","anchor":{"x":0.5,"y":0.5},"scale":{"x":1,"y":1},"rotation":0,"depth":0,"data":"","position":{"x":30885,"y":3570}},{"id":"troll","texture":"troll","anchor":{"x":0.5,"y":1},"scale":{"x":1,"y":1},"rotation":0,"depth":0,"data":"{\"character\":\"kristoff\", \"crystal\":2}","position":{"x":24190,"y":2763}},{"id":"troll_sign","texture":"ingame_troll_sign","anchor":{"x":0.5,"y":1},"scale":{"x":1,"y":1},"rotation":0,"depth":0,"data":"{\"character\":\"kristoff\", \"crystal\":2}","position":{"x":24266,"y":2766}},{"id":"troll_sign_arrow","texture":"ingame_troll_sign_arrow","anchor":{"x":0.5,"y":0.5},"scale":{"x":1,"y":1},"rotation":126,"depth":1,"data":"{\"character\":\"kristoff\", \"crystal\":2}","position":{"x":24267,"y":2646}},{"id":"troll","texture":"troll","anchor":{"x":0.5,"y":1},"scale":{"x":1,"y":1},"rotation":0,"depth":0,"data":"{\"character\":\"olaf\", \"crystal\":2}","position":{"x":26407,"y":3553}},{"id":"troll_sign","texture":"ingame_troll_sign","anchor":{"x":0.5,"y":1},"scale":{"x":1,"y":1},"rotation":0,"depth":0,"data":"{\"character\":\"olaf\", \"crystal\":2}","position":{"x":26474,"y":3565}},{"id":"troll_sign_arrow","texture":"ingame_troll_sign_arrow","anchor":{"x":0.5,"y":0.5},"scale":{"x":1,"y":1},"rotation":110,"depth":1,"data":"{\"character\":\"olaf\", \"crystal\":2}","position":{"x":26477,"y":3446}},{"id":"coin","texture":"ui_icon_gameplay_snowflake","anchor":{"x":0.5,"y":0.5},"scale":{"x":1,"y":1},"rotation":0,"depth":0,"data":"","position":{"x":28628,"y":3513}},{"id":"coin","texture":"ui_icon_gameplay_snowflake","anchor":{"x":0.5,"y":0.5},"scale":{"x":1,"y":1},"rotation":0,"depth":0,"data":"","position":{"x":28832,"y":3511}},{"id":"coin","texture":"ui_icon_gameplay_snowflake","anchor":{"x":0.5,"y":0.5},"scale":{"x":1,"y":1},"rotation":0,"depth":0,"data":"","position":{"x":29042,"y":3506}},{"id":"icicle_01_00","texture":"theme_01_icicle_00","anchor":{"x":0.5,"y":0},"scale":{"x":1,"y":1},"rotation":0,"depth":0,"data":"","position":{"x":29956,"y":2976}},{"id":"troll","texture":"troll","anchor":{"x":0.5,"y":1},"scale":{"x":1,"y":1},"rotation":0,"depth":0,"data":"{\"character\":\"anna\"}","position":{"x":37186,"y":3420}},{"id":"coin","texture":"ui_icon_gameplay_snowflake","anchor":{"x":0.5,"y":0.5},"scale":{"x":1,"y":1},"rotation":0,"depth":0,"data":"","position":{"x":32377,"y":1958}},{"id":"troll_pabbie","texture":"troll_pabbie","anchor":{"x":0.5,"y":1},"scale":{"x":1,"y":1},"rotation":0,"depth":0,"data":"","position":{"x":22700,"y":3081}},{"id":"troll_pabbie","texture":"troll_pabbie","anchor":{"x":0.5,"y":1},"scale":{"x":1,"y":1},"rotation":0,"depth":0,"data":"","position":{"x":33822,"y":4017}},{"id":"troll_pabbie","texture":"troll_pabbie","anchor":{"x":0.5,"y":1},"scale":{"x":1,"y":1},"rotation":0,"depth":0,"data":"","position":{"x":28620,"y":2340}}]},{"name":"foreground","depth":10,"paths":[{"closed":false,"depth":-10,"collisions":0,"texFill":"theme_04_fill","texGround":"theme_04_ground","texGroundEdge":"","texWall":"theme_01_wall","texFillPadding":512,"texFillSize":256,"texGroundSize":320,"texGroundDelta":0.1,"texWallSize":160,"texWallDelta":0.1,"texWallAngle":70,"texGroundEdgeSide":"","data":"","points":[{"x":-800,"y":-48},{"x":-560,"y":-48},{"x":-288,"y":-48},{"x":32,"y":-48},{"x":384,"y":-48},{"x":1136,"y":304},{"x":1760,"y":912},{"x":2016,"y":912},{"x":2176,"y":816},{"x":2592,"y":896},{"x":3040,"y":1008},{"x":3392,"y":1232},{"x":3616,"y":1712}],"bounds":[-800,3616]}],"objects":[{"id":"tree_01_06","texture":"theme_01_tree_06","anchor":{"x":0.5,"y":1},"scale":{"x":1.1,"y":1.1},"rotation":0,"depth":0,"data":"","position":{"x":1371,"y":684}},{"id":"tree_01_05","texture":"theme_01_tree_05","anchor":{"x":0.5,"y":1},"scale":{"x":1,"y":1},"rotation":0,"depth":0,"data":"","position":{"x":2069,"y":896}},{"id":"tree_01_06","texture":"theme_01_tree_06","anchor":{"x":0.5,"y":1},"scale":{"x":1.8,"y":1.8},"rotation":0,"depth":0,"data":"","position":{"x":-125,"y":112}},{"id":"tree_01_05","texture":"theme_01_tree_05","anchor":{"x":0.5,"y":1},"scale":{"x":1.9,"y":1.9},"rotation":0,"depth":0,"data":"","position":{"x":410,"y":265}},{"id":"tree_01_09","texture":"theme_01_tree_09","anchor":{"x":0.5,"y":1},"scale":{"x":1.5,"y":1.5},"rotation":0,"depth":0,"data":"","position":{"x":914,"y":375}},{"id":"tree_01_07","texture":"theme_01_tree_07","anchor":{"x":0.5,"y":1},"scale":{"x":1.8,"y":1.8},"rotation":0,"depth":0,"data":"","position":{"x":1179,"y":578}},{"id":"carriage_01_00","texture":"theme_01_carriage_00","anchor":{"x":0.5,"y":1},"scale":{"x":1,"y":1},"rotation":0,"depth":0,"data":"","position":{"x":2298,"y":881}},{"id":"tree_01_08","texture":"theme_01_tree_08","anchor":{"x":0.5,"y":1},"scale":{"x":1.1,"y":1.1},"rotation":0,"depth":0,"data":"","position":{"x":2592,"y":957}},{"id":"tree_01_09","texture":"theme_01_tree_09","anchor":{"x":0.5,"y":1},"scale":{"x":1,"y":1},"rotation":0,"depth":0,"data":"","position":{"x":3177,"y":1279}},{"id":"tree_01_09","texture":"theme_01_tree_09","anchor":{"x":0.5,"y":1},"scale":{"x":1,"y":1},"rotation":0,"depth":0,"data":"","position":{"x":1591,"y":829}},{"id":"tree_01_05","texture":"theme_01_tree_05","anchor":{"x":0.5,"y":1},"scale":{"x":1.3,"y":1.3},"rotation":0,"depth":0,"data":"","position":{"x":2942,"y":1213}},{"id":"tree_01_06","texture":"theme_01_tree_06","anchor":{"x":0.5,"y":1},"scale":{"x":1.5,"y":1.5},"rotation":0,"depth":0,"data":"","position":{"x":1838,"y":999}},{"id":"tree_01_06","texture":"theme_01_tree_06","anchor":{"x":0.5,"y":1},"scale":{"x":1,"y":1},"rotation":0,"depth":0,"data":"","position":{"x":42205,"y":5283}},{"id":"icicle_01_00","texture":"theme_01_icicle_00","anchor":{"x":0.5,"y":0},"scale":{"x":1,"y":1},"rotation":0,"depth":0,"data":"","position":{"x":29204,"y":3222}},{"id":"icicle_01_00","texture":"theme_01_icicle_00","anchor":{"x":0.5,"y":0},"scale":{"x":1,"y":1},"rotation":0,"depth":0,"data":"","position":{"x":30712,"y":3170}},{"id":"icicle_01_00","texture":"theme_01_icicle_00","anchor":{"x":0.5,"y":0},"scale":{"x":1,"y":1},"rotation":0,"depth":0,"data":"","position":{"x":30990,"y":3329}},{"id":"icicle_01_01","texture":"theme_01_icicle_01","anchor":{"x":0.5,"y":0},"scale":{"x":1,"y":1},"rotation":0,"depth":0,"data":"","position":{"x":30409,"y":3025}},{"id":"icicle_01_01","texture":"theme_01_icicle_01","anchor":{"x":0.5,"y":0},"scale":{"x":1,"y":1},"rotation":0,"depth":0,"data":"","position":{"x":29608,"y":3048}},{"id":"icicle_01_00","texture":"theme_01_icicle_00","anchor":{"x":0.5,"y":0},"scale":{"x":1,"y":1},"rotation":0,"depth":0,"data":"","position":{"x":18323,"y":2063}},{"id":"icicle_01_00","texture":"theme_01_icicle_00","anchor":{"x":0.5,"y":0},"scale":{"x":1,"y":1},"rotation":0,"depth":0,"data":"","position":{"x":19060,"y":2159}},{"id":"icicle_01_01","texture":"theme_01_icicle_01","anchor":{"x":0.5,"y":0},"scale":{"x":1,"y":1},"rotation":0,"depth":0,"data":"","position":{"x":18494,"y":2056}},{"id":"tree_01_08","texture":"theme_01_tree_08","anchor":{"x":0.5,"y":1},"scale":{"x":1,"y":1},"rotation":0,"depth":0,"data":"","position":{"x":42695,"y":5256}},{"id":"tree_01_07","texture":"theme_01_tree_07","anchor":{"x":0.5,"y":1},"scale":{"x":1,"y":1},"rotation":0,"depth":0,"data":"","position":{"x":42848,"y":5253}},{"id":"tree_01_09","texture":"theme_01_tree_09","anchor":{"x":0.5,"y":1},"scale":{"x":1,"y":1},"rotation":0,"depth":0,"data":"","position":{"x":41619,"y":5273}},{"id":"tree_01_06","texture":"theme_01_tree_06","anchor":{"x":0.5,"y":1},"scale":{"x":0.7,"y":0.7},"rotation":0,"depth":0,"data":"","position":{"x":42562,"y":5252}}]}],"length":41658}