{"name":"level_02","layers":[{"name":"bg_objects","depth":-10,"paths":[],"objects":[{"id":"rock_02_00","texture":"theme_02_rock_00","anchor":{"x":0.5,"y":1},"scale":{"x":1,"y":1},"rotation":0,"depth":-1,"data":"","position":{"x":24117,"y":-351}},{"id":"tree_02_07","texture":"theme_02_tree_07","anchor":{"x":0.5,"y":1},"scale":{"x":1,"y":1},"rotation":0,"depth":0,"data":"","position":{"x":24822,"y":621}},{"id":"tree_02_02","texture":"theme_02_tree_02","anchor":{"x":0.5,"y":1},"scale":{"x":1.4,"y":1.4},"rotation":0,"depth":0,"data":"","position":{"x":912,"y":120}},{"id":"tree_02_03","texture":"theme_02_tree_03","anchor":{"x":0.5,"y":1},"scale":{"x":1,"y":1},"rotation":0,"depth":0,"data":"","position":{"x":764,"y":124}},{"id":"tree_02_08","texture":"theme_02_tree_08","anchor":{"x":0.5,"y":1},"scale":{"x":0.7,"y":0.7},"rotation":0,"depth":0,"data":"","position":{"x":8273,"y":1546}},{"id":"tree_02_03","texture":"theme_02_tree_03","anchor":{"x":0.5,"y":1},"scale":{"x":1,"y":1},"rotation":0,"depth":-1,"data":"","position":{"x":368,"y":132}},{"id":"tree_03_02","texture":"theme_03_tree_02","anchor":{"x":0.5,"y":1},"scale":{"x":1,"y":1},"rotation":0,"depth":0,"data":"","position":{"x":28005,"y":2725}},{"id":"tree_02_00","texture":"theme_02_tree_00","anchor":{"x":0.5,"y":1},"scale":{"x":3.2,"y":3.2},"rotation":0,"depth":0,"data":"","position":{"x":230,"y":161}},{"id":"forest_02_00","texture":"theme_02_forest_00","anchor":{"x":0.5,"y":1},"scale":{"x":1,"y":1},"rotation":0,"depth":-9,"data":"","position":{"x":253,"y":129}},{"id":"rock_02_02","texture":"theme_02_rock_02","anchor":{"x":0.5,"y":1},"scale":{"x":2,"y":2},"rotation":0,"depth":-10,"data":"","position":{"x":-32,"y":65}},{"id":"rock_02_01","texture":"theme_02_rock_01","anchor":{"x":0.5,"y":1},"scale":{"x":1.5,"y":1.5},"rotation":0,"depth":-10,"data":"","position":{"x":605,"y":111}},{"id":"rock_02_01","texture":"theme_02_rock_01","anchor":{"x":0.5,"y":1},"scale":{"x":1,"y":1},"rotation":0,"depth":-1,"data":"","position":{"x":6699,"y":1630}},{"id":"tree_02_08","texture":"theme_02_tree_08","anchor":{"x":0.5,"y":1},"scale":{"x":1,"y":1},"rotation":0,"depth":0,"data":"","position":{"x":8471,"y":1471}},{"id":"tree_02_08","texture":"theme_02_tree_08","anchor":{"x":0.5,"y":1},"scale":{"x":1,"y":1},"rotation":0,"depth":0,"data":"","position":{"x":6636,"y":1640}},{"id":"tree_02_00","texture":"theme_02_tree_00","anchor":{"x":0.5,"y":1},"scale":{"x":1,"y":1},"rotation":0,"depth":0,"data":"","position":{"x":6759,"y":1638}},{"id":"tree_02_04","texture":"theme_02_tree_04","anchor":{"x":0.5,"y":1},"scale":{"x":1,"y":1},"rotation":0,"depth":0,"data":"","position":{"x":6484,"y":1635}},{"id":"tree_02_08","texture":"theme_02_tree_08","anchor":{"x":0.5,"y":1},"scale":{"x":1,"y":1},"rotation":0,"depth":0,"data":"","position":{"x":4523,"y":1686}},{"id":"tree_02_05","texture":"theme_02_tree_05","anchor":{"x":0.5,"y":1},"scale":{"x":1,"y":1},"rotation":0,"depth":0,"data":"","position":{"x":5969,"y":1693}},{"id":"tree_02_09","texture":"theme_02_tree_09","anchor":{"x":0.5,"y":1},"scale":{"x":1,"y":1},"rotation":0,"depth":0,"data":"","position":{"x":14265,"y":939}},{"id":"rock_02_00","texture":"theme_02_rock_00","anchor":{"x":0.5,"y":1},"scale":{"x":1,"y":1},"rotation":0,"depth":-1,"data":"","position":{"x":14352,"y":920}},{"id":"tree_02_01","texture":"theme_02_tree_01","anchor":{"x":0.5,"y":1},"scale":{"x":1,"y":1},"rotation":0,"depth":0,"data":"","position":{"x":14460,"y":940}},{"id":"tree_02_04","texture":"theme_02_tree_04","anchor":{"x":0.5,"y":1},"scale":{"x":0.9,"y":0.9},"rotation":0,"depth":0,"data":"","position":{"x":14595,"y":947}},{"id":"tree_02_00","texture":"theme_02_tree_00","anchor":{"x":0.5,"y":1},"scale":{"x":1,"y":1},"rotation":0,"depth":0,"data":"","position":{"x":14180,"y":930}},{"id":"tree_02_05","texture":"theme_02_tree_05","anchor":{"x":0.5,"y":1},"scale":{"x":1,"y":1},"rotation":0,"depth":-7,"data":"","position":{"x":14395,"y":940}},{"id":"rock_02_00","texture":"theme_02_rock_00","anchor":{"x":0.5,"y":1},"scale":{"x":1,"y":1},"rotation":0,"depth":-1,"data":"","position":{"x":14915,"y":924}},{"id":"tree_02_07","texture":"theme_02_tree_07","anchor":{"x":0.5,"y":1},"scale":{"x":1,"y":1},"rotation":0,"depth":0,"data":"","position":{"x":14841,"y":947}},{"id":"forest_02_00","texture":"theme_02_forest_00","anchor":{"x":0.5,"y":1},"scale":{"x":1,"y":1},"rotation":0,"depth":-7,"data":"","position":{"x":-232,"y":127}},{"id":"tree_02_01","texture":"theme_02_tree_01","anchor":{"x":0.5,"y":1},"scale":{"x":1,"y":1},"rotation":0,"depth":0,"data":"","position":{"x":16895,"y":472}},{"id":"tree_02_07","texture":"theme_02_tree_07","anchor":{"x":0.5,"y":1},"scale":{"x":1,"y":1},"rotation":0,"depth":0,"data":"","position":{"x":17106,"y":479}},{"id":"tree_02_05","texture":"theme_02_tree_05","anchor":{"x":0.5,"y":1},"scale":{"x":1,"y":1},"rotation":0,"depth":-7,"data":"","position":{"x":17014,"y":467}},{"id":"tree_02_08","texture":"theme_02_tree_08","anchor":{"x":0.5,"y":1},"scale":{"x":1.1,"y":1.1},"rotation":0,"depth":0,"data":"","position":{"x":16760,"y":470}},{"id":"rock_02_01","texture":"theme_02_rock_01","anchor":{"x":0.5,"y":1},"scale":{"x":1,"y":1},"rotation":3,"depth":-1,"data":"","position":{"x":18523,"y":586}},{"id":"tree_02_00","texture":"theme_02_tree_00","anchor":{"x":0.5,"y":1},"scale":{"x":1,"y":1},"rotation":0,"depth":0,"data":"","position":{"x":18534,"y":596}},{"id":"tree_02_05","texture":"theme_02_tree_05","anchor":{"x":0.5,"y":1},"scale":{"x":1,"y":1},"rotation":0,"depth":0,"data":"","position":{"x":24946,"y":675}},{"id":"rock_02_01","texture":"theme_02_rock_01","anchor":{"x":0.5,"y":1},"scale":{"x":1,"y":1},"rotation":19,"depth":-1,"data":"","position":{"x":24844,"y":617}},{"id":"tree_02_09","texture":"theme_02_tree_09","anchor":{"x":0.5,"y":1},"scale":{"x":1,"y":1},"rotation":0,"depth":0,"data":"","position":{"x":9915,"y":841}},{"id":"tree_02_07","texture":"theme_02_tree_07","anchor":{"x":0.5,"y":1},"scale":{"x":1,"y":1},"rotation":0,"depth":0,"data":"","position":{"x":24614,"y":527}},{"id":"tree_02_07","texture":"theme_02_tree_07","anchor":{"x":0.5,"y":1},"scale":{"x":1,"y":1},"rotation":0,"depth":0,"data":"","position":{"x":24177,"y":-344}},{"id":"rock_02_00","texture":"theme_02_rock_00","anchor":{"x":0.5,"y":1},"scale":{"x":1,"y":1},"rotation":0,"depth":-1,"data":"","position":{"x":17008,"y":463}},{"id":"tree_02_02","texture":"theme_02_tree_02","anchor":{"x":0.5,"y":1},"scale":{"x":1,"y":1},"rotation":0,"depth":0,"data":"","position":{"x":24045,"y":-364}},{"id":"tree_02_07","texture":"theme_02_tree_07","anchor":{"x":0.5,"y":1},"scale":{"x":1,"y":1},"rotation":0,"depth":0,"data":"","position":{"x":23440,"y":-379}},{"id":"rock_02_01","texture":"theme_02_rock_01","anchor":{"x":0.5,"y":1},"scale":{"x":1,"y":1},"rotation":0,"depth":-1,"data":"","position":{"x":20978,"y":766}},{"id":"tree_02_04","texture":"theme_02_tree_04","anchor":{"x":0.5,"y":1},"scale":{"x":1,"y":1},"rotation":0,"depth":0,"data":"","position":{"x":20901,"y":784}},{"id":"tree_02_01","texture":"theme_02_tree_01","anchor":{"x":0.5,"y":1},"scale":{"x":1,"y":1},"rotation":0,"depth":0,"data":"","position":{"x":20747,"y":778}},{"id":"tree_02_01","texture":"theme_02_tree_01","anchor":{"x":0.5,"y":1},"scale":{"x":1,"y":1},"rotation":0,"depth":0,"data":"","position":{"x":20229,"y":918}},{"id":"tree_02_07","texture":"theme_02_tree_07","anchor":{"x":0.5,"y":1},"scale":{"x":1,"y":1},"rotation":0,"depth":0,"data":"","position":{"x":20130,"y":922}},{"id":"rock_02_01","texture":"theme_02_rock_01","anchor":{"x":0.5,"y":1},"scale":{"x":1,"y":1},"rotation":0,"depth":-1,"data":"","position":{"x":20163,"y":910}},{"id":"tree_02_00","texture":"theme_02_tree_00","anchor":{"x":0.5,"y":1},"scale":{"x":1,"y":1},"rotation":0,"depth":0,"data":"","position":{"x":19833,"y":903}},{"id":"rock_02_01","texture":"theme_02_rock_01","anchor":{"x":0.5,"y":1},"scale":{"x":1,"y":1},"rotation":0,"depth":-1,"data":"","position":{"x":19259,"y":1072}},{"id":"tree_02_04","texture":"theme_02_tree_04","anchor":{"x":0.5,"y":1},"scale":{"x":1,"y":1},"rotation":0,"depth":0,"data":"","position":{"x":19394,"y":1080}},{"id":"tree_02_02","texture":"theme_02_tree_02","anchor":{"x":0.5,"y":1},"scale":{"x":1,"y":1},"rotation":0,"depth":0,"data":"","position":{"x":19109,"y":1074}},{"id":"tree_02_07","texture":"theme_02_tree_07","anchor":{"x":0.5,"y":1},"scale":{"x":1,"y":1},"rotation":0,"depth":0,"data":"","position":{"x":19193,"y":1086}},{"id":"tree_02_06","texture":"theme_02_tree_06","anchor":{"x":0.5,"y":1},"scale":{"x":1,"y":1},"rotation":0,"depth":-6,"data":"","position":{"x":19341,"y":1097}},{"id":"rock_02_01","texture":"theme_02_rock_01","anchor":{"x":0.5,"y":1},"scale":{"x":1,"y":1},"rotation":0,"depth":-1,"data":"","position":{"x":15297,"y":-116}},{"id":"tree_02_01","texture":"theme_02_tree_01","anchor":{"x":0.5,"y":1},"scale":{"x":1,"y":1},"rotation":0,"depth":0,"data":"","position":{"x":15331,"y":-110}},{"id":"rock_02_01","texture":"theme_02_rock_01","anchor":{"x":0.5,"y":1},"scale":{"x":1,"y":1},"rotation":0,"depth":-1,"data":"","position":{"x":13010,"y":529}},{"id":"tree_02_01","texture":"theme_02_tree_01","anchor":{"x":0.5,"y":1},"scale":{"x":1,"y":1},"rotation":0,"depth":0,"data":"","position":{"x":12871,"y":544}},{"id":"tree_02_02","texture":"theme_02_tree_02","anchor":{"x":0.5,"y":1},"scale":{"x":1,"y":1},"rotation":0,"depth":0,"data":"","position":{"x":13137,"y":527}},{"id":"tree_02_04","texture":"theme_02_tree_04","anchor":{"x":0.5,"y":1},"scale":{"x":1,"y":1},"rotation":0,"depth":-7,"data":"","position":{"x":12952,"y":532}},{"id":"rock_02_00","texture":"theme_02_rock_00","anchor":{"x":0.5,"y":1},"scale":{"x":1,"y":1},"rotation":0,"depth":-1,"data":"","position":{"x":9909,"y":834}},{"id":"tree_02_00","texture":"theme_02_tree_00","anchor":{"x":0.5,"y":1},"scale":{"x":1,"y":1},"rotation":0,"depth":0,"data":"","position":{"x":9828,"y":847}},{"id":"tree_02_01","texture":"theme_02_tree_01","anchor":{"x":0.5,"y":1},"scale":{"x":1,"y":1},"rotation":0,"depth":0,"data":"","position":{"x":9990,"y":840}},{"id":"tree_02_08","texture":"theme_02_tree_08","anchor":{"x":0.5,"y":1},"scale":{"x":1,"y":1},"rotation":0,"depth":0,"data":"","position":{"x":7815,"y":1548}},{"id":"tree_02_02","texture":"theme_02_tree_02","anchor":{"x":0.5,"y":1},"scale":{"x":1,"y":1},"rotation":0,"depth":0,"data":"","position":{"x":7654,"y":1570}},{"id":"rock_02_01","texture":"theme_02_rock_01","anchor":{"x":0.5,"y":1},"scale":{"x":1,"y":1},"rotation":0,"depth":-1,"data":"","position":{"x":7812,"y":1539}},{"id":"rock_02_02","texture":"theme_02_rock_02","anchor":{"x":0.5,"y":1},"scale":{"x":1,"y":1},"rotation":0,"depth":-1,"data":"","position":{"x":17203,"y":1453}},{"id":"tree_02_04","texture":"theme_02_tree_04","anchor":{"x":0.5,"y":1},"scale":{"x":1,"y":1},"rotation":0,"depth":0,"data":"","position":{"x":17353,"y":1411}},{"id":"tree_02_07","texture":"theme_02_tree_07","anchor":{"x":0.5,"y":1},"scale":{"x":1,"y":1},"rotation":0,"depth":0,"data":"","position":{"x":17180,"y":1436}},{"id":"tree_02_01","texture":"theme_02_tree_01","anchor":{"x":0.5,"y":1},"scale":{"x":1,"y":1},"rotation":0,"depth":0,"data":"","position":{"x":17557,"y":1312}},{"id":"rock_02_01","texture":"theme_02_rock_01","anchor":{"x":0.5,"y":1},"scale":{"x":1,"y":1},"rotation":0,"depth":-1,"data":"","position":{"x":17487,"y":1342}},{"id":"tree_02_08","texture":"theme_02_tree_08","anchor":{"x":0.5,"y":1},"scale":{"x":0.6,"y":0.6},"rotation":0,"depth":-8,"data":"","position":{"x":17464,"y":1345}},{"id":"rock_02_01","texture":"theme_02_rock_01","anchor":{"x":0.5,"y":1},"scale":{"x":1,"y":1},"rotation":21,"depth":-1,"data":"","position":{"x":26352,"y":1573}},{"id":"tree_02_05","texture":"theme_02_tree_05","anchor":{"x":0.5,"y":1},"scale":{"x":1,"y":1},"rotation":0,"depth":0,"data":"","position":{"x":26245,"y":1553}},{"id":"tree_02_07","texture":"theme_02_tree_07","anchor":{"x":0.5,"y":1},"scale":{"x":1,"y":1},"rotation":0,"depth":0,"data":"","position":{"x":26502,"y":1618}},{"id":"tree_02_09","texture":"theme_02_tree_09","anchor":{"x":0.5,"y":1},"scale":{"x":1,"y":1},"rotation":0,"depth":0,"data":"","position":{"x":26066,"y":1483}},{"id":"tree_02_00","texture":"theme_02_tree_00","anchor":{"x":0.5,"y":1},"scale":{"x":1,"y":1},"rotation":0,"depth":0,"data":"","position":{"x":26126,"y":1490}},{"id":"tree_02_02","texture":"theme_02_tree_02","anchor":{"x":0.5,"y":1},"scale":{"x":1,"y":1},"rotation":0,"depth":-9,"data":"","position":{"x":26381,"y":1565}},{"id":"tree_02_00","texture":"theme_02_tree_00","anchor":{"x":0.5,"y":1},"scale":{"x":1,"y":1},"rotation":0,"depth":0,"data":"","position":{"x":24694,"y":551}},{"id":"tree_02_02","texture":"theme_02_tree_02","anchor":{"x":0.5,"y":1},"scale":{"x":1,"y":1},"rotation":0,"depth":0,"data":"","position":{"x":13783,"y":246}},{"id":"tree_02_02","texture":"theme_02_tree_02","anchor":{"x":0.5,"y":1},"scale":{"x":1,"y":1},"rotation":0,"depth":0,"data":"","position":{"x":11831,"y":974}},{"id":"tree_02_02","texture":"theme_02_tree_02","anchor":{"x":0.5,"y":1},"scale":{"x":1,"y":1},"rotation":0,"depth":0,"data":"","position":{"x":11768,"y":1021}},{"id":"rock_02_01","texture":"theme_02_rock_01","anchor":{"x":0.5,"y":1},"scale":{"x":1,"y":1},"rotation":0,"depth":-4,"data":"","position":{"x":11937,"y":905}}]},{"name":"tunnel_fill","depth":-1,"paths":[{"closed":false,"depth":0,"collisions":0,"texFill":"theme_03_fill","texGround":"theme_05_ground","texGroundEdge":"","texWall":"theme_02_wall","texFillPadding":512,"texFillSize":256,"texGroundSize":160,"texGroundDelta":0.1,"texWallSize":160,"texWallDelta":0.1,"texWallAngle":70,"texGroundEdgeSide":"","data":"","points":[{"x":9552,"y":832},{"x":9984,"y":832},{"x":9984,"y":832},{"x":10432,"y":832},{"x":10528,"y":832},{"x":10512,"y":1312},{"x":10544,"y":1392}],"bounds":[9552,10544]},{"closed":true,"depth":0,"collisions":0,"texFill":"theme_03_fill","texGround":"","texGroundEdge":"","texWall":"theme_03_wall","texFillPadding":512,"texFillSize":256,"texGroundSize":160,"texGroundDelta":0.1,"texWallSize":160,"texWallDelta":0.05,"texWallAngle":0,"texGroundEdgeSide":"","data":"","points":[{"x":12496,"y":544},{"x":12688,"y":544},{"x":12784,"y":544},{"x":12976,"y":544},{"x":13248,"y":544},{"x":13936,"y":304},{"x":14208,"y":304},{"x":14160,"y":304},{"x":13744,"y":976},{"x":13696,"y":976},{"x":13296,"y":976},{"x":13088,"y":992},{"x":12688,"y":992},{"x":12608,"y":992},{"x":12480,"y":736},{"x":12480,"y":672}],"bounds":[12480,14208]},{"closed":false,"depth":0,"collisions":0,"texFill":"theme_03_fill","texGround":"","texGroundEdge":"","texWall":"theme_03_wall","texFillPadding":64,"texFillSize":256,"texGroundSize":160,"texGroundDelta":0.1,"texWallSize":160,"texWallDelta":0,"texWallAngle":0,"texGroundEdgeSide":"","data":"","points":[{"x":20944,"y":1952},{"x":21312,"y":1952},{"x":21776,"y":896},{"x":21808,"y":640},{"x":22016,"y":496},{"x":22128,"y":432},{"x":22304,"y":176},{"x":23040,"y":176},{"x":22608,"y":-32},{"x":23120,"y":-304},{"x":23312,"y":-304},{"x":24176,"y":48},{"x":24368,"y":48},{"x":24288,"y":400},{"x":24592,"y":688},{"x":24960,"y":688},{"x":25072,"y":800},{"x":25632,"y":1360},{"x":25776,"y":1360},{"x":26176,"y":1360},{"x":26112,"y":1664},{"x":26512,"y":1664},{"x":26560,"y":2000},{"x":26592,"y":2272},{"x":26640,"y":2320}],"bounds":[20944,26640]}],"objects":[]},{"name":"path","depth":0,"paths":[{"closed":false,"depth":0,"collisions":1,"texFill":"theme_05_fill","texGround":"theme_05_ground","texGroundEdge":"theme_02_ground_edge","texWall":"theme_01_wall","texFillPadding":2048,"texFillSize":256,"texGroundSize":160,"texGroundDelta":0.1,"texWallSize":160,"texWallDelta":0.1,"texWallAngle":70,"texGroundEdgeSide":"none","data":"","points":[{"x":-576,"y":112},{"x":-176,"y":112},{"x":560,"y":112},{"x":912,"y":112},{"x":1088,"y":112},{"x":1424,"y":176},{"x":1808,"y":176},{"x":1824,"y":176},{"x":1824,"y":176},{"x":1840,"y":176}],"bounds":[-576,1840]},{"closed":false,"depth":1,"collisions":0,"texFill":"theme_05_fill","texGround":"theme_05_ground","texGroundEdge":"theme_02_ground_edge","texWall":"theme_02_wall","texFillPadding":320,"texFillSize":256,"texGroundSize":160,"texGroundDelta":0.1,"texWallSize":160,"texWallDelta":0.1,"texWallAngle":70,"texGroundEdgeSide":"none","data":"","points":[{"x":1808,"y":176},{"x":2704,"y":176},{"x":3008,"y":1664},{"x":3824,"y":1648},{"x":4624,"y":1648},{"x":5104,"y":2000},{"x":5504,"y":2000},{"x":6624,"y":2000},{"x":6720,"y":1872},{"x":6992,"y":2592}],"bounds":[1808,6992]},{"closed":false,"depth":0,"collisions":1,"texFill":"theme_02_fill","texGround":"theme_02_ground","texGroundEdge":"theme_02_ground_edge","texWall":"theme_02_wall","texFillPadding":512,"texFillSize":256,"texGroundSize":160,"texGroundDelta":0.1,"texWallSize":160,"texWallDelta":0.1,"texWallAngle":70,"texGroundEdgeSide":"none","data":"","points":[{"x":1808,"y":192},{"x":2768,"y":192},{"x":3920,"y":1744},{"x":4896,"y":1744},{"x":4912,"y":1744},{"x":4992,"y":1744},{"x":5008,"y":1744}],"bounds":[1808,5008]},{"closed":false,"depth":0,"collisions":1,"texFill":"theme_02_fill","texGround":"theme_02_ground","texGroundEdge":"theme_02_ground_edge","texWall":"theme_02_wall","texFillPadding":64,"texFillSize":256,"texGroundSize":160,"texGroundDelta":0.1,"texWallSize":32,"texWallDelta":0,"texWallAngle":72,"texGroundEdgeSide":"right","data":"","points":[{"x":5008,"y":1744},{"x":5696,"y":1744},{"x":6224,"y":1584},{"x":6960,"y":1584},{"x":6976,"y":1584},{"x":6672,"y":2176},{"x":6624,"y":2240}],"bounds":[5008,6976]},{"closed":false,"depth":0,"collisions":1,"texFill":"theme_02_fill","texGround":"theme_02_ground","texGroundEdge":"theme_02_ground_edge","texWall":"theme_02_wall","texFillPadding":512,"texFillSize":256,"texGroundSize":160,"texGroundDelta":0.1,"texWallSize":48,"texWallDelta":0.1,"texWallAngle":70,"texGroundEdgeSide":"","data":"","points":[{"x":7664,"y":2256},{"x":7664,"y":2192},{"x":7248,"y":1696},{"x":7248,"y":1600},{"x":7584,"y":1600},{"x":7696,"y":1520},{"x":8032,"y":1520},{"x":8288,"y":1520},{"x":8288,"y":1312},{"x":8544,"y":1312},{"x":8768,"y":1312},{"x":8768,"y":1072},{"x":9008,"y":1072},{"x":9152,"y":1072},{"x":9152,"y":832},{"x":9280,"y":832},{"x":9488,"y":832},{"x":9424,"y":832},{"x":9600,"y":832},{"x":9792,"y":928},{"x":9504,"y":1552},{"x":9520,"y":1824}],"bounds":[7248,9792]},{"closed":false,"depth":0,"collisions":0,"texFill":"theme_05_fill","texGround":"theme_05_ground","texGroundEdge":"","texWall":"theme_02_wall","texFillPadding":384,"texFillSize":256,"texGroundSize":400,"texGroundDelta":0.1,"texWallSize":80,"texWallDelta":0.1,"texWallAngle":70,"texGroundEdgeSide":"none","data":"","points":[{"x":7392,"y":2640},{"x":7536,"y":2640},{"x":7680,"y":1968},{"x":7984,"y":1760},{"x":8256,"y":1584},{"x":8272,"y":1392},{"x":8624,"y":1392},{"x":8832,"y":1392},{"x":8864,"y":1120},{"x":9232,"y":1152},{"x":9600,"y":1152},{"x":9792,"y":1776},{"x":10288,"y":1760}],"bounds":[7392,10288]},{"closed":false,"depth":-1,"collisions":1,"texFill":"theme_02_fill","texGround":"theme_02_ground","texGroundEdge":"theme_02_ground_edge","texWall":"theme_01_wall","texFillPadding":512,"texFillSize":256,"texGroundSize":160,"texGroundDelta":0.1,"texWallSize":160,"texWallDelta":0.1,"texWallAngle":70,"texGroundEdgeSide":"","data":"","points":[{"x":9440,"y":1104},{"x":9568,"y":1104},{"x":9664,"y":1104},{"x":9760,"y":1232},{"x":9920,"y":1392},{"x":9968,"y":1472},{"x":10240,"y":1472},{"x":10432,"y":1472},{"x":10512,"y":1184},{"x":10720,"y":1184}],"bounds":[9440,10720]},{"closed":false,"depth":-1,"collisions":2,"texFill":"","texGround":"theme_02_ground","texGroundEdge":"theme_02_ground_edge","texWall":"","texFillPadding":512,"texFillSize":256,"texGroundSize":160,"texGroundDelta":0.1,"texWallSize":160,"texWallDelta":0.1,"texWallAngle":70,"texGroundEdgeSide":"none","data":"{\"shrinkPath\":true,\"hidden\":false}","points":[{"x":9568,"y":832},{"x":9648,"y":832},{"x":9776,"y":832},{"x":9856,"y":832}],"bounds":[9568,9856]},{"closed":true,"depth":0,"collisions":2,"texFill":"theme_02_fill","texGround":"theme_02_ground","texGroundEdge":"theme_02_ground_edge","texWall":"theme_03_wall","texFillPadding":512,"texFillSize":256,"texGroundSize":160,"texGroundDelta":0.1,"texWallSize":48,"texWallDelta":0.1,"texWallAngle":70,"texGroundEdgeSide":"","data":"","points":[{"x":9760,"y":832},{"x":9904,"y":832},{"x":10112,"y":832},{"x":10144,"y":832},{"x":10272,"y":832},{"x":10304,"y":832},{"x":10448,"y":832},{"x":10576,"y":832},{"x":10624,"y":832},{"x":10640,"y":832},{"x":10624,"y":944},{"x":10176,"y":1360},{"x":9936,"y":1152},{"x":9904,"y":992},{"x":9776,"y":976},{"x":9760,"y":864}],"bounds":[9760,10640]},{"closed":false,"depth":0,"collisions":1,"texFill":"theme_05_fill","texGround":"theme_05_ground","texGroundEdge":"","texWall":"theme_02_wall","texFillPadding":512,"texFillSize":256,"texGroundSize":160,"texGroundDelta":0.1,"texWallSize":160,"texWallDelta":0.1,"texWallAngle":87,"texGroundEdgeSide":"","data":"","points":[{"x":10144,"y":2016},{"x":10128,"y":1824},{"x":10496,"y":1184},{"x":10720,"y":1184},{"x":11008,"y":1184},{"x":11040,"y":1168},{"x":11328,"y":1168},{"x":11616,"y":1168},{"x":12032,"y":688},{"x":12304,"y":688},{"x":12400,"y":688},{"x":12528,"y":656},{"x":12608,"y":752},{"x":12688,"y":864},{"x":12784,"y":928},{"x":12848,"y":928},{"x":12992,"y":928},{"x":12976,"y":928},{"x":13120,"y":928},{"x":13424,"y":928},{"x":13424,"y":928},{"x":13712,"y":928},{"x":13808,"y":928},{"x":13472,"y":1328},{"x":13504,"y":1760}],"bounds":[10128,13808]},{"closed":false,"depth":-1,"collisions":1,"texFill":"theme_02_fill","texGround":"theme_02_ground","texGroundEdge":"theme_02_ground_edge","texWall":"theme_02_wall","texFillPadding":512,"texFillSize":256,"texGroundSize":160,"texGroundDelta":0.1,"texWallSize":64,"texWallDelta":0.1,"texWallAngle":70,"texGroundEdgeSide":"right","data":"","points":[{"x":12400,"y":784},{"x":12400,"y":720},{"x":11968,"y":944},{"x":11968,"y":832},{"x":12016,"y":800},{"x":12336,"y":528},{"x":12464,"y":528},{"x":12512,"y":528},{"x":12512,"y":528},{"x":12560,"y":528},{"x":12560,"y":576},{"x":12672,"y":848},{"x":12672,"y":896}],"bounds":[11968,12672]},{"closed":false,"depth":-2,"collisions":1,"texFill":"","texGround":"theme_02_ground","texGroundEdge":"","texWall":"theme_02_wall","texFillPadding":512,"texFillSize":256,"texGroundSize":96,"texGroundDelta":0.1,"texWallSize":160,"texWallDelta":0.1,"texWallAngle":70,"texGroundEdgeSide":"","data":"{\"shrinkPath\":true,\"hidden\":false}","points":[{"x":12544,"y":528},{"x":12656,"y":528},{"x":12672,"y":528},{"x":12784,"y":528}],"bounds":[12544,12784]},{"closed":true,"depth":0,"collisions":1,"texFill":"theme_02_fill","texGround":"theme_02_ground","texGroundEdge":"theme_02_ground_edge","texWall":"theme_02_wall","texFillPadding":512,"texFillSize":256,"texGroundSize":160,"texGroundDelta":0.1,"texWallSize":32,"texWallDelta":0.1,"texWallAngle":70,"texGroundEdgeSide":"left","data":"","points":[{"x":12720,"y":528},{"x":12800,"y":528},{"x":12848,"y":528},{"x":12944,"y":528},{"x":13488,"y":528},{"x":13344,"y":224},{"x":13888,"y":224},{"x":14144,"y":224},{"x":14112,"y":112},{"x":14368,"y":112},{"x":14368,"y":352},{"x":14368,"y":176},{"x":14368,"y":272},{"x":14160,"y":272},{"x":14128,"y":496},{"x":13920,"y":496},{"x":13824,"y":496},{"x":13824,"y":448},{"x":13728,"y":448},{"x":13680,"y":448},{"x":13680,"y":576},{"x":13648,"y":576},{"x":13568,"y":576},{"x":13568,"y":512},{"x":13504,"y":512},{"x":13456,"y":512},{"x":13456,"y":624},{"x":13392,"y":624},{"x":13344,"y":624},{"x":13344,"y":576},{"x":13296,"y":576},{"x":13216,"y":576},{"x":13216,"y":672},{"x":13120,"y":672},{"x":12992,"y":672},{"x":12992,"y":624},{"x":12864,"y":624},{"x":12784,"y":608},{"x":12752,"y":576},{"x":12720,"y":528}],"bounds":[12720,14368]},{"closed":false,"depth":-2,"collisions":2,"texFill":"theme_05_fill","texGround":"theme_05_ground","texGroundEdge":"","texWall":"theme_02_wall","texFillPadding":896,"texFillSize":256,"texGroundSize":160,"texGroundDelta":0.1,"texWallSize":256,"texWallDelta":0.1,"texWallAngle":180,"texGroundEdgeSide":"none","data":"","points":[{"x":13504,"y":1328},{"x":14368,"y":1776},{"x":14992,"y":1600},{"x":15872,"y":1600},{"x":16608,"y":1600},{"x":17472,"y":1312},{"x":18192,"y":1136},{"x":18352,"y":1088},{"x":18384,"y":1200},{"x":18464,"y":1312},{"x":18512,"y":1376},{"x":18480,"y":1760},{"x":18672,"y":1760},{"x":19424,"y":1760},{"x":19232,"y":1744},{"x":20336,"y":1744}],"bounds":[13504,20336]},{"closed":true,"depth":0,"collisions":1,"texFill":"theme_02_fill","texGround":"theme_02_ground","texGroundEdge":"theme_02_ground_edge","texWall":"theme_02_wall","texFillPadding":512,"texFillSize":256,"texGroundSize":160,"texGroundDelta":0.1,"texWallSize":48,"texWallDelta":0.1,"texWallAngle":28,"texGroundEdgeSide":"","data":"","points":[{"x":14112,"y":928},{"x":14240,"y":928},{"x":14496,"y":928},{"x":14608,"y":928},{"x":14912,"y":928},{"x":14912,"y":928},{"x":15200,"y":928},{"x":15088,"y":928},{"x":15088,"y":1152},{"x":14976,"y":1152},{"x":14768,"y":1152},{"x":14768,"y":1184},{"x":14576,"y":1184},{"x":14384,"y":1184},{"x":14384,"y":1136},{"x":14192,"y":1136},{"x":14176,"y":1040},{"x":14128,"y":1024},{"x":14112,"y":976}],"bounds":[14112,15200]},{"closed":true,"depth":0,"collisions":1,"texFill":"theme_02_fill","texGround":"theme_02_ground","texGroundEdge":"theme_02_ground_edge","texWall":"theme_02_wall","texFillPadding":512,"texFillSize":256,"texGroundSize":160,"texGroundDelta":0.1,"texWallSize":160,"texWallDelta":0.1,"texWallAngle":70,"texGroundEdgeSide":"right","data":"","points":[{"x":14368,"y":112},{"x":14512,"y":112},{"x":14656,"y":128},{"x":14800,"y":128},{"x":14992,"y":128},{"x":15008,"y":-128},{"x":15216,"y":-128},{"x":15376,"y":-128},{"x":15312,"y":-128},{"x":15488,"y":-128},{"x":15568,"y":-128},{"x":15632,"y":0},{"x":15712,"y":128},{"x":15744,"y":176},{"x":15840,"y":368},{"x":15904,"y":448},{"x":16048,"y":656},{"x":16160,"y":832},{"x":16512,"y":1008},{"x":16400,"y":1008},{"x":16400,"y":1280},{"x":16304,"y":1280},{"x":16160,"y":1104},{"x":16016,"y":1056},{"x":15744,"y":1056},{"x":15744,"y":784},{"x":15360,"y":272},{"x":15136,"y":512},{"x":15152,"y":272},{"x":14944,"y":384},{"x":14720,"y":464},{"x":14672,"y":384},{"x":14512,"y":256},{"x":14368,"y":272}],"bounds":[14368,16512]},{"closed":true,"depth":0,"collisions":2,"texFill":"theme_02_fill","texGround":"theme_02_ground","texGroundEdge":"theme_02_ground_edge","texWall":"theme_02_wall","texFillPadding":512,"texFillSize":256,"texGroundSize":160,"texGroundDelta":0.1,"texWallSize":32,"texWallDelta":0.1,"texWallAngle":70,"texGroundEdgeSide":"","data":"","points":[{"x":16624,"y":464},{"x":16928,"y":464},{"x":16928,"y":464},{"x":17216,"y":464},{"x":17136,"y":464},{"x":17136,"y":656},{"x":17072,"y":656},{"x":16944,"y":656},{"x":16944,"y":736},{"x":16816,"y":736},{"x":16720,"y":736},{"x":16704,"y":464},{"x":16624,"y":464}],"bounds":[16624,17216]},{"closed":true,"depth":0,"collisions":2,"texFill":"theme_02_fill","texGround":"theme_02_ground","texGroundEdge":"theme_02_ground_edge","texWall":"theme_02_wall","texFillPadding":512,"texFillSize":256,"texGroundSize":160,"texGroundDelta":0.1,"texWallSize":64,"texWallDelta":0.1,"texWallAngle":70,"texGroundEdgeSide":"","data":"","points":[{"x":18240,"y":576},{"x":18352,"y":576},{"x":18352,"y":576},{"x":18464,"y":576},{"x":18560,"y":576},{"x":18560,"y":592},{"x":18656,"y":592},{"x":18656,"y":688},{"x":18624,"y":688},{"x":18608,"y":736},{"x":18560,"y":736},{"x":18496,"y":704},{"x":18448,"y":704},{"x":18432,"y":704},{"x":18304,"y":720},{"x":18288,"y":720},{"x":18272,"y":720},{"x":18224,"y":672},{"x":18240,"y":576}],"bounds":[18224,18656]},{"closed":true,"depth":0,"collisions":2,"texFill":"theme_02_fill","texGround":"theme_02_ground","texGroundEdge":"theme_02_ground_edge","texWall":"theme_02_wall","texFillPadding":512,"texFillSize":256,"texGroundSize":160,"texGroundDelta":0.1,"texWallSize":48,"texWallDelta":0.1,"texWallAngle":70,"texGroundEdgeSide":"","data":"","points":[{"x":18800,"y":1072},{"x":19136,"y":1072},{"x":19136,"y":1072},{"x":19472,"y":1072},{"x":19456,"y":1136},{"x":19424,"y":1248},{"x":19360,"y":1248},{"x":19216,"y":1248},{"x":19216,"y":1248},{"x":19072,"y":1248},{"x":18944,"y":1248},{"x":18800,"y":1200},{"x":18800,"y":1072}],"bounds":[18800,19472]},{"closed":true,"depth":0,"collisions":2,"texFill":"theme_02_fill","texGround":"theme_02_ground","texGroundEdge":"theme_02_ground_edge","texWall":"theme_02_wall","texFillPadding":512,"texFillSize":256,"texGroundSize":160,"texGroundDelta":0.1,"texWallSize":64,"texWallDelta":0.1,"texWallAngle":70,"texGroundEdgeSide":"","data":"","points":[{"x":19664,"y":912},{"x":19984,"y":912},{"x":19984,"y":912},{"x":20304,"y":912},{"x":20288,"y":992},{"x":20240,"y":1152},{"x":20176,"y":1152},{"x":20128,"y":1152},{"x":20128,"y":1280},{"x":20080,"y":1280},{"x":20000,"y":1280},{"x":19840,"y":1120},{"x":19760,"y":1120},{"x":19712,"y":1120},{"x":19664,"y":1008},{"x":19664,"y":928}],"bounds":[19664,20304]},{"closed":false,"depth":0,"collisions":1,"texFill":"theme_05_fill","texGround":"theme_05_ground","texGroundEdge":"theme_02_ground_edge","texWall":"theme_02_wall","texFillPadding":704,"texFillSize":256,"texGroundSize":160,"texGroundDelta":0.1,"texWallSize":160,"texWallDelta":0.1,"texWallAngle":70,"texGroundEdgeSide":"none","data":"","points":[{"x":20336,"y":1744},{"x":21440,"y":1744},{"x":21616,"y":2048},{"x":22720,"y":2048},{"x":23824,"y":2048},{"x":23824,"y":2032},{"x":24928,"y":2032},{"x":27040,"y":2032},{"x":27280,"y":2864},{"x":29392,"y":2864},{"x":29824,"y":2864},{"x":29824,"y":2880},{"x":30272,"y":2880}],"bounds":[20336,30272]},{"closed":true,"depth":0,"collisions":2,"texFill":"theme_02_fill","texGround":"theme_02_ground","texGroundEdge":"theme_02_ground_edge","texWall":"theme_02_wall","texFillPadding":512,"texFillSize":256,"texGroundSize":160,"texGroundDelta":0.1,"texWallSize":96,"texWallDelta":0.1,"texWallAngle":70,"texGroundEdgeSide":"","data":"","points":[{"x":20496,"y":768},{"x":20672,"y":768},{"x":20672,"y":768},{"x":20848,"y":768},{"x":20976,"y":768},{"x":20976,"y":768},{"x":21104,"y":768},{"x":21104,"y":832},{"x":21040,"y":960},{"x":20992,"y":960},{"x":20896,"y":960},{"x":20896,"y":1072},{"x":20800,"y":1072},{"x":20720,"y":1072},{"x":20720,"y":1008},{"x":20640,"y":1008},{"x":20576,"y":1008},{"x":20496,"y":880},{"x":20496,"y":800}],"bounds":[20496,21104]},{"closed":true,"depth":0,"collisions":2,"texFill":"theme_02_fill","texGround":"theme_02_ground","texGroundEdge":"theme_02_ground_edge","texWall":"theme_02_wall","texFillPadding":512,"texFillSize":256,"texGroundSize":160,"texGroundDelta":0.1,"texWallSize":80,"texWallDelta":0.1,"texWallAngle":70,"texGroundEdgeSide":"","data":"","points":[{"x":21184,"y":560},{"x":21568,"y":560},{"x":22944,"y":560},{"x":23424,"y":560},{"x":23632,"y":576},{"x":23776,"y":672},{"x":23904,"y":816},{"x":24032,"y":944},{"x":24784,"y":1200},{"x":24736,"y":1200},{"x":25264,"y":1200},{"x":25264,"y":1360},{"x":25792,"y":1360},{"x":25952,"y":1360},{"x":26368,"y":1616},{"x":26528,"y":1616},{"x":26544,"y":1616},{"x":26544,"y":1792},{"x":26544,"y":1792},{"x":26112,"y":1792},{"x":25984,"y":1552},{"x":25568,"y":1552},{"x":25168,"y":1552},{"x":24976,"y":1392},{"x":24576,"y":1392},{"x":24224,"y":1392},{"x":24144,"y":1104},{"x":23792,"y":1104},{"x":23520,"y":1104},{"x":23344,"y":832},{"x":23072,"y":832},{"x":22688,"y":832},{"x":22352,"y":1072},{"x":21984,"y":1072},{"x":21568,"y":1136},{"x":21184,"y":672},{"x":21184,"y":576}],"bounds":[21184,26544]},{"closed":false,"depth":-3,"collisions":1,"texFill":"","texGround":"theme_02_ground","texGroundEdge":"","texWall":"","texFillPadding":512,"texFillSize":256,"texGroundSize":96,"texGroundDelta":0.1,"texWallSize":160,"texWallDelta":0.1,"texWallAngle":70,"texGroundEdgeSide":"","data":"{\"shrinkPath\":true}","points":[{"x":21824,"y":560},{"x":21920,"y":560},{"x":21968,"y":512},{"x":22016,"y":464}],"bounds":[21824,22016]},{"closed":false,"depth":0,"collisions":2,"texFill":"","texGround":"theme_02_ground","texGroundEdge":"theme_02_ground_edge","texWall":"","texFillPadding":512,"texFillSize":256,"texGroundSize":160,"texGroundDelta":0.1,"texWallSize":160,"texWallDelta":0.1,"texWallAngle":70,"texGroundEdgeSide":"","data":"","points":[{"x":21952,"y":1472},{"x":22208,"y":1472},{"x":22208,"y":1488},{"x":22464,"y":1488},{"x":22656,"y":1488},{"x":22656,"y":1488},{"x":22848,"y":1488},{"x":22992,"y":1488},{"x":22992,"y":1456},{"x":23120,"y":1456},{"x":23424,"y":1456},{"x":23408,"y":1536},{"x":23712,"y":1536},{"x":23616,"y":1536},{"x":23600,"y":1648},{"x":23504,"y":1648},{"x":23184,"y":1648},{"x":23216,"y":1776},{"x":22896,"y":1776},{"x":22672,"y":1776},{"x":22672,"y":1744},{"x":22448,"y":1744},{"x":22240,"y":1744},{"x":22240,"y":1680},{"x":22048,"y":1680},{"x":22000,"y":1680},{"x":22000,"y":1504},{"x":21952,"y":1504}],"bounds":[21952,23712]},{"closed":true,"depth":0,"collisions":1,"texFill":"theme_02_fill","texGround":"theme_02_ground","texGroundEdge":"theme_02_ground_edge","texWall":"theme_02_wall","texFillPadding":512,"texFillSize":256,"texGroundSize":160,"texGroundDelta":0.1,"texWallSize":32,"texWallDelta":0.1,"texWallAngle":83,"texGroundEdgeSide":"","data":"","points":[{"x":22000,"y":480},{"x":22176,"y":320},{"x":22464,"y":0},{"x":22512,"y":-64},{"x":22576,"y":-160},{"x":22960,"y":-368},{"x":23200,"y":-368},{"x":23392,"y":-368},{"x":23632,"y":-400},{"x":23824,"y":-400},{"x":24016,"y":-400},{"x":24016,"y":-352},{"x":24208,"y":-352},{"x":24304,"y":-352},{"x":24304,"y":-48},{"x":24416,"y":64},{"x":24320,"y":320},{"x":23520,"y":-176},{"x":23280,"y":-16},{"x":22912,"y":-320},{"x":23136,"y":480},{"x":22432,"y":480},{"x":22352,"y":480},{"x":22064,"y":480},{"x":22000,"y":480}],"bounds":[22000,24416]},{"closed":true,"depth":0,"collisions":2,"texFill":"theme_02_fill","texGround":"theme_02_ground","texGroundEdge":"theme_02_ground_edge","texWall":"theme_02_wall","texFillPadding":512,"texFillSize":256,"texGroundSize":160,"texGroundDelta":0.1,"texWallSize":80,"texWallDelta":0.1,"texWallAngle":70,"texGroundEdgeSide":"","data":"","points":[{"x":23968,"y":432},{"x":24240,"y":432},{"x":24240,"y":496},{"x":24512,"y":496},{"x":24784,"y":496},{"x":24784,"y":672},{"x":25040,"y":672},{"x":25168,"y":672},{"x":25184,"y":896},{"x":25296,"y":976},{"x":25280,"y":1008},{"x":25312,"y":1040},{"x":25152,"y":1040},{"x":24976,"y":880},{"x":24432,"y":656},{"x":24064,"y":656},{"x":24048,"y":576},{"x":23968,"y":528},{"x":23968,"y":464}],"bounds":[23968,25312]}],"objects":[{"id":"level_end","texture":"level_end","anchor":{"x":0.5,"y":0.5},"scale":{"x":5,"y":5},"rotation":0,"depth":0,"data":"","position":{"x":28348,"y":2389}},{"id":"sled","texture":"ingame_sled_00","anchor":{"x":0.5,"y":1},"scale":{"x":1,"y":1},"rotation":7,"depth":1,"data":"","position":{"x":1206,"y":140}},{"id":"level_gameover","texture":"level_gameover","anchor":{"x":0.5,"y":0.5},"scale":{"x":4.4,"y":4.4},"rotation":0,"depth":0,"data":"","position":{"x":7119,"y":2132}},{"id":"shrink_lock","texture":"shrink_lock","anchor":{"x":0.5,"y":0.5},"scale":{"x":1,"y":1},"rotation":0,"depth":0,"data":"","position":{"x":22135,"y":499}},{"id":"shrink_unlock","texture":"shrink_unlock","anchor":{"x":0.5,"y":0.5},"scale":{"x":1,"y":1},"rotation":0,"depth":0,"data":"","position":{"x":22743,"y":484}},{"id":"shrink_unlock","texture":"shrink_unlock","anchor":{"x":0.5,"y":0.5},"scale":{"x":2.3,"y":2.3},"rotation":0,"depth":0,"data":"","position":{"x":10510,"y":1125}},{"id":"shrink_unlock","texture":"shrink_unlock","anchor":{"x":0.5,"y":0.5},"scale":{"x":2.6,"y":2.6},"rotation":0,"depth":0,"data":"","position":{"x":13294,"y":760}},{"id":"shrink_lock","texture":"shrink_lock","anchor":{"x":0.5,"y":0.5},"scale":{"x":1,"y":1},"rotation":0,"depth":0,"data":"","position":{"x":9718,"y":912}},{"id":"shrink_lock","texture":"shrink_lock","anchor":{"x":0.5,"y":0.5},"scale":{"x":1,"y":1},"rotation":0,"depth":0,"data":"","position":{"x":12642,"y":607}},{"id":"camera_zoom","texture":"camera_zoom","anchor":{"x":0.5,"y":0.5},"scale":{"x":5,"y":5},"rotation":0,"depth":0,"data":"{\"zoom\":0.4,\"time\":2.0}","position":{"x":1502,"y":-138}},{"id":"sven","texture":"sven","anchor":{"x":0.5,"y":1},"scale":{"x":1,"y":1},"rotation":0,"depth":0,"data":"","position":{"x":24512,"y":2029}}]},{"name":"obstacles","depth":1,"paths":[],"objects":[{"id":"iceblock_02_00","texture":"theme_02_ice_block_00","anchor":{"x":0.5,"y":1},"scale":{"x":1,"y":1},"rotation":0,"depth":0,"data":"","position":{"x":10276,"y":833}},{"id":"iceblock_02_00","texture":"theme_02_ice_block_00","anchor":{"x":0.5,"y":1},"scale":{"x":1,"y":1},"rotation":0,"depth":0,"data":"","position":{"x":14756,"y":127}},{"id":"iceblock_02_00","texture":"theme_02_ice_block_00","anchor":{"x":0.5,"y":1},"scale":{"x":1,"y":1},"rotation":0,"depth":0,"data":"","position":{"x":23883,"y":2047}},{"id":"icecube_02_04","texture":"theme_02_ice_cube_04","anchor":{"x":0.5,"y":1},"scale":{"x":1,"y":1},"rotation":0,"depth":0,"data":"","position":{"x":25595,"y":2068}},{"id":"icecube_02_04","texture":"theme_02_ice_cube_04","anchor":{"x":0.5,"y":1},"scale":{"x":1,"y":1},"rotation":0,"depth":0,"data":"","position":{"x":25666,"y":2074}},{"id":"icecube_02_04","texture":"theme_02_ice_cube_04","anchor":{"x":0.5,"y":1},"scale":{"x":1,"y":1},"rotation":0,"depth":0,"data":"","position":{"x":26830,"y":2338}},{"id":"icecube_02_05","texture":"theme_02_ice_cube_05","anchor":{"x":0.5,"y":1},"scale":{"x":1,"y":1},"rotation":17,"depth":0,"data":"","position":{"x":26891,"y":2359}},{"id":"icecube_02_05","texture":"theme_02_ice_cube_05","anchor":{"x":0.5,"y":1},"scale":{"x":1,"y":1},"rotation":0,"depth":0,"data":"","position":{"x":22680,"y":1489}},{"id":"icecube_02_03","texture":"theme_02_ice_cube_03","anchor":{"x":0.5,"y":1},"scale":{"x":1,"y":1},"rotation":0,"depth":0,"data":"","position":{"x":15143,"y":1635}},{"id":"icecube_02_03","texture":"theme_02_ice_cube_03","anchor":{"x":0.5,"y":1},"scale":{"x":1,"y":1},"rotation":0,"depth":0,"data":"","position":{"x":10732,"y":1192}}]},{"name":"pickups","depth":2,"paths":[],"objects":[{"id":"coin","texture":"ui_icon_gameplay_snowflake","anchor":{"x":0.5,"y":0.5},"scale":{"x":1,"y":1},"rotation":0,"depth":0,"data":"","position":{"x":22124,"y":507}},{"id":"coin","texture":"ui_icon_gameplay_snowflake","anchor":{"x":0.5,"y":0.5},"scale":{"x":1,"y":1},"rotation":0,"depth":0,"data":"","position":{"x":22208,"y":505}},{"id":"coin","texture":"ui_icon_gameplay_snowflake","anchor":{"x":0.5,"y":0.5},"scale":{"x":1,"y":1},"rotation":0,"depth":0,"data":"","position":{"x":2986,"y":566}},{"id":"coin","texture":"ui_icon_gameplay_snowflake","anchor":{"x":0.5,"y":0.5},"scale":{"x":1,"y":1},"rotation":0,"depth":0,"data":"","position":{"x":3108,"y":656}},{"id":"coin","texture":"ui_icon_gameplay_snowflake","anchor":{"x":0.5,"y":0.5},"scale":{"x":1,"y":1},"rotation":0,"depth":0,"data":"","position":{"x":3234,"y":738}},{"id":"coin","texture":"ui_icon_gameplay_snowflake","anchor":{"x":0.5,"y":0.5},"scale":{"x":1,"y":1},"rotation":0,"depth":0,"data":"","position":{"x":3353,"y":816}},{"id":"coin","texture":"ui_icon_gameplay_snowflake","anchor":{"x":0.5,"y":0.5},"scale":{"x":1,"y":1},"rotation":0,"depth":0,"data":"","position":{"x":3483,"y":914}},{"id":"coin","texture":"ui_icon_gameplay_snowflake","anchor":{"x":0.5,"y":0.5},"scale":{"x":1,"y":1},"rotation":0,"depth":0,"data":"","position":{"x":3591,"y":992}},{"id":"crystal_green","texture":"ingame_crystal_green_00","anchor":{"x":0.5,"y":0.5},"scale":{"x":1,"y":1},"rotation":0,"depth":0,"data":"","position":{"x":23884,"y":1970}},{"id":"crystal_green","texture":"ingame_crystal_green_00","anchor":{"x":0.5,"y":0.5},"scale":{"x":1,"y":1},"rotation":0,"depth":0,"data":"","position":{"x":14756,"y":47}},{"id":"crystal_green","texture":"ingame_crystal_green_00","anchor":{"x":0.5,"y":0.5},"scale":{"x":1,"y":1},"rotation":0,"depth":0,"data":"","position":{"x":10273,"y":753}},{"id":"crystal_cyan","texture":"ingame_crystal_cyan_00","anchor":{"x":0.5,"y":0.5},"scale":{"x":1,"y":1},"rotation":0,"depth":0,"data":"","position":{"x":10173,"y":1408}},{"id":"crystal_cyan","texture":"ingame_crystal_cyan_00","anchor":{"x":0.5,"y":0.5},"scale":{"x":1,"y":1},"rotation":0,"depth":0,"data":"","position":{"x":15278,"y":604}},{"id":"crystal_cyan","texture":"ingame_crystal_cyan_00","anchor":{"x":0.5,"y":0.5},"scale":{"x":1,"y":1},"rotation":0,"depth":0,"data":"","position":{"x":24097,"y":359}},{"id":"crystal_pink","texture":"ingame_crystal_pink_00","anchor":{"x":0.5,"y":0.5},"scale":{"x":1,"y":1},"rotation":0,"depth":0,"data":"","position":{"x":24007,"y":1339}},{"id":"crystal_pink","texture":"ingame_crystal_pink_00","anchor":{"x":0.5,"y":0.5},"scale":{"x":1,"y":1},"rotation":0,"depth":0,"data":"","position":{"x":7107,"y":1136}},{"id":"crystal_purple","texture":"ingame_crystal_purple_00","anchor":{"x":0.5,"y":0.5},"scale":{"x":1,"y":1},"rotation":0,"depth":0,"data":"","position":{"x":24952,"y":-563}},{"id":"crystal_purple","texture":"ingame_crystal_purple_00","anchor":{"x":0.5,"y":0.5},"scale":{"x":1,"y":1},"rotation":0,"depth":0,"data":"","position":{"x":11482,"y":473}},{"id":"crystal_purple","texture":"ingame_crystal_purple_00","anchor":{"x":0.5,"y":0.5},"scale":{"x":1,"y":1},"rotation":0,"depth":0,"data":"","position":{"x":18440,"y":410}},{"id":"coin","texture":"ui_icon_gameplay_snowflake","anchor":{"x":0.5,"y":0.5},"scale":{"x":1,"y":1},"rotation":0,"depth":0,"data":"","position":{"x":5040,"y":1502}},{"id":"coin","texture":"ui_icon_gameplay_snowflake","anchor":{"x":0.5,"y":0.5},"scale":{"x":1,"y":1},"rotation":0,"depth":0,"data":"","position":{"x":5124,"y":1441}},{"id":"coin","texture":"ui_icon_gameplay_snowflake","anchor":{"x":0.5,"y":0.5},"scale":{"x":1,"y":1},"rotation":0,"depth":0,"data":"","position":{"x":5227,"y":1390}},{"id":"coin","texture":"ui_icon_gameplay_snowflake","anchor":{"x":0.5,"y":0.5},"scale":{"x":1,"y":1},"rotation":0,"depth":0,"data":"","position":{"x":5339,"y":1372}},{"id":"coin","texture":"ui_icon_gameplay_snowflake","anchor":{"x":0.5,"y":0.5},"scale":{"x":1,"y":1},"rotation":0,"depth":0,"data":"","position":{"x":5461,"y":1377}},{"id":"coin","texture":"ui_icon_gameplay_snowflake","anchor":{"x":0.5,"y":0.5},"scale":{"x":1,"y":1},"rotation":0,"depth":0,"data":"","position":{"x":5568,"y":1408}},{"id":"coin","texture":"ui_icon_gameplay_snowflake","anchor":{"x":0.5,"y":0.5},"scale":{"x":1,"y":1},"rotation":0,"depth":0,"data":"","position":{"x":6911,"y":1432}},{"id":"coin","texture":"ui_icon_gameplay_snowflake","anchor":{"x":0.5,"y":0.5},"scale":{"x":1,"y":1},"rotation":0,"depth":0,"data":"","position":{"x":8641,"y":1205}},{"id":"coin","texture":"ui_icon_gameplay_snowflake","anchor":{"x":0.5,"y":0.5},"scale":{"x":1,"y":1},"rotation":0,"depth":0,"data":"","position":{"x":8840,"y":1037}},{"id":"coin","texture":"ui_icon_gameplay_snowflake","anchor":{"x":0.5,"y":0.5},"scale":{"x":1,"y":1},"rotation":0,"depth":0,"data":"","position":{"x":9032,"y":985}},{"id":"coin","texture":"ui_icon_gameplay_snowflake","anchor":{"x":0.5,"y":0.5},"scale":{"x":1,"y":1},"rotation":0,"depth":0,"data":"","position":{"x":8181,"y":1407}},{"id":"coin","texture":"ui_icon_gameplay_snowflake","anchor":{"x":0.5,"y":0.5},"scale":{"x":1,"y":1},"rotation":0,"depth":0,"data":"","position":{"x":9723,"y":935}},{"id":"coin","texture":"ui_icon_gameplay_snowflake","anchor":{"x":0.5,"y":0.5},"scale":{"x":1,"y":1},"rotation":0,"depth":0,"data":"","position":{"x":9757,"y":1016}},{"id":"coin","texture":"ui_icon_gameplay_snowflake","anchor":{"x":0.5,"y":0.5},"scale":{"x":1,"y":1},"rotation":0,"depth":0,"data":"","position":{"x":9787,"y":1086}},{"id":"coin","texture":"ui_icon_gameplay_snowflake","anchor":{"x":0.5,"y":0.5},"scale":{"x":1,"y":1},"rotation":0,"depth":0,"data":"","position":{"x":9813,"y":1168}},{"id":"coin","texture":"ui_icon_gameplay_snowflake","anchor":{"x":0.5,"y":0.5},"scale":{"x":1,"y":1},"rotation":0,"depth":0,"data":"","position":{"x":10178,"y":752}},{"id":"coin","texture":"ui_icon_gameplay_snowflake","anchor":{"x":0.5,"y":0.5},"scale":{"x":1,"y":1},"rotation":0,"depth":0,"data":"","position":{"x":10060,"y":749}},{"id":"coin","texture":"ui_icon_gameplay_snowflake","anchor":{"x":0.5,"y":0.5},"scale":{"x":1,"y":1},"rotation":0,"depth":0,"data":"","position":{"x":10399,"y":744}},{"id":"coin","texture":"ui_icon_gameplay_snowflake","anchor":{"x":0.5,"y":0.5},"scale":{"x":1,"y":1},"rotation":0,"depth":0,"data":"","position":{"x":10495,"y":744}},{"id":"coin","texture":"ui_icon_gameplay_snowflake","anchor":{"x":0.5,"y":0.5},"scale":{"x":1,"y":1},"rotation":0,"depth":0,"data":"","position":{"x":10750,"y":590}},{"id":"coin","texture":"ui_icon_gameplay_snowflake","anchor":{"x":0.5,"y":0.5},"scale":{"x":1,"y":1},"rotation":0,"depth":0,"data":"","position":{"x":10802,"y":535}},{"id":"coin","texture":"ui_icon_gameplay_snowflake","anchor":{"x":0.5,"y":0.5},"scale":{"x":1,"y":1},"rotation":0,"depth":0,"data":"","position":{"x":10869,"y":495}},{"id":"coin","texture":"ui_icon_gameplay_snowflake","anchor":{"x":0.5,"y":0.5},"scale":{"x":1,"y":1},"rotation":0,"depth":0,"data":"","position":{"x":10962,"y":485}},{"id":"coin","texture":"ui_icon_gameplay_snowflake","anchor":{"x":0.5,"y":0.5},"scale":{"x":1,"y":1},"rotation":0,"depth":0,"data":"","position":{"x":11057,"y":485}},{"id":"coin","texture":"ui_icon_gameplay_snowflake","anchor":{"x":0.5,"y":0.5},"scale":{"x":1,"y":1},"rotation":0,"depth":0,"data":"","position":{"x":11154,"y":485}},{"id":"coin","texture":"ui_icon_gameplay_snowflake","anchor":{"x":0.5,"y":0.5},"scale":{"x":1,"y":1},"rotation":0,"depth":0,"data":"","position":{"x":11252,"y":482}},{"id":"coin","texture":"ui_icon_gameplay_snowflake","anchor":{"x":0.5,"y":0.5},"scale":{"x":1,"y":1},"rotation":0,"depth":0,"data":"","position":{"x":12663,"y":630}},{"id":"coin","texture":"ui_icon_gameplay_snowflake","anchor":{"x":0.5,"y":0.5},"scale":{"x":1,"y":1},"rotation":0,"depth":0,"data":"","position":{"x":12713,"y":709}},{"id":"coin","texture":"ui_icon_gameplay_snowflake","anchor":{"x":0.5,"y":0.5},"scale":{"x":1,"y":1},"rotation":0,"depth":0,"data":"","position":{"x":12767,"y":759}},{"id":"coin","texture":"ui_icon_gameplay_snowflake","anchor":{"x":0.5,"y":0.5},"scale":{"x":1,"y":1},"rotation":0,"depth":0,"data":"","position":{"x":12839,"y":813}},{"id":"coin","texture":"ui_icon_gameplay_snowflake","anchor":{"x":0.5,"y":0.5},"scale":{"x":1,"y":1},"rotation":0,"depth":0,"data":"","position":{"x":13681,"y":817}},{"id":"coin","texture":"ui_icon_gameplay_snowflake","anchor":{"x":0.5,"y":0.5},"scale":{"x":1,"y":1},"rotation":0,"depth":0,"data":"","position":{"x":13736,"y":737}},{"id":"coin","texture":"ui_icon_gameplay_snowflake","anchor":{"x":0.5,"y":0.5},"scale":{"x":1,"y":1},"rotation":0,"depth":0,"data":"","position":{"x":13813,"y":691}},{"id":"coin","texture":"ui_icon_gameplay_snowflake","anchor":{"x":0.5,"y":0.5},"scale":{"x":1,"y":1},"rotation":0,"depth":0,"data":"","position":{"x":13891,"y":662}},{"id":"coin","texture":"ui_icon_gameplay_snowflake","anchor":{"x":0.5,"y":0.5},"scale":{"x":1,"y":1},"rotation":0,"depth":0,"data":"","position":{"x":15077,"y":862}},{"id":"coin","texture":"ui_icon_gameplay_snowflake","anchor":{"x":0.5,"y":0.5},"scale":{"x":1,"y":1},"rotation":0,"depth":0,"data":"","position":{"x":15106,"y":770}},{"id":"coin","texture":"ui_icon_gameplay_snowflake","anchor":{"x":0.5,"y":0.5},"scale":{"x":1,"y":1},"rotation":0,"depth":0,"data":"","position":{"x":15168,"y":697}},{"id":"coin","texture":"ui_icon_gameplay_snowflake","anchor":{"x":0.5,"y":0.5},"scale":{"x":1,"y":1},"rotation":0,"depth":0,"data":"","position":{"x":15388,"y":688}},{"id":"coin","texture":"ui_icon_gameplay_snowflake","anchor":{"x":0.5,"y":0.5},"scale":{"x":1,"y":1},"rotation":0,"depth":0,"data":"","position":{"x":15490,"y":805}},{"id":"coin","texture":"ui_icon_gameplay_snowflake","anchor":{"x":0.5,"y":0.5},"scale":{"x":1,"y":1},"rotation":0,"depth":0,"data":"","position":{"x":15530,"y":926}},{"id":"coin","texture":"ui_icon_gameplay_snowflake","anchor":{"x":0.5,"y":0.5},"scale":{"x":1,"y":1},"rotation":0,"depth":0,"data":"","position":{"x":15576,"y":1098}},{"id":"coin","texture":"ui_icon_gameplay_snowflake","anchor":{"x":0.5,"y":0.5},"scale":{"x":1,"y":1},"rotation":0,"depth":0,"data":"","position":{"x":14299,"y":1484}},{"id":"coin","texture":"ui_icon_gameplay_snowflake","anchor":{"x":0.5,"y":0.5},"scale":{"x":1,"y":1},"rotation":0,"depth":0,"data":"","position":{"x":14419,"y":1515}},{"id":"coin","texture":"ui_icon_gameplay_snowflake","anchor":{"x":0.5,"y":0.5},"scale":{"x":1,"y":1},"rotation":0,"depth":0,"data":"","position":{"x":14575,"y":1523}},{"id":"coin","texture":"ui_icon_gameplay_snowflake","anchor":{"x":0.5,"y":0.5},"scale":{"x":1,"y":1},"rotation":0,"depth":0,"data":"","position":{"x":14665,"y":41}},{"id":"coin","texture":"ui_icon_gameplay_snowflake","anchor":{"x":0.5,"y":0.5},"scale":{"x":1,"y":1},"rotation":0,"depth":0,"data":"","position":{"x":14569,"y":41}},{"id":"coin","texture":"ui_icon_gameplay_snowflake","anchor":{"x":0.5,"y":0.5},"scale":{"x":1,"y":1},"rotation":0,"depth":0,"data":"","position":{"x":14842,"y":33}},{"id":"coin","texture":"ui_icon_gameplay_snowflake","anchor":{"x":0.5,"y":0.5},"scale":{"x":1,"y":1},"rotation":0,"depth":0,"data":"","position":{"x":14909,"y":-16}},{"id":"coin","texture":"ui_icon_gameplay_snowflake","anchor":{"x":0.5,"y":0.5},"scale":{"x":1,"y":1},"rotation":0,"depth":0,"data":"","position":{"x":15991,"y":342}},{"id":"coin","texture":"ui_icon_gameplay_snowflake","anchor":{"x":0.5,"y":0.5},"scale":{"x":1,"y":1},"rotation":0,"depth":0,"data":"","position":{"x":16068,"y":269}},{"id":"coin","texture":"ui_icon_gameplay_snowflake","anchor":{"x":0.5,"y":0.5},"scale":{"x":1,"y":1},"rotation":0,"depth":0,"data":"","position":{"x":16144,"y":212}},{"id":"coin","texture":"ui_icon_gameplay_snowflake","anchor":{"x":0.5,"y":0.5},"scale":{"x":1,"y":1},"rotation":0,"depth":0,"data":"","position":{"x":16227,"y":184}},{"id":"coin","texture":"ui_icon_gameplay_snowflake","anchor":{"x":0.5,"y":0.5},"scale":{"x":1,"y":1},"rotation":0,"depth":0,"data":"","position":{"x":15436,"y":-209}},{"id":"coin","texture":"ui_icon_gameplay_snowflake","anchor":{"x":0.5,"y":0.5},"scale":{"x":1,"y":1},"rotation":0,"depth":0,"data":"","position":{"x":15538,"y":-201}},{"id":"coin","texture":"ui_icon_gameplay_snowflake","anchor":{"x":0.5,"y":0.5},"scale":{"x":1,"y":1},"rotation":0,"depth":0,"data":"","position":{"x":15621,"y":-150}},{"id":"coin","texture":"ui_icon_gameplay_snowflake","anchor":{"x":0.5,"y":0.5},"scale":{"x":1,"y":1},"rotation":0,"depth":0,"data":"","position":{"x":15672,"y":-79}},{"id":"coin","texture":"ui_icon_gameplay_snowflake","anchor":{"x":0.5,"y":0.5},"scale":{"x":1,"y":1},"rotation":0,"depth":0,"data":"","position":{"x":16167,"y":679}},{"id":"coin","texture":"ui_icon_gameplay_snowflake","anchor":{"x":0.5,"y":0.5},"scale":{"x":1,"y":1},"rotation":0,"depth":0,"data":"","position":{"x":16252,"y":751}},{"id":"coin","texture":"ui_icon_gameplay_snowflake","anchor":{"x":0.5,"y":0.5},"scale":{"x":1,"y":1},"rotation":0,"depth":0,"data":"","position":{"x":16329,"y":810}},{"id":"coin","texture":"ui_icon_gameplay_snowflake","anchor":{"x":0.5,"y":0.5},"scale":{"x":1,"y":1},"rotation":0,"depth":0,"data":"","position":{"x":17185,"y":397}},{"id":"coin","texture":"ui_icon_gameplay_snowflake","anchor":{"x":0.5,"y":0.5},"scale":{"x":1,"y":1},"rotation":0,"depth":0,"data":"","position":{"x":17252,"y":330}},{"id":"coin","texture":"ui_icon_gameplay_snowflake","anchor":{"x":0.5,"y":0.5},"scale":{"x":1,"y":1},"rotation":0,"depth":0,"data":"","position":{"x":17637,"y":403}},{"id":"coin","texture":"ui_icon_gameplay_snowflake","anchor":{"x":0.5,"y":0.5},"scale":{"x":1,"y":1},"rotation":0,"depth":0,"data":"","position":{"x":17730,"y":401}},{"id":"coin","texture":"ui_icon_gameplay_snowflake","anchor":{"x":0.5,"y":0.5},"scale":{"x":1,"y":1},"rotation":0,"depth":0,"data":"","position":{"x":17818,"y":401}},{"id":"coin","texture":"ui_icon_gameplay_snowflake","anchor":{"x":0.5,"y":0.5},"scale":{"x":1,"y":1},"rotation":0,"depth":0,"data":"","position":{"x":17909,"y":401}},{"id":"coin","texture":"ui_icon_gameplay_snowflake","anchor":{"x":0.5,"y":0.5},"scale":{"x":1,"y":1},"rotation":0,"depth":0,"data":"","position":{"x":18013,"y":401}},{"id":"coin","texture":"ui_icon_gameplay_snowflake","anchor":{"x":0.5,"y":0.5},"scale":{"x":1,"y":1},"rotation":0,"depth":0,"data":"","position":{"x":18552,"y":861}},{"id":"coin","texture":"ui_icon_gameplay_snowflake","anchor":{"x":0.5,"y":0.5},"scale":{"x":1,"y":1},"rotation":0,"depth":0,"data":"","position":{"x":18642,"y":861}},{"id":"coin","texture":"ui_icon_gameplay_snowflake","anchor":{"x":0.5,"y":0.5},"scale":{"x":1,"y":1},"rotation":0,"depth":0,"data":"","position":{"x":2877,"y":502}},{"id":"coin","texture":"ui_icon_gameplay_snowflake","anchor":{"x":0.5,"y":0.5},"scale":{"x":1,"y":1},"rotation":0,"depth":0,"data":"","position":{"x":19574,"y":731}},{"id":"coin","texture":"ui_icon_gameplay_snowflake","anchor":{"x":0.5,"y":0.5},"scale":{"x":1,"y":1},"rotation":0,"depth":0,"data":"","position":{"x":2763,"y":439}},{"id":"coin","texture":"ui_icon_gameplay_snowflake","anchor":{"x":0.5,"y":0.5},"scale":{"x":1,"y":1},"rotation":0,"depth":0,"data":"","position":{"x":19639,"y":743}},{"id":"coin","texture":"ui_icon_gameplay_snowflake","anchor":{"x":0.5,"y":0.5},"scale":{"x":1,"y":1},"rotation":0,"depth":0,"data":"","position":{"x":18472,"y":1194}},{"id":"coin","texture":"ui_icon_gameplay_snowflake","anchor":{"x":0.5,"y":0.5},"scale":{"x":1,"y":1},"rotation":0,"depth":0,"data":"","position":{"x":19700,"y":806}},{"id":"coin","texture":"ui_icon_gameplay_snowflake","anchor":{"x":0.5,"y":0.5},"scale":{"x":1,"y":1},"rotation":0,"depth":0,"data":"","position":{"x":18725,"y":906}},{"id":"coin","texture":"ui_icon_gameplay_snowflake","anchor":{"x":0.5,"y":0.5},"scale":{"x":1,"y":1},"rotation":0,"depth":0,"data":"","position":{"x":20361,"y":593}},{"id":"coin","texture":"ui_icon_gameplay_snowflake","anchor":{"x":0.5,"y":0.5},"scale":{"x":1,"y":1},"rotation":0,"depth":0,"data":"","position":{"x":20428,"y":609}},{"id":"coin","texture":"ui_icon_gameplay_snowflake","anchor":{"x":0.5,"y":0.5},"scale":{"x":1,"y":1},"rotation":0,"depth":0,"data":"","position":{"x":20483,"y":664}},{"id":"coin","texture":"ui_icon_gameplay_snowflake","anchor":{"x":0.5,"y":0.5},"scale":{"x":1,"y":1},"rotation":0,"depth":0,"data":"","position":{"x":21699,"y":499}},{"id":"coin","texture":"ui_icon_gameplay_snowflake","anchor":{"x":0.5,"y":0.5},"scale":{"x":1,"y":1},"rotation":0,"depth":0,"data":"","position":{"x":21811,"y":497}},{"id":"coin","texture":"ui_icon_gameplay_snowflake","anchor":{"x":0.5,"y":0.5},"scale":{"x":1,"y":1},"rotation":0,"depth":0,"data":"","position":{"x":21897,"y":493}},{"id":"coin","texture":"ui_icon_gameplay_snowflake","anchor":{"x":0.5,"y":0.5},"scale":{"x":1,"y":1},"rotation":0,"depth":0,"data":"","position":{"x":18597,"y":1358}},{"id":"coin","texture":"ui_icon_gameplay_snowflake","anchor":{"x":0.5,"y":0.5},"scale":{"x":1,"y":1},"rotation":0,"depth":0,"data":"","position":{"x":22051,"y":306}},{"id":"coin","texture":"ui_icon_gameplay_snowflake","anchor":{"x":0.5,"y":0.5},"scale":{"x":1,"y":1},"rotation":0,"depth":0,"data":"","position":{"x":22104,"y":224}},{"id":"coin","texture":"ui_icon_gameplay_snowflake","anchor":{"x":0.5,"y":0.5},"scale":{"x":1,"y":1},"rotation":0,"depth":0,"data":"","position":{"x":18537,"y":1271}},{"id":"coin","texture":"ui_icon_gameplay_snowflake","anchor":{"x":0.5,"y":0.5},"scale":{"x":1,"y":1},"rotation":0,"depth":0,"data":"","position":{"x":21986,"y":389}},{"id":"coin","texture":"ui_icon_gameplay_snowflake","anchor":{"x":0.5,"y":0.5},"scale":{"x":1,"y":1},"rotation":0,"depth":0,"data":"","position":{"x":22279,"y":503}},{"id":"coin","texture":"ui_icon_gameplay_snowflake","anchor":{"x":0.5,"y":0.5},"scale":{"x":1,"y":1},"rotation":0,"depth":0,"data":"","position":{"x":22350,"y":501}},{"id":"coin","texture":"ui_icon_gameplay_snowflake","anchor":{"x":0.5,"y":0.5},"scale":{"x":1,"y":1},"rotation":0,"depth":0,"data":"","position":{"x":22428,"y":501}},{"id":"coin","texture":"ui_icon_gameplay_snowflake","anchor":{"x":0.5,"y":0.5},"scale":{"x":1,"y":1},"rotation":0,"depth":0,"data":"","position":{"x":22515,"y":503}},{"id":"coin","texture":"ui_icon_gameplay_snowflake","anchor":{"x":0.5,"y":0.5},"scale":{"x":1,"y":1},"rotation":0,"depth":0,"data":"","position":{"x":20009,"y":1659}},{"id":"coin","texture":"ui_icon_gameplay_snowflake","anchor":{"x":0.5,"y":0.5},"scale":{"x":1,"y":1},"rotation":0,"depth":0,"data":"","position":{"x":20115,"y":1659}},{"id":"coin","texture":"ui_icon_gameplay_snowflake","anchor":{"x":0.5,"y":0.5},"scale":{"x":1,"y":1},"rotation":0,"depth":0,"data":"","position":{"x":21388,"y":1785}},{"id":"coin","texture":"ui_icon_gameplay_snowflake","anchor":{"x":0.5,"y":0.5},"scale":{"x":1,"y":1},"rotation":0,"depth":0,"data":"","position":{"x":21439,"y":1673}},{"id":"coin","texture":"ui_icon_gameplay_snowflake","anchor":{"x":0.5,"y":0.5},"scale":{"x":1,"y":1},"rotation":0,"depth":0,"data":"","position":{"x":21496,"y":1575}},{"id":"coin","texture":"ui_icon_gameplay_snowflake","anchor":{"x":0.5,"y":0.5},"scale":{"x":1,"y":1},"rotation":0,"depth":0,"data":"","position":{"x":21601,"y":1508}},{"id":"coin","texture":"ui_icon_gameplay_snowflake","anchor":{"x":0.5,"y":0.5},"scale":{"x":1,"y":1},"rotation":0,"depth":0,"data":"","position":{"x":21701,"y":1503}},{"id":"coin","texture":"ui_icon_gameplay_snowflake","anchor":{"x":0.5,"y":0.5},"scale":{"x":1,"y":1},"rotation":0,"depth":0,"data":"","position":{"x":21797,"y":1495}},{"id":"coin","texture":"ui_icon_gameplay_snowflake","anchor":{"x":0.5,"y":0.5},"scale":{"x":1,"y":1},"rotation":0,"depth":0,"data":"","position":{"x":21860,"y":1365}},{"id":"coin","texture":"ui_icon_gameplay_snowflake","anchor":{"x":0.5,"y":0.5},"scale":{"x":1,"y":1},"rotation":0,"depth":0,"data":"","position":{"x":21976,"y":1309}},{"id":"coin","texture":"ui_icon_gameplay_snowflake","anchor":{"x":0.5,"y":0.5},"scale":{"x":1,"y":1},"rotation":0,"depth":0,"data":"","position":{"x":23780,"y":1966}},{"id":"coin","texture":"ui_icon_gameplay_snowflake","anchor":{"x":0.5,"y":0.5},"scale":{"x":1,"y":1},"rotation":0,"depth":0,"data":"","position":{"x":23699,"y":1962}},{"id":"coin","texture":"ui_icon_gameplay_snowflake","anchor":{"x":0.5,"y":0.5},"scale":{"x":1,"y":1},"rotation":0,"depth":0,"data":"","position":{"x":23978,"y":1958}},{"id":"coin","texture":"ui_icon_gameplay_snowflake","anchor":{"x":0.5,"y":0.5},"scale":{"x":1,"y":1},"rotation":0,"depth":0,"data":"","position":{"x":24061,"y":1954}},{"id":"coin","texture":"ui_icon_gameplay_snowflake","anchor":{"x":0.5,"y":0.5},"scale":{"x":1,"y":1},"rotation":0,"depth":0,"data":"","position":{"x":23900,"y":1325}},{"id":"coin","texture":"ui_icon_gameplay_snowflake","anchor":{"x":0.5,"y":0.5},"scale":{"x":1,"y":1},"rotation":0,"depth":0,"data":"","position":{"x":23774,"y":1362}},{"id":"coin","texture":"ui_icon_gameplay_snowflake","anchor":{"x":0.5,"y":0.5},"scale":{"x":1,"y":1},"rotation":0,"depth":0,"data":"","position":{"x":23670,"y":1438}},{"id":"coin","texture":"ui_icon_gameplay_snowflake","anchor":{"x":0.5,"y":0.5},"scale":{"x":1,"y":1},"rotation":0,"depth":0,"data":"","position":{"x":22248,"y":1761}},{"id":"coin","texture":"ui_icon_gameplay_snowflake","anchor":{"x":0.5,"y":0.5},"scale":{"x":1,"y":1},"rotation":0,"depth":0,"data":"","position":{"x":22345,"y":1706}},{"id":"coin","texture":"ui_icon_gameplay_snowflake","anchor":{"x":0.5,"y":0.5},"scale":{"x":1,"y":1},"rotation":0,"depth":0,"data":"","position":{"x":22439,"y":1676}},{"id":"coin","texture":"ui_icon_gameplay_snowflake","anchor":{"x":0.5,"y":0.5},"scale":{"x":1,"y":1},"rotation":0,"depth":0,"data":"","position":{"x":22528,"y":1664}},{"id":"coin","texture":"ui_icon_gameplay_snowflake","anchor":{"x":0.5,"y":0.5},"scale":{"x":1,"y":1},"rotation":0,"depth":0,"data":"","position":{"x":22631,"y":1681}},{"id":"coin","texture":"ui_icon_gameplay_snowflake","anchor":{"x":0.5,"y":0.5},"scale":{"x":1,"y":1},"rotation":0,"depth":0,"data":"","position":{"x":22728,"y":1750}},{"id":"coin","texture":"ui_icon_gameplay_snowflake","anchor":{"x":0.5,"y":0.5},"scale":{"x":1,"y":1},"rotation":0,"depth":0,"data":"","position":{"x":24353,"y":1815}},{"id":"coin","texture":"ui_icon_gameplay_snowflake","anchor":{"x":0.5,"y":0.5},"scale":{"x":1,"y":1},"rotation":0,"depth":0,"data":"","position":{"x":24430,"y":1706}},{"id":"coin","texture":"ui_icon_gameplay_snowflake","anchor":{"x":0.5,"y":0.5},"scale":{"x":1,"y":1},"rotation":0,"depth":0,"data":"","position":{"x":24532,"y":1662}},{"id":"coin","texture":"ui_icon_gameplay_snowflake","anchor":{"x":0.5,"y":0.5},"scale":{"x":1,"y":1},"rotation":0,"depth":0,"data":"","position":{"x":24646,"y":1691}},{"id":"coin","texture":"ui_icon_gameplay_snowflake","anchor":{"x":0.5,"y":0.5},"scale":{"x":1,"y":1},"rotation":0,"depth":0,"data":"","position":{"x":24752,"y":1759}},{"id":"coin","texture":"ui_icon_gameplay_snowflake","anchor":{"x":0.5,"y":0.5},"scale":{"x":1,"y":1},"rotation":0,"depth":0,"data":"","position":{"x":24831,"y":1851}},{"id":"coin","texture":"ui_icon_gameplay_snowflake","anchor":{"x":0.5,"y":0.5},"scale":{"x":1,"y":1},"rotation":0,"depth":0,"data":"","position":{"x":23624,"y":499}},{"id":"coin","texture":"ui_icon_gameplay_snowflake","anchor":{"x":0.5,"y":0.5},"scale":{"x":1,"y":1},"rotation":0,"depth":0,"data":"","position":{"x":23695,"y":401}},{"id":"coin","texture":"ui_icon_gameplay_snowflake","anchor":{"x":0.5,"y":0.5},"scale":{"x":1,"y":1},"rotation":0,"depth":0,"data":"","position":{"x":23797,"y":326}},{"id":"coin","texture":"ui_icon_gameplay_snowflake","anchor":{"x":0.5,"y":0.5},"scale":{"x":1,"y":1},"rotation":0,"depth":0,"data":"","position":{"x":23896,"y":298}},{"id":"coin","texture":"ui_icon_gameplay_snowflake","anchor":{"x":0.5,"y":0.5},"scale":{"x":1,"y":1},"rotation":0,"depth":0,"data":"","position":{"x":24006,"y":293}},{"id":"coin","texture":"ui_icon_gameplay_snowflake","anchor":{"x":0.5,"y":0.5},"scale":{"x":1,"y":1},"rotation":0,"depth":0,"data":"","position":{"x":25090,"y":573}},{"id":"coin","texture":"ui_icon_gameplay_snowflake","anchor":{"x":0.5,"y":0.5},"scale":{"x":1,"y":1},"rotation":0,"depth":0,"data":"","position":{"x":25158,"y":613}},{"id":"coin","texture":"ui_icon_gameplay_snowflake","anchor":{"x":0.5,"y":0.5},"scale":{"x":1,"y":1},"rotation":0,"depth":0,"data":"","position":{"x":25252,"y":637}},{"id":"coin","texture":"ui_icon_gameplay_snowflake","anchor":{"x":0.5,"y":0.5},"scale":{"x":1,"y":1},"rotation":0,"depth":0,"data":"","position":{"x":24593,"y":1046}},{"id":"coin","texture":"ui_icon_gameplay_snowflake","anchor":{"x":0.5,"y":0.5},"scale":{"x":1,"y":1},"rotation":0,"depth":0,"data":"","position":{"x":24685,"y":1089}},{"id":"coin","texture":"ui_icon_gameplay_snowflake","anchor":{"x":0.5,"y":0.5},"scale":{"x":1,"y":1},"rotation":0,"depth":0,"data":"","position":{"x":24807,"y":1107}},{"id":"coin","texture":"ui_icon_gameplay_snowflake","anchor":{"x":0.5,"y":0.5},"scale":{"x":1,"y":1},"rotation":0,"depth":0,"data":"","position":{"x":24941,"y":1135}},{"id":"coin","texture":"ui_icon_gameplay_snowflake","anchor":{"x":0.5,"y":0.5},"scale":{"x":1,"y":1},"rotation":0,"depth":0,"data":"","position":{"x":25078,"y":1168}},{"id":"coin","texture":"ui_icon_gameplay_snowflake","anchor":{"x":0.5,"y":0.5},"scale":{"x":1,"y":1},"rotation":0,"depth":0,"data":"","position":{"x":25243,"y":1190}},{"id":"coin","texture":"ui_icon_gameplay_snowflake","anchor":{"x":0.5,"y":0.5},"scale":{"x":1,"y":1},"rotation":0,"depth":0,"data":"","position":{"x":26113,"y":2060}},{"id":"coin","texture":"ui_icon_gameplay_snowflake","anchor":{"x":0.5,"y":0.5},"scale":{"x":1,"y":1},"rotation":0,"depth":0,"data":"","position":{"x":26204,"y":2072}},{"id":"coin","texture":"ui_icon_gameplay_snowflake","anchor":{"x":0.5,"y":0.5},"scale":{"x":1,"y":1},"rotation":0,"depth":0,"data":"","position":{"x":26274,"y":2093}},{"id":"coin","texture":"ui_icon_gameplay_snowflake","anchor":{"x":0.5,"y":0.5},"scale":{"x":1,"y":1},"rotation":0,"depth":0,"data":"","position":{"x":27272,"y":2402}},{"id":"coin","texture":"ui_icon_gameplay_snowflake","anchor":{"x":0.5,"y":0.5},"scale":{"x":1,"y":1},"rotation":0,"depth":0,"data":"","position":{"x":27364,"y":2435}},{"id":"coin","texture":"ui_icon_gameplay_snowflake","anchor":{"x":0.5,"y":0.5},"scale":{"x":1,"y":1},"rotation":0,"depth":0,"data":"","position":{"x":27468,"y":2466}},{"id":"coin","texture":"ui_icon_gameplay_snowflake","anchor":{"x":0.5,"y":0.5},"scale":{"x":1,"y":1},"rotation":0,"depth":0,"data":"","position":{"x":27553,"y":2496}},{"id":"coin","texture":"ui_icon_gameplay_snowflake","anchor":{"x":0.5,"y":0.5},"scale":{"x":1,"y":1},"rotation":0,"depth":0,"data":"","position":{"x":27644,"y":2533}},{"id":"coin","texture":"ui_icon_gameplay_snowflake","anchor":{"x":0.5,"y":0.5},"scale":{"x":1,"y":1},"rotation":0,"depth":0,"data":"","position":{"x":27745,"y":2560}},{"id":"crystal_pink","texture":"ingame_crystal_pink_00","anchor":{"x":0.5,"y":0.5},"scale":{"x":1,"y":1},"rotation":0,"depth":0,"data":"","position":{"x":16361,"y":137}},{"id":"troll","texture":"troll","anchor":{"x":0.5,"y":1},"scale":{"x":1,"y":1},"rotation":0,"depth":0,"data":"{\"character\":\"anna\", \"crystal\":3}","position":{"x":20994,"y":1810}},{"id":"troll_sign","texture":"ingame_troll_sign","anchor":{"x":0.5,"y":1},"scale":{"x":1,"y":1},"rotation":0,"depth":0,"data":"{\"character\":\"anna\", \"crystal\":3}","position":{"x":21087,"y":1820}},{"id":"troll_sign_arrow","texture":"ingame_troll_sign_arrow","anchor":{"x":0.5,"y":0.5},"scale":{"x":1,"y":1},"rotation":45,"depth":1,"data":"{\"character\":\"anna\", \"crystal\":3}","position":{"x":21087,"y":1699}},{"id":"troll_pabbie","texture":"troll_pabbie","anchor":{"x":0.5,"y":1},"scale":{"x":1,"y":1},"rotation":0,"depth":0,"data":"","position":{"x":10592,"y":829}},{"id":"troll_pabbie","texture":"troll_pabbie","anchor":{"x":0.5,"y":1},"scale":{"x":1,"y":1},"rotation":0,"depth":0,"data":"","position":{"x":20911,"y":1787}},{"id":"troll_pabbie","texture":"troll_pabbie","anchor":{"x":0.5,"y":1},"scale":{"x":1,"y":1},"rotation":0,"depth":0,"data":"","position":{"x":26423,"y":1598}},{"id":"troll","texture":"troll","anchor":{"x":0.5,"y":1},"scale":{"x":1,"y":1},"rotation":0,"depth":0,"data":"{\"character\":\"olaf\", \"crystal\":3}","position":{"x":18887,"y":1077}},{"id":"troll_sign","texture":"ingame_troll_sign","anchor":{"x":0.5,"y":1},"scale":{"x":1,"y":1},"rotation":0,"depth":0,"data":"{\"character\":\"olaf\", \"crystal\":3}","position":{"x":18963,"y":1080}},{"id":"troll_sign_arrow","texture":"ingame_troll_sign_arrow","anchor":{"x":0.5,"y":0.5},"scale":{"x":1,"y":1},"rotation":77,"depth":1,"data":"{\"character\":\"olaf\", \"crystal\":3}","position":{"x":18962,"y":960}},{"id":"troll","texture":"troll","anchor":{"x":0.5,"y":1},"scale":{"x":1,"y":1},"rotation":0,"depth":0,"data":"{\"character\":\"kristoff\", \"crystal\":3}","position":{"x":18204,"y":1146}},{"id":"troll_sign","texture":"ingame_troll_sign","anchor":{"x":0.5,"y":1},"scale":{"x":1,"y":1},"rotation":0,"depth":0,"data":"{\"character\":\"kristoff\", \"crystal\":3}","position":{"x":18279,"y":1146}},{"id":"troll_sign_arrow","texture":"ingame_troll_sign_arrow","anchor":{"x":0.5,"y":0.5},"scale":{"x":1,"y":1},"rotation":115,"depth":1,"data":"{\"character\":\"kristoff\", \"crystal\":3}","position":{"x":18281,"y":1025}},{"id":"troll","texture":"troll","anchor":{"x":0.5,"y":1},"scale":{"x":1,"y":1},"rotation":0,"depth":0,"data":"{\"character\":\"elsa\", \"crystal\":2}","position":{"x":16662,"y":464}},{"id":"troll_sign","texture":"ingame_troll_sign","anchor":{"x":0.5,"y":1},"scale":{"x":1,"y":1},"rotation":0,"depth":0,"data":"{\"character\":\"elsa\", \"crystal\":2}","position":{"x":16730,"y":474}},{"id":"troll_sign_arrow","texture":"ingame_troll_sign_arrow","anchor":{"x":0.5,"y":0.5},"scale":{"x":1,"y":1},"rotation":83,"depth":1,"data":"{\"character\":\"elsa\", \"crystal\":2}","position":{"x":16731,"y":355}},{"id":"coin","texture":"ui_icon_gameplay_snowflake","anchor":{"x":0.5,"y":0.5},"scale":{"x":1,"y":1},"rotation":0,"depth":0,"data":"","position":{"x":24277,"y":-403}},{"id":"coin","texture":"ui_icon_gameplay_snowflake","anchor":{"x":0.5,"y":0.5},"scale":{"x":1,"y":1},"rotation":0,"depth":0,"data":"","position":{"x":24422,"y":-502}},{"id":"coin","texture":"ui_icon_gameplay_snowflake","anchor":{"x":0.5,"y":0.5},"scale":{"x":1,"y":1},"rotation":0,"depth":0,"data":"","position":{"x":24597,"y":-568}},{"id":"coin","texture":"ui_icon_gameplay_snowflake","anchor":{"x":0.5,"y":0.5},"scale":{"x":1,"y":1},"rotation":0,"depth":0,"data":"","position":{"x":24775,"y":-580}},{"id":"coin","texture":"ui_icon_gameplay_snowflake","anchor":{"x":0.5,"y":0.5},"scale":{"x":1,"y":1},"rotation":0,"depth":0,"data":"","position":{"x":23567,"y":-482}},{"id":"coin","texture":"ui_icon_gameplay_snowflake","anchor":{"x":0.5,"y":0.5},"scale":{"x":1,"y":1},"rotation":0,"depth":0,"data":"","position":{"x":23755,"y":-490}},{"id":"coin","texture":"ui_icon_gameplay_snowflake","anchor":{"x":0.5,"y":0.5},"scale":{"x":1,"y":1},"rotation":0,"depth":0,"data":"","position":{"x":23911,"y":-517}},{"id":"coin","texture":"ui_icon_gameplay_snowflake","anchor":{"x":0.5,"y":0.5},"scale":{"x":1,"y":1},"rotation":0,"depth":0,"data":"","position":{"x":6956,"y":1333}},{"id":"coin","texture":"ui_icon_gameplay_snowflake","anchor":{"x":0.5,"y":0.5},"scale":{"x":1,"y":1},"rotation":0,"depth":0,"data":"","position":{"x":7024,"y":1241}},{"id":"coin","texture":"ui_icon_gameplay_snowflake","anchor":{"x":0.5,"y":0.5},"scale":{"x":1,"y":1},"rotation":0,"depth":0,"data":"","position":{"x":7196,"y":1289}},{"id":"coin","texture":"ui_icon_gameplay_snowflake","anchor":{"x":0.5,"y":0.5},"scale":{"x":1,"y":1},"rotation":0,"depth":0,"data":"","position":{"x":7269,"y":1390}},{"id":"coin","texture":"ui_icon_gameplay_snowflake","anchor":{"x":0.5,"y":0.5},"scale":{"x":1,"y":1},"rotation":0,"depth":0,"data":"","position":{"x":7346,"y":1497}},{"id":"troll_sign","texture":"ingame_troll_sign","anchor":{"x":0.5,"y":1},"scale":{"x":1,"y":1},"rotation":0,"depth":0,"data":"{\"character\":\"olaf\"}","position":{"x":9471,"y":836}},{"id":"troll_sign_arrow","texture":"ingame_troll_sign_arrow","anchor":{"x":0.5,"y":0.5},"scale":{"x":1,"y":1},"rotation":144,"depth":1,"data":"{\"character\":\"olaf\", \"crystal\":1}","position":{"x":9472,"y":718}},{"id":"coin","texture":"ui_icon_gameplay_snowflake","anchor":{"x":0.5,"y":0.5},"scale":{"x":1,"y":1},"rotation":0,"depth":0,"data":"","position":{"x":25504,"y":1898}},{"id":"coin","texture":"ui_icon_gameplay_snowflake","anchor":{"x":0.5,"y":0.5},"scale":{"x":1,"y":1},"rotation":0,"depth":0,"data":"","position":{"x":25645,"y":1856}},{"id":"coin","texture":"ui_icon_gameplay_snowflake","anchor":{"x":0.5,"y":0.5},"scale":{"x":1,"y":1},"rotation":0,"depth":0,"data":"","position":{"x":25777,"y":1921}},{"id":"coin","texture":"ui_icon_gameplay_snowflake","anchor":{"x":0.5,"y":0.5},"scale":{"x":1,"y":1},"rotation":0,"depth":0,"data":"","position":{"x":26712,"y":2177}},{"id":"coin","texture":"ui_icon_gameplay_snowflake","anchor":{"x":0.5,"y":0.5},"scale":{"x":1,"y":1},"rotation":0,"depth":0,"data":"","position":{"x":26827,"y":2142}},{"id":"coin","texture":"ui_icon_gameplay_snowflake","anchor":{"x":0.5,"y":0.5},"scale":{"x":1,"y":1},"rotation":0,"depth":0,"data":"","position":{"x":26956,"y":2199}},{"id":"coin","texture":"ui_icon_gameplay_snowflake","anchor":{"x":0.5,"y":0.5},"scale":{"x":1,"y":1},"rotation":0,"depth":0,"data":"","position":{"x":27046,"y":2314}},{"id":"coin","texture":"ui_icon_gameplay_snowflake","anchor":{"x":0.5,"y":0.5},"scale":{"x":1,"y":1},"rotation":0,"depth":0,"data":"","position":{"x":26027,"y":1356}},{"id":"coin","texture":"ui_icon_gameplay_snowflake","anchor":{"x":0.5,"y":0.5},"scale":{"x":1,"y":1},"rotation":0,"depth":0,"data":"","position":{"x":26170,"y":1417}},{"id":"coin","texture":"ui_icon_gameplay_snowflake","anchor":{"x":0.5,"y":0.5},"scale":{"x":1,"y":1},"rotation":0,"depth":0,"data":"","position":{"x":26299,"y":1478}},{"id":"troll","texture":"troll","anchor":{"x":0.5,"y":1},"scale":{"x":1,"y":1},"rotation":0,"depth":0,"data":"{\"character\":\"olaf\", \"crystal\":1}","position":{"x":9402,"y":825}},{"id":"troll_sign","texture":"ingame_troll_sign","anchor":{"x":0.5,"y":1},"scale":{"x":1,"y":1},"rotation":0,"depth":0,"data":"{\"character\":\"olaf\", \"crystal\":2}","position":{"x":12513,"y":533}},{"id":"troll_sign_arrow","texture":"ingame_troll_sign_arrow","anchor":{"x":0.5,"y":0.5},"scale":{"x":1,"y":1},"rotation":128,"depth":1,"data":"{\"character\":\"olaf\", \"crystal\":2}","position":{"x":12516,"y":414}},{"id":"troll_sign","texture":"ingame_troll_sign","anchor":{"x":0.5,"y":1},"scale":{"x":1,"y":1},"rotation":0,"depth":0,"data":"{\"character\":\"elsa\", \"crystal\":3}","position":{"x":19861,"y":911}},{"id":"troll_sign_arrow","texture":"ingame_troll_sign_arrow","anchor":{"x":0.5,"y":0.5},"scale":{"x":1,"y":1},"rotation":55,"depth":1,"data":"{\"character\":\"elsa\", \"crystal\":3}","position":{"x":19860,"y":789}},{"id":"troll","texture":"troll","anchor":{"x":0.5,"y":1},"scale":{"x":1,"y":1},"rotation":0,"depth":0,"data":"{\"character\":\"olaf\", \"crystal\":2}","position":{"x":12436,"y":536}},{"id":"troll","texture":"troll","anchor":{"x":0.5,"y":1},"scale":{"x":1,"y":1},"rotation":0,"depth":0,"data":"{\"character\":\"elsa\", \"crystal\":3}","position":{"x":19778,"y":909}}]},{"name":"fg_objects","depth":10,"paths":[],"objects":[{"id":"icicle_02_01","texture":"theme_02_icicle_01","anchor":{"x":0.5,"y":0},"scale":{"x":1,"y":1},"rotation":0,"depth":0,"data":"","position":{"x":25147,"y":1435}},{"id":"icicle_02_00","texture":"theme_02_icicle_00","anchor":{"x":0.5,"y":0},"scale":{"x":1,"y":1},"rotation":0,"depth":0,"data":"","position":{"x":23767,"y":1073}},{"id":"tree_02_09","texture":"theme_02_tree_09","anchor":{"x":0.5,"y":1},"scale":{"x":1.5,"y":1.5},"rotation":0,"depth":0,"data":"","position":{"x":328,"y":260}},{"id":"tree_02_02","texture":"theme_02_tree_02","anchor":{"x":0.5,"y":1},"scale":{"x":2.2,"y":2.2},"rotation":0,"depth":0,"data":"","position":{"x":642,"y":205}},{"id":"tree_02_07","texture":"theme_02_tree_07","anchor":{"x":0.5,"y":1},"scale":{"x":1.3,"y":1.3},"rotation":0,"depth":0,"data":"","position":{"x":1064,"y":183}},{"id":"tree_02_07","texture":"theme_02_tree_07","anchor":{"x":0.5,"y":1},"scale":{"x":1.6,"y":1.6},"rotation":0,"depth":0,"data":"","position":{"x":866,"y":145}},{"id":"tree_02_07","texture":"theme_02_tree_07","anchor":{"x":0.5,"y":1},"scale":{"x":1.2,"y":1.2},"rotation":0,"depth":0,"data":"","position":{"x":8379,"y":1501}},{"id":"tree_02_09","texture":"theme_02_tree_09","anchor":{"x":0.5,"y":1},"scale":{"x":1,"y":1},"rotation":0,"depth":0,"data":"","position":{"x":8741,"y":1398}},{"id":"tree_02_07","texture":"theme_02_tree_07","anchor":{"x":0.5,"y":1},"scale":{"x":1.3,"y":1.3},"rotation":0,"depth":-1,"data":"","position":{"x":9326,"y":1235}},{"id":"tree_02_08","texture":"theme_02_tree_08","anchor":{"x":0.5,"y":1},"scale":{"x":1,"y":1},"rotation":0,"depth":0,"data":"","position":{"x":36,"y":131}},{"id":"tree_02_09","texture":"theme_02_tree_09","anchor":{"x":0.5,"y":1},"scale":{"x":1,"y":1},"rotation":0,"depth":0,"data":"","position":{"x":9499,"y":1309}},{"id":"tree_02_08","texture":"theme_02_tree_08","anchor":{"x":0.5,"y":1},"scale":{"x":1,"y":1},"rotation":0,"depth":0,"data":"","position":{"x":9406,"y":1284}},{"id":"tree_02_08","texture":"theme_02_tree_08","anchor":{"x":0.5,"y":1},"scale":{"x":1.4,"y":1.4},"rotation":0,"depth":0,"data":"","position":{"x":9204,"y":1414}},{"id":"tree_02_06","texture":"theme_02_tree_06","anchor":{"x":0.5,"y":1},"scale":{"x":1,"y":1},"rotation":0,"depth":0,"data":"","position":{"x":28275,"y":2839}},{"id":"tree_02_08","texture":"theme_02_tree_08","anchor":{"x":0.5,"y":1},"scale":{"x":1.4,"y":1.4},"rotation":0,"depth":0,"data":"","position":{"x":8524,"y":1516}},{"id":"tree_02_09","texture":"theme_02_tree_09","anchor":{"x":0.5,"y":1},"scale":{"x":1.2,"y":1.2},"rotation":0,"depth":0,"data":"","position":{"x":9585,"y":1363}},{"id":"icicle_02_00","texture":"theme_02_icicle_00","anchor":{"x":0.5,"y":0},"scale":{"x":1,"y":1},"rotation":0,"depth":0,"data":"","position":{"x":25918,"y":1560}},{"id":"icicle_02_00","texture":"theme_02_icicle_00","anchor":{"x":0.5,"y":0},"scale":{"x":1,"y":1},"rotation":0,"depth":0,"data":"","position":{"x":22154,"y":998}},{"id":"icicle_02_01","texture":"theme_02_icicle_01","anchor":{"x":0.5,"y":0},"scale":{"x":1,"y":1},"rotation":0,"depth":0,"data":"","position":{"x":23551,"y":981}},{"id":"icicle_02_01","texture":"theme_02_icicle_01","anchor":{"x":0.5,"y":0},"scale":{"x":1,"y":1},"rotation":0,"depth":0,"data":"","position":{"x":22608,"y":875}},{"id":"icicle_02_01","texture":"theme_02_icicle_01","anchor":{"x":0.5,"y":0},"scale":{"x":1,"y":1},"rotation":0,"depth":0,"data":"","position":{"x":21835,"y":1025}},{"id":"tree_02_07","texture":"theme_02_tree_07","anchor":{"x":0.5,"y":1},"scale":{"x":1,"y":1},"rotation":0,"depth":0,"data":"","position":{"x":1973,"y":223}},{"id":"tree_02_09","texture":"theme_02_tree_09","anchor":{"x":0.5,"y":1},"scale":{"x":1,"y":1},"rotation":0,"depth":0,"data":"","position":{"x":6430,"y":2032}},{"id":"carriage_02_00","texture":"theme_02_carriage_00","anchor":{"x":0.5,"y":1},"scale":{"x":1,"y":1},"rotation":0,"depth":0,"data":"","position":{"x":6070,"y":2015}},{"id":"tree_02_04","texture":"theme_02_tree_04","anchor":{"x":0.5,"y":1},"scale":{"x":1,"y":1},"rotation":0,"depth":0,"data":"","position":{"x":5747,"y":2043}},{"id":"rock_02_01","texture":"theme_02_rock_01","anchor":{"x":0.5,"y":1},"scale":{"x":1,"y":1},"rotation":0,"depth":-1,"data":"","position":{"x":5658,"y":2005}},{"id":"tree_02_05","texture":"theme_02_tree_05","anchor":{"x":0.5,"y":1},"scale":{"x":1,"y":1},"rotation":0,"depth":0,"data":"","position":{"x":6277,"y":2027}},{"id":"tree_02_00","texture":"theme_02_tree_00","anchor":{"x":0.5,"y":1},"scale":{"x":1,"y":1},"rotation":0,"depth":0,"data":"","position":{"x":6586,"y":2060}},{"id":"tree_02_09","texture":"theme_02_tree_09","anchor":{"x":0.5,"y":1},"scale":{"x":1,"y":1},"rotation":0,"depth":0,"data":"","position":{"x":18611,"y":599}},{"id":"tree_02_01","texture":"theme_02_tree_01","anchor":{"x":0.5,"y":1},"scale":{"x":1,"y":1},"rotation":0,"depth":0,"data":"","position":{"x":18297,"y":578}},{"id":"tree_02_07","texture":"theme_02_tree_07","anchor":{"x":0.5,"y":1},"scale":{"x":1,"y":1},"rotation":0,"depth":0,"data":"","position":{"x":21048,"y":769}},{"id":"tree_02_07","texture":"theme_02_tree_07","anchor":{"x":0.5,"y":1},"scale":{"x":1,"y":1},"rotation":0,"depth":0,"data":"","position":{"x":17689,"y":1297}},{"id":"tree_02_09","texture":"theme_02_tree_09","anchor":{"x":0.5,"y":1},"scale":{"x":1,"y":1},"rotation":0,"depth":0,"data":"","position":{"x":17042,"y":1473}},{"id":"tree_02_09","texture":"theme_02_tree_09","anchor":{"x":0.5,"y":1},"scale":{"x":1,"y":1},"rotation":0,"depth":0,"data":"","position":{"x":13039,"y":536}},{"id":"tree_02_08","texture":"theme_02_tree_08","anchor":{"x":0.5,"y":1},"scale":{"x":1,"y":1},"rotation":0,"depth":0,"data":"","position":{"x":13925,"y":230}},{"id":"tree_02_07","texture":"theme_02_tree_07","anchor":{"x":0.5,"y":1},"scale":{"x":1,"y":1},"rotation":0,"depth":0,"data":"","position":{"x":15227,"y":-111}},{"id":"carriage_02_00","texture":"theme_02_carriage_00","anchor":{"x":0.5,"y":1},"scale":{"x":1,"y":1},"rotation":0,"depth":0,"data":"","position":{"x":12421,"y":713}},{"id":"tree_02_07","texture":"theme_02_tree_07","anchor":{"x":0.5,"y":1},"scale":{"x":1,"y":1},"rotation":0,"depth":0,"data":"","position":{"x":11892,"y":941}},{"id":"tree_02_08","texture":"theme_02_tree_08","anchor":{"x":0.5,"y":1},"scale":{"x":1,"y":1},"rotation":0,"depth":0,"data":"","position":{"x":11628,"y":1132}},{"id":"tree_02_09","texture":"theme_02_tree_09","anchor":{"x":0.5,"y":1},"scale":{"x":1,"y":1},"rotation":0,"depth":2,"data":"","position":{"x":11960,"y":937}},{"id":"tree_02_09","texture":"theme_02_tree_09","anchor":{"x":0.5,"y":1},"scale":{"x":1.1,"y":1.1},"rotation":0,"depth":0,"data":"","position":{"x":2643,"y":714}},{"id":"tree_02_09","texture":"theme_02_tree_09","anchor":{"x":0.5,"y":1},"scale":{"x":1.2,"y":1.2},"rotation":0,"depth":1,"data":"","position":{"x":2521,"y":590}},{"id":"tree_02_08","texture":"theme_02_tree_08","anchor":{"x":0.5,"y":1},"scale":{"x":1,"y":1},"rotation":0,"depth":0,"data":"","position":{"x":2950,"y":1090}},{"id":"tree_02_08","texture":"theme_02_tree_08","anchor":{"x":0.5,"y":1},"scale":{"x":0.8,"y":0.8},"rotation":0,"depth":-1,"data":"","position":{"x":3153,"y":1312}},{"id":"tree_02_08","texture":"theme_02_tree_08","anchor":{"x":0.5,"y":1},"scale":{"x":1.4,"y":1.4},"rotation":0,"depth":2,"data":"","position":{"x":3682,"y":1679}},{"id":"tree_02_08","texture":"theme_02_tree_08","anchor":{"x":0.5,"y":1},"scale":{"x":1,"y":1},"rotation":0,"depth":0,"data":"","position":{"x":3313,"y":1464}}]}],"length":27708}