{"name":"level_03","layers":[{"name":"bg_objects","depth":-10,"paths":[],"objects":[{"id":"rock_03_01","texture":"theme_03_rock_01","anchor":{"x":0.5,"y":1},"scale":{"x":1,"y":1},"rotation":7,"depth":-1,"data":"","position":{"x":11496,"y":-987}},{"id":"tree_03_03","texture":"theme_03_tree_03","anchor":{"x":0.5,"y":1},"scale":{"x":1,"y":1},"rotation":0,"depth":0,"data":"","position":{"x":7363,"y":-978}},{"id":"tree_03_06","texture":"theme_03_tree_06","anchor":{"x":0.5,"y":1},"scale":{"x":1,"y":1},"rotation":0,"depth":0,"data":"","position":{"x":2645,"y":-143}},{"id":"tree_03_00","texture":"theme_03_tree_00","anchor":{"x":0.5,"y":1},"scale":{"x":1,"y":1},"rotation":0,"depth":0,"data":"","position":{"x":415,"y":179}},{"id":"tree_03_05","texture":"theme_03_tree_05","anchor":{"x":0.5,"y":1},"scale":{"x":1,"y":1},"rotation":0,"depth":0,"data":"","position":{"x":673,"y":194}},{"id":"tree_03_06","texture":"theme_03_tree_06","anchor":{"x":0.5,"y":1},"scale":{"x":1,"y":1},"rotation":0,"depth":0,"data":"","position":{"x":5719,"y":16}},{"id":"tree_03_06","texture":"theme_03_tree_06","anchor":{"x":0.5,"y":1},"scale":{"x":1,"y":1},"rotation":0,"depth":0,"data":"","position":{"x":24626,"y":-1016}},{"id":"tree_03_02","texture":"theme_03_tree_02","anchor":{"x":0.5,"y":1},"scale":{"x":1,"y":1},"rotation":0,"depth":0,"data":"","position":{"x":33649,"y":371}},{"id":"forest_03_00","texture":"theme_03_forest_00","anchor":{"x":0.5,"y":1},"scale":{"x":1,"y":1},"rotation":0,"depth":-8,"data":"","position":{"x":34046,"y":364}},{"id":"forest_03_00","texture":"theme_03_forest_00","anchor":{"x":0.5,"y":1},"scale":{"x":1,"y":1},"rotation":0,"depth":-7,"data":"","position":{"x":207,"y":187}},{"id":"forest_03_00","texture":"theme_03_forest_00","anchor":{"x":0.5,"y":1},"scale":{"x":1,"y":1},"rotation":0,"depth":-8,"data":"","position":{"x":638,"y":201}},{"id":"rock_03_02","texture":"theme_03_rock_02","anchor":{"x":0.5,"y":1},"scale":{"x":1.8,"y":1.8},"rotation":0,"depth":-10,"data":"","position":{"x":294,"y":120}},{"id":"rock_03_01","texture":"theme_03_rock_01","anchor":{"x":0.5,"y":1},"scale":{"x":2.1,"y":2.1},"rotation":0,"depth":-1,"data":"","position":{"x":1066,"y":174}},{"id":"tree_03_06","texture":"theme_03_tree_06","anchor":{"x":0.5,"y":1},"scale":{"x":1,"y":1},"rotation":0,"depth":0,"data":"","position":{"x":1536,"y":194}},{"id":"tree_03_08","texture":"theme_03_tree_08","anchor":{"x":0.5,"y":1},"scale":{"x":0.6,"y":0.6},"rotation":0,"depth":0,"data":"","position":{"x":1393,"y":188}},{"id":"rock_03_01","texture":"theme_03_rock_01","anchor":{"x":0.5,"y":1},"scale":{"x":1,"y":1},"rotation":0,"depth":-1,"data":"","position":{"x":1473,"y":177}},{"id":"rock_01_01","texture":"theme_01_rock_01","anchor":{"x":0.5,"y":1},"scale":{"x":1,"y":1},"rotation":0,"depth":-1,"data":"","position":{"x":2815,"y":-166}},{"id":"tree_03_02","texture":"theme_03_tree_02","anchor":{"x":0.5,"y":1},"scale":{"x":1,"y":1},"rotation":0,"depth":0,"data":"","position":{"x":2921,"y":-162}},{"id":"tree_03_07","texture":"theme_03_tree_07","anchor":{"x":0.5,"y":1},"scale":{"x":1,"y":1},"rotation":0,"depth":0,"data":"","position":{"x":3000,"y":-159}},{"id":"tree_03_00","texture":"theme_03_tree_00","anchor":{"x":0.5,"y":1},"scale":{"x":1,"y":1},"rotation":0,"depth":0,"data":"","position":{"x":2473,"y":-146}},{"id":"tree_03_07","texture":"theme_03_tree_07","anchor":{"x":0.5,"y":1},"scale":{"x":1,"y":1},"rotation":0,"depth":0,"data":"","position":{"x":24968,"y":-1048}},{"id":"tree_03_08","texture":"theme_03_tree_08","anchor":{"x":0.5,"y":1},"scale":{"x":1,"y":1},"rotation":0,"depth":0,"data":"","position":{"x":25223,"y":-1070}},{"id":"tree_03_03","texture":"theme_03_tree_03","anchor":{"x":0.5,"y":1},"scale":{"x":1,"y":1},"rotation":0,"depth":0,"data":"","position":{"x":25094,"y":-1061}},{"id":"rock_03_00","texture":"theme_03_rock_00","anchor":{"x":0.5,"y":1},"scale":{"x":1,"y":1},"rotation":0,"depth":-1,"data":"","position":{"x":25210,"y":-1090}},{"id":"rock_03_01","texture":"theme_03_rock_01","anchor":{"x":0.5,"y":1},"scale":{"x":1,"y":1},"rotation":0,"depth":-1,"data":"","position":{"x":24740,"y":-1031}},{"id":"tree_03_01","texture":"theme_03_tree_01","anchor":{"x":0.5,"y":1},"scale":{"x":1,"y":1},"rotation":0,"depth":0,"data":"","position":{"x":1068,"y":190}},{"id":"tree_03_08","texture":"theme_03_tree_08","anchor":{"x":0.5,"y":1},"scale":{"x":1,"y":1},"rotation":0,"depth":0,"data":"","position":{"x":22077,"y":-462}},{"id":"rock_03_00","texture":"theme_03_rock_00","anchor":{"x":0.5,"y":1},"scale":{"x":1,"y":1},"rotation":0,"depth":-1,"data":"","position":{"x":22169,"y":-476}},{"id":"tree_03_09","texture":"theme_03_tree_09","anchor":{"x":0.5,"y":1},"scale":{"x":1,"y":1},"rotation":0,"depth":0,"data":"","position":{"x":21912,"y":-416}},{"id":"tree_03_02","texture":"theme_03_tree_02","anchor":{"x":0.5,"y":1},"scale":{"x":1,"y":1},"rotation":0,"depth":0,"data":"","position":{"x":13688,"y":1018}},{"id":"tree_03_07","texture":"theme_03_tree_07","anchor":{"x":0.5,"y":1},"scale":{"x":1,"y":1},"rotation":0,"depth":0,"data":"","position":{"x":13989,"y":1073}},{"id":"rock_03_00","texture":"theme_03_rock_00","anchor":{"x":0.5,"y":1},"scale":{"x":1,"y":1},"rotation":0,"depth":-1,"data":"","position":{"x":14011,"y":1070}},{"id":"tree_03_09","texture":"theme_03_tree_09","anchor":{"x":0.5,"y":1},"scale":{"x":1,"y":1},"rotation":0,"depth":0,"data":"","position":{"x":8940,"y":-1019}},{"id":"tree_03_00","texture":"theme_03_tree_00","anchor":{"x":0.5,"y":1},"scale":{"x":1,"y":1},"rotation":0,"depth":0,"data":"","position":{"x":13909,"y":1075}},{"id":"tree_03_00","texture":"theme_03_tree_00","anchor":{"x":0.5,"y":1},"scale":{"x":1,"y":1},"rotation":0,"depth":0,"data":"","position":{"x":14222,"y":1100}},{"id":"tree_03_09","texture":"theme_03_tree_09","anchor":{"x":0.5,"y":1},"scale":{"x":1,"y":1},"rotation":0,"depth":0,"data":"","position":{"x":6141,"y":-132}},{"id":"tree_03_06","texture":"theme_03_tree_06","anchor":{"x":0.5,"y":1},"scale":{"x":1,"y":1},"rotation":0,"depth":0,"data":"","position":{"x":22309,"y":-463}},{"id":"tree_03_01","texture":"theme_03_tree_01","anchor":{"x":0.5,"y":1},"scale":{"x":1,"y":1},"rotation":0,"depth":0,"data":"","position":{"x":7606,"y":-999}},{"id":"tree_03_08","texture":"theme_03_tree_08","anchor":{"x":0.5,"y":1},"scale":{"x":1,"y":1},"rotation":0,"depth":0,"data":"","position":{"x":7480,"y":-999}},{"id":"rock_03_01","texture":"theme_03_rock_01","anchor":{"x":0.5,"y":1},"scale":{"x":1,"y":1},"rotation":0,"depth":-1,"data":"","position":{"x":7534,"y":-1011}},{"id":"tree_03_03","texture":"theme_03_tree_03","anchor":{"x":0.5,"y":1},"scale":{"x":1,"y":1},"rotation":0,"depth":0,"data":"","position":{"x":11389,"y":-982}},{"id":"tree_03_08","texture":"theme_03_tree_08","anchor":{"x":0.5,"y":1},"scale":{"x":1,"y":1},"rotation":0,"depth":0,"data":"","position":{"x":11509,"y":-985}},{"id":"tree_03_01","texture":"theme_03_tree_01","anchor":{"x":0.5,"y":1},"scale":{"x":1,"y":1},"rotation":0,"depth":0,"data":"","position":{"x":11703,"y":-975}},{"id":"rock_03_01","texture":"theme_03_rock_01","anchor":{"x":0.5,"y":1},"scale":{"x":1,"y":1},"rotation":0,"depth":-1,"data":"","position":{"x":12511,"y":-633}},{"id":"tree_03_03","texture":"theme_03_tree_03","anchor":{"x":0.5,"y":1},"scale":{"x":1,"y":1},"rotation":0,"depth":0,"data":"","position":{"x":12597,"y":-614}},{"id":"tree_03_09","texture":"theme_03_tree_09","anchor":{"x":0.5,"y":1},"scale":{"x":1,"y":1},"rotation":0,"depth":0,"data":"","position":{"x":12493,"y":-615}},{"id":"rock_03_00","texture":"theme_03_rock_00","anchor":{"x":0.5,"y":1},"scale":{"x":1,"y":1},"rotation":0,"depth":-1,"data":"","position":{"x":14282,"y":-163}},{"id":"tree_03_04","texture":"theme_03_tree_04","anchor":{"x":0.5,"y":1},"scale":{"x":1,"y":1},"rotation":0,"depth":0,"data":"","position":{"x":14397,"y":-149}},{"id":"tree_03_07","texture":"theme_03_tree_07","anchor":{"x":0.5,"y":1},"scale":{"x":1,"y":1},"rotation":0,"depth":0,"data":"","position":{"x":14205,"y":-153}},{"id":"tree_03_00","texture":"theme_03_tree_00","anchor":{"x":0.5,"y":1},"scale":{"x":1,"y":1},"rotation":0,"depth":-5,"data":"","position":{"x":14308,"y":-169}},{"id":"tree_03_00","texture":"theme_03_tree_00","anchor":{"x":0.5,"y":1},"scale":{"x":1,"y":1},"rotation":0,"depth":0,"data":"","position":{"x":14126,"y":-154}},{"id":"tree_03_07","texture":"theme_03_tree_07","anchor":{"x":0.5,"y":1},"scale":{"x":1,"y":1},"rotation":0,"depth":0,"data":"","position":{"x":15038,"y":-173}},{"id":"rock_03_00","texture":"theme_03_rock_00","anchor":{"x":0.5,"y":1},"scale":{"x":1,"y":1},"rotation":0,"depth":-1,"data":"","position":{"x":14997,"y":-179}},{"id":"tree_03_07","texture":"theme_03_tree_07","anchor":{"x":0.5,"y":1},"scale":{"x":1,"y":1},"rotation":0,"depth":0,"data":"","position":{"x":17235,"y":486}},{"id":"tree_03_02","texture":"theme_03_tree_02","anchor":{"x":0.5,"y":1},"scale":{"x":1,"y":1},"rotation":0,"depth":0,"data":"","position":{"x":19132,"y":62}},{"id":"tree_03_07","texture":"theme_03_tree_07","anchor":{"x":0.5,"y":1},"scale":{"x":1,"y":1},"rotation":0,"depth":0,"data":"","position":{"x":19338,"y":20}},{"id":"tree_03_02","texture":"theme_03_tree_02","anchor":{"x":0.5,"y":1},"scale":{"x":1,"y":1},"rotation":0,"depth":0,"data":"","position":{"x":21016,"y":-308}},{"id":"tree_03_04","texture":"theme_03_tree_04","anchor":{"x":0.5,"y":1},"scale":{"x":1,"y":1},"rotation":0,"depth":0,"data":"","position":{"x":20857,"y":-289}},{"id":"rock_03_01","texture":"theme_03_rock_01","anchor":{"x":0.5,"y":1},"scale":{"x":1,"y":1},"rotation":0,"depth":-1,"data":"","position":{"x":20992,"y":-311}},{"id":"tree_03_09","texture":"theme_03_tree_09","anchor":{"x":0.5,"y":1},"scale":{"x":1,"y":1},"rotation":0,"depth":0,"data":"","position":{"x":21109,"y":-310}},{"id":"tree_03_01","texture":"theme_03_tree_01","anchor":{"x":0.5,"y":1},"scale":{"x":1,"y":1},"rotation":0,"depth":0,"data":"","position":{"x":21997,"y":-428}},{"id":"tree_03_02","texture":"theme_03_tree_02","anchor":{"x":0.5,"y":1},"scale":{"x":1,"y":1},"rotation":0,"depth":0,"data":"","position":{"x":23931,"y":-994}},{"id":"tree_03_09","texture":"theme_03_tree_09","anchor":{"x":0.5,"y":1},"scale":{"x":1,"y":1},"rotation":0,"depth":0,"data":"","position":{"x":24021,"y":-987}},{"id":"tree_03_01","texture":"theme_03_tree_01","anchor":{"x":0.5,"y":1},"scale":{"x":1,"y":1},"rotation":0,"depth":0,"data":"","position":{"x":27620,"y":-67}},{"id":"tree_03_06","texture":"theme_03_tree_06","anchor":{"x":0.5,"y":1},"scale":{"x":1,"y":1},"rotation":0,"depth":2,"data":"","position":{"x":27503,"y":-63}},{"id":"tree_03_06","texture":"theme_03_tree_06","anchor":{"x":0.5,"y":1},"scale":{"x":1,"y":1},"rotation":0,"depth":0,"data":"","position":{"x":29370,"y":-574}},{"id":"tree_03_08","texture":"theme_03_tree_08","anchor":{"x":0.5,"y":1},"scale":{"x":1,"y":1},"rotation":0,"depth":0,"data":"","position":{"x":29208,"y":-530}},{"id":"tree_03_03","texture":"theme_03_tree_03","anchor":{"x":0.5,"y":1},"scale":{"x":1,"y":1},"rotation":0,"depth":0,"data":"","position":{"x":31558,"y":556}},{"id":"forest_03_00","texture":"theme_03_forest_00","anchor":{"x":0.5,"y":1},"scale":{"x":1,"y":1},"rotation":0,"depth":-8,"data":"","position":{"x":34489,"y":372}},{"id":"rock_03_02","texture":"theme_03_rock_02","anchor":{"x":0.5,"y":1},"scale":{"x":1.6,"y":1.6},"rotation":0,"depth":-10,"data":"","position":{"x":34256,"y":312}},{"id":"tree_03_06","texture":"theme_03_tree_06","anchor":{"x":0.5,"y":1},"scale":{"x":1,"y":1},"rotation":0,"depth":0,"data":"","position":{"x":34106,"y":386}},{"id":"tree_03_08","texture":"theme_03_tree_08","anchor":{"x":0.5,"y":1},"scale":{"x":1,"y":1},"rotation":0,"depth":0,"data":"","position":{"x":34280,"y":393}},{"id":"tree_03_05","texture":"theme_03_tree_05","anchor":{"x":0.5,"y":1},"scale":{"x":1,"y":1},"rotation":0,"depth":-10,"data":"","position":{"x":14126,"y":1093}},{"id":"rock_03_01","texture":"theme_03_rock_01","anchor":{"x":0.5,"y":1},"scale":{"x":1,"y":1},"rotation":0,"depth":-1,"data":"","position":{"x":9852,"y":-1020}},{"id":"tree_03_05","texture":"theme_03_tree_05","anchor":{"x":0.5,"y":1},"scale":{"x":1,"y":1},"rotation":0,"depth":0,"data":"","position":{"x":9719,"y":-1007}},{"id":"tree_03_08","texture":"theme_03_tree_08","anchor":{"x":0.5,"y":1},"scale":{"x":1,"y":1},"rotation":0,"depth":0,"data":"","position":{"x":9961,"y":-1002}},{"id":"tree_03_01","texture":"theme_03_tree_01","anchor":{"x":0.5,"y":1},"scale":{"x":1,"y":1},"rotation":0,"depth":-6,"data":"","position":{"x":9845,"y":-1036}},{"id":"tree_03_09","texture":"theme_03_tree_09","anchor":{"x":0.5,"y":1},"scale":{"x":0.8,"y":0.8},"rotation":0,"depth":0,"data":"","position":{"x":9591,"y":-1008}},{"id":"forest_03_00","texture":"theme_03_forest_00","anchor":{"x":0.5,"y":1},"scale":{"x":1,"y":1},"rotation":0,"depth":-4,"data":"","position":{"x":1209,"y":175}}]},{"name":"tunnel_fill","depth":-1,"paths":[{"closed":false,"depth":0,"collisions":0,"texFill":"theme_01_fill","texGround":"","texGroundEdge":"","texWall":"theme_02_wall","texFillPadding":64,"texFillSize":256,"texGroundSize":160,"texGroundDelta":0.1,"texWallSize":160,"texWallDelta":0.1,"texWallAngle":0,"texGroundEdgeSide":"none","data":"","points":[{"x":7600,"y":-1008},{"x":7760,"y":-1008},{"x":7776,"y":-1008},{"x":7952,"y":-1008},{"x":8352,"y":-928},{"x":9696,"y":-688},{"x":10272,"y":-640},{"x":10672,"y":-640},{"x":10912,"y":-288},{"x":11328,"y":-128},{"x":11392,"y":-48},{"x":11504,"y":144},{"x":11584,"y":240}],"bounds":[7600,11584]},{"closed":false,"depth":0,"collisions":0,"texFill":"theme_01_fill","texGround":"","texGroundEdge":"","texWall":"theme_01_wall","texFillPadding":256,"texFillSize":256,"texGroundSize":160,"texGroundDelta":0.1,"texWallSize":160,"texWallDelta":0.1,"texWallAngle":0,"texGroundEdgeSide":"","data":"","points":[{"x":13248,"y":1472},{"x":13296,"y":1424},{"x":13536,"y":1296},{"x":13616,"y":1008},{"x":14112,"y":1120},{"x":14208,"y":1120},{"x":14784,"y":1120},{"x":14816,"y":1248},{"x":14880,"y":1520},{"x":15024,"y":1552}],"bounds":[13248,15024]},{"closed":true,"depth":0,"collisions":0,"texFill":"theme_01_fill","texGround":"theme_01_ground","texGroundEdge":"","texWall":"theme_01_wall","texFillPadding":512,"texFillSize":256,"texGroundSize":160,"texGroundDelta":0.1,"texWallSize":160,"texWallDelta":0.1,"texWallAngle":0,"texGroundEdgeSide":"","data":"","points":[{"x":20032,"y":-208},{"x":20128,"y":-208},{"x":20416,"y":-192},{"x":20512,"y":-224},{"x":21120,"y":-224},{"x":20848,"y":-64},{"x":21456,"y":-64},{"x":22032,"y":-64},{"x":22304,"y":-160},{"x":22896,"y":-160},{"x":23392,"y":-160},{"x":23872,"y":-48},{"x":24368,"y":-48},{"x":24800,"y":-48},{"x":24880,"y":-16},{"x":25312,"y":-16},{"x":25712,"y":-16},{"x":25792,"y":-128},{"x":26208,"y":-128},{"x":26976,"y":-128},{"x":27088,"y":320},{"x":27872,"y":320},{"x":28400,"y":320},{"x":29024,"y":-256},{"x":29536,"y":-256},{"x":29760,"y":-256},{"x":29840,"y":-448},{"x":30064,"y":-448},{"x":30112,"y":-448},{"x":29248,"y":400},{"x":29488,"y":992},{"x":29360,"y":1312},{"x":29920,"y":1568},{"x":29936,"y":1568},{"x":29648,"y":1568},{"x":28064,"y":3280},{"x":27776,"y":3280},{"x":25456,"y":3280},{"x":23616,"y":3440},{"x":21296,"y":3440},{"x":20416,"y":3440},{"x":19600,"y":2304},{"x":18736,"y":2304},{"x":18256,"y":2304},{"x":17632,"y":1552},{"x":17472,"y":1264},{"x":17632,"y":1264},{"x":18144,"y":1120},{"x":18000,"y":624}],"bounds":[17472,30112]},{"closed":true,"depth":0,"collisions":0,"texFill":"theme_01_fill","texGround":"","texGroundEdge":"","texWall":"theme_01_wall","texFillPadding":512,"texFillSize":256,"texGroundSize":160,"texGroundDelta":0.1,"texWallSize":160,"texWallDelta":0.1,"texWallAngle":0,"texGroundEdgeSide":"","data":"","points":[{"x":23328,"y":-752},{"x":24352,"y":-752},{"x":24320,"y":-992},{"x":25344,"y":-992},{"x":25312,"y":-720},{"x":25440,"y":-432},{"x":25536,"y":-432},{"x":25472,"y":-432},{"x":25088,"y":-48},{"x":25024,"y":-48},{"x":24608,"y":-48},{"x":24192,"y":-112},{"x":23760,"y":-112},{"x":23632,"y":-112},{"x":23488,"y":-272},{"x":23360,"y":-272},{"x":23472,"y":-480},{"x":23376,"y":-752},{"x":23328,"y":-752}],"bounds":[23328,25536]}],"objects":[]},{"name":"path","depth":1,"paths":[{"closed":false,"depth":0,"collisions":1,"texFill":"theme_03_fill","texGround":"theme_03_ground","texGroundEdge":"theme_03_ground_edge","texWall":"theme_03_wall","texFillPadding":512,"texFillSize":368,"texGroundSize":160,"texGroundDelta":0.1,"texWallSize":160,"texWallDelta":0.1,"texWallAngle":58,"texGroundEdgeSide":"right","data":"","points":[{"x":-576,"y":176},{"x":-176,"y":176},{"x":1216,"y":176},{"x":1600,"y":176},{"x":1920,"y":176},{"x":2048,"y":672},{"x":2784,"y":720},{"x":3072,"y":720},{"x":3072,"y":720},{"x":3344,"y":720},{"x":4032,"y":720},{"x":4704,"y":0},{"x":4960,"y":0},{"x":5344,"y":0},{"x":5408,"y":0},{"x":5776,"y":0},{"x":6016,"y":0},{"x":6224,"y":-256},{"x":6512,"y":-384},{"x":7040,"y":-656},{"x":7152,"y":-1008},{"x":7392,"y":-1008},{"x":7504,"y":-1024},{"x":7536,"y":-1024},{"x":7696,"y":-1024},{"x":7776,"y":-704},{"x":8112,"y":-272},{"x":8336,"y":-128},{"x":8560,"y":32},{"x":8832,"y":128},{"x":9056,"y":128},{"x":9264,"y":128},{"x":10112,"y":208},{"x":10320,"y":208},{"x":10656,"y":208},{"x":11728,"y":240},{"x":12064,"y":240},{"x":12496,"y":240},{"x":13056,"y":1104},{"x":13088,"y":1104},{"x":13424,"y":1488},{"x":13824,"y":1776},{"x":14144,"y":1776},{"x":14656,"y":1776},{"x":14864,"y":1552},{"x":15104,"y":1456},{"x":15600,"y":1392},{"x":15568,"y":1104},{"x":16064,"y":1072},{"x":16256,"y":1072},{"x":16400,"y":784},{"x":16864,"y":592},{"x":17008,"y":544},{"x":17280,"y":448},{"x":17376,"y":448},{"x":17360,"y":672},{"x":16272,"y":992},{"x":16320,"y":2656}],"bounds":[-576,17376]},{"closed":true,"depth":0,"collisions":1,"texFill":"theme_03_fill","texGround":"theme_03_ground","texGroundEdge":"theme_03_ground_edge","texWall":"theme_03_wall","texFillPadding":512,"texFillSize":256,"texGroundSize":160,"texGroundDelta":0.1,"texWallSize":160,"texWallDelta":0.1,"texWallAngle":70,"texGroundEdgeSide":"","data":"","points":[{"x":2384,"y":-160},{"x":2752,"y":-160},{"x":2928,"y":-192},{"x":3296,"y":-192},{"x":3328,"y":-192},{"x":3264,"y":32},{"x":3056,"y":128},{"x":2816,"y":160},{"x":2768,"y":160},{"x":2640,"y":160},{"x":2592,"y":160},{"x":2400,"y":-48},{"x":2384,"y":-160}],"bounds":[2384,3328]},{"closed":true,"depth":0,"collisions":1,"texFill":"theme_03_fill","texGround":"theme_03_ground","texGroundEdge":"theme_03_ground_edge","texWall":"theme_03_wall","texFillPadding":512,"texFillSize":256,"texGroundSize":160,"texGroundDelta":0.1,"texWallSize":160,"texWallDelta":0.1,"texWallAngle":70,"texGroundEdgeSide":"","data":"","points":[{"x":3504,"y":-544},{"x":3680,"y":-544},{"x":4080,"y":-576},{"x":4272,"y":-576},{"x":4288,"y":-576},{"x":4208,"y":-384},{"x":4096,"y":-288},{"x":3984,"y":-256},{"x":3760,"y":-208},{"x":3712,"y":-208},{"x":3680,"y":-208},{"x":3504,"y":-368},{"x":3504,"y":-544}],"bounds":[3504,4288]},{"closed":false,"depth":-4,"collisions":1,"texFill":"","texGround":"theme_03_ground","texGroundEdge":"","texWall":"","texFillPadding":512,"texFillSize":256,"texGroundSize":80,"texGroundDelta":0.1,"texWallSize":160,"texWallDelta":0.1,"texWallAngle":70,"texGroundEdgeSide":"","data":"{\"shrinkPath\":true}","points":[{"x":7696,"y":-1024},{"x":7744,"y":-1024},{"x":7760,"y":-1024},{"x":7808,"y":-1024}],"bounds":[7696,7808]},{"closed":true,"depth":0,"collisions":1,"texFill":"theme_03_fill","texGround":"theme_03_ground","texGroundEdge":"theme_03_ground_edge","texWall":"theme_03_wall","texFillPadding":512,"texFillSize":256,"texGroundSize":160,"texGroundDelta":0.1,"texWallSize":128,"texWallDelta":0.1,"texWallAngle":70,"texGroundEdgeSide":"","data":"","points":[{"x":7792,"y":-1024},{"x":8160,"y":-1024},{"x":9552,"y":-1024},{"x":9936,"y":-1024},{"x":10080,"y":-1024},{"x":10352,"y":-640},{"x":10544,"y":-608},{"x":10608,"y":-592},{"x":10848,"y":-560},{"x":10928,"y":-560},{"x":11008,"y":-528},{"x":11248,"y":-272},{"x":11392,"y":-96},{"x":11328,"y":-16},{"x":11312,"y":16},{"x":11248,"y":16},{"x":11168,"y":16},{"x":11072,"y":-208},{"x":11008,"y":-208},{"x":10976,"y":-208},{"x":10800,"y":-256},{"x":10768,"y":-256},{"x":10688,"y":-256},{"x":10608,"y":-48},{"x":10544,"y":-48},{"x":10416,"y":-48},{"x":10400,"y":-192},{"x":10272,"y":-192},{"x":10160,"y":-192},{"x":9968,"y":-432},{"x":9872,"y":-432},{"x":9568,"y":-448},{"x":9472,"y":-192},{"x":9424,"y":-192},{"x":9328,"y":-96},{"x":9232,"y":-224},{"x":9120,"y":-224},{"x":9072,"y":-224},{"x":8848,"y":-144},{"x":8768,"y":-272},{"x":8656,"y":-304},{"x":8656,"y":-448},{"x":8624,"y":-448},{"x":8544,"y":-448},{"x":8560,"y":-608},{"x":8480,"y":-608},{"x":8416,"y":-608},{"x":8288,"y":-464},{"x":8240,"y":-464},{"x":8208,"y":-464},{"x":8144,"y":-480},{"x":8016,"y":-640},{"x":7984,"y":-640},{"x":7808,"y":-816},{"x":7792,"y":-1024}],"bounds":[7792,11392]},{"closed":true,"depth":0,"collisions":2,"texFill":"theme_03_fill","texGround":"theme_03_ground","texGroundEdge":"theme_03_ground_edge","texWall":"theme_03_wall","texFillPadding":512,"texFillSize":256,"texGroundSize":160,"texGroundDelta":0.1,"texWallSize":32,"texWallDelta":0.1,"texWallAngle":70,"texGroundEdgeSide":"","data":"","points":[{"x":9600,"y":-64},{"x":9728,"y":-80},{"x":9680,"y":-96},{"x":9824,"y":-96},{"x":9936,"y":-96},{"x":9968,"y":-80},{"x":10080,"y":-64},{"x":10048,"y":48},{"x":9952,"y":32},{"x":9936,"y":32},{"x":9904,"y":32},{"x":9824,"y":32},{"x":9808,"y":32},{"x":9744,"y":32},{"x":9648,"y":32},{"x":9600,"y":-64}],"bounds":[9600,10080]},{"closed":false,"depth":0,"collisions":1,"texFill":"theme_06_fill","texGround":"theme_06_ground","texGroundEdge":"","texWall":"","texFillPadding":512,"texFillSize":256,"texGroundSize":512,"texGroundDelta":0.1,"texWallSize":160,"texWallDelta":0.1,"texWallAngle":70,"texGroundEdgeSide":"","data":"","points":[{"x":9936,"y":1072},{"x":10368,"y":608},{"x":10352,"y":448},{"x":10832,"y":448},{"x":11120,"y":448},{"x":11248,"y":272},{"x":11904,"y":352},{"x":12256,"y":352},{"x":12736,"y":1552},{"x":13088,"y":1552},{"x":13760,"y":1552},{"x":14032,"y":2016},{"x":14688,"y":2016},{"x":15040,"y":2016},{"x":15312,"y":2336},{"x":15568,"y":2608}],"bounds":[9936,15568]},{"closed":true,"depth":0,"collisions":2,"texFill":"theme_03_fill","texGround":"theme_03_ground","texGroundEdge":"theme_03_ground_edge","texWall":"theme_03_wall","texFillPadding":512,"texFillSize":256,"texGroundSize":160,"texGroundDelta":0.1,"texWallSize":64,"texWallDelta":0.1,"texWallAngle":70,"texGroundEdgeSide":"","data":"","points":[{"x":11152,"y":-1024},{"x":11296,"y":-1024},{"x":11632,"y":-976},{"x":11760,"y":-976},{"x":11744,"y":-976},{"x":11616,"y":-832},{"x":11600,"y":-832},{"x":11456,"y":-752},{"x":11408,"y":-896},{"x":11280,"y":-880},{"x":11232,"y":-880},{"x":11200,"y":-928},{"x":11152,"y":-1024}],"bounds":[11152,11760]},{"closed":true,"depth":0,"collisions":2,"texFill":"theme_03_fill","texGround":"theme_03_ground","texGroundEdge":"theme_03_ground_edge","texWall":"theme_03_wall","texFillPadding":512,"texFillSize":256,"texGroundSize":160,"texGroundDelta":0.1,"texWallSize":80,"texWallDelta":0.1,"texWallAngle":70,"texGroundEdgeSide":"","data":"","points":[{"x":12352,"y":-640},{"x":12560,"y":-640},{"x":12832,"y":-592},{"x":13152,"y":-624},{"x":13120,"y":-480},{"x":12960,"y":-368},{"x":12976,"y":-368},{"x":12816,"y":-208},{"x":12768,"y":-480},{"x":12576,"y":-400},{"x":12528,"y":-400},{"x":12400,"y":-512},{"x":12352,"y":-640}],"bounds":[12352,13152]},{"closed":true,"depth":0,"collisions":1,"texFill":"theme_03_fill","texGround":"theme_03_ground","texGroundEdge":"theme_03_ground_edge","texWall":"theme_03_wall","texFillPadding":512,"texFillSize":256,"texGroundSize":160,"texGroundDelta":0.1,"texWallSize":96,"texWallDelta":0.1,"texWallAngle":42,"texGroundEdgeSide":"","data":"","points":[{"x":13600,"y":976},{"x":13888,"y":1040},{"x":13712,"y":1024},{"x":14064,"y":1072},{"x":14240,"y":1104},{"x":14368,"y":1088},{"x":14800,"y":1120},{"x":14816,"y":1232},{"x":14896,"y":1232},{"x":14896,"y":1392},{"x":14032,"y":1264},{"x":14416,"y":1520},{"x":14032,"y":1488},{"x":13616,"y":1408},{"x":13696,"y":1264},{"x":13504,"y":1200},{"x":13600,"y":1104},{"x":13600,"y":976},{"x":13600,"y":976}],"bounds":[13504,14896]},{"closed":true,"depth":0,"collisions":2,"texFill":"theme_03_fill","texGround":"theme_03_ground","texGroundEdge":"theme_03_ground_edge","texWall":"theme_03_wall","texFillPadding":512,"texFillSize":256,"texGroundSize":160,"texGroundDelta":0.1,"texWallSize":80,"texWallDelta":0.1,"texWallAngle":70,"texGroundEdgeSide":"","data":"","points":[{"x":14064,"y":-160},{"x":14576,"y":-160},{"x":14608,"y":-176},{"x":15120,"y":-176},{"x":15088,"y":-176},{"x":14960,"y":176},{"x":14928,"y":176},{"x":14816,"y":176},{"x":14784,"y":304},{"x":14688,"y":304},{"x":14656,"y":304},{"x":14448,"y":144},{"x":14432,"y":144},{"x":14368,"y":144},{"x":14336,"y":240},{"x":14288,"y":240},{"x":14256,"y":240},{"x":14064,"y":64},{"x":14064,"y":-160}],"bounds":[14064,15120]},{"closed":false,"depth":0,"collisions":1,"texFill":"theme_03_fill","texGround":"theme_03_ground","texGroundEdge":"theme_03_ground_edge","texWall":"theme_03_wall","texFillPadding":512,"texFillSize":256,"texGroundSize":160,"texGroundDelta":0.1,"texWallSize":160,"texWallDelta":0.1,"texWallAngle":70,"texGroundEdgeSide":"left","data":"","points":[{"x":17632,"y":2304},{"x":17712,"y":1792},{"x":17216,"y":1280},{"x":17216,"y":1136},{"x":17376,"y":1136},{"x":17520,"y":1328},{"x":17680,"y":1392},{"x":17856,"y":1568},{"x":18160,"y":1792},{"x":18224,"y":1792},{"x":18592,"y":1984},{"x":18576,"y":2080},{"x":19184,"y":2080},{"x":19376,"y":2080},{"x":19824,"y":2560},{"x":20016,"y":2560},{"x":20160,"y":2560},{"x":20576,"y":2896},{"x":20720,"y":2896},{"x":21104,"y":2896},{"x":21184,"y":3040},{"x":21568,"y":3040},{"x":21952,"y":3040},{"x":22336,"y":3088},{"x":22736,"y":3088},{"x":23008,"y":3088},{"x":23312,"y":3200},{"x":23568,"y":3200},{"x":23904,"y":3200},{"x":24480,"y":3216},{"x":24816,"y":3216},{"x":24944,"y":3216},{"x":25456,"y":3072},{"x":25584,"y":3072},{"x":25840,"y":3072},{"x":26688,"y":3056},{"x":26928,"y":3056},{"x":27328,"y":3056},{"x":27824,"y":2800},{"x":28224,"y":2800},{"x":28624,"y":2800},{"x":29248,"y":1424},{"x":30592,"y":1216},{"x":30608,"y":1216},{"x":31248,"y":512},{"x":31712,"y":512},{"x":31984,"y":512},{"x":32032,"y":560},{"x":32304,"y":560},{"x":32672,"y":560},{"x":33056,"y":368},{"x":33408,"y":368},{"x":34448,"y":368},{"x":34784,"y":352},{"x":35808,"y":352}],"bounds":[17216,35808]},{"closed":true,"depth":0,"collisions":1,"texFill":"theme_03_fill","texGround":"theme_03_ground","texGroundEdge":"theme_03_ground_edge","texWall":"theme_03_wall","texFillPadding":512,"texFillSize":256,"texGroundSize":160,"texGroundDelta":0.1,"texWallSize":160,"texWallDelta":0.1,"texWallAngle":70,"texGroundEdgeSide":"","data":"","points":[{"x":17808,"y":448},{"x":17856,"y":448},{"x":18480,"y":352},{"x":18528,"y":352},{"x":18688,"y":352},{"x":18992,"y":48},{"x":19168,"y":48},{"x":19472,"y":48},{"x":19536,"y":-240},{"x":20048,"y":-240},{"x":20320,"y":272},{"x":20256,"y":176},{"x":20592,"y":352},{"x":20656,"y":352},{"x":20880,"y":768},{"x":20944,"y":768},{"x":21040,"y":784},{"x":21424,"y":848},{"x":21568,"y":848},{"x":21872,"y":848},{"x":22064,"y":864},{"x":22368,"y":864},{"x":22480,"y":864},{"x":22688,"y":1040},{"x":22800,"y":1040},{"x":22912,"y":1040},{"x":23280,"y":1312},{"x":23408,"y":1312},{"x":23744,"y":1312},{"x":23952,"y":1264},{"x":24288,"y":1264},{"x":24464,"y":1264},{"x":24784,"y":896},{"x":24960,"y":896},{"x":25072,"y":896},{"x":25488,"y":608},{"x":25584,"y":608},{"x":25760,"y":608},{"x":26064,"y":784},{"x":26224,"y":784},{"x":26416,"y":784},{"x":26608,"y":1168},{"x":26816,"y":1168},{"x":26800,"y":1168},{"x":26624,"y":1536},{"x":26592,"y":1536},{"x":26528,"y":1536},{"x":25968,"y":1776},{"x":25888,"y":1776},{"x":25760,"y":1776},{"x":25680,"y":1648},{"x":25552,"y":1648},{"x":25504,"y":1648},{"x":25232,"y":1488},{"x":25168,"y":1488},{"x":25104,"y":1488},{"x":24704,"y":1712},{"x":24656,"y":1712},{"x":24592,"y":1712},{"x":24304,"y":1904},{"x":24240,"y":1904},{"x":23824,"y":1904},{"x":23824,"y":1664},{"x":23392,"y":1664},{"x":22768,"y":1664},{"x":23200,"y":1392},{"x":22576,"y":1392},{"x":22400,"y":1392},{"x":22176,"y":1648},{"x":22000,"y":1648},{"x":21888,"y":1648},{"x":21648,"y":1312},{"x":21552,"y":1312},{"x":21024,"y":1312},{"x":21104,"y":1424},{"x":20576,"y":1424},{"x":20432,"y":1424},{"x":20064,"y":912},{"x":19920,"y":912},{"x":19760,"y":912},{"x":19712,"y":1104},{"x":19536,"y":1104},{"x":19488,"y":1104},{"x":19296,"y":912},{"x":19264,"y":912},{"x":19200,"y":912},{"x":18848,"y":1280},{"x":18784,"y":1280},{"x":18512,"y":1280},{"x":18032,"y":688},{"x":17808,"y":448}],"bounds":[17808,26816]},{"closed":false,"depth":-1,"collisions":1,"texFill":"","texGround":"theme_03_ground","texGroundEdge":"","texWall":"","texFillPadding":512,"texFillSize":256,"texGroundSize":80,"texGroundDelta":0.1,"texWallSize":160,"texWallDelta":0.1,"texWallAngle":70,"texGroundEdgeSide":"","data":"{\"shrinkPath\":true}","points":[{"x":20048,"y":-240},{"x":20112,"y":-240},{"x":20128,"y":-240},{"x":20192,"y":-256}],"bounds":[20048,20192]},{"closed":true,"depth":0,"collisions":1,"texFill":"theme_03_fill","texGround":"theme_03_ground","texGroundEdge":"theme_03_ground_edge","texWall":"theme_03_wall","texFillPadding":512,"texFillSize":256,"texGroundSize":160,"texGroundDelta":0.1,"texWallSize":112,"texWallDelta":0.1,"texWallAngle":70,"texGroundEdgeSide":"","data":"","points":[{"x":20192,"y":-256},{"x":20656,"y":-256},{"x":20912,"y":-336},{"x":21376,"y":-336},{"x":21536,"y":-336},{"x":22000,"y":-480},{"x":22160,"y":-480},{"x":22400,"y":-480},{"x":22864,"y":-416},{"x":23088,"y":-416},{"x":23264,"y":-416},{"x":23696,"y":-208},{"x":23872,"y":-208},{"x":23968,"y":-208},{"x":24608,"y":-176},{"x":24704,"y":-176},{"x":25072,"y":-176},{"x":25648,"y":-608},{"x":26016,"y":-608},{"x":26208,"y":-608},{"x":26784,"y":-448},{"x":26960,"y":-448},{"x":27056,"y":-448},{"x":27392,"y":-80},{"x":27488,"y":-80},{"x":28000,"y":-80},{"x":27952,"y":-256},{"x":28464,"y":-256},{"x":28720,"y":-256},{"x":29168,"y":-608},{"x":29424,"y":-608},{"x":29792,"y":-608},{"x":29712,"y":-528},{"x":30080,"y":-528},{"x":30144,"y":-528},{"x":30032,"y":-48},{"x":29824,"y":48},{"x":29776,"y":48},{"x":29152,"y":592},{"x":29056,"y":592},{"x":28880,"y":592},{"x":28336,"y":832},{"x":28176,"y":832},{"x":28000,"y":832},{"x":27664,"y":880},{"x":27472,"y":880},{"x":27344,"y":880},{"x":26928,"y":560},{"x":26784,"y":560},{"x":26736,"y":560},{"x":26384,"y":272},{"x":26336,"y":272},{"x":26192,"y":272},{"x":26016,"y":96},{"x":25856,"y":96},{"x":25616,"y":96},{"x":25440,"y":416},{"x":25216,"y":416},{"x":25088,"y":416},{"x":24848,"y":592},{"x":24736,"y":592},{"x":24704,"y":592},{"x":24480,"y":368},{"x":24432,"y":368},{"x":24384,"y":368},{"x":24208,"y":176},{"x":24160,"y":176},{"x":24112,"y":176},{"x":23760,"y":304},{"x":23712,"y":304},{"x":23584,"y":304},{"x":23344,"y":-16},{"x":23216,"y":-16},{"x":23136,"y":-16},{"x":22784,"y":304},{"x":22704,"y":304},{"x":22624,"y":304},{"x":22112,"y":464},{"x":22048,"y":464},{"x":22016,"y":464},{"x":21536,"y":144},{"x":21520,"y":144},{"x":21472,"y":144},{"x":21088,"y":336},{"x":21040,"y":336},{"x":20992,"y":336},{"x":20800,"y":256},{"x":20752,"y":256},{"x":20720,"y":256},{"x":20384,"y":80},{"x":20352,"y":80},{"x":20320,"y":80},{"x":20208,"y":-128},{"x":20192,"y":-256}],"bounds":[20192,30144]},{"closed":false,"depth":0,"collisions":2,"texFill":"","texGround":"theme_03_ground","texGroundEdge":"theme_03_ground_edge","texWall":"","texFillPadding":512,"texFillSize":256,"texGroundSize":160,"texGroundDelta":0.1,"texWallSize":160,"texWallDelta":0.1,"texWallAngle":70,"texGroundEdgeSide":"","data":"","points":[{"x":20496,"y":2112},{"x":20848,"y":2112},{"x":20880,"y":2256},{"x":21232,"y":2256},{"x":21344,"y":2256},{"x":21952,"y":2224},{"x":22064,"y":2224}],"bounds":[20496,22064]},{"closed":true,"depth":0,"collisions":2,"texFill":"","texGround":"theme_03_ground","texGroundEdge":"theme_03_ground_edge","texWall":"","texFillPadding":512,"texFillSize":256,"texGroundSize":160,"texGroundDelta":0.1,"texWallSize":160,"texWallDelta":0.1,"texWallAngle":70,"texGroundEdgeSide":"","data":"","points":[{"x":23120,"y":800},{"x":23328,"y":800},{"x":23472,"y":736},{"x":23680,"y":736},{"x":23792,"y":736},{"x":23872,"y":768},{"x":24000,"y":768}],"bounds":[23120,24000]},{"closed":false,"depth":0,"collisions":2,"texFill":"","texGround":"theme_03_ground","texGroundEdge":"theme_03_ground_edge","texWall":"","texFillPadding":512,"texFillSize":256,"texGroundSize":160,"texGroundDelta":0.1,"texWallSize":160,"texWallDelta":0.1,"texWallAngle":70,"texGroundEdgeSide":"","data":"","points":[{"x":23232,"y":2368},{"x":23536,"y":2368},{"x":23568,"y":2400},{"x":23872,"y":2400},{"x":24128,"y":2400},{"x":24320,"y":2496},{"x":24560,"y":2496},{"x":24656,"y":2496},{"x":24864,"y":2336},{"x":25168,"y":2336}],"bounds":[23232,25168]},{"closed":true,"depth":0,"collisions":1,"texFill":"theme_03_fill","texGround":"theme_03_ground","texGroundEdge":"theme_03_ground_edge","texWall":"theme_03_wall","texFillPadding":512,"texFillSize":256,"texGroundSize":160,"texGroundDelta":0.1,"texWallSize":160,"texWallDelta":0.1,"texWallAngle":70,"texGroundEdgeSide":"","data":"","points":[{"x":23248,"y":-800},{"x":23568,"y":-800},{"x":23680,"y":-1008},{"x":24000,"y":-1008},{"x":24208,"y":-1008},{"x":24512,"y":-1024},{"x":24704,"y":-1024},{"x":24816,"y":-1024},{"x":25200,"y":-1120},{"x":25424,"y":-1088},{"x":25392,"y":-864},{"x":24928,"y":-640},{"x":24960,"y":-640},{"x":24624,"y":-640},{"x":24720,"y":-384},{"x":24368,"y":-384},{"x":24288,"y":-384},{"x":24032,"y":-416},{"x":23936,"y":-416},{"x":23808,"y":-416},{"x":23680,"y":-560},{"x":23552,"y":-560},{"x":23488,"y":-560},{"x":23328,"y":-656},{"x":23248,"y":-800}],"bounds":[23248,25424]},{"closed":true,"depth":0,"collisions":1,"texFill":"theme_03_fill","texGround":"theme_03_ground","texGroundEdge":"theme_03_ground_edge","texWall":"theme_03_wall","texFillPadding":512,"texFillSize":256,"texGroundSize":160,"texGroundDelta":0.1,"texWallSize":160,"texWallDelta":0.1,"texWallAngle":70,"texGroundEdgeSide":"","data":"","points":[{"x":27184,"y":1616},{"x":27488,"y":1616},{"x":27344,"y":1744},{"x":27808,"y":1664},{"x":27888,"y":1664},{"x":28080,"y":1680},{"x":28144,"y":1680},{"x":28272,"y":1680},{"x":28400,"y":1552},{"x":28528,"y":1552},{"x":28528,"y":1552},{"x":28432,"y":1936},{"x":28272,"y":2032},{"x":28192,"y":2032},{"x":28000,"y":2208},{"x":27936,"y":2208},{"x":27872,"y":2208},{"x":27728,"y":1920},{"x":27504,"y":2080},{"x":27392,"y":2080},{"x":27216,"y":1824},{"x":27184,"y":1616}],"bounds":[27184,28528]},{"closed":false,"depth":2,"collisions":1,"texFill":"theme_06_fill","texGround":"theme_06_ground","texGroundEdge":"","texWall":"","texFillPadding":512,"texFillSize":256,"texGroundSize":336,"texGroundDelta":0.1,"texWallSize":160,"texWallDelta":0.1,"texWallAngle":180,"texGroundEdgeSide":"","data":"","points":[{"x":30560,"y":2464},{"x":30752,"y":1696},{"x":30928,"y":1152},{"x":31920,"y":832},{"x":32288,"y":832},{"x":32496,"y":624},{"x":32880,"y":624},{"x":33536,"y":256},{"x":33888,"y":528},{"x":34288,"y":560},{"x":34432,"y":320},{"x":34720,"y":272},{"x":34976,"y":272},{"x":35216,"y":272},{"x":35504,"y":272},{"x":35760,"y":272}],"bounds":[30560,35760]},{"closed":true,"depth":0,"collisions":1,"texFill":"theme_03_fill","texGround":"theme_03_ground","texGroundEdge":"theme_03_ground_edge","texWall":"theme_03_wall","texFillPadding":512,"texFillSize":256,"texGroundSize":160,"texGroundDelta":0.1,"texWallSize":160,"texWallDelta":0.1,"texWallAngle":70,"texGroundEdgeSide":"","data":"","points":[{"x":30768,"y":-336},{"x":30992,"y":-336},{"x":31040,"y":-352},{"x":31264,"y":-352},{"x":31424,"y":-352},{"x":31216,"y":-352},{"x":31360,"y":-352},{"x":31392,"y":-352},{"x":31184,"y":-80},{"x":31200,"y":-80},{"x":31136,"y":-80},{"x":30976,"y":-96},{"x":30896,"y":-96},{"x":30848,"y":-96},{"x":30784,"y":-208},{"x":30768,"y":-336}],"bounds":[30768,31424]}],"objects":[{"id":"level_end","texture":"level_end","anchor":{"x":0.5,"y":0.5},"scale":{"x":7.5,"y":7.5},"rotation":0,"depth":0,"data":"","position":{"x":34042,"y":-88}},{"id":"shrink_lock","texture":"shrink_lock","anchor":{"x":0.5,"y":0.5},"scale":{"x":1,"y":1},"rotation":0,"depth":0,"data":"","position":{"x":7753,"y":-944}},{"id":"shrink_unlock","texture":"shrink_unlock","anchor":{"x":0.5,"y":0.5},"scale":{"x":2.3,"y":2.3},"rotation":0,"depth":0,"data":"","position":{"x":11337,"y":99}},{"id":"shrink_lock","texture":"shrink_lock","anchor":{"x":0.5,"y":0.5},"scale":{"x":1,"y":1},"rotation":0,"depth":0,"data":"","position":{"x":20121,"y":-163}},{"id":"shrink_unlock","texture":"shrink_unlock","anchor":{"x":0.5,"y":0.5},"scale":{"x":2.6,"y":2.6},"rotation":30,"depth":0,"data":"","position":{"x":20946,"y":496}},{"id":"camera_zoom","texture":"camera_zoom","anchor":{"x":0.5,"y":0.5},"scale":{"x":5,"y":5},"rotation":-17,"depth":0,"data":"{\"zoom\":0.6,\"time\":0.5}","position":{"x":16830,"y":292}},{"id":"camera_zoom","texture":"camera_zoom","anchor":{"x":0.5,"y":0.5},"scale":{"x":5,"y":5},"rotation":-10,"depth":0,"data":"{\"zoom\":0.8,\"time\":2}","position":{"x":18639,"y":60}},{"id":"camera_zoom","texture":"camera_zoom","anchor":{"x":0.5,"y":0.5},"scale":{"x":5,"y":5},"rotation":0,"depth":0,"data":"{\"zoom\":0.6,\"time\":0.5}","position":{"x":29805,"y":-818}},{"id":"camera_zoom","texture":"camera_zoom","anchor":{"x":0.5,"y":0.5},"scale":{"x":10,"y":10},"rotation":0,"depth":0,"data":"{\"zoom\":1,\"time\":1}","position":{"x":32462,"y":-10}}]},{"name":"obstacles","depth":1,"paths":[],"objects":[{"id":"icecube_03_04","texture":"theme_03_ice_cube_04","anchor":{"x":0.5,"y":1},"scale":{"x":1,"y":1},"rotation":32,"depth":0,"data":"","position":{"x":10931,"y":197}},{"id":"iceblock_03_00","texture":"theme_03_ice_block_00","anchor":{"x":0.5,"y":1},"scale":{"x":1,"y":1},"rotation":0,"depth":0,"data":"","position":{"x":26853,"y":3063}},{"id":"icecube_03_05","texture":"theme_03_ice_cube_05","anchor":{"x":0.5,"y":1},"scale":{"x":1,"y":1},"rotation":0,"depth":0,"data":"","position":{"x":14606,"y":1109}},{"id":"snowman_03_00","texture":"theme_03_snowman_00","anchor":{"x":0.5,"y":1},"scale":{"x":1,"y":1},"rotation":0,"depth":0,"data":"","position":{"x":8236,"y":-1007}},{"id":"iceblock_03_00","texture":"theme_03_ice_block_00","anchor":{"x":0.5,"y":1},"scale":{"x":1,"y":1},"rotation":0,"depth":0,"data":"","position":{"x":28388,"y":-241}},{"id":"crate_01_00","texture":"theme_01_crate_00","anchor":{"x":0.5,"y":1},"scale":{"x":1,"y":1},"rotation":-30,"depth":0,"data":"","position":{"x":28087,"y":1645}},{"id":"crate_01_01","texture":"theme_01_crate_01","anchor":{"x":0.5,"y":1},"scale":{"x":1,"y":1},"rotation":1,"depth":0,"data":"","position":{"x":28138,"y":1679}},{"id":"snowman_03_00","texture":"theme_03_snowman_00","anchor":{"x":0.5,"y":1},"scale":{"x":1,"y":1},"rotation":0,"depth":0,"data":"","position":{"x":24515,"y":-1010}},{"id":"snowman_03_00","texture":"theme_03_snowman_00","anchor":{"x":0.5,"y":1},"scale":{"x":1,"y":1},"rotation":0,"depth":0,"data":"","position":{"x":23872,"y":1296}},{"id":"icecube_03_05","texture":"theme_03_ice_cube_05","anchor":{"x":0.5,"y":1},"scale":{"x":1,"y":1},"rotation":0,"depth":0,"data":"","position":{"x":21445,"y":844}},{"id":"icecube_03_00","texture":"theme_03_ice_cube_00","anchor":{"x":0.5,"y":1},"scale":{"x":1,"y":1},"rotation":0,"depth":0,"data":"","position":{"x":22256,"y":867}},{"id":"icecube_03_00","texture":"theme_03_ice_cube_00","anchor":{"x":0.5,"y":1},"scale":{"x":1,"y":1},"rotation":0,"depth":0,"data":"","position":{"x":21679,"y":3046}},{"id":"icecube_03_03","texture":"theme_03_ice_cube_03","anchor":{"x":0.5,"y":1},"scale":{"x":1,"y":1},"rotation":14,"depth":0,"data":"","position":{"x":21364,"y":3041}},{"id":"icecube_03_03","texture":"theme_03_ice_cube_03","anchor":{"x":0.5,"y":1},"scale":{"x":1,"y":1},"rotation":-1,"depth":0,"data":"","position":{"x":21472,"y":3047}},{"id":"iceblock_03_00","texture":"theme_03_ice_block_00","anchor":{"x":0.5,"y":1},"scale":{"x":1,"y":1},"rotation":0,"depth":0,"data":"","position":{"x":5651,"y":19}},{"id":"snowman_03_00","texture":"theme_03_snowman_00","anchor":{"x":0.5,"y":1},"scale":{"x":1,"y":1},"rotation":0,"depth":0,"data":"","position":{"x":21578,"y":3051}},{"id":"snowman_03_00","texture":"theme_03_snowman_00","anchor":{"x":0.5,"y":1},"scale":{"x":1,"y":1},"rotation":0,"depth":0,"data":"","position":{"x":3184,"y":737}},{"id":"icecube_03_03","texture":"theme_03_ice_cube_03","anchor":{"x":0.5,"y":1},"scale":{"x":1,"y":1},"rotation":3,"depth":1,"data":"","position":{"x":21421,"y":3003}},{"id":"icecube_03_05","texture":"theme_03_ice_cube_05","anchor":{"x":0.5,"y":1},"scale":{"x":1,"y":1},"rotation":0,"depth":0,"data":"","position":{"x":10866,"y":221}},{"id":"icecube_03_05","texture":"theme_03_ice_cube_05","anchor":{"x":0.5,"y":1},"scale":{"x":1,"y":1},"rotation":0,"depth":0,"data":"","position":{"x":26713,"y":3066}},{"id":"icecube_03_01","texture":"theme_03_ice_cube_01","anchor":{"x":0.5,"y":1},"scale":{"x":1,"y":1},"rotation":0,"depth":0,"data":"","position":{"x":21812,"y":3048}},{"id":"icecube_03_01","texture":"theme_03_ice_cube_01","anchor":{"x":0.5,"y":1},"scale":{"x":1,"y":1},"rotation":0,"depth":0,"data":"","position":{"x":23768,"y":3204}},{"id":"icecube_03_01","texture":"theme_03_ice_cube_01","anchor":{"x":0.5,"y":1},"scale":{"x":1,"y":1},"rotation":0,"depth":0,"data":"","position":{"x":23877,"y":3206}},{"id":"icecube_03_01","texture":"theme_03_ice_cube_01","anchor":{"x":0.5,"y":1},"scale":{"x":1,"y":1},"rotation":0,"depth":0,"data":"","position":{"x":23832,"y":3149}},{"id":"snowman_03_00","texture":"theme_03_snowman_00","anchor":{"x":0.5,"y":1},"scale":{"x":1,"y":1},"rotation":0,"depth":0,"data":"","position":{"x":25200,"y":-302}},{"id":"icecube_03_05","texture":"theme_03_ice_cube_05","anchor":{"x":0.5,"y":1},"scale":{"x":1,"y":1},"rotation":25,"depth":0,"data":"","position":{"x":20468,"y":2787}},{"id":"icecube_03_05","texture":"theme_03_ice_cube_05","anchor":{"x":0.5,"y":1},"scale":{"x":1,"y":1},"rotation":7,"depth":0,"data":"","position":{"x":20942,"y":2921}},{"id":"icecube_03_04","texture":"theme_03_ice_cube_04","anchor":{"x":0.5,"y":1},"scale":{"x":1,"y":1},"rotation":0,"depth":0,"data":"","position":{"x":20789,"y":2899}},{"id":"crate_01_01","texture":"theme_01_crate_01","anchor":{"x":0.5,"y":1},"scale":{"x":1,"y":1},"rotation":0,"depth":0,"data":"","position":{"x":20925,"y":2871}},{"id":"crate_01_00","texture":"theme_01_crate_00","anchor":{"x":0.5,"y":1},"scale":{"x":1,"y":1},"rotation":0,"depth":0,"data":"","position":{"x":12751,"y":-611}},{"id":"icecube_03_05","texture":"theme_03_ice_cube_05","anchor":{"x":0.5,"y":1},"scale":{"x":1,"y":1},"rotation":0,"depth":0,"data":"","position":{"x":21304,"y":2258}},{"id":"icecube_03_04","texture":"theme_03_ice_cube_04","anchor":{"x":0.5,"y":1},"scale":{"x":1,"y":1},"rotation":0,"depth":0,"data":"","position":{"x":23893,"y":2399}},{"id":"icecube_03_04","texture":"theme_03_ice_cube_04","anchor":{"x":0.5,"y":1},"scale":{"x":1,"y":1},"rotation":0,"depth":0,"data":"","position":{"x":21375,"y":-337}},{"id":"icecube_03_03","texture":"theme_03_ice_cube_03","anchor":{"x":0.5,"y":1},"scale":{"x":1,"y":1},"rotation":-39,"depth":0,"data":"","position":{"x":23835,"y":2373}},{"id":"icecube_03_05","texture":"theme_03_ice_cube_05","anchor":{"x":0.5,"y":1},"scale":{"x":1,"y":1},"rotation":12,"depth":0,"data":"","position":{"x":26382,"y":-547}},{"id":"icecube_03_04","texture":"theme_03_ice_cube_04","anchor":{"x":0.5,"y":1},"scale":{"x":1,"y":1},"rotation":52,"depth":0,"data":"","position":{"x":26453,"y":-562}},{"id":"stones_03_02","texture":"theme_03_stones_02","anchor":{"x":0.5,"y":1},"scale":{"x":1,"y":1},"rotation":0,"depth":0,"data":"","position":{"x":24637,"y":3216}},{"id":"stones_03_02","texture":"theme_03_stones_02","anchor":{"x":0.5,"y":1},"scale":{"x":1,"y":1},"rotation":0,"depth":0,"data":"","position":{"x":9093,"y":-1024}},{"id":"level_gameover","texture":"level_gameover","anchor":{"x":0.5,"y":0.5},"scale":{"x":8.2,"y":8.2},"rotation":0,"depth":0,"data":"","position":{"x":16996,"y":2206}}]},{"name":"pickups","depth":2,"paths":[],"objects":[{"id":"crystal_green","texture":"ingame_crystal_green_00","anchor":{"x":0.5,"y":0.5},"scale":{"x":1,"y":1},"rotation":0,"depth":0,"data":"","position":{"x":26850,"y":2983}},{"id":"coin","texture":"ui_icon_gameplay_snowflake","anchor":{"x":0.5,"y":0.5},"scale":{"x":1,"y":1},"rotation":0,"depth":0,"data":"","position":{"x":28162,"y":-326}},{"id":"crystal_cyan","texture":"ingame_crystal_cyan_00","anchor":{"x":0.5,"y":0.5},"scale":{"x":1,"y":1},"rotation":0,"depth":0,"data":"","position":{"x":9852,"y":-204}},{"id":"coin","texture":"ui_icon_gameplay_snowflake","anchor":{"x":0.5,"y":0.5},"scale":{"x":1,"y":1},"rotation":0,"depth":0,"data":"","position":{"x":9428,"y":47}},{"id":"coin","texture":"ui_icon_gameplay_snowflake","anchor":{"x":0.5,"y":0.5},"scale":{"x":1,"y":1},"rotation":0,"depth":0,"data":"","position":{"x":9555,"y":72}},{"id":"coin","texture":"ui_icon_gameplay_snowflake","anchor":{"x":0.5,"y":0.5},"scale":{"x":1,"y":1},"rotation":0,"depth":0,"data":"","position":{"x":9676,"y":96}},{"id":"coin","texture":"ui_icon_gameplay_snowflake","anchor":{"x":0.5,"y":0.5},"scale":{"x":1,"y":1},"rotation":0,"depth":0,"data":"","position":{"x":9814,"y":110}},{"id":"coin","texture":"ui_icon_gameplay_snowflake","anchor":{"x":0.5,"y":0.5},"scale":{"x":1,"y":1},"rotation":0,"depth":0,"data":"","position":{"x":9955,"y":111}},{"id":"coin","texture":"ui_icon_gameplay_snowflake","anchor":{"x":0.5,"y":0.5},"scale":{"x":1,"y":1},"rotation":0,"depth":0,"data":"","position":{"x":10104,"y":118}},{"id":"coin","texture":"ui_icon_gameplay_snowflake","anchor":{"x":0.5,"y":0.5},"scale":{"x":1,"y":1},"rotation":0,"depth":0,"data":"","position":{"x":10232,"y":120}},{"id":"coin","texture":"ui_icon_gameplay_snowflake","anchor":{"x":0.5,"y":0.5},"scale":{"x":1,"y":1},"rotation":0,"depth":0,"data":"","position":{"x":1830,"y":67}},{"id":"coin","texture":"ui_icon_gameplay_snowflake","anchor":{"x":0.5,"y":0.5},"scale":{"x":1,"y":1},"rotation":0,"depth":0,"data":"","position":{"x":1904,"y":-33}},{"id":"coin","texture":"ui_icon_gameplay_snowflake","anchor":{"x":0.5,"y":0.5},"scale":{"x":1,"y":1},"rotation":0,"depth":0,"data":"","position":{"x":2122,"y":-110}},{"id":"coin","texture":"ui_icon_gameplay_snowflake","anchor":{"x":0.5,"y":0.5},"scale":{"x":1,"y":1},"rotation":0,"depth":0,"data":"","position":{"x":2882,"y":625}},{"id":"coin","texture":"ui_icon_gameplay_snowflake","anchor":{"x":0.5,"y":0.5},"scale":{"x":1,"y":1},"rotation":0,"depth":0,"data":"","position":{"x":2776,"y":619}},{"id":"coin","texture":"ui_icon_gameplay_snowflake","anchor":{"x":0.5,"y":0.5},"scale":{"x":1,"y":1},"rotation":0,"depth":0,"data":"","position":{"x":3152,"y":-308}},{"id":"coin","texture":"ui_icon_gameplay_snowflake","anchor":{"x":0.5,"y":0.5},"scale":{"x":1,"y":1},"rotation":0,"depth":0,"data":"","position":{"x":3179,"y":-411}},{"id":"coin","texture":"ui_icon_gameplay_snowflake","anchor":{"x":0.5,"y":0.5},"scale":{"x":1,"y":1},"rotation":0,"depth":0,"data":"","position":{"x":3274,"y":-476}},{"id":"crystal_pink","texture":"ingame_crystal_pink_00","anchor":{"x":0.5,"y":0.5},"scale":{"x":1,"y":1},"rotation":0,"depth":0,"data":"","position":{"x":4459,"y":-1023}},{"id":"coin","texture":"ui_icon_gameplay_snowflake","anchor":{"x":0.5,"y":0.5},"scale":{"x":1,"y":1},"rotation":0,"depth":0,"data":"","position":{"x":4091,"y":-646}},{"id":"coin","texture":"ui_icon_gameplay_snowflake","anchor":{"x":0.5,"y":0.5},"scale":{"x":1,"y":1},"rotation":0,"depth":0,"data":"","position":{"x":4296,"y":-873}},{"id":"coin","texture":"ui_icon_gameplay_snowflake","anchor":{"x":0.5,"y":0.5},"scale":{"x":1,"y":1},"rotation":0,"depth":0,"data":"","position":{"x":4365,"y":-959}},{"id":"coin","texture":"ui_icon_gameplay_snowflake","anchor":{"x":0.5,"y":0.5},"scale":{"x":1,"y":1},"rotation":0,"depth":0,"data":"","position":{"x":10882,"y":-1155}},{"id":"coin","texture":"ui_icon_gameplay_snowflake","anchor":{"x":0.5,"y":0.5},"scale":{"x":1,"y":1},"rotation":0,"depth":0,"data":"","position":{"x":10541,"y":-1149}},{"id":"coin","texture":"ui_icon_gameplay_snowflake","anchor":{"x":0.5,"y":0.5},"scale":{"x":1,"y":1},"rotation":0,"depth":0,"data":"","position":{"x":10656,"y":-1152}},{"id":"coin","texture":"ui_icon_gameplay_snowflake","anchor":{"x":0.5,"y":0.5},"scale":{"x":1,"y":1},"rotation":0,"depth":0,"data":"","position":{"x":10767,"y":-1150}},{"id":"coin","texture":"ui_icon_gameplay_snowflake","anchor":{"x":0.5,"y":0.5},"scale":{"x":1,"y":1},"rotation":0,"depth":0,"data":"","position":{"x":4125,"y":-739}},{"id":"coin","texture":"ui_icon_gameplay_snowflake","anchor":{"x":0.5,"y":0.5},"scale":{"x":1,"y":1},"rotation":0,"depth":0,"data":"","position":{"x":4201,"y":-809}},{"id":"coin","texture":"ui_icon_gameplay_snowflake","anchor":{"x":0.5,"y":0.5},"scale":{"x":1,"y":1},"rotation":0,"depth":0,"data":"","position":{"x":2982,"y":628}},{"id":"coin","texture":"ui_icon_gameplay_snowflake","anchor":{"x":0.5,"y":0.5},"scale":{"x":1,"y":1},"rotation":0,"depth":0,"data":"","position":{"x":3171,"y":420}},{"id":"coin","texture":"ui_icon_gameplay_snowflake","anchor":{"x":0.5,"y":0.5},"scale":{"x":1,"y":1},"rotation":0,"depth":0,"data":"","position":{"x":3788,"y":524}},{"id":"coin","texture":"ui_icon_gameplay_snowflake","anchor":{"x":0.5,"y":0.5},"scale":{"x":1,"y":1},"rotation":0,"depth":0,"data":"","position":{"x":3885,"y":486}},{"id":"coin","texture":"ui_icon_gameplay_snowflake","anchor":{"x":0.5,"y":0.5},"scale":{"x":1,"y":1},"rotation":0,"depth":0,"data":"","position":{"x":3970,"y":436}},{"id":"coin","texture":"ui_icon_gameplay_snowflake","anchor":{"x":0.5,"y":0.5},"scale":{"x":1,"y":1},"rotation":0,"depth":0,"data":"","position":{"x":2180,"y":-206}},{"id":"coin","texture":"ui_icon_gameplay_snowflake","anchor":{"x":0.5,"y":0.5},"scale":{"x":1,"y":1},"rotation":0,"depth":0,"data":"","position":{"x":2296,"y":-294}},{"id":"crystal_purple","texture":"ingame_crystal_purple_00","anchor":{"x":0.5,"y":0.5},"scale":{"x":1,"y":1},"rotation":0,"depth":0,"data":"","position":{"x":14879,"y":-284}},{"id":"coin","texture":"ui_icon_gameplay_snowflake","anchor":{"x":0.5,"y":0.5},"scale":{"x":1,"y":1},"rotation":0,"depth":0,"data":"","position":{"x":3071,"y":490}},{"id":"coin","texture":"ui_icon_gameplay_snowflake","anchor":{"x":0.5,"y":0.5},"scale":{"x":1,"y":1},"rotation":0,"depth":0,"data":"","position":{"x":3276,"y":480}},{"id":"coin","texture":"ui_icon_gameplay_snowflake","anchor":{"x":0.5,"y":0.5},"scale":{"x":1,"y":1},"rotation":0,"depth":0,"data":"","position":{"x":3325,"y":-578}},{"id":"coin","texture":"ui_icon_gameplay_snowflake","anchor":{"x":0.5,"y":0.5},"scale":{"x":1,"y":1},"rotation":0,"depth":0,"data":"","position":{"x":3407,"y":-659}},{"id":"coin","texture":"ui_icon_gameplay_snowflake","anchor":{"x":0.5,"y":0.5},"scale":{"x":1,"y":1},"rotation":0,"depth":0,"data":"","position":{"x":11887,"y":-1051}},{"id":"coin","texture":"ui_icon_gameplay_snowflake","anchor":{"x":0.5,"y":0.5},"scale":{"x":1,"y":1},"rotation":0,"depth":0,"data":"","position":{"x":12029,"y":-1042}},{"id":"coin","texture":"ui_icon_gameplay_snowflake","anchor":{"x":0.5,"y":0.5},"scale":{"x":1,"y":1},"rotation":0,"depth":0,"data":"","position":{"x":12180,"y":-1036}},{"id":"coin","texture":"ui_icon_gameplay_snowflake","anchor":{"x":0.5,"y":0.5},"scale":{"x":1,"y":1},"rotation":0,"depth":0,"data":"","position":{"x":13232,"y":-765}},{"id":"coin","texture":"ui_icon_gameplay_snowflake","anchor":{"x":0.5,"y":0.5},"scale":{"x":1,"y":1},"rotation":0,"depth":0,"data":"","position":{"x":13417,"y":-763}},{"id":"coin","texture":"ui_icon_gameplay_snowflake","anchor":{"x":0.5,"y":0.5},"scale":{"x":1,"y":1},"rotation":0,"depth":0,"data":"","position":{"x":13601,"y":-754}},{"id":"coin","texture":"ui_icon_gameplay_snowflake","anchor":{"x":0.5,"y":0.5},"scale":{"x":1,"y":1},"rotation":0,"depth":0,"data":"","position":{"x":13834,"y":-744}},{"id":"coin","texture":"ui_icon_gameplay_snowflake","anchor":{"x":0.5,"y":0.5},"scale":{"x":1,"y":1},"rotation":0,"depth":0,"data":"","position":{"x":8369,"y":-197}},{"id":"coin","texture":"ui_icon_gameplay_snowflake","anchor":{"x":0.5,"y":0.5},"scale":{"x":1,"y":1},"rotation":0,"depth":0,"data":"","position":{"x":8262,"y":-310}},{"id":"coin","texture":"ui_icon_gameplay_snowflake","anchor":{"x":0.5,"y":0.5},"scale":{"x":1,"y":1},"rotation":0,"depth":0,"data":"","position":{"x":8531,"y":-95}},{"id":"coin","texture":"ui_icon_gameplay_snowflake","anchor":{"x":0.5,"y":0.5},"scale":{"x":1,"y":1},"rotation":0,"depth":0,"data":"","position":{"x":8679,"y":-23}},{"id":"coin","texture":"ui_icon_gameplay_snowflake","anchor":{"x":0.5,"y":0.5},"scale":{"x":1,"y":1},"rotation":0,"depth":0,"data":"","position":{"x":10837,"y":2}},{"id":"coin","texture":"ui_icon_gameplay_snowflake","anchor":{"x":0.5,"y":0.5},"scale":{"x":1,"y":1},"rotation":0,"depth":0,"data":"","position":{"x":10702,"y":112}},{"id":"coin","texture":"ui_icon_gameplay_snowflake","anchor":{"x":0.5,"y":0.5},"scale":{"x":1,"y":1},"rotation":0,"depth":0,"data":"","position":{"x":11108,"y":105}},{"id":"coin","texture":"ui_icon_gameplay_snowflake","anchor":{"x":0.5,"y":0.5},"scale":{"x":1,"y":1},"rotation":0,"depth":0,"data":"","position":{"x":10349,"y":-840}},{"id":"coin","texture":"ui_icon_gameplay_snowflake","anchor":{"x":0.5,"y":0.5},"scale":{"x":1,"y":1},"rotation":0,"depth":0,"data":"","position":{"x":10450,"y":-761}},{"id":"coin","texture":"ui_icon_gameplay_snowflake","anchor":{"x":0.5,"y":0.5},"scale":{"x":1,"y":1},"rotation":0,"depth":0,"data":"","position":{"x":10576,"y":-691}},{"id":"coin","texture":"ui_icon_gameplay_snowflake","anchor":{"x":0.5,"y":0.5},"scale":{"x":1,"y":1},"rotation":0,"depth":0,"data":"","position":{"x":5347,"y":-77}},{"id":"coin","texture":"ui_icon_gameplay_snowflake","anchor":{"x":0.5,"y":0.5},"scale":{"x":1,"y":1},"rotation":0,"depth":0,"data":"","position":{"x":5467,"y":-79}},{"id":"coin","texture":"ui_icon_gameplay_snowflake","anchor":{"x":0.5,"y":0.5},"scale":{"x":1,"y":1},"rotation":0,"depth":0,"data":"","position":{"x":6390,"y":-448}},{"id":"coin","texture":"ui_icon_gameplay_snowflake","anchor":{"x":0.5,"y":0.5},"scale":{"x":1,"y":1},"rotation":0,"depth":0,"data":"","position":{"x":6580,"y":-699}},{"id":"crystal_pink","texture":"ingame_crystal_pink_00","anchor":{"x":0.5,"y":0.5},"scale":{"x":1,"y":1},"rotation":0,"depth":0,"data":"","position":{"x":14990,"y":752}},{"id":"coin","texture":"ui_icon_gameplay_snowflake","anchor":{"x":0.5,"y":0.5},"scale":{"x":1,"y":1},"rotation":0,"depth":0,"data":"","position":{"x":14856,"y":777}},{"id":"coin","texture":"ui_icon_gameplay_snowflake","anchor":{"x":0.5,"y":0.5},"scale":{"x":1,"y":1},"rotation":0,"depth":0,"data":"","position":{"x":14754,"y":830}},{"id":"coin","texture":"ui_icon_gameplay_snowflake","anchor":{"x":0.5,"y":0.5},"scale":{"x":1,"y":1},"rotation":0,"depth":0,"data":"","position":{"x":14692,"y":914}},{"id":"coin","texture":"ui_icon_gameplay_snowflake","anchor":{"x":0.5,"y":0.5},"scale":{"x":1,"y":1},"rotation":0,"depth":0,"data":"","position":{"x":8085,"y":-1138}},{"id":"coin","texture":"ui_icon_gameplay_snowflake","anchor":{"x":0.5,"y":0.5},"scale":{"x":1,"y":1},"rotation":0,"depth":0,"data":"","position":{"x":8205,"y":-1234}},{"id":"coin","texture":"ui_icon_gameplay_snowflake","anchor":{"x":0.5,"y":0.5},"scale":{"x":1,"y":1},"rotation":0,"depth":0,"data":"","position":{"x":8349,"y":-1223}},{"id":"coin","texture":"ui_icon_gameplay_snowflake","anchor":{"x":0.5,"y":0.5},"scale":{"x":1,"y":1},"rotation":0,"depth":0,"data":"","position":{"x":8434,"y":-1114}},{"id":"coin","texture":"ui_icon_gameplay_snowflake","anchor":{"x":0.5,"y":0.5},"scale":{"x":1,"y":1},"rotation":0,"depth":0,"data":"","position":{"x":8820,"y":-1103}},{"id":"coin","texture":"ui_icon_gameplay_snowflake","anchor":{"x":0.5,"y":0.5},"scale":{"x":1,"y":1},"rotation":0,"depth":0,"data":"","position":{"x":8898,"y":-1205}},{"id":"coin","texture":"ui_icon_gameplay_snowflake","anchor":{"x":0.5,"y":0.5},"scale":{"x":1,"y":1},"rotation":0,"depth":0,"data":"","position":{"x":9106,"y":-1232}},{"id":"coin","texture":"ui_icon_gameplay_snowflake","anchor":{"x":0.5,"y":0.5},"scale":{"x":1,"y":1},"rotation":0,"depth":0,"data":"","position":{"x":9273,"y":-1112}},{"id":"crystal_pink","texture":"ingame_crystal_pink_00","anchor":{"x":0.5,"y":0.5},"scale":{"x":1,"y":1},"rotation":0,"depth":0,"data":"","position":{"x":25669,"y":-1425}},{"id":"coin","texture":"ui_icon_gameplay_snowflake","anchor":{"x":0.5,"y":0.5},"scale":{"x":1,"y":1},"rotation":0,"depth":0,"data":"","position":{"x":25426,"y":-1407}},{"id":"coin","texture":"ui_icon_gameplay_snowflake","anchor":{"x":0.5,"y":0.5},"scale":{"x":1,"y":1},"rotation":0,"depth":0,"data":"","position":{"x":25340,"y":-1313}},{"id":"crystal_purple","texture":"ingame_crystal_purple_00","anchor":{"x":0.5,"y":0.5},"scale":{"x":1,"y":1},"rotation":0,"depth":0,"data":"","position":{"x":31653,"y":-557}},{"id":"crystal_purple","texture":"ingame_crystal_purple_00","anchor":{"x":0.5,"y":0.5},"scale":{"x":1,"y":1},"rotation":0,"depth":0,"data":"","position":{"x":25054,"y":2236}},{"id":"crystal_cyan","texture":"ingame_crystal_cyan_00","anchor":{"x":0.5,"y":0.5},"scale":{"x":1,"y":1},"rotation":0,"depth":0,"data":"","position":{"x":28096,"y":1395}},{"id":"coin","texture":"ui_icon_gameplay_snowflake","anchor":{"x":0.5,"y":0.5},"scale":{"x":1,"y":1},"rotation":0,"depth":0,"data":"","position":{"x":28230,"y":1431}},{"id":"coin","texture":"ui_icon_gameplay_snowflake","anchor":{"x":0.5,"y":0.5},"scale":{"x":1,"y":1},"rotation":0,"depth":0,"data":"","position":{"x":28324,"y":1518}},{"id":"coin","texture":"ui_icon_gameplay_snowflake","anchor":{"x":0.5,"y":0.5},"scale":{"x":1,"y":1},"rotation":0,"depth":0,"data":"","position":{"x":27947,"y":1451}},{"id":"coin","texture":"ui_icon_gameplay_snowflake","anchor":{"x":0.5,"y":0.5},"scale":{"x":1,"y":1},"rotation":0,"depth":0,"data":"","position":{"x":27902,"y":1556}},{"id":"sled","texture":"ingame_sled_00","anchor":{"x":0.5,"y":1},"scale":{"x":1,"y":1},"rotation":7,"depth":0,"data":"","position":{"x":10745,"y":-575}},{"id":"coin","texture":"ui_icon_gameplay_snowflake","anchor":{"x":0.5,"y":0.5},"scale":{"x":1,"y":1},"rotation":0,"depth":0,"data":"","position":{"x":27017,"y":975}},{"id":"coin","texture":"ui_icon_gameplay_snowflake","anchor":{"x":0.5,"y":0.5},"scale":{"x":1,"y":1},"rotation":0,"depth":0,"data":"","position":{"x":27166,"y":1039}},{"id":"coin","texture":"ui_icon_gameplay_snowflake","anchor":{"x":0.5,"y":0.5},"scale":{"x":1,"y":1},"rotation":0,"depth":0,"data":"","position":{"x":27280,"y":1230}},{"id":"coin","texture":"ui_icon_gameplay_snowflake","anchor":{"x":0.5,"y":0.5},"scale":{"x":1,"y":1},"rotation":0,"depth":0,"data":"","position":{"x":27342,"y":1511}},{"id":"coin","texture":"ui_icon_gameplay_snowflake","anchor":{"x":0.5,"y":0.5},"scale":{"x":1,"y":1},"rotation":0,"depth":0,"data":"","position":{"x":26839,"y":1013}},{"id":"coin","texture":"ui_icon_gameplay_snowflake","anchor":{"x":0.5,"y":0.5},"scale":{"x":1,"y":1},"rotation":0,"depth":0,"data":"","position":{"x":24797,"y":2319}},{"id":"coin","texture":"ui_icon_gameplay_snowflake","anchor":{"x":0.5,"y":0.5},"scale":{"x":1,"y":1},"rotation":0,"depth":0,"data":"","position":{"x":24679,"y":2359}},{"id":"coin","texture":"ui_icon_gameplay_snowflake","anchor":{"x":0.5,"y":0.5},"scale":{"x":1,"y":1},"rotation":0,"depth":0,"data":"","position":{"x":30778,"y":-455}},{"id":"coin","texture":"ui_icon_gameplay_snowflake","anchor":{"x":0.5,"y":0.5},"scale":{"x":1,"y":1},"rotation":0,"depth":0,"data":"","position":{"x":30994,"y":-445}},{"id":"coin","texture":"ui_icon_gameplay_snowflake","anchor":{"x":0.5,"y":0.5},"scale":{"x":1,"y":1},"rotation":0,"depth":0,"data":"","position":{"x":31214,"y":-447}},{"id":"coin","texture":"ui_icon_gameplay_snowflake","anchor":{"x":0.5,"y":0.5},"scale":{"x":1,"y":1},"rotation":0,"depth":0,"data":"","position":{"x":31444,"y":-481}},{"id":"coin","texture":"ui_icon_gameplay_snowflake","anchor":{"x":0.5,"y":0.5},"scale":{"x":1,"y":1},"rotation":0,"depth":0,"data":"","position":{"x":22744,"y":-579}},{"id":"coin","texture":"ui_icon_gameplay_snowflake","anchor":{"x":0.5,"y":0.5},"scale":{"x":1,"y":1},"rotation":0,"depth":0,"data":"","position":{"x":23005,"y":-780}},{"id":"coin","texture":"ui_icon_gameplay_snowflake","anchor":{"x":0.5,"y":0.5},"scale":{"x":1,"y":1},"rotation":0,"depth":0,"data":"","position":{"x":23151,"y":-951}},{"id":"coin","texture":"ui_icon_gameplay_snowflake","anchor":{"x":0.5,"y":0.5},"scale":{"x":1,"y":1},"rotation":0,"depth":0,"data":"","position":{"x":23914,"y":-304}},{"id":"coin","texture":"ui_icon_gameplay_snowflake","anchor":{"x":0.5,"y":0.5},"scale":{"x":1,"y":1},"rotation":0,"depth":0,"data":"","position":{"x":24178,"y":-273}},{"id":"coin","texture":"ui_icon_gameplay_snowflake","anchor":{"x":0.5,"y":0.5},"scale":{"x":1,"y":1},"rotation":0,"depth":0,"data":"","position":{"x":24500,"y":-262}},{"id":"crystal_cyan","texture":"ingame_crystal_cyan_00","anchor":{"x":0.5,"y":0.5},"scale":{"x":1,"y":1},"rotation":0,"depth":0,"data":"","position":{"x":23913,"y":658}},{"id":"coin","texture":"ui_icon_gameplay_snowflake","anchor":{"x":0.5,"y":0.5},"scale":{"x":1,"y":1},"rotation":0,"depth":0,"data":"","position":{"x":22939,"y":958}},{"id":"coin","texture":"ui_icon_gameplay_snowflake","anchor":{"x":0.5,"y":0.5},"scale":{"x":1,"y":1},"rotation":0,"depth":0,"data":"","position":{"x":23216,"y":1099}},{"id":"coin","texture":"ui_icon_gameplay_snowflake","anchor":{"x":0.5,"y":0.5},"scale":{"x":1,"y":1},"rotation":0,"depth":0,"data":"","position":{"x":23528,"y":1198}},{"id":"coin","texture":"ui_icon_gameplay_snowflake","anchor":{"x":0.5,"y":0.5},"scale":{"x":1,"y":1},"rotation":0,"depth":0,"data":"","position":{"x":24167,"y":1151}},{"id":"crystal_green","texture":"ingame_crystal_green_00","anchor":{"x":0.5,"y":0.5},"scale":{"x":1,"y":1},"rotation":0,"depth":0,"data":"","position":{"x":5650,"y":-61}},{"id":"coin","texture":"ui_icon_gameplay_snowflake","anchor":{"x":0.5,"y":0.5},"scale":{"x":1,"y":1},"rotation":0,"depth":0,"data":"","position":{"x":24910,"y":2284}},{"id":"coin","texture":"ui_icon_gameplay_snowflake","anchor":{"x":0.5,"y":0.5},"scale":{"x":1,"y":1},"rotation":0,"depth":0,"data":"","position":{"x":23477,"y":669}},{"id":"coin","texture":"ui_icon_gameplay_snowflake","anchor":{"x":0.5,"y":0.5},"scale":{"x":1,"y":1},"rotation":0,"depth":0,"data":"","position":{"x":24411,"y":1027}},{"id":"coin","texture":"ui_icon_gameplay_snowflake","anchor":{"x":0.5,"y":0.5},"scale":{"x":1,"y":1},"rotation":0,"depth":0,"data":"","position":{"x":23710,"y":623}},{"id":"coin","texture":"ui_icon_gameplay_snowflake","anchor":{"x":0.5,"y":0.5},"scale":{"x":1,"y":1},"rotation":0,"depth":0,"data":"","position":{"x":20774,"y":396}},{"id":"coin","texture":"ui_icon_gameplay_snowflake","anchor":{"x":0.5,"y":0.5},"scale":{"x":1,"y":1},"rotation":0,"depth":0,"data":"","position":{"x":20081,"y":2320}},{"id":"coin","texture":"ui_icon_gameplay_snowflake","anchor":{"x":0.5,"y":0.5},"scale":{"x":1,"y":1},"rotation":0,"depth":0,"data":"","position":{"x":20187,"y":2180}},{"id":"coin","texture":"ui_icon_gameplay_snowflake","anchor":{"x":0.5,"y":0.5},"scale":{"x":1,"y":1},"rotation":0,"depth":0,"data":"","position":{"x":20329,"y":2079}},{"id":"coin","texture":"ui_icon_gameplay_snowflake","anchor":{"x":0.5,"y":0.5},"scale":{"x":1,"y":1},"rotation":0,"depth":0,"data":"","position":{"x":22668,"y":2128}},{"id":"coin","texture":"ui_icon_gameplay_snowflake","anchor":{"x":0.5,"y":0.5},"scale":{"x":1,"y":1},"rotation":0,"depth":0,"data":"","position":{"x":20492,"y":220}},{"id":"coin","texture":"ui_icon_gameplay_snowflake","anchor":{"x":0.5,"y":0.5},"scale":{"x":1,"y":1},"rotation":0,"depth":0,"data":"","position":{"x":22386,"y":2112}},{"id":"coin","texture":"ui_icon_gameplay_snowflake","anchor":{"x":0.5,"y":0.5},"scale":{"x":1,"y":1},"rotation":0,"depth":0,"data":"","position":{"x":23215,"y":2169}},{"id":"coin","texture":"ui_icon_gameplay_snowflake","anchor":{"x":0.5,"y":0.5},"scale":{"x":1,"y":1},"rotation":0,"depth":0,"data":"","position":{"x":23752,"y":2997}},{"id":"coin","texture":"ui_icon_gameplay_snowflake","anchor":{"x":0.5,"y":0.5},"scale":{"x":1,"y":1},"rotation":0,"depth":0,"data":"","position":{"x":23623,"y":3119}},{"id":"coin","texture":"ui_icon_gameplay_snowflake","anchor":{"x":0.5,"y":0.5},"scale":{"x":1,"y":1},"rotation":0,"depth":0,"data":"","position":{"x":20632,"y":287}},{"id":"coin","texture":"ui_icon_gameplay_snowflake","anchor":{"x":0.5,"y":0.5},"scale":{"x":1,"y":1},"rotation":0,"depth":0,"data":"","position":{"x":22953,"y":2154}},{"id":"crystal_green","texture":"ingame_crystal_green_00","anchor":{"x":0.5,"y":0.5},"scale":{"x":1,"y":1},"rotation":0,"depth":0,"data":"","position":{"x":28387,"y":-323}},{"id":"troll_magic","texture":"ingame_troll_magic_00","anchor":{"x":0.5,"y":0.5},"scale":{"x":1,"y":1},"rotation":0,"depth":0,"data":"","position":{"x":20298,"y":2554}},{"id":"coin","texture":"ui_icon_gameplay_snowflake","anchor":{"x":0.5,"y":0.5},"scale":{"x":1,"y":1},"rotation":0,"depth":0,"data":"","position":{"x":27972,"y":-272}},{"id":"coin","texture":"ui_icon_gameplay_snowflake","anchor":{"x":0.5,"y":0.5},"scale":{"x":1,"y":1},"rotation":0,"depth":0,"data":"","position":{"x":28399,"y":-531}},{"id":"coin","texture":"ui_icon_gameplay_snowflake","anchor":{"x":0.5,"y":0.5},"scale":{"x":1,"y":1},"rotation":0,"depth":0,"data":"","position":{"x":28615,"y":-379}},{"id":"coin","texture":"ui_icon_gameplay_snowflake","anchor":{"x":0.5,"y":0.5},"scale":{"x":1,"y":1},"rotation":0,"depth":0,"data":"","position":{"x":24159,"y":-1086}},{"id":"coin","texture":"ui_icon_gameplay_snowflake","anchor":{"x":0.5,"y":0.5},"scale":{"x":1,"y":1},"rotation":0,"depth":0,"data":"","position":{"x":24813,"y":-1124}},{"id":"coin","texture":"ui_icon_gameplay_snowflake","anchor":{"x":0.5,"y":0.5},"scale":{"x":1,"y":1},"rotation":0,"depth":0,"data":"","position":{"x":13368,"y":1224}},{"id":"coin","texture":"ui_icon_gameplay_snowflake","anchor":{"x":0.5,"y":0.5},"scale":{"x":1,"y":1},"rotation":0,"depth":0,"data":"","position":{"x":13534,"y":1382}},{"id":"coin","texture":"ui_icon_gameplay_snowflake","anchor":{"x":0.5,"y":0.5},"scale":{"x":1,"y":1},"rotation":0,"depth":0,"data":"","position":{"x":13805,"y":1540}},{"id":"coin","texture":"ui_icon_gameplay_snowflake","anchor":{"x":0.5,"y":0.5},"scale":{"x":1,"y":1},"rotation":0,"depth":0,"data":"","position":{"x":14131,"y":1640}},{"id":"coin","texture":"ui_icon_gameplay_snowflake","anchor":{"x":0.5,"y":0.5},"scale":{"x":1,"y":1},"rotation":0,"depth":0,"data":"","position":{"x":14472,"y":1613}},{"id":"coin","texture":"ui_icon_gameplay_snowflake","anchor":{"x":0.5,"y":0.5},"scale":{"x":1,"y":1},"rotation":0,"depth":0,"data":"","position":{"x":14820,"y":1462}},{"id":"coin","texture":"ui_icon_gameplay_snowflake","anchor":{"x":0.5,"y":0.5},"scale":{"x":1,"y":1},"rotation":0,"depth":0,"data":"","position":{"x":11095,"y":-549}},{"id":"coin","texture":"ui_icon_gameplay_snowflake","anchor":{"x":0.5,"y":0.5},"scale":{"x":1,"y":1},"rotation":0,"depth":0,"data":"","position":{"x":11235,"y":-403}},{"id":"coin","texture":"ui_icon_gameplay_snowflake","anchor":{"x":0.5,"y":0.5},"scale":{"x":1,"y":1},"rotation":0,"depth":0,"data":"","position":{"x":11344,"y":-295}},{"id":"coin","texture":"ui_icon_gameplay_snowflake","anchor":{"x":0.5,"y":0.5},"scale":{"x":1,"y":1},"rotation":0,"depth":0,"data":"","position":{"x":12589,"y":382}},{"id":"coin","texture":"ui_icon_gameplay_snowflake","anchor":{"x":0.5,"y":0.5},"scale":{"x":1,"y":1},"rotation":0,"depth":0,"data":"","position":{"x":12852,"y":634}},{"id":"coin","texture":"ui_icon_gameplay_snowflake","anchor":{"x":0.5,"y":0.5},"scale":{"x":1,"y":1},"rotation":0,"depth":0,"data":"","position":{"x":13145,"y":918}},{"id":"coin","texture":"ui_icon_gameplay_snowflake","anchor":{"x":0.5,"y":0.5},"scale":{"x":1,"y":1},"rotation":0,"depth":0,"data":"","position":{"x":8036,"y":-522}},{"id":"coin","texture":"ui_icon_gameplay_snowflake","anchor":{"x":0.5,"y":0.5},"scale":{"x":1,"y":1},"rotation":0,"depth":0,"data":"","position":{"x":8151,"y":-404}},{"id":"coin","texture":"ui_icon_gameplay_snowflake","anchor":{"x":0.5,"y":0.5},"scale":{"x":1,"y":1},"rotation":0,"depth":0,"data":"","position":{"x":10984,"y":-3}},{"id":"coin","texture":"ui_icon_gameplay_snowflake","anchor":{"x":0.5,"y":0.5},"scale":{"x":1,"y":1},"rotation":0,"depth":0,"data":"","position":{"x":20369,"y":-342}},{"id":"coin","texture":"ui_icon_gameplay_snowflake","anchor":{"x":0.5,"y":0.5},"scale":{"x":1,"y":1},"rotation":0,"depth":0,"data":"","position":{"x":19240,"y":-56}},{"id":"coin","texture":"ui_icon_gameplay_snowflake","anchor":{"x":0.5,"y":0.5},"scale":{"x":1,"y":1},"rotation":0,"depth":0,"data":"","position":{"x":18275,"y":264}},{"id":"coin","texture":"ui_icon_gameplay_snowflake","anchor":{"x":0.5,"y":0.5},"scale":{"x":1,"y":1},"rotation":0,"depth":0,"data":"","position":{"x":18134,"y":302}},{"id":"coin","texture":"ui_icon_gameplay_snowflake","anchor":{"x":0.5,"y":0.5},"scale":{"x":1,"y":1},"rotation":0,"depth":0,"data":"","position":{"x":17987,"y":334}},{"id":"coin","texture":"ui_icon_gameplay_snowflake","anchor":{"x":0.5,"y":0.5},"scale":{"x":1,"y":1},"rotation":0,"depth":0,"data":"","position":{"x":17576,"y":649}},{"id":"coin","texture":"ui_icon_gameplay_snowflake","anchor":{"x":0.5,"y":0.5},"scale":{"x":1,"y":1},"rotation":0,"depth":0,"data":"","position":{"x":17677,"y":848}},{"id":"coin","texture":"ui_icon_gameplay_snowflake","anchor":{"x":0.5,"y":0.5},"scale":{"x":1,"y":1},"rotation":0,"depth":0,"data":"","position":{"x":17778,"y":1053}},{"id":"coin","texture":"ui_icon_gameplay_snowflake","anchor":{"x":0.5,"y":0.5},"scale":{"x":1,"y":1},"rotation":0,"depth":0,"data":"","position":{"x":17878,"y":1304}},{"id":"coin","texture":"ui_icon_gameplay_snowflake","anchor":{"x":0.5,"y":0.5},"scale":{"x":1,"y":1},"rotation":0,"depth":0,"data":"","position":{"x":20554,"y":-361}},{"id":"coin","texture":"ui_icon_gameplay_snowflake","anchor":{"x":0.5,"y":0.5},"scale":{"x":1,"y":1},"rotation":0,"depth":0,"data":"","position":{"x":30548,"y":-507}},{"id":"coin","texture":"ui_icon_gameplay_snowflake","anchor":{"x":0.5,"y":0.5},"scale":{"x":1,"y":1},"rotation":0,"depth":0,"data":"","position":{"x":23958,"y":3021}},{"id":"coin","texture":"ui_icon_gameplay_snowflake","anchor":{"x":0.5,"y":0.5},"scale":{"x":1,"y":1},"rotation":0,"depth":0,"data":"","position":{"x":24081,"y":3122}},{"id":"coin","texture":"ui_icon_gameplay_snowflake","anchor":{"x":0.5,"y":0.5},"scale":{"x":1,"y":1},"rotation":0,"depth":0,"data":"","position":{"x":21446,"y":601}},{"id":"coin","texture":"ui_icon_gameplay_snowflake","anchor":{"x":0.5,"y":0.5},"scale":{"x":1,"y":1},"rotation":0,"depth":0,"data":"","position":{"x":22257,"y":617}},{"id":"coin","texture":"ui_icon_gameplay_snowflake","anchor":{"x":0.5,"y":0.5},"scale":{"x":1,"y":1},"rotation":0,"depth":0,"data":"","position":{"x":21843,"y":772}},{"id":"coin","texture":"ui_icon_gameplay_snowflake","anchor":{"x":0.5,"y":0.5},"scale":{"x":1,"y":1},"rotation":0,"depth":0,"data":"","position":{"x":25596,"y":492}},{"id":"coin","texture":"ui_icon_gameplay_snowflake","anchor":{"x":0.5,"y":0.5},"scale":{"x":1,"y":1},"rotation":0,"depth":0,"data":"","position":{"x":25943,"y":596}},{"id":"coin","texture":"ui_icon_gameplay_snowflake","anchor":{"x":0.5,"y":0.5},"scale":{"x":1,"y":1},"rotation":0,"depth":0,"data":"","position":{"x":26199,"y":687}},{"id":"coin","texture":"ui_icon_gameplay_snowflake","anchor":{"x":0.5,"y":0.5},"scale":{"x":1,"y":1},"rotation":0,"depth":0,"data":"","position":{"x":20652,"y":2776}},{"id":"coin","texture":"ui_icon_gameplay_snowflake","anchor":{"x":0.5,"y":0.5},"scale":{"x":1,"y":1},"rotation":0,"depth":0,"data":"","position":{"x":21133,"y":2872}},{"id":"coin","texture":"ui_icon_gameplay_snowflake","anchor":{"x":0.5,"y":0.5},"scale":{"x":1,"y":1},"rotation":0,"depth":0,"data":"","position":{"x":21959,"y":2966}},{"id":"coin","texture":"ui_icon_gameplay_snowflake","anchor":{"x":0.5,"y":0.5},"scale":{"x":1,"y":1},"rotation":0,"depth":0,"data":"","position":{"x":5232,"y":-84}},{"id":"coin","texture":"ui_icon_gameplay_snowflake","anchor":{"x":0.5,"y":0.5},"scale":{"x":1,"y":1},"rotation":0,"depth":0,"data":"","position":{"x":6471,"y":-610}},{"id":"coin","texture":"ui_icon_gameplay_snowflake","anchor":{"x":0.5,"y":0.5},"scale":{"x":1,"y":1},"rotation":0,"depth":0,"data":"","position":{"x":6742,"y":-689}},{"id":"coin","texture":"ui_icon_gameplay_snowflake","anchor":{"x":0.5,"y":0.5},"scale":{"x":1,"y":1},"rotation":0,"depth":0,"data":"","position":{"x":16011,"y":960}},{"id":"coin","texture":"ui_icon_gameplay_snowflake","anchor":{"x":0.5,"y":0.5},"scale":{"x":1,"y":1},"rotation":0,"depth":0,"data":"","position":{"x":16063,"y":830}},{"id":"coin","texture":"ui_icon_gameplay_snowflake","anchor":{"x":0.5,"y":0.5},"scale":{"x":1,"y":1},"rotation":0,"depth":0,"data":"","position":{"x":16179,"y":765}},{"id":"coin","texture":"ui_icon_gameplay_snowflake","anchor":{"x":0.5,"y":0.5},"scale":{"x":1,"y":1},"rotation":0,"depth":0,"data":"","position":{"x":16315,"y":792}},{"id":"coin","texture":"ui_icon_gameplay_snowflake","anchor":{"x":0.5,"y":0.5},"scale":{"x":1,"y":1},"rotation":0,"depth":0,"data":"","position":{"x":18938,"y":1948}},{"id":"coin","texture":"ui_icon_gameplay_snowflake","anchor":{"x":0.5,"y":0.5},"scale":{"x":1,"y":1},"rotation":0,"depth":0,"data":"","position":{"x":19170,"y":1957}},{"id":"coin","texture":"ui_icon_gameplay_snowflake","anchor":{"x":0.5,"y":0.5},"scale":{"x":1,"y":1},"rotation":0,"depth":0,"data":"","position":{"x":14047,"y":-740}},{"id":"coin","texture":"ui_icon_gameplay_snowflake","anchor":{"x":0.5,"y":0.5},"scale":{"x":1,"y":1},"rotation":0,"depth":0,"data":"","position":{"x":15202,"y":-301}},{"id":"coin","texture":"ui_icon_gameplay_snowflake","anchor":{"x":0.5,"y":0.5},"scale":{"x":1,"y":1},"rotation":0,"depth":0,"data":"","position":{"x":15340,"y":-259}},{"id":"coin","texture":"ui_icon_gameplay_snowflake","anchor":{"x":0.5,"y":0.5},"scale":{"x":1,"y":1},"rotation":0,"depth":0,"data":"","position":{"x":15427,"y":-103}},{"id":"coin","texture":"ui_icon_gameplay_snowflake","anchor":{"x":0.5,"y":0.5},"scale":{"x":1,"y":1},"rotation":0,"depth":0,"data":"","position":{"x":27569,"y":2812}},{"id":"coin","texture":"ui_icon_gameplay_snowflake","anchor":{"x":0.5,"y":0.5},"scale":{"x":1,"y":1},"rotation":0,"depth":0,"data":"","position":{"x":28249,"y":2675}},{"id":"coin","texture":"ui_icon_gameplay_snowflake","anchor":{"x":0.5,"y":0.5},"scale":{"x":1,"y":1},"rotation":0,"depth":0,"data":"","position":{"x":25626,"y":2983}},{"id":"coin","texture":"ui_icon_gameplay_snowflake","anchor":{"x":0.5,"y":0.5},"scale":{"x":1,"y":1},"rotation":0,"depth":0,"data":"","position":{"x":25717,"y":2866}},{"id":"coin","texture":"ui_icon_gameplay_snowflake","anchor":{"x":0.5,"y":0.5},"scale":{"x":1,"y":1},"rotation":0,"depth":0,"data":"","position":{"x":25804,"y":2743}},{"id":"coin","texture":"ui_icon_gameplay_snowflake","anchor":{"x":0.5,"y":0.5},"scale":{"x":1,"y":1},"rotation":0,"depth":0,"data":"","position":{"x":21236,"y":-454}},{"id":"coin","texture":"ui_icon_gameplay_snowflake","anchor":{"x":0.5,"y":0.5},"scale":{"x":1,"y":1},"rotation":0,"depth":0,"data":"","position":{"x":21326,"y":-567}},{"id":"coin","texture":"ui_icon_gameplay_snowflake","anchor":{"x":0.5,"y":0.5},"scale":{"x":1,"y":1},"rotation":0,"depth":0,"data":"","position":{"x":21446,"y":-598}},{"id":"coin","texture":"ui_icon_gameplay_snowflake","anchor":{"x":0.5,"y":0.5},"scale":{"x":1,"y":1},"rotation":0,"depth":0,"data":"","position":{"x":13825,"y":916}},{"id":"coin","texture":"ui_icon_gameplay_snowflake","anchor":{"x":0.5,"y":0.5},"scale":{"x":1,"y":1},"rotation":0,"depth":0,"data":"","position":{"x":14110,"y":971}},{"id":"coin","texture":"ui_icon_gameplay_snowflake","anchor":{"x":0.5,"y":0.5},"scale":{"x":1,"y":1},"rotation":0,"depth":0,"data":"","position":{"x":14386,"y":997}},{"id":"coin","texture":"ui_icon_gameplay_snowflake","anchor":{"x":0.5,"y":0.5},"scale":{"x":1,"y":1},"rotation":0,"depth":0,"data":"","position":{"x":21301,"y":2046}},{"id":"coin","texture":"ui_icon_gameplay_snowflake","anchor":{"x":0.5,"y":0.5},"scale":{"x":1,"y":1},"rotation":0,"depth":0,"data":"","position":{"x":21142,"y":2153}},{"id":"coin","texture":"ui_icon_gameplay_snowflake","anchor":{"x":0.5,"y":0.5},"scale":{"x":1,"y":1},"rotation":0,"depth":0,"data":"","position":{"x":21480,"y":2167}},{"id":"coin","texture":"ui_icon_gameplay_snowflake","anchor":{"x":0.5,"y":0.5},"scale":{"x":1,"y":1},"rotation":0,"depth":0,"data":"","position":{"x":21261,"y":2910}},{"id":"coin","texture":"ui_icon_gameplay_snowflake","anchor":{"x":0.5,"y":0.5},"scale":{"x":1,"y":1},"rotation":0,"depth":0,"data":"","position":{"x":22558,"y":827}},{"id":"coin","texture":"ui_icon_gameplay_snowflake","anchor":{"x":0.5,"y":0.5},"scale":{"x":1,"y":1},"rotation":0,"depth":0,"data":"","position":{"x":26185,"y":-694}},{"id":"coin","texture":"ui_icon_gameplay_snowflake","anchor":{"x":0.5,"y":0.5},"scale":{"x":1,"y":1},"rotation":0,"depth":0,"data":"","position":{"x":26301,"y":-798}},{"id":"coin","texture":"ui_icon_gameplay_snowflake","anchor":{"x":0.5,"y":0.5},"scale":{"x":1,"y":1},"rotation":0,"depth":0,"data":"","position":{"x":26492,"y":-857}},{"id":"coin","texture":"ui_icon_gameplay_snowflake","anchor":{"x":0.5,"y":0.5},"scale":{"x":1,"y":1},"rotation":0,"depth":0,"data":"","position":{"x":26633,"y":-746}},{"id":"coin","texture":"ui_icon_gameplay_snowflake","anchor":{"x":0.5,"y":0.5},"scale":{"x":1,"y":1},"rotation":0,"depth":0,"data":"","position":{"x":26702,"y":-572}},{"id":"coin","texture":"ui_icon_gameplay_snowflake","anchor":{"x":0.5,"y":0.5},"scale":{"x":1,"y":1},"rotation":0,"depth":0,"data":"","position":{"x":30496,"y":1123}},{"id":"coin","texture":"ui_icon_gameplay_snowflake","anchor":{"x":0.5,"y":0.5},"scale":{"x":1,"y":1},"rotation":0,"depth":0,"data":"","position":{"x":30341,"y":1166}},{"id":"coin","texture":"ui_icon_gameplay_snowflake","anchor":{"x":0.5,"y":0.5},"scale":{"x":1,"y":1},"rotation":0,"depth":0,"data":"","position":{"x":30631,"y":1009}},{"id":"coin","texture":"ui_icon_gameplay_snowflake","anchor":{"x":0.5,"y":0.5},"scale":{"x":1,"y":1},"rotation":0,"depth":0,"data":"","position":{"x":30749,"y":882}},{"id":"coin","texture":"ui_icon_gameplay_snowflake","anchor":{"x":0.5,"y":0.5},"scale":{"x":1,"y":1},"rotation":0,"depth":0,"data":"","position":{"x":32174,"y":435}},{"id":"coin","texture":"ui_icon_gameplay_snowflake","anchor":{"x":0.5,"y":0.5},"scale":{"x":1,"y":1},"rotation":0,"depth":0,"data":"","position":{"x":32401,"y":440}},{"id":"coin","texture":"ui_icon_gameplay_snowflake","anchor":{"x":0.5,"y":0.5},"scale":{"x":1,"y":1},"rotation":0,"depth":0,"data":"","position":{"x":32615,"y":386}},{"id":"coin","texture":"ui_icon_gameplay_snowflake","anchor":{"x":0.5,"y":0.5},"scale":{"x":1,"y":1},"rotation":0,"depth":0,"data":"","position":{"x":31967,"y":379}},{"id":"troll","texture":"troll","anchor":{"x":0.5,"y":1},"scale":{"x":1,"y":1},"rotation":0,"depth":0,"data":"{\"character\":\"anna\", \"crystal\":1}","position":{"x":1582,"y":179}},{"id":"troll_sign","texture":"ingame_troll_sign","anchor":{"x":0.5,"y":1},"scale":{"x":1,"y":1},"rotation":0,"depth":0,"data":"{\"character\":\"anna\", \"crystal\":1}","position":{"x":1651,"y":195}},{"id":"troll_sign_arrow","texture":"ingame_troll_sign_arrow","anchor":{"x":0.5,"y":0.5},"scale":{"x":1,"y":1},"rotation":48,"depth":1,"data":"{\"character\":\"anna\", \"crystal\":1}","position":{"x":1652,"y":71}},{"id":"troll","texture":"troll","anchor":{"x":0.5,"y":1},"scale":{"x":1,"y":1},"rotation":0,"depth":0,"data":"{\"character\":\"elsa\", \"crystal\":1}","position":{"x":11211,"y":-1030}},{"id":"troll_sign","texture":"ingame_troll_sign","anchor":{"x":0.5,"y":1},"scale":{"x":1,"y":1},"rotation":0,"depth":0,"data":"{\"character\":\"elsa\", \"crystal\":1}","position":{"x":11287,"y":-1014}},{"id":"troll_sign_arrow","texture":"ingame_troll_sign_arrow","anchor":{"x":0.5,"y":0.5},"scale":{"x":1,"y":1},"rotation":99,"depth":1,"data":"{\"character\":\"elsa\", \"crystal\":1}","position":{"x":11285,"y":-1134}},{"id":"troll_pabbie","texture":"troll_pabbie","anchor":{"x":0.5,"y":1},"scale":{"x":1,"y":1},"rotation":0,"depth":0,"data":"","position":{"x":9856,"y":-1026}},{"id":"troll_pabbie","texture":"troll_pabbie","anchor":{"x":0.5,"y":1},"scale":{"x":1,"y":1},"rotation":0,"depth":0,"data":"","position":{"x":22179,"y":-477}},{"id":"troll_pabbie","texture":"troll_pabbie","anchor":{"x":0.5,"y":1},"scale":{"x":1,"y":1},"rotation":0,"depth":0,"data":"","position":{"x":5030,"y":-5}},{"id":"troll","texture":"troll","anchor":{"x":0.5,"y":1},"scale":{"x":1,"y":1},"rotation":0,"depth":0,"data":"{\"character\":\"elsa\", \"crystal\":2}","position":{"x":19367,"y":2162}},{"id":"troll_sign","texture":"ingame_troll_sign","anchor":{"x":0.5,"y":1},"scale":{"x":1,"y":1},"rotation":0,"depth":0,"data":"{\"character\":\"elsa\", \"crystal\":2}","position":{"x":19320,"y":2143}},{"id":"troll_sign_arrow","texture":"ingame_troll_sign_arrow","anchor":{"x":0.5,"y":0.5},"scale":{"x":1,"y":1},"rotation":66,"depth":1,"data":"{\"character\":\"elsa\", \"crystal\":2}","position":{"x":19321,"y":2022}},{"id":"coin","texture":"ui_icon_gameplay_snowflake","anchor":{"x":0.5,"y":0.5},"scale":{"x":1,"y":1},"rotation":0,"depth":0,"data":"","position":{"x":25538,"y":-1439}},{"id":"coin","texture":"ui_icon_gameplay_snowflake","anchor":{"x":0.5,"y":0.5},"scale":{"x":1,"y":1},"rotation":0,"depth":0,"data":"","position":{"x":25788,"y":-1327}},{"id":"coin","texture":"ui_icon_gameplay_snowflake","anchor":{"x":0.5,"y":0.5},"scale":{"x":1,"y":1},"rotation":0,"depth":0,"data":"","position":{"x":25878,"y":-1178}},{"id":"coin","texture":"ui_icon_gameplay_snowflake","anchor":{"x":0.5,"y":0.5},"scale":{"x":1,"y":1},"rotation":0,"depth":0,"data":"","position":{"x":25924,"y":-1026}},{"id":"coin","texture":"ui_icon_gameplay_snowflake","anchor":{"x":0.5,"y":0.5},"scale":{"x":1,"y":1},"rotation":0,"depth":0,"data":"","position":{"x":22784,"y":-680}},{"id":"coin","texture":"ui_icon_gameplay_snowflake","anchor":{"x":0.5,"y":0.5},"scale":{"x":1,"y":1},"rotation":0,"depth":0,"data":"","position":{"x":22893,"y":-771}},{"id":"coin","texture":"ui_icon_gameplay_snowflake","anchor":{"x":0.5,"y":0.5},"scale":{"x":1,"y":1},"rotation":0,"depth":0,"data":"","position":{"x":23053,"y":-876}},{"id":"coin","texture":"ui_icon_gameplay_snowflake","anchor":{"x":0.5,"y":0.5},"scale":{"x":1,"y":1},"rotation":0,"depth":0,"data":"","position":{"x":23256,"y":-965}},{"id":"troll","texture":"troll","anchor":{"x":0.5,"y":1},"scale":{"x":1,"y":1},"rotation":0,"depth":0,"data":"{\"character\":\"anna\", \"crystal\":3}","position":{"x":22536,"y":-449}},{"id":"troll_sign","texture":"ingame_troll_sign","anchor":{"x":0.5,"y":1},"scale":{"x":1,"y":1},"rotation":0,"depth":0,"data":"{\"character\":\"anna\", \"crystal\":3}","position":{"x":22608,"y":-441}},{"id":"troll_sign_arrow","texture":"ingame_troll_sign_arrow","anchor":{"x":0.5,"y":0.5},"scale":{"x":1,"y":1},"rotation":32,"depth":1,"data":"{\"character\":\"anna\", \"crystal\":3}","position":{"x":22609,"y":-561}},{"id":"coin","texture":"ui_icon_gameplay_snowflake","anchor":{"x":0.5,"y":0.5},"scale":{"x":1,"y":1},"rotation":0,"depth":0,"data":"","position":{"x":1999,"y":-99}},{"id":"troll_sign","texture":"ingame_troll_sign","anchor":{"x":0.5,"y":1},"scale":{"x":1,"y":1},"rotation":0,"depth":0,"data":"{\"character\":\"olaf\", \"crystal\":1}","position":{"x":7495,"y":-1019}},{"id":"troll_sign_arrow","texture":"ingame_troll_sign_arrow","anchor":{"x":0.5,"y":0.5},"scale":{"x":1,"y":1},"rotation":119,"depth":1,"data":"{\"character\":\"olaf\", \"crystal\":1}","position":{"x":7497,"y":-1139}},{"id":"troll_sign","texture":"ingame_troll_sign","anchor":{"x":0.5,"y":1},"scale":{"x":1,"y":1},"rotation":0,"depth":0,"data":"{\"character\":\"anna\", \"crystal\":2}","position":{"x":9770,"y":-1034}},{"id":"troll_sign_arrow","texture":"ingame_troll_sign_arrow","anchor":{"x":0.5,"y":0.5},"scale":{"x":1,"y":1},"rotation":119,"depth":1,"data":"{\"character\":\"anna\", \"crystal\":2}","position":{"x":9770,"y":-1152}},{"id":"troll","texture":"troll","anchor":{"x":0.5,"y":1},"scale":{"x":1,"y":1},"rotation":0,"depth":0,"data":"{\"character\":\"anna\", \"crystal\":2}","position":{"x":9706,"y":-1031}},{"id":"troll_sign","texture":"ingame_troll_sign","anchor":{"x":0.5,"y":1},"scale":{"x":1,"y":1},"rotation":0,"depth":0,"data":"{\"character\":\"olaf\", \"crystal\":2}","position":{"x":17174,"y":496}},{"id":"troll_sign_arrow","texture":"ingame_troll_sign_arrow","anchor":{"x":0.5,"y":0.5},"scale":{"x":1,"y":1},"rotation":60,"depth":1,"data":"{\"character\":\"olaf\", \"crystal\":2}","position":{"x":17177,"y":376}},{"id":"troll_sign","texture":"ingame_troll_sign","anchor":{"x":0.5,"y":1},"scale":{"x":1,"y":1},"rotation":0,"depth":0,"data":"{\"character\":\"olaf\", \"crystal\":2}","position":{"x":19939,"y":-233}},{"id":"troll_sign_arrow","texture":"ingame_troll_sign_arrow","anchor":{"x":0.5,"y":0.5},"scale":{"x":1,"y":1},"rotation":121,"depth":1,"data":"{\"character\":\"olaf\", \"crystal\":2}","position":{"x":19939,"y":-353}},{"id":"troll_sign","texture":"ingame_troll_sign","anchor":{"x":0.5,"y":1},"scale":{"x":1,"y":1},"rotation":0,"depth":0,"data":"{\"character\":\"kristoff\", \"crystal\":2}","position":{"x":17035,"y":536}},{"id":"troll_sign_arrow","texture":"ingame_troll_sign_arrow","anchor":{"x":0.5,"y":0.5},"scale":{"x":1,"y":1},"rotation":121,"depth":1,"data":"{\"character\":\"kristoff\", \"crystal\":2}","position":{"x":17033,"y":418}},{"id":"troll","texture":"troll","anchor":{"x":0.5,"y":1},"scale":{"x":1,"y":1},"rotation":0,"depth":0,"data":"{\"character\":\"kristoff\", \"crystal\":2}","position":{"x":16965,"y":560}},{"id":"troll","texture":"troll","anchor":{"x":0.5,"y":1},"scale":{"x":1,"y":1},"rotation":0,"depth":0,"data":"{\"character\":\"olaf\", \"crystal\":1}","position":{"x":7432,"y":-1017}},{"id":"troll","texture":"troll","anchor":{"x":0.5,"y":1},"scale":{"x":1,"y":1},"rotation":0,"depth":0,"data":"{\"character\":\"olaf\", \"crystal\":2}","position":{"x":17118,"y":509}},{"id":"troll","texture":"troll","anchor":{"x":0.5,"y":1},"scale":{"x":1,"y":1},"rotation":0,"depth":0,"data":"{\"character\":\"olaf\", \"crystal\":2}","position":{"x":19869,"y":-228}}]},{"name":"fg_objects","depth":10,"paths":[{"closed":false,"depth":-10,"collisions":0,"texFill":"theme_06_fill","texGround":"theme_06_ground","texGroundEdge":"","texWall":"","texFillPadding":512,"texFillSize":256,"texGroundSize":352,"texGroundDelta":0.1,"texWallSize":160,"texWallDelta":0.1,"texWallAngle":70,"texGroundEdgeSide":"","data":"asdasd","points":[{"x":-480,"y":48},{"x":208,"y":-16},{"x":448,"y":304},{"x":688,"y":304},{"x":2080,"y":240},{"x":2048,"y":800},{"x":2432,"y":800},{"x":3040,"y":848},{"x":3312,"y":1040},{"x":3648,"y":1488}],"bounds":[-480,3648]}],"objects":[{"id":"tree_03_08","texture":"theme_03_tree_08","anchor":{"x":0.5,"y":1},"scale":{"x":1,"y":1},"rotation":0,"depth":0,"data":"","position":{"x":13246,"y":1623}},{"id":"tree_03_00","texture":"theme_03_tree_00","anchor":{"x":0.5,"y":1},"scale":{"x":1,"y":1},"rotation":0,"depth":0,"data":"","position":{"x":31777,"y":895}},{"id":"tree_03_09","texture":"theme_03_tree_09","anchor":{"x":0.5,"y":1},"scale":{"x":1.5,"y":1.5},"rotation":0,"depth":0,"data":"","position":{"x":3365,"y":1442}},{"id":"tree_03_08","texture":"theme_03_tree_08","anchor":{"x":0.5,"y":1},"scale":{"x":1.1,"y":1.1},"rotation":0,"depth":1,"data":"","position":{"x":1711,"y":684}},{"id":"tree_03_06","texture":"theme_03_tree_06","anchor":{"x":0.5,"y":1},"scale":{"x":1,"y":1},"rotation":0,"depth":0,"data":"","position":{"x":936,"y":472}},{"id":"tree_03_04","texture":"theme_03_tree_04","anchor":{"x":0.5,"y":1},"scale":{"x":1,"y":1},"rotation":0,"depth":-4,"data":"","position":{"x":2434,"y":934}},{"id":"tree_03_09","texture":"theme_03_tree_09","anchor":{"x":0.5,"y":1},"scale":{"x":1,"y":1},"rotation":0,"depth":0,"data":"","position":{"x":12979,"y":1755}},{"id":"tree_03_08","texture":"theme_03_tree_08","anchor":{"x":0.5,"y":1},"scale":{"x":1.2,"y":1.2},"rotation":0,"depth":1,"data":"","position":{"x":1197,"y":359}},{"id":"tree_03_07","texture":"theme_03_tree_07","anchor":{"x":0.5,"y":1},"scale":{"x":1.1,"y":1.1},"rotation":0,"depth":0,"data":"","position":{"x":1806,"y":623}},{"id":"tree_03_06","texture":"theme_03_tree_06","anchor":{"x":0.5,"y":1},"scale":{"x":1,"y":1},"rotation":0,"depth":0,"data":"","position":{"x":11716,"y":373}},{"id":"tree_03_00","texture":"theme_03_tree_00","anchor":{"x":0.5,"y":1},"scale":{"x":1,"y":1},"rotation":0,"depth":0,"data":"","position":{"x":17311,"y":465}},{"id":"tree_03_01","texture":"theme_03_tree_01","anchor":{"x":0.5,"y":1},"scale":{"x":1,"y":1},"rotation":0,"depth":0,"data":"","position":{"x":17879,"y":449}},{"id":"tree_03_00","texture":"theme_03_tree_00","anchor":{"x":0.5,"y":1},"scale":{"x":1,"y":1},"rotation":0,"depth":0,"data":"","position":{"x":17277,"y":1161}},{"id":"tree_03_00","texture":"theme_03_tree_00","anchor":{"x":0.5,"y":1},"scale":{"x":1,"y":1},"rotation":0,"depth":0,"data":"","position":{"x":12404,"y":-629}},{"id":"tree_03_05","texture":"theme_03_tree_05","anchor":{"x":0.5,"y":1},"scale":{"x":1,"y":1},"rotation":0,"depth":0,"data":"","position":{"x":33906,"y":385}},{"id":"tree_01_04","texture":"theme_01_tree_04","anchor":{"x":0.5,"y":1},"scale":{"x":1,"y":1},"rotation":0,"depth":0,"data":"","position":{"x":13645,"y":1771}},{"id":"tree_01_06","texture":"theme_01_tree_06","anchor":{"x":0.5,"y":1},"scale":{"x":1,"y":1},"rotation":0,"depth":1,"data":"","position":{"x":13158,"y":1687}},{"id":"tree_01_09","texture":"theme_01_tree_09","anchor":{"x":0.5,"y":1},"scale":{"x":1,"y":1},"rotation":0,"depth":0,"data":"","position":{"x":11898,"y":469}},{"id":"tree_01_07","texture":"theme_01_tree_07","anchor":{"x":0.5,"y":1},"scale":{"x":1,"y":1},"rotation":0,"depth":0,"data":"","position":{"x":11539,"y":431}},{"id":"tree_01_03","texture":"theme_01_tree_03","anchor":{"x":0.5,"y":1},"scale":{"x":1,"y":1},"rotation":0,"depth":0,"data":"","position":{"x":10617,"y":506}},{"id":"tree_01_05","texture":"theme_01_tree_05","anchor":{"x":0.5,"y":1},"scale":{"x":1,"y":1},"rotation":0,"depth":0,"data":"","position":{"x":10787,"y":552}},{"id":"carriage_03_00","texture":"theme_03_carriage_00","anchor":{"x":0.5,"y":1},"scale":{"x":1,"y":1},"rotation":0,"depth":0,"data":"","position":{"x":11177,"y":455}},{"id":"tree_03_07","texture":"theme_03_tree_07","anchor":{"x":0.5,"y":1},"scale":{"x":1,"y":1},"rotation":0,"depth":0,"data":"","position":{"x":33389,"y":493}},{"id":"tree_03_08","texture":"theme_03_tree_08","anchor":{"x":0.5,"y":1},"scale":{"x":1,"y":1},"rotation":0,"depth":0,"data":"","position":{"x":33215,"y":586}},{"id":"tree_03_03","texture":"theme_03_tree_03","anchor":{"x":0.5,"y":1},"scale":{"x":1,"y":1},"rotation":0,"depth":0,"data":"","position":{"x":33028,"y":620}},{"id":"tree_03_07","texture":"theme_03_tree_07","anchor":{"x":0.5,"y":1},"scale":{"x":1,"y":1},"rotation":0,"depth":0,"data":"","position":{"x":13455,"y":1713}},{"id":"tree_03_05","texture":"theme_03_tree_05","anchor":{"x":0.5,"y":1},"scale":{"x":1,"y":1},"rotation":0,"depth":0,"data":"","position":{"x":31956,"y":866}},{"id":"tree_03_06","texture":"theme_03_tree_06","anchor":{"x":0.5,"y":1},"scale":{"x":1,"y":1},"rotation":0,"depth":0,"data":"","position":{"x":32802,"y":723}},{"id":"tree_03_09","texture":"theme_03_tree_09","anchor":{"x":0.5,"y":1},"scale":{"x":1,"y":1},"rotation":0,"depth":0,"data":"","position":{"x":31480,"y":1137}},{"id":"tree_03_08","texture":"theme_03_tree_08","anchor":{"x":0.5,"y":1},"scale":{"x":1,"y":1},"rotation":0,"depth":0,"data":"","position":{"x":3749,"y":-535}},{"id":"tree_03_08","texture":"theme_03_tree_08","anchor":{"x":0.5,"y":1},"scale":{"x":1,"y":1},"rotation":0,"depth":0,"data":"","position":{"x":13028,"y":-587}},{"id":"tree_03_08","texture":"theme_03_tree_08","anchor":{"x":0.5,"y":1},"scale":{"x":1,"y":1},"rotation":0,"depth":0,"data":"","position":{"x":14623,"y":-162}},{"id":"tree_03_08","texture":"theme_03_tree_08","anchor":{"x":0.5,"y":1},"scale":{"x":1,"y":1},"rotation":0,"depth":0,"data":"","position":{"x":23416,"y":-808}},{"id":"tree_03_08","texture":"theme_03_tree_08","anchor":{"x":0.5,"y":1},"scale":{"x":1,"y":1},"rotation":0,"depth":0,"data":"","position":{"x":31089,"y":-333}},{"id":"tree_03_08","texture":"theme_03_tree_08","anchor":{"x":0.5,"y":1},"scale":{"x":1,"y":1},"rotation":0,"depth":0,"data":"","position":{"x":31689,"y":534}},{"id":"carriage_03_00","texture":"theme_03_carriage_00","anchor":{"x":0.5,"y":1},"scale":{"x":1,"y":1},"rotation":0,"depth":0,"data":"","position":{"x":33851,"y":500}},{"id":"icicle_03_00","texture":"theme_03_icicle_00","anchor":{"x":0.5,"y":0},"scale":{"x":1,"y":1},"rotation":0,"depth":0,"data":"","position":{"x":18305,"y":885}},{"id":"icicle_03_00","texture":"theme_03_icicle_00","anchor":{"x":0.5,"y":0},"scale":{"x":1,"y":1},"rotation":0,"depth":0,"data":"","position":{"x":22055,"y":379}},{"id":"icicle_03_00","texture":"theme_03_icicle_00","anchor":{"x":0.5,"y":0},"scale":{"x":1,"y":1},"rotation":0,"depth":0,"data":"","position":{"x":20765,"y":160}},{"id":"icicle_03_00","texture":"theme_03_icicle_00","anchor":{"x":0.5,"y":0},"scale":{"x":1,"y":1},"rotation":0,"depth":0,"data":"","position":{"x":25100,"y":356}},{"id":"icicle_03_00","texture":"theme_03_icicle_00","anchor":{"x":0.5,"y":0},"scale":{"x":1,"y":1},"rotation":0,"depth":0,"data":"","position":{"x":28048,"y":2047}},{"id":"icicle_03_00","texture":"theme_03_icicle_00","anchor":{"x":0.5,"y":0},"scale":{"x":1,"y":1},"rotation":0,"depth":0,"data":"","position":{"x":26664,"y":391}},{"id":"icicle_03_01","texture":"theme_03_icicle_01","anchor":{"x":0.5,"y":0},"scale":{"x":1,"y":1},"rotation":0,"depth":0,"data":"","position":{"x":25299,"y":275}},{"id":"icicle_03_01","texture":"theme_03_icicle_01","anchor":{"x":0.5,"y":0},"scale":{"x":1,"y":1},"rotation":0,"depth":0,"data":"","position":{"x":26316,"y":142}},{"id":"icicle_03_01","texture":"theme_03_icicle_01","anchor":{"x":0.5,"y":0},"scale":{"x":1,"y":1},"rotation":0,"depth":0,"data":"","position":{"x":22417,"y":210}},{"id":"icicle_03_01","texture":"theme_03_icicle_01","anchor":{"x":0.5,"y":0},"scale":{"x":1,"y":1},"rotation":0,"depth":0,"data":"","position":{"x":23787,"y":218}},{"id":"icicle_03_01","texture":"theme_03_icicle_01","anchor":{"x":0.5,"y":0},"scale":{"x":1,"y":1},"rotation":0,"depth":0,"data":"","position":{"x":24138,"y":1806}},{"id":"icicle_03_01","texture":"theme_03_icicle_01","anchor":{"x":0.5,"y":0},"scale":{"x":1,"y":1},"rotation":0,"depth":0,"data":"","position":{"x":18507,"y":1034}},{"id":"icicle_03_01","texture":"theme_03_icicle_01","anchor":{"x":0.5,"y":0},"scale":{"x":1,"y":1},"rotation":0,"depth":0,"data":"","position":{"x":20444,"y":26}},{"id":"icicle_03_01","texture":"theme_03_icicle_01","anchor":{"x":0.5,"y":0},"scale":{"x":1,"y":1},"rotation":0,"depth":0,"data":"","position":{"x":27448,"y":1905}},{"id":"tree_03_02","texture":"theme_03_tree_02","anchor":{"x":0.5,"y":1},"scale":{"x":1,"y":1},"rotation":0,"depth":0,"data":"","position":{"x":23309,"y":-793}},{"id":"tree_03_01","texture":"theme_03_tree_01","anchor":{"x":0.5,"y":1},"scale":{"x":1,"y":1},"rotation":0,"depth":0,"data":"","position":{"x":25359,"y":-1082}},{"id":"tree_03_09","texture":"theme_03_tree_09","anchor":{"x":0.5,"y":1},"scale":{"x":1,"y":1},"rotation":0,"depth":-1,"data":"","position":{"x":3278,"y":1216}},{"id":"tree_03_09","texture":"theme_03_tree_09","anchor":{"x":0.5,"y":1},"scale":{"x":1,"y":1},"rotation":0,"depth":-2,"data":"","position":{"x":3512,"y":1343}},{"id":"tree_03_08","texture":"theme_03_tree_08","anchor":{"x":0.5,"y":1},"scale":{"x":1.6,"y":1.6},"rotation":0,"depth":2,"data":"","position":{"x":1889,"y":1021}}]}],"length":33082}