{"frames": {

"car_00_decal_02_00.png":
{
	"frame": {"x":2,"y":2,"w":250,"h":160},
	"rotated": false,
	"trimmed": true,
	"spriteSourceSize": {"x":54,"y":102,"w":250,"h":160},
	"sourceSize": {"w":360,"h":280}
},
"car_00_decal_02_01.png":
{
	"frame": {"x":254,"y":2,"w":258,"h":230},
	"rotated": false,
	"trimmed": true,
	"spriteSourceSize": {"x":50,"y":2,"w":258,"h":230},
	"sourceSize": {"w":360,"h":280}
},
"car_00_decal_02_02.png":
{
	"frame": {"x":514,"y":2,"w":250,"h":160},
	"rotated": false,
	"trimmed": true,
	"spriteSourceSize": {"x":54,"y":102,"w":250,"h":160},
	"sourceSize": {"w":360,"h":280}
}},
"meta": {
	"app": "http://www.codeandweb.com/texturepacker",
	"version": "1.0",
	"image": "car_00_decal_02.png",
	"format": "RGBA8888",
	"size": {"w":1024,"h":256},
	"scale": "1",
	"smartupdate": "$TexturePacker:SmartUpdate:91edba61f7467c94f617196f8244a4a0:127da67394faeed5c2cabd64e0ffb030:a390960f68e47ef3b57e540595bfd380$"
}
}
