{"frames": {

"car_00_decal_03_00.png":
{
	"frame": {"x":2,"y":2,"w":288,"h":132},
	"rotated": false,
	"trimmed": true,
	"spriteSourceSize": {"x":36,"y":98,"w":288,"h":132},
	"sourceSize": {"w":360,"h":280}
},
"car_00_decal_03_01.png":
{
	"frame": {"x":292,"y":2,"w":258,"h":230},
	"rotated": false,
	"trimmed": true,
	"spriteSourceSize": {"x":50,"y":2,"w":258,"h":230},
	"sourceSize": {"w":360,"h":280}
},
"car_00_decal_03_02.png":
{
	"frame": {"x":552,"y":2,"w":250,"h":160},
	"rotated": false,
	"trimmed": true,
	"spriteSourceSize": {"x":54,"y":102,"w":250,"h":160},
	"sourceSize": {"w":360,"h":280}
}},
"meta": {
	"app": "http://www.codeandweb.com/texturepacker",
	"version": "1.0",
	"image": "car_00_decal_03.png",
	"format": "RGBA8888",
	"size": {"w":1024,"h":256},
	"scale": "1",
	"smartupdate": "$TexturePacker:SmartUpdate:0fbb542d0b1830eff0edb90def422cb5:fbcc3bc53fe9e56ceac1552a4019f2ce:774c34ecaa4e21ec015251af5f105dca$"
}
}
