{
"animations":[
{
"f":40,"l":[
{
"f":[
{
"c":0,"g":0,"h":1,"i":0,"k":24,"n":0,"t":1,"u":0,"v":0,"w":1,"x":0.423,"y":-25.261
},{
"c":0,"g":0,"h":1,"i":0,"k":28,"n":2,"t":1,"u":0,"v":0,"w":1,"x":0.423,"y":-25.261
},{
"c":0,"g":0,"h":1,"i":0,"k":33,"n":4,"t":1,"u":0,"v":0,"w":1,"x":0.423,"y":-25.261
},{
"c":0,"g":0,"h":1,"i":0,"k":37,"n":6,"t":1,"u":0,"v":0,"w":1,"x":0.423,"y":-25.261
},{
"c":0,"g":0,"h":1,"i":0,"k":43,"n":8,"t":1,"u":0,"v":0,"w":1,"x":0.423,"y":-25.261
},{
"c":0,"g":0,"h":1,"i":0,"k":39,"n":10,"t":1,"u":0,"v":0,"w":1,"x":0.423,"y":-25.261
},{
"c":0,"g":0,"h":1,"i":0,"k":35,"n":12,"t":1,"u":0,"v":0,"w":1,"x":0.423,"y":-25.261
},{
"c":0,"g":0,"h":1,"i":0,"k":31,"n":14,"t":1,"u":0,"v":0,"w":1,"x":0.423,"y":-25.261
},{
"c":0,"g":0,"h":1,"i":0,"k":25,"n":16,"t":1,"u":0,"v":0,"w":1,"x":0.423,"y":-25.261
},{
"c":0,"g":0,"h":1,"i":0,"k":23,"n":18,"t":1,"u":0,"v":0,"w":1,"x":0.423,"y":-25.261
},{
"c":0,"g":0,"h":1,"i":0,"k":27,"n":20,"t":1,"u":0,"v":0,"w":1,"x":0.423,"y":-25.261
},{
"c":0,"g":0,"h":1,"i":0,"k":30,"n":22,"t":1,"u":0,"v":0,"w":1,"x":0.423,"y":-25.261
},{
"c":0,"g":0,"h":1,"i":0,"k":34,"n":24,"t":1,"u":0,"v":0,"w":1,"x":0.423,"y":-25.261
},{
"c":0,"g":0,"h":1,"i":0,"k":38,"n":26,"t":1,"u":0,"v":0,"w":1,"x":0.423,"y":-25.261
},{
"c":0,"g":0,"h":1,"i":0,"k":42,"n":28,"t":1,"u":0,"v":0,"w":1,"x":0.423,"y":-25.261
},{
"c":0,"g":0,"h":1,"i":0,"k":40,"n":30,"t":1,"u":0,"v":0,"w":1,"x":0.423,"y":-25.261
},{
"c":0,"g":0,"h":1,"i":0,"k":36,"n":32,"t":1,"u":0,"v":0,"w":1,"x":0.423,"y":-25.261
},{
"c":0,"g":0,"h":1,"i":0,"k":29,"n":34,"t":1,"u":0,"v":0,"w":1,"x":0.423,"y":-25.261
},{
"c":0,"g":0,"h":1,"i":0,"k":26,"n":36,"t":1,"u":0,"v":0,"w":1,"x":0.423,"y":-25.261
},{
"c":0,"g":0,"h":1,"i":0,"k":22,"n":38,"t":1,"u":0,"v":0,"w":1,"x":0.423,"y":-25.261
}
]
},{
"f":[
{
"c":1,"g":0,"h":47.8,"i":-1,"k":-1,"n":0,"o":"mcCollision","t":1,"u":0,"v":0,"w":47.8,"x":-23.552,"y":-49.886
}
]
}
],"n":"token_stand","r":30
},{
"f":40,"l":[
{
"f":[
{
"c":0,"g":0,"h":1,"i":0,"k":24,"n":0,"t":1,"u":0,"v":0,"w":1,"x":0.423,"y":-25.261
},{
"c":0,"g":0,"h":1,"i":0,"k":28,"n":2,"t":1,"u":0,"v":0,"w":1,"x":0.423,"y":-25.261
},{
"c":0,"g":0,"h":1,"i":0,"k":33,"n":4,"t":1,"u":0,"v":0,"w":1,"x":0.423,"y":-25.261
},{
"c":0,"g":0,"h":1,"i":0,"k":37,"n":6,"t":1,"u":0,"v":0,"w":1,"x":0.423,"y":-25.261
},{
"c":0,"g":0,"h":1,"i":0,"k":43,"n":8,"t":1,"u":0,"v":0,"w":1,"x":0.423,"y":-25.261
},{
"c":0,"g":0,"h":1,"i":0,"k":39,"n":10,"t":1,"u":0,"v":0,"w":1,"x":0.423,"y":-25.261
},{
"c":0,"g":0,"h":1,"i":0,"k":35,"n":12,"t":1,"u":0,"v":0,"w":1,"x":0.423,"y":-25.261
},{
"c":0,"g":0,"h":1,"i":0,"k":31,"n":14,"t":1,"u":0,"v":0,"w":1,"x":0.423,"y":-25.261
},{
"c":0,"g":0,"h":1,"i":0,"k":25,"n":16,"t":1,"u":0,"v":0,"w":1,"x":0.423,"y":-25.261
},{
"c":0,"g":0,"h":1,"i":0,"k":23,"n":18,"t":1,"u":0,"v":0,"w":1,"x":0.423,"y":-25.261
},{
"c":0,"g":0,"h":1,"i":0,"k":27,"n":20,"t":1,"u":0,"v":0,"w":1,"x":0.423,"y":-25.261
},{
"c":0,"g":0,"h":1,"i":0,"k":30,"n":22,"t":1,"u":0,"v":0,"w":1,"x":0.423,"y":-25.261
},{
"c":0,"g":0,"h":1,"i":0,"k":34,"n":24,"t":1,"u":0,"v":0,"w":1,"x":0.423,"y":-25.261
},{
"c":0,"g":0,"h":1,"i":0,"k":38,"n":26,"t":1,"u":0,"v":0,"w":1,"x":0.423,"y":-25.261
},{
"c":0,"g":0,"h":1,"i":0,"k":42,"n":28,"t":1,"u":0,"v":0,"w":1,"x":0.423,"y":-25.261
},{
"c":0,"g":0,"h":1,"i":0,"k":40,"n":30,"t":1,"u":0,"v":0,"w":1,"x":0.423,"y":-25.261
},{
"c":0,"g":0,"h":1,"i":0,"k":36,"n":32,"t":1,"u":0,"v":0,"w":1,"x":0.423,"y":-25.261
},{
"c":0,"g":0,"h":1,"i":0,"k":29,"n":34,"t":1,"u":0,"v":0,"w":1,"x":0.423,"y":-25.261
},{
"c":0,"g":0,"h":1,"i":0,"k":26,"n":36,"t":1,"u":0,"v":0,"w":1,"x":0.423,"y":-25.261
},{
"c":0,"g":0,"h":1,"i":0,"k":22,"n":38,"t":1,"u":0,"v":0,"w":1,"x":0.423,"y":-25.261
}
]
},{
"f":[
{
"c":1,"g":0,"h":47.8,"i":-1,"k":-1,"n":0,"o":"mcCollision","t":1,"u":0,"v":0,"w":47.8,"x":-23.552,"y":-49.886
}
]
}
],"n":"token_disappear","r":30
},{
"f":1,"l":[
{
"f":[
{
"c":0,"g":0,"h":1.27,"i":0,"k":1,"n":0,"t":1,"u":0,"v":0,"w":1,"x":-0.256,"y":-215
}
]
}
],"n":"mcObj_wall2","r":30
},{
"f":1,"l":[
{
"f":[
{
"c":0,"g":0,"h":0,"i":-1,"k":-1,"n":0,"t":0,"u":0,"v":0,"w":0,"x":0,"y":0
}
]
},{
"f":[
{
"c":0,"g":0,"h":0.987,"i":0,"k":1,"n":0,"t":1,"u":-1.657,"v":159.29,"w":1,"x":0,"y":-162.263
}
]
}
],"n":"mcObj_wall1","r":30
},{
"f":5,"l":[
{
"f":[
{
"c":0,"g":0,"h":1,"i":0,"k":2,"n":0,"t":1,"u":0,"v":0,"w":1,"x":0,"y":-19
}
]
}
],"n":"mcObj_extractionPoint_stand","r":30
},{
"f":5,"l":[
{
"f":[
{
"c":0,"g":0,"h":1,"i":0,"k":2,"n":0,"t":1,"u":0,"v":0,"w":1,"x":0,"y":-19
}
]
},{
"f":[
{
"c":1,"g":0,"h":132.6,"i":-1,"k":-1,"n":0,"o":"mcCollision","t":1,"u":0,"v":0,"w":120,"x":-60,"y":-123.5
}
]
},{
"f":[
{
"c":0,"g":0,"h":1,"i":0,"k":41,"n":0,"o":"arrowPos","t":1,"u":0,"v":0,"w":1,"x":0,"y":-113.844
}
]
}
],"n":"mcObj_extractionPoint_extraction","r":30
},{
"f":12,"l":[
{
"f":[
{
"c":0,"g":0,"h":1.104,"i":0,"k":0,"n":0,"p":3,"t":0,"u":0,"v":0,"w":1.104,"x":-1.256,"y":6.177
},{
"c":0,"g":0,"h":1.104,"i":0,"k":0,"n":3,"t":1,"u":0,"v":0,"w":1.104,"x":-1.256,"y":6.177
},{
"c":0,"g":0,"h":1.104,"i":0,"k":0,"n":4,"t":0.498,"u":0,"v":0,"w":1.104,"x":-1.256,"y":6.177
},{
"c":0,"g":0,"h":1.104,"i":0,"k":0,"n":5,"t":1,"u":0,"v":0,"w":1.104,"x":-1.256,"y":6.177
},{
"c":0,"g":0,"h":1.104,"i":0,"k":0,"n":6,"t":0.498,"u":0,"v":0,"w":1.104,"x":-1.256,"y":6.177
},{
"c":0,"g":0,"h":1.104,"i":0,"k":0,"n":7,"t":1,"u":0,"v":0,"w":1.104,"x":-1.256,"y":6.177
},{
"c":0,"g":0,"h":1.104,"i":0,"k":0,"n":8,"t":0.498,"u":0,"v":0,"w":1.104,"x":-1.256,"y":6.177
},{
"c":0,"g":0,"h":1.104,"i":0,"k":0,"n":10,"p":11,"t":1,"u":0,"v":0,"w":1.104,"x":-1.256,"y":6.177
},{
"c":0,"g":0,"h":1.104,"i":0,"k":0,"n":11,"t":0,"u":0,"v":0,"w":1.104,"x":-1.256,"y":6.177
}
]
}
],"n":"mcObj_extractionPoint_arrow","r":30
},{
"f":21,"l":[
{
"f":[
{
"c":0,"g":0,"h":0.4,"i":0,"k":11,"n":0,"t":0,"u":0,"v":0,"w":2,"x":-1,"y":-5
},{
"c":0,"g":0,"h":0.1,"i":0,"k":11,"n":5,"p":20,"t":1,"u":0,"v":0,"w":0.5,"x":-1,"y":-5
},{
"c":0,"g":0,"h":0.4,"i":0,"k":11,"n":20,"t":0,"u":0,"v":0,"w":2,"x":-1,"y":-5
}
]
},{
"f":[
{
"c":0,"g":0,"h":2.592,"i":0,"k":18,"n":0,"p":6,"t":0,"u":0,"v":0,"w":2.592,"x":-16,"y":-301
},{
"c":0,"g":0,"h":2.592,"i":0,"k":18,"n":6,"p":15,"t":0.49,"u":0,"v":0,"w":2.592,"x":-16,"y":-301
},{
"c":0,"g":0,"h":2.592,"i":0,"k":18,"n":15,"t":0,"u":0,"v":0,"w":2.592,"x":-16,"y":-301
}
]
},{
"f":[
{
"c":0,"g":0,"h":2,"i":0,"k":18,"n":0,"p":7,"t":0,"u":0,"v":0,"w":2,"x":-12,"y":-244
},{
"c":0,"g":0,"h":2.592,"i":0,"k":18,"n":7,"p":20,"t":1,"u":0,"v":0,"w":2.592,"x":-16,"y":-301
},{
"c":0,"g":0,"h":4.017,"i":0,"k":18,"n":20,"t":0,"u":0,"v":0,"w":4.017,"x":-12,"y":-441.002
}
]
},{
"f":[
{
"c":0,"g":0,"h":1,"i":0,"k":3,"n":0,"t":1,"u":0,"v":0,"w":1,"x":1,"y":-65
}
]
},{
"f":[
{
"c":0,"g":0,"h":1.855,"i":0,"k":17,"n":0,"p":10,"t":0,"u":0,"v":0,"w":1.855,"x":-0.524,"y":-67.132
},{
"c":0,"g":0,"h":1.855,"i":0,"k":17,"n":10,"p":20,"t":0.239,"u":0,"v":0,"w":1.855,"x":-0.524,"y":-67.132
},{
"c":0,"g":0,"h":1.855,"i":0,"k":17,"n":20,"t":0,"u":0,"v":0,"w":1.855,"x":-0.524,"y":-67.132
}
]
},{
"f":[
{
"c":1,"g":0,"h":129.3,"i":-1,"k":-1,"n":0,"o":"mcCollision","t":1,"u":0,"v":0,"w":160,"x":-75.4,"y":-123
}
]
}
],"n":"mcObj_collectibleGroup_stand","r":30
},{
"f":34,"l":[
{
"f":[
{
"c":0,"g":0,"h":2.592,"i":0,"k":18,"n":0,"p":14,"t":0.49,"u":0,"v":0,"w":2.592,"x":-16,"y":-301
},{
"c":0,"g":0,"h":2.592,"i":0,"k":18,"n":14,"t":0,"u":0,"v":0,"w":2.592,"x":-16,"y":-301
}
]
},{
"b":2,"f":[
{
"c":0,"g":0,"h":2.592,"i":0,"k":18,"n":0,"p":22,"t":1,"u":0,"v":0,"w":2.592,"x":-16,"y":-301
},{
"c":0,"g":0,"h":4.017,"i":0,"k":18,"n":22,"t":0,"u":0,"v":0,"w":4.017,"x":-12,"y":-441.002
}
]
},{
"f":[
{
"c":0,"g":180,"h":-0.935,"i":0,"k":32,"n":0,"p":4,"t":0,"u":0,"v":0,"w":-0.935,"x":-4.48,"y":-0.191
},{
"c":0,"g":180,"h":-2.771,"i":0,"k":32,"n":4,"p":19,"t":1,"u":0,"v":0,"w":-2.771,"x":-5.45,"y":2.293
},{
"c":0,"g":180,"h":-3.841,"i":0,"k":32,"n":19,"t":0,"u":0,"v":0,"w":-3.841,"x":1.117,"y":12.694
}
]
},{
"f":[
{
"c":0,"g":0,"h":1,"i":0,"k":3,"n":0,"t":1,"u":0,"v":0,"w":1,"x":1,"y":-65
},{
"c":0,"g":0,"h":1.925,"i":0,"k":17,"n":2,"p":5,"t":1,"u":0,"v":0,"w":1.925,"x":1,"y":-65
},{
"c":0,"g":0,"h":1.925,"i":0,"k":17,"n":5,"t":0,"u":0,"v":0,"w":1.925,"x":1,"y":-65
}
]
},{
"f":[
{
"c":0,"g":0,"h":1.138,"i":0,"k":20,"n":0,"p":5,"t":0,"u":0.051,"v":26.282,"w":2.705,"x":0.895,"y":-30.908
},{
"c":0,"g":0,"h":6.747,"i":0,"k":20,"n":5,"p":23,"t":1,"u":0.051,"v":26.282,"w":2.705,"x":0.895,"y":-178.34
},{
"c":0,"g":0,"h":1.138,"i":0,"k":20,"n":23,"t":0,"u":0.051,"v":26.282,"w":2.705,"x":0.895,"y":-30.908
}
]
},{
"f":[
{
"c":0,"g":0,"h":1.994,"i":0,"k":14,"n":0,"p":5,"t":0,"u":0,"v":0,"w":1.994,"x":-1,"y":-49
},{
"c":0,"g":0,"h":1.986,"i":0,"k":14,"n":5,"p":17,"t":0.949,"u":0,"v":0,"w":1.986,"x":-1,"y":-49.769
},{
"c":0,"g":0,"h":1.899,"i":0,"k":14,"n":17,"p":19,"t":0.372,"u":0,"v":0,"w":1.899,"x":-1,"y":-59
},{
"c":0,"g":0,"h":1.614,"i":0,"k":14,"n":19,"p":21,"t":0.627,"u":0,"v":0,"w":1.614,"x":-1,"y":-94
},{
"c":0,"g":0,"h":1.309,"i":0,"k":14,"n":21,"p":23,"t":0.419,"u":0,"v":0,"w":1.309,"x":-1,"y":-112.131
},{
"c":0,"g":0,"h":1.308,"i":0,"k":14,"n":23,"p":25,"t":0.2,"u":0,"v":0,"w":1.308,"x":-1,"y":-144.697
},{
"c":0,"g":0,"h":1,"i":0,"k":14,"n":25,"t":0,"u":0,"v":0,"w":1,"x":-1,"y":-172.345
}
]
},{
"f":[
{
"c":0,"g":0,"h":1,"i":0,"k":5,"n":0,"p":2,"t":0,"u":0,"v":0,"w":1,"x":-30.228,"y":-32.636
},{
"c":0,"g":0,"h":1,"i":0,"k":5,"n":2,"p":14,"t":1,"u":0,"v":0,"w":1,"x":-30.228,"y":-33.405
},{
"c":0,"g":0,"h":1,"i":0,"k":5,"n":14,"p":16,"t":1,"u":0,"v":0,"w":1,"x":-30.228,"y":-42.636
},{
"c":0,"g":0,"h":1,"i":0,"k":7,"n":16,"p":18,"t":1,"u":0,"v":0,"w":1,"x":-30.228,"y":-77.636
},{
"c":0,"g":0,"h":1,"i":0,"k":6,"n":18,"p":20,"t":1,"u":0,"v":0,"w":1,"x":-30.228,"y":-95.767
},{
"c":0,"g":0,"h":1,"i":0,"k":4,"n":20,"p":22,"t":1,"u":0,"v":0,"w":1,"x":-30.228,"y":-128.332
},{
"c":0,"g":0,"h":1,"i":0,"k":8,"n":22,"t":0,"u":0,"v":0,"w":1,"x":-30.228,"y":-155.981
}
]
},{
"f":[
{
"c":0,"g":0,"h":1.994,"i":0,"k":14,"n":0,"p":2,"t":0,"u":0,"v":0,"w":1.994,"x":-30.228,"y":-32.636
},{
"c":0,"g":0,"h":1.986,"i":0,"k":14,"n":2,"p":14,"t":0.949,"u":0,"v":0,"w":1.986,"x":-30.228,"y":-33.405
},{
"c":0,"g":0,"h":1.899,"i":0,"k":14,"n":14,"p":16,"t":0.372,"u":0,"v":0,"w":1.899,"x":-30.227,"y":-42.636
},{
"c":0,"g":0,"h":1.614,"i":0,"k":14,"n":16,"p":18,"t":0.627,"u":0,"v":0,"w":1.614,"x":-30.228,"y":-77.636
},{
"c":0,"g":0,"h":1.309,"i":0,"k":14,"n":18,"p":20,"t":0.419,"u":0,"v":0,"w":1.309,"x":-30.227,"y":-95.766
},{
"c":0,"g":0,"h":1.308,"i":0,"k":14,"n":20,"p":22,"t":0.2,"u":0,"v":0,"w":1.308,"x":-30.228,"y":-128.333
},{
"c":0,"g":0,"h":1,"i":0,"k":14,"n":22,"t":0,"u":0,"v":0,"w":1,"x":-30.228,"y":-155.981
}
]
},{
"f":[
{
"c":0,"g":0,"h":1,"i":0,"k":5,"n":0,"p":7,"t":0,"u":0,"v":0,"w":1,"x":36.54,"y":-53.416
},{
"c":0,"g":0,"h":1,"i":0,"k":5,"n":7,"p":19,"t":1,"u":0,"v":0,"w":1,"x":36.54,"y":-54.185
},{
"c":0,"g":0,"h":1,"i":0,"k":5,"n":19,"p":21,"t":1,"u":0,"v":0,"w":1,"x":36.54,"y":-63.416
},{
"c":0,"g":0,"h":1,"i":0,"k":7,"n":21,"p":23,"t":1,"u":0,"v":0,"w":1,"x":36.54,"y":-98.416
},{
"c":0,"g":0,"h":1,"i":0,"k":6,"n":23,"p":25,"t":1,"u":0,"v":0,"w":1,"x":36.54,"y":-116.547
},{
"c":0,"g":0,"h":1,"i":0,"k":4,"n":25,"p":27,"t":1,"u":0,"v":0,"w":1,"x":36.54,"y":-149.113
},{
"c":0,"g":0,"h":1,"i":0,"k":8,"n":27,"t":0,"u":0,"v":0,"w":1,"x":36.54,"y":-176.761
}
]
},{
"f":[
{
"c":0,"g":0,"h":1.994,"i":0,"k":14,"n":0,"p":7,"t":0,"u":0,"v":0,"w":1.994,"x":36.54,"y":-53.416
},{
"c":0,"g":0,"h":1.986,"i":0,"k":14,"n":7,"p":19,"t":0.949,"u":0,"v":0,"w":1.986,"x":36.54,"y":-54.184
},{
"c":0,"g":0,"h":1.899,"i":0,"k":14,"n":19,"p":21,"t":0.372,"u":0,"v":0,"w":1.899,"x":36.54,"y":-63.415
},{
"c":0,"g":0,"h":1.614,"i":0,"k":14,"n":21,"p":23,"t":0.627,"u":0,"v":0,"w":1.614,"x":36.54,"y":-98.416
},{
"c":0,"g":0,"h":1.309,"i":0,"k":14,"n":23,"p":25,"t":0.419,"u":0,"v":0,"w":1.309,"x":36.54,"y":-116.547
},{
"c":0,"g":0,"h":1.308,"i":0,"k":14,"n":25,"p":27,"t":0.2,"u":0,"v":0,"w":1.308,"x":36.54,"y":-149.113
},{
"c":0,"g":0,"h":1,"i":0,"k":14,"n":27,"t":0,"u":0,"v":0,"w":1,"x":36.54,"y":-176.761
}
]
},{
"f":[
{
"c":0,"g":0,"h":1,"i":0,"k":5,"n":0,"p":13,"t":0,"u":0,"v":0,"w":1,"x":-28.051,"y":-84.884
},{
"c":0,"g":0,"h":1,"i":0,"k":5,"n":13,"p":25,"t":1,"u":0,"v":0,"w":1,"x":-28.051,"y":-85.653
},{
"c":0,"g":0,"h":1,"i":0,"k":5,"n":25,"p":27,"t":1,"u":0,"v":0,"w":1,"x":-28.051,"y":-94.884
},{
"c":0,"g":0,"h":1,"i":0,"k":7,"n":27,"p":29,"t":1,"u":0,"v":0,"w":1,"x":-28.051,"y":-129.882
},{
"c":0,"g":0,"h":1,"i":0,"k":6,"n":29,"p":31,"t":1,"u":0,"v":0,"w":1,"x":-28.051,"y":-148.015
},{
"c":0,"g":0,"h":1,"i":0,"k":4,"n":31,"p":33,"t":1,"u":0,"v":0,"w":1,"x":-28.051,"y":-180.581
},{
"c":0,"g":0,"h":1,"i":0,"k":8,"n":33,"t":0,"u":0,"v":0,"w":1,"x":-28.051,"y":-208.229
}
]
},{
"f":[
{
"c":0,"g":0,"h":1.994,"i":0,"k":14,"n":0,"p":13,"t":0,"u":0,"v":0,"w":1.994,"x":-28.051,"y":-84.884
},{
"c":0,"g":0,"h":1.986,"i":0,"k":14,"n":13,"p":25,"t":0.949,"u":0,"v":0,"w":1.986,"x":-28.051,"y":-85.653
},{
"c":0,"g":0,"h":1.899,"i":0,"k":14,"n":25,"p":27,"t":0.372,"u":0,"v":0,"w":1.899,"x":-28.05,"y":-94.884
},{
"c":0,"g":0,"h":1.614,"i":0,"k":14,"n":27,"p":29,"t":0.627,"u":0,"v":0,"w":1.614,"x":-28.051,"y":-129.882
},{
"c":0,"g":0,"h":1.309,"i":0,"k":14,"n":29,"p":31,"t":0.419,"u":0,"v":0,"w":1.309,"x":-28.051,"y":-148.015
},{
"c":0,"g":0,"h":1.308,"i":0,"k":14,"n":31,"p":33,"t":0.2,"u":0,"v":0,"w":1.308,"x":-28.05,"y":-180.581
},{
"c":0,"g":0,"h":1,"i":0,"k":14,"n":33,"t":0,"u":0,"v":0,"w":1,"x":-28.051,"y":-208.229
}
]
}
],"n":"mcObj_collectibleGroup_disappear","r":30
},{
"f":30,"l":[
{
"f":[
{
"c":0,"g":0,"h":1.87,"i":0,"k":17,"n":0,"t":1,"u":0,"v":0,"w":1.87,"x":0.178,"y":-66.23
},{
"c":0,"g":0,"h":1,"i":0,"k":3,"n":1,"t":1,"u":0,"v":0,"w":1,"x":1,"y":-65
},{
"c":0,"g":0,"h":1.87,"i":0,"k":17,"n":2,"t":1,"u":0,"v":0,"w":1.87,"x":0.178,"y":-66.23
},{
"c":0,"g":0,"h":1,"i":0,"k":3,"n":3,"t":1,"u":0,"v":0,"w":1,"x":1,"y":-65
},{
"c":0,"g":0,"h":1.87,"i":0,"k":17,"n":4,"t":1,"u":0,"v":0,"w":1.87,"x":0.178,"y":-66.23
},{
"c":0,"g":0,"h":1,"i":0,"k":3,"n":5,"t":1,"u":0,"v":0,"w":1,"x":1,"y":-65
},{
"c":0,"g":0,"h":1.87,"i":0,"k":17,"n":6,"t":1,"u":0,"v":0,"w":1.87,"x":0.178,"y":-66.23
},{
"c":0,"g":0,"h":1,"i":0,"k":3,"n":7,"t":1,"u":0,"v":0,"w":1,"x":1,"y":-65
},{
"c":0,"g":0,"h":1.87,"i":0,"k":17,"n":8,"t":1,"u":0,"v":0,"w":1.87,"x":0.178,"y":-66.23
},{
"c":0,"g":0,"h":1,"i":0,"k":3,"n":9,"t":1,"u":0,"v":0,"w":1,"x":1,"y":-65
},{
"c":0,"g":0,"h":1.87,"i":0,"k":17,"n":10,"t":1,"u":0,"v":0,"w":1.87,"x":0.178,"y":-66.23
},{
"c":0,"g":0,"h":1,"i":0,"k":3,"n":11,"t":1,"u":0,"v":0,"w":1,"x":1,"y":-65
},{
"c":0,"g":0,"h":1.87,"i":0,"k":17,"n":12,"t":1,"u":0,"v":0,"w":1.87,"x":0.178,"y":-66.23
},{
"c":0,"g":0,"h":1,"i":0,"k":3,"n":13,"t":1,"u":0,"v":0,"w":1,"x":1,"y":-65
},{
"c":0,"g":0,"h":1.87,"i":0,"k":17,"n":14,"t":1,"u":0,"v":0,"w":1.87,"x":0.178,"y":-66.23
},{
"c":0,"g":0,"h":1,"i":0,"k":3,"n":15,"t":1,"u":0,"v":0,"w":1,"x":1,"y":-65
},{
"c":0,"g":0,"h":1.87,"i":0,"k":17,"n":16,"t":1,"u":0,"v":0,"w":1.87,"x":0.178,"y":-66.23
},{
"c":0,"g":0,"h":1,"i":0,"k":3,"n":17,"t":1,"u":0,"v":0,"w":1,"x":1,"y":-65
},{
"c":0,"g":0,"h":1.87,"i":0,"k":17,"n":18,"t":1,"u":0,"v":0,"w":1.87,"x":0.178,"y":-66.23
},{
"c":0,"g":0,"h":1,"i":0,"k":3,"n":19,"t":1,"u":0,"v":0,"w":1,"x":1,"y":-65
},{
"c":0,"g":0,"h":1.87,"i":0,"k":17,"n":20,"t":1,"u":0,"v":0,"w":1.87,"x":0.178,"y":-66.23
},{
"c":0,"g":0,"h":1,"i":0,"k":3,"n":21,"t":1,"u":0,"v":0,"w":1,"x":1,"y":-65
},{
"c":0,"g":0,"h":1.87,"i":0,"k":17,"n":22,"t":1,"u":0,"v":0,"w":1.87,"x":0.178,"y":-66.23
},{
"c":0,"g":0,"h":1,"i":0,"k":3,"n":23,"t":1,"u":0,"v":0,"w":1,"x":1,"y":-65
},{
"c":0,"g":0,"h":1.87,"i":0,"k":17,"n":24,"t":1,"u":0,"v":0,"w":1.87,"x":0.178,"y":-66.23
},{
"c":0,"g":0,"h":1,"i":0,"k":3,"n":25,"t":1,"u":0,"v":0,"w":1,"x":1,"y":-65
},{
"c":0,"g":0,"h":1.87,"i":0,"k":17,"n":26,"t":1,"u":0,"v":0,"w":1.87,"x":0.178,"y":-66.23
},{
"c":0,"g":0,"h":1,"i":0,"k":3,"n":27,"t":1,"u":0,"v":0,"w":1,"x":1,"y":-65
},{
"c":0,"g":0,"h":1.87,"i":0,"k":17,"n":28,"t":1,"u":0,"v":0,"w":1.87,"x":0.178,"y":-66.23
},{
"c":0,"g":0,"h":1,"i":0,"k":3,"n":29,"t":1,"u":0,"v":0,"w":1,"x":1,"y":-65
}
]
},{
"f":[
{
"c":0,"g":0,"h":2.592,"i":0,"k":18,"n":0,"p":5,"t":0.49,"u":0,"v":0,"w":2.592,"x":-16,"y":-301
},{
"c":0,"g":0,"h":2.592,"i":0,"k":18,"n":5,"p":12,"t":0.49,"u":0,"v":0,"w":2.592,"x":-16,"y":-301
},{
"c":0,"g":0,"h":2.592,"i":0,"k":18,"n":12,"t":0,"u":0,"v":0,"w":2.592,"x":-16,"y":-301
}
]
},{
"b":2,"f":[
{
"c":0,"g":0,"h":2.592,"i":0,"k":18,"n":0,"p":5,"t":0,"u":0,"v":0,"w":2.592,"x":-16,"y":-301
},{
"c":0,"g":0,"h":2.592,"i":0,"k":18,"n":5,"p":20,"t":1,"u":0,"v":0,"w":2.592,"x":-16,"y":-301
},{
"c":0,"g":0,"h":4.017,"i":0,"k":18,"n":20,"t":0,"u":0,"v":0,"w":4.017,"x":-12,"y":-441.002
}
]
},{
"f":[
{
"c":1,"g":0,"h":129.3,"i":-1,"k":-1,"n":0,"o":"mcCollision","t":1,"u":0,"v":0,"w":160,"x":-75.4,"y":-123
}
]
}
],"n":"mcObj_collectibleGroup_appear","r":30
},{
"f":25,"l":[
{
"f":[
{
"c":0,"g":0,"h":1.138,"i":0,"k":21,"n":0,"t":1,"u":0,"v":0,"w":1.138,"x":-3.103,"y":1.091
}
]
},{
"b":2,"f":[
{
"c":0,"g":0,"h":0.4,"i":0,"k":11,"n":0,"t":0,"u":0,"v":0,"w":2,"x":-1,"y":-5
},{
"c":0,"g":0,"h":0.1,"i":0,"k":11,"n":9,"p":24,"t":1,"u":0,"v":0,"w":0.5,"x":-1,"y":-5
},{
"c":0,"g":0,"h":0.4,"i":0,"k":11,"n":24,"t":0,"u":0,"v":0,"w":2,"x":-1,"y":-5
}
]
},{
"f":[
{
"c":0,"g":0,"h":2.592,"i":0,"k":18,"n":0,"p":7,"t":0,"u":0,"v":0,"w":2.592,"x":-16,"y":-301
},{
"c":0,"g":0,"h":2.592,"i":0,"k":18,"n":7,"p":14,"t":0.49,"u":0,"v":0,"w":2.592,"x":-16,"y":-301
},{
"c":0,"g":0,"h":2.592,"i":0,"k":18,"n":14,"t":0,"u":0,"v":0,"w":2.592,"x":-16,"y":-301
}
]
},{
"b":2,"f":[
{
"c":0,"g":0,"h":2,"i":0,"k":18,"n":0,"p":9,"t":0,"u":0,"v":0,"w":2,"x":-12,"y":-244
},{
"c":0,"g":0,"h":2.592,"i":0,"k":18,"n":9,"p":24,"t":1,"u":0,"v":0,"w":2.592,"x":-16,"y":-301
},{
"c":0,"g":0,"h":4.017,"i":0,"k":18,"n":24,"t":0,"u":0,"v":0,"w":4.017,"x":-12,"y":-441.002
}
]
},{
"f":[
{
"c":0,"g":0,"h":1,"i":0,"k":15,"n":0,"t":1,"u":0,"v":0,"w":1,"x":-6.201,"y":-49
}
]
},{
"f":[
{
"c":1,"g":0,"h":98.8,"i":-1,"k":-1,"n":0,"o":"mcCollision","t":1,"u":0,"v":0,"w":98.8,"x":-49.5,"y":-93.5
}
]
}
],"n":"mcObj_collectible6_stand","r":30
},{
"f":1,"l":[
{
"f":[
{
"c":0,"g":0,"h":1.138,"i":0,"k":21,"n":0,"t":1,"u":0,"v":0,"w":1.138,"x":-3.103,"y":1.091
}
]
}
],"n":"mcObj_collectible6_off","r":30
},{
"f":26,"l":[
{
"f":[
{
"c":0,"g":0,"h":1.138,"i":0,"k":21,"n":0,"t":1,"u":0,"v":0,"w":1.138,"x":-3.103,"y":1.091
}
]
},{
"f":[
{
"c":0,"g":0,"h":2.592,"i":0,"k":18,"n":0,"p":7,"t":0.49,"u":0,"v":0,"w":2.592,"x":-16,"y":-301
},{
"c":0,"g":0,"h":2.592,"i":0,"k":18,"n":7,"t":0,"u":0,"v":0,"w":2.592,"x":-16,"y":-301
}
]
},{
"b":2,"f":[
{
"c":0,"g":0,"h":2.592,"i":0,"k":18,"n":0,"p":15,"t":1,"u":0,"v":0,"w":2.592,"x":-16,"y":-301
},{
"c":0,"g":0,"h":4.017,"i":0,"k":18,"n":15,"t":0,"u":0,"v":0,"w":4.017,"x":-12,"y":-441.002
}
]
},{
"f":[
{
"c":0,"g":180,"h":-0.935,"i":0,"k":32,"n":0,"p":3,"t":0,"u":0,"v":0,"w":-0.935,"x":-4.48,"y":-0.191
},{
"c":0,"g":180,"h":-2.361,"i":0,"k":32,"n":3,"p":13,"t":1,"u":0,"v":0,"w":-2.361,"x":-5.451,"y":2.293
},{
"c":0,"g":180,"h":-3.841,"i":0,"k":32,"n":13,"t":0,"u":0,"v":0,"w":-3.841,"x":1.117,"y":12.694
}
]
},{
"f":[
{
"c":0,"g":0,"h":1.138,"i":0,"k":20,"n":0,"p":5,"t":0,"u":0.051,"v":26.282,"w":2.027,"x":0.895,"y":-30.909
},{
"c":0,"g":0,"h":6.747,"i":0,"k":20,"n":5,"p":18,"t":1,"u":0.051,"v":26.282,"w":2.027,"x":0.896,"y":-178.34
},{
"c":0,"g":0,"h":1.138,"i":0,"k":20,"n":18,"t":0,"u":0.051,"v":26.282,"w":2.027,"x":0.895,"y":-30.909
}
]
},{
"f":[
{
"c":0,"g":0,"h":1,"i":0,"k":15,"n":0,"p":2,"t":1,"u":0,"v":0,"w":1,"x":-6.201,"y":-49
},{
"c":0,"g":0,"h":1,"i":0,"k":15,"n":2,"t":0,"u":0,"v":0,"w":1,"x":-6.201,"y":-49
}
]
},{
"f":[
{
"c":0,"g":0,"h":1,"i":0,"k":5,"n":0,"p":5,"t":0,"u":0,"v":0,"w":1,"x":-1,"y":-49
},{
"c":0,"g":0,"h":1,"i":0,"k":5,"n":5,"p":17,"t":1,"u":0,"v":0,"w":1,"x":-1,"y":-49.769
},{
"c":0,"g":0,"h":1,"i":0,"k":5,"n":17,"p":19,"t":1,"u":0,"v":0,"w":1,"x":-1,"y":-59
},{
"c":0,"g":0,"h":1,"i":0,"k":7,"n":19,"p":21,"t":1,"u":0,"v":0,"w":1,"x":-1,"y":-94
},{
"c":0,"g":0,"h":1,"i":0,"k":6,"n":21,"p":23,"t":1,"u":0,"v":0,"w":1,"x":-1,"y":-112.131
},{
"c":0,"g":0,"h":1,"i":0,"k":4,"n":23,"p":25,"t":1,"u":0,"v":0,"w":1,"x":-1,"y":-144.697
},{
"c":0,"g":0,"h":1,"i":0,"k":8,"n":25,"t":0,"u":0,"v":0,"w":1,"x":-1,"y":-172.345
}
]
},{
"f":[
{
"c":0,"g":0,"h":1.994,"i":0,"k":14,"n":0,"p":5,"t":0,"u":0,"v":0,"w":1.994,"x":-1,"y":-49
},{
"c":0,"g":0,"h":1.986,"i":0,"k":14,"n":5,"p":17,"t":0.949,"u":0,"v":0,"w":1.986,"x":-1,"y":-49.769
},{
"c":0,"g":0,"h":1.899,"i":0,"k":14,"n":17,"p":19,"t":0.372,"u":0,"v":0,"w":1.899,"x":-1,"y":-59
},{
"c":0,"g":0,"h":1.614,"i":0,"k":14,"n":19,"p":21,"t":0.627,"u":0,"v":0,"w":1.614,"x":-1,"y":-94
},{
"c":0,"g":0,"h":1.309,"i":0,"k":14,"n":21,"p":23,"t":0.419,"u":0,"v":0,"w":1.309,"x":-1,"y":-112.131
},{
"c":0,"g":0,"h":1.308,"i":0,"k":14,"n":23,"p":25,"t":0.2,"u":0,"v":0,"w":1.308,"x":-1,"y":-144.697
},{
"c":0,"g":0,"h":1,"i":0,"k":14,"n":25,"t":0,"u":0,"v":0,"w":1,"x":-1,"y":-172.345
}
]
}
],"n":"mcObj_collectible6_disappear","r":30
},{
"f":25,"l":[
{
"f":[
{
"c":0,"g":0,"h":1.138,"i":0,"k":21,"n":0,"t":1,"u":0,"v":0,"w":1.138,"x":-3.103,"y":1.091
}
]
},{
"b":2,"f":[
{
"c":0,"g":0,"h":0.4,"i":0,"k":11,"n":0,"t":0,"u":0,"v":0,"w":2,"x":-1,"y":-5
},{
"c":0,"g":0,"h":0.1,"i":0,"k":11,"n":9,"p":24,"t":1,"u":0,"v":0,"w":0.5,"x":-1,"y":-5
},{
"c":0,"g":0,"h":0.4,"i":0,"k":11,"n":24,"t":0,"u":0,"v":0,"w":2,"x":-1,"y":-5
}
]
},{
"f":[
{
"c":0,"g":0,"h":2.592,"i":0,"k":18,"n":0,"p":7,"t":0,"u":0,"v":0,"w":2.592,"x":-16,"y":-301
},{
"c":0,"g":0,"h":2.592,"i":0,"k":18,"n":7,"p":14,"t":0.49,"u":0,"v":0,"w":2.592,"x":-16,"y":-301
},{
"c":0,"g":0,"h":2.592,"i":0,"k":18,"n":14,"t":0,"u":0,"v":0,"w":2.592,"x":-16,"y":-301
}
]
},{
"b":2,"f":[
{
"c":0,"g":0,"h":2,"i":0,"k":18,"n":0,"p":9,"t":0,"u":0,"v":0,"w":2,"x":-12,"y":-244
},{
"c":0,"g":0,"h":2.592,"i":0,"k":18,"n":9,"p":24,"t":1,"u":0,"v":0,"w":2.592,"x":-16,"y":-301
},{
"c":0,"g":0,"h":4.017,"i":0,"k":18,"n":24,"t":0,"u":0,"v":0,"w":4.017,"x":-12,"y":-441.002
}
]
},{
"f":[
{
"c":0,"g":0,"h":1,"i":0,"k":13,"n":0,"t":1,"u":0,"v":0,"w":1,"x":-6.201,"y":-49
}
]
},{
"f":[
{
"c":1,"g":0,"h":98.8,"i":-1,"k":-1,"n":0,"o":"mcCollision","t":1,"u":0,"v":0,"w":98.8,"x":-49.5,"y":-93.5
}
]
}
],"n":"mcObj_collectible5_stand","r":30
},{
"f":1,"l":[
{
"f":[
{
"c":0,"g":0,"h":1.138,"i":0,"k":21,"n":0,"t":1,"u":0,"v":0,"w":1.138,"x":-3.103,"y":1.091
}
]
}
],"n":"mcObj_collectible5_off","r":30
},{
"f":26,"l":[
{
"f":[
{
"c":0,"g":0,"h":1.138,"i":0,"k":21,"n":0,"t":1,"u":0,"v":0,"w":1.138,"x":-3.103,"y":1.091
}
]
},{
"f":[
{
"c":0,"g":0,"h":2.592,"i":0,"k":18,"n":0,"p":7,"t":0.49,"u":0,"v":0,"w":2.592,"x":-16,"y":-301
},{
"c":0,"g":0,"h":2.592,"i":0,"k":18,"n":7,"t":0,"u":0,"v":0,"w":2.592,"x":-16,"y":-301
}
]
},{
"b":2,"f":[
{
"c":0,"g":0,"h":2.592,"i":0,"k":18,"n":0,"p":15,"t":1,"u":0,"v":0,"w":2.592,"x":-16,"y":-301
},{
"c":0,"g":0,"h":4.017,"i":0,"k":18,"n":15,"t":0,"u":0,"v":0,"w":4.017,"x":-12,"y":-441.002
}
]
},{
"f":[
{
"c":0,"g":180,"h":-0.935,"i":0,"k":32,"n":0,"p":3,"t":0,"u":0,"v":0,"w":-0.935,"x":-4.48,"y":-0.191
},{
"c":0,"g":180,"h":-2.361,"i":0,"k":32,"n":3,"p":13,"t":1,"u":0,"v":0,"w":-2.361,"x":-5.451,"y":2.293
},{
"c":0,"g":180,"h":-3.841,"i":0,"k":32,"n":13,"t":0,"u":0,"v":0,"w":-3.841,"x":1.117,"y":12.694
}
]
},{
"f":[
{
"c":0,"g":0,"h":1.138,"i":0,"k":20,"n":0,"p":5,"t":0,"u":0.051,"v":26.282,"w":2.027,"x":0.895,"y":-30.909
},{
"c":0,"g":0,"h":6.747,"i":0,"k":20,"n":5,"p":18,"t":1,"u":0.051,"v":26.282,"w":2.027,"x":0.896,"y":-178.34
},{
"c":0,"g":0,"h":1.138,"i":0,"k":20,"n":18,"t":0,"u":0.051,"v":26.282,"w":2.027,"x":0.895,"y":-30.909
}
]
},{
"f":[
{
"c":0,"g":0,"h":1,"i":0,"k":13,"n":0,"p":2,"t":1,"u":0,"v":0,"w":1,"x":-6.201,"y":-49
},{
"c":0,"g":0,"h":1,"i":0,"k":13,"n":2,"t":0,"u":0,"v":0,"w":1,"x":-6.201,"y":-49
}
]
},{
"f":[
{
"c":0,"g":0,"h":1,"i":0,"k":5,"n":0,"p":5,"t":0,"u":0,"v":0,"w":1,"x":-1,"y":-49
},{
"c":0,"g":0,"h":1,"i":0,"k":5,"n":5,"p":17,"t":1,"u":0,"v":0,"w":1,"x":-1,"y":-49.769
},{
"c":0,"g":0,"h":1,"i":0,"k":5,"n":17,"p":19,"t":1,"u":0,"v":0,"w":1,"x":-1,"y":-59
},{
"c":0,"g":0,"h":1,"i":0,"k":7,"n":19,"p":21,"t":1,"u":0,"v":0,"w":1,"x":-1,"y":-94
},{
"c":0,"g":0,"h":1,"i":0,"k":6,"n":21,"p":23,"t":1,"u":0,"v":0,"w":1,"x":-1,"y":-112.131
},{
"c":0,"g":0,"h":1,"i":0,"k":4,"n":23,"p":25,"t":1,"u":0,"v":0,"w":1,"x":-1,"y":-144.697
},{
"c":0,"g":0,"h":1,"i":0,"k":8,"n":25,"t":0,"u":0,"v":0,"w":1,"x":-1,"y":-172.345
}
]
},{
"f":[
{
"c":0,"g":0,"h":1.994,"i":0,"k":14,"n":0,"p":5,"t":0,"u":0,"v":0,"w":1.994,"x":-1,"y":-49
},{
"c":0,"g":0,"h":1.986,"i":0,"k":14,"n":5,"p":17,"t":0.949,"u":0,"v":0,"w":1.986,"x":-1,"y":-49.769
},{
"c":0,"g":0,"h":1.899,"i":0,"k":14,"n":17,"p":19,"t":0.372,"u":0,"v":0,"w":1.899,"x":-1,"y":-59
},{
"c":0,"g":0,"h":1.614,"i":0,"k":14,"n":19,"p":21,"t":0.627,"u":0,"v":0,"w":1.614,"x":-1,"y":-94
},{
"c":0,"g":0,"h":1.309,"i":0,"k":14,"n":21,"p":23,"t":0.419,"u":0,"v":0,"w":1.309,"x":-1,"y":-112.131
},{
"c":0,"g":0,"h":1.308,"i":0,"k":14,"n":23,"p":25,"t":0.2,"u":0,"v":0,"w":1.308,"x":-1,"y":-144.697
},{
"c":0,"g":0,"h":1,"i":0,"k":14,"n":25,"t":0,"u":0,"v":0,"w":1,"x":-1,"y":-172.345
}
]
}
],"n":"mcObj_collectible5_disappear","r":30
},{
"f":25,"l":[
{
"f":[
{
"c":0,"g":0,"h":1.138,"i":0,"k":21,"n":0,"t":1,"u":0,"v":0,"w":1.138,"x":-3.103,"y":1.091
}
]
},{
"b":2,"f":[
{
"c":0,"g":0,"h":0.4,"i":0,"k":11,"n":0,"t":0,"u":0,"v":0,"w":2,"x":-1,"y":-5
},{
"c":0,"g":0,"h":0.1,"i":0,"k":11,"n":9,"p":24,"t":1,"u":0,"v":0,"w":0.5,"x":-1,"y":-5
},{
"c":0,"g":0,"h":0.4,"i":0,"k":11,"n":24,"t":0,"u":0,"v":0,"w":2,"x":-1,"y":-5
}
]
},{
"f":[
{
"c":0,"g":0,"h":2.592,"i":0,"k":18,"n":0,"p":7,"t":0,"u":0,"v":0,"w":2.592,"x":-16,"y":-301
},{
"c":0,"g":0,"h":2.592,"i":0,"k":18,"n":7,"p":14,"t":0.49,"u":0,"v":0,"w":2.592,"x":-16,"y":-301
},{
"c":0,"g":0,"h":2.592,"i":0,"k":18,"n":14,"t":0,"u":0,"v":0,"w":2.592,"x":-16,"y":-301
}
]
},{
"b":2,"f":[
{
"c":0,"g":0,"h":2,"i":0,"k":18,"n":0,"p":9,"t":0,"u":0,"v":0,"w":2,"x":-12,"y":-244
},{
"c":0,"g":0,"h":2.592,"i":0,"k":18,"n":9,"p":24,"t":1,"u":0,"v":0,"w":2.592,"x":-16,"y":-301
},{
"c":0,"g":0,"h":4.017,"i":0,"k":18,"n":24,"t":0,"u":0,"v":0,"w":4.017,"x":-12,"y":-441.002
}
]
},{
"f":[
{
"c":0,"g":0,"h":1,"i":0,"k":12,"n":0,"t":1,"u":0,"v":0,"w":1,"x":-6.201,"y":-49
}
]
},{
"f":[
{
"c":1,"g":0,"h":98.8,"i":-1,"k":-1,"n":0,"o":"mcCollision","t":1,"u":0,"v":0,"w":98.8,"x":-49.5,"y":-93.5
}
]
}
],"n":"mcObj_collectible4_stand","r":30
},{
"f":1,"l":[
{
"f":[
{
"c":0,"g":0,"h":1.138,"i":0,"k":21,"n":0,"t":1,"u":0,"v":0,"w":1.138,"x":-3.103,"y":1.091
}
]
}
],"n":"mcObj_collectible4_off","r":30
},{
"f":26,"l":[
{
"f":[
{
"c":0,"g":0,"h":1.138,"i":0,"k":21,"n":0,"t":1,"u":0,"v":0,"w":1.138,"x":-3.103,"y":1.091
}
]
},{
"f":[
{
"c":0,"g":0,"h":2.592,"i":0,"k":18,"n":0,"p":7,"t":0.49,"u":0,"v":0,"w":2.592,"x":-16,"y":-301
},{
"c":0,"g":0,"h":2.592,"i":0,"k":18,"n":7,"t":0,"u":0,"v":0,"w":2.592,"x":-16,"y":-301
}
]
},{
"b":2,"f":[
{
"c":0,"g":0,"h":2.592,"i":0,"k":18,"n":0,"p":15,"t":1,"u":0,"v":0,"w":2.592,"x":-16,"y":-301
},{
"c":0,"g":0,"h":4.017,"i":0,"k":18,"n":15,"t":0,"u":0,"v":0,"w":4.017,"x":-12,"y":-441.002
}
]
},{
"f":[
{
"c":0,"g":180,"h":-0.935,"i":0,"k":32,"n":0,"p":3,"t":0,"u":0,"v":0,"w":-0.935,"x":-4.48,"y":-0.191
},{
"c":0,"g":180,"h":-2.361,"i":0,"k":32,"n":3,"p":13,"t":1,"u":0,"v":0,"w":-2.361,"x":-5.451,"y":2.293
},{
"c":0,"g":180,"h":-3.841,"i":0,"k":32,"n":13,"t":0,"u":0,"v":0,"w":-3.841,"x":1.117,"y":12.694
}
]
},{
"f":[
{
"c":0,"g":0,"h":1.138,"i":0,"k":20,"n":0,"p":5,"t":0,"u":0.051,"v":26.282,"w":2.027,"x":0.895,"y":-30.909
},{
"c":0,"g":0,"h":6.747,"i":0,"k":20,"n":5,"p":18,"t":1,"u":0.051,"v":26.282,"w":2.027,"x":0.896,"y":-178.34
},{
"c":0,"g":0,"h":1.138,"i":0,"k":20,"n":18,"t":0,"u":0.051,"v":26.282,"w":2.027,"x":0.895,"y":-30.909
}
]
},{
"f":[
{
"c":0,"g":0,"h":1,"i":0,"k":12,"n":0,"p":2,"t":1,"u":0,"v":0,"w":1,"x":-6.201,"y":-49
},{
"c":0,"g":0,"h":1,"i":0,"k":12,"n":2,"t":0,"u":0,"v":0,"w":1,"x":-6.201,"y":-49
}
]
},{
"f":[
{
"c":0,"g":0,"h":1,"i":0,"k":5,"n":0,"p":5,"t":0,"u":0,"v":0,"w":1,"x":-1,"y":-49
},{
"c":0,"g":0,"h":1,"i":0,"k":5,"n":5,"p":17,"t":1,"u":0,"v":0,"w":1,"x":-1,"y":-49.769
},{
"c":0,"g":0,"h":1,"i":0,"k":5,"n":17,"p":19,"t":1,"u":0,"v":0,"w":1,"x":-1,"y":-59
},{
"c":0,"g":0,"h":1,"i":0,"k":7,"n":19,"p":21,"t":1,"u":0,"v":0,"w":1,"x":-1,"y":-94
},{
"c":0,"g":0,"h":1,"i":0,"k":6,"n":21,"p":23,"t":1,"u":0,"v":0,"w":1,"x":-1,"y":-112.131
},{
"c":0,"g":0,"h":1,"i":0,"k":4,"n":23,"p":25,"t":1,"u":0,"v":0,"w":1,"x":-1,"y":-144.697
},{
"c":0,"g":0,"h":1,"i":0,"k":8,"n":25,"t":0,"u":0,"v":0,"w":1,"x":-1,"y":-172.345
}
]
},{
"f":[
{
"c":0,"g":0,"h":1.994,"i":0,"k":14,"n":0,"p":5,"t":0,"u":0,"v":0,"w":1.994,"x":-1,"y":-49
},{
"c":0,"g":0,"h":1.986,"i":0,"k":14,"n":5,"p":17,"t":0.949,"u":0,"v":0,"w":1.986,"x":-1,"y":-49.769
},{
"c":0,"g":0,"h":1.899,"i":0,"k":14,"n":17,"p":19,"t":0.372,"u":0,"v":0,"w":1.899,"x":-1,"y":-59
},{
"c":0,"g":0,"h":1.614,"i":0,"k":14,"n":19,"p":21,"t":0.627,"u":0,"v":0,"w":1.614,"x":-1,"y":-94
},{
"c":0,"g":0,"h":1.309,"i":0,"k":14,"n":21,"p":23,"t":0.419,"u":0,"v":0,"w":1.309,"x":-1,"y":-112.131
},{
"c":0,"g":0,"h":1.308,"i":0,"k":14,"n":23,"p":25,"t":0.2,"u":0,"v":0,"w":1.308,"x":-1,"y":-144.697
},{
"c":0,"g":0,"h":1,"i":0,"k":14,"n":25,"t":0,"u":0,"v":0,"w":1,"x":-1,"y":-172.345
}
]
}
],"n":"mcObj_collectible4_disappear","r":30
},{
"f":25,"l":[
{
"f":[
{
"c":0,"g":0,"h":1.138,"i":0,"k":21,"n":0,"t":1,"u":0,"v":0,"w":1.138,"x":-3.103,"y":1.091
}
]
},{
"b":2,"f":[
{
"c":0,"g":0,"h":0.4,"i":0,"k":11,"n":0,"t":0,"u":0,"v":0,"w":2,"x":-1,"y":-5
},{
"c":0,"g":0,"h":0.1,"i":0,"k":11,"n":9,"p":24,"t":1,"u":0,"v":0,"w":0.5,"x":-1,"y":-5
},{
"c":0,"g":0,"h":0.4,"i":0,"k":11,"n":24,"t":0,"u":0,"v":0,"w":2,"x":-1,"y":-5
}
]
},{
"f":[
{
"c":0,"g":0,"h":2.592,"i":0,"k":18,"n":0,"p":7,"t":0,"u":0,"v":0,"w":2.592,"x":-16,"y":-301
},{
"c":0,"g":0,"h":2.592,"i":0,"k":18,"n":7,"p":14,"t":0.49,"u":0,"v":0,"w":2.592,"x":-16,"y":-301
},{
"c":0,"g":0,"h":2.592,"i":0,"k":18,"n":14,"t":0,"u":0,"v":0,"w":2.592,"x":-16,"y":-301
}
]
},{
"b":2,"f":[
{
"c":0,"g":0,"h":2,"i":0,"k":18,"n":0,"p":9,"t":0,"u":0,"v":0,"w":2,"x":-12,"y":-244
},{
"c":0,"g":0,"h":2.592,"i":0,"k":18,"n":9,"p":24,"t":1,"u":0,"v":0,"w":2.592,"x":-16,"y":-301
},{
"c":0,"g":0,"h":4.017,"i":0,"k":18,"n":24,"t":0,"u":0,"v":0,"w":4.017,"x":-12,"y":-441.002
}
]
},{
"f":[
{
"c":0,"g":0,"h":1,"i":0,"k":16,"n":0,"t":1,"u":0,"v":0,"w":1,"x":-6.201,"y":-49
}
]
},{
"f":[
{
"c":1,"g":0,"h":98.8,"i":-1,"k":-1,"n":0,"o":"mcCollision","t":1,"u":0,"v":0,"w":98.8,"x":-49.5,"y":-93.5
}
]
}
],"n":"mcObj_collectible3_stand","r":30
},{
"f":1,"l":[
{
"f":[
{
"c":0,"g":0,"h":1.138,"i":0,"k":21,"n":0,"t":1,"u":0,"v":0,"w":1.138,"x":-3.103,"y":1.091
}
]
}
],"n":"mcObj_collectible3_off","r":30
},{
"f":26,"l":[
{
"f":[
{
"c":0,"g":0,"h":1.138,"i":0,"k":21,"n":0,"t":1,"u":0,"v":0,"w":1.138,"x":-3.103,"y":1.091
}
]
},{
"f":[
{
"c":0,"g":0,"h":2.592,"i":0,"k":18,"n":0,"p":7,"t":0.49,"u":0,"v":0,"w":2.592,"x":-16,"y":-301
},{
"c":0,"g":0,"h":2.592,"i":0,"k":18,"n":7,"t":0,"u":0,"v":0,"w":2.592,"x":-16,"y":-301
}
]
},{
"b":2,"f":[
{
"c":0,"g":0,"h":2.592,"i":0,"k":18,"n":0,"p":15,"t":1,"u":0,"v":0,"w":2.592,"x":-16,"y":-301
},{
"c":0,"g":0,"h":4.017,"i":0,"k":18,"n":15,"t":0,"u":0,"v":0,"w":4.017,"x":-12,"y":-441.002
}
]
},{
"f":[
{
"c":0,"g":180,"h":-0.935,"i":0,"k":32,"n":0,"p":3,"t":0,"u":0,"v":0,"w":-0.935,"x":-4.48,"y":-0.191
},{
"c":0,"g":180,"h":-2.361,"i":0,"k":32,"n":3,"p":13,"t":1,"u":0,"v":0,"w":-2.361,"x":-5.451,"y":2.293
},{
"c":0,"g":180,"h":-3.841,"i":0,"k":32,"n":13,"t":0,"u":0,"v":0,"w":-3.841,"x":1.117,"y":12.694
}
]
},{
"f":[
{
"c":0,"g":0,"h":1.138,"i":0,"k":20,"n":0,"p":5,"t":0,"u":0.051,"v":26.282,"w":2.027,"x":0.895,"y":-30.909
},{
"c":0,"g":0,"h":6.747,"i":0,"k":20,"n":5,"p":18,"t":1,"u":0.051,"v":26.282,"w":2.027,"x":0.896,"y":-178.34
},{
"c":0,"g":0,"h":1.138,"i":0,"k":20,"n":18,"t":0,"u":0.051,"v":26.282,"w":2.027,"x":0.895,"y":-30.909
}
]
},{
"f":[
{
"c":0,"g":0,"h":1,"i":0,"k":16,"n":0,"p":2,"t":1,"u":0,"v":0,"w":1,"x":-6.201,"y":-49
},{
"c":0,"g":0,"h":1,"i":0,"k":16,"n":2,"t":0,"u":0,"v":0,"w":1,"x":-6.201,"y":-49
}
]
},{
"f":[
{
"c":0,"g":0,"h":1,"i":0,"k":5,"n":0,"p":5,"t":0,"u":0,"v":0,"w":1,"x":-1,"y":-49
},{
"c":0,"g":0,"h":1,"i":0,"k":5,"n":5,"p":17,"t":1,"u":0,"v":0,"w":1,"x":-1,"y":-49.769
},{
"c":0,"g":0,"h":1,"i":0,"k":5,"n":17,"p":19,"t":1,"u":0,"v":0,"w":1,"x":-1,"y":-59
},{
"c":0,"g":0,"h":1,"i":0,"k":7,"n":19,"p":21,"t":1,"u":0,"v":0,"w":1,"x":-1,"y":-94
},{
"c":0,"g":0,"h":1,"i":0,"k":6,"n":21,"p":23,"t":1,"u":0,"v":0,"w":1,"x":-1,"y":-112.131
},{
"c":0,"g":0,"h":1,"i":0,"k":4,"n":23,"p":25,"t":1,"u":0,"v":0,"w":1,"x":-1,"y":-144.697
},{
"c":0,"g":0,"h":1,"i":0,"k":8,"n":25,"t":0,"u":0,"v":0,"w":1,"x":-1,"y":-172.345
}
]
},{
"f":[
{
"c":0,"g":0,"h":1.994,"i":0,"k":14,"n":0,"p":5,"t":0,"u":0,"v":0,"w":1.994,"x":-1,"y":-49
},{
"c":0,"g":0,"h":1.986,"i":0,"k":14,"n":5,"p":17,"t":0.949,"u":0,"v":0,"w":1.986,"x":-1,"y":-49.769
},{
"c":0,"g":0,"h":1.899,"i":0,"k":14,"n":17,"p":19,"t":0.372,"u":0,"v":0,"w":1.899,"x":-1,"y":-59
},{
"c":0,"g":0,"h":1.614,"i":0,"k":14,"n":19,"p":21,"t":0.627,"u":0,"v":0,"w":1.614,"x":-1,"y":-94
},{
"c":0,"g":0,"h":1.309,"i":0,"k":14,"n":21,"p":23,"t":0.419,"u":0,"v":0,"w":1.309,"x":-1,"y":-112.131
},{
"c":0,"g":0,"h":1.308,"i":0,"k":14,"n":23,"p":25,"t":0.2,"u":0,"v":0,"w":1.308,"x":-1,"y":-144.697
},{
"c":0,"g":0,"h":1,"i":0,"k":14,"n":25,"t":0,"u":0,"v":0,"w":1,"x":-1,"y":-172.345
}
]
}
],"n":"mcObj_collectible3_disappear","r":30
},{
"f":25,"l":[
{
"f":[
{
"c":0,"g":0,"h":1.138,"i":0,"k":21,"n":0,"t":1,"u":0,"v":0,"w":1.138,"x":-3.103,"y":1.091
}
]
},{
"b":2,"f":[
{
"c":0,"g":0,"h":0.4,"i":0,"k":11,"n":0,"t":0,"u":0,"v":0,"w":2,"x":-1,"y":-5
},{
"c":0,"g":0,"h":0.1,"i":0,"k":11,"n":9,"p":24,"t":1,"u":0,"v":0,"w":0.5,"x":-1,"y":-5
},{
"c":0,"g":0,"h":0.4,"i":0,"k":11,"n":24,"t":0,"u":0,"v":0,"w":2,"x":-1,"y":-5
}
]
},{
"f":[
{
"c":0,"g":0,"h":2.592,"i":0,"k":18,"n":0,"p":7,"t":0,"u":0,"v":0,"w":2.592,"x":-16,"y":-301
},{
"c":0,"g":0,"h":2.592,"i":0,"k":18,"n":7,"p":14,"t":0.49,"u":0,"v":0,"w":2.592,"x":-16,"y":-301
},{
"c":0,"g":0,"h":2.592,"i":0,"k":18,"n":14,"t":0,"u":0,"v":0,"w":2.592,"x":-16,"y":-301
}
]
},{
"b":2,"f":[
{
"c":0,"g":0,"h":2,"i":0,"k":18,"n":0,"p":9,"t":0,"u":0,"v":0,"w":2,"x":-12,"y":-244
},{
"c":0,"g":0,"h":2.592,"i":0,"k":18,"n":9,"p":24,"t":1,"u":0,"v":0,"w":2.592,"x":-16,"y":-301
},{
"c":0,"g":0,"h":4.017,"i":0,"k":18,"n":24,"t":0,"u":0,"v":0,"w":4.017,"x":-12,"y":-441.002
}
]
},{
"f":[
{
"c":0,"g":0,"h":1,"i":0,"k":9,"n":0,"t":1,"u":0,"v":0,"w":1,"x":-6.201,"y":-49
}
]
},{
"f":[
{
"c":1,"g":0,"h":98.8,"i":-1,"k":-1,"n":0,"o":"mcCollision","t":1,"u":0,"v":0,"w":98.8,"x":-49.5,"y":-93.5
}
]
}
],"n":"mcObj_collectible2_stand","r":30
},{
"f":1,"l":[
{
"f":[
{
"c":0,"g":0,"h":1.138,"i":0,"k":21,"n":0,"t":1,"u":0,"v":0,"w":1.138,"x":-3.103,"y":1.091
}
]
}
],"n":"mcObj_collectible2_off","r":30
},{
"f":26,"l":[
{
"f":[
{
"c":0,"g":0,"h":1.138,"i":0,"k":21,"n":0,"t":1,"u":0,"v":0,"w":1.138,"x":-3.103,"y":1.091
}
]
},{
"f":[
{
"c":0,"g":0,"h":2.592,"i":0,"k":18,"n":0,"p":7,"t":0.49,"u":0,"v":0,"w":2.592,"x":-16,"y":-301
},{
"c":0,"g":0,"h":2.592,"i":0,"k":18,"n":7,"t":0,"u":0,"v":0,"w":2.592,"x":-16,"y":-301
}
]
},{
"b":2,"f":[
{
"c":0,"g":0,"h":2.592,"i":0,"k":18,"n":0,"p":15,"t":1,"u":0,"v":0,"w":2.592,"x":-16,"y":-301
},{
"c":0,"g":0,"h":4.017,"i":0,"k":18,"n":15,"t":0,"u":0,"v":0,"w":4.017,"x":-12,"y":-441.002
}
]
},{
"f":[
{
"c":0,"g":180,"h":-0.935,"i":0,"k":32,"n":0,"p":3,"t":0,"u":0,"v":0,"w":-0.935,"x":-4.48,"y":-0.191
},{
"c":0,"g":180,"h":-2.361,"i":0,"k":32,"n":3,"p":13,"t":1,"u":0,"v":0,"w":-2.361,"x":-5.451,"y":2.293
},{
"c":0,"g":180,"h":-3.841,"i":0,"k":32,"n":13,"t":0,"u":0,"v":0,"w":-3.841,"x":1.117,"y":12.694
}
]
},{
"f":[
{
"c":0,"g":0,"h":1.138,"i":0,"k":20,"n":0,"p":5,"t":0,"u":0.051,"v":26.282,"w":2.027,"x":0.895,"y":-30.909
},{
"c":0,"g":0,"h":6.747,"i":0,"k":20,"n":5,"p":18,"t":1,"u":0.051,"v":26.282,"w":2.027,"x":0.896,"y":-178.34
},{
"c":0,"g":0,"h":1.138,"i":0,"k":20,"n":18,"t":0,"u":0.051,"v":26.282,"w":2.027,"x":0.895,"y":-30.909
}
]
},{
"f":[
{
"c":0,"g":0,"h":1,"i":0,"k":9,"n":0,"p":2,"t":1,"u":0,"v":0,"w":1,"x":-6.201,"y":-49
},{
"c":0,"g":0,"h":1,"i":0,"k":9,"n":2,"t":0,"u":0,"v":0,"w":1,"x":-6.201,"y":-49
}
]
},{
"f":[
{
"c":0,"g":0,"h":1,"i":0,"k":5,"n":0,"p":5,"t":0,"u":0,"v":0,"w":1,"x":-1,"y":-49
},{
"c":0,"g":0,"h":1,"i":0,"k":5,"n":5,"p":17,"t":1,"u":0,"v":0,"w":1,"x":-1,"y":-49.769
},{
"c":0,"g":0,"h":1,"i":0,"k":5,"n":17,"p":19,"t":1,"u":0,"v":0,"w":1,"x":-1,"y":-59
},{
"c":0,"g":0,"h":1,"i":0,"k":7,"n":19,"p":21,"t":1,"u":0,"v":0,"w":1,"x":-1,"y":-94
},{
"c":0,"g":0,"h":1,"i":0,"k":6,"n":21,"p":23,"t":1,"u":0,"v":0,"w":1,"x":-1,"y":-112.131
},{
"c":0,"g":0,"h":1,"i":0,"k":4,"n":23,"p":25,"t":1,"u":0,"v":0,"w":1,"x":-1,"y":-144.697
},{
"c":0,"g":0,"h":1,"i":0,"k":8,"n":25,"t":0,"u":0,"v":0,"w":1,"x":-1,"y":-172.345
}
]
},{
"f":[
{
"c":0,"g":0,"h":1.994,"i":0,"k":14,"n":0,"p":5,"t":0,"u":0,"v":0,"w":1.994,"x":-1,"y":-49
},{
"c":0,"g":0,"h":1.986,"i":0,"k":14,"n":5,"p":17,"t":0.949,"u":0,"v":0,"w":1.986,"x":-1,"y":-49.769
},{
"c":0,"g":0,"h":1.899,"i":0,"k":14,"n":17,"p":19,"t":0.372,"u":0,"v":0,"w":1.899,"x":-1,"y":-59
},{
"c":0,"g":0,"h":1.614,"i":0,"k":14,"n":19,"p":21,"t":0.627,"u":0,"v":0,"w":1.614,"x":-1,"y":-94
},{
"c":0,"g":0,"h":1.309,"i":0,"k":14,"n":21,"p":23,"t":0.419,"u":0,"v":0,"w":1.309,"x":-1,"y":-112.131
},{
"c":0,"g":0,"h":1.308,"i":0,"k":14,"n":23,"p":25,"t":0.2,"u":0,"v":0,"w":1.308,"x":-1,"y":-144.697
},{
"c":0,"g":0,"h":1,"i":0,"k":14,"n":25,"t":0,"u":0,"v":0,"w":1,"x":-1,"y":-172.345
}
]
}
],"n":"mcObj_collectible2_disappear","r":30
},{
"f":25,"l":[
{
"f":[
{
"c":0,"g":0,"h":1.138,"i":0,"k":21,"n":0,"t":1,"u":0,"v":0,"w":1.138,"x":-3.103,"y":1.091
}
]
},{
"b":2,"f":[
{
"c":0,"g":0,"h":0.4,"i":0,"k":11,"n":0,"t":0,"u":0,"v":0,"w":2,"x":-1,"y":-5
},{
"c":0,"g":0,"h":0.1,"i":0,"k":11,"n":9,"p":24,"t":1,"u":0,"v":0,"w":0.5,"x":-1,"y":-5
},{
"c":0,"g":0,"h":0.4,"i":0,"k":11,"n":24,"t":0,"u":0,"v":0,"w":2,"x":-1,"y":-5
}
]
},{
"f":[
{
"c":0,"g":0,"h":2.592,"i":0,"k":18,"n":0,"p":7,"t":0,"u":0,"v":0,"w":2.592,"x":-16,"y":-301
},{
"c":0,"g":0,"h":2.592,"i":0,"k":18,"n":7,"p":14,"t":0.49,"u":0,"v":0,"w":2.592,"x":-16,"y":-301
},{
"c":0,"g":0,"h":2.592,"i":0,"k":18,"n":14,"t":0,"u":0,"v":0,"w":2.592,"x":-16,"y":-301
}
]
},{
"b":2,"f":[
{
"c":0,"g":0,"h":2,"i":0,"k":18,"n":0,"p":9,"t":0,"u":0,"v":0,"w":2,"x":-12,"y":-244
},{
"c":0,"g":0,"h":2.592,"i":0,"k":18,"n":9,"p":24,"t":1,"u":0,"v":0,"w":2.592,"x":-16,"y":-301
},{
"c":0,"g":0,"h":4.017,"i":0,"k":18,"n":24,"t":0,"u":0,"v":0,"w":4.017,"x":-12,"y":-441.002
}
]
},{
"f":[
{
"c":0,"g":0,"h":1,"i":0,"k":10,"n":0,"t":1,"u":0,"v":0,"w":1,"x":-6.201,"y":-49
}
]
},{
"f":[
{
"c":1,"g":0,"h":98.8,"i":-1,"k":-1,"n":0,"o":"mcCollision","t":1,"u":0,"v":0,"w":98.8,"x":-49.5,"y":-93.5
}
]
}
],"n":"mcObj_collectible1_stand","r":30
},{
"f":1,"l":[
{
"f":[
{
"c":0,"g":0,"h":1.138,"i":0,"k":21,"n":0,"t":1,"u":0,"v":0,"w":1.138,"x":-3.103,"y":1.091
}
]
}
],"n":"mcObj_collectible1_off","r":30
},{
"f":26,"l":[
{
"f":[
{
"c":0,"g":0,"h":1.138,"i":0,"k":21,"n":0,"t":1,"u":0,"v":0,"w":1.138,"x":-3.103,"y":1.091
}
]
},{
"f":[
{
"c":0,"g":0,"h":2.592,"i":0,"k":18,"n":0,"p":7,"t":0.49,"u":0,"v":0,"w":2.592,"x":-16,"y":-301
},{
"c":0,"g":0,"h":2.592,"i":0,"k":18,"n":7,"t":0,"u":0,"v":0,"w":2.592,"x":-16,"y":-301
}
]
},{
"b":2,"f":[
{
"c":0,"g":0,"h":2.592,"i":0,"k":18,"n":0,"p":15,"t":1,"u":0,"v":0,"w":2.592,"x":-16,"y":-301
},{
"c":0,"g":0,"h":4.017,"i":0,"k":18,"n":15,"t":0,"u":0,"v":0,"w":4.017,"x":-12,"y":-441.002
}
]
},{
"b":2,"f":[
{
"c":0,"g":180,"h":-0.935,"i":0,"k":32,"n":0,"p":3,"t":0,"u":0,"v":0,"w":-0.935,"x":-4.48,"y":-0.191
},{
"c":0,"g":180,"h":-2.361,"i":0,"k":32,"n":3,"p":13,"t":1,"u":0,"v":0,"w":-2.361,"x":-5.451,"y":2.293
},{
"c":0,"g":180,"h":-3.841,"i":0,"k":32,"n":13,"t":0,"u":0,"v":0,"w":-3.841,"x":1.117,"y":12.694
}
]
},{
"b":2,"f":[
{
"c":0,"g":0,"h":1.138,"i":0,"k":20,"n":0,"p":5,"t":0,"u":0.051,"v":26.282,"w":2.027,"x":0.895,"y":-30.909
},{
"c":0,"g":0,"h":6.747,"i":0,"k":20,"n":5,"p":18,"t":1,"u":0.051,"v":26.282,"w":2.027,"x":0.896,"y":-178.34
},{
"c":0,"g":0,"h":1.138,"i":0,"k":20,"n":18,"t":0,"u":0.051,"v":26.282,"w":2.027,"x":0.895,"y":-30.909
}
]
},{
"f":[
{
"c":0,"g":0,"h":1,"i":0,"k":10,"n":0,"p":2,"t":1,"u":0,"v":0,"w":1,"x":-6.201,"y":-49
},{
"c":0,"g":0,"h":1,"i":0,"k":10,"n":2,"t":0,"u":0,"v":0,"w":1,"x":-6.201,"y":-49
}
]
},{
"f":[
{
"c":0,"g":0,"h":1,"i":0,"k":5,"n":0,"p":5,"t":0,"u":0,"v":0,"w":1,"x":-1,"y":-49
},{
"c":0,"g":0,"h":1,"i":0,"k":5,"n":5,"p":17,"t":1,"u":0,"v":0,"w":1,"x":-1,"y":-49.769
},{
"c":0,"g":0,"h":1,"i":0,"k":5,"n":17,"p":19,"t":1,"u":0,"v":0,"w":1,"x":-1,"y":-59
},{
"c":0,"g":0,"h":1,"i":0,"k":7,"n":19,"p":21,"t":1,"u":0,"v":0,"w":1,"x":-1,"y":-94
},{
"c":0,"g":0,"h":1,"i":0,"k":6,"n":21,"p":23,"t":1,"u":0,"v":0,"w":1,"x":-1,"y":-112.131
},{
"c":0,"g":0,"h":1,"i":0,"k":4,"n":23,"p":25,"t":1,"u":0,"v":0,"w":1,"x":-1,"y":-144.697
},{
"c":0,"g":0,"h":1,"i":0,"k":8,"n":25,"t":0,"u":0,"v":0,"w":1,"x":-1,"y":-172.345
}
]
},{
"f":[
{
"c":0,"g":0,"h":1.994,"i":0,"k":14,"n":0,"p":5,"t":0,"u":0,"v":0,"w":1.994,"x":-1,"y":-49
},{
"c":0,"g":0,"h":1.986,"i":0,"k":14,"n":5,"p":17,"t":0.949,"u":0,"v":0,"w":1.986,"x":-1,"y":-49.769
},{
"c":0,"g":0,"h":1.899,"i":0,"k":14,"n":17,"p":19,"t":0.372,"u":0,"v":0,"w":1.899,"x":-1,"y":-59
},{
"c":0,"g":0,"h":1.614,"i":0,"k":14,"n":19,"p":21,"t":0.627,"u":0,"v":0,"w":1.614,"x":-1,"y":-94
},{
"c":0,"g":0,"h":1.309,"i":0,"k":14,"n":21,"p":23,"t":0.419,"u":0,"v":0,"w":1.309,"x":-1,"y":-112.131
},{
"c":0,"g":0,"h":1.308,"i":0,"k":14,"n":23,"p":25,"t":0.2,"u":0,"v":0,"w":1.308,"x":-1,"y":-144.697
},{
"c":0,"g":0,"h":1,"i":0,"k":14,"n":25,"t":0,"u":0,"v":0,"w":1,"x":-1,"y":-172.345
}
]
}
],"n":"mcObj_collectible1_disappear","r":30
}
],"atlas":[
[
{
"h":241,"n":"","p":108,"q":121,"w":219,"x":1,"y":1
},{
"h":351,"n":"","p":68,"q":175,"w":135,"x":1,"y":243
},{
"h":76,"n":"","p":239,"q":38,"w":478,"x":221,"y":1
},{
"h":181,"n":"","p":100,"q":91,"w":199,"x":1,"y":595
},{
"h":140,"n":"","p":73,"q":70,"w":145,"x":1,"y":777
},{
"h":140,"n":"","p":73,"q":70,"w":145,"x":221,"y":78
},{
"h":139,"n":"","p":73,"q":69,"w":145,"x":367,"y":78
},{
"h":139,"n":"","p":73,"q":69,"w":145,"x":513,"y":78
},{
"h":137,"n":"","p":73,"q":70,"w":145,"x":659,"y":78
},{
"h":133,"n":"","p":77,"q":68,"w":147,"x":805,"y":78
},{
"h":127,"n":"","p":74,"q":62,"w":151,"x":221,"y":219
},{
"h":138,"n":"","p":69,"q":65,"w":138,"x":221,"y":347
},{
"h":133,"n":"","p":69,"q":65,"w":137,"x":221,"y":486
},{
"h":125,"n":"","p":66,"q":56,"w":131,"x":373,"y":219
},{
"h":120,"n":"","p":60,"q":60,"w":120,"x":505,"y":219
},{
"h":106,"n":"","p":62,"q":43,"w":130,"x":1,"y":918
},{
"h":104,"n":"","p":61,"q":40,"w":130,"x":626,"y":219
},{
"h":117,"n":"","p":57,"q":59,"w":114,"x":757,"y":219
},{
"h":111,"n":"","p":55,"q":-45,"w":111,"x":872,"y":219
},{
"h":100,"n":"","p":0,"q":0,"w":100,"x":221,"y":620
},{
"h":75,"n":"","p":40,"q":37,"w":80,"x":137,"y":243
},{
"h":34,"n":"","p":62,"q":17,"w":125,"x":700,"y":1
},{
"h":53,"n":"","p":27,"q":27,"w":54,"x":137,"y":319
},{
"h":54,"n":"","p":27,"q":27,"w":53,"x":137,"y":373
},{
"h":53,"n":"","p":27,"q":27,"w":53,"x":137,"y":428
},{
"h":54,"n":"","p":26,"q":27,"w":52,"x":137,"y":482
},{
"h":54,"n":"","p":26,"q":27,"w":51,"x":137,"y":537
},{
"h":54,"n":"","p":26,"q":27,"w":51,"x":147,"y":777
},{
"h":53,"n":"","p":25,"q":27,"w":49,"x":147,"y":832
},{
"h":53,"n":"","p":23,"q":27,"w":46,"x":132,"y":918
},{
"h":53,"n":"","p":23,"q":27,"w":46,"x":826,"y":1
},{
"h":53,"n":"","p":23,"q":27,"w":46,"x":873,"y":1
},{
"h":26,"n":"","p":44,"q":13,"w":88,"x":132,"y":972
},{
"h":53,"n":"","p":20,"q":27,"w":39,"x":179,"y":918
},{
"h":53,"n":"","p":18,"q":27,"w":36,"x":920,"y":1
},{
"h":53,"n":"","p":18,"q":27,"w":36,"x":957,"y":1
},{
"h":53,"n":"","p":18,"q":27,"w":35,"x":953,"y":78
},{
"h":53,"n":"","p":12,"q":27,"w":24,"x":192,"y":319
},{
"h":53,"n":"","p":11,"q":27,"w":22,"x":191,"y":373
},{
"h":53,"n":"","p":11,"q":27,"w":22,"x":191,"y":428
},{
"h":53,"n":"","p":11,"q":27,"w":21,"x":190,"y":482
},{
"h":30,"n":"","p":15,"q":15,"w":30,"x":189,"y":537
},{
"h":53,"n":"","p":4,"q":27,"w":7,"x":212,"y":482
},{
"h":53,"n":"","p":4,"q":27,"w":7,"x":201,"y":595
}
]
],"meta":{
"atlas":[
"ani_obj_stickman_image_0.png"
]
}
}
