{
"animations":[
{
"f":1,"l":[
{
"f":[
{
"c":0,"g":0,"h":1,"i":0,"k":1,"n":0,"t":1,"u":0,"v":0,"w":1,"x":0,"y":0
}
]
},{
"f":[
{
"c":0,"g":-90,"h":1,"i":0,"k":19,"n":0,"t":1,"u":0,"v":0,"w":1,"x":60,"y":0
}
]
},{
"f":[
{
"c":1,"g":0,"h":132.5,"i":-1,"k":-1,"n":0,"o":"mcCollision","t":1,"u":0,"v":0,"w":131.9,"x":-66.679,"y":-66.971
}
]
},{
"f":[
{
"c":0,"g":0,"h":1,"i":0,"k":20,"n":0,"o":"mcIconContainer","t":1,"u":0,"v":0,"w":1,"x":0,"y":0
}
]
}
],"n":"gui_hud_pointer_base","r":30
},{
"f":1,"l":[
{
"f":[
{
"c":0,"g":0,"h":1.157,"i":0,"k":4,"n":0,"t":1,"u":0,"v":0,"w":1.157,"x":0.921,"y":-7.468
}
]
},{
"f":[
{
"c":1,"g":0,"h":62.8,"i":-1,"k":-1,"n":0,"o":"mcCollision","t":1,"u":0,"v":0,"w":60,"x":-30,"y":-30
}
]
}
],"n":"gui_hud_pointer_machine_antenna","r":30
},{
"f":1,"l":[
{
"f":[
{
"c":0,"g":0,"h":1,"i":0,"k":18,"n":0,"t":1,"u":0,"v":0,"w":1,"x":5.897,"y":-29.111
}
]
},{
"f":[
{
"c":1,"g":0,"h":62.8,"i":-1,"k":-1,"n":0,"o":"mcCollision","t":1,"u":0,"v":0,"w":60,"x":-30,"y":-30
}
]
}
],"n":"gui_hud_pointer_imperial","r":30
},{
"f":1,"l":[
{
"f":[
{
"c":0,"g":0,"h":1,"i":0,"k":2,"n":0,"t":1,"u":0,"v":0,"w":1,"x":3.011,"y":-12.273
}
]
},{
"f":[
{
"c":1,"g":0,"h":67.6,"i":-1,"k":-1,"n":0,"o":"mcCollision","t":1,"u":0,"v":0,"w":60,"x":-30,"y":-34.796
}
]
}
],"n":"gui_hud_pointer_extraction","r":30
},{
"f":1,"l":[
{
"f":[
{
"c":0,"g":0,"h":1,"i":0,"k":14,"n":0,"t":1,"u":0,"v":0,"w":1,"x":0.011,"y":-1
}
]
},{
"f":[
{
"c":1,"g":0,"h":62.8,"i":-1,"k":-1,"n":0,"o":"mcCollision","t":1,"u":0,"v":0,"w":60,"x":-30,"y":-30
}
]
}
],"n":"gui_hud_pointer_door","r":30
},{
"f":1,"l":[
{
"f":[
{
"c":0,"g":0,"h":1,"i":0,"k":7,"n":0,"t":1,"u":0,"v":0,"w":1,"x":0.011,"y":-1
}
]
},{
"f":[
{
"c":1,"g":0,"h":62.8,"i":-1,"k":-1,"n":0,"o":"mcCollision","t":1,"u":0,"v":0,"w":60,"x":-30,"y":-30
}
]
}
],"n":"gui_hud_pointer_collect_07","r":30
},{
"f":1,"l":[
{
"f":[
{
"c":0,"g":0,"h":1,"i":0,"k":17,"n":0,"t":1,"u":0,"v":0,"w":1,"x":0.011,"y":-1
}
]
},{
"f":[
{
"c":1,"g":0,"h":62.8,"i":-1,"k":-1,"n":0,"o":"mcCollision","t":1,"u":0,"v":0,"w":60,"x":-30,"y":-30
}
]
}
],"n":"gui_hud_pointer_collect_06","r":30
},{
"f":1,"l":[
{
"f":[
{
"c":0,"g":0,"h":1,"i":0,"k":13,"n":0,"t":1,"u":0,"v":0,"w":1,"x":0.011,"y":-1
}
]
},{
"f":[
{
"c":1,"g":0,"h":62.8,"i":-1,"k":-1,"n":0,"o":"mcCollision","t":1,"u":0,"v":0,"w":60,"x":-30,"y":-30
}
]
}
],"n":"gui_hud_pointer_collect_05","r":30
},{
"f":1,"l":[
{
"f":[
{
"c":0,"g":0,"h":1,"i":0,"k":8,"n":0,"t":1,"u":0,"v":0,"w":1,"x":0.011,"y":-1
}
]
},{
"f":[
{
"c":1,"g":0,"h":62.8,"i":-1,"k":-1,"n":0,"o":"mcCollision","t":1,"u":0,"v":0,"w":60,"x":-30,"y":-30
}
]
}
],"n":"gui_hud_pointer_collect_04","r":30
},{
"f":1,"l":[
{
"f":[
{
"c":0,"g":0,"h":1,"i":0,"k":16,"n":0,"t":1,"u":0,"v":0,"w":1,"x":0.011,"y":-1
}
]
},{
"f":[
{
"c":1,"g":0,"h":62.8,"i":-1,"k":-1,"n":0,"o":"mcCollision","t":1,"u":0,"v":0,"w":60,"x":-30,"y":-30
}
]
}
],"n":"gui_hud_pointer_collect_03","r":30
},{
"f":1,"l":[
{
"f":[
{
"c":0,"g":0,"h":1,"i":0,"k":10,"n":0,"t":1,"u":0,"v":0,"w":1,"x":0.011,"y":-1
}
]
},{
"f":[
{
"c":1,"g":0,"h":62.8,"i":-1,"k":-1,"n":0,"o":"mcCollision","t":1,"u":0,"v":0,"w":60,"x":-30,"y":-30
}
]
}
],"n":"gui_hud_pointer_collect_02","r":30
},{
"f":1,"l":[
{
"f":[
{
"c":0,"g":0,"h":1,"i":0,"k":15,"n":0,"t":1,"u":0,"v":0,"w":1,"x":0.011,"y":-1
}
]
},{
"f":[
{
"c":1,"g":0,"h":62.8,"i":-1,"k":-1,"n":0,"o":"mcCollision","t":1,"u":0,"v":0,"w":60,"x":-30,"y":-30
}
]
}
],"n":"gui_hud_pointer_collect_01","r":30
},{
"f":1,"l":[
{
"f":[
{
"c":0,"g":0,"h":1,"i":0,"k":6,"n":0,"t":1,"u":0,"v":0,"w":1,"x":-2,"y":-4.336
}
]
},{
"f":[
{
"c":1,"g":0,"h":76.1,"i":-1,"k":-1,"n":0,"o":"mcCollision","t":1,"u":0,"v":0,"w":59.2,"x":-28.677,"y":-42.423
}
]
}
],"n":"gui_hud_pointer_character06","r":30
},{
"f":1,"l":[
{
"f":[
{
"c":0,"g":0,"h":1,"i":0,"k":5,"n":0,"t":1,"u":0,"v":0,"w":1,"x":-2,"y":-4.336
}
]
},{
"f":[
{
"c":1,"g":0,"h":76,"i":-1,"k":-1,"n":0,"o":"mcCollision","t":1,"u":0,"v":0,"w":68.1,"x":-37.074,"y":-41.72
}
]
}
],"n":"gui_hud_pointer_character05","r":30
},{
"f":1,"l":[
{
"f":[
{
"c":0,"g":0,"h":1,"i":0,"k":3,"n":0,"t":1,"u":0,"v":0,"w":1,"x":-2,"y":-4.336
}
]
},{
"f":[
{
"c":1,"g":0,"h":76.4,"i":-1,"k":-1,"n":0,"o":"mcCollision","t":1,"u":0,"v":0,"w":70,"x":-36.225,"y":-42.34
}
]
}
],"n":"gui_hud_pointer_character04","r":30
},{
"f":1,"l":[
{
"f":[
{
"c":0,"g":0,"h":1,"i":0,"k":12,"n":0,"t":1,"u":0,"v":0,"w":1,"x":-2,"y":-4.336
}
]
},{
"f":[
{
"c":1,"g":0,"h":76.4,"i":-1,"k":-1,"n":0,"o":"mcCollision","t":1,"u":0,"v":0,"w":55.4,"x":-30.794,"y":-42.34
}
]
}
],"n":"gui_hud_pointer_character03","r":30
},{
"f":1,"l":[
{
"f":[
{
"c":0,"g":0,"h":1,"i":0,"k":9,"n":0,"t":1,"u":0,"v":0,"w":1,"x":-2,"y":-4.336
}
]
},{
"f":[
{
"c":1,"g":0,"h":74.7,"i":-1,"k":-1,"n":0,"o":"mcCollision","t":1,"u":0,"v":0,"w":55.5,"x":-28.177,"y":-41.67
}
]
}
],"n":"gui_hud_pointer_character02","r":30
},{
"f":1,"l":[
{
"f":[
{
"c":0,"g":0,"h":1,"i":0,"k":11,"n":0,"t":1,"u":0,"v":0,"w":1,"x":-2,"y":-4.336
}
]
},{
"f":[
{
"c":1,"g":0,"h":75.6,"i":-1,"k":-1,"n":0,"o":"mcCollision","t":1,"u":0,"v":0,"w":52,"x":-27.381,"y":-42.34
}
]
}
],"n":"gui_hud_pointer_character01","r":30
}
],"atlas":[
[
{
"h":100,"n":"","p":0,"q":0,"w":100,"x":1,"y":1
},{
"h":88,"n":"","p":44,"q":44,"w":88,"x":102,"y":1
},{
"h":82,"n":"","p":46,"q":41,"w":91,"x":1,"y":102
},{
"h":75,"n":"","p":35,"q":37,"w":71,"x":93,"y":102
},{
"h":80,"n":"","p":32,"q":40,"w":66,"x":165,"y":102
},{
"h":76,"n":"","p":36,"q":38,"w":69,"x":1,"y":185
},{
"h":76,"n":"","p":26,"q":38,"w":59,"x":191,"y":1
},{
"h":64,"n":"","p":35,"q":32,"w":70,"x":71,"y":185
},{
"h":70,"n":"","p":31,"q":35,"w":62,"x":142,"y":185
},{
"h":75,"n":"","p":27,"q":37,"w":57,"x":1,"y":262
},{
"h":69,"n":"","p":31,"q":34,"w":61,"x":59,"y":262
},{
"h":76,"n":"","p":26,"q":38,"w":54,"x":1,"y":338
},{
"h":75,"n":"","p":28,"q":37,"w":54,"x":1,"y":415
},{
"h":63,"n":"","p":32,"q":28,"w":64,"x":121,"y":262
},{
"h":63,"n":"","p":32,"q":28,"w":63,"x":186,"y":262
},{
"h":66,"n":"","p":29,"q":31,"w":59,"x":59,"y":332
},{
"h":55,"n":"","p":32,"q":20,"w":64,"x":119,"y":332
},{
"h":51,"n":"","p":29,"q":16,"w":59,"x":59,"y":399
},{
"h":82,"n":"","p":20,"q":20,"w":33,"x":119,"y":388
},{
"h":42,"n":"","p":22,"q":21,"w":45,"x":205,"y":185
},{
"h":30,"n":"","p":15,"q":15,"w":30,"x":205,"y":228
}
]
],"meta":{
"atlas":[
"outofcamera_image_0.png"
]
}
}
