{
"animations":[
{
"f":20,"l":[
{
"f":[
{
"c":0,"g":0,"h":1,"i":0,"k":15,"n":0,"p":12,"t":1,"u":0,"v":0,"w":1,"x":0.167,"y":-0.801
},{
"c":0,"g":0,"h":1.02,"i":0,"k":15,"n":12,"p":19,"t":1,"u":0,"v":0,"w":1.02,"x":0.167,"y":-2.801
},{
"c":0,"g":0,"h":1,"i":0,"k":15,"n":19,"t":1,"u":0,"v":0,"w":1,"x":0.167,"y":-0.801
}
]
},{
"f":[
{
"c":1,"g":0,"h":97.1,"i":-1,"k":-1,"n":0,"o":"mcCollision","t":1,"u":0,"v":0,"w":97.1,"x":-48.371,"y":-48.41
}
]
}
],"n":"mcItemStrikeWave_stand","r":30
},{
"f":15,"l":[
{
"f":[
{
"c":0,"g":0,"h":1,"i":0,"k":15,"n":0,"p":14,"t":1,"u":0,"v":0,"w":1,"x":0.167,"y":-0.801
},{
"c":0,"g":0,"h":2,"i":0,"k":15,"n":14,"t":0,"u":0,"v":0,"w":2,"x":0.167,"y":-0.801
}
]
}
],"n":"mcItemStrikeWave_fx","r":30
},{
"f":18,"l":[
{
"f":[
{
"c":0,"g":0,"h":1.287,"i":0,"k":6,"n":0,"p":9,"t":1,"u":0,"v":0,"w":1.287,"x":-0.448,"y":-1.104
},{
"c":0,"g":0,"h":1.08,"i":0,"k":6,"n":9,"p":17,"t":0.784,"u":0,"v":0,"w":1.08,"x":-0.448,"y":-1.104
},{
"c":0,"g":0,"h":1.287,"i":0,"k":6,"n":17,"t":1,"u":0,"v":0,"w":1.287,"x":-0.448,"y":-1.104
}
]
},{
"f":[
{
"c":0,"g":0,"h":1,"i":0,"k":19,"n":0,"t":1,"u":0,"v":0,"w":1,"x":0,"y":0
},{
"c":0,"g":0,"h":1,"i":0,"k":21,"n":3,"t":1,"u":0,"v":0,"w":1,"x":0,"y":0
},{
"c":0,"g":0,"h":1,"i":0,"k":23,"n":6,"t":1,"u":0,"v":0,"w":1,"x":0,"y":0
},{
"c":0,"g":0,"h":1,"i":0,"k":25,"n":9,"t":1,"u":0,"v":0,"w":1,"x":0,"y":0
},{
"c":0,"g":0,"h":1,"i":0,"k":23,"n":12,"t":1,"u":0,"v":0,"w":-1,"x":2,"y":0
},{
"c":0,"g":0,"h":1,"i":0,"k":21,"n":15,"t":1,"u":0,"v":0,"w":-1,"x":2,"y":0
}
]
},{
"f":[
{
"c":1,"g":0,"h":49.5,"i":-1,"k":-1,"n":0,"o":"mcCollision","t":1,"u":0,"v":0,"w":49.5,"x":-24.697,"y":-24.188
}
]
}
],"n":"mcItemShield_stand","r":30
},{
"f":18,"l":[
{
"f":[
{
"c":0,"g":0,"h":1,"i":0,"k":19,"n":0,"t":1,"u":0,"v":0,"w":1,"x":0,"y":0
},{
"c":0,"g":0,"h":1,"i":0,"k":21,"n":3,"t":1,"u":0,"v":0,"w":1,"x":0,"y":0
},{
"c":0,"g":0,"h":1,"i":0,"k":23,"n":6,"t":1,"u":0,"v":0,"w":1,"x":0,"y":0
},{
"c":0,"g":0,"h":1,"i":0,"k":25,"n":9,"t":1,"u":0,"v":0,"w":1,"x":0,"y":0
},{
"c":0,"g":0,"h":1,"i":0,"k":23,"n":12,"t":1,"u":0,"v":0,"w":-1,"x":2,"y":0
},{
"c":0,"g":0,"h":1,"i":0,"k":21,"n":15,"t":1,"u":0,"v":0,"w":-1,"x":2,"y":0
}
]
},{
"f":[
{
"c":1,"g":0,"h":49.5,"i":-1,"k":-1,"n":0,"o":"mcCollision","t":1,"u":0,"v":0,"w":49.5,"x":-24.697,"y":-24.188
}
]
}
],"n":"mcItemShield_hud","r":30
},{
"f":15,"l":[
{
"f":[
{
"c":0,"g":0,"h":0.819,"i":0,"k":6,"n":0,"p":9,"t":1,"u":0,"v":0,"w":0.819,"x":0.552,"y":-1.104
},{
"c":0,"g":0,"h":0.414,"i":0,"k":6,"n":9,"t":0,"u":0,"v":0,"w":0.414,"x":0.552,"y":0
}
]
},{
"f":[
{
"c":0,"g":0,"h":1,"i":0,"k":19,"n":0,"p":14,"t":1,"u":0,"v":0,"w":1,"x":0,"y":0
},{
"c":0,"g":0,"h":2,"i":0,"k":19,"n":14,"t":0,"u":0,"v":0,"w":2,"x":0,"y":0
}
]
}
],"n":"mcItemShield_fx","r":30
},{
"f":20,"l":[
{
"f":[
{
"c":0,"g":0,"h":1,"i":0,"k":14,"n":0,"p":12,"t":1,"u":0,"v":0,"w":1,"x":6.948,"y":0.928
},{
"c":0,"g":0,"h":1.02,"i":0,"k":14,"n":12,"p":19,"t":1,"u":0,"v":0,"w":1.02,"x":6.948,"y":-1.072
},{
"c":0,"g":0,"h":1,"i":0,"k":14,"n":19,"t":1,"u":0,"v":0,"w":1,"x":6.948,"y":0.928
}
]
},{
"f":[
{
"c":1,"g":0,"h":97.1,"i":-1,"k":-1,"n":0,"o":"mcCollision","t":1,"u":0,"v":0,"w":97.1,"x":-48.371,"y":-48.41
}
]
}
],"n":"mcItemPerfectDeflect_stand","r":30
},{
"f":15,"l":[
{
"f":[
{
"c":0,"g":0,"h":1,"i":0,"k":14,"n":0,"p":14,"t":1,"u":0,"v":0,"w":1,"x":6.948,"y":0.928
},{
"c":0,"g":0,"h":2,"i":0,"k":14,"n":14,"t":0,"u":0,"v":0,"w":2,"x":6.948,"y":0.928
}
]
}
],"n":"mcItemPerfectDeflect_fx","r":30
},{
"f":20,"l":[
{
"f":[
{
"c":0,"g":0,"h":1,"i":0,"k":16,"n":0,"p":12,"t":1,"u":0,"v":0,"w":1,"x":-0.458,"y":-0.76
},{
"c":0,"g":0,"h":1.02,"i":0,"k":16,"n":12,"p":19,"t":1,"u":0,"v":0,"w":1.02,"x":-0.458,"y":-2.76
},{
"c":0,"g":0,"h":1,"i":0,"k":16,"n":19,"t":1,"u":0,"v":0,"w":1,"x":-0.458,"y":-0.76
}
]
},{
"f":[
{
"c":1,"g":0,"h":97.1,"i":-1,"k":-1,"n":0,"o":"mcCollision","t":1,"u":0,"v":0,"w":97.1,"x":-48.371,"y":-48.41
}
]
}
],"n":"mcItemMultiBlaster_stand","r":30
},{
"f":15,"l":[
{
"f":[
{
"c":0,"g":0,"h":1,"i":0,"k":16,"n":0,"p":14,"t":1,"u":0,"v":0,"w":1,"x":-0.458,"y":-0.76
},{
"c":0,"g":0,"h":2,"i":0,"k":16,"n":14,"t":0,"u":0,"v":0,"w":2,"x":-0.458,"y":-0.76
}
]
}
],"n":"mcItemMultiBlaster_fx","r":30
},{
"f":18,"l":[
{
"f":[
{
"c":0,"g":0,"h":1.701,"i":0,"k":9,"n":0,"p":9,"t":1,"u":0,"v":0,"w":1.701,"x":2.595,"y":0.106
},{
"c":0,"g":0,"h":1.474,"i":0,"k":9,"n":9,"p":17,"t":0.784,"u":0,"v":0,"w":1.474,"x":2.595,"y":0.106
},{
"c":0,"g":0,"h":1.701,"i":0,"k":9,"n":17,"t":1,"u":0,"v":0,"w":1.701,"x":2.595,"y":0.106
}
]
},{
"f":[
{
"c":0,"g":0,"h":1.5,"i":0,"k":18,"n":0,"t":1,"u":0,"v":0,"w":1.5,"x":2.551,"y":0.534
},{
"c":0,"g":0,"h":1.5,"i":0,"k":20,"n":3,"t":1,"u":0,"v":0,"w":1.5,"x":2.551,"y":0.534
},{
"c":0,"g":0,"h":1.5,"i":0,"k":22,"n":6,"t":1,"u":0,"v":0,"w":1.5,"x":2.551,"y":0.534
},{
"c":0,"g":0,"h":1.5,"i":0,"k":24,"n":9,"t":1,"u":0,"v":0,"w":1.5,"x":2.551,"y":0.534
},{
"c":0,"g":0,"h":1.5,"i":0,"k":22,"n":12,"t":1,"u":0,"v":0,"w":-1.5,"x":4.432,"y":0.534
},{
"c":0,"g":0,"h":1.5,"i":0,"k":20,"n":15,"t":1,"u":0,"v":0,"w":-1.5,"x":4.432,"y":0.534
}
]
},{
"f":[
{
"c":1,"g":0,"h":49.8,"i":-1,"k":-1,"n":0,"o":"mcCollision","t":1,"u":0,"v":0,"w":49.8,"x":-23.438,"y":-25.158
}
]
}
],"n":"mcItemHealth_stand","r":30
},{
"f":16,"l":[
{
"f":[
{
"c":0,"g":0,"h":1.5,"i":0,"k":9,"n":0,"p":15,"t":1,"u":0,"v":0,"w":1.5,"x":2,"y":0
},{
"c":0,"g":0,"h":3.612,"i":0,"k":9,"n":15,"t":0,"u":0,"v":0,"w":3.612,"x":-0.6,"y":1.625
}
]
},{
"f":[
{
"c":0,"g":0,"h":1,"i":0,"k":18,"n":0,"p":15,"t":1,"u":0,"v":0,"w":1,"x":2,"y":0
},{
"c":0,"g":0,"h":2.167,"i":0,"k":18,"n":15,"t":0,"u":0,"v":0,"w":2.167,"x":-0.599,"y":1.625
}
]
}
],"n":"mcItemHealth_fx","r":30
},{
"f":20,"l":[
{
"f":[
{
"c":0,"g":0,"h":1,"i":0,"k":13,"n":0,"p":12,"t":1,"u":0,"v":0,"w":1,"x":2.5,"y":-1
},{
"c":0,"g":0,"h":1.02,"i":0,"k":13,"n":12,"p":19,"t":1,"u":0,"v":0,"w":1.02,"x":2.5,"y":-3
},{
"c":0,"g":0,"h":1,"i":0,"k":13,"n":19,"t":1,"u":0,"v":0,"w":1,"x":2.5,"y":-1
}
]
},{
"f":[
{
"c":1,"g":0,"h":97.1,"i":-1,"k":-1,"n":0,"o":"mcCollision","t":1,"u":0,"v":0,"w":97.1,"x":-48.371,"y":-48.41
}
]
}
],"n":"mcItemExplosiveBlaster_stand","r":30
},{
"f":15,"l":[
{
"f":[
{
"c":0,"g":0,"h":1,"i":0,"k":13,"n":0,"p":14,"t":1,"u":0,"v":0,"w":1,"x":2.5,"y":-1
},{
"c":0,"g":0,"h":2,"i":0,"k":13,"n":14,"t":0,"u":0,"v":0,"w":2,"x":2.5,"y":-1
}
]
}
],"n":"mcItemExplosiveBlaster_fx","r":30
},{
"f":18,"l":[
{
"f":[
{
"c":0,"g":0,"h":1.5,"i":0,"k":17,"n":0,"p":9,"t":1,"u":0,"v":0,"w":1.5,"x":2.696,"y":0.608
},{
"c":0,"g":0,"h":1.3,"i":0,"k":17,"n":9,"p":17,"t":0.784,"u":0,"v":0,"w":1.3,"x":2.696,"y":0.609
},{
"c":0,"g":0,"h":1.5,"i":0,"k":17,"n":17,"t":1,"u":0,"v":0,"w":1.5,"x":2.696,"y":0.608
}
]
},{
"f":[
{
"c":0,"g":0,"h":0.9,"i":0,"k":18,"n":0,"t":1,"u":0,"v":0,"w":0.9,"x":2.552,"y":0.535
},{
"c":0,"g":0,"h":0.9,"i":0,"k":20,"n":3,"t":1,"u":0,"v":0,"w":0.9,"x":2.552,"y":0.535
},{
"c":0,"g":0,"h":0.9,"i":0,"k":22,"n":6,"t":1,"u":0,"v":0,"w":0.9,"x":2.552,"y":0.535
},{
"c":0,"g":0,"h":0.9,"i":0,"k":24,"n":9,"t":1,"u":0,"v":0,"w":0.9,"x":2.552,"y":0.535
},{
"c":0,"g":0,"h":0.9,"i":0,"k":22,"n":12,"t":1,"u":0,"v":0,"w":-0.9,"x":4.433,"y":0.535
},{
"c":0,"g":0,"h":0.9,"i":0,"k":20,"n":15,"t":1,"u":0,"v":0,"w":-0.9,"x":4.433,"y":0.535
}
]
},{
"f":[
{
"c":1,"g":0,"h":110,"i":-1,"k":-1,"n":0,"o":"mcCollision","t":1,"u":0,"v":0,"w":180,"x":-90,"y":-85.809
}
]
}
],"n":"mcItemDropHealth_stand","r":30
},{
"f":16,"l":[
{
"f":[
{
"c":0,"g":0,"h":1.5,"i":0,"k":17,"n":0,"p":15,"t":1,"u":0,"v":0,"w":1.5,"x":2,"y":0
},{
"c":0,"g":0,"h":3.612,"i":0,"k":17,"n":15,"t":0,"u":0,"v":0,"w":3.612,"x":-0.6,"y":1.625
}
]
},{
"f":[
{
"c":0,"g":0,"h":0.9,"i":0,"k":18,"n":0,"p":15,"t":1,"u":0,"v":0,"w":0.9,"x":2,"y":0
},{
"c":0,"g":0,"h":2.167,"i":0,"k":18,"n":15,"t":0,"u":0,"v":0,"w":2.167,"x":-0.599,"y":1.625
}
]
}
],"n":"mcItemDropHealth_fx","r":30
},{
"f":19,"l":[
{
"f":[
{
"c":0,"g":0,"h":1.5,"i":0,"k":17,"n":0,"p":9,"t":1,"u":0,"v":0,"w":1.5,"x":2.696,"y":0.608
},{
"c":0,"g":0,"h":1.3,"i":0,"k":17,"n":9,"p":18,"t":0.784,"u":0,"v":0,"w":1.3,"x":2.696,"y":0.609
},{
"c":0,"g":0,"h":1.5,"i":0,"k":17,"n":18,"t":0,"u":0,"v":0,"w":1.5,"x":2.696,"y":0.608
}
]
},{
"f":[
{
"c":0,"g":0,"h":0.9,"i":0,"k":18,"n":0,"t":1,"u":0,"v":0,"w":0.9,"x":2.552,"y":0.535
},{
"c":0,"g":0,"h":0.9,"i":0,"k":20,"n":3,"t":1,"u":0,"v":0,"w":0.9,"x":2.552,"y":0.535
},{
"c":0,"g":0,"h":0.9,"i":0,"k":22,"n":6,"t":1,"u":0,"v":0,"w":0.9,"x":2.552,"y":0.535
},{
"c":0,"g":0,"h":0.9,"i":0,"k":24,"n":9,"t":0.784,"u":0,"v":0,"w":0.9,"x":2.552,"y":0.535
},{
"c":0,"g":0,"h":0.9,"i":0,"k":22,"n":12,"t":0.392,"u":0,"v":0,"w":-0.9,"x":4.433,"y":0.535
},{
"c":0,"g":0,"h":0.9,"i":0,"k":20,"n":15,"p":18,"t":0.392,"u":0,"v":0,"w":-0.9,"x":4.433,"y":0.535
},{
"c":0,"g":0,"h":0.9,"i":0,"k":20,"n":18,"t":0,"u":0,"v":0,"w":-0.9,"x":4.433,"y":0.535
}
]
},{
"f":[
{
"c":1,"g":0,"h":74.2,"i":-1,"k":-1,"n":0,"o":"mcCollision","t":1,"u":0,"v":0,"w":74.2,"x":-37.612,"y":-36.586
}
]
}
],"n":"mcItemDropHealth_fading","r":30
},{
"f":52,"l":[
{
"f":[
{
"c":0,"g":101.47,"h":1,"i":0,"k":4,"n":0,"p":5,"t":1,"u":-1.11,"v":-0.916,"w":1,"x":-1.4,"y":-0.13
},{
"c":0,"g":103.07,"h":1,"i":0,"k":4,"n":5,"p":19,"t":1,"u":-1.11,"v":-0.916,"w":1,"x":-1.424,"y":-0.162
},{
"c":0,"g":114.26,"h":1,"i":0,"k":4,"n":19,"p":25,"t":1,"u":-1.11,"v":-0.916,"w":1,"x":-1.571,"y":-0.401
},{
"c":0,"g":116.65,"h":1,"i":0,"k":4,"n":25,"p":31,"t":1,"u":-1.11,"v":-0.916,"w":1,"x":-1.598,"y":-0.456
},{
"c":0,"g":114.48,"h":1,"i":0,"k":4,"n":31,"p":46,"t":1,"u":-1.11,"v":-0.916,"w":1,"x":-1.575,"y":-0.406
},{
"c":0,"g":103.64,"h":1,"i":0,"k":4,"n":46,"p":51,"t":1,"u":-1.11,"v":-0.916,"w":1,"x":-1.433,"y":-0.174
},{
"c":0,"g":101.47,"h":1,"i":0,"k":4,"n":51,"t":1,"u":-1.11,"v":-0.916,"w":1,"x":-1.4,"y":-0.13
}
]
},{
"f":[
{
"c":1,"g":0,"h":33.6,"i":-1,"k":-1,"n":0,"o":"mcCollision","t":1,"u":0,"v":0,"w":36,"x":-18.398,"y":-16.288
}
]
}
],"n":"mcEnviromentProjectil_3_4","r":30
},{
"f":43,"l":[
{
"f":[
{
"c":0,"g":23.19,"h":1,"i":0,"k":11,"n":0,"p":42,"t":1,"u":-1.11,"v":-0.916,"w":1,"x":0.66,"y":0.78
},{
"c":0,"g":369.18,"h":1,"i":0,"k":11,"n":42,"t":1,"u":1.848,"v":-3.029,"w":1,"x":1.691,"y":-1.804
}
]
},{
"f":[
{
"c":1,"g":0,"h":33.6,"i":-1,"k":-1,"n":0,"o":"mcCollision","t":1,"u":0,"v":0,"w":36,"x":-18.398,"y":-16.288
}
]
}
],"n":"mcEnviromentProjectil_3_3","r":30
},{
"f":33,"l":[
{
"f":[
{
"c":0,"g":-11.75,"h":1,"i":0,"k":12,"n":0,"p":32,"t":1,"u":8.059,"v":4.568,"w":1,"x":2.702,"y":-4.845
},{
"c":0,"g":329.87,"h":1,"i":0,"k":12,"n":32,"t":1,"u":9.241,"v":5.664,"w":1,"x":3.688,"y":-2.276
}
]
},{
"f":[
{
"c":1,"g":0,"h":33.6,"i":-1,"k":-1,"n":0,"o":"mcCollision","t":1,"u":0,"v":0,"w":36,"x":-18.398,"y":-16.288
}
]
}
],"n":"mcEnviromentProjectil_3_2","r":30
},{
"f":33,"l":[
{
"f":[
{
"c":0,"g":-11.75,"h":1,"i":0,"k":10,"n":0,"p":32,"t":1,"u":-1.11,"v":-0.916,"w":1,"x":2.702,"y":2.153
},{
"c":0,"g":330,"h":1,"i":0,"k":10,"n":32,"t":1,"u":-1.11,"v":-0.916,"w":1,"x":2.849,"y":1.721
}
]
},{
"f":[
{
"c":1,"g":0,"h":33.6,"i":-1,"k":-1,"n":0,"o":"mcCollision","t":1,"u":0,"v":0,"w":36,"x":-18.398,"y":-16.288
}
]
}
],"n":"mcEnviromentProjectil_3_1","r":30
},{
"f":33,"l":[
{
"f":[
{
"c":0,"g":-11.75,"h":1,"i":0,"k":8,"n":0,"p":32,"t":1,"u":-1.11,"v":-0.916,"w":1,"x":2.702,"y":2.153
},{
"c":0,"g":330,"h":1,"i":0,"k":8,"n":32,"t":1,"u":-1.11,"v":-0.916,"w":1,"x":2.849,"y":1.721
}
]
},{
"f":[
{
"c":1,"g":0,"h":33.6,"i":-1,"k":-1,"n":0,"o":"mcCollision","t":1,"u":0,"v":0,"w":36,"x":-18.398,"y":-16.288
}
]
}
],"n":"mcEnviromentProjectil_2_4","r":30
},{
"f":60,"l":[
{
"f":[
{
"c":0,"g":-11.75,"h":1,"i":0,"k":0,"n":0,"p":5,"t":1,"u":-1.11,"v":-0.916,"w":1,"x":-7.295,"y":11.153
},{
"c":0,"g":-13.6,"h":1,"i":0,"k":0,"n":5,"p":21,"t":1,"u":-1.11,"v":-0.916,"w":1,"x":-7.275,"y":11.112
},{
"c":0,"g":-23.49,"h":1,"i":0,"k":0,"n":21,"p":28,"t":1,"u":-1.11,"v":-0.916,"w":1,"x":-7.186,"y":10.881
},{
"c":0,"g":-25.96,"h":1,"i":0,"k":0,"n":28,"p":35,"t":1,"u":-1.11,"v":-0.916,"w":1,"x":-7.17,"y":10.821
},{
"c":0,"g":-24.18,"h":1,"i":0,"k":0,"n":35,"p":53,"t":1,"u":-1.11,"v":-0.916,"w":1,"x":-7.18,"y":10.864
},{
"c":0,"g":-13.53,"h":1,"i":0,"k":0,"n":53,"p":59,"t":1,"u":-1.11,"v":-0.916,"w":1,"x":-7.275,"y":11.114
},{
"c":0,"g":-11.75,"h":1,"i":0,"k":0,"n":59,"t":1,"u":-1.11,"v":-0.916,"w":1,"x":-7.295,"y":11.153
}
]
},{
"f":[
{
"c":1,"g":0,"h":33.6,"i":-1,"k":-1,"n":0,"o":"mcCollision","t":1,"u":0,"v":0,"w":36,"x":-18.398,"y":-16.288
}
]
}
],"n":"mcEnviromentProjectil_2_3","r":30
},{
"f":41,"l":[
{
"f":[
{
"c":0,"g":23.19,"h":1,"i":0,"k":4,"n":0,"p":40,"t":1,"u":-1.11,"v":-0.916,"w":1,"x":0.66,"y":0.78
},{
"c":0,"g":369.18,"h":1,"i":0,"k":4,"n":40,"t":1,"u":1.848,"v":-3.029,"w":1,"x":1.691,"y":-1.804
}
]
},{
"f":[
{
"c":1,"g":0,"h":33.6,"i":-1,"k":-1,"n":0,"o":"mcCollision","t":1,"u":0,"v":0,"w":36,"x":-18.398,"y":-16.288
}
]
}
],"n":"mcEnviromentProjectil_2_2","r":30
},{
"f":43,"l":[
{
"f":[
{
"c":0,"g":23.19,"h":1,"i":0,"k":11,"n":0,"p":42,"t":1,"u":-1.11,"v":-0.916,"w":1,"x":0.66,"y":0.78
},{
"c":0,"g":369.18,"h":1,"i":0,"k":11,"n":42,"t":1,"u":1.848,"v":-3.029,"w":1,"x":1.691,"y":-1.804
}
]
},{
"f":[
{
"c":1,"g":0,"h":33.6,"i":-1,"k":-1,"n":0,"o":"mcCollision","t":1,"u":0,"v":0,"w":36,"x":-18.398,"y":-16.288
}
]
}
],"n":"mcEnviromentProjectil_2_1","r":30
},{
"f":29,"l":[
{
"f":[
{
"c":0,"g":3.94,"h":1,"i":0,"k":5,"n":0,"p":28,"t":1,"u":0,"v":0,"w":1,"x":1.2,"y":0.825
},{
"c":0,"g":349.48,"h":1,"i":0,"k":5,"n":28,"t":1,"u":0,"v":0,"w":1,"x":1.2,"y":0.824
}
]
},{
"f":[
{
"c":1,"g":0,"h":33.6,"i":-1,"k":-1,"n":0,"o":"mcCollision","t":1,"u":0,"v":0,"w":36,"x":-18.398,"y":-16.288
}
]
}
],"n":"mcEnviromentProjectil_1_4","r":30
},{
"f":37,"l":[
{
"f":[
{
"c":0,"g":48.87,"h":1,"i":0,"k":1,"n":0,"p":4,"t":1,"u":0,"v":0,"w":1,"x":1.2,"y":0.825
},{
"c":0,"g":51.37,"h":1,"i":0,"k":1,"n":4,"p":12,"t":1,"u":0,"v":0,"w":1,"x":1.2,"y":0.825
},{
"c":0,"g":61.37,"h":1,"i":0,"k":1,"n":12,"p":17,"t":1,"u":0,"v":0,"w":1,"x":1.2,"y":0.824
},{
"c":0,"g":65.12,"h":1,"i":0,"k":1,"n":17,"p":22,"t":1,"u":0,"v":0,"w":1,"x":1.199,"y":0.825
},{
"c":0,"g":62.8,"h":1,"i":0,"k":1,"n":22,"p":32,"t":1,"u":0,"v":0,"w":1,"x":1.2,"y":0.825
},{
"c":0,"g":51.19,"h":1,"i":0,"k":1,"n":32,"p":36,"t":1,"u":0,"v":0,"w":1,"x":1.2,"y":0.825
},{
"c":0,"g":48.87,"h":1,"i":0,"k":1,"n":36,"t":1,"u":0,"v":0,"w":1,"x":1.2,"y":0.825
}
]
},{
"f":[
{
"c":1,"g":0,"h":33.6,"i":-1,"k":-1,"n":0,"o":"mcCollision","t":1,"u":0,"v":0,"w":36,"x":-18.398,"y":-16.288
}
]
}
],"n":"mcEnviromentProjectil_1_3","r":30
},{
"f":46,"l":[
{
"f":[
{
"c":0,"g":-9.86,"h":1,"i":0,"k":3,"n":0,"p":5,"t":1,"u":0,"v":0,"w":1,"x":1.221,"y":0.741
},{
"c":0,"g":-7.73,"h":1,"i":0,"k":3,"n":5,"p":17,"t":1,"u":0,"v":0,"w":1,"x":1.221,"y":0.741
},{
"c":0,"g":5.15,"h":1,"i":0,"k":3,"n":17,"p":22,"t":1,"u":0,"v":0,"w":1,"x":1.221,"y":0.741
},{
"c":0,"g":9.44,"h":1,"i":0,"k":3,"n":22,"p":27,"t":1,"u":0,"v":0,"w":1,"x":1.22,"y":0.741
},{
"c":0,"g":5.58,"h":1,"i":0,"k":3,"n":27,"p":39,"t":1,"u":0,"v":0,"w":1,"x":1.22,"y":0.741
},{
"c":0,"g":-6.78,"h":1,"i":0,"k":3,"n":39,"p":45,"t":1,"u":0,"v":0,"w":1,"x":1.221,"y":0.741
},{
"c":0,"g":-9.86,"h":1,"i":0,"k":3,"n":45,"t":1,"u":0,"v":0,"w":1,"x":1.221,"y":0.741
}
]
},{
"f":[
{
"c":1,"g":0,"h":33.6,"i":-1,"k":-1,"n":0,"o":"mcCollision","t":1,"u":0,"v":0,"w":36,"x":-18.398,"y":-16.288
}
]
}
],"n":"mcEnviromentProjectil_1_2","r":30
},{
"f":52,"l":[
{
"f":[
{
"c":0,"g":23.19,"h":1,"i":0,"k":2,"n":0,"p":5,"t":1,"u":-7.175,"v":-2.25,"w":1,"x":0.66,"y":0.78
},{
"c":0,"g":22.07,"h":1,"i":0,"k":2,"n":5,"p":20,"t":1,"u":-7.175,"v":-2.25,"w":1,"x":0.753,"y":0.667
},{
"c":0,"g":13.7,"h":1,"i":0,"k":2,"n":20,"p":26,"t":1,"u":-7.175,"v":-2.25,"w":1,"x":1.389,"y":-0.228
},{
"c":0,"g":11.47,"h":1,"i":0,"k":2,"n":26,"p":31,"t":1,"u":-7.175,"v":-2.25,"w":1,"x":1.535,"y":-0.482
},{
"c":0,"g":13.22,"h":1,"i":0,"k":2,"n":31,"p":45,"t":1,"u":-7.175,"v":-2.25,"w":1,"x":1.421,"y":-0.281
},{
"c":0,"g":21.43,"h":1,"i":0,"k":2,"n":45,"p":51,"t":1,"u":-7.175,"v":-2.25,"w":1,"x":0.807,"y":0.602
},{
"c":0,"g":23.19,"h":1,"i":0,"k":2,"n":51,"t":1,"u":-7.175,"v":-2.25,"w":1,"x":0.66,"y":0.78
}
]
},{
"f":[
{
"c":1,"g":0,"h":33.6,"i":-1,"k":-1,"n":0,"o":"mcCollision","t":1,"u":0,"v":0,"w":36,"x":-18.398,"y":-16.288
}
]
}
],"n":"mcEnviromentProjectil_1_1","r":30
}
],"atlas":[
[
{
"h":142,"n":"","p":53,"q":71,"w":104,"x":1,"y":1
},{
"h":85,"n":"","p":86,"q":43,"w":172,"x":106,"y":1
},{
"h":78,"n":"","p":76,"q":39,"w":151,"x":279,"y":1
},{
"h":98,"n":"","p":57,"q":49,"w":114,"x":106,"y":87
},{
"h":155,"n":"","p":35,"q":78,"w":70,"x":1,"y":144
},{
"h":154,"n":"","p":35,"q":77,"w":69,"x":1,"y":300
},{
"h":100,"n":"","p":50,"q":50,"w":100,"x":106,"y":186
},{
"h":100,"n":"","p":0,"q":0,"w":100,"x":106,"y":287
},{
"h":149,"n":"","p":31,"q":76,"w":60,"x":207,"y":186
},{
"h":91,"n":"","p":46,"q":43,"w":93,"x":221,"y":87
},{
"h":64,"n":"","p":65,"q":32,"w":129,"x":315,"y":87
},{
"h":144,"n":"","p":28,"q":72,"w":56,"x":207,"y":336
},{
"h":106,"n":"","p":34,"q":53,"w":68,"x":106,"y":388
},{
"h":83,"n":"","p":42,"q":42,"w":83,"x":268,"y":186
},{
"h":83,"n":"","p":42,"q":42,"w":83,"x":352,"y":186
},{
"h":83,"n":"","p":42,"q":42,"w":83,"x":268,"y":270
},{
"h":82,"n":"","p":42,"q":41,"w":83,"x":268,"y":354
},{
"h":58,"n":"","p":27,"q":29,"w":58,"x":431,"y":1
},{
"h":38,"n":"","p":18,"q":17,"w":40,"x":1,"y":455
},{
"h":36,"n":"","p":17,"q":19,"w":34,"x":71,"y":300
},{
"h":38,"n":"","p":14,"q":17,"w":32,"x":72,"y":144
},{
"h":36,"n":"","p":16,"q":19,"w":30,"x":72,"y":183
},{
"h":39,"n":"","p":11,"q":18,"w":22,"x":72,"y":220
},{
"h":36,"n":"","p":8,"q":19,"w":17,"x":72,"y":260
},{
"h":39,"n":"","p":3,"q":18,"w":9,"x":95,"y":220
},{
"h":36,"n":"","p":3,"q":19,"w":7,"x":90,"y":260
}
]
],"meta":{
"atlas":[
"pups_drops_image_0.png"
]
}
}
