{
"animations":[

],"atlas":[
[
{
"h":512,"n":"planet2_tileset_background1_4","p":0,"q":0,"w":512,"x":1,"y":1
},{
"h":256,"n":"planet2_tileset_background2_3","p":-33,"q":0,"w":223,"x":514,"y":1
},{
"h":198,"n":"planet2_tileset_background2_1","p":0,"q":-58,"w":256,"x":738,"y":1
},{
"h":256,"n":"planet2_tileset_background2_6","p":-58,"q":0,"w":159,"x":738,"y":200
},{
"h":198,"n":"planet2_tileset_background2_2","p":0,"q":-58,"w":187,"x":514,"y":258
},{
"h":192,"n":"light2","p":95,"q":96,"w":191,"x":1,"y":514
},{
"h":110,"n":"fg_7","p":125,"q":55,"w":249,"x":193,"y":514
},{
"h":256,"n":"planet2_tileset_background2_5","p":-97,"q":0,"w":82,"x":898,"y":200
},{
"h":100,"n":"fg_6","p":88,"q":50,"w":176,"x":1,"y":707
},{
"h":180,"n":"fg_4","p":49,"q":90,"w":97,"x":1,"y":808
},{
"h":96,"n":"planet2_tileset_tile_39_9","p":0,"q":0,"w":96,"x":193,"y":625
},{
"h":96,"n":"planet2_tileset_tile_39_6","p":0,"q":0,"w":96,"x":290,"y":625
},{
"h":96,"n":"planet2_tileset_tile_39_3","p":0,"q":0,"w":96,"x":193,"y":722
},{
"h":96,"n":"planet2_tileset_tile_39_2","p":0,"q":0,"w":96,"x":290,"y":722
},{
"h":96,"n":"planet2_tileset_tile_39_1","p":0,"q":0,"w":96,"x":193,"y":819
},{
"h":96,"n":"planet2_tileset_tile_38_9","p":0,"q":0,"w":96,"x":193,"y":916
},{
"h":96,"n":"planet2_tileset_tile_38_6","p":0,"q":0,"w":96,"x":290,"y":819
},{
"h":96,"n":"planet2_tileset_tile_38_5","p":0,"q":0,"w":96,"x":290,"y":916
},{
"h":96,"n":"planet2_tileset_tile_38_4","p":0,"q":0,"w":96,"x":443,"y":514
},{
"h":96,"n":"planet2_tileset_tile_38_3","p":0,"q":0,"w":96,"x":443,"y":611
},{
"h":96,"n":"planet2_tileset_tile_38_2","p":0,"q":0,"w":96,"x":443,"y":708
},{
"h":96,"n":"planet2_tileset_tile_38_1","p":0,"q":0,"w":96,"x":443,"y":805
},{
"h":96,"n":"planet2_tileset_tile_37_9","p":0,"q":0,"w":96,"x":443,"y":902
},{
"h":96,"n":"planet2_tileset_tile_37_6","p":0,"q":0,"w":96,"x":540,"y":514
},{
"h":96,"n":"planet2_tileset_tile_37_5","p":0,"q":0,"w":96,"x":637,"y":514
},{
"h":96,"n":"planet2_tileset_tile_37_4","p":0,"q":0,"w":96,"x":734,"y":514
},{
"h":96,"n":"planet2_tileset_tile_37_3","p":0,"q":0,"w":96,"x":831,"y":514
},{
"h":96,"n":"planet2_tileset_tile_37_2","p":0,"q":0,"w":96,"x":928,"y":514
},{
"h":96,"n":"planet2_tileset_tile_37_1","p":0,"q":0,"w":96,"x":540,"y":611
},{
"h":96,"n":"planet2_tileset_tile_36_9","p":0,"q":0,"w":96,"x":540,"y":708
},{
"h":96,"n":"planet2_tileset_tile_36_6","p":0,"q":0,"w":96,"x":540,"y":805
},{
"h":96,"n":"planet2_tileset_tile_36_5","p":0,"q":0,"w":96,"x":540,"y":902
},{
"h":96,"n":"planet2_tileset_tile_36_4","p":0,"q":0,"w":96,"x":637,"y":611
},{
"h":96,"n":"planet2_tileset_tile_36_3","p":0,"q":0,"w":96,"x":734,"y":611
},{
"h":96,"n":"planet2_tileset_tile_36_2","p":0,"q":0,"w":96,"x":831,"y":611
},{
"h":96,"n":"planet2_tileset_tile_36_1","p":0,"q":0,"w":96,"x":928,"y":611
},{
"h":96,"n":"planet2_tileset_tile_35_8","p":0,"q":0,"w":96,"x":637,"y":708
},{
"h":96,"n":"planet2_tileset_tile_35_7","p":0,"q":0,"w":96,"x":637,"y":805
},{
"h":96,"n":"planet2_tileset_tile_35_3","p":0,"q":0,"w":96,"x":637,"y":902
},{
"h":96,"n":"planet2_tileset_tile_35_2","p":0,"q":0,"w":96,"x":734,"y":708
},{
"h":96,"n":"planet2_tileset_tile_35_1","p":0,"q":0,"w":96,"x":831,"y":708
},{
"h":96,"n":"planet2_tileset_tile_34_9","p":0,"q":0,"w":96,"x":928,"y":708
},{
"h":96,"n":"planet2_tileset_tile_34_4","p":0,"q":0,"w":96,"x":734,"y":805
},{
"h":96,"n":"planet2_tileset_tile_34_3","p":0,"q":0,"w":96,"x":734,"y":902
},{
"h":96,"n":"planet2_tileset_tile_34_2","p":0,"q":0,"w":96,"x":831,"y":805
},{
"h":96,"n":"planet2_tileset_tile_34_1","p":0,"q":0,"w":96,"x":928,"y":805
},{
"h":96,"n":"planet2_tileset_tile_34_0","p":0,"q":0,"w":96,"x":831,"y":902
},{
"h":96,"n":"planet2_tileset_tile_33_9","p":0,"q":0,"w":96,"x":928,"y":902
},{
"h":96,"n":"planet2_tileset_tile_05_7","p":-17,"q":0,"w":79,"x":99,"y":808
},{
"h":96,"n":"planet2_tileset_tile_04_7","p":0,"q":0,"w":79,"x":99,"y":905
},{
"h":150,"n":"fg_1","p":17,"q":75,"w":38,"x":981,"y":200
},{
"h":96,"n":"planet2_tileset_tile_35_0","p":0,"q":0,"w":55,"x":387,"y":625
},{
"h":96,"n":"planet2_tileset_tile_26_1","p":0,"q":0,"w":55,"x":387,"y":722
},{
"h":96,"n":"planet2_tileset_tile_03_2","p":0,"q":0,"w":55,"x":387,"y":819
},{
"h":96,"n":"planet2_tileset_tile_11_4","p":0,"q":0,"w":52,"x":387,"y":916
},{
"h":48,"n":"planet2_tileset_tile_17_2","p":0,"q":0,"w":96,"x":514,"y":457
},{
"h":47,"n":"planet2_tileset_tile_26_8","p":0,"q":0,"w":96,"x":611,"y":457
},{
"h":47,"n":"planet2_tileset_tile_18_2","p":0,"q":0,"w":96,"x":738,"y":457
},{
"h":44,"n":"planet2_tileset_tile_09_0","p":0,"q":0,"w":96,"x":898,"y":457
},{
"h":96,"n":"planet2_tileset_tile_10_9","p":0,"q":0,"w":42,"x":981,"y":351
},{
"h":96,"n":"planet2_tileset_tile_18_1","p":-61,"q":0,"w":35,"x":702,"y":258
},{
"h":96,"n":"planet2_tileset_tile_14_1","p":-61,"q":0,"w":35,"x":702,"y":355
},{
"h":31,"n":"planet2_tileset_tile_33_3","p":0,"q":0,"w":96,"x":1,"y":989
},{
"h":96,"n":"planet2_tileset_tile_29_0","p":-35,"q":0,"w":27,"x":995,"y":1
},{
"h":96,"n":"planet2_tileset_tile_15_9","p":0,"q":0,"w":27,"x":995,"y":98
},{
"h":42,"n":"planet2_tileset_tile_22_7","p":0,"q":-54,"w":55,"x":835,"y":457
},{
"h":20,"n":"planet2_tileset_tile_38_0","p":0,"q":0,"w":96,"x":443,"y":999
},{
"h":20,"n":"planet2_tileset_tile_37_0","p":0,"q":0,"w":96,"x":540,"y":999
},{
"h":20,"n":"planet2_tileset_tile_39_0","p":0,"q":0,"w":48,"x":99,"y":1002
},{
"h":20,"n":"planet2_tileset_tile_36_0","p":-48,"q":0,"w":48,"x":637,"y":999
},{
"h":29,"n":"planet2_tileset_tile_15_0","p":0,"q":-67,"w":27,"x":708,"y":457
},{
"h":29,"n":"planet2_tileset_tile_12_0","p":-69,"q":-67,"w":27,"x":995,"y":457
},{
"h":19,"n":"planet2_tileset_tile_22_3","p":-58,"q":0,"w":38,"x":148,"y":1002
},{
"h":13,"n":"planet2_tileset_tile_35_9","p":0,"q":-83,"w":44,"x":835,"y":500
},{
"h":16,"n":"planet2_tileset_tile_04_9","p":-67,"q":-80,"w":29,"x":708,"y":487
},{
"h":6,"n":"planet2_tileset_tile_06_9","p":0,"q":-90,"w":5,"x":514,"y":506
}
],[
{
"h":512,"n":"planet2_tileset_background1_3","p":0,"q":0,"w":512,"x":1,"y":1
},{
"h":96,"n":"planet2_tileset_tile_33_5","p":0,"q":0,"w":96,"x":514,"y":1
},{
"h":96,"n":"planet2_tileset_tile_33_4","p":0,"q":0,"w":96,"x":611,"y":1
},{
"h":96,"n":"planet2_tileset_tile_33_2","p":0,"q":0,"w":96,"x":708,"y":1
},{
"h":96,"n":"planet2_tileset_tile_33_1","p":0,"q":0,"w":96,"x":805,"y":1
},{
"h":96,"n":"planet2_tileset_tile_33_0","p":0,"q":0,"w":96,"x":902,"y":1
},{
"h":96,"n":"planet2_tileset_tile_32_9","p":0,"q":0,"w":96,"x":514,"y":98
},{
"h":96,"n":"planet2_tileset_tile_32_4","p":0,"q":0,"w":96,"x":514,"y":195
},{
"h":96,"n":"planet2_tileset_tile_32_2","p":0,"q":0,"w":96,"x":514,"y":292
},{
"h":96,"n":"planet2_tileset_tile_32_1","p":0,"q":0,"w":96,"x":514,"y":389
},{
"h":96,"n":"planet2_tileset_tile_31_8","p":0,"q":0,"w":96,"x":611,"y":98
},{
"h":96,"n":"planet2_tileset_tile_31_7","p":0,"q":0,"w":96,"x":708,"y":98
},{
"h":96,"n":"planet2_tileset_tile_31_6","p":0,"q":0,"w":96,"x":805,"y":98
},{
"h":96,"n":"planet2_tileset_tile_31_3","p":0,"q":0,"w":96,"x":902,"y":98
},{
"h":96,"n":"planet2_tileset_tile_31_2","p":0,"q":0,"w":96,"x":611,"y":195
},{
"h":96,"n":"planet2_tileset_tile_31_1","p":0,"q":0,"w":96,"x":611,"y":292
},{
"h":96,"n":"planet2_tileset_tile_30_6","p":0,"q":0,"w":96,"x":611,"y":389
},{
"h":96,"n":"planet2_tileset_tile_30_4","p":0,"q":0,"w":96,"x":708,"y":195
},{
"h":96,"n":"planet2_tileset_tile_30_3","p":0,"q":0,"w":96,"x":805,"y":195
},{
"h":96,"n":"planet2_tileset_tile_30_2","p":0,"q":0,"w":96,"x":902,"y":195
},{
"h":96,"n":"planet2_tileset_tile_30_1","p":0,"q":0,"w":96,"x":708,"y":292
},{
"h":96,"n":"planet2_tileset_tile_29_6","p":0,"q":0,"w":96,"x":708,"y":389
},{
"h":96,"n":"planet2_tileset_tile_29_5","p":0,"q":0,"w":96,"x":805,"y":292
},{
"h":96,"n":"planet2_tileset_tile_29_4","p":0,"q":0,"w":96,"x":902,"y":292
},{
"h":96,"n":"planet2_tileset_tile_29_2","p":0,"q":0,"w":96,"x":805,"y":389
},{
"h":96,"n":"planet2_tileset_tile_29_1","p":0,"q":0,"w":96,"x":902,"y":389
},{
"h":96,"n":"planet2_tileset_tile_28_9","p":0,"q":0,"w":96,"x":1,"y":514
},{
"h":96,"n":"planet2_tileset_tile_28_6","p":0,"q":0,"w":96,"x":1,"y":611
},{
"h":96,"n":"planet2_tileset_tile_28_4","p":0,"q":0,"w":96,"x":1,"y":708
},{
"h":96,"n":"planet2_tileset_tile_28_2","p":0,"q":0,"w":96,"x":1,"y":805
},{
"h":96,"n":"planet2_tileset_tile_28_1","p":0,"q":0,"w":96,"x":1,"y":902
},{
"h":96,"n":"planet2_tileset_tile_27_8","p":0,"q":0,"w":96,"x":98,"y":514
},{
"h":96,"n":"planet2_tileset_tile_27_2","p":0,"q":0,"w":96,"x":98,"y":611
},{
"h":96,"n":"planet2_tileset_tile_26_6","p":0,"q":0,"w":96,"x":98,"y":708
},{
"h":96,"n":"planet2_tileset_tile_26_5","p":0,"q":0,"w":96,"x":98,"y":805
},{
"h":96,"n":"planet2_tileset_tile_26_4","p":0,"q":0,"w":96,"x":98,"y":902
},{
"h":96,"n":"planet2_tileset_tile_26_2","p":0,"q":0,"w":96,"x":195,"y":514
},{
"h":96,"n":"planet2_tileset_tile_26_0","p":0,"q":0,"w":96,"x":195,"y":611
},{
"h":96,"n":"planet2_tileset_tile_25_5","p":0,"q":0,"w":96,"x":195,"y":708
},{
"h":96,"n":"planet2_tileset_tile_25_4","p":0,"q":0,"w":96,"x":195,"y":805
},{
"h":96,"n":"planet2_tileset_tile_25_3","p":0,"q":0,"w":96,"x":195,"y":902
},{
"h":96,"n":"planet2_tileset_tile_25_2","p":0,"q":0,"w":96,"x":292,"y":514
},{
"h":96,"n":"planet2_tileset_tile_24_9","p":0,"q":0,"w":96,"x":292,"y":611
},{
"h":96,"n":"planet2_tileset_tile_24_6","p":0,"q":0,"w":96,"x":292,"y":708
},{
"h":96,"n":"planet2_tileset_tile_24_5","p":0,"q":0,"w":96,"x":292,"y":805
},{
"h":96,"n":"planet2_tileset_tile_24_4","p":0,"q":0,"w":96,"x":292,"y":902
},{
"h":96,"n":"planet2_tileset_tile_24_3","p":0,"q":0,"w":96,"x":389,"y":514
},{
"h":96,"n":"planet2_tileset_tile_24_2","p":0,"q":0,"w":96,"x":389,"y":611
},{
"h":96,"n":"planet2_tileset_tile_24_0","p":0,"q":0,"w":96,"x":389,"y":708
},{
"h":96,"n":"planet2_tileset_tile_23_8","p":0,"q":0,"w":96,"x":389,"y":805
},{
"h":96,"n":"planet2_tileset_tile_23_2","p":0,"q":0,"w":96,"x":389,"y":902
},{
"h":96,"n":"planet2_tileset_tile_23_0","p":0,"q":0,"w":96,"x":486,"y":514
},{
"h":96,"n":"planet2_tileset_tile_22_8","p":0,"q":0,"w":96,"x":486,"y":611
},{
"h":96,"n":"planet2_tileset_tile_22_5","p":0,"q":0,"w":96,"x":486,"y":708
},{
"h":96,"n":"planet2_tileset_tile_22_4","p":0,"q":0,"w":96,"x":486,"y":805
},{
"h":96,"n":"planet2_tileset_tile_22_2","p":0,"q":0,"w":96,"x":486,"y":902
},{
"h":96,"n":"planet2_tileset_tile_22_1","p":0,"q":0,"w":96,"x":583,"y":514
},{
"h":96,"n":"planet2_tileset_tile_21_8","p":0,"q":0,"w":96,"x":680,"y":514
},{
"h":96,"n":"planet2_tileset_tile_21_7","p":0,"q":0,"w":96,"x":777,"y":514
},{
"h":96,"n":"planet2_tileset_tile_21_5","p":0,"q":0,"w":96,"x":874,"y":514
},{
"h":96,"n":"planet2_tileset_tile_21_4","p":0,"q":0,"w":96,"x":583,"y":611
},{
"h":96,"n":"planet2_tileset_tile_21_3","p":0,"q":0,"w":96,"x":583,"y":708
},{
"h":96,"n":"planet2_tileset_tile_21_2","p":0,"q":0,"w":96,"x":583,"y":805
},{
"h":96,"n":"planet2_tileset_tile_21_1","p":0,"q":0,"w":96,"x":583,"y":902
},{
"h":96,"n":"planet2_tileset_tile_20_9","p":0,"q":0,"w":96,"x":680,"y":611
},{
"h":96,"n":"planet2_tileset_tile_20_8","p":0,"q":0,"w":96,"x":777,"y":611
},{
"h":96,"n":"planet2_tileset_tile_20_7","p":0,"q":0,"w":96,"x":874,"y":611
},{
"h":96,"n":"planet2_tileset_tile_20_5","p":0,"q":0,"w":96,"x":680,"y":708
},{
"h":96,"n":"planet2_tileset_tile_20_4","p":0,"q":0,"w":96,"x":680,"y":805
},{
"h":96,"n":"planet2_tileset_tile_20_3","p":0,"q":0,"w":96,"x":680,"y":902
},{
"h":96,"n":"planet2_tileset_tile_20_2","p":0,"q":0,"w":96,"x":777,"y":708
},{
"h":96,"n":"planet2_tileset_tile_20_0","p":0,"q":0,"w":96,"x":874,"y":708
},{
"h":96,"n":"planet2_tileset_tile_19_9","p":0,"q":0,"w":96,"x":777,"y":805
},{
"h":96,"n":"planet2_tileset_tile_19_8","p":0,"q":0,"w":96,"x":777,"y":902
},{
"h":96,"n":"planet2_tileset_tile_19_6","p":0,"q":0,"w":96,"x":874,"y":805
},{
"h":96,"n":"planet2_tileset_tile_19_4","p":0,"q":0,"w":96,"x":874,"y":902
},{
"h":92,"n":"planet2_tileset_tile_19_0","p":0,"q":0,"w":53,"x":971,"y":514
},{
"h":92,"n":"planet2_tileset_tile_16_0","p":-43,"q":0,"w":53,"x":971,"y":611
},{
"h":96,"n":"planet2_tileset_tile_07_2","p":0,"q":0,"w":48,"x":971,"y":708
},{
"h":96,"n":"planet2_tileset_tile_04_2","p":-48,"q":0,"w":48,"x":971,"y":805
},{
"h":96,"n":"planet2_tileset_tile_24_1","p":0,"q":0,"w":39,"x":971,"y":902
},{
"h":96,"n":"planet2_tileset_tile_28_0","p":-38,"q":0,"w":20,"x":999,"y":1
}
],[
{
"h":512,"n":"planet2_tileset_background1_2","p":0,"q":0,"w":512,"x":1,"y":1
},{
"h":96,"n":"planet2_tileset_tile_19_1","p":0,"q":0,"w":96,"x":514,"y":1
},{
"h":96,"n":"planet2_tileset_tile_18_9","p":0,"q":0,"w":96,"x":611,"y":1
},{
"h":96,"n":"planet2_tileset_tile_18_8","p":0,"q":0,"w":96,"x":708,"y":1
},{
"h":96,"n":"planet2_tileset_tile_18_7","p":0,"q":0,"w":96,"x":805,"y":1
},{
"h":96,"n":"planet2_tileset_tile_18_6","p":0,"q":0,"w":96,"x":902,"y":1
},{
"h":96,"n":"planet2_tileset_tile_18_5","p":0,"q":0,"w":96,"x":514,"y":98
},{
"h":96,"n":"planet2_tileset_tile_18_4","p":0,"q":0,"w":96,"x":514,"y":195
},{
"h":96,"n":"planet2_tileset_tile_17_9","p":0,"q":0,"w":96,"x":514,"y":292
},{
"h":96,"n":"planet2_tileset_tile_17_6","p":0,"q":0,"w":96,"x":514,"y":389
},{
"h":96,"n":"planet2_tileset_tile_17_5","p":0,"q":0,"w":96,"x":611,"y":98
},{
"h":96,"n":"planet2_tileset_tile_17_4","p":0,"q":0,"w":96,"x":708,"y":98
},{
"h":96,"n":"planet2_tileset_tile_17_3","p":0,"q":0,"w":96,"x":805,"y":98
},{
"h":96,"n":"planet2_tileset_tile_17_1","p":0,"q":0,"w":96,"x":902,"y":98
},{
"h":96,"n":"planet2_tileset_tile_16_9","p":0,"q":0,"w":96,"x":611,"y":195
},{
"h":96,"n":"planet2_tileset_tile_16_8","p":0,"q":0,"w":96,"x":611,"y":292
},{
"h":96,"n":"planet2_tileset_tile_16_5","p":0,"q":0,"w":96,"x":611,"y":389
},{
"h":96,"n":"planet2_tileset_tile_16_4","p":0,"q":0,"w":96,"x":708,"y":195
},{
"h":96,"n":"planet2_tileset_tile_16_3","p":0,"q":0,"w":96,"x":805,"y":195
},{
"h":96,"n":"planet2_tileset_tile_15_8","p":0,"q":0,"w":96,"x":902,"y":195
},{
"h":96,"n":"planet2_tileset_tile_15_7","p":0,"q":0,"w":96,"x":708,"y":292
},{
"h":96,"n":"planet2_tileset_tile_15_5","p":0,"q":0,"w":96,"x":708,"y":389
},{
"h":96,"n":"planet2_tileset_tile_15_4","p":0,"q":0,"w":96,"x":805,"y":292
},{
"h":96,"n":"planet2_tileset_tile_15_3","p":0,"q":0,"w":96,"x":902,"y":292
},{
"h":96,"n":"planet2_tileset_tile_15_1","p":0,"q":0,"w":96,"x":805,"y":389
},{
"h":96,"n":"planet2_tileset_tile_14_8","p":0,"q":0,"w":96,"x":902,"y":389
},{
"h":96,"n":"planet2_tileset_tile_14_6","p":0,"q":0,"w":96,"x":1,"y":514
},{
"h":96,"n":"planet2_tileset_tile_14_5","p":0,"q":0,"w":96,"x":1,"y":611
},{
"h":96,"n":"planet2_tileset_tile_14_3","p":0,"q":0,"w":96,"x":1,"y":708
},{
"h":96,"n":"planet2_tileset_tile_14_2","p":0,"q":0,"w":96,"x":1,"y":805
},{
"h":96,"n":"planet2_tileset_tile_13_5","p":0,"q":0,"w":96,"x":1,"y":902
},{
"h":96,"n":"planet2_tileset_tile_13_3","p":0,"q":0,"w":96,"x":98,"y":514
},{
"h":96,"n":"planet2_tileset_tile_13_2","p":0,"q":0,"w":96,"x":98,"y":611
},{
"h":96,"n":"planet2_tileset_tile_13_1","p":0,"q":0,"w":96,"x":98,"y":708
},{
"h":96,"n":"planet2_tileset_tile_12_6","p":0,"q":0,"w":96,"x":98,"y":805
},{
"h":96,"n":"planet2_tileset_tile_12_5","p":0,"q":0,"w":96,"x":98,"y":902
},{
"h":96,"n":"planet2_tileset_tile_12_3","p":0,"q":0,"w":96,"x":195,"y":514
},{
"h":96,"n":"planet2_tileset_tile_12_1","p":0,"q":0,"w":96,"x":195,"y":611
},{
"h":96,"n":"planet2_tileset_tile_11_8","p":0,"q":0,"w":96,"x":195,"y":708
},{
"h":96,"n":"planet2_tileset_tile_11_3","p":0,"q":0,"w":96,"x":195,"y":805
},{
"h":96,"n":"planet2_tileset_tile_10_8","p":0,"q":0,"w":96,"x":195,"y":902
},{
"h":96,"n":"planet2_tileset_tile_10_7","p":0,"q":0,"w":96,"x":292,"y":514
},{
"h":96,"n":"planet2_tileset_tile_10_6","p":0,"q":0,"w":96,"x":292,"y":611
},{
"h":96,"n":"planet2_tileset_tile_10_3","p":0,"q":0,"w":96,"x":292,"y":708
},{
"h":96,"n":"planet2_tileset_tile_10_2","p":0,"q":0,"w":96,"x":292,"y":805
},{
"h":96,"n":"planet2_tileset_tile_09_9","p":0,"q":0,"w":96,"x":292,"y":902
},{
"h":96,"n":"planet2_tileset_tile_09_8","p":0,"q":0,"w":96,"x":389,"y":514
},{
"h":96,"n":"planet2_tileset_tile_09_7","p":0,"q":0,"w":96,"x":389,"y":611
},{
"h":96,"n":"planet2_tileset_tile_09_2","p":0,"q":0,"w":96,"x":389,"y":708
},{
"h":96,"n":"planet2_tileset_tile_08_9","p":0,"q":0,"w":96,"x":389,"y":805
},{
"h":96,"n":"planet2_tileset_tile_08_8","p":0,"q":0,"w":96,"x":389,"y":902
},{
"h":96,"n":"planet2_tileset_tile_08_7","p":0,"q":0,"w":96,"x":486,"y":514
},{
"h":96,"n":"planet2_tileset_tile_08_6","p":0,"q":0,"w":96,"x":486,"y":611
},{
"h":96,"n":"planet2_tileset_tile_08_3","p":0,"q":0,"w":96,"x":486,"y":708
},{
"h":96,"n":"planet2_tileset_tile_07_7","p":0,"q":0,"w":96,"x":486,"y":805
},{
"h":96,"n":"planet2_tileset_tile_07_5","p":0,"q":0,"w":96,"x":486,"y":902
},{
"h":96,"n":"planet2_tileset_tile_07_3","p":0,"q":0,"w":96,"x":583,"y":514
},{
"h":96,"n":"planet2_tileset_tile_07_1","p":0,"q":0,"w":96,"x":680,"y":514
},{
"h":96,"n":"planet2_tileset_tile_07_0","p":0,"q":0,"w":96,"x":777,"y":514
},{
"h":96,"n":"planet2_tileset_tile_06_8","p":0,"q":0,"w":96,"x":874,"y":514
},{
"h":96,"n":"planet2_tileset_tile_06_7","p":0,"q":0,"w":96,"x":583,"y":611
},{
"h":96,"n":"planet2_tileset_tile_06_6","p":0,"q":0,"w":96,"x":583,"y":708
},{
"h":96,"n":"planet2_tileset_tile_06_5","p":0,"q":0,"w":96,"x":583,"y":805
},{
"h":96,"n":"planet2_tileset_tile_06_4","p":0,"q":0,"w":96,"x":583,"y":902
},{
"h":96,"n":"planet2_tileset_tile_06_3","p":0,"q":0,"w":96,"x":680,"y":611
},{
"h":96,"n":"planet2_tileset_tile_06_2","p":0,"q":0,"w":96,"x":777,"y":611
},{
"h":96,"n":"planet2_tileset_tile_06_1","p":0,"q":0,"w":96,"x":874,"y":611
},{
"h":96,"n":"planet2_tileset_tile_05_8","p":0,"q":0,"w":96,"x":680,"y":708
},{
"h":96,"n":"planet2_tileset_tile_05_6","p":0,"q":0,"w":96,"x":680,"y":805
},{
"h":96,"n":"planet2_tileset_tile_05_5","p":0,"q":0,"w":96,"x":680,"y":902
},{
"h":96,"n":"planet2_tileset_tile_05_3","p":0,"q":0,"w":96,"x":777,"y":708
},{
"h":96,"n":"planet2_tileset_tile_05_2","p":0,"q":0,"w":96,"x":874,"y":708
},{
"h":96,"n":"planet2_tileset_tile_05_1","p":0,"q":0,"w":96,"x":777,"y":805
},{
"h":96,"n":"planet2_tileset_tile_05_0","p":0,"q":0,"w":96,"x":777,"y":902
},{
"h":96,"n":"planet2_tileset_tile_04_6","p":0,"q":0,"w":96,"x":874,"y":805
},{
"h":96,"n":"planet2_tileset_tile_04_3","p":0,"q":0,"w":96,"x":874,"y":902
},{
"h":96,"n":"planet2_tileset_tile_20_1","p":0,"q":0,"w":39,"x":971,"y":514
},{
"h":96,"n":"planet2_tileset_tile_15_2","p":0,"q":0,"w":38,"x":971,"y":611
},{
"h":96,"n":"planet2_tileset_tile_12_2","p":-58,"q":0,"w":38,"x":971,"y":708
},{
"h":96,"n":"planet2_tileset_tile_11_2","p":0,"q":0,"w":38,"x":971,"y":805
},{
"h":96,"n":"planet2_tileset_tile_08_2","p":-58,"q":0,"w":38,"x":971,"y":902
}
],[
{
"h":512,"n":"planet2_tileset_background1_1","p":0,"q":0,"w":512,"x":1,"y":1
},{
"h":96,"n":"planet2_tileset_tile_04_1","p":0,"q":0,"w":96,"x":514,"y":1
},{
"h":96,"n":"planet2_tileset_tile_03_7","p":0,"q":0,"w":96,"x":611,"y":1
},{
"h":96,"n":"planet2_tileset_tile_03_4","p":0,"q":0,"w":96,"x":708,"y":1
},{
"h":96,"n":"planet2_tileset_tile_03_3","p":0,"q":0,"w":96,"x":805,"y":1
},{
"h":96,"n":"planet2_tileset_tile_02_7","p":0,"q":0,"w":96,"x":902,"y":1
},{
"h":96,"n":"planet2_tileset_tile_02_6","p":0,"q":0,"w":96,"x":514,"y":98
},{
"h":96,"n":"planet2_tileset_tile_02_4","p":0,"q":0,"w":96,"x":514,"y":195
},{
"h":96,"n":"planet2_tileset_tile_02_3","p":0,"q":0,"w":96,"x":514,"y":292
},{
"h":96,"n":"planet2_tileset_tile_02_2","p":0,"q":0,"w":96,"x":514,"y":389
},{
"h":96,"n":"planet2_tileset_tile_02_1","p":0,"q":0,"w":96,"x":611,"y":98
},{
"h":96,"n":"planet2_tileset_tile_01_7","p":0,"q":0,"w":96,"x":708,"y":98
},{
"h":96,"n":"planet2_tileset_tile_01_6","p":0,"q":0,"w":96,"x":805,"y":98
},{
"h":96,"n":"planet2_tileset_tile_01_3","p":0,"q":0,"w":96,"x":902,"y":98
},{
"h":96,"n":"planet2_tileset_tile_01_2","p":0,"q":0,"w":96,"x":611,"y":195
},{
"h":96,"n":"planet2_tileset_tile_00_7","p":0,"q":0,"w":96,"x":611,"y":292
},{
"h":96,"n":"planet2_tileset_tile_00_6","p":0,"q":0,"w":96,"x":611,"y":389
},{
"h":96,"n":"planet2_tileset_tile_00_4","p":0,"q":0,"w":96,"x":708,"y":195
},{
"h":96,"n":"planet2_tileset_tile_00_3","p":0,"q":0,"w":96,"x":805,"y":195
},{
"h":96,"n":"planet2_tileset_tile_33_6","p":-1,"q":0,"w":95,"x":902,"y":195
},{
"h":95,"n":"planet2_tileset_tile_01_1","p":0,"q":-1,"w":96,"x":708,"y":292
},{
"h":95,"n":"planet2_tileset_tile_00_1","p":0,"q":-1,"w":96,"x":708,"y":388
},{
"h":90,"n":"fg_5","p":51,"q":45,"w":101,"x":805,"y":292
},{
"h":96,"n":"planet2_tileset_tile_34_6","p":0,"q":0,"w":94,"x":805,"y":383
},{
"h":87,"n":"planet2_tileset_tile_18_0","p":0,"q":0,"w":96,"x":907,"y":292
},{
"h":87,"n":"planet2_tileset_tile_17_0","p":0,"q":0,"w":96,"x":900,"y":383
},{
"h":87,"n":"planet2_tileset_tile_12_8","p":0,"q":-9,"w":96,"x":1,"y":514
},{
"h":87,"n":"planet2_tileset_tile_02_8","p":0,"q":-9,"w":96,"x":1,"y":602
},{
"h":87,"n":"planet2_tileset_tile_01_8","p":0,"q":-9,"w":96,"x":1,"y":690
},{
"h":86,"n":"planet2_tileset_tile_23_1","p":0,"q":0,"w":96,"x":1,"y":778
},{
"h":84,"n":"planet2_tileset_tile_05_9","p":0,"q":-12,"w":96,"x":1,"y":865
},{
"h":83,"n":"planet2_tileset_tile_03_1","p":0,"q":-13,"w":96,"x":98,"y":514
},{
"h":80,"n":"planet2_tileset_tile_09_6","p":0,"q":0,"w":96,"x":98,"y":598
},{
"h":96,"n":"planet2_tileset_tile_35_6","p":-19,"q":0,"w":77,"x":98,"y":679
},{
"h":96,"n":"planet2_tileset_tile_32_6","p":0,"q":0,"w":72,"x":98,"y":776
},{
"h":69,"n":"planet2_tileset_tile_13_6","p":0,"q":-27,"w":96,"x":1,"y":950
},{
"h":96,"n":"planet2_tileset_tile_29_9","p":0,"q":0,"w":68,"x":98,"y":873
},{
"h":75,"n":"planet2_tileset_tile_21_9","p":0,"q":-21,"w":85,"x":195,"y":514
},{
"h":66,"n":"planet2_tileset_tile_34_8","p":0,"q":-30,"w":96,"x":281,"y":514
},{
"h":96,"n":"planet2_tileset_tile_25_9","p":0,"q":0,"w":65,"x":195,"y":590
},{
"h":64,"n":"planet2_tileset_tile_11_1","p":0,"q":0,"w":96,"x":281,"y":581
},{
"h":64,"n":"planet2_tileset_tile_10_1","p":0,"q":0,"w":96,"x":281,"y":646
},{
"h":96,"n":"planet2_tileset_tile_07_8","p":0,"q":0,"w":63,"x":195,"y":687
},{
"h":96,"n":"planet2_tileset_tile_04_8","p":-33,"q":0,"w":63,"x":195,"y":784
},{
"h":61,"n":"planet2_tileset_tile_03_0","p":0,"q":-35,"w":96,"x":281,"y":711
},{
"h":61,"n":"planet2_tileset_tile_02_0","p":0,"q":-35,"w":96,"x":281,"y":773
},{
"h":96,"n":"planet2_tileset_tile_32_0","p":-36,"q":0,"w":60,"x":195,"y":881
},{
"h":96,"n":"planet2_tileset_tile_25_1","p":-36,"q":0,"w":60,"x":281,"y":835
},{
"h":60,"n":"planet2_tileset_tile_09_1","p":0,"q":0,"w":96,"x":281,"y":932
},{
"h":60,"n":"planet2_tileset_tile_08_1","p":0,"q":0,"w":96,"x":378,"y":514
},{
"h":96,"n":"planet2_tileset_tile_00_2","p":-36,"q":0,"w":60,"x":378,"y":575
},{
"h":59,"n":"planet2_tileset_tile_30_0","p":0,"q":-37,"w":96,"x":378,"y":672
},{
"h":59,"n":"planet2_tileset_tile_01_0","p":0,"q":-37,"w":96,"x":378,"y":732
},{
"h":38,"n":"planet2_tileset_tile_19_7","p":0,"q":0,"w":96,"x":900,"y":471
},{
"h":96,"n":"planet2_tileset_tile_06_0","p":0,"q":0,"w":38,"x":378,"y":792
},{
"h":87,"n":"planet2_tileset_tile_03_8","p":0,"q":-9,"w":39,"x":417,"y":792
},{
"h":87,"n":"planet2_tileset_tile_00_8","p":-57,"q":-9,"w":39,"x":378,"y":889
},{
"h":96,"n":"planet2_tileset_tile_04_0","p":-61,"q":0,"w":35,"x":342,"y":835
},{
"h":96,"n":"planet2_tileset_tile_14_9","p":0,"q":0,"w":34,"x":439,"y":575
},{
"h":73,"n":"planet2_tileset_tile_19_2","p":0,"q":0,"w":43,"x":418,"y":889
},{
"h":73,"n":"planet2_tileset_tile_16_2","p":-53,"q":0,"w":43,"x":475,"y":514
},{
"h":29,"n":"planet2_tileset_tile_14_0","p":0,"q":-67,"w":96,"x":708,"y":484
},{
"h":29,"n":"planet2_tileset_tile_13_0","p":0,"q":-67,"w":96,"x":98,"y":970
},{
"h":58,"n":"planet2_tileset_tile_33_8","p":-52,"q":-38,"w":44,"x":418,"y":963
},{
"h":83,"n":"planet2_tileset_tile_31_0","p":-35,"q":-13,"w":27,"x":997,"y":383
},{
"h":61,"n":"planet2_tileset_tile_00_0","p":-61,"q":-35,"w":35,"x":475,"y":588
},{
"h":38,"n":"planet2_tileset_tile_13_7","p":-48,"q":0,"w":48,"x":195,"y":978
},{
"h":38,"n":"planet2_tileset_tile_12_7","p":0,"q":0,"w":48,"x":519,"y":514
},{
"h":43,"n":"planet2_tileset_tile_08_0","p":-61,"q":0,"w":35,"x":244,"y":978
}
]
],"meta":{
"atlas":[
"world_2_image_0.png","world_2_image_1.png","world_2_image_2.png","world_2_image_3.png"
]
}
}
