{
"animations":[

],"atlas":[
[
{
"h":512,"n":"planet1_tileset_backgroundlvl2_4","p":0,"q":0,"w":512,"x":1,"y":1
},{
"h":256,"n":"planet1_tileset_lvl2_bg2_8","p":-10,"q":0,"w":495,"x":514,"y":1
},{
"h":256,"n":"planet1_tileset_lvl2_bg2_9","p":-16,"q":0,"w":489,"x":1,"y":514
},{
"h":256,"n":"planet1_tileset_lvl2_bg2_7","p":-23,"q":0,"w":463,"x":491,"y":514
},{
"h":221,"n":"planet1_tileset_lvl2_bg2_6","p":-34,"q":-35,"w":429,"x":514,"y":258
},{
"h":140,"n":"planet1_tileset_lvl2_bg2_1","p":-38,"q":-116,"w":416,"x":1,"y":771
},{
"h":185,"n":"fglvl2_5","p":128,"q":93,"w":256,"x":491,"y":771
},{
"h":163,"n":"fglvl2_6","p":127,"q":84,"w":254,"x":748,"y":771
},{
"h":217,"n":"fglvl2_2","p":35,"q":109,"w":69,"x":944,"y":258
},{
"h":96,"n":"planet1_tileset_tile_39_6","p":0,"q":0,"w":96,"x":1,"y":912
},{
"h":96,"n":"planet1_tileset_tile_39_5","p":0,"q":0,"w":96,"x":98,"y":912
},{
"h":96,"n":"planet1_tileset_tile_39_4","p":0,"q":0,"w":96,"x":195,"y":912
},{
"h":96,"n":"planet1_tileset_tile_39_14","p":0,"q":0,"w":96,"x":292,"y":912
},{
"h":96,"n":"planet1_tileset_tile_38_7","p":0,"q":0,"w":96,"x":389,"y":912
},{
"h":88,"n":"planet1_tileset_tile_39_9","p":0,"q":0,"w":96,"x":748,"y":935
},{
"h":88,"n":"planet1_tileset_tile_38_9","p":0,"q":0,"w":96,"x":845,"y":935
},{
"h":96,"n":"planet1_tileset_tile_37_9","p":0,"q":0,"w":72,"x":418,"y":771
},{
"h":96,"n":"planet1_tileset_tile_04_8","p":-27,"q":0,"w":69,"x":955,"y":514
},{
"h":96,"n":"planet1_tileset_tile_31_9","p":0,"q":0,"w":68,"x":955,"y":611
},{
"h":67,"n":"planet1_tileset_tile_00_9","p":0,"q":-29,"w":96,"x":491,"y":957
},{
"h":66,"n":"planet1_tileset_tile_03_9","p":0,"q":-30,"w":96,"x":588,"y":957
},{
"h":82,"n":"planet1_tileset_tile_23_13","p":0,"q":0,"w":68,"x":942,"y":935
},{
"h":49,"n":"planet1_tileset_tile_32_10","p":-27,"q":0,"w":69,"x":955,"y":708
},{
"h":66,"n":"planet1_tileset_tile_22_0","p":0,"q":-30,"w":44,"x":685,"y":957
},{
"h":29,"n":"planet1_tileset_tile_14_3","p":0,"q":-67,"w":96,"x":514,"y":480
},{
"h":29,"n":"planet1_tileset_tile_13_3","p":0,"q":-67,"w":96,"x":611,"y":480
},{
"h":42,"n":"planet1_tileset_tile_39_10","p":0,"q":0,"w":63,"x":418,"y":868
},{
"h":20,"n":"planet1_tileset_tile_38_8","p":0,"q":0,"w":96,"x":708,"y":480
},{
"h":20,"n":"planet1_tileset_tile_38_3","p":0,"q":0,"w":96,"x":805,"y":480
},{
"h":96,"n":"planet1_tileset_tile_28_3","p":-38,"q":0,"w":20,"x":1003,"y":771
},{
"h":20,"n":"planet1_tileset_tile_39_8","p":0,"q":0,"w":48,"x":944,"y":476
},{
"h":29,"n":"planet1_tileset_tile_15_3","p":0,"q":-67,"w":27,"x":902,"y":480
},{
"h":29,"n":"planet1_tileset_tile_12_3","p":-69,"q":-67,"w":27,"x":993,"y":476
},{
"h":13,"n":"planet1_tileset_tile_01_10","p":-51,"q":-83,"w":45,"x":944,"y":497
},{
"h":5,"n":"planet1_tileset_tile_11_2","p":0,"q":-91,"w":16,"x":708,"y":501
}
],[
{
"h":512,"n":"planet1_tileset_backgroundlvl2_3","p":0,"q":0,"w":512,"x":1,"y":1
},{
"h":256,"n":"planet1_tileset_lvl2_bg2_5","p":-40,"q":0,"w":435,"x":514,"y":1
},{
"h":256,"n":"planet1_tileset_lvl2_bg2_2","p":-41,"q":0,"w":403,"x":1,"y":514
},{
"h":256,"n":"planet1_tileset_lvl2_bg2_4","p":-65,"q":0,"w":379,"x":405,"y":514
},{
"h":192,"n":"light1","p":96,"q":96,"w":192,"x":514,"y":258
},{
"h":149,"n":"fglvl2_3","p":76,"q":75,"w":151,"x":707,"y":258
},{
"h":115,"n":"fglvl2_4","p":76,"q":58,"w":150,"x":859,"y":258
},{
"h":120,"n":"fglvl2_1","p":61,"q":60,"w":121,"x":859,"y":374
},{
"h":96,"n":"planet1_tileset_tile_38_6","p":0,"q":0,"w":96,"x":707,"y":408
},{
"h":96,"n":"planet1_tileset_tile_38_4","p":0,"q":0,"w":96,"x":1,"y":771
},{
"h":96,"n":"planet1_tileset_tile_38_13","p":0,"q":0,"w":96,"x":1,"y":868
},{
"h":96,"n":"planet1_tileset_tile_37_7","p":0,"q":0,"w":96,"x":98,"y":771
},{
"h":96,"n":"planet1_tileset_tile_37_5","p":0,"q":0,"w":96,"x":98,"y":868
},{
"h":96,"n":"planet1_tileset_tile_37_4","p":0,"q":0,"w":96,"x":195,"y":771
},{
"h":96,"n":"planet1_tileset_tile_37_13","p":0,"q":0,"w":96,"x":292,"y":771
},{
"h":96,"n":"planet1_tileset_tile_37_12","p":0,"q":0,"w":96,"x":195,"y":868
},{
"h":96,"n":"planet1_tileset_tile_36_7","p":0,"q":0,"w":96,"x":292,"y":868
},{
"h":96,"n":"planet1_tileset_tile_36_4","p":0,"q":0,"w":96,"x":785,"y":514
},{
"h":96,"n":"planet1_tileset_tile_36_13","p":0,"q":0,"w":96,"x":882,"y":514
},{
"h":96,"n":"planet1_tileset_tile_35_7","p":0,"q":0,"w":96,"x":785,"y":611
},{
"h":96,"n":"planet1_tileset_tile_35_6","p":0,"q":0,"w":96,"x":882,"y":611
},{
"h":96,"n":"planet1_tileset_tile_35_4","p":0,"q":0,"w":96,"x":405,"y":771
},{
"h":96,"n":"planet1_tileset_tile_35_14","p":0,"q":0,"w":96,"x":405,"y":868
},{
"h":96,"n":"planet1_tileset_tile_35_11","p":0,"q":0,"w":96,"x":502,"y":771
},{
"h":96,"n":"planet1_tileset_tile_34_7","p":0,"q":0,"w":96,"x":502,"y":868
},{
"h":96,"n":"planet1_tileset_tile_34_6","p":0,"q":0,"w":96,"x":599,"y":771
},{
"h":96,"n":"planet1_tileset_tile_34_4","p":0,"q":0,"w":96,"x":599,"y":868
},{
"h":96,"n":"planet1_tileset_tile_34_3","p":0,"q":0,"w":96,"x":696,"y":771
},{
"h":96,"n":"planet1_tileset_tile_34_14","p":0,"q":0,"w":96,"x":696,"y":868
},{
"h":96,"n":"planet1_tileset_tile_34_11","p":0,"q":0,"w":96,"x":793,"y":771
},{
"h":96,"n":"planet1_tileset_tile_34_1","p":0,"q":0,"w":96,"x":890,"y":771
},{
"h":96,"n":"planet1_tileset_tile_33_7","p":0,"q":0,"w":96,"x":793,"y":868
},{
"h":96,"n":"planet1_tileset_tile_33_5","p":0,"q":0,"w":96,"x":890,"y":868
},{
"h":96,"n":"planet1_tileset_tile_04_14","p":-22,"q":0,"w":74,"x":950,"y":1
},{
"h":96,"n":"planet1_tileset_tile_36_9","p":-24,"q":0,"w":72,"x":950,"y":98
},{
"h":62,"n":"planet1_tileset_tile_34_10","p":0,"q":0,"w":96,"x":514,"y":451
},{
"h":60,"n":"planet1_tileset_tile_01_8","p":0,"q":-36,"w":96,"x":785,"y":708
},{
"h":58,"n":"planet1_tileset_tile_02_9","p":0,"q":-38,"w":96,"x":1,"y":965
},{
"h":58,"n":"planet1_tileset_tile_01_9","p":0,"q":-38,"w":96,"x":98,"y":965
},{
"h":53,"n":"planet1_tileset_tile_13_8","p":0,"q":0,"w":96,"x":195,"y":965
},{
"h":52,"n":"planet1_tileset_tile_38_1","p":0,"q":0,"w":96,"x":292,"y":965
},{
"h":52,"n":"planet1_tileset_tile_17_10","p":0,"q":-44,"w":96,"x":882,"y":708
},{
"h":96,"n":"planet1_tileset_tile_11_4","p":0,"q":0,"w":52,"x":804,"y":408
},{
"h":48,"n":"planet1_tileset_tile_17_7","p":0,"q":0,"w":96,"x":405,"y":965
},{
"h":47,"n":"planet1_tileset_tile_18_7","p":0,"q":0,"w":96,"x":502,"y":965
},{
"h":47,"n":"planet1_tileset_tile_18_10","p":0,"q":-49,"w":96,"x":599,"y":965
},{
"h":61,"n":"planet1_tileset_tile_00_8","p":-25,"q":-35,"w":71,"x":950,"y":195
},{
"h":60,"n":"planet1_tileset_tile_02_8","p":0,"q":-36,"w":72,"x":611,"y":451
},{
"h":43,"n":"planet1_tileset_tile_37_10","p":0,"q":0,"w":96,"x":696,"y":965
},{
"h":43,"n":"planet1_tileset_tile_02_10","p":0,"q":-53,"w":96,"x":793,"y":965
},{
"h":42,"n":"planet1_tileset_tile_34_8","p":0,"q":-54,"w":96,"x":890,"y":965
},{
"h":96,"n":"planet1_tileset_tile_15_13","p":-26,"q":0,"w":39,"x":981,"y":374
},{
"h":96,"n":"planet1_tileset_tile_13_1","p":-57,"q":0,"w":39,"x":979,"y":514
},{
"h":96,"n":"planet1_tileset_tile_08_8","p":-57,"q":0,"w":39,"x":979,"y":611
},{
"h":96,"n":"planet1_tileset_tile_11_13","p":-37,"q":0,"w":37,"x":987,"y":771
},{
"h":96,"n":"planet1_tileset_tile_26_13","p":-31,"q":0,"w":36,"x":987,"y":868
},{
"h":52,"n":"planet1_tileset_tile_12_8","p":-57,"q":0,"w":39,"x":979,"y":708
},{
"h":40,"n":"planet1_tileset_tile_06_2","p":0,"q":-56,"w":40,"x":981,"y":471
},{
"h":38,"n":"planet1_tileset_tile_05_0","p":-64,"q":0,"w":32,"x":987,"y":965
}
],[
{
"h":512,"n":"planet1_tileset_backgroundlvl2_2","p":0,"q":0,"w":512,"x":1,"y":1
},{
"h":256,"n":"planet1_tileset_lvl2_bg2_3","p":-69,"q":0,"w":376,"x":514,"y":1
},{
"h":96,"n":"planet1_tileset_tile_33_4","p":0,"q":0,"w":96,"x":891,"y":1
},{
"h":96,"n":"planet1_tileset_tile_33_3","p":0,"q":0,"w":96,"x":891,"y":98
},{
"h":96,"n":"planet1_tileset_tile_33_14","p":0,"q":0,"w":96,"x":514,"y":258
},{
"h":96,"n":"planet1_tileset_tile_33_13","p":0,"q":0,"w":96,"x":514,"y":355
},{
"h":96,"n":"planet1_tileset_tile_32_7","p":0,"q":0,"w":96,"x":611,"y":258
},{
"h":96,"n":"planet1_tileset_tile_32_4","p":0,"q":0,"w":96,"x":611,"y":355
},{
"h":96,"n":"planet1_tileset_tile_32_14","p":0,"q":0,"w":96,"x":708,"y":258
},{
"h":96,"n":"planet1_tileset_tile_32_12","p":0,"q":0,"w":96,"x":708,"y":355
},{
"h":96,"n":"planet1_tileset_tile_31_8","p":0,"q":0,"w":96,"x":805,"y":258
},{
"h":96,"n":"planet1_tileset_tile_31_7","p":0,"q":0,"w":96,"x":902,"y":258
},{
"h":96,"n":"planet1_tileset_tile_31_6","p":0,"q":0,"w":96,"x":805,"y":355
},{
"h":96,"n":"planet1_tileset_tile_31_14","p":0,"q":0,"w":96,"x":902,"y":355
},{
"h":96,"n":"planet1_tileset_tile_31_11","p":0,"q":0,"w":96,"x":1,"y":514
},{
"h":96,"n":"planet1_tileset_tile_31_10","p":0,"q":0,"w":96,"x":1,"y":611
},{
"h":96,"n":"planet1_tileset_tile_30_8","p":0,"q":0,"w":96,"x":1,"y":708
},{
"h":96,"n":"planet1_tileset_tile_30_7","p":0,"q":0,"w":96,"x":1,"y":805
},{
"h":96,"n":"planet1_tileset_tile_30_6","p":0,"q":0,"w":96,"x":1,"y":902
},{
"h":96,"n":"planet1_tileset_tile_30_4","p":0,"q":0,"w":96,"x":98,"y":514
},{
"h":96,"n":"planet1_tileset_tile_30_14","p":0,"q":0,"w":96,"x":98,"y":611
},{
"h":96,"n":"planet1_tileset_tile_30_11","p":0,"q":0,"w":96,"x":98,"y":708
},{
"h":96,"n":"planet1_tileset_tile_30_10","p":0,"q":0,"w":96,"x":98,"y":805
},{
"h":96,"n":"planet1_tileset_tile_29_7","p":0,"q":0,"w":96,"x":98,"y":902
},{
"h":96,"n":"planet1_tileset_tile_29_5","p":0,"q":0,"w":96,"x":195,"y":514
},{
"h":96,"n":"planet1_tileset_tile_29_4","p":0,"q":0,"w":96,"x":195,"y":611
},{
"h":96,"n":"planet1_tileset_tile_29_14","p":0,"q":0,"w":96,"x":195,"y":708
},{
"h":96,"n":"planet1_tileset_tile_29_13","p":0,"q":0,"w":96,"x":195,"y":805
},{
"h":96,"n":"planet1_tileset_tile_29_12","p":0,"q":0,"w":96,"x":195,"y":902
},{
"h":96,"n":"planet1_tileset_tile_29_11","p":0,"q":0,"w":96,"x":292,"y":514
},{
"h":96,"n":"planet1_tileset_tile_29_10","p":0,"q":0,"w":96,"x":292,"y":611
},{
"h":96,"n":"planet1_tileset_tile_29_0","p":0,"q":0,"w":96,"x":292,"y":708
},{
"h":96,"n":"planet1_tileset_tile_28_7","p":0,"q":0,"w":96,"x":292,"y":805
},{
"h":96,"n":"planet1_tileset_tile_28_4","p":0,"q":0,"w":96,"x":292,"y":902
},{
"h":96,"n":"planet1_tileset_tile_28_13","p":0,"q":0,"w":96,"x":389,"y":514
},{
"h":96,"n":"planet1_tileset_tile_28_11","p":0,"q":0,"w":96,"x":389,"y":611
},{
"h":96,"n":"planet1_tileset_tile_28_10","p":0,"q":0,"w":96,"x":389,"y":708
},{
"h":96,"n":"planet1_tileset_tile_28_0","p":0,"q":0,"w":96,"x":389,"y":805
},{
"h":96,"n":"planet1_tileset_tile_27_8","p":0,"q":0,"w":96,"x":389,"y":902
},{
"h":96,"n":"planet1_tileset_tile_27_7","p":0,"q":0,"w":96,"x":486,"y":514
},{
"h":96,"n":"planet1_tileset_tile_27_4","p":0,"q":0,"w":96,"x":486,"y":611
},{
"h":96,"n":"planet1_tileset_tile_27_14","p":0,"q":0,"w":96,"x":486,"y":708
},{
"h":96,"n":"planet1_tileset_tile_27_10","p":0,"q":0,"w":96,"x":486,"y":805
},{
"h":96,"n":"planet1_tileset_tile_26_8","p":0,"q":0,"w":96,"x":486,"y":902
},{
"h":96,"n":"planet1_tileset_tile_26_7","p":0,"q":0,"w":96,"x":583,"y":514
},{
"h":96,"n":"planet1_tileset_tile_26_14","p":0,"q":0,"w":96,"x":680,"y":514
},{
"h":96,"n":"planet1_tileset_tile_26_12","p":0,"q":0,"w":96,"x":777,"y":514
},{
"h":96,"n":"planet1_tileset_tile_26_10","p":0,"q":0,"w":96,"x":874,"y":514
},{
"h":96,"n":"planet1_tileset_tile_26_0","p":0,"q":0,"w":96,"x":583,"y":611
},{
"h":96,"n":"planet1_tileset_tile_25_7","p":0,"q":0,"w":96,"x":583,"y":708
},{
"h":96,"n":"planet1_tileset_tile_25_5","p":0,"q":0,"w":96,"x":583,"y":805
},{
"h":96,"n":"planet1_tileset_tile_25_3","p":0,"q":0,"w":96,"x":583,"y":902
},{
"h":96,"n":"planet1_tileset_tile_25_14","p":0,"q":0,"w":96,"x":680,"y":611
},{
"h":96,"n":"planet1_tileset_tile_25_13","p":0,"q":0,"w":96,"x":777,"y":611
},{
"h":96,"n":"planet1_tileset_tile_25_10","p":0,"q":0,"w":96,"x":874,"y":611
},{
"h":96,"n":"planet1_tileset_tile_25_0","p":0,"q":0,"w":96,"x":680,"y":708
},{
"h":96,"n":"planet1_tileset_tile_24_7","p":0,"q":0,"w":96,"x":680,"y":805
},{
"h":96,"n":"planet1_tileset_tile_24_5","p":0,"q":0,"w":96,"x":680,"y":902
},{
"h":96,"n":"planet1_tileset_tile_24_3","p":0,"q":0,"w":96,"x":777,"y":708
},{
"h":96,"n":"planet1_tileset_tile_24_13","p":0,"q":0,"w":96,"x":874,"y":708
},{
"h":96,"n":"planet1_tileset_tile_24_10","p":0,"q":0,"w":96,"x":777,"y":805
},{
"h":96,"n":"planet1_tileset_tile_24_0","p":0,"q":0,"w":96,"x":777,"y":902
},{
"h":96,"n":"planet1_tileset_tile_23_9","p":0,"q":0,"w":96,"x":874,"y":805
},{
"h":96,"n":"planet1_tileset_tile_23_8","p":0,"q":0,"w":96,"x":874,"y":902
},{
"h":92,"n":"planet1_tileset_tile_19_3","p":0,"q":0,"w":53,"x":971,"y":514
},{
"h":92,"n":"planet1_tileset_tile_16_3","p":-43,"q":0,"w":53,"x":971,"y":611
},{
"h":96,"n":"planet1_tileset_tile_10_8","p":0,"q":0,"w":49,"x":971,"y":708
},{
"h":96,"n":"planet1_tileset_tile_17_1","p":0,"q":0,"w":48,"x":971,"y":805
},{
"h":96,"n":"planet1_tileset_tile_07_7","p":0,"q":0,"w":48,"x":971,"y":902
},{
"h":42,"n":"planet1_tileset_tile_33_8","p":0,"q":-54,"w":96,"x":891,"y":195
},{
"h":42,"n":"planet1_tileset_tile_16_10","p":-18,"q":-54,"w":78,"x":514,"y":452
},{
"h":51,"n":"planet1_tileset_tile_35_10","p":0,"q":0,"w":63,"x":611,"y":452
},{
"h":96,"n":"planet1_tileset_tile_14_0","p":-64,"q":0,"w":32,"x":988,"y":1
},{
"h":96,"n":"planet1_tileset_tile_12_0","p":0,"q":0,"w":32,"x":988,"y":98
},{
"h":52,"n":"planet1_tileset_tile_14_8","p":0,"q":0,"w":49,"x":708,"y":452
},{
"h":42,"n":"planet1_tileset_tile_32_8","p":-36,"q":-54,"w":60,"x":805,"y":452
},{
"h":42,"n":"planet1_tileset_tile_34_0","p":0,"q":-54,"w":58,"x":902,"y":452
},{
"h":42,"n":"planet1_tileset_tile_35_8","p":0,"q":-54,"w":55,"x":961,"y":452
},{
"h":20,"n":"planet1_tileset_tile_37_8","p":0,"q":0,"w":96,"x":1,"y":999
},{
"h":20,"n":"planet1_tileset_tile_37_3","p":0,"q":0,"w":96,"x":98,"y":999
},{
"h":47,"n":"planet1_tileset_tile_05_2","p":0,"q":-49,"w":25,"x":988,"y":195
},{
"h":20,"n":"planet1_tileset_tile_39_3","p":0,"q":0,"w":48,"x":195,"y":999
},{
"h":20,"n":"planet1_tileset_tile_36_8","p":-48,"q":0,"w":48,"x":292,"y":999
},{
"h":20,"n":"planet1_tileset_tile_36_3","p":-48,"q":0,"w":48,"x":389,"y":999
}
],[
{
"h":512,"n":"planet1_tileset_backgroundlvl2_1","p":0,"q":0,"w":512,"x":1,"y":1
},{
"h":96,"n":"planet1_tileset_tile_23_7","p":0,"q":0,"w":96,"x":514,"y":1
},{
"h":96,"n":"planet1_tileset_tile_23_5","p":0,"q":0,"w":96,"x":611,"y":1
},{
"h":96,"n":"planet1_tileset_tile_23_4","p":0,"q":0,"w":96,"x":708,"y":1
},{
"h":96,"n":"planet1_tileset_tile_23_14","p":0,"q":0,"w":96,"x":805,"y":1
},{
"h":96,"n":"planet1_tileset_tile_23_12","p":0,"q":0,"w":96,"x":902,"y":1
},{
"h":96,"n":"planet1_tileset_tile_23_10","p":0,"q":0,"w":96,"x":514,"y":98
},{
"h":96,"n":"planet1_tileset_tile_23_1","p":0,"q":0,"w":96,"x":514,"y":195
},{
"h":96,"n":"planet1_tileset_tile_22_9","p":0,"q":0,"w":96,"x":514,"y":292
},{
"h":96,"n":"planet1_tileset_tile_22_7","p":0,"q":0,"w":96,"x":514,"y":389
},{
"h":96,"n":"planet1_tileset_tile_22_5","p":0,"q":0,"w":96,"x":611,"y":98
},{
"h":96,"n":"planet1_tileset_tile_22_14","p":0,"q":0,"w":96,"x":708,"y":98
},{
"h":96,"n":"planet1_tileset_tile_22_13","p":0,"q":0,"w":96,"x":805,"y":98
},{
"h":96,"n":"planet1_tileset_tile_22_10","p":0,"q":0,"w":96,"x":902,"y":98
},{
"h":96,"n":"planet1_tileset_tile_22_1","p":0,"q":0,"w":96,"x":611,"y":195
},{
"h":96,"n":"planet1_tileset_tile_21_9","p":0,"q":0,"w":96,"x":611,"y":292
},{
"h":96,"n":"planet1_tileset_tile_21_8","p":0,"q":0,"w":96,"x":611,"y":389
},{
"h":96,"n":"planet1_tileset_tile_21_7","p":0,"q":0,"w":96,"x":708,"y":195
},{
"h":96,"n":"planet1_tileset_tile_21_5","p":0,"q":0,"w":96,"x":805,"y":195
},{
"h":96,"n":"planet1_tileset_tile_21_3","p":0,"q":0,"w":96,"x":902,"y":195
},{
"h":96,"n":"planet1_tileset_tile_21_2","p":0,"q":0,"w":96,"x":708,"y":292
},{
"h":96,"n":"planet1_tileset_tile_21_14","p":0,"q":0,"w":96,"x":708,"y":389
},{
"h":96,"n":"planet1_tileset_tile_21_11","p":0,"q":0,"w":96,"x":805,"y":292
},{
"h":96,"n":"planet1_tileset_tile_21_10","p":0,"q":0,"w":96,"x":902,"y":292
},{
"h":96,"n":"planet1_tileset_tile_21_1","p":0,"q":0,"w":96,"x":805,"y":389
},{
"h":96,"n":"planet1_tileset_tile_20_9","p":0,"q":0,"w":96,"x":902,"y":389
},{
"h":96,"n":"planet1_tileset_tile_20_8","p":0,"q":0,"w":96,"x":1,"y":514
},{
"h":96,"n":"planet1_tileset_tile_20_7","p":0,"q":0,"w":96,"x":1,"y":611
},{
"h":96,"n":"planet1_tileset_tile_20_5","p":0,"q":0,"w":96,"x":1,"y":708
},{
"h":96,"n":"planet1_tileset_tile_20_3","p":0,"q":0,"w":96,"x":1,"y":805
},{
"h":96,"n":"planet1_tileset_tile_20_2","p":0,"q":0,"w":96,"x":1,"y":902
},{
"h":96,"n":"planet1_tileset_tile_20_13","p":0,"q":0,"w":96,"x":98,"y":514
},{
"h":96,"n":"planet1_tileset_tile_20_12","p":0,"q":0,"w":96,"x":98,"y":611
},{
"h":96,"n":"planet1_tileset_tile_20_11","p":0,"q":0,"w":96,"x":98,"y":708
},{
"h":96,"n":"planet1_tileset_tile_20_10","p":0,"q":0,"w":96,"x":98,"y":805
},{
"h":96,"n":"planet1_tileset_tile_20_1","p":0,"q":0,"w":96,"x":98,"y":902
},{
"h":96,"n":"planet1_tileset_tile_19_9","p":0,"q":0,"w":96,"x":195,"y":514
},{
"h":96,"n":"planet1_tileset_tile_19_5","p":0,"q":0,"w":96,"x":195,"y":611
},{
"h":96,"n":"planet1_tileset_tile_19_4","p":0,"q":0,"w":96,"x":195,"y":708
},{
"h":96,"n":"planet1_tileset_tile_19_14","p":0,"q":0,"w":96,"x":195,"y":805
},{
"h":96,"n":"planet1_tileset_tile_19_13","p":0,"q":0,"w":96,"x":195,"y":902
},{
"h":96,"n":"planet1_tileset_tile_19_10","p":0,"q":0,"w":96,"x":292,"y":514
},{
"h":96,"n":"planet1_tileset_tile_19_1","p":0,"q":0,"w":96,"x":292,"y":611
},{
"h":96,"n":"planet1_tileset_tile_18_9","p":0,"q":0,"w":96,"x":292,"y":708
},{
"h":96,"n":"planet1_tileset_tile_18_2","p":0,"q":0,"w":96,"x":292,"y":805
},{
"h":96,"n":"planet1_tileset_tile_18_14","p":0,"q":0,"w":96,"x":292,"y":902
},{
"h":96,"n":"planet1_tileset_tile_18_13","p":0,"q":0,"w":96,"x":389,"y":514
},{
"h":96,"n":"planet1_tileset_tile_18_12","p":0,"q":0,"w":96,"x":389,"y":611
},{
"h":96,"n":"planet1_tileset_tile_18_1","p":0,"q":0,"w":96,"x":389,"y":708
},{
"h":96,"n":"planet1_tileset_tile_18_0","p":0,"q":0,"w":96,"x":389,"y":805
},{
"h":96,"n":"planet1_tileset_tile_17_9","p":0,"q":0,"w":96,"x":389,"y":902
},{
"h":96,"n":"planet1_tileset_tile_17_5","p":0,"q":0,"w":96,"x":486,"y":514
},{
"h":96,"n":"planet1_tileset_tile_17_2","p":0,"q":0,"w":96,"x":486,"y":611
},{
"h":96,"n":"planet1_tileset_tile_17_14","p":0,"q":0,"w":96,"x":486,"y":708
},{
"h":96,"n":"planet1_tileset_tile_17_13","p":0,"q":0,"w":96,"x":486,"y":805
},{
"h":96,"n":"planet1_tileset_tile_17_11","p":0,"q":0,"w":96,"x":486,"y":902
},{
"h":96,"n":"planet1_tileset_tile_16_9","p":0,"q":0,"w":96,"x":583,"y":514
},{
"h":96,"n":"planet1_tileset_tile_16_5","p":0,"q":0,"w":96,"x":680,"y":514
},{
"h":96,"n":"planet1_tileset_tile_16_2","p":0,"q":0,"w":96,"x":777,"y":514
},{
"h":96,"n":"planet1_tileset_tile_16_13","p":0,"q":0,"w":96,"x":874,"y":514
},{
"h":96,"n":"planet1_tileset_tile_16_11","p":0,"q":0,"w":96,"x":583,"y":611
},{
"h":96,"n":"planet1_tileset_tile_16_1","p":0,"q":0,"w":96,"x":583,"y":708
},{
"h":96,"n":"planet1_tileset_tile_16_0","p":0,"q":0,"w":96,"x":583,"y":805
},{
"h":96,"n":"planet1_tileset_tile_15_9","p":0,"q":0,"w":96,"x":583,"y":902
},{
"h":96,"n":"planet1_tileset_tile_15_8","p":0,"q":0,"w":96,"x":680,"y":611
},{
"h":96,"n":"planet1_tileset_tile_15_4","p":0,"q":0,"w":96,"x":777,"y":611
},{
"h":96,"n":"planet1_tileset_tile_15_2","p":0,"q":0,"w":96,"x":874,"y":611
},{
"h":96,"n":"planet1_tileset_tile_15_14","p":0,"q":0,"w":96,"x":680,"y":708
},{
"h":96,"n":"planet1_tileset_tile_15_12","p":0,"q":0,"w":96,"x":680,"y":805
},{
"h":96,"n":"planet1_tileset_tile_15_1","p":0,"q":0,"w":96,"x":680,"y":902
},{
"h":96,"n":"planet1_tileset_tile_14_9","p":0,"q":0,"w":96,"x":777,"y":708
},{
"h":96,"n":"planet1_tileset_tile_14_7","p":0,"q":0,"w":96,"x":874,"y":708
},{
"h":96,"n":"planet1_tileset_tile_14_4","p":0,"q":0,"w":96,"x":777,"y":805
},{
"h":96,"n":"planet1_tileset_tile_14_2","p":0,"q":0,"w":96,"x":777,"y":902
},{
"h":96,"n":"planet1_tileset_tile_14_14","p":0,"q":0,"w":96,"x":874,"y":805
},{
"h":96,"n":"planet1_tileset_tile_14_13","p":0,"q":0,"w":96,"x":874,"y":902
},{
"h":96,"n":"planet1_tileset_tile_04_7","p":-48,"q":0,"w":48,"x":971,"y":514
},{
"h":96,"n":"planet1_tileset_tile_15_7","p":0,"q":0,"w":38,"x":971,"y":611
},{
"h":96,"n":"planet1_tileset_tile_12_7","p":-58,"q":0,"w":38,"x":971,"y":708
},{
"h":96,"n":"planet1_tileset_tile_11_7","p":0,"q":0,"w":38,"x":971,"y":805
},{
"h":96,"n":"planet1_tileset_tile_08_7","p":-58,"q":0,"w":38,"x":971,"y":902
}
],[
{
"h":96,"n":"planet1_tileset_tile_14_1","p":0,"q":0,"w":96,"x":1,"y":1
},{
"h":96,"n":"planet1_tileset_tile_13_9","p":0,"q":0,"w":96,"x":98,"y":1
},{
"h":96,"n":"planet1_tileset_tile_13_7","p":0,"q":0,"w":96,"x":195,"y":1
},{
"h":96,"n":"planet1_tileset_tile_13_4","p":0,"q":0,"w":96,"x":292,"y":1
},{
"h":96,"n":"planet1_tileset_tile_13_2","p":0,"q":0,"w":96,"x":389,"y":1
},{
"h":96,"n":"planet1_tileset_tile_13_14","p":0,"q":0,"w":96,"x":486,"y":1
},{
"h":96,"n":"planet1_tileset_tile_12_9","p":0,"q":0,"w":96,"x":583,"y":1
},{
"h":96,"n":"planet1_tileset_tile_12_4","p":0,"q":0,"w":96,"x":680,"y":1
},{
"h":96,"n":"planet1_tileset_tile_12_2","p":0,"q":0,"w":96,"x":777,"y":1
},{
"h":96,"n":"planet1_tileset_tile_11_9","p":0,"q":0,"w":96,"x":874,"y":1
},{
"h":96,"n":"planet1_tileset_tile_11_8","p":0,"q":0,"w":96,"x":1,"y":98
},{
"h":96,"n":"planet1_tileset_tile_11_14","p":0,"q":0,"w":96,"x":1,"y":195
},{
"h":96,"n":"planet1_tileset_tile_11_10","p":0,"q":0,"w":96,"x":1,"y":292
},{
"h":96,"n":"planet1_tileset_tile_11_1","p":0,"q":0,"w":96,"x":1,"y":389
},{
"h":96,"n":"planet1_tileset_tile_10_9","p":0,"q":0,"w":96,"x":1,"y":486
},{
"h":96,"n":"planet1_tileset_tile_10_7","p":0,"q":0,"w":96,"x":1,"y":583
},{
"h":96,"n":"planet1_tileset_tile_10_2","p":0,"q":0,"w":96,"x":1,"y":680
},{
"h":96,"n":"planet1_tileset_tile_10_14","p":0,"q":0,"w":96,"x":1,"y":777
},{
"h":96,"n":"planet1_tileset_tile_10_10","p":0,"q":0,"w":96,"x":1,"y":874
},{
"h":96,"n":"planet1_tileset_tile_10_1","p":0,"q":0,"w":96,"x":98,"y":98
},{
"h":96,"n":"planet1_tileset_tile_10_0","p":0,"q":0,"w":96,"x":195,"y":98
},{
"h":96,"n":"planet1_tileset_tile_09_9","p":0,"q":0,"w":96,"x":292,"y":98
},{
"h":96,"n":"planet1_tileset_tile_09_8","p":0,"q":0,"w":96,"x":389,"y":98
},{
"h":96,"n":"planet1_tileset_tile_09_7","p":0,"q":0,"w":96,"x":486,"y":98
},{
"h":96,"n":"planet1_tileset_tile_09_2","p":0,"q":0,"w":96,"x":583,"y":98
},{
"h":96,"n":"planet1_tileset_tile_09_14","p":0,"q":0,"w":96,"x":680,"y":98
},{
"h":96,"n":"planet1_tileset_tile_09_13","p":0,"q":0,"w":96,"x":777,"y":98
},{
"h":96,"n":"planet1_tileset_tile_09_10","p":0,"q":0,"w":96,"x":874,"y":98
},{
"h":96,"n":"planet1_tileset_tile_09_1","p":0,"q":0,"w":96,"x":98,"y":195
},{
"h":96,"n":"planet1_tileset_tile_08_9","p":0,"q":0,"w":96,"x":98,"y":292
},{
"h":96,"n":"planet1_tileset_tile_08_2","p":0,"q":0,"w":96,"x":98,"y":389
},{
"h":96,"n":"planet1_tileset_tile_08_10","p":0,"q":0,"w":96,"x":98,"y":486
},{
"h":96,"n":"planet1_tileset_tile_08_1","p":0,"q":0,"w":96,"x":98,"y":583
},{
"h":96,"n":"planet1_tileset_tile_07_9","p":0,"q":0,"w":96,"x":98,"y":680
},{
"h":96,"n":"planet1_tileset_tile_07_8","p":0,"q":0,"w":96,"x":98,"y":777
},{
"h":96,"n":"planet1_tileset_tile_07_14","p":0,"q":0,"w":96,"x":98,"y":874
},{
"h":96,"n":"planet1_tileset_tile_07_10","p":0,"q":0,"w":96,"x":195,"y":195
},{
"h":96,"n":"planet1_tileset_tile_06_9","p":0,"q":0,"w":96,"x":292,"y":195
},{
"h":96,"n":"planet1_tileset_tile_06_7","p":0,"q":0,"w":96,"x":389,"y":195
},{
"h":96,"n":"planet1_tileset_tile_06_6","p":0,"q":0,"w":96,"x":486,"y":195
},{
"h":96,"n":"planet1_tileset_tile_06_14","p":0,"q":0,"w":96,"x":583,"y":195
},{
"h":96,"n":"planet1_tileset_tile_06_13","p":0,"q":0,"w":96,"x":680,"y":195
},{
"h":96,"n":"planet1_tileset_tile_06_10","p":0,"q":0,"w":96,"x":777,"y":195
},{
"h":96,"n":"planet1_tileset_tile_06_1","p":0,"q":0,"w":96,"x":874,"y":195
},{
"h":96,"n":"planet1_tileset_tile_05_9","p":0,"q":0,"w":96,"x":195,"y":292
},{
"h":96,"n":"planet1_tileset_tile_05_8","p":0,"q":0,"w":96,"x":195,"y":389
},{
"h":96,"n":"planet1_tileset_tile_05_7","p":0,"q":0,"w":96,"x":195,"y":486
},{
"h":96,"n":"planet1_tileset_tile_05_6","p":0,"q":0,"w":96,"x":195,"y":583
},{
"h":96,"n":"planet1_tileset_tile_05_14","p":0,"q":0,"w":96,"x":195,"y":680
},{
"h":96,"n":"planet1_tileset_tile_05_13","p":0,"q":0,"w":96,"x":195,"y":777
},{
"h":96,"n":"planet1_tileset_tile_05_10","p":0,"q":0,"w":96,"x":195,"y":874
},{
"h":96,"n":"planet1_tileset_tile_05_1","p":0,"q":0,"w":96,"x":292,"y":292
},{
"h":96,"n":"planet1_tileset_tile_04_9","p":0,"q":0,"w":96,"x":389,"y":292
},{
"h":96,"n":"planet1_tileset_tile_04_6","p":0,"q":0,"w":96,"x":486,"y":292
},{
"h":96,"n":"planet1_tileset_tile_04_2","p":0,"q":0,"w":96,"x":583,"y":292
},{
"h":96,"n":"planet1_tileset_tile_04_0","p":0,"q":0,"w":96,"x":680,"y":292
},{
"h":96,"n":"planet1_tileset_tile_03_8","p":0,"q":0,"w":96,"x":777,"y":292
},{
"h":96,"n":"planet1_tileset_tile_03_14","p":0,"q":0,"w":96,"x":874,"y":292
},{
"h":96,"n":"planet1_tileset_tile_03_0","p":0,"q":0,"w":96,"x":292,"y":389
},{
"h":96,"n":"planet1_tileset_tile_02_7","p":0,"q":0,"w":96,"x":292,"y":486
},{
"h":96,"n":"planet1_tileset_tile_02_6","p":0,"q":0,"w":96,"x":292,"y":583
},{
"h":96,"n":"planet1_tileset_tile_02_14","p":0,"q":0,"w":96,"x":292,"y":680
},{
"h":96,"n":"planet1_tileset_tile_02_0","p":0,"q":0,"w":96,"x":292,"y":777
},{
"h":96,"n":"planet1_tileset_tile_01_7","p":0,"q":0,"w":96,"x":292,"y":874
},{
"h":96,"n":"planet1_tileset_tile_01_6","p":0,"q":0,"w":96,"x":389,"y":389
},{
"h":96,"n":"planet1_tileset_tile_01_14","p":0,"q":0,"w":96,"x":486,"y":389
},{
"h":96,"n":"planet1_tileset_tile_01_11","p":0,"q":0,"w":96,"x":583,"y":389
},{
"h":96,"n":"planet1_tileset_tile_01_0","p":0,"q":0,"w":96,"x":680,"y":389
},{
"h":96,"n":"planet1_tileset_tile_00_6","p":0,"q":0,"w":96,"x":777,"y":389
},{
"h":96,"n":"planet1_tileset_tile_00_11","p":0,"q":0,"w":96,"x":874,"y":389
},{
"h":96,"n":"planet1_tileset_tile_00_0","p":0,"q":0,"w":96,"x":389,"y":486
},{
"h":95,"n":"planet1_tileset_tile_33_10","p":0,"q":0,"w":96,"x":389,"y":583
},{
"h":93,"n":"planet1_tileset_tile_09_0","p":0,"q":0,"w":96,"x":389,"y":679
},{
"h":87,"n":"planet1_tileset_tile_18_3","p":0,"q":0,"w":96,"x":389,"y":773
},{
"h":87,"n":"planet1_tileset_tile_17_3","p":0,"q":0,"w":96,"x":389,"y":861
},{
"h":87,"n":"planet1_tileset_tile_12_1","p":0,"q":-9,"w":96,"x":486,"y":486
},{
"h":87,"n":"planet1_tileset_tile_07_4","p":0,"q":0,"w":96,"x":583,"y":486
},{
"h":87,"n":"planet1_tileset_tile_02_1","p":0,"q":-9,"w":96,"x":680,"y":486
},{
"h":87,"n":"planet1_tileset_tile_01_1","p":0,"q":-9,"w":96,"x":777,"y":486
},{
"h":86,"n":"planet1_tileset_tile_33_12","p":0,"q":-10,"w":96,"x":874,"y":486
},{
"h":86,"n":"planet1_tileset_tile_19_8","p":0,"q":-10,"w":96,"x":486,"y":574
},{
"h":86,"n":"planet1_tileset_tile_17_8","p":0,"q":-10,"w":96,"x":486,"y":661
},{
"h":86,"n":"planet1_tileset_tile_03_4","p":0,"q":0,"w":96,"x":486,"y":748
},{
"h":83,"n":"planet1_tileset_tile_16_8","p":0,"q":-13,"w":96,"x":486,"y":835
},{
"h":96,"n":"planet1_tileset_tile_25_9","p":0,"q":0,"w":82,"x":486,"y":919
},{
"h":96,"n":"planet1_tileset_tile_24_9","p":-14,"q":0,"w":82,"x":583,"y":574
},{
"h":96,"n":"planet1_tileset_tile_15_10","p":-14,"q":0,"w":82,"x":583,"y":671
},{
"h":96,"n":"planet1_tileset_tile_00_2","p":0,"q":0,"w":82,"x":583,"y":768
},{
"h":96,"n":"planet1_tileset_tile_00_14","p":-14,"q":0,"w":82,"x":583,"y":865
},{
"h":96,"n":"planet1_tileset_tile_05_12","p":-17,"q":0,"w":79,"x":666,"y":574
},{
"h":96,"n":"planet1_tileset_tile_04_12","p":0,"q":0,"w":79,"x":746,"y":574
},{
"h":96,"n":"planet1_tileset_tile_39_13","p":0,"q":0,"w":78,"x":826,"y":574
},{
"h":96,"n":"planet1_tileset_tile_29_9","p":0,"q":0,"w":77,"x":905,"y":574
},{
"h":96,"n":"planet1_tileset_tile_28_9","p":-19,"q":0,"w":77,"x":666,"y":671
},{
"h":96,"n":"planet1_tileset_tile_32_13","p":-21,"q":0,"w":75,"x":666,"y":768
},{
"h":96,"n":"planet1_tileset_tile_21_13","p":0,"q":0,"w":75,"x":666,"y":865
},{
"h":96,"n":"planet1_tileset_tile_12_14","p":-24,"q":0,"w":72,"x":744,"y":671
},{
"h":96,"n":"planet1_tileset_tile_08_14","p":-25,"q":0,"w":71,"x":817,"y":671
},{
"h":96,"n":"planet1_tileset_tile_33_9","p":0,"q":0,"w":70,"x":889,"y":671
},{
"h":96,"n":"planet1_tileset_tile_32_9","p":-26,"q":0,"w":70,"x":744,"y":768
},{
"h":96,"n":"planet1_tileset_tile_27_9","p":0,"q":0,"w":70,"x":744,"y":865
},{
"h":96,"n":"planet1_tileset_tile_26_9","p":-26,"q":0,"w":70,"x":815,"y":768
},{
"h":96,"n":"planet1_tileset_tile_21_12","p":0,"q":0,"w":70,"x":886,"y":768
},{
"h":96,"n":"planet1_tileset_tile_16_14","p":-26,"q":0,"w":70,"x":815,"y":865
},{
"h":70,"n":"planet1_tileset_tile_04_10","p":0,"q":-26,"w":96,"x":389,"y":949
},{
"h":70,"n":"planet1_tileset_tile_03_10","p":0,"q":-26,"w":96,"x":886,"y":865
},{
"h":68,"n":"planet1_tileset_tile_30_0","p":0,"q":0,"w":96,"x":886,"y":936
},{
"h":96,"n":"planet1_tileset_tile_07_1","p":0,"q":0,"w":63,"x":960,"y":671
},{
"h":96,"n":"planet1_tileset_tile_06_8","p":0,"q":0,"w":63,"x":957,"y":768
},{
"h":96,"n":"planet1_tileset_tile_01_13","p":-32,"q":0,"w":38,"x":971,"y":1
},{
"h":87,"n":"planet1_tileset_tile_03_1","p":0,"q":-9,"w":39,"x":971,"y":98
},{
"h":87,"n":"planet1_tileset_tile_00_1","p":-57,"q":-9,"w":39,"x":971,"y":195
},{
"h":73,"n":"planet1_tileset_tile_19_7","p":0,"q":0,"w":43,"x":971,"y":292
},{
"h":73,"n":"planet1_tileset_tile_16_7","p":-53,"q":0,"w":43,"x":971,"y":389
},{
"h":73,"n":"planet1_tileset_tile_25_12","p":0,"q":0,"w":40,"x":971,"y":486
},{
"h":96,"n":"planet1_tileset_tile_07_13","p":-37,"q":0,"w":30,"x":983,"y":574
},{
"h":83,"n":"planet1_tileset_tile_31_3","p":-35,"q":-13,"w":27,"x":983,"y":936
}
],[
{
"h":96,"n":"planet1_tileset_tile_30_9","p":-28,"q":0,"w":68,"x":1,"y":1
},{
"h":65,"n":"planet1_tileset_tile_21_0","p":0,"q":-31,"w":96,"x":70,"y":1
},{
"h":96,"n":"planet1_tileset_tile_04_1","p":-33,"q":0,"w":63,"x":167,"y":1
},{
"h":96,"n":"planet1_tileset_tile_32_3","p":-36,"q":0,"w":60,"x":1,"y":98
},{
"h":96,"n":"planet1_tileset_tile_32_0","p":-36,"q":0,"w":60,"x":62,"y":98
},{
"h":96,"n":"planet1_tileset_tile_00_7","p":-36,"q":0,"w":60,"x":123,"y":98
},{
"h":96,"n":"planet1_tileset_tile_28_12","p":-38,"q":0,"w":58,"x":184,"y":98
},{
"h":96,"n":"planet1_tileset_tile_24_12","p":-38,"q":0,"w":58,"x":1,"y":195
},{
"h":96,"n":"planet1_tileset_tile_35_3","p":0,"q":0,"w":55,"x":60,"y":195
},{
"h":96,"n":"planet1_tileset_tile_33_0","p":0,"q":0,"w":55,"x":116,"y":195
},{
"h":96,"n":"planet1_tileset_tile_03_7","p":0,"q":0,"w":55,"x":172,"y":195
},{
"h":66,"n":"planet1_tileset_tile_20_0","p":-52,"q":-30,"w":44,"x":1,"y":292
},{
"h":96,"n":"planet1_tileset_tile_29_3","p":-35,"q":0,"w":27,"x":228,"y":195
}
]
],"meta":{
"atlas":[
"world_1_image_0.png","world_1_image_1.png","world_1_image_2.png","world_1_image_3.png","world_1_image_4.png","world_1_image_5.png"
]
}
}
