{
"animations":[

],"atlas":[
[
{
"h":512,"n":"planet3_tileset_bg1_volcan_tile4","p":0,"q":0,"w":512,"x":1,"y":1
},{
"h":240,"n":"fg4","p":188,"q":114,"w":383,"x":514,"y":1
},{
"h":256,"n":"planet3_tileset_bg2_volcan_tile4","p":0,"q":0,"w":250,"x":514,"y":242
},{
"h":256,"n":"planet3_tileset_bg2_volcan_tile7","p":-9,"q":0,"w":247,"x":765,"y":242
},{
"h":256,"n":"planet3_tileset_bg2_volcan_tile8","p":0,"q":0,"w":246,"x":1,"y":514
},{
"h":256,"n":"planet3_tileset_bg2_volcan_tile3","p":-5,"q":0,"w":245,"x":248,"y":514
},{
"h":241,"n":"planet3_tileset_bg2_volcan_tile5","p":-44,"q":-15,"w":212,"x":1,"y":771
},{
"h":202,"n":"planet3_tileset_bg2_volcan_tile2","p":0,"q":-54,"w":234,"x":248,"y":771
},{
"h":192,"n":"light3","p":96,"q":96,"w":192,"x":494,"y":514
},{
"h":153,"n":"planet3_tileset_bg2_volcan_tile6__0","p":0,"q":-103,"w":187,"x":494,"y":707
},{
"h":110,"n":"fg_7","p":125,"q":55,"w":249,"x":687,"y":514
},{
"h":162,"n":"planet3_tileset_bg2_volcan_tile1","p":-130,"q":-94,"w":126,"x":898,"y":1
},{
"h":100,"n":"fg_6","p":88,"q":50,"w":176,"x":494,"y":861
},{
"h":119,"n":"fg1","p":47,"q":60,"w":93,"x":687,"y":625
},{
"h":124,"n":"fg3","p":40,"q":62,"w":80,"x":687,"y":745
},{
"h":96,"n":"planet3_tileset_tile_39_8","p":0,"q":0,"w":96,"x":781,"y":625
},{
"h":96,"n":"planet3_tileset_tile_39_4","p":0,"q":0,"w":96,"x":878,"y":625
},{
"h":96,"n":"planet3_tileset_tile_39_2","p":0,"q":0,"w":96,"x":768,"y":745
},{
"h":96,"n":"planet3_tileset_tile_39_13","p":0,"q":0,"w":96,"x":865,"y":745
},{
"h":96,"n":"planet3_tileset_tile_38_8","p":0,"q":0,"w":96,"x":768,"y":842
},{
"h":96,"n":"planet3_tileset_tile_38_7","p":0,"q":0,"w":96,"x":865,"y":842
},{
"h":146,"n":"fg2","p":28,"q":73,"w":58,"x":687,"y":870
},{
"h":83,"n":"planet3_tileset_tile_25_2","p":0,"q":-13,"w":96,"x":768,"y":939
},{
"h":96,"n":"planet3_tileset_tile_30_9","p":-14,"q":0,"w":82,"x":937,"y":514
},{
"h":79,"n":"planet3_tileset_tile_17_10","p":0,"q":-17,"w":96,"x":865,"y":939
},{
"h":72,"n":"planet3_tileset_tile_03_9","p":0,"q":-24,"w":96,"x":898,"y":164
},{
"h":96,"n":"planet3_tileset_tile_32_3","p":-36,"q":0,"w":60,"x":962,"y":745
},{
"h":96,"n":"planet3_tileset_tile_27_12","p":-36,"q":0,"w":60,"x":962,"y":842
},{
"h":57,"n":"planet3_tileset_tile_37_10","p":0,"q":0,"w":96,"x":494,"y":962
},{
"h":60,"n":"planet3_tileset_tile_16_10","p":-19,"q":-36,"w":77,"x":591,"y":962
},{
"h":96,"n":"planet3_tileset_tile_15_6","p":-48,"q":0,"w":48,"x":975,"y":625
},{
"h":73,"n":"planet3_tileset_tile_31_2","p":0,"q":-23,"w":59,"x":962,"y":939
},{
"h":42,"n":"planet3_tileset_tile_34_0","p":0,"q":-54,"w":96,"x":248,"y":974
},{
"h":42,"n":"planet3_tileset_tile_33_0","p":0,"q":-54,"w":96,"x":345,"y":974
},{
"h":96,"n":"planet3_tileset_tile_14_8","p":-64,"q":0,"w":32,"x":214,"y":771
},{
"h":96,"n":"planet3_tileset_tile_29_3","p":-35,"q":0,"w":27,"x":214,"y":868
},{
"h":20,"n":"planet3_tileset_tile_38_3","p":0,"q":0,"w":96,"x":781,"y":722
},{
"h":20,"n":"planet3_tileset_tile_38_0","p":0,"q":0,"w":96,"x":878,"y":722
},{
"h":96,"n":"planet3_tileset_tile_28_3","p":-38,"q":0,"w":20,"x":746,"y":870
},{
"h":38,"n":"planet3_tileset_tile_35_12","p":-64,"q":0,"w":32,"x":214,"y":965
},{
"h":35,"n":"planet3_tileset_tile_11_2","p":0,"q":-61,"w":28,"x":995,"y":164
},{
"h":20,"n":"planet3_tileset_tile_39_3","p":0,"q":0,"w":48,"x":442,"y":974
},{
"h":20,"n":"planet3_tileset_tile_39_0","p":0,"q":0,"w":48,"x":442,"y":995
},{
"h":20,"n":"planet3_tileset_tile_36_3","p":-48,"q":0,"w":48,"x":975,"y":722
}
],[
{
"h":512,"n":"planet3_tileset_bg1_volcan_tile3","p":0,"q":0,"w":512,"x":1,"y":1
},{
"h":96,"n":"planet3_tileset_tile_38_2","p":0,"q":0,"w":96,"x":514,"y":1
},{
"h":96,"n":"planet3_tileset_tile_38_13","p":0,"q":0,"w":96,"x":611,"y":1
},{
"h":96,"n":"planet3_tileset_tile_38_10","p":0,"q":0,"w":96,"x":708,"y":1
},{
"h":96,"n":"planet3_tileset_tile_37_8","p":0,"q":0,"w":96,"x":805,"y":1
},{
"h":96,"n":"planet3_tileset_tile_37_7","p":0,"q":0,"w":96,"x":902,"y":1
},{
"h":96,"n":"planet3_tileset_tile_37_2","p":0,"q":0,"w":96,"x":514,"y":98
},{
"h":96,"n":"planet3_tileset_tile_37_13","p":0,"q":0,"w":96,"x":514,"y":195
},{
"h":96,"n":"planet3_tileset_tile_37_11","p":0,"q":0,"w":96,"x":514,"y":292
},{
"h":96,"n":"planet3_tileset_tile_36_9","p":0,"q":0,"w":96,"x":514,"y":389
},{
"h":96,"n":"planet3_tileset_tile_36_8","p":0,"q":0,"w":96,"x":611,"y":98
},{
"h":96,"n":"planet3_tileset_tile_36_7","p":0,"q":0,"w":96,"x":708,"y":98
},{
"h":96,"n":"planet3_tileset_tile_36_5","p":0,"q":0,"w":96,"x":805,"y":98
},{
"h":96,"n":"planet3_tileset_tile_36_2","p":0,"q":0,"w":96,"x":902,"y":98
},{
"h":96,"n":"planet3_tileset_tile_36_13","p":0,"q":0,"w":96,"x":611,"y":195
},{
"h":96,"n":"planet3_tileset_tile_36_10","p":0,"q":0,"w":96,"x":611,"y":292
},{
"h":96,"n":"planet3_tileset_tile_35_8","p":0,"q":0,"w":96,"x":611,"y":389
},{
"h":96,"n":"planet3_tileset_tile_35_7","p":0,"q":0,"w":96,"x":708,"y":195
},{
"h":96,"n":"planet3_tileset_tile_35_4","p":0,"q":0,"w":96,"x":805,"y":195
},{
"h":96,"n":"planet3_tileset_tile_35_11","p":0,"q":0,"w":96,"x":902,"y":195
},{
"h":96,"n":"planet3_tileset_tile_34_8","p":0,"q":0,"w":96,"x":708,"y":292
},{
"h":96,"n":"planet3_tileset_tile_34_7","p":0,"q":0,"w":96,"x":708,"y":389
},{
"h":96,"n":"planet3_tileset_tile_34_3","p":0,"q":0,"w":96,"x":805,"y":292
},{
"h":96,"n":"planet3_tileset_tile_34_2","p":0,"q":0,"w":96,"x":902,"y":292
},{
"h":96,"n":"planet3_tileset_tile_34_11","p":0,"q":0,"w":96,"x":805,"y":389
},{
"h":96,"n":"planet3_tileset_tile_33_9","p":0,"q":0,"w":96,"x":902,"y":389
},{
"h":96,"n":"planet3_tileset_tile_33_7","p":0,"q":0,"w":96,"x":1,"y":514
},{
"h":96,"n":"planet3_tileset_tile_33_5","p":0,"q":0,"w":96,"x":1,"y":611
},{
"h":96,"n":"planet3_tileset_tile_33_4","p":0,"q":0,"w":96,"x":1,"y":708
},{
"h":96,"n":"planet3_tileset_tile_33_12","p":0,"q":0,"w":96,"x":1,"y":805
},{
"h":96,"n":"planet3_tileset_tile_32_9","p":0,"q":0,"w":96,"x":1,"y":902
},{
"h":96,"n":"planet3_tileset_tile_32_8","p":0,"q":0,"w":96,"x":98,"y":514
},{
"h":96,"n":"planet3_tileset_tile_32_7","p":0,"q":0,"w":96,"x":98,"y":611
},{
"h":96,"n":"planet3_tileset_tile_32_12","p":0,"q":0,"w":96,"x":98,"y":708
},{
"h":96,"n":"planet3_tileset_tile_31_8","p":0,"q":0,"w":96,"x":98,"y":805
},{
"h":96,"n":"planet3_tileset_tile_31_7","p":0,"q":0,"w":96,"x":98,"y":902
},{
"h":96,"n":"planet3_tileset_tile_31_11","p":0,"q":0,"w":96,"x":195,"y":514
},{
"h":96,"n":"planet3_tileset_tile_31_0","p":0,"q":0,"w":96,"x":195,"y":611
},{
"h":96,"n":"planet3_tileset_tile_30_7","p":0,"q":0,"w":96,"x":195,"y":708
},{
"h":96,"n":"planet3_tileset_tile_30_13","p":0,"q":0,"w":96,"x":195,"y":805
},{
"h":96,"n":"planet3_tileset_tile_30_12","p":0,"q":0,"w":96,"x":195,"y":902
},{
"h":96,"n":"planet3_tileset_tile_30_11","p":0,"q":0,"w":96,"x":292,"y":514
},{
"h":96,"n":"planet3_tileset_tile_30_0","p":0,"q":0,"w":96,"x":292,"y":611
},{
"h":96,"n":"planet3_tileset_tile_29_8","p":0,"q":0,"w":96,"x":292,"y":708
},{
"h":96,"n":"planet3_tileset_tile_29_7","p":0,"q":0,"w":96,"x":292,"y":805
},{
"h":96,"n":"planet3_tileset_tile_29_5","p":0,"q":0,"w":96,"x":292,"y":902
},{
"h":96,"n":"planet3_tileset_tile_29_4","p":0,"q":0,"w":96,"x":389,"y":514
},{
"h":96,"n":"planet3_tileset_tile_28_9","p":0,"q":0,"w":96,"x":389,"y":611
},{
"h":96,"n":"planet3_tileset_tile_28_8","p":0,"q":0,"w":96,"x":389,"y":708
},{
"h":96,"n":"planet3_tileset_tile_28_7","p":0,"q":0,"w":96,"x":389,"y":805
},{
"h":96,"n":"planet3_tileset_tile_28_12","p":0,"q":0,"w":96,"x":389,"y":902
},{
"h":96,"n":"planet3_tileset_tile_27_8","p":0,"q":0,"w":96,"x":486,"y":514
},{
"h":96,"n":"planet3_tileset_tile_27_7","p":0,"q":0,"w":96,"x":486,"y":611
},{
"h":96,"n":"planet3_tileset_tile_27_4","p":0,"q":0,"w":96,"x":486,"y":708
},{
"h":96,"n":"planet3_tileset_tile_27_2","p":0,"q":0,"w":96,"x":486,"y":805
},{
"h":96,"n":"planet3_tileset_tile_27_13","p":0,"q":0,"w":96,"x":486,"y":902
},{
"h":96,"n":"planet3_tileset_tile_27_10","p":0,"q":0,"w":96,"x":583,"y":514
},{
"h":96,"n":"planet3_tileset_tile_27_0","p":0,"q":0,"w":96,"x":680,"y":514
},{
"h":96,"n":"planet3_tileset_tile_26_9","p":0,"q":0,"w":96,"x":777,"y":514
},{
"h":96,"n":"planet3_tileset_tile_26_7","p":0,"q":0,"w":96,"x":874,"y":514
},{
"h":96,"n":"planet3_tileset_tile_26_5","p":0,"q":0,"w":96,"x":583,"y":611
},{
"h":96,"n":"planet3_tileset_tile_26_2","p":0,"q":0,"w":96,"x":583,"y":708
},{
"h":96,"n":"planet3_tileset_tile_26_13","p":0,"q":0,"w":96,"x":583,"y":805
},{
"h":96,"n":"planet3_tileset_tile_26_12","p":0,"q":0,"w":96,"x":583,"y":902
},{
"h":96,"n":"planet3_tileset_tile_26_10","p":0,"q":0,"w":96,"x":680,"y":611
},{
"h":96,"n":"planet3_tileset_tile_26_0","p":0,"q":0,"w":96,"x":777,"y":611
},{
"h":96,"n":"planet3_tileset_tile_25_9","p":0,"q":0,"w":96,"x":874,"y":611
},{
"h":96,"n":"planet3_tileset_tile_25_8","p":0,"q":0,"w":96,"x":680,"y":708
},{
"h":96,"n":"planet3_tileset_tile_25_7","p":0,"q":0,"w":96,"x":680,"y":805
},{
"h":96,"n":"planet3_tileset_tile_25_5","p":0,"q":0,"w":96,"x":680,"y":902
},{
"h":96,"n":"planet3_tileset_tile_25_4","p":0,"q":0,"w":96,"x":777,"y":708
},{
"h":96,"n":"planet3_tileset_tile_25_13","p":0,"q":0,"w":96,"x":874,"y":708
},{
"h":96,"n":"planet3_tileset_tile_25_12","p":0,"q":0,"w":96,"x":777,"y":805
},{
"h":96,"n":"planet3_tileset_tile_25_10","p":0,"q":0,"w":96,"x":777,"y":902
},{
"h":96,"n":"planet3_tileset_tile_24_9","p":0,"q":0,"w":96,"x":874,"y":805
},{
"h":96,"n":"planet3_tileset_tile_24_8","p":0,"q":0,"w":96,"x":874,"y":902
},{
"h":92,"n":"planet3_tileset_tile_19_3","p":0,"q":0,"w":53,"x":971,"y":514
},{
"h":92,"n":"planet3_tileset_tile_16_3","p":-43,"q":0,"w":53,"x":971,"y":611
},{
"h":96,"n":"planet3_tileset_tile_11_6","p":0,"q":0,"w":48,"x":971,"y":708
},{
"h":96,"n":"planet3_tileset_tile_15_7","p":0,"q":0,"w":38,"x":971,"y":805
},{
"h":96,"n":"planet3_tileset_tile_11_7","p":0,"q":0,"w":38,"x":971,"y":902
},{
"h":20,"n":"planet3_tileset_tile_37_3","p":0,"q":0,"w":96,"x":514,"y":486
},{
"h":20,"n":"planet3_tileset_tile_37_0","p":0,"q":0,"w":96,"x":611,"y":486
},{
"h":20,"n":"planet3_tileset_tile_01_10","p":0,"q":-76,"w":96,"x":708,"y":486
},{
"h":20,"n":"planet3_tileset_tile_36_0","p":-48,"q":0,"w":48,"x":805,"y":486
}
],[
{
"h":512,"n":"planet3_tileset_bg1_volcan_tile2","p":0,"q":0,"w":512,"x":1,"y":1
},{
"h":96,"n":"planet3_tileset_tile_24_7","p":0,"q":0,"w":96,"x":514,"y":1
},{
"h":96,"n":"planet3_tileset_tile_24_5","p":0,"q":0,"w":96,"x":611,"y":1
},{
"h":96,"n":"planet3_tileset_tile_24_13","p":0,"q":0,"w":96,"x":708,"y":1
},{
"h":96,"n":"planet3_tileset_tile_24_12","p":0,"q":0,"w":96,"x":805,"y":1
},{
"h":96,"n":"planet3_tileset_tile_24_10","p":0,"q":0,"w":96,"x":902,"y":1
},{
"h":96,"n":"planet3_tileset_tile_24_1","p":0,"q":0,"w":96,"x":514,"y":98
},{
"h":96,"n":"planet3_tileset_tile_23_9","p":0,"q":0,"w":96,"x":514,"y":195
},{
"h":96,"n":"planet3_tileset_tile_23_7","p":0,"q":0,"w":96,"x":514,"y":292
},{
"h":96,"n":"planet3_tileset_tile_23_4","p":0,"q":0,"w":96,"x":514,"y":389
},{
"h":96,"n":"planet3_tileset_tile_23_2","p":0,"q":0,"w":96,"x":611,"y":98
},{
"h":96,"n":"planet3_tileset_tile_23_13","p":0,"q":0,"w":96,"x":708,"y":98
},{
"h":96,"n":"planet3_tileset_tile_23_10","p":0,"q":0,"w":96,"x":805,"y":98
},{
"h":96,"n":"planet3_tileset_tile_23_0","p":0,"q":0,"w":96,"x":902,"y":98
},{
"h":96,"n":"planet3_tileset_tile_22_9","p":0,"q":0,"w":96,"x":611,"y":195
},{
"h":96,"n":"planet3_tileset_tile_22_7","p":0,"q":0,"w":96,"x":611,"y":292
},{
"h":96,"n":"planet3_tileset_tile_22_5","p":0,"q":0,"w":96,"x":611,"y":389
},{
"h":96,"n":"planet3_tileset_tile_22_13","p":0,"q":0,"w":96,"x":708,"y":195
},{
"h":96,"n":"planet3_tileset_tile_22_10","p":0,"q":0,"w":96,"x":805,"y":195
},{
"h":96,"n":"planet3_tileset_tile_22_0","p":0,"q":0,"w":96,"x":902,"y":195
},{
"h":96,"n":"planet3_tileset_tile_21_9","p":0,"q":0,"w":96,"x":708,"y":292
},{
"h":96,"n":"planet3_tileset_tile_21_7","p":0,"q":0,"w":96,"x":708,"y":389
},{
"h":96,"n":"planet3_tileset_tile_21_5","p":0,"q":0,"w":96,"x":805,"y":292
},{
"h":96,"n":"planet3_tileset_tile_21_4","p":0,"q":0,"w":96,"x":902,"y":292
},{
"h":96,"n":"planet3_tileset_tile_21_13","p":0,"q":0,"w":96,"x":805,"y":389
},{
"h":96,"n":"planet3_tileset_tile_21_12","p":0,"q":0,"w":96,"x":902,"y":389
},{
"h":96,"n":"planet3_tileset_tile_21_11","p":0,"q":0,"w":96,"x":1,"y":514
},{
"h":96,"n":"planet3_tileset_tile_21_10","p":0,"q":0,"w":96,"x":1,"y":611
},{
"h":96,"n":"planet3_tileset_tile_20_9","p":0,"q":0,"w":96,"x":1,"y":708
},{
"h":96,"n":"planet3_tileset_tile_20_7","p":0,"q":0,"w":96,"x":1,"y":805
},{
"h":96,"n":"planet3_tileset_tile_20_5","p":0,"q":0,"w":96,"x":1,"y":902
},{
"h":96,"n":"planet3_tileset_tile_20_13","p":0,"q":0,"w":96,"x":98,"y":514
},{
"h":96,"n":"planet3_tileset_tile_20_12","p":0,"q":0,"w":96,"x":98,"y":611
},{
"h":96,"n":"planet3_tileset_tile_20_10","p":0,"q":0,"w":96,"x":98,"y":708
},{
"h":96,"n":"planet3_tileset_tile_20_0","p":0,"q":0,"w":96,"x":98,"y":805
},{
"h":96,"n":"planet3_tileset_tile_19_9","p":0,"q":0,"w":96,"x":98,"y":902
},{
"h":96,"n":"planet3_tileset_tile_19_4","p":0,"q":0,"w":96,"x":195,"y":514
},{
"h":96,"n":"planet3_tileset_tile_19_13","p":0,"q":0,"w":96,"x":195,"y":611
},{
"h":96,"n":"planet3_tileset_tile_19_10","p":0,"q":0,"w":96,"x":195,"y":708
},{
"h":96,"n":"planet3_tileset_tile_18_9","p":0,"q":0,"w":96,"x":195,"y":805
},{
"h":96,"n":"planet3_tileset_tile_18_8","p":0,"q":0,"w":96,"x":195,"y":902
},{
"h":96,"n":"planet3_tileset_tile_18_5","p":0,"q":0,"w":96,"x":292,"y":514
},{
"h":96,"n":"planet3_tileset_tile_18_13","p":0,"q":0,"w":96,"x":292,"y":611
},{
"h":96,"n":"planet3_tileset_tile_17_9","p":0,"q":0,"w":96,"x":292,"y":708
},{
"h":96,"n":"planet3_tileset_tile_17_5","p":0,"q":0,"w":96,"x":292,"y":805
},{
"h":96,"n":"planet3_tileset_tile_17_4","p":0,"q":0,"w":96,"x":292,"y":902
},{
"h":96,"n":"planet3_tileset_tile_17_2","p":0,"q":0,"w":96,"x":389,"y":514
},{
"h":96,"n":"planet3_tileset_tile_17_13","p":0,"q":0,"w":96,"x":389,"y":611
},{
"h":96,"n":"planet3_tileset_tile_16_9","p":0,"q":0,"w":96,"x":389,"y":708
},{
"h":96,"n":"planet3_tileset_tile_16_2","p":0,"q":0,"w":96,"x":389,"y":805
},{
"h":96,"n":"planet3_tileset_tile_16_13","p":0,"q":0,"w":96,"x":389,"y":902
},{
"h":96,"n":"planet3_tileset_tile_16_1","p":0,"q":0,"w":96,"x":486,"y":514
},{
"h":96,"n":"planet3_tileset_tile_15_9","p":0,"q":0,"w":96,"x":486,"y":611
},{
"h":96,"n":"planet3_tileset_tile_15_5","p":0,"q":0,"w":96,"x":486,"y":708
},{
"h":96,"n":"planet3_tileset_tile_15_4","p":0,"q":0,"w":96,"x":486,"y":805
},{
"h":96,"n":"planet3_tileset_tile_15_2","p":0,"q":0,"w":96,"x":486,"y":902
},{
"h":96,"n":"planet3_tileset_tile_15_13","p":0,"q":0,"w":96,"x":583,"y":514
},{
"h":96,"n":"planet3_tileset_tile_15_0","p":0,"q":0,"w":96,"x":680,"y":514
},{
"h":96,"n":"planet3_tileset_tile_14_9","p":0,"q":0,"w":96,"x":777,"y":514
},{
"h":96,"n":"planet3_tileset_tile_14_7","p":0,"q":0,"w":96,"x":874,"y":514
},{
"h":96,"n":"planet3_tileset_tile_14_5","p":0,"q":0,"w":96,"x":583,"y":611
},{
"h":96,"n":"planet3_tileset_tile_14_2","p":0,"q":0,"w":96,"x":583,"y":708
},{
"h":96,"n":"planet3_tileset_tile_14_13","p":0,"q":0,"w":96,"x":583,"y":805
},{
"h":96,"n":"planet3_tileset_tile_13_9","p":0,"q":0,"w":96,"x":583,"y":902
},{
"h":96,"n":"planet3_tileset_tile_13_7","p":0,"q":0,"w":96,"x":680,"y":611
},{
"h":96,"n":"planet3_tileset_tile_13_5","p":0,"q":0,"w":96,"x":777,"y":611
},{
"h":96,"n":"planet3_tileset_tile_13_4","p":0,"q":0,"w":96,"x":874,"y":611
},{
"h":96,"n":"planet3_tileset_tile_13_2","p":0,"q":0,"w":96,"x":680,"y":708
},{
"h":96,"n":"planet3_tileset_tile_13_13","p":0,"q":0,"w":96,"x":680,"y":805
},{
"h":96,"n":"planet3_tileset_tile_12_9","p":0,"q":0,"w":96,"x":680,"y":902
},{
"h":96,"n":"planet3_tileset_tile_12_5","p":0,"q":0,"w":96,"x":777,"y":708
},{
"h":96,"n":"planet3_tileset_tile_12_2","p":0,"q":0,"w":96,"x":874,"y":708
},{
"h":96,"n":"planet3_tileset_tile_12_13","p":0,"q":0,"w":96,"x":777,"y":805
},{
"h":96,"n":"planet3_tileset_tile_11_9","p":0,"q":0,"w":96,"x":777,"y":902
},{
"h":96,"n":"planet3_tileset_tile_11_8","p":0,"q":0,"w":96,"x":874,"y":805
},{
"h":96,"n":"planet3_tileset_tile_11_0","p":0,"q":0,"w":96,"x":874,"y":902
},{
"h":87,"n":"planet3_tileset_tile_03_1","p":0,"q":-9,"w":39,"x":971,"y":514
},{
"h":87,"n":"planet3_tileset_tile_00_1","p":-57,"q":-9,"w":39,"x":971,"y":611
},{
"h":56,"n":"planet3_tileset_tile_14_0","p":0,"q":0,"w":52,"x":971,"y":708
},{
"h":56,"n":"planet3_tileset_tile_12_0","p":-44,"q":0,"w":52,"x":971,"y":805
},{
"h":66,"n":"planet3_tileset_tile_28_2","p":0,"q":-30,"w":44,"x":971,"y":902
}
],[
{
"h":512,"n":"planet3_tileset_bg1_volcan_tile1","p":0,"q":0,"w":512,"x":1,"y":1
},{
"h":96,"n":"planet3_tileset_tile_10_9","p":0,"q":0,"w":96,"x":514,"y":1
},{
"h":96,"n":"planet3_tileset_tile_10_7","p":0,"q":0,"w":96,"x":611,"y":1
},{
"h":96,"n":"planet3_tileset_tile_10_2","p":0,"q":0,"w":96,"x":708,"y":1
},{
"h":96,"n":"planet3_tileset_tile_10_13","p":0,"q":0,"w":96,"x":805,"y":1
},{
"h":96,"n":"planet3_tileset_tile_10_12","p":0,"q":0,"w":96,"x":902,"y":1
},{
"h":96,"n":"planet3_tileset_tile_09_9","p":0,"q":0,"w":96,"x":514,"y":98
},{
"h":96,"n":"planet3_tileset_tile_09_7","p":0,"q":0,"w":96,"x":514,"y":195
},{
"h":96,"n":"planet3_tileset_tile_09_13","p":0,"q":0,"w":96,"x":514,"y":292
},{
"h":96,"n":"planet3_tileset_tile_09_12","p":0,"q":0,"w":96,"x":514,"y":389
},{
"h":96,"n":"planet3_tileset_tile_09_10","p":0,"q":0,"w":96,"x":611,"y":98
},{
"h":96,"n":"planet3_tileset_tile_09_0","p":0,"q":0,"w":96,"x":708,"y":98
},{
"h":96,"n":"planet3_tileset_tile_08_9","p":0,"q":0,"w":96,"x":805,"y":98
},{
"h":96,"n":"planet3_tileset_tile_08_2","p":0,"q":0,"w":96,"x":902,"y":98
},{
"h":96,"n":"planet3_tileset_tile_08_10","p":0,"q":0,"w":96,"x":611,"y":195
},{
"h":96,"n":"planet3_tileset_tile_07_9","p":0,"q":0,"w":96,"x":611,"y":292
},{
"h":96,"n":"planet3_tileset_tile_07_8","p":0,"q":0,"w":96,"x":611,"y":389
},{
"h":96,"n":"planet3_tileset_tile_07_4","p":0,"q":0,"w":96,"x":708,"y":195
},{
"h":96,"n":"planet3_tileset_tile_07_12","p":0,"q":0,"w":96,"x":805,"y":195
},{
"h":96,"n":"planet3_tileset_tile_07_10","p":0,"q":0,"w":96,"x":902,"y":195
},{
"h":96,"n":"planet3_tileset_tile_07_0","p":0,"q":0,"w":96,"x":708,"y":292
},{
"h":96,"n":"planet3_tileset_tile_06_9","p":0,"q":0,"w":96,"x":708,"y":389
},{
"h":96,"n":"planet3_tileset_tile_06_7","p":0,"q":0,"w":96,"x":805,"y":292
},{
"h":96,"n":"planet3_tileset_tile_06_6","p":0,"q":0,"w":96,"x":902,"y":292
},{
"h":96,"n":"planet3_tileset_tile_06_13","p":0,"q":0,"w":96,"x":805,"y":389
},{
"h":96,"n":"planet3_tileset_tile_06_10","p":0,"q":0,"w":96,"x":902,"y":389
},{
"h":96,"n":"planet3_tileset_tile_06_1","p":0,"q":0,"w":96,"x":1,"y":514
},{
"h":96,"n":"planet3_tileset_tile_05_9","p":0,"q":0,"w":96,"x":1,"y":611
},{
"h":96,"n":"planet3_tileset_tile_05_7","p":0,"q":0,"w":96,"x":1,"y":708
},{
"h":96,"n":"planet3_tileset_tile_05_6","p":0,"q":0,"w":96,"x":1,"y":805
},{
"h":96,"n":"planet3_tileset_tile_05_13","p":0,"q":0,"w":96,"x":1,"y":902
},{
"h":96,"n":"planet3_tileset_tile_05_10","p":0,"q":0,"w":96,"x":98,"y":514
},{
"h":96,"n":"planet3_tileset_tile_05_1","p":0,"q":0,"w":96,"x":98,"y":611
},{
"h":96,"n":"planet3_tileset_tile_05_0","p":0,"q":0,"w":96,"x":98,"y":708
},{
"h":96,"n":"planet3_tileset_tile_04_9","p":0,"q":0,"w":96,"x":98,"y":805
},{
"h":96,"n":"planet3_tileset_tile_04_8","p":0,"q":0,"w":96,"x":98,"y":902
},{
"h":96,"n":"planet3_tileset_tile_04_6","p":0,"q":0,"w":96,"x":195,"y":514
},{
"h":96,"n":"planet3_tileset_tile_03_8","p":0,"q":0,"w":96,"x":195,"y":611
},{
"h":96,"n":"planet3_tileset_tile_03_4","p":0,"q":0,"w":96,"x":195,"y":708
},{
"h":96,"n":"planet3_tileset_tile_03_13","p":0,"q":0,"w":96,"x":195,"y":805
},{
"h":96,"n":"planet3_tileset_tile_03_12","p":0,"q":0,"w":96,"x":195,"y":902
},{
"h":96,"n":"planet3_tileset_tile_03_0","p":0,"q":0,"w":96,"x":292,"y":514
},{
"h":96,"n":"planet3_tileset_tile_02_8","p":0,"q":0,"w":96,"x":292,"y":611
},{
"h":96,"n":"planet3_tileset_tile_02_7","p":0,"q":0,"w":96,"x":292,"y":708
},{
"h":96,"n":"planet3_tileset_tile_02_6","p":0,"q":0,"w":96,"x":292,"y":805
},{
"h":96,"n":"planet3_tileset_tile_02_13","p":0,"q":0,"w":96,"x":292,"y":902
},{
"h":96,"n":"planet3_tileset_tile_01_8","p":0,"q":0,"w":96,"x":389,"y":514
},{
"h":96,"n":"planet3_tileset_tile_01_6","p":0,"q":0,"w":96,"x":389,"y":611
},{
"h":96,"n":"planet3_tileset_tile_01_13","p":0,"q":0,"w":96,"x":389,"y":708
},{
"h":96,"n":"planet3_tileset_tile_00_8","p":0,"q":0,"w":96,"x":389,"y":805
},{
"h":96,"n":"planet3_tileset_tile_00_6","p":0,"q":0,"w":96,"x":389,"y":902
},{
"h":96,"n":"planet3_tileset_tile_00_13","p":0,"q":0,"w":96,"x":486,"y":514
},{
"h":94,"n":"planet3_tileset_tile_39_9","p":0,"q":0,"w":96,"x":486,"y":611
},{
"h":94,"n":"planet3_tileset_tile_38_9","p":0,"q":0,"w":96,"x":486,"y":706
},{
"h":94,"n":"planet3_tileset_tile_20_2","p":0,"q":-2,"w":96,"x":486,"y":801
},{
"h":94,"n":"planet3_tileset_tile_13_10","p":0,"q":0,"w":96,"x":486,"y":896
},{
"h":94,"n":"planet3_tileset_tile_12_10","p":0,"q":0,"w":96,"x":583,"y":514
},{
"h":93,"n":"planet3_tileset_tile_33_13","p":0,"q":-3,"w":96,"x":680,"y":514
},{
"h":93,"n":"planet3_tileset_tile_32_13","p":0,"q":-3,"w":96,"x":777,"y":514
},{
"h":93,"n":"planet3_tileset_tile_09_8","p":0,"q":0,"w":96,"x":874,"y":514
},{
"h":95,"n":"planet3_tileset_tile_22_2","p":-3,"q":-1,"w":93,"x":583,"y":609
},{
"h":92,"n":"planet3_tileset_tile_19_0","p":0,"q":-4,"w":96,"x":677,"y":609
},{
"h":96,"n":"planet3_tileset_tile_10_0","p":0,"q":0,"w":92,"x":583,"y":705
},{
"h":96,"n":"planet3_tileset_tile_34_9","p":-5,"q":0,"w":91,"x":583,"y":802
},{
"h":96,"n":"planet3_tileset_tile_32_2","p":0,"q":0,"w":91,"x":583,"y":899
},{
"h":91,"n":"planet3_tileset_tile_09_2","p":0,"q":-5,"w":96,"x":774,"y":609
},{
"h":96,"n":"planet3_tileset_tile_08_0","p":-5,"q":0,"w":91,"x":677,"y":702
},{
"h":96,"n":"planet3_tileset_tile_06_0","p":0,"q":0,"w":91,"x":677,"y":799
},{
"h":96,"n":"planet3_tileset_tile_04_2","p":0,"q":0,"w":91,"x":677,"y":896
},{
"h":96,"n":"planet3_tileset_tile_04_0","p":-5,"q":0,"w":91,"x":769,"y":702
},{
"h":96,"n":"planet3_tileset_tile_00_2","p":0,"q":0,"w":91,"x":861,"y":702
},{
"h":89,"n":"planet3_tileset_tile_03_10","p":0,"q":-7,"w":96,"x":871,"y":609
},{
"h":96,"n":"planet3_tileset_tile_29_9","p":0,"q":0,"w":88,"x":769,"y":799
},{
"h":87,"n":"planet3_tileset_tile_29_13","p":0,"q":0,"w":96,"x":858,"y":799
},{
"h":87,"n":"planet3_tileset_tile_28_13","p":0,"q":0,"w":96,"x":858,"y":887
},{
"h":96,"n":"planet3_tileset_tile_35_9","p":0,"q":0,"w":79,"x":769,"y":896
},{
"h":96,"n":"planet3_tileset_tile_37_9","p":0,"q":0,"w":71,"x":953,"y":702
},{
"h":96,"n":"planet3_tileset_tile_11_13","p":0,"q":0,"w":69,"x":955,"y":887
},{
"h":38,"n":"planet3_tileset_tile_19_12","p":0,"q":0,"w":96,"x":858,"y":975
},{
"h":66,"n":"planet3_tileset_tile_20_8","p":-52,"q":-30,"w":44,"x":971,"y":514
},{
"h":42,"n":"planet3_tileset_tile_32_0","p":-36,"q":-54,"w":60,"x":955,"y":799
},{
"h":42,"n":"planet3_tileset_tile_35_0","p":0,"q":-54,"w":55,"x":968,"y":609
}
],[
{
"h":87,"n":"planet3_tileset_tile_12_1","p":0,"q":-9,"w":96,"x":1,"y":1
},{
"h":87,"n":"planet3_tileset_tile_02_1","p":0,"q":-9,"w":96,"x":98,"y":1
},{
"h":87,"n":"planet3_tileset_tile_01_1","p":0,"q":-9,"w":96,"x":195,"y":1
},{
"h":96,"n":"planet3_tileset_tile_31_9","p":0,"q":0,"w":79,"x":1,"y":89
},{
"h":96,"n":"planet3_tileset_tile_27_9","p":0,"q":0,"w":79,"x":81,"y":89
},{
"h":96,"n":"planet3_tileset_tile_05_12","p":-17,"q":0,"w":79,"x":161,"y":89
},{
"h":96,"n":"planet3_tileset_tile_04_12","p":0,"q":0,"w":79,"x":241,"y":89
},{
"h":78,"n":"planet3_tileset_tile_18_0","p":0,"q":-18,"w":96,"x":292,"y":1
},{
"h":78,"n":"planet3_tileset_tile_16_0","p":0,"q":-18,"w":96,"x":389,"y":1
},{
"h":71,"n":"planet3_tileset_tile_34_13","p":0,"q":-25,"w":96,"x":321,"y":89
},{
"h":71,"n":"planet3_tileset_tile_02_9","p":0,"q":-25,"w":96,"x":1,"y":186
},{
"h":68,"n":"planet3_tileset_tile_18_10","p":0,"q":-28,"w":96,"x":98,"y":186
},{
"h":66,"n":"planet3_tileset_tile_04_10","p":0,"q":-30,"w":96,"x":195,"y":186
},{
"h":66,"n":"planet3_tileset_tile_00_9","p":0,"q":-30,"w":96,"x":292,"y":186
},{
"h":71,"n":"planet3_tileset_tile_30_2","p":-8,"q":-25,"w":88,"x":418,"y":89
},{
"h":65,"n":"planet3_tileset_tile_21_8","p":0,"q":-31,"w":96,"x":389,"y":186
},{
"h":96,"n":"planet3_tileset_tile_07_13","p":0,"q":0,"w":65,"x":1,"y":258
},{
"h":65,"n":"planet3_tileset_tile_01_9","p":0,"q":-31,"w":96,"x":67,"y":258
},{
"h":64,"n":"planet3_tileset_tile_35_13","p":0,"q":-32,"w":96,"x":164,"y":258
},{
"h":64,"n":"planet3_tileset_tile_01_0","p":0,"q":-32,"w":96,"x":261,"y":258
},{
"h":96,"n":"planet3_tileset_tile_07_1","p":0,"q":0,"w":63,"x":358,"y":258
},{
"h":96,"n":"planet3_tileset_tile_04_1","p":-33,"q":0,"w":63,"x":422,"y":258
},{
"h":96,"n":"planet3_tileset_tile_00_7","p":-36,"q":0,"w":60,"x":1,"y":355
},{
"h":96,"n":"planet3_tileset_tile_35_2","p":0,"q":0,"w":59,"x":62,"y":355
},{
"h":96,"n":"planet3_tileset_tile_31_12","p":-37,"q":0,"w":59,"x":122,"y":355
},{
"h":64,"n":"planet3_tileset_tile_00_0","p":-10,"q":-32,"w":86,"x":182,"y":355
},{
"h":57,"n":"planet3_tileset_tile_13_0","p":0,"q":0,"w":96,"x":269,"y":355
},{
"h":64,"n":"planet3_tileset_tile_02_0","p":0,"q":-32,"w":85,"x":366,"y":355
},{
"h":56,"n":"planet3_tileset_tile_33_8","p":0,"q":0,"w":96,"x":1,"y":452
},{
"h":96,"n":"planet3_tileset_tile_08_13","p":-40,"q":0,"w":56,"x":452,"y":355
},{
"h":96,"n":"planet3_tileset_tile_35_3","p":0,"q":0,"w":55,"x":1,"y":509
},{
"h":55,"n":"planet3_tileset_tile_30_8","p":0,"q":0,"w":96,"x":98,"y":452
},{
"h":55,"n":"planet3_tileset_tile_26_8","p":0,"q":0,"w":96,"x":195,"y":452
},{
"h":96,"n":"planet3_tileset_tile_03_7","p":0,"q":0,"w":55,"x":1,"y":606
},{
"h":96,"n":"planet3_tileset_tile_04_13","p":-42,"q":0,"w":54,"x":1,"y":703
},{
"h":68,"n":"planet3_tileset_tile_06_2","p":0,"q":-28,"w":71,"x":57,"y":509
},{
"h":40,"n":"planet3_tileset_tile_02_10","p":-5,"q":-56,"w":91,"x":292,"y":452
},{
"h":38,"n":"planet3_tileset_tile_06_8","p":0,"q":0,"w":91,"x":269,"y":413
}
]
],"meta":{
"atlas":[
"world_3_image_0.png","world_3_image_1.png","world_3_image_2.png","world_3_image_3.png","world_3_image_4.png"
]
}
}
