<?xml version="1.0" encoding="UTF-8" standalone="no"?>
<!--Created using Glyph Designer - http://71squared.com/glyphdesigner-->
<font>
    <info face="Dosis Blue" size="24" bold="1" italic="0" charset="" unicode="0" stretchH="100" smooth="1" aa="1" padding="0,0,0,0" spacing="2,2"/>
    <common lineHeight="39" base="25" scaleW="404" scaleH="559" pages="1" packed="0"/>
    <pages>
        <page id="0" file="dosis_blue_hud.png"/>
    </pages>
    <chars count="322">
        <char id="32" x="280" y="528" width="0" height="0" xoffset="0" yoffset="38" xadvance="5" page="0" chnl="0" letter="space"/>
        <char id="33" x="374" y="392" width="13" height="27" xoffset="-3" yoffset="11" xadvance="5" page="0" chnl="0" letter="!"/>
        <char id="34" x="72" y="528" width="15" height="14" xoffset="-3" yoffset="10" xadvance="7" page="0" chnl="0" letter="&quot;"/>
        <char id="35" x="45" y="421" width="25" height="26" xoffset="-3" yoffset="11" xadvance="16" page="0" chnl="0" letter="#"/>
        <char id="36" x="54" y="215" width="21" height="29" xoffset="-3" yoffset="10" xadvance="13" page="0" chnl="0" letter="$"/>
        <char id="37" x="359" y="181" width="27" height="29" xoffset="-3" yoffset="10" xadvance="19" page="0" chnl="0" letter="%"/>
        <char id="38" x="143" y="215" width="24" height="28" xoffset="-3" yoffset="10" xadvance="15" page="0" chnl="0" letter="&amp;"/>
        <char id="39" x="89" y="528" width="12" height="14" xoffset="-3" yoffset="10" xadvance="4" page="0" chnl="0" letter="'"/>
        <char id="40" x="178" y="246" width="16" height="28" xoffset="-3" yoffset="10" xadvance="8" page="0" chnl="0" letter="("/>
        <char id="41" x="196" y="246" width="16" height="28" xoffset="-4" yoffset="10" xadvance="8" page="0" chnl="0" letter=")"/>
        <char id="42" x="153" y="505" width="20" height="19" xoffset="-3" yoffset="11" xadvance="11" page="0" chnl="0" letter="*"/>
        <char id="43" x="219" y="505" width="19" height="19" xoffset="-3" yoffset="18" xadvance="11" page="0" chnl="0" letter="+"/>
        <char id="44" x="57" y="528" width="13" height="15" xoffset="-3" yoffset="25" xadvance="5" page="0" chnl="0" letter=","/>
        <char id="45" x="204" y="528" width="18" height="12" xoffset="-3" yoffset="22" xadvance="10" page="0" chnl="0" letter="-"/>
        <char id="46" x="153" y="528" width="13" height="13" xoffset="-3" yoffset="25" xadvance="5" page="0" chnl="0" letter="."/>
        <char id="47" x="100" y="215" width="20" height="29" xoffset="-4" yoffset="10" xadvance="12" page="0" chnl="0" letter="/"/>
        <char id="48" x="380" y="276" width="21" height="27" xoffset="-3" yoffset="11" xadvance="13" page="0" chnl="0" letter="0"/>
        <char id="49" x="325" y="392" width="15" height="27" xoffset="-4" yoffset="11" xadvance="7" page="0" chnl="0" letter="1"/>
        <char id="50" x="117" y="334" width="20" height="27" xoffset="-3" yoffset="11" xadvance="12" page="0" chnl="0" letter="2"/>
        <char id="51" x="2" y="305" width="21" height="27" xoffset="-4" yoffset="11" xadvance="13" page="0" chnl="0" letter="3"/>
        <char id="52" x="260" y="276" width="22" height="27" xoffset="-4" yoffset="11" xadvance="12" page="0" chnl="0" letter="4"/>
        <char id="53" x="25" y="305" width="21" height="27" xoffset="-4" yoffset="11" xadvance="12" page="0" chnl="0" letter="5"/>
        <char id="54" x="48" y="305" width="21" height="27" xoffset="-3" yoffset="11" xadvance="13" page="0" chnl="0" letter="6"/>
        <char id="55" x="71" y="305" width="21" height="27" xoffset="-4" yoffset="11" xadvance="12" page="0" chnl="0" letter="7"/>
        <char id="56" x="94" y="305" width="21" height="27" xoffset="-3" yoffset="11" xadvance="13" page="0" chnl="0" letter="8"/>
        <char id="57" x="117" y="305" width="21" height="27" xoffset="-3" yoffset="11" xadvance="13" page="0" chnl="0" letter="9"/>
        <char id="58" x="138" y="505" width="13" height="20" xoffset="-3" yoffset="18" xadvance="5" page="0" chnl="0" letter=":"/>
        <char id="59" x="66" y="478" width="13" height="22" xoffset="-3" yoffset="18" xadvance="5" page="0" chnl="0" letter=";"/>
        <char id="60" x="98" y="505" width="18" height="20" xoffset="-4" yoffset="17" xadvance="10" page="0" chnl="0" letter="&lt;"/>
        <char id="61" x="331" y="505" width="18" height="17" xoffset="-3" yoffset="19" xadvance="11" page="0" chnl="0" letter="="/>
        <char id="62" x="118" y="505" width="18" height="20" xoffset="-3" yoffset="17" xadvance="10" page="0" chnl="0" letter="&gt;"/>
        <char id="63" x="266" y="363" width="19" height="27" xoffset="-3" yoffset="11" xadvance="10" page="0" chnl="0" letter="?"/>
        <char id="64" x="17" y="421" width="26" height="26" xoffset="-3" yoffset="15" xadvance="18" page="0" chnl="0" letter="@"/>
        <char id="65" x="85" y="276" width="23" height="27" xoffset="-4" yoffset="11" xadvance="14" page="0" chnl="0" letter="A"/>
        <char id="66" x="140" y="305" width="21" height="27" xoffset="-3" yoffset="11" xadvance="13" page="0" chnl="0" letter="B"/>
        <char id="67" x="163" y="305" width="21" height="27" xoffset="-3" yoffset="11" xadvance="13" page="0" chnl="0" letter="C"/>
        <char id="68" x="186" y="305" width="21" height="27" xoffset="-3" yoffset="11" xadvance="14" page="0" chnl="0" letter="D"/>
        <char id="69" x="139" y="334" width="20" height="27" xoffset="-3" yoffset="11" xadvance="13" page="0" chnl="0" letter="E"/>
        <char id="70" x="161" y="334" width="20" height="27" xoffset="-3" yoffset="11" xadvance="12" page="0" chnl="0" letter="F"/>
        <char id="71" x="209" y="305" width="21" height="27" xoffset="-3" yoffset="11" xadvance="14" page="0" chnl="0" letter="G"/>
        <char id="72" x="232" y="305" width="21" height="27" xoffset="-3" yoffset="11" xadvance="15" page="0" chnl="0" letter="H"/>
        <char id="73" x="389" y="392" width="13" height="27" xoffset="-3" yoffset="11" xadvance="6" page="0" chnl="0" letter="I"/>
        <char id="74" x="255" y="305" width="21" height="27" xoffset="-4" yoffset="11" xadvance="13" page="0" chnl="0" letter="J"/>
        <char id="75" x="278" y="305" width="21" height="27" xoffset="-3" yoffset="11" xadvance="13" page="0" chnl="0" letter="K"/>
        <char id="76" x="287" y="363" width="19" height="27" xoffset="-3" yoffset="11" xadvance="12" page="0" chnl="0" letter="L"/>
        <char id="77" x="110" y="276" width="23" height="27" xoffset="-3" yoffset="11" xadvance="17" page="0" chnl="0" letter="M"/>
        <char id="78" x="301" y="305" width="21" height="27" xoffset="-3" yoffset="11" xadvance="15" page="0" chnl="0" letter="N"/>
        <char id="79" x="324" y="305" width="21" height="27" xoffset="-3" yoffset="11" xadvance="14" page="0" chnl="0" letter="O"/>
        <char id="80" x="347" y="305" width="21" height="27" xoffset="-3" yoffset="11" xadvance="13" page="0" chnl="0" letter="P"/>
        <char id="81" x="306" y="181" width="21" height="30" xoffset="-3" yoffset="11" xadvance="14" page="0" chnl="0" letter="Q"/>
        <char id="82" x="370" y="305" width="21" height="27" xoffset="-3" yoffset="11" xadvance="14" page="0" chnl="0" letter="R"/>
        <char id="83" x="2" y="334" width="21" height="27" xoffset="-3" yoffset="11" xadvance="13" page="0" chnl="0" letter="S"/>
        <char id="84" x="284" y="276" width="22" height="27" xoffset="-4" yoffset="11" xadvance="13" page="0" chnl="0" letter="T"/>
        <char id="85" x="25" y="334" width="21" height="27" xoffset="-3" yoffset="11" xadvance="14" page="0" chnl="0" letter="U"/>
        <char id="86" x="135" y="276" width="23" height="27" xoffset="-4" yoffset="11" xadvance="14" page="0" chnl="0" letter="V"/>
        <char id="87" x="313" y="246" width="30" height="27" xoffset="-4" yoffset="11" xadvance="21" page="0" chnl="0" letter="W"/>
        <char id="88" x="308" y="276" width="22" height="27" xoffset="-4" yoffset="11" xadvance="13" page="0" chnl="0" letter="X"/>
        <char id="89" x="160" y="276" width="23" height="27" xoffset="-4" yoffset="11" xadvance="14" page="0" chnl="0" letter="Y"/>
        <char id="90" x="48" y="334" width="21" height="27" xoffset="-4" yoffset="11" xadvance="13" page="0" chnl="0" letter="Z"/>
        <char id="91" x="214" y="246" width="16" height="28" xoffset="-3" yoffset="11" xadvance="8" page="0" chnl="0" letter="["/>
        <char id="92" x="45" y="246" width="17" height="28" xoffset="-4" yoffset="10" xadvance="9" page="0" chnl="0" letter="\"/>
        <char id="93" x="232" y="246" width="16" height="28" xoffset="-4" yoffset="11" xadvance="8" page="0" chnl="0" letter="]"/>
        <char id="94" x="103" y="528" width="16" height="13" xoffset="-4" yoffset="11" xadvance="7" page="0" chnl="0" letter="^"/>
        <char id="95" x="183" y="528" width="19" height="12" xoffset="-5" yoffset="29" xadvance="8" page="0" chnl="0" letter="_"/>
        <char id="96" x="121" y="528" width="14" height="13" xoffset="-4" yoffset="11" xadvance="5" page="0" chnl="0" letter="`"/>
        <char id="97" x="349" y="478" width="19" height="21" xoffset="-3" yoffset="17" xadvance="11" page="0" chnl="0" letter="a"/>
        <char id="98" x="289" y="215" width="20" height="28" xoffset="-3" yoffset="10" xadvance="12" page="0" chnl="0" letter="b"/>
        <char id="99" x="370" y="478" width="19" height="21" xoffset="-3" yoffset="17" xadvance="10" page="0" chnl="0" letter="c"/>
        <char id="100" x="311" y="215" width="20" height="28" xoffset="-3" yoffset="10" xadvance="12" page="0" chnl="0" letter="d"/>
        <char id="101" x="217" y="478" width="20" height="21" xoffset="-3" yoffset="17" xadvance="12" page="0" chnl="0" letter="e"/>
        <char id="102" x="250" y="246" width="16" height="28" xoffset="-3" yoffset="10" xadvance="8" page="0" chnl="0" letter="f"/>
        <char id="103" x="183" y="334" width="20" height="27" xoffset="-4" yoffset="16" xadvance="11" page="0" chnl="0" letter="g"/>
        <char id="104" x="333" y="215" width="20" height="28" xoffset="-3" yoffset="10" xadvance="13" page="0" chnl="0" letter="h"/>
        <char id="105" x="319" y="450" width="13" height="26" xoffset="-3" yoffset="12" xadvance="5" page="0" chnl="0" letter="i"/>
        <char id="106" x="115" y="181" width="15" height="32" xoffset="-5" yoffset="11" xadvance="6" page="0" chnl="0" letter="j"/>
        <char id="107" x="355" y="215" width="20" height="28" xoffset="-3" yoffset="10" xadvance="12" page="0" chnl="0" letter="k"/>
        <char id="108" x="268" y="246" width="13" height="28" xoffset="-3" yoffset="10" xadvance="6" page="0" chnl="0" letter="l"/>
        <char id="109" x="110" y="478" width="26" height="21" xoffset="-3" yoffset="17" xadvance="19" page="0" chnl="0" letter="m"/>
        <char id="110" x="239" y="478" width="20" height="21" xoffset="-3" yoffset="17" xadvance="13" page="0" chnl="0" letter="n"/>
        <char id="111" x="261" y="478" width="20" height="21" xoffset="-3" yoffset="17" xadvance="12" page="0" chnl="0" letter="o"/>
        <char id="112" x="95" y="421" width="20" height="26" xoffset="-3" yoffset="17" xadvance="12" page="0" chnl="0" letter="p"/>
        <char id="113" x="117" y="421" width="20" height="26" xoffset="-3" yoffset="17" xadvance="12" page="0" chnl="0" letter="q"/>
        <char id="114" x="43" y="505" width="17" height="21" xoffset="-3" yoffset="17" xadvance="9" page="0" chnl="0" letter="r"/>
        <char id="115" x="23" y="505" width="18" height="21" xoffset="-3" yoffset="17" xadvance="10" page="0" chnl="0" letter="s"/>
        <char id="116" x="230" y="450" width="16" height="26" xoffset="-3" yoffset="12" xadvance="8" page="0" chnl="0" letter="t"/>
        <char id="117" x="283" y="478" width="20" height="21" xoffset="-3" yoffset="17" xadvance="13" page="0" chnl="0" letter="u"/>
        <char id="118" x="194" y="478" width="21" height="21" xoffset="-4" yoffset="17" xadvance="12" page="0" chnl="0" letter="v"/>
        <char id="119" x="138" y="478" width="26" height="21" xoffset="-4" yoffset="17" xadvance="17" page="0" chnl="0" letter="w"/>
        <char id="120" x="305" y="478" width="20" height="21" xoffset="-3" yoffset="17" xadvance="11" page="0" chnl="0" letter="x"/>
        <char id="121" x="72" y="421" width="21" height="26" xoffset="-4" yoffset="17" xadvance="11" page="0" chnl="0" letter="y"/>
        <char id="122" x="2" y="505" width="19" height="21" xoffset="-3" yoffset="17" xadvance="10" page="0" chnl="0" letter="z"/>
        <char id="123" x="64" y="246" width="17" height="28" xoffset="-3" yoffset="10" xadvance="9" page="0" chnl="0" letter="{"/>
        <char id="124" x="283" y="246" width="13" height="28" xoffset="-3" yoffset="11" xadvance="6" page="0" chnl="0" letter="|"/>
        <char id="125" x="83" y="246" width="17" height="28" xoffset="-4" yoffset="10" xadvance="9" page="0" chnl="0" letter="}"/>
        <char id="126" x="224" y="528" width="18" height="12" xoffset="-3" yoffset="21" xadvance="10" page="0" chnl="0" letter="~"/>
        <char id="161" x="2" y="421" width="13" height="27" xoffset="-3" yoffset="11" xadvance="5" page="0" chnl="0" letter="¡"/>
        <char id="162" x="2" y="478" width="19" height="25" xoffset="-3" yoffset="12" xadvance="10" page="0" chnl="0" letter="¢"/>
        <char id="163" x="220" y="215" width="21" height="28" xoffset="-3" yoffset="10" xadvance="13" page="0" chnl="0" letter="£"/>
        <char id="164" x="291" y="505" width="18" height="18" xoffset="-3" yoffset="13" xadvance="11" page="0" chnl="0" letter="¤"/>
        <char id="165" x="332" y="276" width="22" height="27" xoffset="-3" yoffset="11" xadvance="14" page="0" chnl="0" letter="¥"/>
        <char id="166" x="298" y="246" width="13" height="28" xoffset="-3" yoffset="11" xadvance="6" page="0" chnl="0" letter="¦"/>
        <char id="167" x="122" y="215" width="19" height="29" xoffset="-3" yoffset="11" xadvance="11" page="0" chnl="0" letter="§"/>
        <char id="168" x="244" y="528" width="16" height="12" xoffset="-4" yoffset="12" xadvance="6" page="0" chnl="0" letter="¨"/>
        <char id="169" x="334" y="450" width="24" height="25" xoffset="-3" yoffset="12" xadvance="17" page="0" chnl="0" letter="©"/>
        <char id="170" x="370" y="505" width="16" height="17" xoffset="-3" yoffset="11" xadvance="8" page="0" chnl="0" letter="ª"/>
        <char id="171" x="175" y="505" width="20" height="19" xoffset="-3" yoffset="17" xadvance="12" page="0" chnl="0" letter="«"/>
        <char id="172" x="20" y="528" width="19" height="15" xoffset="-3" yoffset="21" xadvance="12" page="0" chnl="0" letter="¬"/>
        <char id="174" x="360" y="450" width="24" height="25" xoffset="-3" yoffset="12" xadvance="17" page="0" chnl="0" letter="®"/>
        <char id="175" x="262" y="528" width="16" height="12" xoffset="-4" yoffset="11" xadvance="7" page="0" chnl="0" letter="¯"/>
        <char id="176" x="311" y="505" width="18" height="18" xoffset="-3" yoffset="10" xadvance="10" page="0" chnl="0" letter="°"/>
        <char id="177" x="45" y="478" width="19" height="22" xoffset="-3" yoffset="15" xadvance="11" page="0" chnl="0" letter="±"/>
        <char id="178" x="240" y="505" width="16" height="19" xoffset="-3" yoffset="11" xadvance="8" page="0" chnl="0" letter="²"/>
        <char id="179" x="258" y="505" width="16" height="19" xoffset="-4" yoffset="11" xadvance="8" page="0" chnl="0" letter="³"/>
        <char id="180" x="137" y="528" width="14" height="13" xoffset="-4" yoffset="11" xadvance="5" page="0" chnl="0" letter="´"/>
        <char id="181" x="139" y="421" width="20" height="26" xoffset="-3" yoffset="17" xadvance="12" page="0" chnl="0" letter="µ"/>
        <char id="182" x="71" y="334" width="21" height="27" xoffset="-3" yoffset="11" xadvance="13" page="0" chnl="0" letter="¶"/>
        <char id="183" x="168" y="528" width="13" height="13" xoffset="-3" yoffset="19" xadvance="5" page="0" chnl="0" letter="·"/>
        <char id="184" x="41" y="528" width="14" height="15" xoffset="-4" yoffset="28" xadvance="5" page="0" chnl="0" letter="¸"/>
        <char id="185" x="276" y="505" width="13" height="19" xoffset="-4" yoffset="11" xadvance="5" page="0" chnl="0" letter="¹"/>
        <char id="186" x="2" y="528" width="16" height="17" xoffset="-3" yoffset="11" xadvance="8" page="0" chnl="0" letter="º"/>
        <char id="187" x="197" y="505" width="20" height="19" xoffset="-3" yoffset="17" xadvance="12" page="0" chnl="0" letter="»"/>
        <char id="188" x="2" y="215" width="24" height="29" xoffset="-3" yoffset="10" xadvance="16" page="0" chnl="0" letter="¼"/>
        <char id="189" x="28" y="215" width="24" height="29" xoffset="-3" yoffset="10" xadvance="16" page="0" chnl="0" letter="½"/>
        <char id="190" x="329" y="181" width="28" height="29" xoffset="-3" yoffset="10" xadvance="19" page="0" chnl="0" letter="¾"/>
        <char id="191" x="308" y="363" width="19" height="27" xoffset="-3" yoffset="11" xadvance="10" page="0" chnl="0" letter="¿"/>
        <char id="192" x="93" y="78" width="23" height="32" xoffset="-4" yoffset="6" xadvance="14" page="0" chnl="0" letter="À"/>
        <char id="193" x="118" y="78" width="23" height="32" xoffset="-4" yoffset="6" xadvance="14" page="0" chnl="0" letter="Á"/>
        <char id="194" x="143" y="78" width="23" height="32" xoffset="-4" yoffset="6" xadvance="14" page="0" chnl="0" letter="Â"/>
        <char id="195" x="168" y="78" width="23" height="32" xoffset="-4" yoffset="6" xadvance="14" page="0" chnl="0" letter="Ã"/>
        <char id="196" x="193" y="78" width="23" height="32" xoffset="-4" yoffset="6" xadvance="14" page="0" chnl="0" letter="Ä"/>
        <char id="197" x="24" y="2" width="23" height="34" xoffset="-4" yoffset="4" xadvance="14" page="0" chnl="0" letter="Å"/>
        <char id="198" x="375" y="246" width="27" height="27" xoffset="-3" yoffset="11" xadvance="19" page="0" chnl="0" letter="Æ"/>
        <char id="199" x="367" y="78" width="21" height="32" xoffset="-3" yoffset="11" xadvance="13" page="0" chnl="0" letter="Ç"/>
        <char id="200" x="140" y="147" width="20" height="32" xoffset="-3" yoffset="6" xadvance="13" page="0" chnl="0" letter="È"/>
        <char id="201" x="162" y="147" width="20" height="32" xoffset="-3" yoffset="6" xadvance="13" page="0" chnl="0" letter="É"/>
        <char id="202" x="184" y="147" width="20" height="32" xoffset="-3" yoffset="6" xadvance="13" page="0" chnl="0" letter="Ê"/>
        <char id="203" x="206" y="147" width="20" height="32" xoffset="-3" yoffset="6" xadvance="13" page="0" chnl="0" letter="Ë"/>
        <char id="204" x="132" y="181" width="14" height="32" xoffset="-4" yoffset="6" xadvance="6" page="0" chnl="0" letter="Ì"/>
        <char id="205" x="148" y="181" width="14" height="32" xoffset="-3" yoffset="6" xadvance="6" page="0" chnl="0" letter="Í"/>
        <char id="206" x="61" y="181" width="16" height="32" xoffset="-4" yoffset="6" xadvance="6" page="0" chnl="0" letter="Î"/>
        <char id="207" x="79" y="181" width="16" height="32" xoffset="-4" yoffset="6" xadvance="6" page="0" chnl="0" letter="Ï"/>
        <char id="208" x="185" y="276" width="23" height="27" xoffset="-4" yoffset="11" xadvance="14" page="0" chnl="0" letter="Ð"/>
        <char id="209" x="2" y="113" width="21" height="32" xoffset="-3" yoffset="6" xadvance="15" page="0" chnl="0" letter="Ñ"/>
        <char id="210" x="177" y="2" width="21" height="33" xoffset="-3" yoffset="5" xadvance="14" page="0" chnl="0" letter="Ò"/>
        <char id="211" x="200" y="2" width="21" height="33" xoffset="-3" yoffset="5" xadvance="14" page="0" chnl="0" letter="Ó"/>
        <char id="212" x="223" y="2" width="21" height="33" xoffset="-3" yoffset="5" xadvance="14" page="0" chnl="0" letter="Ô"/>
        <char id="213" x="25" y="113" width="21" height="32" xoffset="-3" yoffset="6" xadvance="14" page="0" chnl="0" letter="Õ"/>
        <char id="214" x="48" y="113" width="21" height="32" xoffset="-3" yoffset="6" xadvance="14" page="0" chnl="0" letter="Ö"/>
        <char id="215" x="351" y="505" width="17" height="17" xoffset="-3" yoffset="18" xadvance="10" page="0" chnl="0" letter="×"/>
        <char id="216" x="77" y="215" width="21" height="29" xoffset="-3" yoffset="10" xadvance="14" page="0" chnl="0" letter="Ø"/>
        <char id="217" x="246" y="2" width="21" height="33" xoffset="-3" yoffset="5" xadvance="14" page="0" chnl="0" letter="Ù"/>
        <char id="218" x="269" y="2" width="21" height="33" xoffset="-3" yoffset="5" xadvance="14" page="0" chnl="0" letter="Ú"/>
        <char id="219" x="292" y="2" width="21" height="33" xoffset="-3" yoffset="5" xadvance="14" page="0" chnl="0" letter="Û"/>
        <char id="220" x="71" y="113" width="21" height="32" xoffset="-3" yoffset="6" xadvance="14" page="0" chnl="0" letter="Ü"/>
        <char id="221" x="218" y="78" width="23" height="32" xoffset="-4" yoffset="6" xadvance="14" page="0" chnl="0" letter="Ý"/>
        <char id="222" x="205" y="334" width="20" height="27" xoffset="-3" yoffset="11" xadvance="12" page="0" chnl="0" letter="Þ"/>
        <char id="223" x="195" y="215" width="23" height="28" xoffset="-4" yoffset="10" xadvance="14" page="0" chnl="0" letter="ß"/>
        <char id="224" x="329" y="363" width="19" height="27" xoffset="-3" yoffset="11" xadvance="11" page="0" chnl="0" letter="à"/>
        <char id="225" x="350" y="363" width="19" height="27" xoffset="-3" yoffset="11" xadvance="11" page="0" chnl="0" letter="á"/>
        <char id="226" x="371" y="363" width="19" height="27" xoffset="-3" yoffset="11" xadvance="11" page="0" chnl="0" letter="â"/>
        <char id="227" x="2" y="392" width="19" height="27" xoffset="-3" yoffset="11" xadvance="11" page="0" chnl="0" letter="ã"/>
        <char id="228" x="24" y="450" width="19" height="26" xoffset="-3" yoffset="12" xadvance="11" page="0" chnl="0" letter="ä"/>
        <char id="229" x="24" y="246" width="19" height="28" xoffset="-3" yoffset="10" xadvance="11" page="0" chnl="0" letter="å"/>
        <char id="230" x="166" y="478" width="26" height="21" xoffset="-3" yoffset="17" xadvance="18" page="0" chnl="0" letter="æ"/>
        <char id="231" x="45" y="450" width="19" height="26" xoffset="-3" yoffset="17" xadvance="10" page="0" chnl="0" letter="ç"/>
        <char id="232" x="227" y="334" width="20" height="27" xoffset="-3" yoffset="11" xadvance="12" page="0" chnl="0" letter="è"/>
        <char id="233" x="249" y="334" width="20" height="27" xoffset="-3" yoffset="11" xadvance="12" page="0" chnl="0" letter="é"/>
        <char id="234" x="271" y="334" width="20" height="27" xoffset="-3" yoffset="11" xadvance="12" page="0" chnl="0" letter="ê"/>
        <char id="235" x="161" y="421" width="20" height="26" xoffset="-3" yoffset="12" xadvance="12" page="0" chnl="0" letter="ë"/>
        <char id="236" x="342" y="392" width="14" height="27" xoffset="-4" yoffset="11" xadvance="5" page="0" chnl="0" letter="ì"/>
        <char id="237" x="358" y="392" width="14" height="27" xoffset="-3" yoffset="11" xadvance="5" page="0" chnl="0" letter="í"/>
        <char id="238" x="289" y="392" width="16" height="27" xoffset="-5" yoffset="11" xadvance="5" page="0" chnl="0" letter="î"/>
        <char id="239" x="248" y="450" width="16" height="26" xoffset="-4" yoffset="12" xadvance="5" page="0" chnl="0" letter="ï"/>
        <char id="240" x="377" y="215" width="20" height="28" xoffset="-3" yoffset="10" xadvance="12" page="0" chnl="0" letter="ð"/>
        <char id="241" x="183" y="421" width="20" height="26" xoffset="-3" yoffset="12" xadvance="13" page="0" chnl="0" letter="ñ"/>
        <char id="242" x="293" y="334" width="20" height="27" xoffset="-3" yoffset="11" xadvance="12" page="0" chnl="0" letter="ò"/>
        <char id="243" x="315" y="334" width="20" height="27" xoffset="-3" yoffset="11" xadvance="12" page="0" chnl="0" letter="ó"/>
        <char id="244" x="337" y="334" width="20" height="27" xoffset="-3" yoffset="11" xadvance="12" page="0" chnl="0" letter="ô"/>
        <char id="245" x="359" y="334" width="20" height="27" xoffset="-3" yoffset="11" xadvance="12" page="0" chnl="0" letter="õ"/>
        <char id="246" x="205" y="421" width="20" height="26" xoffset="-3" yoffset="12" xadvance="12" page="0" chnl="0" letter="ö"/>
        <char id="247" x="77" y="505" width="19" height="20" xoffset="-3" yoffset="18" xadvance="11" page="0" chnl="0" letter="÷"/>
        <char id="248" x="23" y="478" width="20" height="23" xoffset="-3" yoffset="16" xadvance="12" page="0" chnl="0" letter="ø"/>
        <char id="249" x="381" y="334" width="20" height="27" xoffset="-3" yoffset="11" xadvance="13" page="0" chnl="0" letter="ù"/>
        <char id="250" x="2" y="363" width="20" height="27" xoffset="-3" yoffset="11" xadvance="13" page="0" chnl="0" letter="ú"/>
        <char id="251" x="24" y="363" width="20" height="27" xoffset="-3" yoffset="11" xadvance="13" page="0" chnl="0" letter="û"/>
        <char id="252" x="227" y="421" width="20" height="26" xoffset="-3" yoffset="12" xadvance="13" page="0" chnl="0" letter="ü"/>
        <char id="253" x="94" y="113" width="21" height="32" xoffset="-4" yoffset="11" xadvance="11" page="0" chnl="0" letter="ý"/>
        <char id="254" x="370" y="43" width="20" height="33" xoffset="-3" yoffset="10" xadvance="12" page="0" chnl="0" letter="þ"/>
        <char id="256" x="243" y="78" width="23" height="32" xoffset="-4" yoffset="6" xadvance="14" page="0" chnl="0" letter="Ā"/>
        <char id="257" x="66" y="450" width="19" height="26" xoffset="-3" yoffset="12" xadvance="11" page="0" chnl="0" letter="ā"/>
        <char id="258" x="104" y="2" width="23" height="33" xoffset="-4" yoffset="5" xadvance="14" page="0" chnl="0" letter="Ă"/>
        <char id="259" x="23" y="392" width="19" height="27" xoffset="-3" yoffset="11" xadvance="11" page="0" chnl="0" letter="ă"/>
        <char id="260" x="268" y="78" width="23" height="32" xoffset="-4" yoffset="11" xadvance="14" page="0" chnl="0" letter="Ą"/>
        <char id="261" x="87" y="450" width="19" height="26" xoffset="-3" yoffset="17" xadvance="11" page="0" chnl="0" letter="ą"/>
        <char id="262" x="315" y="2" width="21" height="33" xoffset="-3" yoffset="5" xadvance="13" page="0" chnl="0" letter="Ć"/>
        <char id="263" x="44" y="392" width="19" height="27" xoffset="-3" yoffset="11" xadvance="10" page="0" chnl="0" letter="ć"/>
        <char id="264" x="338" y="2" width="21" height="33" xoffset="-3" yoffset="5" xadvance="13" page="0" chnl="0" letter="Ĉ"/>
        <char id="265" x="65" y="392" width="19" height="27" xoffset="-3" yoffset="11" xadvance="10" page="0" chnl="0" letter="ĉ"/>
        <char id="266" x="117" y="113" width="21" height="32" xoffset="-3" yoffset="6" xadvance="13" page="0" chnl="0" letter="Ċ"/>
        <char id="267" x="108" y="450" width="19" height="26" xoffset="-3" yoffset="12" xadvance="10" page="0" chnl="0" letter="ċ"/>
        <char id="268" x="361" y="2" width="21" height="33" xoffset="-3" yoffset="5" xadvance="13" page="0" chnl="0" letter="Č"/>
        <char id="269" x="86" y="392" width="19" height="27" xoffset="-3" yoffset="11" xadvance="10" page="0" chnl="0" letter="č"/>
        <char id="270" x="2" y="43" width="21" height="33" xoffset="-3" yoffset="5" xadvance="14" page="0" chnl="0" letter="Ď"/>
        <char id="271" x="169" y="215" width="24" height="28" xoffset="-3" yoffset="10" xadvance="12" page="0" chnl="0" letter="ď"/>
        <char id="272" x="210" y="276" width="23" height="27" xoffset="-4" yoffset="11" xadvance="14" page="0" chnl="0" letter="Đ"/>
        <char id="273" x="243" y="215" width="21" height="28" xoffset="-3" yoffset="10" xadvance="12" page="0" chnl="0" letter="đ"/>
        <char id="274" x="228" y="147" width="20" height="32" xoffset="-3" yoffset="6" xadvance="13" page="0" chnl="0" letter="Ē"/>
        <char id="275" x="249" y="421" width="20" height="26" xoffset="-3" yoffset="12" xadvance="12" page="0" chnl="0" letter="ē"/>
        <char id="276" x="2" y="78" width="20" height="33" xoffset="-3" yoffset="5" xadvance="13" page="0" chnl="0" letter="Ĕ"/>
        <char id="277" x="46" y="363" width="20" height="27" xoffset="-3" yoffset="11" xadvance="12" page="0" chnl="0" letter="ĕ"/>
        <char id="278" x="250" y="147" width="20" height="32" xoffset="-3" yoffset="6" xadvance="13" page="0" chnl="0" letter="Ė"/>
        <char id="279" x="271" y="421" width="20" height="26" xoffset="-3" yoffset="12" xadvance="12" page="0" chnl="0" letter="ė"/>
        <char id="280" x="272" y="147" width="20" height="32" xoffset="-3" yoffset="11" xadvance="13" page="0" chnl="0" letter="Ę"/>
        <char id="281" x="293" y="421" width="20" height="26" xoffset="-3" yoffset="17" xadvance="12" page="0" chnl="0" letter="ę"/>
        <char id="282" x="24" y="78" width="20" height="33" xoffset="-3" yoffset="5" xadvance="13" page="0" chnl="0" letter="Ě"/>
        <char id="283" x="68" y="363" width="20" height="27" xoffset="-3" yoffset="11" xadvance="12" page="0" chnl="0" letter="ě"/>
        <char id="284" x="25" y="43" width="21" height="33" xoffset="-3" yoffset="5" xadvance="14" page="0" chnl="0" letter="Ĝ"/>
        <char id="285" x="294" y="147" width="20" height="32" xoffset="-4" yoffset="11" xadvance="11" page="0" chnl="0" letter="ĝ"/>
        <char id="286" x="48" y="43" width="21" height="33" xoffset="-3" yoffset="5" xadvance="14" page="0" chnl="0" letter="Ğ"/>
        <char id="287" x="316" y="147" width="20" height="32" xoffset="-4" yoffset="11" xadvance="11" page="0" chnl="0" letter="ğ"/>
        <char id="288" x="140" y="113" width="21" height="32" xoffset="-3" yoffset="6" xadvance="14" page="0" chnl="0" letter="Ġ"/>
        <char id="289" x="266" y="181" width="20" height="31" xoffset="-4" yoffset="12" xadvance="11" page="0" chnl="0" letter="ġ"/>
        <char id="290" x="163" y="113" width="21" height="32" xoffset="-3" yoffset="11" xadvance="14" page="0" chnl="0" letter="Ģ"/>
        <char id="291" x="2" y="2" width="20" height="39" xoffset="-4" yoffset="4" xadvance="11" page="0" chnl="0" letter="ģ"/>
        <char id="292" x="186" y="113" width="21" height="32" xoffset="-3" yoffset="6" xadvance="15" page="0" chnl="0" letter="Ĥ"/>
        <char id="293" x="129" y="2" width="22" height="33" xoffset="-5" yoffset="5" xadvance="13" page="0" chnl="0" letter="ĥ"/>
        <char id="294" x="235" y="276" width="23" height="27" xoffset="-4" yoffset="11" xadvance="15" page="0" chnl="0" letter="Ħ"/>
        <char id="295" x="266" y="215" width="21" height="28" xoffset="-4" yoffset="10" xadvance="13" page="0" chnl="0" letter="ħ"/>
        <char id="296" x="2" y="181" width="18" height="32" xoffset="-5" yoffset="6" xadvance="6" page="0" chnl="0" letter="Ĩ"/>
        <char id="297" x="150" y="450" width="18" height="26" xoffset="-5" yoffset="12" xadvance="5" page="0" chnl="0" letter="ĩ"/>
        <char id="298" x="97" y="181" width="16" height="32" xoffset="-4" yoffset="6" xadvance="6" page="0" chnl="0" letter="Ī"/>
        <char id="299" x="266" y="450" width="16" height="26" xoffset="-5" yoffset="12" xadvance="5" page="0" chnl="0" letter="ī"/>
        <char id="300" x="46" y="78" width="16" height="33" xoffset="-4" yoffset="5" xadvance="6" page="0" chnl="0" letter="Ĭ"/>
        <char id="301" x="307" y="392" width="16" height="27" xoffset="-4" yoffset="11" xadvance="5" page="0" chnl="0" letter="ĭ"/>
        <char id="302" x="164" y="181" width="14" height="32" xoffset="-3" yoffset="11" xadvance="6" page="0" chnl="0" letter="Į"/>
        <char id="303" x="180" y="181" width="14" height="32" xoffset="-4" yoffset="11" xadvance="5" page="0" chnl="0" letter="į"/>
        <char id="304" x="228" y="181" width="13" height="32" xoffset="-3" yoffset="6" xadvance="6" page="0" chnl="0" letter="İ"/>
        <char id="305" x="62" y="505" width="13" height="21" xoffset="-3" yoffset="17" xadvance="5" page="0" chnl="0" letter="ı"/>
        <char id="306" x="58" y="276" width="25" height="27" xoffset="-3" yoffset="11" xadvance="19" page="0" chnl="0" letter="Ĳ"/>
        <char id="307" x="22" y="181" width="18" height="32" xoffset="-3" yoffset="11" xadvance="11" page="0" chnl="0" letter="ĳ"/>
        <char id="308" x="71" y="43" width="21" height="33" xoffset="-4" yoffset="5" xadvance="13" page="0" chnl="0" letter="Ĵ"/>
        <char id="309" x="42" y="181" width="17" height="32" xoffset="-5" yoffset="11" xadvance="6" page="0" chnl="0" letter="ĵ"/>
        <char id="310" x="209" y="113" width="21" height="32" xoffset="-3" yoffset="11" xadvance="13" page="0" chnl="0" letter="Ķ"/>
        <char id="311" x="338" y="147" width="20" height="32" xoffset="-3" yoffset="11" xadvance="12" page="0" chnl="0" letter="ķ"/>
        <char id="312" x="327" y="478" width="20" height="21" xoffset="-3" yoffset="17" xadvance="12" page="0" chnl="0" letter="ĸ"/>
        <char id="313" x="360" y="147" width="19" height="32" xoffset="-3" yoffset="6" xadvance="12" page="0" chnl="0" letter="Ĺ"/>
        <char id="314" x="196" y="181" width="14" height="32" xoffset="-3" yoffset="6" xadvance="6" page="0" chnl="0" letter="ĺ"/>
        <char id="315" x="381" y="147" width="19" height="32" xoffset="-3" yoffset="11" xadvance="12" page="0" chnl="0" letter="Ļ"/>
        <char id="316" x="212" y="181" width="14" height="32" xoffset="-3" yoffset="11" xadvance="6" page="0" chnl="0" letter="ļ"/>
        <char id="317" x="107" y="392" width="19" height="27" xoffset="-3" yoffset="11" xadvance="12" page="0" chnl="0" letter="Ľ"/>
        <char id="318" x="102" y="246" width="17" height="28" xoffset="-3" yoffset="10" xadvance="6" page="0" chnl="0" letter="ľ"/>
        <char id="319" x="128" y="392" width="19" height="27" xoffset="-3" yoffset="11" xadvance="12" page="0" chnl="0" letter="Ŀ"/>
        <char id="320" x="121" y="246" width="17" height="28" xoffset="-3" yoffset="10" xadvance="9" page="0" chnl="0" letter="ŀ"/>
        <char id="321" x="94" y="334" width="21" height="27" xoffset="-4" yoffset="11" xadvance="12" page="0" chnl="0" letter="Ł"/>
        <char id="322" x="140" y="246" width="17" height="28" xoffset="-4" yoffset="10" xadvance="8" page="0" chnl="0" letter="ł"/>
        <char id="323" x="232" y="113" width="21" height="32" xoffset="-3" yoffset="6" xadvance="15" page="0" chnl="0" letter="Ń"/>
        <char id="324" x="90" y="363" width="20" height="27" xoffset="-3" yoffset="11" xadvance="13" page="0" chnl="0" letter="ń"/>
        <char id="325" x="255" y="113" width="21" height="32" xoffset="-3" yoffset="11" xadvance="15" page="0" chnl="0" letter="Ņ"/>
        <char id="326" x="315" y="421" width="20" height="26" xoffset="-3" yoffset="17" xadvance="13" page="0" chnl="0" letter="ņ"/>
        <char id="327" x="94" y="43" width="21" height="33" xoffset="-3" yoffset="5" xadvance="15" page="0" chnl="0" letter="Ň"/>
        <char id="328" x="112" y="363" width="20" height="27" xoffset="-3" yoffset="11" xadvance="13" page="0" chnl="0" letter="ň"/>
        <char id="330" x="278" y="113" width="21" height="32" xoffset="-3" yoffset="11" xadvance="15" page="0" chnl="0" letter="Ŋ"/>
        <char id="331" x="337" y="421" width="20" height="26" xoffset="-3" yoffset="17" xadvance="13" page="0" chnl="0" letter="ŋ"/>
        <char id="332" x="301" y="113" width="21" height="32" xoffset="-3" yoffset="6" xadvance="14" page="0" chnl="0" letter="Ō"/>
        <char id="333" x="359" y="421" width="20" height="26" xoffset="-3" yoffset="12" xadvance="12" page="0" chnl="0" letter="ō"/>
        <char id="334" x="117" y="43" width="21" height="33" xoffset="-3" yoffset="5" xadvance="14" page="0" chnl="0" letter="Ŏ"/>
        <char id="335" x="134" y="363" width="20" height="27" xoffset="-3" yoffset="11" xadvance="12" page="0" chnl="0" letter="ŏ"/>
        <char id="336" x="140" y="43" width="21" height="33" xoffset="-3" yoffset="5" xadvance="14" page="0" chnl="0" letter="Ő"/>
        <char id="337" x="156" y="363" width="20" height="27" xoffset="-3" yoffset="11" xadvance="12" page="0" chnl="0" letter="ő"/>
        <char id="338" x="345" y="246" width="28" height="27" xoffset="-3" yoffset="11" xadvance="20" page="0" chnl="0" letter="Œ"/>
        <char id="339" x="81" y="478" width="27" height="21" xoffset="-3" yoffset="17" xadvance="19" page="0" chnl="0" letter="œ"/>
        <char id="340" x="163" y="43" width="21" height="33" xoffset="-3" yoffset="5" xadvance="14" page="0" chnl="0" letter="Ŕ"/>
        <char id="341" x="251" y="392" width="17" height="27" xoffset="-3" yoffset="11" xadvance="9" page="0" chnl="0" letter="ŕ"/>
        <char id="342" x="324" y="113" width="21" height="32" xoffset="-3" yoffset="11" xadvance="14" page="0" chnl="0" letter="Ŗ"/>
        <char id="343" x="170" y="450" width="18" height="26" xoffset="-4" yoffset="17" xadvance="9" page="0" chnl="0" letter="ŗ"/>
        <char id="344" x="186" y="43" width="21" height="33" xoffset="-3" yoffset="5" xadvance="14" page="0" chnl="0" letter="Ř"/>
        <char id="345" x="270" y="392" width="17" height="27" xoffset="-3" yoffset="11" xadvance="9" page="0" chnl="0" letter="ř"/>
        <char id="346" x="209" y="43" width="21" height="33" xoffset="-3" yoffset="5" xadvance="13" page="0" chnl="0" letter="Ś"/>
        <char id="347" x="191" y="392" width="18" height="27" xoffset="-3" yoffset="11" xadvance="10" page="0" chnl="0" letter="ś"/>
        <char id="348" x="232" y="43" width="21" height="33" xoffset="-3" yoffset="5" xadvance="13" page="0" chnl="0" letter="Ŝ"/>
        <char id="349" x="211" y="392" width="18" height="27" xoffset="-3" yoffset="11" xadvance="10" page="0" chnl="0" letter="ŝ"/>
        <char id="350" x="347" y="113" width="21" height="32" xoffset="-3" yoffset="11" xadvance="13" page="0" chnl="0" letter="Ş"/>
        <char id="351" x="190" y="450" width="18" height="26" xoffset="-3" yoffset="17" xadvance="10" page="0" chnl="0" letter="ş"/>
        <char id="352" x="255" y="43" width="21" height="33" xoffset="-3" yoffset="5" xadvance="13" page="0" chnl="0" letter="Š"/>
        <char id="353" x="231" y="392" width="18" height="27" xoffset="-3" yoffset="11" xadvance="10" page="0" chnl="0" letter="š"/>
        <char id="354" x="343" y="78" width="22" height="32" xoffset="-4" yoffset="11" xadvance="13" page="0" chnl="0" letter="Ţ"/>
        <char id="355" x="288" y="181" width="16" height="31" xoffset="-3" yoffset="12" xadvance="8" page="0" chnl="0" letter="ţ"/>
        <char id="356" x="153" y="2" width="22" height="33" xoffset="-4" yoffset="5" xadvance="13" page="0" chnl="0" letter="Ť"/>
        <char id="357" x="159" y="246" width="17" height="28" xoffset="-3" yoffset="10" xadvance="8" page="0" chnl="0" letter="ť"/>
        <char id="358" x="356" y="276" width="22" height="27" xoffset="-4" yoffset="11" xadvance="13" page="0" chnl="0" letter="Ŧ"/>
        <char id="359" x="284" y="450" width="16" height="26" xoffset="-3" yoffset="12" xadvance="8" page="0" chnl="0" letter="ŧ"/>
        <char id="360" x="370" y="113" width="21" height="32" xoffset="-3" yoffset="6" xadvance="14" page="0" chnl="0" letter="Ũ"/>
        <char id="361" x="178" y="363" width="20" height="27" xoffset="-3" yoffset="11" xadvance="13" page="0" chnl="0" letter="ũ"/>
        <char id="362" x="2" y="147" width="21" height="32" xoffset="-3" yoffset="6" xadvance="14" page="0" chnl="0" letter="Ū"/>
        <char id="363" x="381" y="421" width="20" height="26" xoffset="-3" yoffset="12" xadvance="13" page="0" chnl="0" letter="ū"/>
        <char id="364" x="278" y="43" width="21" height="33" xoffset="-3" yoffset="5" xadvance="14" page="0" chnl="0" letter="Ŭ"/>
        <char id="365" x="200" y="363" width="20" height="27" xoffset="-3" yoffset="11" xadvance="13" page="0" chnl="0" letter="ŭ"/>
        <char id="366" x="49" y="2" width="21" height="34" xoffset="-3" yoffset="4" xadvance="14" page="0" chnl="0" letter="Ů"/>
        <char id="367" x="2" y="246" width="20" height="28" xoffset="-3" yoffset="10" xadvance="13" page="0" chnl="0" letter="ů"/>
        <char id="368" x="301" y="43" width="21" height="33" xoffset="-3" yoffset="5" xadvance="14" page="0" chnl="0" letter="Ű"/>
        <char id="369" x="222" y="363" width="20" height="27" xoffset="-3" yoffset="11" xadvance="13" page="0" chnl="0" letter="ű"/>
        <char id="370" x="25" y="147" width="21" height="32" xoffset="-3" yoffset="11" xadvance="14" page="0" chnl="0" letter="Ų"/>
        <char id="371" x="2" y="450" width="20" height="26" xoffset="-3" yoffset="17" xadvance="13" page="0" chnl="0" letter="ų"/>
        <char id="372" x="72" y="2" width="30" height="33" xoffset="-4" yoffset="5" xadvance="21" page="0" chnl="0" letter="Ŵ"/>
        <char id="373" x="2" y="276" width="26" height="27" xoffset="-4" yoffset="11" xadvance="17" page="0" chnl="0" letter="ŵ"/>
        <char id="374" x="293" y="78" width="23" height="32" xoffset="-4" yoffset="6" xadvance="14" page="0" chnl="0" letter="Ŷ"/>
        <char id="375" x="48" y="147" width="21" height="32" xoffset="-4" yoffset="11" xadvance="11" page="0" chnl="0" letter="ŷ"/>
        <char id="376" x="318" y="78" width="23" height="32" xoffset="-4" yoffset="6" xadvance="14" page="0" chnl="0" letter="Ÿ"/>
        <char id="377" x="71" y="147" width="21" height="32" xoffset="-4" yoffset="6" xadvance="13" page="0" chnl="0" letter="Ź"/>
        <char id="378" x="149" y="392" width="19" height="27" xoffset="-3" yoffset="11" xadvance="10" page="0" chnl="0" letter="ź"/>
        <char id="379" x="94" y="147" width="21" height="32" xoffset="-4" yoffset="6" xadvance="13" page="0" chnl="0" letter="Ż"/>
        <char id="380" x="129" y="450" width="19" height="26" xoffset="-3" yoffset="12" xadvance="10" page="0" chnl="0" letter="ż"/>
        <char id="381" x="324" y="43" width="21" height="33" xoffset="-4" yoffset="5" xadvance="13" page="0" chnl="0" letter="Ž"/>
        <char id="382" x="170" y="392" width="19" height="27" xoffset="-3" yoffset="11" xadvance="10" page="0" chnl="0" letter="ž"/>
        <char id="402" x="243" y="181" width="21" height="31" xoffset="-6" yoffset="10" xadvance="9" page="0" chnl="0" letter="ƒ"/>
        <char id="508" x="64" y="78" width="27" height="32" xoffset="-3" yoffset="6" xadvance="19" page="0" chnl="0" letter="Ǽ"/>
        <char id="509" x="30" y="276" width="26" height="27" xoffset="-3" yoffset="11" xadvance="18" page="0" chnl="0" letter="ǽ"/>
        <char id="510" x="347" y="43" width="21" height="33" xoffset="-3" yoffset="6" xadvance="14" page="0" chnl="0" letter="Ǿ"/>
        <char id="511" x="244" y="363" width="20" height="27" xoffset="-3" yoffset="12" xadvance="12" page="0" chnl="0" letter="ǿ"/>
        <char id="536" x="117" y="147" width="21" height="32" xoffset="-3" yoffset="11" xadvance="13" page="0" chnl="0" letter="Ș"/>
        <char id="537" x="210" y="450" width="18" height="26" xoffset="-3" yoffset="17" xadvance="10" page="0" chnl="0" letter="ș"/>
        <char id="567" x="302" y="450" width="15" height="26" xoffset="-5" yoffset="17" xadvance="6" page="0" chnl="0" letter="ȷ"/>
    </chars>
    <kernings count="293">
        <kerning first="69" second="119" amount="-1"/>
        <kerning first="70" second="65" amount="-2"/>
        <kerning first="34" second="187" amount="-1"/>
        <kerning first="76" second="118" amount="-1"/>
        <kerning first="80" second="74" amount="-1"/>
        <kerning first="84" second="112" amount="-2"/>
        <kerning first="86" second="47" amount="-1"/>
        <kerning first="271" second="124" amount="2"/>
        <kerning first="38" second="89" amount="-1"/>
        <kerning first="318" second="269" amount="2"/>
        <kerning first="119" second="84" amount="-2"/>
        <kerning first="46" second="34" amount="-2"/>
        <kerning first="318" second="34" amount="2"/>
        <kerning first="69" second="297" amount="1"/>
        <kerning first="171" second="34" amount="-1"/>
        <kerning first="104" second="87" amount="-1"/>
        <kerning first="34" second="47" amount="-1"/>
        <kerning first="114" second="88" amount="-1"/>
        <kerning first="114" second="45" amount="-1"/>
        <kerning first="318" second="116" amount="3"/>
        <kerning first="99" second="89" amount="-1"/>
        <kerning first="70" second="45" amount="-1"/>
        <kerning first="89" second="353" amount="-1"/>
        <kerning first="318" second="108" amount="2"/>
        <kerning first="357" second="92" amount="1"/>
        <kerning first="103" second="84" amount="-1"/>
        <kerning first="271" second="104" amount="3"/>
        <kerning first="89" second="74" amount="-2"/>
        <kerning first="271" second="382" amount="2"/>
        <kerning first="44" second="87" amount="-1"/>
        <kerning first="357" second="41" amount="1"/>
        <kerning first="318" second="102" amount="2"/>
        <kerning first="76" second="92" amount="-1"/>
        <kerning first="70" second="119" amount="-1"/>
        <kerning first="89" second="245" amount="-1"/>
        <kerning first="187" second="84" amount="-1"/>
        <kerning first="87" second="47" amount="-1"/>
        <kerning first="84" second="257" amount="-1"/>
        <kerning first="34" second="64" amount="-1"/>
        <kerning first="70" second="349" amount="-1"/>
        <kerning first="76" second="86" amount="-1"/>
        <kerning first="120" second="84" amount="-2"/>
        <kerning first="271" second="39" amount="3"/>
        <kerning first="70" second="297" amount="1"/>
        <kerning first="84" second="117" amount="-2"/>
        <kerning first="86" second="44" amount="-1"/>
        <kerning first="101" second="86" amount="-1"/>
        <kerning first="271" second="33" amount="2"/>
        <kerning first="84" second="109" amount="-2"/>
        <kerning first="97" second="87" amount="-1"/>
        <kerning first="70" second="99" amount="-2"/>
        <kerning first="84" second="58" amount="-1"/>
        <kerning first="87" second="115" amount="-1"/>
        <kerning first="104" second="84" amount="-2"/>
        <kerning first="34" second="44" amount="-1"/>
        <kerning first="84" second="103" amount="-2"/>
        <kerning first="64" second="34" amount="-1"/>
        <kerning first="317" second="42" amount="-1"/>
        <kerning first="92" second="89" amount="-1"/>
        <kerning first="84" second="52" amount="-1"/>
        <kerning first="89" second="269" amount="-1"/>
        <kerning first="84" second="97" amount="-2"/>
        <kerning first="89" second="122" amount="-1"/>
        <kerning first="121" second="84" amount="-2"/>
        <kerning first="297" second="92" amount="1"/>
        <kerning first="44" second="84" amount="-1"/>
        <kerning first="318" second="107" amount="3"/>
        <kerning first="76" second="89" amount="-2"/>
        <kerning first="297" second="41" amount="1"/>
        <kerning first="87" second="44" amount="-1"/>
        <kerning first="113" second="84" amount="-2"/>
        <kerning first="89" second="65" amount="-1"/>
        <kerning first="318" second="328" amount="1"/>
        <kerning first="84" second="120" amount="-2"/>
        <kerning first="108" second="183" amount="-1"/>
        <kerning first="101" second="89" amount="-1"/>
        <kerning first="318" second="93" amount="3"/>
        <kerning first="69" second="121" amount="-1"/>
        <kerning first="318" second="42" amount="2"/>
        <kerning first="88" second="297" amount="1"/>
        <kerning first="97" second="84" amount="-2"/>
        <kerning first="70" second="382" amount="-1"/>
        <kerning first="222" second="84" amount="-1"/>
        <kerning first="318" second="124" amount="2"/>
        <kerning first="118" second="89" amount="-1"/>
        <kerning first="89" second="171" amount="-1"/>
        <kerning first="89" second="45" amount="-1"/>
        <kerning first="317" second="39" amount="-1"/>
        <kerning first="114" second="90" amount="-1"/>
        <kerning first="122" second="84" amount="-2"/>
        <kerning first="45" second="84" amount="-1"/>
        <kerning first="70" second="47" amount="-1"/>
        <kerning first="318" second="244" amount="1"/>
        <kerning first="89" second="119" amount="-1"/>
        <kerning first="114" second="84" amount="-1"/>
        <kerning first="271" second="106" amount="3"/>
        <kerning first="76" second="183" amount="-1"/>
        <kerning first="271" second="98" amount="3"/>
        <kerning first="43" second="55" amount="-1"/>
        <kerning first="58" second="89" amount="-1"/>
        <kerning first="89" second="349" amount="-1"/>
        <kerning first="318" second="104" amount="3"/>
        <kerning first="70" second="121" amount="-1"/>
        <kerning first="86" second="103" amount="-1"/>
        <kerning first="318" second="382" amount="2"/>
        <kerning first="70" second="305" amount="-2"/>
        <kerning first="271" second="92" amount="3"/>
        <kerning first="89" second="297" amount="1"/>
        <kerning first="84" second="361" amount="-2"/>
        <kerning first="84" second="353" amount="-1"/>
        <kerning first="357" second="125" amount="1"/>
        <kerning first="34" second="58" amount="-1"/>
        <kerning first="271" second="41" amount="3"/>
        <kerning first="70" second="115" amount="-2"/>
        <kerning first="70" second="241" amount="-1"/>
        <kerning first="86" second="97" amount="-1"/>
        <kerning first="84" second="74" amount="-2"/>
        <kerning first="70" second="299" amount="1"/>
        <kerning first="89" second="99" amount="-2"/>
        <kerning first="119" second="89" amount="-1"/>
        <kerning first="69" second="118" amount="-1"/>
        <kerning first="318" second="39" amount="2"/>
        <kerning first="84" second="245" amount="-1"/>
        <kerning first="34" second="52" amount="-1"/>
        <kerning first="89" second="227" amount="-1"/>
        <kerning first="171" second="84" amount="-1"/>
        <kerning first="183" second="108" amount="-1"/>
        <kerning first="90" second="119" amount="-1"/>
        <kerning first="104" second="86" amount="-1"/>
        <kerning first="34" second="46" amount="-2"/>
        <kerning first="115" second="84" amount="-2"/>
        <kerning first="318" second="33" amount="2"/>
        <kerning first="297" second="63" amount="1"/>
        <kerning first="103" second="89" amount="-1"/>
        <kerning first="114" second="44" amount="-1"/>
        <kerning first="107" second="84" amount="-2"/>
        <kerning first="70" second="44" amount="-1"/>
        <kerning first="87" second="103" amount="-1"/>
        <kerning first="55" second="47" amount="-1"/>
        <kerning first="187" second="89" amount="-1"/>
        <kerning first="44" second="86" amount="-1"/>
        <kerning first="92" second="34" amount="-1"/>
        <kerning first="87" second="97" amount="-1"/>
        <kerning first="47" second="47" amount="-5"/>
        <kerning first="80" second="47" amount="-1"/>
        <kerning first="120" second="89" amount="-1"/>
        <kerning first="70" second="118" amount="-1"/>
        <kerning first="84" second="269" amount="-1"/>
        <kerning first="84" second="122" amount="-2"/>
        <kerning first="271" second="38" amount="2"/>
        <kerning first="98" second="87" amount="-1"/>
        <kerning first="70" second="112" amount="-2"/>
        <kerning first="297" second="125" amount="1"/>
        <kerning first="116" second="84" amount="-1"/>
        <kerning first="76" second="34" amount="-1"/>
        <kerning first="102" second="74" amount="-1"/>
        <kerning first="104" second="89" amount="-2"/>
        <kerning first="97" second="86" amount="-1"/>
        <kerning first="84" second="65" amount="-1"/>
        <kerning first="317" second="92" amount="-1"/>
        <kerning first="64" second="84" amount="-1"/>
        <kerning first="91" second="297" amount="1"/>
        <kerning first="89" second="47" amount="-1"/>
        <kerning first="70" second="226" amount="-1"/>
        <kerning first="86" second="74" amount="-1"/>
        <kerning first="121" second="89" amount="-1"/>
        <kerning first="39" second="297" amount="1"/>
        <kerning first="44" second="89" amount="-1"/>
        <kerning first="271" second="63" amount="3"/>
        <kerning first="89" second="121" amount="-1"/>
        <kerning first="55" second="44" amount="-1"/>
        <kerning first="89" second="305" amount="-1"/>
        <kerning first="84" second="45" amount="-1"/>
        <kerning first="34" second="74" amount="-1"/>
        <kerning first="84" second="171" amount="-1"/>
        <kerning first="113" second="89" amount="-1"/>
        <kerning first="70" second="257" amount="-1"/>
        <kerning first="318" second="106" amount="3"/>
        <kerning first="117" second="84" amount="-2"/>
        <kerning first="89" second="115" amount="-2"/>
        <kerning first="80" second="44" amount="-1"/>
        <kerning first="318" second="98" amount="3"/>
        <kerning first="76" second="45" amount="-1"/>
        <kerning first="89" second="64" amount="-1"/>
        <kerning first="84" second="119" amount="-2"/>
        <kerning first="70" second="117" amount="-2"/>
        <kerning first="318" second="92" amount="3"/>
        <kerning first="65" second="84" amount="-1"/>
        <kerning first="98" second="84" amount="-2"/>
        <kerning first="70" second="109" amount="-2"/>
        <kerning first="58" second="34" amount="-1"/>
        <kerning first="97" second="89" amount="-2"/>
        <kerning first="297" second="34" amount="1"/>
        <kerning first="84" second="349" amount="-1"/>
        <kerning first="318" second="41" amount="3"/>
        <kerning first="76" second="119" amount="-1"/>
        <kerning first="271" second="125" amount="3"/>
        <kerning first="87" second="74" amount="-1"/>
        <kerning first="84" second="297" amount="1"/>
        <kerning first="70" second="103" amount="-2"/>
        <kerning first="122" second="89" amount="-1"/>
        <kerning first="40" second="297" amount="1"/>
        <kerning first="45" second="89" amount="-1"/>
        <kerning first="90" second="121" amount="-1"/>
        <kerning first="89" second="44" amount="-1"/>
        <kerning first="84" second="99" amount="-2"/>
        <kerning first="38" second="84" amount="-1"/>
        <kerning first="70" second="97" amount="-2"/>
        <kerning first="114" second="89" amount="-1"/>
        <kerning first="84" second="227" amount="-1"/>
        <kerning first="89" second="118" amount="-1"/>
        <kerning first="271" second="105" amount="3"/>
        <kerning first="357" second="93" amount="1"/>
        <kerning first="99" second="84" amount="-1"/>
        <kerning first="102" second="45" amount="-1"/>
        <kerning first="70" second="120" amount="-2"/>
        <kerning first="89" second="112" amount="-1"/>
        <kerning first="76" second="42" amount="-1"/>
        <kerning first="187" second="34" amount="-1"/>
        <kerning first="76" second="87" amount="-1"/>
        <kerning first="318" second="38" amount="1"/>
        <kerning first="115" second="89" amount="-2"/>
        <kerning first="101" second="87" amount="-1"/>
        <kerning first="271" second="34" amount="3"/>
        <kerning first="102" second="297" amount="1"/>
        <kerning first="107" second="89" amount="-1"/>
        <kerning first="90" second="118" amount="-1"/>
        <kerning first="34" second="45" amount="-1"/>
        <kerning first="34" second="171" amount="-1"/>
        <kerning first="271" second="116" amount="3"/>
        <kerning first="55" second="52" amount="-1"/>
        <kerning first="70" second="228" amount="-2"/>
        <kerning first="271" second="108" amount="3"/>
        <kerning first="84" second="382" amount="-1"/>
        <kerning first="84" second="187" amount="-1"/>
        <kerning first="47" second="52" amount="-1"/>
        <kerning first="92" second="84" amount="-1"/>
        <kerning first="271" second="102" amount="2"/>
        <kerning first="86" second="297" amount="1"/>
        <kerning first="318" second="63" amount="2"/>
        <kerning first="84" second="47" amount="-1"/>
        <kerning first="42" second="297" amount="1"/>
        <kerning first="70" second="361" amount="-1"/>
        <kerning first="297" second="93" amount="1"/>
        <kerning first="70" second="259" amount="-1"/>
        <kerning first="70" second="353" amount="-1"/>
        <kerning first="89" second="117" amount="-1"/>
        <kerning first="89" second="109" amount="-1"/>
        <kerning first="114" second="74" amount="-1"/>
        <kerning first="86" second="99" amount="-1"/>
        <kerning first="116" second="89" amount="-1"/>
        <kerning first="34" second="297" amount="1"/>
        <kerning first="70" second="74" amount="-2"/>
        <kerning first="44" second="34" amount="-1"/>
        <kerning first="297" second="42" amount="1"/>
        <kerning first="89" second="58" amount="-1"/>
        <kerning first="84" second="121" amount="-2"/>
        <kerning first="70" second="245" amount="-1"/>
        <kerning first="76" second="84" amount="-2"/>
        <kerning first="84" second="305" amount="-2"/>
        <kerning first="98" second="86" amount="-1"/>
        <kerning first="89" second="103" amount="-2"/>
        <kerning first="76" second="121" amount="-1"/>
        <kerning first="89" second="52" amount="-1"/>
        <kerning first="84" second="241" amount="-1"/>
        <kerning first="84" second="115" amount="-2"/>
        <kerning first="101" second="84" amount="-2"/>
        <kerning first="89" second="97" amount="-1"/>
        <kerning first="84" second="64" amount="-1"/>
        <kerning first="318" second="353" amount="2"/>
        <kerning first="318" second="125" amount="3"/>
        <kerning first="118" second="90" amount="-1"/>
        <kerning first="87" second="297" amount="1"/>
        <kerning first="118" second="84" amount="-2"/>
        <kerning first="87" second="99" amount="-1"/>
        <kerning first="45" second="34" amount="-1"/>
        <kerning first="117" second="89" amount="-1"/>
        <kerning first="89" second="120" amount="-1"/>
        <kerning first="183" second="55" amount="-1"/>
        <kerning first="55" second="43" amount="-1"/>
        <kerning first="271" second="107" amount="3"/>
        <kerning first="317" second="34" amount="-1"/>
        <kerning first="84" second="44" amount="-1"/>
        <kerning first="70" second="269" amount="-1"/>
        <kerning first="318" second="105" amount="3"/>
        <kerning first="70" second="122" amount="-2"/>
        <kerning first="65" second="89" amount="-1"/>
        <kerning first="98" second="89" amount="-2"/>
        <kerning first="271" second="93" amount="3"/>
        <kerning first="297" second="39" amount="1"/>
        <kerning first="58" second="84" amount="-1"/>
        <kerning first="84" second="118" amount="-2"/>
        <kerning first="271" second="42" amount="3"/>
    </kernings>
</font>