<?xml version="1.0" encoding="UTF-8" standalone="no"?>
<!--Created using Glyph Designer - http://71squared.com/glyphdesigner-->
<font>
    <info face="Dosis Green" size="14" bold="1" italic="0" charset="" unicode="0" stretchH="100" smooth="1" aa="1" padding="0,0,0,0" spacing="2,2"/>
    <common lineHeight="25" base="14" scaleW="283" scaleH="389" pages="1" packed="0"/>
    <pages>
        <page id="0" file="dosis_green_hud.png"/>
    </pages>
    <chars count="322">
        <char id="32" x="38" y="372" width="0" height="0" xoffset="0" yoffset="25" xadvance="3" page="0" chnl="0" letter="space"/>
        <char id="33" x="185" y="264" width="9" height="18" xoffset="-2" yoffset="7" xadvance="3" page="0" chnl="0" letter="!"/>
        <char id="34" x="158" y="357" width="11" height="10" xoffset="-3" yoffset="7" xadvance="4" page="0" chnl="0" letter="&quot;"/>
        <char id="35" x="248" y="264" width="16" height="17" xoffset="-3" yoffset="8" xadvance="9" page="0" chnl="0" letter="#"/>
        <char id="36" x="37" y="143" width="14" height="19" xoffset="-3" yoffset="7" xadvance="7" page="0" chnl="0" letter="$"/>
        <char id="37" x="221" y="121" width="18" height="19" xoffset="-3" yoffset="7" xadvance="11" page="0" chnl="0" letter="%"/>
        <char id="38" x="59" y="164" width="16" height="18" xoffset="-3" yoffset="7" xadvance="9" page="0" chnl="0" letter="&amp;"/>
        <char id="39" x="195" y="357" width="9" height="10" xoffset="-3" yoffset="7" xadvance="2" page="0" chnl="0" letter="'"/>
        <char id="40" x="144" y="143" width="11" height="19" xoffset="-2" yoffset="6" xadvance="5" page="0" chnl="0" letter="("/>
        <char id="41" x="157" y="143" width="11" height="19" xoffset="-3" yoffset="6" xadvance="5" page="0" chnl="0" letter=")"/>
        <char id="42" x="226" y="341" width="13" height="13" xoffset="-3" yoffset="7" xadvance="7" page="0" chnl="0" letter="*"/>
        <char id="43" x="241" y="341" width="13" height="13" xoffset="-3" yoffset="11" xadvance="6" page="0" chnl="0" letter="+"/>
        <char id="44" x="147" y="357" width="9" height="11" xoffset="-3" yoffset="15" xadvance="3" page="0" chnl="0" letter=","/>
        <char id="45" x="221" y="357" width="12" height="9" xoffset="-2" yoffset="13" xadvance="6" page="0" chnl="0" letter="-"/>
        <char id="46" x="27" y="372" width="9" height="9" xoffset="-3" yoffset="16" xadvance="3" page="0" chnl="0" letter="."/>
        <char id="47" x="53" y="143" width="14" height="19" xoffset="-3" yoffset="7" xadvance="7" page="0" chnl="0" letter="/"/>
        <char id="48" x="36" y="184" width="14" height="18" xoffset="-2" yoffset="7" xadvance="8" page="0" chnl="0" letter="0"/>
        <char id="49" x="146" y="264" width="11" height="18" xoffset="-3" yoffset="7" xadvance="4" page="0" chnl="0" letter="1"/>
        <char id="50" x="52" y="184" width="14" height="18" xoffset="-3" yoffset="7" xadvance="7" page="0" chnl="0" letter="2"/>
        <char id="51" x="68" y="184" width="14" height="18" xoffset="-3" yoffset="7" xadvance="7" page="0" chnl="0" letter="3"/>
        <char id="52" x="131" y="164" width="15" height="18" xoffset="-3" yoffset="7" xadvance="7" page="0" chnl="0" letter="4"/>
        <char id="53" x="84" y="184" width="14" height="18" xoffset="-3" yoffset="7" xadvance="7" page="0" chnl="0" letter="5"/>
        <char id="54" x="100" y="184" width="14" height="18" xoffset="-2" yoffset="7" xadvance="8" page="0" chnl="0" letter="6"/>
        <char id="55" x="116" y="184" width="14" height="18" xoffset="-3" yoffset="7" xadvance="7" page="0" chnl="0" letter="7"/>
        <char id="56" x="132" y="184" width="14" height="18" xoffset="-3" yoffset="7" xadvance="7" page="0" chnl="0" letter="8"/>
        <char id="57" x="148" y="184" width="14" height="18" xoffset="-3" yoffset="7" xadvance="8" page="0" chnl="0" letter="9"/>
        <char id="58" x="54" y="357" width="9" height="13" xoffset="-2" yoffset="12" xadvance="3" page="0" chnl="0" letter=":"/>
        <char id="59" x="147" y="322" width="9" height="15" xoffset="-2" yoffset="11" xadvance="3" page="0" chnl="0" letter=";"/>
        <char id="60" x="34" y="341" width="13" height="14" xoffset="-3" yoffset="10" xadvance="6" page="0" chnl="0" letter="&lt;"/>
        <char id="61" x="65" y="357" width="12" height="12" xoffset="-2" yoffset="12" xadvance="6" page="0" chnl="0" letter="="/>
        <char id="62" x="49" y="341" width="13" height="14" xoffset="-2" yoffset="10" xadvance="6" page="0" chnl="0" letter="&gt;"/>
        <char id="63" x="242" y="224" width="13" height="18" xoffset="-3" yoffset="7" xadvance="6" page="0" chnl="0" letter="?"/>
        <char id="64" x="229" y="264" width="17" height="17" xoffset="-2" yoffset="10" xadvance="10" page="0" chnl="0" letter="@"/>
        <char id="65" x="148" y="164" width="15" height="18" xoffset="-3" yoffset="7" xadvance="8" page="0" chnl="0" letter="A"/>
        <char id="66" x="164" y="184" width="14" height="18" xoffset="-2" yoffset="7" xadvance="8" page="0" chnl="0" letter="B"/>
        <char id="67" x="180" y="184" width="14" height="18" xoffset="-2" yoffset="7" xadvance="8" page="0" chnl="0" letter="C"/>
        <char id="68" x="196" y="184" width="14" height="18" xoffset="-2" yoffset="7" xadvance="8" page="0" chnl="0" letter="D"/>
        <char id="69" x="212" y="184" width="14" height="18" xoffset="-2" yoffset="7" xadvance="7" page="0" chnl="0" letter="E"/>
        <char id="70" x="228" y="184" width="14" height="18" xoffset="-2" yoffset="7" xadvance="7" page="0" chnl="0" letter="F"/>
        <char id="71" x="244" y="184" width="14" height="18" xoffset="-2" yoffset="7" xadvance="8" page="0" chnl="0" letter="G"/>
        <char id="72" x="260" y="184" width="14" height="18" xoffset="-2" yoffset="7" xadvance="8" page="0" chnl="0" letter="H"/>
        <char id="73" x="196" y="264" width="9" height="18" xoffset="-2" yoffset="7" xadvance="4" page="0" chnl="0" letter="I"/>
        <char id="74" x="2" y="204" width="14" height="18" xoffset="-3" yoffset="7" xadvance="8" page="0" chnl="0" letter="J"/>
        <char id="75" x="18" y="204" width="14" height="18" xoffset="-2" yoffset="7" xadvance="8" page="0" chnl="0" letter="K"/>
        <char id="76" x="257" y="224" width="13" height="18" xoffset="-2" yoffset="7" xadvance="7" page="0" chnl="0" letter="L"/>
        <char id="77" x="77" y="164" width="16" height="18" xoffset="-2" yoffset="7" xadvance="10" page="0" chnl="0" letter="M"/>
        <char id="78" x="34" y="204" width="14" height="18" xoffset="-2" yoffset="7" xadvance="8" page="0" chnl="0" letter="N"/>
        <char id="79" x="50" y="204" width="14" height="18" xoffset="-2" yoffset="7" xadvance="8" page="0" chnl="0" letter="O"/>
        <char id="80" x="66" y="204" width="14" height="18" xoffset="-2" yoffset="7" xadvance="8" page="0" chnl="0" letter="P"/>
        <char id="81" x="69" y="143" width="14" height="19" xoffset="-2" yoffset="8" xadvance="8" page="0" chnl="0" letter="Q"/>
        <char id="82" x="82" y="204" width="14" height="18" xoffset="-2" yoffset="7" xadvance="8" page="0" chnl="0" letter="R"/>
        <char id="83" x="98" y="204" width="14" height="18" xoffset="-3" yoffset="7" xadvance="7" page="0" chnl="0" letter="S"/>
        <char id="84" x="165" y="164" width="15" height="18" xoffset="-3" yoffset="7" xadvance="7" page="0" chnl="0" letter="T"/>
        <char id="85" x="114" y="204" width="14" height="18" xoffset="-2" yoffset="7" xadvance="8" page="0" chnl="0" letter="U"/>
        <char id="86" x="182" y="164" width="15" height="18" xoffset="-3" yoffset="7" xadvance="8" page="0" chnl="0" letter="V"/>
        <char id="87" x="218" y="143" width="20" height="18" xoffset="-3" yoffset="7" xadvance="12" page="0" chnl="0" letter="W"/>
        <char id="88" x="199" y="164" width="15" height="18" xoffset="-3" yoffset="7" xadvance="8" page="0" chnl="0" letter="X"/>
        <char id="89" x="216" y="164" width="15" height="18" xoffset="-3" yoffset="7" xadvance="8" page="0" chnl="0" letter="Y"/>
        <char id="90" x="130" y="204" width="14" height="18" xoffset="-3" yoffset="7" xadvance="7" page="0" chnl="0" letter="Z"/>
        <char id="91" x="170" y="143" width="11" height="19" xoffset="-2" yoffset="6" xadvance="5" page="0" chnl="0" letter="["/>
        <char id="92" x="62" y="264" width="12" height="18" xoffset="-3" yoffset="7" xadvance="5" page="0" chnl="0" letter="\"/>
        <char id="93" x="183" y="143" width="11" height="19" xoffset="-3" yoffset="6" xadvance="5" page="0" chnl="0" letter="]"/>
        <char id="94" x="263" y="357" width="11" height="9" xoffset="-3" yoffset="8" xadvance="4" page="0" chnl="0" letter="^"/>
        <char id="95" x="206" y="357" width="13" height="9" xoffset="-4" yoffset="17" xadvance="4" page="0" chnl="0" letter="_"/>
        <char id="96" x="171" y="357" width="10" height="10" xoffset="-3" yoffset="7" xadvance="3" page="0" chnl="0" letter="`"/>
        <char id="97" x="64" y="341" width="13" height="14" xoffset="-3" yoffset="11" xadvance="7" page="0" chnl="0" letter="a"/>
        <char id="98" x="146" y="204" width="14" height="18" xoffset="-2" yoffset="7" xadvance="7" page="0" chnl="0" letter="b"/>
        <char id="99" x="79" y="341" width="13" height="14" xoffset="-3" yoffset="11" xadvance="6" page="0" chnl="0" letter="c"/>
        <char id="100" x="162" y="204" width="14" height="18" xoffset="-3" yoffset="7" xadvance="7" page="0" chnl="0" letter="d"/>
        <char id="101" x="94" y="341" width="13" height="14" xoffset="-3" yoffset="11" xadvance="7" page="0" chnl="0" letter="e"/>
        <char id="102" x="159" y="264" width="11" height="18" xoffset="-2" yoffset="7" xadvance="5" page="0" chnl="0" letter="f"/>
        <char id="103" x="178" y="204" width="14" height="18" xoffset="-3" yoffset="10" xadvance="7" page="0" chnl="0" letter="g"/>
        <char id="104" x="2" y="244" width="13" height="18" xoffset="-2" yoffset="7" xadvance="7" page="0" chnl="0" letter="h"/>
        <char id="105" x="105" y="322" width="9" height="17" xoffset="-2" yoffset="8" xadvance="3" page="0" chnl="0" letter="i"/>
        <char id="106" x="159" y="121" width="11" height="20" xoffset="-4" yoffset="8" xadvance="3" page="0" chnl="0" letter="j"/>
        <char id="107" x="194" y="204" width="14" height="18" xoffset="-2" yoffset="7" xadvance="7" page="0" chnl="0" letter="k"/>
        <char id="108" x="207" y="264" width="9" height="18" xoffset="-2" yoffset="7" xadvance="3" page="0" chnl="0" letter="l"/>
        <char id="109" x="178" y="322" width="17" height="14" xoffset="-2" yoffset="11" xadvance="11" page="0" chnl="0" letter="m"/>
        <char id="110" x="109" y="341" width="13" height="14" xoffset="-2" yoffset="11" xadvance="7" page="0" chnl="0" letter="n"/>
        <char id="111" x="235" y="322" width="14" height="14" xoffset="-3" yoffset="11" xadvance="7" page="0" chnl="0" letter="o"/>
        <char id="112" x="38" y="284" width="14" height="17" xoffset="-2" yoffset="11" xadvance="7" page="0" chnl="0" letter="p"/>
        <char id="113" x="54" y="284" width="14" height="17" xoffset="-3" yoffset="11" xadvance="7" page="0" chnl="0" letter="q"/>
        <char id="114" x="169" y="341" width="12" height="14" xoffset="-2" yoffset="11" xadvance="5" page="0" chnl="0" letter="r"/>
        <char id="115" x="124" y="341" width="13" height="14" xoffset="-3" yoffset="11" xadvance="6" page="0" chnl="0" letter="s"/>
        <char id="116" x="16" y="322" width="11" height="17" xoffset="-2" yoffset="8" xadvance="5" page="0" chnl="0" letter="t"/>
        <char id="117" x="251" y="322" width="14" height="14" xoffset="-2" yoffset="11" xadvance="7" page="0" chnl="0" letter="u"/>
        <char id="118" x="267" y="322" width="14" height="14" xoffset="-3" yoffset="11" xadvance="7" page="0" chnl="0" letter="v"/>
        <char id="119" x="197" y="322" width="17" height="14" xoffset="-3" yoffset="11" xadvance="10" page="0" chnl="0" letter="w"/>
        <char id="120" x="2" y="341" width="14" height="14" xoffset="-3" yoffset="11" xadvance="7" page="0" chnl="0" letter="x"/>
        <char id="121" x="70" y="284" width="14" height="17" xoffset="-3" yoffset="11" xadvance="7" page="0" chnl="0" letter="y"/>
        <char id="122" x="139" y="341" width="13" height="14" xoffset="-3" yoffset="11" xadvance="6" page="0" chnl="0" letter="z"/>
        <char id="123" x="116" y="143" width="12" height="19" xoffset="-3" yoffset="6" xadvance="5" page="0" chnl="0" letter="{"/>
        <char id="124" x="196" y="143" width="9" height="19" xoffset="-2" yoffset="6" xadvance="3" page="0" chnl="0" letter="|"/>
        <char id="125" x="130" y="143" width="12" height="19" xoffset="-3" yoffset="6" xadvance="5" page="0" chnl="0" letter="}"/>
        <char id="126" x="235" y="357" width="12" height="9" xoffset="-3" yoffset="13" xadvance="6" page="0" chnl="0" letter="~"/>
        <char id="161" x="218" y="264" width="9" height="18" xoffset="-2" yoffset="7" xadvance="3" page="0" chnl="0" letter="¡"/>
        <char id="162" x="214" y="284" width="13" height="17" xoffset="-3" yoffset="7" xadvance="6" page="0" chnl="0" letter="¢"/>
        <char id="163" x="210" y="204" width="14" height="18" xoffset="-3" yoffset="7" xadvance="8" page="0" chnl="0" letter="£"/>
        <char id="164" x="256" y="341" width="12" height="13" xoffset="-2" yoffset="8" xadvance="6" page="0" chnl="0" letter="¤"/>
        <char id="165" x="233" y="164" width="15" height="18" xoffset="-3" yoffset="7" xadvance="8" page="0" chnl="0" letter="¥"/>
        <char id="166" x="207" y="143" width="9" height="19" xoffset="-2" yoffset="6" xadvance="3" page="0" chnl="0" letter="¦"/>
        <char id="167" x="101" y="143" width="13" height="19" xoffset="-2" yoffset="7" xadvance="7" page="0" chnl="0" letter="§"/>
        <char id="168" x="2" y="372" width="11" height="9" xoffset="-3" yoffset="8" xadvance="4" page="0" chnl="0" letter="¨"/>
        <char id="169" x="2" y="284" width="16" height="17" xoffset="-2" yoffset="8" xadvance="10" page="0" chnl="0" letter="©"/>
        <char id="170" x="107" y="357" width="11" height="12" xoffset="-3" yoffset="7" xadvance="5" page="0" chnl="0" letter="ª"/>
        <char id="171" x="194" y="341" width="14" height="13" xoffset="-3" yoffset="11" xadvance="7" page="0" chnl="0" letter="«"/>
        <char id="172" x="120" y="357" width="13" height="11" xoffset="-3" yoffset="13" xadvance="7" page="0" chnl="0" letter="¬"/>
        <char id="174" x="20" y="284" width="16" height="17" xoffset="-2" yoffset="8" xadvance="10" page="0" chnl="0" letter="®"/>
        <char id="175" x="249" y="357" width="12" height="9" xoffset="-3" yoffset="7" xadvance="4" page="0" chnl="0" letter="¯"/>
        <char id="176" x="2" y="357" width="12" height="13" xoffset="-3" yoffset="6" xadvance="6" page="0" chnl="0" letter="°"/>
        <char id="177" x="132" y="322" width="13" height="15" xoffset="-3" yoffset="10" xadvance="7" page="0" chnl="0" letter="±"/>
        <char id="178" x="16" y="357" width="11" height="13" xoffset="-3" yoffset="7" xadvance="5" page="0" chnl="0" letter="²"/>
        <char id="179" x="29" y="357" width="11" height="13" xoffset="-3" yoffset="7" xadvance="5" page="0" chnl="0" letter="³"/>
        <char id="180" x="183" y="357" width="10" height="10" xoffset="-3" yoffset="7" xadvance="3" page="0" chnl="0" letter="´"/>
        <char id="181" x="86" y="284" width="14" height="17" xoffset="-2" yoffset="11" xadvance="7" page="0" chnl="0" letter="µ"/>
        <char id="182" x="226" y="204" width="14" height="18" xoffset="-3" yoffset="7" xadvance="8" page="0" chnl="0" letter="¶"/>
        <char id="183" x="15" y="372" width="10" height="9" xoffset="-3" yoffset="13" xadvance="3" page="0" chnl="0" letter="·"/>
        <char id="184" x="135" y="357" width="10" height="11" xoffset="-3" yoffset="17" xadvance="3" page="0" chnl="0" letter="¸"/>
        <char id="185" x="42" y="357" width="10" height="13" xoffset="-3" yoffset="7" xadvance="3" page="0" chnl="0" letter="¹"/>
        <char id="186" x="79" y="357" width="12" height="12" xoffset="-3" yoffset="7" xadvance="5" page="0" chnl="0" letter="º"/>
        <char id="187" x="210" y="341" width="14" height="13" xoffset="-3" yoffset="11" xadvance="7" page="0" chnl="0" letter="»"/>
        <char id="188" x="261" y="121" width="16" height="19" xoffset="-3" yoffset="7" xadvance="9" page="0" chnl="0" letter="¼"/>
        <char id="189" x="2" y="143" width="16" height="19" xoffset="-3" yoffset="7" xadvance="9" page="0" chnl="0" letter="½"/>
        <char id="190" x="241" y="121" width="18" height="19" xoffset="-3" yoffset="7" xadvance="11" page="0" chnl="0" letter="¾"/>
        <char id="191" x="17" y="244" width="13" height="18" xoffset="-3" yoffset="7" xadvance="6" page="0" chnl="0" letter="¿"/>
        <char id="192" x="92" y="2" width="15" height="21" xoffset="-3" yoffset="4" xadvance="8" page="0" chnl="0" letter="À"/>
        <char id="193" x="109" y="2" width="15" height="21" xoffset="-3" yoffset="4" xadvance="8" page="0" chnl="0" letter="Á"/>
        <char id="194" x="126" y="2" width="15" height="21" xoffset="-3" yoffset="4" xadvance="8" page="0" chnl="0" letter="Â"/>
        <char id="195" x="143" y="2" width="15" height="21" xoffset="-3" yoffset="4" xadvance="8" page="0" chnl="0" letter="Ã"/>
        <char id="196" x="209" y="98" width="15" height="20" xoffset="-3" yoffset="5" xadvance="8" page="0" chnl="0" letter="Ä"/>
        <char id="197" x="18" y="2" width="15" height="22" xoffset="-3" yoffset="3" xadvance="8" page="0" chnl="0" letter="Å"/>
        <char id="198" x="260" y="143" width="17" height="18" xoffset="-2" yoffset="7" xadvance="11" page="0" chnl="0" letter="Æ"/>
        <char id="199" x="2" y="29" width="14" height="21" xoffset="-2" yoffset="7" xadvance="8" page="0" chnl="0" letter="Ç"/>
        <char id="200" x="18" y="29" width="14" height="21" xoffset="-2" yoffset="4" xadvance="7" page="0" chnl="0" letter="È"/>
        <char id="201" x="34" y="29" width="14" height="21" xoffset="-2" yoffset="4" xadvance="7" page="0" chnl="0" letter="É"/>
        <char id="202" x="50" y="29" width="14" height="21" xoffset="-2" yoffset="4" xadvance="7" page="0" chnl="0" letter="Ê"/>
        <char id="203" x="260" y="98" width="14" height="20" xoffset="-2" yoffset="5" xadvance="7" page="0" chnl="0" letter="Ë"/>
        <char id="204" x="149" y="98" width="10" height="21" xoffset="-3" yoffset="4" xadvance="4" page="0" chnl="0" letter="Ì"/>
        <char id="205" x="161" y="98" width="10" height="21" xoffset="-3" yoffset="4" xadvance="4" page="0" chnl="0" letter="Í"/>
        <char id="206" x="123" y="98" width="11" height="21" xoffset="-3" yoffset="4" xadvance="4" page="0" chnl="0" letter="Î"/>
        <char id="207" x="172" y="121" width="11" height="20" xoffset="-3" yoffset="5" xadvance="4" page="0" chnl="0" letter="Ï"/>
        <char id="208" x="250" y="164" width="15" height="18" xoffset="-3" yoffset="7" xadvance="8" page="0" chnl="0" letter="Ð"/>
        <char id="209" x="66" y="29" width="14" height="21" xoffset="-2" yoffset="4" xadvance="8" page="0" chnl="0" letter="Ñ"/>
        <char id="210" x="82" y="29" width="14" height="21" xoffset="-2" yoffset="4" xadvance="8" page="0" chnl="0" letter="Ò"/>
        <char id="211" x="98" y="29" width="14" height="21" xoffset="-2" yoffset="4" xadvance="8" page="0" chnl="0" letter="Ó"/>
        <char id="212" x="114" y="29" width="14" height="21" xoffset="-2" yoffset="4" xadvance="8" page="0" chnl="0" letter="Ô"/>
        <char id="213" x="130" y="29" width="14" height="21" xoffset="-2" yoffset="4" xadvance="8" page="0" chnl="0" letter="Õ"/>
        <char id="214" x="146" y="29" width="14" height="21" xoffset="-2" yoffset="4" xadvance="8" page="0" chnl="0" letter="Ö"/>
        <char id="215" x="93" y="357" width="12" height="12" xoffset="-2" yoffset="11" xadvance="6" page="0" chnl="0" letter="×"/>
        <char id="216" x="85" y="143" width="14" height="19" xoffset="-2" yoffset="7" xadvance="8" page="0" chnl="0" letter="Ø"/>
        <char id="217" x="162" y="29" width="14" height="21" xoffset="-2" yoffset="4" xadvance="8" page="0" chnl="0" letter="Ù"/>
        <char id="218" x="178" y="29" width="14" height="21" xoffset="-2" yoffset="4" xadvance="8" page="0" chnl="0" letter="Ú"/>
        <char id="219" x="194" y="29" width="14" height="21" xoffset="-2" yoffset="4" xadvance="8" page="0" chnl="0" letter="Û"/>
        <char id="220" x="210" y="29" width="14" height="21" xoffset="-2" yoffset="4" xadvance="8" page="0" chnl="0" letter="Ü"/>
        <char id="221" x="160" y="2" width="15" height="21" xoffset="-3" yoffset="4" xadvance="8" page="0" chnl="0" letter="Ý"/>
        <char id="222" x="242" y="204" width="14" height="18" xoffset="-2" yoffset="7" xadvance="7" page="0" chnl="0" letter="Þ"/>
        <char id="223" x="20" y="143" width="15" height="19" xoffset="-3" yoffset="6" xadvance="8" page="0" chnl="0" letter="ß"/>
        <char id="224" x="32" y="244" width="13" height="18" xoffset="-3" yoffset="7" xadvance="7" page="0" chnl="0" letter="à"/>
        <char id="225" x="47" y="244" width="13" height="18" xoffset="-3" yoffset="7" xadvance="7" page="0" chnl="0" letter="á"/>
        <char id="226" x="62" y="244" width="13" height="18" xoffset="-3" yoffset="7" xadvance="7" page="0" chnl="0" letter="â"/>
        <char id="227" x="229" y="284" width="13" height="17" xoffset="-3" yoffset="8" xadvance="7" page="0" chnl="0" letter="ã"/>
        <char id="228" x="244" y="284" width="13" height="17" xoffset="-3" yoffset="8" xadvance="7" page="0" chnl="0" letter="ä"/>
        <char id="229" x="77" y="244" width="13" height="18" xoffset="-3" yoffset="7" xadvance="7" page="0" chnl="0" letter="å"/>
        <char id="230" x="216" y="322" width="17" height="14" xoffset="-3" yoffset="11" xadvance="10" page="0" chnl="0" letter="æ"/>
        <char id="231" x="259" y="284" width="13" height="17" xoffset="-3" yoffset="11" xadvance="6" page="0" chnl="0" letter="ç"/>
        <char id="232" x="92" y="244" width="13" height="18" xoffset="-3" yoffset="7" xadvance="7" page="0" chnl="0" letter="è"/>
        <char id="233" x="107" y="244" width="13" height="18" xoffset="-3" yoffset="7" xadvance="7" page="0" chnl="0" letter="é"/>
        <char id="234" x="122" y="244" width="13" height="18" xoffset="-3" yoffset="7" xadvance="7" page="0" chnl="0" letter="ê"/>
        <char id="235" x="2" y="303" width="13" height="17" xoffset="-3" yoffset="8" xadvance="7" page="0" chnl="0" letter="ë"/>
        <char id="236" x="81" y="322" width="10" height="17" xoffset="-3" yoffset="8" xadvance="3" page="0" chnl="0" letter="ì"/>
        <char id="237" x="93" y="322" width="10" height="17" xoffset="-3" yoffset="8" xadvance="3" page="0" chnl="0" letter="í"/>
        <char id="238" x="29" y="322" width="11" height="17" xoffset="-3" yoffset="8" xadvance="3" page="0" chnl="0" letter="î"/>
        <char id="239" x="42" y="322" width="11" height="17" xoffset="-3" yoffset="8" xadvance="3" page="0" chnl="0" letter="ï"/>
        <char id="240" x="258" y="204" width="14" height="18" xoffset="-3" yoffset="7" xadvance="7" page="0" chnl="0" letter="ð"/>
        <char id="241" x="17" y="303" width="13" height="17" xoffset="-2" yoffset="8" xadvance="7" page="0" chnl="0" letter="ñ"/>
        <char id="242" x="2" y="224" width="14" height="18" xoffset="-3" yoffset="7" xadvance="7" page="0" chnl="0" letter="ò"/>
        <char id="243" x="18" y="224" width="14" height="18" xoffset="-3" yoffset="7" xadvance="7" page="0" chnl="0" letter="ó"/>
        <char id="244" x="34" y="224" width="14" height="18" xoffset="-3" yoffset="7" xadvance="7" page="0" chnl="0" letter="ô"/>
        <char id="245" x="102" y="284" width="14" height="17" xoffset="-3" yoffset="8" xadvance="7" page="0" chnl="0" letter="õ"/>
        <char id="246" x="118" y="284" width="14" height="17" xoffset="-3" yoffset="8" xadvance="7" page="0" chnl="0" letter="ö"/>
        <char id="247" x="154" y="341" width="13" height="14" xoffset="-3" yoffset="11" xadvance="6" page="0" chnl="0" letter="÷"/>
        <char id="248" x="116" y="322" width="14" height="15" xoffset="-3" yoffset="10" xadvance="7" page="0" chnl="0" letter="ø"/>
        <char id="249" x="50" y="224" width="14" height="18" xoffset="-2" yoffset="7" xadvance="7" page="0" chnl="0" letter="ù"/>
        <char id="250" x="66" y="224" width="14" height="18" xoffset="-2" yoffset="7" xadvance="7" page="0" chnl="0" letter="ú"/>
        <char id="251" x="82" y="224" width="14" height="18" xoffset="-2" yoffset="7" xadvance="7" page="0" chnl="0" letter="û"/>
        <char id="252" x="134" y="284" width="14" height="17" xoffset="-2" yoffset="8" xadvance="7" page="0" chnl="0" letter="ü"/>
        <char id="253" x="226" y="29" width="14" height="21" xoffset="-3" yoffset="7" xadvance="7" page="0" chnl="0" letter="ý"/>
        <char id="254" x="242" y="29" width="14" height="21" xoffset="-2" yoffset="7" xadvance="7" page="0" chnl="0" letter="þ"/>
        <char id="256" x="177" y="2" width="15" height="21" xoffset="-3" yoffset="4" xadvance="8" page="0" chnl="0" letter="Ā"/>
        <char id="257" x="32" y="303" width="13" height="17" xoffset="-3" yoffset="8" xadvance="7" page="0" chnl="0" letter="ā"/>
        <char id="258" x="194" y="2" width="15" height="21" xoffset="-3" yoffset="4" xadvance="8" page="0" chnl="0" letter="Ă"/>
        <char id="259" x="137" y="244" width="13" height="18" xoffset="-3" yoffset="7" xadvance="7" page="0" chnl="0" letter="ă"/>
        <char id="260" x="211" y="2" width="15" height="21" xoffset="-3" yoffset="7" xadvance="8" page="0" chnl="0" letter="Ą"/>
        <char id="261" x="47" y="303" width="13" height="17" xoffset="-3" yoffset="11" xadvance="7" page="0" chnl="0" letter="ą"/>
        <char id="262" x="258" y="29" width="14" height="21" xoffset="-2" yoffset="4" xadvance="8" page="0" chnl="0" letter="Ć"/>
        <char id="263" x="152" y="244" width="13" height="18" xoffset="-3" yoffset="7" xadvance="6" page="0" chnl="0" letter="ć"/>
        <char id="264" x="2" y="52" width="14" height="21" xoffset="-2" yoffset="4" xadvance="8" page="0" chnl="0" letter="Ĉ"/>
        <char id="265" x="167" y="244" width="13" height="18" xoffset="-3" yoffset="7" xadvance="6" page="0" chnl="0" letter="ĉ"/>
        <char id="266" x="18" y="52" width="14" height="21" xoffset="-2" yoffset="4" xadvance="8" page="0" chnl="0" letter="Ċ"/>
        <char id="267" x="62" y="303" width="13" height="17" xoffset="-3" yoffset="8" xadvance="6" page="0" chnl="0" letter="ċ"/>
        <char id="268" x="34" y="52" width="14" height="21" xoffset="-2" yoffset="4" xadvance="8" page="0" chnl="0" letter="Č"/>
        <char id="269" x="182" y="244" width="13" height="18" xoffset="-3" yoffset="7" xadvance="6" page="0" chnl="0" letter="č"/>
        <char id="270" x="50" y="52" width="14" height="21" xoffset="-2" yoffset="4" xadvance="8" page="0" chnl="0" letter="Ď"/>
        <char id="271" x="95" y="164" width="16" height="18" xoffset="-3" yoffset="7" xadvance="7" page="0" chnl="0" letter="ď"/>
        <char id="272" x="2" y="184" width="15" height="18" xoffset="-3" yoffset="7" xadvance="8" page="0" chnl="0" letter="Đ"/>
        <char id="273" x="98" y="224" width="14" height="18" xoffset="-3" yoffset="7" xadvance="7" page="0" chnl="0" letter="đ"/>
        <char id="274" x="66" y="52" width="14" height="21" xoffset="-2" yoffset="4" xadvance="7" page="0" chnl="0" letter="Ē"/>
        <char id="275" x="77" y="303" width="13" height="17" xoffset="-3" yoffset="8" xadvance="7" page="0" chnl="0" letter="ē"/>
        <char id="276" x="82" y="52" width="14" height="21" xoffset="-2" yoffset="4" xadvance="7" page="0" chnl="0" letter="Ĕ"/>
        <char id="277" x="197" y="244" width="13" height="18" xoffset="-3" yoffset="7" xadvance="7" page="0" chnl="0" letter="ĕ"/>
        <char id="278" x="2" y="121" width="14" height="20" xoffset="-2" yoffset="5" xadvance="7" page="0" chnl="0" letter="Ė"/>
        <char id="279" x="92" y="303" width="13" height="17" xoffset="-3" yoffset="8" xadvance="7" page="0" chnl="0" letter="ė"/>
        <char id="280" x="98" y="52" width="14" height="21" xoffset="-2" yoffset="7" xadvance="7" page="0" chnl="0" letter="Ę"/>
        <char id="281" x="107" y="303" width="13" height="17" xoffset="-3" yoffset="11" xadvance="7" page="0" chnl="0" letter="ę"/>
        <char id="282" x="114" y="52" width="14" height="21" xoffset="-2" yoffset="4" xadvance="7" page="0" chnl="0" letter="Ě"/>
        <char id="283" x="212" y="244" width="13" height="18" xoffset="-3" yoffset="7" xadvance="7" page="0" chnl="0" letter="ě"/>
        <char id="284" x="130" y="52" width="14" height="21" xoffset="-2" yoffset="4" xadvance="8" page="0" chnl="0" letter="Ĝ"/>
        <char id="285" x="146" y="52" width="14" height="21" xoffset="-3" yoffset="7" xadvance="7" page="0" chnl="0" letter="ĝ"/>
        <char id="286" x="162" y="52" width="14" height="21" xoffset="-2" yoffset="4" xadvance="8" page="0" chnl="0" letter="Ğ"/>
        <char id="287" x="178" y="52" width="14" height="21" xoffset="-3" yoffset="7" xadvance="7" page="0" chnl="0" letter="ğ"/>
        <char id="288" x="194" y="52" width="14" height="21" xoffset="-2" yoffset="4" xadvance="8" page="0" chnl="0" letter="Ġ"/>
        <char id="289" x="18" y="121" width="14" height="20" xoffset="-3" yoffset="8" xadvance="7" page="0" chnl="0" letter="ġ"/>
        <char id="290" x="34" y="121" width="14" height="20" xoffset="-2" yoffset="8" xadvance="8" page="0" chnl="0" letter="Ģ"/>
        <char id="291" x="2" y="2" width="14" height="25" xoffset="-3" yoffset="3" xadvance="7" page="0" chnl="0" letter="ģ"/>
        <char id="292" x="210" y="52" width="14" height="21" xoffset="-2" yoffset="4" xadvance="8" page="0" chnl="0" letter="Ĥ"/>
        <char id="293" x="228" y="2" width="15" height="21" xoffset="-3" yoffset="4" xadvance="7" page="0" chnl="0" letter="ĥ"/>
        <char id="294" x="113" y="164" width="16" height="18" xoffset="-3" yoffset="7" xadvance="9" page="0" chnl="0" letter="Ħ"/>
        <char id="295" x="114" y="224" width="14" height="18" xoffset="-3" yoffset="7" xadvance="7" page="0" chnl="0" letter="ħ"/>
        <char id="296" x="81" y="98" width="12" height="21" xoffset="-4" yoffset="4" xadvance="4" page="0" chnl="0" letter="Ĩ"/>
        <char id="297" x="242" y="303" width="12" height="17" xoffset="-4" yoffset="8" xadvance="3" page="0" chnl="0" letter="ĩ"/>
        <char id="298" x="95" y="98" width="12" height="21" xoffset="-3" yoffset="4" xadvance="4" page="0" chnl="0" letter="Ī"/>
        <char id="299" x="256" y="303" width="12" height="17" xoffset="-3" yoffset="8" xadvance="3" page="0" chnl="0" letter="ī"/>
        <char id="300" x="136" y="98" width="11" height="21" xoffset="-3" yoffset="4" xadvance="4" page="0" chnl="0" letter="Ĭ"/>
        <char id="301" x="172" y="264" width="11" height="18" xoffset="-3" yoffset="7" xadvance="3" page="0" chnl="0" letter="ĭ"/>
        <char id="302" x="173" y="98" width="10" height="21" xoffset="-3" yoffset="7" xadvance="4" page="0" chnl="0" letter="Į"/>
        <char id="303" x="198" y="121" width="10" height="20" xoffset="-3" yoffset="8" xadvance="3" page="0" chnl="0" letter="į"/>
        <char id="304" x="210" y="121" width="9" height="20" xoffset="-2" yoffset="5" xadvance="4" page="0" chnl="0" letter="İ"/>
        <char id="305" x="183" y="341" width="9" height="14" xoffset="-2" yoffset="11" xadvance="3" page="0" chnl="0" letter="ı"/>
        <char id="306" x="2" y="164" width="17" height="18" xoffset="-2" yoffset="7" xadvance="11" page="0" chnl="0" letter="Ĳ"/>
        <char id="307" x="145" y="121" width="12" height="20" xoffset="-2" yoffset="8" xadvance="6" page="0" chnl="0" letter="ĳ"/>
        <char id="308" x="226" y="52" width="14" height="21" xoffset="-3" yoffset="4" xadvance="8" page="0" chnl="0" letter="Ĵ"/>
        <char id="309" x="109" y="98" width="12" height="21" xoffset="-4" yoffset="7" xadvance="3" page="0" chnl="0" letter="ĵ"/>
        <char id="310" x="50" y="121" width="14" height="20" xoffset="-2" yoffset="8" xadvance="8" page="0" chnl="0" letter="Ķ"/>
        <char id="311" x="242" y="52" width="14" height="21" xoffset="-2" yoffset="7" xadvance="7" page="0" chnl="0" letter="ķ"/>
        <char id="312" x="18" y="341" width="14" height="14" xoffset="-2" yoffset="11" xadvance="7" page="0" chnl="0" letter="ĸ"/>
        <char id="313" x="66" y="98" width="13" height="21" xoffset="-2" yoffset="4" xadvance="7" page="0" chnl="0" letter="Ĺ"/>
        <char id="314" x="185" y="98" width="10" height="21" xoffset="-2" yoffset="4" xadvance="3" page="0" chnl="0" letter="ĺ"/>
        <char id="315" x="130" y="121" width="13" height="20" xoffset="-2" yoffset="8" xadvance="7" page="0" chnl="0" letter="Ļ"/>
        <char id="316" x="197" y="98" width="10" height="21" xoffset="-3" yoffset="7" xadvance="3" page="0" chnl="0" letter="ļ"/>
        <char id="317" x="227" y="244" width="13" height="18" xoffset="-2" yoffset="7" xadvance="7" page="0" chnl="0" letter="Ľ"/>
        <char id="318" x="76" y="264" width="12" height="18" xoffset="-2" yoffset="7" xadvance="3" page="0" chnl="0" letter="ľ"/>
        <char id="319" x="242" y="244" width="13" height="18" xoffset="-2" yoffset="7" xadvance="7" page="0" chnl="0" letter="Ŀ"/>
        <char id="320" x="90" y="264" width="12" height="18" xoffset="-2" yoffset="7" xadvance="5" page="0" chnl="0" letter="ŀ"/>
        <char id="321" x="130" y="224" width="14" height="18" xoffset="-3" yoffset="7" xadvance="7" page="0" chnl="0" letter="Ł"/>
        <char id="322" x="104" y="264" width="12" height="18" xoffset="-3" yoffset="7" xadvance="4" page="0" chnl="0" letter="ł"/>
        <char id="323" x="258" y="52" width="14" height="21" xoffset="-2" yoffset="4" xadvance="8" page="0" chnl="0" letter="Ń"/>
        <char id="324" x="122" y="303" width="13" height="17" xoffset="-2" yoffset="8" xadvance="7" page="0" chnl="0" letter="ń"/>
        <char id="325" x="66" y="121" width="14" height="20" xoffset="-2" yoffset="8" xadvance="8" page="0" chnl="0" letter="Ņ"/>
        <char id="326" x="137" y="303" width="13" height="17" xoffset="-2" yoffset="11" xadvance="7" page="0" chnl="0" letter="ņ"/>
        <char id="327" x="2" y="75" width="14" height="21" xoffset="-2" yoffset="4" xadvance="8" page="0" chnl="0" letter="Ň"/>
        <char id="328" x="257" y="244" width="13" height="18" xoffset="-2" yoffset="7" xadvance="7" page="0" chnl="0" letter="ň"/>
        <char id="330" x="18" y="75" width="14" height="21" xoffset="-2" yoffset="7" xadvance="8" page="0" chnl="0" letter="Ŋ"/>
        <char id="331" x="152" y="303" width="13" height="17" xoffset="-2" yoffset="11" xadvance="7" page="0" chnl="0" letter="ŋ"/>
        <char id="332" x="34" y="75" width="14" height="21" xoffset="-2" yoffset="4" xadvance="8" page="0" chnl="0" letter="Ō"/>
        <char id="333" x="150" y="284" width="14" height="17" xoffset="-3" yoffset="8" xadvance="7" page="0" chnl="0" letter="ō"/>
        <char id="334" x="50" y="75" width="14" height="21" xoffset="-2" yoffset="4" xadvance="8" page="0" chnl="0" letter="Ŏ"/>
        <char id="335" x="146" y="224" width="14" height="18" xoffset="-3" yoffset="7" xadvance="7" page="0" chnl="0" letter="ŏ"/>
        <char id="336" x="66" y="75" width="14" height="21" xoffset="-2" yoffset="4" xadvance="8" page="0" chnl="0" letter="Ő"/>
        <char id="337" x="162" y="224" width="14" height="18" xoffset="-3" yoffset="7" xadvance="7" page="0" chnl="0" letter="ő"/>
        <char id="338" x="240" y="143" width="18" height="18" xoffset="-2" yoffset="7" xadvance="12" page="0" chnl="0" letter="Œ"/>
        <char id="339" x="158" y="322" width="18" height="14" xoffset="-3" yoffset="11" xadvance="11" page="0" chnl="0" letter="œ"/>
        <char id="340" x="82" y="75" width="14" height="21" xoffset="-2" yoffset="4" xadvance="8" page="0" chnl="0" letter="Ŕ"/>
        <char id="341" x="2" y="322" width="12" height="17" xoffset="-2" yoffset="8" xadvance="5" page="0" chnl="0" letter="ŕ"/>
        <char id="342" x="82" y="121" width="14" height="20" xoffset="-2" yoffset="8" xadvance="8" page="0" chnl="0" letter="Ŗ"/>
        <char id="343" x="167" y="303" width="13" height="17" xoffset="-3" yoffset="11" xadvance="5" page="0" chnl="0" letter="ŗ"/>
        <char id="344" x="98" y="75" width="14" height="21" xoffset="-2" yoffset="4" xadvance="8" page="0" chnl="0" letter="Ř"/>
        <char id="345" x="118" y="264" width="12" height="18" xoffset="-2" yoffset="7" xadvance="5" page="0" chnl="0" letter="ř"/>
        <char id="346" x="114" y="75" width="14" height="21" xoffset="-3" yoffset="4" xadvance="7" page="0" chnl="0" letter="Ś"/>
        <char id="347" x="2" y="264" width="13" height="18" xoffset="-3" yoffset="7" xadvance="6" page="0" chnl="0" letter="ś"/>
        <char id="348" x="130" y="75" width="14" height="21" xoffset="-3" yoffset="4" xadvance="7" page="0" chnl="0" letter="Ŝ"/>
        <char id="349" x="17" y="264" width="13" height="18" xoffset="-3" yoffset="7" xadvance="6" page="0" chnl="0" letter="ŝ"/>
        <char id="350" x="146" y="75" width="14" height="21" xoffset="-3" yoffset="7" xadvance="7" page="0" chnl="0" letter="Ş"/>
        <char id="351" x="182" y="303" width="13" height="17" xoffset="-3" yoffset="11" xadvance="6" page="0" chnl="0" letter="ş"/>
        <char id="352" x="162" y="75" width="14" height="21" xoffset="-3" yoffset="4" xadvance="7" page="0" chnl="0" letter="Š"/>
        <char id="353" x="32" y="264" width="13" height="18" xoffset="-3" yoffset="7" xadvance="6" page="0" chnl="0" letter="š"/>
        <char id="354" x="226" y="98" width="15" height="20" xoffset="-3" yoffset="8" xadvance="7" page="0" chnl="0" letter="Ţ"/>
        <char id="355" x="185" y="121" width="11" height="20" xoffset="-2" yoffset="8" xadvance="5" page="0" chnl="0" letter="ţ"/>
        <char id="356" x="245" y="2" width="15" height="21" xoffset="-3" yoffset="4" xadvance="7" page="0" chnl="0" letter="Ť"/>
        <char id="357" x="132" y="264" width="12" height="18" xoffset="-2" yoffset="7" xadvance="5" page="0" chnl="0" letter="ť"/>
        <char id="358" x="19" y="184" width="15" height="18" xoffset="-3" yoffset="7" xadvance="7" page="0" chnl="0" letter="Ŧ"/>
        <char id="359" x="55" y="322" width="11" height="17" xoffset="-2" yoffset="8" xadvance="5" page="0" chnl="0" letter="ŧ"/>
        <char id="360" x="178" y="75" width="14" height="21" xoffset="-2" yoffset="4" xadvance="8" page="0" chnl="0" letter="Ũ"/>
        <char id="361" x="166" y="284" width="14" height="17" xoffset="-2" yoffset="8" xadvance="7" page="0" chnl="0" letter="ũ"/>
        <char id="362" x="194" y="75" width="14" height="21" xoffset="-2" yoffset="4" xadvance="8" page="0" chnl="0" letter="Ū"/>
        <char id="363" x="182" y="284" width="14" height="17" xoffset="-2" yoffset="8" xadvance="7" page="0" chnl="0" letter="ū"/>
        <char id="364" x="210" y="75" width="14" height="21" xoffset="-2" yoffset="4" xadvance="8" page="0" chnl="0" letter="Ŭ"/>
        <char id="365" x="178" y="224" width="14" height="18" xoffset="-2" yoffset="7" xadvance="7" page="0" chnl="0" letter="ŭ"/>
        <char id="366" x="35" y="2" width="14" height="22" xoffset="-2" yoffset="3" xadvance="8" page="0" chnl="0" letter="Ů"/>
        <char id="367" x="194" y="224" width="14" height="18" xoffset="-2" yoffset="7" xadvance="7" page="0" chnl="0" letter="ů"/>
        <char id="368" x="226" y="75" width="14" height="21" xoffset="-2" yoffset="4" xadvance="8" page="0" chnl="0" letter="Ű"/>
        <char id="369" x="210" y="224" width="14" height="18" xoffset="-2" yoffset="7" xadvance="7" page="0" chnl="0" letter="ű"/>
        <char id="370" x="242" y="75" width="14" height="21" xoffset="-2" yoffset="7" xadvance="8" page="0" chnl="0" letter="Ų"/>
        <char id="371" x="198" y="284" width="14" height="17" xoffset="-2" yoffset="11" xadvance="7" page="0" chnl="0" letter="ų"/>
        <char id="372" x="51" y="2" width="20" height="21" xoffset="-3" yoffset="4" xadvance="12" page="0" chnl="0" letter="Ŵ"/>
        <char id="373" x="21" y="164" width="17" height="18" xoffset="-3" yoffset="7" xadvance="10" page="0" chnl="0" letter="ŵ"/>
        <char id="374" x="262" y="2" width="15" height="21" xoffset="-3" yoffset="4" xadvance="8" page="0" chnl="0" letter="Ŷ"/>
        <char id="375" x="258" y="75" width="14" height="21" xoffset="-3" yoffset="7" xadvance="7" page="0" chnl="0" letter="ŷ"/>
        <char id="376" x="243" y="98" width="15" height="20" xoffset="-3" yoffset="5" xadvance="8" page="0" chnl="0" letter="Ÿ"/>
        <char id="377" x="2" y="98" width="14" height="21" xoffset="-3" yoffset="4" xadvance="7" page="0" chnl="0" letter="Ź"/>
        <char id="378" x="197" y="303" width="13" height="17" xoffset="-3" yoffset="8" xadvance="6" page="0" chnl="0" letter="ź"/>
        <char id="379" x="98" y="121" width="14" height="20" xoffset="-3" yoffset="5" xadvance="7" page="0" chnl="0" letter="Ż"/>
        <char id="380" x="212" y="303" width="13" height="17" xoffset="-3" yoffset="8" xadvance="6" page="0" chnl="0" letter="ż"/>
        <char id="381" x="18" y="98" width="14" height="21" xoffset="-3" yoffset="4" xadvance="7" page="0" chnl="0" letter="Ž"/>
        <char id="382" x="47" y="264" width="13" height="18" xoffset="-3" yoffset="7" xadvance="6" page="0" chnl="0" letter="ž"/>
        <char id="402" x="114" y="121" width="14" height="20" xoffset="-4" yoffset="7" xadvance="5" page="0" chnl="0" letter="ƒ"/>
        <char id="508" x="73" y="2" width="17" height="21" xoffset="-2" yoffset="4" xadvance="11" page="0" chnl="0" letter="Ǽ"/>
        <char id="509" x="40" y="164" width="17" height="18" xoffset="-3" yoffset="7" xadvance="10" page="0" chnl="0" letter="ǽ"/>
        <char id="510" x="34" y="98" width="14" height="21" xoffset="-2" yoffset="5" xadvance="8" page="0" chnl="0" letter="Ǿ"/>
        <char id="511" x="226" y="224" width="14" height="18" xoffset="-3" yoffset="7" xadvance="7" page="0" chnl="0" letter="ǿ"/>
        <char id="536" x="50" y="98" width="14" height="21" xoffset="-3" yoffset="7" xadvance="7" page="0" chnl="0" letter="Ș"/>
        <char id="537" x="227" y="303" width="13" height="17" xoffset="-3" yoffset="11" xadvance="6" page="0" chnl="0" letter="ș"/>
        <char id="567" x="68" y="322" width="11" height="17" xoffset="-4" yoffset="11" xadvance="3" page="0" chnl="0" letter="ȷ"/>
    </chars>
    <kernings count="133">
        <kerning first="271" second="116" amount="1"/>
        <kerning first="84" second="245" amount="-1"/>
        <kerning first="84" second="305" amount="-1"/>
        <kerning first="101" second="89" amount="-1"/>
        <kerning first="76" second="87" amount="-1"/>
        <kerning first="318" second="39" amount="1"/>
        <kerning first="70" second="97" amount="-1"/>
        <kerning first="70" second="117" amount="-1"/>
        <kerning first="271" second="41" amount="1"/>
        <kerning first="44" second="34" amount="-1"/>
        <kerning first="318" second="353" amount="1"/>
        <kerning first="103" second="84" amount="-1"/>
        <kerning first="89" second="245" amount="-1"/>
        <kerning first="113" second="84" amount="-1"/>
        <kerning first="271" second="42" amount="1"/>
        <kerning first="84" second="74" amount="-1"/>
        <kerning first="70" second="122" amount="-1"/>
        <kerning first="271" second="102" amount="1"/>
        <kerning first="84" second="118" amount="-1"/>
        <kerning first="318" second="116" amount="1"/>
        <kerning first="318" second="269" amount="1"/>
        <kerning first="98" second="84" amount="-1"/>
        <kerning first="114" second="74" amount="-1"/>
        <kerning first="318" second="41" amount="1"/>
        <kerning first="46" second="34" amount="-1"/>
        <kerning first="70" second="103" amount="-1"/>
        <kerning first="271" second="63" amount="1"/>
        <kerning first="84" second="99" amount="-1"/>
        <kerning first="84" second="119" amount="-1"/>
        <kerning first="84" second="115" amount="-1"/>
        <kerning first="118" second="84" amount="-1"/>
        <kerning first="89" second="74" amount="-1"/>
        <kerning first="98" second="89" amount="-1"/>
        <kerning first="115" second="84" amount="-1"/>
        <kerning first="70" second="44" amount="-1"/>
        <kerning first="76" second="118" amount="-1"/>
        <kerning first="318" second="42" amount="1"/>
        <kerning first="318" second="102" amount="1"/>
        <kerning first="80" second="44" amount="-1"/>
        <kerning first="70" second="241" amount="-1"/>
        <kerning first="70" second="297" amount="1"/>
        <kerning first="271" second="124" amount="1"/>
        <kerning first="84" second="269" amount="-1"/>
        <kerning first="84" second="120" amount="-1"/>
        <kerning first="271" second="108" amount="1"/>
        <kerning first="271" second="104" amount="1"/>
        <kerning first="271" second="382" amount="1"/>
        <kerning first="89" second="99" amount="-1"/>
        <kerning first="89" second="115" amount="-1"/>
        <kerning first="115" second="89" amount="-1"/>
        <kerning first="89" second="349" amount="-1"/>
        <kerning first="318" second="63" amount="1"/>
        <kerning first="70" second="65" amount="-1"/>
        <kerning first="70" second="109" amount="-1"/>
        <kerning first="84" second="97" amount="-1"/>
        <kerning first="84" second="121" amount="-1"/>
        <kerning first="84" second="117" amount="-1"/>
        <kerning first="271" second="105" amount="1"/>
        <kerning first="55" second="47" amount="-1"/>
        <kerning first="271" second="125" amount="1"/>
        <kerning first="97" second="84" amount="-1"/>
        <kerning first="120" second="84" amount="-1"/>
        <kerning first="107" second="84" amount="-1"/>
        <kerning first="89" second="120" amount="-1"/>
        <kerning first="89" second="269" amount="-1"/>
        <kerning first="117" second="84" amount="-1"/>
        <kerning first="318" second="104" amount="1"/>
        <kerning first="318" second="108" amount="1"/>
        <kerning first="318" second="124" amount="1"/>
        <kerning first="120" second="89" amount="-1"/>
        <kerning first="84" second="122" amount="-1"/>
        <kerning first="271" second="106" amount="1"/>
        <kerning first="97" second="89" amount="-1"/>
        <kerning first="70" second="259" amount="-1"/>
        <kerning first="318" second="382" amount="1"/>
        <kerning first="89" second="97" amount="-1"/>
        <kerning first="89" second="117" amount="-1"/>
        <kerning first="107" second="89" amount="-1"/>
        <kerning first="117" second="89" amount="-1"/>
        <kerning first="34" second="44" amount="-1"/>
        <kerning first="76" second="121" amount="-1"/>
        <kerning first="47" second="47" amount="-3"/>
        <kerning first="318" second="105" amount="1"/>
        <kerning first="122" second="84" amount="-1"/>
        <kerning first="84" second="103" amount="-1"/>
        <kerning first="271" second="107" amount="1"/>
        <kerning first="318" second="125" amount="1"/>
        <kerning first="70" second="361" amount="-1"/>
        <kerning first="76" second="42" amount="-1"/>
        <kerning first="34" second="45" amount="-1"/>
        <kerning first="70" second="112" amount="-1"/>
        <kerning first="45" second="34" amount="-1"/>
        <kerning first="122" second="89" amount="-1"/>
        <kerning first="271" second="92" amount="1"/>
        <kerning first="70" second="305" amount="-1"/>
        <kerning first="318" second="106" amount="1"/>
        <kerning first="84" second="241" amount="-1"/>
        <kerning first="84" second="257" amount="-1"/>
        <kerning first="89" second="103" amount="-1"/>
        <kerning first="104" second="84" amount="-1"/>
        <kerning first="34" second="46" amount="-1"/>
        <kerning first="114" second="84" amount="-1"/>
        <kerning first="271" second="33" amount="1"/>
        <kerning first="318" second="107" amount="1"/>
        <kerning first="84" second="109" amount="-1"/>
        <kerning first="271" second="93" amount="1"/>
        <kerning first="104" second="89" amount="-1"/>
        <kerning first="99" second="84" amount="-1"/>
        <kerning first="76" second="84" amount="-1"/>
        <kerning first="70" second="74" amount="-1"/>
        <kerning first="318" second="92" amount="1"/>
        <kerning first="271" second="38" amount="1"/>
        <kerning first="271" second="34" amount="1"/>
        <kerning first="271" second="98" amount="1"/>
        <kerning first="119" second="84" amount="-1"/>
        <kerning first="99" second="89" amount="-1"/>
        <kerning first="116" second="84" amount="-1"/>
        <kerning first="318" second="33" amount="1"/>
        <kerning first="76" second="89" amount="-1"/>
        <kerning first="70" second="99" amount="-1"/>
        <kerning first="70" second="115" amount="-1"/>
        <kerning first="271" second="39" amount="1"/>
        <kerning first="70" second="228" amount="-1"/>
        <kerning first="318" second="93" amount="1"/>
        <kerning first="84" second="361" amount="-1"/>
        <kerning first="101" second="84" amount="-1"/>
        <kerning first="318" second="38" amount="1"/>
        <kerning first="318" second="34" amount="1"/>
        <kerning first="76" second="86" amount="-1"/>
        <kerning first="318" second="98" amount="1"/>
        <kerning first="70" second="120" amount="-1"/>
        <kerning first="121" second="84" amount="-1"/>
        <kerning first="84" second="112" amount="-1"/>
    </kernings>
</font>