<?xml version="1.0" encoding="UTF-8" standalone="no"?>
<!--Created using Glyph Designer - http://71squared.com/glyphdesigner-->
<font>
    <info face="Slackey" size="36" bold="0" italic="0" charset="" unicode="0" stretchH="100" smooth="1" aa="1" padding="0,0,0,0" spacing="2,2"/>
    <common lineHeight="50" base="39" scaleW="133" scaleH="148" pages="1" packed="0"/>
    <pages>
        <page id="0" file="ui_font.png"/>
    </pages>
    <chars count="12">
        <char id="48" x="96" y="2" width="28" height="34" xoffset="-2" yoffset="10" xadvance="26" page="0" chnl="0" letter="0"/>
        <char id="49" x="57" y="75" width="16" height="33" xoffset="-2" yoffset="10" xadvance="15" page="0" chnl="0" letter="1"/>
        <char id="50" x="68" y="2" width="26" height="35" xoffset="-2" yoffset="9" xadvance="23" page="0" chnl="0" letter="2"/>
        <char id="51" x="89" y="39" width="26" height="34" xoffset="-2" yoffset="10" xadvance="24" page="0" chnl="0" letter="3"/>
        <char id="52" x="2" y="39" width="27" height="34" xoffset="-2" yoffset="9" xadvance="24" page="0" chnl="0" letter="4"/>
        <char id="53" x="31" y="39" width="27" height="34" xoffset="-2" yoffset="10" xadvance="25" page="0" chnl="0" letter="5"/>
        <char id="54" x="60" y="39" width="27" height="34" xoffset="-2" yoffset="11" xadvance="25" page="0" chnl="0" letter="6"/>
        <char id="55" x="30" y="75" width="25" height="33" xoffset="-2" yoffset="10" xadvance="21" page="0" chnl="0" letter="7"/>
        <char id="56" x="2" y="75" width="26" height="34" xoffset="-2" yoffset="10" xadvance="25" page="0" chnl="0" letter="8"/>
        <char id="57" x="39" y="2" width="27" height="35" xoffset="-2" yoffset="9" xadvance="25" page="0" chnl="0" letter="9"/>
        <char id="77" x="2" y="2" width="35" height="35" xoffset="-1" yoffset="10" xadvance="35" page="0" chnl="0" letter="M"/>
        <char id="109" x="75" y="75" width="39" height="26" xoffset="-3" yoffset="15" xadvance="37" page="0" chnl="0" letter="m"/>
    </chars>
    <kernings count="0"/>
</font>