<?xml version="1.0" encoding="UTF-8" standalone="no"?>
<!--Created using Glyph Designer - http://71squared.com/glyphdesigner-->
<font>
    <info face="Dosis" size="28" bold="1" italic="0" charset="" unicode="0" stretchH="100" smooth="1" aa="1" padding="0,0,0,0" spacing="2,2"/>
    <common lineHeight="40" base="29" scaleW="347" scaleH="524" pages="1" packed="0"/>
    <pages>
        <page id="0" file="ui_font_small.png"/>
    </pages>
    <chars count="289">
        <char id="32" x="263" y="490" width="0" height="0" xoffset="0" yoffset="38" xadvance="6" page="0" chnl="0" letter="space"/>
        <char id="33" x="211" y="387" width="9" height="26" xoffset="-2" yoffset="12" xadvance="6" page="0" chnl="0" letter="!"/>
        <char id="34" x="162" y="490" width="12" height="11" xoffset="-2" yoffset="11" xadvance="8" page="0" chnl="0" letter="&quot;"/>
        <char id="35" x="233" y="387" width="23" height="25" xoffset="-2" yoffset="12" xadvance="19" page="0" chnl="0" letter="#"/>
        <char id="36" x="89" y="214" width="19" height="28" xoffset="-2" yoffset="11" xadvance="15" page="0" chnl="0" letter="$"/>
        <char id="37" x="38" y="214" width="26" height="28" xoffset="-2" yoffset="11" xadvance="22" page="0" chnl="0" letter="%"/>
        <char id="38" x="222" y="214" width="23" height="27" xoffset="-2" yoffset="11" xadvance="18" page="0" chnl="0" letter="&amp;"/>
        <char id="39" x="176" y="490" width="8" height="11" xoffset="-2" yoffset="11" xadvance="4" page="0" chnl="0" letter="'"/>
        <char id="40" x="151" y="214" width="13" height="28" xoffset="-2" yoffset="11" xadvance="10" page="0" chnl="0" letter="("/>
        <char id="41" x="166" y="214" width="13" height="28" xoffset="-3" yoffset="11" xadvance="10" page="0" chnl="0" letter=")"/>
        <char id="42" x="68" y="490" width="17" height="17" xoffset="-2" yoffset="12" xadvance="13" page="0" chnl="0" letter="*"/>
        <char id="43" x="87" y="490" width="17" height="17" xoffset="-2" yoffset="20" xadvance="12" page="0" chnl="0" letter="+"/>
        <char id="44" x="151" y="490" width="9" height="12" xoffset="-2" yoffset="29" xadvance="5" page="0" chnl="0" letter=","/>
        <char id="45" x="246" y="490" width="15" height="8" xoffset="-2" yoffset="25" xadvance="12" page="0" chnl="0" letter="-"/>
        <char id="46" x="216" y="490" width="9" height="9" xoffset="-2" yoffset="29" xadvance="5" page="0" chnl="0" letter="."/>
        <char id="47" x="131" y="214" width="18" height="28" xoffset="-3" yoffset="11" xadvance="14" page="0" chnl="0" letter="/"/>
        <char id="48" x="306" y="275" width="19" height="26" xoffset="-2" yoffset="12" xadvance="16" page="0" chnl="0" letter="0"/>
        <char id="49" x="197" y="387" width="12" height="26" xoffset="-3" yoffset="12" xadvance="8" page="0" chnl="0" letter="1"/>
        <char id="50" x="107" y="331" width="18" height="26" xoffset="-2" yoffset="12" xadvance="14" page="0" chnl="0" letter="2"/>
        <char id="51" x="2" y="303" width="19" height="26" xoffset="-2" yoffset="12" xadvance="15" page="0" chnl="0" letter="3"/>
        <char id="52" x="218" y="275" width="20" height="26" xoffset="-3" yoffset="12" xadvance="14" page="0" chnl="0" letter="4"/>
        <char id="53" x="23" y="303" width="19" height="26" xoffset="-2" yoffset="12" xadvance="14" page="0" chnl="0" letter="5"/>
        <char id="54" x="44" y="303" width="19" height="26" xoffset="-2" yoffset="12" xadvance="15" page="0" chnl="0" letter="6"/>
        <char id="55" x="65" y="303" width="19" height="26" xoffset="-3" yoffset="12" xadvance="14" page="0" chnl="0" letter="7"/>
        <char id="56" x="86" y="303" width="19" height="26" xoffset="-2" yoffset="12" xadvance="15" page="0" chnl="0" letter="8"/>
        <char id="57" x="107" y="303" width="19" height="26" xoffset="-2" yoffset="12" xadvance="15" page="0" chnl="0" letter="9"/>
        <char id="58" x="106" y="490" width="9" height="17" xoffset="-2" yoffset="21" xadvance="6" page="0" chnl="0" letter=":"/>
        <char id="59" x="330" y="442" width="9" height="20" xoffset="-2" yoffset="21" xadvance="6" page="0" chnl="0" letter=";"/>
        <char id="60" x="32" y="490" width="16" height="18" xoffset="-2" yoffset="18" xadvance="12" page="0" chnl="0" letter="&lt;"/>
        <char id="61" x="134" y="490" width="15" height="14" xoffset="-2" yoffset="21" xadvance="12" page="0" chnl="0" letter="="/>
        <char id="62" x="50" y="490" width="16" height="18" xoffset="-2" yoffset="18" xadvance="12" page="0" chnl="0" letter="&gt;"/>
        <char id="63" x="21" y="387" width="16" height="26" xoffset="-2" yoffset="12" xadvance="12" page="0" chnl="0" letter="?"/>
        <char id="65" x="103" y="275" width="21" height="26" xoffset="-3" yoffset="12" xadvance="16" page="0" chnl="0" letter="A"/>
        <char id="66" x="128" y="303" width="19" height="26" xoffset="-1" yoffset="12" xadvance="16" page="0" chnl="0" letter="B"/>
        <char id="67" x="149" y="303" width="19" height="26" xoffset="-2" yoffset="12" xadvance="15" page="0" chnl="0" letter="C"/>
        <char id="68" x="170" y="303" width="19" height="26" xoffset="-1" yoffset="12" xadvance="16" page="0" chnl="0" letter="D"/>
        <char id="69" x="127" y="331" width="18" height="26" xoffset="-1" yoffset="12" xadvance="15" page="0" chnl="0" letter="E"/>
        <char id="70" x="147" y="331" width="18" height="26" xoffset="-1" yoffset="12" xadvance="14" page="0" chnl="0" letter="F"/>
        <char id="71" x="191" y="303" width="19" height="26" xoffset="-2" yoffset="12" xadvance="16" page="0" chnl="0" letter="G"/>
        <char id="72" x="212" y="303" width="19" height="26" xoffset="-1" yoffset="12" xadvance="17" page="0" chnl="0" letter="H"/>
        <char id="73" x="222" y="387" width="9" height="26" xoffset="-1" yoffset="12" xadvance="7" page="0" chnl="0" letter="I"/>
        <char id="74" x="233" y="303" width="19" height="26" xoffset="-3" yoffset="12" xadvance="15" page="0" chnl="0" letter="J"/>
        <char id="75" x="254" y="303" width="19" height="26" xoffset="-1" yoffset="12" xadvance="15" page="0" chnl="0" letter="K"/>
        <char id="76" x="82" y="359" width="17" height="26" xoffset="-1" yoffset="12" xadvance="14" page="0" chnl="0" letter="L"/>
        <char id="77" x="55" y="275" width="22" height="26" xoffset="-1" yoffset="12" xadvance="20" page="0" chnl="0" letter="M"/>
        <char id="78" x="275" y="303" width="19" height="26" xoffset="-1" yoffset="12" xadvance="17" page="0" chnl="0" letter="N"/>
        <char id="79" x="296" y="303" width="19" height="26" xoffset="-2" yoffset="12" xadvance="16" page="0" chnl="0" letter="O"/>
        <char id="80" x="317" y="303" width="19" height="26" xoffset="-1" yoffset="12" xadvance="16" page="0" chnl="0" letter="P"/>
        <char id="81" x="17" y="214" width="19" height="29" xoffset="-2" yoffset="12" xadvance="16" page="0" chnl="0" letter="Q"/>
        <char id="82" x="2" y="331" width="19" height="26" xoffset="-1" yoffset="12" xadvance="16" page="0" chnl="0" letter="R"/>
        <char id="83" x="23" y="331" width="19" height="26" xoffset="-2" yoffset="12" xadvance="15" page="0" chnl="0" letter="S"/>
        <char id="84" x="240" y="275" width="20" height="26" xoffset="-3" yoffset="12" xadvance="15" page="0" chnl="0" letter="T"/>
        <char id="85" x="44" y="331" width="19" height="26" xoffset="-1" yoffset="12" xadvance="17" page="0" chnl="0" letter="U"/>
        <char id="86" x="126" y="275" width="21" height="26" xoffset="-3" yoffset="12" xadvance="16" page="0" chnl="0" letter="V"/>
        <char id="87" x="227" y="246" width="30" height="26" xoffset="-3" yoffset="12" xadvance="25" page="0" chnl="0" letter="W"/>
        <char id="88" x="262" y="275" width="20" height="26" xoffset="-3" yoffset="12" xadvance="16" page="0" chnl="0" letter="X"/>
        <char id="89" x="149" y="275" width="21" height="26" xoffset="-3" yoffset="12" xadvance="16" page="0" chnl="0" letter="Y"/>
        <char id="90" x="65" y="331" width="19" height="26" xoffset="-3" yoffset="12" xadvance="15" page="0" chnl="0" letter="Z"/>
        <char id="91" x="181" y="214" width="13" height="28" xoffset="-1" yoffset="11" xadvance="10" page="0" chnl="0" letter="["/>
        <char id="92" x="120" y="246" width="15" height="27" xoffset="-2" yoffset="11" xadvance="10" page="0" chnl="0" letter="\"/>
        <char id="93" x="196" y="214" width="13" height="28" xoffset="-3" yoffset="11" xadvance="10" page="0" chnl="0" letter="]"/>
        <char id="95" x="227" y="490" width="17" height="8" xoffset="-4" yoffset="33" xadvance="9" page="0" chnl="0" letter="_"/>
        <char id="96" x="186" y="490" width="11" height="10" xoffset="-3" yoffset="12" xadvance="6" page="0" chnl="0" letter="`"/>
        <char id="97" x="212" y="469" width="17" height="19" xoffset="-2" yoffset="19" xadvance="13" page="0" chnl="0" letter="a"/>
        <char id="98" x="314" y="214" width="18" height="27" xoffset="-2" yoffset="11" xadvance="15" page="0" chnl="0" letter="b"/>
        <char id="99" x="288" y="469" width="16" height="19" xoffset="-2" yoffset="19" xadvance="12" page="0" chnl="0" letter="c"/>
        <char id="100" x="2" y="246" width="18" height="27" xoffset="-2" yoffset="11" xadvance="15" page="0" chnl="0" letter="d"/>
        <char id="101" x="231" y="469" width="17" height="19" xoffset="-2" yoffset="19" xadvance="14" page="0" chnl="0" letter="e"/>
        <char id="102" x="201" y="246" width="13" height="27" xoffset="-2" yoffset="11" xadvance="10" page="0" chnl="0" letter="f"/>
        <char id="103" x="167" y="331" width="18" height="26" xoffset="-3" yoffset="18" xadvance="13" page="0" chnl="0" letter="g"/>
        <char id="104" x="82" y="246" width="17" height="27" xoffset="-2" yoffset="11" xadvance="15" page="0" chnl="0" letter="h"/>
        <char id="105" x="244" y="442" width="9" height="25" xoffset="-2" yoffset="13" xadvance="6" page="0" chnl="0" letter="i"/>
        <char id="106" x="307" y="181" width="12" height="31" xoffset="-4" yoffset="13" xadvance="6" page="0" chnl="0" letter="j"/>
        <char id="107" x="22" y="246" width="18" height="27" xoffset="-2" yoffset="11" xadvance="14" page="0" chnl="0" letter="k"/>
        <char id="108" x="216" y="246" width="9" height="27" xoffset="-1" yoffset="11" xadvance="7" page="0" chnl="0" letter="l"/>
        <char id="109" x="30" y="469" width="25" height="19" xoffset="-2" yoffset="19" xadvance="22" page="0" chnl="0" letter="m"/>
        <char id="110" x="250" y="469" width="17" height="19" xoffset="-2" yoffset="19" xadvance="15" page="0" chnl="0" letter="n"/>
        <char id="111" x="132" y="469" width="18" height="19" xoffset="-2" yoffset="19" xadvance="14" page="0" chnl="0" letter="o"/>
        <char id="112" x="258" y="387" width="18" height="25" xoffset="-2" yoffset="19" xadvance="15" page="0" chnl="0" letter="p"/>
        <char id="113" x="278" y="387" width="18" height="25" xoffset="-2" yoffset="19" xadvance="15" page="0" chnl="0" letter="q"/>
        <char id="114" x="324" y="469" width="15" height="19" xoffset="-2" yoffset="19" xadvance="11" page="0" chnl="0" letter="r"/>
        <char id="115" x="306" y="469" width="16" height="19" xoffset="-2" yoffset="19" xadvance="12" page="0" chnl="0" letter="s"/>
        <char id="116" x="144" y="442" width="13" height="25" xoffset="-2" yoffset="13" xadvance="10" page="0" chnl="0" letter="t"/>
        <char id="117" x="152" y="469" width="18" height="19" xoffset="-2" yoffset="19" xadvance="15" page="0" chnl="0" letter="u"/>
        <char id="118" x="111" y="469" width="19" height="19" xoffset="-3" yoffset="19" xadvance="13" page="0" chnl="0" letter="v"/>
        <char id="119" x="57" y="469" width="25" height="19" xoffset="-3" yoffset="19" xadvance="19" page="0" chnl="0" letter="w"/>
        <char id="120" x="172" y="469" width="18" height="19" xoffset="-2" yoffset="19" xadvance="13" page="0" chnl="0" letter="x"/>
        <char id="121" x="298" y="387" width="18" height="25" xoffset="-3" yoffset="19" xadvance="13" page="0" chnl="0" letter="y"/>
        <char id="122" x="269" y="469" width="17" height="19" xoffset="-2" yoffset="19" xadvance="12" page="0" chnl="0" letter="z"/>
        <char id="124" x="211" y="214" width="9" height="28" xoffset="-1" yoffset="11" xadvance="7" page="0" chnl="0" letter="|"/>
        <char id="126" x="199" y="490" width="15" height="9" xoffset="-2" yoffset="23" xadvance="12" page="0" chnl="0" letter="~"/>
        <char id="191" x="39" y="387" width="16" height="26" xoffset="-2" yoffset="12" xadvance="12" page="0" chnl="0" letter="¿"/>
        <char id="192" x="164" y="44" width="21" height="32" xoffset="-3" yoffset="6" xadvance="16" page="0" chnl="0" letter="À"/>
        <char id="193" x="187" y="44" width="21" height="32" xoffset="-3" yoffset="6" xadvance="16" page="0" chnl="0" letter="Á"/>
        <char id="194" x="210" y="44" width="21" height="32" xoffset="-3" yoffset="6" xadvance="16" page="0" chnl="0" letter="Â"/>
        <char id="195" x="233" y="44" width="21" height="32" xoffset="-3" yoffset="6" xadvance="16" page="0" chnl="0" letter="Ã"/>
        <char id="196" x="2" y="181" width="21" height="31" xoffset="-3" yoffset="7" xadvance="16" page="0" chnl="0" letter="Ä"/>
        <char id="197" x="22" y="2" width="21" height="34" xoffset="-3" yoffset="4" xadvance="16" page="0" chnl="0" letter="Å"/>
        <char id="198" x="288" y="246" width="25" height="26" xoffset="-1" yoffset="12" xadvance="22" page="0" chnl="0" letter="Æ"/>
        <char id="199" x="48" y="79" width="19" height="32" xoffset="-2" yoffset="12" xadvance="15" page="0" chnl="0" letter="Ç"/>
        <char id="200" x="296" y="113" width="18" height="32" xoffset="-1" yoffset="6" xadvance="15" page="0" chnl="0" letter="È"/>
        <char id="201" x="316" y="113" width="18" height="32" xoffset="-1" yoffset="6" xadvance="15" page="0" chnl="0" letter="É"/>
        <char id="202" x="2" y="147" width="18" height="32" xoffset="-1" yoffset="6" xadvance="15" page="0" chnl="0" letter="Ê"/>
        <char id="203" x="196" y="181" width="18" height="31" xoffset="-1" yoffset="7" xadvance="15" page="0" chnl="0" letter="Ë"/>
        <char id="204" x="280" y="147" width="11" height="32" xoffset="-3" yoffset="6" xadvance="7" page="0" chnl="0" letter="Ì"/>
        <char id="205" x="293" y="147" width="11" height="32" xoffset="-2" yoffset="6" xadvance="7" page="0" chnl="0" letter="Í"/>
        <char id="206" x="250" y="147" width="13" height="32" xoffset="-3" yoffset="6" xadvance="7" page="0" chnl="0" letter="Î"/>
        <char id="207" x="292" y="181" width="13" height="31" xoffset="-3" yoffset="7" xadvance="7" page="0" chnl="0" letter="Ï"/>
        <char id="208" x="172" y="275" width="21" height="26" xoffset="-3" yoffset="12" xadvance="16" page="0" chnl="0" letter="Ð"/>
        <char id="209" x="69" y="79" width="19" height="32" xoffset="-1" yoffset="6" xadvance="17" page="0" chnl="0" letter="Ñ"/>
        <char id="210" x="90" y="79" width="19" height="32" xoffset="-2" yoffset="6" xadvance="16" page="0" chnl="0" letter="Ò"/>
        <char id="211" x="111" y="79" width="19" height="32" xoffset="-2" yoffset="6" xadvance="16" page="0" chnl="0" letter="Ó"/>
        <char id="212" x="132" y="79" width="19" height="32" xoffset="-2" yoffset="6" xadvance="16" page="0" chnl="0" letter="Ô"/>
        <char id="213" x="153" y="79" width="19" height="32" xoffset="-2" yoffset="6" xadvance="16" page="0" chnl="0" letter="Õ"/>
        <char id="214" x="174" y="79" width="19" height="32" xoffset="-2" yoffset="6" xadvance="16" page="0" chnl="0" letter="Ö"/>
        <char id="215" x="117" y="490" width="15" height="15" xoffset="-2" yoffset="20" xadvance="11" page="0" chnl="0" letter="×"/>
        <char id="216" x="110" y="214" width="19" height="28" xoffset="-2" yoffset="11" xadvance="16" page="0" chnl="0" letter="Ø"/>
        <char id="217" x="195" y="79" width="19" height="32" xoffset="-1" yoffset="6" xadvance="17" page="0" chnl="0" letter="Ù"/>
        <char id="218" x="216" y="79" width="19" height="32" xoffset="-1" yoffset="6" xadvance="17" page="0" chnl="0" letter="Ú"/>
        <char id="219" x="237" y="79" width="19" height="32" xoffset="-1" yoffset="6" xadvance="17" page="0" chnl="0" letter="Û"/>
        <char id="220" x="258" y="79" width="19" height="32" xoffset="-1" yoffset="6" xadvance="17" page="0" chnl="0" letter="Ü"/>
        <char id="221" x="256" y="44" width="21" height="32" xoffset="-3" yoffset="6" xadvance="16" page="0" chnl="0" letter="Ý"/>
        <char id="222" x="187" y="331" width="18" height="26" xoffset="-1" yoffset="12" xadvance="15" page="0" chnl="0" letter="Þ"/>
        <char id="223" x="66" y="214" width="21" height="28" xoffset="-3" yoffset="11" xadvance="17" page="0" chnl="0" letter="ß"/>
        <char id="224" x="101" y="359" width="17" height="26" xoffset="-2" yoffset="12" xadvance="13" page="0" chnl="0" letter="à"/>
        <char id="225" x="120" y="359" width="17" height="26" xoffset="-2" yoffset="12" xadvance="13" page="0" chnl="0" letter="á"/>
        <char id="226" x="139" y="359" width="17" height="26" xoffset="-2" yoffset="12" xadvance="13" page="0" chnl="0" letter="â"/>
        <char id="227" x="122" y="415" width="17" height="25" xoffset="-2" yoffset="13" xadvance="13" page="0" chnl="0" letter="ã"/>
        <char id="228" x="141" y="415" width="17" height="25" xoffset="-2" yoffset="13" xadvance="13" page="0" chnl="0" letter="ä"/>
        <char id="229" x="101" y="246" width="17" height="27" xoffset="-2" yoffset="11" xadvance="13" page="0" chnl="0" letter="å"/>
        <char id="230" x="84" y="469" width="25" height="19" xoffset="-2" yoffset="19" xadvance="21" page="0" chnl="0" letter="æ"/>
        <char id="231" x="40" y="442" width="16" height="25" xoffset="-2" yoffset="19" xadvance="12" page="0" chnl="0" letter="ç"/>
        <char id="232" x="158" y="359" width="17" height="26" xoffset="-2" yoffset="12" xadvance="14" page="0" chnl="0" letter="è"/>
        <char id="233" x="177" y="359" width="17" height="26" xoffset="-2" yoffset="12" xadvance="14" page="0" chnl="0" letter="é"/>
        <char id="234" x="196" y="359" width="17" height="26" xoffset="-2" yoffset="12" xadvance="14" page="0" chnl="0" letter="ê"/>
        <char id="235" x="160" y="415" width="17" height="25" xoffset="-2" yoffset="13" xadvance="14" page="0" chnl="0" letter="ë"/>
        <char id="236" x="218" y="442" width="11" height="25" xoffset="-3" yoffset="13" xadvance="6" page="0" chnl="0" letter="ì"/>
        <char id="237" x="231" y="442" width="11" height="25" xoffset="-2" yoffset="13" xadvance="6" page="0" chnl="0" letter="í"/>
        <char id="238" x="159" y="442" width="13" height="25" xoffset="-4" yoffset="13" xadvance="6" page="0" chnl="0" letter="î"/>
        <char id="239" x="174" y="442" width="13" height="25" xoffset="-3" yoffset="13" xadvance="6" page="0" chnl="0" letter="ï"/>
        <char id="240" x="42" y="246" width="18" height="27" xoffset="-2" yoffset="11" xadvance="14" page="0" chnl="0" letter="ð"/>
        <char id="241" x="179" y="415" width="17" height="25" xoffset="-2" yoffset="13" xadvance="15" page="0" chnl="0" letter="ñ"/>
        <char id="242" x="207" y="331" width="18" height="26" xoffset="-2" yoffset="12" xadvance="14" page="0" chnl="0" letter="ò"/>
        <char id="243" x="227" y="331" width="18" height="26" xoffset="-2" yoffset="12" xadvance="14" page="0" chnl="0" letter="ó"/>
        <char id="244" x="247" y="331" width="18" height="26" xoffset="-2" yoffset="12" xadvance="14" page="0" chnl="0" letter="ô"/>
        <char id="245" x="318" y="387" width="18" height="25" xoffset="-2" yoffset="13" xadvance="14" page="0" chnl="0" letter="õ"/>
        <char id="246" x="2" y="415" width="18" height="25" xoffset="-2" yoffset="13" xadvance="14" page="0" chnl="0" letter="ö"/>
        <char id="247" x="13" y="490" width="17" height="18" xoffset="-2" yoffset="20" xadvance="12" page="0" chnl="0" letter="÷"/>
        <char id="248" x="310" y="442" width="18" height="21" xoffset="-2" yoffset="18" xadvance="14" page="0" chnl="0" letter="ø"/>
        <char id="249" x="267" y="331" width="18" height="26" xoffset="-2" yoffset="12" xadvance="15" page="0" chnl="0" letter="ù"/>
        <char id="250" x="287" y="331" width="18" height="26" xoffset="-2" yoffset="12" xadvance="15" page="0" chnl="0" letter="ú"/>
        <char id="251" x="307" y="331" width="18" height="26" xoffset="-2" yoffset="12" xadvance="15" page="0" chnl="0" letter="û"/>
        <char id="252" x="22" y="415" width="18" height="25" xoffset="-2" yoffset="13" xadvance="15" page="0" chnl="0" letter="ü"/>
        <char id="253" x="22" y="147" width="18" height="32" xoffset="-3" yoffset="12" xadvance="13" page="0" chnl="0" letter="ý"/>
        <char id="254" x="65" y="44" width="18" height="33" xoffset="-2" yoffset="11" xadvance="15" page="0" chnl="0" letter="þ"/>
        <char id="256" x="279" y="44" width="21" height="32" xoffset="-3" yoffset="6" xadvance="16" page="0" chnl="0" letter="Ā"/>
        <char id="257" x="198" y="415" width="17" height="25" xoffset="-2" yoffset="13" xadvance="13" page="0" chnl="0" letter="ā"/>
        <char id="258" x="302" y="44" width="21" height="32" xoffset="-3" yoffset="6" xadvance="16" page="0" chnl="0" letter="Ă"/>
        <char id="259" x="215" y="359" width="17" height="26" xoffset="-2" yoffset="12" xadvance="13" page="0" chnl="0" letter="ă"/>
        <char id="260" x="2" y="79" width="21" height="32" xoffset="-3" yoffset="12" xadvance="16" page="0" chnl="0" letter="Ą"/>
        <char id="261" x="217" y="415" width="17" height="25" xoffset="-2" yoffset="19" xadvance="13" page="0" chnl="0" letter="ą"/>
        <char id="262" x="279" y="79" width="19" height="32" xoffset="-2" yoffset="6" xadvance="15" page="0" chnl="0" letter="Ć"/>
        <char id="263" x="57" y="387" width="16" height="26" xoffset="-2" yoffset="12" xadvance="12" page="0" chnl="0" letter="ć"/>
        <char id="264" x="300" y="79" width="19" height="32" xoffset="-2" yoffset="6" xadvance="15" page="0" chnl="0" letter="Ĉ"/>
        <char id="265" x="75" y="387" width="16" height="26" xoffset="-2" yoffset="12" xadvance="12" page="0" chnl="0" letter="ĉ"/>
        <char id="266" x="321" y="79" width="19" height="32" xoffset="-2" yoffset="6" xadvance="15" page="0" chnl="0" letter="Ċ"/>
        <char id="267" x="58" y="442" width="16" height="25" xoffset="-2" yoffset="13" xadvance="12" page="0" chnl="0" letter="ċ"/>
        <char id="268" x="110" y="2" width="19" height="33" xoffset="-2" yoffset="5" xadvance="15" page="0" chnl="0" letter="Č"/>
        <char id="269" x="93" y="387" width="16" height="26" xoffset="-2" yoffset="12" xadvance="12" page="0" chnl="0" letter="č"/>
        <char id="270" x="131" y="2" width="19" height="33" xoffset="-1" yoffset="5" xadvance="16" page="0" chnl="0" letter="Ď"/>
        <char id="271" x="247" y="214" width="23" height="27" xoffset="-2" yoffset="11" xadvance="15" page="0" chnl="0" letter="ď"/>
        <char id="272" x="195" y="275" width="21" height="26" xoffset="-3" yoffset="12" xadvance="16" page="0" chnl="0" letter="Đ"/>
        <char id="273" x="272" y="214" width="19" height="27" xoffset="-2" yoffset="11" xadvance="15" page="0" chnl="0" letter="đ"/>
        <char id="274" x="42" y="147" width="18" height="32" xoffset="-1" yoffset="6" xadvance="15" page="0" chnl="0" letter="Ē"/>
        <char id="275" x="236" y="415" width="17" height="25" xoffset="-2" yoffset="13" xadvance="14" page="0" chnl="0" letter="ē"/>
        <char id="276" x="62" y="147" width="18" height="32" xoffset="-1" yoffset="6" xadvance="15" page="0" chnl="0" letter="Ĕ"/>
        <char id="277" x="234" y="359" width="17" height="26" xoffset="-2" yoffset="12" xadvance="14" page="0" chnl="0" letter="ĕ"/>
        <char id="278" x="216" y="181" width="18" height="31" xoffset="-1" yoffset="7" xadvance="15" page="0" chnl="0" letter="Ė"/>
        <char id="279" x="255" y="415" width="17" height="25" xoffset="-2" yoffset="13" xadvance="14" page="0" chnl="0" letter="ė"/>
        <char id="280" x="82" y="147" width="18" height="32" xoffset="-1" yoffset="12" xadvance="15" page="0" chnl="0" letter="Ę"/>
        <char id="281" x="274" y="415" width="17" height="25" xoffset="-2" yoffset="19" xadvance="14" page="0" chnl="0" letter="ę"/>
        <char id="282" x="85" y="44" width="18" height="33" xoffset="-1" yoffset="5" xadvance="15" page="0" chnl="0" letter="Ě"/>
        <char id="283" x="253" y="359" width="17" height="26" xoffset="-2" yoffset="12" xadvance="14" page="0" chnl="0" letter="ě"/>
        <char id="284" x="2" y="113" width="19" height="32" xoffset="-2" yoffset="6" xadvance="16" page="0" chnl="0" letter="Ĝ"/>
        <char id="285" x="102" y="147" width="18" height="32" xoffset="-3" yoffset="12" xadvance="13" page="0" chnl="0" letter="ĝ"/>
        <char id="286" x="152" y="2" width="19" height="33" xoffset="-2" yoffset="5" xadvance="16" page="0" chnl="0" letter="Ğ"/>
        <char id="287" x="122" y="147" width="18" height="32" xoffset="-3" yoffset="12" xadvance="13" page="0" chnl="0" letter="ğ"/>
        <char id="288" x="23" y="113" width="19" height="32" xoffset="-2" yoffset="6" xadvance="16" page="0" chnl="0" letter="Ġ"/>
        <char id="289" x="236" y="181" width="18" height="31" xoffset="-3" yoffset="13" xadvance="13" page="0" chnl="0" letter="ġ"/>
        <char id="290" x="70" y="181" width="19" height="31" xoffset="-2" yoffset="12" xadvance="16" page="0" chnl="0" letter="Ģ"/>
        <char id="291" x="2" y="2" width="18" height="40" xoffset="-3" yoffset="4" xadvance="13" page="0" chnl="0" letter="ģ"/>
        <char id="292" x="44" y="113" width="19" height="32" xoffset="-1" yoffset="6" xadvance="17" page="0" chnl="0" letter="Ĥ"/>
        <char id="293" x="66" y="2" width="20" height="33" xoffset="-4" yoffset="5" xadvance="15" page="0" chnl="0" letter="ĥ"/>
        <char id="294" x="79" y="275" width="22" height="26" xoffset="-3" yoffset="12" xadvance="17" page="0" chnl="0" letter="Ħ"/>
        <char id="295" x="293" y="214" width="19" height="27" xoffset="-3" yoffset="11" xadvance="15" page="0" chnl="0" letter="ħ"/>
        <char id="296" x="201" y="147" width="15" height="32" xoffset="-4" yoffset="6" xadvance="7" page="0" chnl="0" letter="Ĩ"/>
        <char id="297" x="94" y="442" width="15" height="25" xoffset="-5" yoffset="13" xadvance="6" page="0" chnl="0" letter="ĩ"/>
        <char id="298" x="218" y="147" width="14" height="32" xoffset="-4" yoffset="6" xadvance="7" page="0" chnl="0" letter="Ī"/>
        <char id="299" x="128" y="442" width="14" height="25" xoffset="-4" yoffset="13" xadvance="6" page="0" chnl="0" letter="ī"/>
        <char id="300" x="265" y="147" width="13" height="32" xoffset="-3" yoffset="6" xadvance="7" page="0" chnl="0" letter="Ĭ"/>
        <char id="301" x="182" y="387" width="13" height="26" xoffset="-4" yoffset="12" xadvance="6" page="0" chnl="0" letter="ĭ"/>
        <char id="302" x="332" y="147" width="10" height="32" xoffset="-2" yoffset="12" xadvance="7" page="0" chnl="0" letter="Į"/>
        <char id="303" x="321" y="181" width="10" height="31" xoffset="-3" yoffset="13" xadvance="6" page="0" chnl="0" letter="į"/>
        <char id="304" x="333" y="181" width="9" height="31" xoffset="-1" yoffset="7" xadvance="7" page="0" chnl="0" letter="İ"/>
        <char id="305" x="2" y="490" width="9" height="19" xoffset="-2" yoffset="19" xadvance="6" page="0" chnl="0" letter="ı"/>
        <char id="306" x="29" y="275" width="24" height="26" xoffset="-1" yoffset="12" xadvance="22" page="0" chnl="0" letter="Ĳ"/>
        <char id="307" x="275" y="181" width="15" height="31" xoffset="-2" yoffset="13" xadvance="12" page="0" chnl="0" letter="ĳ"/>
        <char id="308" x="65" y="113" width="19" height="32" xoffset="-3" yoffset="6" xadvance="15" page="0" chnl="0" letter="Ĵ"/>
        <char id="309" x="234" y="147" width="14" height="32" xoffset="-4" yoffset="12" xadvance="6" page="0" chnl="0" letter="ĵ"/>
        <char id="310" x="91" y="181" width="19" height="31" xoffset="-1" yoffset="12" xadvance="15" page="0" chnl="0" letter="Ķ"/>
        <char id="311" x="142" y="147" width="18" height="32" xoffset="-2" yoffset="11" xadvance="14" page="0" chnl="0" letter="ķ"/>
        <char id="312" x="192" y="469" width="18" height="19" xoffset="-2" yoffset="19" xadvance="14" page="0" chnl="0" letter="ĸ"/>
        <char id="313" x="182" y="147" width="17" height="32" xoffset="-1" yoffset="6" xadvance="14" page="0" chnl="0" letter="Ĺ"/>
        <char id="314" x="306" y="147" width="11" height="32" xoffset="-2" yoffset="6" xadvance="7" page="0" chnl="0" letter="ĺ"/>
        <char id="315" x="256" y="181" width="17" height="31" xoffset="-1" yoffset="12" xadvance="14" page="0" chnl="0" letter="Ļ"/>
        <char id="316" x="319" y="147" width="11" height="32" xoffset="-2" yoffset="11" xadvance="7" page="0" chnl="0" letter="ļ"/>
        <char id="317" x="272" y="359" width="17" height="26" xoffset="-1" yoffset="12" xadvance="14" page="0" chnl="0" letter="Ľ"/>
        <char id="318" x="137" y="246" width="14" height="27" xoffset="-1" yoffset="11" xadvance="7" page="0" chnl="0" letter="ľ"/>
        <char id="319" x="291" y="359" width="17" height="26" xoffset="-1" yoffset="12" xadvance="14" page="0" chnl="0" letter="Ŀ"/>
        <char id="320" x="153" y="246" width="14" height="27" xoffset="-1" yoffset="11" xadvance="10" page="0" chnl="0" letter="ŀ"/>
        <char id="321" x="86" y="331" width="19" height="26" xoffset="-3" yoffset="12" xadvance="14" page="0" chnl="0" letter="Ł"/>
        <char id="322" x="169" y="246" width="14" height="27" xoffset="-3" yoffset="11" xadvance="9" page="0" chnl="0" letter="ł"/>
        <char id="323" x="86" y="113" width="19" height="32" xoffset="-1" yoffset="6" xadvance="17" page="0" chnl="0" letter="Ń"/>
        <char id="324" x="293" y="415" width="17" height="25" xoffset="-2" yoffset="13" xadvance="15" page="0" chnl="0" letter="ń"/>
        <char id="325" x="112" y="181" width="19" height="31" xoffset="-1" yoffset="12" xadvance="17" page="0" chnl="0" letter="Ņ"/>
        <char id="326" x="255" y="442" width="17" height="24" xoffset="-2" yoffset="19" xadvance="15" page="0" chnl="0" letter="ņ"/>
        <char id="327" x="173" y="2" width="19" height="33" xoffset="-1" yoffset="5" xadvance="17" page="0" chnl="0" letter="Ň"/>
        <char id="328" x="310" y="359" width="17" height="26" xoffset="-2" yoffset="12" xadvance="15" page="0" chnl="0" letter="ň"/>
        <char id="330" x="107" y="113" width="19" height="32" xoffset="-1" yoffset="12" xadvance="17" page="0" chnl="0" letter="Ŋ"/>
        <char id="331" x="312" y="415" width="17" height="25" xoffset="-2" yoffset="19" xadvance="15" page="0" chnl="0" letter="ŋ"/>
        <char id="332" x="128" y="113" width="19" height="32" xoffset="-2" yoffset="6" xadvance="16" page="0" chnl="0" letter="Ō"/>
        <char id="333" x="42" y="415" width="18" height="25" xoffset="-2" yoffset="13" xadvance="14" page="0" chnl="0" letter="ō"/>
        <char id="334" x="194" y="2" width="19" height="33" xoffset="-2" yoffset="5" xadvance="16" page="0" chnl="0" letter="Ŏ"/>
        <char id="335" x="327" y="331" width="18" height="26" xoffset="-2" yoffset="12" xadvance="14" page="0" chnl="0" letter="ŏ"/>
        <char id="336" x="215" y="2" width="19" height="33" xoffset="-2" yoffset="5" xadvance="16" page="0" chnl="0" letter="Ő"/>
        <char id="337" x="2" y="359" width="18" height="26" xoffset="-2" yoffset="12" xadvance="14" page="0" chnl="0" letter="ő"/>
        <char id="338" x="259" y="246" width="27" height="26" xoffset="-2" yoffset="12" xadvance="23" page="0" chnl="0" letter="Œ"/>
        <char id="339" x="2" y="469" width="26" height="19" xoffset="-2" yoffset="19" xadvance="22" page="0" chnl="0" letter="œ"/>
        <char id="340" x="149" y="113" width="19" height="32" xoffset="-1" yoffset="6" xadvance="16" page="0" chnl="0" letter="Ŕ"/>
        <char id="341" x="111" y="442" width="15" height="25" xoffset="-2" yoffset="13" xadvance="11" page="0" chnl="0" letter="ŕ"/>
        <char id="342" x="133" y="181" width="19" height="31" xoffset="-1" yoffset="12" xadvance="16" page="0" chnl="0" letter="Ŗ"/>
        <char id="343" x="274" y="442" width="16" height="24" xoffset="-3" yoffset="19" xadvance="11" page="0" chnl="0" letter="ŗ"/>
        <char id="344" x="236" y="2" width="19" height="33" xoffset="-1" yoffset="5" xadvance="16" page="0" chnl="0" letter="Ř"/>
        <char id="345" x="165" y="387" width="15" height="26" xoffset="-2" yoffset="12" xadvance="11" page="0" chnl="0" letter="ř"/>
        <char id="346" x="257" y="2" width="19" height="33" xoffset="-2" yoffset="5" xadvance="15" page="0" chnl="0" letter="Ś"/>
        <char id="347" x="111" y="387" width="16" height="26" xoffset="-2" yoffset="12" xadvance="12" page="0" chnl="0" letter="ś"/>
        <char id="348" x="278" y="2" width="19" height="33" xoffset="-2" yoffset="5" xadvance="15" page="0" chnl="0" letter="Ŝ"/>
        <char id="349" x="129" y="387" width="16" height="26" xoffset="-2" yoffset="12" xadvance="12" page="0" chnl="0" letter="ŝ"/>
        <char id="350" x="170" y="113" width="19" height="32" xoffset="-2" yoffset="12" xadvance="15" page="0" chnl="0" letter="Ş"/>
        <char id="351" x="76" y="442" width="16" height="25" xoffset="-2" yoffset="19" xadvance="12" page="0" chnl="0" letter="ş"/>
        <char id="352" x="299" y="2" width="19" height="33" xoffset="-2" yoffset="5" xadvance="15" page="0" chnl="0" letter="Š"/>
        <char id="353" x="147" y="387" width="16" height="26" xoffset="-2" yoffset="12" xadvance="12" page="0" chnl="0" letter="š"/>
        <char id="354" x="48" y="181" width="20" height="31" xoffset="-3" yoffset="12" xadvance="15" page="0" chnl="0" letter="Ţ"/>
        <char id="355" x="2" y="214" width="13" height="30" xoffset="-2" yoffset="13" xadvance="10" page="0" chnl="0" letter="ţ"/>
        <char id="356" x="88" y="2" width="20" height="33" xoffset="-3" yoffset="5" xadvance="15" page="0" chnl="0" letter="Ť"/>
        <char id="357" x="185" y="246" width="14" height="27" xoffset="-2" yoffset="11" xadvance="10" page="0" chnl="0" letter="ť"/>
        <char id="358" x="284" y="275" width="20" height="26" xoffset="-3" yoffset="12" xadvance="15" page="0" chnl="0" letter="Ŧ"/>
        <char id="359" x="189" y="442" width="13" height="25" xoffset="-2" yoffset="13" xadvance="10" page="0" chnl="0" letter="ŧ"/>
        <char id="360" x="191" y="113" width="19" height="32" xoffset="-1" yoffset="6" xadvance="17" page="0" chnl="0" letter="Ũ"/>
        <char id="361" x="62" y="415" width="18" height="25" xoffset="-2" yoffset="13" xadvance="15" page="0" chnl="0" letter="ũ"/>
        <char id="362" x="212" y="113" width="19" height="32" xoffset="-1" yoffset="6" xadvance="17" page="0" chnl="0" letter="Ū"/>
        <char id="363" x="82" y="415" width="18" height="25" xoffset="-2" yoffset="13" xadvance="15" page="0" chnl="0" letter="ū"/>
        <char id="364" x="320" y="2" width="19" height="33" xoffset="-1" yoffset="5" xadvance="17" page="0" chnl="0" letter="Ŭ"/>
        <char id="365" x="22" y="359" width="18" height="26" xoffset="-2" yoffset="12" xadvance="15" page="0" chnl="0" letter="ŭ"/>
        <char id="366" x="45" y="2" width="19" height="34" xoffset="-1" yoffset="4" xadvance="17" page="0" chnl="0" letter="Ů"/>
        <char id="367" x="62" y="246" width="18" height="27" xoffset="-2" yoffset="11" xadvance="15" page="0" chnl="0" letter="ů"/>
        <char id="368" x="2" y="44" width="19" height="33" xoffset="-1" yoffset="5" xadvance="17" page="0" chnl="0" letter="Ű"/>
        <char id="369" x="42" y="359" width="18" height="26" xoffset="-2" yoffset="12" xadvance="15" page="0" chnl="0" letter="ű"/>
        <char id="370" x="233" y="113" width="19" height="32" xoffset="-1" yoffset="12" xadvance="17" page="0" chnl="0" letter="Ų"/>
        <char id="371" x="102" y="415" width="18" height="25" xoffset="-2" yoffset="19" xadvance="15" page="0" chnl="0" letter="ų"/>
        <char id="372" x="105" y="44" width="30" height="32" xoffset="-3" yoffset="6" xadvance="25" page="0" chnl="0" letter="Ŵ"/>
        <char id="373" x="315" y="246" width="25" height="26" xoffset="-3" yoffset="12" xadvance="19" page="0" chnl="0" letter="ŵ"/>
        <char id="374" x="25" y="79" width="21" height="32" xoffset="-3" yoffset="6" xadvance="16" page="0" chnl="0" letter="Ŷ"/>
        <char id="375" x="162" y="147" width="18" height="32" xoffset="-3" yoffset="12" xadvance="13" page="0" chnl="0" letter="ŷ"/>
        <char id="376" x="25" y="181" width="21" height="31" xoffset="-3" yoffset="7" xadvance="16" page="0" chnl="0" letter="Ÿ"/>
        <char id="377" x="254" y="113" width="19" height="32" xoffset="-3" yoffset="6" xadvance="15" page="0" chnl="0" letter="Ź"/>
        <char id="378" x="2" y="442" width="17" height="25" xoffset="-2" yoffset="13" xadvance="12" page="0" chnl="0" letter="ź"/>
        <char id="379" x="154" y="181" width="19" height="31" xoffset="-3" yoffset="7" xadvance="15" page="0" chnl="0" letter="Ż"/>
        <char id="380" x="21" y="442" width="17" height="25" xoffset="-2" yoffset="13" xadvance="12" page="0" chnl="0" letter="ż"/>
        <char id="381" x="23" y="44" width="19" height="33" xoffset="-3" yoffset="5" xadvance="15" page="0" chnl="0" letter="Ž"/>
        <char id="382" x="2" y="387" width="17" height="26" xoffset="-2" yoffset="12" xadvance="12" page="0" chnl="0" letter="ž"/>
        <char id="402" x="175" y="181" width="19" height="31" xoffset="-5" yoffset="11" xadvance="11" page="0" chnl="0" letter="ƒ"/>
        <char id="508" x="137" y="44" width="25" height="32" xoffset="-1" yoffset="6" xadvance="22" page="0" chnl="0" letter="Ǽ"/>
        <char id="509" x="2" y="275" width="25" height="26" xoffset="-2" yoffset="12" xadvance="21" page="0" chnl="0" letter="ǽ"/>
        <char id="510" x="44" y="44" width="19" height="33" xoffset="-2" yoffset="6" xadvance="16" page="0" chnl="0" letter="Ǿ"/>
        <char id="511" x="62" y="359" width="18" height="26" xoffset="-2" yoffset="13" xadvance="14" page="0" chnl="0" letter="ǿ"/>
        <char id="536" x="275" y="113" width="19" height="32" xoffset="-2" yoffset="11" xadvance="15" page="0" chnl="0" letter="Ș"/>
        <char id="537" x="292" y="442" width="16" height="24" xoffset="-2" yoffset="19" xadvance="12" page="0" chnl="0" letter="ș"/>
        <char id="567" x="204" y="442" width="12" height="25" xoffset="-4" yoffset="19" xadvance="6" page="0" chnl="0" letter="ȷ"/>
    </chars>
    <kernings count="320">
        <kerning first="114" second="65" amount="-1"/>
        <kerning first="69" second="119" amount="-1"/>
        <kerning first="119" second="90" amount="-1"/>
        <kerning first="70" second="65" amount="-2"/>
        <kerning first="76" second="118" amount="-2"/>
        <kerning first="80" second="74" amount="-1"/>
        <kerning first="84" second="112" amount="-2"/>
        <kerning first="86" second="47" amount="-1"/>
        <kerning first="271" second="124" amount="2"/>
        <kerning first="38" second="89" amount="-1"/>
        <kerning first="318" second="269" amount="2"/>
        <kerning first="119" second="84" amount="-2"/>
        <kerning first="46" second="34" amount="-2"/>
        <kerning first="318" second="34" amount="3"/>
        <kerning first="69" second="297" amount="1"/>
        <kerning first="104" second="87" amount="-1"/>
        <kerning first="34" second="47" amount="-1"/>
        <kerning first="114" second="88" amount="-1"/>
        <kerning first="114" second="45" amount="-1"/>
        <kerning first="318" second="116" amount="3"/>
        <kerning first="99" second="89" amount="-2"/>
        <kerning first="70" second="45" amount="-1"/>
        <kerning first="89" second="353" amount="-1"/>
        <kerning first="318" second="108" amount="3"/>
        <kerning first="86" second="115" amount="-1"/>
        <kerning first="357" second="92" amount="1"/>
        <kerning first="103" second="84" amount="-2"/>
        <kerning first="271" second="104" amount="3"/>
        <kerning first="86" second="299" amount="1"/>
        <kerning first="89" second="74" amount="-2"/>
        <kerning first="271" second="382" amount="2"/>
        <kerning first="44" second="87" amount="-1"/>
        <kerning first="357" second="41" amount="1"/>
        <kerning first="318" second="102" amount="2"/>
        <kerning first="76" second="92" amount="-1"/>
        <kerning first="70" second="119" amount="-1"/>
        <kerning first="89" second="245" amount="-2"/>
        <kerning first="87" second="47" amount="-1"/>
        <kerning first="113" second="87" amount="-1"/>
        <kerning first="84" second="257" amount="-2"/>
        <kerning first="70" second="349" amount="-1"/>
        <kerning first="76" second="86" amount="-2"/>
        <kerning first="120" second="84" amount="-2"/>
        <kerning first="271" second="39" amount="3"/>
        <kerning first="70" second="297" amount="2"/>
        <kerning first="84" second="345" amount="-1"/>
        <kerning first="84" second="117" amount="-2"/>
        <kerning first="86" second="44" amount="-1"/>
        <kerning first="87" second="305" amount="-1"/>
        <kerning first="101" second="86" amount="-1"/>
        <kerning first="84" second="109" amount="-2"/>
        <kerning first="271" second="33" amount="3"/>
        <kerning first="97" second="87" amount="-1"/>
        <kerning first="70" second="99" amount="-2"/>
        <kerning first="84" second="58" amount="-1"/>
        <kerning first="87" second="115" amount="-1"/>
        <kerning first="104" second="84" amount="-2"/>
        <kerning first="80" second="65" amount="-1"/>
        <kerning first="87" second="299" amount="1"/>
        <kerning first="84" second="103" amount="-2"/>
        <kerning first="34" second="44" amount="-2"/>
        <kerning first="70" second="227" amount="-1"/>
        <kerning first="317" second="42" amount="-1"/>
        <kerning first="92" second="89" amount="-1"/>
        <kerning first="84" second="52" amount="-1"/>
        <kerning first="121" second="90" amount="-1"/>
        <kerning first="89" second="269" amount="-2"/>
        <kerning first="309" second="42" amount="1"/>
        <kerning first="84" second="97" amount="-2"/>
        <kerning first="89" second="122" amount="-1"/>
        <kerning first="121" second="84" amount="-2"/>
        <kerning first="297" second="92" amount="1"/>
        <kerning first="44" second="84" amount="-1"/>
        <kerning first="318" second="107" amount="3"/>
        <kerning first="76" second="89" amount="-2"/>
        <kerning first="297" second="41" amount="1"/>
        <kerning first="87" second="44" amount="-1"/>
        <kerning first="113" second="84" amount="-2"/>
        <kerning first="89" second="65" amount="-1"/>
        <kerning first="318" second="328" amount="1"/>
        <kerning first="84" second="120" amount="-2"/>
        <kerning first="101" second="89" amount="-2"/>
        <kerning first="318" second="93" amount="3"/>
        <kerning first="69" second="121" amount="-1"/>
        <kerning first="318" second="42" amount="3"/>
        <kerning first="88" second="297" amount="1"/>
        <kerning first="97" second="84" amount="-2"/>
        <kerning first="70" second="382" amount="-1"/>
        <kerning first="222" second="84" amount="-1"/>
        <kerning first="318" second="124" amount="2"/>
        <kerning first="87" second="112" amount="-1"/>
        <kerning first="89" second="45" amount="-1"/>
        <kerning first="118" second="89" amount="-1"/>
        <kerning first="317" second="39" amount="-1"/>
        <kerning first="114" second="90" amount="-1"/>
        <kerning first="122" second="84" amount="-2"/>
        <kerning first="45" second="84" amount="-1"/>
        <kerning first="114" second="47" amount="-1"/>
        <kerning first="107" second="87" amount="-1"/>
        <kerning first="70" second="47" amount="-1"/>
        <kerning first="318" second="244" amount="1"/>
        <kerning first="89" second="119" amount="-1"/>
        <kerning first="114" second="84" amount="-2"/>
        <kerning first="271" second="106" amount="3"/>
        <kerning first="271" second="98" amount="3"/>
        <kerning first="43" second="55" amount="-1"/>
        <kerning first="58" second="89" amount="-1"/>
        <kerning first="89" second="349" amount="-2"/>
        <kerning first="318" second="104" amount="3"/>
        <kerning first="70" second="121" amount="-1"/>
        <kerning first="86" second="103" amount="-1"/>
        <kerning first="318" second="382" amount="2"/>
        <kerning first="70" second="305" amount="-2"/>
        <kerning first="271" second="92" amount="3"/>
        <kerning first="89" second="297" amount="1"/>
        <kerning first="84" second="361" amount="-2"/>
        <kerning first="84" second="353" amount="-1"/>
        <kerning first="34" second="58" amount="-1"/>
        <kerning first="271" second="41" amount="3"/>
        <kerning first="70" second="115" amount="-2"/>
        <kerning first="70" second="241" amount="-2"/>
        <kerning first="120" second="86" amount="-1"/>
        <kerning first="86" second="97" amount="-1"/>
        <kerning first="84" second="74" amount="-2"/>
        <kerning first="70" second="299" amount="1"/>
        <kerning first="89" second="99" amount="-2"/>
        <kerning first="69" second="118" amount="-1"/>
        <kerning first="119" second="89" amount="-1"/>
        <kerning first="318" second="39" amount="3"/>
        <kerning first="104" second="92" amount="-1"/>
        <kerning first="34" second="52" amount="-1"/>
        <kerning first="84" second="245" amount="-2"/>
        <kerning first="89" second="227" amount="-1"/>
        <kerning first="52" second="55" amount="-1"/>
        <kerning first="318" second="33" amount="2"/>
        <kerning first="90" second="119" amount="-1"/>
        <kerning first="104" second="86" amount="-1"/>
        <kerning first="34" second="46" amount="-2"/>
        <kerning first="52" second="92" amount="-1"/>
        <kerning first="87" second="109" amount="-1"/>
        <kerning first="86" second="120" amount="-1"/>
        <kerning first="115" second="84" amount="-2"/>
        <kerning first="297" second="63" amount="1"/>
        <kerning first="103" second="89" amount="-1"/>
        <kerning first="114" second="44" amount="-1"/>
        <kerning first="107" second="84" amount="-2"/>
        <kerning first="70" second="44" amount="-2"/>
        <kerning first="87" second="103" amount="-1"/>
        <kerning first="55" second="47" amount="-2"/>
        <kerning first="44" second="86" amount="-1"/>
        <kerning first="92" second="34" amount="-1"/>
        <kerning first="87" second="97" amount="-1"/>
        <kerning first="47" second="47" amount="-6"/>
        <kerning first="80" second="47" amount="-1"/>
        <kerning first="70" second="118" amount="-1"/>
        <kerning first="120" second="89" amount="-2"/>
        <kerning first="84" second="269" amount="-2"/>
        <kerning first="113" second="86" amount="-1"/>
        <kerning first="88" second="121" amount="-1"/>
        <kerning first="84" second="122" amount="-2"/>
        <kerning first="65" second="87" amount="-1"/>
        <kerning first="98" second="87" amount="-1"/>
        <kerning first="50" second="43" amount="-1"/>
        <kerning first="70" second="112" amount="-2"/>
        <kerning first="271" second="38" amount="2"/>
        <kerning first="116" second="84" amount="-2"/>
        <kerning first="76" second="34" amount="-1"/>
        <kerning first="87" second="120" amount="-1"/>
        <kerning first="102" second="74" amount="-1"/>
        <kerning first="104" second="89" amount="-2"/>
        <kerning first="97" second="86" amount="-1"/>
        <kerning first="84" second="65" amount="-1"/>
        <kerning first="317" second="92" amount="-1"/>
        <kerning first="91" second="297" amount="1"/>
        <kerning first="89" second="47" amount="-1"/>
        <kerning first="38" second="87" amount="-1"/>
        <kerning first="70" second="226" amount="-1"/>
        <kerning first="42" second="309" amount="1"/>
        <kerning first="86" second="74" amount="-1"/>
        <kerning first="42" second="74" amount="-1"/>
        <kerning first="114" second="41" amount="-1"/>
        <kerning first="44" second="89" amount="-1"/>
        <kerning first="39" second="297" amount="1"/>
        <kerning first="121" second="89" amount="-1"/>
        <kerning first="271" second="63" amount="3"/>
        <kerning first="89" second="121" amount="-1"/>
        <kerning first="55" second="44" amount="-1"/>
        <kerning first="89" second="305" amount="-1"/>
        <kerning first="75" second="297" amount="1"/>
        <kerning first="84" second="45" amount="-1"/>
        <kerning first="34" second="74" amount="-1"/>
        <kerning first="113" second="89" amount="-1"/>
        <kerning first="70" second="257" amount="-1"/>
        <kerning first="318" second="106" amount="3"/>
        <kerning first="117" second="84" amount="-2"/>
        <kerning first="89" second="115" amount="-2"/>
        <kerning first="80" second="44" amount="-2"/>
        <kerning first="318" second="98" amount="3"/>
        <kerning first="89" second="299" amount="1"/>
        <kerning first="76" second="45" amount="-1"/>
        <kerning first="88" second="118" amount="-1"/>
        <kerning first="84" second="119" amount="-2"/>
        <kerning first="70" second="117" amount="-2"/>
        <kerning first="318" second="92" amount="3"/>
        <kerning first="65" second="84" amount="-1"/>
        <kerning first="98" second="84" amount="-2"/>
        <kerning first="70" second="109" amount="-2"/>
        <kerning first="58" second="34" amount="-1"/>
        <kerning first="97" second="89" amount="-2"/>
        <kerning first="297" second="34" amount="1"/>
        <kerning first="84" second="349" amount="-1"/>
        <kerning first="318" second="41" amount="3"/>
        <kerning first="76" second="119" amount="-1"/>
        <kerning first="70" second="58" amount="-1"/>
        <kerning first="87" second="74" amount="-1"/>
        <kerning first="84" second="297" amount="1"/>
        <kerning first="70" second="103" amount="-2"/>
        <kerning first="122" second="89" amount="-2"/>
        <kerning first="40" second="297" amount="1"/>
        <kerning first="47" second="112" amount="-1"/>
        <kerning first="45" second="89" amount="-1"/>
        <kerning first="90" second="121" amount="-1"/>
        <kerning first="70" second="52" amount="-1"/>
        <kerning first="89" second="44" amount="-1"/>
        <kerning first="118" second="88" amount="-1"/>
        <kerning first="84" second="99" amount="-2"/>
        <kerning first="38" second="84" amount="-1"/>
        <kerning first="70" second="97" amount="-2"/>
        <kerning first="114" second="89" amount="-1"/>
        <kerning first="107" second="86" amount="-1"/>
        <kerning first="84" second="227" amount="-1"/>
        <kerning first="89" second="118" amount="-1"/>
        <kerning first="271" second="105" amount="3"/>
        <kerning first="357" second="93" amount="1"/>
        <kerning first="86" second="65" amount="-1"/>
        <kerning first="99" second="84" amount="-2"/>
        <kerning first="102" second="45" amount="-1"/>
        <kerning first="70" second="120" amount="-2"/>
        <kerning first="89" second="112" amount="-1"/>
        <kerning first="76" second="42" amount="-2"/>
        <kerning first="34" second="65" amount="-1"/>
        <kerning first="76" second="87" amount="-2"/>
        <kerning first="318" second="38" amount="2"/>
        <kerning first="115" second="89" amount="-2"/>
        <kerning first="101" second="87" amount="-1"/>
        <kerning first="271" second="34" amount="3"/>
        <kerning first="102" second="297" amount="1"/>
        <kerning first="107" second="89" amount="-2"/>
        <kerning first="90" second="118" amount="-1"/>
        <kerning first="34" second="45" amount="-2"/>
        <kerning first="271" second="116" amount="3"/>
        <kerning first="55" second="52" amount="-1"/>
        <kerning first="87" second="65" amount="-1"/>
        <kerning first="70" second="228" amount="-2"/>
        <kerning first="84" second="382" amount="-1"/>
        <kerning first="271" second="108" amount="3"/>
        <kerning first="47" second="52" amount="-1"/>
        <kerning first="92" second="84" amount="-1"/>
        <kerning first="271" second="102" amount="3"/>
        <kerning first="86" second="297" amount="1"/>
        <kerning first="318" second="63" amount="3"/>
        <kerning first="84" second="47" amount="-1"/>
        <kerning first="42" second="297" amount="1"/>
        <kerning first="70" second="361" amount="-2"/>
        <kerning first="297" second="93" amount="1"/>
        <kerning first="70" second="259" amount="-2"/>
        <kerning first="70" second="353" amount="-1"/>
        <kerning first="89" second="345" amount="-1"/>
        <kerning first="89" second="117" amount="-2"/>
        <kerning first="238" second="42" amount="1"/>
        <kerning first="89" second="109" amount="-1"/>
        <kerning first="114" second="74" amount="-2"/>
        <kerning first="86" second="99" amount="-1"/>
        <kerning first="44" second="34" amount="-2"/>
        <kerning first="34" second="297" amount="1"/>
        <kerning first="70" second="74" amount="-2"/>
        <kerning first="116" second="89" amount="-1"/>
        <kerning first="297" second="42" amount="1"/>
        <kerning first="89" second="58" amount="-1"/>
        <kerning first="84" second="121" amount="-2"/>
        <kerning first="70" second="245" amount="-1"/>
        <kerning first="65" second="86" amount="-1"/>
        <kerning first="76" second="84" amount="-2"/>
        <kerning first="84" second="305" amount="-2"/>
        <kerning first="89" second="103" amount="-2"/>
        <kerning first="47" second="120" amount="-1"/>
        <kerning first="98" second="86" amount="-1"/>
        <kerning first="76" second="121" amount="-2"/>
        <kerning first="89" second="52" amount="-1"/>
        <kerning first="84" second="241" amount="-2"/>
        <kerning first="84" second="115" amount="-2"/>
        <kerning first="101" second="84" amount="-2"/>
        <kerning first="84" second="299" amount="1"/>
        <kerning first="89" second="97" amount="-2"/>
        <kerning first="318" second="353" amount="3"/>
        <kerning first="118" second="90" amount="-1"/>
        <kerning first="87" second="297" amount="1"/>
        <kerning first="38" second="86" amount="-1"/>
        <kerning first="118" second="84" amount="-2"/>
        <kerning first="87" second="99" amount="-1"/>
        <kerning first="45" second="34" amount="-2"/>
        <kerning first="117" second="89" amount="-2"/>
        <kerning first="89" second="120" amount="-2"/>
        <kerning first="271" second="107" amount="3"/>
        <kerning first="55" second="43" amount="-1"/>
        <kerning first="317" second="34" amount="-1"/>
        <kerning first="84" second="44" amount="-1"/>
        <kerning first="70" second="269" amount="-1"/>
        <kerning first="318" second="105" amount="3"/>
        <kerning first="70" second="122" amount="-2"/>
        <kerning first="65" second="89" amount="-1"/>
        <kerning first="98" second="89" amount="-2"/>
        <kerning first="42" second="238" amount="1"/>
        <kerning first="271" second="93" amount="3"/>
        <kerning first="297" second="39" amount="1"/>
        <kerning first="58" second="84" amount="-1"/>
        <kerning first="55" second="74" amount="-1"/>
        <kerning first="84" second="118" amount="-2"/>
        <kerning first="120" second="87" amount="-1"/>
        <kerning first="271" second="42" amount="3"/>
    </kernings>
</font>