{ "height":9,
 "layers":[
        {
         "data":[81, 81, 81, 81, 81, 81, 81, 81, 81, 81, 81, 81, 81, 81, 0, 61, 0, 0, 0, 93, 0, 0, 0, 0, 41, 81, 81, 82, 0, 82, 82, 0, 0, 0, 0, 0, 92, 0, 81, 81, 0, 0, 0, 82, 0, 0, 0, 0, 71, 0, 0, 81, 31, 72, 73, 74, 82, 61, 0, 71, 82, 23, 3, 13, 81, 81, 0, 0, 0, 82, 0, 0, 0, 0, 71, 0, 0, 81, 81, 0, 82, 0, 82, 0, 0, 0, 94, 0, 0, 0, 81, 81, 41, 0, 41, 0, 0, 0, 0, 0, 0, 0, 71, 81, 81, 81, 81, 81, 81, 81, 81, 81, 81, 81, 81, 81, 81],
         "height":9,
         "name":"Game",
         "opacity":1,
         "type":"tilelayer",
         "visible":true,
         "width":13,
         "x":0,
         "y":0
        }, 
        {
         "data":[0, 0, 0, 0, 0, 0, 0, 0, 0, 0, 0, 0, 0, 0, 0, 0, 0, 0, 0, 0, 0, 0, 0, 0, 10, 0, 0, 0, 0, 0, 0, 0, 0, 0, 0, 0, 0, 0, 0, 0, 0, 0, 0, 0, 0, 0, 0, 0, 10, 0, 0, 0, 0, 0, 0, 0, 0, 10, 0, 10, 0, 0, 0, 0, 0, 0, 0, 0, 0, 0, 0, 0, 0, 0, 10, 0, 0, 0, 0, 0, 0, 0, 0, 0, 0, 0, 0, 0, 0, 0, 0, 0, 0, 0, 0, 0, 0, 0, 0, 0, 0, 0, 10, 0, 0, 0, 0, 0, 0, 0, 0, 0, 0, 0, 0, 0, 0],
         "height":9,
         "name":"Drag",
         "opacity":0.670000016689301,
         "type":"tilelayer",
         "visible":true,
         "width":13,
         "x":0,
         "y":0
        }],
 "orientation":"orthogonal",
 "properties":
    {

    },
 "renderorder":"right-down",
 "tileheight":64,
 "tilesets":[
        {
         "firstgid":1,
         "image":"tiledassets.png",
         "imageheight":1280,
         "imagewidth":640,
         "margin":0,
         "name":"tiledassets",
         "properties":
            {

            },
         "spacing":0,
         "tileheight":64,
         "tilewidth":64
        }],
 "tilewidth":64,
 "version":1,
 "width":13
}