{ "height":9,
 "layers":[
        {
         "data":[81, 81, 81, 81, 81, 81, 81, 81, 81, 81, 81, 81, 81, 81, 22, 0, 64, 0, 53, 0, 52, 0, 63, 0, 62, 81, 81, 0, 82, 0, 82, 0, 82, 0, 82, 93, 82, 52, 32, 81, 53, 0, 0, 0, 0, 92, 42, 0, 0, 0, 0, 81, 81, 52, 82, 0, 82, 0, 82, 0, 82, 0, 82, 0, 34, 81, 54, 0, 0, 0, 43, 0, 54, 94, 0, 0, 44, 81, 81, 0, 82, 0, 82, 0, 82, 0, 82, 0, 82, 53, 33, 81, 11, 0, 54, 0, 1, 0, 44, 0, 53, 0, 43, 81, 81, 81, 81, 81, 81, 81, 81, 81, 81, 81, 81, 81, 81],
         "height":9,
         "name":"Game",
         "opacity":1,
         "type":"tilelayer",
         "visible":true,
         "width":13,
         "x":0,
         "y":0
        }, 
        {
         "data":[0, 0, 0, 0, 0, 0, 0, 0, 0, 0, 0, 0, 0, 0, 0, 0, 0, 0, 0, 0, 0, 0, 0, 0, 0, 0, 0, 0, 0, 0, 0, 0, 0, 0, 0, 0, 0, 0, 0, 0, 10, 0, 0, 0, 0, 0, 0, 0, 0, 0, 0, 0, 0, 10, 0, 0, 0, 0, 0, 0, 0, 0, 0, 0, 0, 0, 10, 0, 0, 0, 0, 0, 0, 0, 0, 0, 0, 0, 0, 0, 0, 0, 0, 0, 0, 0, 0, 0, 0, 0, 0, 0, 0, 0, 0, 0, 0, 0, 0, 0, 0, 0, 0, 0, 0, 0, 0, 0, 0, 0, 0, 0, 0, 0, 0, 0, 0],
         "height":9,
         "name":"Drag",
         "opacity":0.670000016689301,
         "type":"tilelayer",
         "visible":true,
         "width":13,
         "x":0,
         "y":0
        }],
 "orientation":"orthogonal",
 "properties":
    {

    },
 "renderorder":"right-down",
 "tileheight":64,
 "tilesets":[
        {
         "firstgid":1,
         "image":"tiledassets.png",
         "imageheight":1280,
         "imagewidth":640,
         "margin":0,
         "name":"tiledassets",
         "properties":
            {

            },
         "spacing":0,
         "tileheight":64,
         "tilewidth":64
        }],
 "tilewidth":64,
 "version":1,
 "width":13
}