{"frames": {

"btn_joystick_pad.png":
{
	"frame": {"x":356,"y":640,"w":182,"h":180},
	"rotated": false,
	"trimmed": true,
	"spriteSourceSize": {"x":0,"y":0,"w":182,"h":180},
	"sourceSize": {"w":181,"h":180},
	"pivot": {"x":0.5,"y":0.5}
},
"btn_joystick_stick.png":
{
	"frame": {"x":698,"y":234,"w":90,"h":90},
	"rotated": false,
	"trimmed": true,
	"spriteSourceSize": {"x":2,"y":2,"w":90,"h":90},
	"sourceSize": {"w":94,"h":94},
	"pivot": {"x":0.5,"y":0.5}
},
"btn_shoot.png":
{
	"frame": {"x":446,"y":46,"w":92,"h":92},
	"rotated": false,
	"trimmed": true,
	"spriteSourceSize": {"x":44,"y":44,"w":92,"h":92},
	"sourceSize": {"w":181,"h":180},
	"pivot": {"x":0.5,"y":0.5}
},
"key_blue_radial.png":
{
	"frame": {"x":570,"y":2,"w":126,"h":126},
	"rotated": false,
	"trimmed": true,
	"spriteSourceSize": {"x":0,"y":0,"w":126,"h":126},
	"sourceSize": {"w":125,"h":125},
	"pivot": {"x":0.5,"y":0.5}
},
"key_green_radial.png":
{
	"frame": {"x":824,"y":202,"w":128,"h":128},
	"rotated": false,
	"trimmed": true,
	"spriteSourceSize": {"x":0,"y":0,"w":128,"h":128},
	"sourceSize": {"w":128,"h":127},
	"pivot": {"x":0.5,"y":0.5}
},
"key_red_radial.png":
{
	"frame": {"x":824,"y":332,"w":128,"h":128},
	"rotated": false,
	"trimmed": true,
	"spriteSourceSize": {"x":0,"y":0,"w":128,"h":128},
	"sourceSize": {"w":128,"h":127},
	"pivot": {"x":0.5,"y":0.5}
},
"particle_key_blue.png":
{
	"frame": {"x":356,"y":822,"w":20,"h":20},
	"rotated": false,
	"trimmed": false,
	"spriteSourceSize": {"x":0,"y":0,"w":20,"h":20},
	"sourceSize": {"w":20,"h":20},
	"pivot": {"x":0.5,"y":0.5}
},
"particle_key_green.png":
{
	"frame": {"x":378,"y":822,"w":20,"h":20},
	"rotated": false,
	"trimmed": false,
	"spriteSourceSize": {"x":0,"y":0,"w":20,"h":20},
	"sourceSize": {"w":20,"h":20},
	"pivot": {"x":0.5,"y":0.5}
},
"particle_key_red.png":
{
	"frame": {"x":400,"y":822,"w":20,"h":20},
	"rotated": false,
	"trimmed": false,
	"spriteSourceSize": {"x":0,"y":0,"w":20,"h":20},
	"sourceSize": {"w":20,"h":20},
	"pivot": {"x":0.5,"y":0.5}
},
"particle_ui_time.png":
{
	"frame": {"x":738,"y":98,"w":82,"h":82},
	"rotated": false,
	"trimmed": true,
	"spriteSourceSize": {"x":0,"y":0,"w":82,"h":82},
	"sourceSize": {"w":81,"h":81},
	"pivot": {"x":0.5,"y":0.5}
},
"pick_up.png":
{
	"frame": {"x":652,"y":806,"w":150,"h":150},
	"rotated": false,
	"trimmed": false,
	"spriteSourceSize": {"x":0,"y":0,"w":150,"h":150},
	"sourceSize": {"w":150,"h":150},
	"pivot": {"x":0.5,"y":0.5}
},
"pick_up_card.png":
{
	"frame": {"x":446,"y":140,"w":90,"h":118},
	"rotated": false,
	"trimmed": true,
	"spriteSourceSize": {"x":0,"y":0,"w":90,"h":118},
	"sourceSize": {"w":90,"h":117},
	"pivot": {"x":0.5,"y":0.5}
},
"pick_up_time.png":
{
	"frame": {"x":446,"y":260,"w":150,"h":150},
	"rotated": false,
	"trimmed": false,
	"spriteSourceSize": {"x":0,"y":0,"w":150,"h":150},
	"sourceSize": {"w":150,"h":150},
	"pivot": {"x":0.5,"y":0.5}
},
"projectile_heatblast_001.png":
{
	"frame": {"x":494,"y":986,"w":86,"h":32},
	"rotated": false,
	"trimmed": false,
	"spriteSourceSize": {"x":0,"y":0,"w":86,"h":32},
	"sourceSize": {"w":86,"h":32},
	"pivot": {"x":0.5,"y":0.5}
},
"projectile_overflow.png":
{
	"frame": {"x":632,"y":782,"w":116,"h":22},
	"rotated": false,
	"trimmed": true,
	"spriteSourceSize": {"x":0,"y":0,"w":116,"h":22},
	"sourceSize": {"w":115,"h":22},
	"pivot": {"x":0.5,"y":0.5}
},
"prompt_cannonbolt.png":
{
	"frame": {"x":188,"y":658,"w":166,"h":184},
	"rotated": false,
	"trimmed": true,
	"spriteSourceSize": {"x":148,"y":134,"w":166,"h":184},
	"sourceSize": {"w":450,"h":450},
	"pivot": {"x":0.5,"y":0.5}
},
"prompt_device_cannonbolt.png":
{
	"frame": {"x":206,"y":454,"w":166,"h":184},
	"rotated": false,
	"trimmed": true,
	"spriteSourceSize": {"x":148,"y":134,"w":166,"h":184},
	"sourceSize": {"w":450,"h":450},
	"pivot": {"x":0.5,"y":0.5}
},
"prompt_device_heatblast.png":
{
	"frame": {"x":198,"y":844,"w":146,"h":178},
	"rotated": false,
	"trimmed": true,
	"spriteSourceSize": {"x":154,"y":140,"w":146,"h":178},
	"sourceSize": {"w":450,"h":450},
	"pivot": {"x":0.5,"y":0.5}
},
"prompt_device_overflow.png":
{
	"frame": {"x":2,"y":856,"w":194,"h":162},
	"rotated": false,
	"trimmed": true,
	"spriteSourceSize": {"x":126,"y":156,"w":194,"h":162},
	"sourceSize": {"w":450,"h":450},
	"pivot": {"x":0.5,"y":0.5}
},
"prompt_device_stinkfly.png":
{
	"frame": {"x":2,"y":658,"w":104,"h":196},
	"rotated": false,
	"trimmed": true,
	"spriteSourceSize": {"x":186,"y":122,"w":104,"h":196},
	"sourceSize": {"w":450,"h":450},
	"pivot": {"x":0.5,"y":0.5}
},
"prompt_device_xlr8.png":
{
	"frame": {"x":494,"y":822,"w":156,"h":162},
	"rotated": false,
	"trimmed": true,
	"spriteSourceSize": {"x":158,"y":156,"w":156,"h":162},
	"sourceSize": {"w":450,"h":450},
	"pivot": {"x":0.5,"y":0.5}
},
"prompt_heatblast.png":
{
	"frame": {"x":346,"y":844,"w":146,"h":178},
	"rotated": false,
	"trimmed": true,
	"spriteSourceSize": {"x":154,"y":140,"w":146,"h":178},
	"sourceSize": {"w":450,"h":450},
	"pivot": {"x":0.5,"y":0.5}
},
"prompt_key_blue.png":
{
	"frame": {"x":824,"y":2,"w":172,"h":98},
	"rotated": false,
	"trimmed": true,
	"spriteSourceSize": {"x":128,"y":164,"w":172,"h":98},
	"sourceSize": {"w":437,"h":445},
	"pivot": {"x":0.5,"y":0.5}
},
"prompt_key_green.png":
{
	"frame": {"x":570,"y":134,"w":166,"h":98},
	"rotated": false,
	"trimmed": true,
	"spriteSourceSize": {"x":134,"y":164,"w":166,"h":98},
	"sourceSize": {"w":437,"h":445},
	"pivot": {"x":0.5,"y":0.5}
},
"prompt_key_red.png":
{
	"frame": {"x":824,"y":102,"w":160,"h":98},
	"rotated": false,
	"trimmed": true,
	"spriteSourceSize": {"x":140,"y":164,"w":160,"h":98},
	"sourceSize": {"w":437,"h":445},
	"pivot": {"x":0.5,"y":0.5}
},
"prompt_overflow.png":
{
	"frame": {"x":374,"y":454,"w":194,"h":162},
	"rotated": false,
	"trimmed": true,
	"spriteSourceSize": {"x":126,"y":156,"w":194,"h":162},
	"sourceSize": {"w":450,"h":450},
	"pivot": {"x":0.5,"y":0.5}
},
"prompt_panel.png":
{
	"frame": {"x":2,"y":2,"w":442,"h":450},
	"rotated": false,
	"trimmed": true,
	"spriteSourceSize": {"x":0,"y":0,"w":442,"h":450},
	"sourceSize": {"w":450,"h":450},
	"pivot": {"x":0.5,"y":0.5}
},
"prompt_stinkfly.png":
{
	"frame": {"x":108,"y":658,"w":78,"h":196},
	"rotated": false,
	"trimmed": true,
	"spriteSourceSize": {"x":186,"y":122,"w":78,"h":196},
	"sourceSize": {"w":450,"h":450},
	"pivot": {"x":0.5,"y":0.5}
},
"prompt_xlr8.png":
{
	"frame": {"x":540,"y":618,"w":156,"h":162},
	"rotated": false,
	"trimmed": true,
	"spriteSourceSize": {"x":158,"y":156,"w":156,"h":162},
	"sourceSize": {"w":450,"h":450},
	"pivot": {"x":0.5,"y":0.5}
},
"ui_collectables.png":
{
	"frame": {"x":682,"y":958,"w":140,"h":56},
	"rotated": false,
	"trimmed": true,
	"spriteSourceSize": {"x":0,"y":0,"w":140,"h":56},
	"sourceSize": {"w":139,"h":56},
	"pivot": {"x":0.5,"y":0.5}
},
"ui_keys_blue_off.png":
{
	"frame": {"x":572,"y":782,"w":28,"h":28},
	"rotated": false,
	"trimmed": false,
	"spriteSourceSize": {"x":0,"y":0,"w":28,"h":28},
	"sourceSize": {"w":28,"h":28},
	"pivot": {"x":0.5,"y":0.5}
},
"ui_keys_blue_on.png":
{
	"frame": {"x":602,"y":782,"w":28,"h":28},
	"rotated": false,
	"trimmed": false,
	"spriteSourceSize": {"x":0,"y":0,"w":28,"h":28},
	"sourceSize": {"w":28,"h":28},
	"pivot": {"x":0.5,"y":0.5}
},
"ui_keys_green_off.png":
{
	"frame": {"x":582,"y":986,"w":32,"h":28},
	"rotated": false,
	"trimmed": true,
	"spriteSourceSize": {"x":0,"y":0,"w":32,"h":28},
	"sourceSize": {"w":31,"h":28},
	"pivot": {"x":0.5,"y":0.5}
},
"ui_keys_green_on.png":
{
	"frame": {"x":616,"y":986,"w":32,"h":28},
	"rotated": false,
	"trimmed": true,
	"spriteSourceSize": {"x":0,"y":0,"w":32,"h":28},
	"sourceSize": {"w":31,"h":28},
	"pivot": {"x":0.5,"y":0.5}
},
"ui_keys_pannel.png":
{
	"frame": {"x":446,"y":2,"w":116,"h":42},
	"rotated": false,
	"trimmed": false,
	"spriteSourceSize": {"x":0,"y":0,"w":116,"h":42},
	"sourceSize": {"w":116,"h":42},
	"pivot": {"x":0.5,"y":0.5}
},
"ui_keys_red_off.png":
{
	"frame": {"x":650,"y":986,"w":30,"h":28},
	"rotated": false,
	"trimmed": true,
	"spriteSourceSize": {"x":0,"y":0,"w":30,"h":28},
	"sourceSize": {"w":29,"h":27},
	"pivot": {"x":0.5,"y":0.5}
},
"ui_keys_red_on.png":
{
	"frame": {"x":540,"y":782,"w":30,"h":28},
	"rotated": false,
	"trimmed": true,
	"spriteSourceSize": {"x":0,"y":0,"w":30,"h":28},
	"sourceSize": {"w":29,"h":27},
	"pivot": {"x":0.5,"y":0.5}
},
"ui_time.png":
{
	"frame": {"x":698,"y":2,"w":118,"h":42},
	"rotated": false,
	"trimmed": true,
	"spriteSourceSize": {"x":0,"y":0,"w":118,"h":42},
	"sourceSize": {"w":117,"h":42},
	"pivot": {"x":0.5,"y":0.5}
},
"ui_time_clock.png":
{
	"frame": {"x":2,"y":454,"w":202,"h":202},
	"rotated": false,
	"trimmed": true,
	"spriteSourceSize": {"x":0,"y":0,"w":202,"h":202},
	"sourceSize": {"w":201,"h":201},
	"pivot": {"x":0.5,"y":0.5}
},
"ui_time_clock_small.png":
{
	"frame": {"x":750,"y":46,"w":50,"h":50},
	"rotated": false,
	"trimmed": false,
	"spriteSourceSize": {"x":0,"y":0,"w":50,"h":50},
	"sourceSize": {"w":50,"h":50},
	"pivot": {"x":0.5,"y":0.5}
},
"ui_time_hand.png":
{
	"frame": {"x":698,"y":46,"w":38,"h":86},
	"rotated": false,
	"trimmed": true,
	"spriteSourceSize": {"x":82,"y":34,"w":38,"h":86},
	"sourceSize": {"w":201,"h":201},
	"pivot": {"x":0.5,"y":0.5}
}},
"meta": {
	"app": "http://www.codeandweb.com/texturepacker",
	"version": "1.0",
	"image": "game_0.png",
	"format": "RGBA8888",
	"size": {"w":1024,"h":1024},
	"scale": "0.5",
	"smartupdate": "$TexturePacker:SmartUpdate:c4ff417fec83f5911b78ab2f3d87e6e8:428fedf5393f99250a881db99379edcf:3ab264abc936ca470c8a38e61e4dde36$"
}
}
