{"frames": {

"particle_char_transform_001.png":
{
	"frame": {"x":294,"y":416,"w":34,"h":34},
	"rotated": false,
	"trimmed": true,
	"spriteSourceSize": {"x":2,"y":0,"w":34,"h":34},
	"sourceSize": {"w":38,"h":34},
	"pivot": {"x":0.5,"y":0.5}
},
"particle_char_transform_002.png":
{
	"frame": {"x":412,"y":200,"w":36,"h":34},
	"rotated": false,
	"trimmed": true,
	"spriteSourceSize": {"x":2,"y":0,"w":36,"h":34},
	"sourceSize": {"w":38,"h":34},
	"pivot": {"x":0.5,"y":0.5}
},
"particle_char_transform_003.png":
{
	"frame": {"x":300,"y":316,"w":38,"h":34},
	"rotated": false,
	"trimmed": false,
	"spriteSourceSize": {"x":0,"y":0,"w":38,"h":34},
	"sourceSize": {"w":38,"h":34},
	"pivot": {"x":0.5,"y":0.5}
},
"particle_char_transform_004.png":
{
	"frame": {"x":2,"y":230,"w":26,"h":26},
	"rotated": false,
	"trimmed": true,
	"spriteSourceSize": {"x":6,"y":4,"w":26,"h":26},
	"sourceSize": {"w":38,"h":34},
	"pivot": {"x":0.5,"y":0.5}
},
"particle_char_transform_005.png":
{
	"frame": {"x":372,"y":200,"w":38,"h":34},
	"rotated": false,
	"trimmed": false,
	"spriteSourceSize": {"x":0,"y":0,"w":38,"h":34},
	"sourceSize": {"w":38,"h":34},
	"pivot": {"x":0.5,"y":0.5}
},
"particle_dust_001.png":
{
	"frame": {"x":92,"y":252,"w":52,"h":42},
	"rotated": false,
	"trimmed": false,
	"spriteSourceSize": {"x":0,"y":0,"w":52,"h":42},
	"sourceSize": {"w":52,"h":42},
	"pivot": {"x":0.5,"y":0.5}
},
"particle_dust_002.png":
{
	"frame": {"x":92,"y":296,"w":50,"h":54},
	"rotated": false,
	"trimmed": true,
	"spriteSourceSize": {"x":0,"y":0,"w":50,"h":54},
	"sourceSize": {"w":50,"h":53},
	"pivot": {"x":0.5,"y":0.5}
},
"particle_dust_003.png":
{
	"frame": {"x":38,"y":346,"w":50,"h":42},
	"rotated": false,
	"trimmed": true,
	"spriteSourceSize": {"x":0,"y":0,"w":50,"h":42},
	"sourceSize": {"w":50,"h":41},
	"pivot": {"x":0.5,"y":0.5}
},
"particle_dust_004.png":
{
	"frame": {"x":32,"y":230,"w":58,"h":52},
	"rotated": false,
	"trimmed": true,
	"spriteSourceSize": {"x":0,"y":0,"w":58,"h":52},
	"sourceSize": {"w":57,"h":52},
	"pivot": {"x":0.5,"y":0.5}
},
"particle_falling_001.png":
{
	"frame": {"x":332,"y":88,"w":38,"h":46},
	"rotated": false,
	"trimmed": true,
	"spriteSourceSize": {"x":0,"y":0,"w":38,"h":46},
	"sourceSize": {"w":37,"h":45},
	"pivot": {"x":0.5,"y":0.5}
},
"particle_falling_002.png":
{
	"frame": {"x":140,"y":442,"w":36,"h":52},
	"rotated": false,
	"trimmed": false,
	"spriteSourceSize": {"x":0,"y":0,"w":36,"h":52},
	"sourceSize": {"w":36,"h":52},
	"pivot": {"x":0.5,"y":0.5}
},
"particle_falling_003.png":
{
	"frame": {"x":2,"y":306,"w":34,"h":64},
	"rotated": false,
	"trimmed": false,
	"spriteSourceSize": {"x":0,"y":0,"w":34,"h":64},
	"sourceSize": {"w":34,"h":64},
	"pivot": {"x":0.5,"y":0.5}
},
"particle_falling_004.png":
{
	"frame": {"x":332,"y":136,"w":38,"h":46},
	"rotated": false,
	"trimmed": true,
	"spriteSourceSize": {"x":0,"y":0,"w":38,"h":46},
	"sourceSize": {"w":37,"h":45},
	"pivot": {"x":0.5,"y":0.5}
},
"particle_falling_005.png":
{
	"frame": {"x":178,"y":442,"w":36,"h":52},
	"rotated": false,
	"trimmed": false,
	"spriteSourceSize": {"x":0,"y":0,"w":36,"h":52},
	"sourceSize": {"w":36,"h":52},
	"pivot": {"x":0.5,"y":0.5}
},
"particle_falling_006.png":
{
	"frame": {"x":32,"y":442,"w":34,"h":64},
	"rotated": false,
	"trimmed": false,
	"spriteSourceSize": {"x":0,"y":0,"w":34,"h":64},
	"sourceSize": {"w":34,"h":64},
	"pivot": {"x":0.5,"y":0.5}
},
"particle_falling_007.png":
{
	"frame": {"x":182,"y":380,"w":36,"h":52},
	"rotated": false,
	"trimmed": false,
	"spriteSourceSize": {"x":0,"y":0,"w":36,"h":52},
	"sourceSize": {"w":36,"h":52},
	"pivot": {"x":0.5,"y":0.5}
},
"particle_falling_008.png":
{
	"frame": {"x":68,"y":442,"w":34,"h":64},
	"rotated": false,
	"trimmed": false,
	"spriteSourceSize": {"x":0,"y":0,"w":34,"h":64},
	"sourceSize": {"w":34,"h":64},
	"pivot": {"x":0.5,"y":0.5}
},
"particle_falling_009.png":
{
	"frame": {"x":254,"y":432,"w":38,"h":46},
	"rotated": false,
	"trimmed": true,
	"spriteSourceSize": {"x":0,"y":0,"w":38,"h":46},
	"sourceSize": {"w":37,"h":45},
	"pivot": {"x":0.5,"y":0.5}
},
"particle_fire_001.png":
{
	"frame": {"x":374,"y":2,"w":122,"h":56},
	"rotated": false,
	"trimmed": true,
	"spriteSourceSize": {"x":0,"y":0,"w":122,"h":56},
	"sourceSize": {"w":122,"h":55},
	"pivot": {"x":0.5,"y":0.5}
},
"particle_fire_002.png":
{
	"frame": {"x":374,"y":60,"w":122,"h":52},
	"rotated": false,
	"trimmed": true,
	"spriteSourceSize": {"x":0,"y":0,"w":122,"h":52},
	"sourceSize": {"w":122,"h":55},
	"pivot": {"x":0.5,"y":0.5}
},
"particle_firework_fountain_001.png":
{
	"frame": {"x":342,"y":78,"w":30,"h":8},
	"rotated": false,
	"trimmed": true,
	"spriteSourceSize": {"x":0,"y":0,"w":30,"h":8},
	"sourceSize": {"w":29,"h":8},
	"pivot": {"x":0.5,"y":0.5}
},
"particle_firework_fountain_002.png":
{
	"frame": {"x":26,"y":284,"w":20,"h":20},
	"rotated": false,
	"trimmed": true,
	"spriteSourceSize": {"x":2,"y":0,"w":20,"h":20},
	"sourceSize": {"w":22,"h":21},
	"pivot": {"x":0.5,"y":0.5}
},
"particle_firework_fountain_003.png":
{
	"frame": {"x":300,"y":168,"w":30,"h":8},
	"rotated": false,
	"trimmed": true,
	"spriteSourceSize": {"x":0,"y":0,"w":30,"h":8},
	"sourceSize": {"w":29,"h":8},
	"pivot": {"x":0.5,"y":0.5}
},
"particle_firework_large_001.png":
{
	"frame": {"x":188,"y":88,"w":142,"h":38},
	"rotated": false,
	"trimmed": true,
	"spriteSourceSize": {"x":0,"y":0,"w":142,"h":38},
	"sourceSize": {"w":142,"h":37},
	"pivot": {"x":0.5,"y":0.5}
},
"particle_firework_large_002.png":
{
	"frame": {"x":178,"y":168,"w":100,"h":38},
	"rotated": false,
	"trimmed": true,
	"spriteSourceSize": {"x":0,"y":0,"w":100,"h":38},
	"sourceSize": {"w":100,"h":37},
	"pivot": {"x":0.5,"y":0.5}
},
"particle_firework_large_003.png":
{
	"frame": {"x":172,"y":208,"w":100,"h":38},
	"rotated": false,
	"trimmed": true,
	"spriteSourceSize": {"x":0,"y":0,"w":100,"h":38},
	"sourceSize": {"w":100,"h":37},
	"pivot": {"x":0.5,"y":0.5}
},
"particle_firework_large_004.png":
{
	"frame": {"x":188,"y":128,"w":142,"h":38},
	"rotated": false,
	"trimmed": true,
	"spriteSourceSize": {"x":0,"y":0,"w":142,"h":38},
	"sourceSize": {"w":142,"h":37},
	"pivot": {"x":0.5,"y":0.5}
},
"particle_firework_large_005.png":
{
	"frame": {"x":2,"y":2,"w":184,"h":74},
	"rotated": false,
	"trimmed": true,
	"spriteSourceSize": {"x":0,"y":0,"w":184,"h":74},
	"sourceSize": {"w":183,"h":73},
	"pivot": {"x":0.5,"y":0.5}
},
"particle_firework_large_007.png":
{
	"frame": {"x":188,"y":2,"w":184,"h":74},
	"rotated": false,
	"trimmed": true,
	"spriteSourceSize": {"x":0,"y":0,"w":184,"h":74},
	"sourceSize": {"w":183,"h":73},
	"pivot": {"x":0.5,"y":0.5}
},
"particle_firework_large_008.png":
{
	"frame": {"x":2,"y":78,"w":184,"h":74},
	"rotated": false,
	"trimmed": true,
	"spriteSourceSize": {"x":0,"y":0,"w":184,"h":74},
	"sourceSize": {"w":183,"h":73},
	"pivot": {"x":0.5,"y":0.5}
},
"particle_firework_small_001.png":
{
	"frame": {"x":342,"y":78,"w":30,"h":8},
	"rotated": false,
	"trimmed": true,
	"spriteSourceSize": {"x":0,"y":0,"w":30,"h":8},
	"sourceSize": {"w":29,"h":8},
	"pivot": {"x":0.5,"y":0.5}
},
"particle_firework_small_002.png":
{
	"frame": {"x":144,"y":296,"w":20,"h":8},
	"rotated": false,
	"trimmed": false,
	"spriteSourceSize": {"x":0,"y":0,"w":20,"h":8},
	"sourceSize": {"w":20,"h":8},
	"pivot": {"x":0.5,"y":0.5}
},
"particle_firework_small_003.png":
{
	"frame": {"x":138,"y":352,"w":30,"h":8},
	"rotated": false,
	"trimmed": true,
	"spriteSourceSize": {"x":0,"y":0,"w":30,"h":8},
	"sourceSize": {"w":29,"h":8},
	"pivot": {"x":0.5,"y":0.5}
},
"particle_firework_small_004.png":
{
	"frame": {"x":144,"y":306,"w":20,"h":8},
	"rotated": false,
	"trimmed": false,
	"spriteSourceSize": {"x":0,"y":0,"w":20,"h":8},
	"sourceSize": {"w":20,"h":8},
	"pivot": {"x":0.5,"y":0.5}
},
"particle_firework_small_005.png":
{
	"frame": {"x":138,"y":362,"w":30,"h":8},
	"rotated": false,
	"trimmed": true,
	"spriteSourceSize": {"x":0,"y":0,"w":30,"h":8},
	"sourceSize": {"w":29,"h":8},
	"pivot": {"x":0.5,"y":0.5}
},
"particle_firework_small_006.png":
{
	"frame": {"x":144,"y":316,"w":20,"h":8},
	"rotated": false,
	"trimmed": false,
	"spriteSourceSize": {"x":0,"y":0,"w":20,"h":8},
	"sourceSize": {"w":20,"h":8},
	"pivot": {"x":0.5,"y":0.5}
},
"particle_hit_heatblast.png":
{
	"frame": {"x":80,"y":408,"w":42,"h":32},
	"rotated": false,
	"trimmed": false,
	"spriteSourceSize": {"x":0,"y":0,"w":42,"h":32},
	"sourceSize": {"w":42,"h":32},
	"pivot": {"x":0.5,"y":0.5}
},
"particle_hit_overflow_001.png":
{
	"frame": {"x":280,"y":168,"w":18,"h":10},
	"rotated": false,
	"trimmed": true,
	"spriteSourceSize": {"x":0,"y":0,"w":18,"h":10},
	"sourceSize": {"w":18,"h":9},
	"pivot": {"x":0.5,"y":0.5}
},
"particle_hit_overflow_002.png":
{
	"frame": {"x":498,"y":12,"w":10,"h":10},
	"rotated": false,
	"trimmed": true,
	"spriteSourceSize": {"x":0,"y":0,"w":10,"h":10},
	"sourceSize": {"w":10,"h":9},
	"pivot": {"x":0.5,"y":0.5}
},
"particle_pickup_key_blue.png":
{
	"frame": {"x":458,"y":190,"w":20,"h":20},
	"rotated": false,
	"trimmed": false,
	"spriteSourceSize": {"x":0,"y":0,"w":20,"h":20},
	"sourceSize": {"w":20,"h":20},
	"pivot": {"x":0.5,"y":0.5}
},
"particle_pickup_key_green.png":
{
	"frame": {"x":146,"y":252,"w":20,"h":20},
	"rotated": false,
	"trimmed": false,
	"spriteSourceSize": {"x":0,"y":0,"w":20,"h":20},
	"sourceSize": {"w":20,"h":20},
	"pivot": {"x":0.5,"y":0.5}
},
"particle_pickup_key_red.png":
{
	"frame": {"x":146,"y":274,"w":20,"h":20},
	"rotated": false,
	"trimmed": false,
	"spriteSourceSize": {"x":0,"y":0,"w":20,"h":20},
	"sourceSize": {"w":20,"h":20},
	"pivot": {"x":0.5,"y":0.5}
},
"particle_pickup_key_sumocard.png":
{
	"frame": {"x":112,"y":190,"w":58,"h":60},
	"rotated": false,
	"trimmed": true,
	"spriteSourceSize": {"x":0,"y":0,"w":58,"h":60},
	"sourceSize": {"w":57,"h":60},
	"pivot": {"x":0.5,"y":0.5}
},
"particle_pickup_time.png":
{
	"frame": {"x":2,"y":258,"w":22,"h":22},
	"rotated": false,
	"trimmed": true,
	"spriteSourceSize": {"x":0,"y":0,"w":22,"h":22},
	"sourceSize": {"w":21,"h":21},
	"pivot": {"x":0.5,"y":0.5}
},
"particle_projectile_heatblast.png":
{
	"frame": {"x":112,"y":154,"w":64,"h":34},
	"rotated": false,
	"trimmed": true,
	"spriteSourceSize": {"x":0,"y":16,"w":64,"h":34},
	"sourceSize": {"w":64,"h":64},
	"pivot": {"x":0.5,"y":0.5}
},
"particle_projectile_overflow_001.png":
{
	"frame": {"x":264,"y":248,"w":14,"h":6},
	"rotated": false,
	"trimmed": true,
	"spriteSourceSize": {"x":0,"y":0,"w":14,"h":6},
	"sourceSize": {"w":13,"h":6},
	"pivot": {"x":0.5,"y":0.5}
},
"particle_projectile_overflow_002.png":
{
	"frame": {"x":498,"y":2,"w":12,"h":8},
	"rotated": false,
	"trimmed": false,
	"spriteSourceSize": {"x":0,"y":0,"w":12,"h":8},
	"sourceSize": {"w":12,"h":8},
	"pivot": {"x":0.5,"y":0.5}
},
"particle_projectile_overflow_003.png":
{
	"frame": {"x":280,"y":168,"w":18,"h":10},
	"rotated": false,
	"trimmed": true,
	"spriteSourceSize": {"x":0,"y":0,"w":18,"h":10},
	"sourceSize": {"w":18,"h":9},
	"pivot": {"x":0.5,"y":0.5}
},
"particle_smash_001.png":
{
	"frame": {"x":104,"y":442,"w":34,"h":64},
	"rotated": false,
	"trimmed": false,
	"spriteSourceSize": {"x":0,"y":0,"w":34,"h":64},
	"sourceSize": {"w":34,"h":64},
	"pivot": {"x":0.5,"y":0.5}
},
"particle_smash_002.png":
{
	"frame": {"x":264,"y":316,"w":34,"h":50},
	"rotated": false,
	"trimmed": true,
	"spriteSourceSize": {"x":0,"y":0,"w":34,"h":50},
	"sourceSize": {"w":33,"h":50},
	"pivot": {"x":0.5,"y":0.5}
},
"particle_smash_003.png":
{
	"frame": {"x":216,"y":434,"w":36,"h":52},
	"rotated": false,
	"trimmed": false,
	"spriteSourceSize": {"x":0,"y":0,"w":36,"h":52},
	"sourceSize": {"w":36,"h":52},
	"pivot": {"x":0.5,"y":0.5}
},
"particle_smash_004.png":
{
	"frame": {"x":268,"y":368,"w":38,"h":46},
	"rotated": false,
	"trimmed": true,
	"spriteSourceSize": {"x":0,"y":0,"w":38,"h":46},
	"sourceSize": {"w":37,"h":45},
	"pivot": {"x":0.5,"y":0.5}
},
"particle_smash_005.png":
{
	"frame": {"x":90,"y":352,"w":46,"h":54},
	"rotated": false,
	"trimmed": true,
	"spriteSourceSize": {"x":0,"y":0,"w":46,"h":54},
	"sourceSize": {"w":45,"h":54},
	"pivot": {"x":0.5,"y":0.5}
},
"particle_smash_006.png":
{
	"frame": {"x":32,"y":390,"w":46,"h":50},
	"rotated": false,
	"trimmed": true,
	"spriteSourceSize": {"x":0,"y":0,"w":46,"h":50},
	"sourceSize": {"w":46,"h":49},
	"pivot": {"x":0.5,"y":0.5}
},
"particle_smash_007.png":
{
	"frame": {"x":372,"y":114,"w":108,"h":74},
	"rotated": false,
	"trimmed": true,
	"spriteSourceSize": {"x":0,"y":0,"w":108,"h":74},
	"sourceSize": {"w":107,"h":74},
	"pivot": {"x":0.5,"y":0.5}
},
"particle_smash_008.png":
{
	"frame": {"x":482,"y":114,"w":28,"h":126},
	"rotated": false,
	"trimmed": true,
	"spriteSourceSize": {"x":0,"y":0,"w":28,"h":126},
	"sourceSize": {"w":27,"h":125},
	"pivot": {"x":0.5,"y":0.5}
},
"particle_smash_009.png":
{
	"frame": {"x":48,"y":284,"w":42,"h":60},
	"rotated": false,
	"trimmed": true,
	"spriteSourceSize": {"x":0,"y":0,"w":42,"h":60},
	"sourceSize": {"w":42,"h":59},
	"pivot": {"x":0.5,"y":0.5}
},
"particle_smash_010.png":
{
	"frame": {"x":280,"y":184,"w":90,"h":130},
	"rotated": false,
	"trimmed": true,
	"spriteSourceSize": {"x":0,"y":0,"w":90,"h":130},
	"sourceSize": {"w":89,"h":130},
	"pivot": {"x":0.5,"y":0.5}
},
"particle_smash_011.png":
{
	"frame": {"x":220,"y":380,"w":46,"h":50},
	"rotated": false,
	"trimmed": true,
	"spriteSourceSize": {"x":0,"y":0,"w":46,"h":50},
	"sourceSize": {"w":46,"h":49},
	"pivot": {"x":0.5,"y":0.5}
},
"particle_smash_012.png":
{
	"frame": {"x":2,"y":154,"w":108,"h":74},
	"rotated": false,
	"trimmed": true,
	"spriteSourceSize": {"x":0,"y":0,"w":108,"h":74},
	"sourceSize": {"w":107,"h":74},
	"pivot": {"x":0.5,"y":0.5}
},
"particle_smash_013.png":
{
	"frame": {"x":2,"y":380,"w":28,"h":126},
	"rotated": false,
	"trimmed": true,
	"spriteSourceSize": {"x":0,"y":0,"w":28,"h":126},
	"sourceSize": {"w":27,"h":125},
	"pivot": {"x":0.5,"y":0.5}
},
"particle_smash_014.png":
{
	"frame": {"x":138,"y":380,"w":42,"h":60},
	"rotated": false,
	"trimmed": true,
	"spriteSourceSize": {"x":0,"y":0,"w":42,"h":60},
	"sourceSize": {"w":42,"h":59},
	"pivot": {"x":0.5,"y":0.5}
},
"particle_smash_015.png":
{
	"frame": {"x":172,"y":248,"w":90,"h":130},
	"rotated": false,
	"trimmed": true,
	"spriteSourceSize": {"x":0,"y":0,"w":90,"h":130},
	"sourceSize": {"w":89,"h":130},
	"pivot": {"x":0.5,"y":0.5}
},
"particle_smoke_001.png":
{
	"frame": {"x":92,"y":252,"w":52,"h":42},
	"rotated": false,
	"trimmed": false,
	"spriteSourceSize": {"x":0,"y":0,"w":52,"h":42},
	"sourceSize": {"w":52,"h":42},
	"pivot": {"x":0.5,"y":0.5}
},
"particle_smoke_002.png":
{
	"frame": {"x":92,"y":296,"w":50,"h":54},
	"rotated": false,
	"trimmed": true,
	"spriteSourceSize": {"x":0,"y":0,"w":50,"h":54},
	"sourceSize": {"w":50,"h":53},
	"pivot": {"x":0.5,"y":0.5}
},
"particle_smoke_003.png":
{
	"frame": {"x":38,"y":346,"w":50,"h":42},
	"rotated": false,
	"trimmed": true,
	"spriteSourceSize": {"x":0,"y":0,"w":50,"h":42},
	"sourceSize": {"w":50,"h":41},
	"pivot": {"x":0.5,"y":0.5}
},
"particle_smoke_004.png":
{
	"frame": {"x":32,"y":230,"w":58,"h":52},
	"rotated": false,
	"trimmed": true,
	"spriteSourceSize": {"x":0,"y":0,"w":58,"h":52},
	"sourceSize": {"w":57,"h":52},
	"pivot": {"x":0.5,"y":0.5}
},
"particle_teleport_001.png":
{
	"frame": {"x":2,"y":282,"w":22,"h":22},
	"rotated": false,
	"trimmed": true,
	"spriteSourceSize": {"x":0,"y":0,"w":22,"h":22},
	"sourceSize": {"w":22,"h":21},
	"pivot": {"x":0.5,"y":0.5}
},
"particle_teleport_002.png":
{
	"frame": {"x":188,"y":78,"w":152,"h":8},
	"rotated": false,
	"trimmed": true,
	"spriteSourceSize": {"x":0,"y":0,"w":152,"h":8},
	"sourceSize": {"w":151,"h":8},
	"pivot": {"x":0.5,"y":0.5}
},
"particle_teleport_003.png":
{
	"frame": {"x":372,"y":190,"w":84,"h":8},
	"rotated": false,
	"trimmed": true,
	"spriteSourceSize": {"x":34,"y":0,"w":84,"h":8},
	"sourceSize": {"w":151,"h":8},
	"pivot": {"x":0.5,"y":0.5}
}},
"meta": {
	"app": "http://www.codeandweb.com/texturepacker",
	"version": "1.0",
	"image": "particles_0.png",
	"format": "RGBA8888",
	"size": {"w":512,"h":512},
	"scale": "0.5",
	"smartupdate": "$TexturePacker:SmartUpdate:8c002ca830fdbd25508cb4872a2e3877:fef2cc6db89cf679cf0e2fff18aa4c77:8555ceeae92a4761ce0f9ea90aa16457$"
}
}
