{"configName":"temporary","maxParticles":10,"particleLifespan":1,"particleLifespanVariance":0,"sourcePositionVariancex":68.02498958767183,"sourcePositionVariancey":88.49645980841319,"gravityx":-95.5,"gravityy":512,"emitterType":0,"startParticleSize":27,"startParticleSizeVariance":0,"finishParticleSize":10,"finishParticleSizeVariance":0,"angle":233,"angleVariance":189.5,"rotationStart":360,"rotationStartVariance":0,"rotationEnd":153.5,"rotationEndVariance":0,"speed":166.60000000000002,"speedVariance":0,"radialAcceleration":0,"radialAccelVariance":0,"tangentialAcceleration":0,"tangentialAccelVariance":0,"maxRadius":100,"maxRadiusVariance":0,"minRadius":30,"rotatePerSecond":0,"rotatePerSecondVariance":0,"startColorAlpha":1,"startColorVarianceAlpha":0,"finishColorAlpha":0.25,"finishColorVarianceAlpha":0,"frameIds":["leaf1","leaf2"]}