{"configName":"temporary","maxParticles":40,"particleLifespan":0.9,"particleLifespanVariance":0,"sourcePositionVariancex":-6.89261124242114,"sourcePositionVariancey":20,"gravityx":0,"gravityy":512,"emitterType":0,"startParticleSize":39.5,"startParticleSizeVariance":0,"finishParticleSize":20,"finishParticleSizeVariance":30,"angle":90,"angleVariance":57,"rotationStart":0,"rotationStartVariance":66.5,"rotationEnd":0,"rotationEndVariance":147,"speed":394.6,"speedVariance":0,"radialAcceleration":0,"radialAccelVariance":0,"tangentialAcceleration":0,"tangentialAccelVariance":0,"maxRadius":100,"maxRadiusVariance":0,"minRadius":30,"rotatePerSecond":0,"rotatePerSecondVariance":0,"startColorAlpha":1,"startColorVarianceAlpha":0,"finishColorAlpha":0,"finishColorVarianceAlpha":0,"frameIds":["part_star1","part_star2","part_star3"]}