{"configName":"temporary","maxParticles":40.441783989312505,"particleLifespan":0.55,"particleLifespanVariance":0,"sourcePositionVariancex":-13.627376425855516,"sourcePositionVariancey":20,"gravityx":0,"gravityy":-236,"emitterType":0,"startParticleSize":2,"startParticleSizeVariance":5,"finishParticleSize":6.6000000000000005,"finishParticleSizeVariance":0,"angle":90,"angleVariance":26,"rotationStart":0,"rotationStartVariance":0,"rotationEnd":0,"rotationEndVariance":0,"speed":348.6,"speedVariance":0,"radialAcceleration":0,"radialAccelVariance":0,"tangentialAcceleration":0,"tangentialAccelVariance":0,"maxRadius":100,"maxRadiusVariance":0,"minRadius":30,"rotatePerSecond":0,"rotatePerSecondVariance":0,"startColorAlpha":1,"startColorVarianceAlpha":0,"finishColorAlpha":0,"finishColorVarianceAlpha":0,"frameIds":["lines","line2"]}