{"frames": {

"megahurtz_arm0001.png":
{
	"frame": {"x":637,"y":651,"w":217,"h":520},
	"rotated": false,
	"trimmed": true,
	"spriteSourceSize": {"x":189,"y":134,"w":217,"h":520},
	"sourceSize": {"w":465,"h":654}
},
"megahurtz_arm0002.png":
{
	"frame": {"x":3266,"y":456,"w":241,"h":510},
	"rotated": false,
	"trimmed": true,
	"spriteSourceSize": {"x":168,"y":126,"w":241,"h":510},
	"sourceSize": {"w":465,"h":654}
},
"megahurtz_arm0003.png":
{
	"frame": {"x":1190,"y":425,"w":264,"h":500},
	"rotated": false,
	"trimmed": true,
	"spriteSourceSize": {"x":147,"y":117,"w":264,"h":500},
	"sourceSize": {"w":465,"h":654}
},
"megahurtz_arm0004.png":
{
	"frame": {"x":2420,"y":441,"w":288,"h":489},
	"rotated": false,
	"trimmed": true,
	"spriteSourceSize": {"x":125,"y":108,"w":288,"h":489},
	"sourceSize": {"w":465,"h":654}
},
"megahurtz_arm0005.png":
{
	"frame": {"x":1790,"y":407,"w":313,"h":478},
	"rotated": false,
	"trimmed": true,
	"spriteSourceSize": {"x":102,"y":99,"w":313,"h":478},
	"sourceSize": {"w":465,"h":654}
},
"megahurtz_arm0006.png":
{
	"frame": {"x":856,"y":425,"w":332,"h":465},
	"rotated": false,
	"trimmed": true,
	"spriteSourceSize": {"x":87,"y":93,"w":332,"h":465},
	"sourceSize": {"w":465,"h":654}
},
"megahurtz_arm0007.png":
{
	"frame": {"x":3005,"y":2,"w":351,"h":452},
	"rotated": false,
	"trimmed": true,
	"spriteSourceSize": {"x":72,"y":87,"w":351,"h":452},
	"sourceSize": {"w":465,"h":654}
},
"megahurtz_arm0008.png":
{
	"frame": {"x":2263,"y":2,"w":369,"h":437},
	"rotated": false,
	"trimmed": true,
	"spriteSourceSize": {"x":57,"y":82,"w":369,"h":437},
	"sourceSize": {"w":465,"h":654}
},
"megahurtz_arm0009.png":
{
	"frame": {"x":677,"y":2,"w":386,"h":421},
	"rotated": false,
	"trimmed": true,
	"spriteSourceSize": {"x":43,"y":78,"w":386,"h":421},
	"sourceSize": {"w":465,"h":654}
},
"megahurtz_arm0010.png":
{
	"frame": {"x":1453,"y":2,"w":403,"h":403},
	"rotated": false,
	"trimmed": true,
	"spriteSourceSize": {"x":29,"y":76,"w":403,"h":403},
	"sourceSize": {"w":465,"h":654}
},
"megahurtz_arm_hit0001.png":
{
	"frame": {"x":3752,"y":460,"w":217,"h":520},
	"rotated": false,
	"trimmed": true,
	"spriteSourceSize": {"x":189,"y":134,"w":217,"h":520},
	"sourceSize": {"w":465,"h":654}
},
"megahurtz_arm_hit0002.png":
{
	"frame": {"x":3509,"y":460,"w":241,"h":510},
	"rotated": false,
	"trimmed": true,
	"spriteSourceSize": {"x":168,"y":126,"w":241,"h":510},
	"sourceSize": {"w":465,"h":654}
},
"megahurtz_arm_hit0003.png":
{
	"frame": {"x":3000,"y":456,"w":264,"h":500},
	"rotated": false,
	"trimmed": true,
	"spriteSourceSize": {"x":147,"y":117,"w":264,"h":500},
	"sourceSize": {"w":465,"h":654}
},
"megahurtz_arm_hit0004.png":
{
	"frame": {"x":2710,"y":441,"w":288,"h":489},
	"rotated": false,
	"trimmed": true,
	"spriteSourceSize": {"x":125,"y":108,"w":288,"h":489},
	"sourceSize": {"w":465,"h":654}
},
"megahurtz_arm_hit0005.png":
{
	"frame": {"x":2105,"y":441,"w":313,"h":478},
	"rotated": false,
	"trimmed": true,
	"spriteSourceSize": {"x":102,"y":99,"w":313,"h":478},
	"sourceSize": {"w":465,"h":654}
},
"megahurtz_arm_hit0006.png":
{
	"frame": {"x":1456,"y":407,"w":332,"h":465},
	"rotated": false,
	"trimmed": true,
	"spriteSourceSize": {"x":87,"y":93,"w":332,"h":465},
	"sourceSize": {"w":465,"h":654}
},
"megahurtz_arm_hit0007.png":
{
	"frame": {"x":3358,"y":2,"w":351,"h":452},
	"rotated": false,
	"trimmed": true,
	"spriteSourceSize": {"x":72,"y":87,"w":351,"h":452},
	"sourceSize": {"w":465,"h":654}
},
"megahurtz_arm_hit0008.png":
{
	"frame": {"x":2634,"y":2,"w":369,"h":437},
	"rotated": false,
	"trimmed": true,
	"spriteSourceSize": {"x":57,"y":82,"w":369,"h":437},
	"sourceSize": {"w":465,"h":654}
},
"megahurtz_arm_hit0009.png":
{
	"frame": {"x":1065,"y":2,"w":386,"h":421},
	"rotated": false,
	"trimmed": true,
	"spriteSourceSize": {"x":43,"y":78,"w":386,"h":421},
	"sourceSize": {"w":465,"h":654}
},
"megahurtz_arm_hit0010.png":
{
	"frame": {"x":1858,"y":2,"w":403,"h":403},
	"rotated": false,
	"trimmed": true,
	"spriteSourceSize": {"x":29,"y":76,"w":403,"h":403},
	"sourceSize": {"w":465,"h":654}
},
"megahurtz_boss_attack.png":
{
	"frame": {"x":677,"y":425,"w":170,"h":168},
	"rotated": false,
	"trimmed": false,
	"spriteSourceSize": {"x":0,"y":0,"w":170,"h":168},
	"sourceSize": {"w":170,"h":168}
},
"megahurtz_boss_head.png":
{
	"frame": {"x":1136,"y":927,"w":198,"h":233},
	"rotated": false,
	"trimmed": false,
	"spriteSourceSize": {"x":0,"y":0,"w":198,"h":233},
	"sourceSize": {"w":198,"h":233}
},
"megahurtz_boss_particle.png":
{
	"frame": {"x":677,"y":595,"w":48,"h":48},
	"rotated": false,
	"trimmed": false,
	"spriteSourceSize": {"x":0,"y":0,"w":48,"h":48},
	"sourceSize": {"w":48,"h":48}
},
"megahurtz_boss_pixels1_hit.png":
{
	"frame": {"x":2,"y":651,"w":633,"h":656},
	"rotated": false,
	"trimmed": true,
	"spriteSourceSize": {"x":69,"y":7,"w":633,"h":656},
	"sourceSize": {"w":771,"h":708}
},
"megahurtz_boss_pixels2_hit.png":
{
	"frame": {"x":2,"y":2,"w":673,"h":647},
	"rotated": false,
	"trimmed": true,
	"spriteSourceSize": {"x":53,"y":23,"w":673,"h":647},
	"sourceSize": {"w":771,"h":708}
},
"megahurtz_boss_shoulder.png":
{
	"frame": {"x":1336,"y":1141,"w":193,"h":180},
	"rotated": false,
	"trimmed": false,
	"spriteSourceSize": {"x":0,"y":0,"w":193,"h":180},
	"sourceSize": {"w":193,"h":180}
},
"megahurtz_boss_shoulder_inverted.png":
{
	"frame": {"x":2947,"y":1145,"w":193,"h":180},
	"rotated": false,
	"trimmed": false,
	"spriteSourceSize": {"x":0,"y":0,"w":193,"h":180},
	"sourceSize": {"w":193,"h":180}
},
"megahurtz_boss_torso.png":
{
	"frame": {"x":856,"y":892,"w":278,"h":295},
	"rotated": false,
	"trimmed": false,
	"spriteSourceSize": {"x":0,"y":0,"w":278,"h":295},
	"sourceSize": {"w":278,"h":295}
},
"megahurtz_boss_torso_inverted.png":
{
	"frame": {"x":3711,"y":2,"w":305,"h":456},
	"rotated": false,
	"trimmed": false,
	"spriteSourceSize": {"x":0,"y":0,"w":305,"h":456},
	"sourceSize": {"w":305,"h":456}
},
"megahurtz_head0001.png":
{
	"frame": {"x":1961,"y":1123,"w":193,"h":178},
	"rotated": false,
	"trimmed": true,
	"spriteSourceSize": {"x":0,"y":0,"w":193,"h":178},
	"sourceSize": {"w":193,"h":212}
},
"megahurtz_head0002.png":
{
	"frame": {"x":3142,"y":1153,"w":193,"h":182},
	"rotated": false,
	"trimmed": true,
	"spriteSourceSize": {"x":0,"y":0,"w":193,"h":182},
	"sourceSize": {"w":193,"h":212}
},
"megahurtz_head0003.png":
{
	"frame": {"x":3337,"y":1157,"w":193,"h":186},
	"rotated": false,
	"trimmed": true,
	"spriteSourceSize": {"x":0,"y":0,"w":193,"h":186},
	"sourceSize": {"w":193,"h":212}
},
"megahurtz_head0004.png":
{
	"frame": {"x":2752,"y":1124,"w":193,"h":190},
	"rotated": false,
	"trimmed": true,
	"spriteSourceSize": {"x":0,"y":0,"w":193,"h":190},
	"sourceSize": {"w":193,"h":212}
},
"megahurtz_head0005.png":
{
	"frame": {"x":2362,"y":1124,"w":193,"h":194},
	"rotated": false,
	"trimmed": true,
	"spriteSourceSize": {"x":0,"y":0,"w":193,"h":194},
	"sourceSize": {"w":193,"h":212}
},
"megahurtz_head0006.png":
{
	"frame": {"x":2557,"y":1124,"w":193,"h":198},
	"rotated": false,
	"trimmed": true,
	"spriteSourceSize": {"x":0,"y":0,"w":193,"h":198},
	"sourceSize": {"w":193,"h":212}
},
"megahurtz_head0007.png":
{
	"frame": {"x":2082,"y":1320,"w":193,"h":202},
	"rotated": false,
	"trimmed": true,
	"spriteSourceSize": {"x":0,"y":0,"w":193,"h":202},
	"sourceSize": {"w":193,"h":212}
},
"megahurtz_head0008.png":
{
	"frame": {"x":1071,"y":1189,"w":193,"h":206},
	"rotated": false,
	"trimmed": true,
	"spriteSourceSize": {"x":0,"y":0,"w":193,"h":206},
	"sourceSize": {"w":193,"h":212}
},
"megahurtz_head0009.png":
{
	"frame": {"x":1887,"y":1304,"w":193,"h":210},
	"rotated": false,
	"trimmed": true,
	"spriteSourceSize": {"x":0,"y":0,"w":193,"h":210},
	"sourceSize": {"w":193,"h":212}
},
"megahurtz_head0010.png":
{
	"frame": {"x":1336,"y":927,"w":193,"h":212},
	"rotated": false,
	"trimmed": false,
	"spriteSourceSize": {"x":0,"y":0,"w":193,"h":212},
	"sourceSize": {"w":193,"h":212}
},
"megahurtz_head_hit0001.png":
{
	"frame": {"x":3252,"y":1345,"w":193,"h":178},
	"rotated": false,
	"trimmed": true,
	"spriteSourceSize": {"x":0,"y":0,"w":193,"h":178},
	"sourceSize": {"w":193,"h":212}
},
"megahurtz_head_hit0002.png":
{
	"frame": {"x":3057,"y":1337,"w":193,"h":182},
	"rotated": false,
	"trimmed": true,
	"spriteSourceSize": {"x":0,"y":0,"w":193,"h":182},
	"sourceSize": {"w":193,"h":212}
},
"megahurtz_head_hit0003.png":
{
	"frame": {"x":3532,"y":1157,"w":193,"h":186},
	"rotated": false,
	"trimmed": true,
	"spriteSourceSize": {"x":0,"y":0,"w":193,"h":186},
	"sourceSize": {"w":193,"h":212}
},
"megahurtz_head_hit0004.png":
{
	"frame": {"x":2862,"y":1327,"w":193,"h":190},
	"rotated": false,
	"trimmed": true,
	"spriteSourceSize": {"x":0,"y":0,"w":193,"h":190},
	"sourceSize": {"w":193,"h":212}
},
"megahurtz_head_hit0005.png":
{
	"frame": {"x":2667,"y":1324,"w":193,"h":194},
	"rotated": false,
	"trimmed": true,
	"spriteSourceSize": {"x":0,"y":0,"w":193,"h":194},
	"sourceSize": {"w":193,"h":212}
},
"megahurtz_head_hit0006.png":
{
	"frame": {"x":2472,"y":1324,"w":193,"h":198},
	"rotated": false,
	"trimmed": true,
	"spriteSourceSize": {"x":0,"y":0,"w":193,"h":198},
	"sourceSize": {"w":193,"h":212}
},
"megahurtz_head_hit0007.png":
{
	"frame": {"x":2277,"y":1320,"w":193,"h":202},
	"rotated": false,
	"trimmed": true,
	"spriteSourceSize": {"x":0,"y":0,"w":193,"h":202},
	"sourceSize": {"w":193,"h":212}
},
"megahurtz_head_hit0008.png":
{
	"frame": {"x":1266,"y":1323,"w":193,"h":206},
	"rotated": false,
	"trimmed": true,
	"spriteSourceSize": {"x":0,"y":0,"w":193,"h":206},
	"sourceSize": {"w":193,"h":212}
},
"megahurtz_head_hit0009.png":
{
	"frame": {"x":3727,"y":1196,"w":193,"h":210},
	"rotated": false,
	"trimmed": true,
	"spriteSourceSize": {"x":0,"y":0,"w":193,"h":210},
	"sourceSize": {"w":193,"h":212}
},
"megahurtz_head_hit0010.png":
{
	"frame": {"x":3727,"y":982,"w":193,"h":212},
	"rotated": false,
	"trimmed": false,
	"spriteSourceSize": {"x":0,"y":0,"w":193,"h":212},
	"sourceSize": {"w":193,"h":212}
},
"megahurtz_shoulder0001.png":
{
	"frame": {"x":3194,"y":968,"w":196,"h":183},
	"rotated": false,
	"trimmed": true,
	"spriteSourceSize": {"x":80,"y":120,"w":196,"h":183},
	"sourceSize": {"w":313,"h":309}
},
"megahurtz_shoulder0002.png":
{
	"frame": {"x":2790,"y":932,"w":200,"h":185},
	"rotated": false,
	"trimmed": true,
	"spriteSourceSize": {"x":79,"y":112,"w":200,"h":185},
	"sourceSize": {"w":313,"h":309}
},
"megahurtz_shoulder0003.png":
{
	"frame": {"x":2380,"y":932,"w":203,"h":190},
	"rotated": false,
	"trimmed": true,
	"spriteSourceSize": {"x":80,"y":103,"w":203,"h":190},
	"sourceSize": {"w":313,"h":309}
},
"megahurtz_shoulder0004.png":
{
	"frame": {"x":650,"y":1173,"w":204,"h":195},
	"rotated": false,
	"trimmed": true,
	"spriteSourceSize": {"x":81,"y":94,"w":204,"h":195},
	"sourceSize": {"w":313,"h":309}
},
"megahurtz_shoulder0005.png":
{
	"frame": {"x":1962,"y":921,"w":207,"h":200},
	"rotated": false,
	"trimmed": true,
	"spriteSourceSize": {"x":79,"y":84,"w":207,"h":200},
	"sourceSize": {"w":313,"h":309}
},
"megahurtz_shoulder0006.png":
{
	"frame": {"x":1461,"y":1323,"w":211,"h":204},
	"rotated": false,
	"trimmed": true,
	"spriteSourceSize": {"x":74,"y":77,"w":211,"h":204},
	"sourceSize": {"w":313,"h":309}
},
"megahurtz_shoulder0007.png":
{
	"frame": {"x":434,"y":1309,"w":214,"h":207},
	"rotated": false,
	"trimmed": true,
	"spriteSourceSize": {"x":70,"y":69,"w":214,"h":207},
	"sourceSize": {"w":313,"h":309}
},
"megahurtz_shoulder0008.png":
{
	"frame": {"x":2,"y":1309,"w":214,"h":208},
	"rotated": false,
	"trimmed": true,
	"spriteSourceSize": {"x":67,"y":62,"w":214,"h":208},
	"sourceSize": {"w":313,"h":309}
},
"megahurtz_shoulder0009.png":
{
	"frame": {"x":1747,"y":887,"w":213,"h":207},
	"rotated": false,
	"trimmed": true,
	"spriteSourceSize": {"x":65,"y":56,"w":213,"h":207},
	"sourceSize": {"w":313,"h":309}
},
"megahurtz_shoulder0010.png":
{
	"frame": {"x":856,"y":1189,"w":213,"h":206},
	"rotated": false,
	"trimmed": true,
	"spriteSourceSize": {"x":60,"y":51,"w":213,"h":206},
	"sourceSize": {"w":313,"h":309}
},
"megahurtz_shoulder_hit0001.png":
{
	"frame": {"x":3392,"y":972,"w":196,"h":183},
	"rotated": false,
	"trimmed": true,
	"spriteSourceSize": {"x":80,"y":120,"w":196,"h":183},
	"sourceSize": {"w":313,"h":309}
},
"megahurtz_shoulder_hit0002.png":
{
	"frame": {"x":2992,"y":958,"w":200,"h":185},
	"rotated": false,
	"trimmed": true,
	"spriteSourceSize": {"x":79,"y":112,"w":200,"h":185},
	"sourceSize": {"w":313,"h":309}
},
"megahurtz_shoulder_hit0003.png":
{
	"frame": {"x":2585,"y":932,"w":203,"h":190},
	"rotated": false,
	"trimmed": true,
	"spriteSourceSize": {"x":80,"y":103,"w":203,"h":190},
	"sourceSize": {"w":313,"h":309}
},
"megahurtz_shoulder_hit0004.png":
{
	"frame": {"x":2156,"y":1123,"w":204,"h":195},
	"rotated": false,
	"trimmed": true,
	"spriteSourceSize": {"x":81,"y":94,"w":204,"h":195},
	"sourceSize": {"w":313,"h":309}
},
"megahurtz_shoulder_hit0005.png":
{
	"frame": {"x":2171,"y":921,"w":207,"h":200},
	"rotated": false,
	"trimmed": true,
	"spriteSourceSize": {"x":79,"y":84,"w":207,"h":200},
	"sourceSize": {"w":313,"h":309}
},
"megahurtz_shoulder_hit0006.png":
{
	"frame": {"x":1674,"y":1304,"w":211,"h":204},
	"rotated": false,
	"trimmed": true,
	"spriteSourceSize": {"x":74,"y":77,"w":211,"h":204},
	"sourceSize": {"w":313,"h":309}
},
"megahurtz_shoulder_hit0007.png":
{
	"frame": {"x":1531,"y":874,"w":214,"h":207},
	"rotated": false,
	"trimmed": true,
	"spriteSourceSize": {"x":70,"y":69,"w":214,"h":207},
	"sourceSize": {"w":313,"h":309}
},
"megahurtz_shoulder_hit0008.png":
{
	"frame": {"x":218,"y":1309,"w":214,"h":208},
	"rotated": false,
	"trimmed": true,
	"spriteSourceSize": {"x":67,"y":62,"w":214,"h":208},
	"sourceSize": {"w":313,"h":309}
},
"megahurtz_shoulder_hit0009.png":
{
	"frame": {"x":1531,"y":1083,"w":213,"h":207},
	"rotated": false,
	"trimmed": true,
	"spriteSourceSize": {"x":65,"y":56,"w":213,"h":207},
	"sourceSize": {"w":313,"h":309}
},
"megahurtz_shoulder_hit0010.png":
{
	"frame": {"x":1746,"y":1096,"w":213,"h":206},
	"rotated": false,
	"trimmed": true,
	"spriteSourceSize": {"x":60,"y":51,"w":213,"h":206},
	"sourceSize": {"w":313,"h":309}
},
"rocket.png":
{
	"frame": {"x":650,"y":1370,"w":100,"h":79},
	"rotated": false,
	"trimmed": false,
	"spriteSourceSize": {"x":0,"y":0,"w":100,"h":79},
	"sourceSize": {"w":100,"h":79}
}},
"meta": {
	"app": "http://www.codeandweb.com/texturepacker",
	"version": "1.0",
	"image": "megahurz.png",
	"format": "RGBA8888",
	"size": {"w":4018,"h":1531},
	"scale": "1",
	"smartupdate": "$TexturePacker:SmartUpdate:2de58232f0c25cad0c1436be1073cf84:12acf57ed86cb49a0b1944cafe459a09:8cfb407a4c1954f61ff2e2a201bf45f8$"
}
}
