{"frames": {

"arrow.png":
{
	"frame": {"x":465,"y":1259,"w":31,"h":40},
	"rotated": false,
	"trimmed": false,
	"spriteSourceSize": {"x":0,"y":0,"w":31,"h":40},
	"sourceSize": {"w":31,"h":40}
},
"arrow_line.png":
{
	"frame": {"x":174,"y":1979,"w":216,"h":64},
	"rotated": false,
	"trimmed": false,
	"spriteSourceSize": {"x":0,"y":0,"w":216,"h":64},
	"sourceSize": {"w":216,"h":64}
},
"arrow_up.png":
{
	"frame": {"x":960,"y":1719,"w":81,"h":41},
	"rotated": false,
	"trimmed": false,
	"spriteSourceSize": {"x":0,"y":0,"w":81,"h":41},
	"sourceSize": {"w":81,"h":41}
},
"back_hexagon.png":
{
	"frame": {"x":878,"y":516,"w":91,"h":105},
	"rotated": false,
	"trimmed": false,
	"spriteSourceSize": {"x":0,"y":0,"w":91,"h":105},
	"sourceSize": {"w":91,"h":105}
},
"back_line.png":
{
	"frame": {"x":174,"y":731,"w":28,"h":569},
	"rotated": false,
	"trimmed": false,
	"spriteSourceSize": {"x":0,"y":0,"w":28,"h":569},
	"sourceSize": {"w":28,"h":569}
},
"border_hurtz_left.png":
{
	"frame": {"x":1,"y":1,"w":171,"h":1022},
	"rotated": false,
	"trimmed": false,
	"spriteSourceSize": {"x":0,"y":0,"w":171,"h":1022},
	"sourceSize": {"w":171,"h":1022}
},
"border_hurtz_right.png":
{
	"frame": {"x":1,"y":1025,"w":171,"h":1022},
	"rotated": false,
	"trimmed": false,
	"spriteSourceSize": {"x":0,"y":0,"w":171,"h":1022},
	"sourceSize": {"w":171,"h":1022}
},
"box.png":
{
	"frame": {"x":950,"y":246,"w":79,"h":73},
	"rotated": false,
	"trimmed": false,
	"spriteSourceSize": {"x":0,"y":0,"w":79,"h":73},
	"sourceSize": {"w":79,"h":73}
},
"button.png":
{
	"frame": {"x":392,"y":1979,"w":66,"h":68},
	"rotated": false,
	"trimmed": false,
	"spriteSourceSize": {"x":0,"y":0,"w":66,"h":68},
	"sourceSize": {"w":66,"h":68}
},
"cable_box.png":
{
	"frame": {"x":656,"y":516,"w":220,"h":105},
	"rotated": false,
	"trimmed": false,
	"spriteSourceSize": {"x":0,"y":0,"w":220,"h":105},
	"sourceSize": {"w":220,"h":105}
},
"cable_hole.png":
{
	"frame": {"x":946,"y":1,"w":60,"h":198},
	"rotated": false,
	"trimmed": false,
	"spriteSourceSize": {"x":0,"y":0,"w":60,"h":198},
	"sourceSize": {"w":60,"h":198}
},
"cable_thick.png":
{
	"frame": {"x":646,"y":231,"w":302,"h":88},
	"rotated": false,
	"trimmed": false,
	"spriteSourceSize": {"x":0,"y":0,"w":302,"h":88},
	"sourceSize": {"w":302,"h":88}
},
"cable_thin.png":
{
	"frame": {"x":839,"y":738,"w":185,"h":111},
	"rotated": false,
	"trimmed": false,
	"spriteSourceSize": {"x":0,"y":0,"w":185,"h":111},
	"sourceSize": {"w":185,"h":111}
},
"cables_hang_1.png":
{
	"frame": {"x":504,"y":1387,"w":201,"h":90},
	"rotated": false,
	"trimmed": false,
	"spriteSourceSize": {"x":0,"y":0,"w":201,"h":90},
	"sourceSize": {"w":201,"h":90}
},
"cables_hang_2.png":
{
	"frame": {"x":707,"y":1408,"w":134,"h":50},
	"rotated": false,
	"trimmed": false,
	"spriteSourceSize": {"x":0,"y":0,"w":134,"h":50},
	"sourceSize": {"w":134,"h":50}
},
"capsule.png":
{
	"frame": {"x":949,"y":1453,"w":64,"h":112},
	"rotated": false,
	"trimmed": false,
	"spriteSourceSize": {"x":0,"y":0,"w":64,"h":112},
	"sourceSize": {"w":64,"h":112}
},
"circle.png":
{
	"frame": {"x":861,"y":1355,"w":29,"h":29},
	"rotated": false,
	"trimmed": false,
	"spriteSourceSize": {"x":0,"y":0,"w":29,"h":29},
	"sourceSize": {"w":29,"h":29}
},
"computer.png":
{
	"frame": {"x":784,"y":920,"w":160,"h":131},
	"rotated": false,
	"trimmed": false,
	"spriteSourceSize": {"x":0,"y":0,"w":160,"h":131},
	"sourceSize": {"w":160,"h":131}
},
"computer2.png":
{
	"frame": {"x":204,"y":731,"w":275,"h":196},
	"rotated": false,
	"trimmed": false,
	"spriteSourceSize": {"x":0,"y":0,"w":275,"h":196},
	"sourceSize": {"w":275,"h":196}
},
"computer_thing.png":
{
	"frame": {"x":370,"y":1312,"w":132,"h":172},
	"rotated": false,
	"trimmed": false,
	"spriteSourceSize": {"x":0,"y":0,"w":132,"h":172},
	"sourceSize": {"w":132,"h":172}
},
"cube_blue.png":
{
	"frame": {"x":460,"y":1990,"w":66,"h":55},
	"rotated": false,
	"trimmed": false,
	"spriteSourceSize": {"x":0,"y":0,"w":66,"h":55},
	"sourceSize": {"w":66,"h":55}
},
"cube_green.png":
{
	"frame": {"x":613,"y":1959,"w":66,"h":55},
	"rotated": false,
	"trimmed": false,
	"spriteSourceSize": {"x":0,"y":0,"w":66,"h":55},
	"sourceSize": {"w":66,"h":55}
},
"cube_pink.png":
{
	"frame": {"x":681,"y":1981,"w":66,"h":55},
	"rotated": false,
	"trimmed": false,
	"spriteSourceSize": {"x":0,"y":0,"w":66,"h":55},
	"sourceSize": {"w":66,"h":55}
},
"cube_red.png":
{
	"frame": {"x":749,"y":1989,"w":66,"h":55},
	"rotated": false,
	"trimmed": false,
	"spriteSourceSize": {"x":0,"y":0,"w":66,"h":55},
	"sourceSize": {"w":66,"h":55}
},
"cube_yellow.png":
{
	"frame": {"x":999,"y":1873,"w":66,"h":55},
	"rotated": false,
	"trimmed": false,
	"spriteSourceSize": {"x":0,"y":0,"w":66,"h":55},
	"sourceSize": {"w":66,"h":55}
},
"door_big.png":
{
	"frame": {"x":204,"y":929,"w":270,"h":190},
	"rotated": false,
	"trimmed": false,
	"spriteSourceSize": {"x":0,"y":0,"w":270,"h":190},
	"sourceSize": {"w":270,"h":190}
},
"door_round.png":
{
	"frame": {"x":174,"y":1688,"w":184,"h":160},
	"rotated": false,
	"trimmed": false,
	"spriteSourceSize": {"x":0,"y":0,"w":184,"h":160},
	"sourceSize": {"w":184,"h":160}
},
"floor_hurtz.png":
{
	"frame": {"x":780,"y":851,"w":200,"h":67},
	"rotated": false,
	"trimmed": false,
	"spriteSourceSize": {"x":0,"y":0,"w":200,"h":67},
	"sourceSize": {"w":200,"h":67}
},
"floor_left_hurtz.png":
{
	"frame": {"x":982,"y":851,"w":80,"h":67},
	"rotated": false,
	"trimmed": false,
	"spriteSourceSize": {"x":0,"y":0,"w":80,"h":67},
	"sourceSize": {"w":80,"h":67}
},
"floor_right_hurtz.png":
{
	"frame": {"x":681,"y":1912,"w":80,"h":67},
	"rotated": false,
	"trimmed": false,
	"spriteSourceSize": {"x":0,"y":0,"w":80,"h":67},
	"sourceSize": {"w":80,"h":67}
},
"hole.png":
{
	"frame": {"x":992,"y":1762,"w":62,"h":109},
	"rotated": false,
	"trimmed": false,
	"spriteSourceSize": {"x":0,"y":0,"w":62,"h":109},
	"sourceSize": {"w":62,"h":109}
},
"hole2.png":
{
	"frame": {"x":1020,"y":1050,"w":48,"h":47},
	"rotated": false,
	"trimmed": false,
	"spriteSourceSize": {"x":0,"y":0,"w":48,"h":47},
	"sourceSize": {"w":48,"h":47}
},
"hologram.png":
{
	"frame": {"x":784,"y":1053,"w":166,"h":94},
	"rotated": false,
	"trimmed": false,
	"spriteSourceSize": {"x":0,"y":0,"w":166,"h":94},
	"sourceSize": {"w":166,"h":94}
},
"letter.png":
{
	"frame": {"x":466,"y":1650,"w":87,"h":52},
	"rotated": false,
	"trimmed": false,
	"spriteSourceSize": {"x":0,"y":0,"w":87,"h":52},
	"sourceSize": {"w":87,"h":52}
},
"light.png":
{
	"frame": {"x":707,"y":1460,"w":134,"h":41},
	"rotated": false,
	"trimmed": false,
	"spriteSourceSize": {"x":0,"y":0,"w":134,"h":41},
	"sourceSize": {"w":134,"h":41}
},
"light2.png":
{
	"frame": {"x":204,"y":1272,"w":259,"h":38},
	"rotated": false,
	"trimmed": false,
	"spriteSourceSize": {"x":0,"y":0,"w":259,"h":38},
	"sourceSize": {"w":259,"h":38}
},
"lights.png":
{
	"frame": {"x":481,"y":791,"w":336,"h":35},
	"rotated": false,
	"trimmed": false,
	"spriteSourceSize": {"x":0,"y":0,"w":336,"h":35},
	"sourceSize": {"w":336,"h":35}
},
"line.png":
{
	"frame": {"x":528,"y":2038,"w":133,"h":9},
	"rotated": false,
	"trimmed": false,
	"spriteSourceSize": {"x":0,"y":0,"w":133,"h":9},
	"sourceSize": {"w":133,"h":9}
},
"line_detail.png":
{
	"frame": {"x":715,"y":1386,"w":161,"h":20},
	"rotated": false,
	"trimmed": false,
	"spriteSourceSize": {"x":0,"y":0,"w":161,"h":20},
	"sourceSize": {"w":161,"h":20}
},
"line_detail2.png":
{
	"frame": {"x":1052,"y":1,"w":19,"h":243},
	"rotated": false,
	"trimmed": false,
	"spriteSourceSize": {"x":0,"y":0,"w":19,"h":243},
	"sourceSize": {"w":19,"h":243}
},
"long_light.png":
{
	"frame": {"x":481,"y":738,"w":356,"h":51},
	"rotated": false,
	"trimmed": false,
	"spriteSourceSize": {"x":0,"y":0,"w":356,"h":51},
	"sourceSize": {"w":356,"h":51}
},
"megahurtz_boss_torso_bottom.png":
{
	"frame": {"x":174,"y":1,"w":470,"h":352},
	"rotated": false,
	"trimmed": false,
	"spriteSourceSize": {"x":0,"y":0,"w":470,"h":352},
	"sourceSize": {"w":470,"h":352}
},
"minionv30001.png":
{
	"frame": {"x":861,"y":1228,"w":87,"h":125},
	"rotated": false,
	"trimmed": true,
	"spriteSourceSize": {"x":0,"y":0,"w":87,"h":125},
	"sourceSize": {"w":89,"h":128}
},
"minionv30002.png":
{
	"frame": {"x":555,"y":1523,"w":83,"h":126},
	"rotated": false,
	"trimmed": true,
	"spriteSourceSize": {"x":2,"y":0,"w":83,"h":126},
	"sourceSize": {"w":89,"h":128}
},
"minionv30003.png":
{
	"frame": {"x":640,"y":1523,"w":79,"h":127},
	"rotated": false,
	"trimmed": true,
	"spriteSourceSize": {"x":6,"y":0,"w":79,"h":127},
	"sourceSize": {"w":89,"h":128}
},
"minionv30004.png":
{
	"frame": {"x":996,"y":516,"w":75,"h":128},
	"rotated": false,
	"trimmed": true,
	"spriteSourceSize": {"x":10,"y":0,"w":75,"h":128},
	"sourceSize": {"w":89,"h":128}
},
"minionv30005.png":
{
	"frame": {"x":443,"y":1717,"w":70,"h":128},
	"rotated": false,
	"trimmed": true,
	"spriteSourceSize": {"x":15,"y":0,"w":70,"h":128},
	"sourceSize": {"w":89,"h":128}
},
"minionv30006.png":
{
	"frame": {"x":806,"y":1503,"w":69,"h":128},
	"rotated": false,
	"trimmed": true,
	"spriteSourceSize": {"x":15,"y":0,"w":69,"h":128},
	"sourceSize": {"w":89,"h":128}
},
"minionv30007.png":
{
	"frame": {"x":577,"y":1699,"w":72,"h":128},
	"rotated": false,
	"trimmed": true,
	"spriteSourceSize": {"x":13,"y":0,"w":72,"h":128},
	"sourceSize": {"w":89,"h":128}
},
"minionv30008.png":
{
	"frame": {"x":603,"y":1829,"w":76,"h":128},
	"rotated": false,
	"trimmed": true,
	"spriteSourceSize": {"x":12,"y":0,"w":76,"h":128},
	"sourceSize": {"w":89,"h":128}
},
"minionv30009.png":
{
	"frame": {"x":651,"y":1652,"w":78,"h":128},
	"rotated": false,
	"trimmed": true,
	"spriteSourceSize": {"x":11,"y":0,"w":78,"h":128},
	"sourceSize": {"w":89,"h":128}
},
"minionv30010.png":
{
	"frame": {"x":360,"y":1717,"w":81,"h":128},
	"rotated": false,
	"trimmed": true,
	"spriteSourceSize": {"x":8,"y":0,"w":81,"h":128},
	"sourceSize": {"w":89,"h":128}
},
"minionv30011.png":
{
	"frame": {"x":806,"y":1633,"w":78,"h":128},
	"rotated": false,
	"trimmed": true,
	"spriteSourceSize": {"x":11,"y":0,"w":78,"h":128},
	"sourceSize": {"w":89,"h":128}
},
"minionv30012.png":
{
	"frame": {"x":681,"y":1782,"w":76,"h":128},
	"rotated": false,
	"trimmed": true,
	"spriteSourceSize": {"x":12,"y":0,"w":76,"h":128},
	"sourceSize": {"w":89,"h":128}
},
"minionv30013.png":
{
	"frame": {"x":731,"y":1631,"w":73,"h":128},
	"rotated": false,
	"trimmed": true,
	"spriteSourceSize": {"x":13,"y":0,"w":73,"h":128},
	"sourceSize": {"w":89,"h":128}
},
"minionv30014.png":
{
	"frame": {"x":841,"y":1763,"w":71,"h":128},
	"rotated": false,
	"trimmed": true,
	"spriteSourceSize": {"x":14,"y":0,"w":71,"h":128},
	"sourceSize": {"w":89,"h":128}
},
"minionv30015.png":
{
	"frame": {"x":877,"y":1502,"w":70,"h":128},
	"rotated": false,
	"trimmed": true,
	"spriteSourceSize": {"x":15,"y":0,"w":70,"h":128},
	"sourceSize": {"w":89,"h":128}
},
"minionv30016.png":
{
	"frame": {"x":886,"y":1632,"w":72,"h":128},
	"rotated": false,
	"trimmed": true,
	"spriteSourceSize": {"x":13,"y":0,"w":72,"h":128},
	"sourceSize": {"w":89,"h":128}
},
"minionv30017.png":
{
	"frame": {"x":914,"y":1762,"w":76,"h":128},
	"rotated": false,
	"trimmed": true,
	"spriteSourceSize": {"x":9,"y":0,"w":76,"h":128},
	"sourceSize": {"w":89,"h":128}
},
"minionv30018.png":
{
	"frame": {"x":759,"y":1763,"w":80,"h":127},
	"rotated": false,
	"trimmed": true,
	"spriteSourceSize": {"x":5,"y":0,"w":80,"h":127},
	"sourceSize": {"w":89,"h":128}
},
"minionv30019.png":
{
	"frame": {"x":721,"y":1503,"w":83,"h":126},
	"rotated": false,
	"trimmed": true,
	"spriteSourceSize": {"x":2,"y":0,"w":83,"h":126},
	"sourceSize": {"w":89,"h":128}
},
"minionv30020.png":
{
	"frame": {"x":466,"y":1523,"w":87,"h":125},
	"rotated": false,
	"trimmed": true,
	"spriteSourceSize": {"x":0,"y":0,"w":87,"h":125},
	"sourceSize": {"w":89,"h":128}
},
"monitor_hurtz.png":
{
	"frame": {"x":204,"y":1121,"w":245,"h":149},
	"rotated": false,
	"trimmed": false,
	"spriteSourceSize": {"x":0,"y":0,"w":245,"h":149},
	"sourceSize": {"w":245,"h":149}
},
"panel.png":
{
	"frame": {"x":965,"y":1149,"w":106,"h":107},
	"rotated": false,
	"trimmed": false,
	"spriteSourceSize": {"x":0,"y":0,"w":106,"h":107},
	"sourceSize": {"w":106,"h":107}
},
"panel2.png":
{
	"frame": {"x":950,"y":1258,"w":98,"h":99},
	"rotated": false,
	"trimmed": false,
	"spriteSourceSize": {"x":0,"y":0,"w":98,"h":99},
	"sourceSize": {"w":98,"h":99}
},
"panel3.png":
{
	"frame": {"x":952,"y":1052,"w":66,"h":95},
	"rotated": false,
	"trimmed": false,
	"spriteSourceSize": {"x":0,"y":0,"w":66,"h":95},
	"sourceSize": {"w":66,"h":95}
},
"panel4.png":
{
	"frame": {"x":504,"y":1259,"w":209,"h":126},
	"rotated": false,
	"trimmed": false,
	"spriteSourceSize": {"x":0,"y":0,"w":209,"h":126},
	"sourceSize": {"w":209,"h":126}
},
"panel5.png":
{
	"frame": {"x":999,"y":1930,"w":61,"h":35},
	"rotated": false,
	"trimmed": false,
	"spriteSourceSize": {"x":0,"y":0,"w":61,"h":35},
	"sourceSize": {"w":61,"h":35}
},
"panel6.png":
{
	"frame": {"x":949,"y":1567,"w":117,"h":58},
	"rotated": false,
	"trimmed": false,
	"spriteSourceSize": {"x":0,"y":0,"w":117,"h":58},
	"sourceSize": {"w":117,"h":58}
},
"pillar.png":
{
	"frame": {"x":416,"y":1486,"w":48,"h":229},
	"rotated": false,
	"trimmed": false,
	"spriteSourceSize": {"x":0,"y":0,"w":48,"h":229},
	"sourceSize": {"w":48,"h":229}
},
"pipe_blue.png":
{
	"frame": {"x":535,"y":355,"w":119,"h":257},
	"rotated": false,
	"trimmed": false,
	"spriteSourceSize": {"x":0,"y":0,"w":119,"h":257},
	"sourceSize": {"w":119,"h":257}
},
"pipe_circle.png":
{
	"frame": {"x":843,"y":1408,"w":92,"h":92},
	"rotated": false,
	"trimmed": false,
	"spriteSourceSize": {"x":0,"y":0,"w":92,"h":92},
	"sourceSize": {"w":92,"h":92}
},
"pipe_connector.png":
{
	"frame": {"x":830,"y":1971,"w":131,"h":24},
	"rotated": false,
	"trimmed": false,
	"spriteSourceSize": {"x":0,"y":0,"w":131,"h":24},
	"sourceSize": {"w":131,"h":24}
},
"pipe_entrance_bottom.png":
{
	"frame": {"x":960,"y":1627,"w":90,"h":90},
	"rotated": false,
	"trimmed": false,
	"spriteSourceSize": {"x":0,"y":0,"w":90,"h":90},
	"sourceSize": {"w":90,"h":90}
},
"pipe_entrance_middle.png":
{
	"frame": {"x":996,"y":646,"w":68,"h":74},
	"rotated": false,
	"trimmed": true,
	"spriteSourceSize": {"x":7,"y":12,"w":68,"h":74},
	"sourceSize": {"w":92,"h":92}
},
"pipe_entrance_top.png":
{
	"frame": {"x":937,"y":1359,"w":92,"h":92},
	"rotated": false,
	"trimmed": false,
	"spriteSourceSize": {"x":0,"y":0,"w":92,"h":92},
	"sourceSize": {"w":92,"h":92}
},
"pipe_entry.png":
{
	"frame": {"x":354,"y":1507,"w":60,"h":146},
	"rotated": false,
	"trimmed": false,
	"spriteSourceSize": {"x":0,"y":0,"w":60,"h":146},
	"sourceSize": {"w":60,"h":146}
},
"pipe_green.png":
{
	"frame": {"x":1008,"y":920,"w":60,"h":128},
	"rotated": false,
	"trimmed": false,
	"spriteSourceSize": {"x":0,"y":0,"w":60,"h":128},
	"sourceSize": {"w":60,"h":128}
},
"pipe_pink.png":
{
	"frame": {"x":946,"y":920,"w":60,"h":130},
	"rotated": false,
	"trimmed": false,
	"spriteSourceSize": {"x":0,"y":0,"w":60,"h":130},
	"sourceSize": {"w":60,"h":130}
},
"pipe_red.png":
{
	"frame": {"x":399,"y":1847,"w":60,"h":130},
	"rotated": false,
	"trimmed": false,
	"spriteSourceSize": {"x":0,"y":0,"w":60,"h":130},
	"sourceSize": {"w":60,"h":130}
},
"pipe_tube.png":
{
	"frame": {"x":461,"y":1847,"w":60,"h":141},
	"rotated": false,
	"trimmed": false,
	"spriteSourceSize": {"x":0,"y":0,"w":60,"h":141},
	"sourceSize": {"w":60,"h":141}
},
"pipe_yellow.png":
{
	"frame": {"x":515,"y":1704,"w":60,"h":130},
	"rotated": false,
	"trimmed": false,
	"spriteSourceSize": {"x":0,"y":0,"w":60,"h":130},
	"sourceSize": {"w":60,"h":130}
},
"pixel_blue.png":
{
	"frame": {"x":1020,"y":1099,"w":50,"h":42},
	"rotated": false,
	"trimmed": false,
	"spriteSourceSize": {"x":0,"y":0,"w":50,"h":42},
	"sourceSize": {"w":50,"h":42}
},
"pixel_green.png":
{
	"frame": {"x":817,"y":1997,"w":50,"h":42},
	"rotated": false,
	"trimmed": false,
	"spriteSourceSize": {"x":0,"y":0,"w":50,"h":42},
	"sourceSize": {"w":50,"h":42}
},
"pixel_hole1.png":
{
	"frame": {"x":476,"y":964,"w":216,"h":156},
	"rotated": false,
	"trimmed": false,
	"spriteSourceSize": {"x":0,"y":0,"w":216,"h":156},
	"sourceSize": {"w":216,"h":156}
},
"pixel_hole2.png":
{
	"frame": {"x":715,"y":1252,"w":144,"h":132},
	"rotated": false,
	"trimmed": false,
	"spriteSourceSize": {"x":0,"y":0,"w":144,"h":132},
	"sourceSize": {"w":144,"h":132}
},
"pixel_pink.png":
{
	"frame": {"x":869,"y":1997,"w":50,"h":42},
	"rotated": false,
	"trimmed": false,
	"spriteSourceSize": {"x":0,"y":0,"w":50,"h":42},
	"sourceSize": {"w":50,"h":42}
},
"pixel_red.png":
{
	"frame": {"x":921,"y":1997,"w":50,"h":42},
	"rotated": false,
	"trimmed": false,
	"spriteSourceSize": {"x":0,"y":0,"w":50,"h":42},
	"sourceSize": {"w":50,"h":42}
},
"pixel_yellow.png":
{
	"frame": {"x":950,"y":201,"w":50,"h":42},
	"rotated": false,
	"trimmed": false,
	"spriteSourceSize": {"x":0,"y":0,"w":50,"h":42},
	"sourceSize": {"w":50,"h":42}
},
"platform_hurtz.png":
{
	"frame": {"x":481,"y":828,"w":297,"h":67},
	"rotated": false,
	"trimmed": false,
	"spriteSourceSize": {"x":0,"y":0,"w":297,"h":67},
	"sourceSize": {"w":297,"h":67}
},
"platform_left_hurtz.png":
{
	"frame": {"x":914,"y":1892,"w":83,"h":67},
	"rotated": false,
	"trimmed": false,
	"spriteSourceSize": {"x":0,"y":0,"w":83,"h":67},
	"sourceSize": {"w":83,"h":67}
},
"platform_right_hurtz.png":
{
	"frame": {"x":528,"y":1968,"w":83,"h":67},
	"rotated": false,
	"trimmed": false,
	"spriteSourceSize": {"x":0,"y":0,"w":83,"h":67},
	"sourceSize": {"w":83,"h":67}
},
"plug_hang.png":
{
	"frame": {"x":1008,"y":1,"w":26,"h":196},
	"rotated": false,
	"trimmed": false,
	"spriteSourceSize": {"x":0,"y":0,"w":26,"h":196},
	"sourceSize": {"w":26,"h":196}
},
"projection.png":
{
	"frame": {"x":523,"y":1836,"w":78,"h":130},
	"rotated": false,
	"trimmed": false,
	"spriteSourceSize": {"x":0,"y":0,"w":78,"h":130},
	"sourceSize": {"w":78,"h":130}
},
"screen.png":
{
	"frame": {"x":783,"y":1149,"w":180,"h":77},
	"rotated": false,
	"trimmed": false,
	"spriteSourceSize": {"x":0,"y":0,"w":180,"h":77},
	"sourceSize": {"w":180,"h":77}
},
"screen2.png":
{
	"frame": {"x":174,"y":1850,"w":223,"h":127},
	"rotated": false,
	"trimmed": false,
	"spriteSourceSize": {"x":0,"y":0,"w":223,"h":127},
	"sourceSize": {"w":223,"h":127}
},
"screen3.png":
{
	"frame": {"x":481,"y":897,"w":279,"h":65},
	"rotated": false,
	"trimmed": false,
	"spriteSourceSize": {"x":0,"y":0,"w":279,"h":65},
	"sourceSize": {"w":279,"h":65}
},
"screen_box.png":
{
	"frame": {"x":451,"y":1122,"w":231,"h":135},
	"rotated": false,
	"trimmed": false,
	"spriteSourceSize": {"x":0,"y":0,"w":231,"h":135},
	"sourceSize": {"w":231,"h":135}
},
"screen_mesh.png":
{
	"frame": {"x":174,"y":1507,"w":178,"h":179},
	"rotated": false,
	"trimmed": false,
	"spriteSourceSize": {"x":0,"y":0,"w":178,"h":179},
	"sourceSize": {"w":178,"h":179}
},
"shoot_head.png":
{
	"frame": {"x":646,"y":1,"w":298,"h":228},
	"rotated": false,
	"trimmed": false,
	"spriteSourceSize": {"x":0,"y":0,"w":298,"h":228},
	"sourceSize": {"w":298,"h":228}
},
"solid_hurtz.png":
{
	"frame": {"x":174,"y":355,"w":359,"h":374},
	"rotated": false,
	"trimmed": false,
	"spriteSourceSize": {"x":0,"y":0,"w":359,"h":374},
	"sourceSize": {"w":359,"h":374}
},
"stamp.png":
{
	"frame": {"x":555,"y":1651,"w":80,"h":46},
	"rotated": false,
	"trimmed": false,
	"spriteSourceSize": {"x":0,"y":0,"w":80,"h":46},
	"sourceSize": {"w":80,"h":46}
},
"static_orb.png":
{
	"frame": {"x":830,"y":1893,"w":82,"h":76},
	"rotated": false,
	"trimmed": false,
	"spriteSourceSize": {"x":0,"y":0,"w":82,"h":76},
	"sourceSize": {"w":82,"h":76}
},
"static_orb_1.png":
{
	"frame": {"x":656,"y":321,"w":196,"h":193},
	"rotated": false,
	"trimmed": false,
	"spriteSourceSize": {"x":0,"y":0,"w":196,"h":193},
	"sourceSize": {"w":196,"h":193}
},
"static_orb_2.png":
{
	"frame": {"x":854,"y":321,"w":196,"h":193},
	"rotated": false,
	"trimmed": false,
	"spriteSourceSize": {"x":0,"y":0,"w":196,"h":193},
	"sourceSize": {"w":196,"h":193}
},
"static_orb_3.png":
{
	"frame": {"x":174,"y":1312,"w":194,"h":193},
	"rotated": false,
	"trimmed": true,
	"spriteSourceSize": {"x":2,"y":0,"w":194,"h":193},
	"sourceSize": {"w":196,"h":193}
},
"static_orb_eye.png":
{
	"frame": {"x":817,"y":2041,"w":25,"h":6},
	"rotated": false,
	"trimmed": false,
	"spriteSourceSize": {"x":0,"y":0,"w":25,"h":6},
	"sourceSize": {"w":25,"h":6}
},
"static_orb_eye_angry.png":
{
	"frame": {"x":780,"y":828,"w":25,"h":12},
	"rotated": false,
	"trimmed": false,
	"spriteSourceSize": {"x":0,"y":0,"w":25,"h":12},
	"sourceSize": {"w":25,"h":12}
},
"tick.png":
{
	"frame": {"x":892,"y":1355,"w":39,"h":39},
	"rotated": false,
	"trimmed": false,
	"spriteSourceSize": {"x":0,"y":0,"w":39,"h":39},
	"sourceSize": {"w":39,"h":39}
},
"tower.png":
{
	"frame": {"x":694,"y":964,"w":88,"h":168},
	"rotated": false,
	"trimmed": false,
	"spriteSourceSize": {"x":0,"y":0,"w":88,"h":168},
	"sourceSize": {"w":88,"h":168}
},
"vent.png":
{
	"frame": {"x":684,"y":1134,"w":97,"h":116},
	"rotated": false,
	"trimmed": false,
	"spriteSourceSize": {"x":0,"y":0,"w":97,"h":116},
	"sourceSize": {"w":97,"h":116}
},
"wall_detail_hurtz.png":
{
	"frame": {"x":504,"y":1479,"w":201,"h":42},
	"rotated": false,
	"trimmed": false,
	"spriteSourceSize": {"x":0,"y":0,"w":201,"h":42},
	"sourceSize": {"w":201,"h":42}
},
"warning.png":
{
	"frame": {"x":763,"y":1892,"w":65,"h":95},
	"rotated": false,
	"trimmed": false,
	"spriteSourceSize": {"x":0,"y":0,"w":65,"h":95},
	"sourceSize": {"w":65,"h":95}
},
"window_hurtz.png":
{
	"frame": {"x":535,"y":623,"w":459,"h":113},
	"rotated": false,
	"trimmed": false,
	"spriteSourceSize": {"x":0,"y":0,"w":459,"h":113},
	"sourceSize": {"w":459,"h":113}
}},
"meta": {
	"app": "http://www.codeandweb.com/texturepacker",
	"version": "1.0",
	"image": "story3_chapter1.png",
	"format": "RGBA8888",
	"size": {"w":1072,"h":2048},
	"scale": "1",
	"smartupdate": "$TexturePacker:SmartUpdate:78bf59391423f8dda0348022ed1bdf2c:7f5a502ec1a90fa9c0cb870670a48b80:8541931ed0a5fce3c22595ed7a2ceb91$"
}
}
