{
	"gameName" : {
		"ar"  : "زمن الأبطال",
		"de"  : "Zeit der Helden",
		"en"  : "Hero Time",
		"es"  : "La hora de los héroes",
		"fr"  : "L’heure des héros",
		"it"  : "Largo agli eroi",
		"pl"  : "CZAS BOHATERA",
		"ru"  : "Время подвигов",
		"tr"  : "Kahramanlık Zamanı"
	},
	"instructions" : {
		"ar"  : "تعليمات",
		"de"  : "Anleitung",
		"en"  : "Instructions",
		"es"  : "Instrucciones",
		"fr"  : "Instructions",
		"it"  : "Istruzioni",
		"pl"  : "Instrukcje",
		"ru"  : "Инструкции",
		"tr"  : "Talimatlar"
	},	
	"chapter" : {
		"chapter" : {
			"ar"  : "الفصل",
			"de"  : "Kapitel",
			"en"  : "Chapter",
			"es"  : "Capítulo",
			"fr"  : "Chapitre",
			"it"  : "Capitolo",
			"pl"  : "Rozdział",
			"ru"  : "Глава",
			"tr"  : "Kısım"
		},
		"title" : {
			"ar"  : [
				"إختلال التوازن الكيميائي",
				"حشرات أدرينا لاند",
				"الكنز المنسي"				
			],
			"de"  : [
				"Chemisches Ungleichgewicht",
				"Zerstörung von Adrenaland",
				"Niemandskammer"
				
			],
			"en"  : [
				"CHEMICAL IMBALANCE",
				"BLIGHT ON THE ADRENELAND",
				"NO-ONE'S VAULT"
				
			],
			"es"  : [
				"Desequilibrio químico",
				"Plaga en Adrenalandia",
				"La cámara secreta"
			],
			"fr"  : [
				"Chaos chimique",
				"Mission Adenaland",
				"Le coffre-forteresse"
			],
			"it"  : [
				"Minaccia chimica",
				"Grosso guaio al luna park",
				"Insidie sotterranee"
			],
			"pl"  : [
				"Chemiczny Chaos",
				"Zaraza z Adrenaland",
				"Krypta niczyja"
			],
			"ru"  : [
				"Химическая реакция",
				"Парк аттракционов",
				"Заветное хранилище"
				
			],
			"tr"  : [
				"Kimyasal Dengesizlik",
				"Adrenalya Afeti",
				"Kimsenin Kasası"
			]			
		}
	},
	"levelCompleted" : {
		"ar"  : "نهاية المستوى",
		"de"  : "Level geschafft",
		"en"  : "Level completed",
		"es"  : "Nivel finalizado",
		"fr"  : "Niveau terminé",
		"it"  : "Livello completato",
		"pl"  : "Koniec poziomu",
		"ru"  : "Уровень пройден",
		"tr"  : "Bölüm tamamlandı"
	},
	"gameOver" : {
		"ar"  : "انتهت اللعبة",
		"de"  : "Ende",
		"en"  : "Game over",
		"es"  : "Fin de la partida",
		"fr"  : "Partie terminée",
		"it"  : "Fine partita",
		"pl"  : "Koniec gry",
		"ru"  : "Игра окончена",
		"tr"  : "Oyun Bitti"
	},
	"areYouSure" : {
		"ar"  : "هل أنت متأكد من رغبتك بإنهاء اللعبة؟",
		"de"  : "Möchtest du das Spiel wirklich beenden?",
		"en"  : "Are you sure you want to quit?",
		"es"  : "¿Seguro que quieres salir?",
		"fr"  : "Es-tu sûr de vouloir quitter?",
		"it"  : "Vuoi proprio uscire dal gioco?",
		"pl"  : "Czy na pewno chcesz zakończyć grę?",
		"ru"  : "Выйти из игры?",
		"tr"  : "Çıkmak istediğine emin misin?"
	},
	"paused" : {
		"ar"  : "إيقاف مؤقت",
		"de"  : "Pause",
		"en"  : "Paused",
		"es"  : "Pausa",
		"fr"  : "En pause",
		"it"  : "Pausa",
		"pl"  : "Pauza",
		"ru"  : "Пауза",
		"tr"  : "Durduruldu"
	}
}