{
"level":
	{
	"background": "game_bg_001",
	"bgm": "sfx_abc",
	"length": 13489,
	"layers": {
		"layer0": {
			"zOrder": -1,
			"ease": 1,
			"tiles": [
				{"texture": "bg_tile_001", "x": 454, "y": 550},
				{"texture": "bg_tile_003", "x": 1403, "y": 550},
				{"texture": "bg_tile_003", "x": 5196, "y": 550},
				{"texture": "bg_tile_002", "x": 3300, "y": 550},
				{"texture": "bg_tile_001", "x": 4247, "y": 550},
				{"texture": "bg_tile_002", "x": 2351, "y": 550},
				{"texture": "bg_tile_001", "x": 7092, "y": 550},
				{"texture": "bg_tile_002", "x": -496, "y": 550},
				{"texture": "bg_tile_003", "x": -1444, "y": 550},
				{"texture": "bg_tile_002", "x": 11825, "y": 550},
				{"texture": "bg_tile_001", "x": 9928, "y": 550},
				{"texture": "bg_tile_003", "x": 12772, "y": 550},
				{"texture": "bg_tile_010", "x": 8030, "y": 550},
				{"texture": "bg_tile_001", "x": 13712, "y": 550},
				{"texture": "bg_tile_002", "x": 8978, "y": 550},
				{"texture": "bg_tile_003", "x": 10876, "y": 550},
				{"texture": "bg_tile_003", "x": 14662, "y": 550},
				{"texture": "bg_tile_009", "x": 6145, "y": 549.7316}
			]
		},
		"layer1": {
			"zOrder": 0,
			"ease": 2,
			"tiles": [
				{"texture": "fg_003", "x": -784, "y": 700},
				{"texture": "fg_002", "x": 0, "y": 700},
				{"texture": "fg_003", "x": 1457, "y": 700},
				{"texture": "fg_001", "x": 2899, "y": 700},
				{"texture": "fg_003", "x": 4230, "y": 700},
				{"texture": "fg_003", "x": 7110, "y": 700},
				{"texture": "fg_002", "x": 7890, "y": 700},
				{"texture": "fg_001", "x": 11240, "y": 700},
				{"texture": "fg_003", "x": 9800, "y": 700},
				{"texture": "fg_002", "x": 13610, "y": 700},
				{"texture": "fg_003", "x": 15950, "y": 700},
				{"texture": "fg_003", "x": 18480, "y": 700},
				{"texture": "fg_001", "x": 22370, "y": 700},
				{"texture": "fg_002", "x": 21710, "y": 700},
				{"texture": "fg_002", "x": 25773, "y": 700},
				{"texture": "fg_001", "x": 23983, "y": 700},
				{"texture": "fg_002", "x": 27523, "y": 700},
				{"texture": "fg_002", "x": 29973, "y": 700},
				{"texture": "fg_003", "x": 33149, "y": 700},
				{"texture": "fg_002", "x": 31479, "y": 700},
				{"texture": "fg_002", "x": 35474, "y": 700},
				{"texture": "fg_003", "x": 37144, "y": 700},
				{"texture": "fg_001", "x": 38584, "y": 700},
				{"texture": "fg_001", "x": 47760, "y": 700},
				{"texture": "fg_003", "x": 46320, "y": 700},
				{"texture": "fg_002", "x": 44650, "y": 700},
				{"texture": "fg_002", "x": 40660, "y": 700},
				{"texture": "fg_003", "x": 42330, "y": 700}
			]
		},
		"layer2": {
			"zOrder": -3,
			"ease": 0.5,
			"tiles": [
				{"texture": "tree_001", "x": -271, "y": 512},
				{"texture": "tree_004", "x": 278, "y": 512},
				{"texture": "tree_004", "x": 590, "y": 512},
				{"texture": "tree_005", "x": -715, "y": 512},
				{"texture": "tree_003", "x": -1314, "y": 512},
				{"texture": "tree_003", "x": 1093, "y": 512},
				{"texture": "tree_005", "x": 1692, "y": 512},
				{"texture": "tree_004", "x": 2685, "y": 512},
				{"texture": "tree_004", "x": 2997, "y": 503},
				{"texture": "tree_001", "x": 2136, "y": 512},
				{"texture": "tree_001", "x": 4760, "y": 512},
				{"texture": "tree_004", "x": 5621, "y": 512},
				{"texture": "tree_004", "x": 5309, "y": 512},
				{"texture": "tree_005", "x": 4316, "y": 512},
				{"texture": "tree_003", "x": 3717, "y": 512},
				{"texture": "tree_003", "x": 6165, "y": 512},
				{"texture": "tree_005", "x": 6764, "y": 512},
				{"texture": "tree_004", "x": 7757, "y": 512},
				{"texture": "tree_004", "x": 8069, "y": 512},
				{"texture": "tree_001", "x": 7208, "y": 512},
				{"texture": "tree_005", "x": 8826, "y": 512},
				{"texture": "tree_001", "x": 11718, "y": 512},
				{"texture": "tree_003", "x": 10675, "y": 512},
				{"texture": "tree_003", "x": 8227, "y": 512},
				{"texture": "tree_005", "x": 11274, "y": 512},
				{"texture": "tree_004", "x": 9819, "y": 512},
				{"texture": "tree_004", "x": 12267, "y": 512},
				{"texture": "tree_004", "x": 12579, "y": 512}
			]
		}
	}
},

"groups": [
	{
		"x": 1285,
		"y": 241,
		"delay": 0,
		"powerup": 0,
		"chance": 1,
		"creeps": [
			{"type":0, "x": 887.9999, "y": 100, "delay": 0, "path": "straight"},
			{"type":0, "x": 270, "y": -98, "delay": 0, "path": "straight"},
			{"type":0, "x": 1422, "y": 296, "delay": 0, "path": "straight"}
		]
	},
	{
		"x": 2534,
		"y": 241,
		"delay": 0,
		"powerup": 0,
		"chance": 1,
		"creeps": [
			{"type":0, "x": 888.0001, "y": 100, "delay": 0, "path": "straight"},
			{"type":0, "x": 270.0001, "y": -98, "delay": 0, "path": "straight"},
			{"type":0, "x": 1422, "y": 296, "delay": 0, "path": "straight"}
		]
	},
	{
		"x": 4007,
		"y": 241,
		"delay": 0,
		"powerup": 0,
		"chance": 1,
		"creeps": [
			{"type":0, "x": 888.0001, "y": 100, "delay": 0, "path": "straight"},
			{"type":0, "x": 270.0001, "y": -98, "delay": 0, "path": "straight"},
			{"type":0, "x": 1422, "y": 296, "delay": 0, "path": "straight"}
		]
	},
	{
		"x": 4736,
		"y": 241,
		"delay": 0,
		"powerup": 0,
		"chance": 1,
		"creeps": [
			{"type":0, "x": 888.0001, "y": 100, "delay": 0, "path": "straight"},
			{"type":0, "x": 270.0001, "y": -98, "delay": 0, "path": "straight"},
			{"type":0, "x": 1422, "y": 296, "delay": 0, "path": "straight"}
		]
	},
	{
		"x": 6019,
		"y": 327,
		"delay": 0,
		"powerup": 0,
		"chance": 1,
		"creeps": [
			{"type":0, "x": 295.9999, "y": 3.999996, "delay": 0, "path": "straight"},
			{"type":0, "x": 295.9999, "y": -194, "delay": 0, "path": "straight"},
			{"type":0, "x": 295.9999, "y": 200, "delay": 0, "path": "straight"}
		]
	},
	{
		"x": 7200,
		"y": 621,
		"delay": 0,
		"powerup": 1,
		"chance": 1,
		"creeps": [
			{"type":4, "x": 255.0003, "y": -559, "delay": 0, "path": "bounce away"}
		]
	},
	{
		"x": 7360,
		"y": 241,
		"delay": 0,
		"powerup": 0,
		"chance": 1,
		"creeps": [
			{"type":0, "x": 887.9998, "y": 100, "delay": 0, "path": "straight"},
			{"type":0, "x": 269.9997, "y": -98, "delay": 0, "path": "straight"},
			{"type":0, "x": 1422, "y": 296, "delay": 0, "path": "straight"}
		]
	},
	{
		"x": 7830,
		"y": 201,
		"delay": 0,
		"powerup": 0,
		"chance": 1,
		"creeps": [
			{"type":0, "x": 887.9998, "y": 100, "delay": 0, "path": "straight"},
			{"type":0, "x": 269.9997, "y": -98, "delay": 0, "path": "straight"},
			{"type":0, "x": 1422, "y": 296, "delay": 0, "path": "straight"}
		]
	},
	{
		"x": 8440,
		"y": 231,
		"delay": 0,
		"powerup": 0,
		"chance": 1,
		"creeps": [
			{"type":0, "x": 887.9998, "y": 100, "delay": 0, "path": "straight"},
			{"type":0, "x": 269.9997, "y": -98, "delay": 0, "path": "straight"},
			{"type":0, "x": 1422, "y": 296, "delay": 0, "path": "straight"}
		]
	},
	{
		"x": 8983,
		"y": 691,
		"delay": 0,
		"powerup": -1,
		"chance": 1,
		"creeps": [
			{"type":7, "x": 209.8999, "y": 0, "delay": 0, "path": ""}
		]
	},
	{
		"x": 9485,
		"y": 691,
		"delay": 0,
		"powerup": -1,
		"chance": 1,
		"creeps": [
			{"type":7, "x": 209.8999, "y": 0, "delay": 0, "path": ""}
		]
	},
	{
		"x": 9942,
		"y": 691,
		"delay": 0,
		"powerup": -1,
		"chance": 1,
		"creeps": [
			{"type":7, "x": 209.8999, "y": 0, "delay": 0, "path": ""}
		]
	},
	{
		"x": 10319,
		"y": 394,
		"delay": 0,
		"powerup": -1,
		"chance": 1,
		"creeps": [
			{"type":4, "x": 33.00018, "y": -317, "delay": 0, "path": "bounce away"}
		]
	},
	{
		"x": 10408,
		"y": 691,
		"delay": 0,
		"powerup": -1,
		"chance": 1,
		"creeps": [
			{"type":7, "x": 209.8999, "y": 0, "delay": 0, "path": ""}
		]
	},
	{
		"x": 11417,
		"y": 394,
		"delay": 0,
		"powerup": -1,
		"chance": 1,
		"creeps": [
			{"type":4, "x": 33.00018, "y": -317, "delay": 0, "path": "bounce away"}
		]
	},
	{
		"x": 12435,
		"y": 394,
		"delay": 0,
		"powerup": -1,
		"chance": 1,
		"creeps": [
			{"type":4, "x": 33.00018, "y": -317, "delay": 0, "path": "bounce away"}
		]
	},
	{
		"x": 10895,
		"y": 227,
		"delay": 0,
		"powerup": 0,
		"chance": 1,
		"creeps": [
			{"type":0, "x": 887.9998, "y": 100, "delay": 0, "path": "straight"},
			{"type":0, "x": 269.9997, "y": -98, "delay": 0, "path": "straight"},
			{"type":0, "x": 1422, "y": 296, "delay": 0, "path": "straight"}
		]
	},
	{
		"x": 11920,
		"y": 227,
		"delay": 0,
		"powerup": 0,
		"chance": 1,
		"creeps": [
			{"type":0, "x": 888.0005, "y": 100, "delay": 0, "path": "straight"},
			{"type":0, "x": 269.9997, "y": -98, "delay": 0, "path": "straight"},
			{"type":0, "x": 1422, "y": 296, "delay": 0, "path": "straight"}
		]
	}
	]
}
