{"frames": {

"car_02_decal_03_00.png":
{
	"frame": {"x":2,"y":2,"w":252,"h":148},
	"rotated": false,
	"trimmed": true,
	"spriteSourceSize": {"x":58,"y":88,"w":252,"h":148},
	"sourceSize": {"w":360,"h":280}
},
"car_02_decal_03_01.png":
{
	"frame": {"x":2,"y":152,"w":290,"h":192},
	"rotated": false,
	"trimmed": true,
	"spriteSourceSize": {"x":38,"y":64,"w":290,"h":192},
	"sourceSize": {"w":360,"h":280}
},
"car_02_decal_03_02.png":
{
	"frame": {"x":2,"y":346,"w":288,"h":120},
	"rotated": false,
	"trimmed": true,
	"spriteSourceSize": {"x":38,"y":136,"w":288,"h":120},
	"sourceSize": {"w":360,"h":280}
}},
"meta": {
	"app": "http://www.codeandweb.com/texturepacker",
	"version": "1.0",
	"image": "car_02_decal_03.png",
	"format": "RGBA8888",
	"size": {"w":512,"h":512},
	"scale": "1",
	"smartupdate": "$TexturePacker:SmartUpdate:92d4762e56f2a8ce3756754ddc991639:88ad45a77b8460b1bf30a1f5a56968a1:0fca9641a6459ee021330cfc856d8e03$"
}
}
