{"frames": {

"car_02_body_00.png":
{
	"frame": {"x":2,"y":2,"w":360,"h":280},
	"rotated": false,
	"trimmed": false,
	"spriteSourceSize": {"x":0,"y":0,"w":360,"h":280},
	"sourceSize": {"w":360,"h":280}
},
"car_02_body_01.png":
{
	"frame": {"x":364,"y":2,"w":360,"h":280},
	"rotated": false,
	"trimmed": false,
	"spriteSourceSize": {"x":0,"y":0,"w":360,"h":280},
	"sourceSize": {"w":360,"h":280}
},
"car_02_body_02.png":
{
	"frame": {"x":726,"y":2,"w":360,"h":280},
	"rotated": false,
	"trimmed": false,
	"spriteSourceSize": {"x":0,"y":0,"w":360,"h":280},
	"sourceSize": {"w":360,"h":280}
},
"car_02_exhaust_02.png":
{
	"frame": {"x":1088,"y":2,"w":360,"h":280},
	"rotated": false,
	"trimmed": false,
	"spriteSourceSize": {"x":0,"y":0,"w":360,"h":280},
	"sourceSize": {"w":360,"h":280}
},
"car_02_mask_00.png":
{
	"frame": {"x":1450,"y":2,"w":360,"h":280},
	"rotated": false,
	"trimmed": false,
	"spriteSourceSize": {"x":0,"y":0,"w":360,"h":280},
	"sourceSize": {"w":360,"h":280}
},
"car_02_mask_01.png":
{
	"frame": {"x":2,"y":284,"w":360,"h":280},
	"rotated": false,
	"trimmed": false,
	"spriteSourceSize": {"x":0,"y":0,"w":360,"h":280},
	"sourceSize": {"w":360,"h":280}
},
"car_02_mask_02.png":
{
	"frame": {"x":364,"y":284,"w":360,"h":280},
	"rotated": false,
	"trimmed": false,
	"spriteSourceSize": {"x":0,"y":0,"w":360,"h":280},
	"sourceSize": {"w":360,"h":280}
},
"car_02_maskspoiler_02.png":
{
	"frame": {"x":726,"y":284,"w":360,"h":142},
	"rotated": false,
	"trimmed": false,
	"spriteSourceSize": {"x":0,"y":0,"w":360,"h":142},
	"sourceSize": {"w":360,"h":142}
},
"car_02_shadow.png":
{
	"frame": {"x":1088,"y":284,"w":360,"h":108},
	"rotated": false,
	"trimmed": false,
	"spriteSourceSize": {"x":0,"y":0,"w":360,"h":108},
	"sourceSize": {"w":360,"h":108}
},
"car_02_shine_00.png":
{
	"frame": {"x":1450,"y":284,"w":360,"h":280},
	"rotated": false,
	"trimmed": false,
	"spriteSourceSize": {"x":0,"y":0,"w":360,"h":280},
	"sourceSize": {"w":360,"h":280}
},
"car_02_shine_01.png":
{
	"frame": {"x":2,"y":566,"w":360,"h":280},
	"rotated": false,
	"trimmed": false,
	"spriteSourceSize": {"x":0,"y":0,"w":360,"h":280},
	"sourceSize": {"w":360,"h":280}
},
"car_02_shine_02.png":
{
	"frame": {"x":364,"y":566,"w":360,"h":280},
	"rotated": false,
	"trimmed": false,
	"spriteSourceSize": {"x":0,"y":0,"w":360,"h":280},
	"sourceSize": {"w":360,"h":280}
},
"car_02_specialkit_00.png":
{
	"frame": {"x":726,"y":566,"w":360,"h":280},
	"rotated": false,
	"trimmed": false,
	"spriteSourceSize": {"x":0,"y":0,"w":360,"h":280},
	"sourceSize": {"w":360,"h":280}
},
"car_02_specialkit_01.png":
{
	"frame": {"x":1088,"y":566,"w":360,"h":280},
	"rotated": false,
	"trimmed": false,
	"spriteSourceSize": {"x":0,"y":0,"w":360,"h":280},
	"sourceSize": {"w":360,"h":280}
},
"car_02_specialkit_02.png":
{
	"frame": {"x":1450,"y":566,"w":360,"h":280},
	"rotated": false,
	"trimmed": false,
	"spriteSourceSize": {"x":0,"y":0,"w":360,"h":280},
	"sourceSize": {"w":360,"h":280}
},
"car_02_specialkit_03.png":
{
	"frame": {"x":1088,"y":2,"w":360,"h":280},
	"rotated": false,
	"trimmed": false,
	"spriteSourceSize": {"x":0,"y":0,"w":360,"h":280},
	"sourceSize": {"w":360,"h":280}
},
"car_02_spoiler_02.png":
{
	"frame": {"x":2,"y":848,"w":360,"h":142},
	"rotated": false,
	"trimmed": false,
	"spriteSourceSize": {"x":0,"y":0,"w":360,"h":142},
	"sourceSize": {"w":360,"h":142}
},
"car_02_wheels_front_0.png":
{
	"frame": {"x":364,"y":848,"w":54,"h":100},
	"rotated": false,
	"trimmed": false,
	"spriteSourceSize": {"x":0,"y":0,"w":54,"h":100},
	"sourceSize": {"w":54,"h":100}
},
"car_02_wheels_front_1.png":
{
	"frame": {"x":420,"y":848,"w":54,"h":100},
	"rotated": false,
	"trimmed": false,
	"spriteSourceSize": {"x":0,"y":0,"w":54,"h":100},
	"sourceSize": {"w":54,"h":100}
},
"car_02_wheels_front_2.png":
{
	"frame": {"x":476,"y":848,"w":54,"h":100},
	"rotated": false,
	"trimmed": false,
	"spriteSourceSize": {"x":0,"y":0,"w":54,"h":100},
	"sourceSize": {"w":54,"h":100}
},
"car_02_wheels_front_3.png":
{
	"frame": {"x":532,"y":848,"w":54,"h":100},
	"rotated": false,
	"trimmed": false,
	"spriteSourceSize": {"x":0,"y":0,"w":54,"h":100},
	"sourceSize": {"w":54,"h":100}
},
"car_02_wheels_rear_0.png":
{
	"frame": {"x":364,"y":848,"w":54,"h":100},
	"rotated": false,
	"trimmed": false,
	"spriteSourceSize": {"x":0,"y":0,"w":54,"h":100},
	"sourceSize": {"w":54,"h":100}
},
"car_02_wheels_rear_1.png":
{
	"frame": {"x":420,"y":848,"w":54,"h":100},
	"rotated": false,
	"trimmed": false,
	"spriteSourceSize": {"x":0,"y":0,"w":54,"h":100},
	"sourceSize": {"w":54,"h":100}
},
"car_02_wheels_rear_2.png":
{
	"frame": {"x":476,"y":848,"w":54,"h":100},
	"rotated": false,
	"trimmed": false,
	"spriteSourceSize": {"x":0,"y":0,"w":54,"h":100},
	"sourceSize": {"w":54,"h":100}
},
"car_02_wheels_rear_3.png":
{
	"frame": {"x":532,"y":848,"w":54,"h":100},
	"rotated": false,
	"trimmed": false,
	"spriteSourceSize": {"x":0,"y":0,"w":54,"h":100},
	"sourceSize": {"w":54,"h":100}
}},
"meta": {
	"app": "http://www.codeandweb.com/texturepacker",
	"version": "1.0",
	"image": "car_02_layers.png",
	"format": "RGBA8888",
	"size": {"w":1812,"h":992},
	"scale": "1",
	"smartupdate": "$TexturePacker:SmartUpdate:f8cf9e9e5ad1d3a41f267a505ba92eb2:735bfecd103b272756cbe7779bf45404:aa118752fef7e5fdb2bb85dc608f00aa$"
}
}
