{

"images": [
    "level-1-sprites.png"
],

"frames": [
    [2, 2, 335, 431, 0, 0, 0],
    [339, 2, 408, 356, 0, 0, 0],
    [2, 435, 457, 258, 0, 0, 0],
    [2, 695, 368, 256, 0, 0, 0],
    [749, 2, 272, 264, 0, 0, 0],
    [461, 360, 372, 234, 0, 0, 0],
    [461, 596, 397, 220, 0, 0, 0],
    [372, 818, 213, 167, 0, 0, 0],
    [835, 268, 48, 225, 0, 0, 0],
    [885, 268, 48, 224, 0, 0, -1],
    [835, 495, 60, 99, 0, -4, -3],
    [587, 818, 67, 102, 0, 0, 0],
    [339, 360, 104, 59, 0, 0, 0],
    [656, 818, 104, 55, 0, 0, -4],
    [372, 695, 82, 70, 0, 0, 0],
    [749, 268, 74, 62, 0, -4, -4],
    [935, 268, 74, 54, 0, 0, 0],
    [762, 818, 72, 51, 0, -2, -3],
    [935, 324, 58, 64, 0, 0, 0],
    [587, 922, 53, 60, 0, 0, -4],
    [656, 875, 61, 33, 0, 0, 0],
    [372, 767, 45, 47, 0, 0, 0],
    [2, 953, 57, 31, 0, 0, -2],
    [935, 390, 37, 39, 0, -4, -4],
    [860, 596, 30, 29, 0, 0, 0],
    [749, 332, 31, 23, 0, 0, 0],
    [719, 875, 29, 18, 0, 0, -4],
    [836, 818, 22, 25, 0, -4, -4]
],

"animations": {
    "backpack-big": [0],
    "candle-big": [1],
    "tourneystick-big": [2],
    "glove-big": [3],
    "ball-big": [4],
    "shoes-big": [5],
    "crown-big": [6],
    "ring-big": [7],
    "tourneystick-glow": [8],
    "tourneystick": [9],
    "backpack": [10],
    "backpack-glow": [11],
    "shoes-glow": [12],
    "shoes": [13],
    "candle-glow": [14],
    "candle": [15],
    "glove-glow": [16],
    "glove": [17],
    "ball-glow": [18],
    "ball": [19],
    "crown-glow": [20],
    "crest-glow": [21],
    "crown": [22],
    "crest": [23],
    "stamp1-glow": [24],
    "ring-glow": [25],
    "ring": [26],
    "stamp1": [27]
},

"texturepacker": [
        "SmartUpdateHash: $TexturePacker:SmartUpdate:77b0bab51aa1b0d101f9a2378ffce1d6:3aaf6dd246b460b71b73efedc11586a3:fb4039e3e6a1b9eb8300149564e1660a$",
        "Created with TexturePacker (https://www.codeandweb.com/texturepacker) for EaselJS"
]

}
