{

"images": [
    "level-3-sprites.png"
],

"frames": [
    [2, 2, 148, 312, 0, 0, 0],
    [2, 316, 464, 283, 0, 0, 0],
    [2, 601, 181, 177, 0, 0, 0],
    [152, 2, 326, 279, 0, 0, 0],
    [152, 283, 59, 30, 0, -4, -4],
    [213, 283, 36, 27, 0, 0, 0],
    [251, 283, 24, 27, 0, -4, -4],
    [277, 283, 27, 23, 0, -4, -4],
    [480, 2, 502, 151, 0, 0, 0],
    [984, 2, 37, 78, 0, 0, 0],
    [984, 82, 32, 72, 0, -1, -4],
    [185, 601, 382, 155, 0, 0, 0],
    [185, 758, 116, 42, 0, 0, 0],
    [303, 758, 108, 38, 0, 0, 0],
    [413, 758, 112, 34, 0, -3, -8],
    [527, 758, 100, 34, 0, -4, -4],
    [569, 156, 420, 202, 0, 0, 0],
    [468, 360, 234, 235, 0, 0, 0],
    [480, 155, 67, 34, 0, 0, 0],
    [704, 360, 294, 223, 0, 0, 0],
    [569, 597, 115, 134, 0, 0, 0],
    [629, 733, 54, 48, 0, 0, 0],
    [685, 733, 48, 46, 0, 0, 0],
    [686, 597, 108, 116, 0, -7, -4],
    [468, 283, 46, 45, 0, -4, -3],
    [516, 191, 42, 34, 0, -3, -5],
    [480, 191, 32, 32, 0, 0, 0],
    [796, 585, 88, 100, 0, 0, 0],
    [796, 687, 88, 100, 0, 0, 0]
],

"animations": {
    "milk-big": [0],
    "tray-big": [1],
    "cupcake-big": [2],
    "purse-big": [3],
    "chocolatechips": [4],
    "purse-glow": [5],
    "cupcake": [6],
    "purse": [7],
    "rollingpin-big": [8],
    "milk-glow": [9],
    "milk": [10],
    "chocolatechips-big": [11],
    "spoon-glow": [12],
    "rollingpin-glow": [13],
    "spoon": [14],
    "rollingpin": [15],
    "spoon-big": [16],
    "cookie-big": [17],
    "chocolatechips-glow": [18],
    "measuringcup-big": [19],
    "tray-glow": [20],
    "measuringcup-glow": [21],
    "cookie-glow": [22],
    "tray": [23],
    "measuringcup": [24],
    "cookie": [25],
    "cupcake-glow": [26],
    "stamp3-glow": [27],
    "stamp3": [28]
},

"texturepacker": [
        "SmartUpdateHash: $TexturePacker:SmartUpdate:7667401905eb44bde755360253640dca:5e85934ef2331be70d6ffed2546f6ab6:a39a5d60d84059e40c8d1620e9e05019$",
        "Created with TexturePacker (https://www.codeandweb.com/texturepacker) for EaselJS"
]

}
