{

"images": [
    "level-2-sprites.png"
],

"frames": [
    [2, 2, 312, 430, 0, 0, 0],
    [2, 434, 329, 407, 0, 0, 0],
    [2, 843, 80, 57, 0, 0, 0],
    [2, 902, 64, 58, 0, -7, 0],
    [68, 902, 48, 62, 0, -3, -4],
    [84, 843, 83, 29, 0, 0, 0],
    [84, 874, 77, 23, 0, -3, -4],
    [118, 899, 51, 66, 0, 0, 0],
    [163, 874, 51, 21, 0, 0, 0],
    [169, 843, 70, 27, 0, -1, -3],
    [171, 897, 49, 49, 0, 0, 0],
    [171, 948, 46, 19, 0, -2, -2],
    [216, 872, 47, 22, 0, 0, -3],
    [241, 843, 49, 26, 0, 0, 0],
    [222, 896, 71, 32, 0, 0, 0],
    [222, 930, 36, 32, 0, 0, 0],
    [260, 930, 26, 34, 0, -4, -4],
    [288, 930, 29, 26, 0, -3, -3],
    [292, 843, 42, 50, 0, 0, 0],
    [319, 895, 45, 45, 0, 0, -4],
    [316, 2, 328, 398, 0, 0, 0],
    [333, 402, 331, 355, 0, 0, 0],
    [646, 2, 364, 284, 0, 0, 0],
    [646, 288, 42, 45, 0, 0, -4],
    [646, 335, 32, 39, 0, 0, 0],
    [366, 759, 453, 169, 0, 0, 0],
    [821, 288, 183, 389, 0, 0, 0],
    [821, 679, 190, 276, 0, 0, 0]
],

"animations": {
    "mirror-big": [0],
    "sleepingspray-big": [1],
    "makeup": [2],
    "makeup-glow": [3],
    "dog": [4],
    "brush-glow": [5],
    "brush": [6],
    "dog-glow": [7],
    "stamp2-glow": [8],
    "spraypaint": [9],
    "mirror-glow": [10],
    "stamp2": [11],
    "pendant": [12],
    "pendant-glow": [13],
    "spraypaint-glow": [14],
    "thread-glow": [15],
    "sleepingspray": [16],
    "thread": [17],
    "sketchbook-glow": [18],
    "mirror": [19],
    "dog-big": [20],
    "makeup-big": [21],
    "thread-big": [22],
    "sketchbook": [23],
    "sleepingspray-glow": [24],
    "brush-big": [25],
    "spraypaint-big": [26],
    "pendant-big": [27]
},

"texturepacker": [
        "SmartUpdateHash: $TexturePacker:SmartUpdate:32f2de3ec6ce8fb8f113d27d50f8336a:208b987b7f6681e952c45f5c1215d146:1d91302ff5b3941f440ec01d13e56d56$",
        "Created with TexturePacker (https://www.codeandweb.com/texturepacker) for EaselJS"
]

}
