{

"images": [
    "level-4-sprites.png"
],

"frames": [
    [2, 2, 404, 425, 0, 0, 0],
    [408, 2, 512, 246, 0, 0, 0],
    [408, 250, 512, 224, 0, 0, 0],
    [2, 429, 340, 333, 0, 0, 0],
    [2, 764, 271, 400, 0, 0, 0],
    [344, 476, 274, 337, 0, 0, 0],
    [620, 476, 228, 322, 0, 0, 0],
    [275, 815, 191, 310, 0, 0, 0],
    [468, 815, 250, 244, 0, 0, 0],
    [720, 800, 262, 189, 0, 0, 0],
    [720, 991, 255, 177, 0, -3, 0],
    [977, 991, 45, 130, 0, -3, -2],
    [922, 2, 75, 122, 0, 0, 0],
    [850, 476, 70, 114, 0, -4, -4],
    [922, 126, 51, 132, 0, 0, 0],
    [344, 429, 48, 45, 0, 0, 0],
    [275, 1127, 122, 20, 0, 0, 0],
    [850, 592, 56, 85, 0, 0, 0],
    [922, 260, 49, 78, 0, -4, -3],
    [468, 1061, 114, 12, 0, -4, -4],
    [977, 1123, 36, 45, 0, 0, 0],
    [275, 764, 49, 47, 0, 0, 0],
    [850, 679, 48, 47, 0, 0, 0],
    [922, 340, 39, 43, 0, -2, -2],
    [468, 1075, 37, 40, 0, 0, 0],
    [399, 1127, 55, 20, 0, 0, 0],
    [507, 1075, 49, 17, 0, -5, -3],
    [850, 728, 28, 24, 0, -4, -17],
    [922, 385, 26, 25, 0, -8, -3]
],

"animations": {
    "spinningwheel-big": [0],
    "wand-big": [1],
    "sword-big": [2],
    "kettle-big": [3],
    "basket-big": [4],
    "clock-big": [5],
    "crystalball-big": [6],
    "rose-big": [7],
    "apple-big": [8],
    "spinningwheel-glow": [9],
    "spinningwheel": [10],
    "sword": [11],
    "basket-glow": [12],
    "basket": [13],
    "sword-glow": [14],
    "rose-glow": [15],
    "wand-glow": [16],
    "crystalball-glow": [17],
    "crystalball": [18],
    "wand": [19],
    "clock-glow": [20],
    "kettle-glow": [21],
    "rose": [22],
    "kettle": [23],
    "apple-glow": [24],
    "stamp4-glow": [25],
    "stamp4": [26],
    "clock": [27],
    "apple": [28]
},

"texturepacker": [
        "SmartUpdateHash: $TexturePacker:SmartUpdate:cefda9755ba27b9a0adf14ae1fe976ab:92724eba0b6ab43832e7c52dcb64d57e:7a849377d51dc24959609993520a76d1$",
        "Created with TexturePacker (https://www.codeandweb.com/texturepacker) for EaselJS"
]

}
