{

"images": [
    "sprites.png"
],

"frames": [
    [2, 2, 358, 401, 0, 0, 0],
    [362, 2, 114, 114, 0, 0, 0],
    [362, 118, 103, 104, 0, 0, 0],
    [478, 2, 103, 104, 0, 0, 0],
    [583, 2, 116, 44, 0, 0, 0],
    [583, 48, 116, 44, 0, 0, 0],
    [583, 94, 116, 44, 0, 0, 0],
    [362, 224, 84, 84, 0, 0, 0],
    [362, 310, 84, 84, 0, 0, 0],
    [448, 224, 84, 84, 0, 0, 0],
    [448, 310, 84, 84, 0, 0, 0],
    [467, 118, 84, 84, 0, 0, 0],
    [553, 140, 116, 44, 0, 0, 0],
    [553, 186, 84, 84, 0, 0, 0],
    [534, 272, 80, 80, 0, 0, 0],
    [616, 272, 80, 80, 0, 0, 0],
    [639, 186, 31, 58, 0, 0, 0],
    [534, 354, 22, 22, 0, -13, -13],
    [672, 140, 25, 52, 0, -4, -4]
],

"animations": {
    "bg-paper": [0],
    "ring": [1],
    "btn-back": [2],
    "btn-check": [3],
    "stars-3-0": [4],
    "stars-3-1": [5],
    "stars-3-2": [6],
    "btn-help": [7],
    "btn-home": [8],
    "btn-list": [9],
    "btn-next": [10],
    "btn-print": [11],
    "stars-3-3": [12],
    "btn-travel-guide": [13],
    "zoom-1": [14],
    "zoom-2": [15],
    "arrow-down": [16],
    "x": [17],
    "arrow-up": [18]
},

"texturepacker": [
        "SmartUpdateHash: $TexturePacker:SmartUpdate:785926d46e2e85d2c9f5627a2fe75e8d:3e13856f724ec652535a61f06cb378c8:9a8bbe80515cca863d0cd8b509ed2aef$",
        "Created with TexturePacker (https://www.codeandweb.com/texturepacker) for EaselJS"
]

}
