{"frames": {

"de_game_start_mark_l.png":
{
	"frame": {"x":1014,"y":209,"w":416,"h":68},
	"rotated": false,
	"trimmed": false,
	"spriteSourceSize": {"x":0,"y":0,"w":416,"h":68},
	"sourceSize": {"w":416,"h":68}
},
"de_game_start_mark_r.png":
{
	"frame": {"x":1014,"y":209,"w":416,"h":68},
	"rotated": false,
	"trimmed": false,
	"spriteSourceSize": {"x":0,"y":0,"w":416,"h":68},
	"sourceSize": {"w":416,"h":68}
},
"de_grass_1l.png":
{
	"frame": {"x":2,"y":1971,"w":248,"h":68},
	"rotated": false,
	"trimmed": false,
	"spriteSourceSize": {"x":0,"y":0,"w":248,"h":68},
	"sourceSize": {"w":248,"h":68}
},
"de_grass_1r.png":
{
	"frame": {"x":2,"y":1971,"w":248,"h":68},
	"rotated": false,
	"trimmed": false,
	"spriteSourceSize": {"x":0,"y":0,"w":248,"h":68},
	"sourceSize": {"w":248,"h":68}
},
"de_object_offtrack_forest_00.png":
{
	"frame": {"x":773,"y":2,"w":710,"h":204},
	"rotated": false,
	"trimmed": true,
	"spriteSourceSize": {"x":48,"y":6,"w":710,"h":204},
	"sourceSize": {"w":800,"h":234}
},
"de_object_offtrack_forest_01.png":
{
	"frame": {"x":2,"y":2,"w":768,"h":204},
	"rotated": false,
	"trimmed": true,
	"spriteSourceSize": {"x":32,"y":6,"w":768,"h":204},
	"sourceSize": {"w":800,"h":234}
},
"de_object_pole_00.png":
{
	"frame": {"x":1989,"y":2,"w":50,"h":304},
	"rotated": false,
	"trimmed": true,
	"spriteSourceSize": {"x":22,"y":0,"w":50,"h":304},
	"sourceSize": {"w":71,"h":340}
},
"de_object_pole_01.png":
{
	"frame": {"x":893,"y":902,"w":80,"h":304},
	"rotated": false,
	"trimmed": true,
	"spriteSourceSize": {"x":0,"y":0,"w":80,"h":304},
	"sourceSize": {"w":85,"h":340}
},
"de_object_post_00.png":
{
	"frame": {"x":1989,"y":309,"w":50,"h":302},
	"rotated": false,
	"trimmed": true,
	"spriteSourceSize": {"x":22,"y":0,"w":50,"h":302},
	"sourceSize": {"w":71,"h":336}
},
"de_object_roadsign_left.png":
{
	"frame": {"x":1417,"y":593,"w":60,"h":122},
	"rotated": false,
	"trimmed": true,
	"spriteSourceSize": {"x":12,"y":62,"w":60,"h":122},
	"sourceSize": {"w":84,"h":220}
},
"de_object_roadsign_right.png":
{
	"frame": {"x":507,"y":1816,"w":60,"h":122},
	"rotated": false,
	"trimmed": true,
	"spriteSourceSize": {"x":12,"y":28,"w":60,"h":122},
	"sourceSize": {"w":84,"h":184}
},
"de_object_shrub_00.png":
{
	"frame": {"x":609,"y":1870,"w":100,"h":46},
	"rotated": false,
	"trimmed": true,
	"spriteSourceSize": {"x":42,"y":20,"w":100,"h":46},
	"sourceSize": {"w":185,"h":95}
},
"de_object_shrub_01.png":
{
	"frame": {"x":597,"y":1203,"w":168,"h":62},
	"rotated": false,
	"trimmed": true,
	"spriteSourceSize": {"x":2,"y":0,"w":168,"h":62},
	"sourceSize": {"w":185,"h":91}
},
"de_object_shrub_02.png":
{
	"frame": {"x":768,"y":1203,"w":122,"h":62},
	"rotated": false,
	"trimmed": true,
	"spriteSourceSize": {"x":32,"y":2,"w":122,"h":62},
	"sourceSize": {"w":185,"h":97}
},
"de_object_sign_00.png":
{
	"frame": {"x":2,"y":1816,"w":204,"h":152},
	"rotated": false,
	"trimmed": true,
	"spriteSourceSize": {"x":0,"y":8,"w":204,"h":152},
	"sourceSize": {"w":203,"h":195}
},
"de_object_sign_01.png":
{
	"frame": {"x":209,"y":1816,"w":204,"h":152},
	"rotated": false,
	"trimmed": true,
	"spriteSourceSize": {"x":0,"y":4,"w":204,"h":152},
	"sourceSize": {"w":203,"h":191}
},
"de_object_starting_grid.png":
{
	"frame": {"x":609,"y":1809,"w":322,"h":58},
	"rotated": false,
	"trimmed": true,
	"spriteSourceSize": {"x":110,"y":6,"w":322,"h":58},
	"sourceSize": {"w":540,"h":340}
},
"de_object_startpost_00.png":
{
	"frame": {"x":1433,"y":286,"w":48,"h":304},
	"rotated": false,
	"trimmed": true,
	"spriteSourceSize": {"x":22,"y":4,"w":48,"h":304},
	"sourceSize": {"w":70,"h":340}
},
"de_object_tree_00.png":
{
	"frame": {"x":2,"y":209,"w":200,"h":402},
	"rotated": false,
	"trimmed": true,
	"spriteSourceSize": {"x":0,"y":0,"w":200,"h":402},
	"sourceSize": {"w":200,"h":430}
},
"de_object_tree_01.png":
{
	"frame": {"x":408,"y":209,"w":200,"h":400},
	"rotated": false,
	"trimmed": true,
	"spriteSourceSize": {"x":0,"y":8,"w":200,"h":400},
	"sourceSize": {"w":200,"h":430}
},
"de_object_tree_02.png":
{
	"frame": {"x":205,"y":209,"w":200,"h":402},
	"rotated": false,
	"trimmed": true,
	"spriteSourceSize": {"x":0,"y":20,"w":200,"h":402},
	"sourceSize": {"w":200,"h":436}
},
"de_object_tree_03.png":
{
	"frame": {"x":611,"y":209,"w":400,"h":398},
	"rotated": false,
	"trimmed": true,
	"spriteSourceSize": {"x":0,"y":0,"w":400,"h":398},
	"sourceSize": {"w":400,"h":410}
},
"de_object_tree_04.png":
{
	"frame": {"x":1184,"y":882,"w":200,"h":398},
	"rotated": false,
	"trimmed": true,
	"spriteSourceSize": {"x":0,"y":0,"w":200,"h":398},
	"sourceSize": {"w":200,"h":416}
},
"de_object_tree_05.png":
{
	"frame": {"x":2,"y":1219,"w":592,"h":594},
	"rotated": false,
	"trimmed": true,
	"spriteSourceSize": {"x":2,"y":0,"w":592,"h":594},
	"sourceSize": {"w":600,"h":600}
},
"de_object_tree_06.png":
{
	"frame": {"x":421,"y":614,"w":436,"h":586},
	"rotated": false,
	"trimmed": true,
	"spriteSourceSize": {"x":92,"y":4,"w":436,"h":586},
	"sourceSize": {"w":600,"h":610}
},
"de_object_tree_07.png":
{
	"frame": {"x":1417,"y":718,"w":600,"h":554},
	"rotated": false,
	"trimmed": true,
	"spriteSourceSize": {"x":0,"y":38,"w":600,"h":554},
	"sourceSize": {"w":600,"h":600}
},
"de_object_tree_08.png":
{
	"frame": {"x":2,"y":614,"w":416,"h":602},
	"rotated": false,
	"trimmed": true,
	"spriteSourceSize": {"x":102,"y":2,"w":416,"h":602},
	"sourceSize": {"w":600,"h":620}
},
"de_object_tree_10.png":
{
	"frame": {"x":1486,"y":2,"w":500,"h":590},
	"rotated": false,
	"trimmed": true,
	"spriteSourceSize": {"x":0,"y":4,"w":500,"h":590},
	"sourceSize": {"w":500,"h":600}
},
"de_object_tree_11.png":
{
	"frame": {"x":1014,"y":493,"w":400,"h":386},
	"rotated": false,
	"trimmed": true,
	"spriteSourceSize": {"x":0,"y":18,"w":400,"h":386},
	"sourceSize": {"w":400,"h":420}
},
"de_object_tree_12.png":
{
	"frame": {"x":993,"y":882,"w":188,"h":386},
	"rotated": false,
	"trimmed": true,
	"spriteSourceSize": {"x":12,"y":0,"w":188,"h":386},
	"sourceSize": {"w":200,"h":416}
},
"de_object_tree_13.png":
{
	"frame": {"x":597,"y":1275,"w":584,"h":492},
	"rotated": false,
	"trimmed": true,
	"spriteSourceSize": {"x":2,"y":0,"w":584,"h":492},
	"sourceSize": {"w":600,"h":500}
},
"de_object_tree_14.png":
{
	"frame": {"x":1184,"y":1283,"w":176,"h":392},
	"rotated": false,
	"trimmed": true,
	"spriteSourceSize": {"x":12,"y":0,"w":176,"h":392},
	"sourceSize": {"w":200,"h":424}
},
"de_obstacle_01.png":
{
	"frame": {"x":597,"y":1770,"w":246,"h":36},
	"rotated": false,
	"trimmed": true,
	"spriteSourceSize": {"x":12,"y":8,"w":246,"h":36},
	"sourceSize": {"w":258,"h":55}
},
"de_obstacle_02.png":
{
	"frame": {"x":1783,"y":636,"w":190,"h":32},
	"rotated": false,
	"trimmed": true,
	"spriteSourceSize": {"x":0,"y":2,"w":190,"h":32},
	"sourceSize": {"w":189,"h":47}
},
"de_obstacle_03.png":
{
	"frame": {"x":1783,"y":595,"w":190,"h":38},
	"rotated": false,
	"trimmed": true,
	"spriteSourceSize": {"x":0,"y":8,"w":190,"h":38},
	"sourceSize": {"w":190,"h":57}
},
"de_obstacle_04.png":
{
	"frame": {"x":860,"y":672,"w":134,"h":108},
	"rotated": false,
	"trimmed": true,
	"spriteSourceSize": {"x":6,"y":8,"w":134,"h":108},
	"sourceSize": {"w":148,"h":138}
},
"de_obstacle_04_shadow.png":
{
	"frame": {"x":860,"y":635,"w":138,"h":34},
	"rotated": false,
	"trimmed": true,
	"spriteSourceSize": {"x":2,"y":8,"w":138,"h":34},
	"sourceSize": {"w":145,"h":63}
},
"de_obstacle_05.png":
{
	"frame": {"x":416,"y":1816,"w":88,"h":136},
	"rotated": false,
	"trimmed": true,
	"spriteSourceSize": {"x":4,"y":6,"w":88,"h":136},
	"sourceSize": {"w":96,"h":160}
},
"de_obstacle_05_shadow.png":
{
	"frame": {"x":1783,"y":671,"w":90,"h":36},
	"rotated": false,
	"trimmed": true,
	"spriteSourceSize": {"x":0,"y":0,"w":90,"h":36},
	"sourceSize": {"w":89,"h":43}
},
"de_obstacle_06.png":
{
	"frame": {"x":1433,"y":209,"w":50,"h":74},
	"rotated": false,
	"trimmed": true,
	"spriteSourceSize": {"x":2,"y":2,"w":50,"h":74},
	"sourceSize": {"w":55,"h":99}
},
"de_obstacle_06_shadow.png":
{
	"frame": {"x":1976,"y":639,"w":68,"h":18},
	"rotated": false,
	"trimmed": true,
	"spriteSourceSize": {"x":0,"y":4,"w":68,"h":18},
	"sourceSize": {"w":67,"h":40}
},
"de_obstacle_07.png":
{
	"frame": {"x":570,"y":1816,"w":36,"h":106},
	"rotated": false,
	"trimmed": true,
	"spriteSourceSize": {"x":4,"y":6,"w":36,"h":106},
	"sourceSize": {"w":44,"h":135}
},
"de_obstacle_07_shadow.png":
{
	"frame": {"x":421,"y":1203,"w":44,"h":12},
	"rotated": false,
	"trimmed": true,
	"spriteSourceSize": {"x":0,"y":6,"w":44,"h":12},
	"sourceSize": {"w":44,"h":38}
},
"de_obstacle_08.png":
{
	"frame": {"x":569,"y":1941,"w":76,"h":82},
	"rotated": false,
	"trimmed": true,
	"spriteSourceSize": {"x":2,"y":2,"w":76,"h":82},
	"sourceSize": {"w":83,"h":108}
},
"de_obstacle_08_shadow.png":
{
	"frame": {"x":1976,"y":614,"w":68,"h":22},
	"rotated": false,
	"trimmed": true,
	"spriteSourceSize": {"x":4,"y":6,"w":68,"h":22},
	"sourceSize": {"w":72,"h":43}
},
"de_obstacle_09.png":
{
	"frame": {"x":860,"y":783,"w":130,"h":116},
	"rotated": false,
	"trimmed": true,
	"spriteSourceSize": {"x":10,"y":4,"w":130,"h":116},
	"sourceSize": {"w":149,"h":140}
},
"de_obstacle_09_shadow.png":
{
	"frame": {"x":860,"y":610,"w":140,"h":22},
	"rotated": false,
	"trimmed": true,
	"spriteSourceSize": {"x":0,"y":12,"w":140,"h":22},
	"sourceSize": {"w":145,"h":50}
},
"de_race_lights_bg.png":
{
	"frame": {"x":1480,"y":595,"w":300,"h":108},
	"rotated": false,
	"trimmed": true,
	"spriteSourceSize": {"x":106,"y":0,"w":300,"h":108},
	"sourceSize": {"w":512,"h":160}
},
"de_race_lights_green.png":
{
	"frame": {"x":1976,"y":660,"w":36,"h":52},
	"rotated": false,
	"trimmed": true,
	"spriteSourceSize": {"x":2,"y":4,"w":36,"h":52},
	"sourceSize": {"w":40,"h":60}
},
"de_race_lights_red.png":
{
	"frame": {"x":893,"y":1209,"w":36,"h":52},
	"rotated": false,
	"trimmed": true,
	"spriteSourceSize": {"x":2,"y":4,"w":36,"h":52},
	"sourceSize": {"w":40,"h":60}
},
"de_road_1l.png":
{
	"frame": {"x":414,"y":1971,"w":152,"h":68},
	"rotated": false,
	"trimmed": true,
	"spriteSourceSize": {"x":48,"y":0,"w":152,"h":68},
	"sourceSize": {"w":200,"h":68}
},
"de_road_1m.png":
{
	"frame": {"x":1014,"y":280,"w":416,"h":68},
	"rotated": false,
	"trimmed": false,
	"spriteSourceSize": {"x":0,"y":0,"w":416,"h":68},
	"sourceSize": {"w":416,"h":68}
},
"de_road_1r.png":
{
	"frame": {"x":253,"y":1971,"w":158,"h":68},
	"rotated": false,
	"trimmed": true,
	"spriteSourceSize": {"x":0,"y":0,"w":158,"h":68},
	"sourceSize": {"w":200,"h":68}
},
"de_road_2m.png":
{
	"frame": {"x":1014,"y":351,"w":416,"h":68},
	"rotated": false,
	"trimmed": false,
	"spriteSourceSize": {"x":0,"y":0,"w":416,"h":68},
	"sourceSize": {"w":416,"h":68}
},
"de_starting_grid.png":
{
	"frame": {"x":1014,"y":422,"w":416,"h":68},
	"rotated": false,
	"trimmed": false,
	"spriteSourceSize": {"x":0,"y":0,"w":416,"h":68},
	"sourceSize": {"w":416,"h":68}
}},
"meta": {
	"app": "http://www.codeandweb.com/texturepacker",
	"version": "1.0",
	"image": "environment_de.png",
	"format": "RGBA8888",
	"size": {"w":2048,"h":2048},
	"scale": "1",
	"smartupdate": "$TexturePacker:SmartUpdate:15b9ed8970e7b32e622d2950e9574d07:192d21470c9b0adf4e26f8595585d0ec:28c1d27322ce572ca001d071ce91c536$"
}
}
