{"frames": {

"particle_sparkle_00.png":
{
	"frame": {"x":1004,"y":1710,"w":60,"h":60},
	"rotated": false,
	"trimmed": false,
	"spriteSourceSize": {"x":0,"y":0,"w":60,"h":60},
	"sourceSize": {"w":60,"h":60}
},
"particle_standard.png":
{
	"frame": {"x":566,"y":1962,"w":22,"h":22},
	"rotated": false,
	"trimmed": false,
	"spriteSourceSize": {"x":0,"y":0,"w":22,"h":22},
	"sourceSize": {"w":22,"h":22}
},
"track_race_lights_green.png":
{
	"frame": {"x":2030,"y":1355,"w":16,"h":27},
	"rotated": false,
	"trimmed": true,
	"spriteSourceSize": {"x":0,"y":27,"w":16,"h":27},
	"sourceSize": {"w":16,"h":80}
},
"track_race_lights_red.png":
{
	"frame": {"x":2030,"y":1383,"w":16,"h":27},
	"rotated": false,
	"trimmed": true,
	"spriteSourceSize": {"x":0,"y":3,"w":16,"h":27},
	"sourceSize": {"w":16,"h":80}
},
"tyre_burn_rubber_00.png":
{
	"frame": {"x":1982,"y":95,"w":64,"h":64},
	"rotated": false,
	"trimmed": false,
	"spriteSourceSize": {"x":0,"y":0,"w":64,"h":64},
	"sourceSize": {"w":64,"h":64}
},
"ui_boost_unit_active.png":
{
	"frame": {"x":566,"y":1888,"w":27,"h":36},
	"rotated": false,
	"trimmed": true,
	"spriteSourceSize": {"x":2,"y":1,"w":27,"h":36},
	"sourceSize": {"w":32,"h":40}
},
"ui_boost_unit_off.png":
{
	"frame": {"x":2030,"y":1329,"w":17,"h":25},
	"rotated": false,
	"trimmed": true,
	"spriteSourceSize": {"x":7,"y":7,"w":17,"h":25},
	"sourceSize": {"w":32,"h":40}
},
"ui_boost_unit_on.png":
{
	"frame": {"x":566,"y":1925,"w":27,"h":36},
	"rotated": false,
	"trimmed": true,
	"spriteSourceSize": {"x":2,"y":1,"w":27,"h":36},
	"sourceSize": {"w":32,"h":40}
},
"ui_cost_bg.png":
{
	"frame": {"x":1715,"y":1,"w":281,"h":93},
	"rotated": false,
	"trimmed": true,
	"spriteSourceSize": {"x":13,"y":18,"w":281,"h":93},
	"sourceSize": {"w":310,"h":130}
},
"ui_cost_bg_small.png":
{
	"frame": {"x":1715,"y":95,"w":266,"h":75},
	"rotated": false,
	"trimmed": true,
	"spriteSourceSize": {"x":17,"y":17,"w":266,"h":75},
	"sourceSize": {"w":300,"h":110}
},
"ui_cost_divider_small.png":
{
	"frame": {"x":2038,"y":1,"w":3,"h":40},
	"rotated": false,
	"trimmed": false,
	"spriteSourceSize": {"x":0,"y":0,"w":3,"h":40},
	"sourceSize": {"w":3,"h":40}
},
"ui_helper_darrell.png":
{
	"frame": {"x":888,"y":1498,"w":184,"h":96},
	"rotated": false,
	"trimmed": true,
	"spriteSourceSize": {"x":7,"y":34,"w":184,"h":96},
	"sourceSize": {"w":210,"h":140}
},
"ui_helper_francesco.png":
{
	"frame": {"x":390,"y":1518,"w":202,"h":90},
	"rotated": false,
	"trimmed": true,
	"spriteSourceSize": {"x":8,"y":38,"w":202,"h":90},
	"sourceSize": {"w":210,"h":140}
},
"ui_helper_luigi.png":
{
	"frame": {"x":1889,"y":1883,"w":155,"h":132},
	"rotated": false,
	"trimmed": true,
	"spriteSourceSize": {"x":6,"y":0,"w":155,"h":132},
	"sourceSize": {"w":210,"h":140}
},
"ui_helper_shu.png":
{
	"frame": {"x":386,"y":1609,"w":199,"h":77},
	"rotated": false,
	"trimmed": true,
	"spriteSourceSize": {"x":6,"y":51,"w":199,"h":77},
	"sourceSize": {"w":210,"h":140}
},
"ui_helper_speech_box.png":
{
	"frame": {"x":904,"y":1146,"w":722,"h":87},
	"rotated": false,
	"trimmed": true,
	"spriteSourceSize": {"x":0,"y":47,"w":722,"h":87},
	"sourceSize": {"w":730,"h":140}
},
"ui_highlight.png":
{
	"frame": {"x":386,"y":1857,"w":179,"h":173},
	"rotated": false,
	"trimmed": true,
	"spriteSourceSize": {"x":12,"y":11,"w":179,"h":173},
	"sourceSize": {"w":200,"h":200}
},
"ui_hud_opponent_francesco.png":
{
	"frame": {"x":735,"y":1183,"w":165,"h":63},
	"rotated": false,
	"trimmed": true,
	"spriteSourceSize": {"x":10,"y":21,"w":165,"h":63},
	"sourceSize": {"w":180,"h":90}
},
"ui_hud_opponent_todoroki.png":
{
	"frame": {"x":166,"y":1518,"w":162,"h":61},
	"rotated": false,
	"trimmed": true,
	"spriteSourceSize": {"x":11,"y":20,"w":162,"h":61},
	"sourceSize": {"w":180,"h":90}
},
"ui_hud_opponent_veloso.png":
{
	"frame": {"x":1,"y":1518,"w":164,"h":61},
	"rotated": false,
	"trimmed": true,
	"spriteSourceSize": {"x":11,"y":22,"w":164,"h":61},
	"sourceSize": {"w":180,"h":90}
},
"ui_icon_achievement_advanced.png":
{
	"frame": {"x":796,"y":256,"w":114,"h":114},
	"rotated": false,
	"trimmed": true,
	"spriteSourceSize": {"x":17,"y":17,"w":114,"h":114},
	"sourceSize": {"w":140,"h":140}
},
"ui_icon_achievement_beginner.png":
{
	"frame": {"x":796,"y":371,"w":114,"h":114},
	"rotated": false,
	"trimmed": true,
	"spriteSourceSize": {"x":17,"y":17,"w":114,"h":114},
	"sourceSize": {"w":140,"h":140}
},
"ui_icon_achievement_brazil.png":
{
	"frame": {"x":796,"y":486,"w":114,"h":114},
	"rotated": false,
	"trimmed": true,
	"spriteSourceSize": {"x":17,"y":17,"w":114,"h":114},
	"sourceSize": {"w":140,"h":140}
},
"ui_icon_achievement_coin_earn.png":
{
	"frame": {"x":780,"y":1061,"w":123,"h":115},
	"rotated": false,
	"trimmed": true,
	"spriteSourceSize": {"x":9,"y":8,"w":123,"h":115},
	"sourceSize": {"w":140,"h":140}
},
"ui_icon_achievement_explorer.png":
{
	"frame": {"x":796,"y":149,"w":116,"h":106},
	"rotated": false,
	"trimmed": true,
	"spriteSourceSize": {"x":12,"y":17,"w":116,"h":106},
	"sourceSize": {"w":140,"h":140}
},
"ui_icon_achievement_germany.png":
{
	"frame": {"x":796,"y":601,"w":114,"h":114},
	"rotated": false,
	"trimmed": true,
	"spriteSourceSize": {"x":17,"y":17,"w":114,"h":114},
	"sourceSize": {"w":140,"h":140}
},
"ui_icon_achievement_italy.png":
{
	"frame": {"x":796,"y":716,"w":114,"h":114},
	"rotated": false,
	"trimmed": true,
	"spriteSourceSize": {"x":17,"y":17,"w":114,"h":114},
	"sourceSize": {"w":140,"h":140}
},
"ui_icon_achievement_japan.png":
{
	"frame": {"x":796,"y":831,"w":114,"h":114},
	"rotated": false,
	"trimmed": true,
	"spriteSourceSize": {"x":17,"y":17,"w":114,"h":114},
	"sourceSize": {"w":140,"h":140}
},
"ui_icon_achievement_usa.png":
{
	"frame": {"x":796,"y":946,"w":114,"h":114},
	"rotated": false,
	"trimmed": true,
	"spriteSourceSize": {"x":17,"y":17,"w":114,"h":114},
	"sourceSize": {"w":140,"h":140}
},
"ui_icon_achievement_world.png":
{
	"frame": {"x":950,"y":1595,"w":114,"h":114},
	"rotated": false,
	"trimmed": true,
	"spriteSourceSize": {"x":17,"y":17,"w":114,"h":114},
	"sourceSize": {"w":140,"h":140}
},
"ui_icon_boost_bg.png":
{
	"frame": {"x":684,"y":1347,"w":210,"h":96},
	"rotated": false,
	"trimmed": true,
	"spriteSourceSize": {"x":0,"y":4,"w":210,"h":96},
	"sourceSize": {"w":210,"h":100}
},
"ui_icon_boost_fg.png":
{
	"frame": {"x":1691,"y":873,"w":14,"h":21},
	"rotated": false,
	"trimmed": true,
	"spriteSourceSize": {"x":3,"y":1,"w":14,"h":21},
	"sourceSize": {"w":20,"h":24}
},
"ui_icon_coin.png":
{
	"frame": {"x":950,"y":1710,"w":53,"h":61},
	"rotated": false,
	"trimmed": true,
	"spriteSourceSize": {"x":9,"y":5,"w":53,"h":61},
	"sourceSize": {"w":70,"h":70}
},
"ui_icon_coins.png":
{
	"frame": {"x":1706,"y":441,"w":333,"h":323},
	"rotated": false,
	"trimmed": true,
	"spriteSourceSize": {"x":0,"y":0,"w":333,"h":323},
	"sourceSize": {"w":340,"h":340}
},
"ui_icon_decal_camino4.png":
{
	"frame": {"x":386,"y":1687,"w":196,"h":169},
	"rotated": false,
	"trimmed": true,
	"spriteSourceSize": {"x":1,"y":1,"w":196,"h":169},
	"sourceSize": {"w":200,"h":170}
},
"ui_icon_engine_bg.png":
{
	"frame": {"x":684,"y":1247,"w":210,"h":99},
	"rotated": false,
	"trimmed": true,
	"spriteSourceSize": {"x":5,"y":1,"w":210,"h":99},
	"sourceSize": {"w":220,"h":100}
},
"ui_icon_engine_mg.png":
{
	"frame": {"x":1997,"y":1,"w":40,"h":93},
	"rotated": false,
	"trimmed": true,
	"spriteSourceSize": {"x":0,"y":7,"w":40,"h":93},
	"sourceSize": {"w":40,"h":100}
},
"ui_icon_kit1.png":
{
	"frame": {"x":329,"y":1518,"w":60,"h":61},
	"rotated": false,
	"trimmed": true,
	"spriteSourceSize": {"x":3,"y":3,"w":60,"h":61},
	"sourceSize": {"w":64,"h":64}
},
"ui_icon_kit2.png":
{
	"frame": {"x":1977,"y":210,"w":69,"h":69},
	"rotated": false,
	"trimmed": true,
	"spriteSourceSize": {"x":0,"y":1,"w":69,"h":69},
	"sourceSize": {"w":70,"h":70}
},
"ui_icon_kit3.png":
{
	"frame": {"x":1968,"y":765,"w":79,"h":79},
	"rotated": false,
	"trimmed": true,
	"spriteSourceSize": {"x":1,"y":1,"w":79,"h":79},
	"sourceSize": {"w":80,"h":80}
},
"ui_icon_tutorial_arrows_1.png":
{
	"frame": {"x":1715,"y":171,"w":261,"h":93},
	"rotated": false,
	"trimmed": true,
	"spriteSourceSize": {"x":4,"y":4,"w":261,"h":93},
	"sourceSize": {"w":270,"h":100}
},
"ui_icon_tutorial_arrows_2.png":
{
	"frame": {"x":1706,"y":765,"w":261,"h":93},
	"rotated": false,
	"trimmed": true,
	"spriteSourceSize": {"x":4,"y":4,"w":261,"h":93},
	"sourceSize": {"w":270,"h":100}
},
"ui_icon_tutorial_shift_2.png":
{
	"frame": {"x":1813,"y":1631,"w":184,"h":67},
	"rotated": false,
	"trimmed": true,
	"spriteSourceSize": {"x":38,"y":11,"w":184,"h":67},
	"sourceSize": {"w":260,"h":80}
},
"ui_icon_tutorial_steer.png":
{
	"frame": {"x":1691,"y":933,"w":251,"h":73},
	"rotated": false,
	"trimmed": true,
	"spriteSourceSize": {"x":4,"y":3,"w":251,"h":73},
	"sourceSize": {"w":260,"h":80}
},
"ui_icon_tutorial_steer_2.png":
{
	"frame": {"x":1706,"y":859,"w":252,"h":73},
	"rotated": false,
	"trimmed": true,
	"spriteSourceSize": {"x":5,"y":3,"w":252,"h":73},
	"sourceSize": {"w":260,"h":80}
},
"ui_icon_tyre.png":
{
	"frame": {"x":1959,"y":922,"w":88,"h":104},
	"rotated": false,
	"trimmed": true,
	"spriteSourceSize": {"x":1,"y":3,"w":88,"h":104},
	"sourceSize": {"w":90,"h":110}
},
"ui_icon_tyre1.png":
{
	"frame": {"x":1959,"y":922,"w":88,"h":104},
	"rotated": false,
	"trimmed": true,
	"spriteSourceSize": {"x":1,"y":1,"w":88,"h":104},
	"sourceSize": {"w":90,"h":106}
},
"ui_icon_tyre2.png":
{
	"frame": {"x":1959,"y":922,"w":88,"h":104},
	"rotated": false,
	"trimmed": true,
	"spriteSourceSize": {"x":1,"y":1,"w":88,"h":104},
	"sourceSize": {"w":90,"h":106}
},
"ui_icon_tyre3.png":
{
	"frame": {"x":1959,"y":922,"w":88,"h":104},
	"rotated": false,
	"trimmed": true,
	"spriteSourceSize": {"x":1,"y":1,"w":88,"h":104},
	"sourceSize": {"w":90,"h":106}
},
"ui_icon_tyre4.png":
{
	"frame": {"x":1959,"y":922,"w":88,"h":104},
	"rotated": false,
	"trimmed": true,
	"spriteSourceSize": {"x":1,"y":1,"w":88,"h":104},
	"sourceSize": {"w":90,"h":106}
},
"ui_kit_bg_aerodynamic.png":
{
	"frame": {"x":1592,"y":1702,"w":447,"h":62},
	"rotated": false,
	"trimmed": true,
	"spriteSourceSize": {"x":14,"y":13,"w":447,"h":62},
	"sourceSize": {"w":470,"h":110}
},
"ui_kit_bg_aerodynamic_2.png":
{
	"frame": {"x":950,"y":1773,"w":618,"h":270},
	"rotated": false,
	"trimmed": true,
	"spriteSourceSize": {"x":46,"y":10,"w":618,"h":270},
	"sourceSize": {"w":720,"h":310}
},
"ui_kit_bg_desert_2.png":
{
	"frame": {"x":1,"y":1214,"w":682,"h":303},
	"rotated": false,
	"trimmed": true,
	"spriteSourceSize": {"x":23,"y":0,"w":682,"h":303},
	"sourceSize": {"w":720,"h":310}
},
"ui_kit_bg_jungle.png":
{
	"frame": {"x":1569,"y":1773,"w":461,"h":109},
	"rotated": false,
	"trimmed": true,
	"spriteSourceSize": {"x":3,"y":0,"w":461,"h":109},
	"sourceSize": {"w":470,"h":110}
},
"ui_kit_bg_jungle_2.png":
{
	"frame": {"x":901,"y":1234,"w":709,"h":263},
	"rotated": false,
	"trimmed": true,
	"spriteSourceSize": {"x":3,"y":30,"w":709,"h":263},
	"sourceSize": {"w":720,"h":310}
},
"ui_laps_bg.png":
{
	"frame": {"x":1671,"y":1631,"w":141,"h":70},
	"rotated": false,
	"trimmed": true,
	"spriteSourceSize": {"x":5,"y":6,"w":141,"h":70},
	"sourceSize": {"w":150,"h":80}
},
"ui_leaderboard_bg.png":
{
	"frame": {"x":911,"y":956,"w":775,"h":95},
	"rotated": false,
	"trimmed": true,
	"spriteSourceSize": {"x":2,"y":0,"w":775,"h":95},
	"sourceSize": {"w":780,"h":96}
},
"ui_map_path_curvy_off.png":
{
	"frame": {"x":1611,"y":1266,"w":66,"h":179},
	"rotated": false,
	"trimmed": true,
	"spriteSourceSize": {"x":2,"y":0,"w":66,"h":179},
	"sourceSize": {"w":70,"h":180}
},
"ui_map_path_curvy_on.png":
{
	"frame": {"x":1611,"y":1446,"w":66,"h":179},
	"rotated": false,
	"trimmed": true,
	"spriteSourceSize": {"x":2,"y":0,"w":66,"h":179},
	"sourceSize": {"w":70,"h":180}
},
"ui_map_path_straight_off.png":
{
	"frame": {"x":1982,"y":160,"w":64,"h":49},
	"rotated": false,
	"trimmed": true,
	"spriteSourceSize": {"x":0,"y":3,"w":64,"h":49},
	"sourceSize": {"w":64,"h":56}
},
"ui_mcqueen_welcome.png":
{
	"frame": {"x":1073,"y":1498,"w":518,"h":274},
	"rotated": false,
	"trimmed": true,
	"spriteSourceSize": {"x":3,"y":3,"w":518,"h":274},
	"sourceSize": {"w":524,"h":280}
},
"ui_medal_bg.png":
{
	"frame": {"x":684,"y":1444,"w":203,"h":135},
	"rotated": false,
	"trimmed": true,
	"spriteSourceSize": {"x":3,"y":2,"w":203,"h":135},
	"sourceSize": {"w":210,"h":140}
},
"ui_message_bg_help.png":
{
	"frame": {"x":1,"y":1010,"w":778,"h":86},
	"rotated": false,
	"trimmed": true,
	"spriteSourceSize": {"x":6,"y":2,"w":778,"h":86},
	"sourceSize": {"w":790,"h":90}
},
"ui_message_bg_tutorial.png":
{
	"frame": {"x":1706,"y":280,"w":338,"h":160},
	"rotated": false,
	"trimmed": true,
	"spriteSourceSize": {"x":6,"y":5,"w":338,"h":160},
	"sourceSize": {"w":350,"h":170}
},
"ui_pagination_off.png":
{
	"frame": {"x":566,"y":1857,"w":29,"h":30},
	"rotated": false,
	"trimmed": true,
	"spriteSourceSize": {"x":1,"y":1,"w":29,"h":30},
	"sourceSize": {"w":32,"h":32}
},
"ui_pagination_on.png":
{
	"frame": {"x":684,"y":1214,"w":31,"h":32},
	"rotated": false,
	"trimmed": true,
	"spriteSourceSize": {"x":0,"y":0,"w":31,"h":32},
	"sourceSize": {"w":32,"h":32}
},
"ui_popup_bottom_carbon.png":
{
	"frame": {"x":911,"y":263,"w":794,"h":479},
	"rotated": false,
	"trimmed": true,
	"spriteSourceSize": {"x":13,"y":0,"w":794,"h":479},
	"sourceSize": {"w":820,"h":490}
},
"ui_popup_bottom_carbon_small.png":
{
	"frame": {"x":1,"y":633,"w":794,"h":376},
	"rotated": false,
	"trimmed": true,
	"spriteSourceSize": {"x":13,"y":0,"w":794,"h":376},
	"sourceSize": {"w":820,"h":390}
},
"ui_popup_bottom_carbon_super_small.png":
{
	"frame": {"x":919,"y":1,"w":795,"h":261},
	"rotated": false,
	"trimmed": true,
	"spriteSourceSize": {"x":13,"y":0,"w":795,"h":261},
	"sourceSize": {"w":820,"h":280}
},
"ui_popup_bottom_gold.png":
{
	"frame": {"x":1,"y":149,"w":794,"h":483},
	"rotated": false,
	"trimmed": true,
	"spriteSourceSize": {"x":13,"y":0,"w":794,"h":483},
	"sourceSize": {"w":820,"h":490}
},
"ui_popup_leaderboard.png":
{
	"frame": {"x":911,"y":1052,"w":775,"h":93},
	"rotated": false,
	"trimmed": true,
	"spriteSourceSize": {"x":22,"y":0,"w":775,"h":93},
	"sourceSize": {"w":820,"h":93}
},
"ui_popup_top.png":
{
	"frame": {"x":911,"y":873,"w":779,"h":82},
	"rotated": false,
	"trimmed": true,
	"spriteSourceSize": {"x":20,"y":8,"w":779,"h":82},
	"sourceSize": {"w":820,"h":90}
},
"ui_popup_top_high.png":
{
	"frame": {"x":911,"y":743,"w":794,"h":129},
	"rotated": false,
	"trimmed": true,
	"spriteSourceSize": {"x":13,"y":0,"w":794,"h":129},
	"sourceSize": {"w":820,"h":129}
},
"ui_race_mode_series.png":
{
	"frame": {"x":600,"y":1595,"w":349,"h":437},
	"rotated": false,
	"trimmed": true,
	"spriteSourceSize": {"x":33,"y":0,"w":349,"h":437},
	"sourceSize": {"w":400,"h":440}
},
"ui_race_mode_single.png":
{
	"frame": {"x":37,"y":1580,"w":348,"h":440},
	"rotated": false,
	"trimmed": true,
	"spriteSourceSize": {"x":6,"y":0,"w":348,"h":440},
	"sourceSize": {"w":360,"h":440}
},
"ui_scroll_bg_long.png":
{
	"frame": {"x":1,"y":1580,"w":35,"h":451},
	"rotated": false,
	"trimmed": true,
	"spriteSourceSize": {"x":3,"y":4,"w":35,"h":451},
	"sourceSize": {"w":40,"h":460}
},
"ui_scroll_btn.png":
{
	"frame": {"x":735,"y":1097,"w":39,"h":85},
	"rotated": false,
	"trimmed": true,
	"spriteSourceSize": {"x":0,"y":2,"w":39,"h":85},
	"sourceSize": {"w":40,"h":90}
},
"ui_splash_cars.png":
{
	"frame": {"x":1,"y":1,"w":917,"h":147},
	"rotated": false,
	"trimmed": true,
	"spriteSourceSize": {"x":0,"y":5,"w":917,"h":147},
	"sourceSize": {"w":920,"h":190}
},
"ui_trophies_bar.png":
{
	"frame": {"x":1,"y":1097,"w":733,"h":116},
	"rotated": false,
	"trimmed": true,
	"spriteSourceSize": {"x":13,"y":2,"w":733,"h":116},
	"sourceSize": {"w":760,"h":120}
},
"ui_trophies_divider.png":
{
	"frame": {"x":1,"y":2032,"w":598,"h":14},
	"rotated": false,
	"trimmed": true,
	"spriteSourceSize": {"x":1,"y":0,"w":598,"h":14},
	"sourceSize": {"w":600,"h":14}
},
"ui_trophies_star_bronze.png":
{
	"frame": {"x":1968,"y":845,"w":78,"h":76},
	"rotated": false,
	"trimmed": true,
	"spriteSourceSize": {"x":1,"y":2,"w":78,"h":76},
	"sourceSize": {"w":80,"h":80}
},
"ui_trophies_star_gold.png":
{
	"frame": {"x":1592,"y":1626,"w":78,"h":75},
	"rotated": false,
	"trimmed": true,
	"spriteSourceSize": {"x":1,"y":2,"w":78,"h":75},
	"sourceSize": {"w":80,"h":80}
},
"ui_trophies_star_silver.png":
{
	"frame": {"x":600,"y":1518,"w":78,"h":76},
	"rotated": false,
	"trimmed": true,
	"spriteSourceSize": {"x":1,"y":2,"w":78,"h":76},
	"sourceSize": {"w":80,"h":80}
},
"ui_trophy_advanced_bronze.png":
{
	"frame": {"x":1627,"y":1146,"w":59,"h":59},
	"rotated": false,
	"trimmed": true,
	"spriteSourceSize": {"x":45,"y":12,"w":59,"h":59},
	"sourceSize": {"w":150,"h":120}
},
"ui_trophy_advanced_bronze_big.png":
{
	"frame": {"x":1569,"y":1883,"w":159,"h":160},
	"rotated": false,
	"trimmed": true,
	"spriteSourceSize": {"x":105,"y":19,"w":159,"h":160},
	"sourceSize": {"w":370,"h":310}
},
"ui_trophy_advanced_gold.png":
{
	"frame": {"x":1627,"y":1206,"w":59,"h":59},
	"rotated": false,
	"trimmed": true,
	"spriteSourceSize": {"x":45,"y":12,"w":59,"h":59},
	"sourceSize": {"w":150,"h":120}
},
"ui_trophy_advanced_gold_big.png":
{
	"frame": {"x":1729,"y":1883,"w":159,"h":160},
	"rotated": false,
	"trimmed": true,
	"spriteSourceSize": {"x":105,"y":19,"w":159,"h":160},
	"sourceSize": {"w":370,"h":310}
},
"ui_trophy_bronze_big.png":
{
	"frame": {"x":1687,"y":1027,"w":351,"h":301},
	"rotated": false,
	"trimmed": true,
	"spriteSourceSize": {"x":10,"y":8,"w":351,"h":301},
	"sourceSize": {"w":370,"h":310}
},
"ui_trophy_gold_big.png":
{
	"frame": {"x":1678,"y":1329,"w":351,"h":301},
	"rotated": false,
	"trimmed": true,
	"spriteSourceSize": {"x":10,"y":8,"w":351,"h":301},
	"sourceSize": {"w":370,"h":310}
}},
"meta": {
	"app": "http://www.codeandweb.com/texturepacker",
	"version": "1.0",
	"image": "ui0.png",
	"format": "RGBA8888",
	"size": {"w":2048,"h":2048},
	"scale": "0.5",
	"smartupdate": "$TexturePacker:SmartUpdate:705cc7f7f5625afc5b82d5b4481a66de:0074dd44548fba907291a6ec26247646:cbb6ecba8c8e45db0c6f3d92f376314e$"
}
}
