{"frames": {

"GO_button_leaderboard.png":
{
	"frame": {"x":174,"y":966,"w":204,"h":34},
	"rotated": false,
	"trimmed": false,
	"spriteSourceSize": {"x":0,"y":0,"w":204,"h":34},
	"sourceSize": {"w":204,"h":34}
},
"GO_button_leaderboard_press.png":
{
	"frame": {"x":175,"y":930,"w":204,"h":34},
	"rotated": false,
	"trimmed": false,
	"spriteSourceSize": {"x":0,"y":0,"w":204,"h":34},
	"sourceSize": {"w":204,"h":34}
},
"GO_button_more.png":
{
	"frame": {"x":381,"y":960,"w":204,"h":34},
	"rotated": false,
	"trimmed": false,
	"spriteSourceSize": {"x":0,"y":0,"w":204,"h":34},
	"sourceSize": {"w":204,"h":34}
},
"GO_button_more_press.png":
{
	"frame": {"x":415,"y":924,"w":204,"h":34},
	"rotated": false,
	"trimmed": false,
	"spriteSourceSize": {"x":0,"y":0,"w":204,"h":34},
	"sourceSize": {"w":204,"h":34}
},
"GO_button_play.png":
{
	"frame": {"x":621,"y":926,"w":204,"h":34},
	"rotated": false,
	"trimmed": false,
	"spriteSourceSize": {"x":0,"y":0,"w":204,"h":34},
	"sourceSize": {"w":204,"h":34}
},
"GO_button_play_press.png":
{
	"frame": {"x":209,"y":894,"w":204,"h":34},
	"rotated": false,
	"trimmed": false,
	"spriteSourceSize": {"x":0,"y":0,"w":204,"h":34},
	"sourceSize": {"w":204,"h":34}
},
"GO_panel_PB.png":
{
	"frame": {"x":926,"y":305,"w":67,"h":12},
	"rotated": false,
	"trimmed": false,
	"spriteSourceSize": {"x":0,"y":0,"w":67,"h":12},
	"sourceSize": {"w":67,"h":12}
},
"GO_panel_rank.png":
{
	"frame": {"x":942,"y":290,"w":23,"h":12},
	"rotated": false,
	"trimmed": false,
	"spriteSourceSize": {"x":0,"y":0,"w":23,"h":12},
	"sourceSize": {"w":23,"h":12}
},
"GO_panel_singleRecess.png":
{
	"frame": {"x":193,"y":485,"w":214,"h":46},
	"rotated": false,
	"trimmed": false,
	"spriteSourceSize": {"x":0,"y":0,"w":214,"h":46},
	"sourceSize": {"w":214,"h":46}
},
"HOME_desktop_leaderboard.png":
{
	"frame": {"x":152,"y":798,"w":166,"h":40},
	"rotated": false,
	"trimmed": false,
	"spriteSourceSize": {"x":0,"y":0,"w":166,"h":40},
	"sourceSize": {"w":166,"h":40}
},
"HOME_desktop_leaderboard_press.png":
{
	"frame": {"x":675,"y":774,"w":166,"h":40},
	"rotated": false,
	"trimmed": false,
	"spriteSourceSize": {"x":0,"y":0,"w":166,"h":40},
	"sourceSize": {"w":166,"h":40}
},
"HOME_desktop_more.png":
{
	"frame": {"x":507,"y":740,"w":166,"h":40},
	"rotated": false,
	"trimmed": false,
	"spriteSourceSize": {"x":0,"y":0,"w":166,"h":40},
	"sourceSize": {"w":166,"h":40}
},
"HOME_desktop_more_press.png":
{
	"frame": {"x":321,"y":777,"w":166,"h":40},
	"rotated": false,
	"trimmed": false,
	"spriteSourceSize": {"x":0,"y":0,"w":166,"h":40},
	"sourceSize": {"w":166,"h":40}
},
"HOME_desktop_play.png":
{
	"frame": {"x":720,"y":174,"w":208,"h":54},
	"rotated": false,
	"trimmed": false,
	"spriteSourceSize": {"x":0,"y":0,"w":208,"h":54},
	"sourceSize": {"w":208,"h":54}
},
"HOME_desktop_play_press.png":
{
	"frame": {"x":720,"y":230,"w":208,"h":54},
	"rotated": false,
	"trimmed": false,
	"spriteSourceSize": {"x":0,"y":0,"w":208,"h":54},
	"sourceSize": {"w":208,"h":54}
},
"Maccy_tab.png":
{
	"frame": {"x":942,"y":227,"w":76,"h":61},
	"rotated": false,
	"trimmed": false,
	"spriteSourceSize": {"x":0,"y":0,"w":76,"h":61},
	"sourceSize": {"w":76,"h":61}
},
"McBite.png":
{
	"frame": {"x":345,"y":615,"w":160,"h":160},
	"rotated": false,
	"trimmed": false,
	"spriteSourceSize": {"x":0,"y":0,"w":160,"h":160},
	"sourceSize": {"w":160,"h":160}
},
"back.png":
{
	"frame": {"x":992,"y":553,"w":28,"h":29},
	"rotated": false,
	"trimmed": false,
	"spriteSourceSize": {"x":0,"y":0,"w":28,"h":29},
	"sourceSize": {"w":28,"h":29}
},
"back_button_press.png":
{
	"frame": {"x":992,"y":521,"w":28,"h":30},
	"rotated": false,
	"trimmed": false,
	"spriteSourceSize": {"x":0,"y":0,"w":28,"h":30},
	"sourceSize": {"w":28,"h":30}
},
"back_button_up.png":
{
	"frame": {"x":992,"y":489,"w":28,"h":30},
	"rotated": false,
	"trimmed": false,
	"spriteSourceSize": {"x":0,"y":0,"w":28,"h":30},
	"sourceSize": {"w":28,"h":30}
},
"button_challenge.png":
{
	"frame": {"x":3,"y":953,"w":169,"h":35},
	"rotated": false,
	"trimmed": false,
	"spriteSourceSize": {"x":0,"y":0,"w":169,"h":35},
	"sourceSize": {"w":169,"h":35}
},
"button_facebook.png":
{
	"frame": {"x":542,"y":619,"w":33,"h":34},
	"rotated": false,
	"trimmed": false,
	"spriteSourceSize": {"x":0,"y":0,"w":33,"h":34},
	"sourceSize": {"w":33,"h":34}
},
"button_twitter.png":
{
	"frame": {"x":507,"y":619,"w":33,"h":34},
	"rotated": false,
	"trimmed": false,
	"spriteSourceSize": {"x":0,"y":0,"w":33,"h":34},
	"sourceSize": {"w":33,"h":34}
},
"challenge_friends_press.png":
{
	"frame": {"x":507,"y":694,"w":214,"h":44},
	"rotated": false,
	"trimmed": false,
	"spriteSourceSize": {"x":0,"y":0,"w":214,"h":44},
	"sourceSize": {"w":214,"h":44}
},
"challenge_friends_up.png":
{
	"frame": {"x":121,"y":704,"w":214,"h":44},
	"rotated": false,
	"trimmed": false,
	"spriteSourceSize": {"x":0,"y":0,"w":214,"h":44},
	"sourceSize": {"w":214,"h":44}
},
"cloud.png":
{
	"frame": {"x":3,"y":3,"w":373,"h":347},
	"rotated": false,
	"trimmed": false,
	"spriteSourceSize": {"x":0,"y":0,"w":373,"h":347},
	"sourceSize": {"w":373,"h":347}
},
"crumbPanel.png":
{
	"frame": {"x":951,"y":3,"w":62,"h":60},
	"rotated": false,
	"trimmed": false,
	"spriteSourceSize": {"x":0,"y":0,"w":62,"h":60},
	"sourceSize": {"w":62,"h":60}
},
"crumbScale.png":
{
	"frame": {"x":3,"y":656,"w":116,"h":116},
	"rotated": false,
	"trimmed": false,
	"spriteSourceSize": {"x":0,"y":0,"w":116,"h":116},
	"sourceSize": {"w":116,"h":116}
},
"dividerScore.png":
{
	"frame": {"x":378,"y":319,"w":328,"h":1},
	"rotated": false,
	"trimmed": false,
	"spriteSourceSize": {"x":0,"y":0,"w":328,"h":1},
	"sourceSize": {"w":328,"h":1}
},
"facebookSubmit.png":
{
	"frame": {"x":723,"y":728,"w":214,"h":44},
	"rotated": false,
	"trimmed": false,
	"spriteSourceSize": {"x":0,"y":0,"w":214,"h":44},
	"sourceSize": {"w":214,"h":44}
},
"facebookSubmit_press.png":
{
	"frame": {"x":193,"y":533,"w":214,"h":44},
	"rotated": false,
	"trimmed": false,
	"spriteSourceSize": {"x":0,"y":0,"w":214,"h":44},
	"sourceSize": {"w":214,"h":44}
},
"facebook_button_press.png":
{
	"frame": {"x":290,"y":656,"w":34,"h":34},
	"rotated": false,
	"trimmed": false,
	"spriteSourceSize": {"x":0,"y":0,"w":34,"h":34},
	"sourceSize": {"w":34,"h":34}
},
"facebook_button_up.png":
{
	"frame": {"x":571,"y":446,"w":34,"h":34},
	"rotated": false,
	"trimmed": false,
	"spriteSourceSize": {"x":0,"y":0,"w":34,"h":34},
	"sourceSize": {"w":34,"h":34}
},
"friends_BUTTON.png":
{
	"frame": {"x":121,"y":656,"w":167,"h":46},
	"rotated": false,
	"trimmed": false,
	"spriteSourceSize": {"x":0,"y":0,"w":167,"h":46},
	"sourceSize": {"w":167,"h":46}
},
"friends_ON.png":
{
	"frame": {"x":378,"y":322,"w":165,"h":28},
	"rotated": false,
	"trimmed": false,
	"spriteSourceSize": {"x":0,"y":0,"w":165,"h":28},
	"sourceSize": {"w":165,"h":28}
},
"friends_button_highlight.png":
{
	"frame": {"x":3,"y":915,"w":170,"h":36},
	"rotated": false,
	"trimmed": false,
	"spriteSourceSize": {"x":0,"y":0,"w":170,"h":36},
	"sourceSize": {"w":170,"h":36}
},
"friends_button_press.png":
{
	"frame": {"x":834,"y":852,"w":170,"h":36},
	"rotated": false,
	"trimmed": false,
	"spriteSourceSize": {"x":0,"y":0,"w":170,"h":36},
	"sourceSize": {"w":170,"h":36}
},
"friends_button_up.png":
{
	"frame": {"x":456,"y":820,"w":170,"h":36},
	"rotated": false,
	"trimmed": false,
	"spriteSourceSize": {"x":0,"y":0,"w":170,"h":36},
	"sourceSize": {"w":170,"h":36}
},
"gameTsCs.png":
{
	"frame": {"x":869,"y":151,"w":58,"h":12},
	"rotated": false,
	"trimmed": false,
	"spriteSourceSize": {"x":0,"y":0,"w":58,"h":12},
	"sourceSize": {"w":58,"h":12}
},
"howToPlay.png":
{
	"frame": {"x":507,"y":594,"w":100,"h":23},
	"rotated": false,
	"trimmed": false,
	"spriteSourceSize": {"x":0,"y":0,"w":100,"h":23},
	"sourceSize": {"w":100,"h":23}
},
"leaderboardTitle.png":
{
	"frame": {"x":867,"y":812,"w":146,"h":29},
	"rotated": false,
	"trimmed": false,
	"spriteSourceSize": {"x":0,"y":0,"w":146,"h":29},
	"sourceSize": {"w":146,"h":29}
},
"leaderboard_BG.png":
{
	"frame": {"x":193,"y":446,"w":340,"h":37},
	"rotated": false,
	"trimmed": false,
	"spriteSourceSize": {"x":0,"y":0,"w":340,"h":37},
	"sourceSize": {"w":340,"h":37}
},
"levelUP.png":
{
	"frame": {"x":3,"y":774,"w":147,"h":65},
	"rotated": false,
	"trimmed": false,
	"spriteSourceSize": {"x":0,"y":0,"w":147,"h":65},
	"sourceSize": {"w":147,"h":65}
},
"mobileControlMethod.png":
{
	"frame": {"x":378,"y":3,"w":367,"h":169},
	"rotated": false,
	"trimmed": false,
	"spriteSourceSize": {"x":0,"y":0,"w":367,"h":169},
	"sourceSize": {"w":367,"h":169}
},
"outroBite.png":
{
	"frame": {"x":942,"y":151,"w":72,"h":74},
	"rotated": false,
	"trimmed": false,
	"spriteSourceSize": {"x":0,"y":0,"w":72,"h":74},
	"sourceSize": {"w":72,"h":74}
},
"packFront.png":
{
	"frame": {"x":631,"y":322,"w":341,"h":370},
	"rotated": false,
	"trimmed": false,
	"spriteSourceSize": {"x":0,"y":0,"w":341,"h":370},
	"sourceSize": {"w":341,"h":370}
},
"packRear.png":
{
	"frame": {"x":378,"y":174,"w":340,"h":143},
	"rotated": false,
	"trimmed": false,
	"spriteSourceSize": {"x":0,"y":0,"w":340,"h":143},
	"sourceSize": {"w":340,"h":143}
},
"packShadow.png":
{
	"frame": {"x":3,"y":352,"w":626,"h":92},
	"rotated": false,
	"trimmed": false,
	"spriteSourceSize": {"x":0,"y":0,"w":626,"h":92},
	"sourceSize": {"w":626,"h":92}
},
"pauseButton.png":
{
	"frame": {"x":991,"y":65,"w":25,"h":32},
	"rotated": false,
	"trimmed": false,
	"spriteSourceSize": {"x":0,"y":0,"w":25,"h":32},
	"sourceSize": {"w":25,"h":32}
},
"pauseLogo.png":
{
	"frame": {"x":3,"y":446,"w":188,"h":169},
	"rotated": false,
	"trimmed": false,
	"spriteSourceSize": {"x":0,"y":0,"w":188,"h":169},
	"sourceSize": {"w":188,"h":169}
},
"pause_button_press.png":
{
	"frame": {"x":992,"y":455,"w":24,"h":32},
	"rotated": false,
	"trimmed": false,
	"spriteSourceSize": {"x":0,"y":0,"w":24,"h":32},
	"sourceSize": {"w":24,"h":32}
},
"pause_button_up.png":
{
	"frame": {"x":992,"y":421,"w":24,"h":32},
	"rotated": false,
	"trimmed": false,
	"spriteSourceSize": {"x":0,"y":0,"w":24,"h":32},
	"sourceSize": {"w":24,"h":32}
},
"pause_howto_press.png":
{
	"frame": {"x":723,"y":890,"w":204,"h":34},
	"rotated": false,
	"trimmed": false,
	"spriteSourceSize": {"x":0,"y":0,"w":204,"h":34},
	"sourceSize": {"w":204,"h":34}
},
"pause_howto_up.png":
{
	"frame": {"x":517,"y":888,"w":204,"h":34},
	"rotated": false,
	"trimmed": false,
	"spriteSourceSize": {"x":0,"y":0,"w":204,"h":34},
	"sourceSize": {"w":204,"h":34}
},
"pause_main_press.png":
{
	"frame": {"x":3,"y":879,"w":204,"h":34},
	"rotated": false,
	"trimmed": false,
	"spriteSourceSize": {"x":0,"y":0,"w":204,"h":34},
	"sourceSize": {"w":204,"h":34}
},
"pause_main_up.png":
{
	"frame": {"x":311,"y":858,"w":204,"h":34},
	"rotated": false,
	"trimmed": false,
	"spriteSourceSize": {"x":0,"y":0,"w":204,"h":34},
	"sourceSize": {"w":204,"h":34}
},
"pause_restart_press.png":
{
	"frame": {"x":628,"y":852,"w":204,"h":34},
	"rotated": false,
	"trimmed": false,
	"spriteSourceSize": {"x":0,"y":0,"w":204,"h":34},
	"sourceSize": {"w":204,"h":34}
},
"pause_restart_up.png":
{
	"frame": {"x":661,"y":816,"w":204,"h":34},
	"rotated": false,
	"trimmed": false,
	"spriteSourceSize": {"x":0,"y":0,"w":204,"h":34},
	"sourceSize": {"w":204,"h":34}
},
"pause_resume_press.png":
{
	"frame": {"x":193,"y":579,"w":204,"h":34},
	"rotated": false,
	"trimmed": false,
	"spriteSourceSize": {"x":0,"y":0,"w":204,"h":34},
	"sourceSize": {"w":204,"h":34}
},
"pause_resume_up.png":
{
	"frame": {"x":720,"y":286,"w":204,"h":34},
	"rotated": false,
	"trimmed": false,
	"spriteSourceSize": {"x":0,"y":0,"w":204,"h":34},
	"sourceSize": {"w":204,"h":34}
},
"scorePanel.png":
{
	"frame": {"x":747,"y":3,"w":202,"h":146},
	"rotated": false,
	"trimmed": false,
	"spriteSourceSize": {"x":0,"y":0,"w":202,"h":146},
	"sourceSize": {"w":202,"h":146}
},
"scorePanelMobile.png":
{
	"frame": {"x":409,"y":485,"w":202,"h":107},
	"rotated": false,
	"trimmed": false,
	"spriteSourceSize": {"x":0,"y":0,"w":202,"h":107},
	"sourceSize": {"w":202,"h":107}
},
"sharePBtext.png":
{
	"frame": {"x":747,"y":151,"w":120,"h":12},
	"rotated": false,
	"trimmed": false,
	"spriteSourceSize": {"x":0,"y":0,"w":120,"h":12},
	"sourceSize": {"w":120,"h":12}
},
"soundOFF.png":
{
	"frame": {"x":951,"y":107,"w":38,"h":40},
	"rotated": false,
	"trimmed": false,
	"spriteSourceSize": {"x":0,"y":0,"w":38,"h":40},
	"sourceSize": {"w":38,"h":40}
},
"soundOFF_press.png":
{
	"frame": {"x":992,"y":387,"w":24,"h":32},
	"rotated": false,
	"trimmed": false,
	"spriteSourceSize": {"x":0,"y":0,"w":24,"h":32},
	"sourceSize": {"w":24,"h":32}
},
"soundOFF_up.png":
{
	"frame": {"x":992,"y":353,"w":24,"h":32},
	"rotated": false,
	"trimmed": false,
	"spriteSourceSize": {"x":0,"y":0,"w":24,"h":32},
	"sourceSize": {"w":24,"h":32}
},
"soundON.png":
{
	"frame": {"x":951,"y":65,"w":38,"h":40},
	"rotated": false,
	"trimmed": false,
	"spriteSourceSize": {"x":0,"y":0,"w":38,"h":40},
	"sourceSize": {"w":38,"h":40}
},
"soundON_press.png":
{
	"frame": {"x":992,"y":319,"w":24,"h":32},
	"rotated": false,
	"trimmed": false,
	"spriteSourceSize": {"x":0,"y":0,"w":24,"h":32},
	"sourceSize": {"w":24,"h":32}
},
"soundON_up.png":
{
	"frame": {"x":991,"y":99,"w":24,"h":32},
	"rotated": false,
	"trimmed": false,
	"spriteSourceSize": {"x":0,"y":0,"w":24,"h":32},
	"sourceSize": {"w":24,"h":32}
},
"submit_button_press.png":
{
	"frame": {"x":175,"y":840,"w":134,"h":34},
	"rotated": false,
	"trimmed": false,
	"spriteSourceSize": {"x":0,"y":0,"w":134,"h":34},
	"sourceSize": {"w":134,"h":34}
},
"submit_button_up.png":
{
	"frame": {"x":320,"y":819,"w":134,"h":34},
	"rotated": false,
	"trimmed": false,
	"spriteSourceSize": {"x":0,"y":0,"w":134,"h":34},
	"sourceSize": {"w":134,"h":34}
},
"testLineOutro.png":
{
	"frame": {"x":974,"y":319,"w":16,"h":371},
	"rotated": false,
	"trimmed": false,
	"spriteSourceSize": {"x":0,"y":0,"w":16,"h":371},
	"sourceSize": {"w":16,"h":371}
},
"top20_BUTTON.png":
{
	"frame": {"x":152,"y":750,"w":167,"h":46},
	"rotated": false,
	"trimmed": false,
	"spriteSourceSize": {"x":0,"y":0,"w":167,"h":46},
	"sourceSize": {"w":167,"h":46}
},
"top20_ON.png":
{
	"frame": {"x":723,"y":694,"w":165,"h":28},
	"rotated": false,
	"trimmed": false,
	"spriteSourceSize": {"x":0,"y":0,"w":165,"h":28},
	"sourceSize": {"w":165,"h":28}
},
"top20_button_highlight.png":
{
	"frame": {"x":843,"y":774,"w":170,"h":36},
	"rotated": false,
	"trimmed": false,
	"spriteSourceSize": {"x":0,"y":0,"w":170,"h":36},
	"sourceSize": {"w":170,"h":36}
},
"top20_button_press.png":
{
	"frame": {"x":3,"y":841,"w":170,"h":36},
	"rotated": false,
	"trimmed": false,
	"spriteSourceSize": {"x":0,"y":0,"w":170,"h":36},
	"sourceSize": {"w":170,"h":36}
},
"top20_button_up.png":
{
	"frame": {"x":489,"y":782,"w":170,"h":36},
	"rotated": false,
	"trimmed": false,
	"spriteSourceSize": {"x":0,"y":0,"w":170,"h":36},
	"sourceSize": {"w":170,"h":36}
},
"top20_friends_BG.png":
{
	"frame": {"x":3,"y":617,"w":340,"h":37},
	"rotated": false,
	"trimmed": false,
	"spriteSourceSize": {"x":0,"y":0,"w":340,"h":37},
	"sourceSize": {"w":340,"h":37}
},
"twitter_button_press.png":
{
	"frame": {"x":535,"y":446,"w":34,"h":34},
	"rotated": false,
	"trimmed": false,
	"spriteSourceSize": {"x":0,"y":0,"w":34,"h":34},
	"sourceSize": {"w":34,"h":34}
},
"twitter_button_up.png":
{
	"frame": {"x":974,"y":692,"w":34,"h":34},
	"rotated": false,
	"trimmed": false,
	"spriteSourceSize": {"x":0,"y":0,"w":34,"h":34},
	"sourceSize": {"w":34,"h":34}
},
"whiteGradient.png":
{
	"frame": {"x":930,"y":151,"w":10,"h":152},
	"rotated": false,
	"trimmed": false,
	"spriteSourceSize": {"x":0,"y":0,"w":10,"h":152},
	"sourceSize": {"w":10,"h":152}
},
"yourScore_text.png":
{
	"frame": {"x":545,"y":322,"w":76,"h":18},
	"rotated": false,
	"trimmed": false,
	"spriteSourceSize": {"x":0,"y":0,"w":76,"h":18},
	"sourceSize": {"w":76,"h":18}
}},
"meta": {
	"app": "http://www.texturepacker.com",
	"version": "1.0",
	"image": "uiSpriteSheet.png",
	"format": "RGBA8888",
	"size": {"w":1023,"h":1003},
	"scale": "1",
	"smartupdate": "$TexturePacker:SmartUpdate:8fd8dc864aaa74810a14884ea002fca1$"
}
}
