{"frames": {

"ingame_crystal_cyan_00.png":
{
	"frame": {"x":178,"y":192,"w":88,"h":88},
	"rotated": false,
	"trimmed": true,
	"spriteSourceSize": {"x":0,"y":20,"w":88,"h":88},
	"sourceSize": {"w":110,"h":110}
},
"ingame_crystal_glow.png":
{
	"frame": {"x":77,"y":345,"w":194,"h":194},
	"rotated": false,
	"trimmed": false,
	"spriteSourceSize": {"x":0,"y":0,"w":194,"h":194},
	"sourceSize": {"w":194,"h":194}
},
"ingame_crystal_green_00.png":
{
	"frame": {"x":267,"y":189,"w":88,"h":88},
	"rotated": false,
	"trimmed": true,
	"spriteSourceSize": {"x":0,"y":20,"w":88,"h":88},
	"sourceSize": {"w":110,"h":110}
},
"ingame_crystal_pink_00.png":
{
	"frame": {"x":219,"y":927,"w":88,"h":88},
	"rotated": false,
	"trimmed": true,
	"spriteSourceSize": {"x":0,"y":20,"w":88,"h":88},
	"sourceSize": {"w":110,"h":110}
},
"ingame_crystal_purple_00.png":
{
	"frame": {"x":308,"y":917,"w":88,"h":88},
	"rotated": false,
	"trimmed": true,
	"spriteSourceSize": {"x":0,"y":20,"w":88,"h":88},
	"sourceSize": {"w":110,"h":110}
},
"ingame_goal_bg.png":
{
	"frame": {"x":219,"y":1,"w":710,"h":56},
	"rotated": false,
	"trimmed": true,
	"spriteSourceSize": {"x":0,"y":2,"w":710,"h":56},
	"sourceSize": {"w":710,"h":60}
},
"ingame_level_bg.png":
{
	"frame": {"x":342,"y":685,"w":300,"h":80},
	"rotated": false,
	"trimmed": false,
	"spriteSourceSize": {"x":0,"y":0,"w":300,"h":80},
	"sourceSize": {"w":300,"h":80}
},
"ingame_obstacle_snowball_1.png":
{
	"frame": {"x":820,"y":146,"w":198,"h":198},
	"rotated": false,
	"trimmed": true,
	"spriteSourceSize": {"x":2,"y":2,"w":198,"h":198},
	"sourceSize": {"w":200,"h":200}
},
"ingame_obstacle_snowball_2.png":
{
	"frame": {"x":77,"y":540,"w":174,"h":162},
	"rotated": false,
	"trimmed": true,
	"spriteSourceSize": {"x":14,"y":26,"w":174,"h":162},
	"sourceSize": {"w":200,"h":200}
},
"ingame_personal_best_00.png":
{
	"frame": {"x":54,"y":1,"w":22,"h":768},
	"rotated": false,
	"trimmed": true,
	"spriteSourceSize": {"x":0,"y":0,"w":22,"h":768},
	"sourceSize": {"w":24,"h":768}
},
"ingame_personal_best_01.png":
{
	"frame": {"x":1,"y":1,"w":52,"h":768},
	"rotated": false,
	"trimmed": true,
	"spriteSourceSize": {"x":2,"y":0,"w":52,"h":768},
	"sourceSize": {"w":56,"h":768}
},
"ingame_progress_bar_cyan_off.png":
{
	"frame": {"x":209,"y":101,"w":8,"h":12},
	"rotated": false,
	"trimmed": true,
	"spriteSourceSize": {"x":0,"y":2,"w":8,"h":12},
	"sourceSize": {"w":8,"h":16}
},
"ingame_progress_bar_cyan_on.png":
{
	"frame": {"x":209,"y":114,"w":8,"h":12},
	"rotated": false,
	"trimmed": true,
	"spriteSourceSize": {"x":0,"y":2,"w":8,"h":12},
	"sourceSize": {"w":8,"h":16}
},
"ingame_progress_bar_green_off.png":
{
	"frame": {"x":209,"y":127,"w":8,"h":12},
	"rotated": false,
	"trimmed": true,
	"spriteSourceSize": {"x":0,"y":2,"w":8,"h":12},
	"sourceSize": {"w":8,"h":16}
},
"ingame_progress_bar_green_on.png":
{
	"frame": {"x":209,"y":140,"w":8,"h":12},
	"rotated": false,
	"trimmed": true,
	"spriteSourceSize": {"x":0,"y":2,"w":8,"h":12},
	"sourceSize": {"w":8,"h":16}
},
"ingame_progress_bar_pink_off.png":
{
	"frame": {"x":209,"y":153,"w":8,"h":12},
	"rotated": false,
	"trimmed": true,
	"spriteSourceSize": {"x":0,"y":2,"w":8,"h":12},
	"sourceSize": {"w":8,"h":16}
},
"ingame_progress_bar_pink_on.png":
{
	"frame": {"x":209,"y":166,"w":8,"h":12},
	"rotated": false,
	"trimmed": true,
	"spriteSourceSize": {"x":0,"y":2,"w":8,"h":12},
	"sourceSize": {"w":8,"h":16}
},
"ingame_progress_bar_purple_off.png":
{
	"frame": {"x":209,"y":179,"w":8,"h":12},
	"rotated": false,
	"trimmed": true,
	"spriteSourceSize": {"x":0,"y":2,"w":8,"h":12},
	"sourceSize": {"w":8,"h":16}
},
"ingame_progress_bar_purple_on.png":
{
	"frame": {"x":186,"y":112,"w":8,"h":12},
	"rotated": false,
	"trimmed": true,
	"spriteSourceSize": {"x":0,"y":2,"w":8,"h":12},
	"sourceSize": {"w":8,"h":16}
},
"ingame_progress_cap_cyan_l.png":
{
	"frame": {"x":202,"y":101,"w":6,"h":12},
	"rotated": false,
	"trimmed": true,
	"spriteSourceSize": {"x":2,"y":2,"w":6,"h":12},
	"sourceSize": {"w":8,"h":16}
},
"ingame_progress_cap_cyan_r.png":
{
	"frame": {"x":202,"y":114,"w":6,"h":12},
	"rotated": false,
	"trimmed": true,
	"spriteSourceSize": {"x":0,"y":2,"w":6,"h":12},
	"sourceSize": {"w":8,"h":16}
},
"ingame_progress_cap_green_l.png":
{
	"frame": {"x":202,"y":127,"w":6,"h":12},
	"rotated": false,
	"trimmed": true,
	"spriteSourceSize": {"x":2,"y":2,"w":6,"h":12},
	"sourceSize": {"w":8,"h":16}
},
"ingame_progress_cap_green_r.png":
{
	"frame": {"x":202,"y":140,"w":6,"h":12},
	"rotated": false,
	"trimmed": true,
	"spriteSourceSize": {"x":0,"y":2,"w":6,"h":12},
	"sourceSize": {"w":8,"h":16}
},
"ingame_progress_cap_pink_l.png":
{
	"frame": {"x":202,"y":153,"w":6,"h":12},
	"rotated": false,
	"trimmed": true,
	"spriteSourceSize": {"x":2,"y":2,"w":6,"h":12},
	"sourceSize": {"w":8,"h":16}
},
"ingame_progress_cap_pink_r.png":
{
	"frame": {"x":202,"y":166,"w":6,"h":12},
	"rotated": false,
	"trimmed": true,
	"spriteSourceSize": {"x":0,"y":2,"w":6,"h":12},
	"sourceSize": {"w":8,"h":16}
},
"ingame_progress_cap_purple_l.png":
{
	"frame": {"x":202,"y":179,"w":6,"h":12},
	"rotated": false,
	"trimmed": true,
	"spriteSourceSize": {"x":2,"y":2,"w":6,"h":12},
	"sourceSize": {"w":8,"h":16}
},
"ingame_progress_cap_purple_r.png":
{
	"frame": {"x":195,"y":112,"w":6,"h":12},
	"rotated": false,
	"trimmed": true,
	"spriteSourceSize": {"x":0,"y":2,"w":6,"h":12},
	"sourceSize": {"w":8,"h":16}
},
"ingame_progress_char_anna.png":
{
	"frame": {"x":77,"y":703,"w":66,"h":66},
	"rotated": false,
	"trimmed": true,
	"spriteSourceSize": {"x":16,"y":16,"w":66,"h":66},
	"sourceSize": {"w":100,"h":100}
},
"ingame_progress_char_elsa.png":
{
	"frame": {"x":464,"y":911,"w":66,"h":68},
	"rotated": false,
	"trimmed": true,
	"spriteSourceSize": {"x":16,"y":14,"w":66,"h":68},
	"sourceSize": {"w":100,"h":100}
},
"ingame_progress_char_kristoff.png":
{
	"frame": {"x":531,"y":911,"w":66,"h":68},
	"rotated": false,
	"trimmed": true,
	"spriteSourceSize": {"x":16,"y":14,"w":66,"h":68},
	"sourceSize": {"w":100,"h":100}
},
"ingame_progress_char_olaf.png":
{
	"frame": {"x":397,"y":917,"w":66,"h":82},
	"rotated": false,
	"trimmed": true,
	"spriteSourceSize": {"x":16,"y":0,"w":66,"h":82},
	"sourceSize": {"w":100,"h":100}
},
"ingame_progress_char_pabbie.png":
{
	"frame": {"x":271,"y":278,"w":68,"h":66},
	"rotated": false,
	"trimmed": true,
	"spriteSourceSize": {"x":14,"y":16,"w":68,"h":66},
	"sourceSize": {"w":100,"h":100}
},
"ingame_sled_00.png":
{
	"frame": {"x":643,"y":189,"w":152,"h":54},
	"rotated": false,
	"trimmed": true,
	"spriteSourceSize": {"x":4,"y":0,"w":152,"h":54},
	"sourceSize": {"w":160,"h":56}
},
"ingame_troll_magic_00.png":
{
	"frame": {"x":297,"y":768,"w":150,"h":148},
	"rotated": false,
	"trimmed": true,
	"spriteSourceSize": {"x":4,"y":6,"w":150,"h":148},
	"sourceSize": {"w":160,"h":160}
},
"ingame_troll_sign.png":
{
	"frame": {"x":202,"y":768,"w":94,"h":158},
	"rotated": false,
	"trimmed": true,
	"spriteSourceSize": {"x":0,"y":0,"w":94,"h":158},
	"sourceSize": {"w":93,"h":157}
},
"ingame_troll_sign_arrow.png":
{
	"frame": {"x":1,"y":971,"w":48,"h":48},
	"rotated": false,
	"trimmed": true,
	"spriteSourceSize": {"x":0,"y":0,"w":48,"h":48},
	"sourceSize": {"w":47,"h":47}
},
"ingame_tutorial_highlight.png":
{
	"frame": {"x":1,"y":770,"w":200,"h":200},
	"rotated": false,
	"trimmed": false,
	"spriteSourceSize": {"x":0,"y":0,"w":200,"h":200},
	"sourceSize": {"w":200,"h":200}
},
"ingame_tutorial_text_bg.png":
{
	"frame": {"x":219,"y":58,"w":600,"h":130},
	"rotated": false,
	"trimmed": false,
	"spriteSourceSize": {"x":0,"y":0,"w":600,"h":130},
	"sourceSize": {"w":600,"h":130}
},
"map_star_01.png":
{
	"frame": {"x":186,"y":101,"w":10,"h":10},
	"rotated": false,
	"trimmed": false,
	"spriteSourceSize": {"x":0,"y":0,"w":10,"h":10},
	"sourceSize": {"w":10,"h":10}
},
"map_star_02.png":
{
	"frame": {"x":202,"y":22,"w":16,"h":16},
	"rotated": false,
	"trimmed": true,
	"spriteSourceSize": {"x":0,"y":0,"w":16,"h":16},
	"sourceSize": {"w":15,"h":15}
},
"map_wave_01.png":
{
	"frame": {"x":202,"y":56,"w":16,"h":6},
	"rotated": false,
	"trimmed": true,
	"spriteSourceSize": {"x":0,"y":0,"w":16,"h":6},
	"sourceSize": {"w":15,"h":5}
},
"map_wave_02.png":
{
	"frame": {"x":841,"y":138,"w":30,"h":6},
	"rotated": false,
	"trimmed": true,
	"spriteSourceSize": {"x":0,"y":0,"w":30,"h":6},
	"sourceSize": {"w":30,"h":5}
},
"map_wave_03.png":
{
	"frame": {"x":872,"y":138,"w":30,"h":6},
	"rotated": false,
	"trimmed": true,
	"spriteSourceSize": {"x":0,"y":0,"w":30,"h":6},
	"sourceSize": {"w":30,"h":5}
},
"particle_rock_00.png":
{
	"frame": {"x":176,"y":971,"w":32,"h":32},
	"rotated": false,
	"trimmed": false,
	"spriteSourceSize": {"x":0,"y":0,"w":32,"h":32},
	"sourceSize": {"w":32,"h":32}
},
"particle_rock_01.png":
{
	"frame": {"x":178,"y":158,"w":20,"h":16},
	"rotated": false,
	"trimmed": true,
	"spriteSourceSize": {"x":6,"y":8,"w":20,"h":16},
	"sourceSize": {"w":32,"h":32}
},
"particle_rock_02.png":
{
	"frame": {"x":820,"y":117,"w":20,"h":24},
	"rotated": false,
	"trimmed": true,
	"spriteSourceSize": {"x":6,"y":4,"w":20,"h":24},
	"sourceSize": {"w":32,"h":32}
},
"particle_snowflake_offset_00.png":
{
	"frame": {"x":202,"y":1,"w":16,"h":20},
	"rotated": false,
	"trimmed": true,
	"spriteSourceSize": {"x":8,"y":0,"w":16,"h":20},
	"sourceSize": {"w":32,"h":32}
},
"particle_snowflake_offset_01.png":
{
	"frame": {"x":202,"y":1004,"w":16,"h":18},
	"rotated": false,
	"trimmed": true,
	"spriteSourceSize": {"x":8,"y":0,"w":16,"h":18},
	"sourceSize": {"w":32,"h":32}
},
"particle_snowflake_offset_02.png":
{
	"frame": {"x":199,"y":63,"w":8,"h":6},
	"rotated": false,
	"trimmed": true,
	"spriteSourceSize": {"x":12,"y":4,"w":8,"h":6},
	"sourceSize": {"w":32,"h":32}
},
"particle_snowflake_offset_03.png":
{
	"frame": {"x":202,"y":39,"w":16,"h":16},
	"rotated": false,
	"trimmed": true,
	"spriteSourceSize": {"x":8,"y":0,"w":16,"h":16},
	"sourceSize": {"w":32,"h":32}
},
"particle_sparkle_00.png":
{
	"frame": {"x":186,"y":16,"w":14,"h":12},
	"rotated": false,
	"trimmed": true,
	"spriteSourceSize": {"x":10,"y":10,"w":14,"h":12},
	"sourceSize": {"w":32,"h":32}
},
"particle_sparkle_01.png":
{
	"frame": {"x":186,"y":29,"w":12,"h":14},
	"rotated": false,
	"trimmed": true,
	"spriteSourceSize": {"x":10,"y":8,"w":12,"h":14},
	"sourceSize": {"w":32,"h":32}
},
"particle_sparkle_02.png":
{
	"frame": {"x":186,"y":44,"w":12,"h":12},
	"rotated": false,
	"trimmed": true,
	"spriteSourceSize": {"x":10,"y":10,"w":12,"h":12},
	"sourceSize": {"w":32,"h":32}
},
"particle_sparkle_03.png":
{
	"frame": {"x":186,"y":16,"w":14,"h":12},
	"rotated": false,
	"trimmed": true,
	"spriteSourceSize": {"x":10,"y":10,"w":14,"h":12},
	"sourceSize": {"w":32,"h":32}
},
"particle_sparkle_offset_00.png":
{
	"frame": {"x":186,"y":1,"w":14,"h":14},
	"rotated": false,
	"trimmed": true,
	"spriteSourceSize": {"x":10,"y":0,"w":14,"h":14},
	"sourceSize": {"w":32,"h":32}
},
"particle_sparkle_offset_01.png":
{
	"frame": {"x":186,"y":57,"w":12,"h":12},
	"rotated": false,
	"trimmed": true,
	"spriteSourceSize": {"x":10,"y":0,"w":12,"h":12},
	"sourceSize": {"w":32,"h":32}
},
"particle_sparkle_offset_02.png":
{
	"frame": {"x":186,"y":29,"w":12,"h":14},
	"rotated": false,
	"trimmed": true,
	"spriteSourceSize": {"x":10,"y":18,"w":12,"h":14},
	"sourceSize": {"w":32,"h":32}
},
"particle_sparkle_offset_03.png":
{
	"frame": {"x":186,"y":1,"w":14,"h":14},
	"rotated": false,
	"trimmed": true,
	"spriteSourceSize": {"x":10,"y":18,"w":14,"h":14},
	"sourceSize": {"w":32,"h":32}
},
"particle_wood_00.png":
{
	"frame": {"x":377,"y":1006,"w":60,"h":16},
	"rotated": false,
	"trimmed": true,
	"spriteSourceSize": {"x":0,"y":0,"w":60,"h":16},
	"sourceSize": {"w":60,"h":15}
},
"particle_wood_01.png":
{
	"frame": {"x":308,"y":1006,"w":68,"h":16},
	"rotated": false,
	"trimmed": true,
	"spriteSourceSize": {"x":0,"y":0,"w":68,"h":16},
	"sourceSize": {"w":68,"h":15}
},
"particle_wood_02.png":
{
	"frame": {"x":139,"y":1008,"w":62,"h":14},
	"rotated": false,
	"trimmed": true,
	"spriteSourceSize": {"x":0,"y":0,"w":62,"h":14},
	"sourceSize": {"w":61,"h":14}
},
"theme_01_crate_00.png":
{
	"frame": {"x":820,"y":58,"w":104,"h":58},
	"rotated": false,
	"trimmed": true,
	"spriteSourceSize": {"x":0,"y":0,"w":104,"h":58},
	"sourceSize": {"w":106,"h":60}
},
"theme_01_crate_01.png":
{
	"frame": {"x":50,"y":971,"w":88,"h":46},
	"rotated": false,
	"trimmed": true,
	"spriteSourceSize": {"x":0,"y":2,"w":88,"h":46},
	"sourceSize": {"w":90,"h":50}
},
"theme_01_ice_block_00.png":
{
	"frame": {"x":77,"y":1,"w":108,"h":156},
	"rotated": false,
	"trimmed": true,
	"spriteSourceSize": {"x":0,"y":2,"w":108,"h":156},
	"sourceSize": {"w":110,"h":160}
},
"theme_01_ice_block_01.png":
{
	"frame": {"x":841,"y":117,"w":40,"h":20},
	"rotated": false,
	"trimmed": false,
	"spriteSourceSize": {"x":0,"y":0,"w":40,"h":20},
	"sourceSize": {"w":40,"h":20}
},
"theme_01_ice_block_02.png":
{
	"frame": {"x":186,"y":70,"w":32,"h":30},
	"rotated": false,
	"trimmed": true,
	"spriteSourceSize": {"x":4,"y":0,"w":32,"h":30},
	"sourceSize": {"w":40,"h":30}
},
"theme_01_ice_block_03.png":
{
	"frame": {"x":139,"y":971,"w":36,"h":36},
	"rotated": false,
	"trimmed": true,
	"spriteSourceSize": {"x":2,"y":2,"w":36,"h":36},
	"sourceSize": {"w":40,"h":40}
},
"theme_01_ice_block_04.png":
{
	"frame": {"x":882,"y":117,"w":28,"h":20},
	"rotated": false,
	"trimmed": true,
	"spriteSourceSize": {"x":0,"y":0,"w":28,"h":20},
	"sourceSize": {"w":30,"h":20}
},
"theme_01_ice_cube_00.png":
{
	"frame": {"x":539,"y":766,"w":88,"h":64},
	"rotated": false,
	"trimmed": true,
	"spriteSourceSize": {"x":6,"y":0,"w":88,"h":64},
	"sourceSize": {"w":100,"h":64}
},
"theme_01_ice_cube_01.png":
{
	"frame": {"x":144,"y":703,"w":100,"h":64},
	"rotated": false,
	"trimmed": false,
	"spriteSourceSize": {"x":0,"y":0,"w":100,"h":64},
	"sourceSize": {"w":100,"h":64}
},
"theme_01_ice_cube_02.png":
{
	"frame": {"x":245,"y":703,"w":96,"h":64},
	"rotated": false,
	"trimmed": true,
	"spriteSourceSize": {"x":2,"y":0,"w":96,"h":64},
	"sourceSize": {"w":100,"h":64}
},
"theme_01_ice_cube_03.png":
{
	"frame": {"x":176,"y":281,"w":94,"h":60},
	"rotated": false,
	"trimmed": true,
	"spriteSourceSize": {"x":4,"y":2,"w":94,"h":60},
	"sourceSize": {"w":100,"h":64}
},
"theme_01_ice_cube_04.png":
{
	"frame": {"x":77,"y":281,"w":98,"h":60},
	"rotated": false,
	"trimmed": true,
	"spriteSourceSize": {"x":2,"y":2,"w":98,"h":60},
	"sourceSize": {"w":100,"h":64}
},
"theme_01_ice_cube_05.png":
{
	"frame": {"x":643,"y":244,"w":100,"h":56},
	"rotated": false,
	"trimmed": true,
	"spriteSourceSize": {"x":0,"y":4,"w":100,"h":56},
	"sourceSize": {"w":100,"h":64}
},
"theme_01_snowman_00.png":
{
	"frame": {"x":930,"y":1,"w":90,"h":144},
	"rotated": false,
	"trimmed": true,
	"spriteSourceSize": {"x":0,"y":4,"w":90,"h":144},
	"sourceSize": {"w":90,"h":150}
},
"theme_02_crate_00.png":
{
	"frame": {"x":820,"y":58,"w":104,"h":58},
	"rotated": false,
	"trimmed": true,
	"spriteSourceSize": {"x":0,"y":0,"w":104,"h":58},
	"sourceSize": {"w":106,"h":60}
},
"theme_02_crate_01.png":
{
	"frame": {"x":50,"y":971,"w":88,"h":46},
	"rotated": false,
	"trimmed": true,
	"spriteSourceSize": {"x":0,"y":2,"w":88,"h":46},
	"sourceSize": {"w":90,"h":50}
},
"theme_02_ice_block_00.png":
{
	"frame": {"x":77,"y":1,"w":108,"h":156},
	"rotated": false,
	"trimmed": true,
	"spriteSourceSize": {"x":0,"y":2,"w":108,"h":156},
	"sourceSize": {"w":110,"h":160}
},
"theme_02_ice_block_01.png":
{
	"frame": {"x":841,"y":117,"w":40,"h":20},
	"rotated": false,
	"trimmed": false,
	"spriteSourceSize": {"x":0,"y":0,"w":40,"h":20},
	"sourceSize": {"w":40,"h":20}
},
"theme_02_ice_block_02.png":
{
	"frame": {"x":186,"y":70,"w":32,"h":30},
	"rotated": false,
	"trimmed": true,
	"spriteSourceSize": {"x":4,"y":0,"w":32,"h":30},
	"sourceSize": {"w":40,"h":30}
},
"theme_02_ice_block_03.png":
{
	"frame": {"x":139,"y":971,"w":36,"h":36},
	"rotated": false,
	"trimmed": true,
	"spriteSourceSize": {"x":2,"y":2,"w":36,"h":36},
	"sourceSize": {"w":40,"h":40}
},
"theme_02_ice_block_04.png":
{
	"frame": {"x":882,"y":117,"w":28,"h":20},
	"rotated": false,
	"trimmed": true,
	"spriteSourceSize": {"x":0,"y":0,"w":28,"h":20},
	"sourceSize": {"w":30,"h":20}
},
"theme_02_ice_cube_00.png":
{
	"frame": {"x":539,"y":766,"w":88,"h":64},
	"rotated": false,
	"trimmed": true,
	"spriteSourceSize": {"x":6,"y":0,"w":88,"h":64},
	"sourceSize": {"w":100,"h":64}
},
"theme_02_ice_cube_01.png":
{
	"frame": {"x":144,"y":703,"w":100,"h":64},
	"rotated": false,
	"trimmed": false,
	"spriteSourceSize": {"x":0,"y":0,"w":100,"h":64},
	"sourceSize": {"w":100,"h":64}
},
"theme_02_ice_cube_02.png":
{
	"frame": {"x":245,"y":703,"w":96,"h":64},
	"rotated": false,
	"trimmed": true,
	"spriteSourceSize": {"x":2,"y":0,"w":96,"h":64},
	"sourceSize": {"w":100,"h":64}
},
"theme_02_ice_cube_03.png":
{
	"frame": {"x":176,"y":281,"w":94,"h":60},
	"rotated": false,
	"trimmed": true,
	"spriteSourceSize": {"x":4,"y":2,"w":94,"h":60},
	"sourceSize": {"w":100,"h":64}
},
"theme_02_ice_cube_04.png":
{
	"frame": {"x":77,"y":281,"w":98,"h":60},
	"rotated": false,
	"trimmed": true,
	"spriteSourceSize": {"x":2,"y":2,"w":98,"h":60},
	"sourceSize": {"w":100,"h":64}
},
"theme_02_ice_cube_05.png":
{
	"frame": {"x":643,"y":244,"w":100,"h":56},
	"rotated": false,
	"trimmed": true,
	"spriteSourceSize": {"x":0,"y":4,"w":100,"h":56},
	"sourceSize": {"w":100,"h":64}
},
"theme_02_snowman_00.png":
{
	"frame": {"x":252,"y":540,"w":90,"h":144},
	"rotated": false,
	"trimmed": true,
	"spriteSourceSize": {"x":0,"y":4,"w":90,"h":144},
	"sourceSize": {"w":90,"h":150}
},
"theme_03_crate_00.png":
{
	"frame": {"x":820,"y":58,"w":104,"h":58},
	"rotated": false,
	"trimmed": true,
	"spriteSourceSize": {"x":0,"y":0,"w":104,"h":58},
	"sourceSize": {"w":106,"h":60}
},
"theme_03_crate_01.png":
{
	"frame": {"x":50,"y":971,"w":88,"h":46},
	"rotated": false,
	"trimmed": true,
	"spriteSourceSize": {"x":0,"y":2,"w":88,"h":46},
	"sourceSize": {"w":90,"h":50}
},
"theme_03_ice_block_00.png":
{
	"frame": {"x":77,"y":1,"w":108,"h":156},
	"rotated": false,
	"trimmed": true,
	"spriteSourceSize": {"x":0,"y":2,"w":108,"h":156},
	"sourceSize": {"w":110,"h":160}
},
"theme_03_ice_block_01.png":
{
	"frame": {"x":841,"y":117,"w":40,"h":20},
	"rotated": false,
	"trimmed": false,
	"spriteSourceSize": {"x":0,"y":0,"w":40,"h":20},
	"sourceSize": {"w":40,"h":20}
},
"theme_03_ice_block_02.png":
{
	"frame": {"x":186,"y":70,"w":32,"h":30},
	"rotated": false,
	"trimmed": true,
	"spriteSourceSize": {"x":4,"y":0,"w":32,"h":30},
	"sourceSize": {"w":40,"h":30}
},
"theme_03_ice_block_03.png":
{
	"frame": {"x":139,"y":971,"w":36,"h":36},
	"rotated": false,
	"trimmed": true,
	"spriteSourceSize": {"x":2,"y":2,"w":36,"h":36},
	"sourceSize": {"w":40,"h":40}
},
"theme_03_ice_block_04.png":
{
	"frame": {"x":882,"y":117,"w":28,"h":20},
	"rotated": false,
	"trimmed": true,
	"spriteSourceSize": {"x":0,"y":0,"w":28,"h":20},
	"sourceSize": {"w":30,"h":20}
},
"theme_03_ice_cube_00.png":
{
	"frame": {"x":539,"y":766,"w":88,"h":64},
	"rotated": false,
	"trimmed": true,
	"spriteSourceSize": {"x":6,"y":0,"w":88,"h":64},
	"sourceSize": {"w":100,"h":64}
},
"theme_03_ice_cube_01.png":
{
	"frame": {"x":144,"y":703,"w":100,"h":64},
	"rotated": false,
	"trimmed": false,
	"spriteSourceSize": {"x":0,"y":0,"w":100,"h":64},
	"sourceSize": {"w":100,"h":64}
},
"theme_03_ice_cube_02.png":
{
	"frame": {"x":245,"y":703,"w":96,"h":64},
	"rotated": false,
	"trimmed": true,
	"spriteSourceSize": {"x":2,"y":0,"w":96,"h":64},
	"sourceSize": {"w":100,"h":64}
},
"theme_03_ice_cube_03.png":
{
	"frame": {"x":176,"y":281,"w":94,"h":60},
	"rotated": false,
	"trimmed": true,
	"spriteSourceSize": {"x":4,"y":2,"w":94,"h":60},
	"sourceSize": {"w":100,"h":64}
},
"theme_03_ice_cube_04.png":
{
	"frame": {"x":77,"y":281,"w":98,"h":60},
	"rotated": false,
	"trimmed": true,
	"spriteSourceSize": {"x":2,"y":2,"w":98,"h":60},
	"sourceSize": {"w":100,"h":64}
},
"theme_03_ice_cube_05.png":
{
	"frame": {"x":643,"y":244,"w":100,"h":56},
	"rotated": false,
	"trimmed": true,
	"spriteSourceSize": {"x":0,"y":4,"w":100,"h":56},
	"sourceSize": {"w":100,"h":64}
},
"theme_03_snowman_00.png":
{
	"frame": {"x":448,"y":766,"w":90,"h":144},
	"rotated": false,
	"trimmed": true,
	"spriteSourceSize": {"x":0,"y":4,"w":90,"h":144},
	"sourceSize": {"w":90,"h":150}
},
"ui_icon_gameplay_distance_record.png":
{
	"frame": {"x":77,"y":158,"w":100,"h":122},
	"rotated": false,
	"trimmed": true,
	"spriteSourceSize": {"x":0,"y":4,"w":100,"h":122},
	"sourceSize": {"w":100,"h":130}
}},
"meta": {
	"app": "http://www.codeandweb.com/texturepacker",
	"version": "1.0",
	"image": "ingame_0.png",
	"format": "RGBA8888",
	"size": {"w":1024,"h":1024},
	"scale": "0.5",
	"smartupdate": "$TexturePacker:SmartUpdate:adfebd60ab9d0eea7bb9cf78ba668874:3cbb8088afbcb94840907c7c29dea197:cea6b12fed11ccc1891963f59fcc4ed6$"
}
}
