{"frames": {

"night_stars.png":
{
	"frame": {"x":0,"y":0,"w":512,"h":406},
	"rotated": false,
	"trimmed": true,
	"spriteSourceSize": {"x":0,"y":0,"w":512,"h":406},
	"sourceSize": {"w":512,"h":512}
},
"northern_lights_blue.png":
{
	"frame": {"x":0,"y":406,"w":256,"h":256},
	"rotated": false,
	"trimmed": false,
	"spriteSourceSize": {"x":0,"y":0,"w":256,"h":256},
	"sourceSize": {"w":256,"h":256}
},
"northern_lights_green.png":
{
	"frame": {"x":256,"y":406,"w":256,"h":256},
	"rotated": false,
	"trimmed": false,
	"spriteSourceSize": {"x":0,"y":0,"w":256,"h":256},
	"sourceSize": {"w":256,"h":256}
},
"northern_lights_pink.png":
{
	"frame": {"x":0,"y":662,"w":256,"h":252},
	"rotated": false,
	"trimmed": true,
	"spriteSourceSize": {"x":0,"y":0,"w":256,"h":252},
	"sourceSize": {"w":256,"h":256}
}},
"meta": {
	"app": "http://www.codeandweb.com/texturepacker",
	"version": "1.0",
	"image": "northern_lights_0.png",
	"format": "RGBA8888",
	"size": {"w":512,"h":1024},
	"scale": "0.5",
	"smartupdate": "$TexturePacker:SmartUpdate:384da8a7c78f3582fb63db7e575d9d49:a589058427c132822c6b91818189838f:31f5748b400039c84127f13e2be43658$"
}
}
