{"frames": {

"ui_loading_crystals_1.png":
{
	"frame": {"x":406,"y":2,"w":64,"h":66},
	"rotated": false,
	"trimmed": true,
	"spriteSourceSize": {"x":0,"y":40,"w":64,"h":66},
	"sourceSize": {"w":430,"h":120}
},
"ui_loading_crystals_2.png":
{
	"frame": {"x":130,"y":178,"w":62,"h":64},
	"rotated": false,
	"trimmed": true,
	"spriteSourceSize": {"x":34,"y":46,"w":62,"h":64},
	"sourceSize": {"w":430,"h":120}
},
"ui_loading_crystals_3.png":
{
	"frame": {"x":406,"y":70,"w":64,"h":66},
	"rotated": false,
	"trimmed": true,
	"spriteSourceSize": {"x":70,"y":48,"w":64,"h":66},
	"sourceSize": {"w":430,"h":120}
},
"ui_loading_crystals_4.png":
{
	"frame": {"x":2,"y":110,"w":64,"h":66},
	"rotated": false,
	"trimmed": true,
	"spriteSourceSize": {"x":98,"y":52,"w":64,"h":66},
	"sourceSize": {"w":430,"h":120}
},
"ui_loading_crystals_5.png":
{
	"frame": {"x":266,"y":110,"w":62,"h":66},
	"rotated": false,
	"trimmed": true,
	"spriteSourceSize": {"x":138,"y":54,"w":62,"h":66},
	"sourceSize": {"w":430,"h":120}
},
"ui_loading_crystals_6.png":
{
	"frame": {"x":68,"y":110,"w":64,"h":66},
	"rotated": false,
	"trimmed": true,
	"spriteSourceSize": {"x":174,"y":52,"w":64,"h":66},
	"sourceSize": {"w":430,"h":120}
},
"ui_loading_crystals_7.png":
{
	"frame": {"x":134,"y":110,"w":64,"h":66},
	"rotated": false,
	"trimmed": true,
	"spriteSourceSize": {"x":200,"y":54,"w":64,"h":66},
	"sourceSize": {"w":430,"h":120}
},
"ui_loading_crystals_8.png":
{
	"frame": {"x":330,"y":110,"w":62,"h":66},
	"rotated": false,
	"trimmed": true,
	"spriteSourceSize": {"x":232,"y":52,"w":62,"h":66},
	"sourceSize": {"w":430,"h":120}
},
"ui_loading_crystals_9.png":
{
	"frame": {"x":200,"y":110,"w":64,"h":66},
	"rotated": false,
	"trimmed": true,
	"spriteSourceSize": {"x":256,"y":50,"w":64,"h":66},
	"sourceSize": {"w":430,"h":120}
},
"ui_loading_crystals_10.png":
{
	"frame": {"x":394,"y":138,"w":64,"h":64},
	"rotated": false,
	"trimmed": true,
	"spriteSourceSize": {"x":292,"y":46,"w":64,"h":64},
	"sourceSize": {"w":430,"h":120}
},
"ui_loading_crystals_11.png":
{
	"frame": {"x":2,"y":178,"w":62,"h":64},
	"rotated": false,
	"trimmed": true,
	"spriteSourceSize": {"x":324,"y":40,"w":62,"h":64},
	"sourceSize": {"w":430,"h":120}
},
"ui_loading_crystals_12.png":
{
	"frame": {"x":66,"y":178,"w":62,"h":64},
	"rotated": false,
	"trimmed": true,
	"spriteSourceSize": {"x":360,"y":32,"w":62,"h":64},
	"sourceSize": {"w":430,"h":120}
},
"ui_loading_crystals_bg.png":
{
	"frame": {"x":2,"y":2,"w":402,"h":106},
	"rotated": false,
	"trimmed": true,
	"spriteSourceSize": {"x":12,"y":0,"w":402,"h":106},
	"sourceSize": {"w":430,"h":120}
}},
"meta": {
	"app": "http://www.codeandweb.com/texturepacker",
	"version": "1.0",
	"image": "preloader.png",
	"format": "RGBA8888",
	"size": {"w":512,"h":256},
	"scale": "0.5",
	"smartupdate": "$TexturePacker:SmartUpdate:ab9b7640d879bc687aa542275f236bc6:6c378d36d89ce9b3f1221a2038a0e0db:126b45f24d6b8a993cd119c4d8b10d73$"
}
}
