{"frames": {

"theme_01_barrel_00.png":
{
	"frame": {"x":553,"y":1867,"w":124,"h":90},
	"rotated": false,
	"trimmed": true,
	"spriteSourceSize": {"x":0,"y":0,"w":124,"h":90},
	"sourceSize": {"w":125,"h":89}
},
"theme_01_bg_00.png":
{
	"frame": {"x":1015,"y":749,"w":8,"h":768},
	"rotated": false,
	"trimmed": false,
	"spriteSourceSize": {"x":0,"y":0,"w":8,"h":768},
	"sourceSize": {"w":8,"h":768}
},
"theme_01_carriage_00.png":
{
	"frame": {"x":525,"y":1365,"w":246,"h":94},
	"rotated": false,
	"trimmed": true,
	"spriteSourceSize": {"x":0,"y":0,"w":246,"h":94},
	"sourceSize": {"w":246,"h":95}
},
"theme_01_crate_00.png":
{
	"frame": {"x":653,"y":1303,"w":104,"h":58},
	"rotated": false,
	"trimmed": true,
	"spriteSourceSize": {"x":0,"y":0,"w":104,"h":58},
	"sourceSize": {"w":106,"h":60}
},
"theme_01_crate_01.png":
{
	"frame": {"x":759,"y":1303,"w":88,"h":46},
	"rotated": false,
	"trimmed": true,
	"spriteSourceSize": {"x":0,"y":2,"w":88,"h":46},
	"sourceSize": {"w":90,"h":50}
},
"theme_01_forest_00.png":
{
	"frame": {"x":463,"y":1021,"w":542,"h":280},
	"rotated": false,
	"trimmed": true,
	"spriteSourceSize": {"x":0,"y":0,"w":542,"h":280},
	"sourceSize": {"w":542,"h":279}
},
"theme_01_hills_00.png":
{
	"frame": {"x":1,"y":1,"w":1022,"h":396},
	"rotated": false,
	"trimmed": true,
	"spriteSourceSize": {"x":0,"y":0,"w":1022,"h":396},
	"sourceSize": {"w":1021,"h":396}
},
"theme_01_hills_01.png":
{
	"frame": {"x":1,"y":399,"w":1022,"h":326},
	"rotated": false,
	"trimmed": true,
	"spriteSourceSize": {"x":0,"y":70,"w":1022,"h":326},
	"sourceSize": {"w":1021,"h":396}
},
"theme_01_ice_block_00.png":
{
	"frame": {"x":347,"y":1215,"w":108,"h":156},
	"rotated": false,
	"trimmed": true,
	"spriteSourceSize": {"x":0,"y":2,"w":108,"h":156},
	"sourceSize": {"w":110,"h":160}
},
"theme_01_ice_block_01.png":
{
	"frame": {"x":977,"y":727,"w":40,"h":20},
	"rotated": false,
	"trimmed": false,
	"spriteSourceSize": {"x":0,"y":0,"w":40,"h":20},
	"sourceSize": {"w":40,"h":20}
},
"theme_01_ice_block_02.png":
{
	"frame": {"x":977,"y":787,"w":32,"h":30},
	"rotated": false,
	"trimmed": true,
	"spriteSourceSize": {"x":4,"y":0,"w":32,"h":30},
	"sourceSize": {"w":40,"h":30}
},
"theme_01_ice_block_03.png":
{
	"frame": {"x":977,"y":749,"w":36,"h":36},
	"rotated": false,
	"trimmed": true,
	"spriteSourceSize": {"x":2,"y":2,"w":36,"h":36},
	"sourceSize": {"w":40,"h":40}
},
"theme_01_ice_block_04.png":
{
	"frame": {"x":965,"y":819,"w":28,"h":20},
	"rotated": false,
	"trimmed": true,
	"spriteSourceSize": {"x":0,"y":0,"w":28,"h":20},
	"sourceSize": {"w":30,"h":20}
},
"theme_01_ice_cube_00.png":
{
	"frame": {"x":1,"y":1215,"w":88,"h":64},
	"rotated": false,
	"trimmed": true,
	"spriteSourceSize": {"x":6,"y":0,"w":88,"h":64},
	"sourceSize": {"w":100,"h":64}
},
"theme_01_ice_cube_01.png":
{
	"frame": {"x":441,"y":945,"w":100,"h":64},
	"rotated": false,
	"trimmed": false,
	"spriteSourceSize": {"x":0,"y":0,"w":100,"h":64},
	"sourceSize": {"w":100,"h":64}
},
"theme_01_ice_cube_02.png":
{
	"frame": {"x":543,"y":945,"w":96,"h":64},
	"rotated": false,
	"trimmed": true,
	"spriteSourceSize": {"x":2,"y":0,"w":96,"h":64},
	"sourceSize": {"w":100,"h":64}
},
"theme_01_ice_cube_03.png":
{
	"frame": {"x":557,"y":1303,"w":94,"h":60},
	"rotated": false,
	"trimmed": true,
	"spriteSourceSize": {"x":4,"y":2,"w":94,"h":60},
	"sourceSize": {"w":100,"h":64}
},
"theme_01_ice_cube_04.png":
{
	"frame": {"x":457,"y":1303,"w":98,"h":60},
	"rotated": false,
	"trimmed": true,
	"spriteSourceSize": {"x":2,"y":2,"w":98,"h":60},
	"sourceSize": {"w":100,"h":64}
},
"theme_01_ice_cube_05.png":
{
	"frame": {"x":525,"y":1461,"w":100,"h":56},
	"rotated": false,
	"trimmed": true,
	"spriteSourceSize": {"x":0,"y":4,"w":100,"h":56},
	"sourceSize": {"w":100,"h":64}
},
"theme_01_ice_flow_00.png":
{
	"frame": {"x":187,"y":945,"w":128,"h":70},
	"rotated": false,
	"trimmed": false,
	"spriteSourceSize": {"x":0,"y":0,"w":128,"h":70},
	"sourceSize": {"w":128,"h":70}
},
"theme_01_ice_flow_l_00.png":
{
	"frame": {"x":317,"y":945,"w":122,"h":70},
	"rotated": false,
	"trimmed": true,
	"spriteSourceSize": {"x":6,"y":0,"w":122,"h":70},
	"sourceSize": {"w":128,"h":70}
},
"theme_01_icicle_00.png":
{
	"frame": {"x":365,"y":1909,"w":98,"h":112},
	"rotated": false,
	"trimmed": true,
	"spriteSourceSize": {"x":0,"y":0,"w":98,"h":112},
	"sourceSize": {"w":98,"h":140}
},
"theme_01_icicle_01.png":
{
	"frame": {"x":439,"y":1373,"w":84,"h":140},
	"rotated": false,
	"trimmed": true,
	"spriteSourceSize": {"x":6,"y":0,"w":84,"h":140},
	"sourceSize": {"w":98,"h":140}
},
"theme_01_mountains_00.png":
{
	"frame": {"x":1,"y":727,"w":700,"h":216},
	"rotated": false,
	"trimmed": true,
	"spriteSourceSize": {"x":0,"y":2,"w":700,"h":216},
	"sourceSize": {"w":699,"h":218}
},
"theme_01_rock_00.png":
{
	"frame": {"x":91,"y":1215,"w":200,"h":62},
	"rotated": false,
	"trimmed": false,
	"spriteSourceSize": {"x":0,"y":0,"w":200,"h":62},
	"sourceSize": {"w":200,"h":62}
},
"theme_01_rock_01.png":
{
	"frame": {"x":703,"y":727,"w":272,"h":76},
	"rotated": false,
	"trimmed": true,
	"spriteSourceSize": {"x":0,"y":0,"w":272,"h":76},
	"sourceSize": {"w":272,"h":75}
},
"theme_01_rock_02.png":
{
	"frame": {"x":1,"y":1019,"w":446,"h":194},
	"rotated": false,
	"trimmed": true,
	"spriteSourceSize": {"x":0,"y":2,"w":446,"h":194},
	"sourceSize": {"w":445,"h":196}
},
"theme_01_snowman_00.png":
{
	"frame": {"x":347,"y":1373,"w":90,"h":144},
	"rotated": false,
	"trimmed": true,
	"spriteSourceSize": {"x":0,"y":4,"w":90,"h":144},
	"sourceSize": {"w":90,"h":150}
},
"theme_01_stones_00.png":
{
	"frame": {"x":553,"y":1959,"w":108,"h":44},
	"rotated": false,
	"trimmed": true,
	"spriteSourceSize": {"x":0,"y":0,"w":108,"h":44},
	"sourceSize": {"w":110,"h":44}
},
"theme_01_stones_01.png":
{
	"frame": {"x":1,"y":945,"w":184,"h":72},
	"rotated": false,
	"trimmed": false,
	"spriteSourceSize": {"x":0,"y":0,"w":184,"h":72},
	"sourceSize": {"w":184,"h":72}
},
"theme_01_stones_02.png":
{
	"frame": {"x":127,"y":1951,"w":236,"h":96},
	"rotated": false,
	"trimmed": true,
	"spriteSourceSize": {"x":2,"y":0,"w":236,"h":96},
	"sourceSize": {"w":237,"h":96}
},
"theme_01_stones_03.png":
{
	"frame": {"x":703,"y":805,"w":260,"h":214},
	"rotated": false,
	"trimmed": false,
	"spriteSourceSize": {"x":0,"y":0,"w":260,"h":214},
	"sourceSize": {"w":260,"h":214}
},
"theme_01_tree_00.png":
{
	"frame": {"x":465,"y":1867,"w":86,"h":156},
	"rotated": false,
	"trimmed": true,
	"spriteSourceSize": {"x":2,"y":0,"w":86,"h":156},
	"sourceSize": {"w":90,"h":160}
},
"theme_01_tree_01.png":
{
	"frame": {"x":239,"y":1303,"w":106,"h":180},
	"rotated": false,
	"trimmed": true,
	"spriteSourceSize": {"x":2,"y":0,"w":106,"h":180},
	"sourceSize": {"w":110,"h":180}
},
"theme_01_tree_02.png":
{
	"frame": {"x":1,"y":1303,"w":102,"h":204},
	"rotated": false,
	"trimmed": true,
	"spriteSourceSize": {"x":4,"y":2,"w":102,"h":204},
	"sourceSize": {"w":110,"h":210}
},
"theme_01_tree_03.png":
{
	"frame": {"x":105,"y":1279,"w":132,"h":236},
	"rotated": false,
	"trimmed": true,
	"spriteSourceSize": {"x":4,"y":0,"w":132,"h":236},
	"sourceSize": {"w":140,"h":240}
},
"theme_01_tree_04.png":
{
	"frame": {"x":627,"y":1461,"w":140,"h":304},
	"rotated": false,
	"trimmed": true,
	"spriteSourceSize": {"x":0,"y":0,"w":140,"h":304},
	"sourceSize": {"w":140,"h":310}
},
"theme_01_tree_05.png":
{
	"frame": {"x":849,"y":1303,"w":160,"h":314},
	"rotated": false,
	"trimmed": true,
	"spriteSourceSize": {"x":0,"y":0,"w":160,"h":314},
	"sourceSize": {"w":160,"h":320}
},
"theme_01_tree_06.png":
{
	"frame": {"x":261,"y":1519,"w":200,"h":388},
	"rotated": false,
	"trimmed": true,
	"spriteSourceSize": {"x":0,"y":0,"w":200,"h":388},
	"sourceSize": {"w":200,"h":390}
},
"theme_01_tree_07.png":
{
	"frame": {"x":463,"y":1519,"w":104,"h":346},
	"rotated": false,
	"trimmed": false,
	"spriteSourceSize": {"x":0,"y":0,"w":104,"h":346},
	"sourceSize": {"w":104,"h":346}
},
"theme_01_tree_08.png":
{
	"frame": {"x":119,"y":1519,"w":140,"h":430},
	"rotated": false,
	"trimmed": true,
	"spriteSourceSize": {"x":0,"y":0,"w":140,"h":430},
	"sourceSize": {"w":139,"h":430}
},
"theme_01_tree_09.png":
{
	"frame": {"x":1,"y":1519,"w":116,"h":442},
	"rotated": false,
	"trimmed": false,
	"spriteSourceSize": {"x":0,"y":0,"w":116,"h":442},
	"sourceSize": {"w":116,"h":442}
},
"theme_01_wood_00.png":
{
	"frame": {"x":1,"y":1963,"w":124,"h":76},
	"rotated": false,
	"trimmed": true,
	"spriteSourceSize": {"x":0,"y":0,"w":124,"h":76},
	"sourceSize": {"w":124,"h":75}
}},
"meta": {
	"app": "http://www.codeandweb.com/texturepacker",
	"version": "1.0",
	"image": "theme_01_0.png",
	"format": "RGBA8888",
	"size": {"w":1024,"h":2048},
	"scale": "0.5",
	"smartupdate": "$TexturePacker:SmartUpdate:4031923ab66b6845279b55624ae46fd6:ed83b59be36f5e0a00fa9d80bc7f8c85:7e093176a251336e15821aaeb8bd3cde$"
}
}
