{"frames": {

"theme_03_barrel_00.png":
{
	"frame": {"x":1,"y":1115,"w":124,"h":90},
	"rotated": false,
	"trimmed": true,
	"spriteSourceSize": {"x":0,"y":0,"w":124,"h":90},
	"sourceSize": {"w":125,"h":89}
},
"theme_03_bg_00.png":
{
	"frame": {"x":1015,"y":749,"w":8,"h":768},
	"rotated": false,
	"trimmed": false,
	"spriteSourceSize": {"x":0,"y":0,"w":8,"h":768},
	"sourceSize": {"w":8,"h":768}
},
"theme_03_carriage_00.png":
{
	"frame": {"x":1,"y":1019,"w":246,"h":94},
	"rotated": false,
	"trimmed": true,
	"spriteSourceSize": {"x":0,"y":0,"w":246,"h":94},
	"sourceSize": {"w":246,"h":93}
},
"theme_03_crate_00.png":
{
	"frame": {"x":665,"y":1459,"w":104,"h":58},
	"rotated": false,
	"trimmed": true,
	"spriteSourceSize": {"x":0,"y":0,"w":104,"h":58},
	"sourceSize": {"w":106,"h":60}
},
"theme_03_crate_01.png":
{
	"frame": {"x":127,"y":1161,"w":88,"h":46},
	"rotated": false,
	"trimmed": true,
	"spriteSourceSize": {"x":0,"y":2,"w":88,"h":46},
	"sourceSize": {"w":90,"h":50}
},
"theme_03_forest_00.png":
{
	"frame": {"x":465,"y":1019,"w":542,"h":282},
	"rotated": false,
	"trimmed": true,
	"spriteSourceSize": {"x":0,"y":0,"w":542,"h":282},
	"sourceSize": {"w":542,"h":281}
},
"theme_03_hills_00.png":
{
	"frame": {"x":1,"y":1,"w":1022,"h":396},
	"rotated": false,
	"trimmed": true,
	"spriteSourceSize": {"x":0,"y":0,"w":1022,"h":396},
	"sourceSize": {"w":1021,"h":396}
},
"theme_03_hills_01.png":
{
	"frame": {"x":1,"y":399,"w":1022,"h":326},
	"rotated": false,
	"trimmed": true,
	"spriteSourceSize": {"x":0,"y":70,"w":1022,"h":326},
	"sourceSize": {"w":1021,"h":396}
},
"theme_03_ice_block_00.png":
{
	"frame": {"x":555,"y":1303,"w":108,"h":156},
	"rotated": false,
	"trimmed": true,
	"spriteSourceSize": {"x":0,"y":2,"w":108,"h":156},
	"sourceSize": {"w":110,"h":160}
},
"theme_03_ice_block_01.png":
{
	"frame": {"x":977,"y":727,"w":40,"h":20},
	"rotated": false,
	"trimmed": false,
	"spriteSourceSize": {"x":0,"y":0,"w":40,"h":20},
	"sourceSize": {"w":40,"h":20}
},
"theme_03_ice_block_02.png":
{
	"frame": {"x":977,"y":787,"w":32,"h":30},
	"rotated": false,
	"trimmed": true,
	"spriteSourceSize": {"x":4,"y":0,"w":32,"h":30},
	"sourceSize": {"w":40,"h":30}
},
"theme_03_ice_block_03.png":
{
	"frame": {"x":977,"y":749,"w":36,"h":36},
	"rotated": false,
	"trimmed": true,
	"spriteSourceSize": {"x":2,"y":2,"w":36,"h":36},
	"sourceSize": {"w":40,"h":40}
},
"theme_03_ice_block_04.png":
{
	"frame": {"x":965,"y":819,"w":28,"h":20},
	"rotated": false,
	"trimmed": true,
	"spriteSourceSize": {"x":0,"y":0,"w":28,"h":20},
	"sourceSize": {"w":30,"h":20}
},
"theme_03_ice_cube_00.png":
{
	"frame": {"x":561,"y":947,"w":88,"h":64},
	"rotated": false,
	"trimmed": true,
	"spriteSourceSize": {"x":6,"y":0,"w":88,"h":64},
	"sourceSize": {"w":100,"h":64}
},
"theme_03_ice_cube_01.png":
{
	"frame": {"x":255,"y":947,"w":100,"h":64},
	"rotated": false,
	"trimmed": false,
	"spriteSourceSize": {"x":0,"y":0,"w":100,"h":64},
	"sourceSize": {"w":100,"h":64}
},
"theme_03_ice_cube_02.png":
{
	"frame": {"x":463,"y":947,"w":96,"h":64},
	"rotated": false,
	"trimmed": true,
	"spriteSourceSize": {"x":2,"y":0,"w":96,"h":64},
	"sourceSize": {"w":100,"h":64}
},
"theme_03_ice_cube_03.png":
{
	"frame": {"x":643,"y":1899,"w":94,"h":60},
	"rotated": false,
	"trimmed": true,
	"spriteSourceSize": {"x":4,"y":2,"w":94,"h":60},
	"sourceSize": {"w":100,"h":64}
},
"theme_03_ice_cube_04.png":
{
	"frame": {"x":187,"y":1217,"w":98,"h":60},
	"rotated": false,
	"trimmed": true,
	"spriteSourceSize": {"x":2,"y":2,"w":98,"h":60},
	"sourceSize": {"w":100,"h":64}
},
"theme_03_ice_cube_05.png":
{
	"frame": {"x":555,"y":1461,"w":100,"h":56},
	"rotated": false,
	"trimmed": true,
	"spriteSourceSize": {"x":0,"y":4,"w":100,"h":56},
	"sourceSize": {"w":100,"h":64}
},
"theme_03_ice_flow_00.png":
{
	"frame": {"x":1,"y":947,"w":128,"h":70},
	"rotated": false,
	"trimmed": false,
	"spriteSourceSize": {"x":0,"y":0,"w":128,"h":70},
	"sourceSize": {"w":128,"h":70}
},
"theme_03_ice_flow_l_00.png":
{
	"frame": {"x":131,"y":947,"w":122,"h":70},
	"rotated": false,
	"trimmed": true,
	"spriteSourceSize": {"x":6,"y":0,"w":122,"h":70},
	"sourceSize": {"w":128,"h":70}
},
"theme_03_icicle_00.png":
{
	"frame": {"x":451,"y":1907,"w":98,"h":112},
	"rotated": false,
	"trimmed": true,
	"spriteSourceSize": {"x":0,"y":0,"w":98,"h":112},
	"sourceSize": {"w":98,"h":140}
},
"theme_03_icicle_01.png":
{
	"frame": {"x":365,"y":1907,"w":84,"h":140},
	"rotated": false,
	"trimmed": true,
	"spriteSourceSize": {"x":6,"y":0,"w":84,"h":140},
	"sourceSize": {"w":98,"h":140}
},
"theme_03_mountains_00.png":
{
	"frame": {"x":1,"y":727,"w":700,"h":218},
	"rotated": false,
	"trimmed": true,
	"spriteSourceSize": {"x":0,"y":0,"w":700,"h":218},
	"sourceSize": {"w":699,"h":218}
},
"theme_03_rock_00.png":
{
	"frame": {"x":465,"y":1835,"w":200,"h":62},
	"rotated": false,
	"trimmed": true,
	"spriteSourceSize": {"x":0,"y":0,"w":200,"h":62},
	"sourceSize": {"w":200,"h":61}
},
"theme_03_rock_01.png":
{
	"frame": {"x":703,"y":727,"w":272,"h":74},
	"rotated": false,
	"trimmed": true,
	"spriteSourceSize": {"x":0,"y":0,"w":272,"h":74},
	"sourceSize": {"w":272,"h":73}
},
"theme_03_rock_02.png":
{
	"frame": {"x":1,"y":1295,"w":446,"h":192},
	"rotated": false,
	"trimmed": true,
	"spriteSourceSize": {"x":0,"y":0,"w":446,"h":192},
	"sourceSize": {"w":445,"h":192}
},
"theme_03_snowman_00.png":
{
	"frame": {"x":551,"y":1899,"w":90,"h":144},
	"rotated": false,
	"trimmed": true,
	"spriteSourceSize": {"x":0,"y":4,"w":90,"h":144},
	"sourceSize": {"w":90,"h":150}
},
"theme_03_stones_00.png":
{
	"frame": {"x":127,"y":1115,"w":108,"h":44},
	"rotated": false,
	"trimmed": true,
	"spriteSourceSize": {"x":0,"y":0,"w":108,"h":44},
	"sourceSize": {"w":110,"h":44}
},
"theme_03_stones_01.png":
{
	"frame": {"x":1,"y":1217,"w":184,"h":72},
	"rotated": false,
	"trimmed": false,
	"spriteSourceSize": {"x":0,"y":0,"w":184,"h":72},
	"sourceSize": {"w":184,"h":72}
},
"theme_03_stones_02.png":
{
	"frame": {"x":127,"y":1949,"w":236,"h":96},
	"rotated": false,
	"trimmed": true,
	"spriteSourceSize": {"x":2,"y":0,"w":236,"h":96},
	"sourceSize": {"w":237,"h":96}
},
"theme_03_stones_03.png":
{
	"frame": {"x":703,"y":803,"w":260,"h":214},
	"rotated": false,
	"trimmed": false,
	"spriteSourceSize": {"x":0,"y":0,"w":260,"h":214},
	"sourceSize": {"w":260,"h":214}
},
"theme_03_tree_00.png":
{
	"frame": {"x":665,"y":1303,"w":86,"h":154},
	"rotated": false,
	"trimmed": true,
	"spriteSourceSize": {"x":0,"y":0,"w":86,"h":154},
	"sourceSize": {"w":85,"h":155}
},
"theme_03_tree_01.png":
{
	"frame": {"x":449,"y":1303,"w":104,"h":180},
	"rotated": false,
	"trimmed": false,
	"spriteSourceSize": {"x":0,"y":0,"w":104,"h":180},
	"sourceSize": {"w":104,"h":180}
},
"theme_03_tree_02.png":
{
	"frame": {"x":255,"y":1013,"w":100,"h":202},
	"rotated": false,
	"trimmed": true,
	"spriteSourceSize": {"x":0,"y":0,"w":100,"h":202},
	"sourceSize": {"w":100,"h":203}
},
"theme_03_tree_03.png":
{
	"frame": {"x":771,"y":1303,"w":130,"h":238},
	"rotated": false,
	"trimmed": true,
	"spriteSourceSize": {"x":0,"y":0,"w":130,"h":238},
	"sourceSize": {"w":130,"h":240}
},
"theme_03_tree_04.png":
{
	"frame": {"x":623,"y":1519,"w":138,"h":304},
	"rotated": false,
	"trimmed": true,
	"spriteSourceSize": {"x":0,"y":0,"w":138,"h":304},
	"sourceSize": {"w":138,"h":305}
},
"theme_03_tree_05.png":
{
	"frame": {"x":465,"y":1519,"w":156,"h":314},
	"rotated": false,
	"trimmed": true,
	"spriteSourceSize": {"x":0,"y":0,"w":156,"h":314},
	"sourceSize": {"w":156,"h":316}
},
"theme_03_tree_06.png":
{
	"frame": {"x":261,"y":1519,"w":202,"h":386},
	"rotated": false,
	"trimmed": true,
	"spriteSourceSize": {"x":0,"y":0,"w":202,"h":386},
	"sourceSize": {"w":202,"h":387}
},
"theme_03_tree_07.png":
{
	"frame": {"x":357,"y":947,"w":104,"h":346},
	"rotated": false,
	"trimmed": false,
	"spriteSourceSize": {"x":0,"y":0,"w":104,"h":346},
	"sourceSize": {"w":104,"h":346}
},
"theme_03_tree_08.png":
{
	"frame": {"x":119,"y":1519,"w":140,"h":428},
	"rotated": false,
	"trimmed": true,
	"spriteSourceSize": {"x":0,"y":0,"w":140,"h":428},
	"sourceSize": {"w":139,"h":427}
},
"theme_03_tree_09.png":
{
	"frame": {"x":1,"y":1519,"w":116,"h":442},
	"rotated": false,
	"trimmed": false,
	"spriteSourceSize": {"x":0,"y":0,"w":116,"h":442},
	"sourceSize": {"w":116,"h":442}
},
"theme_03_wood_00.png":
{
	"frame": {"x":1,"y":1963,"w":124,"h":76},
	"rotated": false,
	"trimmed": true,
	"spriteSourceSize": {"x":0,"y":0,"w":124,"h":76},
	"sourceSize": {"w":124,"h":75}
}},
"meta": {
	"app": "http://www.codeandweb.com/texturepacker",
	"version": "1.0",
	"image": "theme_03_0.png",
	"format": "RGBA8888",
	"size": {"w":1024,"h":2048},
	"scale": "0.5",
	"smartupdate": "$TexturePacker:SmartUpdate:157cefa7d76c3b8b6f47b536e252e002:ae89628a6cdabfb09e0a297c2e29b92a:e66beda47edccd80eaca5d0259afc14e$"
}
}
