{"frames": {

"ingame_troll_sign.png":
{
	"frame": {"x":1852,"y":1626,"w":94,"h":158},
	"rotated": false,
	"trimmed": true,
	"spriteSourceSize": {"x":0,"y":0,"w":94,"h":158},
	"sourceSize": {"w":93,"h":157}
},
"kristoff_axe_00.png":
{
	"frame": {"x":1528,"y":1134,"w":40,"h":66},
	"rotated": false,
	"trimmed": true,
	"spriteSourceSize": {"x":22,"y":8,"w":40,"h":66},
	"sourceSize": {"w":84,"h":84}
},
"ui_bonus_snowflake_2.png":
{
	"frame": {"x":736,"y":1790,"w":232,"h":252},
	"rotated": false,
	"trimmed": true,
	"spriteSourceSize": {"x":14,"y":4,"w":232,"h":252},
	"sourceSize": {"w":260,"h":260}
},
"ui_bonus_snowflake_5.png":
{
	"frame": {"x":972,"y":1790,"w":230,"h":252},
	"rotated": false,
	"trimmed": true,
	"spriteSourceSize": {"x":14,"y":4,"w":230,"h":252},
	"sourceSize": {"w":260,"h":260}
},
"ui_btn_nav_out.png":
{
	"frame": {"x":1918,"y":1200,"w":124,"h":138},
	"rotated": false,
	"trimmed": true,
	"spriteSourceSize": {"x":22,"y":18,"w":124,"h":138},
	"sourceSize": {"w":170,"h":170}
},
"ui_btn_nav_out_decline.png":
{
	"frame": {"x":1918,"y":1342,"w":124,"h":138},
	"rotated": false,
	"trimmed": true,
	"spriteSourceSize": {"x":22,"y":18,"w":124,"h":138},
	"sourceSize": {"w":170,"h":170}
},
"ui_btn_nav_over.png":
{
	"frame": {"x":1918,"y":1484,"w":124,"h":138},
	"rotated": false,
	"trimmed": true,
	"spriteSourceSize": {"x":22,"y":18,"w":124,"h":138},
	"sourceSize": {"w":170,"h":170}
},
"ui_btn_upgrade_close_down.png":
{
	"frame": {"x":1960,"y":1120,"w":76,"h":76},
	"rotated": false,
	"trimmed": true,
	"spriteSourceSize": {"x":2,"y":2,"w":76,"h":76},
	"sourceSize": {"w":80,"h":80}
},
"ui_goals_1.png":
{
	"frame": {"x":800,"y":556,"w":732,"h":100},
	"rotated": false,
	"trimmed": true,
	"spriteSourceSize": {"x":2,"y":0,"w":732,"h":100},
	"sourceSize": {"w":740,"h":100}
},
"ui_goals_2.png":
{
	"frame": {"x":800,"y":660,"w":730,"h":100},
	"rotated": false,
	"trimmed": true,
	"spriteSourceSize": {"x":8,"y":0,"w":730,"h":100},
	"sourceSize": {"w":740,"h":100}
},
"ui_goals_back_1.png":
{
	"frame": {"x":736,"y":666,"w":56,"h":460},
	"rotated": false,
	"trimmed": false,
	"spriteSourceSize": {"x":0,"y":0,"w":56,"h":460},
	"sourceSize": {"w":56,"h":460}
},
"ui_goals_back_2.png":
{
	"frame": {"x":1998,"y":252,"w":46,"h":460},
	"rotated": false,
	"trimmed": true,
	"spriteSourceSize": {"x":4,"y":0,"w":46,"h":460},
	"sourceSize": {"w":56,"h":460}
},
"ui_help_characters_arrows_r.png":
{
	"frame": {"x":1936,"y":1938,"w":98,"h":106},
	"rotated": false,
	"trimmed": true,
	"spriteSourceSize": {"x":630,"y":116,"w":98,"h":106},
	"sourceSize": {"w":727,"h":337}
},
"ui_help_characters_bg.png":
{
	"frame": {"x":4,"y":666,"w":728,"h":338},
	"rotated": false,
	"trimmed": true,
	"spriteSourceSize": {"x":0,"y":0,"w":728,"h":338},
	"sourceSize": {"w":727,"h":337}
},
"ui_help_gameplay_bg.png":
{
	"frame": {"x":4,"y":1008,"w":728,"h":338},
	"rotated": false,
	"trimmed": true,
	"spriteSourceSize": {"x":0,"y":0,"w":728,"h":338},
	"sourceSize": {"w":727,"h":337}
},
"ui_help_gameplay_marshmallow.png":
{
	"frame": {"x":1572,"y":1166,"w":342,"h":316},
	"rotated": false,
	"trimmed": true,
	"spriteSourceSize": {"x":386,"y":0,"w":342,"h":316},
	"sourceSize": {"w":727,"h":337}
},
"ui_help_goals.png":
{
	"frame": {"x":796,"y":764,"w":728,"h":338},
	"rotated": false,
	"trimmed": true,
	"spriteSourceSize": {"x":0,"y":0,"w":728,"h":338},
	"sourceSize": {"w":727,"h":337}
},
"ui_help_main_menu_bg.png":
{
	"frame": {"x":796,"y":1106,"w":728,"h":338},
	"rotated": false,
	"trimmed": true,
	"spriteSourceSize": {"x":0,"y":0,"w":728,"h":338},
	"sourceSize": {"w":727,"h":337}
},
"ui_help_map_bg.png":
{
	"frame": {"x":4,"y":1350,"w":728,"h":338},
	"rotated": false,
	"trimmed": true,
	"spriteSourceSize": {"x":0,"y":0,"w":728,"h":338},
	"sourceSize": {"w":727,"h":337}
},
"ui_help_map_characters.png":
{
	"frame": {"x":1590,"y":4,"w":418,"h":244},
	"rotated": false,
	"trimmed": true,
	"spriteSourceSize": {"x":196,"y":0,"w":418,"h":244},
	"sourceSize": {"w":727,"h":337}
},
"ui_help_map_clean_bg.png":
{
	"frame": {"x":4,"y":1692,"w":728,"h":338},
	"rotated": false,
	"trimmed": true,
	"spriteSourceSize": {"x":0,"y":0,"w":728,"h":338},
	"sourceSize": {"w":727,"h":337}
},
"ui_help_map_pabbie.png":
{
	"frame": {"x":796,"y":1448,"w":728,"h":338},
	"rotated": false,
	"trimmed": true,
	"spriteSourceSize": {"x":0,"y":0,"w":728,"h":338},
	"sourceSize": {"w":727,"h":337}
},
"ui_help_tap_highlight_l.png":
{
	"frame": {"x":1584,"y":824,"w":372,"h":338},
	"rotated": false,
	"trimmed": true,
	"spriteSourceSize": {"x":0,"y":0,"w":372,"h":338},
	"sourceSize": {"w":727,"h":337}
},
"ui_icon_gameplay_distance.png":
{
	"frame": {"x":1986,"y":808,"w":58,"h":72},
	"rotated": false,
	"trimmed": true,
	"spriteSourceSize": {"x":12,"y":4,"w":58,"h":72},
	"sourceSize": {"w":80,"h":80}
},
"ui_icon_gameplay_style.png":
{
	"frame": {"x":1960,"y":884,"w":80,"h":76},
	"rotated": false,
	"trimmed": true,
	"spriteSourceSize": {"x":0,"y":2,"w":80,"h":76},
	"sourceSize": {"w":80,"h":80}
},
"ui_icon_input_006.png":
{
	"frame": {"x":2012,"y":4,"w":30,"h":46},
	"rotated": false,
	"trimmed": true,
	"spriteSourceSize": {"x":34,"y":26,"w":30,"h":46},
	"sourceSize": {"w":98,"h":98}
},
"ui_icon_input_008.png":
{
	"frame": {"x":2012,"y":54,"w":30,"h":46},
	"rotated": false,
	"trimmed": true,
	"spriteSourceSize": {"x":34,"y":26,"w":30,"h":46},
	"sourceSize": {"w":98,"h":98}
},
"ui_icon_input_009.png":
{
	"frame": {"x":2012,"y":104,"w":30,"h":46},
	"rotated": false,
	"trimmed": true,
	"spriteSourceSize": {"x":34,"y":26,"w":30,"h":46},
	"sourceSize": {"w":98,"h":98}
},
"ui_icon_nav_arrow.png":
{
	"frame": {"x":1536,"y":556,"w":46,"h":64},
	"rotated": false,
	"trimmed": true,
	"spriteSourceSize": {"x":62,"y":52,"w":46,"h":64},
	"sourceSize": {"w":170,"h":170}
},
"ui_icon_results_crystal_cyan.png":
{
	"frame": {"x":736,"y":1130,"w":56,"h":108},
	"rotated": false,
	"trimmed": true,
	"spriteSourceSize": {"x":32,"y":4,"w":56,"h":108},
	"sourceSize": {"w":120,"h":120}
},
"ui_icon_results_crystal_green.png":
{
	"frame": {"x":736,"y":1242,"w":56,"h":108},
	"rotated": false,
	"trimmed": true,
	"spriteSourceSize": {"x":32,"y":4,"w":56,"h":108},
	"sourceSize": {"w":120,"h":120}
},
"ui_icon_results_crystal_pink.png":
{
	"frame": {"x":736,"y":1354,"w":56,"h":108},
	"rotated": false,
	"trimmed": true,
	"spriteSourceSize": {"x":32,"y":4,"w":56,"h":108},
	"sourceSize": {"w":120,"h":120}
},
"ui_icon_results_crystal_purple.png":
{
	"frame": {"x":736,"y":1466,"w":56,"h":108},
	"rotated": false,
	"trimmed": true,
	"spriteSourceSize": {"x":32,"y":4,"w":56,"h":108},
	"sourceSize": {"w":120,"h":120}
},
"ui_icon_sidenav_arrow.png":
{
	"frame": {"x":1986,"y":716,"w":58,"h":88},
	"rotated": false,
	"trimmed": true,
	"spriteSourceSize": {"x":24,"y":46,"w":58,"h":88},
	"sourceSize": {"w":160,"h":180}
},
"ui_icon_sidenav_map_arrow.png":
{
	"frame": {"x":736,"y":1578,"w":56,"h":86},
	"rotated": false,
	"trimmed": true,
	"spriteSourceSize": {"x":26,"y":46,"w":56,"h":86},
	"sourceSize": {"w":160,"h":180}
},
"ui_icon_upgrade_magic.png":
{
	"frame": {"x":1936,"y":1830,"w":104,"h":104},
	"rotated": false,
	"trimmed": true,
	"spriteSourceSize": {"x":8,"y":8,"w":104,"h":104},
	"sourceSize": {"w":120,"h":120}
},
"ui_image_pabbie_found.png":
{
	"frame": {"x":1206,"y":1790,"w":726,"h":250},
	"rotated": false,
	"trimmed": true,
	"spriteSourceSize": {"x":0,"y":0,"w":726,"h":250},
	"sourceSize": {"w":725,"h":250}
},
"ui_level_bg.png":
{
	"frame": {"x":1590,"y":370,"w":404,"h":106},
	"rotated": false,
	"trimmed": true,
	"spriteSourceSize": {"x":10,"y":0,"w":404,"h":106},
	"sourceSize": {"w":440,"h":130}
},
"ui_level_bg_troll.png":
{
	"frame": {"x":1590,"y":252,"w":404,"h":114},
	"rotated": false,
	"trimmed": true,
	"spriteSourceSize": {"x":10,"y":0,"w":404,"h":114},
	"sourceSize": {"w":440,"h":130}
},
"ui_level_crystal_cyan_3.png":
{
	"frame": {"x":1950,"y":1626,"w":94,"h":98},
	"rotated": false,
	"trimmed": true,
	"spriteSourceSize": {"x":342,"y":20,"w":94,"h":98},
	"sourceSize": {"w":440,"h":130}
},
"ui_level_crystal_green_3.png":
{
	"frame": {"x":1950,"y":1728,"w":94,"h":98},
	"rotated": false,
	"trimmed": true,
	"spriteSourceSize": {"x":342,"y":20,"w":94,"h":98},
	"sourceSize": {"w":440,"h":130}
},
"ui_map_char_elsa.png":
{
	"frame": {"x":1960,"y":964,"w":76,"h":152},
	"rotated": false,
	"trimmed": true,
	"spriteSourceSize": {"x":0,"y":0,"w":76,"h":152},
	"sourceSize": {"w":76,"h":151}
},
"ui_menu_character_anna_elsa.png":
{
	"frame": {"x":4,"y":4,"w":792,"h":658},
	"rotated": false,
	"trimmed": true,
	"spriteSourceSize": {"x":0,"y":0,"w":792,"h":658},
	"sourceSize": {"w":791,"h":658}
},
"ui_result_bg.png":
{
	"frame": {"x":800,"y":4,"w":786,"h":548},
	"rotated": false,
	"trimmed": true,
	"spriteSourceSize": {"x":2,"y":6,"w":786,"h":548},
	"sourceSize": {"w":790,"h":560}
},
"ui_scroll_rope_bg.png":
{
	"frame": {"x":1536,"y":624,"w":44,"h":506},
	"rotated": false,
	"trimmed": true,
	"spriteSourceSize": {"x":2,"y":0,"w":44,"h":506},
	"sourceSize": {"w":46,"h":507}
},
"ui_upgrade_info_1.png":
{
	"frame": {"x":1590,"y":480,"w":392,"h":340},
	"rotated": false,
	"trimmed": true,
	"spriteSourceSize": {"x":10,"y":16,"w":392,"h":340},
	"sourceSize": {"w":420,"h":380}
},
"ui_upgrade_info_2.png":
{
	"frame": {"x":1528,"y":1486,"w":320,"h":300},
	"rotated": false,
	"trimmed": false,
	"spriteSourceSize": {"x":0,"y":0,"w":320,"h":300},
	"sourceSize": {"w":320,"h":300}
}},
"meta": {
	"app": "http://www.codeandweb.com/texturepacker",
	"version": "1.0",
	"image": "ui1.png",
	"format": "RGBA8888",
	"size": {"w":2048,"h":2048},
	"scale": "0.5",
	"smartupdate": "$TexturePacker:SmartUpdate:e7a2cddb39a831e77dad1433587c6a28:232fd1d2f268a0539cae63e6ef84bd0a:0e59c0d667e8e1d8ab93e7135eaa1fba$"
}
}
