{"frames": {

"ingame_crystal_cyan_00.png":
{
	"frame": {"x":1956,"y":858,"w":88,"h":92},
	"rotated": false,
	"trimmed": true,
	"spriteSourceSize": {"x":0,"y":18,"w":88,"h":92},
	"sourceSize": {"w":110,"h":110}
},
"ingame_crystal_glow.png":
{
	"frame": {"x":530,"y":832,"w":194,"h":194},
	"rotated": false,
	"trimmed": false,
	"spriteSourceSize": {"x":0,"y":0,"w":194,"h":194},
	"sourceSize": {"w":194,"h":194}
},
"ingame_crystal_green_00.png":
{
	"frame": {"x":578,"y":1926,"w":88,"h":92},
	"rotated": false,
	"trimmed": true,
	"spriteSourceSize": {"x":0,"y":18,"w":88,"h":92},
	"sourceSize": {"w":110,"h":110}
},
"ingame_crystal_pink_00.png":
{
	"frame": {"x":654,"y":1754,"w":88,"h":92},
	"rotated": false,
	"trimmed": true,
	"spriteSourceSize": {"x":0,"y":18,"w":88,"h":92},
	"sourceSize": {"w":110,"h":110}
},
"ingame_crystal_purple_00.png":
{
	"frame": {"x":670,"y":1926,"w":88,"h":92},
	"rotated": false,
	"trimmed": true,
	"spriteSourceSize": {"x":0,"y":18,"w":88,"h":92},
	"sourceSize": {"w":110,"h":110}
},
"ingame_level_bg.png":
{
	"frame": {"x":1464,"y":398,"w":300,"h":80},
	"rotated": false,
	"trimmed": false,
	"spriteSourceSize": {"x":0,"y":0,"w":300,"h":80},
	"sourceSize": {"w":300,"h":80}
},
"ingame_obstacle_snowball_1.png":
{
	"frame": {"x":460,"y":1290,"w":200,"h":198},
	"rotated": false,
	"trimmed": true,
	"spriteSourceSize": {"x":0,"y":2,"w":200,"h":198},
	"sourceSize": {"w":200,"h":200}
},
"ingame_obstacle_snowball_2.png":
{
	"frame": {"x":1458,"y":1068,"w":176,"h":164},
	"rotated": false,
	"trimmed": true,
	"spriteSourceSize": {"x":14,"y":24,"w":176,"h":164},
	"sourceSize": {"w":200,"h":200}
},
"ingame_progress_char_anna.png":
{
	"frame": {"x":554,"y":1854,"w":68,"h":68},
	"rotated": false,
	"trimmed": true,
	"spriteSourceSize": {"x":16,"y":16,"w":68,"h":68},
	"sourceSize": {"w":100,"h":100}
},
"ingame_progress_char_kristoff.png":
{
	"frame": {"x":890,"y":1848,"w":68,"h":70},
	"rotated": false,
	"trimmed": true,
	"spriteSourceSize": {"x":16,"y":14,"w":68,"h":70},
	"sourceSize": {"w":100,"h":100}
},
"ingame_progress_char_pabbie.png":
{
	"frame": {"x":1684,"y":884,"w":70,"h":68},
	"rotated": false,
	"trimmed": true,
	"spriteSourceSize": {"x":14,"y":16,"w":70,"h":68},
	"sourceSize": {"w":100,"h":100}
},
"ingame_troll_magic_00.png":
{
	"frame": {"x":1184,"y":1208,"w":150,"h":150},
	"rotated": false,
	"trimmed": true,
	"spriteSourceSize": {"x":4,"y":6,"w":150,"h":150},
	"sourceSize": {"w":160,"h":160}
},
"ingame_tutorial_highlight.png":
{
	"frame": {"x":704,"y":1180,"w":200,"h":200},
	"rotated": false,
	"trimmed": false,
	"spriteSourceSize": {"x":0,"y":0,"w":200,"h":200},
	"sourceSize": {"w":200,"h":200}
},
"menu_crate_00.png":
{
	"frame": {"x":704,"y":1062,"w":208,"h":114},
	"rotated": false,
	"trimmed": true,
	"spriteSourceSize": {"x":0,"y":2,"w":208,"h":114},
	"sourceSize": {"w":212,"h":120}
},
"menu_ice_block_00.png":
{
	"frame": {"x":966,"y":944,"w":214,"h":312},
	"rotated": false,
	"trimmed": true,
	"spriteSourceSize": {"x":2,"y":4,"w":214,"h":312},
	"sourceSize": {"w":220,"h":320}
},
"ui_bonus_snowflake_1.png":
{
	"frame": {"x":472,"y":1030,"w":228,"h":256},
	"rotated": false,
	"trimmed": true,
	"spriteSourceSize": {"x":16,"y":2,"w":228,"h":256},
	"sourceSize": {"w":260,"h":260}
},
"ui_bonus_snowflake_3.png":
{
	"frame": {"x":288,"y":674,"w":238,"h":260},
	"rotated": false,
	"trimmed": true,
	"spriteSourceSize": {"x":10,"y":0,"w":238,"h":260},
	"sourceSize": {"w":260,"h":260}
},
"ui_bonus_snowflake_4.png":
{
	"frame": {"x":976,"y":684,"w":234,"h":256},
	"rotated": false,
	"trimmed": true,
	"spriteSourceSize": {"x":12,"y":2,"w":234,"h":256},
	"sourceSize": {"w":260,"h":260}
},
"ui_btn_buy_down.png":
{
	"frame": {"x":728,"y":510,"w":260,"h":120},
	"rotated": false,
	"trimmed": false,
	"spriteSourceSize": {"x":0,"y":0,"w":260,"h":120},
	"sourceSize": {"w":260,"h":120}
},
"ui_btn_buy_down_inactive.png":
{
	"frame": {"x":992,"y":560,"w":260,"h":120},
	"rotated": false,
	"trimmed": false,
	"spriteSourceSize": {"x":0,"y":0,"w":260,"h":120},
	"sourceSize": {"w":260,"h":120}
},
"ui_btn_buy_out.png":
{
	"frame": {"x":238,"y":1060,"w":224,"h":86},
	"rotated": false,
	"trimmed": true,
	"spriteSourceSize": {"x":18,"y":18,"w":224,"h":86},
	"sourceSize": {"w":260,"h":120}
},
"ui_btn_buy_out_inactive.png":
{
	"frame": {"x":238,"y":1150,"w":224,"h":86},
	"rotated": false,
	"trimmed": true,
	"spriteSourceSize": {"x":18,"y":18,"w":224,"h":86},
	"sourceSize": {"w":260,"h":120}
},
"ui_btn_buy_over.png":
{
	"frame": {"x":4,"y":1230,"w":224,"h":86},
	"rotated": false,
	"trimmed": true,
	"spriteSourceSize": {"x":18,"y":18,"w":224,"h":86},
	"sourceSize": {"w":260,"h":120}
},
"ui_btn_buy_over_inactive.png":
{
	"frame": {"x":232,"y":1240,"w":224,"h":86},
	"rotated": false,
	"trimmed": true,
	"spriteSourceSize": {"x":18,"y":18,"w":224,"h":86},
	"sourceSize": {"w":260,"h":120}
},
"ui_btn_code_normal.png":
{
	"frame": {"x":1766,"y":650,"w":264,"h":92},
	"rotated": false,
	"trimmed": true,
	"spriteSourceSize": {"x":4,"y":6,"w":264,"h":92},
	"sourceSize": {"w":273,"h":99}
},
"ui_btn_code_over.png":
{
	"frame": {"x":288,"y":578,"w":264,"h":92},
	"rotated": false,
	"trimmed": true,
	"spriteSourceSize": {"x":4,"y":6,"w":264,"h":92},
	"sourceSize": {"w":273,"h":99}
},
"ui_btn_code_press.png":
{
	"frame": {"x":1768,"y":446,"w":274,"h":100},
	"rotated": false,
	"trimmed": true,
	"spriteSourceSize": {"x":0,"y":0,"w":274,"h":100},
	"sourceSize": {"w":273,"h":99}
},
"ui_btn_con_out.png":
{
	"frame": {"x":746,"y":1754,"w":90,"h":90},
	"rotated": false,
	"trimmed": true,
	"spriteSourceSize": {"x":26,"y":26,"w":90,"h":90},
	"sourceSize": {"w":140,"h":140}
},
"ui_btn_con_over.png":
{
	"frame": {"x":762,"y":1924,"w":90,"h":90},
	"rotated": false,
	"trimmed": true,
	"spriteSourceSize": {"x":26,"y":26,"w":90,"h":90},
	"sourceSize": {"w":140,"h":140}
},
"ui_btn_input_delete_normal.png":
{
	"frame": {"x":1942,"y":954,"w":98,"h":98},
	"rotated": false,
	"trimmed": false,
	"spriteSourceSize": {"x":0,"y":0,"w":98,"h":98},
	"sourceSize": {"w":98,"h":98}
},
"ui_btn_input_delete_over.png":
{
	"frame": {"x":1338,"y":1344,"w":98,"h":98},
	"rotated": false,
	"trimmed": false,
	"spriteSourceSize": {"x":0,"y":0,"w":98,"h":98},
	"sourceSize": {"w":98,"h":98}
},
"ui_btn_input_delete_press.png":
{
	"frame": {"x":1914,"y":1292,"w":98,"h":98},
	"rotated": false,
	"trimmed": false,
	"spriteSourceSize": {"x":0,"y":0,"w":98,"h":98},
	"sourceSize": {"w":98,"h":98}
},
"ui_btn_input_enter_normal.png":
{
	"frame": {"x":1362,"y":334,"w":98,"h":194},
	"rotated": false,
	"trimmed": false,
	"spriteSourceSize": {"x":0,"y":0,"w":98,"h":194},
	"sourceSize": {"w":98,"h":194}
},
"ui_btn_input_enter_over.png":
{
	"frame": {"x":1362,"y":532,"w":98,"h":194},
	"rotated": false,
	"trimmed": false,
	"spriteSourceSize": {"x":0,"y":0,"w":98,"h":194},
	"sourceSize": {"w":98,"h":194}
},
"ui_btn_input_enter_press.png":
{
	"frame": {"x":1256,"y":560,"w":98,"h":194},
	"rotated": false,
	"trimmed": false,
	"spriteSourceSize": {"x":0,"y":0,"w":98,"h":194},
	"sourceSize": {"w":98,"h":194}
},
"ui_btn_input_normal.png":
{
	"frame": {"x":1614,"y":1316,"w":98,"h":98},
	"rotated": false,
	"trimmed": false,
	"spriteSourceSize": {"x":0,"y":0,"w":98,"h":98},
	"sourceSize": {"w":98,"h":98}
},
"ui_btn_input_over.png":
{
	"frame": {"x":1596,"y":1418,"w":98,"h":98},
	"rotated": false,
	"trimmed": false,
	"spriteSourceSize": {"x":0,"y":0,"w":98,"h":98},
	"sourceSize": {"w":98,"h":98}
},
"ui_btn_input_press.png":
{
	"frame": {"x":1596,"y":1520,"w":98,"h":98},
	"rotated": false,
	"trimmed": false,
	"spriteSourceSize": {"x":0,"y":0,"w":98,"h":98},
	"sourceSize": {"w":98,"h":98}
},
"ui_btn_map_down.png":
{
	"frame": {"x":104,"y":1588,"w":144,"h":150},
	"rotated": false,
	"trimmed": true,
	"spriteSourceSize": {"x":2,"y":0,"w":144,"h":150},
	"sourceSize": {"w":150,"h":150}
},
"ui_btn_map_down_inactive.png":
{
	"frame": {"x":252,"y":1588,"w":144,"h":150},
	"rotated": false,
	"trimmed": true,
	"spriteSourceSize": {"x":2,"y":0,"w":144,"h":150},
	"sourceSize": {"w":150,"h":150}
},
"ui_btn_map_out.png":
{
	"frame": {"x":1338,"y":942,"w":116,"h":130},
	"rotated": false,
	"trimmed": true,
	"spriteSourceSize": {"x":16,"y":12,"w":116,"h":130},
	"sourceSize": {"w":150,"h":150}
},
"ui_btn_map_out_inactive.png":
{
	"frame": {"x":1338,"y":1076,"w":116,"h":130},
	"rotated": false,
	"trimmed": true,
	"spriteSourceSize": {"x":16,"y":12,"w":116,"h":130},
	"sourceSize": {"w":150,"h":150}
},
"ui_btn_map_over.png":
{
	"frame": {"x":1338,"y":1210,"w":116,"h":130},
	"rotated": false,
	"trimmed": true,
	"spriteSourceSize": {"x":16,"y":12,"w":116,"h":130},
	"sourceSize": {"w":150,"h":150}
},
"ui_btn_map_over_inactive.png":
{
	"frame": {"x":1638,"y":1074,"w":116,"h":130},
	"rotated": false,
	"trimmed": true,
	"spriteSourceSize": {"x":16,"y":12,"w":116,"h":130},
	"sourceSize": {"w":150,"h":150}
},
"ui_btn_nav_down_big.png":
{
	"frame": {"x":230,"y":1330,"w":190,"h":200},
	"rotated": false,
	"trimmed": true,
	"spriteSourceSize": {"x":4,"y":0,"w":190,"h":200},
	"sourceSize": {"w":200,"h":200}
},
"ui_btn_nav_down_big_inactive.png":
{
	"frame": {"x":1762,"y":746,"w":190,"h":200},
	"rotated": false,
	"trimmed": true,
	"spriteSourceSize": {"x":4,"y":0,"w":190,"h":200},
	"sourceSize": {"w":200,"h":200}
},
"ui_btn_nav_out_big.png":
{
	"frame": {"x":1758,"y":1024,"w":152,"h":172},
	"rotated": false,
	"trimmed": true,
	"spriteSourceSize": {"x":22,"y":16,"w":152,"h":172},
	"sourceSize": {"w":200,"h":200}
},
"ui_btn_nav_out_big_inactive.png":
{
	"frame": {"x":1758,"y":1200,"w":152,"h":172},
	"rotated": false,
	"trimmed": true,
	"spriteSourceSize": {"x":22,"y":16,"w":152,"h":172},
	"sourceSize": {"w":200,"h":200}
},
"ui_btn_nav_over_big.png":
{
	"frame": {"x":1458,"y":1236,"w":152,"h":172},
	"rotated": false,
	"trimmed": true,
	"spriteSourceSize": {"x":22,"y":16,"w":152,"h":172},
	"sourceSize": {"w":200,"h":200}
},
"ui_btn_nav_over_big_inactive.png":
{
	"frame": {"x":1440,"y":1412,"w":152,"h":172},
	"rotated": false,
	"trimmed": true,
	"spriteSourceSize": {"x":22,"y":16,"w":152,"h":172},
	"sourceSize": {"w":200,"h":200}
},
"ui_btn_secnav_down.png":
{
	"frame": {"x":1184,"y":1052,"w":150,"h":152},
	"rotated": false,
	"trimmed": true,
	"spriteSourceSize": {"x":6,"y":4,"w":150,"h":152},
	"sourceSize": {"w":160,"h":160}
},
"ui_btn_secnav_over.png":
{
	"frame": {"x":1914,"y":1056,"w":116,"h":116},
	"rotated": false,
	"trimmed": true,
	"spriteSourceSize": {"x":22,"y":24,"w":116,"h":116},
	"sourceSize": {"w":160,"h":160}
},
"ui_btn_sidenav_down.png":
{
	"frame": {"x":222,"y":1754,"w":144,"h":168},
	"rotated": false,
	"trimmed": true,
	"spriteSourceSize": {"x":0,"y":6,"w":144,"h":168},
	"sourceSize": {"w":160,"h":180}
},
"ui_btn_sidenav_out.png":
{
	"frame": {"x":590,"y":498,"w":134,"h":146},
	"rotated": false,
	"trimmed": true,
	"spriteSourceSize": {"x":0,"y":18,"w":134,"h":146},
	"sourceSize": {"w":160,"h":180}
},
"ui_btn_sidenav_over.png":
{
	"frame": {"x":1214,"y":758,"w":134,"h":146},
	"rotated": false,
	"trimmed": true,
	"spriteSourceSize": {"x":0,"y":18,"w":134,"h":146},
	"sourceSize": {"w":160,"h":180}
},
"ui_btn_upgrade_close_over.png":
{
	"frame": {"x":370,"y":1858,"w":64,"h":64},
	"rotated": false,
	"trimmed": true,
	"spriteSourceSize": {"x":8,"y":8,"w":64,"h":64},
	"sourceSize": {"w":80,"h":80}
},
"ui_btn_upgrade_out.png":
{
	"frame": {"x":438,"y":1858,"w":64,"h":64},
	"rotated": false,
	"trimmed": true,
	"spriteSourceSize": {"x":8,"y":8,"w":64,"h":64},
	"sourceSize": {"w":80,"h":80}
},
"ui_btn_upgrade_over.png":
{
	"frame": {"x":626,"y":1854,"w":68,"h":68},
	"rotated": false,
	"trimmed": true,
	"spriteSourceSize": {"x":6,"y":6,"w":68,"h":68},
	"sourceSize": {"w":80,"h":80}
},
"ui_goals_4.png":
{
	"frame": {"x":736,"y":230,"w":728,"h":100},
	"rotated": false,
	"trimmed": true,
	"spriteSourceSize": {"x":4,"y":0,"w":728,"h":100},
	"sourceSize": {"w":732,"h":100}
},
"ui_goals_bar.png":
{
	"frame": {"x":840,"y":1754,"w":90,"h":90},
	"rotated": false,
	"trimmed": false,
	"spriteSourceSize": {"x":0,"y":0,"w":90,"h":90},
	"sourceSize": {"w":90,"h":90}
},
"ui_goals_complete.png":
{
	"frame": {"x":856,"y":1922,"w":90,"h":90},
	"rotated": false,
	"trimmed": false,
	"spriteSourceSize": {"x":0,"y":0,"w":90,"h":90},
	"sourceSize": {"w":90,"h":90}
},
"ui_goals_fill.png":
{
	"frame": {"x":934,"y":1754,"w":90,"h":90},
	"rotated": false,
	"trimmed": false,
	"spriteSourceSize": {"x":0,"y":0,"w":90,"h":90},
	"sourceSize": {"w":90,"h":90}
},
"ui_goals_icon_crystals.png":
{
	"frame": {"x":4,"y":1536,"w":96,"h":76},
	"rotated": false,
	"trimmed": true,
	"spriteSourceSize": {"x":6,"y":8,"w":96,"h":76},
	"sourceSize": {"w":110,"h":90}
},
"ui_goals_icon_jump.png":
{
	"frame": {"x":798,"y":1848,"w":88,"h":70},
	"rotated": false,
	"trimmed": true,
	"spriteSourceSize": {"x":10,"y":12,"w":88,"h":70},
	"sourceSize": {"w":110,"h":90}
},
"ui_goals_icon_slide.png":
{
	"frame": {"x":4,"y":1964,"w":98,"h":76},
	"rotated": false,
	"trimmed": true,
	"spriteSourceSize": {"x":6,"y":8,"w":98,"h":76},
	"sourceSize": {"w":110,"h":90}
},
"ui_goals_icon_snowflake.png":
{
	"frame": {"x":950,"y":1922,"w":90,"h":86},
	"rotated": false,
	"trimmed": true,
	"spriteSourceSize": {"x":10,"y":4,"w":90,"h":86},
	"sourceSize": {"w":110,"h":90}
},
"ui_goals_icon_tumblejump.png":
{
	"frame": {"x":698,"y":1850,"w":96,"h":70},
	"rotated": false,
	"trimmed": true,
	"spriteSourceSize": {"x":6,"y":12,"w":96,"h":70},
	"sourceSize": {"w":110,"h":90}
},
"ui_help_characters_arrows.png":
{
	"frame": {"x":736,"y":4,"w":728,"h":222},
	"rotated": false,
	"trimmed": true,
	"spriteSourceSize": {"x":0,"y":0,"w":728,"h":222},
	"sourceSize": {"w":727,"h":337}
},
"ui_help_characters_arrows_l.png":
{
	"frame": {"x":106,"y":1934,"w":96,"h":106},
	"rotated": false,
	"trimmed": true,
	"spriteSourceSize": {"x":0,"y":116,"w":96,"h":106},
	"sourceSize": {"w":727,"h":337}
},
"ui_help_characters_upgrade.png":
{
	"frame": {"x":728,"y":848,"w":234,"h":210},
	"rotated": false,
	"trimmed": true,
	"spriteSourceSize": {"x":140,"y":102,"w":234,"h":210},
	"sourceSize": {"w":727,"h":337}
},
"ui_help_gameplay_crystals.png":
{
	"frame": {"x":728,"y":634,"w":244,"h":210},
	"rotated": false,
	"trimmed": true,
	"spriteSourceSize": {"x":158,"y":0,"w":244,"h":210},
	"sourceSize": {"w":727,"h":337}
},
"ui_help_gameplay_hand_l.png":
{
	"frame": {"x":4,"y":1320,"w":222,"h":212},
	"rotated": false,
	"trimmed": true,
	"spriteSourceSize": {"x":74,"y":126,"w":222,"h":212},
	"sourceSize": {"w":727,"h":337}
},
"ui_help_gameplay_hand_r.png":
{
	"frame": {"x":4,"y":1320,"w":222,"h":212},
	"rotated": false,
	"trimmed": true,
	"spriteSourceSize": {"x":486,"y":126,"w":222,"h":212},
	"sourceSize": {"w":727,"h":337}
},
"ui_help_gameplay_jump.png":
{
	"frame": {"x":4,"y":346,"w":292,"h":216},
	"rotated": false,
	"trimmed": true,
	"spriteSourceSize": {"x":84,"y":0,"w":292,"h":216},
	"sourceSize": {"w":727,"h":337}
},
"ui_help_gameplay_mouse.png":
{
	"frame": {"x":1716,"y":1376,"w":148,"h":150},
	"rotated": false,
	"trimmed": true,
	"spriteSourceSize": {"x":516,"y":188,"w":148,"h":150},
	"sourceSize": {"w":727,"h":337}
},
"ui_help_gameplay_sven_sled.png":
{
	"frame": {"x":1468,"y":72,"w":322,"h":322},
	"rotated": false,
	"trimmed": true,
	"spriteSourceSize": {"x":268,"y":4,"w":322,"h":322},
	"sourceSize": {"w":727,"h":337}
},
"ui_help_gameplay_tumble.png":
{
	"frame": {"x":1052,"y":334,"w":306,"h":222},
	"rotated": false,
	"trimmed": true,
	"spriteSourceSize": {"x":80,"y":0,"w":306,"h":222},
	"sourceSize": {"w":727,"h":337}
},
"ui_help_main_menu_endless.png":
{
	"frame": {"x":1812,"y":4,"w":232,"h":318},
	"rotated": false,
	"trimmed": true,
	"spriteSourceSize": {"x":354,"y":18,"w":232,"h":318},
	"sourceSize": {"w":727,"h":337}
},
"ui_help_main_menu_endless_unlocked.png":
{
	"frame": {"x":1684,"y":744,"w":74,"h":66},
	"rotated": false,
	"trimmed": true,
	"spriteSourceSize": {"x":436,"y":98,"w":74,"h":66},
	"sourceSize": {"w":727,"h":337}
},
"ui_help_main_menu_hi_score.png":
{
	"frame": {"x":4,"y":758,"w":232,"h":146},
	"rotated": false,
	"trimmed": true,
	"spriteSourceSize": {"x":354,"y":190,"w":232,"h":146},
	"sourceSize": {"w":727,"h":337}
},
"ui_help_main_menu_story.png":
{
	"frame": {"x":4,"y":908,"w":230,"h":318},
	"rotated": false,
	"trimmed": true,
	"spriteSourceSize": {"x":134,"y":18,"w":230,"h":318},
	"sourceSize": {"w":727,"h":337}
},
"ui_icon_char_crystal_cyan.png":
{
	"frame": {"x":1868,"y":1394,"w":146,"h":176},
	"rotated": false,
	"trimmed": true,
	"spriteSourceSize": {"x":42,"y":32,"w":146,"h":176},
	"sourceSize": {"w":230,"h":230}
},
"ui_icon_char_crystal_green.png":
{
	"frame": {"x":1698,"y":1530,"w":146,"h":176},
	"rotated": false,
	"trimmed": true,
	"spriteSourceSize": {"x":42,"y":32,"w":146,"h":176},
	"sourceSize": {"w":230,"h":230}
},
"ui_icon_char_crystal_pink.png":
{
	"frame": {"x":1848,"y":1574,"w":146,"h":176},
	"rotated": false,
	"trimmed": true,
	"spriteSourceSize": {"x":42,"y":32,"w":146,"h":176},
	"sourceSize": {"w":230,"h":230}
},
"ui_icon_char_crystal_purple.png":
{
	"frame": {"x":72,"y":1754,"w":146,"h":176},
	"rotated": false,
	"trimmed": true,
	"spriteSourceSize": {"x":42,"y":32,"w":146,"h":176},
	"sourceSize": {"w":230,"h":230}
},
"ui_icon_deco.png":
{
	"frame": {"x":1468,"y":4,"w":340,"h":64},
	"rotated": false,
	"trimmed": false,
	"spriteSourceSize": {"x":0,"y":0,"w":340,"h":64},
	"sourceSize": {"w":340,"h":64}
},
"ui_icon_gameplay_snowflake.png":
{
	"frame": {"x":962,"y":1848,"w":68,"h":68},
	"rotated": false,
	"trimmed": true,
	"spriteSourceSize": {"x":6,"y":6,"w":68,"h":68},
	"sourceSize": {"w":80,"h":80}
},
"ui_icon_lock.png":
{
	"frame": {"x":590,"y":346,"w":134,"h":148},
	"rotated": false,
	"trimmed": true,
	"spriteSourceSize": {"x":46,"y":36,"w":134,"h":148},
	"sourceSize": {"w":230,"h":230}
},
"ui_icon_nav_lock.png":
{
	"frame": {"x":400,"y":1534,"w":64,"h":76},
	"rotated": false,
	"trimmed": true,
	"spriteSourceSize": {"x":68,"y":62,"w":64,"h":76},
	"sourceSize": {"w":200,"h":200}
},
"ui_icon_nav_skip.png":
{
	"frame": {"x":1684,"y":814,"w":72,"h":66},
	"rotated": false,
	"trimmed": true,
	"spriteSourceSize": {"x":64,"y":66,"w":72,"h":66},
	"sourceSize": {"w":200,"h":200}
},
"ui_icon_results_distance.png":
{
	"frame": {"x":1956,"y":746,"w":88,"h":108},
	"rotated": false,
	"trimmed": true,
	"spriteSourceSize": {"x":16,"y":8,"w":88,"h":108},
	"sourceSize": {"w":120,"h":120}
},
"ui_icon_results_snowflake.png":
{
	"frame": {"x":1642,"y":956,"w":112,"h":114},
	"rotated": false,
	"trimmed": true,
	"spriteSourceSize": {"x":4,"y":4,"w":112,"h":114},
	"sourceSize": {"w":120,"h":120}
},
"ui_icon_results_style.png":
{
	"frame": {"x":1914,"y":1176,"w":116,"h":112},
	"rotated": false,
	"trimmed": true,
	"spriteSourceSize": {"x":2,"y":2,"w":116,"h":112},
	"sourceSize": {"w":120,"h":120}
},
"ui_icon_results_troll.png":
{
	"frame": {"x":554,"y":1754,"w":96,"h":96},
	"rotated": false,
	"trimmed": false,
	"spriteSourceSize": {"x":0,"y":0,"w":96,"h":96},
	"sourceSize": {"w":96,"h":96}
},
"ui_icon_results_trolls.png":
{
	"frame": {"x":1358,"y":730,"w":98,"h":100},
	"rotated": false,
	"trimmed": true,
	"spriteSourceSize": {"x":12,"y":10,"w":98,"h":100},
	"sourceSize": {"w":120,"h":120}
},
"ui_icon_upgrade_magnet.png":
{
	"frame": {"x":1352,"y":834,"w":104,"h":104},
	"rotated": false,
	"trimmed": true,
	"spriteSourceSize": {"x":8,"y":8,"w":104,"h":104},
	"sourceSize": {"w":120,"h":120}
},
"ui_icon_upgrade_tumble.png":
{
	"frame": {"x":1638,"y":1208,"w":104,"h":104},
	"rotated": false,
	"trimmed": true,
	"spriteSourceSize": {"x":8,"y":8,"w":104,"h":104},
	"sourceSize": {"w":120,"h":120}
},
"ui_level_crystal_cyan_1.png":
{
	"frame": {"x":206,"y":1934,"w":90,"h":100},
	"rotated": false,
	"trimmed": true,
	"spriteSourceSize": {"x":274,"y":26,"w":90,"h":100},
	"sourceSize": {"w":440,"h":130}
},
"ui_level_crystal_cyan_2.png":
{
	"frame": {"x":464,"y":1754,"w":86,"h":100},
	"rotated": false,
	"trimmed": true,
	"spriteSourceSize": {"x":306,"y":28,"w":86,"h":100},
	"sourceSize": {"w":440,"h":130}
},
"ui_level_crystal_green_1.png":
{
	"frame": {"x":300,"y":1926,"w":90,"h":100},
	"rotated": false,
	"trimmed": true,
	"spriteSourceSize": {"x":274,"y":26,"w":90,"h":100},
	"sourceSize": {"w":440,"h":130}
},
"ui_level_crystal_green_2.png":
{
	"frame": {"x":488,"y":1926,"w":86,"h":100},
	"rotated": false,
	"trimmed": true,
	"spriteSourceSize": {"x":306,"y":28,"w":86,"h":100},
	"sourceSize": {"w":440,"h":130}
},
"ui_level_crystal_pink_1.png":
{
	"frame": {"x":370,"y":1754,"w":90,"h":100},
	"rotated": false,
	"trimmed": true,
	"spriteSourceSize": {"x":274,"y":26,"w":90,"h":100},
	"sourceSize": {"w":440,"h":130}
},
"ui_level_crystal_pink_2.png":
{
	"frame": {"x":400,"y":1622,"w":86,"h":100},
	"rotated": false,
	"trimmed": true,
	"spriteSourceSize": {"x":306,"y":28,"w":86,"h":100},
	"sourceSize": {"w":440,"h":130}
},
"ui_level_crystal_pink_3.png":
{
	"frame": {"x":490,"y":1622,"w":94,"h":98},
	"rotated": false,
	"trimmed": true,
	"spriteSourceSize": {"x":342,"y":20,"w":94,"h":98},
	"sourceSize": {"w":440,"h":130}
},
"ui_level_crystal_purple_1.png":
{
	"frame": {"x":394,"y":1926,"w":90,"h":100},
	"rotated": false,
	"trimmed": true,
	"spriteSourceSize": {"x":274,"y":26,"w":90,"h":100},
	"sourceSize": {"w":440,"h":130}
},
"ui_level_crystal_purple_2.png":
{
	"frame": {"x":468,"y":1492,"w":86,"h":100},
	"rotated": false,
	"trimmed": true,
	"spriteSourceSize": {"x":306,"y":28,"w":86,"h":100},
	"sourceSize": {"w":440,"h":130}
},
"ui_level_crystal_purple_3.png":
{
	"frame": {"x":558,"y":1492,"w":94,"h":98},
	"rotated": false,
	"trimmed": true,
	"spriteSourceSize": {"x":342,"y":20,"w":94,"h":98},
	"sourceSize": {"w":440,"h":130}
},
"ui_map_char_olaf.png":
{
	"frame": {"x":1214,"y":908,"w":120,"h":140},
	"rotated": false,
	"trimmed": true,
	"spriteSourceSize": {"x":0,"y":0,"w":120,"h":140},
	"sourceSize": {"w":120,"h":139}
},
"ui_menu_character_pabbie.png":
{
	"frame": {"x":1464,"y":482,"w":298,"h":258},
	"rotated": false,
	"trimmed": true,
	"spriteSourceSize": {"x":0,"y":0,"w":298,"h":258},
	"sourceSize": {"w":297,"h":258}
},
"ui_menu_crystals_bg.png":
{
	"frame": {"x":1794,"y":326,"w":246,"h":116},
	"rotated": false,
	"trimmed": true,
	"spriteSourceSize": {"x":6,"y":4,"w":246,"h":116},
	"sourceSize": {"w":260,"h":130}
},
"ui_menu_hiscore_bg.png":
{
	"frame": {"x":728,"y":428,"w":280,"h":78},
	"rotated": false,
	"trimmed": true,
	"spriteSourceSize": {"x":0,"y":0,"w":280,"h":78},
	"sourceSize": {"w":280,"h":80}
},
"ui_menu_trolls.png":
{
	"frame": {"x":238,"y":938,"w":230,"h":118},
	"rotated": false,
	"trimmed": true,
	"spriteSourceSize": {"x":2,"y":0,"w":230,"h":118},
	"sourceSize": {"w":231,"h":117}
},
"ui_redeem_warning.png":
{
	"frame": {"x":1460,"y":886,"w":178,"h":178},
	"rotated": false,
	"trimmed": false,
	"spriteSourceSize": {"x":0,"y":0,"w":178,"h":178},
	"sourceSize": {"w":178,"h":178}
},
"ui_snowflake_bg.png":
{
	"frame": {"x":1758,"y":950,"w":180,"h":70},
	"rotated": false,
	"trimmed": false,
	"spriteSourceSize": {"x":0,"y":0,"w":180,"h":70},
	"sourceSize": {"w":180,"h":70}
},
"ui_tutorial_anna.png":
{
	"frame": {"x":300,"y":346,"w":286,"h":228},
	"rotated": false,
	"trimmed": true,
	"spriteSourceSize": {"x":260,"y":0,"w":286,"h":228},
	"sourceSize": {"w":727,"h":337}
},
"ui_tutorial_bg.png":
{
	"frame": {"x":4,"y":4,"w":728,"h":338},
	"rotated": false,
	"trimmed": true,
	"spriteSourceSize": {"x":0,"y":0,"w":728,"h":338},
	"sourceSize": {"w":727,"h":337}
},
"ui_tutorial_distance.png":
{
	"frame": {"x":556,"y":648,"w":166,"h":180},
	"rotated": false,
	"trimmed": true,
	"spriteSourceSize": {"x":0,"y":0,"w":166,"h":180},
	"sourceSize": {"w":727,"h":337}
},
"ui_tutorial_elsa.png":
{
	"frame": {"x":736,"y":334,"w":312,"h":90},
	"rotated": false,
	"trimmed": true,
	"spriteSourceSize": {"x":214,"y":8,"w":312,"h":90},
	"sourceSize": {"w":727,"h":337}
},
"ui_tutorial_kristoff.png":
{
	"frame": {"x":1460,"y":744,"w":220,"h":138},
	"rotated": false,
	"trimmed": true,
	"spriteSourceSize": {"x":218,"y":112,"w":220,"h":138},
	"sourceSize": {"w":727,"h":337}
},
"ui_tutorial_olaf.png":
{
	"frame": {"x":4,"y":566,"w":280,"h":188},
	"rotated": false,
	"trimmed": true,
	"spriteSourceSize": {"x":168,"y":150,"w":280,"h":188},
	"sourceSize": {"w":727,"h":337}
},
"ui_tutorial_pabbie.png":
{
	"frame": {"x":1766,"y":550,"w":268,"h":96},
	"rotated": false,
	"trimmed": true,
	"spriteSourceSize": {"x":272,"y":128,"w":268,"h":96},
	"sourceSize": {"w":727,"h":337}
},
"ui_tutorial_personal_best.png":
{
	"frame": {"x":4,"y":1622,"w":64,"h":338},
	"rotated": false,
	"trimmed": true,
	"spriteSourceSize": {"x":464,"y":0,"w":64,"h":338},
	"sourceSize": {"w":727,"h":337}
}},
"meta": {
	"app": "http://www.codeandweb.com/texturepacker",
	"version": "1.0",
	"image": "ui2.png",
	"format": "RGBA8888",
	"size": {"w":2048,"h":2048},
	"scale": "0.5",
	"smartupdate": "$TexturePacker:SmartUpdate:e7a2cddb39a831e77dad1433587c6a28:232fd1d2f268a0539cae63e6ef84bd0a:0e59c0d667e8e1d8ab93e7135eaa1fba$"
}
}
