{
"skeleton": { "hash": "6SxnX2J2FZ1ekyWivRjHt1oAbAg", "spine": "3.4.02", "width": 920, "height": 1280, "images": "" },
"bones": [
	{ "name": "root" }
],
"slots": [
	{ "name": "ui_char_elsa", "bone": "root", "attachment": "ui_char_elsa" },
	{ "name": "ui_char_elsa_eyes_1", "bone": "root", "attachment": "ui_char_elsa_eyes_2" }
],
"skins": {
	"default": {
		"ui_char_elsa": {
			"ui_char_elsa": { "y": 640, "width": 920, "height": 1280 }
		},
		"ui_char_elsa_eyes_1": {
			"ui_char_elsa_eyes_1": { "x": 61, "y": 1080, "width": 228, "height": 134 },
			"ui_char_elsa_eyes_2": { "x": 61, "y": 1080, "width": 228, "height": 134 },
			"ui_char_elsa_eyes_3": { "x": 61, "y": 1080, "width": 228, "height": 134 }
		}
	}
},
"animations": {
	"look_left": {
		"slots": {
			"ui_char_elsa": {
				"attachment": [
					{ "time": 0, "name": "ui_char_elsa" }
				]
			},
			"ui_char_elsa_eyes_1": {
				"attachment": [
					{ "time": 0, "name": null },
					{ "time": 2.6333, "name": "ui_char_elsa_eyes_1" },
					{ "time": 2.7, "name": "ui_char_elsa_eyes_2" },
					{ "time": 3.3333, "name": "ui_char_elsa_eyes_1" },
					{ "time": 3.4, "name": "ui_char_elsa_eyes_2" },
					{ "time": 4.6333, "name": "ui_char_elsa_eyes_1" },
					{ "time": 4.7, "name": null }
				]
			}
		},
		"bones": {
			"root": {
				"scale": [
					{
						"time": 0,
						"x": 1,
						"y": 1,
						"curve": [ 0.25, 0, 0.75, 1 ]
					},
					{
						"time": 1.6666,
						"x": 1.01,
						"y": 1.007,
						"curve": [ 0.25, 0, 0.75, 1 ]
					},
					{
						"time": 3.4666,
						"x": 1,
						"y": 1,
						"curve": [ 0.25, 0, 0.75, 1 ]
					},
					{
						"time": 5.2333,
						"x": 1.01,
						"y": 1.007,
						"curve": [ 0.25, 0, 0.75, 1 ]
					},
					{ "time": 7.1, "x": 1, "y": 1 }
				]
			}
		}
	},
	"look_right": {
		"slots": {
			"ui_char_elsa": {
				"attachment": [
					{ "time": 0, "name": "ui_char_elsa" }
				]
			},
			"ui_char_elsa_eyes_1": {
				"attachment": [
					{ "time": 0, "name": null },
					{ "time": 2.6333, "name": "ui_char_elsa_eyes_1" },
					{ "time": 2.7333, "name": "ui_char_elsa_eyes_3" },
					{ "time": 3.3, "name": "ui_char_elsa_eyes_1" },
					{ "time": 3.4, "name": "ui_char_elsa_eyes_3" },
					{ "time": 4.6, "name": "ui_char_elsa_eyes_1" },
					{ "time": 4.7, "name": null }
				]
			}
		},
		"bones": {
			"root": {
				"scale": [
					{
						"time": 0,
						"x": 1,
						"y": 1,
						"curve": [ 0.25, 0, 0.75, 1 ]
					},
					{
						"time": 1.1,
						"x": 1,
						"y": 1.007,
						"curve": [ 0.25, 0, 0.75, 1 ]
					},
					{
						"time": 2.3,
						"x": 1,
						"y": 1,
						"curve": [ 0.25, 0, 0.75, 1 ]
					},
					{
						"time": 3.4666,
						"x": 1,
						"y": 1.007,
						"curve": [ 0.25, 0, 0.75, 1 ]
					},
					{
						"time": 4.7,
						"x": 1,
						"y": 1,
						"curve": [ 0.25, 0, 0.75, 1 ]
					},
					{
						"time": 5.9333,
						"x": 1,
						"y": 1.007,
						"curve": [ 0.25, 0, 0.75, 1 ]
					},
					{ "time": 7.1, "x": 1, "y": 1 }
				]
			}
		}
	}
}
}