{
"skeleton": { "hash": "GrbqH3H4VLhteQQMaTChKVyOsEo", "spine": "3.4.02", "width": 3010.6, "height": 2998.95, "images": "./intro/" },
"bones": [
	{ "name": "root" },
	{ "name": "bone", "parent": "root", "y": -21.75 },
	{ "name": "blue_l", "parent": "bone", "x": -292.54, "y": 257.61, "scaleY": 0.915, "color": "007affff" },
	{ "name": "blue_l2", "parent": "bone", "x": -292.54, "y": 257.61, "scaleY": 0.915, "color": "007affff" },
	{ "name": "blue_r", "parent": "bone", "x": 306.88, "y": 261.74, "scaleY": 0.915, "color": "007affff" },
	{ "name": "blue_r2", "parent": "bone", "x": 306.88, "y": 261.74, "scaleY": 0.915, "color": "007affff" },
	{ "name": "thought_anna", "parent": "bone", "x": 168.91, "y": -940.94, "scaleX": -1 },
	{ "name": "bone2", "parent": "thought_anna", "x": -8.84, "y": -8.04 },
	{ "name": "thought_elsa", "parent": "bone", "x": 465.46, "y": -1019.94, "scaleX": -1 },
	{ "name": "bone3", "parent": "thought_elsa", "x": -5.31, "y": -1.4 },
	{ "name": "thought_olaf", "parent": "bone", "x": -668.51, "y": -1299.65, "scaleX": -1 },
	{ "name": "bone4", "parent": "thought_olaf", "x": 11.33, "y": -4.69 },
	{ "name": "thought_kristoff", "parent": "bone", "rotation": 180, "x": -692.33, "y": -980.34, "scaleX": -1 },
	{ "name": "bone5", "parent": "thought_kristoff", "x": 1.29, "y": 0.03 },
	{ "name": "bone6", "parent": "thought_kristoff", "x": -4.74, "y": -3.06, "color": "58ff00ff" },
	{ "name": "bone7", "parent": "thought_olaf", "x": 2.53, "y": -4.43 },
	{ "name": "bone8", "parent": "thought_anna", "x": 0.97, "y": -5.37 },
	{ "name": "bone9", "parent": "thought_elsa", "x": 1.26, "y": -4.54 },
	{ "name": "char_anna", "parent": "bone", "x": 40.92, "y": -1337.48 },
	{ "name": "char_elsa", "parent": "bone", "x": 289.27, "y": -1314.95 },
	{ "name": "char_kristoff", "parent": "bone", "x": -576.54, "y": -1366.37 },
	{ "name": "char_olaf", "parent": "bone", "x": -195.64, "y": -1577.8 },
	{ "name": "char_pabbie", "parent": "bone", "x": 855, "y": -1409.21 },
	{ "name": "crystal_cyan", "parent": "bone", "x": 220.62, "y": 222.99 },
	{ "name": "crystal_cyan2", "parent": "bone", "x": -161.64, "y": 616.1 },
	{ "name": "crystal_cyan3", "parent": "bone", "x": -253.01, "y": 232.66 },
	{ "name": "crystal_green", "parent": "bone", "x": 781.29, "y": 412.5 },
	{ "name": "crystal_green2", "parent": "bone", "x": -500.67, "y": 223.65, "scaleX": 1.008, "scaleY": 1.008 },
	{ "name": "crystal_green3", "parent": "bone", "x": -29.97, "y": 292.97 },
	{ "name": "crystal_pink", "parent": "bone", "x": -177.76, "y": 274.52, "scaleX": 0.875, "scaleY": 0.875 },
	{ "name": "crystal_pink2", "parent": "bone", "x": 7.3, "y": 477.48 },
	{ "name": "crystal_pink3", "parent": "bone", "x": 735.63, "y": 192.35 },
	{ "name": "crystal_pink4", "parent": "bone", "x": -384.01, "y": 188.68 },
	{ "name": "crystal_purple", "parent": "bone", "x": -51.71, "y": 179.75, "scaleX": 1.077, "scaleY": 1.077 },
	{ "name": "crystal_purple2", "parent": "bone", "x": -932.73, "y": 237.77 },
	{ "name": "crystal_purple3", "parent": "bone", "x": -30.23, "y": 616.1 },
	{ "name": "crystal_purple4", "parent": "bone", "x": 451.75, "y": 224.2, "scaleX": 0.987, "scaleY": 0.987 },
	{ "name": "crystal_purple5", "parent": "bone", "x": -696.14, "y": 178.1, "scaleX": 0.988, "scaleY": 0.988 },
	{ "name": "green_l", "parent": "bone", "x": -145.56, "y": 689.65, "scaleX": 0.87, "scaleY": 2.549, "color": "15ff00ff" },
	{ "name": "green_l2", "parent": "bone", "x": -145.56, "y": 689.65, "scaleX": 0.87, "scaleY": 2.549, "color": "15ff00ff" },
	{ "name": "green_r", "parent": "bone", "x": 146.93, "y": 693.78, "scaleX": 0.87, "scaleY": 2.549, "color": "15ff00ff" },
	{ "name": "green_r2", "parent": "bone", "x": 146.93, "y": 693.78, "scaleX": 0.87, "scaleY": 2.549, "color": "15ff00ff" },
	{ "name": "mountains", "parent": "bone", "x": 13.09, "y": -1121.86 },
	{ "name": "mountains2", "parent": "bone", "x": 13.09, "y": -730.12, "scaleX": -1.066 },
	{ "name": "pabbie_concerned_bg", "parent": "bone", "x": -0.55, "y": -1724.53 },
	{ "name": "pabbie", "parent": "pabbie_concerned_bg", "x": -169.24, "y": 207.17 },
	{ "name": "pabbie_head", "parent": "bone", "x": -488.33, "y": 479.29 },
	{ "name": "pabbie_face", "parent": "pabbie_head", "x": -1.48, "y": 26.82 },
	{ "name": "pabbie_nose", "parent": "pabbie_face", "x": 32.78, "y": 20.85 },
	{ "name": "pink_l", "parent": "bone", "x": -292.54, "y": -48.96, "scaleY": 2.029, "color": "ff00bcff" },
	{ "name": "pink_l2", "parent": "bone", "x": -292.54, "y": -48.96, "scaleY": 2.029, "color": "ff00bcff" },
	{ "name": "pink_r", "parent": "bone", "x": 306.88, "y": -44.83, "scaleY": 2.029, "color": "ff00bcff" },
	{ "name": "pink_r2", "parent": "bone", "x": 306.88, "y": -44.83, "scaleY": 2.029, "color": "ff00bcff" },
	{ "name": "trees", "parent": "bone", "x": 1.25, "y": -1461.82 }
],
"slots": [
	{ "name": "intro_sky", "bone": "bone", "attachment": "intro_sky" },
	{ "name": "intro_mountains", "bone": "mountains", "attachment": "intro_mountains" },
	{ "name": "intro_trees", "bone": "trees", "attachment": "intro_trees" },
	{ "name": "intro_anna", "bone": "char_anna", "attachment": "intro_anna" },
	{ "name": "intro_elsa", "bone": "char_elsa", "attachment": "intro_elsa" },
	{ "name": "intro_kristoff", "bone": "char_kristoff", "attachment": "intro_kristoff" },
	{ "name": "intro_olaf", "bone": "char_olaf", "attachment": "intro_olaf" },
	{ "name": "intro_pabbie", "bone": "char_pabbie", "attachment": "intro_pabbie" },
	{ "name": "intro_northern_light_blue", "bone": "blue_l", "attachment": "intro_northern_light_blue" },
	{ "name": "intro_northern_light_blue4", "bone": "blue_l2", "attachment": "intro_northern_light_blue" },
	{ "name": "intro_northern_light_blue2", "bone": "blue_r", "attachment": "intro_northern_light_blue" },
	{ "name": "intro_northern_light_blue3", "bone": "blue_r2", "attachment": "intro_northern_light_blue" },
	{ "name": "intro_northern_light_green", "bone": "green_l", "attachment": "intro_northern_light_green" },
	{ "name": "intro_northern_light_green4", "bone": "green_l2", "attachment": "intro_northern_light_green" },
	{ "name": "intro_northern_light_green2", "bone": "green_r", "attachment": "intro_northern_light_green" },
	{ "name": "intro_northern_light_green3", "bone": "green_r2", "attachment": "intro_northern_light_green" },
	{ "name": "intro_northern_light_purple", "bone": "pink_l", "attachment": "intro_northern_light_purple" },
	{ "name": "intro_northern_light_purple4", "bone": "pink_l2", "attachment": "intro_northern_light_purple" },
	{ "name": "intro_northern_light_purple2", "bone": "pink_r", "attachment": "intro_northern_light_purple" },
	{ "name": "intro_northern_light_purple3", "bone": "pink_r2", "attachment": "intro_northern_light_purple" },
	{ "name": "intro_mountains2", "bone": "mountains2", "attachment": "intro_mountains" },
	{ "name": "pabbie_concerned_bg", "bone": "pabbie_concerned_bg", "attachment": "pabbie_concerned_bg" },
	{ "name": "pabbie_concerned", "bone": "pabbie", "attachment": "pabbie_concerned" },
	{ "name": "intro_trolls_bg", "bone": "bone", "attachment": "intro_trolls_bg" },
	{ "name": "intro_rocks", "bone": "bone", "attachment": "intro_rocks_bg" },
	{ "name": "intro_crystal_cyan_00", "bone": "crystal_cyan", "attachment": "intro_crystal_cyan_00" },
	{ "name": "intro_crystal_green_1", "bone": "crystal_green3", "attachment": "intro_crystal_green_00" },
	{ "name": "intro_crystal_pink_00", "bone": "crystal_pink", "attachment": "intro_crystal_pink_00" },
	{ "name": "intro_crystal_cyan_01", "bone": "crystal_cyan2", "attachment": "intro_crystal_cyan_01" },
	{ "name": "intro_crystal_green_00", "bone": "crystal_green", "attachment": "intro_crystal_green_00" },
	{ "name": "intro_crystal_green_0", "bone": "crystal_green2", "attachment": "intro_crystal_green_00" },
	{ "name": "intro_crystal_pink_0", "bone": "crystal_pink3", "attachment": "intro_crystal_pink_00" },
	{ "name": "intro_crystal_pink_1", "bone": "crystal_pink4", "attachment": "intro_crystal_pink_00" },
	{ "name": "intro_crystal_cyan_0", "bone": "crystal_cyan3", "attachment": "intro_crystal_cyan_00" },
	{ "name": "intro_crystal_pink_01", "bone": "crystal_pink2", "attachment": "intro_crystal_pink_01" },
	{ "name": "intro_crystal_purple_00", "bone": "crystal_purple", "attachment": "intro_crystal_purple_00" },
	{ "name": "intro_crystal_purple_1", "bone": "crystal_purple5", "attachment": "intro_crystal_purple_00" },
	{ "name": "intro_crystal_purple_0", "bone": "crystal_purple4", "attachment": "intro_crystal_purple_00" },
	{ "name": "intro_crystal_purple_01", "bone": "crystal_purple2", "attachment": "intro_crystal_purple_01" },
	{ "name": "intro_crystal_purple_02", "bone": "crystal_purple3", "attachment": "intro_crystal_purple_02" },
	{ "name": "intro_thought_bubble", "bone": "thought_kristoff", "attachment": "intro_thought_bubble" },
	{ "name": "intro_thought_bubble2", "bone": "thought_olaf", "attachment": "intro_thought_bubble" },
	{ "name": "intro_thought_bubble3", "bone": "thought_anna", "attachment": "intro_thought_bubble" },
	{ "name": "intro_thought_bubble4", "bone": "thought_elsa", "attachment": "intro_thought_bubble" },
	{ "name": "intro_crystal_glow", "bone": "bone6", "attachment": "intro_crystal_glow" },
	{ "name": "intro_crystal_glow2", "bone": "bone7", "attachment": "intro_crystal_glow" },
	{ "name": "intro_crystal_glow3", "bone": "bone8", "attachment": "intro_crystal_glow" },
	{ "name": "intro_crystal_glow4", "bone": "bone9", "attachment": "intro_crystal_glow" },
	{ "name": "intro_crystal_cyan_1", "bone": "bone4", "attachment": "intro_crystal_cyan_00" },
	{ "name": "intro_crystal_green_2", "bone": "bone5", "attachment": "intro_crystal_green_00" },
	{ "name": "intro_crystal_purple_2", "bone": "bone3", "attachment": "intro_crystal_purple_00" },
	{ "name": "intro_crystal_pink_2", "bone": "bone2", "attachment": "intro_crystal_pink_00" },
	{ "name": "intro_rocks_pabbie_head", "bone": "pabbie_head", "attachment": "intro_rocks_pabbie_head" },
	{ "name": "intro_rocks_pabbie_face", "bone": "pabbie_face", "attachment": "intro_rocks_pabbie_face" },
	{ "name": "intro_rocks_pabbie_nose", "bone": "pabbie_nose", "attachment": "intro_rocks_pabbie_nose" }
],
"skins": {
	"default": {
		"intro_anna": {
			"intro_anna": { "x": -15.02, "y": -30.03, "width": 460, "height": 640 }
		},
		"intro_crystal_cyan_0": {
			"intro_crystal_cyan_00": { "x": 2.53, "y": -9.03, "scaleX": 1.205, "scaleY": 1.205, "rotation": 279.38, "width": 220, "height": 220 }
		},
		"intro_crystal_cyan_00": {
			"intro_crystal_cyan_00": { "x": -0.55, "y": -8.06, "scaleX": 1.205, "scaleY": 1.205, "rotation": 311.51, "width": 220, "height": 220 }
		},
		"intro_crystal_cyan_01": {
			"intro_crystal_cyan_01": { "x": -4.33, "y": 2.88, "width": 96, "height": 68 }
		},
		"intro_crystal_cyan_1": {
			"intro_crystal_cyan_00": { "x": -8.49, "y": -0.33, "scaleX": 0.589, "scaleY": 0.589, "rotation": -52.67, "width": 220, "height": 220 }
		},
		"intro_crystal_glow": {
			"intro_crystal_glow": { "x": 2.62, "y": 1.92, "rotation": -180, "width": 230, "height": 200 }
		},
		"intro_crystal_glow2": {
			"intro_crystal_glow": { "x": 3.13, "width": 230, "height": 200 }
		},
		"intro_crystal_glow3": {
			"intro_crystal_glow": { "x": -1.1, "y": 3.44, "width": 230, "height": 200 }
		},
		"intro_crystal_glow4": {
			"intro_crystal_glow": { "x": -2.59, "y": 6.1, "width": 230, "height": 200 }
		},
		"intro_crystal_green_0": {
			"intro_crystal_green_00": { "x": 0.68, "y": -2.69, "scaleX": 1.193, "scaleY": 1.193, "rotation": 315.79, "width": 220, "height": 220 }
		},
		"intro_crystal_green_00": {
			"intro_crystal_green_00": { "x": 18.75, "y": -106.98, "scaleX": 0.951, "scaleY": 0.951, "rotation": 300.29, "width": 220, "height": 220 }
		},
		"intro_crystal_green_1": {
			"intro_crystal_green_00": { "x": 5.42, "y": -6.87, "scaleX": 1.021, "scaleY": 1.021, "rotation": 294, "width": 220, "height": 220 }
		},
		"intro_crystal_green_2": {
			"intro_crystal_green_00": { "x": -0.44, "y": -0.16, "scaleX": 0.655, "scaleY": 0.655, "rotation": 163.16, "width": 220, "height": 220 }
		},
		"intro_crystal_pink_0": {
			"intro_crystal_pink_00": { "x": 4.92, "y": 1.87, "scaleX": 1.224, "scaleY": 1.224, "rotation": 308.13, "width": 220, "height": 220 }
		},
		"intro_crystal_pink_00": {
			"intro_crystal_pink_00": { "x": 4.92, "y": 1.87, "scaleX": 1.224, "scaleY": 1.224, "rotation": 308.13, "width": 220, "height": 220 }
		},
		"intro_crystal_pink_01": {
			"intro_crystal_pink_01": { "x": -10.1, "y": -2.88, "width": 128, "height": 96 }
		},
		"intro_crystal_pink_1": {
			"intro_crystal_pink_00": { "x": 4.92, "y": 1.87, "scaleX": 1.224, "scaleY": 1.224, "rotation": 308.13, "width": 220, "height": 220 }
		},
		"intro_crystal_pink_2": {
			"intro_crystal_pink_00": { "x": 5.36, "y": 3.02, "scaleX": 0.611, "scaleY": 0.611, "rotation": -23.23, "width": 220, "height": 220 }
		},
		"intro_crystal_purple_0": {
			"intro_crystal_purple_00": { "x": 1.22, "y": 13.7, "scaleX": 1.228, "scaleY": 1.228, "rotation": 304.34, "width": 220, "height": 220 }
		},
		"intro_crystal_purple_00": {
			"intro_crystal_purple_00": { "x": 1.22, "y": 7.56, "scaleX": 1.228, "scaleY": 1.228, "rotation": 304.88, "width": 220, "height": 220 }
		},
		"intro_crystal_purple_01": {
			"intro_crystal_purple_01": { "x": -5.77, "y": 10.1, "width": 78, "height": 72 }
		},
		"intro_crystal_purple_02": {
			"intro_crystal_purple_02": { "x": -7.21, "y": 2.88, "width": 86, "height": 68 }
		},
		"intro_crystal_purple_1": {
			"intro_crystal_purple_00": { "x": 1.51, "y": 8.72, "scaleX": 1.228, "scaleY": 1.228, "rotation": 304.48, "width": 220, "height": 220 }
		},
		"intro_crystal_purple_2": {
			"intro_crystal_purple_00": { "x": 0.92, "y": -1.5, "scaleX": 0.641, "scaleY": 0.641, "rotation": -75.53, "width": 220, "height": 220 }
		},
		"intro_elsa": {
			"intro_elsa": { "x": -38.54, "y": -60.08, "width": 251, "height": 640 }
		},
		"intro_kristoff": {
			"intro_kristoff": { "x": 120.66, "y": 181.69, "width": 976, "height": 1014 }
		},
		"intro_mountains": {
			"intro_mountains": { "x": -16.69, "y": -51.74, "scaleX": 2, "scaleY": 2, "width": 1024, "height": 512 }
		},
		"intro_mountains2": {
			"intro_mountains": { "x": -16.69, "y": -51.74, "scaleX": 2, "scaleY": 2, "width": 1024, "height": 512 }
		},
		"intro_northern_light_blue": {
			"intro_northern_light_blue": { "x": 69.04, "y": 28.12, "scaleX": 2.5, "scaleY": 3.135, "width": 1024, "height": 256 }
		},
		"intro_northern_light_blue2": {
			"intro_northern_light_blue": { "x": -79.77, "y": 23.99, "scaleX": 2.5, "scaleY": 2.742, "rotation": 360, "width": 1024, "height": 256 }
		},
		"intro_northern_light_blue3": {
			"intro_northern_light_blue": { "x": -79.77, "y": 23.99, "scaleX": 2.5, "scaleY": 2.742, "rotation": 360, "width": 1024, "height": 256 }
		},
		"intro_northern_light_blue4": {
			"intro_northern_light_blue": { "x": 69.04, "y": 28.12, "scaleX": 2.5, "scaleY": 3.135, "width": 1024, "height": 256 }
		},
		"intro_northern_light_green": {
			"intro_northern_light_green": { "x": 69.66, "y": -152.8, "scaleX": 2.5, "scaleY": 2.492, "width": 1024, "height": 256 }
		},
		"intro_northern_light_green2": {
			"intro_northern_light_green": { "x": -79.16, "y": -156.93, "scaleX": 2.5, "scaleY": 2.56, "width": 1024, "height": 256 }
		},
		"intro_northern_light_green3": {
			"intro_northern_light_green": { "x": -79.16, "y": -156.93, "scaleX": 2.5, "scaleY": 2.56, "width": 1024, "height": 256 }
		},
		"intro_northern_light_green4": {
			"intro_northern_light_green": { "x": 69.66, "y": -152.8, "scaleX": 2.5, "scaleY": 2.492, "width": 1024, "height": 256 }
		},
		"intro_northern_light_purple": {
			"intro_northern_light_purple": { "x": 69.66, "y": -156.68, "scaleX": 2.5, "scaleY": 3, "width": 1024, "height": 256 }
		},
		"intro_northern_light_purple2": {
			"intro_northern_light_purple": { "x": -273.45, "y": -160.81, "scaleX": 2.5, "scaleY": 3, "width": 1024, "height": 256 }
		},
		"intro_northern_light_purple3": {
			"intro_northern_light_purple": { "x": -273.45, "y": -160.81, "scaleX": 2.5, "scaleY": 3, "width": 1024, "height": 256 }
		},
		"intro_northern_light_purple4": {
			"intro_northern_light_purple": { "x": 69.66, "y": -156.68, "scaleX": 2.5, "scaleY": 3, "width": 1024, "height": 256 }
		},
		"intro_olaf": {
			"intro_olaf": { "x": -275.6, "y": 94.87, "width": 412, "height": 516 }
		},
		"intro_pabbie": {
			"intro_pabbie": { "x": -102.79, "y": 19.52, "width": 680, "height": 960 }
		},
		"intro_rocks": {
			"intro_rocks_bg": { "x": 2.85, "y": 514.33, "scaleX": 2, "scaleY": 2, "width": 1200, "height": 512 }
		},
		"intro_rocks_pabbie_face": {
			"intro_rocks_pabbie_face": { "y": 16.39, "width": 296, "height": 276 }
		},
		"intro_rocks_pabbie_head": {
			"intro_rocks_pabbie_head": { "x": -22.35, "y": 25.32, "width": 560, "height": 520 }
		},
		"intro_rocks_pabbie_nose": {
			"intro_rocks_pabbie_nose": { "x": -20.85, "y": -10.42, "width": 186, "height": 132 }
		},
		"intro_sky": {
			"intro_sky": { "y": -288.13, "scaleX": 2, "scaleY": 2, "width": 1024, "height": 1400 }
		},
		"intro_thought_bubble": {
			"intro_thought_bubble": { "x": -2.29, "y": 26.84, "scaleX": -1, "rotation": -180, "width": 200, "height": 200 }
		},
		"intro_thought_bubble2": {
			"intro_thought_bubble": { "x": -2.5, "y": -31.32, "scaleX": -1, "rotation": -27.58, "width": 200, "height": 200 }
		},
		"intro_thought_bubble3": {
			"intro_thought_bubble": { "x": -2.5, "y": -33.43, "width": 200, "height": 200 }
		},
		"intro_thought_bubble4": {
			"intro_thought_bubble": { "x": -2.5, "y": -31.32, "width": 200, "height": 200 }
		},
		"intro_trees": {
			"intro_trees": { "x": -4.85, "y": 93.43, "scaleX": 2, "scaleY": 2, "width": 1024, "height": 320 }
		},
		"intro_trolls_bg": {
			"intro_trolls_bg": { "x": 1.32, "y": 514.85, "scaleX": 2, "scaleY": 2, "width": 1200, "height": 512 }
		},
		"pabbie_concerned": {
			"pabbie_concerned": { "x": 8.75, "y": 154.65, "width": 900, "height": 780 }
		},
		"pabbie_concerned_bg": {
			"pabbie_concerned_bg": { "x": 1.45, "y": 482.92, "scaleX": 2, "scaleY": 2, "width": 1200, "height": 512 }
		}
	}
},
"animations": {
	"animation": {
		"slots": {
			"intro_crystal_cyan_00": {
				"color": [
					{ "time": 0, "color": "ffffffff", "curve": "stepped" },
					{
						"time": 2.1666,
						"color": "ffffffff",
						"curve": [ 0.229, 0.58, 0.75, 1 ]
					},
					{
						"time": 2.4333,
						"color": "ffffff00",
						"curve": [ 0.222, 0.52, 0.75, 1 ]
					},
					{
						"time": 2.6666,
						"color": "ffffffff",
						"curve": [ 0.22, 0.75, 0.785, 1 ]
					},
					{
						"time": 2.8666,
						"color": "ffffff6f",
						"curve": [ 0.228, 0.53, 0.747, 1 ]
					},
					{
						"time": 3.0666,
						"color": "ffffffc6",
						"curve": [ 0.23, 0.49, 0.75, 1 ]
					},
					{ "time": 4, "color": "ffffff00", "curve": "stepped" },
					{ "time": 23.6527, "color": "ffffff00" }
				]
			},
			"intro_crystal_cyan_0": {
				"color": [
					{ "time": 0, "color": "ffffffff", "curve": "stepped" },
					{
						"time": 2.9,
						"color": "ffffffff",
						"curve": [ 0.229, 0.58, 0.75, 1 ]
					},
					{
						"time": 3.2,
						"color": "ffffff00",
						"curve": [ 0.222, 0.52, 0.75, 1 ]
					},
					{
						"time": 3.4333,
						"color": "ffffffff",
						"curve": [ 0.22, 0.75, 0.785, 1 ]
					},
					{
						"time": 3.6333,
						"color": "ffffff6f",
						"curve": [ 0.228, 0.53, 0.747, 1 ]
					},
					{
						"time": 3.8333,
						"color": "ffffffc6",
						"curve": [ 0.23, 0.49, 0.75, 1 ]
					},
					{ "time": 4.7666, "color": "ffffff00", "curve": "stepped" },
					{ "time": 23.6527, "color": "ffffff00" }
				]
			},
			"intro_crystal_cyan_01": {
				"color": [
					{ "time": 0, "color": "ffffffff", "curve": "stepped" },
					{
						"time": 3.3,
						"color": "ffffffff",
						"curve": [ 0.229, 0.58, 0.75, 1 ]
					},
					{
						"time": 3.6,
						"color": "ffffff00",
						"curve": [ 0.222, 0.52, 0.75, 1 ]
					},
					{
						"time": 3.8,
						"color": "ffffffff",
						"curve": [ 0.22, 0.75, 0.785, 1 ]
					},
					{
						"time": 4,
						"color": "ffffff6f",
						"curve": [ 0.228, 0.53, 0.747, 1 ]
					},
					{
						"time": 4.2,
						"color": "ffffffc6",
						"curve": [ 0.23, 0.49, 0.75, 1 ]
					},
					{ "time": 5.1666, "color": "ffffff00", "curve": "stepped" },
					{ "time": 23.6527, "color": "ffffff00" }
				]
			},
			"intro_crystal_glow": {
				"color": [
					{ "time": 0, "color": "7dff00ff", "curve": "stepped" },
					{ "time": 26.4, "color": "7dff00ff", "curve": "stepped" },
					{ "time": 27.3333, "color": "7dff00ff", "curve": "stepped" },
					{ "time": 28.8666, "color": "7dff00ff", "curve": "stepped" },
					{ "time": 29.8, "color": "7dff00ff" }
				]
			},
			"intro_crystal_glow2": {
				"color": [
					{ "time": 0, "color": "00c6ffff", "curve": "stepped" },
					{ "time": 26.8666, "color": "00c6ffff", "curve": "stepped" },
					{ "time": 27.2, "color": "00c6ffff" }
				]
			},
			"intro_crystal_glow3": {
				"color": [
					{ "time": 0, "color": "ff00beff", "curve": "stepped" },
					{ "time": 27.5666, "color": "ff00beff", "curve": "stepped" },
					{ "time": 28.8333, "color": "ff00beff" }
				]
			},
			"intro_crystal_glow4": {
				"color": [
					{ "time": 0, "color": "7900ffff", "curve": "stepped" },
					{ "time": 28.2333, "color": "7900ffff" }
				]
			},
			"intro_crystal_green_00": {
				"color": [
					{ "time": 0, "color": "ffffffff", "curve": "stepped" },
					{
						"time": 4.4333,
						"color": "ffffffff",
						"curve": [ 0.229, 0.58, 0.75, 1 ]
					},
					{
						"time": 4.7333,
						"color": "ffffff00",
						"curve": [ 0.222, 0.52, 0.75, 1 ]
					},
					{
						"time": 4.9333,
						"color": "ffffffff",
						"curve": [ 0.22, 0.75, 0.785, 1 ]
					},
					{
						"time": 5.1666,
						"color": "ffffff6f",
						"curve": [ 0.228, 0.53, 0.747, 1 ]
					},
					{
						"time": 5.3333,
						"color": "ffffffc6",
						"curve": [ 0.23, 0.49, 0.75, 1 ]
					},
					{ "time": 6.3, "color": "ffffff00", "curve": "stepped" },
					{ "time": 23.6527, "color": "ffffff00" }
				]
			},
			"intro_crystal_green_0": {
				"color": [
					{ "time": 0, "color": "ffffffff", "curve": "stepped" },
					{
						"time": 0.3666,
						"color": "ffffffff",
						"curve": [ 0.229, 0.58, 0.75, 1 ]
					},
					{
						"time": 0.6666,
						"color": "ffffff00",
						"curve": [ 0.222, 0.52, 0.75, 1 ]
					},
					{
						"time": 0.8666,
						"color": "ffffffff",
						"curve": [ 0.22, 0.75, 0.785, 1 ]
					},
					{
						"time": 1.1,
						"color": "ffffff6f",
						"curve": [ 0.228, 0.53, 0.747, 1 ]
					},
					{
						"time": 1.2666,
						"color": "ffffffc6",
						"curve": [ 0.23, 0.49, 0.75, 1 ]
					},
					{ "time": 2.2333, "color": "ffffff00", "curve": "stepped" },
					{ "time": 23.6527, "color": "ffffff00" }
				]
			},
			"intro_crystal_green_1": {
				"color": [
					{ "time": 0, "color": "ffffffff", "curve": "stepped" },
					{
						"time": 1.8,
						"color": "ffffffff",
						"curve": [ 0.229, 0.58, 0.75, 1 ]
					},
					{ "time": 3.4333, "color": "ffffff00", "curve": "stepped" },
					{ "time": 23.6527, "color": "ffffff00" }
				]
			},
			"intro_crystal_pink_00": {
				"color": [
					{ "time": 0, "color": "ffffffff", "curve": "stepped" },
					{
						"time": 1.1333,
						"color": "ffffffff",
						"curve": [ 0.229, 0.58, 0.75, 1 ]
					},
					{
						"time": 1.8666,
						"color": "ffffffb6",
						"curve": [ 0.228, 0.53, 0.747, 1 ]
					},
					{
						"time": 2.0333,
						"color": "ffffffff",
						"curve": [ 0.23, 0.49, 0.75, 1 ]
					},
					{ "time": 3.8, "color": "ffffff00", "curve": "stepped" },
					{ "time": 23.6527, "color": "ffffff00" }
				]
			},
			"intro_crystal_pink_0": {
				"color": [
					{ "time": 0, "color": "ffffffff", "curve": "stepped" },
					{
						"time": 5.2333,
						"color": "ffffffff",
						"curve": [ 0.229, 0.58, 0.75, 1 ]
					},
					{ "time": 6.3666, "color": "ffffff00", "curve": "stepped" },
					{ "time": 23.6527, "color": "ffffff00" }
				]
			},
			"intro_crystal_pink_01": {
				"color": [
					{ "time": 0, "color": "ffffffff", "curve": "stepped" },
					{
						"time": 4.0333,
						"color": "ffffffff",
						"curve": [ 0.229, 0.58, 0.75, 1 ]
					},
					{
						"time": 4.3333,
						"color": "ffffff00",
						"curve": [ 0.222, 0.52, 0.75, 1 ]
					},
					{
						"time": 4.5333,
						"color": "ffffffff",
						"curve": [ 0.22, 0.75, 0.785, 1 ]
					},
					{
						"time": 4.7333,
						"color": "ffffff6f",
						"curve": [ 0.228, 0.53, 0.747, 1 ]
					},
					{
						"time": 4.9333,
						"color": "ffffffc6",
						"curve": [ 0.23, 0.49, 0.75, 1 ]
					},
					{ "time": 5.9, "color": "ffffff00", "curve": "stepped" },
					{ "time": 23.6527, "color": "ffffff00" }
				]
			},
			"intro_crystal_pink_1": {
				"color": [
					{ "time": 0, "color": "ffffffff", "curve": "stepped" },
					{ "time": 1.6, "color": "ffffffff", "curve": "stepped" },
					{
						"time": 1.7333,
						"color": "ffffffff",
						"curve": [ 0.362, 0.62, 0.757, 1 ]
					},
					{
						"time": 1.9,
						"color": "ffffff00",
						"curve": [ 0.222, 0.52, 0.75, 1 ]
					},
					{ "time": 2.1, "color": "ffffffff", "curve": "stepped" },
					{
						"time": 2.2666,
						"color": "ffffffff",
						"curve": [ 0.404, 0.7, 0.765, 1 ]
					},
					{
						"time": 2.3333,
						"color": "ffffff6f",
						"curve": [ 0.228, 0.53, 0.747, 1 ]
					},
					{
						"time": 2.5333,
						"color": "ffffffc6",
						"curve": [ 0.23, 0.49, 0.75, 1 ]
					},
					{ "time": 3.4666, "color": "ffffff00", "curve": "stepped" },
					{ "time": 23.6527, "color": "ffffff00" }
				]
			},
			"intro_crystal_purple_00": {
				"color": [
					{ "time": 0, "color": "ffffffff", "curve": "stepped" },
					{
						"time": 2.7666,
						"color": "ffffffff",
						"curve": [ 0.229, 0.58, 0.75, 1 ]
					},
					{
						"time": 3.0333,
						"color": "ffffff00",
						"curve": [ 0.222, 0.52, 0.75, 1 ]
					},
					{
						"time": 3.2666,
						"color": "ffffffff",
						"curve": [ 0.22, 0.75, 0.785, 1 ]
					},
					{
						"time": 3.4666,
						"color": "ffffff6f",
						"curve": [ 0.228, 0.53, 0.747, 1 ]
					},
					{
						"time": 3.6666,
						"color": "ffffffc6",
						"curve": [ 0.23, 0.49, 0.75, 1 ]
					},
					{ "time": 4.6, "color": "ffffff00", "curve": "stepped" },
					{ "time": 23.6527, "color": "ffffff00" }
				]
			},
			"intro_crystal_purple_0": {
				"color": [
					{ "time": 0, "color": "ffffffff", "curve": "stepped" },
					{
						"time": 4.7333,
						"color": "ffffffff",
						"curve": [ 0.229, 0.58, 0.75, 1 ]
					},
					{ "time": 6.1333, "color": "ffffff00", "curve": "stepped" },
					{ "time": 23.6527, "color": "ffffff00" }
				]
			},
			"intro_crystal_purple_01": {
				"color": [
					{ "time": 0, "color": "ffffffff", "curve": "stepped" },
					{
						"time": 1.2333,
						"color": "ffffffff",
						"curve": [ 0.229, 0.58, 0.75, 1 ]
					},
					{
						"time": 1.5333,
						"color": "ffffff00",
						"curve": [ 0.222, 0.52, 0.75, 1 ]
					},
					{
						"time": 1.7333,
						"color": "ffffffff",
						"curve": [ 0.22, 0.75, 0.785, 1 ]
					},
					{
						"time": 1.9333,
						"color": "ffffff6f",
						"curve": [ 0.228, 0.53, 0.747, 1 ]
					},
					{
						"time": 2.1333,
						"color": "ffffffc6",
						"curve": [ 0.23, 0.49, 0.75, 1 ]
					},
					{ "time": 3.1, "color": "ffffff00", "curve": "stepped" },
					{ "time": 23.6527, "color": "ffffff00" }
				]
			},
			"intro_crystal_purple_1": {
				"color": [
					{ "time": 0, "color": "ffffffff", "curve": "stepped" },
					{
						"time": 1.5333,
						"color": "ffffffff",
						"curve": [ 0.229, 0.58, 0.75, 1 ]
					},
					{
						"time": 1.8333,
						"color": "ffffff00",
						"curve": [ 0.222, 0.52, 0.75, 1 ]
					},
					{
						"time": 2.0333,
						"color": "ffffffff",
						"curve": [ 0.22, 0.75, 0.785, 1 ]
					},
					{
						"time": 2.2666,
						"color": "ffffff6f",
						"curve": [ 0.228, 0.53, 0.747, 1 ]
					},
					{
						"time": 2.4333,
						"color": "ffffffc6",
						"curve": [ 0.23, 0.49, 0.75, 1 ]
					},
					{ "time": 3.4, "color": "ffffff00", "curve": "stepped" },
					{ "time": 23.6527, "color": "ffffff00" }
				]
			},
			"intro_crystal_purple_02": {
				"color": [
					{ "time": 0, "color": "ffffffff", "curve": "stepped" },
					{
						"time": 4.2666,
						"color": "ffffffff",
						"curve": [ 0.229, 0.58, 0.75, 1 ]
					},
					{ "time": 7.0666, "color": "ffffff00", "curve": "stepped" },
					{ "time": 23.6527, "color": "ffffff00" }
				]
			},
			"intro_mountains2": {
				"color": [
					{ "time": 16.6666, "color": "ffffff00" }
				]
			},
			"intro_northern_light_blue": {
				"color": [
					{ "time": 0, "color": "ffffff00" },
					{ "time": 8.1666, "color": "ffffffff" },
					{ "time": 11.9527, "color": "ffffff00", "curve": "stepped" },
					{ "time": 23.6527, "color": "ffffff00" }
				]
			},
			"intro_northern_light_blue2": {
				"color": [
					{ "time": 0, "color": "ffffff00" },
					{
						"time": 10.0666,
						"color": "ffffffff",
						"curve": [ 0.248, 0, 0.603, 0.38 ]
					},
					{
						"time": 10.5666,
						"color": "ffffff00",
						"curve": [ 0.25, 0, 0.75, 1 ]
					},
					{
						"time": 10.7,
						"color": "ffffffff",
						"curve": [ 0.25, 0, 0.75, 1 ]
					},
					{
						"time": 11.2666,
						"color": "ffffff92",
						"curve": [ 0.25, 0, 0.75, 1 ]
					},
					{
						"time": 11.4666,
						"color": "ffffffff",
						"curve": [ 0.436, 0.74, 0.882, 1 ]
					},
					{ "time": 12.2527, "color": "ffffff00", "curve": "stepped" },
					{ "time": 23.6527, "color": "ffffff00" }
				]
			},
			"intro_northern_light_blue3": {
				"color": [
					{ "time": 0, "color": "ffffff00" },
					{
						"time": 10.0666,
						"color": "ffffffff",
						"curve": [ 0.248, 0, 0.603, 0.38 ]
					},
					{
						"time": 10.5666,
						"color": "ffffff00",
						"curve": [ 0.25, 0, 0.75, 1 ]
					},
					{
						"time": 10.7,
						"color": "ffffffff",
						"curve": [ 0.25, 0, 0.75, 1 ]
					},
					{
						"time": 11.2666,
						"color": "ffffff92",
						"curve": [ 0.25, 0, 0.75, 1 ]
					},
					{
						"time": 11.4666,
						"color": "ffffffff",
						"curve": [ 0.436, 0.74, 0.882, 1 ]
					},
					{ "time": 12.2527, "color": "ffffff00", "curve": "stepped" },
					{ "time": 23.6527, "color": "ffffff00" }
				]
			},
			"intro_northern_light_blue4": {
				"color": [
					{ "time": 0, "color": "ffffff00" },
					{ "time": 8.1666, "color": "ffffffff" },
					{ "time": 11.9527, "color": "ffffff00", "curve": "stepped" },
					{ "time": 23.6527, "color": "ffffff00" }
				]
			},
			"intro_northern_light_green": {
				"color": [
					{ "time": 0, "color": "ffffffff", "curve": "stepped" },
					{
						"time": 8.6527,
						"color": "ffffffff",
						"curve": [ 0.25, 0, 0.75, 1 ]
					},
					{
						"time": 9.2,
						"color": "ffffff00",
						"curve": [ 0.25, 0, 0.75, 1 ]
					},
					{
						"time": 9.4333,
						"color": "ffffffff",
						"curve": [ 0.25, 0, 0.75, 1 ]
					},
					{
						"time": 9.6666,
						"color": "ffffff83",
						"curve": [ 0.25, 0, 0.75, 1 ]
					},
					{
						"time": 9.8666,
						"color": "ffffffff",
						"curve": [ 0.25, 0, 0.75, 1 ]
					},
					{
						"time": 10.2666,
						"color": "ffffff00",
						"curve": [ 0.25, 0, 0.75, 1 ]
					},
					{
						"time": 10.4666,
						"color": "ffffff80",
						"curve": [ 0.25, 0, 0.75, 1 ]
					},
					{ "time": 10.8666, "color": "ffffff00", "curve": "stepped" },
					{ "time": 23.6527, "color": "ffffff00" }
				]
			},
			"intro_northern_light_green2": {
				"color": [
					{ "time": 0, "color": "ffffffff", "curve": "stepped" },
					{ "time": 8.6861, "color": "ffffffff" },
					{ "time": 10.4, "color": "ffffff00", "curve": "stepped" },
					{ "time": 23.6527, "color": "ffffff00" }
				]
			},
			"intro_northern_light_green3": {
				"color": [
					{ "time": 0, "color": "ffffffff", "curve": "stepped" },
					{ "time": 8.6861, "color": "ffffffff" },
					{ "time": 10.4, "color": "ffffff00", "curve": "stepped" },
					{ "time": 23.6527, "color": "ffffff00" }
				]
			},
			"intro_northern_light_green4": {
				"color": [
					{ "time": 0, "color": "ffffffff", "curve": "stepped" },
					{
						"time": 8.6527,
						"color": "ffffffff",
						"curve": [ 0.25, 0, 0.75, 1 ]
					},
					{
						"time": 9.2,
						"color": "ffffff00",
						"curve": [ 0.25, 0, 0.75, 1 ]
					},
					{
						"time": 9.4333,
						"color": "ffffffff",
						"curve": [ 0.25, 0, 0.75, 1 ]
					},
					{
						"time": 9.6666,
						"color": "ffffff83",
						"curve": [ 0.25, 0, 0.75, 1 ]
					},
					{
						"time": 9.8666,
						"color": "ffffffff",
						"curve": [ 0.25, 0, 0.75, 1 ]
					},
					{
						"time": 10.2666,
						"color": "ffffff00",
						"curve": [ 0.25, 0, 0.75, 1 ]
					},
					{
						"time": 10.4666,
						"color": "ffffff80",
						"curve": [ 0.25, 0, 0.75, 1 ]
					},
					{ "time": 10.8666, "color": "ffffff00", "curve": "stepped" },
					{ "time": 23.6527, "color": "ffffff00" }
				]
			},
			"intro_northern_light_purple": {
				"color": [
					{ "time": 0, "color": "ffffffff", "curve": "stepped" },
					{ "time": 10.2333, "color": "ffffffff" },
					{ "time": 10.4, "color": "ffffffdd" },
					{ "time": 11, "color": "ffffff30" },
					{
						"time": 11.3333,
						"color": "ffffffdd",
						"curve": [ 0.208, 0.75, 0.75, 1 ]
					},
					{ "time": 12.6, "color": "ffffff00", "curve": "stepped" },
					{ "time": 23.6527, "color": "ffffff00" }
				]
			},
			"intro_northern_light_purple2": {
				"color": [
					{ "time": 0, "color": "ffffffff", "curve": "stepped" },
					{ "time": 10.5666, "color": "ffffffff" },
					{ "time": 10.9, "color": "ffffff5b" },
					{ "time": 11.2666, "color": "ffffffff" },
					{ "time": 11.5, "color": "ffffff5b" },
					{ "time": 11.8333, "color": "ffffffbc" },
					{ "time": 12.9, "color": "ffffff00", "curve": "stepped" },
					{ "time": 23.6527, "color": "ffffff00" }
				]
			},
			"intro_northern_light_purple3": {
				"color": [
					{ "time": 0, "color": "ffffffff", "curve": "stepped" },
					{ "time": 11.5861, "color": "ffffffff" },
					{ "time": 11.9333, "color": "ffffff5b" },
					{ "time": 12.3333, "color": "ffffffff" },
					{ "time": 12.6, "color": "ffffff5b" },
					{ "time": 12.9666, "color": "ffffffbc" },
					{ "time": 14.1666, "color": "ffffff00", "curve": "stepped" },
					{ "time": 23.6527, "color": "ffffff00" }
				]
			},
			"intro_northern_light_purple4": {
				"color": [
					{ "time": 0, "color": "ffffffff", "curve": "stepped" },
					{ "time": 10.2333, "color": "ffffffff" },
					{ "time": 10.4, "color": "ffffffdd" },
					{ "time": 11, "color": "ffffff30" },
					{
						"time": 11.3333,
						"color": "ffffffdd",
						"curve": [ 0.208, 0.75, 0.75, 1 ]
					},
					{ "time": 12.6, "color": "ffffff00", "curve": "stepped" },
					{ "time": 23.6527, "color": "ffffff00" }
				]
			},
			"intro_rocks": {
				"color": [
					{ "time": 6.6662, "color": "ffffffff" },
					{ "time": 6.6666, "color": "ffffff00" }
				]
			},
			"intro_rocks_pabbie_face": {
				"color": [
					{ "time": 6.6662, "color": "ffffffff" },
					{ "time": 6.6666, "color": "ffffff00" }
				]
			},
			"intro_rocks_pabbie_head": {
				"color": [
					{ "time": 6.6662, "color": "ffffffff" },
					{ "time": 6.6666, "color": "ffffff00" }
				]
			},
			"intro_rocks_pabbie_nose": {
				"color": [
					{ "time": 6.6662, "color": "ffffffff" },
					{ "time": 6.6666, "color": "ffffff00" }
				]
			},
			"intro_trolls_bg": {
				"color": [
					{ "time": 8.6333, "color": "ffffffff" },
					{ "time": 8.6524, "color": "ffffff00", "curve": "stepped" },
					{ "time": 8.6526, "color": "ffffff00" }
				]
			},
			"pabbie_concerned": {
				"color": [
					{ "time": 16.6666, "color": "ffffff00" }
				]
			},
			"pabbie_concerned_bg": {
				"color": [
					{ "time": 16.6666, "color": "ffffff00" }
				]
			}
		},
		"bones": {
			"root": {
				"rotate": [
					{ "time": 0, "angle": 0, "curve": "stepped" },
					{ "time": 23.6527, "angle": 0 }
				],
				"translate": [
					{ "time": 0, "x": 0, "y": 0, "curve": "stepped" },
					{ "time": 23.6527, "x": 0, "y": 0 }
				],
				"scale": [
					{ "time": 0, "x": 1, "y": 1, "curve": "stepped" },
					{ "time": 23.6527, "x": 1, "y": 1 }
				]
			},
			"trees": {
				"rotate": [
					{ "time": 0, "angle": 0, "curve": "stepped" },
					{ "time": 28.9, "angle": 0 }
				],
				"translate": [
					{
						"time": 0,
						"x": 0,
						"y": -822.2,
						"curve": [ 0.325, 0.44, 0.757, 1 ]
					},
					{
						"time": 12.3194,
						"x": 0,
						"y": -1168.08,
						"curve": [ 0.248, 0.68, 0.75, 1 ]
					},
					{ "time": 15.3194, "x": 0, "y": -56.2, "curve": "stepped" },
					{ "time": 28.9, "x": 0, "y": -56.2 }
				],
				"scale": [
					{ "time": 0, "x": 1, "y": 1, "curve": "stepped" },
					{ "time": 28.9, "x": 1, "y": 1 }
				]
			},
			"char_pabbie": {
				"rotate": [
					{ "time": 0, "angle": 0, "curve": "stepped" },
					{ "time": 28.9, "angle": 0 }
				],
				"translate": [
					{
						"time": 0,
						"x": 91.23,
						"y": -68.84,
						"curve": [ 0.333, 0.34, 0.667, 0.68 ]
					},
					{
						"time": 16.8333,
						"x": -56.84,
						"y": -68.84,
						"curve": [ 0.25, 0, 0.75, 1 ]
					},
					{ "time": 28.9, "x": 107.89, "y": -68.84 }
				],
				"scale": [
					{
						"time": 0,
						"x": 1.375,
						"y": 1.375,
						"curve": [ 0.171, 0.22, 0.526, 1 ]
					},
					{
						"time": 16.8333,
						"x": 1,
						"y": 1,
						"curve": [ 0.25, 0, 0.75, 1 ]
					},
					{ "time": 28.9, "x": 1.3, "y": 1.3 }
				]
			},
			"mountains": {
				"rotate": [
					{ "time": 0, "angle": 0, "curve": "stepped" },
					{ "time": 12.0194, "angle": 0, "curve": "stepped" },
					{ "time": 28.9, "angle": 0 }
				],
				"translate": [
					{ "time": 0, "x": 0, "y": -636.56, "curve": "stepped" },
					{
						"time": 12.0194,
						"x": 0,
						"y": -636.56,
						"curve": [ 0.248, 0.68, 0.75, 1 ]
					},
					{ "time": 15.3194, "x": 0, "y": 298.78, "curve": "stepped" },
					{ "time": 28.9, "x": 0, "y": 298.78 }
				],
				"scale": [
					{ "time": 0, "x": 1, "y": 1, "curve": "stepped" },
					{ "time": 28.9, "x": 1, "y": 1 }
				]
			},
			"bone": {
				"rotate": [
					{ "time": 0, "angle": 0, "curve": "stepped" },
					{ "time": 28.9, "angle": 0 }
				],
				"translate": [
					{ "time": 0, "x": 139.86, "y": 0 },
					{
						"time": 6.6662,
						"x": -95.55,
						"y": 0,
						"curve": [ 0.365, 0.75, 0.75, 1 ]
					},
					{
						"time": 8.6524,
						"x": -95.34,
						"y": -94.27,
						"curve": [ 0.286, 0.01, 0.626, 0.39 ]
					},
					{ "time": 8.6527, "x": 0, "y": 0, "curve": "stepped" },
					{
						"time": 11.0194,
						"x": 0,
						"y": 0,
						"curve": [ 0.28, 0, 0.622, 0.39 ]
					},
					{
						"time": 11.9527,
						"x": 0,
						"y": 270.12,
						"curve": [ 0.312, 0.26, 0.7, 0.77 ]
					},
					{
						"time": 14.3194,
						"x": 0,
						"y": 1545.39,
						"curve": [ 0.372, 0.62, 0.711, 1 ]
					},
					{ "time": 15.1861, "x": 0, "y": 1734.82, "curve": "stepped" },
					{
						"time": 16.8333,
						"x": 0,
						"y": 1734.82,
						"curve": [ 0.25, 0, 0.75, 1 ]
					},
					{ "time": 28.9, "x": 0, "y": 1866.21 }
				],
				"scale": [
					{ "time": 0, "x": 0.95, "y": 0.95 },
					{ "time": 6.6662, "x": 1, "y": 1, "curve": "stepped" },
					{
						"time": 6.6666,
						"x": 1,
						"y": 1,
						"curve": [ 0.365, 0.75, 0.75, 1 ]
					},
					{ "time": 8.6524, "x": 1.21, "y": 1.21 },
					{ "time": 8.6526, "x": 1, "y": 1, "curve": "stepped" },
					{
						"time": 16.8333,
						"x": 1,
						"y": 1,
						"curve": [ 0.25, 0, 0.75, 1 ]
					},
					{ "time": 28.9, "x": 1.075, "y": 1.075 }
				]
			},
			"blue_r": {
				"rotate": [
					{ "time": 0, "angle": 0, "curve": "stepped" },
					{ "time": 8.7527, "angle": 0, "curve": "stepped" },
					{ "time": 23.6527, "angle": 0 }
				],
				"translate": [
					{ "time": 0, "x": 0, "y": 0, "curve": "stepped" },
					{ "time": 8.7527, "x": 0, "y": 0, "curve": "stepped" },
					{ "time": 23.6527, "x": 0, "y": 0 }
				],
				"scale": [
					{ "time": 0, "x": 1, "y": 1.614 },
					{ "time": 6.6333, "x": 1, "y": 1 },
					{ "time": 12.2527, "x": 1, "y": 1.614, "curve": "stepped" },
					{ "time": 23.6527, "x": 1, "y": 1.614 }
				]
			},
			"green_l": {
				"rotate": [
					{ "time": 0, "angle": 0, "curve": "stepped" },
					{ "time": 23.6527, "angle": 0 }
				],
				"translate": [
					{ "time": 0, "x": 0, "y": 0 },
					{ "time": 6.6662, "x": -28.52, "y": -127.71 },
					{ "time": 8.6527, "x": -28.52, "y": 0 },
					{ "time": 20.3527, "x": 466.02, "y": 0, "curve": "stepped" },
					{ "time": 23.6527, "x": 466.02, "y": 0 }
				],
				"scale": [
					{ "time": 0, "x": 1, "y": 1, "curve": "stepped" },
					{ "time": 23.6527, "x": 1, "y": 1 }
				]
			},
			"green_r": {
				"rotate": [
					{ "time": 0, "angle": 0, "curve": "stepped" },
					{ "time": 23.6527, "angle": 0 }
				],
				"translate": [
					{ "time": 0, "x": 0, "y": 0 },
					{ "time": 6.6662, "x": 6.67, "y": -127.71 },
					{ "time": 14.3527, "x": 12.37, "y": 0, "curve": "stepped" },
					{ "time": 23.6527, "x": 12.37, "y": 0 }
				],
				"scale": [
					{ "time": 0, "x": 1, "y": 1, "curve": "stepped" },
					{ "time": 23.6527, "x": 1, "y": 1 }
				]
			},
			"pink_l": {
				"rotate": [
					{ "time": 0, "angle": 0, "curve": "stepped" },
					{ "time": 23.6527, "angle": 0 }
				],
				"translate": [
					{ "time": 0, "x": 0, "y": 0, "curve": "stepped" },
					{ "time": 6.5666, "x": 0, "y": 0 },
					{ "time": 15.2861, "x": 149.63, "y": 0, "curve": "stepped" },
					{ "time": 23.6527, "x": 149.63, "y": 0 }
				],
				"scale": [
					{ "time": 0, "x": 1, "y": 1, "curve": "stepped" },
					{ "time": 23.6527, "x": 1, "y": 1 }
				]
			},
			"pink_r": {
				"rotate": [
					{ "time": 0, "angle": 0 },
					{ "time": 4.3666, "angle": 0.15 },
					{ "time": 23.6527, "angle": 0 }
				],
				"translate": [
					{ "time": 0, "x": 207.03, "y": 0, "curve": "stepped" },
					{ "time": 8.6527, "x": 207.03, "y": 0 },
					{ "time": 14.7861, "x": 0, "y": 0, "curve": "stepped" },
					{ "time": 23.6527, "x": 0, "y": 0 }
				],
				"scale": [
					{ "time": 0, "x": 1, "y": 1, "curve": "stepped" },
					{ "time": 23.6527, "x": 1, "y": 1 }
				]
			},
			"blue_l": {
				"rotate": [
					{ "time": 0, "angle": 0, "curve": "stepped" },
					{ "time": 8.7527, "angle": 0, "curve": "stepped" },
					{ "time": 23.6527, "angle": 0 }
				],
				"translate": [
					{ "time": 0, "x": 0, "y": 0, "curve": "stepped" },
					{ "time": 8.7527, "x": 0, "y": 0, "curve": "stepped" },
					{ "time": 23.6527, "x": 0, "y": 0 }
				],
				"scale": [
					{ "time": 0, "x": 1, "y": 1.614 },
					{ "time": 6.4333, "x": 1, "y": 1 },
					{ "time": 11.9527, "x": 1, "y": 1.614, "curve": "stepped" },
					{ "time": 23.6527, "x": 1, "y": 1.614 }
				]
			},
			"crystal_cyan": {
				"rotate": [
					{ "time": 0, "angle": 0, "curve": "stepped" },
					{ "time": 23.6527, "angle": 0 }
				],
				"translate": [
					{ "time": 0, "x": 0, "y": 0, "curve": "stepped" },
					{ "time": 23.6527, "x": 0, "y": 0 }
				],
				"scale": [
					{ "time": 0, "x": 1, "y": 1, "curve": "stepped" },
					{ "time": 23.6527, "x": 1, "y": 1 }
				]
			},
			"crystal_cyan2": {
				"rotate": [
					{ "time": 0, "angle": 0, "curve": "stepped" },
					{ "time": 23.6527, "angle": 0 }
				],
				"translate": [
					{ "time": 0, "x": 0, "y": 0, "curve": "stepped" },
					{ "time": 23.6527, "x": 0, "y": 0 }
				],
				"scale": [
					{ "time": 0, "x": 1, "y": 1, "curve": "stepped" },
					{ "time": 23.6527, "x": 1, "y": 1 }
				]
			},
			"crystal_cyan3": {
				"rotate": [
					{ "time": 0, "angle": 0, "curve": "stepped" },
					{ "time": 23.6527, "angle": 0 }
				],
				"translate": [
					{ "time": 0, "x": 0, "y": 0, "curve": "stepped" },
					{ "time": 23.6527, "x": 0, "y": 0 }
				],
				"scale": [
					{ "time": 0, "x": 1, "y": 1, "curve": "stepped" },
					{ "time": 23.6527, "x": 1, "y": 1 }
				]
			},
			"crystal_green": {
				"rotate": [
					{ "time": 0, "angle": 0, "curve": "stepped" },
					{ "time": 23.6527, "angle": 0 }
				],
				"translate": [
					{ "time": 0, "x": 0, "y": 0, "curve": "stepped" },
					{ "time": 23.6527, "x": 0, "y": 0 }
				],
				"scale": [
					{ "time": 0, "x": 1, "y": 1, "curve": "stepped" },
					{ "time": 23.6527, "x": 1, "y": 1 }
				]
			},
			"crystal_green2": {
				"rotate": [
					{ "time": 0, "angle": 0, "curve": "stepped" },
					{ "time": 23.6527, "angle": 0 }
				],
				"translate": [
					{ "time": 0, "x": 0, "y": 0, "curve": "stepped" },
					{ "time": 23.6527, "x": 0, "y": 0 }
				],
				"scale": [
					{ "time": 0, "x": 1, "y": 1, "curve": "stepped" },
					{ "time": 23.6527, "x": 1, "y": 1 }
				]
			},
			"crystal_green3": {
				"rotate": [
					{ "time": 0, "angle": 0, "curve": "stepped" },
					{ "time": 23.6527, "angle": 0 }
				],
				"translate": [
					{ "time": 0, "x": 0, "y": 0, "curve": "stepped" },
					{ "time": 23.6527, "x": 0, "y": 0 }
				],
				"scale": [
					{ "time": 0, "x": 1, "y": 1, "curve": "stepped" },
					{ "time": 23.6527, "x": 1, "y": 1 }
				]
			},
			"crystal_pink": {
				"rotate": [
					{ "time": 0, "angle": 0, "curve": "stepped" },
					{ "time": 23.6527, "angle": 0 }
				],
				"translate": [
					{ "time": 0, "x": 0, "y": 0, "curve": "stepped" },
					{ "time": 23.6527, "x": 0, "y": 0 }
				],
				"scale": [
					{ "time": 0, "x": 1, "y": 1, "curve": "stepped" },
					{ "time": 23.6527, "x": 1, "y": 1 }
				]
			},
			"crystal_pink2": {
				"rotate": [
					{ "time": 0, "angle": 0, "curve": "stepped" },
					{ "time": 23.6527, "angle": 0 }
				],
				"translate": [
					{ "time": 0, "x": 0, "y": 0, "curve": "stepped" },
					{ "time": 23.6527, "x": 0, "y": 0 }
				],
				"scale": [
					{ "time": 0, "x": 1, "y": 1, "curve": "stepped" },
					{ "time": 23.6527, "x": 1, "y": 1 }
				]
			},
			"crystal_pink3": {
				"rotate": [
					{ "time": 0, "angle": 0, "curve": "stepped" },
					{ "time": 23.6527, "angle": 0 }
				],
				"translate": [
					{ "time": 0, "x": 0, "y": 0, "curve": "stepped" },
					{ "time": 23.6527, "x": 0, "y": 0 }
				],
				"scale": [
					{ "time": 0, "x": 1, "y": 1, "curve": "stepped" },
					{ "time": 23.6527, "x": 1, "y": 1 }
				]
			},
			"crystal_purple": {
				"rotate": [
					{ "time": 0, "angle": 0, "curve": "stepped" },
					{ "time": 23.6527, "angle": 0 }
				],
				"translate": [
					{ "time": 0, "x": 0, "y": 0, "curve": "stepped" },
					{ "time": 23.6527, "x": 0, "y": 0 }
				],
				"scale": [
					{ "time": 0, "x": 1, "y": 1, "curve": "stepped" },
					{ "time": 23.6527, "x": 1, "y": 1 }
				]
			},
			"crystal_purple2": {
				"rotate": [
					{ "time": 0, "angle": 0, "curve": "stepped" },
					{ "time": 23.6527, "angle": 0 }
				],
				"translate": [
					{ "time": 0, "x": 0, "y": 0, "curve": "stepped" },
					{ "time": 23.6527, "x": 0, "y": 0 }
				],
				"scale": [
					{ "time": 0, "x": 1, "y": 1, "curve": "stepped" },
					{ "time": 23.6527, "x": 1, "y": 1 }
				]
			},
			"crystal_purple3": {
				"rotate": [
					{ "time": 0, "angle": 0, "curve": "stepped" },
					{ "time": 23.6527, "angle": 0 }
				],
				"translate": [
					{ "time": 0, "x": 0, "y": 0, "curve": "stepped" },
					{ "time": 23.6527, "x": 0, "y": 0 }
				],
				"scale": [
					{ "time": 0, "x": 1, "y": 1, "curve": "stepped" },
					{ "time": 23.6527, "x": 1, "y": 1 }
				]
			},
			"crystal_purple4": {
				"rotate": [
					{ "time": 0, "angle": 0, "curve": "stepped" },
					{ "time": 23.6527, "angle": 0 }
				],
				"translate": [
					{ "time": 0, "x": 0, "y": 0, "curve": "stepped" },
					{ "time": 23.6527, "x": 0, "y": 0 }
				],
				"scale": [
					{ "time": 0, "x": 1, "y": 1, "curve": "stepped" },
					{ "time": 23.6527, "x": 1, "y": 1 }
				]
			},
			"crystal_purple5": {
				"rotate": [
					{ "time": 0, "angle": 0, "curve": "stepped" },
					{ "time": 23.6527, "angle": 0 }
				],
				"translate": [
					{ "time": 0, "x": 0, "y": 0, "curve": "stepped" },
					{ "time": 23.6527, "x": 0, "y": 0 }
				],
				"scale": [
					{ "time": 0, "x": 1, "y": 1, "curve": "stepped" },
					{ "time": 23.6527, "x": 1, "y": 1 }
				]
			},
			"crystal_pink4": {
				"rotate": [
					{ "time": 0, "angle": 0, "curve": "stepped" },
					{ "time": 23.6527, "angle": 0 }
				],
				"translate": [
					{ "time": 0, "x": 0, "y": 0, "curve": "stepped" },
					{ "time": 23.6527, "x": 0, "y": 0 }
				],
				"scale": [
					{ "time": 0, "x": 1, "y": 1, "curve": "stepped" },
					{ "time": 23.6527, "x": 1, "y": 1 }
				]
			},
			"char_kristoff": {
				"rotate": [
					{ "time": 0, "angle": 0, "curve": "stepped" },
					{ "time": 28.9, "angle": 0 }
				],
				"translate": [
					{ "time": 0, "x": 0, "y": -64.78, "curve": "stepped" },
					{ "time": 15.0194, "x": 0, "y": -64.78, "curve": "stepped" },
					{ "time": 20.7333, "x": 0, "y": -64.78, "curve": "stepped" },
					{ "time": 28.9, "x": 0, "y": -64.78 }
				],
				"scale": [
					{ "time": 0, "x": 1, "y": 1, "curve": "stepped" },
					{ "time": 28.9, "x": 1, "y": 1 }
				]
			},
			"char_anna": {
				"rotate": [
					{ "time": 0, "angle": 0, "curve": "stepped" },
					{ "time": 28.9, "angle": 0 }
				],
				"translate": [
					{ "time": 0, "x": 0, "y": -64.78, "curve": "stepped" },
					{ "time": 15.0194, "x": 0, "y": -64.78, "curve": "stepped" },
					{ "time": 20.7333, "x": 0, "y": -64.78, "curve": "stepped" },
					{ "time": 28.9, "x": 0, "y": -64.78 }
				],
				"scale": [
					{ "time": 0, "x": 1, "y": 1, "curve": "stepped" },
					{ "time": 28.9, "x": 1, "y": 1 }
				]
			},
			"char_elsa": {
				"rotate": [
					{ "time": 0, "angle": 0, "curve": "stepped" },
					{ "time": 28.9, "angle": 0 }
				],
				"translate": [
					{ "time": 0, "x": 0, "y": -64.78, "curve": "stepped" },
					{ "time": 15.0194, "x": 0, "y": -64.78, "curve": "stepped" },
					{ "time": 20.7333, "x": 0, "y": -64.78, "curve": "stepped" },
					{ "time": 28.9, "x": 0, "y": -64.78 }
				],
				"scale": [
					{ "time": 0, "x": 1, "y": 1, "curve": "stepped" },
					{ "time": 28.9, "x": 1, "y": 1 }
				]
			},
			"char_olaf": {
				"rotate": [
					{ "time": 0, "angle": 0, "curve": "stepped" },
					{ "time": 28.9, "angle": 0 }
				],
				"translate": [
					{ "time": 0, "x": 0, "y": -64.78, "curve": "stepped" },
					{ "time": 15.0194, "x": 0, "y": -64.78, "curve": "stepped" },
					{ "time": 20.7333, "x": 0, "y": -64.78, "curve": "stepped" },
					{ "time": 28.9, "x": 0, "y": -64.78 }
				],
				"scale": [
					{ "time": 0, "x": 1, "y": 1, "curve": "stepped" },
					{ "time": 28.9, "x": 1, "y": 1 }
				]
			},
			"thought_olaf": {
				"rotate": [
					{ "time": 0, "angle": 0, "curve": "stepped" },
					{ "time": 25.2333, "angle": 0 }
				],
				"translate": [
					{ "time": 0, "x": 114.08, "y": -88.35, "curve": "stepped" },
					{
						"time": 20.3333,
						"x": 114.08,
						"y": -88.35,
						"curve": [ 0.249, 0.79, 0.75, 1 ]
					},
					{ "time": 20.6, "x": 0, "y": 0, "curve": "stepped" },
					{ "time": 25.2333, "x": 0, "y": 0 }
				],
				"scale": [
					{ "time": 0, "x": 0, "y": 0, "curve": "stepped" },
					{
						"time": 20.3333,
						"x": 0,
						"y": 0,
						"curve": [ 0.249, 0.79, 0.75, 1 ]
					},
					{ "time": 20.6, "x": 1, "y": 1, "curve": "stepped" },
					{ "time": 25.2333, "x": 1, "y": 1 }
				]
			},
			"thought_kristoff": {
				"rotate": [
					{ "time": 0, "angle": 0, "curve": "stepped" },
					{ "time": 25.2666, "angle": 0 }
				],
				"translate": [
					{ "time": 0, "x": 82.84, "y": -140.98, "curve": "stepped" },
					{
						"time": 19.7,
						"x": 82.84,
						"y": -140.98,
						"curve": [ 0.249, 0.79, 0.75, 1 ]
					},
					{ "time": 19.9333, "x": 0, "y": 0, "curve": "stepped" },
					{ "time": 25.2666, "x": 0, "y": 0 }
				],
				"scale": [
					{ "time": 0, "x": 0, "y": 0, "curve": "stepped" },
					{
						"time": 19.7,
						"x": 0,
						"y": 0,
						"curve": [ 0.249, 0.79, 0.75, 1 ]
					},
					{ "time": 19.9333, "x": 1, "y": 1, "curve": "stepped" },
					{ "time": 25.2666, "x": 1, "y": 1 }
				]
			},
			"thought_elsa": {
				"rotate": [
					{ "time": 0, "angle": 0, "curve": "stepped" },
					{ "time": 25.2666, "angle": 0 }
				],
				"translate": [
					{ "time": 0, "x": -71.74, "y": -135.64, "curve": "stepped" },
					{
						"time": 21.2,
						"x": -71.74,
						"y": -135.64,
						"curve": [ 0.249, 0.79, 0.75, 1 ]
					},
					{ "time": 21.5, "x": 0, "y": 0, "curve": "stepped" },
					{ "time": 25.2666, "x": 0, "y": 0 }
				],
				"scale": [
					{ "time": 0, "x": 0, "y": 0, "curve": "stepped" },
					{
						"time": 21.2,
						"x": 0,
						"y": 0,
						"curve": [ 0.249, 0.79, 0.75, 1 ]
					},
					{ "time": 21.5, "x": 1, "y": 1, "curve": "stepped" },
					{ "time": 25.2666, "x": 1, "y": 1 }
				]
			},
			"thought_anna": {
				"rotate": [
					{ "time": 0, "angle": 0, "curve": "stepped" },
					{ "time": 25.2666, "angle": 0 }
				],
				"translate": [
					{ "time": 0, "x": -66.13, "y": -136.76, "curve": "stepped" },
					{
						"time": 20.8333,
						"x": -66.13,
						"y": -136.76,
						"curve": [ 0.249, 0.79, 0.75, 1 ]
					},
					{ "time": 21.1333, "x": 0, "y": 0, "curve": "stepped" },
					{ "time": 25.2666, "x": 0, "y": 0 }
				],
				"scale": [
					{ "time": 0, "x": 0, "y": 0, "curve": "stepped" },
					{
						"time": 20.8333,
						"x": 0,
						"y": 0,
						"curve": [ 0.249, 0.79, 0.75, 1 ]
					},
					{ "time": 21.1333, "x": 1, "y": 1, "curve": "stepped" },
					{ "time": 25.2666, "x": 1, "y": 1 }
				]
			},
			"bone2": {
				"rotate": [
					{ "time": 0, "angle": 0, "curve": "stepped" },
					{
						"time": 27.6333,
						"angle": 0,
						"curve": [ 0.25, 0, 0.75, 1 ]
					},
					{
						"time": 27.7666,
						"angle": -28.02,
						"curve": [ 0.25, 0, 0.75, 1 ]
					},
					{
						"time": 27.9,
						"angle": 0,
						"curve": [ 0.25, 0, 0.75, 1 ]
					},
					{
						"time": 28.0333,
						"angle": -15.83,
						"curve": [ 0.25, 0, 0.75, 1 ]
					},
					{ "time": 28.1666, "angle": 0, "curve": "stepped" },
					{ "time": 28.9, "angle": 0 }
				],
				"translate": [
					{ "time": 0, "x": 0, "y": 0, "curve": "stepped" },
					{ "time": 28.9, "x": 0, "y": 0 }
				],
				"scale": [
					{ "time": 0, "x": 1, "y": 1, "curve": "stepped" },
					{
						"time": 27.6333,
						"x": 1,
						"y": 1,
						"curve": [ 0.25, 0, 0.75, 1 ]
					},
					{
						"time": 27.9,
						"x": 1.504,
						"y": 1.504,
						"curve": [ 0.25, 0, 0.75, 1 ]
					},
					{ "time": 28.1666, "x": 1, "y": 1, "curve": "stepped" },
					{ "time": 28.9, "x": 1, "y": 1 }
				]
			},
			"bone3": {
				"rotate": [
					{ "time": 0, "angle": 0, "curve": "stepped" },
					{
						"time": 28.2,
						"angle": 0,
						"curve": [ 0.25, 0, 0.75, 1 ]
					},
					{
						"time": 28.3333,
						"angle": 16.32,
						"curve": [ 0.25, 0, 0.75, 1 ]
					},
					{
						"time": 28.4666,
						"angle": 0,
						"curve": [ 0.25, 0, 0.75, 1 ]
					},
					{
						"time": 28.6,
						"angle": 11.58,
						"curve": [ 0.25, 0, 0.75, 1 ]
					},
					{ "time": 28.7333, "angle": 0, "curve": "stepped" },
					{ "time": 28.9, "angle": 0 }
				],
				"translate": [
					{ "time": 0, "x": 0, "y": 0, "curve": "stepped" },
					{ "time": 28.9, "x": 0, "y": 0 }
				],
				"scale": [
					{ "time": 0, "x": 1, "y": 1, "curve": "stepped" },
					{
						"time": 28.2,
						"x": 1,
						"y": 1,
						"curve": [ 0.25, 0, 0.75, 1 ]
					},
					{
						"time": 28.4666,
						"x": 1.496,
						"y": 1.496,
						"curve": [ 0.25, 0, 0.75, 1 ]
					},
					{ "time": 28.7333, "x": 1, "y": 1, "curve": "stepped" },
					{ "time": 28.9, "x": 1, "y": 1 }
				]
			},
			"bone4": {
				"rotate": [
					{ "time": 0, "angle": 0, "curve": "stepped" },
					{
						"time": 26.9666,
						"angle": 0,
						"curve": [ 0.25, 0, 0.75, 1 ]
					},
					{
						"time": 27.1,
						"angle": 13.91,
						"curve": [ 0.25, 0, 0.75, 1 ]
					},
					{
						"time": 27.2333,
						"angle": 0,
						"curve": [ 0.25, 0, 0.75, 1 ]
					},
					{
						"time": 27.3666,
						"angle": 7.23,
						"curve": [ 0.25, 0, 0.75, 1 ]
					},
					{ "time": 27.5, "angle": 0, "curve": "stepped" },
					{ "time": 28.9, "angle": 0 }
				],
				"translate": [
					{ "time": 0, "x": 0, "y": 0, "curve": "stepped" },
					{ "time": 28.9, "x": 0, "y": 0 }
				],
				"scale": [
					{ "time": 0, "x": 1, "y": 1, "curve": "stepped" },
					{
						"time": 26.9666,
						"x": 1,
						"y": 1,
						"curve": [ 0.25, 0, 0.75, 1 ]
					},
					{
						"time": 27.2333,
						"x": 1.494,
						"y": 1.494,
						"curve": [ 0.25, 0, 0.75, 1 ]
					},
					{ "time": 27.5, "x": 1, "y": 1, "curve": "stepped" },
					{ "time": 28.9, "x": 1, "y": 1 }
				]
			},
			"bone5": {
				"rotate": [
					{ "time": 0, "angle": 0, "curve": "stepped" },
					{
						"time": 26.4666,
						"angle": 0,
						"curve": [ 0.25, 0, 0.75, 1 ]
					},
					{
						"time": 26.6,
						"angle": -24.12,
						"curve": [ 0.25, 0, 0.75, 1 ]
					},
					{
						"time": 26.7333,
						"angle": 0,
						"curve": [ 0.25, 0, 0.75, 1 ]
					},
					{
						"time": 26.8666,
						"angle": -5.46,
						"curve": [ 0.25, 0, 0.75, 1 ]
					},
					{ "time": 27, "angle": 0, "curve": "stepped" },
					{ "time": 28.9, "angle": 0 }
				],
				"translate": [
					{ "time": 0, "x": 0, "y": 0, "curve": "stepped" },
					{ "time": 28.9, "x": 0, "y": 0 }
				],
				"scale": [
					{ "time": 0, "x": 1, "y": 1, "curve": "stepped" },
					{
						"time": 26.4666,
						"x": 1,
						"y": 1,
						"curve": [ 0.25, 0, 0.75, 1 ]
					},
					{
						"time": 26.7333,
						"x": 1.506,
						"y": 1.506,
						"curve": [ 0.25, 0, 0.75, 1 ]
					},
					{ "time": 27, "x": 1, "y": 1, "curve": "stepped" },
					{ "time": 28.9, "x": 1, "y": 1 }
				]
			},
			"bone6": {
				"rotate": [
					{ "time": 0, "angle": 0, "curve": "stepped" },
					{ "time": 26.4, "angle": 0 },
					{ "time": 27.7333, "angle": 180 }
				],
				"scale": [
					{ "time": 0, "x": 0, "y": 0, "curve": "stepped" },
					{
						"time": 26.4,
						"x": 0,
						"y": 0,
						"curve": [ 0.25, 0, 0.75, 1 ]
					},
					{
						"time": 26.7333,
						"x": 1.891,
						"y": 1.891,
						"curve": [ 0.25, 0, 0.75, 1 ]
					},
					{ "time": 27.0666, "x": 0, "y": 0 }
				]
			},
			"bone7": {
				"rotate": [
					{ "time": 0, "angle": 0, "curve": "stepped" },
					{ "time": 26.8666, "angle": 0 },
					{ "time": 28.2, "angle": 180 }
				],
				"scale": [
					{ "time": 0, "x": 0, "y": 0, "curve": "stepped" },
					{
						"time": 26.8666,
						"x": 0,
						"y": 0,
						"curve": [ 0.25, 0, 0.75, 1 ]
					},
					{
						"time": 27.2,
						"x": 1.891,
						"y": 1.891,
						"curve": [ 0.25, 0, 0.75, 1 ]
					},
					{ "time": 27.5333, "x": 0, "y": 0 }
				]
			},
			"bone8": {
				"rotate": [
					{ "time": 0, "angle": 0, "curve": "stepped" },
					{ "time": 27.5666, "angle": 0 },
					{ "time": 28.9, "angle": 180 }
				],
				"scale": [
					{ "time": 0, "x": 0, "y": 0, "curve": "stepped" },
					{
						"time": 27.5666,
						"x": 0,
						"y": 0,
						"curve": [ 0.25, 0, 0.75, 1 ]
					},
					{
						"time": 27.9,
						"x": 1.891,
						"y": 1.891,
						"curve": [ 0.25, 0, 0.75, 1 ]
					},
					{ "time": 28.2333, "x": 0, "y": 0 }
				]
			},
			"bone9": {
				"rotate": [
					{ "time": 0, "angle": 0, "curve": "stepped" },
					{ "time": 28.2333, "angle": 0 },
					{ "time": 29.5666, "angle": 180 }
				],
				"scale": [
					{ "time": 0, "x": 0, "y": 0, "curve": "stepped" },
					{
						"time": 28.2333,
						"x": 0,
						"y": 0,
						"curve": [ 0.25, 0, 0.75, 1 ]
					},
					{
						"time": 28.5666,
						"x": 1.891,
						"y": 1.891,
						"curve": [ 0.25, 0, 0.75, 1 ]
					},
					{ "time": 28.9, "x": 0, "y": 0 }
				]
			},
			"pabbie_head": {
				"translate": [
					{ "time": 0, "x": 0, "y": 0, "curve": "stepped" },
					{
						"time": 1.1,
						"x": 0,
						"y": 0,
						"curve": [ 0.25, 0, 0.75, 1 ]
					},
					{
						"time": 1.4333,
						"x": 3.11,
						"y": 0,
						"curve": [ 0.25, 0, 0.75, 1 ]
					},
					{
						"time": 1.7333,
						"x": 0,
						"y": 0,
						"curve": [ 0.25, 0, 0.75, 1 ]
					},
					{
						"time": 2.0666,
						"x": 3.11,
						"y": 0,
						"curve": [ 0.25, 0, 0.75, 1 ]
					},
					{ "time": 2.3666, "x": 0, "y": 0 },
					{
						"time": 2.6333,
						"x": 1.56,
						"y": 0,
						"curve": [ 0.25, 0, 0.75, 1 ]
					},
					{ "time": 3.1, "x": 0, "y": 0, "curve": "stepped" },
					{
						"time": 4.7,
						"x": 0,
						"y": 0,
						"curve": [ 0.25, 0, 0.543, 1 ]
					},
					{ "time": 5.1333, "x": 0, "y": 7.6, "curve": "stepped" },
					{
						"time": 5.6333,
						"x": 0,
						"y": 7.6,
						"curve": [ 0.25, 0, 0.75, 1 ]
					},
					{ "time": 5.9333, "x": 0, "y": 0 }
				]
			},
			"pabbie_face": {
				"translate": [
					{ "time": 0, "x": 0, "y": 0, "curve": "stepped" },
					{
						"time": 1.1,
						"x": 0,
						"y": 0,
						"curve": [ 0.25, 0, 0.75, 1 ]
					},
					{
						"time": 1.4333,
						"x": 6.21,
						"y": 0,
						"curve": [ 0.25, 0, 0.75, 1 ]
					},
					{
						"time": 1.7333,
						"x": 0,
						"y": 0,
						"curve": [ 0.25, 0, 0.75, 1 ]
					},
					{
						"time": 2.0666,
						"x": 6.21,
						"y": 0,
						"curve": [ 0.25, 0, 0.75, 1 ]
					},
					{ "time": 2.3666, "x": 0, "y": 0 },
					{
						"time": 2.6333,
						"x": 1.58,
						"y": 0,
						"curve": [ 0.25, 0, 0.75, 1 ]
					},
					{ "time": 3.1, "x": 0, "y": 0, "curve": "stepped" },
					{
						"time": 4.6,
						"x": 0,
						"y": 0,
						"curve": [ 0.25, 0, 0.543, 1 ]
					},
					{ "time": 5.0333, "x": 0, "y": 6.08, "curve": "stepped" },
					{
						"time": 5.7,
						"x": 0,
						"y": 6.08,
						"curve": [ 0.25, 0, 0.75, 1 ]
					},
					{ "time": 6, "x": 0, "y": 0 }
				]
			},
			"pabbie_nose": {
				"translate": [
					{ "time": 0, "x": 0, "y": 0, "curve": "stepped" },
					{
						"time": 1.1,
						"x": 0,
						"y": 0,
						"curve": [ 0.25, 0, 0.75, 1 ]
					},
					{
						"time": 1.4333,
						"x": 6.21,
						"y": 0,
						"curve": [ 0.25, 0, 0.75, 1 ]
					},
					{
						"time": 1.7333,
						"x": 0,
						"y": 0,
						"curve": [ 0.25, 0, 0.75, 1 ]
					},
					{
						"time": 2.0666,
						"x": 6.21,
						"y": 0,
						"curve": [ 0.25, 0, 0.75, 1 ]
					},
					{ "time": 2.3666, "x": 0, "y": 0 },
					{
						"time": 2.6333,
						"x": 3.13,
						"y": 0,
						"curve": [ 0.25, 0, 0.75, 1 ]
					},
					{ "time": 3.1, "x": 0, "y": 0, "curve": "stepped" },
					{
						"time": 4.8,
						"x": 0,
						"y": 0,
						"curve": [ 0.25, 0, 0.543, 1 ]
					},
					{ "time": 5.2333, "x": 0, "y": 4.56, "curve": "stepped" },
					{
						"time": 5.7333,
						"x": 0,
						"y": 4.56,
						"curve": [ 0.25, 0, 0.75, 1 ]
					},
					{ "time": 6.0333, "x": 0, "y": 0 }
				]
			},
			"blue_l2": {
				"rotate": [
					{ "time": 0, "angle": 0, "curve": "stepped" },
					{ "time": 8.7527, "angle": 0, "curve": "stepped" },
					{ "time": 23.6527, "angle": 0 }
				],
				"translate": [
					{ "time": 0, "x": 0, "y": 0, "curve": "stepped" },
					{ "time": 8.7527, "x": 0, "y": 0, "curve": "stepped" },
					{ "time": 23.6527, "x": 0, "y": 0 }
				],
				"scale": [
					{ "time": 0, "x": 1, "y": 1.614 },
					{ "time": 6.4333, "x": 1, "y": 1 },
					{ "time": 11.9527, "x": 1, "y": 1.614, "curve": "stepped" },
					{ "time": 23.6527, "x": 1, "y": 1.614 }
				]
			},
			"blue_r2": {
				"rotate": [
					{ "time": 0, "angle": 0, "curve": "stepped" },
					{ "time": 8.7527, "angle": 0, "curve": "stepped" },
					{ "time": 23.6527, "angle": 0 }
				],
				"translate": [
					{ "time": 0, "x": 0, "y": 0, "curve": "stepped" },
					{ "time": 8.7527, "x": 0, "y": 0, "curve": "stepped" },
					{ "time": 23.6527, "x": 0, "y": 0 }
				],
				"scale": [
					{ "time": 0, "x": 1, "y": 1.614 },
					{ "time": 6.6333, "x": 1, "y": 1 },
					{ "time": 12.2527, "x": 1, "y": 1.614, "curve": "stepped" },
					{ "time": 23.6527, "x": 1, "y": 1.614 }
				]
			},
			"green_l2": {
				"rotate": [
					{ "time": 0, "angle": 0, "curve": "stepped" },
					{ "time": 23.6527, "angle": 0 }
				],
				"translate": [
					{ "time": 0, "x": 0, "y": 0 },
					{ "time": 6.6662, "x": -28.52, "y": -127.71 },
					{ "time": 8.6527, "x": -28.52, "y": 0 },
					{ "time": 20.3527, "x": 466.02, "y": 0, "curve": "stepped" },
					{ "time": 23.6527, "x": 466.02, "y": 0 }
				],
				"scale": [
					{ "time": 0, "x": 1, "y": 1, "curve": "stepped" },
					{ "time": 23.6527, "x": 1, "y": 1 }
				]
			},
			"pink_r2": {
				"rotate": [
					{ "time": 0, "angle": 0 },
					{ "time": 4.3666, "angle": 0.15 },
					{ "time": 23.6527, "angle": 0 }
				],
				"translate": [
					{ "time": 0, "x": 207.03, "y": 0, "curve": "stepped" },
					{ "time": 8.6527, "x": 207.03, "y": 0 },
					{ "time": 14.7861, "x": 0, "y": 0, "curve": "stepped" },
					{ "time": 23.6527, "x": 0, "y": 0 }
				],
				"scale": [
					{ "time": 0, "x": 1, "y": 1, "curve": "stepped" },
					{ "time": 23.6527, "x": 1, "y": 1 }
				]
			},
			"pink_l2": {
				"rotate": [
					{ "time": 0, "angle": 0, "curve": "stepped" },
					{ "time": 23.6527, "angle": 0 }
				],
				"translate": [
					{ "time": 0, "x": 0, "y": 0, "curve": "stepped" },
					{ "time": 6.5666, "x": 0, "y": 0 },
					{ "time": 15.2861, "x": 149.63, "y": 0, "curve": "stepped" },
					{ "time": 23.6527, "x": 149.63, "y": 0 }
				],
				"scale": [
					{ "time": 0, "x": 1, "y": 1, "curve": "stepped" },
					{ "time": 23.6527, "x": 1, "y": 1 }
				]
			},
			"green_r2": {
				"rotate": [
					{ "time": 0, "angle": 0, "curve": "stepped" },
					{ "time": 23.6527, "angle": 0 }
				],
				"translate": [
					{ "time": 0, "x": 0, "y": 0 },
					{ "time": 6.6662, "x": 6.67, "y": -127.71 },
					{ "time": 14.3527, "x": 12.37, "y": 0, "curve": "stepped" },
					{ "time": 23.6527, "x": 12.37, "y": 0 }
				],
				"scale": [
					{ "time": 0, "x": 1, "y": 1, "curve": "stepped" },
					{ "time": 23.6527, "x": 1, "y": 1 }
				]
			},
			"pabbie_concerned_bg": {
				"translate": [
					{ "time": 11, "x": 0, "y": 0, "curve": "stepped" },
					{ "time": 15.3333, "x": 0, "y": 0 }
				]
			},
			"pabbie": {
				"translate": [
					{
						"time": 11,
						"x": 0,
						"y": -418.24,
						"curve": [ 0.25, 0, 0.75, 1 ]
					},
					{ "time": 15.1333, "x": 0, "y": 0 }
				]
			}
		}
	}
}
}