{"frames": {

"avoid_obstacles.png":
{
	"frame": {"x":0,"y":178,"w":162,"h":78},
	"rotated": false,
	"trimmed": false,
	"spriteSourceSize": {"x":0,"y":0,"w":162,"h":78},
	"sourceSize": {"w":162,"h":78}
},
"collect_crumbs.png":
{
	"frame": {"x":164,"y":178,"w":201,"h":77},
	"rotated": false,
	"trimmed": false,
	"spriteSourceSize": {"x":0,"y":0,"w":201,"h":77},
	"sourceSize": {"w":201,"h":77}
},
"collect_powewrups.png":
{
	"frame": {"x":597,"y":0,"w":174,"h":81},
	"rotated": false,
	"trimmed": false,
	"spriteSourceSize": {"x":0,"y":0,"w":174,"h":81},
	"sourceSize": {"w":174,"h":81}
},
"jump_desktop.png":
{
	"frame": {"x":700,"y":164,"w":134,"h":71},
	"rotated": false,
	"trimmed": false,
	"spriteSourceSize": {"x":0,"y":0,"w":134,"h":71},
	"sourceSize": {"w":134,"h":71}
},
"jump_mobile.png":
{
	"frame": {"x":770,"y":83,"w":107,"h":70},
	"rotated": false,
	"trimmed": false,
	"spriteSourceSize": {"x":0,"y":0,"w":107,"h":70},
	"sourceSize": {"w":107,"h":70}
},
"readyGO.png":
{
	"frame": {"x":367,"y":178,"w":173,"h":76},
	"rotated": false,
	"trimmed": false,
	"spriteSourceSize": {"x":0,"y":0,"w":173,"h":76},
	"sourceSize": {"w":173,"h":76}
},
"steer_keys.png":
{
	"frame": {"x":542,"y":178,"w":156,"h":75},
	"rotated": false,
	"trimmed": false,
	"spriteSourceSize": {"x":0,"y":0,"w":156,"h":75},
	"sourceSize": {"w":156,"h":75}
},
"steer_tilt.png":
{
	"frame": {"x":773,"y":0,"w":103,"h":70},
	"rotated": false,
	"trimmed": false,
	"spriteSourceSize": {"x":0,"y":0,"w":103,"h":70},
	"sourceSize": {"w":103,"h":70}
},
"steer_touch.png":
{
	"frame": {"x":597,"y":83,"w":171,"h":79},
	"rotated": false,
	"trimmed": false,
	"spriteSourceSize": {"x":0,"y":0,"w":171,"h":79},
	"sourceSize": {"w":171,"h":79}
},
"tutorialBG.png":
{
	"frame": {"x":0,"y":0,"w":595,"h":176},
	"rotated": false,
	"trimmed": false,
	"spriteSourceSize": {"x":0,"y":0,"w":595,"h":176},
	"sourceSize": {"w":595,"h":176}
}},
"meta": {
	"app": "http://www.texturepacker.com",
	"version": "1.0",
	"image": "tutorial.png",
	"format": "RGBA8888",
	"size": {"w":877,"h":256},
	"scale": "1",
	"smartupdate": "$TexturePacker:SmartUpdate:6773be7fb142ecef79d0af46c4cf4768$"
}
}
