{
    "stories":[
        {
            "name":"Learning the Ropes",
            "uibackground":"background_w1.jpg",
            "head" : "head_s1_squark.png",
            "unlocked":true,
            "worlds":[
                {
                    "id":"basics",
                    "name":"Learning the Ropes",
                    "intro":"level_1_intro",
                    "outro":"level_1_outro",
                    "head":"head_w1_squark.png",
                    "uibackground":"background_w1.jpg",
                    "panel":"world_1_panel.png",
                    "levels":[
                        {
                            "id":"DM_world1_level1",
                            "name":"level 1",
                            "skin":"basic",
                            "character":"dangermouse",
                            "timeTarget":28,
                            "complete":false,
                            "unlocked":true,
                            "time":0,
                            "score":0,
                            "starRating":0
                        },
                        {
                            "id":"DM_world1_level2",
                            "name":"level 2",
                            "skin":"basic",
                            "character":"penfold",
                            "timeTarget":23,
                            "complete":false,
                            "unlocked":false,
                            "time":0,
                            "score":0,
                            "starRating":0
                        },
                        {
                            "id":"DM_world1_level3",
                            "name":"level 3",
                            "skin":"basic",
                            "character":"dangermouse",
                            "timeTarget":38,
                            "complete":false,
                            "unlocked":false,
                            "time":0,
                            "score":0,
                            "starRating":0
                        }
                    ],
                    "complete":false,
                    "unlocked":true
                }
            ]
        },
        {
            "name":"Danger Mouse Saves the Day",
            "unlocked":false,
            "head" : "head_s2_trio.png",
            "uibackground":"background_w5.jpg",
            "worlds":[
                {
                    "id":"chapter1",
                    "name":"Global Warning",
                    "intro":"level_2_intro",
                    "outro":"level_2_outro",
                    "head":"head_w2_greenback.png",
                    "uibackground":"background_w2.jpg",
                    "panel":"world_2_panel.png",
                    "levels":[
                        {
                            "id":"DM_world2_level1",
                            "name":"level 1",
                            "skin":"global_warning",
                            "character":"dangermouse",
                            "timeTarget":32,
                            "complete":false,
                            "unlocked":false,
                            "time":0,
                            "score":0,
                            "starRating":0
                        },
                        {
                            "id":"DM_world2_level2",
                            "name":"level 2",
                            "skin":"global_warning",
                            "character":"penfold",
                            "timeTarget":37,
                            "complete":false,
                            "unlocked":false,
                            "time":0,
                            "score":0,
                            "starRating":0
                        },
                        {
                            "id":"DM_world2_level3",
                            "name":"level 3",
                            "skin":"global_warning",
                            "character":"dangermouse",
                            "timeTarget":45,
                            "complete":false,
                            "unlocked":false,
                            "time":0,
                            "score":0,
                            "starRating":0
                        },
                        {
                            "id":"DM_world2_level4",
                            "name":"level 4",
                            "skin":"global_warning",
                            "character":"dangermouse",
                            "timeTarget":40,
                            "complete":false,
                            "unlocked":false,
                            "time":0,
                            "score":0,
                            "starRating":0
                        },
                        {
                            "id":"DM_world2_level5",
                            "name":"Boss",
                            "boss":true,
                            "skin":"global_warning",
                            "character":"dangermouse",
                            "timeTarget":40,
                            "complete":false,
                            "unlocked":false,
                            "time":0,
                            "score":0,
                            "starRating":0
                        }
                    ],
                    "complete":false,
                    "unlocked":false
                },
                {
                    "id":"chapter2",
                    "name":"Loo-topia",
                    "intro":"level_3_intro",
                    "outro":"level_3_outro",
                    "head":"head_w3_loocifer.png",
                    "uibackground":"background_w3.jpg",
                    "panel":"world_3_panel.png",
                    "levels":[
                        {
                            "id":"DM_world3_level1",
                            "name":"level 1",
                            "skin":"loo_topia",
                            "character":"dangermouse",
                            "timeTarget":25,
                            "complete":false,
                            "unlocked":false,
                            "time":0,
                            "score":0,
                            "starRating":0
                        },
                        {
                            "id":"DM_world3_level2",
                            "name":"level 2",
                            "skin":"loo_topia",
                            "character":"dangermouse",
                            "timeTarget":48,
                            "complete":false,
                            "unlocked":false,
                            "time":0,
                            "score":0,
                            "starRating":0
                        },
                        {
                            "id":"DM_world3_level3",
                            "name":"level 3",
                            "skin":"loo_topia",
                            "character":"penfold",
                            "timeTarget":38,
                            "complete":false,
                            "unlocked":false,
                            "time":0,
                            "score":0,
                            "starRating":0
                        },
                        {
                            "id":"DM_world3_level4",
                            "name":"level 4",
                            "skin":"loo_topia",
                            "character":"dangermouse",
                            "timeTarget":48,
                            "complete":false,
                            "unlocked":false,
                            "time":0,
                            "score":0,
                            "starRating":0
                        },
                        {
                            "id":"DM_world3_level5",
                            "name":"level 5",
                            "skin":"loo_topia",
                            "character":"dangermouse",
                            "timeTarget":38,
                            "complete":false,
                            "unlocked":false,
                            "time":0,
                            "score":0,
                            "starRating":0
                        },
                        {
                            "id":"DM_world3_level6",
                            "name":"Boss",
                            "boss":true,
                            "skin":"loo_topia",
                            "character":"dangermouse",
                            "timeTarget":40,
                            "complete":false,
                            "unlocked":false,
                            "time":0,
                            "score":0,
                            "starRating":0
                        }
                    ],
                    "complete":false,
                    "unlocked":false
                },
                {
                    "id":"chapter3",
                    "name":"Small Time Chimp",
                    "intro":"level_4_intro",
                    "outro":"level_4_outro",
                    "head":"head_w4_monkey.png",
                    "uibackground":"background_w4.jpg",
                    "panel":"world_4_panel.png",
                    "levels":[
                        {
                            "id":"DM_world4_level1",
                            "name":"level 1",
                            "skin":"new_york",
                            "character":"dangermouse",
                            "timeTarget":20,
                            "complete":false,
                            "unlocked":false,
                            "time":0,
                            "score":0,
                            "starRating":0
                        },
                        {
                            "id":"DM_world4_level2",
                            "name":"level 2",
                            "skin":"new_york",
                            "character":"penfold",
                            "timeTarget":40,
                            "complete":false,
                            "unlocked":false,
                            "time":0,
                            "score":0,
                            "starRating":0
                        },
                        {
                            "id":"DM_world4_level3",
                            "name":"level 3",
                            "skin":"new_york",
                            "character":"dangermouse",
                            "timeTarget":35,
                            "complete":false,
                            "unlocked":false,
                            "time":0,
                            "score":0,
                            "starRating":0
                        },
                        {
                            "id":"DM_world4_level4",
                            "name":"level 4",
                            "skin":"new_york",
                            "character":"dangermouse",
                            "timeTarget":45,
                            "complete":false,
                            "unlocked":false,
                            "time":0,
                            "score":0,
                            "starRating":0
                        },
                        {
                            "id":"DM_world4_level5",
                            "name":"level 5",
                            "skin":"new_york",
                            "character":"dangermouse",
                            "timeTarget":35,
                            "complete":false,
                            "unlocked":false,
                            "time":0,
                            "score":0,
                            "starRating":0
                        },
                        {
                            "id":"DM_world4_level6",
                            "name":"level 6",
                            "skin":"new_york",
                            "character":"penfold",
                            "timeTarget":33,
                            "complete":false,
                            "unlocked":false,
                            "time":0,
                            "score":0,
                            "starRating":0
                        },
                        {
                            "id":"DM_world4_level7",
                            "name":"Boss",
                            "boss":true,
                            "skin":"new_york",
                            "character":"dangermouse",
                            "timeTarget":40,
                            "complete":false,
                            "unlocked":false,
                            "time":0,
                            "score":0,
                            "starRating":0
                        }
                    ],
                    "complete":false,
                    "unlocked":false
                },
                {
                    "id":"story5",
                    "name":"Over The Moon",
                    "intro":"level_5_intro",
                    "outro":"level_5_outro",
                    "head":"head_w5_greenback.png",
                    "uibackground":"background_w5.jpg",
                    "panel":"world_5_panel.png",
                    "levels":[
                        {
                            "id":"DM_world5_level1",
                            "name":"level 1",
                            "skin":"moon",
                            "character":"dangermouse",
                            "timeTarget":14,
                            "complete":false,
                            "unlocked":false,
                            "time":0,
                            "score":0,
                            "starRating":0
                        },
                        {
                            "id":"DM_world5_level2",
                            "name":"level 2",
                            "skin":"moon",
                            "character":"penfold",
                            "timeTarget":38,
                            "complete":false,
                            "unlocked":false,
                            "time":0,
                            "score":0,
                            "starRating":0
                        },
                        {
                            "id":"DM_world5_level3",
                            "name":"level 3",
                            "skin":"moon",
                            "character":"dangermouse",
                            "timeTarget":22,
                            "complete":false,
                            "unlocked":false,
                            "time":0,
                            "score":0,
                            "starRating":0
                        },
                        {
                            "id":"DM_world5_level4",
                            "name":"level 4",
                            "skin":"moon",
                            "character":"dangermouse",
                            "timeTarget":40,
                            "complete":false,
                            "unlocked":false,
                            "time":0,
                            "score":0,
                            "starRating":0
                        },
                        {
                            "id":"DM_world5_level5",
                            "name":"level 5",
                            "skin":"moon",
                            "character":"dangermouse",
                            "timeTarget":38,
                            "complete":false,
                            "unlocked":false,
                            "time":0,
                            "score":0,
                            "starRating":0
                        },
                        {
                            "id":"DM_world5_level6",
                            "name":"level 6",
                            "skin":"moon",
                            "character":"dangermouse",
                            "timeTarget":40,
                            "complete":false,
                            "unlocked":false,
                            "time":0,
                            "score":0,
                            "starRating":0
                        },
                        {
                            "id":"DM_world5_level7",
                            "name":"level 7",
                            "skin":"moon",
                            "character":"penfold",
                            "timeTarget":40,
                            "complete":false,
                            "unlocked":false,
                            "time":0,
                            "score":0,
                            "starRating":0
                        },
                        {
                            "id":"DM_world5_level8",
                            "name":"Boss",
                            "boss":true,
                            "skin":"moon",
                            "character":"dangermouse",
                            "timeTarget":40,
                            "complete":false,
                            "unlocked":false,
                            "time":0,
                            "score":0,
                            "starRating":0
                        }
                    ],
                    "complete":false,
                    "unlocked":false
                }
            ]
        },
        {
            "name":"Danger Mouse Returns",
            "uibackground":"background_story2_chapter1.jpg",
            "unlocked":false,
            "head" : "head_s3_duo.png",
            "worlds":[
                {
                    "id":"story2chapter1",
                    "name":"Back to the Fuschia",
                    "intro":"level_6_intro",
                    "outro":"level_6_outro",
                    "head":"head_s2_c1_dawn.png",
                    "uibackground":"background_story2_chapter1.jpg",
                    "panel":"world_2_panel.png",
                    "levels":[
                        {
                            "id":"DM_Story2_Chapter1_Level1",
                            "name":"level 1",
                            "skin":"pink_dawn",
                            "character":"dangermouse",
                            "timeTarget":35,
                            "complete":false,
                            "unlocked":true,
                            "time":0,
                            "score":0,
                            "starRating":0
                        },
                        {
                            "id":"DM_Story2_Chapter1_Level2",
                            "name":"level 2",
                            "skin":"pink_dawn",
                            "character":"dangermouse",
                            "timeTarget":34,
                            "complete":false,
                            "unlocked":false,
                            "time":0,
                            "score":0,
                            "starRating":0
                        },
                        {
                            "id":"DM_Story2_Chapter1_Level3",
                            "name":"level 3",
                            "skin":"pink_dawn",
                            "character":"penfold",
                            "timeTarget":34,
                            "complete":false,
                            "unlocked":false,
                            "time":0,
                            "score":0,
                            "starRating":0
                        },
                        {
                            "id":"DM_Story2_Chapter1_Level4",
                            "name":"level 3",
                            "skin":"pink_dawn",
                            "character":"dangermouse",
                            "timeTarget":35,
                            "complete":false,
                            "unlocked":false,
                            "time":0,
                            "score":0,
                            "starRating":0
                        },
                        {
                            "id":"DM_Story2_Chapter1_Level5",
                            "name":"level 3",
                            "skin":"pink_dawn",
                            "character":"dangermouse",
                            "timeTarget":51,
                            "complete":false,
                            "unlocked":false,
                            "time":0,
                            "score":0,
                            "starRating":0
                        },
                        {
                            "id":"DM_Story2_Chapter1_Level6_BOSS",
                            "name":"pinkdawn",
                            "boss":true,
                            "skin":"pink_dawn",
                            "character":"dangermouse",
                            "timeTarget":32,
                            "complete":false,
                            "unlocked":false,
                            "time":0,
                            "score":0,
                            "starRating":0
                        }
                    ],
                    "complete":false,
                    "unlocked":false
                },
                {
                    "id":"story2chapter2",
                    "name":"Total Fanarchy",
                    "intro":"level_7_intro",
                    "outro":"level_7_outro",
                    "head":"head_s2_c2_danger.png",
                    "uibackground":"background_story2_chapter2.jpg",
                    "panel":"world_2_panel.png",
                    "levels":[
                        {
                            "id":"DM_Story2_Chapter2_Level1",
                            "name":"level 1",
                            "skin":"danger_fan",
                            "character":"dangermouse",
                            "timeTarget":25,
                            "complete":false,
                            "unlocked":false,
                            "time":0,
                            "score":0,
                            "starRating":0
                        },
                        {
                            "id":"DM_Story2_Chapter2_Level2",
                            "name":"level 2",
                            "skin":"danger_fan",
                            "character":"penfold",
                            "timeTarget":35,
                            "complete":false,
                            "unlocked":false,
                            "time":0,
                            "score":0,
                            "starRating":0
                        },
                        {
                            "id":"DM_Story2_Chapter2_Level3",
                            "name":"level 3",
                            "skin":"danger_fan",
                            "character":"dangermouse",
                            "timeTarget":32,
                            "complete":false,
                            "unlocked":false,
                            "time":0,
                            "score":0,
                            "starRating":0
                        },
                        {
                            "id":"DM_Story2_Chapter2_Level4",
                            "name":"level 4",
                            "skin":"danger_fan",
                            "character":"penfold",
                            "timeTarget":31,
                            "complete":false,
                            "unlocked":false,
                            "time":0,
                            "score":0,
                            "starRating":0
                        },
                        {
                            "id":"DM_Story2_Chapter2_Level5",
                            "name":"level 5",
                            "skin":"danger_fan",
                            "character":"dangermouse",
                            "timeTarget":31,
                            "complete":false,
                            "unlocked":false,
                            "time":0,
                            "score":0,
                            "starRating":0
                        },
                        {
                            "id":"DM_Story2_Chapter2_Level6",
                            "name":"level 6",
                            "skin":"danger_fan",
                            "character":"dangermouse",
                            "timeTarget":32,
                            "complete":false,
                            "unlocked":false,
                            "time":0,
                            "score":0,
                            "starRating":0
                        },
                        {
                            "id":"DM_Story2_Chapter2_Level7_BOSS",
                            "boss":true,
                            "name":"ian",
                            "skin":"danger_fan",
                            "character":"dangermouse",
                            "timeTarget":32,
                            "complete":false,
                            "unlocked":false,
                            "time":0,
                            "score":0,
                            "starRating":0
                        }
                    ],
                    "complete":false,
                    "unlocked":false
                }
            ]

        },
        {
            "name":"Danger Mouse Ultimate",
            "uibackground":"background_story3_chapter2.jpg",
            "unlocked":false,
            "head" : "head_s4_duo.png",
            "worlds":[
                {
                    "id":"story3chapter1",
                    "name":"The Truth Hurtz",
                    "intro":"level_8_intro",
                    "outro":"level_8_outro",
                    "head":"head_w8_megahurtz.png",
                    "uibackground":"background_story3_chapter1.jpg",
                    "panel":"world_2_panel.png",
                    "levels":[
                        {
                            "id":"DM_Story3_Chapter1_Level1",
                            "name":"level 1",
                            "skin":"truth_hurz",
                            "character":"dangermouse",
                            "timeTarget":35,
                            "complete":false,
                            "unlocked":false,
                            "time":0,
                            "score":0,
                            "starRating":0
                        },
                        {
                            "id":"DM_Story3_Chapter1_Level2",
                            "name":"level 2",
                            "skin":"truth_hurz",
                            "character":"dangermouse",
                            "timeTarget":36,
                            "complete":false,
                            "unlocked":false,
                            "time":0,
                            "score":0,
                            "starRating":0
                        },
                        {
                            "id":"DM_Story3_Chapter1_Level3",
                            "name":"level 3",
                            "skin":"truth_hurz",
                            "character":"penfold",
                            "timeTarget":35,
                            "complete":false,
                            "unlocked":false,
                            "time":0,
                            "score":0,
                            "starRating":0
                        },
                        {
                            "id":"DM_Story3_Chapter1_Level4",
                            "name":"level 4",
                            "skin":"truth_hurz",
                            "character":"dangermouse",
                            "timeTarget":46,
                            "complete":false,
                            "unlocked":false,
                            "time":0,
                            "score":0,
                            "starRating":0
                        },
                        {
                            "id":"DM_Story3_Chapter1_Level5",
                            "name":"level 5",
                            "skin":"truth_hurz",
                            "character":"dangermouse",
                            "timeTarget":54,
                            "complete":false,
                            "unlocked":false,
                            "time":0,
                            "score":0,
                            "starRating":0
                        },
                        {
                            "id":"DM_Story3_Chapter1_Level6_BOSS",
                            "name":"megahurtz boss",
                            "skin":"truth_hurz",
                            "character":"dangermouse",
                            "timeTarget":25,
                            "boss" : true,
                            "complete":false,
                            "unlocked":false,
                            "time":0,
                            "score":0,
                            "starRating":0
                        }
                    ],
                    "complete":false,
                    "unlocked":false
                },
                {
                    "id":"story3chapter2",
                    "name":"Planet of the Shakes",
                    "intro":"level_9_intro",
                    "outro":"level_9_outro",
                    "head":"head_w9_spacebee.png",
                    "uibackground":"background_story3_chapter2.jpg",
                    "panel":"world_2_panel.png",
                    "levels":[
                        {
                            "id":"DM_Story3_Chapter2_Level1",
                            "name":"level 1",
                            "skin":"quark",
                            "character":"dangermouse",
                            "timeTarget":35,
                            "complete":false,
                            "unlocked":false,
                            "time":0,
                            "score":0,
                            "starRating":0
                        },
                        {
                            "id":"DM_Story3_Chapter2_Level2",
                            "name":"level 2",
                            "skin":"quark",
                            "character":"dangermouse",
                            "timeTarget":35,
                            "complete":false,
                            "unlocked":false,
                            "time":0,
                            "score":0,
                            "starRating":0
                        },
                        {
                            "id":"DM_Story3_Chapter2_Level3",
                            "name":"level 3",
                            "skin":"quark",
                            "character":"dangermouse",
                            "timeTarget":44,
                            "complete":false,
                            "unlocked":false,
                            "time":0,
                            "score":0,
                            "starRating":0
                        },
                        {
                            "id":"DM_Story3_Chapter2_Level4",
                            "name":"level 4",
                            "skin":"quark",
                            "character":"penfold",
                            "timeTarget":35,
                            "complete":false,
                            "unlocked":false,
                            "time":0,
                            "score":0,
                            "starRating":0
                        },
                        {
                            "id":"DM_Story3_Chapter2_Level5",
                            "name":"level 5",
                            "skin":"quark",
                            "character":"dangermouse",
                            "timeTarget":47,
                            "complete":false,
                            "unlocked":false,
                            "time":0,
                            "score":0,
                            "starRating":0
                        },
                        {
                            "id":"DM_Story3_Chapter2_Level6_BOSS",
                            "name":"mecha boss",
                            "skin":"quark",
                            "character":"dangermouse",
                            "timeTarget":60,
                            "boss" : true,
                            "complete":false,
                            "unlocked":false,
                            "time":0,
                            "score":0,
                            "starRating":0
                        }
                    ],
                    "complete":false,
                    "unlocked":false
                }
            ]

        }
    ]
}
