{
    "basic":{
        "enemies":{
            "static":"sparks",
            "dynamic":"robot"
        },
        "visuals":{
            "background":"img/game/world1/world1_training_mid_bg.jpg",
            "leftWall":"training_side_tile.png",
            "rightWall":"training_side_tile.png",
            "spritesheet":[
                "img/game/world1/training_world1.json",
                "img/game/world1/w1_robot.json"
            ],
            "wallOffset":-125,
            "speed":0.9
        }
    },
    "global_warning":{
        "enemies":{
            "static":"urchin",
            "dynamic":"prawnopus"
        },
        "visuals":{
            "horizon":"img/game/world2/world2_far_bg.jpg",
            "background":"img/game/world2/world2.png",
            "leftWall":"side_tile_block_left.png",
            "rightWall":"side_tile_block_right.png",
            "wallOffset":-90,
            "spritesheet":[
                "img/game/world2/world_2.json"
            ],
            "speed":0.6
        }
    },
    "loo_topia":{
        "enemies":{
            "static":"toxic",
            "dynamic":"toilet"
        },
        "visuals":{
            "background":"img/game/world3/world3_sewer_mid_bg.jpg",
            "leftWall":"sewer_edge_tile.png",
            "wallOffset":-145,
            "rightWall":"sewer_edge_tile.png",
            "spritesheet":[
                "img/game/world3/sewer_world3.json",
                "img/game/world3/loocifer.json"
            ],
            "speed":0.8
        }
    },
    "new_york":{
        "enemies":{
            "static":"banana",
            "dynamic":"robot_gold"
        },
        "visuals":{
            "horizon":"img/game/world4/ny_background.jpg",
            "background":"img/game/world4/ny_building.png",
            "leftWall":"NY_worldend_L.png",
            "rightWall":"side_tile_block_right.png",
            "wallOffset":-295,
            "spritesheet":[
                "img/game/world4/ny_assets.json"
            ],
            "speed":0.8
        }
    },
    "moon":{
        "enemies":{
            "static":"mine",
            "dynamic":"robot"
        },
        "visuals":{
            "horizon":"img/game/world5/world5_moonbase_far_bg.jpg",
            "background":"img/game/world5/world5_moonbase_mid_bg.png",
            "leftWall":"MB_levelEnd.png",
            "rightWall":"MB_levelEnd.png",
            "spritesheet":[
                "img/game/world5/w5_moonbase.json",
                "img/game/world1/w1_robot.json"
            ],
            "wallOffset":-100,
            "speed":0.6
        }
    },
    "pink_dawn":{
        "enemies":{
            "static":"saw",
            "dynamic":"teddybear"
        },
        "visuals":{
            "horizon":"img/game/story2/chapter1/story2_chapter1_far_bg.jpg",
            "background":"img/game/story2/chapter1/story2_chapter1.png",
            "leftWall":"border_left.png",
            "rightWall":"border_right.png",
            "wallOffset":-90,
            "spritesheet":[
                "img/game/story2/chapter1/story2_chapter_1.json"
            ],
            "speed":0.6
        }
    },
    "danger_fan" : {
        "enemies":{
            "static":"spikes",
            "dynamic":"knockoff"
        },
        "visuals":{
            "background":"img/game/story2/chapter2/story2_chapter2_far_bg.jpg",
            "leftWall":"border_left.png",
            "rightWall":"border_right.png",
            "wallOffset":-500,
            "spritesheet":[
                "img/game/story2/chapter2/story2_chapter2.json"
            ],
            "speed":0.8
        }
    },
    "quark" : {
        "enemies":{
            "static":"plant",
            "dynamic":"knockoff"
        },
        "visuals":{
            "horizon":"img/game/story3/chapter2/space_bg_back.png",
            "background":"img/game/story3/chapter2/space_bg_mid.png",
            "leftWall":"border_left_space.png",
            "rightWall":"border_right_space.png",
            "wallOffset":-775,
            "spritesheet":[
                "img/game/story3/chapter2/story3_chapter2.json",
                "img/game/story3/chapter2/story3_chapter2_borders.json"
            ],
            "speed":0.8
        }
    },
    "truth_hurz":{
        "enemies":{
            "static":"orb",
            "dynamic":"minion"
        },
        "visuals":{
            "horizon":"img/game/story3/chapter1/story3_chapter1_farbg.jpg",
            "background":"img/game/story3/chapter1/story3_chapter1_midbg.png",
            "leftWall":"border_hurtz_left.png",
            "wallOffset":-165,
            "rightWall":"border_hurtz_right.png",
            "spritesheet":[
                "img/game/story3/chapter1/story3_chapter1.json",
                "img/game/story3/chapter1/megahurz.json"
            ],
            "speed":0.8
        }
    }
}
