{
	"alpha": {
		"start": 1,
		"end": 0
	},
	"scale": {
		"start": 0.5,
		"end": 2,
		"minimumScaleMultiplier": 2
	},
	"color": {
		"start": "#ffffff",
		"end": "#ffffff"
	},
	"speed": {
		"start": 800,
		"end": 0
	},
	"acceleration": {
		"x": 0,
		"y": 0
	},
	"startRotation": {
		"min": 70,
		"max": 110
	},
	"rotationSpeed": {
		"min": -360,
		"max": 360
	},
	"lifetime": {
		"min": 0.8,
		"max": 1
	},
	"blendMode": "add",
	"frequency": 0.05,
	"emitterLifetime": 0.2,
	"maxParticles": 640,
	"pos": {
		"x": 0,
		"y": 0
	},
	"addAtBack": true,
	"spawnType": "burst",
	"particlesPerWave": 30,
	"particleSpacing": 30,
	"angleStart": 180
}