{
	"alpha": {
		"start": 1,
		"end": 0
	},
	"scale": {
		"start": 0.4,
		"end": 2,
		"minimumScaleMultiplier": 3
	},
	"color": {
		"start": "#0051ff",
		"end": "#c4f7ff"
	},
	"speed": {
		"start": 50,
		"end": 0
	},
	"acceleration": {
		"x": -100,
		"y": -100
	},
	"startRotation": {
		"min": 270,
		"max": 270
	},
	"rotationSpeed": {
		"min": 90,
		"max": 560
	},
	"lifetime": {
		"min": 1,
		"max": 3
	},
	"blendMode": "add",
	"frequency": 0.001,
	"emitterLifetime": 1,
	"maxParticles": 100,
	"pos": {
		"x": 0,
		"y": 0
	},
	"addAtBack": true,
	"spawnType": "ring",
	"spawnCircle": {
		"x": 0,
		"y": 0,
		"r": 60,
		"minR": 40
	}
}