{
	"alpha": {
		"start": 1,
		"end": 1
	},
	"scale": {
		"start": 2,
		"end": 0.5,
		"minimumScaleMultiplier": 1
	},
	"color": {
		"start": "#ffffff",
		"end": "#fff700"
	},
	"speed": {
		"start": 600,
		"end": 400
	},
	"acceleration": {
		"x": 0,
		"y": 0
	},
	"startRotation": {
		"min": 230,
		"max": 260
	},
	"rotationSpeed": {
		"min": -50,
		"max": 50
	},
	"lifetime": {
		"min": 0.3,
		"max": 0.5
	},
	"blendMode": "normal",
	"frequency": 0.001,
	"emitterLifetime": -1,
	"maxParticles": 12,
	"pos": {
		"x": 0,
		"y": 0
	},
	"addAtBack": false,
	"spawnType": "rect",
	"spawnRect": {
		"x": -60,
		"y": -20,
		"w": 120,
		"h": 20
	}
}