{
	"alpha": {
		"start": 1,
		"end": 1
	},
	"scale": {
		"start": 1.5,
		"end": 0.1,
		"minimumScaleMultiplier": 2
	},
	"color": {
		"start": "#8cff00",
		"end": "#039433"
	},
	"speed": {
		"start": 0,
		"end": 0
	},
	"acceleration": {
		"x": 0,
		"y": -100
	},
	"startRotation": {
		"min": 0,
		"max": 360
	},
	"rotationSpeed": {
		"min": 0,
		"max": 180
	},
	"lifetime": {
		"min": 0.5,
		"max": 2
	},
	"blendMode": "multiply",
	"frequency": 0.1,
	"emitterLifetime": -1,
	"maxParticles": 50,
	"pos": {
		"x": 0,
		"y": 0
	},
	"addAtBack": false,
	"spawnType": "circle",
	"spawnCircle": {
		"x": 0,
		"y": 0,
		"r": 80
	}
}