{"name":"overflow2","layers":[{"name":"beauty","depth":-3,"paths":[],"objects":[{"id":"bin_02","texture":"theme_002_scenery_bin","anchor":{"x":0.5,"y":1},"scale":{"x":1,"y":1},"rotation":6,"depth":0,"data":"","position":{"x":3173,"y":-1362}},{"id":"posts_02","texture":"theme_002_scenery_posts","anchor":{"x":0.5,"y":1},"scale":{"x":1,"y":1},"rotation":0,"depth":0,"data":"","position":{"x":2559,"y":-1360}},{"id":"support02_02","texture":"theme_002_scenery_support_002","anchor":{"x":0.5,"y":1},"scale":{"x":1.5,"y":1.5},"rotation":0,"depth":0,"data":"","position":{"x":849,"y":154}},{"id":"support01_02","texture":"theme_002_scenery_support_001","anchor":{"x":0.5,"y":1},"scale":{"x":1.4,"y":1.4},"rotation":-12,"depth":0,"data":"","position":{"x":2947,"y":-329}},{"id":"support02_02","texture":"theme_002_scenery_support_002","anchor":{"x":0.5,"y":1},"scale":{"x":1,"y":1},"rotation":0,"depth":0,"data":"","position":{"x":6797,"y":-949}},{"id":"support02_02","texture":"theme_002_scenery_support_002","anchor":{"x":0.5,"y":1},"scale":{"x":0.9,"y":0.9},"rotation":8,"depth":0,"data":"","position":{"x":7621,"y":-974}},{"id":"support02_02","texture":"theme_002_scenery_support_002","anchor":{"x":0.5,"y":1},"scale":{"x":0.8,"y":0.8},"rotation":0,"depth":0,"data":"","position":{"x":8511,"y":-964}},{"id":"support02_02","texture":"theme_002_scenery_support_002","anchor":{"x":0.5,"y":1},"scale":{"x":1,"y":1},"rotation":0,"depth":0,"data":"","position":{"x":1494,"y":-584}},{"id":"support02_02","texture":"theme_002_scenery_support_002","anchor":{"x":0.5,"y":1},"scale":{"x":1.5,"y":1.5},"rotation":-10,"depth":0,"data":"","position":{"x":4353,"y":-600}},{"id":"sign_02","texture":"theme_002_scenery_sign","anchor":{"x":0.5,"y":1},"scale":{"x":1,"y":1},"rotation":-5,"depth":0,"data":"","position":{"x":1537,"y":-1249}},{"id":"sign_02","texture":"theme_002_scenery_sign","anchor":{"x":0.5,"y":1},"scale":{"x":1,"y":1},"rotation":0,"depth":0,"data":"","position":{"x":9792,"y":-3590}},{"id":"support01_02","texture":"theme_002_scenery_support_001","anchor":{"x":0.5,"y":1},"scale":{"x":1,"y":1},"rotation":0,"depth":0,"data":"","position":{"x":1928,"y":147}},{"id":"posts_02","texture":"theme_002_scenery_posts","anchor":{"x":0.5,"y":1},"scale":{"x":1,"y":1},"rotation":0,"depth":0,"data":"","position":{"x":2901,"y":-1359}},{"id":"shrubs_02","texture":"theme_002_scenery_shrubs","anchor":{"x":0.5,"y":1},"scale":{"x":1.4,"y":1.4},"rotation":0,"depth":-1,"data":"","position":{"x":3040,"y":-1359}},{"id":"shrubs_02","texture":"theme_002_scenery_shrubs","anchor":{"x":0.5,"y":1},"scale":{"x":1,"y":1},"rotation":4,"depth":0,"data":"","position":{"x":1042,"y":-783}},{"id":"shrubs_02","texture":"theme_002_scenery_shrubs","anchor":{"x":0.5,"y":1},"scale":{"x":1,"y":1},"rotation":0,"depth":0,"data":"","position":{"x":4724,"y":-624}},{"id":"support02_02","texture":"theme_002_scenery_support_002","anchor":{"x":0.5,"y":1},"scale":{"x":0.7,"y":0.7},"rotation":0,"depth":0,"data":"","position":{"x":9706,"y":-959}},{"id":"bin_02","texture":"theme_002_scenery_bin","anchor":{"x":0.5,"y":1},"scale":{"x":1,"y":1},"rotation":0,"depth":0,"data":"","position":{"x":8602,"y":-3566}},{"id":"bin_02","texture":"theme_002_scenery_bin","anchor":{"x":0.5,"y":1},"scale":{"x":1,"y":1},"rotation":0,"depth":0,"data":"","position":{"x":11518,"y":-4093}},{"id":"bin_02","texture":"theme_002_scenery_bin","anchor":{"x":0.5,"y":1},"scale":{"x":1,"y":1},"rotation":0,"depth":0,"data":"","position":{"x":10019,"y":-982}},{"id":"bin_02","texture":"theme_002_scenery_bin","anchor":{"x":0.5,"y":1},"scale":{"x":1,"y":1},"rotation":0,"depth":0,"data":"","position":{"x":4537,"y":-620}},{"id":"bin_02","texture":"theme_002_scenery_bin","anchor":{"x":0.5,"y":1},"scale":{"x":1,"y":1},"rotation":6,"depth":0,"data":"","position":{"x":-666,"y":-351}},{"id":"posts_02","texture":"theme_002_scenery_posts","anchor":{"x":0.5,"y":1},"scale":{"x":1,"y":1},"rotation":-3,"depth":0,"data":"","position":{"x":1268,"y":137}},{"id":"posts_02","texture":"theme_002_scenery_posts","anchor":{"x":0.5,"y":1},"scale":{"x":1,"y":1},"rotation":15,"depth":-1,"data":"","position":{"x":769,"y":-837}},{"id":"posts_02","texture":"theme_002_scenery_posts","anchor":{"x":0.5,"y":1},"scale":{"x":1,"y":1},"rotation":-21,"depth":0,"data":"","position":{"x":5069,"y":-706}},{"id":"posts_02","texture":"theme_002_scenery_posts","anchor":{"x":0.5,"y":1},"scale":{"x":1,"y":1},"rotation":0,"depth":0,"data":"","position":{"x":9663,"y":-3595}},{"id":"shrubs_02","texture":"theme_002_scenery_shrubs","anchor":{"x":0.5,"y":1},"scale":{"x":1,"y":1},"rotation":0,"depth":0,"data":"","position":{"x":10540,"y":-979}},{"id":"wall_02","texture":"theme_002_scenery_wall","anchor":{"x":0.5,"y":1},"scale":{"x":1,"y":1},"rotation":0,"depth":0,"data":"","position":{"x":10313,"y":-975}},{"id":"shrubs_02","texture":"theme_002_scenery_shrubs","anchor":{"x":0.5,"y":1},"scale":{"x":1,"y":1},"rotation":0,"depth":0,"data":"","position":{"x":10333,"y":-3801}},{"id":"wall_02","texture":"theme_002_scenery_wall","anchor":{"x":0.5,"y":1},"scale":{"x":1,"y":1},"rotation":-5,"depth":0,"data":"","position":{"x":6079,"y":-3433}},{"id":"wall_02","texture":"theme_002_scenery_wall","anchor":{"x":0.5,"y":1},"scale":{"x":1,"y":1},"rotation":-7,"depth":0,"data":"","position":{"x":1967,"y":-598}},{"id":"wall_02","texture":"theme_002_scenery_wall","anchor":{"x":0.5,"y":1},"scale":{"x":1,"y":1},"rotation":4,"depth":0,"data":"","position":{"x":-1279,"y":-378}},{"id":"sign_02","texture":"theme_002_scenery_sign","anchor":{"x":0.5,"y":1},"scale":{"x":1,"y":1},"rotation":-5,"depth":0,"data":"","position":{"x":3602,"y":-1640}}]},{"name":"obstacles","depth":-2,"paths":[],"objects":[{"id":"teleport_02","texture":"theme_002_obstacle_teleport_off","anchor":{"x":0.5,"y":1},"scale":{"x":1,"y":1},"rotation":0,"depth":0,"data":"{ \"in\":2,\"out\":2 }","position":{"x":6343,"y":-3434}},{"id":"hint","texture":"hint","anchor":{"x":0.5,"y":0.5},"scale":{"x":3.5,"y":3.5},"rotation":0,"depth":0,"data":"{ \"id\" : \"overflow\" }","position":{"x":640,"y":-79}},{"id":"teleport_02","texture":"theme_002_obstacle_teleport_off","anchor":{"x":0.5,"y":1},"scale":{"x":1,"y":1},"rotation":-5,"depth":0,"data":"{ \"in\":1,\"out\":2 }","position":{"x":4426,"y":-1832}},{"id":"level_end","texture":"level_end","anchor":{"x":0.5,"y":0.5},"scale":{"x":2.6,"y":2.6},"rotation":0,"depth":0,"data":"","position":{"x":9098,"y":-1125}},{"id":"teleport_02","texture":"theme_002_obstacle_teleport_off","anchor":{"x":0.5,"y":1},"scale":{"x":1,"y":1},"rotation":-3,"depth":0,"data":"{ \"in\":3,\"out\":4 }","position":{"x":12826,"y":-4466}},{"id":"level_gameover","texture":"level_gameover","anchor":{"x":0.5,"y":0.5},"scale":{"x":5,"y":5},"rotation":0,"depth":0,"data":"","position":{"x":10069,"y":-2972}},{"id":"level_gameover","texture":"level_gameover","anchor":{"x":0.5,"y":0.5},"scale":{"x":5,"y":5},"rotation":0,"depth":0,"data":"","position":{"x":11334,"y":-3115}},{"id":"level_gameover","texture":"level_gameover","anchor":{"x":0.5,"y":0.5},"scale":{"x":7.9,"y":7.9},"rotation":0,"depth":0,"data":"","position":{"x":13425,"y":-3537}},{"id":"finish_01","texture":"theme_001_obstacle_finish","anchor":{"x":0.5,"y":1},"scale":{"x":1,"y":1},"rotation":0,"depth":0,"data":"","position":{"x":8854,"y":-971}},{"id":"teleport_01","texture":"theme_001_obstacle_teleport_off","anchor":{"x":0.5,"y":1},"scale":{"x":1,"y":1},"rotation":4,"depth":0,"data":"{ \"in\":4,\"out\":4 }","position":{"x":416,"y":-898}},{"id":"gate_red02","texture":"theme_002_obstacle_gate_red_closed","anchor":{"x":0.5,"y":1},"scale":{"x":1,"y":1},"rotation":0,"depth":0,"data":"","position":{"x":6097,"y":-981}},{"id":"hint","texture":"hint","anchor":{"x":0.5,"y":0.5},"scale":{"x":3,"y":3},"rotation":0,"depth":0,"data":"{ \"id\" : \"overflow\" }","position":{"x":2508,"y":-1549}},{"id":"fire_on_02","texture":"theme_002_obstacle_flame_on","anchor":{"x":0.5,"y":1},"scale":{"x":1,"y":1},"rotation":0,"depth":0,"data":"","position":{"x":892,"y":146}},{"id":"fire_on_02","texture":"theme_002_obstacle_flame_on","anchor":{"x":0.5,"y":1},"scale":{"x":1,"y":1},"rotation":-3,"depth":0,"data":"","position":{"x":1810,"y":105}},{"id":"fire_on_02","texture":"theme_002_obstacle_flame_on","anchor":{"x":0.5,"y":1},"scale":{"x":1,"y":1},"rotation":0,"depth":0,"data":"","position":{"x":1723,"y":-578}},{"id":"fire_on_02","texture":"theme_002_obstacle_flame_on","anchor":{"x":0.5,"y":1},"scale":{"x":1,"y":1},"rotation":0,"depth":0,"data":"","position":{"x":3349,"y":-389}},{"id":"fire_on_02","texture":"theme_002_obstacle_flame_on","anchor":{"x":0.5,"y":1},"scale":{"x":1,"y":1},"rotation":0,"depth":0,"data":"","position":{"x":7243,"y":-991}},{"id":"fire_on_02","texture":"theme_002_obstacle_flame_on","anchor":{"x":0.5,"y":1},"scale":{"x":1,"y":1},"rotation":0,"depth":0,"data":"","position":{"x":8102,"y":-989}},{"id":"spike01_02","texture":"theme_002_obstacle_spike_small_off","anchor":{"x":0.5,"y":1},"scale":{"x":1,"y":1},"rotation":-7,"depth":0,"data":"","position":{"x":7979,"y":-3520}},{"id":"spike01_02","texture":"theme_002_obstacle_spike_small_off","anchor":{"x":0.5,"y":1},"scale":{"x":1,"y":1},"rotation":0,"depth":0,"data":"","position":{"x":9049,"y":-3591}},{"id":"spike01_02","texture":"theme_002_obstacle_spike_small_off","anchor":{"x":0.5,"y":1},"scale":{"x":1,"y":1},"rotation":0,"depth":0,"data":"","position":{"x":10633,"y":-3805}}]},{"name":"platforms","depth":0,"paths":[{"closed":false,"depth":0,"collisions":1,"texFill":"theme_02_fill","texGround":"theme_02_ground","texGroundEdge":"theme_02_ground_edge","texWall":"theme_02_wall","texFillPadding":512,"texFillSize":256,"texGroundSize":160,"texGroundDelta":0.4,"texWallSize":160,"texWallDelta":0.1,"texWallAngle":70,"texGroundEdgeSide":"","data":"","points":[{"x":-2448,"y":880},{"x":-2464,"y":560},{"x":-2448,"y":-1280},{"x":-2448,"y":-1312},{"x":-1744,"y":-1312},{"x":-1632,"y":-1312},{"x":-1408,"y":-1312},{"x":-1312,"y":-1424},{"x":-1392,"y":-368},{"x":-1360,"y":-368},{"x":-1056,"y":-368},{"x":-1264,"y":-336},{"x":-688,"y":-336},{"x":-320,"y":-336},{"x":-384,"y":176},{"x":-32,"y":176},{"x":432,"y":176},{"x":432,"y":160},{"x":912,"y":160},{"x":1584,"y":160},{"x":1584,"y":112},{"x":2256,"y":112},{"x":2480,"y":112},{"x":2480,"y":-272},{"x":2688,"y":-272},{"x":2960,"y":-272},{"x":2960,"y":-368},{"x":3248,"y":-368},{"x":3936,"y":-368},{"x":3936,"y":-608},{"x":4624,"y":-608},{"x":5152,"y":-608},{"x":5152,"y":-832},{"x":5680,"y":-832},{"x":5872,"y":-832},{"x":5872,"y":-976},{"x":6048,"y":-976},{"x":6176,"y":-976},{"x":10512,"y":-960},{"x":10640,"y":-960}],"bounds":[-2464,10640]},{"closed":true,"depth":0,"collisions":1,"texFill":"theme_02_fill","texGround":"theme_02_ground","texGroundEdge":"theme_02_ground_edge","texWall":"theme_02_wall","texFillPadding":512,"texFillSize":256,"texGroundSize":160,"texGroundDelta":0.45,"texWallSize":160,"texWallDelta":0.1,"texWallAngle":70,"texGroundEdgeSide":"","data":"","points":[{"x":320,"y":-880},{"x":720,"y":-896},{"x":832,"y":-736},{"x":1120,"y":-752},{"x":1104,"y":-752},{"x":1024,"y":-544},{"x":1008,"y":-544},{"x":864,"y":-544},{"x":864,"y":-432},{"x":704,"y":-432},{"x":544,"y":-432},{"x":544,"y":-608},{"x":400,"y":-608},{"x":352,"y":-608},{"x":352,"y":-880},{"x":304,"y":-880}],"bounds":[304,1120]},{"closed":true,"depth":0,"collisions":1,"texFill":"theme_02_fill","texGround":"theme_02_ground","texGroundEdge":"theme_02_ground_edge","texWall":"theme_02_wall","texFillPadding":512,"texFillSize":256,"texGroundSize":160,"texGroundDelta":0.4,"texWallSize":160,"texWallDelta":0.1,"texWallAngle":70,"texGroundEdgeSide":"","data":"","points":[{"x":1248,"y":-1136},{"x":1520,"y":-1136},{"x":1824,"y":-1504},{"x":2096,"y":-1504},{"x":2048,"y":-1504},{"x":2000,"y":-960},{"x":1952,"y":-960},{"x":1824,"y":-960},{"x":1824,"y":-912},{"x":1696,"y":-912},{"x":1584,"y":-912},{"x":1584,"y":-1056},{"x":1472,"y":-1056},{"x":1488,"y":-1056},{"x":1248,"y":-1088},{"x":1248,"y":-1120}],"bounds":[1248,2096]},{"closed":true,"depth":0,"collisions":1,"texFill":"theme_02_fill","texGround":"theme_02_ground","texGroundEdge":"theme_02_ground_edge","texWall":"theme_02_wall","texFillPadding":512,"texFillSize":256,"texGroundSize":160,"texGroundDelta":0.35,"texWallSize":160,"texWallDelta":0.1,"texWallAngle":70,"texGroundEdgeSide":"","data":"","points":[{"x":1440,"y":-592},{"x":1856,"y":-512},{"x":2032,"y":-656},{"x":2336,"y":-592},{"x":2320,"y":-480},{"x":2176,"y":-224},{"x":2064,"y":-256},{"x":1888,"y":-256},{"x":1888,"y":-192},{"x":1712,"y":-192},{"x":1600,"y":-192},{"x":1600,"y":-352},{"x":1504,"y":-352},{"x":1472,"y":-352},{"x":1456,"y":-544},{"x":1440,"y":-576}],"bounds":[1440,2336]},{"closed":true,"depth":0,"collisions":1,"texFill":"theme_02_fill","texGround":"theme_02_ground","texGroundEdge":"theme_02_ground_edge","texWall":"theme_02_wall","texFillPadding":512,"texFillSize":256,"texGroundSize":160,"texGroundDelta":0.4,"texWallSize":160,"texWallDelta":0.1,"texWallAngle":70,"texGroundEdgeSide":"","data":"","points":[{"x":2384,"y":-1344},{"x":2768,"y":-1344},{"x":2768,"y":-1344},{"x":3152,"y":-1344},{"x":3104,"y":-1344},{"x":3104,"y":-1008},{"x":3056,"y":-1008},{"x":2880,"y":-1008},{"x":2880,"y":-848},{"x":2704,"y":-848},{"x":2560,"y":-848},{"x":2576,"y":-912},{"x":2432,"y":-912},{"x":2400,"y":-912},{"x":2400,"y":-1328},{"x":2368,"y":-1328}],"bounds":[2368,3152]},{"closed":true,"depth":0,"collisions":1,"texFill":"theme_02_fill","texGround":"theme_02_ground","texGroundEdge":"theme_02_ground_edge","texWall":"theme_02_wall","texFillPadding":512,"texFillSize":256,"texGroundSize":160,"texGroundDelta":0.3,"texWallSize":160,"texWallDelta":0.1,"texWallAngle":70,"texGroundEdgeSide":"","data":"","points":[{"x":3424,"y":-1632},{"x":3904,"y":-1632},{"x":4048,"y":-1840},{"x":4544,"y":-1840},{"x":4480,"y":-1840},{"x":4480,"y":-1264},{"x":4416,"y":-1264},{"x":4160,"y":-1264},{"x":4160,"y":-1120},{"x":3888,"y":-1120},{"x":3744,"y":-1120},{"x":3744,"y":-1408},{"x":3600,"y":-1408},{"x":3584,"y":-1408},{"x":3456,"y":-1616},{"x":3424,"y":-1616}],"bounds":[3424,4544]},{"closed":true,"depth":0,"collisions":1,"texFill":"theme_02_fill","texGround":"theme_02_ground","texGroundEdge":"theme_02_ground_edge","texWall":"theme_02_wall","texFillPadding":512,"texFillSize":256,"texGroundSize":160,"texGroundDelta":0.35,"texWallSize":160,"texWallDelta":0.1,"texWallAngle":70,"texGroundEdgeSide":"","data":"","points":[{"x":5056,"y":-2560},{"x":5312,"y":-2720},{"x":5296,"y":-2976},{"x":5504,"y":-3120},{"x":5552,"y":-2800},{"x":5568,"y":-2512},{"x":5488,"y":-2480},{"x":5376,"y":-2432},{"x":5264,"y":-2224},{"x":5152,"y":-2224},{"x":5120,"y":-2224},{"x":4832,"y":-2160},{"x":4800,"y":-2304},{"x":4800,"y":-2336},{"x":4800,"y":-2368},{"x":4800,"y":-2368},{"x":4864,"y":-2368},{"x":4976,"y":-2368},{"x":5056,"y":-2368},{"x":5056,"y":-2416},{"x":5056,"y":-2512},{"x":5056,"y":-2544}],"bounds":[4800,5568]},{"closed":true,"depth":0,"collisions":1,"texFill":"theme_02_fill","texGround":"theme_02_ground","texGroundEdge":"theme_02_ground_edge","texWall":"theme_02_wall","texFillPadding":512,"texFillSize":256,"texGroundSize":160,"texGroundDelta":0.3,"texWallSize":160,"texWallDelta":0.1,"texWallAngle":70,"texGroundEdgeSide":"","data":"","points":[{"x":6192,"y":-3440},{"x":8160,"y":-3440},{"x":7904,"y":-3600},{"x":9856,"y":-3600},{"x":9792,"y":-464},{"x":10560,"y":-3184},{"x":10464,"y":-1280},{"x":8496,"y":-1280},{"x":7792,"y":-1440},{"x":5920,"y":-1440},{"x":5936,"y":-1440},{"x":5920,"y":-3360},{"x":5920,"y":-3408},{"x":5936,"y":-3408},{"x":5952,"y":-3440},{"x":6128,"y":-3440},{"x":6144,"y":-3440},{"x":6160,"y":-3440},{"x":6176,"y":-3440}],"bounds":[5920,10560]},{"closed":true,"depth":-1,"collisions":1,"texFill":"theme_02_fill","texGround":"theme_02_ground","texGroundEdge":"theme_02_ground_edge","texWall":"theme_02_wall","texFillPadding":512,"texFillSize":256,"texGroundSize":160,"texGroundDelta":0.25,"texWallSize":160,"texWallDelta":0.1,"texWallAngle":70,"texGroundEdgeSide":"","data":"","points":[{"x":10224,"y":-3808},{"x":10624,"y":-3808},{"x":10608,"y":-3808},{"x":10992,"y":-3808},{"x":10992,"y":-3584},{"x":11024,"y":-2528},{"x":11024,"y":-2304},{"x":10928,"y":-2160},{"x":10400,"y":-2224},{"x":10256,"y":-2304},{"x":10256,"y":-2416},{"x":10272,"y":-3728},{"x":10208,"y":-3728}],"bounds":[10208,11024]},{"closed":true,"depth":0,"collisions":1,"texFill":"theme_02_fill","texGround":"theme_02_ground","texGroundEdge":"theme_02_ground_edge","texWall":"theme_02_wall","texFillPadding":512,"texFillSize":256,"texGroundSize":160,"texGroundDelta":0.45,"texWallSize":160,"texWallDelta":0.1,"texWallAngle":70,"texGroundEdgeSide":"","data":"","points":[{"x":11408,"y":-4064},{"x":12064,"y":-4048},{"x":12128,"y":-4448},{"x":12944,"y":-4448},{"x":13504,"y":-4448},{"x":13136,"y":-3360},{"x":13008,"y":-3168},{"x":12896,"y":-2912},{"x":11568,"y":-2480},{"x":11568,"y":-2688},{"x":11568,"y":-2944},{"x":11568,"y":-4048},{"x":11392,"y":-4048}],"bounds":[11392,13504]}],"objects":[]},{"name":"enemies","depth":1,"paths":[],"objects":[{"id":"mascot_02","texture":"mascot_02","anchor":{"x":0.5,"y":1},"scale":{"x":1,"y":1},"rotation":0,"depth":1,"data":"{ \"left\": 300, \"right\": 300, \"fireRate\" : 2, \"fireRateVariability\" : 60 }","position":{"x":2892,"y":-1359}}]},{"name":"pickups","depth":2,"paths":[],"objects":[{"id":"coin","texture":"pick_up","anchor":{"x":0.5,"y":0.5},"scale":{"x":1,"y":1},"rotation":0,"depth":0,"data":"","position":{"x":4070,"y":-1944}},{"id":"coin","texture":"pick_up","anchor":{"x":0.5,"y":0.5},"scale":{"x":1,"y":1},"rotation":0,"depth":0,"data":"","position":{"x":12474,"y":-4555}},{"id":"coin","texture":"pick_up","anchor":{"x":0.5,"y":0.5},"scale":{"x":1,"y":1},"rotation":0,"depth":0,"data":"","position":{"x":7476,"y":-1128}},{"id":"coin","texture":"pick_up","anchor":{"x":0.5,"y":0.5},"scale":{"x":1,"y":1},"rotation":0,"depth":0,"data":"","position":{"x":6982,"y":-1136}},{"id":"coin","texture":"pick_up","anchor":{"x":0.5,"y":0.5},"scale":{"x":1,"y":1},"rotation":0,"depth":0,"data":"","position":{"x":7839,"y":-1110}},{"id":"key_red","texture":"key_red_radial","anchor":{"x":0.5,"y":0.5},"scale":{"x":1,"y":1},"rotation":0,"depth":0,"data":"","position":{"x":7048,"y":-3627}},{"id":"sumocard","texture":"pick_up_card","anchor":{"x":0.5,"y":0.5},"scale":{"x":1,"y":1},"rotation":0,"depth":0,"data":"","position":{"x":4882,"y":-2539}},{"id":"coin","texture":"pick_up","anchor":{"x":0.5,"y":0.5},"scale":{"x":1,"y":1},"rotation":0,"depth":0,"data":"","position":{"x":3823,"y":-1842}},{"id":"coin","texture":"pick_up","anchor":{"x":0.5,"y":0.5},"scale":{"x":1,"y":1},"rotation":0,"depth":0,"data":"","position":{"x":1939,"y":-1645}},{"id":"time","texture":"pick_up_time","anchor":{"x":0.5,"y":0.5},"scale":{"x":1,"y":1},"rotation":0,"depth":0,"data":"","position":{"x":12808,"y":-4601}},{"id":"coin","texture":"pick_up","anchor":{"x":0.5,"y":0.5},"scale":{"x":1,"y":1},"rotation":0,"depth":0,"data":"","position":{"x":2187,"y":-752}},{"id":"time","texture":"pick_up_time","anchor":{"x":0.5,"y":0.5},"scale":{"x":1,"y":1},"rotation":0,"depth":0,"data":"","position":{"x":6373,"y":-1166}},{"id":"coin","texture":"pick_up","anchor":{"x":0.5,"y":0.5},"scale":{"x":1,"y":1},"rotation":0,"depth":0,"data":"","position":{"x":1088,"y":-900}},{"id":"time","texture":"pick_up_time","anchor":{"x":0.5,"y":0.5},"scale":{"x":1,"y":1},"rotation":0,"depth":0,"data":"","position":{"x":2749,"y":-1506}},{"id":"coin","texture":"pick_up","anchor":{"x":0.5,"y":0.5},"scale":{"x":1,"y":1},"rotation":0,"depth":0,"data":"","position":{"x":1665,"y":-1515}},{"id":"coin","texture":"pick_up","anchor":{"x":0.5,"y":0.5},"scale":{"x":1,"y":1},"rotation":0,"depth":0,"data":"","position":{"x":1391,"y":-1350}},{"id":"coin","texture":"pick_up","anchor":{"x":0.5,"y":0.5},"scale":{"x":1,"y":1},"rotation":0,"depth":0,"data":"","position":{"x":5201,"y":-2972}},{"id":"coin","texture":"pick_up","anchor":{"x":0.5,"y":0.5},"scale":{"x":1,"y":1},"rotation":0,"depth":0,"data":"","position":{"x":5052,"y":-2747}},{"id":"coin","texture":"pick_up","anchor":{"x":0.5,"y":0.5},"scale":{"x":1,"y":1},"rotation":0,"depth":0,"data":"","position":{"x":8035,"y":-3690}},{"id":"time","texture":"pick_up_time","anchor":{"x":0.5,"y":0.5},"scale":{"x":1,"y":1},"rotation":0,"depth":0,"data":"","position":{"x":-1059,"y":-530}},{"id":"coin","texture":"pick_up","anchor":{"x":0.5,"y":0.5},"scale":{"x":1,"y":1},"rotation":0,"depth":0,"data":"","position":{"x":7903,"y":-3690}},{"id":"coin","texture":"pick_up","anchor":{"x":0.5,"y":0.5},"scale":{"x":1,"y":1},"rotation":0,"depth":0,"data":"","position":{"x":11734,"y":-4322}},{"id":"coin","texture":"pick_up","anchor":{"x":0.5,"y":0.5},"scale":{"x":1,"y":1},"rotation":0,"depth":0,"data":"","position":{"x":12128,"y":-4443}},{"id":"coin","texture":"pick_up","anchor":{"x":0.5,"y":0.5},"scale":{"x":1,"y":1},"rotation":0,"depth":0,"data":"","position":{"x":5358,"y":-3199}},{"id":"coin","texture":"pick_up","anchor":{"x":0.5,"y":0.5},"scale":{"x":1,"y":1},"rotation":0,"depth":0,"data":"","position":{"x":7968,"y":-3797}},{"id":"coin","texture":"pick_up","anchor":{"x":0.5,"y":0.5},"scale":{"x":1,"y":1},"rotation":0,"depth":0,"data":"","position":{"x":8982,"y":-3718}},{"id":"coin","texture":"pick_up","anchor":{"x":0.5,"y":0.5},"scale":{"x":1,"y":1},"rotation":0,"depth":0,"data":"","position":{"x":9097,"y":-3718}},{"id":"coin","texture":"pick_up","anchor":{"x":0.5,"y":0.5},"scale":{"x":1,"y":1},"rotation":0,"depth":0,"data":"","position":{"x":9047,"y":-3826}},{"id":"coin","texture":"pick_up","anchor":{"x":0.5,"y":0.5},"scale":{"x":1,"y":1},"rotation":0,"depth":0,"data":"","position":{"x":882,"y":-953}},{"id":"coin","texture":"pick_up","anchor":{"x":0.5,"y":0.5},"scale":{"x":1,"y":1},"rotation":0,"depth":0,"data":"","position":{"x":702,"y":-1020}},{"id":"coin","texture":"pick_up","anchor":{"x":0.5,"y":0.5},"scale":{"x":1,"y":1},"rotation":0,"depth":0,"data":"","position":{"x":2315,"y":-739}},{"id":"coin","texture":"pick_up","anchor":{"x":0.5,"y":0.5},"scale":{"x":1,"y":1},"rotation":0,"depth":0,"data":"","position":{"x":3564,"y":-1773}},{"id":"coin","texture":"pick_up","anchor":{"x":0.5,"y":0.5},"scale":{"x":1,"y":1},"rotation":0,"depth":0,"data":"","position":{"x":2265,"y":-858}},{"id":"coin","texture":"pick_up","anchor":{"x":0.5,"y":0.5},"scale":{"x":1,"y":1},"rotation":0,"depth":0,"data":"","position":{"x":3885,"y":-648}},{"id":"coin","texture":"pick_up","anchor":{"x":0.5,"y":0.5},"scale":{"x":1,"y":1},"rotation":0,"depth":0,"data":"","position":{"x":4153,"y":-730}},{"id":"coin","texture":"pick_up","anchor":{"x":0.5,"y":0.5},"scale":{"x":1,"y":1},"rotation":0,"depth":0,"data":"","position":{"x":3603,"y":-555}},{"id":"coin","texture":"pick_up","anchor":{"x":0.5,"y":0.5},"scale":{"x":1,"y":1},"rotation":0,"depth":0,"data":"","position":{"x":5309,"y":-935}},{"id":"coin","texture":"pick_up","anchor":{"x":0.5,"y":0.5},"scale":{"x":1,"y":1},"rotation":0,"depth":0,"data":"","position":{"x":5537,"y":-982}},{"id":"coin","texture":"pick_up","anchor":{"x":0.5,"y":0.5},"scale":{"x":1,"y":1},"rotation":0,"depth":0,"data":"","position":{"x":5760,"y":-1046}},{"id":"coin","texture":"pick_up","anchor":{"x":0.5,"y":0.5},"scale":{"x":1,"y":1},"rotation":0,"depth":0,"data":"","position":{"x":1107,"y":-21}},{"id":"coin","texture":"pick_up","anchor":{"x":0.5,"y":0.5},"scale":{"x":1,"y":1},"rotation":0,"depth":0,"data":"","position":{"x":1364,"y":-36}},{"id":"coin","texture":"pick_up","anchor":{"x":0.5,"y":0.5},"scale":{"x":1,"y":1},"rotation":0,"depth":0,"data":"","position":{"x":1604,"y":-39}},{"id":"coin","texture":"pick_up","anchor":{"x":0.5,"y":0.5},"scale":{"x":1,"y":1},"rotation":0,"depth":0,"data":"","position":{"x":-510,"y":-473}},{"id":"coin","texture":"pick_up","anchor":{"x":0.5,"y":0.5},"scale":{"x":1,"y":1},"rotation":0,"depth":0,"data":"","position":{"x":-301,"y":-308}},{"id":"coin","texture":"pick_up","anchor":{"x":0.5,"y":0.5},"scale":{"x":1,"y":1},"rotation":0,"depth":0,"data":"","position":{"x":-783,"y":-528}},{"id":"coin","texture":"pick_up","anchor":{"x":0.5,"y":0.5},"scale":{"x":1,"y":1},"rotation":0,"depth":0,"data":"","position":{"x":8361,"y":-1102}},{"id":"time","texture":"pick_up_time","anchor":{"x":0.5,"y":0.5},"scale":{"x":1,"y":1},"rotation":0,"depth":0,"data":"","position":{"x":1730,"y":-794}},{"id":"time","texture":"pick_up_time","anchor":{"x":0.5,"y":0.5},"scale":{"x":1,"y":1},"rotation":0,"depth":0,"data":"","position":{"x":10631,"y":-3912}}]}],"length":8765}