{"name":"cannonbolt_1","layers":[{"name":"beauty","depth":-3,"paths":[],"objects":[{"id":"barrel03_01","texture":"theme_001_scenery_barrel_003","anchor":{"x":0.5,"y":1},"scale":{"x":1,"y":1},"rotation":-14,"depth":0,"data":"","position":{"x":14814,"y":425}},{"id":"barrel02_01","texture":"theme_001_scenery_barrel_002","anchor":{"x":0.5,"y":1},"scale":{"x":1,"y":1},"rotation":-36,"depth":0,"data":"","position":{"x":15609,"y":75}},{"id":"rock06_01","texture":"theme_001_scenery_rock_003","anchor":{"x":0.5,"y":1},"scale":{"x":1,"y":1},"rotation":0,"depth":0,"data":"","position":{"x":-2681,"y":-1045}},{"id":"cactus02_01","texture":"theme_001_scenery_cacti_002","anchor":{"x":0.5,"y":1},"scale":{"x":1,"y":1},"rotation":-5,"depth":0,"data":"","position":{"x":-203,"y":-772}},{"id":"cactus01_01","texture":"theme_001_scenery_cacti_001","anchor":{"x":0.5,"y":1},"scale":{"x":1,"y":1},"rotation":0,"depth":0,"data":"","position":{"x":-1532,"y":-498}},{"id":"barrel01_01","texture":"theme_001_scenery_barrel_001","anchor":{"x":0.5,"y":1},"scale":{"x":1,"y":1},"rotation":10,"depth":0,"data":"","position":{"x":777,"y":215}},{"id":"rock04_01","texture":"theme_001_scenery_rock_001","anchor":{"x":0.5,"y":1},"scale":{"x":1,"y":1},"rotation":0,"depth":0,"data":"","position":{"x":-267,"y":106}},{"id":"skull_01","texture":"theme_001_scenery_skull","anchor":{"x":0.5,"y":1},"scale":{"x":1,"y":1},"rotation":17,"depth":1,"data":"","position":{"x":-2428,"y":-260}},{"id":"rock07_01","texture":"theme_001_scenery_rock_004","anchor":{"x":0.5,"y":1},"scale":{"x":1,"y":1},"rotation":48,"depth":-1,"data":"","position":{"x":-2649,"y":-1103}},{"id":"cactus02_01","texture":"theme_001_scenery_cacti_002","anchor":{"x":0.5,"y":1},"scale":{"x":1,"y":1},"rotation":13,"depth":-1,"data":"","position":{"x":-2652,"y":-1103}},{"id":"rock09_01","texture":"theme_001_scenery_rock_006","anchor":{"x":0.5,"y":1},"scale":{"x":1,"y":1},"rotation":10,"depth":0,"data":"","position":{"x":798,"y":-823}},{"id":"barrel03_01","texture":"theme_001_scenery_barrel_003","anchor":{"x":0.5,"y":1},"scale":{"x":1,"y":1},"rotation":13,"depth":-1,"data":"","position":{"x":-2504,"y":-314}},{"id":"brick_01","texture":"theme_001_scenery_brick_sign","anchor":{"x":0.5,"y":1},"scale":{"x":1,"y":1},"rotation":4,"depth":-1,"data":"","position":{"x":-74,"y":118}},{"id":"barrel03_01","texture":"theme_001_scenery_barrel_003","anchor":{"x":0.5,"y":1},"scale":{"x":1,"y":1},"rotation":0,"depth":0,"data":"","position":{"x":751,"y":-825}},{"id":"rock07_01","texture":"theme_001_scenery_rock_004","anchor":{"x":0.5,"y":1},"scale":{"x":1,"y":1},"rotation":-5,"depth":0,"data":"","position":{"x":4525,"y":-376}},{"id":"rock08_01","texture":"theme_001_scenery_rock_005","anchor":{"x":0.5,"y":1},"scale":{"x":1,"y":1},"rotation":0,"depth":0,"data":"","position":{"x":5272,"y":-1489}},{"id":"rock08_01","texture":"theme_001_scenery_rock_005","anchor":{"x":0.5,"y":1},"scale":{"x":1,"y":1},"rotation":19,"depth":0,"data":"","position":{"x":9612,"y":-1328}},{"id":"rock08_01","texture":"theme_001_scenery_rock_005","anchor":{"x":0.5,"y":1},"scale":{"x":1,"y":1},"rotation":0,"depth":0,"data":"","position":{"x":13584,"y":-90}},{"id":"rock08_01","texture":"theme_001_scenery_rock_005","anchor":{"x":0.5,"y":1},"scale":{"x":1,"y":1},"rotation":28,"depth":0,"data":"","position":{"x":19365,"y":-419}},{"id":"rock05_01","texture":"theme_001_scenery_rock_002","anchor":{"x":0.5,"y":1},"scale":{"x":1,"y":1},"rotation":21,"depth":0,"data":"","position":{"x":17412,"y":-1316}},{"id":"rock04_01","texture":"theme_001_scenery_rock_001","anchor":{"x":0.5,"y":1},"scale":{"x":1,"y":1},"rotation":0,"depth":0,"data":"","position":{"x":1859,"y":-841}},{"id":"rock05_01","texture":"theme_001_scenery_rock_002","anchor":{"x":0.5,"y":1},"scale":{"x":1,"y":1},"rotation":0,"depth":0,"data":"","position":{"x":2958,"y":-909}},{"id":"rock06_01","texture":"theme_001_scenery_rock_003","anchor":{"x":0.5,"y":1},"scale":{"x":1.4,"y":1.4},"rotation":4,"depth":0,"data":"","position":{"x":10818,"y":157}},{"id":"cactus02_01","texture":"theme_001_scenery_cacti_002","anchor":{"x":0.5,"y":1},"scale":{"x":1,"y":1},"rotation":8,"depth":-1,"data":"","position":{"x":8017,"y":-2158}},{"id":"barrel02_01","texture":"theme_001_scenery_barrel_002","anchor":{"x":0.5,"y":1},"scale":{"x":1,"y":1},"rotation":6,"depth":-1,"data":"","position":{"x":11945,"y":-484}},{"id":"barrel01_01","texture":"theme_001_scenery_barrel_001","anchor":{"x":0.5,"y":1},"scale":{"x":1,"y":1},"rotation":1,"depth":0,"data":"","position":{"x":11888,"y":-480}},{"id":"skull_01","texture":"theme_001_scenery_skull","anchor":{"x":0.5,"y":1},"scale":{"x":1,"y":1},"rotation":0,"depth":0,"data":"","position":{"x":14031,"y":-673}},{"id":"rock08_01","texture":"theme_001_scenery_rock_005","anchor":{"x":0.5,"y":1},"scale":{"x":1,"y":1},"rotation":0,"depth":0,"data":"","position":{"x":14089,"y":-669}},{"id":"rock06_01","texture":"theme_001_scenery_rock_003","anchor":{"x":0.5,"y":1},"scale":{"x":1.2,"y":1.2},"rotation":-10,"depth":0,"data":"","position":{"x":-2537,"y":-228}},{"id":"cactus01_01","texture":"theme_001_scenery_cacti_001","anchor":{"x":0.5,"y":1},"scale":{"x":1.5,"y":1.5},"rotation":17,"depth":0,"data":"","position":{"x":19641,"y":-312}},{"id":"cactus02_01","texture":"theme_001_scenery_cacti_002","anchor":{"x":0.5,"y":1},"scale":{"x":1,"y":1},"rotation":-7,"depth":0,"data":"","position":{"x":19455,"y":-383}},{"id":"cactus02_01","texture":"theme_001_scenery_cacti_002","anchor":{"x":0.5,"y":1},"scale":{"x":1,"y":1},"rotation":0,"depth":0,"data":"","position":{"x":23677,"y":111}},{"id":"rock06_01","texture":"theme_001_scenery_rock_003","anchor":{"x":0.5,"y":1},"scale":{"x":1,"y":1},"rotation":-12,"depth":0,"data":"","position":{"x":23383,"y":161}},{"id":"rock04_01","texture":"theme_001_scenery_rock_001","anchor":{"x":0.5,"y":1},"scale":{"x":1,"y":1},"rotation":-10,"depth":0,"data":"","position":{"x":23108,"y":204}},{"id":"rock04_01","texture":"theme_001_scenery_rock_001","anchor":{"x":0.5,"y":1},"scale":{"x":1,"y":1},"rotation":39,"depth":0,"data":"","position":{"x":20085,"y":182}},{"id":"rock04_01","texture":"theme_001_scenery_rock_001","anchor":{"x":0.5,"y":1},"scale":{"x":1,"y":1},"rotation":0,"depth":0,"data":"","position":{"x":15929,"y":-1468}},{"id":"cactus02_01","texture":"theme_001_scenery_cacti_002","anchor":{"x":0.5,"y":1},"scale":{"x":1.2,"y":1.2},"rotation":6,"depth":0,"data":"","position":{"x":16550,"y":-1589}},{"id":"cactus01_01","texture":"theme_001_scenery_cacti_001","anchor":{"x":0.5,"y":1},"scale":{"x":1,"y":1},"rotation":8,"depth":0,"data":"","position":{"x":10081,"y":-1153}},{"id":"cactus01_01","texture":"theme_001_scenery_cacti_001","anchor":{"x":0.5,"y":1},"scale":{"x":1.5,"y":1.5},"rotation":-5,"depth":0,"data":"","position":{"x":5841,"y":-605}},{"id":"cactus02_01","texture":"theme_001_scenery_cacti_002","anchor":{"x":0.5,"y":1},"scale":{"x":1,"y":1},"rotation":-10,"depth":-1,"data":"","position":{"x":2907,"y":-956}},{"id":"cactus02_01","texture":"theme_001_scenery_cacti_002","anchor":{"x":0.5,"y":1},"scale":{"x":1.4,"y":1.4},"rotation":-5,"depth":0,"data":"","position":{"x":6743,"y":-2023}},{"id":"rock09_01","texture":"theme_001_scenery_rock_006","anchor":{"x":0.5,"y":1},"scale":{"x":1,"y":1},"rotation":0,"depth":0,"data":"","position":{"x":14124,"y":-662}},{"id":"rock05_01","texture":"theme_001_scenery_rock_002","anchor":{"x":0.5,"y":1},"scale":{"x":1,"y":1},"rotation":-10,"depth":0,"data":"","position":{"x":7981,"y":-2133}},{"id":"rock09_01","texture":"theme_001_scenery_rock_006","anchor":{"x":0.5,"y":1},"scale":{"x":1,"y":1},"rotation":8,"depth":0,"data":"","position":{"x":11054,"y":143}},{"id":"barrel01_01","texture":"theme_001_scenery_barrel_001","anchor":{"x":0.5,"y":1},"scale":{"x":1,"y":1},"rotation":-12,"depth":1,"data":"","position":{"x":15430,"y":125}},{"id":"barrel02_01","texture":"theme_001_scenery_barrel_002","anchor":{"x":0.5,"y":1},"scale":{"x":1,"y":1},"rotation":13,"depth":0,"data":"","position":{"x":15487,"y":128}},{"id":"barrel03_01","texture":"theme_001_scenery_barrel_003","anchor":{"x":0.5,"y":1},"scale":{"x":1,"y":1},"rotation":-5,"depth":-1,"data":"","position":{"x":21115,"y":272}},{"id":"rock08_01","texture":"theme_001_scenery_rock_005","anchor":{"x":0.5,"y":1},"scale":{"x":1,"y":1},"rotation":0,"depth":0,"data":"","position":{"x":21072,"y":261}},{"id":"rock04_01","texture":"theme_001_scenery_rock_001","anchor":{"x":0.5,"y":1},"scale":{"x":1,"y":1},"rotation":0,"depth":0,"data":"","position":{"x":5881,"y":-612}},{"id":"rock04_01","texture":"theme_001_scenery_rock_001","anchor":{"x":0.5,"y":1},"scale":{"x":1,"y":1},"rotation":0,"depth":0,"data":"","position":{"x":8789,"y":-2244}},{"id":"rock04_01","texture":"theme_001_scenery_rock_001","anchor":{"x":0.5,"y":1},"scale":{"x":1,"y":1},"rotation":0,"depth":0,"data":"","position":{"x":12958,"y":-61}},{"id":"rock06_01","texture":"theme_001_scenery_rock_003","anchor":{"x":0.5,"y":1},"scale":{"x":1,"y":1},"rotation":-85,"depth":0,"data":"","position":{"x":1183,"y":231}},{"id":"cactus02_01","texture":"theme_001_scenery_cacti_002","anchor":{"x":0.5,"y":1},"scale":{"x":1.5,"y":1.5},"rotation":-10,"depth":0,"data":"","position":{"x":-3114,"y":-999}},{"id":"cactus01_01","texture":"theme_001_scenery_cacti_001","anchor":{"x":0.5,"y":1},"scale":{"x":1.2,"y":1.2},"rotation":1,"depth":0,"data":"","position":{"x":-3354,"y":-981}},{"id":"barrel01_01","texture":"theme_001_scenery_barrel_001","anchor":{"x":0.5,"y":1},"scale":{"x":1,"y":1},"rotation":-27,"depth":0,"data":"","position":{"x":7183,"y":-1192}},{"id":"barrel02_01","texture":"theme_001_scenery_barrel_002","anchor":{"x":0.5,"y":1},"scale":{"x":1,"y":1},"rotation":-16,"depth":-1,"data":"","position":{"x":23240,"y":171}},{"id":"barrel01_01","texture":"theme_001_scenery_barrel_001","anchor":{"x":0.5,"y":1},"scale":{"x":1,"y":1},"rotation":-3,"depth":0,"data":"","position":{"x":22961,"y":221}},{"id":"brick_01","texture":"theme_001_scenery_brick_sign","anchor":{"x":0.5,"y":1},"scale":{"x":1,"y":1},"rotation":0,"depth":0,"data":"","position":{"x":21296,"y":274}},{"id":"cactus02_01","texture":"theme_001_scenery_cacti_002","anchor":{"x":0.5,"y":1},"scale":{"x":1,"y":1},"rotation":0,"depth":0,"data":"","position":{"x":15316,"y":-344}},{"id":"cactus02_01","texture":"theme_001_scenery_cacti_002","anchor":{"x":0.5,"y":1},"scale":{"x":1.5,"y":1.5},"rotation":-5,"depth":0,"data":"","position":{"x":13950,"y":-669}},{"id":"cactus01_01","texture":"theme_001_scenery_cacti_001","anchor":{"x":0.5,"y":1},"scale":{"x":1,"y":1},"rotation":0,"depth":0,"data":"","position":{"x":15386,"y":-1257}},{"id":"cactus01_01","texture":"theme_001_scenery_cacti_001","anchor":{"x":0.5,"y":1},"scale":{"x":1.4,"y":1.4},"rotation":1,"depth":0,"data":"","position":{"x":13551,"y":-84}},{"id":"cactus01_01","texture":"theme_001_scenery_cacti_001","anchor":{"x":0.5,"y":1},"scale":{"x":1,"y":1},"rotation":0,"depth":0,"data":"","position":{"x":12111,"y":-492}},{"id":"cactus02_01","texture":"theme_001_scenery_cacti_002","anchor":{"x":0.5,"y":1},"scale":{"x":1.3,"y":1.3},"rotation":-5,"depth":0,"data":"","position":{"x":11205,"y":-488}},{"id":"cactus02_01","texture":"theme_001_scenery_cacti_002","anchor":{"x":0.5,"y":1},"scale":{"x":1.4,"y":1.4},"rotation":10,"depth":0,"data":"","position":{"x":8831,"y":-2245}},{"id":"cactus01_01","texture":"theme_001_scenery_cacti_001","anchor":{"x":0.5,"y":1},"scale":{"x":1,"y":1},"rotation":-10,"depth":0,"data":"","position":{"x":4703,"y":-517}},{"id":"cactus01_01","texture":"theme_001_scenery_cacti_001","anchor":{"x":0.5,"y":1},"scale":{"x":1.4,"y":1.4},"rotation":4,"depth":0,"data":"","position":{"x":1904,"y":-846}},{"id":"cactus01_01","texture":"theme_001_scenery_cacti_001","anchor":{"x":0.5,"y":1},"scale":{"x":1,"y":1},"rotation":0,"depth":0,"data":"","position":{"x":1065,"y":253}},{"id":"cactus02_01","texture":"theme_001_scenery_cacti_002","anchor":{"x":0.5,"y":1},"scale":{"x":1,"y":1},"rotation":8,"depth":0,"data":"","position":{"x":-1244,"y":146}},{"id":"skull_01","texture":"theme_001_scenery_skull","anchor":{"x":0.5,"y":1},"scale":{"x":1,"y":1},"rotation":10,"depth":0,"data":"","position":{"x":9016,"y":-1385}},{"id":"skull_01","texture":"theme_001_scenery_skull","anchor":{"x":0.5,"y":1},"scale":{"x":1,"y":1},"rotation":0,"depth":0,"data":"","position":{"x":4419,"y":-430}},{"id":"skull_01","texture":"theme_001_scenery_skull","anchor":{"x":0.5,"y":1},"scale":{"x":1,"y":1},"rotation":0,"depth":0,"data":"","position":{"x":6670,"y":-2011}},{"id":"rock06_01","texture":"theme_001_scenery_rock_003","anchor":{"x":0.5,"y":1},"scale":{"x":1.4,"y":1.4},"rotation":-105,"depth":0,"data":"","position":{"x":15782,"y":-39}},{"id":"rock09_01","texture":"theme_001_scenery_rock_006","anchor":{"x":0.5,"y":1},"scale":{"x":1,"y":1},"rotation":0,"depth":0,"data":"","position":{"x":6283,"y":-1797}},{"id":"rock05_01","texture":"theme_001_scenery_rock_002","anchor":{"x":0.5,"y":1},"scale":{"x":1,"y":1},"rotation":0,"depth":0,"data":"","position":{"x":5448,"y":-554}},{"id":"rock05_01","texture":"theme_001_scenery_rock_002","anchor":{"x":0.5,"y":1},"scale":{"x":1,"y":1},"rotation":6,"depth":0,"data":"","position":{"x":159,"y":154}},{"id":"rock05_01","texture":"theme_001_scenery_rock_002","anchor":{"x":0.5,"y":1},"scale":{"x":1,"y":1},"rotation":0,"depth":0,"data":"","position":{"x":5888,"y":-1764}},{"id":"rock05_01","texture":"theme_001_scenery_rock_002","anchor":{"x":0.5,"y":1},"scale":{"x":1,"y":1},"rotation":10,"depth":0,"data":"","position":{"x":14921,"y":-463}},{"id":"rock05_01","texture":"theme_001_scenery_rock_002","anchor":{"x":0.5,"y":1},"scale":{"x":1,"y":1},"rotation":13,"depth":0,"data":"","position":{"x":20197,"y":245}},{"id":"rock08_01","texture":"theme_001_scenery_rock_005","anchor":{"x":0.5,"y":1},"scale":{"x":1,"y":1},"rotation":0,"depth":0,"data":"","position":{"x":11411,"y":-504}},{"id":"rock08_01","texture":"theme_001_scenery_rock_005","anchor":{"x":0.5,"y":1},"scale":{"x":1,"y":1},"rotation":0,"depth":0,"data":"","position":{"x":14757,"y":-673}},{"id":"rock08_01","texture":"theme_001_scenery_rock_005","anchor":{"x":0.5,"y":1},"scale":{"x":1,"y":1},"rotation":0,"depth":0,"data":"","position":{"x":16695,"y":-1591}},{"id":"barrel01_01","texture":"theme_001_scenery_barrel_001","anchor":{"x":0.5,"y":1},"scale":{"x":1,"y":1},"rotation":0,"depth":0,"data":"","position":{"x":16016,"y":-1484}},{"id":"barrel02_01","texture":"theme_001_scenery_barrel_002","anchor":{"x":0.5,"y":1},"scale":{"x":1,"y":1},"rotation":15,"depth":-2,"data":"","position":{"x":17440,"y":-1319}},{"id":"barrel03_01","texture":"theme_001_scenery_barrel_003","anchor":{"x":0.5,"y":1},"scale":{"x":1,"y":1},"rotation":-5,"depth":0,"data":"","position":{"x":5345,"y":-558}},{"id":"barrel01_01","texture":"theme_001_scenery_barrel_001","anchor":{"x":0.5,"y":1},"scale":{"x":1,"y":1},"rotation":6,"depth":0,"data":"","position":{"x":4555,"y":-1282}},{"id":"rock08_01","texture":"theme_001_scenery_rock_005","anchor":{"x":0.5,"y":1},"scale":{"x":1,"y":1},"rotation":0,"depth":0,"data":"","position":{"x":4625,"y":-1278}},{"id":"rock08_01","texture":"theme_001_scenery_rock_005","anchor":{"x":0.5,"y":1},"scale":{"x":1,"y":1},"rotation":0,"depth":0,"data":"","position":{"x":-1166,"y":-599}},{"id":"rock08_01","texture":"theme_001_scenery_rock_005","anchor":{"x":0.5,"y":1},"scale":{"x":1,"y":1},"rotation":0,"depth":0,"data":"","position":{"x":-668,"y":-833}},{"id":"cactus02_01","texture":"theme_001_scenery_cacti_002","anchor":{"x":0.5,"y":1},"scale":{"x":1,"y":1},"rotation":0,"depth":0,"data":"","position":{"x":6576,"y":-864}}]},{"name":"obstacles","depth":-2,"paths":[],"objects":[{"id":"rock01_01","texture":"theme_001_obstacle_rock","anchor":{"x":0.5,"y":1},"scale":{"x":1,"y":1},"rotation":0,"depth":0,"data":"","position":{"x":7960,"y":-1368}},{"id":"rock01_01","texture":"theme_001_obstacle_rock","anchor":{"x":0.5,"y":1},"scale":{"x":1,"y":1},"rotation":0,"depth":0,"data":"","position":{"x":18415,"y":-804}},{"id":"rock01_01","texture":"theme_001_obstacle_rock","anchor":{"x":0.5,"y":1},"scale":{"x":1,"y":1},"rotation":0,"depth":0,"data":"","position":{"x":12038,"y":153}},{"id":"rock01_01","texture":"theme_001_obstacle_rock","anchor":{"x":0.5,"y":1},"scale":{"x":1,"y":1},"rotation":0,"depth":0,"data":"","position":{"x":11318,"y":160}},{"id":"rock01_01","texture":"theme_001_obstacle_rock","anchor":{"x":0.5,"y":1},"scale":{"x":1,"y":1},"rotation":0,"depth":0,"data":"","position":{"x":8380,"y":-1353}},{"id":"rock01_01","texture":"theme_001_obstacle_rock","anchor":{"x":0.5,"y":1},"scale":{"x":1.3,"y":1.3},"rotation":0,"depth":0,"data":"","position":{"x":-1351,"y":198}},{"id":"rock01_01","texture":"theme_001_obstacle_rock","anchor":{"x":0.5,"y":1},"scale":{"x":1,"y":1},"rotation":0,"depth":0,"data":"","position":{"x":13377,"y":-42}},{"id":"rock01_01","texture":"theme_001_obstacle_rock","anchor":{"x":0.5,"y":1},"scale":{"x":1,"y":1},"rotation":0,"depth":0,"data":"","position":{"x":14545,"y":479}},{"id":"rock01_01","texture":"theme_001_obstacle_rock","anchor":{"x":0.5,"y":1},"scale":{"x":1,"y":1},"rotation":0,"depth":0,"data":"","position":{"x":12639,"y":-35}},{"id":"rock01_01","texture":"theme_001_obstacle_rock","anchor":{"x":0.5,"y":1},"scale":{"x":1,"y":1},"rotation":0,"depth":0,"data":"","position":{"x":8755,"y":-1354}},{"id":"rock01_01","texture":"theme_001_obstacle_rock","anchor":{"x":0.5,"y":1},"scale":{"x":1,"y":1},"rotation":0,"depth":0,"data":"","position":{"x":18894,"y":-679}},{"id":"rock01_01","texture":"theme_001_obstacle_rock","anchor":{"x":0.5,"y":1},"scale":{"x":1,"y":1},"rotation":0,"depth":0,"data":"","position":{"x":21621,"y":281}},{"id":"level_gameover","texture":"level_gameover","anchor":{"x":0.5,"y":0.5},"scale":{"x":5,"y":5},"rotation":0,"depth":0,"data":"","position":{"x":2222,"y":-146}},{"id":"level_gameover","texture":"level_gameover","anchor":{"x":0.5,"y":0.5},"scale":{"x":5,"y":5},"rotation":0,"depth":0,"data":"","position":{"x":3344,"y":-155}},{"id":"level_gameover","texture":"level_gameover","anchor":{"x":0.5,"y":0.5},"scale":{"x":5,"y":5},"rotation":0,"depth":0,"data":"","position":{"x":4242,"y":311}},{"id":"level_gameover","texture":"level_gameover","anchor":{"x":0.5,"y":0.5},"scale":{"x":5,"y":5},"rotation":0,"depth":0,"data":"","position":{"x":5201,"y":282}},{"id":"level_gameover","texture":"level_gameover","anchor":{"x":0.5,"y":0.5},"scale":{"x":5,"y":5},"rotation":0,"depth":0,"data":"","position":{"x":16872,"y":-660}},{"id":"level_gameover","texture":"level_gameover","anchor":{"x":0.5,"y":0.5},"scale":{"x":5,"y":5},"rotation":0,"depth":0,"data":"","position":{"x":17691,"y":-499}},{"id":"level_end","texture":"level_end","anchor":{"x":0.5,"y":0.5},"scale":{"x":5,"y":5},"rotation":0,"depth":0,"data":"","position":{"x":22321,"y":50}},{"id":"finish_01","texture":"theme_001_obstacle_finish","anchor":{"x":0.5,"y":1},"scale":{"x":1,"y":1},"rotation":0,"depth":0,"data":"","position":{"x":22022,"y":247}},{"id":"hint","texture":"hint","anchor":{"x":0.5,"y":0.5},"scale":{"x":3,"y":3},"rotation":0,"depth":0,"data":"{ \"id\" : \"cannonbolt\" }","position":{"x":-1117,"y":-37}}]},{"name":"platforms","depth":0,"paths":[{"closed":false,"depth":0,"collisions":1,"texFill":"theme_01_fill","texGround":"theme_01_ground","texGroundEdge":"theme_01_ground_edge","texWall":"theme_01_wall","texFillPadding":512,"texFillSize":256,"texGroundSize":160,"texGroundDelta":0.35,"texWallSize":160,"texWallDelta":0.1,"texWallAngle":70,"texGroundEdgeSide":"","data":"","points":[{"x":-3536,"y":416},{"x":-3520,"y":224},{"x":-3504,"y":-832},{"x":-3504,"y":-976},{"x":-3056,"y":-976},{"x":-2752,"y":-1072},{"x":-2608,"y":-1072},{"x":-2592,"y":-1072},{"x":-2624,"y":-272},{"x":-2608,"y":-272},{"x":-2320,"y":-272},{"x":-2320,"y":-160},{"x":-2032,"y":-160},{"x":-2032,"y":-240},{"x":-2016,"y":192},{"x":-2016,"y":192},{"x":-1536,"y":192},{"x":-976,"y":96},{"x":-368,"y":96},{"x":-64,"y":96},{"x":880,"y":256},{"x":1184,"y":256},{"x":1184,"y":208},{"x":1168,"y":-752},{"x":1168,"y":-800},{"x":1552,"y":-800},{"x":1632,"y":-848},{"x":2016,"y":-848},{"x":2016,"y":-592},{"x":2032,"y":800},{"x":2032,"y":864}],"bounds":[-3536,2032]},{"closed":true,"depth":0,"collisions":1,"texFill":"theme_01_fill","texGround":"theme_01_ground","texGroundEdge":"theme_01_ground_edge","texWall":"theme_01_wall","texFillPadding":512,"texFillSize":256,"texGroundSize":160,"texGroundDelta":0.35,"texWallSize":160,"texWallDelta":0.1,"texWallAngle":70,"texGroundEdgeSide":"","data":"","points":[{"x":-1824,"y":-464},{"x":-1520,"y":-464},{"x":-1440,"y":-592},{"x":-1120,"y":-592},{"x":-1152,"y":-592},{"x":-1152,"y":-256},{"x":-1168,"y":-256},{"x":-1344,"y":-256},{"x":-1344,"y":-192},{"x":-1520,"y":-192},{"x":-1616,"y":-192},{"x":-1616,"y":-400},{"x":-1728,"y":-400},{"x":-1744,"y":-400},{"x":-1808,"y":-432},{"x":-1824,"y":-432}],"bounds":[-1824,-1120]},{"closed":true,"depth":0,"collisions":1,"texFill":"theme_01_fill","texGround":"theme_01_ground","texGroundEdge":"theme_01_ground_edge","texWall":"theme_01_wall","texFillPadding":512,"texFillSize":256,"texGroundSize":160,"texGroundDelta":0.45,"texWallSize":160,"texWallDelta":0.1,"texWallAngle":70,"texGroundEdgeSide":"","data":"","points":[{"x":-832,"y":-816},{"x":-496,"y":-816},{"x":-496,"y":-768},{"x":-160,"y":-768},{"x":-192,"y":-768},{"x":-192,"y":-432},{"x":-224,"y":-432},{"x":-368,"y":-432},{"x":-368,"y":-320},{"x":-512,"y":-320},{"x":-640,"y":-320},{"x":-640,"y":-448},{"x":-784,"y":-448},{"x":-832,"y":-448},{"x":-832,"y":-672},{"x":-864,"y":-672},{"x":-864,"y":-672},{"x":-832,"y":-816},{"x":-864,"y":-784}],"bounds":[-864,-160]},{"closed":true,"depth":0,"collisions":1,"texFill":"theme_01_fill","texGround":"theme_01_ground","texGroundEdge":"theme_01_ground_edge","texWall":"theme_01_wall","texFillPadding":512,"texFillSize":256,"texGroundSize":160,"texGroundDelta":0.4,"texWallSize":160,"texWallDelta":0.1,"texWallAngle":70,"texGroundEdgeSide":"","data":"","points":[{"x":224,"y":-784},{"x":448,"y":-784},{"x":608,"y":-816},{"x":848,"y":-816},{"x":832,"y":-816},{"x":832,"y":-480},{"x":800,"y":-480},{"x":672,"y":-480},{"x":560,"y":-128},{"x":448,"y":-128},{"x":352,"y":-128},{"x":464,"y":-544},{"x":368,"y":-544},{"x":368,"y":-544},{"x":240,"y":-784},{"x":224,"y":-784}],"bounds":[224,848]},{"closed":false,"depth":0,"collisions":1,"texFill":"theme_01_fill","texGround":"theme_01_ground","texGroundEdge":"theme_01_ground_edge","texWall":"theme_01_wall","texFillPadding":512,"texFillSize":256,"texGroundSize":160,"texGroundDelta":0.35,"texWallSize":160,"texWallDelta":0.1,"texWallAngle":70,"texGroundEdgeSide":"","data":"","points":[{"x":2416,"y":928},{"x":2416,"y":720},{"x":2432,"y":-864},{"x":2432,"y":-896},{"x":2768,"y":-896},{"x":2752,"y":-912},{"x":3104,"y":-912},{"x":3104,"y":-832},{"x":3120,"y":1056},{"x":3136,"y":1104}],"bounds":[2416,3136]},{"closed":false,"depth":0,"collisions":1,"texFill":"theme_01_fill","texGround":"theme_01_ground","texGroundEdge":"theme_01_ground_edge","texWall":"theme_01_wall","texFillPadding":512,"texFillSize":256,"texGroundSize":160,"texGroundDelta":0.35,"texWallSize":160,"texWallDelta":0.1,"texWallAngle":70,"texGroundEdgeSide":"","data":"","points":[{"x":3488,"y":944},{"x":3488,"y":752},{"x":3504,"y":-1008},{"x":3504,"y":-1072},{"x":3904,"y":-1056},{"x":3792,"y":-768},{"x":4080,"y":-768},{"x":4080,"y":-720},{"x":4096,"y":976},{"x":4096,"y":1008}],"bounds":[3488,4096]},{"closed":true,"depth":0,"collisions":1,"texFill":"theme_01_fill","texGround":"theme_01_ground","texGroundEdge":"theme_01_ground_edge","texWall":"theme_01_wall","texFillPadding":512,"texFillSize":256,"texGroundSize":160,"texGroundDelta":0.3,"texWallSize":128,"texWallDelta":0.1,"texWallAngle":70,"texGroundEdgeSide":"","data":"","points":[{"x":4128,"y":-1168},{"x":4304,"y":-1168},{"x":4400,"y":-1328},{"x":4608,"y":-1280},{"x":4560,"y":-1280},{"x":4640,"y":-1056},{"x":4592,"y":-1024},{"x":4544,"y":-1008},{"x":4416,"y":-1040},{"x":4304,"y":-1040},{"x":4272,"y":-1040},{"x":4224,"y":-1120},{"x":4176,"y":-1120}],"bounds":[4128,4640]},{"closed":false,"depth":0,"collisions":1,"texFill":"theme_01_fill","texGround":"theme_01_ground","texGroundEdge":"theme_01_ground_edge","texWall":"theme_01_wall","texFillPadding":512,"texFillSize":256,"texGroundSize":160,"texGroundDelta":0.4,"texWallSize":160,"texWallDelta":0.1,"texWallAngle":70,"texGroundEdgeSide":"","data":"","points":[{"x":4432,"y":1008},{"x":4416,"y":848},{"x":4384,"y":-112},{"x":4384,"y":-416},{"x":4640,"y":-416},{"x":4736,"y":-608},{"x":5008,"y":-608},{"x":5024,"y":-608},{"x":4960,"y":1024},{"x":4960,"y":1040}],"bounds":[4384,5024]},{"closed":true,"depth":0,"collisions":2,"texFill":"theme_01_fill","texGround":"theme_01_ground","texGroundEdge":"theme_01_ground_edge","texWall":"theme_01_wall","texFillPadding":512,"texFillSize":256,"texGroundSize":160,"texGroundDelta":0.35,"texWallSize":160,"texWallDelta":0.1,"texWallAngle":70,"texGroundEdgeSide":"","data":"","points":[{"x":4944,"y":-1456},{"x":5200,"y":-1456},{"x":5200,"y":-1488},{"x":5440,"y":-1488},{"x":5424,"y":-1488},{"x":5424,"y":-1168},{"x":5408,"y":-1168},{"x":5328,"y":-1168},{"x":5328,"y":-992},{"x":5248,"y":-992},{"x":5120,"y":-992},{"x":5120,"y":-1184},{"x":4992,"y":-1184},{"x":4960,"y":-1184},{"x":4960,"y":-1456},{"x":4944,"y":-1456}],"bounds":[4944,5440]},{"closed":false,"depth":0,"collisions":1,"texFill":"theme_01_fill","texGround":"theme_01_ground","texGroundEdge":"theme_01_ground_edge","texWall":"theme_01_wall","texFillPadding":512,"texFillSize":256,"texGroundSize":160,"texGroundDelta":0.35,"texWallSize":160,"texWallDelta":0.1,"texWallAngle":70,"texGroundEdgeSide":"","data":"","points":[{"x":5344,"y":720},{"x":5360,"y":432},{"x":5360,"y":-288},{"x":5344,"y":-560},{"x":6576,"y":-560},{"x":7136,"y":-1392},{"x":7888,"y":-1392},{"x":8688,"y":-1392},{"x":8640,"y":-1376},{"x":9024,"y":-1376},{"x":10448,"y":-1376},{"x":10672,"y":-512},{"x":10784,"y":-512},{"x":10768,"y":-496},{"x":10784,"y":144},{"x":10784,"y":144},{"x":11296,"y":144},{"x":11296,"y":128},{"x":11808,"y":128},{"x":12000,"y":128},{"x":12000,"y":128},{"x":12192,"y":128},{"x":12288,"y":128},{"x":12288,"y":-64},{"x":12384,"y":-64},{"x":13008,"y":-64},{"x":13008,"y":-80},{"x":13632,"y":-80},{"x":13744,"y":-80},{"x":13744,"y":96},{"x":13856,"y":96},{"x":14256,"y":96},{"x":14208,"y":464},{"x":14624,"y":464},{"x":15040,"y":464},{"x":15056,"y":128},{"x":15472,"y":128},{"x":15552,"y":128},{"x":15664,"y":0},{"x":15744,"y":0},{"x":15712,"y":80},{"x":15648,"y":-1568},{"x":15712,"y":-1456},{"x":16144,"y":-1456},{"x":16288,"y":-1584},{"x":16720,"y":-1584},{"x":16720,"y":-1472},{"x":16704,"y":544},{"x":16704,"y":608}],"bounds":[5344,16720]},{"closed":true,"depth":0,"collisions":1,"texFill":"theme_01_fill","texGround":"theme_01_ground","texGroundEdge":"theme_01_ground_edge","texWall":"theme_01_wall","texFillPadding":512,"texFillSize":256,"texGroundSize":160,"texGroundDelta":0.35,"texWallSize":160,"texWallDelta":0.1,"texWallAngle":70,"texGroundEdgeSide":"","data":"","points":[{"x":5792,"y":-1776},{"x":6032,"y":-1776},{"x":6032,"y":-1792},{"x":6272,"y":-1792},{"x":6256,"y":-1792},{"x":6256,"y":-1504},{"x":6256,"y":-1504},{"x":6176,"y":-1504},{"x":6176,"y":-1296},{"x":6096,"y":-1296},{"x":5968,"y":-1296},{"x":5968,"y":-1392},{"x":5840,"y":-1392},{"x":5776,"y":-1392},{"x":5824,"y":-1776},{"x":5776,"y":-1776}],"bounds":[5776,6272]},{"closed":true,"depth":0,"collisions":1,"texFill":"theme_01_fill","texGround":"theme_01_ground","texGroundEdge":"theme_01_ground_edge","texWall":"theme_01_wall","texFillPadding":512,"texFillSize":256,"texGroundSize":160,"texGroundDelta":0.3,"texWallSize":160,"texWallDelta":0.1,"texWallAngle":70,"texGroundEdgeSide":"","data":"","points":[{"x":6640,"y":-2016},{"x":6848,"y":-2016},{"x":6848,"y":-2080},{"x":7040,"y":-2080},{"x":7024,"y":-2080},{"x":7024,"y":-1712},{"x":6992,"y":-1712},{"x":6896,"y":-1712},{"x":6896,"y":-1520},{"x":6800,"y":-1520},{"x":6752,"y":-1520},{"x":6752,"y":-1744},{"x":6688,"y":-1744},{"x":6656,"y":-1744},{"x":6656,"y":-2016},{"x":6624,"y":-2016}],"bounds":[6624,7040]},{"closed":true,"depth":0,"collisions":1,"texFill":"theme_01_fill","texGround":"theme_01_ground","texGroundEdge":"theme_01_ground_edge","texWall":"theme_01_wall","texFillPadding":512,"texFillSize":256,"texGroundSize":160,"texGroundDelta":0.4,"texWallSize":160,"texWallDelta":0.1,"texWallAngle":70,"texGroundEdgeSide":"","data":"","points":[{"x":7472,"y":-2080},{"x":8144,"y":-2080},{"x":8144,"y":-2240},{"x":8800,"y":-2240},{"x":8784,"y":-2240},{"x":8768,"y":-1616},{"x":8752,"y":-1616},{"x":8512,"y":-1616},{"x":8640,"y":-1616},{"x":8400,"y":-1616},{"x":8064,"y":-1616},{"x":8224,"y":-1632},{"x":7904,"y":-1632},{"x":7808,"y":-1632},{"x":7536,"y":-2064},{"x":7456,"y":-2064}],"bounds":[7456,8800]},{"closed":true,"depth":0,"collisions":1,"texFill":"theme_01_fill","texGround":"theme_01_ground","texGroundEdge":"theme_01_ground_edge","texWall":"theme_01_wall","texFillPadding":512,"texFillSize":256,"texGroundSize":160,"texGroundDelta":0.35,"texWallSize":160,"texWallDelta":0.1,"texWallAngle":70,"texGroundEdgeSide":"","data":"","points":[{"x":11152,"y":-496},{"x":11376,"y":-496},{"x":11376,"y":-496},{"x":11600,"y":-496},{"x":11584,"y":-496},{"x":11584,"y":-160},{"x":11568,"y":-160},{"x":11424,"y":-160},{"x":11424,"y":-96},{"x":11296,"y":-96},{"x":11216,"y":-96},{"x":11232,"y":-496},{"x":11152,"y":-496}],"bounds":[11152,11600]},{"closed":true,"depth":0,"collisions":1,"texFill":"theme_01_fill","texGround":"theme_01_ground","texGroundEdge":"theme_01_ground_edge","texWall":"theme_01_wall","texFillPadding":512,"texFillSize":256,"texGroundSize":160,"texGroundDelta":0.3,"texWallSize":160,"texWallDelta":0.1,"texWallAngle":70,"texGroundEdgeSide":"","data":"","points":[{"x":11728,"y":-496},{"x":11920,"y":-496},{"x":11920,"y":-496},{"x":12128,"y":-496},{"x":12080,"y":-496},{"x":12080,"y":-96},{"x":12048,"y":-96},{"x":11920,"y":-96},{"x":11744,"y":-288},{"x":11712,"y":-288},{"x":11712,"y":-288},{"x":11712,"y":-496},{"x":11712,"y":-496}],"bounds":[11712,12128]},{"closed":true,"depth":0,"collisions":1,"texFill":"theme_01_fill","texGround":"theme_01_ground","texGroundEdge":"theme_01_ground_edge","texWall":"theme_01_wall","texFillPadding":512,"texFillSize":256,"texGroundSize":160,"texGroundDelta":0.4,"texWallSize":160,"texWallDelta":0.1,"texWallAngle":70,"texGroundEdgeSide":"","data":"","points":[{"x":13952,"y":-656},{"x":14256,"y":-656},{"x":14512,"y":-656},{"x":14816,"y":-656},{"x":14784,"y":-656},{"x":14656,"y":-320},{"x":14640,"y":-320},{"x":14464,"y":-320},{"x":14704,"y":224},{"x":14512,"y":224},{"x":14432,"y":224},{"x":14128,"y":-528},{"x":14032,"y":-528},{"x":14016,"y":-528},{"x":13968,"y":-640},{"x":13952,"y":-640}],"bounds":[13952,14816]},{"closed":true,"depth":0,"collisions":2,"texFill":"theme_01_fill","texGround":"theme_01_ground","texGroundEdge":"theme_01_ground_edge","texWall":"theme_01_wall","texFillPadding":512,"texFillSize":256,"texGroundSize":160,"texGroundDelta":0.4,"texWallSize":160,"texWallDelta":0.1,"texWallAngle":70,"texGroundEdgeSide":"","data":"","points":[{"x":14832,"y":-1056},{"x":15104,"y":-1056},{"x":15200,"y":-1248},{"x":15456,"y":-1248},{"x":15472,"y":-1248},{"x":15408,"y":-928},{"x":15360,"y":-928},{"x":15248,"y":-928},{"x":15248,"y":-864},{"x":15136,"y":-864},{"x":15056,"y":-864},{"x":15056,"y":-912},{"x":14976,"y":-912},{"x":14912,"y":-912},{"x":14912,"y":-1040},{"x":14832,"y":-1040}],"bounds":[14832,15472]},{"closed":true,"depth":0,"collisions":2,"texFill":"theme_01_fill","texGround":"theme_01_ground","texGroundEdge":"theme_01_ground_edge","texWall":"theme_01_wall","texFillPadding":512,"texFillSize":256,"texGroundSize":160,"texGroundDelta":0.4,"texWallSize":128,"texWallDelta":0.1,"texWallAngle":70,"texGroundEdgeSide":"","data":"","points":[{"x":14880,"y":-480},{"x":15088,"y":-480},{"x":15136,"y":-320},{"x":15360,"y":-320},{"x":15328,"y":-320},{"x":15104,"y":-160},{"x":15040,"y":-160},{"x":14976,"y":-192},{"x":14896,"y":-480},{"x":14880,"y":-480}],"bounds":[14880,15360]},{"closed":false,"depth":0,"collisions":1,"texFill":"theme_01_fill","texGround":"theme_01_ground","texGroundEdge":"theme_01_ground_edge","texWall":"theme_01_wall","texFillPadding":512,"texFillSize":256,"texGroundSize":160,"texGroundDelta":0.35,"texWallSize":160,"texWallDelta":0.1,"texWallAngle":70,"texGroundEdgeSide":"","data":"","points":[{"x":17136,"y":512},{"x":17152,"y":352},{"x":17072,"y":-1488},{"x":17072,"y":-1488},{"x":17328,"y":-1488},{"x":17328,"y":-1280},{"x":17568,"y":-1280},{"x":17568,"y":-1232},{"x":17600,"y":480},{"x":17600,"y":496}],"bounds":[17072,17600]},{"closed":false,"depth":0,"collisions":1,"texFill":"theme_01_fill","texGround":"theme_01_ground","texGroundEdge":"theme_01_ground_edge","texWall":"theme_01_wall","texFillPadding":512,"texFillSize":256,"texGroundSize":160,"texGroundDelta":0.35,"texWallSize":160,"texWallDelta":0.1,"texWallAngle":70,"texGroundEdgeSide":"","data":"","points":[{"x":17920,"y":480},{"x":17920,"y":352},{"x":17920,"y":-1008},{"x":17904,"y":-1200},{"x":18112,"y":-1200},{"x":18192,"y":-832},{"x":18400,"y":-832},{"x":18752,"y":-832},{"x":18672,"y":-704},{"x":19008,"y":-704},{"x":19216,"y":-704},{"x":19232,"y":-384},{"x":19456,"y":-384},{"x":19744,"y":-384},{"x":19968,"y":256},{"x":20256,"y":256},{"x":20864,"y":256},{"x":20624,"y":272},{"x":21248,"y":272},{"x":21952,"y":272},{"x":21952,"y":240},{"x":22656,"y":240},{"x":23200,"y":240},{"x":23200,"y":112},{"x":23760,"y":112},{"x":23744,"y":208},{"x":23744,"y":1232},{"x":23744,"y":1296}],"bounds":[17904,23760]}],"objects":[]},{"name":"enemies","depth":1,"paths":[],"objects":[{"id":"maggot_01","texture":"maggot_01","anchor":{"x":0.5,"y":1},"scale":{"x":1,"y":1},"rotation":0,"depth":0,"data":"{ \"left\": 400, \"right\": 400 }","position":{"x":11668,"y":-503}}]},{"name":"pickups","depth":2,"paths":[],"objects":[{"id":"coin","texture":"pick_up","anchor":{"x":0.5,"y":0.5},"scale":{"x":1,"y":1},"rotation":0,"depth":0,"data":"","position":{"x":8219,"y":-2301}},{"id":"coin","texture":"pick_up","anchor":{"x":0.5,"y":0.5},"scale":{"x":1,"y":1},"rotation":0,"depth":0,"data":"","position":{"x":5099,"y":-1583}},{"id":"coin","texture":"pick_up","anchor":{"x":0.5,"y":0.5},"scale":{"x":1,"y":1},"rotation":0,"depth":0,"data":"","position":{"x":1359,"y":-916}},{"id":"coin","texture":"pick_up","anchor":{"x":0.5,"y":0.5},"scale":{"x":1,"y":1},"rotation":0,"depth":0,"data":"","position":{"x":1820,"y":-959}},{"id":"coin","texture":"pick_up","anchor":{"x":0.5,"y":0.5},"scale":{"x":1,"y":1},"rotation":0,"depth":0,"data":"","position":{"x":-565,"y":-940}},{"id":"coin","texture":"pick_up","anchor":{"x":0.5,"y":0.5},"scale":{"x":1,"y":1},"rotation":0,"depth":0,"data":"","position":{"x":-683,"y":-85}},{"id":"coin","texture":"pick_up","anchor":{"x":0.5,"y":0.5},"scale":{"x":1,"y":1},"rotation":0,"depth":0,"data":"","position":{"x":-489,"y":-1043}},{"id":"coin","texture":"pick_up","anchor":{"x":0.5,"y":0.5},"scale":{"x":1,"y":1},"rotation":0,"depth":0,"data":"","position":{"x":-2206,"y":-364}},{"id":"coin","texture":"pick_up","anchor":{"x":0.5,"y":0.5},"scale":{"x":1,"y":1},"rotation":0,"depth":0,"data":"","position":{"x":-432,"y":-922}},{"id":"coin","texture":"pick_up","anchor":{"x":0.5,"y":0.5},"scale":{"x":1,"y":1},"rotation":0,"depth":0,"data":"","position":{"x":-2119,"y":-545}},{"id":"time","texture":"pick_up_time","anchor":{"x":0.5,"y":0.5},"scale":{"x":1,"y":1},"rotation":0,"depth":0,"data":"","position":{"x":873,"y":31}},{"id":"time","texture":"pick_up_time","anchor":{"x":0.5,"y":0.5},"scale":{"x":1,"y":1},"rotation":0,"depth":0,"data":"","position":{"x":8567,"y":-1497}},{"id":"coin","texture":"pick_up","anchor":{"x":0.5,"y":0.5},"scale":{"x":1,"y":1},"rotation":0,"depth":0,"data":"","position":{"x":8160,"y":-1508}},{"id":"coin","texture":"pick_up","anchor":{"x":0.5,"y":0.5},"scale":{"x":1,"y":1},"rotation":0,"depth":0,"data":"","position":{"x":9356,"y":-1466}},{"id":"coin","texture":"pick_up","anchor":{"x":0.5,"y":0.5},"scale":{"x":1,"y":1},"rotation":0,"depth":0,"data":"","position":{"x":9845,"y":-1358}},{"id":"coin","texture":"pick_up","anchor":{"x":0.5,"y":0.5},"scale":{"x":1,"y":1},"rotation":0,"depth":0,"data":"","position":{"x":10271,"y":-1170}},{"id":"coin","texture":"pick_up","anchor":{"x":0.5,"y":0.5},"scale":{"x":1,"y":1},"rotation":0,"depth":0,"data":"","position":{"x":10648,"y":-829}},{"id":"coin","texture":"pick_up","anchor":{"x":0.5,"y":0.5},"scale":{"x":1,"y":1},"rotation":0,"depth":0,"data":"","position":{"x":1594,"y":-944}},{"id":"coin","texture":"pick_up","anchor":{"x":0.5,"y":0.5},"scale":{"x":1,"y":1},"rotation":0,"depth":0,"data":"","position":{"x":11609,"y":11}},{"id":"coin","texture":"pick_up","anchor":{"x":0.5,"y":0.5},"scale":{"x":1,"y":1},"rotation":0,"depth":0,"data":"","position":{"x":11769,"y":13}},{"id":"coin","texture":"pick_up","anchor":{"x":0.5,"y":0.5},"scale":{"x":1,"y":1},"rotation":0,"depth":0,"data":"","position":{"x":-401,"y":-94}},{"id":"coin","texture":"pick_up","anchor":{"x":0.5,"y":0.5},"scale":{"x":1,"y":1},"rotation":0,"depth":0,"data":"","position":{"x":-1938,"y":-637}},{"id":"coin","texture":"pick_up","anchor":{"x":0.5,"y":0.5},"scale":{"x":1,"y":1},"rotation":0,"depth":0,"data":"","position":{"x":3857,"y":-1132}},{"id":"coin","texture":"pick_up","anchor":{"x":0.5,"y":0.5},"scale":{"x":1,"y":1},"rotation":0,"depth":0,"data":"","position":{"x":3994,"y":-1266}},{"id":"coin","texture":"pick_up","anchor":{"x":0.5,"y":0.5},"scale":{"x":1,"y":1},"rotation":0,"depth":0,"data":"","position":{"x":4177,"y":-1329}},{"id":"coin","texture":"pick_up","anchor":{"x":0.5,"y":0.5},"scale":{"x":1,"y":1},"rotation":0,"depth":0,"data":"","position":{"x":14261,"y":-778}},{"id":"coin","texture":"pick_up","anchor":{"x":0.5,"y":0.5},"scale":{"x":1,"y":1},"rotation":0,"depth":0,"data":"","position":{"x":8436,"y":-2361}},{"id":"time","texture":"pick_up_time","anchor":{"x":0.5,"y":0.5},"scale":{"x":1,"y":1},"rotation":0,"depth":0,"data":"","position":{"x":11681,"y":-124}},{"id":"coin","texture":"pick_up","anchor":{"x":0.5,"y":0.5},"scale":{"x":1,"y":1},"rotation":0,"depth":0,"data":"","position":{"x":20675,"y":116}},{"id":"coin","texture":"pick_up","anchor":{"x":0.5,"y":0.5},"scale":{"x":1,"y":1},"rotation":0,"depth":0,"data":"","position":{"x":5274,"y":-1592}},{"id":"time","texture":"pick_up_time","anchor":{"x":0.5,"y":0.5},"scale":{"x":1,"y":1},"rotation":0,"depth":0,"data":"","position":{"x":6017,"y":-1880}},{"id":"coin","texture":"pick_up","anchor":{"x":0.5,"y":0.5},"scale":{"x":1,"y":1},"rotation":0,"depth":0,"data":"","position":{"x":-937,"y":-39}},{"id":"coin","texture":"pick_up","anchor":{"x":0.5,"y":0.5},"scale":{"x":1,"y":1},"rotation":0,"depth":0,"data":"","position":{"x":15854,"y":-1642}},{"id":"coin","texture":"pick_up","anchor":{"x":0.5,"y":0.5},"scale":{"x":1,"y":1},"rotation":0,"depth":0,"data":"","position":{"x":16114,"y":-1682}},{"id":"coin","texture":"pick_up","anchor":{"x":0.5,"y":0.5},"scale":{"x":1,"y":1},"rotation":0,"depth":0,"data":"","position":{"x":16363,"y":-1732}},{"id":"coin","texture":"pick_up","anchor":{"x":0.5,"y":0.5},"scale":{"x":1,"y":1},"rotation":0,"depth":0,"data":"","position":{"x":12883,"y":-185}},{"id":"coin","texture":"pick_up","anchor":{"x":0.5,"y":0.5},"scale":{"x":1,"y":1},"rotation":0,"depth":0,"data":"","position":{"x":13099,"y":-189}},{"id":"coin","texture":"pick_up","anchor":{"x":0.5,"y":0.5},"scale":{"x":1,"y":1},"rotation":0,"depth":0,"data":"","position":{"x":15563,"y":-174}},{"id":"coin","texture":"pick_up","anchor":{"x":0.5,"y":0.5},"scale":{"x":1,"y":1},"rotation":0,"depth":0,"data":"","position":{"x":14400,"y":-773}},{"id":"coin","texture":"pick_up","anchor":{"x":0.5,"y":0.5},"scale":{"x":1,"y":1},"rotation":0,"depth":0,"data":"","position":{"x":14330,"y":-896}},{"id":"time","texture":"pick_up_time","anchor":{"x":0.5,"y":0.5},"scale":{"x":1,"y":1},"rotation":0,"depth":0,"data":"","position":{"x":15177,"y":-566}},{"id":"coin","texture":"pick_up","anchor":{"x":0.5,"y":0.5},"scale":{"x":1,"y":1},"rotation":0,"depth":0,"data":"","position":{"x":14991,"y":-1240}},{"id":"coin","texture":"pick_up","anchor":{"x":0.5,"y":0.5},"scale":{"x":1,"y":1},"rotation":0,"depth":0,"data":"","position":{"x":15559,"y":-362}},{"id":"time","texture":"pick_up_time","anchor":{"x":0.5,"y":0.5},"scale":{"x":1,"y":1},"rotation":0,"depth":0,"data":"","position":{"x":17382,"y":-1580}},{"id":"coin","texture":"pick_up","anchor":{"x":0.5,"y":0.5},"scale":{"x":1,"y":1},"rotation":0,"depth":0,"data":"","position":{"x":18675,"y":-1012}},{"id":"coin","texture":"pick_up","anchor":{"x":0.5,"y":0.5},"scale":{"x":1,"y":1},"rotation":0,"depth":0,"data":"","position":{"x":18581,"y":-922}},{"id":"coin","texture":"pick_up","anchor":{"x":0.5,"y":0.5},"scale":{"x":1,"y":1},"rotation":0,"depth":0,"data":"","position":{"x":18713,"y":-884}},{"id":"coin","texture":"pick_up","anchor":{"x":0.5,"y":0.5},"scale":{"x":1,"y":1},"rotation":0,"depth":0,"data":"","position":{"x":20025,"y":-124}},{"id":"coin","texture":"pick_up","anchor":{"x":0.5,"y":0.5},"scale":{"x":1,"y":1},"rotation":0,"depth":0,"data":"","position":{"x":20201,"y":47}},{"id":"coin","texture":"pick_up","anchor":{"x":0.5,"y":0.5},"scale":{"x":1,"y":1},"rotation":0,"depth":0,"data":"","position":{"x":20435,"y":100}},{"id":"time","texture":"pick_up_time","anchor":{"x":0.5,"y":0.5},"scale":{"x":1,"y":1},"rotation":0,"depth":0,"data":"","position":{"x":2727,"y":-1030}},{"id":"sumocard","texture":"pick_up_card","anchor":{"x":0.5,"y":0.5},"scale":{"x":1,"y":1},"rotation":0,"depth":0,"data":"","position":{"x":8652,"y":-2385}},{"id":"coin","texture":"pick_up","anchor":{"x":0.5,"y":0.5},"scale":{"x":1,"y":1},"rotation":0,"depth":0,"data":"","position":{"x":15176,"y":-1344}},{"id":"time","texture":"pick_up_time","anchor":{"x":0.5,"y":0.5},"scale":{"x":1,"y":1},"rotation":0,"depth":0,"data":"","position":{"x":-1728,"y":-637}}]}],"length":21681}