{"name":"cannonbolt_2","layers":[{"name":"beauty","depth":-3,"paths":[],"objects":[{"id":"posts_02","texture":"theme_002_scenery_posts","anchor":{"x":0.5,"y":1},"scale":{"x":1,"y":1},"rotation":0,"depth":0,"data":"","position":{"x":10057,"y":-207}},{"id":"sign_02","texture":"theme_002_scenery_sign","anchor":{"x":0.5,"y":1},"scale":{"x":1,"y":1},"rotation":4,"depth":0,"data":"","position":{"x":6737,"y":720}},{"id":"support02_02","texture":"theme_002_scenery_support_002","anchor":{"x":0.5,"y":1},"scale":{"x":1,"y":1},"rotation":-5,"depth":0,"data":"","position":{"x":8697,"y":641}},{"id":"support02_02","texture":"theme_002_scenery_support_002","anchor":{"x":0.5,"y":1},"scale":{"x":1,"y":1},"rotation":1,"depth":0,"data":"","position":{"x":10064,"y":602}},{"id":"support02_02","texture":"theme_002_scenery_support_002","anchor":{"x":0.5,"y":1},"scale":{"x":1.1,"y":1.1},"rotation":-5,"depth":0,"data":"","position":{"x":11294,"y":626}},{"id":"support01_02","texture":"theme_002_scenery_support_001","anchor":{"x":0.5,"y":1},"scale":{"x":1,"y":1},"rotation":0,"depth":0,"data":"","position":{"x":6515,"y":72}},{"id":"support02_02","texture":"theme_002_scenery_support_002","anchor":{"x":0.5,"y":1},"scale":{"x":1.3,"y":1.3},"rotation":1,"depth":0,"data":"","position":{"x":7116,"y":430}},{"id":"bin_02","texture":"theme_002_scenery_bin","anchor":{"x":0.5,"y":1},"scale":{"x":1,"y":1},"rotation":0,"depth":0,"data":"","position":{"x":6209,"y":-839}},{"id":"support01_02","texture":"theme_002_scenery_support_001","anchor":{"x":0.5,"y":1},"scale":{"x":1.4,"y":1.4},"rotation":-5,"depth":0,"data":"","position":{"x":3930,"y":731}},{"id":"bin_02","texture":"theme_002_scenery_bin","anchor":{"x":0.5,"y":1},"scale":{"x":1,"y":1},"rotation":0,"depth":0,"data":"","position":{"x":9374,"y":-751}},{"id":"bin_02","texture":"theme_002_scenery_bin","anchor":{"x":0.5,"y":1},"scale":{"x":1,"y":1},"rotation":0,"depth":0,"data":"","position":{"x":16397,"y":727}},{"id":"posts_02","texture":"theme_002_scenery_posts","anchor":{"x":0.5,"y":1},"scale":{"x":1,"y":1},"rotation":-1,"depth":0,"data":"","position":{"x":7561,"y":435}},{"id":"bin_02","texture":"theme_002_scenery_bin","anchor":{"x":0.5,"y":1},"scale":{"x":1,"y":1},"rotation":-7,"depth":0,"data":"","position":{"x":926,"y":33}},{"id":"posts_02","texture":"theme_002_scenery_posts","anchor":{"x":0.5,"y":1},"scale":{"x":1,"y":1},"rotation":0,"depth":-1,"data":"","position":{"x":10404,"y":-200}},{"id":"posts_02","texture":"theme_002_scenery_posts","anchor":{"x":0.5,"y":1},"scale":{"x":1,"y":1},"rotation":4,"depth":0,"data":"","position":{"x":12929,"y":576}},{"id":"posts_02","texture":"theme_002_scenery_posts","anchor":{"x":0.5,"y":1},"scale":{"x":1,"y":1},"rotation":4,"depth":-1,"data":"","position":{"x":13271,"y":606}},{"id":"support01_02","texture":"theme_002_scenery_support_001","anchor":{"x":0.5,"y":1},"scale":{"x":0.9,"y":0.9},"rotation":15,"depth":0,"data":"","position":{"x":1224,"y":909}},{"id":"sign_02","texture":"theme_002_scenery_sign","anchor":{"x":0.5,"y":1},"scale":{"x":1,"y":1},"rotation":0,"depth":0,"data":"","position":{"x":2383,"y":-339}},{"id":"shrubs_02","texture":"theme_002_scenery_shrubs","anchor":{"x":0.5,"y":1},"scale":{"x":1,"y":1},"rotation":13,"depth":0,"data":"","position":{"x":1773,"y":1179}},{"id":"sign_02","texture":"theme_002_scenery_sign","anchor":{"x":0.5,"y":1},"scale":{"x":1,"y":1},"rotation":6,"depth":0,"data":"","position":{"x":7309,"y":-382}},{"id":"wall_02","texture":"theme_002_scenery_wall","anchor":{"x":0.5,"y":1},"scale":{"x":1,"y":1},"rotation":0,"depth":0,"data":"","position":{"x":3309,"y":612}},{"id":"shrubs_02","texture":"theme_002_scenery_shrubs","anchor":{"x":0.5,"y":1},"scale":{"x":1,"y":1},"rotation":0,"depth":0,"data":"","position":{"x":4699,"y":-366}},{"id":"shrubs_02","texture":"theme_002_scenery_shrubs","anchor":{"x":0.5,"y":1},"scale":{"x":1,"y":1},"rotation":0,"depth":0,"data":"","position":{"x":12411,"y":537}},{"id":"wall_02","texture":"theme_002_scenery_wall","anchor":{"x":0.5,"y":1},"scale":{"x":1,"y":1},"rotation":0,"depth":0,"data":"","position":{"x":12543,"y":-189}},{"id":"sign_02","texture":"theme_002_scenery_sign","anchor":{"x":0.5,"y":1},"scale":{"x":1,"y":1},"rotation":10,"depth":-1,"data":"","position":{"x":12651,"y":-218}},{"id":"support01_02","texture":"theme_002_scenery_support_001","anchor":{"x":0.5,"y":1},"scale":{"x":1.2,"y":1.2},"rotation":-32,"depth":0,"data":"","position":{"x":2646,"y":841}},{"id":"support02_02","texture":"theme_002_scenery_support_002","anchor":{"x":0.5,"y":1},"scale":{"x":1.6,"y":1.6},"rotation":-7,"depth":0,"data":"","position":{"x":5601,"y":726}},{"id":"support02_02","texture":"theme_002_scenery_support_002","anchor":{"x":0.5,"y":1},"scale":{"x":1,"y":1},"rotation":13,"depth":0,"data":"","position":{"x":7245,"y":995}},{"id":"support01_02","texture":"theme_002_scenery_support_001","anchor":{"x":0.5,"y":1},"scale":{"x":1,"y":1},"rotation":-5,"depth":0,"data":"","position":{"x":6347,"y":645}},{"id":"posts_02","texture":"theme_002_scenery_posts","anchor":{"x":0.5,"y":1},"scale":{"x":1,"y":1},"rotation":-14,"depth":0,"data":"","position":{"x":1513,"y":-96}},{"id":"wall_02","texture":"theme_002_scenery_wall","anchor":{"x":0.5,"y":1},"scale":{"x":1,"y":1},"rotation":0,"depth":0,"data":"","position":{"x":18425,"y":924}},{"id":"bin_02","texture":"theme_002_scenery_bin","anchor":{"x":0.5,"y":1},"scale":{"x":1,"y":1},"rotation":0,"depth":0,"data":"","position":{"x":19660,"y":1106}},{"id":"posts_02","texture":"theme_002_scenery_posts","anchor":{"x":0.5,"y":1},"scale":{"x":1,"y":1},"rotation":8,"depth":-1,"data":"","position":{"x":18769,"y":956}},{"id":"shrubs_02","texture":"theme_002_scenery_shrubs","anchor":{"x":0.5,"y":1},"scale":{"x":1,"y":1},"rotation":0,"depth":0,"data":"","position":{"x":19502,"y":1106}},{"id":"sign_02","texture":"theme_002_scenery_sign","anchor":{"x":0.5,"y":1},"scale":{"x":1,"y":1},"rotation":-3,"depth":0,"data":"","position":{"x":-344,"y":-483}},{"id":"wall_02","texture":"theme_002_scenery_wall","anchor":{"x":0.5,"y":1},"scale":{"x":1,"y":1},"rotation":-18,"depth":0,"data":"","position":{"x":-534,"y":-436}},{"id":"wall_02","texture":"theme_002_scenery_wall","anchor":{"x":0.5,"y":1},"scale":{"x":1,"y":1},"rotation":-1,"depth":0,"data":"","position":{"x":-224,"y":208}}]},{"name":"obstacles","depth":-2,"paths":[],"objects":[{"id":"rock01_02","texture":"theme_002_obstacle_rock","anchor":{"x":0.5,"y":1},"scale":{"x":1,"y":1},"rotation":10,"depth":0,"data":"","position":{"x":6491,"y":641}},{"id":"teleport_02","texture":"theme_002_obstacle_teleport_off","anchor":{"x":0.5,"y":1},"scale":{"x":1,"y":1},"rotation":0,"depth":0,"data":"{ \"in\":3,\"out\":4 }","position":{"x":5002,"y":971}},{"id":"finish_02","texture":"theme_002_obstacle_finish","anchor":{"x":0.5,"y":1},"scale":{"x":1,"y":1},"rotation":0,"depth":0,"data":"","position":{"x":16716,"y":755}},{"id":"teleport_02","texture":"theme_002_obstacle_teleport_off","anchor":{"x":0.5,"y":1},"scale":{"x":1,"y":1},"rotation":1,"depth":0,"data":"{ \"in\":2,\"out\":2 }","position":{"x":914,"y":824}},{"id":"teleport_02","texture":"theme_002_obstacle_teleport_off","anchor":{"x":0.5,"y":1},"scale":{"x":1,"y":1},"rotation":0,"depth":0,"data":"{ \"in\":1,\"out\":2 }","position":{"x":11638,"y":590}},{"id":"teleport_02","texture":"theme_002_obstacle_teleport_off","anchor":{"x":0.5,"y":1},"scale":{"x":1,"y":1},"rotation":0,"depth":0,"data":"{ \"in\":5,\"out\":4 }","position":{"x":6127,"y":-14}},{"id":"fire_on_02","texture":"theme_002_obstacle_flame_on","anchor":{"x":0.5,"y":1},"scale":{"x":1,"y":1},"rotation":0,"depth":0,"data":"","position":{"x":15620,"y":666}},{"id":"teleport_01","texture":"theme_001_obstacle_teleport_off","anchor":{"x":0.5,"y":1},"scale":{"x":1,"y":1},"rotation":0,"depth":0,"data":"{ \"in\":4,\"out\":4 }","position":{"x":9747,"y":-210}},{"id":"rock01_02","texture":"theme_002_obstacle_rock","anchor":{"x":0.5,"y":1},"scale":{"x":1.5,"y":1.5},"rotation":-7,"depth":0,"data":"","position":{"x":10999,"y":690}},{"id":"rock01_02","texture":"theme_002_obstacle_rock","anchor":{"x":0.5,"y":1},"scale":{"x":1,"y":1},"rotation":15,"depth":0,"data":"","position":{"x":3660,"y":661}},{"id":"rock01_02","texture":"theme_002_obstacle_rock","anchor":{"x":0.5,"y":1},"scale":{"x":1,"y":1},"rotation":0,"depth":0,"data":"","position":{"x":6291,"y":624}},{"id":"rock01_02","texture":"theme_002_obstacle_rock","anchor":{"x":0.5,"y":1},"scale":{"x":1,"y":1},"rotation":0,"depth":0,"data":"","position":{"x":10850,"y":690}},{"id":"rock01_02","texture":"theme_002_obstacle_rock","anchor":{"x":0.5,"y":1},"scale":{"x":1,"y":1},"rotation":-10,"depth":0,"data":"","position":{"x":11141,"y":655}},{"id":"rock01_02","texture":"theme_002_obstacle_rock","anchor":{"x":0.5,"y":1},"scale":{"x":1,"y":1},"rotation":10,"depth":0,"data":"","position":{"x":10307,"y":590}},{"id":"hint","texture":"hint","anchor":{"x":0.5,"y":0.5},"scale":{"x":3,"y":3},"rotation":0,"depth":0,"data":"{ \"id\" : \"cannonbolt\" }","position":{"x":3381,"y":-543}},{"id":"hint","texture":"hint","anchor":{"x":0.5,"y":0.5},"scale":{"x":3.1,"y":3.1},"rotation":0,"depth":0,"data":"{ \"id\" : \"cannonbolt\" }","position":{"x":9932,"y":390}}]},{"name":"platforms","depth":0,"paths":[{"closed":false,"depth":0,"collisions":1,"texFill":"theme_02_fill","texGround":"theme_02_ground","texGroundEdge":"theme_02_ground_edge","texWall":"theme_02_wall","texFillPadding":384,"texFillSize":256,"texGroundSize":160,"texGroundDelta":0.3,"texWallSize":160,"texWallDelta":0.1,"texWallAngle":70,"texGroundEdgeSide":"","data":"","points":[{"x":-2000,"y":64},{"x":-1856,"y":64},{"x":-464,"y":-496},{"x":-336,"y":-496},{"x":-336,"y":-416},{"x":-336,"y":192},{"x":-336,"y":208},{"x":272,"y":160},{"x":0,"y":672},{"x":576,"y":672},{"x":672,"y":672},{"x":640,"y":816},{"x":736,"y":816},{"x":768,"y":816},{"x":928,"y":816},{"x":1008,"y":816},{"x":1312,"y":832},{"x":1376,"y":1200},{"x":2000,"y":1200},{"x":2448,"y":1184},{"x":2592,"y":784},{"x":2848,"y":688},{"x":2848,"y":752},{"x":2848,"y":1808},{"x":2848,"y":1824}],"bounds":[-2000,2848]},{"closed":true,"depth":0,"collisions":2,"texFill":"theme_02_fill","texGround":"theme_02_ground","texGroundEdge":"theme_02_ground_edge","texWall":"theme_02_wall","texFillPadding":512,"texFillSize":256,"texGroundSize":160,"texGroundDelta":0.3,"texWallSize":64,"texWallDelta":0.1,"texWallAngle":70,"texGroundEdgeSide":"","data":"","points":[{"x":-400,"y":208},{"x":560,"y":256},{"x":688,"y":-304},{"x":2704,"y":-352},{"x":2592,"y":-224},{"x":2784,"y":144},{"x":2528,"y":288},{"x":2224,"y":432},{"x":2448,"y":880},{"x":1968,"y":896},{"x":1472,"y":912},{"x":1264,"y":432},{"x":1056,"y":432},{"x":832,"y":432},{"x":752,"y":400},{"x":752,"y":512},{"x":752,"y":688},{"x":752,"y":1408},{"x":752,"y":1760}],"bounds":[-400,2784]},{"closed":false,"depth":0,"collisions":1,"texFill":"theme_02_fill","texGround":"theme_02_ground","texGroundEdge":"theme_02_ground_edge","texWall":"theme_02_wall","texFillPadding":448,"texFillSize":256,"texGroundSize":160,"texGroundDelta":0.3,"texWallSize":160,"texWallDelta":0.1,"texWallAngle":70,"texGroundEdgeSide":"","data":"","points":[{"x":3424,"y":1920},{"x":3424,"y":1936},{"x":3184,"y":624},{"x":3184,"y":608},{"x":3776,"y":560},{"x":3824,"y":896},{"x":4704,"y":688},{"x":4704,"y":832},{"x":4704,"y":784},{"x":4704,"y":928},{"x":4752,"y":944},{"x":4880,"y":976},{"x":4976,"y":976},{"x":5424,"y":976},{"x":5472,"y":592},{"x":6160,"y":608},{"x":7104,"y":608},{"x":6864,"y":1104},{"x":7936,"y":1104},{"x":8096,"y":1104},{"x":8272,"y":976},{"x":8304,"y":944},{"x":8304,"y":800},{"x":8304,"y":688},{"x":8304,"y":608},{"x":8304,"y":544},{"x":8144,"y":400},{"x":8064,"y":336},{"x":8080,"y":304},{"x":8064,"y":304},{"x":8080,"y":288},{"x":8512,"y":624},{"x":8992,"y":736},{"x":9680,"y":576},{"x":10272,"y":464},{"x":10480,"y":688},{"x":10800,"y":688},{"x":11136,"y":688},{"x":11296,"y":592},{"x":11504,"y":592},{"x":11552,"y":592},{"x":11712,"y":592},{"x":11744,"y":592},{"x":11744,"y":672},{"x":11744,"y":1808},{"x":11744,"y":2000}],"bounds":[3184,11744]},{"closed":true,"depth":0,"collisions":2,"texFill":"theme_02_fill","texGround":"theme_02_ground","texGroundEdge":"theme_02_ground_edge","texWall":"theme_02_wall","texFillPadding":512,"texFillSize":256,"texGroundSize":160,"texGroundDelta":0.3,"texWallSize":160,"texWallDelta":0.1,"texWallAngle":70,"texGroundEdgeSide":"","data":"","points":[{"x":3232,"y":-352},{"x":3744,"y":-352},{"x":3712,"y":-352},{"x":4224,"y":-352},{"x":4224,"y":-320},{"x":4256,"y":80},{"x":4240,"y":80},{"x":3936,"y":80},{"x":3936,"y":240},{"x":3648,"y":240},{"x":3456,"y":240},{"x":3456,"y":32},{"x":3264,"y":32},{"x":3232,"y":32},{"x":3232,"y":-288},{"x":3184,"y":-288}],"bounds":[3184,4256]},{"closed":true,"depth":0,"collisions":1,"texFill":"theme_02_fill","texGround":"theme_02_ground","texGroundEdge":"theme_02_ground_edge","texWall":"theme_02_wall","texFillPadding":512,"texFillSize":256,"texGroundSize":160,"texGroundDelta":0.3,"texWallSize":144,"texWallDelta":0.1,"texWallAngle":70,"texGroundEdgeSide":"","data":"","points":[{"x":4544,"y":-368},{"x":5024,"y":-352},{"x":5072,"y":-864},{"x":5552,"y":-896},{"x":5568,"y":-896},{"x":5600,"y":-896},{"x":5616,"y":-896},{"x":5504,"y":-608},{"x":5856,"y":-176},{"x":5712,"y":-48},{"x":5568,"y":112},{"x":5328,"y":160},{"x":5136,"y":144},{"x":4896,"y":144},{"x":4960,"y":-240},{"x":4560,"y":-320}],"bounds":[4544,5856]},{"closed":true,"depth":0,"collisions":2,"texFill":"theme_02_fill","texGround":"theme_02_ground","texGroundEdge":"theme_02_ground_edge","texWall":"theme_02_wall","texFillPadding":512,"texFillSize":256,"texGroundSize":160,"texGroundDelta":0.25,"texWallSize":160,"texWallDelta":0.1,"texWallAngle":70,"texGroundEdgeSide":"","data":"","points":[{"x":6016,"y":-16},{"x":6560,"y":-48},{"x":6528,"y":96},{"x":6816,"y":144},{"x":6880,"y":256},{"x":6704,"y":304},{"x":6672,"y":320},{"x":6528,"y":320},{"x":6560,"y":368},{"x":6432,"y":368},{"x":6256,"y":368},{"x":6240,"y":272},{"x":6064,"y":272},{"x":5984,"y":272},{"x":6032,"y":32},{"x":6032,"y":0}],"bounds":[5984,6880]},{"closed":true,"depth":0,"collisions":2,"texFill":"theme_02_fill","texGround":"theme_02_ground","texGroundEdge":"theme_02_ground_edge","texWall":"theme_02_wall","texFillPadding":512,"texFillSize":256,"texGroundSize":160,"texGroundDelta":0.25,"texWallSize":160,"texWallDelta":0.1,"texWallAngle":70,"texGroundEdgeSide":"","data":"","points":[{"x":6016,"y":-880},{"x":7056,"y":-832},{"x":7600,"y":-160},{"x":8048,"y":256},{"x":8000,"y":256},{"x":8000,"y":272},{"x":7968,"y":272},{"x":7728,"y":32},{"x":6928,"y":-256},{"x":6640,"y":-256},{"x":6496,"y":-256},{"x":6528,"y":-352},{"x":6368,"y":-352},{"x":6352,"y":-352},{"x":6032,"y":-864},{"x":6016,"y":-864}],"bounds":[6016,8048]},{"closed":true,"depth":0,"collisions":1,"texFill":"theme_02_fill","texGround":"theme_02_ground","texGroundEdge":"theme_02_ground_edge","texWall":"theme_02_wall","texFillPadding":512,"texFillSize":256,"texGroundSize":160,"texGroundDelta":0.3,"texWallSize":48,"texWallDelta":0.1,"texWallAngle":70,"texGroundEdgeSide":"","data":"","points":[{"x":7056,"y":432},{"x":7344,"y":432},{"x":7408,"y":432},{"x":7712,"y":432},{"x":7728,"y":432},{"x":7696,"y":624},{"x":7600,"y":608},{"x":7360,"y":608},{"x":7424,"y":544},{"x":7200,"y":544},{"x":7120,"y":544},{"x":7056,"y":512},{"x":7056,"y":496},{"x":7056,"y":480},{"x":7056,"y":464},{"x":7056,"y":448}],"bounds":[7056,7728]},{"closed":true,"depth":0,"collisions":2,"texFill":"theme_02_fill","texGround":"theme_02_ground","texGroundEdge":"theme_02_ground_edge","texWall":"theme_02_wall","texFillPadding":512,"texFillSize":256,"texGroundSize":160,"texGroundDelta":0.3,"texWallSize":160,"texWallDelta":0.1,"texWallAngle":70,"texGroundEdgeSide":"","data":"","points":[{"x":9408,"y":-704},{"x":9408,"y":-448},{"x":9408,"y":-336},{"x":9408,"y":-208},{"x":10112,"y":-208},{"x":11344,"y":-192},{"x":12048,"y":-192},{"x":12336,"y":-192},{"x":12336,"y":-192},{"x":12624,"y":-192},{"x":12624,"y":-192},{"x":12192,"y":-32},{"x":12208,"y":16},{"x":11616,"y":16},{"x":11856,"y":128},{"x":11264,"y":128},{"x":10640,"y":128},{"x":10816,"y":224},{"x":10208,"y":224},{"x":9712,"y":224},{"x":9712,"y":224},{"x":9200,"y":224},{"x":8832,"y":224},{"x":8672,"y":256},{"x":8512,"y":144},{"x":8272,"y":0},{"x":8432,"y":-384},{"x":8272,"y":-576},{"x":8032,"y":-1008},{"x":8432,"y":-992},{"x":8592,"y":-944},{"x":8720,"y":-928},{"x":9392,"y":-752},{"x":9392,"y":-752}],"bounds":[8032,12624]},{"closed":false,"depth":0,"collisions":1,"texFill":"theme_02_fill","texGround":"theme_02_ground","texGroundEdge":"theme_02_ground_edge","texWall":"theme_02_wall","texFillPadding":704,"texFillSize":256,"texGroundSize":160,"texGroundDelta":0.25,"texWallSize":160,"texWallDelta":0.1,"texWallAngle":70,"texGroundEdgeSide":"","data":"","points":[{"x":12336,"y":1936},{"x":12352,"y":1536},{"x":12288,"y":688},{"x":12288,"y":528},{"x":13184,"y":528},{"x":12944,"y":608},{"x":13600,"y":608},{"x":13840,"y":608},{"x":14128,"y":608},{"x":14304,"y":608},{"x":16144,"y":608},{"x":15920,"y":752},{"x":17760,"y":752},{"x":18080,"y":752},{"x":18080,"y":912},{"x":18400,"y":912},{"x":19072,"y":912},{"x":19072,"y":1104},{"x":19728,"y":1104}],"bounds":[12288,19728]}],"objects":[{"id":"level_end","texture":"level_end","anchor":{"x":0.5,"y":0.5},"scale":{"x":5,"y":5},"rotation":0,"depth":0,"data":"","position":{"x":17316,"y":501}},{"id":"level_gameover","texture":"level_gameover","anchor":{"x":0.5,"y":0.5},"scale":{"x":3.3,"y":3.3},"rotation":0,"depth":0,"data":"","position":{"x":12084,"y":1111}},{"id":"level_gameover","texture":"level_gameover","anchor":{"x":0.5,"y":0.5},"scale":{"x":3.4,"y":3.4},"rotation":0,"depth":0,"data":"","position":{"x":3041,"y":1145}}]},{"name":"enemies","depth":1,"paths":[],"objects":[{"id":"mascot_02","texture":"mascot_02","anchor":{"x":0.5,"y":1},"scale":{"x":1,"y":1},"rotation":0,"depth":0,"data":"{ \"left\": 100, \"right\": 200, \"orientation\": \"left\" }","position":{"x":7298,"y":432}},{"id":"mascot_02","texture":"mascot_02","anchor":{"x":0.5,"y":1},"scale":{"x":1,"y":1},"rotation":0,"depth":0,"data":" { \"left\":50, \"right\": 300, \"fireRate\" : 1, \"fireRateVariability\" : 60 }","position":{"x":13809,"y":615}},{"id":"fire_on_02","texture":"theme_002_obstacle_flame_on","anchor":{"x":0.5,"y":1},"scale":{"x":1,"y":1},"rotation":0,"depth":0,"data":"","position":{"x":10358,"y":-204}},{"id":"fire_on_01","texture":"theme_001_obstacle_flame_on","anchor":{"x":0.5,"y":1},"scale":{"x":1,"y":1},"rotation":0,"depth":0,"data":"","position":{"x":14366,"y":624}},{"id":"mascot_02","texture":"mascot_02","anchor":{"x":0.5,"y":1},"scale":{"x":1,"y":1},"rotation":0,"depth":0,"data":"{ \"left\": 400, \"right\": 400, \"orientation\": \"left\" }","position":{"x":3716,"y":-354}},{"id":"spike02_02","texture":"theme_002_obstacle_spike_large_off","anchor":{"x":0.5,"y":1},"scale":{"x":1,"y":1},"rotation":-14,"depth":0,"data":"","position":{"x":5816,"y":637}},{"id":"fire_on_02","texture":"theme_002_obstacle_flame_on","anchor":{"x":0.5,"y":1},"scale":{"x":1,"y":1},"rotation":0,"depth":0,"data":"","position":{"x":12116,"y":-196}},{"id":"mascot_02","texture":"mascot_02","anchor":{"x":0.5,"y":1},"scale":{"x":1,"y":1},"rotation":0,"depth":0,"data":"{ \"left\": 500, \"right\": 500, \"orientation\": \"left\" }","position":{"x":11232,"y":-200}}]},{"name":"pickups","depth":2,"paths":[],"objects":[{"id":"coin","texture":"pick_up","anchor":{"x":0.5,"y":0.5},"scale":{"x":1,"y":1},"rotation":0,"depth":0,"data":"","position":{"x":11639,"y":-318}},{"id":"time","texture":"pick_up_time","anchor":{"x":0.5,"y":0.5},"scale":{"x":1,"y":1},"rotation":0,"depth":0,"data":"","position":{"x":11631,"y":446}},{"id":"coin","texture":"pick_up","anchor":{"x":0.5,"y":0.5},"scale":{"x":1,"y":1},"rotation":0,"depth":0,"data":"","position":{"x":2337,"y":920}},{"id":"coin","texture":"pick_up","anchor":{"x":0.5,"y":0.5},"scale":{"x":1,"y":1},"rotation":0,"depth":0,"data":"","position":{"x":8927,"y":454}},{"id":"coin","texture":"pick_up","anchor":{"x":0.5,"y":0.5},"scale":{"x":1,"y":1},"rotation":0,"depth":0,"data":"","position":{"x":1472,"y":902}},{"id":"time","texture":"pick_up_time","anchor":{"x":0.5,"y":0.5},"scale":{"x":1,"y":1},"rotation":0,"depth":0,"data":"","position":{"x":8059,"y":890}},{"id":"coin","texture":"pick_up","anchor":{"x":0.5,"y":0.5},"scale":{"x":1,"y":1},"rotation":0,"depth":0,"data":"","position":{"x":9558,"y":408}},{"id":"coin","texture":"pick_up","anchor":{"x":0.5,"y":0.5},"scale":{"x":1,"y":1},"rotation":0,"depth":0,"data":"","position":{"x":7155,"y":-689}},{"id":"coin","texture":"pick_up","anchor":{"x":0.5,"y":0.5},"scale":{"x":1,"y":1},"rotation":0,"depth":0,"data":"","position":{"x":7084,"y":743}},{"id":"coin","texture":"pick_up","anchor":{"x":0.5,"y":0.5},"scale":{"x":1,"y":1},"rotation":0,"depth":0,"data":"","position":{"x":7793,"y":940}},{"id":"coin","texture":"pick_up","anchor":{"x":0.5,"y":0.5},"scale":{"x":1,"y":1},"rotation":0,"depth":0,"data":"","position":{"x":1663,"y":988}},{"id":"coin","texture":"pick_up","anchor":{"x":0.5,"y":0.5},"scale":{"x":1,"y":1},"rotation":0,"depth":0,"data":"","position":{"x":4093,"y":584}},{"id":"coin","texture":"pick_up","anchor":{"x":0.5,"y":0.5},"scale":{"x":1,"y":1},"rotation":0,"depth":0,"data":"","position":{"x":2174,"y":-452}},{"id":"coin","texture":"pick_up","anchor":{"x":0.5,"y":0.5},"scale":{"x":1,"y":1},"rotation":0,"depth":0,"data":"","position":{"x":4357,"y":587}},{"id":"coin","texture":"pick_up","anchor":{"x":0.5,"y":0.5},"scale":{"x":1,"y":1},"rotation":0,"depth":0,"data":"","position":{"x":5318,"y":-978}},{"id":"coin","texture":"pick_up","anchor":{"x":0.5,"y":0.5},"scale":{"x":1,"y":1},"rotation":0,"depth":0,"data":"","position":{"x":1360,"y":-352}},{"id":"time","texture":"pick_up_time","anchor":{"x":0.5,"y":0.5},"scale":{"x":1,"y":1},"rotation":0,"depth":0,"data":"","position":{"x":6121,"y":-170}},{"id":"coin","texture":"pick_up","anchor":{"x":0.5,"y":0.5},"scale":{"x":1,"y":1},"rotation":0,"depth":0,"data":"","position":{"x":16025,"y":559}},{"id":"coin","texture":"pick_up","anchor":{"x":0.5,"y":0.5},"scale":{"x":1,"y":1},"rotation":0,"depth":0,"data":"","position":{"x":15022,"y":492}},{"id":"time","texture":"pick_up_time","anchor":{"x":0.5,"y":0.5},"scale":{"x":1,"y":1},"rotation":0,"depth":0,"data":"","position":{"x":3716,"y":-490}},{"id":"coin","texture":"pick_up","anchor":{"x":0.5,"y":0.5},"scale":{"x":1,"y":1},"rotation":0,"depth":0,"data":"","position":{"x":9241,"y":463}},{"id":"coin","texture":"pick_up","anchor":{"x":0.5,"y":0.5},"scale":{"x":1,"y":1},"rotation":0,"depth":0,"data":"","position":{"x":7072,"y":291}},{"id":"time","texture":"pick_up_time","anchor":{"x":0.5,"y":0.5},"scale":{"x":1,"y":1},"rotation":0,"depth":0,"data":"","position":{"x":1912,"y":1042}},{"id":"coin","texture":"pick_up","anchor":{"x":0.5,"y":0.5},"scale":{"x":1,"y":1},"rotation":0,"depth":0,"data":"","position":{"x":6492,"y":-955}},{"id":"coin","texture":"pick_up","anchor":{"x":0.5,"y":0.5},"scale":{"x":1,"y":1},"rotation":0,"depth":0,"data":"","position":{"x":6839,"y":-840}},{"id":"time","texture":"pick_up_time","anchor":{"x":0.5,"y":0.5},"scale":{"x":1,"y":1},"rotation":0,"depth":0,"data":"","position":{"x":7551,"y":-435}},{"id":"coin","texture":"pick_up","anchor":{"x":0.5,"y":0.5},"scale":{"x":1,"y":1},"rotation":0,"depth":0,"data":"","position":{"x":8388,"y":291}},{"id":"coin","texture":"pick_up","anchor":{"x":0.5,"y":0.5},"scale":{"x":1,"y":1},"rotation":0,"depth":0,"data":"","position":{"x":6834,"y":-18}},{"id":"coin","texture":"pick_up","anchor":{"x":0.5,"y":0.5},"scale":{"x":1,"y":1},"rotation":0,"depth":0,"data":"","position":{"x":10727,"y":-337}},{"id":"time","texture":"pick_up_time","anchor":{"x":0.5,"y":0.5},"scale":{"x":1,"y":1},"rotation":0,"depth":0,"data":"","position":{"x":13142,"y":157}},{"id":"sumocard","texture":"pick_up_card","anchor":{"x":0.5,"y":0.5},"scale":{"x":1,"y":1},"rotation":0,"depth":0,"data":"","position":{"x":7513,"y":241}},{"id":"coin","texture":"pick_up","anchor":{"x":0.5,"y":0.5},"scale":{"x":1,"y":1},"rotation":0,"depth":0,"data":"","position":{"x":1782,"y":-417}},{"id":"coin","texture":"pick_up","anchor":{"x":0.5,"y":0.5},"scale":{"x":1,"y":1},"rotation":0,"depth":0,"data":"","position":{"x":2599,"y":-473}},{"id":"coin","texture":"pick_up","anchor":{"x":0.5,"y":0.5},"scale":{"x":1,"y":1},"rotation":0,"depth":0,"data":"","position":{"x":4821,"y":-601}},{"id":"coin","texture":"pick_up","anchor":{"x":0.5,"y":0.5},"scale":{"x":1,"y":1},"rotation":0,"depth":0,"data":"","position":{"x":4622,"y":533}},{"id":"coin","texture":"pick_up","anchor":{"x":0.5,"y":0.5},"scale":{"x":1,"y":1},"rotation":0,"depth":0,"data":"","position":{"x":7478,"y":901}},{"id":"coin","texture":"pick_up","anchor":{"x":0.5,"y":0.5},"scale":{"x":1,"y":1},"rotation":0,"depth":0,"data":"","position":{"x":6993,"y":94}},{"id":"coin","texture":"pick_up","anchor":{"x":0.5,"y":0.5},"scale":{"x":1,"y":1},"rotation":0,"depth":0,"data":"","position":{"x":8102,"y":77}},{"id":"coin","texture":"pick_up","anchor":{"x":0.5,"y":0.5},"scale":{"x":1,"y":1},"rotation":0,"depth":0,"data":"","position":{"x":7828,"y":-191}},{"id":"coin","texture":"pick_up","anchor":{"x":0.5,"y":0.5},"scale":{"x":1,"y":1},"rotation":0,"depth":0,"data":"","position":{"x":2122,"y":1024}},{"id":"coin","texture":"pick_up","anchor":{"x":0.5,"y":0.5},"scale":{"x":1,"y":1},"rotation":0,"depth":0,"data":"","position":{"x":10853,"y":-334}},{"id":"coin","texture":"pick_up","anchor":{"x":0.5,"y":0.5},"scale":{"x":1,"y":1},"rotation":0,"depth":0,"data":"","position":{"x":10789,"y":-446}},{"id":"coin","texture":"pick_up","anchor":{"x":0.5,"y":0.5},"scale":{"x":1,"y":1},"rotation":0,"depth":0,"data":"","position":{"x":11753,"y":-318}},{"id":"coin","texture":"pick_up","anchor":{"x":0.5,"y":0.5},"scale":{"x":1,"y":1},"rotation":0,"depth":0,"data":"","position":{"x":11694,"y":-422}},{"id":"coin","texture":"pick_up","anchor":{"x":0.5,"y":0.5},"scale":{"x":1,"y":1},"rotation":0,"depth":0,"data":"","position":{"x":6128,"y":-1006}},{"id":"coin","texture":"pick_up","anchor":{"x":0.5,"y":0.5},"scale":{"x":1,"y":1},"rotation":0,"depth":0,"data":"","position":{"x":5047,"y":-818}},{"id":"coin","texture":"pick_up","anchor":{"x":0.5,"y":0.5},"scale":{"x":1,"y":1},"rotation":0,"depth":0,"data":"","position":{"x":15152,"y":501}},{"id":"coin","texture":"pick_up","anchor":{"x":0.5,"y":0.5},"scale":{"x":1,"y":1},"rotation":0,"depth":0,"data":"","position":{"x":15092,"y":386}},{"id":"coin","texture":"pick_up","anchor":{"x":0.5,"y":0.5},"scale":{"x":1,"y":1},"rotation":0,"depth":0,"data":"","position":{"x":16147,"y":572}},{"id":"coin","texture":"pick_up","anchor":{"x":0.5,"y":0.5},"scale":{"x":1,"y":1},"rotation":0,"depth":0,"data":"","position":{"x":16097,"y":465}},{"id":"coin","texture":"pick_up","anchor":{"x":0.5,"y":0.5},"scale":{"x":1,"y":1},"rotation":0,"depth":0,"data":"","position":{"x":940,"y":-247}},{"id":"coin","texture":"pick_up","anchor":{"x":0.5,"y":0.5},"scale":{"x":1,"y":1},"rotation":0,"depth":0,"data":"","position":{"x":12834,"y":-302}},{"id":"coin","texture":"pick_up","anchor":{"x":0.5,"y":0.5},"scale":{"x":1,"y":1},"rotation":0,"depth":0,"data":"","position":{"x":12978,"y":-182}},{"id":"coin","texture":"pick_up","anchor":{"x":0.5,"y":0.5},"scale":{"x":1,"y":1},"rotation":0,"depth":0,"data":"","position":{"x":13084,"y":-25}},{"id":"time","texture":"pick_up_time","anchor":{"x":0.5,"y":0.5},"scale":{"x":1,"y":1},"rotation":0,"depth":0,"data":"","position":{"x":5764,"y":471}},{"id":"time","texture":"pick_up_time","anchor":{"x":0.5,"y":0.5},"scale":{"x":1,"y":1},"rotation":0,"depth":0,"data":"","position":{"x":15626,"y":366}},{"id":"time","texture":"pick_up_time","anchor":{"x":0.5,"y":0.5},"scale":{"x":1,"y":1},"rotation":0,"depth":0,"data":"","position":{"x":11228,"y":-448}}]}],"length":16676}