{"name":"stinkfly_2","layers":[{"name":"beauty","depth":-8,"paths":[],"objects":[{"id":"posts_02","texture":"theme_002_scenery_posts","anchor":{"x":0.5,"y":1},"scale":{"x":1,"y":1},"rotation":1,"depth":-1,"data":"","position":{"x":153,"y":177}},{"id":"shrubs_02","texture":"theme_002_scenery_shrubs","anchor":{"x":0.5,"y":1},"scale":{"x":1,"y":1},"rotation":0,"depth":0,"data":"","position":{"x":2962,"y":-2188}},{"id":"sign_02","texture":"theme_002_scenery_sign","anchor":{"x":0.5,"y":1},"scale":{"x":1,"y":1},"rotation":4,"depth":-1,"data":"","position":{"x":2257,"y":-528}},{"id":"support01_02","texture":"theme_002_scenery_support_001","anchor":{"x":0.5,"y":1},"scale":{"x":1.2,"y":1.2},"rotation":-10,"depth":0,"data":"","position":{"x":2142,"y":-2166}},{"id":"support02_02","texture":"theme_002_scenery_support_002","anchor":{"x":0.5,"y":1},"scale":{"x":1,"y":1},"rotation":-3,"depth":0,"data":"","position":{"x":3278,"y":-1577}},{"id":"sign_02","texture":"theme_002_scenery_sign","anchor":{"x":0.5,"y":1},"scale":{"x":1,"y":1},"rotation":4,"depth":0,"data":"","position":{"x":819,"y":-2267}},{"id":"shrubs_02","texture":"theme_002_scenery_shrubs","anchor":{"x":0.5,"y":1},"scale":{"x":1,"y":1},"rotation":0,"depth":0,"data":"","position":{"x":658,"y":-975}},{"id":"finish_02","texture":"theme_002_obstacle_finish","anchor":{"x":0.5,"y":1},"scale":{"x":1,"y":1},"rotation":0,"depth":0,"data":"","position":{"x":2653,"y":-1626}},{"id":"bin_02","texture":"theme_002_scenery_bin","anchor":{"x":0.5,"y":1},"scale":{"x":1,"y":1},"rotation":0,"depth":1,"data":"","position":{"x":790,"y":-2271}},{"id":"posts_02","texture":"theme_002_scenery_posts","anchor":{"x":0.5,"y":1},"scale":{"x":1,"y":1},"rotation":0,"depth":0,"data":"","position":{"x":-190,"y":163}},{"id":"posts_02","texture":"theme_002_scenery_posts","anchor":{"x":0.5,"y":1},"scale":{"x":1,"y":1},"rotation":0,"depth":0,"data":"","position":{"x":1162,"y":-1584}},{"id":"posts_02","texture":"theme_002_scenery_posts","anchor":{"x":0.5,"y":1},"scale":{"x":1,"y":1},"rotation":-21,"depth":0,"data":"","position":{"x":2919,"y":324}},{"id":"wall_02","texture":"theme_002_scenery_wall","anchor":{"x":0.5,"y":1},"scale":{"x":1,"y":1},"rotation":-1,"depth":0,"data":"","position":{"x":2350,"y":410}},{"id":"wall_02","texture":"theme_002_scenery_wall","anchor":{"x":0.5,"y":1},"scale":{"x":1,"y":1},"rotation":0,"depth":0,"data":"","position":{"x":2715,"y":-2181}},{"id":"shrubs_02","texture":"theme_002_scenery_shrubs","anchor":{"x":0.5,"y":1},"scale":{"x":1,"y":1},"rotation":0,"depth":0,"data":"","position":{"x":2221,"y":-499}},{"id":"posts_02","texture":"theme_002_scenery_posts","anchor":{"x":0.5,"y":1},"scale":{"x":1,"y":1},"rotation":-7,"depth":0,"data":"","position":{"x":2264,"y":-2908}},{"id":"sign_02","texture":"theme_002_scenery_sign","anchor":{"x":0.5,"y":1},"scale":{"x":1,"y":1},"rotation":6,"depth":0,"data":"","position":{"x":733,"y":342}},{"id":"support02_02","texture":"theme_002_scenery_support_002","anchor":{"x":0.5,"y":1},"scale":{"x":1,"y":1},"rotation":6,"depth":0,"data":"","position":{"x":3868,"y":-1584}},{"id":"support01_02","texture":"theme_002_scenery_support_001","anchor":{"x":0.5,"y":1},"scale":{"x":1.1,"y":1.1},"rotation":10,"depth":0,"data":"","position":{"x":40,"y":188}},{"id":"support02_02","texture":"theme_002_scenery_support_002","anchor":{"x":0.5,"y":1},"scale":{"x":0.8,"y":0.8},"rotation":-5,"depth":0,"data":"","position":{"x":240,"y":-989}},{"id":"support02_02","texture":"theme_002_scenery_support_002","anchor":{"x":0.5,"y":1},"scale":{"x":1,"y":1},"rotation":-10,"depth":0,"data":"","position":{"x":4458,"y":-1641}}]},{"name":"obstacles","depth":-3,"paths":[],"objects":[{"id":"spike01_02","texture":"theme_002_obstacle_spike_small_off","anchor":{"x":0.5,"y":1},"scale":{"x":1,"y":1},"rotation":-12,"depth":0,"data":"","position":{"x":3280,"y":174}},{"id":"level_end","texture":"level_end","anchor":{"x":0.5,"y":0.5},"scale":{"x":2.7,"y":2.7},"rotation":0,"depth":0,"data":"","position":{"x":2602,"y":-1806}},{"id":"spike01_02","texture":"theme_002_obstacle_spike_small_off","anchor":{"x":0.5,"y":1},"scale":{"x":1,"y":1},"rotation":0,"depth":0,"data":"","position":{"x":1151,"y":424}},{"id":"spike01_02","texture":"theme_002_obstacle_spike_small_off","anchor":{"x":0.5,"y":1},"scale":{"x":1,"y":1},"rotation":-1,"depth":0,"data":"","position":{"x":1595,"y":424}},{"id":"spike01_02","texture":"theme_002_obstacle_spike_small_off","anchor":{"x":0.5,"y":1},"scale":{"x":1,"y":1},"rotation":-5,"depth":0,"data":"","position":{"x":2053,"y":406}},{"id":"gate_red02","texture":"theme_002_obstacle_gate_red_closed","anchor":{"x":0.5,"y":1},"scale":{"x":1,"y":1},"rotation":0,"depth":0,"data":"","position":{"x":2235,"y":-1632}},{"id":"fire_on_02","texture":"theme_002_obstacle_flame_on","anchor":{"x":0.5,"y":1},"scale":{"x":1,"y":1},"rotation":0,"depth":0,"data":"","position":{"x":670,"y":-527}},{"id":"spike01_02","texture":"theme_002_obstacle_spike_small_off","anchor":{"x":0.5,"y":1},"scale":{"x":1,"y":1},"rotation":-3,"depth":0,"data":"","position":{"x":396,"y":-1028}},{"id":"spike02_02","texture":"theme_002_obstacle_spike_large_off","anchor":{"x":0.5,"y":1},"scale":{"x":1,"y":1},"rotation":0,"depth":0,"data":"","position":{"x":2287,"y":-2184}},{"id":"hint","texture":"hint","anchor":{"x":0.5,"y":0.5},"scale":{"x":3.8,"y":3.8},"rotation":0,"depth":0,"data":"{ \"id\" : \"stinkfly\" }","position":{"x":566,"y":-49}}]},{"name":"platforms","depth":0,"paths":[{"closed":true,"depth":0,"collisions":1,"texFill":"theme_02_fill","texGround":"theme_02_ground","texGroundEdge":"theme_02_ground_edge","texWall":"theme_02_wall","texFillPadding":512,"texFillSize":256,"texGroundSize":160,"texGroundDelta":0.3,"texWallSize":160,"texWallDelta":0.1,"texWallAngle":70,"texGroundEdgeSide":"","data":"","points":[{"x":-1168,"y":-992},{"x":-1152,"y":-992},{"x":-1184,"y":-4320},{"x":-1168,"y":-4320},{"x":1376,"y":-4320},{"x":1824,"y":-4320},{"x":4384,"y":-4320},{"x":4384,"y":-3952},{"x":4400,"y":-2752},{"x":4400,"y":-2064},{"x":4096,"y":-2000},{"x":3696,"y":-1952},{"x":3184,"y":-2000},{"x":2992,"y":-2000},{"x":2800,"y":-2112},{"x":2096,"y":-2096},{"x":2032,"y":-2096},{"x":2032,"y":-2144},{"x":2016,"y":-2176},{"x":2480,"y":-2176},{"x":2480,"y":-2192},{"x":2960,"y":-2192},{"x":3008,"y":-2192},{"x":3024,"y":-2208},{"x":3056,"y":-2240},{"x":3056,"y":-2368},{"x":3056,"y":-2496},{"x":3056,"y":-2608},{"x":3056,"y":-2784},{"x":2784,"y":-2720},{"x":2512,"y":-2704},{"x":2384,"y":-2704},{"x":2384,"y":-2784},{"x":2384,"y":-2912},{"x":2384,"y":-3056},{"x":2384,"y":-3200},{"x":2384,"y":-3296},{"x":2384,"y":-3424},{"x":1344,"y":-3392},{"x":976,"y":-3072},{"x":432,"y":-2656},{"x":-96,"y":-3072},{"x":-80,"y":-2496},{"x":-80,"y":-2224},{"x":-80,"y":-2176},{"x":-80,"y":-1936},{"x":-64,"y":-1872},{"x":-192,"y":-1520},{"x":-384,"y":-1520},{"x":-528,"y":-1520},{"x":-608,"y":-1344},{"x":-608,"y":-1280},{"x":-608,"y":-1232},{"x":-608,"y":-1200},{"x":-608,"y":-992}],"bounds":[-1184,4400]},{"closed":false,"depth":0,"collisions":1,"texFill":"theme_02_fill","texGround":"theme_02_ground","texGroundEdge":"theme_02_ground_edge","texWall":"theme_02_wall","texFillPadding":256,"texFillSize":256,"texGroundSize":160,"texGroundDelta":0.3,"texWallSize":160,"texWallDelta":0.1,"texWallAngle":70,"texGroundEdgeSide":"","data":"","points":[{"x":-1168,"y":-1072},{"x":-1152,"y":-1072},{"x":-432,"y":-1008},{"x":-400,"y":-1008},{"x":-400,"y":-1152},{"x":-384,"y":272},{"x":-384,"y":160},{"x":-192,"y":160},{"x":-32,"y":176},{"x":208,"y":176},{"x":784,"y":176},{"x":592,"y":432},{"x":1168,"y":432},{"x":1888,"y":432},{"x":1888,"y":400},{"x":2608,"y":400},{"x":2928,"y":400},{"x":3120,"y":160},{"x":3440,"y":160},{"x":3440,"y":-32},{"x":3440,"y":-1216},{"x":3440,"y":-1632},{"x":3664,"y":-1632},{"x":4384,"y":-1632},{"x":4752,"y":-1664},{"x":4752,"y":-1664},{"x":4704,"y":880},{"x":4784,"y":880}],"bounds":[-1168,4784]},{"closed":true,"depth":0,"collisions":1,"texFill":"theme_02_fill","texGround":"theme_02_ground","texGroundEdge":"theme_02_ground_edge","texWall":"theme_02_wall","texFillPadding":512,"texFillSize":256,"texGroundSize":160,"texGroundDelta":0.3,"texWallSize":160,"texWallDelta":0.1,"texWallAngle":70,"texGroundEdgeSide":"","data":"","points":[{"x":-432,"y":-704},{"x":48,"y":-704},{"x":192,"y":-528},{"x":672,"y":-528},{"x":672,"y":-528},{"x":720,"y":-400},{"x":592,"y":-400},{"x":320,"y":-400},{"x":416,"y":-256},{"x":144,"y":-256},{"x":-144,"y":-256},{"x":-48,"y":-544},{"x":-416,"y":-512}],"bounds":[-432,720]},{"closed":true,"depth":0,"collisions":1,"texFill":"theme_02_fill","texGround":"theme_02_ground","texGroundEdge":"theme_02_ground_edge","texWall":"theme_02_wall","texFillPadding":512,"texFillSize":256,"texGroundSize":160,"texGroundDelta":0.3,"texWallSize":160,"texWallDelta":0.1,"texWallAngle":70,"texGroundEdgeSide":"","data":"","points":[{"x":-80,"y":-1952},{"x":128,"y":-1952},{"x":304,"y":-1552},{"x":512,"y":-1552},{"x":496,"y":-1552},{"x":496,"y":-1360},{"x":496,"y":-1360},{"x":320,"y":-1360},{"x":320,"y":-1328},{"x":128,"y":-1328},{"x":-128,"y":-1328},{"x":-192,"y":-1616},{"x":-400,"y":-1520}],"bounds":[-400,512]},{"closed":true,"depth":0,"collisions":1,"texFill":"theme_02_fill","texGround":"theme_02_ground","texGroundEdge":"theme_02_ground_edge","texWall":"theme_02_wall","texFillPadding":512,"texFillSize":256,"texGroundSize":160,"texGroundDelta":0.3,"texWallSize":160,"texWallDelta":0.1,"texWallAngle":70,"texGroundEdgeSide":"","data":"","points":[{"x":256,"y":-1008},{"x":592,"y":-1088},{"x":784,"y":-896},{"x":992,"y":-912},{"x":1008,"y":-912},{"x":880,"y":-816},{"x":880,"y":-816},{"x":816,"y":-816},{"x":800,"y":-816},{"x":752,"y":-816},{"x":672,"y":-816},{"x":656,"y":-816},{"x":576,"y":-816},{"x":544,"y":-816},{"x":544,"y":-832},{"x":496,"y":-832},{"x":480,"y":-832},{"x":272,"y":-1008},{"x":256,"y":-1008}],"bounds":[256,1008]},{"closed":true,"depth":0,"collisions":1,"texFill":"theme_02_fill","texGround":"theme_02_ground","texGroundEdge":"theme_02_ground_edge","texWall":"theme_02_wall","texFillPadding":512,"texFillSize":256,"texGroundSize":160,"texGroundDelta":0.25,"texWallSize":160,"texWallDelta":0.1,"texWallAngle":70,"texGroundEdgeSide":"","data":"","points":[{"x":512,"y":-2272},{"x":752,"y":-2272},{"x":752,"y":-2272},{"x":976,"y":-2272},{"x":976,"y":-2272},{"x":976,"y":-2128},{"x":960,"y":-2128},{"x":880,"y":-2128},{"x":880,"y":-2096},{"x":800,"y":-2096},{"x":704,"y":-2096},{"x":704,"y":-2096},{"x":624,"y":-2096},{"x":560,"y":-2096},{"x":560,"y":-2224},{"x":480,"y":-2224}],"bounds":[480,976]},{"closed":true,"depth":0,"collisions":1,"texFill":"theme_02_fill","texGround":"theme_02_ground","texGroundEdge":"theme_02_ground_edge","texWall":"theme_02_wall","texFillPadding":512,"texFillSize":256,"texGroundSize":160,"texGroundDelta":0.3,"texWallSize":160,"texWallDelta":0.1,"texWallAngle":70,"texGroundEdgeSide":"","data":"","points":[{"x":992,"y":-1584},{"x":1152,"y":-1584},{"x":1152,"y":-1584},{"x":1312,"y":-1584},{"x":1312,"y":-1584},{"x":1312,"y":-1456},{"x":1328,"y":-1456},{"x":1264,"y":-1456},{"x":1264,"y":-1408},{"x":1200,"y":-1408},{"x":1120,"y":-1408},{"x":1120,"y":-1440},{"x":1024,"y":-1440},{"x":992,"y":-1440},{"x":992,"y":-1552},{"x":976,"y":-1552}],"bounds":[976,1328]},{"closed":true,"depth":0,"collisions":1,"texFill":"theme_02_fill","texGround":"theme_02_ground","texGroundEdge":"theme_02_ground_edge","texWall":"theme_02_wall","texFillPadding":512,"texFillSize":256,"texGroundSize":160,"texGroundDelta":0.3,"texWallSize":160,"texWallDelta":0.1,"texWallAngle":70,"texGroundEdgeSide":"","data":"","points":[{"x":2528,"y":-2704},{"x":2304,"y":-2704},{"x":2448,"y":-2656},{"x":2224,"y":-2656},{"x":2080,"y":-2656},{"x":2048,"y":-2672},{"x":1920,"y":-2672},{"x":1872,"y":-2672},{"x":1856,"y":-2608},{"x":1808,"y":-2608},{"x":1728,"y":-2608},{"x":1728,"y":-2592},{"x":1648,"y":-2592},{"x":1584,"y":-2592},{"x":1584,"y":-2720},{"x":1520,"y":-2720},{"x":1648,"y":-2720},{"x":1664,"y":-2832},{"x":1792,"y":-2832},{"x":1920,"y":-2832},{"x":1920,"y":-2848},{"x":2064,"y":-2848},{"x":2208,"y":-2848},{"x":2224,"y":-2928},{"x":2384,"y":-2928}],"bounds":[1520,2528]},{"closed":true,"depth":0,"collisions":1,"texFill":"theme_02_fill","texGround":"theme_02_ground","texGroundEdge":"theme_02_ground_edge","texWall":"theme_02_wall","texFillPadding":512,"texFillSize":256,"texGroundSize":160,"texGroundDelta":0.3,"texWallSize":160,"texWallDelta":0.1,"texWallAngle":70,"texGroundEdgeSide":"","data":"","points":[{"x":1776,"y":-496},{"x":2016,"y":-496},{"x":2032,"y":-496},{"x":2272,"y":-496},{"x":2288,"y":-496},{"x":2272,"y":-336},{"x":2288,"y":-336},{"x":2208,"y":-336},{"x":2208,"y":-256},{"x":2128,"y":-256},{"x":2032,"y":-256},{"x":2016,"y":-224},{"x":1936,"y":-224},{"x":1856,"y":-224},{"x":1856,"y":-304},{"x":1776,"y":-304},{"x":1760,"y":-304},{"x":1760,"y":-464},{"x":1744,"y":-464}],"bounds":[1744,2288]},{"closed":true,"depth":0,"collisions":1,"texFill":"theme_02_fill","texGround":"theme_02_ground","texGroundEdge":"theme_02_ground_edge","texWall":"theme_02_wall","texFillPadding":512,"texFillSize":256,"texGroundSize":160,"texGroundDelta":0.3,"texWallSize":160,"texWallDelta":0.1,"texWallAngle":70,"texGroundEdgeSide":"","data":"","points":[{"x":3456,"y":-1472},{"x":3408,"y":-1472},{"x":3344,"y":-1472},{"x":3152,"y":-1472},{"x":2960,"y":-1472},{"x":2928,"y":-1312},{"x":2736,"y":-1312},{"x":2544,"y":-1312},{"x":2528,"y":-1376},{"x":2336,"y":-1376},{"x":2240,"y":-1376},{"x":2240,"y":-1440},{"x":2144,"y":-1440},{"x":2128,"y":-1440},{"x":2128,"y":-1632},{"x":2096,"y":-1632},{"x":2784,"y":-1632},{"x":2768,"y":-1632},{"x":3472,"y":-1632}],"bounds":[2096,3472]}],"objects":[]},{"name":"enemies","depth":1,"paths":[],"objects":[{"id":"mascot_02","texture":"mascot_02","anchor":{"x":0.5,"y":1},"scale":{"x":1,"y":1},"rotation":0,"depth":0,"data":"{ \"left\": 100, \"right\": 100, \"fireRate\" : 2, \"fireRateVariability\" : 60 }","position":{"x":1157,"y":-1583}},{"id":"mascot_02","texture":"mascot_02","anchor":{"x":0.5,"y":1},"scale":{"x":1,"y":1},"rotation":0,"depth":0,"data":"{ \"left\": 100, \"right\": 120, \"orientation\": \"left\" }","position":{"x":1982,"y":-496}}]},{"name":"pickups","depth":2,"paths":[],"objects":[{"id":"coin","texture":"pick_up","anchor":{"x":0.5,"y":0.5},"scale":{"x":1,"y":1},"rotation":0,"depth":0,"data":"","position":{"x":1627,"y":-2978}},{"id":"sumocard","texture":"pick_up_card","anchor":{"x":0.5,"y":0.5},"scale":{"x":1,"y":1},"rotation":0,"depth":0,"data":"","position":{"x":487,"y":-681}},{"id":"coin","texture":"pick_up","anchor":{"x":0.5,"y":0.5},"scale":{"x":1,"y":1},"rotation":0,"depth":0,"data":"","position":{"x":110,"y":-774}},{"id":"coin","texture":"pick_up","anchor":{"x":0.5,"y":0.5},"scale":{"x":1,"y":1},"rotation":0,"depth":0,"data":"","position":{"x":362,"y":-20}},{"id":"coin","texture":"pick_up","anchor":{"x":0.5,"y":0.5},"scale":{"x":1,"y":1},"rotation":0,"depth":0,"data":"","position":{"x":559,"y":-53}},{"id":"coin","texture":"pick_up","anchor":{"x":0.5,"y":0.5},"scale":{"x":1,"y":1},"rotation":0,"depth":0,"data":"","position":{"x":721,"y":-131}},{"id":"coin","texture":"pick_up","anchor":{"x":0.5,"y":0.5},"scale":{"x":1,"y":1},"rotation":0,"depth":0,"data":"","position":{"x":821,"y":-2387}},{"id":"coin","texture":"pick_up","anchor":{"x":0.5,"y":0.5},"scale":{"x":1,"y":1},"rotation":0,"depth":0,"data":"","position":{"x":692,"y":-2388}},{"id":"coin","texture":"pick_up","anchor":{"x":0.5,"y":0.5},"scale":{"x":1,"y":1},"rotation":0,"depth":0,"data":"","position":{"x":2053,"y":229}},{"id":"coin","texture":"pick_up","anchor":{"x":0.5,"y":0.5},"scale":{"x":1,"y":1},"rotation":0,"depth":0,"data":"","position":{"x":1145,"y":264}},{"id":"coin","texture":"pick_up","anchor":{"x":0.5,"y":0.5},"scale":{"x":1,"y":1},"rotation":0,"depth":0,"data":"","position":{"x":1797,"y":-2300}},{"id":"coin","texture":"pick_up","anchor":{"x":0.5,"y":0.5},"scale":{"x":1,"y":1},"rotation":0,"depth":0,"data":"","position":{"x":3288,"y":-1073}},{"id":"coin","texture":"pick_up","anchor":{"x":0.5,"y":0.5},"scale":{"x":1,"y":1},"rotation":0,"depth":0,"data":"","position":{"x":3279,"y":-790}},{"id":"coin","texture":"pick_up","anchor":{"x":0.5,"y":0.5},"scale":{"x":1,"y":1},"rotation":0,"depth":0,"data":"","position":{"x":3285,"y":-535}},{"id":"coin","texture":"pick_up","anchor":{"x":0.5,"y":0.5},"scale":{"x":1,"y":1},"rotation":0,"depth":0,"data":"","position":{"x":3284,"y":-269}},{"id":"coin","texture":"pick_up","anchor":{"x":0.5,"y":0.5},"scale":{"x":1,"y":1},"rotation":0,"depth":0,"data":"","position":{"x":717,"y":-1290}},{"id":"coin","texture":"pick_up","anchor":{"x":0.5,"y":0.5},"scale":{"x":1,"y":1},"rotation":0,"depth":0,"data":"","position":{"x":566,"y":-1164}},{"id":"coin","texture":"pick_up","anchor":{"x":0.5,"y":0.5},"scale":{"x":1,"y":1},"rotation":0,"depth":0,"data":"","position":{"x":231,"y":-2088}},{"id":"coin","texture":"pick_up","anchor":{"x":0.5,"y":0.5},"scale":{"x":1,"y":1},"rotation":0,"depth":0,"data":"","position":{"x":343,"y":-1916}},{"id":"coin","texture":"pick_up","anchor":{"x":0.5,"y":0.5},"scale":{"x":1,"y":1},"rotation":0,"depth":0,"data":"","position":{"x":1440,"y":-2895}},{"id":"coin","texture":"pick_up","anchor":{"x":0.5,"y":0.5},"scale":{"x":1,"y":1},"rotation":0,"depth":0,"data":"","position":{"x":3286,"y":-23}},{"id":"coin","texture":"pick_up","anchor":{"x":0.5,"y":0.5},"scale":{"x":1,"y":1},"rotation":0,"depth":0,"data":"","position":{"x":1803,"y":-3020}},{"id":"coin","texture":"pick_up","anchor":{"x":0.5,"y":0.5},"scale":{"x":1,"y":1},"rotation":0,"depth":0,"data":"","position":{"x":1300,"y":-1092}},{"id":"coin","texture":"pick_up","anchor":{"x":0.5,"y":0.5},"scale":{"x":1,"y":1},"rotation":0,"depth":0,"data":"","position":{"x":1946,"y":-2358}},{"id":"coin","texture":"pick_up","anchor":{"x":0.5,"y":0.5},"scale":{"x":1,"y":1},"rotation":0,"depth":0,"data":"","position":{"x":2591,"y":-2404}},{"id":"key_red","texture":"key_red_radial","anchor":{"x":0.5,"y":0.5},"scale":{"x":1,"y":1},"rotation":0,"depth":0,"data":"","position":{"x":2000,"y":-3029}},{"id":"coin","texture":"pick_up","anchor":{"x":0.5,"y":0.5},"scale":{"x":1,"y":1},"rotation":0,"depth":0,"data":"","position":{"x":750,"y":-1473}},{"id":"time","texture":"pick_up_time","anchor":{"x":0.5,"y":0.5},"scale":{"x":1,"y":1},"rotation":0,"depth":0,"data":"","position":{"x":-435,"y":-1153}},{"id":"coin","texture":"pick_up","anchor":{"x":0.5,"y":0.5},"scale":{"x":1,"y":1},"rotation":0,"depth":0,"data":"","position":{"x":-41,"y":-859}},{"id":"coin","texture":"pick_up","anchor":{"x":0.5,"y":0.5},"scale":{"x":1,"y":1},"rotation":0,"depth":0,"data":"","position":{"x":-107,"y":-1002}},{"id":"coin","texture":"pick_up","anchor":{"x":0.5,"y":0.5},"scale":{"x":1,"y":1},"rotation":0,"depth":0,"data":"","position":{"x":507,"y":-1796}},{"id":"coin","texture":"pick_up","anchor":{"x":0.5,"y":0.5},"scale":{"x":1,"y":1},"rotation":0,"depth":0,"data":"","position":{"x":2710,"y":-2399}},{"id":"coin","texture":"pick_up","anchor":{"x":0.5,"y":0.5},"scale":{"x":1,"y":1},"rotation":0,"depth":0,"data":"","position":{"x":2647,"y":-2511}},{"id":"coin","texture":"pick_up","anchor":{"x":0.5,"y":0.5},"scale":{"x":1,"y":1},"rotation":0,"depth":0,"data":"","position":{"x":2591,"y":-6}},{"id":"coin","texture":"pick_up","anchor":{"x":0.5,"y":0.5},"scale":{"x":1,"y":1},"rotation":0,"depth":0,"data":"","position":{"x":2451,"y":93}},{"id":"coin","texture":"pick_up","anchor":{"x":0.5,"y":0.5},"scale":{"x":1,"y":1},"rotation":0,"depth":0,"data":"","position":{"x":1695,"y":-2155}},{"id":"coin","texture":"pick_up","anchor":{"x":0.5,"y":0.5},"scale":{"x":1,"y":1},"rotation":0,"depth":0,"data":"","position":{"x":2691,"y":-148}},{"id":"coin","texture":"pick_up","anchor":{"x":0.5,"y":0.5},"scale":{"x":1,"y":1},"rotation":0,"depth":0,"data":"","position":{"x":1593,"y":-882}},{"id":"coin","texture":"pick_up","anchor":{"x":0.5,"y":0.5},"scale":{"x":1,"y":1},"rotation":0,"depth":0,"data":"","position":{"x":1461,"y":-1029}},{"id":"coin","texture":"pick_up","anchor":{"x":0.5,"y":0.5},"scale":{"x":1,"y":1},"rotation":0,"depth":0,"data":"","position":{"x":873,"y":-246}},{"id":"coin","texture":"pick_up","anchor":{"x":0.5,"y":0.5},"scale":{"x":1,"y":1},"rotation":0,"depth":0,"data":"","position":{"x":754,"y":-2503}},{"id":"time","texture":"pick_up_time","anchor":{"x":0.5,"y":0.5},"scale":{"x":1,"y":1},"rotation":0,"depth":0,"data":"","position":{"x":3282,"y":-1331}},{"id":"time","texture":"pick_up_time","anchor":{"x":0.5,"y":0.5},"scale":{"x":1,"y":1},"rotation":0,"depth":0,"data":"","position":{"x":1586,"y":253}},{"id":"time","texture":"pick_up_time","anchor":{"x":0.5,"y":0.5},"scale":{"x":1,"y":1},"rotation":0,"depth":0,"data":"","position":{"x":2281,"y":-2320}}]}],"length":2256}