{"name":"heatblast_2","layers":[{"name":"beauty","depth":-3,"paths":[],"objects":[{"id":"bin_02","texture":"theme_002_scenery_bin","anchor":{"x":0.5,"y":1},"scale":{"x":1,"y":1},"rotation":0,"depth":0,"data":"","position":{"x":10425,"y":-907}},{"id":"wall_02","texture":"theme_002_scenery_wall","anchor":{"x":0.5,"y":1},"scale":{"x":1,"y":1},"rotation":0,"depth":0,"data":"","position":{"x":5387,"y":-1866}},{"id":"support02_02","texture":"theme_002_scenery_support_002","anchor":{"x":0.5,"y":1},"scale":{"x":1,"y":1},"rotation":0,"depth":0,"data":"","position":{"x":7205,"y":-263}},{"id":"support02_02","texture":"theme_002_scenery_support_002","anchor":{"x":0.5,"y":1},"scale":{"x":1,"y":1},"rotation":0,"depth":0,"data":"","position":{"x":6092,"y":-277}},{"id":"sign_02","texture":"theme_002_scenery_sign","anchor":{"x":0.5,"y":1},"scale":{"x":1,"y":1},"rotation":0,"depth":0,"data":"","position":{"x":5298,"y":-671}},{"id":"support01_02","texture":"theme_002_scenery_support_001","anchor":{"x":0.5,"y":1},"scale":{"x":1.8,"y":1.8},"rotation":-18,"depth":0,"data":"","position":{"x":9277,"y":-678}},{"id":"support01_02","texture":"theme_002_scenery_support_001","anchor":{"x":0.5,"y":1},"scale":{"x":1.6,"y":1.6},"rotation":0,"depth":0,"data":"","position":{"x":10167,"y":-896}},{"id":"shrubs_02","texture":"theme_002_scenery_shrubs","anchor":{"x":0.5,"y":1},"scale":{"x":1,"y":1},"rotation":0,"depth":0,"data":"","position":{"x":5037,"y":-675}},{"id":"shrubs_02","texture":"theme_002_scenery_shrubs","anchor":{"x":0.5,"y":1},"scale":{"x":1,"y":1},"rotation":0,"depth":0,"data":"","position":{"x":8654,"y":-2235}},{"id":"posts_02","texture":"theme_002_scenery_posts","anchor":{"x":0.5,"y":1},"scale":{"x":1,"y":1},"rotation":0,"depth":0,"data":"","position":{"x":7702,"y":-2239}},{"id":"posts_02","texture":"theme_002_scenery_posts","anchor":{"x":0.5,"y":1},"scale":{"x":1,"y":1},"rotation":0,"depth":-1,"data":"","position":{"x":8046,"y":-2231}},{"id":"posts_02","texture":"theme_002_scenery_posts","anchor":{"x":0.5,"y":1},"scale":{"x":1,"y":1},"rotation":0,"depth":-2,"data":"","position":{"x":8389,"y":-2228}},{"id":"sign_02","texture":"theme_002_scenery_sign","anchor":{"x":0.5,"y":1},"scale":{"x":1,"y":1},"rotation":-5,"depth":0,"data":"","position":{"x":5857,"y":-1802}},{"id":"posts_02","texture":"theme_002_scenery_posts","anchor":{"x":0.5,"y":1},"scale":{"x":1,"y":1},"rotation":0,"depth":0,"data":"","position":{"x":2235,"y":-553}},{"id":"posts_02","texture":"theme_002_scenery_posts","anchor":{"x":0.5,"y":1},"scale":{"x":1,"y":1},"rotation":0,"depth":0,"data":"","position":{"x":6875,"y":-1010}},{"id":"bin_02","texture":"theme_002_scenery_bin","anchor":{"x":0.5,"y":1},"scale":{"x":1,"y":1},"rotation":0,"depth":0,"data":"","position":{"x":4826,"y":-338}},{"id":"bin_02","texture":"theme_002_scenery_bin","anchor":{"x":0.5,"y":1},"scale":{"x":1,"y":1},"rotation":0,"depth":0,"data":"","position":{"x":8976,"y":-2246}},{"id":"bin_02","texture":"theme_002_scenery_bin","anchor":{"x":0.5,"y":1},"scale":{"x":1,"y":1},"rotation":-1,"depth":0,"data":"","position":{"x":12505,"y":-288}},{"id":"shrubs_02","texture":"theme_002_scenery_shrubs","anchor":{"x":0.5,"y":1},"scale":{"x":1,"y":1},"rotation":0,"depth":0,"data":"","position":{"x":9599,"y":-682}},{"id":"wall_02","texture":"theme_002_scenery_wall","anchor":{"x":0.5,"y":1},"scale":{"x":1,"y":1},"rotation":0,"depth":0,"data":"","position":{"x":7216,"y":-1451}},{"id":"wall_02","texture":"theme_002_scenery_wall","anchor":{"x":0.5,"y":1},"scale":{"x":1,"y":1},"rotation":0,"depth":0,"data":"","position":{"x":12063,"y":-513}},{"id":"posts_02","texture":"theme_002_scenery_posts","anchor":{"x":0.5,"y":1},"scale":{"x":1,"y":1},"rotation":-1,"depth":0,"data":"","position":{"x":637,"y":81}},{"id":"shrubs_02","texture":"theme_002_scenery_shrubs","anchor":{"x":0.5,"y":1},"scale":{"x":1,"y":1},"rotation":0,"depth":0,"data":"","position":{"x":2128,"y":66}},{"id":"bin_02","texture":"theme_002_scenery_bin","anchor":{"x":0.5,"y":1},"scale":{"x":1,"y":1},"rotation":-5,"depth":0,"data":"","position":{"x":8972,"y":-481}},{"id":"shrubs_02","texture":"theme_002_scenery_shrubs","anchor":{"x":0.5,"y":1},"scale":{"x":1,"y":1},"rotation":0,"depth":1,"data":"","position":{"x":937,"y":81}},{"id":"sign_02","texture":"theme_002_scenery_sign","anchor":{"x":0.5,"y":1},"scale":{"x":1,"y":1},"rotation":-7,"depth":0,"data":"","position":{"x":12468,"y":-281}},{"id":"shrubs_02","texture":"theme_002_scenery_shrubs","anchor":{"x":0.5,"y":1},"scale":{"x":1,"y":1},"rotation":57,"depth":0,"data":"","position":{"x":11434,"y":-1777}},{"id":"wall_02","texture":"theme_002_scenery_wall","anchor":{"x":0.5,"y":1},"scale":{"x":1,"y":1},"rotation":4,"depth":0,"data":"","position":{"x":10060,"y":-2253}},{"id":"posts_02","texture":"theme_002_scenery_posts","anchor":{"x":0.5,"y":1},"scale":{"x":1,"y":1},"rotation":-18,"depth":0,"data":"","position":{"x":6160,"y":-931}},{"id":"posts_02","texture":"theme_002_scenery_posts","anchor":{"x":0.5,"y":1},"scale":{"x":1,"y":1},"rotation":0,"depth":0,"data":"","position":{"x":1574,"y":78}},{"id":"posts_02","texture":"theme_002_scenery_posts","anchor":{"x":0.5,"y":1},"scale":{"x":1,"y":1},"rotation":-38,"depth":0,"data":"","position":{"x":3949,"y":-132}},{"id":"posts_02","texture":"theme_002_scenery_posts","anchor":{"x":0.5,"y":1},"scale":{"x":1,"y":1},"rotation":0,"depth":0,"data":"","position":{"x":10181,"y":-906}},{"id":"posts_02","texture":"theme_002_scenery_posts","anchor":{"x":0.5,"y":1},"scale":{"x":1,"y":1},"rotation":-12,"depth":0,"data":"","position":{"x":10733,"y":-2768}},{"id":"posts_02","texture":"theme_002_scenery_posts","anchor":{"x":0.5,"y":1},"scale":{"x":1,"y":1},"rotation":-5,"depth":0,"data":"","position":{"x":12992,"y":-2237}},{"id":"shrubs_02","texture":"theme_002_scenery_shrubs","anchor":{"x":0.5,"y":1},"scale":{"x":1,"y":1},"rotation":28,"depth":0,"data":"","position":{"x":12140,"y":-2775}},{"id":"wall_02","texture":"theme_002_scenery_wall","anchor":{"x":0.5,"y":1},"scale":{"x":1,"y":1},"rotation":4,"depth":0,"data":"","position":{"x":2944,"y":64}},{"id":"wall_02","texture":"theme_002_scenery_wall","anchor":{"x":0.5,"y":1},"scale":{"x":1,"y":1},"rotation":0,"depth":0,"data":"","position":{"x":-74,"y":83}},{"id":"posts_02","texture":"theme_002_scenery_posts","anchor":{"x":0.5,"y":1},"scale":{"x":1,"y":1},"rotation":6,"depth":0,"data":"","position":{"x":-844,"y":-870}},{"id":"posts_02","texture":"theme_002_scenery_posts","anchor":{"x":0.5,"y":1},"scale":{"x":1,"y":1},"rotation":6,"depth":0,"data":"","position":{"x":-1187,"y":-901}},{"id":"shrubs_02","texture":"theme_002_scenery_shrubs","anchor":{"x":0.5,"y":1},"scale":{"x":1,"y":1},"rotation":8,"depth":0,"data":"","position":{"x":-1587,"y":-950}},{"id":"rock01_02","texture":"theme_002_obstacle_rock","anchor":{"x":0.5,"y":1},"scale":{"x":1,"y":1},"rotation":13,"depth":0,"data":"","position":{"x":-287,"y":-780}},{"id":"rock01_02","texture":"theme_002_obstacle_rock","anchor":{"x":0.5,"y":1},"scale":{"x":1,"y":1},"rotation":8,"depth":0,"data":"","position":{"x":-1417,"y":-916}},{"id":"sign_02","texture":"theme_002_scenery_sign","anchor":{"x":0.5,"y":1},"scale":{"x":1,"y":1},"rotation":0,"depth":0,"data":"","position":{"x":-567,"y":-832}}]},{"name":"obstacles","depth":-2,"paths":[],"objects":[{"id":"level_gameover","texture":"level_gameover","anchor":{"x":0.5,"y":0.5},"scale":{"x":10,"y":10},"rotation":0,"depth":0,"data":"","position":{"x":13718,"y":534}},{"id":"level_end","texture":"level_end","anchor":{"x":0.5,"y":0.5},"scale":{"x":5,"y":5},"rotation":0,"depth":0,"data":"","position":{"x":10085,"y":-1239}},{"id":"finish_02","texture":"theme_002_obstacle_finish","anchor":{"x":0.5,"y":1},"scale":{"x":1,"y":1},"rotation":0,"depth":0,"data":"","position":{"x":9941,"y":-920}},{"id":"gate_red02","texture":"theme_002_obstacle_gate_red_closed","anchor":{"x":0.5,"y":1},"scale":{"x":1,"y":1},"rotation":0,"depth":0,"data":"","position":{"x":8326,"y":-251}},{"id":"teleport_02","texture":"theme_002_obstacle_teleport_off","anchor":{"x":0.5,"y":1},"scale":{"x":1,"y":1},"rotation":0,"depth":0,"data":"{ \"in\":1,\"out\":2 }","position":{"x":12999,"y":-299}},{"id":"teleport_02","texture":"theme_002_obstacle_teleport_off","anchor":{"x":0.5,"y":1},"scale":{"x":1,"y":1},"rotation":0,"depth":0,"data":"{ \"in\":2,\"out\":2 }","position":{"x":2208,"y":-560}},{"id":"level_gameover","texture":"level_gameover","anchor":{"x":0.5,"y":0.5},"scale":{"x":10,"y":10},"rotation":0,"depth":0,"data":"","position":{"x":11154,"y":272}},{"id":"level_gameover","texture":"level_gameover","anchor":{"x":0.5,"y":0.5},"scale":{"x":10,"y":10},"rotation":0,"depth":0,"data":"","position":{"x":12445,"y":709}},{"id":"level_gameover","texture":"level_gameover","anchor":{"x":0.5,"y":0.5},"scale":{"x":6.7,"y":6.7},"rotation":0,"depth":0,"data":"","position":{"x":5193,"y":340}},{"id":"spike02_02","texture":"theme_002_obstacle_spike_large_off","anchor":{"x":0.5,"y":1},"scale":{"x":1,"y":1},"rotation":0,"depth":0,"data":"","position":{"x":13870,"y":-2257}},{"id":"spike01_02","texture":"theme_002_obstacle_spike_small_off","anchor":{"x":0.5,"y":1},"scale":{"x":1,"y":1},"rotation":0,"depth":0,"data":"","position":{"x":8732,"y":-261}},{"id":"rock01_02","texture":"theme_002_obstacle_rock","anchor":{"x":0.5,"y":1},"scale":{"x":1,"y":1},"rotation":0,"depth":0,"data":"","position":{"x":6693,"y":-213}},{"id":"rock01_02","texture":"theme_002_obstacle_rock","anchor":{"x":0.5,"y":1},"scale":{"x":1,"y":1},"rotation":0,"depth":0,"data":"","position":{"x":14104,"y":-2237}},{"id":"rock01_02","texture":"theme_002_obstacle_rock","anchor":{"x":0.5,"y":1},"scale":{"x":1,"y":1},"rotation":0,"depth":0,"data":"","position":{"x":11867,"y":-506}},{"id":"hint","texture":"hint","anchor":{"x":0.5,"y":0.5},"scale":{"x":3,"y":3},"rotation":0,"depth":0,"data":"{ \"id\" : \"heatblast\" }","position":{"x":906,"y":-118}},{"id":"spike01_02","texture":"theme_002_obstacle_spike_small_off","anchor":{"x":0.5,"y":1},"scale":{"x":1,"y":1},"rotation":10,"depth":0,"data":"","position":{"x":9273,"y":-2770}},{"id":"spike01_02","texture":"theme_002_obstacle_spike_small_off","anchor":{"x":0.5,"y":1},"scale":{"x":1,"y":1},"rotation":-5,"depth":0,"data":"","position":{"x":11210,"y":-2872}}]},{"name":"platforms","depth":0,"paths":[{"closed":false,"depth":0,"collisions":1,"texFill":"theme_02_fill","texGround":"theme_02_ground","texGroundEdge":"theme_02_ground_edge","texWall":"theme_02_wall","texFillPadding":512,"texFillSize":256,"texGroundSize":160,"texGroundDelta":0.3,"texWallSize":160,"texWallDelta":0.1,"texWallAngle":70,"texGroundEdgeSide":"","data":"","points":[{"x":-2256,"y":-1088},{"x":-1728,"y":-896},{"x":-752,"y":-912},{"x":-192,"y":-768},{"x":-192,"y":-720},{"x":-192,"y":96},{"x":-192,"y":80},{"x":-48,"y":80},{"x":1248,"y":80},{"x":1536,"y":80},{"x":1760,"y":80},{"x":2272,"y":48},{"x":2688,"y":48},{"x":3024,"y":48},{"x":3104,"y":96},{"x":3456,"y":96},{"x":3856,"y":96},{"x":4032,"y":-336},{"x":4352,"y":-336},{"x":4576,"y":-336},{"x":4576,"y":-336},{"x":4800,"y":-336},{"x":4800,"y":-176},{"x":4800,"y":528},{"x":4800,"y":624}],"bounds":[-2256,4800]},{"closed":false,"depth":-1,"collisions":1,"texFill":"theme_02_fill","texGround":"theme_02_ground","texGroundEdge":"theme_02_ground_edge","texWall":"theme_02_wall","texFillPadding":704,"texFillSize":256,"texGroundSize":160,"texGroundDelta":0.3,"texWallSize":160,"texWallDelta":0.1,"texWallAngle":70,"texGroundEdgeSide":"","data":"","points":[{"x":2096,"y":-560},{"x":2352,"y":-560},{"x":2704,"y":-560},{"x":2832,"y":-560}],"bounds":[2096,2832]},{"closed":true,"depth":0,"collisions":1,"texFill":"theme_02_fill","texGround":"theme_02_ground","texGroundEdge":"theme_02_ground_edge","texWall":"theme_02_wall","texFillPadding":512,"texFillSize":256,"texGroundSize":160,"texGroundDelta":0.3,"texWallSize":160,"texWallDelta":0.1,"texWallAngle":70,"texGroundEdgeSide":"","data":"","points":[{"x":4880,"y":-1952},{"x":5056,"y":-1936},{"x":5024,"y":-1872},{"x":5168,"y":-1872},{"x":5152,"y":-1872},{"x":5568,"y":-1872},{"x":5552,"y":-1872},{"x":5552,"y":-1792},{"x":5536,"y":-1712},{"x":5456,"y":-1712},{"x":5360,"y":-1712},{"x":5280,"y":-1552},{"x":5184,"y":-1584},{"x":5120,"y":-1600},{"x":5184,"y":-1744},{"x":5008,"y":-1792},{"x":4896,"y":-1824},{"x":4896,"y":-1888},{"x":4880,"y":-1888}],"bounds":[4880,5568]},{"closed":true,"depth":0,"collisions":1,"texFill":"theme_02_fill","texGround":"theme_02_ground","texGroundEdge":"theme_02_ground_edge","texWall":"theme_02_wall","texFillPadding":512,"texFillSize":256,"texGroundSize":160,"texGroundDelta":0.3,"texWallSize":160,"texWallDelta":0.1,"texWallAngle":70,"texGroundEdgeSide":"","data":"","points":[{"x":4976,"y":-672},{"x":5152,"y":-672},{"x":5152,"y":-672},{"x":5344,"y":-672},{"x":5472,"y":-672},{"x":5376,"y":-592},{"x":5504,"y":-592},{"x":5472,"y":-592},{"x":5472,"y":-464},{"x":5424,"y":-464},{"x":5312,"y":-464},{"x":5312,"y":-496},{"x":5200,"y":-496},{"x":5120,"y":-496},{"x":5120,"y":-544},{"x":5040,"y":-544},{"x":4992,"y":-544},{"x":4992,"y":-624},{"x":4944,"y":-624}],"bounds":[4944,5504]},{"closed":false,"depth":0,"collisions":1,"texFill":"theme_02_fill","texGround":"theme_02_ground","texGroundEdge":"theme_02_ground_edge","texWall":"theme_02_wall","texFillPadding":512,"texFillSize":256,"texGroundSize":160,"texGroundDelta":0.3,"texWallSize":160,"texWallDelta":0.1,"texWallAngle":70,"texGroundEdgeSide":"","data":"","points":[{"x":5600,"y":-320},{"x":5792,"y":-320},{"x":5792,"y":-320},{"x":5984,"y":-320},{"x":6160,"y":-320},{"x":6160,"y":-320},{"x":6320,"y":-320},{"x":6512,"y":-320},{"x":6512,"y":-224},{"x":6704,"y":-224},{"x":6896,"y":-224},{"x":6896,"y":-304},{"x":7072,"y":-304},{"x":7296,"y":-304},{"x":7584,"y":0},{"x":7808,"y":0},{"x":7968,"y":0},{"x":8064,"y":-48},{"x":8128,"y":-272},{"x":8448,"y":-272},{"x":8224,"y":-256},{"x":8528,"y":-256},{"x":8672,"y":-256},{"x":8816,"y":-256},{"x":8976,"y":-256},{"x":8976,"y":-160},{"x":8976,"y":-384},{"x":8976,"y":-480},{"x":9088,"y":-480},{"x":9104,"y":-480},{"x":9232,"y":-480},{"x":9232,"y":-368},{"x":9232,"y":-608},{"x":9232,"y":-688},{"x":9408,"y":-688},{"x":9568,"y":-688},{"x":9760,"y":-688},{"x":9760,"y":-560},{"x":9760,"y":-800},{"x":9760,"y":-912},{"x":9888,"y":-912},{"x":10208,"y":-912},{"x":10480,"y":-912}],"bounds":[5600,10480]},{"closed":true,"depth":0,"collisions":1,"texFill":"theme_02_fill","texGround":"theme_02_ground","texGroundEdge":"theme_02_ground_edge","texWall":"theme_02_wall","texFillPadding":512,"texFillSize":256,"texGroundSize":160,"texGroundDelta":0.3,"texWallSize":160,"texWallDelta":0.1,"texWallAngle":70,"texGroundEdgeSide":"","data":"","points":[{"x":5888,"y":-1808},{"x":5984,"y":-1808},{"x":6112,"y":-1808},{"x":6208,"y":-1808},{"x":6080,"y":-1760},{"x":6112,"y":-1728},{"x":6080,"y":-1696},{"x":6048,"y":-1664},{"x":6064,"y":-1600},{"x":6016,"y":-1600},{"x":5952,"y":-1600},{"x":5936,"y":-1552},{"x":5888,"y":-1584},{"x":5840,"y":-1616},{"x":5856,"y":-1760},{"x":5840,"y":-1760}],"bounds":[5840,6208]},{"closed":true,"depth":0,"collisions":1,"texFill":"theme_02_fill","texGround":"theme_02_ground","texGroundEdge":"theme_02_ground_edge","texWall":"theme_02_wall","texFillPadding":512,"texFillSize":256,"texGroundSize":160,"texGroundDelta":0.3,"texWallSize":160,"texWallDelta":0.1,"texWallAngle":70,"texGroundEdgeSide":"","data":"","points":[{"x":5856,"y":-880},{"x":5904,"y":-880},{"x":5984,"y":-880},{"x":6000,"y":-880},{"x":6096,"y":-880},{"x":6208,"y":-992},{"x":6368,"y":-992},{"x":6368,"y":-944},{"x":6416,"y":-816},{"x":6272,"y":-720},{"x":6176,"y":-720},{"x":6176,"y":-736},{"x":6096,"y":-736},{"x":6016,"y":-736},{"x":6016,"y":-752},{"x":5920,"y":-752},{"x":5888,"y":-752},{"x":5888,"y":-832},{"x":5856,"y":-832}],"bounds":[5856,6416]},{"closed":true,"depth":0,"collisions":1,"texFill":"theme_02_fill","texGround":"theme_02_ground","texGroundEdge":"theme_02_ground_edge","texWall":"theme_02_wall","texFillPadding":512,"texFillSize":256,"texGroundSize":160,"texGroundDelta":0.3,"texWallSize":160,"texWallDelta":0.1,"texWallAngle":70,"texGroundEdgeSide":"","data":"","points":[{"x":6288,"y":-1808},{"x":6560,"y":-1856},{"x":6640,"y":-1616},{"x":6784,"y":-1600},{"x":6784,"y":-1552},{"x":6784,"y":-1536},{"x":6752,"y":-1536},{"x":6720,"y":-1504},{"x":6672,"y":-1456},{"x":6624,"y":-1456},{"x":6576,"y":-1456},{"x":6512,"y":-1552},{"x":6496,"y":-1584},{"x":6480,"y":-1616},{"x":6544,"y":-1632},{"x":6432,"y":-1728}],"bounds":[6288,6784]},{"closed":true,"depth":0,"collisions":1,"texFill":"theme_02_fill","texGround":"theme_02_ground","texGroundEdge":"theme_02_ground_edge","texWall":"theme_02_wall","texFillPadding":512,"texFillSize":256,"texGroundSize":160,"texGroundDelta":0.35,"texWallSize":160,"texWallDelta":0.1,"texWallAngle":70,"texGroundEdgeSide":"","data":"","points":[{"x":6864,"y":-2240},{"x":6912,"y":-2240},{"x":7072,"y":-2240},{"x":7136,"y":-2240},{"x":7136,"y":-2224},{"x":7136,"y":-2192},{"x":7072,"y":-2192},{"x":6976,"y":-2192},{"x":6912,"y":-2112},{"x":6816,"y":-2128},{"x":6720,"y":-2112},{"x":6752,"y":-2032},{"x":6640,"y":-2032},{"x":6592,"y":-2032},{"x":6480,"y":-2048},{"x":6448,"y":-2048},{"x":6624,"y":-2112},{"x":6720,"y":-2272},{"x":6848,"y":-2240}],"bounds":[6448,7136]},{"closed":true,"depth":0,"collisions":1,"texFill":"theme_02_fill","texGround":"theme_02_ground","texGroundEdge":"theme_02_ground_edge","texWall":"theme_02_wall","texFillPadding":512,"texFillSize":256,"texGroundSize":160,"texGroundDelta":0.3,"texWallSize":160,"texWallDelta":0.1,"texWallAngle":70,"texGroundEdgeSide":"left","data":"","points":[{"x":8032,"y":-800},{"x":7680,"y":-800},{"x":7632,"y":-752},{"x":7280,"y":-752},{"x":7120,"y":-752},{"x":7104,"y":-848},{"x":6960,"y":-848},{"x":6848,"y":-848},{"x":6848,"y":-1008},{"x":6736,"y":-1008},{"x":7024,"y":-1008},{"x":6944,"y":-1008},{"x":7232,"y":-1008},{"x":7344,"y":-1008},{"x":7440,"y":-1040},{"x":7536,"y":-1120},{"x":7584,"y":-1184},{"x":7632,"y":-1408},{"x":7872,"y":-1360}],"bounds":[6736,8032]},{"closed":true,"depth":0,"collisions":1,"texFill":"theme_02_fill","texGround":"theme_02_ground","texGroundEdge":"theme_02_ground_edge","texWall":"theme_02_wall","texFillPadding":512,"texFillSize":256,"texGroundSize":160,"texGroundDelta":0.3,"texWallSize":160,"texWallDelta":0.1,"texWallAngle":70,"texGroundEdgeSide":"","data":"","points":[{"x":7104,"y":-1456},{"x":7200,"y":-1456},{"x":7200,"y":-1456},{"x":7312,"y":-1456},{"x":7296,"y":-1456},{"x":7296,"y":-1328},{"x":7296,"y":-1328},{"x":7248,"y":-1328},{"x":7248,"y":-1328},{"x":7200,"y":-1328},{"x":7136,"y":-1328},{"x":7136,"y":-1408},{"x":7088,"y":-1408}],"bounds":[7088,7312]},{"closed":true,"depth":-1,"collisions":1,"texFill":"theme_02_fill","texGround":"theme_02_ground","texGroundEdge":"theme_02_ground_edge","texWall":"theme_02_wall","texFillPadding":512,"texFillSize":256,"texGroundSize":160,"texGroundDelta":0.3,"texWallSize":160,"texWallDelta":0.1,"texWallAngle":70,"texGroundEdgeSide":"","data":"","points":[{"x":7440,"y":-2240},{"x":7808,"y":-2240},{"x":8416,"y":-2240},{"x":8768,"y":-2240},{"x":9280,"y":-2240},{"x":9280,"y":-2272},{"x":9808,"y":-2272},{"x":10272,"y":-2272},{"x":10272,"y":-2192},{"x":10736,"y":-2192},{"x":10928,"y":-2192},{"x":10928,"y":-2096},{"x":11120,"y":-2096},{"x":11360,"y":-2096},{"x":11568,"y":-1376},{"x":11808,"y":-1376},{"x":11648,"y":-1376},{"x":11584,"y":-352},{"x":10416,"y":-416},{"x":10416,"y":-720},{"x":10624,"y":-1440},{"x":10512,"y":-1552},{"x":10416,"y":-1744},{"x":10048,"y":-1600},{"x":9728,"y":-1600},{"x":9600,"y":-1600},{"x":9600,"y":-1600},{"x":9456,"y":-1600},{"x":9232,"y":-1600},{"x":9232,"y":-1440},{"x":9008,"y":-1440},{"x":8896,"y":-1440},{"x":8912,"y":-1328},{"x":8800,"y":-1296},{"x":8656,"y":-1248},{"x":8800,"y":-1088},{"x":8656,"y":-976},{"x":8512,"y":-848},{"x":8544,"y":-720},{"x":8416,"y":-720},{"x":8112,"y":-704},{"x":8208,"y":-800},{"x":8016,"y":-800},{"x":7936,"y":-784},{"x":7968,"y":-976},{"x":7904,"y":-1072},{"x":7840,"y":-1168},{"x":7776,"y":-1984},{"x":7680,"y":-1984},{"x":7552,"y":-1984},{"x":7552,"y":-2192},{"x":7440,"y":-2192}],"bounds":[7440,11808]},{"closed":true,"depth":0,"collisions":1,"texFill":"theme_02_fill","texGround":"theme_02_ground","texGroundEdge":"theme_02_ground_edge","texWall":"theme_02_wall","texFillPadding":512,"texFillSize":256,"texGroundSize":160,"texGroundDelta":0.3,"texWallSize":160,"texWallDelta":0.1,"texWallAngle":70,"texGroundEdgeSide":"","data":"","points":[{"x":8320,"y":-2512},{"x":8480,"y":-2544},{"x":8688,"y":-2688},{"x":8880,"y":-2752},{"x":9152,"y":-2848},{"x":9424,"y":-2704},{"x":9840,"y":-2704},{"x":9776,"y":-2544},{"x":9328,"y":-2656},{"x":9120,"y":-2608},{"x":8816,"y":-2560},{"x":8672,"y":-2416},{"x":8368,"y":-2496}],"bounds":[8320,9840]},{"closed":true,"depth":0,"collisions":1,"texFill":"theme_02_fill","texGround":"theme_02_ground","texGroundEdge":"theme_02_ground_edge","texWall":"theme_02_wall","texFillPadding":512,"texFillSize":256,"texGroundSize":160,"texGroundDelta":0.3,"texWallSize":160,"texWallDelta":0.1,"texWallAngle":70,"texGroundEdgeSide":"","data":"","points":[{"x":10240,"y":-2704},{"x":10688,"y":-2704},{"x":10944,"y":-2880},{"x":11408,"y":-2880},{"x":11408,"y":-2880},{"x":11408,"y":-2752},{"x":11408,"y":-2752},{"x":10848,"y":-2752},{"x":10864,"y":-2656},{"x":10320,"y":-2656}],"bounds":[10240,11408]},{"closed":true,"depth":0,"collisions":1,"texFill":"theme_02_fill","texGround":"theme_02_ground","texGroundEdge":"theme_02_ground_edge","texWall":"theme_02_wall","texFillPadding":512,"texFillSize":256,"texGroundSize":160,"texGroundDelta":0.3,"texWallSize":160,"texWallDelta":0.1,"texWallAngle":70,"texGroundEdgeSide":"","data":"","points":[{"x":11808,"y":-2864},{"x":12176,"y":-2864},{"x":12384,"y":-2576},{"x":12528,"y":-2496},{"x":12480,"y":-2496},{"x":12384,"y":-2544},{"x":12336,"y":-2544},{"x":12112,"y":-2544},{"x":12160,"y":-2480},{"x":11936,"y":-2480},{"x":11888,"y":-2480},{"x":11824,"y":-2576},{"x":11808,"y":-2624},{"x":11744,"y":-2656},{"x":11808,"y":-2816},{"x":11792,"y":-2816}],"bounds":[11744,12528]},{"closed":true,"depth":0,"collisions":1,"texFill":"theme_02_fill","texGround":"theme_02_ground","texGroundEdge":"theme_02_ground_edge","texWall":"theme_02_wall","texFillPadding":512,"texFillSize":256,"texGroundSize":160,"texGroundDelta":0.3,"texWallSize":160,"texWallDelta":0.1,"texWallAngle":70,"texGroundEdgeSide":"","data":"","points":[{"x":11824,"y":-512},{"x":12048,"y":-512},{"x":12048,"y":-512},{"x":12256,"y":-512},{"x":12256,"y":-512},{"x":12256,"y":-304},{"x":12240,"y":-304},{"x":12192,"y":-304},{"x":12176,"y":-128},{"x":12128,"y":-128},{"x":12016,"y":-128},{"x":12016,"y":-144},{"x":11904,"y":-144},{"x":11856,"y":-144},{"x":11856,"y":-304},{"x":11792,"y":-304},{"x":11792,"y":-304},{"x":11792,"y":-480},{"x":11776,"y":-480}],"bounds":[11776,12256]},{"closed":true,"depth":0,"collisions":1,"texFill":"theme_02_fill","texGround":"theme_02_ground","texGroundEdge":"theme_02_ground_edge","texWall":"theme_02_wall","texFillPadding":512,"texFillSize":256,"texGroundSize":160,"texGroundDelta":0.3,"texWallSize":160,"texWallDelta":0.1,"texWallAngle":70,"texGroundEdgeSide":"","data":"","points":[{"x":12080,"y":-1904},{"x":12432,"y":-1904},{"x":12560,"y":-2288},{"x":13152,"y":-2256},{"x":13136,"y":-2256},{"x":13152,"y":-2224},{"x":13136,"y":-2224},{"x":12896,"y":-2224},{"x":12608,"y":-1808},{"x":12368,"y":-1808},{"x":12240,"y":-1808},{"x":12208,"y":-1888},{"x":12080,"y":-1888}],"bounds":[12080,13152]},{"closed":true,"depth":0,"collisions":1,"texFill":"theme_02_fill","texGround":"theme_02_ground","texGroundEdge":"theme_02_ground_edge","texWall":"theme_02_wall","texFillPadding":512,"texFillSize":256,"texGroundSize":160,"texGroundDelta":0.3,"texWallSize":160,"texWallDelta":0.1,"texWallAngle":70,"texGroundEdgeSide":"","data":"","points":[{"x":12528,"y":-288},{"x":12800,"y":-288},{"x":12800,"y":-304},{"x":13056,"y":-304},{"x":13040,"y":-304},{"x":13040,"y":-64},{"x":13024,"y":-64},{"x":12960,"y":-64},{"x":12960,"y":16},{"x":12912,"y":16},{"x":12816,"y":16},{"x":12800,"y":32},{"x":12720,"y":32},{"x":12640,"y":32},{"x":12640,"y":-128},{"x":12560,"y":-128},{"x":12528,"y":-128},{"x":12528,"y":-256},{"x":12496,"y":-256}],"bounds":[12496,13056]},{"closed":true,"depth":0,"collisions":1,"texFill":"theme_02_fill","texGround":"theme_02_ground","texGroundEdge":"theme_02_ground_edge","texWall":"theme_02_wall","texFillPadding":512,"texFillSize":256,"texGroundSize":160,"texGroundDelta":0.25,"texWallSize":160,"texWallDelta":0.1,"texWallAngle":70,"texGroundEdgeSide":"","data":"","points":[{"x":13584,"y":-2256},{"x":13856,"y":-2256},{"x":13856,"y":-2256},{"x":14128,"y":-2256},{"x":14096,"y":-2256},{"x":14096,"y":-1824},{"x":14048,"y":-1824},{"x":13936,"y":-1824},{"x":13840,"y":-1728},{"x":13712,"y":-1728},{"x":13664,"y":-1728},{"x":13744,"y":-1920},{"x":13728,"y":-1984},{"x":13728,"y":-2048},{"x":13584,"y":-2176},{"x":13584,"y":-2224}],"bounds":[13584,14128]}],"objects":[]},{"name":"enemies","depth":1,"paths":[],"objects":[{"id":"mascot_02","texture":"mascot_02","anchor":{"x":0.5,"y":1},"scale":{"x":1,"y":1},"rotation":0,"depth":0,"data":"{ \"left\": 200, \"right\": 100, \"orientation\": \"left\" }","position":{"x":2641,"y":-560}},{"id":"mascot_02","texture":"mascot_02","anchor":{"x":0.5,"y":1},"scale":{"x":1,"y":1},"rotation":0,"depth":0,"data":"{ \"left\": 200, \"right\": 200, \"orientation\": \"left\" }","position":{"x":1211,"y":78}},{"id":"mascot_02","texture":"mascot_02","anchor":{"x":0.5,"y":1},"scale":{"x":1,"y":1},"rotation":0,"depth":0,"data":"{ \"left\": 200, \"right\": 200, \"orientation\": \"left\" }","position":{"x":9443,"y":-689}},{"id":"mascot_02","texture":"mascot_02","anchor":{"x":0.5,"y":1},"scale":{"x":1,"y":1},"rotation":0,"depth":0,"data":"{ \"left\": 300, \"right\": 200, \"fireRate\" : 2, \"fireRateVariability\" : 60 }","position":{"x":5364,"y":-1874}},{"id":"mascot_02","texture":"mascot_02","anchor":{"x":0.5,"y":1},"scale":{"x":1,"y":1},"rotation":0,"depth":0,"data":"{ \"left\": 100, \"right\": 400, \"fireRate\" : 1, \"fireRateVariability\" : 60 }","position":{"x":5983,"y":-1806}},{"id":"mascot_02","texture":"mascot_02","anchor":{"x":0.5,"y":1},"scale":{"x":1,"y":1},"rotation":0,"depth":0,"data":"{ \"left\": 100, \"right\": 400, \"fireRate\" : 2, \"fireRateVariability\" : 60 }","position":{"x":6786,"y":-1009}},{"id":"mascot_02","texture":"mascot_02","anchor":{"x":0.5,"y":1},"scale":{"x":1,"y":1},"rotation":0,"depth":0,"data":"{ \"left\": 100, \"right\": 100, \"orientation\": \"left\" }","position":{"x":6964,"y":-2253}},{"id":"mascot_02","texture":"mascot_02","anchor":{"x":0.5,"y":1},"scale":{"x":1,"y":1},"rotation":0,"depth":0,"data":"{ \"left\": 50, \"right\": 50, \"orientation\": \"left\" }","position":{"x":10661,"y":-2190}},{"id":"mascot_02","texture":"mascot_02","anchor":{"x":0.5,"y":1},"scale":{"x":1,"y":1},"rotation":0,"depth":0,"data":"{ \"left\": 400, \"right\": 400, \"orientation\": \"right\" }","position":{"x":7994,"y":-2243}},{"id":"mascot_02","texture":"mascot_02","anchor":{"x":0.5,"y":1},"scale":{"x":1,"y":1},"rotation":0,"depth":0,"data":"{ \"left\": 400, \"right\": 400, \"orientation\": \"right\" }","position":{"x":8694,"y":-2244}},{"id":"mascot_02","texture":"mascot_02","anchor":{"x":0.5,"y":1},"scale":{"x":1,"y":1},"rotation":0,"depth":0,"data":"{ \"left\": 200, \"right\": 200, \"fireRate\" : 1, \"fireRateVariability\" : 60 }","position":{"x":4586,"y":-333}}]},{"name":"pickups","depth":2,"paths":[],"objects":[{"id":"coin","texture":"pick_up","anchor":{"x":0.5,"y":0.5},"scale":{"x":1,"y":1},"rotation":0,"depth":0,"data":"","position":{"x":9820,"y":-2866}},{"id":"coin","texture":"pick_up","anchor":{"x":0.5,"y":0.5},"scale":{"x":1,"y":1},"rotation":0,"depth":0,"data":"","position":{"x":7968,"y":-308}},{"id":"coin","texture":"pick_up","anchor":{"x":0.5,"y":0.5},"scale":{"x":1,"y":1},"rotation":0,"depth":0,"data":"","position":{"x":12059,"y":-1292}},{"id":"coin","texture":"pick_up","anchor":{"x":0.5,"y":0.5},"scale":{"x":1,"y":1},"rotation":0,"depth":0,"data":"","position":{"x":12094,"y":-1093}},{"id":"coin","texture":"pick_up","anchor":{"x":0.5,"y":0.5},"scale":{"x":1,"y":1},"rotation":0,"depth":0,"data":"","position":{"x":12097,"y":-886}},{"id":"coin","texture":"pick_up","anchor":{"x":0.5,"y":0.5},"scale":{"x":1,"y":1},"rotation":0,"depth":0,"data":"","position":{"x":12681,"y":-522}},{"id":"key_red","texture":"key_red_radial","anchor":{"x":0.5,"y":0.5},"scale":{"x":1,"y":1},"rotation":0,"depth":0,"data":"","position":{"x":11707,"y":-1688}},{"id":"coin","texture":"pick_up","anchor":{"x":0.5,"y":0.5},"scale":{"x":1,"y":1},"rotation":0,"depth":0,"data":"","position":{"x":1450,"y":-43}},{"id":"coin","texture":"pick_up","anchor":{"x":0.5,"y":0.5},"scale":{"x":1,"y":1},"rotation":0,"depth":0,"data":"","position":{"x":1667,"y":-61}},{"id":"coin","texture":"pick_up","anchor":{"x":0.5,"y":0.5},"scale":{"x":1,"y":1},"rotation":0,"depth":0,"data":"","position":{"x":1872,"y":-67}},{"id":"coin","texture":"pick_up","anchor":{"x":0.5,"y":0.5},"scale":{"x":1,"y":1},"rotation":0,"depth":0,"data":"","position":{"x":3334,"y":-449}},{"id":"coin","texture":"pick_up","anchor":{"x":0.5,"y":0.5},"scale":{"x":1,"y":1},"rotation":0,"depth":0,"data":"","position":{"x":3196,"y":-601}},{"id":"coin","texture":"pick_up","anchor":{"x":0.5,"y":0.5},"scale":{"x":1,"y":1},"rotation":0,"depth":0,"data":"","position":{"x":3012,"y":-695}},{"id":"coin","texture":"pick_up","anchor":{"x":0.5,"y":0.5},"scale":{"x":1,"y":1},"rotation":0,"depth":0,"data":"","position":{"x":5771,"y":-456}},{"id":"coin","texture":"pick_up","anchor":{"x":0.5,"y":0.5},"scale":{"x":1,"y":1},"rotation":0,"depth":0,"data":"","position":{"x":5985,"y":-457}},{"id":"coin","texture":"pick_up","anchor":{"x":0.5,"y":0.5},"scale":{"x":1,"y":1},"rotation":0,"depth":0,"data":"","position":{"x":6206,"y":-453}},{"id":"coin","texture":"pick_up","anchor":{"x":0.5,"y":0.5},"scale":{"x":1,"y":1},"rotation":0,"depth":0,"data":"","position":{"x":7100,"y":-450}},{"id":"coin","texture":"pick_up","anchor":{"x":0.5,"y":0.5},"scale":{"x":1,"y":1},"rotation":0,"depth":0,"data":"","position":{"x":7353,"y":-370}},{"id":"coin","texture":"pick_up","anchor":{"x":0.5,"y":0.5},"scale":{"x":1,"y":1},"rotation":0,"depth":0,"data":"","position":{"x":7587,"y":-263}},{"id":"coin","texture":"pick_up","anchor":{"x":0.5,"y":0.5},"scale":{"x":1,"y":1},"rotation":0,"depth":0,"data":"","position":{"x":11871,"y":-1622}},{"id":"coin","texture":"pick_up","anchor":{"x":0.5,"y":0.5},"scale":{"x":1,"y":1},"rotation":0,"depth":0,"data":"","position":{"x":7810,"y":-172}},{"id":"coin","texture":"pick_up","anchor":{"x":0.5,"y":0.5},"scale":{"x":1,"y":1},"rotation":0,"depth":0,"data":"","position":{"x":9537,"y":-832}},{"id":"coin","texture":"pick_up","anchor":{"x":0.5,"y":0.5},"scale":{"x":1,"y":1},"rotation":0,"depth":0,"data":"","position":{"x":9465,"y":-944}},{"id":"coin","texture":"pick_up","anchor":{"x":0.5,"y":0.5},"scale":{"x":1,"y":1},"rotation":0,"depth":0,"data":"","position":{"x":7311,"y":-1153}},{"id":"coin","texture":"pick_up","anchor":{"x":0.5,"y":0.5},"scale":{"x":1,"y":1},"rotation":0,"depth":0,"data":"","position":{"x":7111,"y":-1131}},{"id":"coin","texture":"pick_up","anchor":{"x":0.5,"y":0.5},"scale":{"x":1,"y":1},"rotation":0,"depth":0,"data":"","position":{"x":6575,"y":-2290}},{"id":"coin","texture":"pick_up","anchor":{"x":0.5,"y":0.5},"scale":{"x":1,"y":1},"rotation":0,"depth":0,"data":"","position":{"x":6419,"y":-2163}},{"id":"coin","texture":"pick_up","anchor":{"x":0.5,"y":0.5},"scale":{"x":1,"y":1},"rotation":0,"depth":0,"data":"","position":{"x":8455,"y":-2697}},{"id":"coin","texture":"pick_up","anchor":{"x":0.5,"y":0.5},"scale":{"x":1,"y":1},"rotation":0,"depth":0,"data":"","position":{"x":8684,"y":-2832}},{"id":"coin","texture":"pick_up","anchor":{"x":0.5,"y":0.5},"scale":{"x":1,"y":1},"rotation":0,"depth":0,"data":"","position":{"x":8962,"y":-2922}},{"id":"coin","texture":"pick_up","anchor":{"x":0.5,"y":0.5},"scale":{"x":1,"y":1},"rotation":0,"depth":0,"data":"","position":{"x":11995,"y":-1470}},{"id":"coin","texture":"pick_up","anchor":{"x":0.5,"y":0.5},"scale":{"x":1,"y":1},"rotation":0,"depth":0,"data":"","position":{"x":12627,"y":-422}},{"id":"coin","texture":"pick_up","anchor":{"x":0.5,"y":0.5},"scale":{"x":1,"y":1},"rotation":0,"depth":0,"data":"","position":{"x":12735,"y":-421}},{"id":"time","texture":"pick_up_time","anchor":{"x":0.5,"y":0.5},"scale":{"x":1,"y":1},"rotation":0,"depth":0,"data":"","position":{"x":12988,"y":-441}},{"id":"time","texture":"pick_up_time","anchor":{"x":0.5,"y":0.5},"scale":{"x":1,"y":1},"rotation":0,"depth":0,"data":"","position":{"x":7580,"y":-1492}},{"id":"time","texture":"pick_up_time","anchor":{"x":0.5,"y":0.5},"scale":{"x":1,"y":1},"rotation":0,"depth":0,"data":"","position":{"x":4956,"y":-2052}},{"id":"time","texture":"pick_up_time","anchor":{"x":0.5,"y":0.5},"scale":{"x":1,"y":1},"rotation":0,"depth":0,"data":"","position":{"x":2797,"y":-721}},{"id":"time","texture":"pick_up_time","anchor":{"x":0.5,"y":0.5},"scale":{"x":1,"y":1},"rotation":0,"depth":0,"data":"","position":{"x":11054,"y":-2242}},{"id":"time","texture":"pick_up_time","anchor":{"x":0.5,"y":0.5},"scale":{"x":1,"y":1},"rotation":0,"depth":0,"data":"","position":{"x":4735,"y":-474}},{"id":"sumocard","texture":"pick_up_card","anchor":{"x":0.5,"y":0.5},"scale":{"x":1,"y":1},"rotation":0,"depth":0,"data":"","position":{"x":13866,"y":-2422}},{"id":"coin","texture":"pick_up","anchor":{"x":0.5,"y":0.5},"scale":{"x":1,"y":1},"rotation":0,"depth":0,"data":"","position":{"x":10228,"y":-2870}},{"id":"coin","texture":"pick_up","anchor":{"x":0.5,"y":0.5},"scale":{"x":1,"y":1},"rotation":0,"depth":0,"data":"","position":{"x":12037,"y":-2981}},{"id":"coin","texture":"pick_up","anchor":{"x":0.5,"y":0.5},"scale":{"x":1,"y":1},"rotation":0,"depth":0,"data":"","position":{"x":12260,"y":-2895}},{"id":"coin","texture":"pick_up","anchor":{"x":0.5,"y":0.5},"scale":{"x":1,"y":1},"rotation":0,"depth":0,"data":"","position":{"x":12446,"y":-2738}},{"id":"coin","texture":"pick_up","anchor":{"x":0.5,"y":0.5},"scale":{"x":1,"y":1},"rotation":0,"depth":0,"data":"","position":{"x":12117,"y":-2057}},{"id":"coin","texture":"pick_up","anchor":{"x":0.5,"y":0.5},"scale":{"x":1,"y":1},"rotation":0,"depth":0,"data":"","position":{"x":12327,"y":-2147}},{"id":"coin","texture":"pick_up","anchor":{"x":0.5,"y":0.5},"scale":{"x":1,"y":1},"rotation":0,"depth":0,"data":"","position":{"x":12513,"y":-2252}},{"id":"coin","texture":"pick_up","anchor":{"x":0.5,"y":0.5},"scale":{"x":1,"y":1},"rotation":0,"depth":0,"data":"","position":{"x":10022,"y":-2953}},{"id":"coin","texture":"pick_up","anchor":{"x":0.5,"y":0.5},"scale":{"x":1,"y":1},"rotation":0,"depth":0,"data":"","position":{"x":7476,"y":-1285}},{"id":"coin","texture":"pick_up","anchor":{"x":0.5,"y":0.5},"scale":{"x":1,"y":1},"rotation":0,"depth":0,"data":"","position":{"x":5419,"y":-809}},{"id":"coin","texture":"pick_up","anchor":{"x":0.5,"y":0.5},"scale":{"x":1,"y":1},"rotation":0,"depth":0,"data":"","position":{"x":5533,"y":-952}},{"id":"coin","texture":"pick_up","anchor":{"x":0.5,"y":0.5},"scale":{"x":1,"y":1},"rotation":0,"depth":0,"data":"","position":{"x":5709,"y":-1014}},{"id":"coin","texture":"pick_up","anchor":{"x":0.5,"y":0.5},"scale":{"x":1,"y":1},"rotation":0,"depth":0,"data":"","position":{"x":9409,"y":-833}},{"id":"time","texture":"pick_up_time","anchor":{"x":0.5,"y":0.5},"scale":{"x":1,"y":1},"rotation":0,"depth":0,"data":"","position":{"x":8728,"y":-394}},{"id":"coin","texture":"pick_up","anchor":{"x":0.5,"y":0.5},"scale":{"x":1,"y":1},"rotation":0,"depth":0,"data":"","position":{"x":6741,"y":-2381}},{"id":"coin","texture":"pick_up","anchor":{"x":0.5,"y":0.5},"scale":{"x":1,"y":1},"rotation":0,"depth":0,"data":"","position":{"x":6450,"y":-1892}},{"id":"coin","texture":"pick_up","anchor":{"x":0.5,"y":0.5},"scale":{"x":1,"y":1},"rotation":0,"depth":0,"data":"","position":{"x":6629,"y":-1825}},{"id":"coin","texture":"pick_up","anchor":{"x":0.5,"y":0.5},"scale":{"x":1,"y":1},"rotation":0,"depth":0,"data":"","position":{"x":6794,"y":-1723}},{"id":"time","texture":"pick_up_time","anchor":{"x":0.5,"y":0.5},"scale":{"x":1,"y":1},"rotation":0,"depth":0,"data":"","position":{"x":10718,"y":-2962}},{"id":"time","texture":"pick_up_time","anchor":{"x":0.5,"y":0.5},"scale":{"x":1,"y":1},"rotation":0,"depth":0,"data":"","position":{"x":7647,"y":-2405}}]}],"length":9445}