{"name":"overflow1","layers":[{"name":"beauty","depth":-3,"paths":[],"objects":[{"id":"cactus01_01","texture":"theme_001_scenery_cacti_001","anchor":{"x":0.5,"y":1},"scale":{"x":1,"y":1},"rotation":0,"depth":0,"data":"","position":{"x":-1582,"y":213}},{"id":"rock04_01","texture":"theme_001_scenery_rock_001","anchor":{"x":0.5,"y":1},"scale":{"x":1,"y":1},"rotation":0,"depth":0,"data":"","position":{"x":-1335,"y":-324}},{"id":"cactus02_01","texture":"theme_001_scenery_cacti_002","anchor":{"x":0.5,"y":1},"scale":{"x":1.4,"y":1.4},"rotation":8,"depth":0,"data":"","position":{"x":289,"y":1347}},{"id":"cactus01_01","texture":"theme_001_scenery_cacti_001","anchor":{"x":0.5,"y":1},"scale":{"x":1.2,"y":1.2},"rotation":-3,"depth":-1,"data":"","position":{"x":149,"y":1347}},{"id":"rock06_01","texture":"theme_001_scenery_rock_003","anchor":{"x":0.5,"y":1},"scale":{"x":1,"y":1},"rotation":0,"depth":0,"data":"","position":{"x":923,"y":154}},{"id":"brick_01","texture":"theme_001_scenery_brick_sign","anchor":{"x":0.5,"y":1},"scale":{"x":1,"y":1},"rotation":0,"depth":0,"data":"","position":{"x":5337,"y":-38}},{"id":"cactus02_01","texture":"theme_001_scenery_cacti_002","anchor":{"x":0.5,"y":1},"scale":{"x":1.5,"y":1.5},"rotation":0,"depth":0,"data":"","position":{"x":-992,"y":-335}},{"id":"cactus01_01","texture":"theme_001_scenery_cacti_001","anchor":{"x":0.5,"y":1},"scale":{"x":1.4,"y":1.4},"rotation":-5,"depth":-1,"data":"","position":{"x":809,"y":141}},{"id":"barrel02_01","texture":"theme_001_scenery_barrel_002","anchor":{"x":0.5,"y":1},"scale":{"x":1,"y":1},"rotation":-5,"depth":0,"data":"","position":{"x":-1919,"y":195}},{"id":"barrel01_01","texture":"theme_001_scenery_barrel_001","anchor":{"x":0.5,"y":1},"scale":{"x":1,"y":1},"rotation":8,"depth":0,"data":"","position":{"x":-1786,"y":202}},{"id":"barrel02_01","texture":"theme_001_scenery_barrel_002","anchor":{"x":0.5,"y":1},"scale":{"x":1,"y":1},"rotation":1,"depth":-1,"data":"","position":{"x":-1865,"y":195}},{"id":"skull_01","texture":"theme_001_scenery_skull","anchor":{"x":0.5,"y":1},"scale":{"x":1,"y":1},"rotation":0,"depth":0,"data":"","position":{"x":-1150,"y":961}},{"id":"skull_01","texture":"theme_001_scenery_skull","anchor":{"x":0.5,"y":1},"scale":{"x":1,"y":1},"rotation":37,"depth":0,"data":"","position":{"x":1708,"y":1170}},{"id":"barrel03_01","texture":"theme_001_scenery_barrel_003","anchor":{"x":0.5,"y":1},"scale":{"x":1.2,"y":1.2},"rotation":-10,"depth":1,"data":"","position":{"x":-1901,"y":91}},{"id":"cactus02_01","texture":"theme_001_scenery_cacti_002","anchor":{"x":0.5,"y":1},"scale":{"x":1,"y":1},"rotation":15,"depth":0,"data":"","position":{"x":-845,"y":1007}},{"id":"rock04_01","texture":"theme_001_scenery_rock_001","anchor":{"x":0.5,"y":1},"scale":{"x":1,"y":1},"rotation":0,"depth":0,"data":"","position":{"x":139,"y":1355}},{"id":"rock05_01","texture":"theme_001_scenery_rock_002","anchor":{"x":0.5,"y":1},"scale":{"x":0.9,"y":0.9},"rotation":-1,"depth":0,"data":"","position":{"x":-198,"y":270}},{"id":"cactus01_01","texture":"theme_001_scenery_cacti_001","anchor":{"x":0.5,"y":1},"scale":{"x":1.4,"y":1.4},"rotation":6,"depth":0,"data":"","position":{"x":-2008,"y":-882}},{"id":"cactus02_01","texture":"theme_001_scenery_cacti_002","anchor":{"x":0.5,"y":1},"scale":{"x":1.4,"y":1.4},"rotation":6,"depth":1,"data":"","position":{"x":5534,"y":-48}},{"id":"cactus01_01","texture":"theme_001_scenery_cacti_001","anchor":{"x":0.5,"y":1},"scale":{"x":1.3,"y":1.3},"rotation":-7,"depth":-1,"data":"","position":{"x":4801,"y":-45}},{"id":"rock09_01","texture":"theme_001_scenery_rock_006","anchor":{"x":0.5,"y":1},"scale":{"x":1,"y":1},"rotation":13,"depth":0,"data":"","position":{"x":4615,"y":-35}},{"id":"rock07_01","texture":"theme_001_scenery_rock_004","anchor":{"x":0.5,"y":1},"scale":{"x":1,"y":1},"rotation":0,"depth":0,"data":"","position":{"x":2094,"y":-77}},{"id":"rock08_01","texture":"theme_001_scenery_rock_005","anchor":{"x":0.5,"y":1},"scale":{"x":1,"y":1},"rotation":63,"depth":0,"data":"","position":{"x":1855,"y":1324}},{"id":"rock08_01","texture":"theme_001_scenery_rock_005","anchor":{"x":0.5,"y":1},"scale":{"x":1,"y":1},"rotation":0,"depth":0,"data":"","position":{"x":-462,"y":1391}},{"id":"rock08_01","texture":"theme_001_scenery_rock_005","anchor":{"x":0.5,"y":1},"scale":{"x":1,"y":1},"rotation":0,"depth":0,"data":"","position":{"x":192,"y":242}},{"id":"rock08_01","texture":"theme_001_scenery_rock_005","anchor":{"x":0.5,"y":1},"scale":{"x":1,"y":1},"rotation":35,"depth":0,"data":"","position":{"x":-523,"y":-91}},{"id":"rock08_01","texture":"theme_001_scenery_rock_005","anchor":{"x":0.5,"y":1},"scale":{"x":1,"y":1},"rotation":0,"depth":0,"data":"","position":{"x":3648,"y":-15}},{"id":"barrel01_01","texture":"theme_001_scenery_barrel_001","anchor":{"x":0.5,"y":1},"scale":{"x":1,"y":1},"rotation":0,"depth":-2,"data":"","position":{"x":5133,"y":-52}},{"id":"skull_01","texture":"theme_001_scenery_skull","anchor":{"x":0.5,"y":1},"scale":{"x":1,"y":1},"rotation":0,"depth":1,"data":"","position":{"x":4833,"y":-48}},{"id":"rock06_01","texture":"theme_001_scenery_rock_003","anchor":{"x":0.5,"y":1},"scale":{"x":1,"y":1},"rotation":-21,"depth":0,"data":"","position":{"x":2374,"y":687}},{"id":"rock08_01","texture":"theme_001_scenery_rock_005","anchor":{"x":0.5,"y":1},"scale":{"x":1,"y":1},"rotation":-45,"depth":0,"data":"","position":{"x":2243,"y":733}},{"id":"rock07_01","texture":"theme_001_scenery_rock_004","anchor":{"x":0.5,"y":1},"scale":{"x":1,"y":1},"rotation":-38,"depth":0,"data":"","position":{"x":2183,"y":1602}},{"id":"rock04_01","texture":"theme_001_scenery_rock_001","anchor":{"x":0.5,"y":1},"scale":{"x":1,"y":1},"rotation":-21,"depth":0,"data":"","position":{"x":2128,"y":1641}}]},{"name":"obstacles","depth":-2,"paths":[],"objects":[{"id":"rock01_01","texture":"theme_001_obstacle_rock","anchor":{"x":0.5,"y":1},"scale":{"x":1,"y":1},"rotation":-1,"depth":0,"data":"","position":{"x":819,"y":1701}},{"id":"fire_on_01","texture":"theme_001_obstacle_flame_on","anchor":{"x":0.5,"y":1},"scale":{"x":1,"y":1},"rotation":0,"depth":0,"data":"","position":{"x":-802,"y":1377}},{"id":"fire_on_01","texture":"theme_001_obstacle_flame_on","anchor":{"x":0.5,"y":1},"scale":{"x":1,"y":1},"rotation":0,"depth":0,"data":"","position":{"x":-450,"y":1397}},{"id":"fire_on_01","texture":"theme_001_obstacle_flame_on","anchor":{"x":0.5,"y":1},"scale":{"x":1,"y":1},"rotation":0,"depth":0,"data":"","position":{"x":2877,"y":7}},{"id":"finish_01","texture":"theme_001_obstacle_finish","anchor":{"x":0.5,"y":1},"scale":{"x":1,"y":1},"rotation":0,"depth":0,"data":"","position":{"x":3929,"y":-24}},{"id":"teleport_01","texture":"theme_001_obstacle_teleport_off","anchor":{"x":0.5,"y":1},"scale":{"x":1,"y":1},"rotation":0,"depth":0,"data":"{ \"in\":2,\"out\":2 }","position":{"x":1887,"y":-77}},{"id":"teleport_02","texture":"theme_002_obstacle_teleport_off","anchor":{"x":0.5,"y":1},"scale":{"x":1,"y":1},"rotation":0,"depth":0,"data":"{ \"in\":1,\"out\":2 }","position":{"x":-1690,"y":1300}},{"id":"hint","texture":"hint","anchor":{"x":0.5,"y":0.5},"scale":{"x":3.9,"y":3.9},"rotation":0,"depth":0,"data":"{ \"id\" : \"overflow\" }","position":{"x":-149,"y":1145}}]},{"name":"platforms","depth":0,"paths":[{"closed":false,"depth":0,"collisions":1,"texFill":"theme_01_fill","texGround":"theme_01_ground","texGroundEdge":"theme_01_ground_edge","texWall":"theme_01_wall","texFillPadding":1024,"texFillSize":256,"texGroundSize":160,"texGroundDelta":0.3,"texWallSize":160,"texWallDelta":0.1,"texWallAngle":97,"texGroundEdgeSide":"","data":"","points":[{"x":-4016,"y":-752},{"x":-3936,"y":-752},{"x":-2896,"y":-880},{"x":-1968,"y":-880},{"x":-2032,"y":-640},{"x":-1936,"y":-448},{"x":-1952,"y":192},{"x":-1856,"y":528},{"x":-2080,"y":1232},{"x":-1952,"y":1280},{"x":-1248,"y":1280},{"x":-1424,"y":1376},{"x":-1008,"y":1376},{"x":-688,"y":1376},{"x":-688,"y":1392},{"x":-368,"y":1392},{"x":-80,"y":1392},{"x":-80,"y":1344},{"x":224,"y":1344},{"x":576,"y":1344},{"x":592,"y":1696},{"x":944,"y":1696},{"x":1104,"y":1680},{"x":1968,"y":1760},{"x":2160,"y":1616},{"x":2320,"y":1424},{"x":2080,"y":784},{"x":2272,"y":704},{"x":2624,"y":560},{"x":2336,"y":16},{"x":2496,"y":16},{"x":2784,"y":16},{"x":4640,"y":-48},{"x":4944,"y":-48},{"x":5264,"y":-48},{"x":5280,"y":-48},{"x":5616,"y":-48},{"x":5728,"y":-48},{"x":5728,"y":-64},{"x":5856,"y":-64}],"bounds":[-4016,5856]},{"closed":true,"depth":0,"collisions":1,"texFill":"theme_01_fill","texGround":"theme_01_ground","texGroundEdge":"theme_01_ground_edge","texWall":"theme_01_wall","texFillPadding":512,"texFillSize":256,"texGroundSize":112,"texGroundDelta":0.3,"texWallSize":128,"texWallDelta":0.2,"texWallAngle":93,"texGroundEdgeSide":"","data":"","points":[{"x":-2032,"y":176},{"x":-1568,"y":176},{"x":-1040,"y":272},{"x":-560,"y":272},{"x":-224,"y":272},{"x":-160,"y":240},{"x":192,"y":240},{"x":176,"y":240},{"x":-80,"y":896},{"x":-256,"y":896},{"x":-592,"y":896},{"x":-672,"y":624},{"x":-992,"y":624},{"x":-1168,"y":624},{"x":-1360,"y":448},{"x":-1536,"y":448},{"x":-1664,"y":448},{"x":-1744,"y":480},{"x":-1856,"y":480},{"x":-1920,"y":480},{"x":-2016,"y":544},{"x":-2032,"y":560}],"bounds":[-2032,192]},{"closed":true,"depth":0,"collisions":2,"texFill":"theme_01_fill","texGround":"theme_01_ground","texGroundEdge":"theme_01_ground_edge","texWall":"theme_01_wall","texFillPadding":512,"texFillSize":256,"texGroundSize":160,"texGroundDelta":0.4,"texWallSize":144,"texWallDelta":0.1,"texWallAngle":70,"texGroundEdgeSide":"","data":"","points":[{"x":-1376,"y":-320},{"x":-1168,"y":-320},{"x":-1168,"y":-320},{"x":-944,"y":-320},{"x":-944,"y":-256},{"x":-1024,"y":-80},{"x":-1056,"y":-80},{"x":-1104,"y":-80},{"x":-1184,"y":-80},{"x":-1232,"y":-80},{"x":-1296,"y":-80},{"x":-1312,"y":-160},{"x":-1360,"y":-160},{"x":-1376,"y":-160},{"x":-1376,"y":-320},{"x":-1392,"y":-320}],"bounds":[-1392,-944]},{"closed":true,"depth":0,"collisions":2,"texFill":"theme_01_fill","texGround":"theme_01_ground","texGroundEdge":"theme_01_ground_edge","texWall":"theme_01_wall","texFillPadding":512,"texFillSize":256,"texGroundSize":160,"texGroundDelta":0.4,"texWallSize":160,"texWallDelta":0.1,"texWallAngle":70,"texGroundEdgeSide":"","data":"","points":[{"x":-1136,"y":976},{"x":-1040,"y":976},{"x":-912,"y":1024},{"x":-800,"y":1024},{"x":-800,"y":1088},{"x":-864,"y":1104},{"x":-864,"y":1104},{"x":-896,"y":1104},{"x":-896,"y":1136},{"x":-944,"y":1136},{"x":-992,"y":1136},{"x":-992,"y":1120},{"x":-1056,"y":1120},{"x":-1088,"y":1120},{"x":-1088,"y":1088},{"x":-1120,"y":1088},{"x":-1120,"y":1088},{"x":-1120,"y":976},{"x":-1136,"y":976}],"bounds":[-1136,-800]},{"closed":true,"depth":0,"collisions":1,"texFill":"theme_01_fill","texGround":"theme_01_ground","texGroundEdge":"theme_01_ground_edge","texWall":"theme_01_wall","texFillPadding":512,"texFillSize":256,"texGroundSize":160,"texGroundDelta":0.3,"texWallSize":160,"texWallDelta":0.1,"texWallAngle":70,"texGroundEdgeSide":"","data":"","points":[{"x":-656,"y":-112},{"x":-480,"y":-112},{"x":-496,"y":-48},{"x":-336,"y":-48}],"bounds":[-656,-336]},{"closed":true,"depth":0,"collisions":1,"texFill":"theme_01_fill","texGround":"theme_01_ground","texGroundEdge":"theme_01_ground_edge","texWall":"theme_01_wall","texFillPadding":512,"texFillSize":256,"texGroundSize":160,"texGroundDelta":0.35,"texWallSize":160,"texWallDelta":0.1,"texWallAngle":70,"texGroundEdgeSide":"","data":"","points":[{"x":1312,"y":-304},{"x":1376,"y":-320},{"x":1440,"y":-368},{"x":1504,"y":-384},{"x":1504,"y":-64},{"x":1504,"y":-16},{"x":1504,"y":272},{"x":1504,"y":544},{"x":1152,"y":640},{"x":1088,"y":752},{"x":1040,"y":816},{"x":1024,"y":1056},{"x":928,"y":1056},{"x":800,"y":1056},{"x":864,"y":944},{"x":720,"y":944},{"x":688,"y":944},{"x":864,"y":336},{"x":832,"y":336},{"x":816,"y":144},{"x":816,"y":128},{"x":864,"y":144},{"x":992,"y":144},{"x":1232,"y":144},{"x":1312,"y":144},{"x":1312,"y":64},{"x":1312,"y":-208},{"x":1312,"y":-288}],"bounds":[688,1504]},{"closed":true,"depth":0,"collisions":1,"texFill":"theme_01_fill","texGround":"theme_01_ground","texGroundEdge":"theme_01_ground_edge","texWall":"theme_01_wall","texFillPadding":512,"texFillSize":256,"texGroundSize":160,"texGroundDelta":0.4,"texWallSize":160,"texWallDelta":0.1,"texWallAngle":70,"texGroundEdgeSide":"","data":"","points":[{"x":1408,"y":976},{"x":1648,"y":976},{"x":1632,"y":1168},{"x":1744,"y":1216},{"x":1808,"y":1248},{"x":1936,"y":1472},{"x":1840,"y":1424},{"x":1760,"y":1392},{"x":1632,"y":1376},{"x":1584,"y":1376},{"x":1472,"y":1360},{"x":1488,"y":1296},{"x":1360,"y":1264},{"x":1296,"y":1248},{"x":1392,"y":1040},{"x":1408,"y":976}],"bounds":[1296,1936]},{"closed":true,"depth":0,"collisions":1,"texFill":"theme_01_fill","texGround":"theme_01_ground","texGroundEdge":"theme_01_ground_edge","texWall":"theme_01_wall","texFillPadding":512,"texFillSize":256,"texGroundSize":160,"texGroundDelta":0.35,"texWallSize":160,"texWallDelta":0.1,"texWallAngle":70,"texGroundEdgeSide":"","data":"","points":[{"x":1744,"y":-64},{"x":1904,"y":-64},{"x":1888,"y":-80},{"x":2096,"y":-80},{"x":2080,"y":-80},{"x":2144,"y":32},{"x":2096,"y":80},{"x":2064,"y":112},{"x":2016,"y":240},{"x":1936,"y":240},{"x":1824,"y":240},{"x":1840,"y":128},{"x":1776,"y":96},{"x":1712,"y":64},{"x":1744,"y":0},{"x":1744,"y":-32}],"bounds":[1712,2144]}],"objects":[]},{"name":"enemies","depth":1,"paths":[],"objects":[{"id":"maggot_01","texture":"maggot_01","anchor":{"x":0.5,"y":1},"scale":{"x":1,"y":1},"rotation":0,"depth":0,"data":"{ \"left\": 250, \"right\": 150,\"orientation\": \"left\" }","position":{"x":1070,"y":130}}]},{"name":"pickups","depth":2,"paths":[],"objects":[{"id":"coin","texture":"pick_up","anchor":{"x":0.5,"y":0.5},"scale":{"x":1,"y":1},"rotation":0,"depth":0,"data":"","position":{"x":-1734,"y":-387}},{"id":"coin","texture":"pick_up","anchor":{"x":0.5,"y":0.5},"scale":{"x":1,"y":1},"rotation":0,"depth":0,"data":"","position":{"x":-1736,"y":-196}},{"id":"coin","texture":"pick_up","anchor":{"x":0.5,"y":0.5},"scale":{"x":1,"y":1},"rotation":0,"depth":0,"data":"","position":{"x":-1739,"y":-6}},{"id":"time","texture":"pick_up_time","anchor":{"x":0.5,"y":0.5},"scale":{"x":1,"y":1},"rotation":0,"depth":0,"data":"","position":{"x":-1174,"y":-421}},{"id":"level_end","texture":"level_end","anchor":{"x":0.5,"y":0.5},"scale":{"x":2.2,"y":2.2},"rotation":0,"depth":0,"data":"","position":{"x":4125,"y":-135}},{"id":"time","texture":"pick_up_time","anchor":{"x":0.5,"y":0.5},"scale":{"x":1,"y":1},"rotation":0,"depth":0,"data":"","position":{"x":1463,"y":828}},{"id":"time","texture":"pick_up_time","anchor":{"x":0.5,"y":0.5},"scale":{"x":1,"y":1},"rotation":0,"depth":0,"data":"","position":{"x":-975,"y":869}},{"id":"coin","texture":"pick_up","anchor":{"x":0.5,"y":0.5},"scale":{"x":1,"y":1},"rotation":0,"depth":0,"data":"","position":{"x":469,"y":185}},{"id":"coin","texture":"pick_up","anchor":{"x":0.5,"y":0.5},"scale":{"x":1,"y":1},"rotation":0,"depth":0,"data":"","position":{"x":468,"y":420}},{"id":"coin","texture":"pick_up","anchor":{"x":0.5,"y":0.5},"scale":{"x":1,"y":1},"rotation":0,"depth":0,"data":"","position":{"x":463,"y":669}},{"id":"coin","texture":"pick_up","anchor":{"x":0.5,"y":0.5},"scale":{"x":1,"y":1},"rotation":0,"depth":0,"data":"","position":{"x":-313,"y":-155}},{"id":"coin","texture":"pick_up","anchor":{"x":0.5,"y":0.5},"scale":{"x":1,"y":1},"rotation":0,"depth":0,"data":"","position":{"x":-1734,"y":-577}},{"id":"coin","texture":"pick_up","anchor":{"x":0.5,"y":0.5},"scale":{"x":1,"y":1},"rotation":0,"depth":0,"data":"","position":{"x":2539,"y":-140}},{"id":"coin","texture":"pick_up","anchor":{"x":0.5,"y":0.5},"scale":{"x":1,"y":1},"rotation":0,"depth":0,"data":"","position":{"x":2182,"y":-272}},{"id":"coin","texture":"pick_up","anchor":{"x":0.5,"y":0.5},"scale":{"x":1,"y":1},"rotation":0,"depth":0,"data":"","position":{"x":2375,"y":-243}},{"id":"coin","texture":"pick_up","anchor":{"x":0.5,"y":0.5},"scale":{"x":1,"y":1},"rotation":0,"depth":0,"data":"","position":{"x":-1307,"y":1169}},{"id":"coin","texture":"pick_up","anchor":{"x":0.5,"y":0.5},"scale":{"x":1,"y":1},"rotation":0,"depth":0,"data":"","position":{"x":-1129,"y":1231}},{"id":"coin","texture":"pick_up","anchor":{"x":0.5,"y":0.5},"scale":{"x":1,"y":1},"rotation":0,"depth":0,"data":"","position":{"x":1971,"y":1256}},{"id":"coin","texture":"pick_up","anchor":{"x":0.5,"y":0.5},"scale":{"x":1,"y":1},"rotation":0,"depth":0,"data":"","position":{"x":-933,"y":1257}},{"id":"coin","texture":"pick_up","anchor":{"x":0.5,"y":0.5},"scale":{"x":1,"y":1},"rotation":0,"depth":0,"data":"","position":{"x":1834,"y":1062}},{"id":"coin","texture":"pick_up","anchor":{"x":0.5,"y":0.5},"scale":{"x":1,"y":1},"rotation":0,"depth":0,"data":"","position":{"x":1661,"y":909}},{"id":"time","texture":"pick_up_time","anchor":{"x":0.5,"y":0.5},"scale":{"x":1,"y":1},"rotation":0,"depth":0,"data":"","position":{"x":463,"y":921}},{"id":"coin","texture":"pick_up","anchor":{"x":0.5,"y":0.5},"scale":{"x":1,"y":1},"rotation":0,"depth":0,"data":"","position":{"x":-478,"y":-202}},{"id":"coin","texture":"pick_up","anchor":{"x":0.5,"y":0.5},"scale":{"x":1,"y":1},"rotation":0,"depth":0,"data":"","position":{"x":3215,"y":-128}},{"id":"coin","texture":"pick_up","anchor":{"x":0.5,"y":0.5},"scale":{"x":1,"y":1},"rotation":0,"depth":0,"data":"","position":{"x":-643,"y":-236}},{"id":"coin","texture":"pick_up","anchor":{"x":0.5,"y":0.5},"scale":{"x":1,"y":1},"rotation":0,"depth":0,"data":"","position":{"x":3459,"y":-141}},{"id":"coin","texture":"pick_up","anchor":{"x":0.5,"y":0.5},"scale":{"x":1,"y":1},"rotation":0,"depth":0,"data":"","position":{"x":3681,"y":-150}},{"id":"sumocard","texture":"pick_up_card","anchor":{"x":0.5,"y":0.5},"scale":{"x":1,"y":1},"rotation":0,"depth":0,"data":"","position":{"x":1186,"y":5}}]}],"length":3843}