{"name":"stinkfly1","layers":[{"name":"beauty","depth":-3,"paths":[],"objects":[{"id":"rock04_01","texture":"theme_001_scenery_rock_001","anchor":{"x":0.5,"y":1},"scale":{"x":1,"y":1},"rotation":0,"depth":0,"data":"","position":{"x":2618,"y":-1727}},{"id":"rock05_01","texture":"theme_001_scenery_rock_002","anchor":{"x":0.5,"y":1},"scale":{"x":1,"y":1},"rotation":1,"depth":1,"data":"","position":{"x":1649,"y":-1856}},{"id":"rock05_01","texture":"theme_001_scenery_rock_002","anchor":{"x":0.5,"y":1},"scale":{"x":1,"y":1},"rotation":-14,"depth":0,"data":"","position":{"x":-280,"y":-1913}},{"id":"cactus02_01","texture":"theme_001_scenery_cacti_002","anchor":{"x":0.5,"y":1},"scale":{"x":1.4,"y":1.4},"rotation":6,"depth":0,"data":"","position":{"x":1727,"y":-1863}},{"id":"cactus01_01","texture":"theme_001_scenery_cacti_001","anchor":{"x":0.5,"y":1},"scale":{"x":1.5,"y":1.5},"rotation":-7,"depth":0,"data":"","position":{"x":1355,"y":-1108}},{"id":"cactus01_01","texture":"theme_001_scenery_cacti_001","anchor":{"x":0.5,"y":1},"scale":{"x":1.4,"y":1.4},"rotation":-5,"depth":0,"data":"","position":{"x":632,"y":-131}},{"id":"cactus02_01","texture":"theme_001_scenery_cacti_002","anchor":{"x":0.5,"y":1},"scale":{"x":1.2,"y":1.2},"rotation":6,"depth":0,"data":"","position":{"x":2668,"y":-1018}},{"id":"rock04_01","texture":"theme_001_scenery_rock_001","anchor":{"x":0.5,"y":1},"scale":{"x":1,"y":1},"rotation":0,"depth":0,"data":"","position":{"x":2593,"y":-1007}},{"id":"rock04_01","texture":"theme_001_scenery_rock_001","anchor":{"x":0.5,"y":1},"scale":{"x":1,"y":1},"rotation":0,"depth":0,"data":"","position":{"x":3788,"y":-1888}},{"id":"rock06_01","texture":"theme_001_scenery_rock_003","anchor":{"x":0.5,"y":1},"scale":{"x":1,"y":1},"rotation":-23,"depth":0,"data":"","position":{"x":3019,"y":-496}},{"id":"rock05_01","texture":"theme_001_scenery_rock_002","anchor":{"x":0.5,"y":1},"scale":{"x":1,"y":1},"rotation":-45,"depth":-1,"data":"","position":{"x":3112,"y":-610}},{"id":"barrel03_01","texture":"theme_001_scenery_barrel_003","anchor":{"x":0.5,"y":1},"scale":{"x":1,"y":1},"rotation":-7,"depth":-1,"data":"","position":{"x":790,"y":514}},{"id":"barrel01_01","texture":"theme_001_scenery_barrel_001","anchor":{"x":0.5,"y":1},"scale":{"x":1,"y":1},"rotation":-25,"depth":0,"data":"","position":{"x":733,"y":553}},{"id":"rock06_01","texture":"theme_001_scenery_rock_003","anchor":{"x":0.5,"y":1},"scale":{"x":1,"y":1},"rotation":0,"depth":0,"data":"","position":{"x":-90,"y":84}},{"id":"skull_01","texture":"theme_001_scenery_skull","anchor":{"x":0.5,"y":1},"scale":{"x":1,"y":1},"rotation":0,"depth":0,"data":"","position":{"x":378,"y":-624}},{"id":"cactus01_01","texture":"theme_001_scenery_cacti_001","anchor":{"x":0.5,"y":1},"scale":{"x":1,"y":1},"rotation":-5,"depth":0,"data":"","position":{"x":2271,"y":-1734}},{"id":"rock07_01","texture":"theme_001_scenery_rock_004","anchor":{"x":0.5,"y":1},"scale":{"x":1,"y":1},"rotation":0,"depth":0,"data":"","position":{"x":3262,"y":-1047}},{"id":"rock08_01","texture":"theme_001_scenery_rock_005","anchor":{"x":0.5,"y":1},"scale":{"x":1,"y":1},"rotation":0,"depth":0,"data":"","position":{"x":2446,"y":-1741}},{"id":"rock08_01","texture":"theme_001_scenery_rock_005","anchor":{"x":0.5,"y":1},"scale":{"x":1,"y":1},"rotation":0,"depth":0,"data":"","position":{"x":1183,"y":-1168}},{"id":"rock08_01","texture":"theme_001_scenery_rock_005","anchor":{"x":0.5,"y":1},"scale":{"x":1,"y":1},"rotation":17,"depth":0,"data":"","position":{"x":400,"y":-1698}},{"id":"rock09_01","texture":"theme_001_scenery_rock_006","anchor":{"x":0.5,"y":1},"scale":{"x":1,"y":1},"rotation":24,"depth":0,"data":"","position":{"x":203,"y":-1004}},{"id":"rock09_01","texture":"theme_001_scenery_rock_006","anchor":{"x":0.5,"y":1},"scale":{"x":1,"y":1},"rotation":1,"depth":0,"data":"","position":{"x":149,"y":667}},{"id":"rock09_01","texture":"theme_001_scenery_rock_006","anchor":{"x":0.5,"y":1},"scale":{"x":1,"y":1},"rotation":0,"depth":0,"data":"","position":{"x":2804,"y":-453}},{"id":"rock08_01","texture":"theme_001_scenery_rock_005","anchor":{"x":0.5,"y":1},"scale":{"x":1,"y":1},"rotation":0,"depth":0,"data":"","position":{"x":2396,"y":-403}},{"id":"rock08_01","texture":"theme_001_scenery_rock_005","anchor":{"x":0.5,"y":1},"scale":{"x":1,"y":1},"rotation":0,"depth":0,"data":"","position":{"x":2268,"y":-1029}},{"id":"rock08_01","texture":"theme_001_scenery_rock_005","anchor":{"x":0.5,"y":1},"scale":{"x":1,"y":1},"rotation":0,"depth":0,"data":"","position":{"x":3316,"y":-1902}},{"id":"rock07_01","texture":"theme_001_scenery_rock_004","anchor":{"x":0.5,"y":1},"scale":{"x":1,"y":1},"rotation":57,"depth":0,"data":"","position":{"x":1666,"y":-650}},{"id":"barrel02_01","texture":"theme_001_scenery_barrel_002","anchor":{"x":0.5,"y":1},"scale":{"x":1,"y":1},"rotation":-7,"depth":-1,"data":"","position":{"x":353,"y":-624}},{"id":"barrel02_01","texture":"theme_001_scenery_barrel_002","anchor":{"x":0.5,"y":1},"scale":{"x":1,"y":1},"rotation":-10,"depth":-1,"data":"","position":{"x":3844,"y":-1902}},{"id":"barrel03_01","texture":"theme_001_scenery_barrel_003","anchor":{"x":0.5,"y":1},"scale":{"x":1,"y":1},"rotation":10,"depth":-2,"data":"","position":{"x":-180,"y":-1952}},{"id":"barrel01_01","texture":"theme_001_scenery_barrel_001","anchor":{"x":0.5,"y":1},"scale":{"x":1,"y":1},"rotation":4,"depth":0,"data":"","position":{"x":3911,"y":-1900}},{"id":"cactus01_01","texture":"theme_001_scenery_cacti_001","anchor":{"x":0.5,"y":1},"scale":{"x":1.3,"y":1.3},"rotation":-7,"depth":0,"data":"","position":{"x":3058,"y":-1029}}]},{"name":"obstacles","depth":-2,"paths":[],"objects":[{"id":"fire_on_01","texture":"theme_001_obstacle_flame_on","anchor":{"x":0.5,"y":1},"scale":{"x":1,"y":1},"rotation":4,"depth":0,"data":"","position":{"x":2188,"y":-415}},{"id":"rock01_01","texture":"theme_001_obstacle_rock","anchor":{"x":0.5,"y":1},"scale":{"x":1,"y":1},"rotation":0,"depth":0,"data":"","position":{"x":1534,"y":-1151}},{"id":"fire_on_01","texture":"theme_001_obstacle_flame_on","anchor":{"x":0.5,"y":1},"scale":{"x":1,"y":1},"rotation":0,"depth":0,"data":"","position":{"x":531,"y":612}},{"id":"finish_01","texture":"theme_001_obstacle_finish","anchor":{"x":0.5,"y":1},"scale":{"x":1,"y":1},"rotation":0,"depth":0,"data":"","position":{"x":3412,"y":-1906}},{"id":"teleport_01","texture":"theme_001_obstacle_teleport_off","anchor":{"x":0.5,"y":1},"scale":{"x":1,"y":1},"rotation":1,"depth":0,"data":"{ \"in\":2,\"out\":2 }","position":{"x":6649,"y":-1175}},{"id":"teleport_01","texture":"theme_001_obstacle_teleport_off","anchor":{"x":0.5,"y":1},"scale":{"x":1,"y":1},"rotation":-3,"depth":0,"data":"{ \"in\":3,\"out\":1 }","position":{"x":8597,"y":-1296}},{"id":"fire_on_01","texture":"theme_001_obstacle_flame_on","anchor":{"x":0.5,"y":1},"scale":{"x":1,"y":1},"rotation":0,"depth":0,"data":"","position":{"x":7004,"y":-838}},{"id":"fire_on_01","texture":"theme_001_obstacle_flame_on","anchor":{"x":0.5,"y":1},"scale":{"x":1,"y":1},"rotation":0,"depth":0,"data":"","position":{"x":7538,"y":-835}},{"id":"teleport_01","texture":"theme_001_obstacle_teleport_off","anchor":{"x":0.5,"y":1},"scale":{"x":1,"y":1},"rotation":0,"depth":0,"data":"{ \"in\":1,\"out\":2 }","position":{"x":2501,"y":-405}},{"id":"hint","texture":"hint","anchor":{"x":0.5,"y":0.5},"scale":{"x":3.5,"y":3.5},"rotation":0,"depth":0,"data":"{ \"id\" : \"stinkfly\" }","position":{"x":147,"y":-247}}]},{"name":"platforms","depth":0,"paths":[{"closed":true,"depth":-1,"collisions":1,"texFill":"theme_01_fill","texGround":"theme_01_ground","texGroundEdge":"theme_01_ground_edge","texWall":"theme_01_wall","texFillPadding":512,"texFillSize":256,"texGroundSize":160,"texGroundDelta":0.35,"texWallSize":160,"texWallDelta":0.1,"texWallAngle":70,"texGroundEdgeSide":"","data":"","points":[{"x":-240,"y":-3200},{"x":368,"y":-3200},{"x":4464,"y":-3200},{"x":4736,"y":-3200},{"x":4768,"y":-3088},{"x":5056,"y":-1856},{"x":5024,"y":-1856},{"x":4880,"y":-1856},{"x":4832,"y":-2400},{"x":4688,"y":-2400},{"x":4496,"y":-2400},{"x":4352,"y":-2480},{"x":4208,"y":-2416},{"x":4160,"y":-2416},{"x":3952,"y":-2464},{"x":3888,"y":-2464},{"x":3520,"y":-2464},{"x":3520,"y":-2384},{"x":3168,"y":-2384},{"x":2928,"y":-2384},{"x":2912,"y":-2304},{"x":2656,"y":-2304},{"x":2400,"y":-2304},{"x":2384,"y":-2272},{"x":2128,"y":-2272},{"x":1840,"y":-2272},{"x":1824,"y":-2352},{"x":1552,"y":-2352},{"x":1376,"y":-2352},{"x":1376,"y":-2496},{"x":1216,"y":-2496},{"x":1120,"y":-2496},{"x":1104,"y":-2608},{"x":992,"y":-2608},{"x":912,"y":-2608},{"x":848,"y":-2528},{"x":784,"y":-2528},{"x":560,"y":-2528},{"x":560,"y":-2400},{"x":336,"y":-2400},{"x":224,"y":-2400},{"x":208,"y":-2224},{"x":112,"y":-2224},{"x":16,"y":-2224},{"x":-64,"y":-2128},{"x":-160,"y":-2128},{"x":-176,"y":-2128},{"x":-400,"y":-1856},{"x":-416,"y":-1856},{"x":-480,"y":-1856},{"x":-384,"y":-1872},{"x":-432,"y":-1872},{"x":-720,"y":-1632},{"x":-2048,"y":-1296},{"x":-2176,"y":-1296},{"x":-2224,"y":-1296},{"x":-304,"y":-3184},{"x":-304,"y":-3184}],"bounds":[-2224,5056]},{"closed":true,"depth":0,"collisions":1,"texFill":"theme_01_fill","texGround":"theme_01_ground","texGroundEdge":"theme_01_ground_edge","texWall":"theme_01_wall","texFillPadding":1024,"texFillSize":256,"texGroundSize":160,"texGroundDelta":0.3,"texWallSize":160,"texWallDelta":0.1,"texWallAngle":70,"texGroundEdgeSide":"","data":"","points":[{"x":384,"y":-1648},{"x":384,"y":-1408},{"x":256,"y":-1424},{"x":224,"y":-1312},{"x":-16,"y":-1280},{"x":16,"y":-1184},{"x":-128,"y":-1088},{"x":-128,"y":-992},{"x":-128,"y":-128},{"x":-128,"y":48},{"x":-128,"y":96},{"x":0,"y":64},{"x":48,"y":64},{"x":80,"y":64},{"x":32,"y":672},{"x":48,"y":672},{"x":320,"y":672},{"x":288,"y":608},{"x":544,"y":608},{"x":816,"y":608},{"x":832,"y":352},{"x":1104,"y":352},{"x":1104,"y":256},{"x":1104,"y":-1088},{"x":1104,"y":-1168},{"x":1120,"y":-1168},{"x":1568,"y":-1168},{"x":1600,"y":-1168},{"x":1792,"y":-1280},{"x":1456,"y":-528},{"x":1760,"y":-640},{"x":2016,"y":-640},{"x":2016,"y":-400},{"x":2288,"y":-400},{"x":2992,"y":-384},{"x":2608,"y":-464},{"x":2928,"y":-464},{"x":3056,"y":-464},{"x":3072,"y":-704},{"x":3200,"y":-704},{"x":3248,"y":-704},{"x":3056,"y":-1056},{"x":3088,"y":-1056},{"x":3104,"y":-1056},{"x":3248,"y":-1056},{"x":3296,"y":-1056},{"x":3296,"y":-1008},{"x":3296,"y":-2000},{"x":3296,"y":-1904},{"x":4592,"y":-1872},{"x":4384,"y":-2176},{"x":5008,"y":-2080},{"x":5008,"y":-2000},{"x":5008,"y":160},{"x":5008,"y":352},{"x":5008,"y":352},{"x":1952,"y":1408},{"x":1952,"y":1408},{"x":1776,"y":1408},{"x":-480,"y":1408},{"x":-640,"y":1408},{"x":-640,"y":1408},{"x":-2192,"y":-1296},{"x":-2192,"y":-1296},{"x":-1664,"y":-1424},{"x":-704,"y":-1856},{"x":-176,"y":-1952},{"x":48,"y":-1904},{"x":256,"y":-1744},{"x":400,"y":-1696}],"bounds":[-2192,5008]},{"closed":true,"depth":0,"collisions":1,"texFill":"theme_01_fill","texGround":"theme_01_ground","texGroundEdge":"theme_01_ground_edge","texWall":"theme_01_wall","texFillPadding":512,"texFillSize":256,"texGroundSize":160,"texGroundDelta":0.3,"texWallSize":160,"texWallDelta":0.1,"texWallAngle":70,"texGroundEdgeSide":"","data":"","points":[{"x":96,"y":-1024},{"x":192,"y":-1024},{"x":192,"y":-992},{"x":288,"y":-992},{"x":256,"y":-992},{"x":256,"y":-864},{"x":224,"y":-864},{"x":192,"y":-864},{"x":192,"y":-880},{"x":144,"y":-880},{"x":112,"y":-880},{"x":112,"y":-912},{"x":80,"y":-912},{"x":64,"y":-912},{"x":64,"y":-976},{"x":48,"y":-976}],"bounds":[48,288]},{"closed":true,"depth":0,"collisions":1,"texFill":"theme_01_fill","texGround":"theme_01_ground","texGroundEdge":"theme_01_ground_edge","texWall":"theme_01_wall","texFillPadding":512,"texFillSize":256,"texGroundSize":160,"texGroundDelta":0.3,"texWallSize":160,"texWallDelta":0.1,"texWallAngle":70,"texGroundEdgeSide":"","data":"","points":[{"x":368,"y":-624},{"x":448,"y":-624},{"x":448,"y":-624},{"x":512,"y":-624},{"x":496,"y":-624},{"x":496,"y":-528},{"x":496,"y":-528},{"x":464,"y":-528},{"x":464,"y":-496},{"x":416,"y":-496},{"x":384,"y":-496},{"x":384,"y":-512},{"x":368,"y":-512},{"x":352,"y":-512},{"x":352,"y":-576},{"x":336,"y":-576}],"bounds":[336,512]},{"closed":true,"depth":0,"collisions":1,"texFill":"theme_01_fill","texGround":"theme_01_ground","texGroundEdge":"theme_01_ground_edge","texWall":"theme_01_wall","texFillPadding":512,"texFillSize":256,"texGroundSize":160,"texGroundDelta":0.35,"texWallSize":160,"texWallDelta":0.1,"texWallAngle":70,"texGroundEdgeSide":"","data":"","points":[{"x":640,"y":-128},{"x":704,"y":-128},{"x":704,"y":-128},{"x":768,"y":-128},{"x":752,"y":-128},{"x":752,"y":-16},{"x":720,"y":-16},{"x":688,"y":-16},{"x":688,"y":-48},{"x":640,"y":-48},{"x":624,"y":-48},{"x":624,"y":-96},{"x":608,"y":-96}],"bounds":[608,768]},{"closed":true,"depth":0,"collisions":1,"texFill":"theme_01_fill","texGround":"theme_01_ground","texGroundEdge":"theme_01_ground_edge","texWall":"theme_01_wall","texFillPadding":512,"texFillSize":256,"texGroundSize":160,"texGroundDelta":0.35,"texWallSize":160,"texWallDelta":0.1,"texWallAngle":70,"texGroundEdgeSide":"","data":"","points":[{"x":1392,"y":-1888},{"x":1552,"y":-1888},{"x":1552,"y":-1856},{"x":1728,"y":-1856},{"x":1696,"y":-1856},{"x":1696,"y":-1728},{"x":1680,"y":-1728},{"x":1616,"y":-1728},{"x":1616,"y":-1712},{"x":1552,"y":-1712},{"x":1488,"y":-1712},{"x":1488,"y":-1760},{"x":1408,"y":-1760},{"x":1376,"y":-1760},{"x":1376,"y":-1856},{"x":1360,"y":-1856}],"bounds":[1360,1728]},{"closed":true,"depth":0,"collisions":1,"texFill":"theme_01_fill","texGround":"theme_01_ground","texGroundEdge":"theme_01_ground_edge","texWall":"theme_01_wall","texFillPadding":512,"texFillSize":256,"texGroundSize":160,"texGroundDelta":0.3,"texWallSize":160,"texWallDelta":0.1,"texWallAngle":70,"texGroundEdgeSide":"","data":"","points":[{"x":2256,"y":-1024},{"x":2464,"y":-1024},{"x":2464,"y":-1024},{"x":2656,"y":-1024},{"x":2640,"y":-1024},{"x":2640,"y":-896},{"x":2608,"y":-896},{"x":2560,"y":-896},{"x":2544,"y":-864},{"x":2480,"y":-864},{"x":2416,"y":-864},{"x":2416,"y":-864},{"x":2352,"y":-864},{"x":2288,"y":-864},{"x":2288,"y":-960},{"x":2240,"y":-960}],"bounds":[2240,2656]},{"closed":true,"depth":0,"collisions":1,"texFill":"theme_01_fill","texGround":"theme_01_ground","texGroundEdge":"theme_01_ground_edge","texWall":"theme_01_wall","texFillPadding":512,"texFillSize":256,"texGroundSize":160,"texGroundDelta":0.3,"texWallSize":160,"texWallDelta":0.1,"texWallAngle":70,"texGroundEdgeSide":"","data":"","points":[{"x":2304,"y":-1744},{"x":2448,"y":-1744},{"x":2448,"y":-1744},{"x":2608,"y":-1744},{"x":2576,"y":-1744},{"x":2576,"y":-1568},{"x":2560,"y":-1568},{"x":2496,"y":-1568},{"x":2512,"y":-1552},{"x":2432,"y":-1552},{"x":2384,"y":-1552},{"x":2368,"y":-1616},{"x":2320,"y":-1616},{"x":2304,"y":-1616},{"x":2304,"y":-1696},{"x":2272,"y":-1696}],"bounds":[2272,2608]},{"closed":true,"depth":-1,"collisions":1,"texFill":"theme_01_fill","texGround":"theme_01_ground","texGroundEdge":"theme_01_ground_edge","texWall":"theme_01_wall","texFillPadding":512,"texFillSize":256,"texGroundSize":160,"texGroundDelta":0.3,"texWallSize":160,"texWallDelta":0.1,"texWallAngle":70,"texGroundEdgeSide":"","data":"","points":[{"x":6832,"y":-832},{"x":7280,"y":-832},{"x":7536,"y":-832},{"x":7984,"y":-832},{"x":8320,"y":-832},{"x":8496,"y":-272},{"x":8832,"y":-272},{"x":8832,"y":64},{"x":8832,"y":144},{"x":8800,"y":160},{"x":8416,"y":160},{"x":5008,"y":16},{"x":4928,"y":16},{"x":4880,"y":16},{"x":4864,"y":-2624},{"x":4832,"y":-2624},{"x":5072,"y":-2624},{"x":10016,"y":-2624},{"x":10256,"y":-2624},{"x":10256,"y":-2304},{"x":10288,"y":-272},{"x":10272,"y":-272},{"x":10096,"y":-272},{"x":8992,"y":-288},{"x":8832,"y":-288},{"x":8784,"y":-288},{"x":8832,"y":-1280},{"x":8800,"y":-1456},{"x":8768,"y":-1840},{"x":8544,"y":-1648},{"x":8208,"y":-1648},{"x":7568,"y":-1648},{"x":7920,"y":-1952},{"x":7296,"y":-1872},{"x":6928,"y":-1872},{"x":6864,"y":-1952},{"x":6576,"y":-1712},{"x":6224,"y":-1296},{"x":6112,"y":-1168},{"x":6816,"y":-1168},{"x":6848,"y":-1056},{"x":6816,"y":-896},{"x":6832,"y":-832}],"bounds":[4832,10288]},{"closed":false,"depth":-1,"collisions":1,"texFill":"theme_01_fill","texGround":"theme_01_ground","texGroundEdge":"theme_01_ground_edge","texWall":"theme_01_wall","texFillPadding":512,"texFillSize":256,"texGroundSize":160,"texGroundDelta":0.3,"texWallSize":160,"texWallDelta":0.1,"texWallAngle":70,"texGroundEdgeSide":"","data":"","points":[{"x":7776,"y":-736},{"x":7792,"y":-736},{"x":7760,"y":-1216},{"x":7776,"y":-1216},{"x":7936,"y":-1216},{"x":8096,"y":-1280},{"x":8240,"y":-1280},{"x":8400,"y":-1280},{"x":8688,"y":-1312},{"x":8864,"y":-1312}],"bounds":[7760,8864]}],"objects":[]},{"name":"enemies","depth":1,"paths":[],"objects":[{"id":"maggot_01","texture":"maggot_01","anchor":{"x":0.5,"y":1},"scale":{"x":1,"y":1},"rotation":0,"depth":0,"data":"{ \"left\": 200, \"right\": 200, \"fireRate\" : 1, \"fireRateVariability\" : 60 }","position":{"x":2463,"y":-1031}}]},{"name":"pickups","depth":2,"paths":[],"objects":[{"id":"coin","texture":"pick_up","anchor":{"x":0.5,"y":0.5},"scale":{"x":1,"y":1},"rotation":0,"depth":0,"data":"","position":{"x":2124,"y":-1180}},{"id":"coin","texture":"pick_up","anchor":{"x":0.5,"y":0.5},"scale":{"x":1,"y":1},"rotation":0,"depth":0,"data":"","position":{"x":1340,"y":-2117}},{"id":"coin","texture":"pick_up","anchor":{"x":0.5,"y":0.5},"scale":{"x":1,"y":1},"rotation":0,"depth":0,"data":"","position":{"x":162,"y":-74}},{"id":"coin","texture":"pick_up","anchor":{"x":0.5,"y":0.5},"scale":{"x":1,"y":1},"rotation":0,"depth":0,"data":"","position":{"x":316,"y":44}},{"id":"coin","texture":"pick_up","anchor":{"x":0.5,"y":0.5},"scale":{"x":1,"y":1},"rotation":0,"depth":0,"data":"","position":{"x":366,"y":241}},{"id":"coin","texture":"pick_up","anchor":{"x":0.5,"y":0.5},"scale":{"x":1,"y":1},"rotation":0,"depth":0,"data":"","position":{"x":303,"y":435}},{"id":"coin","texture":"pick_up","anchor":{"x":0.5,"y":0.5},"scale":{"x":1,"y":1},"rotation":0,"depth":0,"data":"","position":{"x":877,"y":264}},{"id":"coin","texture":"pick_up","anchor":{"x":0.5,"y":0.5},"scale":{"x":1,"y":1},"rotation":0,"depth":0,"data":"","position":{"x":946,"y":70}},{"id":"coin","texture":"pick_up","anchor":{"x":0.5,"y":0.5},"scale":{"x":1,"y":1},"rotation":0,"depth":0,"data":"","position":{"x":3172,"y":-2081}},{"id":"coin","texture":"pick_up","anchor":{"x":0.5,"y":0.5},"scale":{"x":1,"y":1},"rotation":0,"depth":0,"data":"","position":{"x":931,"y":-139}},{"id":"coin","texture":"pick_up","anchor":{"x":0.5,"y":0.5},"scale":{"x":1,"y":1},"rotation":0,"depth":0,"data":"","position":{"x":790,"y":-275}},{"id":"coin","texture":"pick_up","anchor":{"x":0.5,"y":0.5},"scale":{"x":1,"y":1},"rotation":0,"depth":0,"data":"","position":{"x":493,"y":-742}},{"id":"coin","texture":"pick_up","anchor":{"x":0.5,"y":0.5},"scale":{"x":1,"y":1},"rotation":0,"depth":0,"data":"","position":{"x":583,"y":-883}},{"id":"coin","texture":"pick_up","anchor":{"x":0.5,"y":0.5},"scale":{"x":1,"y":1},"rotation":0,"depth":0,"data":"","position":{"x":420,"y":-1162}},{"id":"coin","texture":"pick_up","anchor":{"x":0.5,"y":0.5},"scale":{"x":1,"y":1},"rotation":0,"depth":0,"data":"","position":{"x":254,"y":-1125}},{"id":"coin","texture":"pick_up","anchor":{"x":0.5,"y":0.5},"scale":{"x":1,"y":1},"rotation":0,"depth":0,"data":"","position":{"x":2443,"y":-1952}},{"id":"coin","texture":"pick_up","anchor":{"x":0.5,"y":0.5},"scale":{"x":1,"y":1},"rotation":0,"depth":0,"data":"","position":{"x":1197,"y":-1412}},{"id":"coin","texture":"pick_up","anchor":{"x":0.5,"y":0.5},"scale":{"x":1,"y":1},"rotation":0,"depth":0,"data":"","position":{"x":1108,"y":-1594}},{"id":"coin","texture":"pick_up","anchor":{"x":0.5,"y":0.5},"scale":{"x":1,"y":1},"rotation":0,"depth":0,"data":"","position":{"x":1077,"y":-1810}},{"id":"coin","texture":"pick_up","anchor":{"x":0.5,"y":0.5},"scale":{"x":1,"y":1},"rotation":0,"depth":0,"data":"","position":{"x":1158,"y":-2009}},{"id":"level_end","texture":"level_end","anchor":{"x":0.5,"y":0.5},"scale":{"x":2.6,"y":2.6},"rotation":0,"depth":0,"data":"","position":{"x":3567,"y":-2077}},{"id":"coin","texture":"pick_up","anchor":{"x":0.5,"y":0.5},"scale":{"x":1,"y":1},"rotation":0,"depth":0,"data":"","position":{"x":2282,"y":-1247}},{"id":"coin","texture":"pick_up","anchor":{"x":0.5,"y":0.5},"scale":{"x":1,"y":1},"rotation":0,"depth":0,"data":"","position":{"x":1893,"y":-915}},{"id":"coin","texture":"pick_up","anchor":{"x":0.5,"y":0.5},"scale":{"x":1,"y":1},"rotation":0,"depth":0,"data":"","position":{"x":1988,"y":-1071}},{"id":"coin","texture":"pick_up","anchor":{"x":0.5,"y":0.5},"scale":{"x":1,"y":1},"rotation":0,"depth":0,"data":"","position":{"x":1836,"y":-746}},{"id":"coin","texture":"pick_up","anchor":{"x":0.5,"y":0.5},"scale":{"x":1,"y":1},"rotation":0,"depth":0,"data":"","position":{"x":3165,"y":-1174}},{"id":"coin","texture":"pick_up","anchor":{"x":0.5,"y":0.5},"scale":{"x":1,"y":1},"rotation":0,"depth":0,"data":"","position":{"x":3158,"y":-1413}},{"id":"coin","texture":"pick_up","anchor":{"x":0.5,"y":0.5},"scale":{"x":1,"y":1},"rotation":0,"depth":0,"data":"","position":{"x":3074,"y":-1629}},{"id":"coin","texture":"pick_up","anchor":{"x":0.5,"y":0.5},"scale":{"x":1,"y":1},"rotation":0,"depth":0,"data":"","position":{"x":2951,"y":-1795}},{"id":"coin","texture":"pick_up","anchor":{"x":0.5,"y":0.5},"scale":{"x":1,"y":1},"rotation":0,"depth":0,"data":"","position":{"x":3000,"y":-1997}},{"id":"coin","texture":"pick_up","anchor":{"x":0.5,"y":0.5},"scale":{"x":1,"y":1},"rotation":0,"depth":0,"data":"","position":{"x":2388,"y":-1847}},{"id":"coin","texture":"pick_up","anchor":{"x":0.5,"y":0.5},"scale":{"x":1,"y":1},"rotation":0,"depth":0,"data":"","position":{"x":2504,"y":-1848}},{"id":"coin","texture":"pick_up","anchor":{"x":0.5,"y":0.5},"scale":{"x":1,"y":1},"rotation":0,"depth":0,"data":"","position":{"x":383,"y":-1860}},{"id":"coin","texture":"pick_up","anchor":{"x":0.5,"y":0.5},"scale":{"x":1,"y":1},"rotation":0,"depth":0,"data":"","position":{"x":192,"y":-1950}},{"id":"time","texture":"pick_up_time","anchor":{"x":0.5,"y":0.5},"scale":{"x":1,"y":1},"rotation":0,"depth":0,"data":"","position":{"x":-11,"y":-2032}},{"id":"coin","texture":"pick_up","anchor":{"x":0.5,"y":0.5},"scale":{"x":1,"y":1},"rotation":0,"depth":0,"data":"","position":{"x":1532,"y":-2071}},{"id":"coin","texture":"pick_up","anchor":{"x":0.5,"y":0.5},"scale":{"x":1,"y":1},"rotation":0,"depth":0,"data":"","position":{"x":565,"y":-1061}},{"id":"coin","texture":"pick_up","anchor":{"x":0.5,"y":0.5},"scale":{"x":1,"y":1},"rotation":0,"depth":0,"data":"","position":{"x":2866,"y":-901}},{"id":"coin","texture":"pick_up","anchor":{"x":0.5,"y":0.5},"scale":{"x":1,"y":1},"rotation":0,"depth":0,"data":"","position":{"x":2733,"y":-588}},{"id":"coin","texture":"pick_up","anchor":{"x":0.5,"y":0.5},"scale":{"x":1,"y":1},"rotation":0,"depth":0,"data":"","position":{"x":2826,"y":-729}},{"id":"sumocard","texture":"pick_up_card","anchor":{"x":0.5,"y":0.5},"scale":{"x":1,"y":1},"rotation":0,"depth":0,"data":"","position":{"x":7269,"y":-1056}},{"id":"coin","texture":"pick_up","anchor":{"x":0.5,"y":0.5},"scale":{"x":1,"y":1},"rotation":0,"depth":0,"data":"","position":{"x":6922,"y":-1436}},{"id":"coin","texture":"pick_up","anchor":{"x":0.5,"y":0.5},"scale":{"x":1,"y":1},"rotation":0,"depth":0,"data":"","position":{"x":7089,"y":-1597}},{"id":"coin","texture":"pick_up","anchor":{"x":0.5,"y":0.5},"scale":{"x":1,"y":1},"rotation":0,"depth":0,"data":"","position":{"x":7332,"y":-1676}},{"id":"coin","texture":"pick_up","anchor":{"x":0.5,"y":0.5},"scale":{"x":1,"y":1},"rotation":0,"depth":0,"data":"","position":{"x":7590,"y":-1588}},{"id":"coin","texture":"pick_up","anchor":{"x":0.5,"y":0.5},"scale":{"x":1,"y":1},"rotation":0,"depth":0,"data":"","position":{"x":7793,"y":-1436}},{"id":"time","texture":"pick_up_time","anchor":{"x":0.5,"y":0.5},"scale":{"x":1,"y":1},"rotation":0,"depth":0,"data":"","position":{"x":8579,"y":-1446}},{"id":"time","texture":"pick_up_time","anchor":{"x":0.5,"y":0.5},"scale":{"x":1,"y":1},"rotation":0,"depth":0,"data":"","position":{"x":2451,"y":-1254}}]}],"length":3234}