{"name":"overflow3","layers":[{"name":"beauty","depth":-3,"paths":[],"objects":[{"id":"plant_03","texture":"theme_003_scenery_plant","anchor":{"x":0.5,"y":1},"scale":{"x":1,"y":1},"rotation":0,"depth":0,"data":"","position":{"x":8298,"y":-531}},{"id":"plant_03","texture":"theme_003_scenery_plant","anchor":{"x":0.5,"y":1},"scale":{"x":1,"y":1},"rotation":0,"depth":0,"data":"","position":{"x":9752,"y":-334}},{"id":"money_03","texture":"theme_003_scenery_money","anchor":{"x":0.5,"y":1},"scale":{"x":1,"y":1},"rotation":0,"depth":0,"data":"","position":{"x":18710,"y":-627}},{"id":"chair02_03","texture":"theme_003_scenery_chair","anchor":{"x":0.5,"y":1},"scale":{"x":1,"y":1},"rotation":0,"depth":0,"data":"","position":{"x":13942,"y":-2690}},{"id":"chair02_03","texture":"theme_003_scenery_chair","anchor":{"x":0.5,"y":1},"scale":{"x":1,"y":1},"rotation":-21,"depth":0,"data":"","position":{"x":9548,"y":-2339}},{"id":"chair02_03","texture":"theme_003_scenery_chair","anchor":{"x":0.5,"y":1},"scale":{"x":1,"y":1},"rotation":0,"depth":0,"data":"","position":{"x":8155,"y":-1825}},{"id":"money_03","texture":"theme_003_scenery_money","anchor":{"x":0.5,"y":1},"scale":{"x":1,"y":1},"rotation":0,"depth":0,"data":"","position":{"x":13786,"y":-1877}},{"id":"chair02_03","texture":"theme_003_scenery_chair","anchor":{"x":0.5,"y":1},"scale":{"x":1,"y":1},"rotation":0,"depth":0,"data":"","position":{"x":-137,"y":142}},{"id":"plant_03","texture":"theme_003_scenery_plant","anchor":{"x":0.5,"y":1},"scale":{"x":1,"y":1},"rotation":0,"depth":0,"data":"","position":{"x":574,"y":-433}},{"id":"desk_03","texture":"theme_003_scenery_desk","anchor":{"x":0.5,"y":1},"scale":{"x":1,"y":1},"rotation":0,"depth":0,"data":"","position":{"x":7961,"y":-334}},{"id":"desk_03","texture":"theme_003_scenery_desk","anchor":{"x":0.5,"y":1},"scale":{"x":1,"y":1},"rotation":-18,"depth":0,"data":"","position":{"x":11558,"y":-1025}},{"id":"desk_03","texture":"theme_003_scenery_desk","anchor":{"x":0.5,"y":1},"scale":{"x":1,"y":1},"rotation":0,"depth":0,"data":"","position":{"x":3604,"y":-656}},{"id":"plant_03","texture":"theme_003_scenery_plant","anchor":{"x":0.5,"y":1},"scale":{"x":1,"y":1},"rotation":0,"depth":0,"data":"","position":{"x":-635,"y":-379}},{"id":"plant_03","texture":"theme_003_scenery_plant","anchor":{"x":0.5,"y":1},"scale":{"x":1,"y":1},"rotation":0,"depth":-1,"data":"","position":{"x":3579,"y":-738}},{"id":"chair02_03","texture":"theme_003_scenery_chair","anchor":{"x":0.5,"y":1},"scale":{"x":1,"y":1},"rotation":0,"depth":0,"data":"","position":{"x":3797,"y":-658}},{"id":"plant_03","texture":"theme_003_scenery_plant","anchor":{"x":0.5,"y":1},"scale":{"x":1,"y":1},"rotation":0,"depth":0,"data":"","position":{"x":8511,"y":-1821}},{"id":"plant_03","texture":"theme_003_scenery_plant","anchor":{"x":0.5,"y":1},"scale":{"x":1,"y":1},"rotation":-7,"depth":0,"data":"","position":{"x":11724,"y":-2830}},{"id":"plant_03","texture":"theme_003_scenery_plant","anchor":{"x":0.5,"y":1},"scale":{"x":1,"y":1},"rotation":0,"depth":0,"data":"","position":{"x":11721,"y":-1072}},{"id":"plant_03","texture":"theme_003_scenery_plant","anchor":{"x":0.5,"y":1},"scale":{"x":1,"y":1},"rotation":21,"depth":0,"data":"","position":{"x":13288,"y":-2312}},{"id":"plant_03","texture":"theme_003_scenery_plant","anchor":{"x":0.5,"y":1},"scale":{"x":1,"y":1},"rotation":10,"depth":0,"data":"","position":{"x":14926,"y":-2557}},{"id":"plant_03","texture":"theme_003_scenery_plant","anchor":{"x":0.5,"y":1},"scale":{"x":1,"y":1},"rotation":0,"depth":0,"data":"","position":{"x":18174,"y":-1662}},{"id":"plant_03","texture":"theme_003_scenery_plant","anchor":{"x":0.5,"y":1},"scale":{"x":1,"y":1},"rotation":4,"depth":0,"data":"","position":{"x":15990,"y":-349}},{"id":"money_03","texture":"theme_003_scenery_money","anchor":{"x":0.5,"y":1},"scale":{"x":1,"y":1},"rotation":0,"depth":0,"data":"","position":{"x":2265,"y":263}},{"id":"plant_03","texture":"theme_003_scenery_plant","anchor":{"x":0.5,"y":1},"scale":{"x":1,"y":1},"rotation":0,"depth":0,"data":"","position":{"x":2462,"y":-862}},{"id":"plant_03","texture":"theme_003_scenery_plant","anchor":{"x":0.5,"y":1},"scale":{"x":1,"y":1},"rotation":-3,"depth":0,"data":"","position":{"x":5597,"y":-2470}},{"id":"ropes_03","texture":"theme_003_scenery_ropes","anchor":{"x":0.5,"y":1},"scale":{"x":1,"y":1},"rotation":-21,"depth":0,"data":"","position":{"x":1251,"y":-711}},{"id":"ropes_03","texture":"theme_003_scenery_ropes","anchor":{"x":0.5,"y":1},"scale":{"x":1,"y":1},"rotation":-21,"depth":0,"data":"","position":{"x":1536,"y":-819}},{"id":"ropes_03","texture":"theme_003_scenery_ropes","anchor":{"x":0.5,"y":1},"scale":{"x":1,"y":1},"rotation":-21,"depth":0,"data":"","position":{"x":1821,"y":-929}},{"id":"ropes_03","texture":"theme_003_scenery_ropes","anchor":{"x":0.5,"y":1},"scale":{"x":1,"y":1},"rotation":0,"depth":-1,"data":"","position":{"x":5090,"y":-2305}},{"id":"ropes_03","texture":"theme_003_scenery_ropes","anchor":{"x":0.5,"y":1},"scale":{"x":1,"y":1},"rotation":0,"depth":-1,"data":"","position":{"x":7730,"y":-336}},{"id":"ropes_03","texture":"theme_003_scenery_ropes","anchor":{"x":0.5,"y":1},"scale":{"x":1,"y":1},"rotation":-21,"depth":0,"data":"","position":{"x":5211,"y":174}},{"id":"ropes_03","texture":"theme_003_scenery_ropes","anchor":{"x":0.5,"y":1},"scale":{"x":1,"y":1},"rotation":-21,"depth":0,"data":"","position":{"x":6398,"y":-251}},{"id":"ropes_03","texture":"theme_003_scenery_ropes","anchor":{"x":0.5,"y":1},"scale":{"x":1,"y":1},"rotation":-14,"depth":0,"data":"","position":{"x":10822,"y":-2613}},{"id":"ropes_03","texture":"theme_003_scenery_ropes","anchor":{"x":0.5,"y":1},"scale":{"x":1,"y":1},"rotation":-14,"depth":0,"data":"","position":{"x":11119,"y":-2686}},{"id":"ropes_03","texture":"theme_003_scenery_ropes","anchor":{"x":0.5,"y":1},"scale":{"x":1,"y":1},"rotation":-14,"depth":0,"data":"","position":{"x":11415,"y":-2758}},{"id":"ropes_03","texture":"theme_003_scenery_ropes","anchor":{"x":0.5,"y":1},"scale":{"x":1,"y":1},"rotation":17,"depth":0,"data":"","position":{"x":15156,"y":-2484}},{"id":"ropes_03","texture":"theme_003_scenery_ropes","anchor":{"x":0.5,"y":1},"scale":{"x":1,"y":1},"rotation":-16,"depth":0,"data":"","position":{"x":19608,"y":-981}},{"id":"ropes_03","texture":"theme_003_scenery_ropes","anchor":{"x":0.5,"y":1},"scale":{"x":1,"y":1},"rotation":-16,"depth":0,"data":"","position":{"x":19900,"y":-1065}},{"id":"ropes_03","texture":"theme_003_scenery_ropes","anchor":{"x":0.5,"y":1},"scale":{"x":1,"y":1},"rotation":-14,"depth":0,"data":"","position":{"x":10667,"y":-571}},{"id":"ropes_03","texture":"theme_003_scenery_ropes","anchor":{"x":0.5,"y":1},"scale":{"x":1,"y":1},"rotation":-14,"depth":0,"data":"","position":{"x":10372,"y":-498}},{"id":"desk_03","texture":"theme_003_scenery_desk","anchor":{"x":0.5,"y":1},"scale":{"x":1,"y":1},"rotation":-23,"depth":0,"data":"","position":{"x":2864,"y":-1332}},{"id":"desk_03","texture":"theme_003_scenery_desk","anchor":{"x":0.5,"y":1},"scale":{"x":1,"y":1},"rotation":0,"depth":0,"data":"","position":{"x":256,"y":-430}},{"id":"desk_03","texture":"theme_003_scenery_desk","anchor":{"x":0.5,"y":1},"scale":{"x":1,"y":1},"rotation":-23,"depth":0,"data":"","position":{"x":9148,"y":-2180}},{"id":"desk_03","texture":"theme_003_scenery_desk","anchor":{"x":0.5,"y":1},"scale":{"x":1,"y":1},"rotation":13,"depth":0,"data":"","position":{"x":16529,"y":-227}},{"id":"desk_03","texture":"theme_003_scenery_desk","anchor":{"x":0.5,"y":1},"scale":{"x":1,"y":1},"rotation":13,"depth":0,"data":"","position":{"x":16860,"y":-151}}]},{"name":"obstacles","depth":-2,"paths":[],"objects":[{"id":"teleport_01","texture":"theme_001_obstacle_teleport_off","anchor":{"x":0.5,"y":1},"scale":{"x":1,"y":1},"rotation":0,"depth":0,"data":"{ \"in\":1,\"out\":2 }","position":{"x":5774,"y":-2481}},{"id":"fire_on_03","texture":"theme_003_obstacle_flame_on","anchor":{"x":0.5,"y":1},"scale":{"x":1,"y":1},"rotation":0,"depth":0,"data":"","position":{"x":14549,"y":-946}},{"id":"fire_on_03","texture":"theme_003_obstacle_flame_on","anchor":{"x":0.5,"y":1},"scale":{"x":1,"y":1},"rotation":0,"depth":0,"data":"","position":{"x":10210,"y":-2505}},{"id":"fire_on_03","texture":"theme_003_obstacle_flame_on","anchor":{"x":0.5,"y":1},"scale":{"x":1,"y":1},"rotation":0,"depth":0,"data":"","position":{"x":12470,"y":-2901}},{"id":"fire_on_03","texture":"theme_003_obstacle_flame_on","anchor":{"x":0.5,"y":1},"scale":{"x":1,"y":1},"rotation":0,"depth":0,"data":"","position":{"x":17407,"y":-1663}},{"id":"fire_on_03","texture":"theme_003_obstacle_flame_on","anchor":{"x":0.5,"y":1},"scale":{"x":1,"y":1},"rotation":0,"depth":0,"data":"","position":{"x":17930,"y":-1663}},{"id":"fire_on_03","texture":"theme_003_obstacle_flame_on","anchor":{"x":0.5,"y":1},"scale":{"x":1,"y":1},"rotation":0,"depth":0,"data":"","position":{"x":15614,"y":-980}},{"id":"fire_on_03","texture":"theme_003_obstacle_flame_on","anchor":{"x":0.5,"y":1},"scale":{"x":1,"y":1},"rotation":0,"depth":0,"data":"","position":{"x":17384,"y":-80}},{"id":"finish_03","texture":"theme_003_obstacle_finish","anchor":{"x":0.5,"y":1},"scale":{"x":1,"y":1},"rotation":0,"depth":0,"data":"","position":{"x":18923,"y":-911}},{"id":"gate_red03","texture":"theme_003_obstacle_gate_red_closed","anchor":{"x":0.5,"y":1},"scale":{"x":1,"y":1},"rotation":0,"depth":0,"data":"","position":{"x":15518,"y":-2308}},{"id":"level_gameover","texture":"level_gameover","anchor":{"x":0.5,"y":0.5},"scale":{"x":6,"y":6},"rotation":0,"depth":0,"data":"","position":{"x":3283,"y":837}},{"id":"teleport_01","texture":"theme_001_obstacle_teleport_off","anchor":{"x":0.5,"y":1},"scale":{"x":1,"y":1},"rotation":0,"depth":0,"data":"{ \"in\":2,\"out\":2 }","position":{"x":12083,"y":-1328}},{"id":"level_end","texture":"level_end","anchor":{"x":0.5,"y":0.5},"scale":{"x":7,"y":7},"rotation":0,"depth":-1,"data":"","position":{"x":19378,"y":-1314}},{"id":"level_gameover","texture":"level_gameover","anchor":{"x":0.5,"y":0.5},"scale":{"x":7,"y":7},"rotation":0,"depth":0,"data":"","position":{"x":8728,"y":336}},{"id":"level_gameover","texture":"level_gameover","anchor":{"x":0.5,"y":0.5},"scale":{"x":6,"y":6},"rotation":0,"depth":0,"data":"","position":{"x":15022,"y":-316}},{"id":"teleport_03","texture":"theme_003_obstacle_teleport_off","anchor":{"x":0.5,"y":1},"scale":{"x":1,"y":1},"rotation":0,"depth":0,"data":"{ \"in\":4,\"out\":4 }","position":{"x":9413,"y":-334}},{"id":"teleport_03","texture":"theme_003_obstacle_teleport_off","anchor":{"x":0.5,"y":1},"scale":{"x":1,"y":1},"rotation":0,"depth":0,"data":"{ \"in\":3,\"out\":4 }","position":{"x":3767,"y":283}},{"id":"rock01_03","texture":"theme_003_obstacle_rock","anchor":{"x":0.5,"y":1},"scale":{"x":1,"y":1},"rotation":0,"depth":0,"data":"","position":{"x":9163,"y":-337}},{"id":"rock02_03","texture":"theme_003_obstacle_rock_002","anchor":{"x":0.5,"y":1},"scale":{"x":1,"y":1},"rotation":0,"depth":0,"data":"","position":{"x":8184,"y":-337}},{"id":"rock01_03","texture":"theme_003_obstacle_rock","anchor":{"x":0.5,"y":1},"scale":{"x":1,"y":1},"rotation":0,"depth":0,"data":"","position":{"x":8298,"y":-337}},{"id":"rock01_03","texture":"theme_003_obstacle_rock","anchor":{"x":0.5,"y":1},"scale":{"x":1,"y":1},"rotation":0,"depth":0,"data":"","position":{"x":-651,"y":-187}},{"id":"rock01_03","texture":"theme_003_obstacle_rock","anchor":{"x":0.5,"y":1},"scale":{"x":1,"y":1},"rotation":1,"depth":0,"data":"","position":{"x":13832,"y":-1904}},{"id":"hint","texture":"hint","anchor":{"x":0.5,"y":0.5},"scale":{"x":4,"y":4},"rotation":0,"depth":0,"data":"{ \"id\" : \"overflow\" }","position":{"x":14314,"y":-1199}},{"id":"hint","texture":"hint","anchor":{"x":0.5,"y":0.5},"scale":{"x":3.4,"y":3.4},"rotation":0,"depth":0,"data":"{ \"id\" : \"overflow\" }","position":{"x":847,"y":-158}}]},{"name":"platforms","depth":0,"paths":[{"closed":true,"depth":0,"collisions":1,"texFill":"theme_03_fill","texGround":"theme_03_ground","texGroundEdge":"theme_03_ground_edge","texWall":"theme_03_wall","texFillPadding":64,"texFillSize":256,"texGroundSize":160,"texGroundDelta":0.3,"texWallSize":160,"texWallDelta":0.1,"texWallAngle":70,"texGroundEdgeSide":"","data":"","points":[{"x":-1696,"y":-1152},{"x":-1632,"y":-1152},{"x":-704,"y":-1152},{"x":-704,"y":-1152},{"x":-704,"y":-1152},{"x":-704,"y":-704},{"x":-704,"y":-224},{"x":-704,"y":-224},{"x":-240,"y":-80},{"x":-240,"y":-80},{"x":-240,"y":144},{"x":-240,"y":144},{"x":-240,"y":144},{"x":-240,"y":144},{"x":288,"y":144},{"x":336,"y":144},{"x":384,"y":112},{"x":464,"y":48},{"x":528,"y":0},{"x":768,"y":0},{"x":864,"y":0},{"x":1168,"y":0},{"x":1168,"y":64},{"x":1168,"y":176},{"x":1168,"y":240},{"x":1616,"y":240},{"x":2144,"y":240},{"x":2400,"y":240},{"x":2400,"y":288},{"x":2400,"y":-688},{"x":2400,"y":-864},{"x":2496,"y":-864},{"x":2832,"y":-864},{"x":3024,"y":-864},{"x":3024,"y":-784},{"x":3024,"y":1888},{"x":3024,"y":1968},{"x":3024,"y":1984},{"x":-1680,"y":784},{"x":-1680,"y":784},{"x":-1680,"y":288},{"x":-1680,"y":-784},{"x":-1680,"y":-1104}],"bounds":[-1696,3024]},{"closed":false,"depth":-1,"collisions":1,"texFill":"theme_03_fill","texGround":"theme_03_ground","texGroundEdge":"theme_03_ground_edge","texWall":"theme_03_wall","texFillPadding":768,"texFillSize":256,"texGroundSize":160,"texGroundDelta":0.3,"texWallSize":160,"texWallDelta":0.1,"texWallAngle":70,"texGroundEdgeSide":"","data":"","points":[{"x":176,"y":-432},{"x":400,"y":-432},{"x":400,"y":-432},{"x":608,"y":-432}],"bounds":[176,608]},{"closed":false,"depth":-1,"collisions":1,"texFill":"theme_03_fill","texGround":"theme_03_ground","texGroundEdge":"theme_03_ground_edge","texWall":"theme_03_wall","texFillPadding":1024,"texFillSize":256,"texGroundSize":160,"texGroundDelta":0.3,"texWallSize":176,"texWallDelta":0.15,"texWallAngle":70,"texGroundEdgeSide":"","data":"","points":[{"x":1072,"y":-640},{"x":1072,"y":-640},{"x":1952,"y":-976},{"x":1952,"y":-976}],"bounds":[1072,1952]},{"closed":false,"depth":-1,"collisions":1,"texFill":"theme_03_fill","texGround":"theme_03_ground","texGroundEdge":"theme_03_ground_edge","texWall":"theme_03_wall","texFillPadding":512,"texFillSize":256,"texGroundSize":160,"texGroundDelta":0.3,"texWallSize":160,"texWallDelta":0.1,"texWallAngle":70,"texGroundEdgeSide":"","data":"","points":[{"x":2576,"y":-1216},{"x":2576,"y":-1216},{"x":3008,"y":-1392},{"x":3024,"y":-1408}],"bounds":[2576,3024]},{"closed":true,"depth":0,"collisions":1,"texFill":"theme_03_fill","texGround":"theme_03_ground","texGroundEdge":"theme_03_ground_edge","texWall":"theme_03_wall","texFillPadding":512,"texFillSize":256,"texGroundSize":160,"texGroundDelta":0.3,"texWallSize":160,"texWallDelta":0.1,"texWallAngle":70,"texGroundEdgeSide":"","data":"","points":[{"x":3376,"y":-1568},{"x":3472,"y":-1616},{"x":4512,"y":-2176},{"x":4608,"y":-2224},{"x":4608,"y":-2144},{"x":4608,"y":-2080},{"x":4608,"y":-2000},{"x":4400,"y":-1888},{"x":3952,"y":-1632},{"x":3792,"y":-1552},{"x":3600,"y":-1552},{"x":3552,"y":-1552},{"x":3408,"y":-1552}],"bounds":[3376,4608]},{"closed":true,"depth":0,"collisions":1,"texFill":"theme_03_fill","texGround":"theme_03_ground","texGroundEdge":"theme_03_ground_edge","texWall":"theme_03_wall","texFillPadding":512,"texFillSize":256,"texGroundSize":160,"texGroundDelta":0.3,"texWallSize":160,"texWallDelta":0.1,"texWallAngle":70,"texGroundEdgeSide":"","data":"","points":[{"x":3504,"y":-656},{"x":3664,"y":-656},{"x":3712,"y":-656},{"x":3872,"y":-656},{"x":3872,"y":-656},{"x":4336,"y":-464},{"x":4336,"y":-464},{"x":4336,"y":-464},{"x":3904,"y":-288},{"x":3904,"y":-288},{"x":3808,"y":-288},{"x":3760,"y":-288},{"x":3616,"y":-288},{"x":3616,"y":-288},{"x":3504,"y":-368},{"x":3504,"y":-368},{"x":3504,"y":-512},{"x":3504,"y":-640},{"x":3504,"y":-624}],"bounds":[3504,4336]},{"closed":true,"depth":0,"collisions":1,"texFill":"theme_03_fill","texGround":"theme_03_ground","texGroundEdge":"theme_03_ground_edge","texWall":"theme_03_wall","texFillPadding":1024,"texFillSize":256,"texGroundSize":160,"texGroundDelta":0.3,"texWallSize":160,"texWallDelta":0.1,"texWallAngle":70,"texGroundEdgeSide":"","data":"","points":[{"x":3616,"y":288},{"x":3984,"y":288},{"x":4512,"y":288},{"x":4896,"y":288},{"x":4960,"y":256},{"x":6592,"y":-320},{"x":6624,"y":-336},{"x":7280,"y":-336},{"x":7632,"y":-336},{"x":8288,"y":-336},{"x":8288,"y":-144},{"x":8288,"y":960},{"x":8288,"y":1120},{"x":8096,"y":1152},{"x":7312,"y":1104},{"x":7312,"y":1104},{"x":7312,"y":1104},{"x":6208,"y":1584},{"x":5600,"y":1968},{"x":4992,"y":1984},{"x":4192,"y":1968},{"x":3616,"y":1968},{"x":3616,"y":1488},{"x":3616,"y":640},{"x":3616,"y":320}],"bounds":[3616,8288]},{"closed":true,"depth":0,"collisions":1,"texFill":"theme_03_fill","texGround":"theme_03_ground","texGroundEdge":"theme_03_ground_edge","texWall":"theme_03_wall","texFillPadding":512,"texFillSize":256,"texGroundSize":160,"texGroundDelta":0.3,"texWallSize":160,"texWallDelta":0.1,"texWallAngle":70,"texGroundEdgeSide":"","data":"","points":[{"x":4976,"y":-2304},{"x":5008,"y":-2304},{"x":5136,"y":-2304},{"x":5248,"y":-2304},{"x":5296,"y":-2336},{"x":5568,"y":-2464},{"x":5600,"y":-2480},{"x":5680,"y":-2480},{"x":5792,"y":-2480},{"x":5872,"y":-2480},{"x":5856,"y":-2464},{"x":5696,"y":-2224},{"x":5648,"y":-2160},{"x":5424,"y":-2160},{"x":5200,"y":-2160},{"x":5120,"y":-2160},{"x":5040,"y":-2224},{"x":4992,"y":-2272},{"x":4976,"y":-2288}],"bounds":[4976,5872]},{"closed":true,"depth":-1,"collisions":1,"texFill":"theme_03_fill","texGround":"theme_03_ground","texGroundEdge":"theme_03_ground_edge","texWall":"theme_03_wall","texFillPadding":512,"texFillSize":256,"texGroundSize":160,"texGroundDelta":0.3,"texWallSize":160,"texWallDelta":0.1,"texWallAngle":70,"texGroundEdgeSide":"","data":"","points":[{"x":8112,"y":-1824},{"x":8192,"y":-1824},{"x":8544,"y":-1824},{"x":8544,"y":-1824},{"x":8544,"y":-1824},{"x":8544,"y":-1776},{"x":8544,"y":-1664},{"x":8496,"y":-1664},{"x":8448,"y":-1664},{"x":8432,"y":-1664},{"x":8304,"y":-1728},{"x":8320,"y":-1712},{"x":8288,"y":-1728},{"x":8256,"y":-1728},{"x":8304,"y":-1728},{"x":8112,"y":-1728},{"x":8112,"y":-1760},{"x":8112,"y":-1792},{"x":8112,"y":-1824}],"bounds":[8112,8544]},{"closed":true,"depth":0,"collisions":1,"texFill":"theme_03_fill","texGround":"theme_03_ground","texGroundEdge":"theme_03_ground_edge","texWall":"theme_03_wall","texFillPadding":512,"texFillSize":256,"texGroundSize":160,"texGroundDelta":0.35,"texWallSize":160,"texWallDelta":0.1,"texWallAngle":70,"texGroundEdgeSide":"","data":"","points":[{"x":9040,"y":-2128},{"x":9312,"y":-2240},{"x":9392,"y":-2272},{"x":9616,"y":-2352},{"x":9616,"y":-2320},{"x":9616,"y":-2352},{"x":9616,"y":-2192},{"x":9616,"y":-2192},{"x":9424,"y":-2128},{"x":9376,"y":-2112},{"x":9360,"y":-2112},{"x":9104,"y":-2112},{"x":9056,"y":-2128}],"bounds":[9040,9616]},{"closed":true,"depth":0,"collisions":1,"texFill":"theme_03_fill","texGround":"theme_03_ground","texGroundEdge":"theme_03_ground_edge","texWall":"theme_03_wall","texFillPadding":512,"texFillSize":256,"texGroundSize":160,"texGroundDelta":0.3,"texWallSize":160,"texWallDelta":0.1,"texWallAngle":70,"texGroundEdgeSide":"","data":"","points":[{"x":11792,"y":-1328},{"x":11792,"y":-1328},{"x":13008,"y":-1328},{"x":13008,"y":-1328},{"x":13008,"y":-1328},{"x":14208,"y":-944},{"x":14208,"y":-944},{"x":14208,"y":-944},{"x":14736,"y":-944},{"x":14784,"y":-944},{"x":14784,"y":-848},{"x":14784,"y":624},{"x":14784,"y":736},{"x":14512,"y":736},{"x":9296,"y":1104},{"x":9152,"y":1088},{"x":9152,"y":960},{"x":9152,"y":-304},{"x":9152,"y":-336},{"x":9200,"y":-336},{"x":9632,"y":-336},{"x":9744,"y":-336},{"x":9744,"y":-336},{"x":11040,"y":-672},{"x":11328,"y":-736},{"x":11328,"y":-800},{"x":11328,"y":-880},{"x":11328,"y":-944},{"x":11360,"y":-960},{"x":11744,"y":-1088},{"x":11792,"y":-1104},{"x":11792,"y":-1280},{"x":11792,"y":-1200},{"x":11792,"y":-1328}],"bounds":[9152,14784]},{"closed":true,"depth":0,"collisions":1,"texFill":"theme_03_fill","texGround":"theme_03_ground","texGroundEdge":"theme_03_ground_edge","texWall":"theme_03_wall","texFillPadding":512,"texFillSize":256,"texGroundSize":160,"texGroundDelta":0.3,"texWallSize":160,"texWallDelta":0.1,"texWallAngle":70,"texGroundEdgeSide":"","data":"","points":[{"x":10112,"y":-2496},{"x":10176,"y":-2496},{"x":10352,"y":-2496},{"x":10352,"y":-2496},{"x":10352,"y":-2496},{"x":11792,"y":-2848},{"x":11792,"y":-2848},{"x":11792,"y":-2848},{"x":11792,"y":-2688},{"x":11792,"y":-2608},{"x":11664,"y":-2560},{"x":11088,"y":-2304},{"x":10832,"y":-2192},{"x":10464,"y":-2192},{"x":10672,"y":-2192},{"x":10336,"y":-2192},{"x":10256,"y":-2288},{"x":10128,"y":-2464},{"x":10112,"y":-2480}],"bounds":[10112,11792]},{"closed":false,"depth":-1,"collisions":1,"texFill":"theme_03_fill","texGround":"theme_03_ground","texGroundEdge":"theme_03_ground_edge","texWall":"theme_03_wall","texFillPadding":1024,"texFillSize":256,"texGroundSize":176,"texGroundDelta":0.3,"texWallSize":160,"texWallDelta":0.1,"texWallAngle":70,"texGroundEdgeSide":"","data":"","points":[{"x":12320,"y":-2896},{"x":12608,"y":-2896},{"x":12528,"y":-2896},{"x":12704,"y":-2896},{"x":12704,"y":-2896},{"x":13072,"y":-2576},{"x":13072,"y":-2576},{"x":13120,"y":-2576},{"x":13200,"y":-2576},{"x":13232,"y":-2576},{"x":13232,"y":-2528},{"x":13232,"y":-2400},{"x":13232,"y":-2368},{"x":13296,"y":-2304},{"x":13664,"y":-1936},{"x":13696,"y":-1904},{"x":13776,"y":-1904},{"x":13888,"y":-1904},{"x":13888,"y":-1904},{"x":13888,"y":-1936},{"x":13888,"y":-2656},{"x":13888,"y":-2688},{"x":13952,"y":-2688},{"x":14336,"y":-2688},{"x":14432,"y":-2688}],"bounds":[12320,14432]},{"closed":true,"depth":0,"collisions":1,"texFill":"theme_03_fill","texGround":"theme_03_ground","texGroundEdge":"theme_03_ground_edge","texWall":"theme_03_wall","texFillPadding":512,"texFillSize":256,"texGroundSize":160,"texGroundDelta":0.4,"texWallSize":160,"texWallDelta":0.1,"texWallAngle":70,"texGroundEdgeSide":"","data":"","points":[{"x":14912,"y":-2544},{"x":14912,"y":-2544},{"x":15168,"y":-2464},{"x":15312,"y":-2416},{"x":15312,"y":-2384},{"x":15312,"y":-2320},{"x":15312,"y":-2288},{"x":15344,"y":-2288},{"x":15424,"y":-2288},{"x":15536,"y":-2288},{"x":15536,"y":-2256},{"x":15536,"y":-2192},{"x":15536,"y":-2160},{"x":15536,"y":-2160},{"x":15184,"y":-2160},{"x":15136,"y":-2160},{"x":15056,"y":-2208},{"x":15056,"y":-2208},{"x":14912,"y":-2304},{"x":14912,"y":-2400},{"x":14912,"y":-2528},{"x":14912,"y":-2528}],"bounds":[14912,15536]},{"closed":true,"depth":0,"collisions":1,"texFill":"theme_03_fill","texGround":"theme_03_ground","texGroundEdge":"theme_03_ground_edge","texWall":"theme_03_wall","texFillPadding":512,"texFillSize":256,"texGroundSize":160,"texGroundDelta":0.3,"texWallSize":160,"texWallDelta":0.1,"texWallAngle":70,"texGroundEdgeSide":"","data":"","points":[{"x":15904,"y":-368},{"x":15904,"y":-368},{"x":17200,"y":-80},{"x":17200,"y":-80},{"x":17200,"y":-80},{"x":17504,"y":-80},{"x":17568,"y":-80},{"x":17568,"y":-80},{"x":18288,"y":-368},{"x":18288,"y":-368},{"x":18288,"y":-432},{"x":18288,"y":-544},{"x":18288,"y":-640},{"x":18320,"y":-640},{"x":18736,"y":-640},{"x":18864,"y":-640},{"x":18864,"y":-768},{"x":18864,"y":-848},{"x":18864,"y":-912},{"x":19040,"y":-912},{"x":19248,"y":-912},{"x":19376,"y":-912},{"x":19376,"y":-912},{"x":20656,"y":-1296},{"x":20656,"y":-1296},{"x":20656,"y":-992},{"x":20656,"y":720},{"x":20656,"y":1168},{"x":20656,"y":1168},{"x":17040,"y":1168},{"x":17008,"y":1168},{"x":17008,"y":1168},{"x":15200,"y":704},{"x":15168,"y":688},{"x":15168,"y":-144},{"x":15168,"y":-560},{"x":15168,"y":-976},{"x":15424,"y":-976},{"x":15664,"y":-976},{"x":15904,"y":-976},{"x":15904,"y":-832},{"x":15904,"y":-512},{"x":15904,"y":-368}],"bounds":[15168,20656]},{"closed":true,"depth":0,"collisions":1,"texFill":"theme_03_fill","texGround":"theme_03_ground","texGroundEdge":"theme_03_ground_edge","texWall":"theme_03_wall","texFillPadding":512,"texFillSize":256,"texGroundSize":160,"texGroundDelta":0.3,"texWallSize":160,"texWallDelta":0.1,"texWallAngle":70,"texGroundEdgeSide":"","data":"","points":[{"x":16000,"y":-2112},{"x":16000,"y":-2112},{"x":16288,"y":-2112},{"x":16288,"y":-2112},{"x":16288,"y":-2112},{"x":16512,"y":-1888},{"x":16592,"y":-1808},{"x":16544,"y":-1808},{"x":16192,"y":-1808},{"x":16176,"y":-1808},{"x":16128,"y":-1872},{"x":16016,"y":-2064},{"x":16000,"y":-2096}],"bounds":[16000,16592]},{"closed":true,"depth":0,"collisions":1,"texFill":"theme_03_fill","texGround":"theme_03_ground","texGroundEdge":"theme_03_ground_edge","texWall":"theme_03_wall","texFillPadding":512,"texFillSize":256,"texGroundSize":192,"texGroundDelta":0.35,"texWallSize":160,"texWallDelta":0.1,"texWallAngle":70,"texGroundEdgeSide":"","data":"","points":[{"x":16320,"y":-1168},{"x":16464,"y":-1264},{"x":17120,"y":-1648},{"x":17120,"y":-1648},{"x":17136,"y":-1648},{"x":18096,"y":-1648},{"x":18144,"y":-1648},{"x":18128,"y":-1616},{"x":17904,"y":-1168},{"x":17904,"y":-1168},{"x":17776,"y":-1168},{"x":17088,"y":-1168},{"x":16880,"y":-1168},{"x":16816,"y":-1136},{"x":16688,"y":-1056},{"x":16608,"y":-1024},{"x":16544,"y":-1024},{"x":16416,"y":-1024},{"x":16352,"y":-1024},{"x":16352,"y":-1072},{"x":16352,"y":-1104},{"x":16352,"y":-1152}],"bounds":[16320,18144]}],"objects":[]},{"name":"enemies","depth":1,"paths":[],"objects":[{"id":"bandit_03","texture":"bandit_03","anchor":{"x":0.5,"y":1},"scale":{"x":1,"y":1},"rotation":0,"depth":0,"data":"{ \"left\": 200, \"right\": 500, \"fireRate\" : 2, \"fireRateVariability\" : 60 }","position":{"x":14161,"y":-2691}},{"id":"bandit_03","texture":"bandit_03","anchor":{"x":0.5,"y":1},"scale":{"x":1,"y":1},"rotation":0,"depth":0,"data":"{ \"left\": 200, \"right\": 500, \"fireRate\" : 1, \"fireRateVariability\" : 60 }","position":{"x":4226,"y":287}},{"id":"bandit_03","texture":"bandit_03","anchor":{"x":0.5,"y":1},"scale":{"x":1,"y":1},"rotation":0,"depth":0,"data":"{ \"left\": 150, \"right\": 300, \"fireRate\" : 2, \"fireRateVariability\" : 60 }","position":{"x":17670,"y":-1661}},{"id":"bandit_03","texture":"bandit_03","anchor":{"x":0.5,"y":1},"scale":{"x":1,"y":1},"rotation":0,"depth":0,"data":"{ \"left\": 100, \"right\": 200, \"orientation\": \"right\" }","position":{"x":846,"y":-2}}]},{"name":"pickups","depth":2,"paths":[],"objects":[{"id":"coin","texture":"pick_up","anchor":{"x":0.5,"y":0.5},"scale":{"x":1,"y":1},"rotation":0,"depth":0,"data":"","position":{"x":6280,"y":-470}},{"id":"coin","texture":"pick_up","anchor":{"x":0.5,"y":0.5},"scale":{"x":1,"y":1},"rotation":0,"depth":0,"data":"","position":{"x":-209,"y":-456}},{"id":"coin","texture":"pick_up","anchor":{"x":0.5,"y":0.5},"scale":{"x":1,"y":1},"rotation":0,"depth":0,"data":"","position":{"x":-12,"y":-555}},{"id":"coin","texture":"pick_up","anchor":{"x":0.5,"y":0.5},"scale":{"x":1,"y":1},"rotation":0,"depth":0,"data":"","position":{"x":1198,"y":-848}},{"id":"coin","texture":"pick_up","anchor":{"x":0.5,"y":0.5},"scale":{"x":1,"y":1},"rotation":0,"depth":0,"data":"","position":{"x":1472,"y":-959}},{"id":"coin","texture":"pick_up","anchor":{"x":0.5,"y":0.5},"scale":{"x":1,"y":1},"rotation":0,"depth":0,"data":"","position":{"x":1747,"y":-1068}},{"id":"coin","texture":"pick_up","anchor":{"x":0.5,"y":0.5},"scale":{"x":1,"y":1},"rotation":0,"depth":0,"data":"","position":{"x":3552,"y":-1830}},{"id":"coin","texture":"pick_up","anchor":{"x":0.5,"y":0.5},"scale":{"x":1,"y":1},"rotation":0,"depth":0,"data":"","position":{"x":3817,"y":-2004}},{"id":"coin","texture":"pick_up","anchor":{"x":0.5,"y":0.5},"scale":{"x":1,"y":1},"rotation":0,"depth":0,"data":"","position":{"x":4090,"y":-2164}},{"id":"coin","texture":"pick_up","anchor":{"x":0.5,"y":0.5},"scale":{"x":1,"y":1},"rotation":0,"depth":0,"data":"","position":{"x":4363,"y":-2293}},{"id":"coin","texture":"pick_up","anchor":{"x":0.5,"y":0.5},"scale":{"x":1,"y":1},"rotation":0,"depth":0,"data":"","position":{"x":5473,"y":-130}},{"id":"coin","texture":"pick_up","anchor":{"x":0.5,"y":0.5},"scale":{"x":1,"y":1},"rotation":0,"depth":0,"data":"","position":{"x":5744,"y":-246}},{"id":"coin","texture":"pick_up","anchor":{"x":0.5,"y":0.5},"scale":{"x":1,"y":1},"rotation":0,"depth":0,"data":"","position":{"x":6011,"y":-349}},{"id":"coin","texture":"pick_up","anchor":{"x":0.5,"y":0.5},"scale":{"x":1,"y":1},"rotation":0,"depth":0,"data":"","position":{"x":10160,"y":-603}},{"id":"coin","texture":"pick_up","anchor":{"x":0.5,"y":0.5},"scale":{"x":1,"y":1},"rotation":0,"depth":0,"data":"","position":{"x":10478,"y":-696}},{"id":"coin","texture":"pick_up","anchor":{"x":0.5,"y":0.5},"scale":{"x":1,"y":1},"rotation":0,"depth":0,"data":"","position":{"x":10791,"y":-778}},{"id":"coin","texture":"pick_up","anchor":{"x":0.5,"y":0.5},"scale":{"x":1,"y":1},"rotation":0,"depth":0,"data":"","position":{"x":13380,"y":-1412}},{"id":"coin","texture":"pick_up","anchor":{"x":0.5,"y":0.5},"scale":{"x":1,"y":1},"rotation":0,"depth":0,"data":"","position":{"x":13676,"y":-1321}},{"id":"coin","texture":"pick_up","anchor":{"x":0.5,"y":0.5},"scale":{"x":1,"y":1},"rotation":0,"depth":0,"data":"","position":{"x":13971,"y":-1215}},{"id":"coin","texture":"pick_up","anchor":{"x":0.5,"y":0.5},"scale":{"x":1,"y":1},"rotation":0,"depth":0,"data":"","position":{"x":10938,"y":-2816}},{"id":"coin","texture":"pick_up","anchor":{"x":0.5,"y":0.5},"scale":{"x":1,"y":1},"rotation":0,"depth":0,"data":"","position":{"x":11231,"y":-2884}},{"id":"coin","texture":"pick_up","anchor":{"x":0.5,"y":0.5},"scale":{"x":1,"y":1},"rotation":0,"depth":0,"data":"","position":{"x":11537,"y":-2953}},{"id":"coin","texture":"pick_up","anchor":{"x":0.5,"y":0.5},"scale":{"x":1,"y":1},"rotation":0,"depth":0,"data":"","position":{"x":16390,"y":-1397}},{"id":"coin","texture":"pick_up","anchor":{"x":0.5,"y":0.5},"scale":{"x":1,"y":1},"rotation":0,"depth":0,"data":"","position":{"x":16633,"y":-1572}},{"id":"coin","texture":"pick_up","anchor":{"x":0.5,"y":0.5},"scale":{"x":1,"y":1},"rotation":0,"depth":0,"data":"","position":{"x":16883,"y":-1731}},{"id":"coin","texture":"pick_up","anchor":{"x":0.5,"y":0.5},"scale":{"x":1,"y":1},"rotation":0,"depth":0,"data":"","position":{"x":15142,"y":-2657}},{"id":"coin","texture":"pick_up","anchor":{"x":0.5,"y":0.5},"scale":{"x":1,"y":1},"rotation":0,"depth":0,"data":"","position":{"x":15263,"y":-2616}},{"id":"coin","texture":"pick_up","anchor":{"x":0.5,"y":0.5},"scale":{"x":1,"y":1},"rotation":0,"depth":0,"data":"","position":{"x":15235,"y":-2745}},{"id":"coin","texture":"pick_up","anchor":{"x":0.5,"y":0.5},"scale":{"x":1,"y":1},"rotation":0,"depth":0,"data":"","position":{"x":10620,"y":-2725}},{"id":"coin","texture":"pick_up","anchor":{"x":0.5,"y":0.5},"scale":{"x":1,"y":1},"rotation":0,"depth":0,"data":"","position":{"x":-376,"y":-282}},{"id":"coin","texture":"pick_up","anchor":{"x":0.5,"y":0.5},"scale":{"x":1,"y":1},"rotation":0,"depth":0,"data":"","position":{"x":12404,"y":-3056}},{"id":"coin","texture":"pick_up","anchor":{"x":0.5,"y":0.5},"scale":{"x":1,"y":1},"rotation":0,"depth":0,"data":"","position":{"x":12467,"y":-3169}},{"id":"coin","texture":"pick_up","anchor":{"x":0.5,"y":0.5},"scale":{"x":1,"y":1},"rotation":0,"depth":0,"data":"","position":{"x":18451,"y":-808}},{"id":"coin","texture":"pick_up","anchor":{"x":0.5,"y":0.5},"scale":{"x":1,"y":1},"rotation":0,"depth":0,"data":"","position":{"x":18321,"y":-811}},{"id":"coin","texture":"pick_up","anchor":{"x":0.5,"y":0.5},"scale":{"x":1,"y":1},"rotation":0,"depth":0,"data":"","position":{"x":14758,"y":-1128}},{"id":"coin","texture":"pick_up","anchor":{"x":0.5,"y":0.5},"scale":{"x":1,"y":1},"rotation":0,"depth":0,"data":"","position":{"x":15183,"y":-1120}},{"id":"coin","texture":"pick_up","anchor":{"x":0.5,"y":0.5},"scale":{"x":1,"y":1},"rotation":0,"depth":0,"data":"","position":{"x":12530,"y":-3055}},{"id":"coin","texture":"pick_up","anchor":{"x":0.5,"y":0.5},"scale":{"x":1,"y":1},"rotation":0,"depth":0,"data":"","position":{"x":18384,"y":-930}},{"id":"sumocard","texture":"pick_up_card","anchor":{"x":0.5,"y":0.5},"scale":{"x":1,"y":1},"rotation":0,"depth":0,"data":"","position":{"x":8337,"y":-1997}},{"id":"coin","texture":"pick_up","anchor":{"x":0.5,"y":0.5},"scale":{"x":1,"y":1},"rotation":0,"depth":0,"data":"","position":{"x":7837,"y":-1822}},{"id":"coin","texture":"pick_up","anchor":{"x":0.5,"y":0.5},"scale":{"x":1,"y":1},"rotation":0,"depth":0,"data":"","position":{"x":7685,"y":-1663}},{"id":"coin","texture":"pick_up","anchor":{"x":0.5,"y":0.5},"scale":{"x":1,"y":1},"rotation":0,"depth":0,"data":"","position":{"x":7579,"y":-1450}},{"id":"coin","texture":"pick_up","anchor":{"x":0.5,"y":0.5},"scale":{"x":1,"y":1},"rotation":0,"depth":0,"data":"","position":{"x":776,"y":-145}},{"id":"coin","texture":"pick_up","anchor":{"x":0.5,"y":0.5},"scale":{"x":1,"y":1},"rotation":0,"depth":0,"data":"","position":{"x":908,"y":-142}},{"id":"coin","texture":"pick_up","anchor":{"x":0.5,"y":0.5},"scale":{"x":1,"y":1},"rotation":0,"depth":0,"data":"","position":{"x":842,"y":-259}},{"id":"time","texture":"pick_up_time","anchor":{"x":0.5,"y":0.5},"scale":{"x":1,"y":1},"rotation":0,"depth":0,"data":"","position":{"x":12606,"y":-1549}},{"id":"time","texture":"pick_up_time","anchor":{"x":0.5,"y":0.5},"scale":{"x":1,"y":1},"rotation":0,"depth":0,"data":"","position":{"x":7526,"y":-1177}},{"id":"time","texture":"pick_up_time","anchor":{"x":0.5,"y":0.5},"scale":{"x":1,"y":1},"rotation":0,"depth":0,"data":"","position":{"x":9277,"y":-2429}},{"id":"time","texture":"pick_up_time","anchor":{"x":0.5,"y":0.5},"scale":{"x":1,"y":1},"rotation":0,"depth":0,"data":"","position":{"x":16116,"y":-2278}},{"id":"time","texture":"pick_up_time","anchor":{"x":0.5,"y":0.5},"scale":{"x":1,"y":1},"rotation":0,"depth":0,"data":"","position":{"x":17383,"y":-280}},{"id":"time","texture":"pick_up_time","anchor":{"x":0.5,"y":0.5},"scale":{"x":1,"y":1},"rotation":0,"depth":0,"data":"","position":{"x":4406,"y":110}},{"id":"time","texture":"pick_up_time","anchor":{"x":0.5,"y":0.5},"scale":{"x":1,"y":1},"rotation":0,"depth":0,"data":"","position":{"x":14967,"y":-1264}},{"id":"key_red","texture":"key_red_radial","anchor":{"x":0.5,"y":0.5},"scale":{"x":1,"y":1},"rotation":0,"depth":0,"data":"","position":{"x":5089,"y":-2465}},{"id":"time","texture":"pick_up_time","anchor":{"x":0.5,"y":0.5},"scale":{"x":1,"y":1},"rotation":0,"depth":0,"data":"","position":{"x":13160,"y":-2691}},{"id":"coin","texture":"pick_up","anchor":{"x":0.5,"y":0.5},"scale":{"x":1,"y":1},"rotation":0,"depth":0,"data":"","position":{"x":16148,"y":-963}},{"id":"coin","texture":"pick_up","anchor":{"x":0.5,"y":0.5},"scale":{"x":1,"y":1},"rotation":0,"depth":0,"data":"","position":{"x":16148,"y":-756}},{"id":"coin","texture":"pick_up","anchor":{"x":0.5,"y":0.5},"scale":{"x":1,"y":1},"rotation":0,"depth":0,"data":"","position":{"x":16148,"y":-553}},{"id":"time","texture":"pick_up_time","anchor":{"x":0.5,"y":0.5},"scale":{"x":1,"y":1},"rotation":0,"depth":0,"data":"","position":{"x":395,"y":-639}},{"id":"coin","texture":"pick_up","anchor":{"x":0.5,"y":0.5},"scale":{"x":1,"y":1},"rotation":0,"depth":0,"data":"","position":{"x":13417,"y":-2817}},{"id":"coin","texture":"pick_up","anchor":{"x":0.5,"y":0.5},"scale":{"x":1,"y":1},"rotation":0,"depth":0,"data":"","position":{"x":13703,"y":-2850}},{"id":"time","texture":"pick_up_time","anchor":{"x":0.5,"y":0.5},"scale":{"x":1,"y":1},"rotation":0,"depth":0,"data":"","position":{"x":2808,"y":-1067}}]}],"length":18482}