{"name":"heatblast3","layers":[{"name":"beauty","depth":-3,"paths":[],"objects":[{"id":"ropes_03","texture":"theme_003_scenery_ropes","anchor":{"x":0.5,"y":1},"scale":{"x":1,"y":1},"rotation":0,"depth":0,"data":"","position":{"x":14929,"y":-1984}},{"id":"plant_03","texture":"theme_003_scenery_plant","anchor":{"x":0.5,"y":1},"scale":{"x":1,"y":1},"rotation":-14,"depth":0,"data":"","position":{"x":5756,"y":-1151}},{"id":"money_03","texture":"theme_003_scenery_money","anchor":{"x":0.5,"y":1},"scale":{"x":1,"y":1},"rotation":28,"depth":0,"data":"","position":{"x":9543,"y":-2435}},{"id":"money_03","texture":"theme_003_scenery_money","anchor":{"x":0.5,"y":1},"scale":{"x":1,"y":1},"rotation":0,"depth":0,"data":"","position":{"x":17671,"y":-2590}},{"id":"chair02_03","texture":"theme_003_scenery_chair","anchor":{"x":0.5,"y":1},"scale":{"x":1,"y":1},"rotation":0,"depth":0,"data":"","position":{"x":10079,"y":-3169}},{"id":"chair02_03","texture":"theme_003_scenery_chair","anchor":{"x":0.5,"y":1},"scale":{"x":1,"y":1},"rotation":0,"depth":0,"data":"","position":{"x":5851,"y":-611}},{"id":"chair02_03","texture":"theme_003_scenery_chair","anchor":{"x":0.5,"y":1},"scale":{"x":1,"y":1},"rotation":0,"depth":0,"data":"","position":{"x":-388,"y":126}},{"id":"money_03","texture":"theme_003_scenery_money","anchor":{"x":0.5,"y":1},"scale":{"x":1,"y":1},"rotation":0,"depth":0,"data":"","position":{"x":4998,"y":-447}},{"id":"ropes_03","texture":"theme_003_scenery_ropes","anchor":{"x":0.5,"y":1},"scale":{"x":1,"y":1},"rotation":0,"depth":0,"data":"","position":{"x":8512,"y":-3376}},{"id":"ropes_03","texture":"theme_003_scenery_ropes","anchor":{"x":0.5,"y":1},"scale":{"x":1,"y":1},"rotation":0,"depth":0,"data":"","position":{"x":14624,"y":-1985}},{"id":"ropes_03","texture":"theme_003_scenery_ropes","anchor":{"x":0.5,"y":1},"scale":{"x":1,"y":1},"rotation":0,"depth":0,"data":"","position":{"x":504,"y":-528}},{"id":"ropes_03","texture":"theme_003_scenery_ropes","anchor":{"x":0.5,"y":1},"scale":{"x":1,"y":1},"rotation":0,"depth":0,"data":"","position":{"x":14320,"y":-1984}},{"id":"ropes_03","texture":"theme_003_scenery_ropes","anchor":{"x":0.5,"y":1},"scale":{"x":1,"y":1},"rotation":0,"depth":0,"data":"","position":{"x":17269,"y":-2608}},{"id":"ropes_03","texture":"theme_003_scenery_ropes","anchor":{"x":0.5,"y":1},"scale":{"x":1,"y":1},"rotation":0,"depth":-2,"data":"","position":{"x":17574,"y":-2608}},{"id":"ropes_03","texture":"theme_003_scenery_ropes","anchor":{"x":0.5,"y":1},"scale":{"x":1,"y":1},"rotation":17,"depth":0,"data":"","position":{"x":13014,"y":-3351}},{"id":"ropes_03","texture":"theme_003_scenery_ropes","anchor":{"x":0.5,"y":1},"scale":{"x":1,"y":1},"rotation":-27,"depth":0,"data":"","position":{"x":4756,"y":-2340}},{"id":"ropes_03","texture":"theme_003_scenery_ropes","anchor":{"x":0.5,"y":1},"scale":{"x":1,"y":1},"rotation":-16,"depth":0,"data":"","position":{"x":1685,"y":-1393}},{"id":"ropes_03","texture":"theme_003_scenery_ropes","anchor":{"x":0.5,"y":1},"scale":{"x":1,"y":1},"rotation":-16,"depth":0,"data":"","position":{"x":2367,"y":-1597}},{"id":"chair02_03","texture":"theme_003_scenery_chair","anchor":{"x":0.5,"y":1},"scale":{"x":1,"y":1},"rotation":0,"depth":0,"data":"","position":{"x":1229,"y":-1283}},{"id":"chair02_03","texture":"theme_003_scenery_chair","anchor":{"x":0.5,"y":1},"scale":{"x":1,"y":1},"rotation":0,"depth":0,"data":"","position":{"x":7687,"y":-1602}},{"id":"chair02_03","texture":"theme_003_scenery_chair","anchor":{"x":0.5,"y":1},"scale":{"x":1,"y":1},"rotation":0,"depth":0,"data":"","position":{"x":15162,"y":-1987}},{"id":"plant_03","texture":"theme_003_scenery_plant","anchor":{"x":0.5,"y":1},"scale":{"x":1,"y":1},"rotation":0,"depth":0,"data":"","position":{"x":13969,"y":-1983}},{"id":"plant_03","texture":"theme_003_scenery_plant","anchor":{"x":0.5,"y":1},"scale":{"x":1,"y":1},"rotation":0,"depth":0,"data":"","position":{"x":10918,"y":-3043}},{"id":"plant_03","texture":"theme_003_scenery_plant","anchor":{"x":0.5,"y":1},"scale":{"x":1,"y":1},"rotation":-10,"depth":0,"data":"","position":{"x":10527,"y":-2093}},{"id":"plant_03","texture":"theme_003_scenery_plant","anchor":{"x":0.5,"y":1},"scale":{"x":1,"y":1},"rotation":0,"depth":0,"data":"","position":{"x":8728,"y":-3377}},{"id":"ropes_03","texture":"theme_003_scenery_ropes","anchor":{"x":0.5,"y":1},"scale":{"x":1,"y":1},"rotation":0,"depth":0,"data":"","position":{"x":8204,"y":-3376}},{"id":"plant_03","texture":"theme_003_scenery_plant","anchor":{"x":0.5,"y":1},"scale":{"x":1,"y":1},"rotation":-5,"depth":0,"data":"","position":{"x":5989,"y":-368}},{"id":"plant_03","texture":"theme_003_scenery_plant","anchor":{"x":0.5,"y":1},"scale":{"x":1,"y":1},"rotation":0,"depth":0,"data":"","position":{"x":4393,"y":-2256}},{"id":"plant_03","texture":"theme_003_scenery_plant","anchor":{"x":0.5,"y":1},"scale":{"x":1,"y":1},"rotation":0,"depth":0,"data":"","position":{"x":2995,"y":-1762}},{"id":"plant_03","texture":"theme_003_scenery_plant","anchor":{"x":0.5,"y":1},"scale":{"x":1,"y":1},"rotation":0,"depth":0,"data":"","position":{"x":841,"y":-1282}},{"id":"plant_03","texture":"theme_003_scenery_plant","anchor":{"x":0.5,"y":1},"scale":{"x":1,"y":1},"rotation":-27,"depth":0,"data":"","position":{"x":-851,"y":-1188}},{"id":"plant_03","texture":"theme_003_scenery_plant","anchor":{"x":0.5,"y":1},"scale":{"x":1,"y":1},"rotation":8,"depth":0,"data":"","position":{"x":-490,"y":126}},{"id":"desk_03","texture":"theme_003_scenery_desk","anchor":{"x":0.5,"y":1},"scale":{"x":1,"y":1},"rotation":-30,"depth":0,"data":"","position":{"x":-1185,"y":-988}},{"id":"desk_03","texture":"theme_003_scenery_desk","anchor":{"x":0.5,"y":1},"scale":{"x":1,"y":1},"rotation":0,"depth":0,"data":"","position":{"x":5901,"y":-2542}},{"id":"desk_03","texture":"theme_003_scenery_desk","anchor":{"x":0.5,"y":1},"scale":{"x":1,"y":1},"rotation":17,"depth":0,"data":"","position":{"x":4214,"y":-769}},{"id":"desk_03","texture":"theme_003_scenery_desk","anchor":{"x":0.5,"y":1},"scale":{"x":1,"y":1},"rotation":0,"depth":0,"data":"","position":{"x":9705,"y":-3167}},{"id":"desk_03","texture":"theme_003_scenery_desk","anchor":{"x":0.5,"y":1},"scale":{"x":1,"y":1},"rotation":-18,"depth":0,"data":"","position":{"x":10390,"y":-2047}},{"id":"desk_03","texture":"theme_003_scenery_desk","anchor":{"x":0.5,"y":1},"scale":{"x":1,"y":1},"rotation":0,"depth":0,"data":"","position":{"x":10754,"y":-3037}},{"id":"desk_03","texture":"theme_003_scenery_desk","anchor":{"x":0.5,"y":1},"scale":{"x":1,"y":1},"rotation":21,"depth":0,"data":"","position":{"x":14482,"y":-2912}},{"id":"desk_03","texture":"theme_003_scenery_desk","anchor":{"x":0.5,"y":1},"scale":{"x":1,"y":1},"rotation":0,"depth":0,"data":"","position":{"x":6132,"y":-369}},{"id":"ropes_03","texture":"theme_003_scenery_ropes","anchor":{"x":0.5,"y":1},"scale":{"x":1,"y":1},"rotation":-21,"depth":0,"data":"","position":{"x":5254,"y":-961}},{"id":"ropes_03","texture":"theme_003_scenery_ropes","anchor":{"x":0.5,"y":1},"scale":{"x":1,"y":1},"rotation":-21,"depth":0,"data":"","position":{"x":5539,"y":-1070}},{"id":"ropes_03","texture":"theme_003_scenery_ropes","anchor":{"x":0.5,"y":1},"scale":{"x":1,"y":1},"rotation":24,"depth":0,"data":"","position":{"x":-1331,"y":-249}},{"id":"ropes_03","texture":"theme_003_scenery_ropes","anchor":{"x":0.5,"y":1},"scale":{"x":1,"y":1},"rotation":24,"depth":0,"data":"","position":{"x":-1053,"y":-126}},{"id":"money_03","texture":"theme_003_scenery_money","anchor":{"x":0.5,"y":1},"scale":{"x":1,"y":1},"rotation":0,"depth":0,"data":"","position":{"x":110,"y":154}},{"id":"money_03","texture":"theme_003_scenery_money","anchor":{"x":0.5,"y":1},"scale":{"x":1,"y":1},"rotation":30,"depth":0,"data":"","position":{"x":8795,"y":-2861}},{"id":"money_03","texture":"theme_003_scenery_money","anchor":{"x":0.5,"y":1},"scale":{"x":1,"y":1},"rotation":0,"depth":0,"data":"","position":{"x":3583,"y":-1743}},{"id":"plant_03","texture":"theme_003_scenery_plant","anchor":{"x":0.5,"y":1},"scale":{"x":1,"y":1},"rotation":0,"depth":0,"data":"","position":{"x":11712,"y":-2428}},{"id":"plant_03","texture":"theme_003_scenery_plant","anchor":{"x":0.5,"y":1},"scale":{"x":1,"y":1},"rotation":0,"depth":0,"data":"","position":{"x":18220,"y":-2804}},{"id":"plant_03","texture":"theme_003_scenery_plant","anchor":{"x":0.5,"y":1},"scale":{"x":1,"y":1},"rotation":0,"depth":-1,"data":"","position":{"x":9675,"y":-3247}},{"id":"plant_03","texture":"theme_003_scenery_plant","anchor":{"x":0.5,"y":1},"scale":{"x":1,"y":1},"rotation":-18,"depth":0,"data":"","position":{"x":6418,"y":-2701}},{"id":"desk_03","texture":"theme_003_scenery_desk","anchor":{"x":0.5,"y":1},"scale":{"x":1,"y":1},"rotation":0,"depth":0,"data":"","position":{"x":11737,"y":-2345}}]},{"name":"obstacles","depth":-2,"paths":[],"objects":[{"id":"gate_blue03","texture":"theme_003_obstacle_gate_blue_closed","anchor":{"x":0.5,"y":1},"scale":{"x":1,"y":1},"rotation":0,"depth":0,"data":"","position":{"x":11121,"y":-2356}},{"id":"level_gameover","texture":"level_gameover","anchor":{"x":0.5,"y":0.5},"scale":{"x":3,"y":3},"rotation":0,"depth":0,"data":"","position":{"x":7904,"y":-922}},{"id":"spike02_03","texture":"theme_003_obstacle_spike_large_off","anchor":{"x":0.5,"y":1},"scale":{"x":1,"y":1},"rotation":0,"depth":0,"data":"","position":{"x":3776,"y":-2116}},{"id":"spike02_03","texture":"theme_003_obstacle_spike_large_off","anchor":{"x":0.5,"y":1},"scale":{"x":1,"y":1},"rotation":0,"depth":0,"data":"","position":{"x":13419,"y":-3156}},{"id":"finish_03","texture":"theme_003_obstacle_finish","anchor":{"x":0.5,"y":1},"scale":{"x":1,"y":1},"rotation":0,"depth":0,"data":"","position":{"x":17049,"y":-2611}},{"id":"spike02_03","texture":"theme_003_obstacle_spike_large_off","anchor":{"x":0.5,"y":1},"scale":{"x":1,"y":1},"rotation":0,"depth":0,"data":"","position":{"x":7458,"y":-1605}},{"id":"teleport_03","texture":"theme_003_obstacle_teleport_off","anchor":{"x":0.5,"y":1},"scale":{"x":1,"y":1},"rotation":0,"depth":0,"data":"{ \"in\":1,\"out\":2 }","position":{"x":7008,"y":-370}},{"id":"teleport_03","texture":"theme_003_obstacle_teleport_off","anchor":{"x":0.5,"y":1},"scale":{"x":1,"y":1},"rotation":0,"depth":0,"data":"{ \"in\":2,\"out\":2 }","position":{"x":3186,"y":-1761}},{"id":"level_gameover","texture":"level_gameover","anchor":{"x":0.5,"y":0.5},"scale":{"x":4,"y":4},"rotation":0,"depth":0,"data":"","position":{"x":13744,"y":-1165}},{"id":"level_end","texture":"level_end","anchor":{"x":0.5,"y":0.5},"scale":{"x":6,"y":6},"rotation":0,"depth":0,"data":"","position":{"x":17459,"y":-2996}},{"id":"level_gameover","texture":"level_gameover","anchor":{"x":0.5,"y":0.5},"scale":{"x":4,"y":4},"rotation":0,"depth":0,"data":"","position":{"x":2798,"y":-998}},{"id":"spike01_03","texture":"theme_003_obstacle_spike_small_off","anchor":{"x":0.5,"y":1},"scale":{"x":1,"y":1},"rotation":0,"depth":0,"data":"","position":{"x":13321,"y":-1973}},{"id":"spike01_03","texture":"theme_003_obstacle_spike_small_off","anchor":{"x":0.5,"y":1},"scale":{"x":1,"y":1},"rotation":0,"depth":0,"data":"","position":{"x":-2035,"y":-517}},{"id":"rock01_03","texture":"theme_003_obstacle_rock","anchor":{"x":0.5,"y":1},"scale":{"x":1,"y":1},"rotation":0,"depth":0,"data":"","position":{"x":756,"y":-526}},{"id":"rock02_03","texture":"theme_003_obstacle_rock_002","anchor":{"x":0.5,"y":1},"scale":{"x":1,"y":1},"rotation":0,"depth":-1,"data":"","position":{"x":663,"y":-528}},{"id":"rock02_03","texture":"theme_003_obstacle_rock_002","anchor":{"x":0.5,"y":1},"scale":{"x":1,"y":1},"rotation":0,"depth":0,"data":"","position":{"x":4533,"y":-458}},{"id":"rock02_03","texture":"theme_003_obstacle_rock_002","anchor":{"x":0.5,"y":1},"scale":{"x":1,"y":1},"rotation":0,"depth":0,"data":"","position":{"x":18014,"y":-2610}},{"id":"rock01_03","texture":"theme_003_obstacle_rock","anchor":{"x":0.5,"y":1},"scale":{"x":1,"y":1},"rotation":0,"depth":0,"data":"","position":{"x":18223,"y":-2613}},{"id":"hint","texture":"hint","anchor":{"x":0.5,"y":0.5},"scale":{"x":5,"y":5},"rotation":0,"depth":0,"data":"{ \"id\" : \"heatblast\" }","position":{"x":118,"y":-1618}}]},{"name":"platforms","depth":0,"paths":[{"closed":true,"depth":0,"collisions":1,"texFill":"theme_03_fill","texGround":"theme_03_ground","texGroundEdge":"theme_03_ground_edge","texWall":"theme_03_wall","texFillPadding":512,"texFillSize":256,"texGroundSize":160,"texGroundDelta":0.3,"texWallSize":160,"texWallDelta":0.1,"texWallAngle":70,"texGroundEdgeSide":"","data":"","points":[{"x":-2144,"y":-512},{"x":-2112,"y":-512},{"x":-1984,"y":-512},{"x":-1904,"y":-512},{"x":-1904,"y":-512},{"x":-496,"y":128},{"x":-496,"y":128},{"x":-272,"y":128},{"x":16,"y":128},{"x":208,"y":128},{"x":208,"y":64},{"x":208,"y":-432},{"x":208,"y":-528},{"x":240,"y":-528},{"x":672,"y":-528},{"x":800,"y":-528},{"x":800,"y":-1088},{"x":800,"y":-928},{"x":800,"y":-1280},{"x":976,"y":-1280},{"x":1184,"y":-1280},{"x":1312,"y":-1280},{"x":1312,"y":-1280},{"x":2592,"y":-1664},{"x":2592,"y":-1664},{"x":2592,"y":-1360},{"x":2592,"y":352},{"x":2592,"y":800},{"x":2592,"y":800},{"x":-1024,"y":800},{"x":-1056,"y":800},{"x":-1056,"y":800},{"x":-2768,"y":80},{"x":-2800,"y":64},{"x":-2800,"y":-768},{"x":-2800,"y":-928},{"x":-2800,"y":-1344},{"x":-2544,"y":-1344},{"x":-2400,"y":-1344},{"x":-2160,"y":-1344},{"x":-2160,"y":-1200},{"x":-2160,"y":-640},{"x":-2160,"y":-496}],"bounds":[-2800,2592]},{"closed":true,"depth":0,"collisions":1,"texFill":"theme_03_fill","texGround":"theme_03_ground","texGroundEdge":"theme_03_ground_edge","texWall":"theme_03_wall","texFillPadding":512,"texFillSize":256,"texGroundSize":192,"texGroundDelta":0.35,"texWallSize":160,"texWallDelta":0.1,"texWallAngle":70,"texGroundEdgeSide":"","data":"","points":[{"x":-1472,"y":-800},{"x":-1328,"y":-896},{"x":-672,"y":-1280},{"x":-672,"y":-1280},{"x":-656,"y":-1280},{"x":304,"y":-1280},{"x":352,"y":-1280},{"x":336,"y":-1248},{"x":112,"y":-800},{"x":112,"y":-800},{"x":-16,"y":-800},{"x":-704,"y":-800},{"x":-912,"y":-800},{"x":-976,"y":-768},{"x":-1104,"y":-688},{"x":-1184,"y":-656},{"x":-1248,"y":-656},{"x":-1376,"y":-656},{"x":-1440,"y":-656},{"x":-1440,"y":-704},{"x":-1440,"y":-736},{"x":-1440,"y":-784}],"bounds":[-1472,352]},{"closed":true,"depth":0,"collisions":1,"texFill":"theme_03_fill","texGround":"theme_03_ground","texGroundEdge":"theme_03_ground_edge","texWall":"theme_03_wall","texFillPadding":64,"texFillSize":256,"texGroundSize":160,"texGroundDelta":0.3,"texWallSize":160,"texWallDelta":0.1,"texWallAngle":70,"texGroundEdgeSide":"","data":"","points":[{"x":3024,"y":-1760},{"x":3088,"y":-1760},{"x":4016,"y":-1760},{"x":4016,"y":-1760},{"x":4016,"y":-1760},{"x":4016,"y":-1312},{"x":4016,"y":-832},{"x":4016,"y":-832},{"x":4480,"y":-688},{"x":4480,"y":-688},{"x":4480,"y":-464},{"x":4480,"y":-464},{"x":4480,"y":-464},{"x":4480,"y":-464},{"x":5008,"y":-464},{"x":5056,"y":-464},{"x":5104,"y":-496},{"x":5184,"y":-560},{"x":5248,"y":-608},{"x":5488,"y":-608},{"x":5584,"y":-608},{"x":5888,"y":-608},{"x":5888,"y":-544},{"x":5888,"y":-432},{"x":5888,"y":-368},{"x":6336,"y":-368},{"x":6912,"y":-368},{"x":7168,"y":-368},{"x":7168,"y":-320},{"x":7168,"y":-1424},{"x":7168,"y":-1600},{"x":7264,"y":-1600},{"x":7552,"y":-1600},{"x":7744,"y":-1600},{"x":7744,"y":-1520},{"x":7744,"y":80},{"x":7744,"y":160},{"x":6688,"y":144},{"x":5024,"y":128},{"x":3040,"y":176},{"x":3040,"y":-320},{"x":3040,"y":-1392},{"x":3040,"y":-1712}],"bounds":[3024,7744]},{"closed":false,"depth":-1,"collisions":1,"texFill":"theme_03_fill","texGround":"theme_03_ground","texGroundEdge":"theme_03_ground_edge","texWall":"theme_03_wall","texFillPadding":768,"texFillSize":256,"texGroundSize":160,"texGroundDelta":0.3,"texWallSize":160,"texWallDelta":0.1,"texWallAngle":70,"texGroundEdgeSide":"","data":"","points":[{"x":3568,"y":-2112},{"x":3792,"y":-2112},{"x":3792,"y":-2112},{"x":4000,"y":-2112}],"bounds":[3568,4000]},{"closed":true,"depth":0,"collisions":1,"texFill":"theme_03_fill","texGround":"theme_03_ground","texGroundEdge":"theme_03_ground_edge","texWall":"theme_03_wall","texFillPadding":512,"texFillSize":256,"texGroundSize":160,"texGroundDelta":0.3,"texWallSize":160,"texWallDelta":0.1,"texWallAngle":70,"texGroundEdgeSide":"","data":"","points":[{"x":4320,"y":-2256},{"x":4352,"y":-2256},{"x":4480,"y":-2256},{"x":4592,"y":-2256},{"x":4640,"y":-2288},{"x":4912,"y":-2416},{"x":4944,"y":-2432},{"x":5024,"y":-2432},{"x":5136,"y":-2432},{"x":5216,"y":-2432},{"x":5200,"y":-2416},{"x":5040,"y":-2176},{"x":4992,"y":-2112},{"x":4768,"y":-2112},{"x":4544,"y":-2112},{"x":4464,"y":-2112},{"x":4384,"y":-2176},{"x":4336,"y":-2224},{"x":4320,"y":-2240}],"bounds":[4320,5216]},{"closed":false,"depth":-1,"collisions":1,"texFill":"theme_03_fill","texGround":"theme_03_ground","texGroundEdge":"theme_03_ground_edge","texWall":"theme_03_wall","texFillPadding":1024,"texFillSize":256,"texGroundSize":160,"texGroundDelta":0.3,"texWallSize":176,"texWallDelta":0.15,"texWallAngle":70,"texGroundEdgeSide":"","data":"","points":[{"x":5072,"y":-896},{"x":5072,"y":-896},{"x":5760,"y":-1152},{"x":5760,"y":-1152}],"bounds":[5072,5760]},{"closed":true,"depth":-1,"collisions":1,"texFill":"theme_03_fill","texGround":"theme_03_ground","texGroundEdge":"theme_03_ground_edge","texWall":"theme_03_wall","texFillPadding":512,"texFillSize":256,"texGroundSize":160,"texGroundDelta":0.3,"texWallSize":160,"texWallDelta":0.1,"texWallAngle":70,"texGroundEdgeSide":"","data":"","points":[{"x":5568,"y":-2544},{"x":5648,"y":-2544},{"x":6000,"y":-2544},{"x":6000,"y":-2544},{"x":6000,"y":-2544},{"x":6000,"y":-2496},{"x":6000,"y":-2384},{"x":5952,"y":-2384},{"x":5904,"y":-2384},{"x":5888,"y":-2384},{"x":5760,"y":-2448},{"x":5776,"y":-2432},{"x":5744,"y":-2448},{"x":5712,"y":-2448},{"x":5760,"y":-2448},{"x":5568,"y":-2448},{"x":5568,"y":-2480},{"x":5568,"y":-2512},{"x":5568,"y":-2544}],"bounds":[5568,6000]},{"closed":true,"depth":0,"collisions":1,"texFill":"theme_03_fill","texGround":"theme_03_ground","texGroundEdge":"theme_03_ground_edge","texWall":"theme_03_wall","texFillPadding":512,"texFillSize":256,"texGroundSize":160,"texGroundDelta":0.35,"texWallSize":160,"texWallDelta":0.1,"texWallAngle":70,"texGroundEdgeSide":"","data":"","points":[{"x":6176,"y":-1296},{"x":6448,"y":-1408},{"x":6528,"y":-1440},{"x":6752,"y":-1520},{"x":6752,"y":-1488},{"x":6752,"y":-1520},{"x":6752,"y":-1360},{"x":6752,"y":-1360},{"x":6560,"y":-1296},{"x":6512,"y":-1280},{"x":6496,"y":-1280},{"x":6240,"y":-1280},{"x":6192,"y":-1296}],"bounds":[6176,6752]},{"closed":true,"depth":0,"collisions":1,"texFill":"theme_03_fill","texGround":"theme_03_ground","texGroundEdge":"theme_03_ground_edge","texWall":"theme_03_wall","texFillPadding":512,"texFillSize":256,"texGroundSize":160,"texGroundDelta":0.3,"texWallSize":160,"texWallDelta":0.1,"texWallAngle":70,"texGroundEdgeSide":"","data":"","points":[{"x":6352,"y":-2672},{"x":6448,"y":-2720},{"x":7488,"y":-3280},{"x":7584,"y":-3328},{"x":7584,"y":-3248},{"x":7584,"y":-3184},{"x":7584,"y":-3104},{"x":7376,"y":-2992},{"x":6928,"y":-2736},{"x":6768,"y":-2656},{"x":6576,"y":-2656},{"x":6528,"y":-2656},{"x":6384,"y":-2656}],"bounds":[6352,7584]},{"closed":true,"depth":0,"collisions":1,"texFill":"theme_03_fill","texGround":"theme_03_ground","texGroundEdge":"theme_03_ground_edge","texWall":"theme_03_wall","texFillPadding":512,"texFillSize":256,"texGroundSize":160,"texGroundDelta":0.3,"texWallSize":160,"texWallDelta":0.1,"texWallAngle":70,"texGroundEdgeSide":"","data":"","points":[{"x":10704,"y":-2352},{"x":10864,"y":-2352},{"x":11840,"y":-2352},{"x":11840,"y":-2352},{"x":11840,"y":-2352},{"x":13040,"y":-1968},{"x":13040,"y":-1968},{"x":13040,"y":-1968},{"x":13536,"y":-1968},{"x":13536,"y":-1968},{"x":13536,"y":-1968},{"x":13536,"y":-416},{"x":13536,"y":-304},{"x":13264,"y":-304},{"x":8192,"y":-320},{"x":8048,"y":-336},{"x":8048,"y":-464},{"x":8048,"y":-1328},{"x":8048,"y":-1360},{"x":8096,"y":-1360},{"x":8464,"y":-1360},{"x":8576,"y":-1360},{"x":8576,"y":-1360},{"x":9872,"y":-1696},{"x":10160,"y":-1760},{"x":10160,"y":-1824},{"x":10160,"y":-1904},{"x":10160,"y":-1968},{"x":10160,"y":-1968},{"x":10704,"y":-2176},{"x":10704,"y":-2176},{"x":10704,"y":-2352},{"x":10704,"y":-2208},{"x":10704,"y":-2320}],"bounds":[8048,13536]},{"closed":false,"depth":-1,"collisions":1,"texFill":"theme_03_fill","texGround":"theme_03_ground","texGroundEdge":"theme_03_ground_edge","texWall":"theme_03_wall","texFillPadding":1024,"texFillSize":256,"texGroundSize":176,"texGroundDelta":0.3,"texWallSize":160,"texWallDelta":0.1,"texWallAngle":70,"texGroundEdgeSide":"","data":"","points":[{"x":8096,"y":-3376},{"x":8384,"y":-3376},{"x":8416,"y":-3376},{"x":8688,"y":-3376},{"x":8688,"y":-3376},{"x":8688,"y":-2992},{"x":8688,"y":-2944},{"x":8688,"y":-2944},{"x":9664,"y":-2384},{"x":9664,"y":-2384},{"x":9664,"y":-2416},{"x":9664,"y":-3136},{"x":9664,"y":-3168},{"x":9728,"y":-3168},{"x":10112,"y":-3168},{"x":10208,"y":-3168}],"bounds":[8096,10208]},{"closed":true,"depth":0,"collisions":1,"texFill":"theme_03_fill","texGround":"theme_03_ground","texGroundEdge":"theme_03_ground_edge","texWall":"theme_03_wall","texFillPadding":512,"texFillSize":256,"texGroundSize":160,"texGroundDelta":0.3,"texWallSize":160,"texWallDelta":0.1,"texWallAngle":70,"texGroundEdgeSide":"","data":"","points":[{"x":9040,"y":-3200},{"x":9040,"y":-3200},{"x":9328,"y":-3200},{"x":9328,"y":-3200},{"x":9328,"y":-3200},{"x":9328,"y":-3200},{"x":9280,"y":-3040},{"x":9248,"y":-3040},{"x":9120,"y":-3040},{"x":9104,"y":-3040},{"x":9040,"y":-3184},{"x":9040,"y":-3184},{"x":9040,"y":-3184}],"bounds":[9040,9328]},{"closed":true,"depth":0,"collisions":1,"texFill":"theme_03_fill","texGround":"theme_03_ground","texGroundEdge":"theme_03_ground_edge","texWall":"theme_03_wall","texFillPadding":512,"texFillSize":256,"texGroundSize":160,"texGroundDelta":0.3,"texWallSize":160,"texWallDelta":0.1,"texWallAngle":70,"texGroundEdgeSide":"","data":"","points":[{"x":10656,"y":-3040},{"x":10720,"y":-3040},{"x":10896,"y":-3040},{"x":10896,"y":-3040},{"x":10896,"y":-3040},{"x":12336,"y":-3392},{"x":12336,"y":-3392},{"x":12336,"y":-3392},{"x":12336,"y":-3232},{"x":12336,"y":-3152},{"x":12208,"y":-3104},{"x":11632,"y":-2848},{"x":11376,"y":-2736},{"x":11008,"y":-2736},{"x":11216,"y":-2736},{"x":10880,"y":-2736},{"x":10800,"y":-2832},{"x":10672,"y":-3008},{"x":10656,"y":-3024}],"bounds":[10656,12336]},{"closed":true,"depth":0,"collisions":1,"texFill":"theme_03_fill","texGround":"theme_03_ground","texGroundEdge":"theme_03_ground_edge","texWall":"theme_03_wall","texFillPadding":512,"texFillSize":256,"texGroundSize":160,"texGroundDelta":0.4,"texWallSize":160,"texWallDelta":0.1,"texWallAngle":70,"texGroundEdgeSide":"","data":"","points":[{"x":12832,"y":-3392},{"x":12832,"y":-3392},{"x":13088,"y":-3312},{"x":13232,"y":-3264},{"x":13232,"y":-3232},{"x":13232,"y":-3168},{"x":13232,"y":-3136},{"x":13264,"y":-3136},{"x":13344,"y":-3136},{"x":13456,"y":-3136},{"x":13456,"y":-3104},{"x":13456,"y":-3040},{"x":13456,"y":-3008},{"x":13456,"y":-3008},{"x":13104,"y":-3008},{"x":13056,"y":-3008},{"x":12976,"y":-3056},{"x":12976,"y":-3056},{"x":12832,"y":-3152},{"x":12832,"y":-3248},{"x":12832,"y":-3376},{"x":12832,"y":-3376}],"bounds":[12832,13456]},{"closed":true,"depth":0,"collisions":1,"texFill":"theme_03_fill","texGround":"theme_03_ground","texGroundEdge":"theme_03_ground_edge","texWall":"theme_03_wall","texFillPadding":512,"texFillSize":256,"texGroundSize":160,"texGroundDelta":0.3,"texWallSize":160,"texWallDelta":0.1,"texWallAngle":70,"texGroundEdgeSide":"","data":"","points":[{"x":13888,"y":-3008},{"x":14048,"y":-3008},{"x":14096,"y":-3008},{"x":14256,"y":-3008},{"x":14256,"y":-3008},{"x":14720,"y":-2816},{"x":14720,"y":-2816},{"x":14720,"y":-2816},{"x":14288,"y":-2640},{"x":14288,"y":-2640},{"x":14192,"y":-2640},{"x":14144,"y":-2640},{"x":14000,"y":-2640},{"x":14000,"y":-2640},{"x":13888,"y":-2720},{"x":13888,"y":-2720},{"x":13888,"y":-2864},{"x":13888,"y":-2992},{"x":13888,"y":-2976}],"bounds":[13888,14720]},{"closed":true,"depth":0,"collisions":1,"texFill":"theme_03_fill","texGround":"theme_03_ground","texGroundEdge":"theme_03_ground_edge","texWall":"theme_03_wall","texFillPadding":1024,"texFillSize":256,"texGroundSize":160,"texGroundDelta":0.3,"texWallSize":160,"texWallDelta":0.1,"texWallAngle":70,"texGroundEdgeSide":"","data":"","points":[{"x":13968,"y":-1984},{"x":14336,"y":-1984},{"x":14864,"y":-1984},{"x":15248,"y":-1984},{"x":15312,"y":-2016},{"x":16944,"y":-2592},{"x":16976,"y":-2608},{"x":17632,"y":-2608},{"x":18288,"y":-2608},{"x":18944,"y":-2608},{"x":18944,"y":-2416},{"x":18944,"y":-1600},{"x":18944,"y":-1440},{"x":18560,"y":-1440},{"x":17856,"y":-1424},{"x":17632,"y":-1440},{"x":17440,"y":-1312},{"x":16560,"y":-688},{"x":15952,"y":-304},{"x":15344,"y":-288},{"x":14544,"y":-304},{"x":13968,"y":-304},{"x":13968,"y":-784},{"x":13968,"y":-1632},{"x":13968,"y":-1952}],"bounds":[13968,18944]}],"objects":[]},{"name":"enemies","depth":1,"paths":[],"objects":[{"id":"bandit_03","texture":"bandit_03","anchor":{"x":0.5,"y":1},"scale":{"x":1,"y":1},"rotation":0,"depth":0,"data":"{ \"left\": 100, \"right\": 200, \"fireRate\" : 1, \"fireRateVariability\" : 60 }","position":{"x":1026,"y":-1282}},{"id":"bandit_03","texture":"bandit_03","anchor":{"x":0.5,"y":1},"scale":{"x":1,"y":1},"rotation":0,"depth":0,"data":"{ \"left\": 200, \"right\": 600, \"orientation\": \"left\" }","position":{"x":6450,"y":-370}},{"id":"bandit_03","texture":"bandit_03","anchor":{"x":0.5,"y":1},"scale":{"x":1,"y":1},"rotation":0,"depth":0,"data":"{ \"left\": 100, \"right\": 200, \"fireRate\" : 2, \"fireRateVariability\" : 60 }","position":{"x":5779,"y":-2547}},{"id":"bandit_03","texture":"bandit_03","anchor":{"x":0.5,"y":1},"scale":{"x":1,"y":1},"rotation":0,"depth":0,"data":"{ \"left\": 150, \"right\": 300, \"orientation\": \"left\" }","position":{"x":9943,"y":-3171}},{"id":"bandit_03","texture":"bandit_03","anchor":{"x":0.5,"y":1},"scale":{"x":1,"y":1},"rotation":0,"depth":0,"data":"{ \"left\": 150, \"right\": 300, \"orientation\": \"left\" }","position":{"x":8387,"y":-3376}},{"id":"bandit_03","texture":"bandit_03","anchor":{"x":0.5,"y":1},"scale":{"x":1,"y":1},"rotation":0,"depth":0,"data":"{ \"left\": 500, \"right\": 700, \"orientation\": \"left\" }","position":{"x":14824,"y":-1986}}]},{"name":"pickups","depth":2,"paths":[],"objects":[{"id":"coin","texture":"pick_up","anchor":{"x":0.5,"y":0.5},"scale":{"x":1,"y":1},"rotation":0,"depth":0,"data":"","position":{"x":2436,"y":-1817}},{"id":"coin","texture":"pick_up","anchor":{"x":0.5,"y":0.5},"scale":{"x":1,"y":1},"rotation":0,"depth":0,"data":"","position":{"x":7279,"y":-3395}},{"id":"time","texture":"pick_up_time","anchor":{"x":0.5,"y":0.5},"scale":{"x":1,"y":1},"rotation":0,"depth":0,"data":"","position":{"x":8388,"y":-3630}},{"id":"time","texture":"pick_up_time","anchor":{"x":0.5,"y":0.5},"scale":{"x":1,"y":1},"rotation":0,"depth":0,"data":"","position":{"x":9190,"y":-2850}},{"id":"time","texture":"pick_up_time","anchor":{"x":0.5,"y":0.5},"scale":{"x":1,"y":1},"rotation":0,"depth":0,"data":"","position":{"x":7001,"y":-514}},{"id":"time","texture":"pick_up_time","anchor":{"x":0.5,"y":0.5},"scale":{"x":1,"y":1},"rotation":0,"depth":0,"data":"","position":{"x":1993,"y":-1667}},{"id":"time","texture":"pick_up_time","anchor":{"x":0.5,"y":0.5},"scale":{"x":1,"y":1},"rotation":0,"depth":0,"data":"","position":{"x":11684,"y":-3361}},{"id":"time","texture":"pick_up_time","anchor":{"x":0.5,"y":0.5},"scale":{"x":1,"y":1},"rotation":0,"depth":0,"data":"","position":{"x":10427,"y":-2354}},{"id":"sumocard","texture":"pick_up_card","anchor":{"x":0.5,"y":0.5},"scale":{"x":1,"y":1},"rotation":0,"depth":0,"data":"","position":{"x":13416,"y":-3294}},{"id":"coin","texture":"pick_up","anchor":{"x":0.5,"y":0.5},"scale":{"x":1,"y":1},"rotation":0,"depth":0,"data":"","position":{"x":14872,"y":-2950}},{"id":"coin","texture":"pick_up","anchor":{"x":0.5,"y":0.5},"scale":{"x":1,"y":1},"rotation":0,"depth":0,"data":"","position":{"x":15059,"y":-3021}},{"id":"coin","texture":"pick_up","anchor":{"x":0.5,"y":0.5},"scale":{"x":1,"y":1},"rotation":0,"depth":0,"data":"","position":{"x":15241,"y":-2945}},{"id":"coin","texture":"pick_up","anchor":{"x":0.5,"y":0.5},"scale":{"x":1,"y":1},"rotation":0,"depth":0,"data":"","position":{"x":15373,"y":-2798}},{"id":"coin","texture":"pick_up","anchor":{"x":0.5,"y":0.5},"scale":{"x":1,"y":1},"rotation":0,"depth":0,"data":"","position":{"x":15469,"y":-2626}},{"id":"coin","texture":"pick_up","anchor":{"x":0.5,"y":0.5},"scale":{"x":1,"y":1},"rotation":0,"depth":0,"data":"","position":{"x":12228,"y":-3486}},{"id":"coin","texture":"pick_up","anchor":{"x":0.5,"y":0.5},"scale":{"x":1,"y":1},"rotation":0,"depth":0,"data":"","position":{"x":11121,"y":-3213}},{"id":"coin","texture":"pick_up","anchor":{"x":0.5,"y":0.5},"scale":{"x":1,"y":1},"rotation":0,"depth":0,"data":"","position":{"x":11409,"y":-3279}},{"id":"coin","texture":"pick_up","anchor":{"x":0.5,"y":0.5},"scale":{"x":1,"y":1},"rotation":0,"depth":0,"data":"","position":{"x":9129,"y":-3329}},{"id":"coin","texture":"pick_up","anchor":{"x":0.5,"y":0.5},"scale":{"x":1,"y":1},"rotation":0,"depth":0,"data":"","position":{"x":9250,"y":-3329}},{"id":"coin","texture":"pick_up","anchor":{"x":0.5,"y":0.5},"scale":{"x":1,"y":1},"rotation":0,"depth":0,"data":"","position":{"x":9190,"y":-3436}},{"id":"coin","texture":"pick_up","anchor":{"x":0.5,"y":0.5},"scale":{"x":1,"y":1},"rotation":0,"depth":0,"data":"","position":{"x":5153,"y":-1089}},{"id":"coin","texture":"pick_up","anchor":{"x":0.5,"y":0.5},"scale":{"x":1,"y":1},"rotation":0,"depth":0,"data":"","position":{"x":5342,"y":-1164}},{"id":"coin","texture":"pick_up","anchor":{"x":0.5,"y":0.5},"scale":{"x":1,"y":1},"rotation":0,"depth":0,"data":"","position":{"x":5523,"y":-1235}},{"id":"coin","texture":"pick_up","anchor":{"x":0.5,"y":0.5},"scale":{"x":1,"y":1},"rotation":0,"depth":0,"data":"","position":{"x":-2034,"y":-704}},{"id":"coin","texture":"pick_up","anchor":{"x":0.5,"y":0.5},"scale":{"x":1,"y":1},"rotation":0,"depth":0,"data":"","position":{"x":-2034,"y":-895}},{"id":"coin","texture":"pick_up","anchor":{"x":0.5,"y":0.5},"scale":{"x":1,"y":1},"rotation":0,"depth":0,"data":"","position":{"x":-388,"y":-1427}},{"id":"coin","texture":"pick_up","anchor":{"x":0.5,"y":0.5},"scale":{"x":1,"y":1},"rotation":0,"depth":0,"data":"","position":{"x":-186,"y":-1422}},{"id":"coin","texture":"pick_up","anchor":{"x":0.5,"y":0.5},"scale":{"x":1,"y":1},"rotation":0,"depth":0,"data":"","position":{"x":11,"y":-1424}},{"id":"coin","texture":"pick_up","anchor":{"x":0.5,"y":0.5},"scale":{"x":1,"y":1},"rotation":0,"depth":0,"data":"","position":{"x":6520,"y":-2940}},{"id":"coin","texture":"pick_up","anchor":{"x":0.5,"y":0.5},"scale":{"x":1,"y":1},"rotation":0,"depth":0,"data":"","position":{"x":6778,"y":-3102}},{"id":"coin","texture":"pick_up","anchor":{"x":0.5,"y":0.5},"scale":{"x":1,"y":1},"rotation":0,"depth":0,"data":"","position":{"x":7021,"y":-3248}},{"id":"time","texture":"pick_up_time","anchor":{"x":0.5,"y":0.5},"scale":{"x":1,"y":1},"rotation":0,"depth":0,"data":"","position":{"x":4697,"y":-2491}},{"id":"coin","texture":"pick_up","anchor":{"x":0.5,"y":0.5},"scale":{"x":1,"y":1},"rotation":0,"depth":0,"data":"","position":{"x":1758,"y":-1584}},{"id":"coin","texture":"pick_up","anchor":{"x":0.5,"y":0.5},"scale":{"x":1,"y":1},"rotation":0,"depth":0,"data":"","position":{"x":2198,"y":-1741}},{"id":"time","texture":"pick_up_time","anchor":{"x":0.5,"y":0.5},"scale":{"x":1,"y":1},"rotation":0,"depth":0,"data":"","position":{"x":3782,"y":-1905}},{"id":"coin","texture":"pick_up","anchor":{"x":0.5,"y":0.5},"scale":{"x":1,"y":1},"rotation":0,"depth":0,"data":"","position":{"x":1526,"y":-1503}},{"id":"coin","texture":"pick_up","anchor":{"x":0.5,"y":0.5},"scale":{"x":1,"y":1},"rotation":0,"depth":0,"data":"","position":{"x":11950,"y":-3420}},{"id":"coin","texture":"pick_up","anchor":{"x":0.5,"y":0.5},"scale":{"x":1,"y":1},"rotation":0,"depth":0,"data":"","position":{"x":13972,"y":-3132}},{"id":"coin","texture":"pick_up","anchor":{"x":0.5,"y":0.5},"scale":{"x":1,"y":1},"rotation":0,"depth":0,"data":"","position":{"x":14139,"y":-3132}},{"id":"coin","texture":"pick_up","anchor":{"x":0.5,"y":0.5},"scale":{"x":1,"y":1},"rotation":0,"depth":0,"data":"","position":{"x":14053,"y":-3279}},{"id":"coin","texture":"pick_up","anchor":{"x":0.5,"y":0.5},"scale":{"x":1,"y":1},"rotation":0,"depth":0,"data":"","position":{"x":10429,"y":-2947}},{"id":"coin","texture":"pick_up","anchor":{"x":0.5,"y":0.5},"scale":{"x":1,"y":1},"rotation":0,"depth":0,"data":"","position":{"x":10429,"y":-2753}},{"id":"coin","texture":"pick_up","anchor":{"x":0.5,"y":0.5},"scale":{"x":1,"y":1},"rotation":0,"depth":0,"data":"","position":{"x":10429,"y":-2552}},{"id":"coin","texture":"pick_up","anchor":{"x":0.5,"y":0.5},"scale":{"x":1,"y":1},"rotation":0,"depth":0,"data":"","position":{"x":209,"y":-1416}},{"id":"key_blue","texture":"key_blue_radial","anchor":{"x":0.5,"y":0.5},"scale":{"x":1,"y":1},"rotation":0,"depth":0,"data":"","position":{"x":7448,"y":-1774}},{"id":"coin","texture":"pick_up","anchor":{"x":0.5,"y":0.5},"scale":{"x":1,"y":1},"rotation":0,"depth":0,"data":"","position":{"x":3783,"y":-2357}},{"id":"coin","texture":"pick_up","anchor":{"x":0.5,"y":0.5},"scale":{"x":1,"y":1},"rotation":0,"depth":0,"data":"","position":{"x":3840,"y":-2262}},{"id":"coin","texture":"pick_up","anchor":{"x":0.5,"y":0.5},"scale":{"x":1,"y":1},"rotation":0,"depth":0,"data":"","position":{"x":3726,"y":-2264}},{"id":"coin","texture":"pick_up","anchor":{"x":0.5,"y":0.5},"scale":{"x":1,"y":1},"rotation":0,"depth":0,"data":"","position":{"x":6283,"y":-1462}},{"id":"coin","texture":"pick_up","anchor":{"x":0.5,"y":0.5},"scale":{"x":1,"y":1},"rotation":0,"depth":0,"data":"","position":{"x":6465,"y":-1548}},{"id":"coin","texture":"pick_up","anchor":{"x":0.5,"y":0.5},"scale":{"x":1,"y":1},"rotation":0,"depth":0,"data":"","position":{"x":6642,"y":-1634}},{"id":"coin","texture":"pick_up","anchor":{"x":0.5,"y":0.5},"scale":{"x":1,"y":1},"rotation":0,"depth":0,"data":"","position":{"x":8927,"y":-1624}},{"id":"coin","texture":"pick_up","anchor":{"x":0.5,"y":0.5},"scale":{"x":1,"y":1},"rotation":0,"depth":0,"data":"","position":{"x":9230,"y":-1715}},{"id":"coin","texture":"pick_up","anchor":{"x":0.5,"y":0.5},"scale":{"x":1,"y":1},"rotation":0,"depth":0,"data":"","position":{"x":9528,"y":-1791}},{"id":"coin","texture":"pick_up","anchor":{"x":0.5,"y":0.5},"scale":{"x":1,"y":1},"rotation":0,"depth":0,"data":"","position":{"x":9807,"y":-1877}},{"id":"time","texture":"pick_up_time","anchor":{"x":0.5,"y":0.5},"scale":{"x":1,"y":1},"rotation":0,"depth":0,"data":"","position":{"x":-2032,"y":-1089}},{"id":"coin","texture":"pick_up","anchor":{"x":0.5,"y":0.5},"scale":{"x":1,"y":1},"rotation":0,"depth":0,"data":"","position":{"x":6329,"y":-520}},{"id":"coin","texture":"pick_up","anchor":{"x":0.5,"y":0.5},"scale":{"x":1,"y":1},"rotation":0,"depth":0,"data":"","position":{"x":6705,"y":-520}},{"id":"coin","texture":"pick_up","anchor":{"x":0.5,"y":0.5},"scale":{"x":1,"y":1},"rotation":0,"depth":0,"data":"","position":{"x":6524,"y":-527}},{"id":"coin","texture":"pick_up","anchor":{"x":0.5,"y":0.5},"scale":{"x":1,"y":1},"rotation":0,"depth":0,"data":"","position":{"x":16098,"y":-2500}},{"id":"coin","texture":"pick_up","anchor":{"x":0.5,"y":0.5},"scale":{"x":1,"y":1},"rotation":0,"depth":0,"data":"","position":{"x":16305,"y":-2591}},{"id":"coin","texture":"pick_up","anchor":{"x":0.5,"y":0.5},"scale":{"x":1,"y":1},"rotation":0,"depth":0,"data":"","position":{"x":16497,"y":-2682}},{"id":"coin","texture":"pick_up","anchor":{"x":0.5,"y":0.5},"scale":{"x":1,"y":1},"rotation":0,"depth":0,"data":"","position":{"x":4742,"y":-587}},{"id":"coin","texture":"pick_up","anchor":{"x":0.5,"y":0.5},"scale":{"x":1,"y":1},"rotation":0,"depth":0,"data":"","position":{"x":4858,"y":-582}},{"id":"coin","texture":"pick_up","anchor":{"x":0.5,"y":0.5},"scale":{"x":1,"y":1},"rotation":0,"depth":0,"data":"","position":{"x":4797,"y":-688}},{"id":"coin","texture":"pick_up","anchor":{"x":0.5,"y":0.5},"scale":{"x":1,"y":1},"rotation":0,"depth":0,"data":"","position":{"x":16706,"y":-2773}},{"id":"time","texture":"pick_up_time","anchor":{"x":0.5,"y":0.5},"scale":{"x":1,"y":1},"rotation":0,"depth":0,"data":"","position":{"x":15565,"y":-2408}},{"id":"time","texture":"pick_up_time","anchor":{"x":0.5,"y":0.5},"scale":{"x":1,"y":1},"rotation":0,"depth":0,"data":"","position":{"x":8329,"y":-1580}}]}],"length":16691}