{"name":"xlr8_2","layers":[{"name":"beauty","depth":0,"paths":[],"objects":[{"id":"bin_02","texture":"theme_002_scenery_bin","anchor":{"x":0.5,"y":1},"scale":{"x":1,"y":1},"rotation":0,"depth":0,"data":"","position":{"x":32069,"y":-1986}},{"id":"bin_02","texture":"theme_002_scenery_bin","anchor":{"x":0.5,"y":1},"scale":{"x":1,"y":1},"rotation":-10,"depth":0,"data":"","position":{"x":36238,"y":-2398}},{"id":"wall_02","texture":"theme_002_scenery_wall","anchor":{"x":0.5,"y":1},"scale":{"x":1,"y":1},"rotation":4,"depth":0,"data":"","position":{"x":17090,"y":-1432}},{"id":"wall_02","texture":"theme_002_scenery_wall","anchor":{"x":0.5,"y":1},"scale":{"x":1,"y":1},"rotation":0,"depth":0,"data":"","position":{"x":21686,"y":-1522}},{"id":"wall_02","texture":"theme_002_scenery_wall","anchor":{"x":0.5,"y":1},"scale":{"x":1,"y":1},"rotation":0,"depth":0,"data":"","position":{"x":32924,"y":-1976}},{"id":"wall_02","texture":"theme_002_scenery_wall","anchor":{"x":0.5,"y":1},"scale":{"x":1,"y":1},"rotation":-7,"depth":0,"data":"","position":{"x":38540,"y":-2592}},{"id":"wall_02","texture":"theme_002_scenery_wall","anchor":{"x":0.5,"y":1},"scale":{"x":1,"y":1},"rotation":-3,"depth":0,"data":"","position":{"x":42703,"y":-2888}},{"id":"shrubs_02","texture":"theme_002_scenery_shrubs","anchor":{"x":0.5,"y":1},"scale":{"x":1,"y":1},"rotation":-12,"depth":0,"data":"","position":{"x":40584,"y":-2755}},{"id":"shrubs_02","texture":"theme_002_scenery_shrubs","anchor":{"x":0.5,"y":1},"scale":{"x":1,"y":1},"rotation":0,"depth":0,"data":"","position":{"x":33180,"y":-1980}},{"id":"shrubs_02","texture":"theme_002_scenery_shrubs","anchor":{"x":0.5,"y":1},"scale":{"x":1,"y":1},"rotation":6,"depth":0,"data":"","position":{"x":26312,"y":-1666}},{"id":"wall_02","texture":"theme_002_scenery_wall","anchor":{"x":0.5,"y":1},"scale":{"x":1,"y":1},"rotation":0,"depth":0,"data":"","position":{"x":11566,"y":-1647}},{"id":"shrubs_02","texture":"theme_002_scenery_shrubs","anchor":{"x":0.5,"y":1},"scale":{"x":1,"y":1},"rotation":0,"depth":0,"data":"","position":{"x":17553,"y":-2368}},{"id":"shrubs_02","texture":"theme_002_scenery_shrubs","anchor":{"x":0.5,"y":1},"scale":{"x":1,"y":1},"rotation":21,"depth":0,"data":"","position":{"x":14537,"y":-2784}},{"id":"shrubs_02","texture":"theme_002_scenery_shrubs","anchor":{"x":0.5,"y":1},"scale":{"x":1,"y":1},"rotation":0,"depth":0,"data":"","position":{"x":8565,"y":-931}},{"id":"shrubs_02","texture":"theme_002_scenery_shrubs","anchor":{"x":0.5,"y":1},"scale":{"x":1,"y":1},"rotation":19,"depth":0,"data":"","position":{"x":-658,"y":14}},{"id":"shrubs_02","texture":"theme_002_scenery_shrubs","anchor":{"x":0.5,"y":1},"scale":{"x":1,"y":1},"rotation":6,"depth":0,"data":"","position":{"x":-1283,"y":-186}},{"id":"sign_02","texture":"theme_002_scenery_sign","anchor":{"x":0.5,"y":1},"scale":{"x":1,"y":1},"rotation":0,"depth":0,"data":"","position":{"x":-770,"y":-17}},{"id":"sign_02","texture":"theme_002_scenery_sign","anchor":{"x":0.5,"y":1},"scale":{"x":1,"y":1},"rotation":4,"depth":0,"data":"","position":{"x":5231,"y":-247}},{"id":"sign_02","texture":"theme_002_scenery_sign","anchor":{"x":0.5,"y":1},"scale":{"x":1,"y":1},"rotation":-5,"depth":0,"data":"","position":{"x":8655,"y":-1594}},{"id":"sign_02","texture":"theme_002_scenery_sign","anchor":{"x":0.5,"y":1},"scale":{"x":1,"y":1},"rotation":4,"depth":-1,"data":"","position":{"x":14363,"y":-2838}},{"id":"sign_02","texture":"theme_002_scenery_sign","anchor":{"x":0.5,"y":1},"scale":{"x":1,"y":1},"rotation":0,"depth":0,"data":"","position":{"x":20882,"y":-2296}},{"id":"sign_02","texture":"theme_002_scenery_sign","anchor":{"x":0.5,"y":1},"scale":{"x":1,"y":1},"rotation":-7,"depth":0,"data":"","position":{"x":24306,"y":-1621}},{"id":"sign_02","texture":"theme_002_scenery_sign","anchor":{"x":0.5,"y":1},"scale":{"x":1,"y":1},"rotation":0,"depth":0,"data":"","position":{"x":30153,"y":-1700}},{"id":"sign_02","texture":"theme_002_scenery_sign","anchor":{"x":0.5,"y":1},"scale":{"x":1,"y":1},"rotation":0,"depth":0,"data":"","position":{"x":36295,"y":-2383}},{"id":"support01_02","texture":"theme_002_scenery_support_001","anchor":{"x":0.5,"y":1},"scale":{"x":1,"y":1},"rotation":0,"depth":0,"data":"","position":{"x":21216,"y":-1499}},{"id":"shrubs_02","texture":"theme_002_scenery_shrubs","anchor":{"x":0.5,"y":1},"scale":{"x":1,"y":1},"rotation":0,"depth":0,"data":"","position":{"x":3308,"y":-255}},{"id":"shrubs_02","texture":"theme_002_scenery_shrubs","anchor":{"x":0.5,"y":1},"scale":{"x":1,"y":1},"rotation":13,"depth":0,"data":"","position":{"x":21918,"y":-2121}},{"id":"support01_02","texture":"theme_002_scenery_support_001","anchor":{"x":0.5,"y":1},"scale":{"x":1,"y":1},"rotation":0,"depth":0,"data":"","position":{"x":7707,"y":-691}},{"id":"support01_02","texture":"theme_002_scenery_support_001","anchor":{"x":0.5,"y":1},"scale":{"x":1.2,"y":1.2},"rotation":8,"depth":0,"data":"","position":{"x":17857,"y":-1249}},{"id":"support01_02","texture":"theme_002_scenery_support_001","anchor":{"x":0.5,"y":1},"scale":{"x":1,"y":1},"rotation":0,"depth":0,"data":"","position":{"x":8977,"y":-972}},{"id":"support02_02","texture":"theme_002_scenery_support_002","anchor":{"x":0.5,"y":1},"scale":{"x":1.3,"y":1.3},"rotation":-16,"depth":0,"data":"","position":{"x":20061,"y":-1229}},{"id":"support01_02","texture":"theme_002_scenery_support_001","anchor":{"x":0.5,"y":1},"scale":{"x":1,"y":1},"rotation":-12,"depth":0,"data":"","position":{"x":6891,"y":-475}},{"id":"support02_02","texture":"theme_002_scenery_support_002","anchor":{"x":0.5,"y":1},"scale":{"x":1,"y":1},"rotation":8,"depth":0,"data":"","position":{"x":21883,"y":-1476}},{"id":"support02_02","texture":"theme_002_scenery_support_002","anchor":{"x":0.5,"y":1},"scale":{"x":1.5,"y":1.5},"rotation":-10,"depth":0,"data":"","position":{"x":10600,"y":-1590}},{"id":"support01_02","texture":"theme_002_scenery_support_001","anchor":{"x":0.5,"y":1},"scale":{"x":1.1,"y":1.1},"rotation":-3,"depth":0,"data":"","position":{"x":19007,"y":-1001}},{"id":"bin_02","texture":"theme_002_scenery_bin","anchor":{"x":0.5,"y":1},"scale":{"x":1,"y":1},"rotation":6,"depth":0,"data":"","position":{"x":28610,"y":-1852}},{"id":"bin_02","texture":"theme_002_scenery_bin","anchor":{"x":0.5,"y":1},"scale":{"x":1,"y":1},"rotation":0,"depth":0,"data":"","position":{"x":21466,"y":-1522}},{"id":"bin_02","texture":"theme_002_scenery_bin","anchor":{"x":0.5,"y":1},"scale":{"x":1,"y":1},"rotation":0,"depth":0,"data":"","position":{"x":19919,"y":-2307}},{"id":"bin_02","texture":"theme_002_scenery_bin","anchor":{"x":0.5,"y":1},"scale":{"x":1,"y":1},"rotation":10,"depth":0,"data":"","position":{"x":17261,"y":-1416}},{"id":"bin_02","texture":"theme_002_scenery_bin","anchor":{"x":0.5,"y":1},"scale":{"x":1,"y":1},"rotation":10,"depth":0,"data":"","position":{"x":11774,"y":-1635}},{"id":"bin_02","texture":"theme_002_scenery_bin","anchor":{"x":0.5,"y":1},"scale":{"x":1,"y":1},"rotation":0,"depth":0,"data":"","position":{"x":7035,"y":-558}},{"id":"bin_02","texture":"theme_002_scenery_bin","anchor":{"x":0.5,"y":1},"scale":{"x":1,"y":1},"rotation":-10,"depth":0,"data":"","position":{"x":1249,"y":-236}},{"id":"posts_02","texture":"theme_002_scenery_posts","anchor":{"x":0.5,"y":1},"scale":{"x":1,"y":1},"rotation":-30,"depth":0,"data":"","position":{"x":630,"y":-2}},{"id":"posts_02","texture":"theme_002_scenery_posts","anchor":{"x":0.5,"y":1},"scale":{"x":1,"y":1},"rotation":-1,"depth":0,"data":"","position":{"x":5090,"y":-247}},{"id":"posts_02","texture":"theme_002_scenery_posts","anchor":{"x":0.5,"y":1},"scale":{"x":1,"y":1},"rotation":-23,"depth":0,"data":"","position":{"x":7763,"y":-1363}},{"id":"posts_02","texture":"theme_002_scenery_posts","anchor":{"x":0.5,"y":1},"scale":{"x":1,"y":1},"rotation":-27,"depth":0,"data":"","position":{"x":9772,"y":-2142}},{"id":"posts_02","texture":"theme_002_scenery_posts","anchor":{"x":0.5,"y":1},"scale":{"x":1,"y":1},"rotation":-27,"depth":0,"data":"","position":{"x":10082,"y":-2298}},{"id":"posts_02","texture":"theme_002_scenery_posts","anchor":{"x":0.5,"y":1},"scale":{"x":1,"y":1},"rotation":41,"depth":0,"data":"","position":{"x":15153,"y":-2360}},{"id":"posts_02","texture":"theme_002_scenery_posts","anchor":{"x":0.5,"y":1},"scale":{"x":1,"y":1},"rotation":43,"depth":0,"data":"","position":{"x":15404,"y":-2131}},{"id":"posts_02","texture":"theme_002_scenery_posts","anchor":{"x":0.5,"y":1},"scale":{"x":1,"y":1},"rotation":13,"depth":-1,"data":"","position":{"x":21640,"y":-2171}},{"id":"posts_02","texture":"theme_002_scenery_posts","anchor":{"x":0.5,"y":1},"scale":{"x":1,"y":1},"rotation":-5,"depth":0,"data":"","position":{"x":24432,"y":-1629}},{"id":"posts_02","texture":"theme_002_scenery_posts","anchor":{"x":0.5,"y":1},"scale":{"x":1,"y":1},"rotation":6,"depth":0,"data":"","position":{"x":29390,"y":-1691}},{"id":"posts_02","texture":"theme_002_scenery_posts","anchor":{"x":0.5,"y":1},"scale":{"x":1,"y":1},"rotation":0,"depth":-1,"data":"","position":{"x":31851,"y":-1979}},{"id":"posts_02","texture":"theme_002_scenery_posts","anchor":{"x":0.5,"y":1},"scale":{"x":1,"y":1},"rotation":0,"depth":0,"data":"","position":{"x":34203,"y":-1981}},{"id":"posts_02","texture":"theme_002_scenery_posts","anchor":{"x":0.5,"y":1},"scale":{"x":1,"y":1},"rotation":0,"depth":0,"data":"","position":{"x":34544,"y":-1978}},{"id":"posts_02","texture":"theme_002_scenery_posts","anchor":{"x":0.5,"y":1},"scale":{"x":1,"y":1},"rotation":-7,"depth":-1,"data":"","position":{"x":40311,"y":-2712}},{"id":"shrubs_02","texture":"theme_002_scenery_shrubs","anchor":{"x":0.5,"y":1},"scale":{"x":1,"y":1},"rotation":26,"depth":0,"data":"","position":{"x":6547,"y":-1248}},{"id":"shrubs_02","texture":"theme_002_scenery_shrubs","anchor":{"x":0.5,"y":1},"scale":{"x":1,"y":1},"rotation":-25,"depth":0,"data":"","position":{"x":10424,"y":-2487}},{"id":"wall_02","texture":"theme_002_scenery_wall","anchor":{"x":0.5,"y":1},"scale":{"x":1,"y":1},"rotation":-7,"depth":0,"data":"","position":{"x":27970,"y":-1845}},{"id":"support01_02","texture":"theme_002_scenery_support_001","anchor":{"x":0.5,"y":1},"scale":{"x":0.8,"y":0.8},"rotation":-12,"depth":0,"data":"","position":{"x":27313,"y":-1655}},{"id":"support01_02","texture":"theme_002_scenery_support_001","anchor":{"x":0.5,"y":1},"scale":{"x":1,"y":1},"rotation":6,"depth":0,"data":"","position":{"x":28165,"y":-1845}},{"id":"support01_02","texture":"theme_002_scenery_support_001","anchor":{"x":0.5,"y":1},"scale":{"x":0.8,"y":0.8},"rotation":4,"depth":0,"data":"","position":{"x":25880,"y":-1683}},{"id":"support01_02","texture":"theme_002_scenery_support_001","anchor":{"x":0.5,"y":1},"scale":{"x":0.9,"y":0.9},"rotation":17,"depth":0,"data":"","position":{"x":12598,"y":-1225}},{"id":"support02_02","texture":"theme_002_scenery_support_002","anchor":{"x":0.5,"y":1},"scale":{"x":1.8,"y":1.8},"rotation":10,"depth":0,"data":"","position":{"x":11867,"y":-1602}},{"id":"support02_02","texture":"theme_002_scenery_support_002","anchor":{"x":0.5,"y":1},"scale":{"x":1.2,"y":1.2},"rotation":0,"depth":0,"data":"","position":{"x":16288,"y":-1490}},{"id":"support02_02","texture":"theme_002_scenery_support_002","anchor":{"x":0.5,"y":1},"scale":{"x":1.6,"y":1.6},"rotation":-7,"depth":-1,"data":"","position":{"x":17002,"y":-1504}},{"id":"support02_02","texture":"theme_002_scenery_support_002","anchor":{"x":0.5,"y":1},"scale":{"x":1.1,"y":1.1},"rotation":-5,"depth":0,"data":"","position":{"x":23214,"y":-1495}}]},{"name":"obstacles","depth":0,"paths":[],"objects":[{"id":"rock01_02","texture":"theme_002_obstacle_rock","anchor":{"x":0.5,"y":1},"scale":{"x":1,"y":1},"rotation":-16,"depth":0,"data":"","position":{"x":23363,"y":-2150}},{"id":"rock01_02","texture":"theme_002_obstacle_rock","anchor":{"x":0.5,"y":1},"scale":{"x":1,"y":1},"rotation":0,"depth":0,"data":"","position":{"x":37552,"y":-2551}},{"id":"level_gameover","texture":"level_gameover","anchor":{"x":0.5,"y":0.5},"scale":{"x":7,"y":7},"rotation":0,"depth":0,"data":"","position":{"x":3912,"y":446}},{"id":"level_gameover","texture":"level_gameover","anchor":{"x":0.5,"y":0.5},"scale":{"x":6,"y":6},"rotation":0,"depth":0,"data":"","position":{"x":5466,"y":394}},{"id":"level_gameover","texture":"level_gameover","anchor":{"x":0.5,"y":0.5},"scale":{"x":6,"y":6},"rotation":0,"depth":0,"data":"","position":{"x":1665,"y":411}},{"id":"teleport_02","texture":"theme_002_obstacle_teleport_off","anchor":{"x":0.5,"y":1},"scale":{"x":1,"y":1},"rotation":1,"depth":0,"data":"{\"in\":2,\"out\":2 }","position":{"x":14025,"y":-2899}},{"id":"teleport_02","texture":"theme_002_obstacle_teleport_off","anchor":{"x":0.5,"y":1},"scale":{"x":1,"y":1},"rotation":4,"depth":0,"data":"{ \"in\":1,\"out\":2 }","position":{"x":28378,"y":-2322}},{"id":"level_gameover","texture":"level_gameover","anchor":{"x":0.5,"y":0.5},"scale":{"x":6,"y":6},"rotation":0,"depth":0,"data":"","position":{"x":2431,"y":412}},{"id":"rock01_02","texture":"theme_002_obstacle_rock","anchor":{"x":0.5,"y":1},"scale":{"x":1,"y":1},"rotation":10,"depth":0,"data":"","position":{"x":6305,"y":-1340}},{"id":"level_end","texture":"level_end","anchor":{"x":0.5,"y":0.5},"scale":{"x":5,"y":5},"rotation":0,"depth":0,"data":"","position":{"x":41493,"y":-2961}},{"id":"finish_02","texture":"theme_002_obstacle_finish","anchor":{"x":0.5,"y":1},"scale":{"x":1,"y":1},"rotation":0,"depth":0,"data":"","position":{"x":41008,"y":-2815}},{"id":"rock01_02","texture":"theme_002_obstacle_rock","anchor":{"x":0.5,"y":1},"scale":{"x":1,"y":1},"rotation":-12,"depth":0,"data":"","position":{"x":30749,"y":-1886}},{"id":"spike02_02","texture":"theme_002_obstacle_spike_large_off","anchor":{"x":0.5,"y":1},"scale":{"x":1,"y":1},"rotation":0,"depth":0,"data":"","position":{"x":19370,"y":-2319}},{"id":"rock01_02","texture":"theme_002_obstacle_rock","anchor":{"x":0.5,"y":1},"scale":{"x":1,"y":1},"rotation":32,"depth":0,"data":"","position":{"x":12735,"y":-1116}},{"id":"fire_on_01","texture":"theme_001_obstacle_flame_on","anchor":{"x":0.5,"y":1},"scale":{"x":1,"y":1},"rotation":0,"depth":0,"data":"","position":{"x":11323,"y":-2766}},{"id":"fire_on_01","texture":"theme_001_obstacle_flame_on","anchor":{"x":0.5,"y":1},"scale":{"x":1,"y":1},"rotation":0,"depth":0,"data":"","position":{"x":24889,"y":-3067}},{"id":"fire_on_01","texture":"theme_001_obstacle_flame_on","anchor":{"x":0.5,"y":1},"scale":{"x":1,"y":1},"rotation":0,"depth":0,"data":"","position":{"x":27181,"y":-2695}},{"id":"spike02_02","texture":"theme_002_obstacle_spike_large_off","anchor":{"x":0.5,"y":1},"scale":{"x":1,"y":1},"rotation":0,"depth":0,"data":"","position":{"x":18321,"y":-2361}},{"id":"fire_on_03","texture":"theme_003_obstacle_flame_on","anchor":{"x":0.5,"y":1},"scale":{"x":1,"y":1},"rotation":0,"depth":0,"data":"","position":{"x":11167,"y":-1641}},{"id":"fire_on_02","texture":"theme_002_obstacle_flame_on","anchor":{"x":0.5,"y":1},"scale":{"x":1,"y":1},"rotation":0,"depth":0,"data":"","position":{"x":35895,"y":-2381}},{"id":"gate_red02","texture":"theme_002_obstacle_gate_red_closed","anchor":{"x":0.5,"y":1},"scale":{"x":1,"y":1},"rotation":0,"depth":0,"data":"","position":{"x":24420,"y":-1619}},{"id":"hint","texture":"hint","anchor":{"x":0.5,"y":0.5},"scale":{"x":4,"y":4},"rotation":0,"depth":0,"data":"{ \"id\" : \"xlr8\" }","position":{"x":1350,"y":-488}}]},{"name":"platforms","depth":0,"paths":[{"closed":false,"depth":0,"collisions":1,"texFill":"theme_02_fill","texGround":"theme_02_ground","texGroundEdge":"theme_02_ground_edge","texWall":"theme_02_wall","texFillPadding":512,"texFillSize":256,"texGroundSize":160,"texGroundDelta":0.3,"texWallSize":160,"texWallDelta":0.1,"texWallAngle":70,"texGroundEdgeSide":"","data":"","points":[{"x":-2880,"y":672},{"x":-2880,"y":448},{"x":-2880,"y":-848},{"x":-2880,"y":-896},{"x":-2400,"y":-896},{"x":-2016,"y":-1488},{"x":-1360,"y":-1392},{"x":-1360,"y":-1120},{"x":-1360,"y":-352},{"x":-1360,"y":-192},{"x":-944,"y":-208},{"x":-544,"y":176},{"x":64,"y":176},{"x":688,"y":160},{"x":704,"y":-256},{"x":1360,"y":-256},{"x":1360,"y":-128},{"x":1360,"y":896},{"x":1360,"y":912}],"bounds":[-2880,1360]},{"closed":false,"depth":-1,"collisions":1,"texFill":"theme_02_fill","texGround":"theme_02_ground","texGroundEdge":"theme_02_ground_edge","texWall":"theme_02_wall","texFillPadding":512,"texFillSize":256,"texGroundSize":160,"texGroundDelta":0.3,"texWallSize":160,"texWallDelta":0.1,"texWallAngle":70,"texGroundEdgeSide":"","data":"","points":[{"x":2784,"y":912},{"x":2784,"y":672},{"x":2784,"y":-192},{"x":2784,"y":-256},{"x":3104,"y":-256},{"x":3088,"y":-256},{"x":3424,"y":-256},{"x":3424,"y":-208},{"x":3424,"y":912},{"x":3424,"y":944}],"bounds":[2784,3424]},{"closed":false,"depth":-1,"collisions":1,"texFill":"theme_02_fill","texGround":"theme_02_ground","texGroundEdge":"theme_02_ground_edge","texWall":"theme_02_wall","texFillPadding":512,"texFillSize":256,"texGroundSize":160,"texGroundDelta":0.35,"texWallSize":160,"texWallDelta":0.1,"texWallAngle":70,"texGroundEdgeSide":"","data":"","points":[{"x":4416,"y":1328},{"x":4400,"y":1104},{"x":4416,"y":-240},{"x":4416,"y":-240},{"x":4592,"y":-240},{"x":5168,"y":-240},{"x":5248,"y":-240},{"x":5248,"y":-192},{"x":5248,"y":1360},{"x":5248,"y":1392}],"bounds":[4400,5248]},{"closed":false,"depth":1,"collisions":1,"texFill":"theme_02_fill","texGround":"theme_02_ground","texGroundEdge":"theme_02_ground_edge","texWall":"theme_02_wall","texFillPadding":512,"texFillSize":256,"texGroundSize":160,"texGroundDelta":0.4,"texWallSize":160,"texWallDelta":0.1,"texWallAngle":70,"texGroundEdgeSide":"","data":"","points":[{"x":5648,"y":1392},{"x":5648,"y":992},{"x":5648,"y":-48},{"x":5648,"y":-240},{"x":6256,"y":-240},{"x":6320,"y":-544},{"x":6944,"y":-544},{"x":7808,"y":-544},{"x":7808,"y":-928},{"x":8672,"y":-928},{"x":9264,"y":-928},{"x":9456,"y":-1600},{"x":10048,"y":-1600},{"x":10848,"y":-1600},{"x":10848,"y":-1632},{"x":11648,"y":-1632},{"x":12544,"y":-1632},{"x":12864,"y":-640},{"x":13776,"y":-640},{"x":15344,"y":-640},{"x":15520,"y":-1136},{"x":17184,"y":-1136}],"bounds":[5648,17184]},{"closed":true,"depth":0,"collisions":2,"texFill":"theme_02_fill","texGround":"theme_02_ground","texGroundEdge":"theme_02_ground_edge","texWall":"theme_02_wall","texFillPadding":512,"texFillSize":256,"texGroundSize":160,"texGroundDelta":0.4,"texWallSize":160,"texWallDelta":0.1,"texWallAngle":70,"texGroundEdgeSide":"","data":"","points":[{"x":6240,"y":-1344},{"x":6592,"y":-1344},{"x":6912,"y":-864},{"x":7264,"y":-864},{"x":7200,"y":-864},{"x":6480,"y":-768},{"x":6416,"y":-768},{"x":6208,"y":-768},{"x":6272,"y":-1344},{"x":6240,"y":-1344}],"bounds":[6208,7264]},{"closed":true,"depth":0,"collisions":1,"texFill":"theme_02_fill","texGround":"theme_02_ground","texGroundEdge":"theme_02_ground_edge","texWall":"theme_02_wall","texFillPadding":512,"texFillSize":256,"texGroundSize":160,"texGroundDelta":0.35,"texWallSize":160,"texWallDelta":0.1,"texWallAngle":70,"texGroundEdgeSide":"","data":"","points":[{"x":7280,"y":-1216},{"x":7648,"y":-1216},{"x":7872,"y":-1488},{"x":8240,"y":-1488},{"x":8224,"y":-1488},{"x":8224,"y":-1216},{"x":8208,"y":-1216},{"x":8016,"y":-1216},{"x":8032,"y":-1088},{"x":7856,"y":-1088},{"x":7728,"y":-1088},{"x":7712,"y":-1136},{"x":7568,"y":-1136},{"x":7536,"y":-1136},{"x":7328,"y":-1216},{"x":7296,"y":-1216}],"bounds":[7280,8240]},{"closed":true,"depth":0,"collisions":1,"texFill":"theme_02_fill","texGround":"theme_02_ground","texGroundEdge":"theme_02_ground_edge","texWall":"theme_02_wall","texFillPadding":512,"texFillSize":256,"texGroundSize":160,"texGroundDelta":0.4,"texWallSize":160,"texWallDelta":0.1,"texWallAngle":70,"texGroundEdgeSide":"","data":"","points":[{"x":8576,"y":-1568},{"x":9008,"y":-1568},{"x":10624,"y":-2784},{"x":11328,"y":-2752},{"x":11136,"y":-2752},{"x":10240,"y":-1920},{"x":10032,"y":-1920},{"x":9616,"y":-1920},{"x":9280,"y":-1376},{"x":8864,"y":-1376},{"x":8752,"y":-1376},{"x":8704,"y":-1568},{"x":8576,"y":-1568}],"bounds":[8576,11328]},{"closed":true,"depth":0,"collisions":1,"texFill":"theme_02_fill","texGround":"theme_02_ground","texGroundEdge":"theme_02_ground_edge","texWall":"theme_02_wall","texFillPadding":512,"texFillSize":256,"texGroundSize":160,"texGroundDelta":0.3,"texWallSize":160,"texWallDelta":0.1,"texWallAngle":70,"texGroundEdgeSide":"","data":"","points":[{"x":11792,"y":-2720},{"x":12208,"y":-2640},{"x":12688,"y":-1728},{"x":13056,"y":-1584},{"x":12864,"y":-1424},{"x":12608,"y":-1632},{"x":12256,"y":-1792},{"x":11904,"y":-1920},{"x":12176,"y":-2192},{"x":11872,"y":-2480},{"x":11792,"y":-2544},{"x":11824,"y":-2640},{"x":11792,"y":-2688}],"bounds":[11792,13056]},{"closed":false,"depth":0,"collisions":1,"texFill":"theme_02_fill","texGround":"theme_02_ground","texGroundEdge":"theme_02_ground_edge","texWall":"theme_02_wall","texFillPadding":512,"texFillSize":256,"texGroundSize":160,"texGroundDelta":0.4,"texWallSize":160,"texWallDelta":0.1,"texWallAngle":70,"texGroundEdgeSide":"","data":"","points":[{"x":13872,"y":-2896},{"x":15312,"y":-2896},{"x":15392,"y":-1424},{"x":16832,"y":-1424},{"x":17888,"y":-1424},{"x":17888,"y":-1024},{"x":18960,"y":-1024},{"x":20192,"y":-1024},{"x":20048,"y":-1504},{"x":21264,"y":-1504},{"x":21664,"y":-1504},{"x":21984,"y":-1504},{"x":22368,"y":-1504},{"x":22672,"y":-1504},{"x":22672,"y":-1456},{"x":22992,"y":-1456},{"x":23328,"y":-1456},{"x":23472,"y":-1600},{"x":23808,"y":-1600},{"x":23808,"y":-1536},{"x":23664,"y":-112},{"x":23664,"y":-80}],"bounds":[13872,23808]},{"closed":true,"depth":-2,"collisions":1,"texFill":"theme_02_fill","texGround":"theme_02_ground","texGroundEdge":"theme_02_ground_edge","texWall":"theme_02_wall","texFillPadding":704,"texFillSize":256,"texGroundSize":160,"texGroundDelta":0.3,"texWallSize":160,"texWallDelta":0.1,"texWallAngle":70,"texGroundEdgeSide":"","data":"","points":[{"x":16064,"y":-2112},{"x":16688,"y":-2096},{"x":16704,"y":-2384},{"x":17088,"y":-2368},{"x":17088,"y":-2352},{"x":17152,"y":-2240},{"x":16976,"y":-2240},{"x":16864,"y":-2240},{"x":16768,"y":-1952},{"x":16560,"y":-1952},{"x":16320,"y":-1952},{"x":16304,"y":-2080},{"x":16064,"y":-2080}],"bounds":[16064,17152]},{"closed":true,"depth":0,"collisions":1,"texFill":"theme_02_fill","texGround":"theme_02_ground","texGroundEdge":"theme_02_ground_edge","texWall":"theme_02_wall","texFillPadding":512,"texFillSize":256,"texGroundSize":160,"texGroundDelta":0.4,"texWallSize":160,"texWallDelta":0.1,"texWallAngle":70,"texGroundEdgeSide":"","data":"","points":[{"x":17456,"y":-2352},{"x":18992,"y":-2352},{"x":18784,"y":-2288},{"x":20336,"y":-2288},{"x":20368,"y":-2032},{"x":20288,"y":-1824},{"x":20160,"y":-1840},{"x":19472,"y":-1840},{"x":19584,"y":-1376},{"x":18896,"y":-1376},{"x":18256,"y":-1376},{"x":18256,"y":-1776},{"x":17616,"y":-1776},{"x":17504,"y":-1776},{"x":17568,"y":-2352},{"x":17456,"y":-2352}],"bounds":[17456,20368]},{"closed":true,"depth":0,"collisions":2,"texFill":"theme_02_fill","texGround":"theme_02_ground","texGroundEdge":"theme_02_ground_edge","texWall":"theme_02_wall","texFillPadding":512,"texFillSize":256,"texGroundSize":160,"texGroundDelta":0.4,"texWallSize":160,"texWallDelta":0.1,"texWallAngle":70,"texGroundEdgeSide":"","data":"","points":[{"x":20848,"y":-2288},{"x":21248,"y":-2288},{"x":21872,"y":-2064},{"x":22288,"y":-2064},{"x":22272,"y":-2048},{"x":22128,"y":-1904},{"x":22112,"y":-1904},{"x":21904,"y":-1904},{"x":21808,"y":-1968},{"x":21600,"y":-1968},{"x":21456,"y":-1968},{"x":21376,"y":-1904},{"x":21248,"y":-1904},{"x":21200,"y":-1904},{"x":20960,"y":-1968},{"x":20912,"y":-1968},{"x":20864,"y":-1968},{"x":20896,"y":-2288},{"x":20848,"y":-2288}],"bounds":[20848,22288]},{"closed":true,"depth":0,"collisions":1,"texFill":"theme_02_fill","texGround":"theme_02_ground","texGroundEdge":"theme_02_ground_edge","texWall":"theme_02_wall","texFillPadding":512,"texFillSize":256,"texGroundSize":160,"texGroundDelta":0.3,"texWallSize":160,"texWallDelta":0.1,"texWallAngle":70,"texGroundEdgeSide":"","data":"","points":[{"x":22880,"y":-2080},{"x":23872,"y":-2048},{"x":23920,"y":-3072},{"x":24896,"y":-3072},{"x":25536,"y":-3072},{"x":25664,"y":-2544},{"x":26304,"y":-2544},{"x":26768,"y":-2544},{"x":26768,"y":-2704},{"x":27168,"y":-2704},{"x":27664,"y":-2688},{"x":27760,"y":-2272},{"x":28464,"y":-2320},{"x":28480,"y":-2192},{"x":28208,"y":-2208},{"x":28048,"y":-2176},{"x":27488,"y":-2048},{"x":27344,"y":-1856},{"x":26848,"y":-1872},{"x":26352,"y":-1856},{"x":26080,"y":-1984},{"x":25520,"y":-1984},{"x":24848,"y":-1984},{"x":24704,"y":-2128},{"x":24032,"y":-2128},{"x":23552,"y":-2128},{"x":23312,"y":-1968},{"x":23040,"y":-2032}],"bounds":[22880,28480]},{"closed":false,"depth":1,"collisions":1,"texFill":"theme_02_fill","texGround":"theme_02_ground","texGroundEdge":"theme_02_ground_edge","texWall":"theme_02_wall","texFillPadding":768,"texFillSize":256,"texGroundSize":160,"texGroundDelta":0.3,"texWallSize":160,"texWallDelta":0.1,"texWallAngle":70,"texGroundEdgeSide":"","data":"","points":[{"x":23520,"y":-1296},{"x":24624,"y":-1296},{"x":24352,"y":-512},{"x":25456,"y":-512},{"x":26384,"y":-512},{"x":26816,"y":128},{"x":27728,"y":128},{"x":28480,"y":128},{"x":28480,"y":-32},{"x":29248,"y":-32},{"x":30960,"y":-64},{"x":30848,"y":-720},{"x":31728,"y":-720},{"x":33120,"y":-736},{"x":32976,"y":-1728},{"x":33808,"y":-1744}],"bounds":[23520,33808]},{"closed":false,"depth":0,"collisions":1,"texFill":"theme_02_fill","texGround":"theme_02_ground","texGroundEdge":"theme_02_ground_edge","texWall":"theme_02_wall","texFillPadding":1024,"texFillSize":256,"texGroundSize":160,"texGroundDelta":0.35,"texWallSize":160,"texWallDelta":0.1,"texWallAngle":70,"texGroundEdgeSide":"","data":"","points":[{"x":24256,"y":-1616},{"x":24720,"y":-1616},{"x":24720,"y":-1728},{"x":25200,"y":-1728},{"x":25200,"y":-1664},{"x":25200,"y":-1552},{"x":25200,"y":-1360}],"bounds":[24256,25200]},{"closed":false,"depth":0,"collisions":1,"texFill":"theme_02_fill","texGround":"theme_02_ground","texGroundEdge":"theme_02_ground_edge","texWall":"theme_02_wall","texFillPadding":1024,"texFillSize":256,"texGroundSize":160,"texGroundDelta":0.35,"texWallSize":160,"texWallDelta":0.1,"texWallAngle":70,"texGroundEdgeSide":"","data":"","points":[{"x":25712,"y":-1104},{"x":25712,"y":-1280},{"x":25712,"y":-1696},{"x":25712,"y":-1728},{"x":26112,"y":-1728},{"x":26112,"y":-1648},{"x":26512,"y":-1648},{"x":26512,"y":-1616},{"x":26512,"y":-992},{"x":26512,"y":-960}],"bounds":[25712,26512]},{"closed":false,"depth":0,"collisions":1,"texFill":"theme_02_fill","texGround":"theme_02_ground","texGroundEdge":"theme_02_ground_edge","texWall":"theme_02_wall","texFillPadding":1024,"texFillSize":256,"texGroundSize":160,"texGroundDelta":0.35,"texWallSize":160,"texWallDelta":0.1,"texWallAngle":70,"texGroundEdgeSide":"","data":"","points":[{"x":27088,"y":-848},{"x":27088,"y":-1104},{"x":27088,"y":-1616},{"x":27088,"y":-1648},{"x":27600,"y":-1648},{"x":27632,"y":-1856},{"x":28144,"y":-1856},{"x":28144,"y":-1728},{"x":28144,"y":-1120},{"x":28144,"y":-848}],"bounds":[27088,28144]},{"closed":false,"depth":0,"collisions":1,"texFill":"theme_02_fill","texGround":"theme_02_ground","texGroundEdge":"theme_02_ground_edge","texWall":"theme_02_wall","texFillPadding":1024,"texFillSize":256,"texGroundSize":160,"texGroundDelta":0.4,"texWallSize":160,"texWallDelta":0.1,"texWallAngle":70,"texGroundEdgeSide":"","data":"","points":[{"x":28512,"y":-832},{"x":28512,"y":-1088},{"x":28512,"y":-1696},{"x":28512,"y":-1840},{"x":29024,"y":-1840},{"x":29056,"y":-1664},{"x":29584,"y":-1664},{"x":29584,"y":-1632},{"x":29568,"y":-880},{"x":29568,"y":-848}],"bounds":[28512,29584]},{"closed":false,"depth":0,"collisions":1,"texFill":"theme_02_fill","texGround":"theme_02_ground","texGroundEdge":"theme_02_ground_edge","texWall":"theme_02_wall","texFillPadding":832,"texFillSize":256,"texGroundSize":160,"texGroundDelta":0.4,"texWallSize":160,"texWallDelta":0.1,"texWallAngle":70,"texGroundEdgeSide":"","data":"","points":[{"x":30000,"y":-848},{"x":30000,"y":-1024},{"x":30000,"y":-1616},{"x":30000,"y":-1680},{"x":30528,"y":-1680},{"x":30608,"y":-1968},{"x":31152,"y":-1968},{"x":32832,"y":-1968},{"x":32832,"y":-1968},{"x":34512,"y":-1968},{"x":35216,"y":-1968},{"x":35216,"y":-2368},{"x":35904,"y":-2368},{"x":36816,"y":-2368},{"x":36816,"y":-2544},{"x":37744,"y":-2544},{"x":38816,"y":-2544},{"x":38832,"y":-2672},{"x":39904,"y":-2672},{"x":40592,"y":-2672},{"x":40592,"y":-2816},{"x":41280,"y":-2816},{"x":42176,"y":-2816},{"x":42176,"y":-2880},{"x":43072,"y":-2880}],"bounds":[30000,43072]}],"objects":[{"id":"platform_02","texture":"theme_002_obstacle_falling_platform","anchor":{"x":0.5,"y":0},"scale":{"x":1,"y":1},"rotation":0,"depth":0,"data":"","position":{"x":4055,"y":-257}},{"id":"platform_02","texture":"theme_002_obstacle_falling_platform","anchor":{"x":0.5,"y":0},"scale":{"x":1,"y":1},"rotation":0,"depth":-1,"data":"","position":{"x":4279,"y":-257}},{"id":"platform_02","texture":"theme_002_obstacle_falling_platform","anchor":{"x":0.5,"y":0},"scale":{"x":1,"y":1},"rotation":0,"depth":0,"data":"","position":{"x":1980,"y":-265}},{"id":"platform_02","texture":"theme_002_obstacle_falling_platform","anchor":{"x":0.5,"y":0},"scale":{"x":1,"y":1},"rotation":0,"depth":0,"data":"","position":{"x":2432,"y":-265}},{"id":"platform_02","texture":"theme_002_obstacle_falling_platform","anchor":{"x":0.5,"y":0},"scale":{"x":1,"y":1},"rotation":0,"depth":-1,"data":"","position":{"x":2657,"y":-265}},{"id":"platform_02","texture":"theme_002_obstacle_falling_platform","anchor":{"x":0.5,"y":0},"scale":{"x":1,"y":1},"rotation":0,"depth":0,"data":"","position":{"x":3606,"y":-257}},{"id":"platform_02","texture":"theme_002_obstacle_falling_platform","anchor":{"x":0.5,"y":0},"scale":{"x":1,"y":1},"rotation":0,"depth":-1,"data":"","position":{"x":1528,"y":-265}},{"id":"platform_02","texture":"theme_002_obstacle_falling_platform","anchor":{"x":0.5,"y":0},"scale":{"x":1,"y":1},"rotation":0,"depth":0,"data":"","position":{"x":1754,"y":-265}},{"id":"platform_02","texture":"theme_002_obstacle_falling_platform","anchor":{"x":0.5,"y":0},"scale":{"x":1,"y":1},"rotation":0,"depth":0,"data":"","position":{"x":2206,"y":-265}},{"id":"platform_02","texture":"theme_002_obstacle_falling_platform","anchor":{"x":0.5,"y":0},"scale":{"x":1,"y":1},"rotation":0,"depth":0,"data":"","position":{"x":3830,"y":-257}},{"id":"platform_02","texture":"theme_002_obstacle_falling_platform","anchor":{"x":0.5,"y":0},"scale":{"x":1,"y":1},"rotation":0,"depth":0,"data":"","position":{"x":25368,"y":-1742}},{"id":"platform_02","texture":"theme_002_obstacle_falling_platform","anchor":{"x":0.5,"y":0},"scale":{"x":1,"y":1},"rotation":0,"depth":-1,"data":"","position":{"x":25590,"y":-1742}},{"id":"platform_02","texture":"theme_002_obstacle_falling_platform","anchor":{"x":0.5,"y":0},"scale":{"x":1,"y":1},"rotation":0,"depth":-1,"data":"","position":{"x":26629,"y":-1660}},{"id":"platform_02","texture":"theme_002_obstacle_falling_platform","anchor":{"x":0.5,"y":0},"scale":{"x":1,"y":1},"rotation":0,"depth":0,"data":"","position":{"x":26856,"y":-1660}},{"id":"platform_02","texture":"theme_002_obstacle_falling_platform","anchor":{"x":0.5,"y":0},"scale":{"x":1,"y":1},"rotation":0,"depth":-2,"data":"","position":{"x":28176,"y":-1864}},{"id":"platform_02","texture":"theme_002_obstacle_falling_platform","anchor":{"x":0.5,"y":0},"scale":{"x":1,"y":1},"rotation":0,"depth":-2,"data":"","position":{"x":27078,"y":-1661}},{"id":"platform_02","texture":"theme_002_obstacle_falling_platform","anchor":{"x":0.5,"y":0},"scale":{"x":1,"y":1},"rotation":0,"depth":-1,"data":"","position":{"x":28401,"y":-1863}}]},{"name":"enemies","depth":1,"paths":[],"objects":[{"id":"mascot_02","texture":"mascot_02","anchor":{"x":0.5,"y":1},"scale":{"x":1,"y":1},"rotation":0,"depth":0,"data":"{ \"left\": 200, \"right\": 200,\"orientation\": \"left\" }","position":{"x":4875,"y":-249}},{"id":"spike01_02","texture":"theme_002_obstacle_spike_small_off","anchor":{"x":0.5,"y":1},"scale":{"x":1,"y":1},"rotation":0,"depth":0,"data":"","position":{"x":39103,"y":-2652}},{"id":"mascot_02","texture":"mascot_02","anchor":{"x":0.5,"y":1},"scale":{"x":1,"y":1},"rotation":0,"depth":0,"data":"{ \"left\": 400, \"right\": 400,\"orientation\": \"left\" }","position":{"x":21652,"y":-1518}},{"id":"mascot_02","texture":"mascot_02","anchor":{"x":0.5,"y":1},"scale":{"x":1,"y":1},"rotation":0,"depth":0,"data":"{ \"left\": 100, \"right\": 100,\"orientation\": \"left\" }","position":{"x":3099,"y":-253}},{"id":"mascot_02","texture":"mascot_02","anchor":{"x":0.5,"y":1},"scale":{"x":1,"y":1},"rotation":0,"depth":0,"data":"{ \"left\": 400, \"right\": 100,\"orientation\": \"left\" }","position":{"x":31876,"y":-1984}},{"id":"mascot_02","texture":"mascot_02","anchor":{"x":0.5,"y":1},"scale":{"x":1,"y":1},"rotation":0,"depth":0,"data":"{ \"left\": 400, \"right\": 400, \"fireRate\" : 1, \"fireRateVariability\" : 60 }","position":{"x":33116,"y":-1986}},{"id":"mascot_02","texture":"mascot_02","anchor":{"x":0.5,"y":1},"scale":{"x":1,"y":1},"rotation":0,"depth":0,"data":"{ \"left\": 400, \"right\": 400, \"fireRate\" : 2, \"fireRateVariability\" : 60 }","position":{"x":34363,"y":-1984}}]},{"name":"pick ups","depth":2,"paths":[],"objects":[{"id":"time","texture":"pick_up_time","anchor":{"x":0.5,"y":0.5},"scale":{"x":1,"y":1},"rotation":0,"depth":0,"data":"","position":{"x":5808,"y":-458}},{"id":"time","texture":"pick_up_time","anchor":{"x":0.5,"y":0.5},"scale":{"x":1,"y":1},"rotation":0,"depth":0,"data":"","position":{"x":13585,"y":-1108}},{"id":"time","texture":"pick_up_time","anchor":{"x":0.5,"y":0.5},"scale":{"x":1,"y":1},"rotation":0,"depth":0,"data":"","position":{"x":28375,"y":-2465}},{"id":"time","texture":"pick_up_time","anchor":{"x":0.5,"y":0.5},"scale":{"x":1,"y":1},"rotation":0,"depth":0,"data":"","position":{"x":20655,"y":-1744}},{"id":"time","texture":"pick_up_time","anchor":{"x":0.5,"y":0.5},"scale":{"x":1,"y":1},"rotation":0,"depth":0,"data":"","position":{"x":25454,"y":-1866}},{"id":"time","texture":"pick_up_time","anchor":{"x":0.5,"y":0.5},"scale":{"x":1,"y":1},"rotation":0,"depth":0,"data":"","position":{"x":33609,"y":-2137}},{"id":"time","texture":"pick_up_time","anchor":{"x":0.5,"y":0.5},"scale":{"x":1,"y":1},"rotation":0,"depth":0,"data":"","position":{"x":37538,"y":-2872}},{"id":"time","texture":"pick_up_time","anchor":{"x":0.5,"y":0.5},"scale":{"x":1,"y":1},"rotation":0,"depth":0,"data":"","position":{"x":20169,"y":-2504}},{"id":"time","texture":"pick_up_time","anchor":{"x":0.5,"y":0.5},"scale":{"x":1,"y":1},"rotation":0,"depth":0,"data":"","position":{"x":-1144,"y":-350}},{"id":"coin","texture":"pick_up","anchor":{"x":0.5,"y":0.5},"scale":{"x":1,"y":1},"rotation":0,"depth":0,"data":"","position":{"x":500,"y":-151}},{"id":"coin","texture":"pick_up","anchor":{"x":0.5,"y":0.5},"scale":{"x":1,"y":1},"rotation":0,"depth":0,"data":"","position":{"x":757,"y":-294}},{"id":"coin","texture":"pick_up","anchor":{"x":0.5,"y":0.5},"scale":{"x":1,"y":1},"rotation":0,"depth":0,"data":"","position":{"x":980,"y":-394}},{"id":"coin","texture":"pick_up","anchor":{"x":0.5,"y":0.5},"scale":{"x":1,"y":1},"rotation":0,"depth":0,"data":"","position":{"x":2014,"y":-403}},{"id":"coin","texture":"pick_up","anchor":{"x":0.5,"y":0.5},"scale":{"x":1,"y":1},"rotation":0,"depth":0,"data":"","position":{"x":2137,"y":-403}},{"id":"coin","texture":"pick_up","anchor":{"x":0.5,"y":0.5},"scale":{"x":1,"y":1},"rotation":0,"depth":0,"data":"","position":{"x":2075,"y":-508}},{"id":"coin","texture":"pick_up","anchor":{"x":0.5,"y":0.5},"scale":{"x":1,"y":1},"rotation":0,"depth":0,"data":"","position":{"x":3885,"y":-384}},{"id":"coin","texture":"pick_up","anchor":{"x":0.5,"y":0.5},"scale":{"x":1,"y":1},"rotation":0,"depth":0,"data":"","position":{"x":4008,"y":-384}},{"id":"coin","texture":"pick_up","anchor":{"x":0.5,"y":0.5},"scale":{"x":1,"y":1},"rotation":0,"depth":0,"data":"","position":{"x":3951,"y":-499}},{"id":"coin","texture":"pick_up","anchor":{"x":0.5,"y":0.5},"scale":{"x":1,"y":1},"rotation":0,"depth":0,"data":"","position":{"x":6451,"y":-623}},{"id":"coin","texture":"pick_up","anchor":{"x":0.5,"y":0.5},"scale":{"x":1,"y":1},"rotation":0,"depth":0,"data":"","position":{"x":6665,"y":-661}},{"id":"coin","texture":"pick_up","anchor":{"x":0.5,"y":0.5},"scale":{"x":1,"y":1},"rotation":0,"depth":0,"data":"","position":{"x":6870,"y":-684}},{"id":"coin","texture":"pick_up","anchor":{"x":0.5,"y":0.5},"scale":{"x":1,"y":1},"rotation":0,"depth":0,"data":"","position":{"x":7593,"y":-813}},{"id":"coin","texture":"pick_up","anchor":{"x":0.5,"y":0.5},"scale":{"x":1,"y":1},"rotation":0,"depth":0,"data":"","position":{"x":7446,"y":-970}},{"id":"coin","texture":"pick_up","anchor":{"x":0.5,"y":0.5},"scale":{"x":1,"y":1},"rotation":0,"depth":0,"data":"","position":{"x":7232,"y":-1032}},{"id":"coin","texture":"pick_up","anchor":{"x":0.5,"y":0.5},"scale":{"x":1,"y":1},"rotation":0,"depth":0,"data":"","position":{"x":6894,"y":-1265}},{"id":"coin","texture":"pick_up","anchor":{"x":0.5,"y":0.5},"scale":{"x":1,"y":1},"rotation":0,"depth":0,"data":"","position":{"x":7065,"y":-1385}},{"id":"coin","texture":"pick_up","anchor":{"x":0.5,"y":0.5},"scale":{"x":1,"y":1},"rotation":0,"depth":0,"data":"","position":{"x":7260,"y":-1423}},{"id":"coin","texture":"pick_up","anchor":{"x":0.5,"y":0.5},"scale":{"x":1,"y":1},"rotation":0,"depth":0,"data":"","position":{"x":9036,"y":-1928}},{"id":"coin","texture":"pick_up","anchor":{"x":0.5,"y":0.5},"scale":{"x":1,"y":1},"rotation":0,"depth":0,"data":"","position":{"x":9312,"y":-2080}},{"id":"coin","texture":"pick_up","anchor":{"x":0.5,"y":0.5},"scale":{"x":1,"y":1},"rotation":0,"depth":0,"data":"","position":{"x":9560,"y":-2228}},{"id":"coin","texture":"pick_up","anchor":{"x":0.5,"y":0.5},"scale":{"x":1,"y":1},"rotation":0,"depth":0,"data":"","position":{"x":9798,"y":-2366}},{"id":"coin","texture":"pick_up","anchor":{"x":0.5,"y":0.5},"scale":{"x":1,"y":1},"rotation":0,"depth":0,"data":"","position":{"x":10021,"y":-2490}},{"id":"coin","texture":"pick_up","anchor":{"x":0.5,"y":0.5},"scale":{"x":1,"y":1},"rotation":0,"depth":0,"data":"","position":{"x":10255,"y":-2618}},{"id":"sumocard","texture":"pick_up_card","anchor":{"x":0.5,"y":0.5},"scale":{"x":1,"y":1},"rotation":0,"depth":0,"data":"","position":{"x":26269,"y":-2755}},{"id":"coin","texture":"pick_up","anchor":{"x":0.5,"y":0.5},"scale":{"x":1,"y":1},"rotation":0,"depth":0,"data":"","position":{"x":26791,"y":-1762}},{"id":"coin","texture":"pick_up","anchor":{"x":0.5,"y":0.5},"scale":{"x":1,"y":1},"rotation":0,"depth":0,"data":"","position":{"x":26605,"y":-1769}},{"id":"coin","texture":"pick_up","anchor":{"x":0.5,"y":0.5},"scale":{"x":1,"y":1},"rotation":0,"depth":0,"data":"","position":{"x":28333,"y":-2012}},{"id":"coin","texture":"pick_up","anchor":{"x":0.5,"y":0.5},"scale":{"x":1,"y":1},"rotation":0,"depth":0,"data":"","position":{"x":26969,"y":-1769}},{"id":"coin","texture":"pick_up","anchor":{"x":0.5,"y":0.5},"scale":{"x":1,"y":1},"rotation":0,"depth":0,"data":"","position":{"x":23741,"y":-1798}},{"id":"coin","texture":"pick_up","anchor":{"x":0.5,"y":0.5},"scale":{"x":1,"y":1},"rotation":0,"depth":0,"data":"","position":{"x":23927,"y":-1898}},{"id":"coin","texture":"pick_up","anchor":{"x":0.5,"y":0.5},"scale":{"x":1,"y":1},"rotation":0,"depth":0,"data":"","position":{"x":24113,"y":-1883}},{"id":"coin","texture":"pick_up","anchor":{"x":0.5,"y":0.5},"scale":{"x":1,"y":1},"rotation":0,"depth":0,"data":"","position":{"x":24277,"y":-1812}},{"id":"coin","texture":"pick_up","anchor":{"x":0.5,"y":0.5},"scale":{"x":1,"y":1},"rotation":0,"depth":0,"data":"","position":{"x":21270,"y":-2405}},{"id":"coin","texture":"pick_up","anchor":{"x":0.5,"y":0.5},"scale":{"x":1,"y":1},"rotation":0,"depth":0,"data":"","position":{"x":21542,"y":-2348}},{"id":"coin","texture":"pick_up","anchor":{"x":0.5,"y":0.5},"scale":{"x":1,"y":1},"rotation":0,"depth":0,"data":"","position":{"x":21792,"y":-2284}},{"id":"coin","texture":"pick_up","anchor":{"x":0.5,"y":0.5},"scale":{"x":1,"y":1},"rotation":0,"depth":0,"data":"","position":{"x":15657,"y":-2212}},{"id":"coin","texture":"pick_up","anchor":{"x":0.5,"y":0.5},"scale":{"x":1,"y":1},"rotation":0,"depth":0,"data":"","position":{"x":15850,"y":-2334}},{"id":"coin","texture":"pick_up","anchor":{"x":0.5,"y":0.5},"scale":{"x":1,"y":1},"rotation":0,"depth":0,"data":"","position":{"x":16086,"y":-2348}},{"id":"coin","texture":"pick_up","anchor":{"x":0.5,"y":0.5},"scale":{"x":1,"y":1},"rotation":0,"depth":0,"data":"","position":{"x":12986,"y":-1812}},{"id":"coin","texture":"pick_up","anchor":{"x":0.5,"y":0.5},"scale":{"x":1,"y":1},"rotation":0,"depth":0,"data":"","position":{"x":13508,"y":-1405}},{"id":"coin","texture":"pick_up","anchor":{"x":0.5,"y":0.5},"scale":{"x":1,"y":1},"rotation":0,"depth":0,"data":"","position":{"x":13408,"y":-1641}},{"id":"coin","texture":"pick_up","anchor":{"x":0.5,"y":0.5},"scale":{"x":1,"y":1},"rotation":0,"depth":0,"data":"","position":{"x":13222,"y":-1805}},{"id":"key_red","texture":"key_red_radial","anchor":{"x":0.5,"y":0.5},"scale":{"x":1,"y":1},"rotation":0,"depth":0,"data":"","position":{"x":11315,"y":-3091}},{"id":"coin","texture":"pick_up","anchor":{"x":0.5,"y":0.5},"scale":{"x":1,"y":1},"rotation":0,"depth":0,"data":"","position":{"x":29733,"y":-1926}},{"id":"coin","texture":"pick_up","anchor":{"x":0.5,"y":0.5},"scale":{"x":1,"y":1},"rotation":0,"depth":0,"data":"","position":{"x":29804,"y":-2048}},{"id":"coin","texture":"pick_up","anchor":{"x":0.5,"y":0.5},"scale":{"x":1,"y":1},"rotation":0,"depth":0,"data":"","position":{"x":29876,"y":-1926}},{"id":"coin","texture":"pick_up","anchor":{"x":0.5,"y":0.5},"scale":{"x":1,"y":1},"rotation":0,"depth":0,"data":"","position":{"x":31233,"y":-2119}},{"id":"coin","texture":"pick_up","anchor":{"x":0.5,"y":0.5},"scale":{"x":1,"y":1},"rotation":0,"depth":0,"data":"","position":{"x":31404,"y":-2119}},{"id":"coin","texture":"pick_up","anchor":{"x":0.5,"y":0.5},"scale":{"x":1,"y":1},"rotation":0,"depth":0,"data":"","position":{"x":31575,"y":-2119}},{"id":"coin","texture":"pick_up","anchor":{"x":0.5,"y":0.5},"scale":{"x":1,"y":1},"rotation":0,"depth":0,"data":"","position":{"x":34968,"y":-2298}},{"id":"coin","texture":"pick_up","anchor":{"x":0.5,"y":0.5},"scale":{"x":1,"y":1},"rotation":0,"depth":0,"data":"","position":{"x":35203,"y":-2441}},{"id":"coin","texture":"pick_up","anchor":{"x":0.5,"y":0.5},"scale":{"x":1,"y":1},"rotation":0,"depth":0,"data":"","position":{"x":35482,"y":-2541}},{"id":"coin","texture":"pick_up","anchor":{"x":0.5,"y":0.5},"scale":{"x":1,"y":1},"rotation":0,"depth":0,"data":"","position":{"x":39360,"y":-2884}},{"id":"coin","texture":"pick_up","anchor":{"x":0.5,"y":0.5},"scale":{"x":1,"y":1},"rotation":0,"depth":0,"data":"","position":{"x":39688,"y":-2898}},{"id":"coin","texture":"pick_up","anchor":{"x":0.5,"y":0.5},"scale":{"x":1,"y":1},"rotation":0,"depth":0,"data":"","position":{"x":40002,"y":-2898}},{"id":"coin","texture":"pick_up","anchor":{"x":0.5,"y":0.5},"scale":{"x":1,"y":1},"rotation":0,"depth":0,"data":"","position":{"x":40295,"y":-2919}},{"id":"coin","texture":"pick_up","anchor":{"x":0.5,"y":0.5},"scale":{"x":1,"y":1},"rotation":0,"depth":0,"data":"","position":{"x":18572,"y":-2525}},{"id":"coin","texture":"pick_up","anchor":{"x":0.5,"y":0.5},"scale":{"x":1,"y":1},"rotation":0,"depth":0,"data":"","position":{"x":18853,"y":-2520}},{"id":"coin","texture":"pick_up","anchor":{"x":0.5,"y":0.5},"scale":{"x":1,"y":1},"rotation":0,"depth":0,"data":"","position":{"x":19120,"y":-2511}},{"id":"coin","texture":"pick_up","anchor":{"x":0.5,"y":0.5},"scale":{"x":1,"y":1},"rotation":0,"depth":0,"data":"","position":{"x":23723,"y":-2649}},{"id":"coin","texture":"pick_up","anchor":{"x":0.5,"y":0.5},"scale":{"x":1,"y":1},"rotation":0,"depth":0,"data":"","position":{"x":24019,"y":-2940}},{"id":"coin","texture":"pick_up","anchor":{"x":0.5,"y":0.5},"scale":{"x":1,"y":1},"rotation":0,"depth":0,"data":"","position":{"x":24352,"y":-3154}},{"id":"coin","texture":"pick_up","anchor":{"x":0.5,"y":0.5},"scale":{"x":1,"y":1},"rotation":0,"depth":0,"data":"","position":{"x":25342,"y":-3144}},{"id":"coin","texture":"pick_up","anchor":{"x":0.5,"y":0.5},"scale":{"x":1,"y":1},"rotation":0,"depth":0,"data":"","position":{"x":25675,"y":-2973}},{"id":"coin","texture":"pick_up","anchor":{"x":0.5,"y":0.5},"scale":{"x":1,"y":1},"rotation":0,"depth":0,"data":"","position":{"x":25956,"y":-2801}},{"id":"coin","texture":"pick_up","anchor":{"x":0.5,"y":0.5},"scale":{"x":1,"y":1},"rotation":0,"depth":0,"data":"","position":{"x":26604,"y":-2773}},{"id":"coin","texture":"pick_up","anchor":{"x":0.5,"y":0.5},"scale":{"x":1,"y":1},"rotation":0,"depth":0,"data":"","position":{"x":26908,"y":-2882}},{"id":"coin","texture":"pick_up","anchor":{"x":0.5,"y":0.5},"scale":{"x":1,"y":1},"rotation":0,"depth":0,"data":"","position":{"x":27604,"y":-2754}},{"id":"coin","texture":"pick_up","anchor":{"x":0.5,"y":0.5},"scale":{"x":1,"y":1},"rotation":0,"depth":0,"data":"","position":{"x":27989,"y":-2549}},{"id":"coin","texture":"pick_up","anchor":{"x":0.5,"y":0.5},"scale":{"x":1,"y":1},"rotation":0,"depth":0,"data":"","position":{"x":16567,"y":-1639}},{"id":"coin","texture":"pick_up","anchor":{"x":0.5,"y":0.5},"scale":{"x":1,"y":1},"rotation":0,"depth":0,"data":"","position":{"x":16694,"y":-1631}},{"id":"coin","texture":"pick_up","anchor":{"x":0.5,"y":0.5},"scale":{"x":1,"y":1},"rotation":0,"depth":0,"data":"","position":{"x":16635,"y":-1746}},{"id":"coin","texture":"pick_up","anchor":{"x":0.5,"y":0.5},"scale":{"x":1,"y":1},"rotation":0,"depth":0,"data":"","position":{"x":18195,"y":-1288}},{"id":"coin","texture":"pick_up","anchor":{"x":0.5,"y":0.5},"scale":{"x":1,"y":1},"rotation":0,"depth":0,"data":"","position":{"x":18445,"y":-1217}},{"id":"coin","texture":"pick_up","anchor":{"x":0.5,"y":0.5},"scale":{"x":1,"y":1},"rotation":0,"depth":0,"data":"","position":{"x":18702,"y":-1174}},{"id":"coin","texture":"pick_up","anchor":{"x":0.5,"y":0.5},"scale":{"x":1,"y":1},"rotation":0,"depth":0,"data":"","position":{"x":19352,"y":-1224}},{"id":"coin","texture":"pick_up","anchor":{"x":0.5,"y":0.5},"scale":{"x":1,"y":1},"rotation":0,"depth":0,"data":"","position":{"x":19580,"y":-1281}},{"id":"coin","texture":"pick_up","anchor":{"x":0.5,"y":0.5},"scale":{"x":1,"y":1},"rotation":0,"depth":0,"data":"","position":{"x":19795,"y":-1352}},{"id":"coin","texture":"pick_up","anchor":{"x":0.5,"y":0.5},"scale":{"x":1,"y":1},"rotation":0,"depth":0,"data":"","position":{"x":22344,"y":-1695}},{"id":"coin","texture":"pick_up","anchor":{"x":0.5,"y":0.5},"scale":{"x":1,"y":1},"rotation":0,"depth":0,"data":"","position":{"x":22623,"y":-1695}},{"id":"coin","texture":"pick_up","anchor":{"x":0.5,"y":0.5},"scale":{"x":1,"y":1},"rotation":0,"depth":0,"data":"","position":{"x":22901,"y":-1674}},{"id":"coin","texture":"pick_up","anchor":{"x":0.5,"y":0.5},"scale":{"x":1,"y":1},"rotation":0,"depth":0,"data":"","position":{"x":34713,"y":-2203}},{"id":"coin","texture":"pick_up","anchor":{"x":0.5,"y":0.5},"scale":{"x":1,"y":1},"rotation":0,"depth":0,"data":"","position":{"x":37048,"y":-2667}},{"id":"coin","texture":"pick_up","anchor":{"x":0.5,"y":0.5},"scale":{"x":1,"y":1},"rotation":0,"depth":0,"data":"","position":{"x":37241,"y":-2817}},{"id":"coin","texture":"pick_up","anchor":{"x":0.5,"y":0.5},"scale":{"x":1,"y":1},"rotation":0,"depth":0,"data":"","position":{"x":37812,"y":-2831}},{"id":"coin","texture":"pick_up","anchor":{"x":0.5,"y":0.5},"scale":{"x":1,"y":1},"rotation":0,"depth":0,"data":"","position":{"x":38041,"y":-2717}},{"id":"coin","texture":"pick_up","anchor":{"x":0.5,"y":0.5},"scale":{"x":1,"y":1},"rotation":0,"depth":0,"data":"","position":{"x":11946,"y":-2867}},{"id":"coin","texture":"pick_up","anchor":{"x":0.5,"y":0.5},"scale":{"x":1,"y":1},"rotation":0,"depth":0,"data":"","position":{"x":12182,"y":-2710}},{"id":"coin","texture":"pick_up","anchor":{"x":0.5,"y":0.5},"scale":{"x":1,"y":1},"rotation":0,"depth":0,"data":"","position":{"x":12389,"y":-2510}},{"id":"coin","texture":"pick_up","anchor":{"x":0.5,"y":0.5},"scale":{"x":1,"y":1},"rotation":0,"depth":0,"data":"","position":{"x":14467,"y":-3031}},{"id":"coin","texture":"pick_up","anchor":{"x":0.5,"y":0.5},"scale":{"x":1,"y":1},"rotation":0,"depth":0,"data":"","position":{"x":14724,"y":-2924}},{"id":"coin","texture":"pick_up","anchor":{"x":0.5,"y":0.5},"scale":{"x":1,"y":1},"rotation":0,"depth":0,"data":"","position":{"x":14981,"y":-2746}}]}],"length":40853}