{"name":"heatblast1","layers":[{"name":"beauty","depth":-3,"paths":[],"objects":[{"id":"cactus02_01","texture":"theme_001_scenery_cacti_002","anchor":{"x":0.5,"y":1},"scale":{"x":1,"y":1},"rotation":0,"depth":0,"data":"","position":{"x":1541,"y":421}},{"id":"cactus01_01","texture":"theme_001_scenery_cacti_001","anchor":{"x":0.5,"y":1},"scale":{"x":1.3,"y":1.3},"rotation":4,"depth":0,"data":"","position":{"x":2185,"y":230}},{"id":"rock06_01","texture":"theme_001_scenery_rock_003","anchor":{"x":0.5,"y":1},"scale":{"x":1,"y":1},"rotation":1,"depth":0,"data":"","position":{"x":4099,"y":285}},{"id":"cactus02_01","texture":"theme_001_scenery_cacti_002","anchor":{"x":0.5,"y":1},"scale":{"x":1.3,"y":1.3},"rotation":8,"depth":0,"data":"","position":{"x":8224,"y":-117}},{"id":"cactus01_01","texture":"theme_001_scenery_cacti_001","anchor":{"x":0.5,"y":1},"scale":{"x":1.1,"y":1.1},"rotation":1,"depth":-3,"data":"","position":{"x":3713,"y":-1000}},{"id":"cactus02_01","texture":"theme_001_scenery_cacti_002","anchor":{"x":0.5,"y":1},"scale":{"x":1.3,"y":1.3},"rotation":-10,"depth":0,"data":"","position":{"x":3477,"y":-1015}},{"id":"rock04_01","texture":"theme_001_scenery_rock_001","anchor":{"x":0.5,"y":1},"scale":{"x":1,"y":1},"rotation":0,"depth":0,"data":"","position":{"x":3422,"y":10}},{"id":"rock07_01","texture":"theme_001_scenery_rock_004","anchor":{"x":0.5,"y":1},"scale":{"x":1,"y":1},"rotation":0,"depth":1,"data":"","position":{"x":8098,"y":-107}},{"id":"rock08_01","texture":"theme_001_scenery_rock_005","anchor":{"x":0.5,"y":1},"scale":{"x":1,"y":1},"rotation":6,"depth":0,"data":"","position":{"x":6357,"y":-460}},{"id":"rock09_01","texture":"theme_001_scenery_rock_006","anchor":{"x":0.5,"y":1},"scale":{"x":1,"y":1},"rotation":0,"depth":0,"data":"","position":{"x":6046,"y":-453}},{"id":"barrel01_01","texture":"theme_001_scenery_barrel_001","anchor":{"x":0.5,"y":1},"scale":{"x":1,"y":1},"rotation":-14,"depth":0,"data":"","position":{"x":1863,"y":399}},{"id":"rock06_01","texture":"theme_001_scenery_rock_003","anchor":{"x":0.5,"y":1},"scale":{"x":1,"y":1},"rotation":8,"depth":0,"data":"","position":{"x":-1518,"y":-578}},{"id":"rock05_01","texture":"theme_001_scenery_rock_002","anchor":{"x":0.5,"y":1},"scale":{"x":0.6,"y":0.6},"rotation":6,"depth":0,"data":"","position":{"x":5613,"y":1072}},{"id":"skull_01","texture":"theme_001_scenery_skull","anchor":{"x":0.5,"y":1},"scale":{"x":1,"y":1},"rotation":0,"depth":0,"data":"","position":{"x":5488,"y":488}},{"id":"rock05_01","texture":"theme_001_scenery_rock_002","anchor":{"x":0.5,"y":1},"scale":{"x":1,"y":1},"rotation":0,"depth":0,"data":"","position":{"x":-1328,"y":-564}},{"id":"rock04_01","texture":"theme_001_scenery_rock_001","anchor":{"x":0.5,"y":1},"scale":{"x":1,"y":1},"rotation":0,"depth":0,"data":"","position":{"x":6611,"y":188}},{"id":"rock07_01","texture":"theme_001_scenery_rock_004","anchor":{"x":0.5,"y":1},"scale":{"x":1,"y":1},"rotation":35,"depth":0,"data":"","position":{"x":242,"y":188}},{"id":"rock05_01","texture":"theme_001_scenery_rock_002","anchor":{"x":0.5,"y":1},"scale":{"x":1,"y":1},"rotation":0,"depth":0,"data":"","position":{"x":-802,"y":59}},{"id":"rock08_01","texture":"theme_001_scenery_rock_005","anchor":{"x":0.5,"y":1},"scale":{"x":1,"y":1},"rotation":0,"depth":0,"data":"","position":{"x":2867,"y":173}},{"id":"rock08_01","texture":"theme_001_scenery_rock_005","anchor":{"x":0.5,"y":1},"scale":{"x":1,"y":1},"rotation":0,"depth":0,"data":"","position":{"x":1055,"y":63}},{"id":"cactus02_01","texture":"theme_001_scenery_cacti_002","anchor":{"x":0.5,"y":1},"scale":{"x":1.4,"y":1.4},"rotation":0,"depth":-1,"data":"","position":{"x":-1303,"y":-582}},{"id":"cactus01_01","texture":"theme_001_scenery_cacti_001","anchor":{"x":0.5,"y":1},"scale":{"x":1,"y":1},"rotation":-1,"depth":0,"data":"","position":{"x":-978,"y":-560}},{"id":"cactus01_01","texture":"theme_001_scenery_cacti_001","anchor":{"x":0.5,"y":1},"scale":{"x":1,"y":1},"rotation":1,"depth":-1,"data":"","position":{"x":2904,"y":152}},{"id":"cactus02_01","texture":"theme_001_scenery_cacti_002","anchor":{"x":0.5,"y":1},"scale":{"x":1,"y":1},"rotation":-10,"depth":0,"data":"","position":{"x":6862,"y":-418}},{"id":"barrel03_01","texture":"theme_001_scenery_barrel_003","anchor":{"x":0.5,"y":1},"scale":{"x":1,"y":1},"rotation":-12,"depth":-1,"data":"","position":{"x":5559,"y":1054}},{"id":"barrel03_01","texture":"theme_001_scenery_barrel_003","anchor":{"x":0.5,"y":1},"scale":{"x":1.2,"y":1.2},"rotation":4,"depth":-1,"data":"","position":{"x":1920,"y":385}},{"id":"skull_01","texture":"theme_001_scenery_skull","anchor":{"x":0.5,"y":1},"scale":{"x":1,"y":1},"rotation":0,"depth":1,"data":"","position":{"x":-681,"y":48}},{"id":"rock04_01","texture":"theme_001_scenery_rock_001","anchor":{"x":0.5,"y":1},"scale":{"x":1,"y":1},"rotation":0,"depth":-1,"data":"","position":{"x":1785,"y":424}},{"id":"rock05_01","texture":"theme_001_scenery_rock_002","anchor":{"x":0.5,"y":1},"scale":{"x":1,"y":1},"rotation":0,"depth":1,"data":"","position":{"x":3459,"y":-993}},{"id":"rock09_01","texture":"theme_001_scenery_rock_006","anchor":{"x":0.5,"y":1},"scale":{"x":1,"y":1},"rotation":10,"depth":0,"data":"","position":{"x":5831,"y":-768}},{"id":"rock04_01","texture":"theme_001_scenery_rock_001","anchor":{"x":0.5,"y":1},"scale":{"x":1,"y":1},"rotation":0,"depth":0,"data":"","position":{"x":5087,"y":-990}},{"id":"barrel01_01","texture":"theme_001_scenery_barrel_001","anchor":{"x":0.5,"y":1},"scale":{"x":1,"y":1},"rotation":19,"depth":1,"data":"","position":{"x":6082,"y":-460}},{"id":"barrel02_01","texture":"theme_001_scenery_barrel_002","anchor":{"x":0.5,"y":1},"scale":{"x":1,"y":1},"rotation":-5,"depth":-1,"data":"","position":{"x":3960,"y":267}},{"id":"rock06_01","texture":"theme_001_scenery_rock_003","anchor":{"x":0.5,"y":1},"scale":{"x":1.2,"y":1.2},"rotation":10,"depth":-2,"data":"","position":{"x":3606,"y":-986}},{"id":"rock04_01","texture":"theme_001_scenery_rock_001","anchor":{"x":0.5,"y":1},"scale":{"x":1,"y":1},"rotation":0,"depth":0,"data":"","position":{"x":3824,"y":-986}},{"id":"cactus02_01","texture":"theme_001_scenery_cacti_002","anchor":{"x":0.5,"y":1},"scale":{"x":1.2,"y":1.2},"rotation":-10,"depth":0,"data":"","position":{"x":3739,"y":263}},{"id":"cactus02_01","texture":"theme_001_scenery_cacti_002","anchor":{"x":0.5,"y":1},"scale":{"x":1,"y":1},"rotation":6,"depth":0,"data":"","position":{"x":9441,"y":-100}},{"id":"cactus01_01","texture":"theme_001_scenery_cacti_001","anchor":{"x":0.5,"y":1},"scale":{"x":1,"y":1},"rotation":13,"depth":0,"data":"","position":{"x":9884,"y":123}},{"id":"rock04_01","texture":"theme_001_scenery_rock_001","anchor":{"x":0.5,"y":1},"scale":{"x":1,"y":1},"rotation":15,"depth":0,"data":"","position":{"x":9839,"y":117}}]},{"name":"obstacles","depth":-2,"paths":[],"objects":[{"id":"gate_red01","texture":"theme_001_obstacle_gate_red_back","anchor":{"x":0.5,"y":1},"scale":{"x":1,"y":1},"rotation":0,"depth":0,"data":"","position":{"x":8955,"y":-116}},{"id":"level_gameover","texture":"level_gameover","anchor":{"x":0.5,"y":0.5},"scale":{"x":7,"y":7},"rotation":0,"depth":0,"data":"","position":{"x":9418,"y":788}},{"id":"level_gameover","texture":"level_gameover","anchor":{"x":0.5,"y":0.5},"scale":{"x":7,"y":7},"rotation":0,"depth":0,"data":"","position":{"x":6728,"y":788}},{"id":"level_gameover","texture":"level_gameover","anchor":{"x":0.5,"y":0.5},"scale":{"x":7,"y":7},"rotation":0,"depth":0,"data":"","position":{"x":7623,"y":788}},{"id":"level_gameover","texture":"level_gameover","anchor":{"x":0.5,"y":0.5},"scale":{"x":7,"y":7},"rotation":0,"depth":0,"data":"","position":{"x":8518,"y":788}},{"id":"finish_01","texture":"theme_001_obstacle_finish","anchor":{"x":0.5,"y":1},"scale":{"x":1,"y":1},"rotation":0,"depth":0,"data":"","position":{"x":4464,"y":-1004}},{"id":"level_gameover","texture":"level_gameover","anchor":{"x":0.5,"y":0.5},"scale":{"x":7,"y":7},"rotation":0,"depth":0,"data":"","position":{"x":10317,"y":788}},{"id":"level_gameover","texture":"level_gameover","anchor":{"x":0.5,"y":0.5},"scale":{"x":6,"y":6},"rotation":0,"depth":0,"data":"","position":{"x":2704,"y":829}},{"id":"level_gameover","texture":"level_gameover","anchor":{"x":0.5,"y":0.5},"scale":{"x":6,"y":6},"rotation":0,"depth":0,"data":"","position":{"x":3472,"y":829}},{"id":"level_gameover","texture":"level_gameover","anchor":{"x":0.5,"y":0.5},"scale":{"x":6,"y":6},"rotation":0,"depth":0,"data":"","position":{"x":955,"y":945}},{"id":"hint","texture":"hint","anchor":{"x":0.5,"y":0.5},"scale":{"x":5,"y":5},"rotation":0,"depth":0,"data":"{ \"id\" : \"heatblast\" }","position":{"x":783,"y":-20}}]},{"name":"platforms","depth":0,"paths":[{"closed":false,"depth":0,"collisions":1,"texFill":"theme_01_fill","texGround":"theme_01_ground","texGroundEdge":"theme_01_ground_edge","texWall":"theme_01_wall","texFillPadding":64,"texFillSize":256,"texGroundSize":160,"texGroundDelta":0.3,"texWallSize":160,"texWallDelta":0.1,"texWallAngle":64,"texGroundEdgeSide":"","data":"","points":[{"x":-2384,"y":-752},{"x":-2368,"y":-752},{"x":-1296,"y":-512},{"x":-880,"y":-576},{"x":-880,"y":-432},{"x":-880,"y":-128},{"x":-880,"y":48},{"x":-640,"y":48},{"x":-528,"y":32},{"x":-352,"y":48},{"x":-32,"y":64},{"x":512,"y":288},{"x":816,"y":288},{"x":816,"y":416},{"x":832,"y":1712},{"x":832,"y":1760}],"bounds":[-2384,832]},{"closed":true,"depth":0,"collisions":1,"texFill":"theme_01_fill","texGround":"theme_01_ground","texGroundEdge":"theme_01_ground_edge","texWall":"theme_01_wall","texFillPadding":512,"texFillSize":256,"texGroundSize":160,"texGroundDelta":0.3,"texWallSize":160,"texWallDelta":0.1,"texWallAngle":70,"texGroundEdgeSide":"","data":"","points":[{"x":1088,"y":64},{"x":1216,"y":64},{"x":1216,"y":64},{"x":1344,"y":64},{"x":1312,"y":64},{"x":1328,"y":176},{"x":1312,"y":176},{"x":1280,"y":176},{"x":1280,"y":192},{"x":1248,"y":192},{"x":1200,"y":192},{"x":1200,"y":176},{"x":1152,"y":176},{"x":1120,"y":176},{"x":1120,"y":112},{"x":1104,"y":80}],"bounds":[1088,1344]},{"closed":false,"depth":0,"collisions":1,"texFill":"theme_01_fill","texGround":"theme_01_ground","texGroundEdge":"theme_01_ground_edge","texWall":"theme_01_wall","texFillPadding":128,"texFillSize":256,"texGroundSize":160,"texGroundDelta":0.3,"texWallSize":160,"texWallDelta":0.1,"texWallAngle":70,"texGroundEdgeSide":"","data":"","points":[{"x":1104,"y":1728},{"x":1120,"y":1408},{"x":1120,"y":544},{"x":1120,"y":448},{"x":1424,"y":448},{"x":1408,"y":416},{"x":1728,"y":416},{"x":1984,"y":432},{"x":2064,"y":192},{"x":2304,"y":208},{"x":2304,"y":320},{"x":2304,"y":1568},{"x":2304,"y":1616}],"bounds":[1104,2304]},{"closed":true,"depth":0,"collisions":1,"texFill":"theme_01_fill","texGround":"theme_01_ground","texGroundEdge":"theme_01_ground_edge","texWall":"theme_01_wall","texFillPadding":512,"texFillSize":256,"texGroundSize":160,"texGroundDelta":0.3,"texWallSize":160,"texWallDelta":0.1,"texWallAngle":70,"texGroundEdgeSide":"","data":"","points":[{"x":2576,"y":192},{"x":2592,"y":192},{"x":2736,"y":192},{"x":2800,"y":192},{"x":2864,"y":192},{"x":2928,"y":112},{"x":2976,"y":96},{"x":3040,"y":352},{"x":2752,"y":400},{"x":2672,"y":304},{"x":2592,"y":304},{"x":2656,"y":240},{"x":2592,"y":240}],"bounds":[2576,3040]},{"closed":true,"depth":0,"collisions":1,"texFill":"theme_01_fill","texGround":"theme_01_ground","texGroundEdge":"theme_01_ground_edge","texWall":"theme_01_wall","texFillPadding":512,"texFillSize":256,"texGroundSize":160,"texGroundDelta":0.3,"texWallSize":160,"texWallDelta":0.1,"texWallAngle":70,"texGroundEdgeSide":"","data":"","points":[{"x":3264,"y":0},{"x":3456,"y":0},{"x":3376,"y":0},{"x":3552,"y":0},{"x":3552,"y":0},{"x":3584,"y":144},{"x":3536,"y":160},{"x":3488,"y":176},{"x":3504,"y":208},{"x":3456,"y":208},{"x":3424,"y":208},{"x":3408,"y":272},{"x":3360,"y":272},{"x":3296,"y":272},{"x":3312,"y":208},{"x":3280,"y":176},{"x":3232,"y":160},{"x":3280,"y":32},{"x":3264,"y":32}],"bounds":[3232,3584]},{"closed":true,"depth":0,"collisions":1,"texFill":"theme_01_fill","texGround":"theme_01_ground","texGroundEdge":"theme_01_ground_edge","texWall":"theme_01_wall","texFillPadding":512,"texFillSize":256,"texGroundSize":160,"texGroundDelta":0.35,"texWallSize":160,"texWallDelta":0.1,"texWallAngle":70,"texGroundEdgeSide":"","data":"","points":[{"x":3264,"y":-992},{"x":3488,"y":-992},{"x":5200,"y":-992},{"x":5440,"y":-992},{"x":5632,"y":-992},{"x":5728,"y":-752},{"x":5904,"y":-752},{"x":6048,"y":-848},{"x":6016,"y":-368},{"x":6000,"y":-448},{"x":6096,"y":-448},{"x":6256,"y":-448},{"x":6352,"y":-448},{"x":6320,"y":-448},{"x":6352,"y":-352},{"x":6288,"y":-352},{"x":6160,"y":-336},{"x":6160,"y":-256},{"x":5920,"y":-272},{"x":5712,"y":-272},{"x":5680,"y":-368},{"x":5472,"y":-368},{"x":5296,"y":-368},{"x":5296,"y":-592},{"x":5120,"y":-592},{"x":5040,"y":-592},{"x":5040,"y":-752},{"x":4960,"y":-752},{"x":4864,"y":-672},{"x":4496,"y":-752},{"x":4480,"y":-752},{"x":4432,"y":-752},{"x":4208,"y":-688},{"x":4144,"y":-688},{"x":3936,"y":-688},{"x":3344,"y":-560},{"x":3280,"y":-816},{"x":3264,"y":-816},{"x":3264,"y":-960},{"x":3232,"y":-960}],"bounds":[3232,6352]},{"closed":false,"depth":0,"collisions":1,"texFill":"theme_01_fill","texGround":"theme_01_ground","texGroundEdge":"theme_01_ground_edge","texWall":"theme_01_wall","texFillPadding":128,"texFillSize":256,"texGroundSize":160,"texGroundDelta":0.35,"texWallSize":160,"texWallDelta":0.1,"texWallAngle":70,"texGroundEdgeSide":"","data":"","points":[{"x":3744,"y":1696},{"x":3760,"y":1472},{"x":3744,"y":272},{"x":3744,"y":272},{"x":3952,"y":272},{"x":3904,"y":272},{"x":4144,"y":272},{"x":4912,"y":272},{"x":5008,"y":1088},{"x":5776,"y":1088},{"x":5776,"y":1232},{"x":5776,"y":368},{"x":5776,"y":464},{"x":5888,"y":448},{"x":6048,"y":176},{"x":6272,"y":192},{"x":6272,"y":272},{"x":6272,"y":1456},{"x":6272,"y":1488}],"bounds":[3744,6272]},{"closed":true,"depth":0,"collisions":1,"texFill":"theme_01_fill","texGround":"theme_01_ground","texGroundEdge":"theme_01_ground_edge","texWall":"theme_01_wall","texFillPadding":512,"texFillSize":256,"texGroundSize":160,"texGroundDelta":0.35,"texWallSize":160,"texWallDelta":0.1,"texWallAngle":70,"texGroundEdgeSide":"","data":"","points":[{"x":5264,"y":496},{"x":5392,"y":496},{"x":5392,"y":496},{"x":5504,"y":496}],"bounds":[5264,5504]},{"closed":true,"depth":0,"collisions":1,"texFill":"theme_01_fill","texGround":"theme_01_ground","texGroundEdge":"theme_01_ground_edge","texWall":"theme_01_wall","texFillPadding":512,"texFillSize":256,"texGroundSize":160,"texGroundDelta":0.3,"texWallSize":160,"texWallDelta":0.1,"texWallAngle":70,"texGroundEdgeSide":"","data":"","points":[{"x":6560,"y":176},{"x":6736,"y":176},{"x":6816,"y":176},{"x":6992,"y":176}],"bounds":[6560,6992]},{"closed":true,"depth":0,"collisions":2,"texFill":"theme_01_fill","texGround":"theme_01_ground","texGroundEdge":"theme_01_ground_edge","texWall":"theme_01_wall","texFillPadding":512,"texFillSize":256,"texGroundSize":160,"texGroundDelta":0.3,"texWallSize":160,"texWallDelta":0.1,"texWallAngle":70,"texGroundEdgeSide":"","data":"","points":[{"x":6640,"y":-400},{"x":7168,"y":-400},{"x":7472,"y":-640},{"x":7808,"y":-384},{"x":7760,"y":-304},{"x":7744,"y":-320},{"x":7712,"y":-304},{"x":7520,"y":-352},{"x":7408,"y":-400},{"x":7344,"y":-352},{"x":7296,"y":-352},{"x":7248,"y":-384},{"x":7200,"y":-384},{"x":7072,"y":-384},{"x":7056,"y":-304},{"x":6928,"y":-304},{"x":6896,"y":-304},{"x":6752,"y":-320},{"x":6736,"y":-320},{"x":6704,"y":-336},{"x":6656,"y":-384},{"x":6640,"y":-384}],"bounds":[6640,7808]},{"closed":true,"depth":0,"collisions":1,"texFill":"theme_01_fill","texGround":"theme_01_ground","texGroundEdge":"theme_01_ground_edge","texWall":"theme_01_wall","texFillPadding":512,"texFillSize":256,"texGroundSize":160,"texGroundDelta":0.3,"texWallSize":160,"texWallDelta":0.1,"texWallAngle":70,"texGroundEdgeSide":"","data":"","points":[{"x":7248,"y":64},{"x":7328,"y":64},{"x":7456,"y":-96},{"x":7680,"y":-112},{"x":7792,"y":-112},{"x":8096,"y":-112},{"x":8208,"y":-112}],"bounds":[7248,8208]},{"closed":true,"depth":0,"collisions":1,"texFill":"theme_01_fill","texGround":"theme_01_ground","texGroundEdge":"theme_01_ground_edge","texWall":"theme_01_wall","texFillPadding":512,"texFillSize":256,"texGroundSize":160,"texGroundDelta":0.3,"texWallSize":160,"texWallDelta":0.2,"texWallAngle":70,"texGroundEdgeSide":"","data":"","points":[{"x":8592,"y":-112},{"x":9056,"y":-112},{"x":8960,"y":-112},{"x":9360,"y":-112},{"x":9680,"y":-112},{"x":9632,"y":80},{"x":9920,"y":128},{"x":9936,"y":272},{"x":9760,"y":288},{"x":9520,"y":176},{"x":9200,"y":176},{"x":9248,"y":48},{"x":9120,"y":48},{"x":8944,"y":48},{"x":8912,"y":16},{"x":8736,"y":16},{"x":8688,"y":16},{"x":8672,"y":-48},{"x":8624,"y":-80}],"bounds":[8592,9936]}],"objects":[]},{"name":"enemies","depth":1,"paths":[],"objects":[{"id":"maggot_01","texture":"maggot_01","anchor":{"x":0.5,"y":1},"scale":{"x":1,"y":1},"rotation":0,"depth":0,"data":"{ \"left\": 100, \"right\": 100, \"orientation\": \"left\" }","position":{"x":1154,"y":64}},{"id":"level_end","texture":"level_end","anchor":{"x":0.5,"y":0.5},"scale":{"x":3.4,"y":3.4},"rotation":0,"depth":0,"data":"","position":{"x":4074,"y":-1228}},{"id":"maggot_01","texture":"maggot_01","anchor":{"x":0.5,"y":1},"scale":{"x":1,"y":1},"rotation":0,"depth":0,"data":"{ \"left\": 80, \"right\": 80, \"fireRate\" : 2, \"fireRateVariability\" : 60 }","position":{"x":5392,"y":488}},{"id":"maggot_01","texture":"maggot_01","anchor":{"x":0.5,"y":1},"scale":{"x":1,"y":1},"rotation":0,"depth":0,"data":"{ \"left\": 80, \"right\": 80, \"orientation\": \"right\" }","position":{"x":6215,"y":-462}},{"id":"maggot_01","texture":"maggot_01","anchor":{"x":0.5,"y":1},"scale":{"x":1,"y":1},"rotation":0,"depth":0,"data":"{ \"left\": 100, \"right\": 80, \"orientation\": \"left\" }","position":{"x":2691,"y":190}},{"id":"maggot_01","texture":"maggot_01","anchor":{"x":0.5,"y":1},"scale":{"x":1,"y":1},"rotation":0,"depth":0,"data":"{ \"left\": 10, \"right\": 160, \"orientation\": \"left\" }","position":{"x":7756,"y":-116}},{"id":"maggot_01","texture":"maggot_01","anchor":{"x":0.5,"y":1},"scale":{"x":1,"y":1},"rotation":0,"depth":0,"data":"{ \"left\": 100, \"right\": 200, \"orientation\": \"left\" }","position":{"x":6684,"y":172}},{"id":"maggot_01","texture":"maggot_01","anchor":{"x":0.5,"y":1},"scale":{"x":1,"y":1},"rotation":0,"depth":0,"data":"{ \"left\": 160, \"right\": 10, \"fireRate\" : 1, \"fireRateVariability\" : 60 }","position":{"x":8037,"y":-113}},{"id":"maggot_01","texture":"maggot_01","anchor":{"x":0.5,"y":1},"scale":{"x":1,"y":1},"rotation":0,"depth":0,"data":"{ \"left\": 500, \"right\": 100, \"fireRate\" : 1, \"fireRateVariability\" : 60 }","position":{"x":5271,"y":-1008}},{"id":"spike02_01","texture":"theme_001_obstacle_spike_large_off","anchor":{"x":0.5,"y":1},"scale":{"x":1,"y":1},"rotation":0,"depth":0,"data":"","position":{"x":-479,"y":39}}]},{"name":"pickups","depth":2,"paths":[],"objects":[{"id":"coin","texture":"pick_up","anchor":{"x":0.5,"y":0.5},"scale":{"x":1,"y":1},"rotation":0,"depth":0,"data":"","position":{"x":5402,"y":-1111}},{"id":"coin","texture":"pick_up","anchor":{"x":0.5,"y":0.5},"scale":{"x":1,"y":1},"rotation":0,"depth":0,"data":"","position":{"x":5023,"y":565}},{"id":"coin","texture":"pick_up","anchor":{"x":0.5,"y":0.5},"scale":{"x":1,"y":1},"rotation":0,"depth":0,"data":"","position":{"x":751,"y":175}},{"id":"coin","texture":"pick_up","anchor":{"x":0.5,"y":0.5},"scale":{"x":1,"y":1},"rotation":0,"depth":0,"data":"","position":{"x":1378,"y":336}},{"id":"coin","texture":"pick_up","anchor":{"x":0.5,"y":0.5},"scale":{"x":1,"y":1},"rotation":0,"depth":0,"data":"","position":{"x":1207,"y":347}},{"id":"coin","texture":"pick_up","anchor":{"x":0.5,"y":0.5},"scale":{"x":1,"y":1},"rotation":0,"depth":0,"data":"","position":{"x":1877,"y":266}},{"id":"coin","texture":"pick_up","anchor":{"x":0.5,"y":0.5},"scale":{"x":1,"y":1},"rotation":0,"depth":0,"data":"","position":{"x":2015,"y":194}},{"id":"coin","texture":"pick_up","anchor":{"x":0.5,"y":0.5},"scale":{"x":1,"y":1},"rotation":0,"depth":0,"data":"","position":{"x":1714,"y":306}},{"id":"coin","texture":"pick_up","anchor":{"x":0.5,"y":0.5},"scale":{"x":1,"y":1},"rotation":0,"depth":0,"data":"","position":{"x":3426,"y":-216}},{"id":"coin","texture":"pick_up","anchor":{"x":0.5,"y":0.5},"scale":{"x":1,"y":1},"rotation":0,"depth":0,"data":"","position":{"x":3349,"y":-94}},{"id":"coin","texture":"pick_up","anchor":{"x":0.5,"y":0.5},"scale":{"x":1,"y":1},"rotation":0,"depth":0,"data":"","position":{"x":3496,"y":-93}},{"id":"coin","texture":"pick_up","anchor":{"x":0.5,"y":0.5},"scale":{"x":1,"y":1},"rotation":0,"depth":0,"data":"","position":{"x":4633,"y":275}},{"id":"coin","texture":"pick_up","anchor":{"x":0.5,"y":0.5},"scale":{"x":1,"y":1},"rotation":0,"depth":0,"data":"","position":{"x":4837,"y":404}},{"id":"coin","texture":"pick_up","anchor":{"x":0.5,"y":0.5},"scale":{"x":1,"y":1},"rotation":0,"depth":0,"data":"","position":{"x":564,"y":132}},{"id":"coin","texture":"pick_up","anchor":{"x":0.5,"y":0.5},"scale":{"x":1,"y":1},"rotation":0,"depth":0,"data":"","position":{"x":385,"y":92}},{"id":"coin","texture":"pick_up","anchor":{"x":0.5,"y":0.5},"scale":{"x":1,"y":1},"rotation":0,"depth":0,"data":"","position":{"x":4394,"y":173}},{"id":"coin","texture":"pick_up","anchor":{"x":0.5,"y":0.5},"scale":{"x":1,"y":1},"rotation":0,"depth":0,"data":"","position":{"x":5207,"y":730}},{"id":"coin","texture":"pick_up","anchor":{"x":0.5,"y":0.5},"scale":{"x":1,"y":1},"rotation":0,"depth":0,"data":"","position":{"x":5598,"y":-1059}},{"id":"coin","texture":"pick_up","anchor":{"x":0.5,"y":0.5},"scale":{"x":1,"y":1},"rotation":0,"depth":0,"data":"","position":{"x":5760,"y":-946}},{"id":"coin","texture":"pick_up","anchor":{"x":0.5,"y":0.5},"scale":{"x":1,"y":1},"rotation":0,"depth":0,"data":"","position":{"x":5924,"y":-848}},{"id":"coin","texture":"pick_up","anchor":{"x":0.5,"y":0.5},"scale":{"x":1,"y":1},"rotation":0,"depth":0,"data":"","position":{"x":5804,"y":308}},{"id":"coin","texture":"pick_up","anchor":{"x":0.5,"y":0.5},"scale":{"x":1,"y":1},"rotation":0,"depth":0,"data":"","position":{"x":7767,"y":-584}},{"id":"coin","texture":"pick_up","anchor":{"x":0.5,"y":0.5},"scale":{"x":1,"y":1},"rotation":0,"depth":0,"data":"","position":{"x":7042,"y":-605}},{"id":"coin","texture":"pick_up","anchor":{"x":0.5,"y":0.5},"scale":{"x":1,"y":1},"rotation":0,"depth":0,"data":"","position":{"x":6908,"y":34}},{"id":"coin","texture":"pick_up","anchor":{"x":0.5,"y":0.5},"scale":{"x":1,"y":1},"rotation":0,"depth":0,"data":"","position":{"x":7053,"y":-86}},{"id":"coin","texture":"pick_up","anchor":{"x":0.5,"y":0.5},"scale":{"x":1,"y":1},"rotation":0,"depth":0,"data":"","position":{"x":7223,"y":-129}},{"id":"time","texture":"pick_up_time","anchor":{"x":0.5,"y":0.5},"scale":{"x":1,"y":1},"rotation":0,"depth":0,"data":"","position":{"x":5411,"y":846}},{"id":"time","texture":"pick_up_time","anchor":{"x":0.5,"y":0.5},"scale":{"x":1,"y":1},"rotation":0,"depth":0,"data":"","position":{"x":-476,"y":-145}},{"id":"coin","texture":"pick_up","anchor":{"x":0.5,"y":0.5},"scale":{"x":1,"y":1},"rotation":0,"depth":0,"data":"","position":{"x":5967,"y":165}},{"id":"coin","texture":"pick_up","anchor":{"x":0.5,"y":0.5},"scale":{"x":1,"y":1},"rotation":0,"depth":0,"data":"","position":{"x":6149,"y":83}},{"id":"coin","texture":"pick_up","anchor":{"x":0.5,"y":0.5},"scale":{"x":1,"y":1},"rotation":0,"depth":0,"data":"","position":{"x":7281,"y":-649}},{"id":"coin","texture":"pick_up","anchor":{"x":0.5,"y":0.5},"scale":{"x":1,"y":1},"rotation":0,"depth":0,"data":"","position":{"x":7526,"y":-651}},{"id":"key_red","texture":"key_red_radial","anchor":{"x":0.5,"y":0.5},"scale":{"x":1,"y":1},"rotation":0,"depth":0,"data":"","position":{"x":1220,"y":-94}},{"id":"sumocard","texture":"pick_up_card","anchor":{"x":0.5,"y":0.5},"scale":{"x":1,"y":1},"rotation":0,"depth":0,"data":"","position":{"x":9817,"y":-24}},{"id":"time","texture":"pick_up_time","anchor":{"x":0.5,"y":0.5},"scale":{"x":1,"y":1},"rotation":0,"depth":0,"data":"","position":{"x":6819,"y":-560}}]}],"length":3639}