{"name":"stinkfly3","layers":[{"name":"beauty","depth":-3,"paths":[],"objects":[{"id":"chair02_03","texture":"theme_003_scenery_chair","anchor":{"x":0.5,"y":1},"scale":{"x":1,"y":1},"rotation":0,"depth":0,"data":"","position":{"x":2274,"y":1646}},{"id":"plant_03","texture":"theme_003_scenery_plant","anchor":{"x":0.5,"y":1},"scale":{"x":1,"y":1},"rotation":0,"depth":0,"data":"","position":{"x":2928,"y":269}},{"id":"ropes_03","texture":"theme_003_scenery_ropes","anchor":{"x":0.5,"y":1},"scale":{"x":1,"y":1},"rotation":0,"depth":0,"data":"","position":{"x":-855,"y":-2321}},{"id":"ropes_03","texture":"theme_003_scenery_ropes","anchor":{"x":0.5,"y":1},"scale":{"x":1,"y":1},"rotation":0,"depth":0,"data":"","position":{"x":-244,"y":-955}},{"id":"money_03","texture":"theme_003_scenery_money","anchor":{"x":0.5,"y":1},"scale":{"x":1,"y":1},"rotation":0,"depth":0,"data":"","position":{"x":-1173,"y":593}},{"id":"ropes_03","texture":"theme_003_scenery_ropes","anchor":{"x":0.5,"y":1},"scale":{"x":1,"y":1},"rotation":0,"depth":0,"data":"","position":{"x":1725,"y":813}},{"id":"money_03","texture":"theme_003_scenery_money","anchor":{"x":0.5,"y":1},"scale":{"x":1,"y":1},"rotation":-30,"depth":-1,"data":"","position":{"x":-1052,"y":533}},{"id":"money_03","texture":"theme_003_scenery_money","anchor":{"x":0.5,"y":1},"scale":{"x":1,"y":1},"rotation":0,"depth":0,"data":"","position":{"x":2103,"y":-852}},{"id":"chair02_03","texture":"theme_003_scenery_chair","anchor":{"x":0.5,"y":1},"scale":{"x":1,"y":1},"rotation":0,"depth":0,"data":"","position":{"x":2834,"y":-2146}},{"id":"ropes_03","texture":"theme_003_scenery_ropes","anchor":{"x":0.5,"y":1},"scale":{"x":1,"y":1},"rotation":0,"depth":0,"data":"","position":{"x":3130,"y":-2131}},{"id":"chair02_03","texture":"theme_003_scenery_chair","anchor":{"x":0.5,"y":1},"scale":{"x":1,"y":1},"rotation":0,"depth":0,"data":"","position":{"x":995,"y":383}},{"id":"desk_03","texture":"theme_003_scenery_desk","anchor":{"x":0.5,"y":1},"scale":{"x":1,"y":1},"rotation":0,"depth":0,"data":"","position":{"x":3216,"y":-1385}},{"id":"desk_03","texture":"theme_003_scenery_desk","anchor":{"x":0.5,"y":1},"scale":{"x":1,"y":1},"rotation":41,"depth":0,"data":"","position":{"x":539,"y":1366}},{"id":"desk_03","texture":"theme_003_scenery_desk","anchor":{"x":0.5,"y":1},"scale":{"x":1,"y":1},"rotation":41,"depth":0,"data":"","position":{"x":850,"y":1639}},{"id":"money_03","texture":"theme_003_scenery_money","anchor":{"x":0.5,"y":1},"scale":{"x":1,"y":1},"rotation":0,"depth":0,"data":"","position":{"x":-1719,"y":590}},{"id":"desk_03","texture":"theme_003_scenery_desk","anchor":{"x":0.5,"y":1},"scale":{"x":1,"y":1},"rotation":-27,"depth":0,"data":"","position":{"x":3713,"y":171}},{"id":"desk_03","texture":"theme_003_scenery_desk","anchor":{"x":0.5,"y":1},"scale":{"x":1,"y":1},"rotation":0,"depth":0,"data":"","position":{"x":1779,"y":2132}},{"id":"plant_03","texture":"theme_003_scenery_plant","anchor":{"x":0.5,"y":1},"scale":{"x":1,"y":1},"rotation":0,"depth":-1,"data":"","position":{"x":3186,"y":-1468}},{"id":"plant_03","texture":"theme_003_scenery_plant","anchor":{"x":0.5,"y":1},"scale":{"x":1,"y":1},"rotation":0,"depth":0,"data":"","position":{"x":2754,"y":-2144}},{"id":"plant_03","texture":"theme_003_scenery_plant","anchor":{"x":0.5,"y":1},"scale":{"x":1,"y":1},"rotation":0,"depth":0,"data":"","position":{"x":1491,"y":-865}},{"id":"plant_03","texture":"theme_003_scenery_plant","anchor":{"x":0.5,"y":1},"scale":{"x":1,"y":1},"rotation":0,"depth":0,"data":"","position":{"x":744,"y":-2288}},{"id":"plant_03","texture":"theme_003_scenery_plant","anchor":{"x":0.5,"y":1},"scale":{"x":1,"y":1},"rotation":0,"depth":0,"data":"","position":{"x":145,"y":95}},{"id":"plant_03","texture":"theme_003_scenery_plant","anchor":{"x":0.5,"y":1},"scale":{"x":1,"y":1},"rotation":4,"depth":0,"data":"","position":{"x":2166,"y":-2402}},{"id":"plant_03","texture":"theme_003_scenery_plant","anchor":{"x":0.5,"y":1},"scale":{"x":1,"y":1},"rotation":0,"depth":0,"data":"","position":{"x":2140,"y":2000}},{"id":"plant_03","texture":"theme_003_scenery_plant","anchor":{"x":0.5,"y":1},"scale":{"x":1,"y":1},"rotation":39,"depth":0,"data":"","position":{"x":752,"y":1556}},{"id":"plant_03","texture":"theme_003_scenery_plant","anchor":{"x":0.5,"y":1},"scale":{"x":1,"y":1},"rotation":0,"depth":0,"data":"","position":{"x":892,"y":387}},{"id":"chair02_03","texture":"theme_003_scenery_chair","anchor":{"x":0.5,"y":1},"scale":{"x":1,"y":1},"rotation":0,"depth":0,"data":"","position":{"x":1457,"y":-2673}},{"id":"desk_03","texture":"theme_003_scenery_desk","anchor":{"x":0.5,"y":1},"scale":{"x":1,"y":1},"rotation":0,"depth":0,"data":"","position":{"x":305,"y":-2277}},{"id":"money_03","texture":"theme_003_scenery_money","anchor":{"x":0.5,"y":1},"scale":{"x":1,"y":1},"rotation":24,"depth":-1,"data":"","position":{"x":1927,"y":-2479}},{"id":"money_03","texture":"theme_003_scenery_money","anchor":{"x":0.5,"y":1},"scale":{"x":1,"y":1},"rotation":0,"depth":0,"data":"","position":{"x":2564,"y":1668}},{"id":"ropes_03","texture":"theme_003_scenery_ropes","anchor":{"x":0.5,"y":1},"scale":{"x":1,"y":1},"rotation":30,"depth":0,"data":"","position":{"x":2658,"y":151}},{"id":"money_03","texture":"theme_003_scenery_money","anchor":{"x":0.5,"y":1},"scale":{"x":1,"y":1},"rotation":0,"depth":0,"data":"","position":{"x":2928,"y":-394}}]},{"name":"obstacles","depth":-2,"paths":[],"objects":[{"id":"gate_red03","texture":"theme_003_obstacle_gate_red_closed","anchor":{"x":0.5,"y":1},"scale":{"x":1,"y":1},"rotation":0,"depth":0,"data":"","position":{"x":-306,"y":95}},{"id":"fire_on_03","texture":"theme_003_obstacle_flame_on","anchor":{"x":0.5,"y":1},"scale":{"x":1,"y":1},"rotation":0,"depth":0,"data":"","position":{"x":1967,"y":813}},{"id":"teleport_02","texture":"theme_002_obstacle_teleport_off","anchor":{"x":0.5,"y":1},"scale":{"x":1,"y":1},"rotation":0,"depth":0,"data":"{ \"in\":2,\"out\":2 }","position":{"x":-1450,"y":577}},{"id":"gate_green03","texture":"theme_003_obstacle_gate_green_closed","anchor":{"x":0.5,"y":1},"scale":{"x":1,"y":1},"rotation":0,"depth":0,"data":"","position":{"x":1325,"y":-1729}},{"id":"gate_blue03","texture":"theme_003_obstacle_gate_blue_closed","anchor":{"x":0.5,"y":1},"scale":{"x":1,"y":1},"rotation":0,"depth":0,"data":"","position":{"x":525,"y":-1091}},{"id":"finish_03","texture":"theme_003_obstacle_finish","anchor":{"x":0.5,"y":1},"scale":{"x":1,"y":1},"rotation":0,"depth":0,"data":"","position":{"x":922,"y":-1085}},{"id":"level_end","texture":"level_end","anchor":{"x":0.5,"y":0.5},"scale":{"x":3,"y":3},"rotation":0,"depth":0,"data":"","position":{"x":899,"y":-1275}},{"id":"teleport_02","texture":"theme_002_obstacle_teleport_off","anchor":{"x":0.5,"y":1},"scale":{"x":1,"y":1},"rotation":0,"depth":0,"data":"{ \"in\":1,\"out\":2 }","position":{"x":1774,"y":-868}},{"id":"fire_on_03","texture":"theme_003_obstacle_flame_on","anchor":{"x":0.5,"y":1},"scale":{"x":1,"y":1},"rotation":0,"depth":0,"data":"","position":{"x":2445,"y":-2404}},{"id":"fire_on_03","texture":"theme_003_obstacle_flame_on","anchor":{"x":0.5,"y":1},"scale":{"x":1,"y":1},"rotation":0,"depth":0,"data":"","position":{"x":-4,"y":-960}},{"id":"fire_on_03","texture":"theme_003_obstacle_flame_on","anchor":{"x":0.5,"y":1},"scale":{"x":1,"y":1},"rotation":0,"depth":0,"data":"","position":{"x":-477,"y":-962}},{"id":"spike02_03","texture":"theme_003_obstacle_spike_large_off","anchor":{"x":0.5,"y":1},"scale":{"x":1,"y":1},"rotation":0,"depth":0,"data":"","position":{"x":3763,"y":-1141}},{"id":"spike01_03","texture":"theme_003_obstacle_spike_small_off","anchor":{"x":0.5,"y":1},"scale":{"x":1,"y":1},"rotation":0,"depth":0,"data":"","position":{"x":634,"y":-1734}},{"id":"spike01_03","texture":"theme_003_obstacle_spike_small_off","anchor":{"x":0.5,"y":1},"scale":{"x":1,"y":1},"rotation":0,"depth":0,"data":"","position":{"x":1019,"y":-1734}},{"id":"spike01_03","texture":"theme_003_obstacle_spike_small_off","anchor":{"x":0.5,"y":1},"scale":{"x":1,"y":1},"rotation":0,"depth":0,"data":"","position":{"x":1043,"y":-2678}},{"id":"rock01_03","texture":"theme_003_obstacle_rock","anchor":{"x":0.5,"y":1},"scale":{"x":1,"y":1},"rotation":0,"depth":0,"data":"","position":{"x":754,"y":-2286}},{"id":"rock02_03","texture":"theme_003_obstacle_rock_002","anchor":{"x":0.5,"y":1},"scale":{"x":1,"y":1},"rotation":0,"depth":0,"data":"","position":{"x":2132,"y":2129}},{"id":"rock02_03","texture":"theme_003_obstacle_rock_002","anchor":{"x":0.5,"y":1},"scale":{"x":1,"y":1},"rotation":0,"depth":0,"data":"","position":{"x":2741,"y":1652}},{"id":"rock01_03","texture":"theme_003_obstacle_rock","anchor":{"x":0.5,"y":1},"scale":{"x":1.2,"y":1.2},"rotation":0,"depth":0,"data":"","position":{"x":1520,"y":810}},{"id":"hint","texture":"hint","anchor":{"x":0.5,"y":0.5},"scale":{"x":5,"y":5},"rotation":0,"depth":0,"data":"{ \"id\" : \"stinkfly\" }","position":{"x":546,"y":54}}]},{"name":"platforms","depth":0,"paths":[{"closed":true,"depth":-1,"collisions":1,"texFill":"theme_03_fill","texGround":"theme_03_ground","texGroundEdge":"theme_03_ground_edge","texWall":"theme_03_wall","texFillPadding":512,"texFillSize":240,"texGroundSize":160,"texGroundDelta":0.3,"texWallSize":160,"texWallDelta":0.1,"texWallAngle":70,"texGroundEdgeSide":"","data":"","points":[{"x":-976,"y":-1344},{"x":-944,"y":-1312},{"x":-608,"y":-1008},{"x":-544,"y":-960},{"x":-384,"y":-960},{"x":-80,"y":-960},{"x":64,"y":-960},{"x":96,"y":-976},{"x":192,"y":-1056},{"x":240,"y":-1088},{"x":464,"y":-1088},{"x":944,"y":-1088},{"x":1104,"y":-1088},{"x":1104,"y":-1216},{"x":1104,"y":-1440},{"x":1104,"y":-1536},{"x":1040,"y":-1536},{"x":880,"y":-1536},{"x":816,"y":-1536},{"x":800,"y":-1520},{"x":768,"y":-1488},{"x":736,"y":-1456},{"x":704,"y":-1456},{"x":560,"y":-1456},{"x":448,"y":-1456},{"x":448,"y":-1600},{"x":448,"y":-1696},{"x":448,"y":-1728},{"x":864,"y":-1728},{"x":992,"y":-1728},{"x":1424,"y":-1728},{"x":1424,"y":-1664},{"x":1424,"y":-1024},{"x":1424,"y":-864},{"x":1568,"y":-864},{"x":1888,"y":-864},{"x":2128,"y":-864},{"x":2128,"y":-1024},{"x":2128,"y":-2400},{"x":2128,"y":-2400},{"x":2416,"y":-2400},{"x":2416,"y":-2400},{"x":2720,"y":-2400},{"x":2720,"y":-2400},{"x":2720,"y":-272},{"x":2736,"y":-272},{"x":560,"y":-272},{"x":432,"y":-320},{"x":-1760,"y":-320},{"x":-1760,"y":-320},{"x":-2704,"y":-512},{"x":-2704,"y":-512}],"bounds":[-2704,2736]},{"closed":true,"depth":-2,"collisions":1,"texFill":"theme_03_fill","texGround":"theme_03_ground","texGroundEdge":"theme_03_ground_edge","texWall":"theme_03_wall","texFillPadding":512,"texFillSize":240,"texGroundSize":160,"texGroundDelta":0.3,"texWallSize":160,"texWallDelta":0.1,"texWallAngle":70,"texGroundEdgeSide":"","data":"","points":[{"x":-2528,"y":-576},{"x":-2528,"y":-1136},{"x":-2528,"y":-3264},{"x":-2528,"y":-3728},{"x":-1760,"y":-3728},{"x":3152,"y":-3728},{"x":3776,"y":-3728},{"x":3984,"y":-3568},{"x":4448,"y":-3216},{"x":4576,"y":-3104},{"x":4576,"y":-2704},{"x":4576,"y":720},{"x":4576,"y":1008},{"x":4528,"y":1056},{"x":3104,"y":2688},{"x":3024,"y":2736},{"x":2480,"y":2736},{"x":1200,"y":2736},{"x":704,"y":2736},{"x":640,"y":2704},{"x":-2320,"y":928},{"x":-2512,"y":816},{"x":-2512,"y":304},{"x":-2512,"y":-336},{"x":-2512,"y":-544},{"x":-2400,"y":-528},{"x":-2016,"y":-464},{"x":-1760,"y":-432},{"x":-1760,"y":-176},{"x":-1760,"y":416},{"x":-1760,"y":576},{"x":-1632,"y":576},{"x":-1408,"y":576},{"x":-1152,"y":576},{"x":-720,"y":208},{"x":-640,"y":144},{"x":-592,"y":96},{"x":-432,"y":96},{"x":-208,"y":96},{"x":144,"y":96},{"x":144,"y":256},{"x":144,"y":864},{"x":144,"y":1008},{"x":192,"y":1056},{"x":1216,"y":1968},{"x":1408,"y":2128},{"x":1552,"y":2128},{"x":1936,"y":2128},{"x":2208,"y":2128},{"x":2208,"y":2048},{"x":2208,"y":1728},{"x":2208,"y":1648},{"x":2496,"y":1648},{"x":2496,"y":1648},{"x":2800,"y":1648},{"x":2800,"y":1568},{"x":2800,"y":336},{"x":2800,"y":272},{"x":3040,"y":272},{"x":3264,"y":272},{"x":3520,"y":272},{"x":3552,"y":256},{"x":3744,"y":144},{"x":3872,"y":80},{"x":3872,"y":80},{"x":3872,"y":-2400},{"x":3872,"y":-2720},{"x":3776,"y":-2800},{"x":3584,"y":-2944},{"x":3456,"y":-3056},{"x":2736,"y":-3056},{"x":1872,"y":-3056},{"x":1488,"y":-3056},{"x":1472,"y":-3040},{"x":1264,"y":-2912},{"x":1264,"y":-2912},{"x":880,"y":-2912},{"x":16,"y":-2912},{"x":-160,"y":-2912},{"x":-208,"y":-2896},{"x":-1008,"y":-2640},{"x":-1008,"y":-2640},{"x":-1008,"y":-2432},{"x":-1008,"y":-1264},{"x":-1008,"y":-1008}],"bounds":[-2528,4576]},{"closed":true,"depth":0,"collisions":1,"texFill":"theme_03_fill","texGround":"theme_03_ground","texGroundEdge":"theme_03_ground_edge","texWall":"theme_03_wall","texFillPadding":512,"texFillSize":240,"texGroundSize":176,"texGroundDelta":0.3,"texWallSize":176,"texWallDelta":0.1,"texWallAngle":62,"texGroundEdgeSide":"right","data":"","points":[{"x":-1040,"y":-2320},{"x":-896,"y":-2320},{"x":-928,"y":-2320},{"x":-784,"y":-2320},{"x":-784,"y":-2320},{"x":-784,"y":-2160},{"x":-784,"y":-2112},{"x":-832,"y":-2064},{"x":-912,"y":-1968},{"x":-944,"y":-1936},{"x":-976,"y":-1936},{"x":-992,"y":-1936},{"x":-1008,"y":-1936},{"x":-1024,"y":-1936},{"x":-1008,"y":-1936},{"x":-1024,"y":-1936}],"bounds":[-1040,-784]},{"closed":true,"depth":1,"collisions":1,"texFill":"theme_03_fill","texGround":"theme_03_ground","texGroundEdge":"theme_03_ground_edge","texWall":"theme_03_wall","texFillPadding":512,"texFillSize":240,"texGroundSize":160,"texGroundDelta":0.3,"texWallSize":160,"texWallDelta":0.1,"texWallAngle":70,"texGroundEdgeSide":"","data":"","points":[{"x":2144,"y":-2192},{"x":1968,"y":-2192},{"x":1568,"y":-2192},{"x":1344,"y":-2192},{"x":1296,"y":-2144},{"x":1216,"y":-2048},{"x":1168,"y":-1984},{"x":672,"y":-1984},{"x":16,"y":-1984},{"x":-192,"y":-1984},{"x":-160,"y":-2016},{"x":112,"y":-2272},{"x":128,"y":-2288},{"x":256,"y":-2288},{"x":624,"y":-2288},{"x":800,"y":-2288},{"x":800,"y":-2368},{"x":800,"y":-2624},{"x":800,"y":-2672},{"x":944,"y":-2672},{"x":1312,"y":-2672},{"x":1600,"y":-2672},{"x":1632,"y":-2656},{"x":2064,"y":-2448},{"x":2160,"y":-2400},{"x":2208,"y":-2400},{"x":2288,"y":-2400},{"x":2352,"y":-2400}],"bounds":[-192,2352]},{"closed":true,"depth":0,"collisions":1,"texFill":"theme_03_fill","texGround":"theme_03_ground","texGroundEdge":"theme_03_ground_edge","texWall":"theme_03_wall","texFillPadding":512,"texFillSize":256,"texGroundSize":160,"texGroundDelta":0.3,"texWallSize":160,"texWallDelta":0.1,"texWallAngle":70,"texGroundEdgeSide":"","data":"","points":[{"x":848,"y":384},{"x":1104,"y":384},{"x":1200,"y":384},{"x":1472,"y":384},{"x":1472,"y":560},{"x":1472,"y":688},{"x":1472,"y":816},{"x":1568,"y":816},{"x":1872,"y":816},{"x":1968,"y":816},{"x":1952,"y":816},{"x":1968,"y":912},{"x":1968,"y":960},{"x":1936,"y":976},{"x":1808,"y":1024},{"x":1760,"y":1040},{"x":1600,"y":1040},{"x":1456,"y":1040},{"x":1296,"y":1040},{"x":1120,"y":896},{"x":960,"y":784},{"x":848,"y":688},{"x":848,"y":496},{"x":848,"y":512},{"x":848,"y":400}],"bounds":[848,1968]},{"closed":true,"depth":0,"collisions":1,"texFill":"theme_03_fill","texGround":"theme_03_ground","texGroundEdge":"theme_03_ground_edge","texWall":"theme_03_wall","texFillPadding":512,"texFillSize":240,"texGroundSize":160,"texGroundDelta":0.3,"texWallSize":160,"texWallDelta":0.1,"texWallAngle":70,"texGroundEdgeSide":"","data":"","points":[{"x":2816,"y":544},{"x":2672,"y":448},{"x":2512,"y":352},{"x":2400,"y":272},{"x":2336,"y":272},{"x":2240,"y":272},{"x":2064,"y":272},{"x":2064,"y":208},{"x":2064,"y":32},{"x":2064,"y":32},{"x":2112,"y":32},{"x":2352,"y":32},{"x":2448,"y":32},{"x":2528,"y":80},{"x":2784,"y":224},{"x":2864,"y":272},{"x":2912,"y":272},{"x":3024,"y":272},{"x":3088,"y":272}],"bounds":[2064,3088]},{"closed":true,"depth":0,"collisions":1,"texFill":"theme_03_fill","texGround":"theme_03_ground","texGroundEdge":"theme_03_ground_edge","texWall":"theme_03_wall","texFillPadding":512,"texFillSize":240,"texGroundSize":160,"texGroundDelta":0.3,"texWallSize":160,"texWallDelta":0.1,"texWallAngle":70,"texGroundEdgeSide":"right","data":"","points":[{"x":2688,"y":-2144},{"x":2992,"y":-2144},{"x":2992,"y":-2144},{"x":3312,"y":-2144},{"x":3312,"y":-2080},{"x":3312,"y":-2000},{"x":3312,"y":-1984},{"x":3312,"y":-1984},{"x":2816,"y":-1760},{"x":2704,"y":-1712}],"bounds":[2688,3312]},{"closed":true,"depth":0,"collisions":1,"texFill":"theme_03_fill","texGround":"theme_03_ground","texGroundEdge":"theme_03_ground_edge","texWall":"theme_03_wall","texFillPadding":512,"texFillSize":240,"texGroundSize":160,"texGroundDelta":0.3,"texWallSize":160,"texWallDelta":0.1,"texWallAngle":70,"texGroundEdgeSide":"right","data":"","points":[{"x":2704,"y":-416},{"x":2720,"y":-416},{"x":3024,"y":-416},{"x":3072,"y":-416},{"x":3072,"y":-400},{"x":2976,"y":-304},{"x":2960,"y":-272},{"x":2736,"y":-272},{"x":2912,"y":-272},{"x":2688,"y":-272}],"bounds":[2688,3072]},{"closed":true,"depth":0,"collisions":1,"texFill":"theme_03_fill","texGround":"theme_03_ground","texGroundEdge":"theme_03_ground_edge","texWall":"theme_03_wall","texFillPadding":512,"texFillSize":240,"texGroundSize":160,"texGroundDelta":0.3,"texWallSize":160,"texWallDelta":0.1,"texWallAngle":70,"texGroundEdgeSide":"left","data":"","points":[{"x":3888,"y":-800},{"x":3824,"y":-800},{"x":3696,"y":-800},{"x":3632,"y":-800},{"x":3424,"y":-944},{"x":3296,"y":-1040},{"x":3152,"y":-1152},{"x":3152,"y":-1248},{"x":3152,"y":-1392},{"x":3152,"y":-1392},{"x":3200,"y":-1392},{"x":3296,"y":-1392},{"x":3344,"y":-1392},{"x":3456,"y":-1296},{"x":3536,"y":-1232},{"x":3664,"y":-1136},{"x":3680,"y":-1136},{"x":3840,"y":-1136},{"x":3904,"y":-1136}],"bounds":[3152,3904]}],"objects":[{"id":"platform_03","texture":"theme_003_obstacle_falling_platform","anchor":{"x":0.5,"y":0},"scale":{"x":1,"y":1},"rotation":0,"depth":-3,"data":"","position":{"x":2588,"y":817}},{"id":"platform_03","texture":"theme_003_obstacle_falling_platform","anchor":{"x":0.5,"y":0},"scale":{"x":1,"y":1},"rotation":0,"depth":-3,"data":"","position":{"x":701,"y":385}},{"id":"platform_03","texture":"theme_003_obstacle_falling_platform","anchor":{"x":0.5,"y":0},"scale":{"x":1,"y":1},"rotation":0,"depth":-3,"data":"","position":{"x":253,"y":385}},{"id":"platform_03","texture":"theme_003_obstacle_falling_platform","anchor":{"x":0.5,"y":0},"scale":{"x":1,"y":1},"rotation":0,"depth":-3,"data":"","position":{"x":2137,"y":817}},{"id":"platform_03","texture":"theme_003_obstacle_falling_platform","anchor":{"x":0.5,"y":0},"scale":{"x":1,"y":1},"rotation":0,"depth":-3,"data":"","position":{"x":2363,"y":817}},{"id":"platform_03","texture":"theme_003_obstacle_falling_platform","anchor":{"x":0.5,"y":0},"scale":{"x":1,"y":1},"rotation":0,"depth":-3,"data":"","position":{"x":476,"y":385}},{"id":"platform_03","texture":"theme_003_obstacle_falling_platform","anchor":{"x":0.5,"y":0},"scale":{"x":1,"y":1},"rotation":0,"depth":-3,"data":"","position":{"x":2812,"y":817}},{"id":"platform_03","texture":"theme_003_obstacle_falling_platform","anchor":{"x":0.5,"y":0},"scale":{"x":1,"y":1},"rotation":0,"depth":-3,"data":"","position":{"x":-331,"y":-2010}},{"id":"platform_03","texture":"theme_003_obstacle_falling_platform","anchor":{"x":0.5,"y":0},"scale":{"x":1,"y":1},"rotation":0,"depth":-3,"data":"","position":{"x":-557,"y":-2010}},{"id":"platform_03","texture":"theme_003_obstacle_falling_platform","anchor":{"x":0.5,"y":0},"scale":{"x":1,"y":1},"rotation":0,"depth":-3,"data":"","position":{"x":-781,"y":-2010}},{"id":"platform_03","texture":"theme_003_obstacle_falling_platform","anchor":{"x":0.5,"y":0},"scale":{"x":1,"y":1},"rotation":0,"depth":-3,"data":"","position":{"x":-104,"y":-2010}}]},{"name":"enemies","depth":1,"paths":[],"objects":[{"id":"bandit_03","texture":"bandit_03","anchor":{"x":0.5,"y":1},"scale":{"x":1,"y":1},"rotation":0,"depth":0,"data":"{ \"left\": 200, \"right\": 300, \"fireRate\" : 2, \"fireRateVariability\" : 60 }","position":{"x":2927,"y":-415}},{"id":"bandit_03","texture":"bandit_03","anchor":{"x":0.5,"y":1},"scale":{"x":1,"y":1},"rotation":0,"depth":0,"data":"{ \"left\": 100, \"right\": 300, \"orientation\": \"left\" }","position":{"x":3030,"y":-2143}},{"id":"bandit_03","texture":"bandit_03","anchor":{"x":0.5,"y":1},"scale":{"x":1,"y":1},"rotation":0,"depth":0,"data":"{ \"left\": 200, \"right\": 300, \"fireRate\" : 1, \"fireRateVariability\" : 60 }","position":{"x":1153,"y":381}},{"id":"bandit_03","texture":"bandit_03","anchor":{"x":0.5,"y":1},"scale":{"x":1,"y":1},"rotation":0,"depth":0,"data":"{ \"left\": 75, \"right\": 150, \"orientation\": \"left\" }","position":{"x":-856,"y":-2321}}]},{"name":"pickups","depth":2,"paths":[],"objects":[{"id":"time","texture":"pick_up_time","anchor":{"x":0.5,"y":0.5},"scale":{"x":1,"y":1},"rotation":0,"depth":0,"data":"","position":{"x":506,"y":-2387}},{"id":"time","texture":"pick_up_time","anchor":{"x":0.5,"y":0.5},"scale":{"x":1,"y":1},"rotation":0,"depth":0,"data":"","position":{"x":2370,"y":585}},{"id":"time","texture":"pick_up_time","anchor":{"x":0.5,"y":0.5},"scale":{"x":1,"y":1},"rotation":0,"depth":0,"data":"","position":{"x":3201,"y":-1636}},{"id":"time","texture":"pick_up_time","anchor":{"x":0.5,"y":0.5},"scale":{"x":1,"y":1},"rotation":0,"depth":0,"data":"","position":{"x":1958,"y":-2713}},{"id":"time","texture":"pick_up_time","anchor":{"x":0.5,"y":0.5},"scale":{"x":1,"y":1},"rotation":0,"depth":0,"data":"","position":{"x":873,"y":1173}},{"id":"time","texture":"pick_up_time","anchor":{"x":0.5,"y":0.5},"scale":{"x":1,"y":1},"rotation":0,"depth":0,"data":"","position":{"x":2225,"y":-121}},{"id":"time","texture":"pick_up_time","anchor":{"x":0.5,"y":0.5},"scale":{"x":1,"y":1},"rotation":0,"depth":0,"data":"","position":{"x":-231,"y":-1112}},{"id":"time","texture":"pick_up_time","anchor":{"x":0.5,"y":0.5},"scale":{"x":1,"y":1},"rotation":0,"depth":0,"data":"","position":{"x":834,"y":-1856}},{"id":"key_red","texture":"key_red_radial","anchor":{"x":0.5,"y":0.5},"scale":{"x":1,"y":1},"rotation":0,"depth":0,"data":"","position":{"x":-554,"y":-44}},{"id":"time","texture":"pick_up_time","anchor":{"x":0.5,"y":0.5},"scale":{"x":1,"y":1},"rotation":0,"depth":0,"data":"","position":{"x":-1688,"y":400}},{"id":"time","texture":"pick_up_time","anchor":{"x":0.5,"y":0.5},"scale":{"x":1,"y":1},"rotation":0,"depth":0,"data":"","position":{"x":-1252,"y":400}},{"id":"sumocard","texture":"pick_up_card","anchor":{"x":0.5,"y":0.5},"scale":{"x":1,"y":1},"rotation":0,"depth":0,"data":"","position":{"x":-1455,"y":-35}},{"id":"key_green","texture":"key_green_radial","anchor":{"x":0.5,"y":0.5},"scale":{"x":1,"y":1},"rotation":0,"depth":0,"data":"","position":{"x":2455,"y":1283}},{"id":"key_blue","texture":"key_blue_radial","anchor":{"x":0.5,"y":0.5},"scale":{"x":1,"y":1},"rotation":0,"depth":0,"data":"","position":{"x":3740,"y":-1305}},{"id":"coin","texture":"pick_up","anchor":{"x":0.5,"y":0.5},"scale":{"x":1,"y":1},"rotation":0,"depth":0,"data":"","position":{"x":3134,"y":100}},{"id":"coin","texture":"pick_up","anchor":{"x":0.5,"y":0.5},"scale":{"x":1,"y":1},"rotation":0,"depth":0,"data":"","position":{"x":3267,"y":-101}},{"id":"coin","texture":"pick_up","anchor":{"x":0.5,"y":0.5},"scale":{"x":1,"y":1},"rotation":0,"depth":0,"data":"","position":{"x":3498,"y":-147}},{"id":"coin","texture":"pick_up","anchor":{"x":0.5,"y":0.5},"scale":{"x":1,"y":1},"rotation":0,"depth":0,"data":"","position":{"x":2922,"y":-776}},{"id":"coin","texture":"pick_up","anchor":{"x":0.5,"y":0.5},"scale":{"x":1,"y":1},"rotation":0,"depth":0,"data":"","position":{"x":2922,"y":-989}},{"id":"coin","texture":"pick_up","anchor":{"x":0.5,"y":0.5},"scale":{"x":1,"y":1},"rotation":0,"depth":0,"data":"","position":{"x":2922,"y":-1205}},{"id":"coin","texture":"pick_up","anchor":{"x":0.5,"y":0.5},"scale":{"x":1,"y":1},"rotation":0,"depth":0,"data":"","position":{"x":3566,"y":-1820}},{"id":"coin","texture":"pick_up","anchor":{"x":0.5,"y":0.5},"scale":{"x":1,"y":1},"rotation":0,"depth":0,"data":"","position":{"x":3657,"y":-2032}},{"id":"coin","texture":"pick_up","anchor":{"x":0.5,"y":0.5},"scale":{"x":1,"y":1},"rotation":0,"depth":0,"data":"","position":{"x":3619,"y":-2245}},{"id":"coin","texture":"pick_up","anchor":{"x":0.5,"y":0.5},"scale":{"x":1,"y":1},"rotation":0,"depth":0,"data":"","position":{"x":2448,"y":-2924}},{"id":"coin","texture":"pick_up","anchor":{"x":0.5,"y":0.5},"scale":{"x":1,"y":1},"rotation":0,"depth":0,"data":"","position":{"x":2391,"y":-2833}},{"id":"coin","texture":"pick_up","anchor":{"x":0.5,"y":0.5},"scale":{"x":1,"y":1},"rotation":0,"depth":0,"data":"","position":{"x":2501,"y":-2833}},{"id":"coin","texture":"pick_up","anchor":{"x":0.5,"y":0.5},"scale":{"x":1,"y":1},"rotation":0,"depth":0,"data":"","position":{"x":-381,"y":-2275}},{"id":"coin","texture":"pick_up","anchor":{"x":0.5,"y":0.5},"scale":{"x":1,"y":1},"rotation":0,"depth":0,"data":"","position":{"x":-267,"y":-2450}},{"id":"coin","texture":"pick_up","anchor":{"x":0.5,"y":0.5},"scale":{"x":1,"y":1},"rotation":0,"depth":0,"data":"","position":{"x":-116,"y":-2560}},{"id":"coin","texture":"pick_up","anchor":{"x":0.5,"y":0.5},"scale":{"x":1,"y":1},"rotation":0,"depth":0,"data":"","position":{"x":1770,"y":-1743}},{"id":"coin","texture":"pick_up","anchor":{"x":0.5,"y":0.5},"scale":{"x":1,"y":1},"rotation":0,"depth":0,"data":"","position":{"x":1769,"y":-1559}},{"id":"coin","texture":"pick_up","anchor":{"x":0.5,"y":0.5},"scale":{"x":1,"y":1},"rotation":0,"depth":0,"data":"","position":{"x":1769,"y":-1365}},{"id":"coin","texture":"pick_up","anchor":{"x":0.5,"y":0.5},"scale":{"x":1,"y":1},"rotation":0,"depth":0,"data":"","position":{"x":-1583,"y":-37}},{"id":"coin","texture":"pick_up","anchor":{"x":0.5,"y":0.5},"scale":{"x":1,"y":1},"rotation":0,"depth":0,"data":"","position":{"x":-1454,"y":-177}},{"id":"coin","texture":"pick_up","anchor":{"x":0.5,"y":0.5},"scale":{"x":1,"y":1},"rotation":0,"depth":0,"data":"","position":{"x":-1329,"y":-40}},{"id":"coin","texture":"pick_up","anchor":{"x":0.5,"y":0.5},"scale":{"x":1,"y":1},"rotation":0,"depth":0,"data":"","position":{"x":-1458,"y":123}},{"id":"coin","texture":"pick_up","anchor":{"x":0.5,"y":0.5},"scale":{"x":1,"y":1},"rotation":0,"depth":0,"data":"","position":{"x":309,"y":-1292}},{"id":"coin","texture":"pick_up","anchor":{"x":0.5,"y":0.5},"scale":{"x":1,"y":1},"rotation":0,"depth":0,"data":"","position":{"x":1048,"y":66}},{"id":"coin","texture":"pick_up","anchor":{"x":0.5,"y":0.5},"scale":{"x":1,"y":1},"rotation":0,"depth":0,"data":"","position":{"x":1162,"y":66}},{"id":"coin","texture":"pick_up","anchor":{"x":0.5,"y":0.5},"scale":{"x":1,"y":1},"rotation":0,"depth":0,"data":"","position":{"x":1102,"y":-29}},{"id":"coin","texture":"pick_up","anchor":{"x":0.5,"y":0.5},"scale":{"x":1,"y":1},"rotation":0,"depth":0,"data":"","position":{"x":1761,"y":1732}},{"id":"coin","texture":"pick_up","anchor":{"x":0.5,"y":0.5},"scale":{"x":1,"y":1},"rotation":0,"depth":0,"data":"","position":{"x":1712,"y":1830}},{"id":"coin","texture":"pick_up","anchor":{"x":0.5,"y":0.5},"scale":{"x":1,"y":1},"rotation":0,"depth":0,"data":"","position":{"x":1818,"y":1830}},{"id":"coin","texture":"pick_up","anchor":{"x":0.5,"y":0.5},"scale":{"x":1,"y":1},"rotation":0,"depth":0,"data":"","position":{"x":518,"y":688}},{"id":"coin","texture":"pick_up","anchor":{"x":0.5,"y":0.5},"scale":{"x":1,"y":1},"rotation":0,"depth":0,"data":"","position":{"x":635,"y":935}},{"id":"coin","texture":"pick_up","anchor":{"x":0.5,"y":0.5},"scale":{"x":1,"y":1},"rotation":0,"depth":0,"data":"","position":{"x":2140,"y":586}},{"id":"coin","texture":"pick_up","anchor":{"x":0.5,"y":0.5},"scale":{"x":1,"y":1},"rotation":0,"depth":0,"data":"","position":{"x":1886,"y":521}},{"id":"coin","texture":"pick_up","anchor":{"x":0.5,"y":0.5},"scale":{"x":1,"y":1},"rotation":0,"depth":0,"data":"","position":{"x":1746,"y":324}},{"id":"coin","texture":"pick_up","anchor":{"x":0.5,"y":0.5},"scale":{"x":1,"y":1},"rotation":0,"depth":0,"data":"","position":{"x":123,"y":-1368}},{"id":"coin","texture":"pick_up","anchor":{"x":0.5,"y":0.5},"scale":{"x":1,"y":1},"rotation":0,"depth":0,"data":"","position":{"x":-9,"y":-1516}},{"id":"coin","texture":"pick_up","anchor":{"x":0.5,"y":0.5},"scale":{"x":1,"y":1},"rotation":0,"depth":0,"data":"","position":{"x":70,"y":-2628}},{"id":"time","texture":"pick_up_time","anchor":{"x":0.5,"y":0.5},"scale":{"x":1,"y":1},"rotation":0,"depth":0,"data":"","position":{"x":1765,"y":-1017}}]}],"length":515}