{"name":"xlr8_1","layers":[{"name":"beauty","depth":-3,"paths":[],"objects":[{"id":"skull_01","texture":"theme_001_scenery_skull","anchor":{"x":0.5,"y":1},"scale":{"x":1,"y":1},"rotation":0,"depth":0,"data":"","position":{"x":847,"y":-170}},{"id":"skull_01","texture":"theme_001_scenery_skull","anchor":{"x":0.5,"y":1},"scale":{"x":1,"y":1},"rotation":0,"depth":1,"data":"","position":{"x":17423,"y":-624}},{"id":"rock06_01","texture":"theme_001_scenery_rock_003","anchor":{"x":0.5,"y":1},"scale":{"x":1,"y":1},"rotation":13,"depth":0,"data":"","position":{"x":-741,"y":-707}},{"id":"rock05_01","texture":"theme_001_scenery_rock_002","anchor":{"x":0.5,"y":1},"scale":{"x":1,"y":1},"rotation":13,"depth":0,"data":"","position":{"x":-502,"y":-642}},{"id":"rock04_01","texture":"theme_001_scenery_rock_001","anchor":{"x":0.5,"y":1},"scale":{"x":1,"y":1},"rotation":0,"depth":0,"data":"","position":{"x":-83,"y":77}},{"id":"rock04_01","texture":"theme_001_scenery_rock_001","anchor":{"x":0.5,"y":1},"scale":{"x":1,"y":1},"rotation":0,"depth":0,"data":"","position":{"x":1316,"y":-292}},{"id":"rock04_01","texture":"theme_001_scenery_rock_001","anchor":{"x":0.5,"y":1},"scale":{"x":1,"y":1},"rotation":-1,"depth":0,"data":"","position":{"x":5287,"y":-63}},{"id":"rock04_01","texture":"theme_001_scenery_rock_001","anchor":{"x":0.5,"y":1},"scale":{"x":1,"y":1},"rotation":8,"depth":0,"data":"","position":{"x":6899,"y":-1135}},{"id":"rock04_01","texture":"theme_001_scenery_rock_001","anchor":{"x":0.5,"y":1},"scale":{"x":1,"y":1},"rotation":0,"depth":0,"data":"","position":{"x":9198,"y":-503}},{"id":"rock04_01","texture":"theme_001_scenery_rock_001","anchor":{"x":0.5,"y":1},"scale":{"x":1,"y":1},"rotation":-10,"depth":0,"data":"","position":{"x":12704,"y":-367}},{"id":"rock04_01","texture":"theme_001_scenery_rock_001","anchor":{"x":0.5,"y":1},"scale":{"x":1,"y":1},"rotation":0,"depth":0,"data":"","position":{"x":17709,"y":-628}},{"id":"rock06_01","texture":"theme_001_scenery_rock_003","anchor":{"x":0.5,"y":1},"scale":{"x":1,"y":1},"rotation":-5,"depth":0,"data":"","position":{"x":17974,"y":-653}},{"id":"cactus02_01","texture":"theme_001_scenery_cacti_002","anchor":{"x":0.5,"y":1},"scale":{"x":1,"y":1},"rotation":-7,"depth":0,"data":"","position":{"x":18228,"y":-1559}},{"id":"rock06_01","texture":"theme_001_scenery_rock_003","anchor":{"x":0.5,"y":1},"scale":{"x":1,"y":1},"rotation":13,"depth":0,"data":"","position":{"x":-266,"y":51}},{"id":"rock09_01","texture":"theme_001_scenery_rock_006","anchor":{"x":0.5,"y":1},"scale":{"x":1,"y":1},"rotation":0,"depth":0,"data":"","position":{"x":17484,"y":-628}},{"id":"rock09_01","texture":"theme_001_scenery_rock_006","anchor":{"x":0.5,"y":1},"scale":{"x":1,"y":1},"rotation":0,"depth":0,"data":"","position":{"x":18325,"y":-1559}},{"id":"rock09_01","texture":"theme_001_scenery_rock_006","anchor":{"x":0.5,"y":1},"scale":{"x":1,"y":1},"rotation":17,"depth":0,"data":"","position":{"x":14346,"y":-474}},{"id":"rock08_01","texture":"theme_001_scenery_rock_005","anchor":{"x":0.5,"y":1},"scale":{"x":1,"y":1},"rotation":0,"depth":0,"data":"","position":{"x":15878,"y":-481}},{"id":"rock08_01","texture":"theme_001_scenery_rock_005","anchor":{"x":0.5,"y":1},"scale":{"x":1,"y":1},"rotation":0,"depth":0,"data":"","position":{"x":13749,"y":-478}},{"id":"rock08_01","texture":"theme_001_scenery_rock_005","anchor":{"x":0.5,"y":1},"scale":{"x":1,"y":1},"rotation":0,"depth":0,"data":"","position":{"x":18200,"y":-1562}},{"id":"cactus02_01","texture":"theme_001_scenery_cacti_002","anchor":{"x":0.5,"y":1},"scale":{"x":1.4,"y":1.4},"rotation":6,"depth":0,"data":"","position":{"x":13548,"y":-467}},{"id":"barrel03_01","texture":"theme_001_scenery_barrel_003","anchor":{"x":0.5,"y":1},"scale":{"x":1,"y":1},"rotation":8,"depth":0,"data":"","position":{"x":9251,"y":134}},{"id":"barrel01_01","texture":"theme_001_scenery_barrel_001","anchor":{"x":0.5,"y":1},"scale":{"x":1,"y":1},"rotation":-16,"depth":0,"data":"","position":{"x":9792,"y":-707}},{"id":"skull_01","texture":"theme_001_scenery_skull","anchor":{"x":0.5,"y":1},"scale":{"x":1,"y":1},"rotation":0,"depth":0,"data":"","position":{"x":7442,"y":-1135}},{"id":"brick_01","texture":"theme_001_scenery_brick_sign","anchor":{"x":0.5,"y":1},"scale":{"x":1,"y":1},"rotation":0,"depth":0,"data":"","position":{"x":2929,"y":-467}},{"id":"skull_01","texture":"theme_001_scenery_skull","anchor":{"x":0.5,"y":1},"scale":{"x":1,"y":1},"rotation":0,"depth":0,"data":"","position":{"x":11119,"y":-514}},{"id":"cactus02_01","texture":"theme_001_scenery_cacti_002","anchor":{"x":0.5,"y":1},"scale":{"x":1.6,"y":1.6},"rotation":6,"depth":0,"data":"","position":{"x":10064,"y":-843}},{"id":"cactus01_01","texture":"theme_001_scenery_cacti_001","anchor":{"x":0.5,"y":1},"scale":{"x":1,"y":1},"rotation":0,"depth":0,"data":"","position":{"x":11209,"y":-524}},{"id":"cactus01_01","texture":"theme_001_scenery_cacti_001","anchor":{"x":0.5,"y":1},"scale":{"x":1.1,"y":1.1},"rotation":-5,"depth":0,"data":"","position":{"x":8561,"y":-213}},{"id":"cactus01_01","texture":"theme_001_scenery_cacti_001","anchor":{"x":0.5,"y":1},"scale":{"x":1.4,"y":1.4},"rotation":4,"depth":0,"data":"","position":{"x":7556,"y":-227}},{"id":"cactus02_01","texture":"theme_001_scenery_cacti_002","anchor":{"x":0.5,"y":1},"scale":{"x":1.3,"y":1.3},"rotation":-7,"depth":0,"data":"","position":{"x":6829,"y":-1133}},{"id":"cactus02_01","texture":"theme_001_scenery_cacti_002","anchor":{"x":0.5,"y":1},"scale":{"x":1,"y":1},"rotation":-7,"depth":0,"data":"","position":{"x":4983,"y":120}},{"id":"cactus02_01","texture":"theme_001_scenery_cacti_002","anchor":{"x":0.5,"y":1},"scale":{"x":1.3,"y":1.3},"rotation":4,"depth":-1,"data":"","position":{"x":1366,"y":-299}},{"id":"rock05_01","texture":"theme_001_scenery_rock_002","anchor":{"x":0.5,"y":1},"scale":{"x":1,"y":1},"rotation":0,"depth":0,"data":"","position":{"x":6536,"y":-224}},{"id":"rock05_01","texture":"theme_001_scenery_rock_002","anchor":{"x":0.5,"y":1},"scale":{"x":1,"y":1},"rotation":-25,"depth":0,"data":"","position":{"x":9835,"y":-98}},{"id":"rock05_01","texture":"theme_001_scenery_rock_002","anchor":{"x":0.5,"y":1},"scale":{"x":1,"y":1},"rotation":-43,"depth":0,"data":"","position":{"x":5420,"y":-120}},{"id":"barrel03_01","texture":"theme_001_scenery_barrel_003","anchor":{"x":0.5,"y":1},"scale":{"x":1,"y":1},"rotation":-7,"depth":-1,"data":"","position":{"x":7520,"y":-234}},{"id":"barrel03_01","texture":"theme_001_scenery_barrel_003","anchor":{"x":0.5,"y":1},"scale":{"x":1,"y":1},"rotation":0,"depth":-1,"data":"","position":{"x":17763,"y":-642}},{"id":"barrel02_01","texture":"theme_001_scenery_barrel_002","anchor":{"x":0.5,"y":1},"scale":{"x":1,"y":1},"rotation":13,"depth":0,"data":"","position":{"x":7386,"y":-1140}},{"id":"barrel02_01","texture":"theme_001_scenery_barrel_002","anchor":{"x":0.5,"y":1},"scale":{"x":1,"y":1},"rotation":-5,"depth":1,"data":"","position":{"x":3108,"y":-463}},{"id":"barrel01_01","texture":"theme_001_scenery_barrel_001","anchor":{"x":0.5,"y":1},"scale":{"x":1,"y":1},"rotation":0,"depth":0,"data":"","position":{"x":1230,"y":245}},{"id":"barrel02_01","texture":"theme_001_scenery_barrel_002","anchor":{"x":0.5,"y":1},"scale":{"x":1,"y":1},"rotation":10,"depth":-1,"data":"","position":{"x":1294,"y":245}},{"id":"rock04_01","texture":"theme_001_scenery_rock_001","anchor":{"x":0.5,"y":1},"scale":{"x":1,"y":1},"rotation":0,"depth":0,"data":"","position":{"x":1101,"y":249}},{"id":"rock08_01","texture":"theme_001_scenery_rock_005","anchor":{"x":0.5,"y":1},"scale":{"x":1,"y":1},"rotation":0,"depth":0,"data":"","position":{"x":2661,"y":-474}},{"id":"cactus02_01","texture":"theme_001_scenery_cacti_002","anchor":{"x":0.5,"y":1},"scale":{"x":1,"y":1},"rotation":-1,"depth":0,"data":"","position":{"x":9158,"y":138}},{"id":"cactus02_01","texture":"theme_001_scenery_cacti_002","anchor":{"x":0.5,"y":1},"scale":{"x":1.4,"y":1.4},"rotation":6,"depth":-1,"data":"","position":{"x":-158,"y":63}},{"id":"cactus01_01","texture":"theme_001_scenery_cacti_001","anchor":{"x":0.5,"y":1},"scale":{"x":1,"y":1},"rotation":-5,"depth":0,"data":"","position":{"x":940,"y":220}},{"id":"rock05_01","texture":"theme_001_scenery_rock_002","anchor":{"x":0.5,"y":1},"scale":{"x":1,"y":1},"rotation":0,"depth":0,"data":"","position":{"x":6175,"y":-467}},{"id":"rock08_01","texture":"theme_001_scenery_rock_005","anchor":{"x":0.5,"y":1},"scale":{"x":1,"y":1},"rotation":0,"depth":0,"data":"","position":{"x":8908,"y":-217}},{"id":"rock07_01","texture":"theme_001_scenery_rock_004","anchor":{"x":0.5,"y":1},"scale":{"x":1,"y":1},"rotation":17,"depth":0,"data":"","position":{"x":8003,"y":-556}}]},{"name":"obstacles","depth":-2,"paths":[],"objects":[{"id":"level_gameover","texture":"level_gameover","anchor":{"x":0.5,"y":0.5},"scale":{"x":5,"y":5},"rotation":0,"depth":0,"data":"","position":{"x":12113,"y":252}},{"id":"level_gameover","texture":"level_gameover","anchor":{"x":0.5,"y":0.5},"scale":{"x":2.8,"y":2.8},"rotation":0,"depth":0,"data":"","position":{"x":7710,"y":206}},{"id":"level_end","texture":"level_end","anchor":{"x":0.5,"y":0.5},"scale":{"x":5,"y":5},"rotation":0,"depth":0,"data":"","position":{"x":16991,"y":-777}},{"id":"level_gameover","texture":"level_gameover","anchor":{"x":0.5,"y":0.5},"scale":{"x":5,"y":5},"rotation":0,"depth":0,"data":"","position":{"x":14718,"y":119}},{"id":"level_gameover","texture":"level_gameover","anchor":{"x":0.5,"y":0.5},"scale":{"x":6.2,"y":6.2},"rotation":0,"depth":0,"data":"","position":{"x":15432,"y":175}},{"id":"teleport_01","texture":"theme_001_obstacle_teleport_off","anchor":{"x":0.5,"y":1},"scale":{"x":1,"y":1},"rotation":0,"depth":0,"data":"{ \"in\":1,\"out\":2 }","position":{"x":4623,"y":313}},{"id":"teleport_01","texture":"theme_001_obstacle_teleport_off","anchor":{"x":0.5,"y":1},"scale":{"x":1,"y":1},"rotation":-1,"depth":0,"data":"{ \"in\":2,\"out\":2 }","position":{"x":7132,"y":-1145}},{"id":"level_gameover","texture":"level_gameover","anchor":{"x":0.5,"y":0.5},"scale":{"x":2.7,"y":2.7},"rotation":0,"depth":0,"data":"","position":{"x":9047,"y":533}},{"id":"level_gameover","texture":"level_gameover","anchor":{"x":0.5,"y":0.5},"scale":{"x":2.8,"y":2.8},"rotation":0,"depth":0,"data":"","position":{"x":8455,"y":291}},{"id":"level_gameover","texture":"level_gameover","anchor":{"x":0.5,"y":0.5},"scale":{"x":5,"y":5},"rotation":0,"depth":0,"data":"","position":{"x":11467,"y":252}},{"id":"level_gameover","texture":"level_gameover","anchor":{"x":0.5,"y":0.5},"scale":{"x":2.5,"y":2.5},"rotation":0,"depth":0,"data":"","position":{"x":6337,"y":228}},{"id":"spike02_01","texture":"theme_001_obstacle_spike_large_off","anchor":{"x":0.5,"y":1},"scale":{"x":1,"y":1},"rotation":-7,"depth":0,"data":"","position":{"x":6804,"y":-252}},{"id":"spike02_01","texture":"theme_001_obstacle_spike_large_off","anchor":{"x":0.5,"y":1},"scale":{"x":1,"y":1},"rotation":-1,"depth":0,"data":"","position":{"x":7191,"y":-270}},{"id":"fire_on_01","texture":"theme_001_obstacle_flame_on","anchor":{"x":0.5,"y":1},"scale":{"x":1,"y":1},"rotation":0,"depth":0,"data":"","position":{"x":2557,"y":-478}},{"id":"fire_on_01","texture":"theme_001_obstacle_flame_on","anchor":{"x":0.5,"y":1},"scale":{"x":1,"y":1},"rotation":0,"depth":0,"data":"","position":{"x":3294,"y":-474}},{"id":"fire_on_01","texture":"theme_001_obstacle_flame_on","anchor":{"x":0.5,"y":1},"scale":{"x":1,"y":1},"rotation":0,"depth":0,"data":"","position":{"x":13888,"y":-478}},{"id":"finish_01","texture":"theme_001_obstacle_finish","anchor":{"x":0.5,"y":1},"scale":{"x":1,"y":1},"rotation":-10,"depth":0,"data":"","position":{"x":16196,"y":-510}},{"id":"hint","texture":"hint","anchor":{"x":0.5,"y":0.5},"scale":{"x":5.9,"y":5.9},"rotation":0,"depth":0,"data":"{ \"id\" : \"xlr8\" }","position":{"x":1237,"y":-138}}]},{"name":"platforms","depth":0,"paths":[{"closed":false,"depth":0,"collisions":1,"texFill":"theme_01_fill","texGround":"theme_01_ground","texGroundEdge":"theme_01_ground_edge","texWall":"theme_01_wall","texFillPadding":512,"texFillSize":256,"texGroundSize":160,"texGroundDelta":0.3,"texWallSize":160,"texWallDelta":0.1,"texWallAngle":70,"texGroundEdgeSide":"","data":"","points":[{"x":-2384,"y":-1072},{"x":-2352,"y":-1072},{"x":-352,"y":-624},{"x":-320,"y":-624},{"x":-320,"y":-560},{"x":-320,"y":-80},{"x":-320,"y":16},{"x":-224,"y":16},{"x":-192,"y":64},{"x":-64,"y":64},{"x":144,"y":64},{"x":144,"y":64},{"x":352,"y":64},{"x":816,"y":64},{"x":816,"y":240},{"x":1264,"y":240},{"x":1808,"y":240},{"x":1808,"y":-480},{"x":2336,"y":-480},{"x":2960,"y":-480},{"x":2960,"y":-480},{"x":3600,"y":-480},{"x":4112,"y":-480},{"x":4112,"y":320},{"x":4624,"y":320},{"x":4976,"y":320},{"x":4976,"y":-80},{"x":5344,"y":-80},{"x":5440,"y":-80},{"x":5616,"y":-480},{"x":5712,"y":-480},{"x":5824,"y":-480},{"x":6144,"y":-512},{"x":6224,"y":-496},{"x":6224,"y":-432},{"x":6224,"y":720},{"x":6224,"y":752}],"bounds":[-2384,6224]},{"closed":true,"depth":0,"collisions":1,"texFill":"theme_01_fill","texGround":"theme_01_ground","texGroundEdge":"theme_01_ground_edge","texWall":"theme_01_wall","texFillPadding":512,"texFillSize":256,"texGroundSize":160,"texGroundDelta":0.5,"texWallSize":160,"texWallDelta":0.1,"texWallAngle":70,"texGroundEdgeSide":"","data":"","points":[{"x":848,"y":-144},{"x":1040,"y":-144},{"x":1168,"y":-272},{"x":1360,"y":-272},{"x":1344,"y":-272},{"x":1344,"y":16},{"x":1328,"y":16},{"x":1232,"y":16},{"x":1232,"y":48},{"x":1136,"y":48},{"x":1072,"y":48},{"x":1072,"y":-96},{"x":992,"y":-96},{"x":976,"y":-96},{"x":880,"y":-144},{"x":848,"y":-144}],"bounds":[848,1360]},{"closed":false,"depth":0,"collisions":1,"texFill":"theme_01_fill","texGround":"theme_01_ground","texGroundEdge":"theme_01_ground_edge","texWall":"theme_01_wall","texFillPadding":576,"texFillSize":256,"texGroundSize":160,"texGroundDelta":0.3,"texWallSize":160,"texWallDelta":0.1,"texWallAngle":70,"texGroundEdgeSide":"","data":"","points":[{"x":6480,"y":832},{"x":6480,"y":608},{"x":6496,"y":-160},{"x":6480,"y":-240},{"x":6816,"y":-240},{"x":6800,"y":-272},{"x":7152,"y":-272},{"x":7360,"y":-272},{"x":7440,"y":-256},{"x":7568,"y":-224},{"x":7568,"y":-224},{"x":7552,"y":784},{"x":7552,"y":816}],"bounds":[6480,7568]},{"closed":true,"depth":0,"collisions":1,"texFill":"theme_01_fill","texGround":"theme_01_ground","texGroundEdge":"theme_01_ground_edge","texWall":"theme_01_wall","texFillPadding":512,"texFillSize":256,"texGroundSize":160,"texGroundDelta":0.35,"texWallSize":160,"texWallDelta":0.1,"texWallAngle":70,"texGroundEdgeSide":"","data":"","points":[{"x":6864,"y":-1136},{"x":7088,"y":-1136},{"x":7152,"y":-1136},{"x":7392,"y":-1136},{"x":7344,"y":-1136},{"x":7344,"y":-704},{"x":7296,"y":-704},{"x":7120,"y":-704},{"x":7120,"y":-512},{"x":6960,"y":-512},{"x":6912,"y":-512},{"x":6912,"y":-976},{"x":6864,"y":-976},{"x":6864,"y":-976},{"x":6864,"y":-1136},{"x":6864,"y":-1136}],"bounds":[6864,7392]},{"closed":false,"depth":0,"collisions":1,"texFill":"theme_01_fill","texGround":"theme_01_ground","texGroundEdge":"theme_01_ground_edge","texWall":"theme_01_wall","texFillPadding":576,"texFillSize":256,"texGroundSize":160,"texGroundDelta":0.3,"texWallSize":160,"texWallDelta":0.1,"texWallAngle":70,"texGroundEdgeSide":"","data":"","points":[{"x":7872,"y":832},{"x":7888,"y":688},{"x":7808,"y":-592},{"x":7792,"y":-528},{"x":8000,"y":-528},{"x":8144,"y":-672},{"x":8352,"y":-672},{"x":8352,"y":-608},{"x":8272,"y":800},{"x":8272,"y":832}],"bounds":[7792,8352]},{"closed":false,"depth":0,"collisions":1,"texFill":"theme_01_fill","texGround":"theme_01_ground","texGroundEdge":"theme_01_ground_edge","texWall":"theme_01_wall","texFillPadding":512,"texFillSize":256,"texGroundSize":160,"texGroundDelta":0.35,"texWallSize":160,"texWallDelta":0.1,"texWallAngle":70,"texGroundEdgeSide":"","data":"","points":[{"x":8592,"y":896},{"x":8592,"y":736},{"x":8592,"y":-208},{"x":8592,"y":-208},{"x":8752,"y":-208},{"x":8752,"y":-208},{"x":8896,"y":-208},{"x":8896,"y":-192},{"x":8912,"y":880},{"x":8912,"y":896}],"bounds":[8592,8912]},{"closed":true,"depth":0,"collisions":1,"texFill":"theme_01_fill","texGround":"theme_01_ground","texGroundEdge":"theme_01_ground_edge","texWall":"theme_01_wall","texFillPadding":512,"texFillSize":256,"texGroundSize":160,"texGroundDelta":0.4,"texWallSize":128,"texWallDelta":0.1,"texWallAngle":70,"texGroundEdgeSide":"","data":"","points":[{"x":9152,"y":-496},{"x":9312,"y":-496},{"x":9312,"y":-512},{"x":9472,"y":-512},{"x":9456,"y":-512},{"x":9424,"y":-112},{"x":9296,"y":-112},{"x":9264,"y":-112},{"x":9184,"y":-496},{"x":9152,"y":-496}],"bounds":[9152,9472]},{"closed":false,"depth":0,"collisions":1,"texFill":"theme_01_fill","texGround":"theme_01_ground","texGroundEdge":"theme_01_ground_edge","texWall":"theme_01_wall","texFillPadding":512,"texFillSize":256,"texGroundSize":160,"texGroundDelta":0.35,"texWallSize":160,"texWallDelta":0.1,"texWallAngle":70,"texGroundEdgeSide":"","data":"","points":[{"x":9168,"y":880},{"x":9184,"y":672},{"x":9184,"y":288},{"x":9168,"y":144},{"x":9440,"y":144},{"x":9440,"y":-64},{"x":9712,"y":-64},{"x":9968,"y":-64},{"x":9968,"y":-336},{"x":10240,"y":-336},{"x":10688,"y":-336},{"x":10752,"y":-512},{"x":11184,"y":-512},{"x":11184,"y":-448},{"x":11088,"y":1024},{"x":11088,"y":1056}],"bounds":[9168,11184]},{"closed":true,"depth":0,"collisions":1,"texFill":"theme_01_fill","texGround":"theme_01_ground","texGroundEdge":"theme_01_ground_edge","texWall":"theme_01_wall","texFillPadding":512,"texFillSize":256,"texGroundSize":160,"texGroundDelta":0.4,"texWallSize":160,"texWallDelta":0.1,"texWallAngle":70,"texGroundEdgeSide":"","data":"","points":[{"x":9712,"y":-672},{"x":9872,"y":-672},{"x":9888,"y":-832},{"x":10064,"y":-832},{"x":10048,"y":-832},{"x":10048,"y":-528},{"x":10032,"y":-528},{"x":9952,"y":-528},{"x":9936,"y":-560},{"x":9856,"y":-560},{"x":9840,"y":-560},{"x":9728,"y":-672},{"x":9712,"y":-672}],"bounds":[9712,10064]},{"closed":true,"depth":0,"collisions":1,"texFill":"theme_01_fill","texGround":"theme_01_ground","texGroundEdge":"theme_01_ground_edge","texWall":"theme_01_wall","texFillPadding":512,"texFillSize":256,"texGroundSize":160,"texGroundDelta":0.35,"texWallSize":160,"texWallDelta":0.1,"texWallAngle":70,"texGroundEdgeSide":"","data":"","points":[{"x":11536,"y":-496},{"x":11776,"y":-496},{"x":11776,"y":-496},{"x":12000,"y":-496},{"x":11984,"y":-496},{"x":11984,"y":-304},{"x":11968,"y":-304},{"x":11920,"y":-304},{"x":11920,"y":-176},{"x":11856,"y":-176},{"x":11760,"y":-176},{"x":11760,"y":-256},{"x":11664,"y":-256},{"x":11616,"y":-256},{"x":11616,"y":-368},{"x":11568,"y":-368},{"x":11552,"y":-368},{"x":11552,"y":-448},{"x":11520,"y":-448}],"bounds":[11520,12000]},{"closed":false,"depth":0,"collisions":1,"texFill":"theme_01_fill","texGround":"theme_01_ground","texGroundEdge":"theme_01_ground_edge","texWall":"theme_01_wall","texFillPadding":1024,"texFillSize":256,"texGroundSize":160,"texGroundDelta":0.3,"texWallSize":160,"texWallDelta":0.1,"texWallAngle":70,"texGroundEdgeSide":"","data":"","points":[{"x":12448,"y":1072},{"x":12464,"y":816},{"x":12416,"y":-224},{"x":12432,"y":-224},{"x":12432,"y":-224},{"x":12400,"y":-320},{"x":12416,"y":-320},{"x":12752,"y":-320},{"x":12752,"y":-480},{"x":13104,"y":-480},{"x":13616,"y":-480},{"x":13296,"y":-480},{"x":13712,"y":-480},{"x":13840,"y":-480},{"x":14144,"y":-480},{"x":14464,"y":-480},{"x":14464,"y":-304},{"x":14368,"y":880},{"x":14368,"y":992}],"bounds":[12400,14464]},{"closed":false,"depth":0,"collisions":1,"texFill":"theme_01_fill","texGround":"theme_01_ground","texGroundEdge":"theme_01_ground_edge","texWall":"theme_01_wall","texFillPadding":512,"texFillSize":256,"texGroundSize":160,"texGroundDelta":0.3,"texWallSize":160,"texWallDelta":0.1,"texWallAngle":70,"texGroundEdgeSide":"","data":"","points":[{"x":15920,"y":1136},{"x":15936,"y":944},{"x":15744,"y":-448},{"x":15744,"y":-480},{"x":16128,"y":-480},{"x":16368,"y":-560},{"x":16656,"y":-560},{"x":17008,"y":-560},{"x":17280,"y":-640},{"x":17616,"y":-640},{"x":17840,"y":-640},{"x":17840,"y":-672},{"x":18064,"y":-672},{"x":18128,"y":-672},{"x":18128,"y":-1568},{"x":18176,"y":-1568},{"x":18576,"y":-1568},{"x":18576,"y":-1552},{"x":18976,"y":-1552},{"x":19216,"y":-1552},{"x":19216,"y":-1552},{"x":19472,"y":-1552},{"x":19616,"y":-1552},{"x":21040,"y":-1616},{"x":21200,"y":-1616}],"bounds":[15744,21200]}],"objects":[{"id":"platform_01","texture":"theme_001_obstacle_falling_platform","anchor":{"x":0.5,"y":0},"scale":{"x":1,"y":1},"rotation":0,"depth":-1,"data":"","position":{"x":14552,"y":-484}},{"id":"platform_01","texture":"theme_001_obstacle_falling_platform","anchor":{"x":0.5,"y":0},"scale":{"x":1,"y":1},"rotation":0,"depth":0,"data":"","position":{"x":14777,"y":-484}},{"id":"platform_01","texture":"theme_001_obstacle_falling_platform","anchor":{"x":0.5,"y":0},"scale":{"x":1,"y":1},"rotation":0,"depth":0,"data":"","position":{"x":15001,"y":-484}},{"id":"platform_01","texture":"theme_001_obstacle_falling_platform","anchor":{"x":0.5,"y":0},"scale":{"x":1,"y":1},"rotation":0,"depth":0,"data":"","position":{"x":15226,"y":-484}},{"id":"platform_01","texture":"theme_001_obstacle_falling_platform","anchor":{"x":0.5,"y":0},"scale":{"x":1,"y":1},"rotation":0,"depth":0,"data":"","position":{"x":15450,"y":-484}},{"id":"platform_01","texture":"theme_001_obstacle_falling_platform","anchor":{"x":0.5,"y":0},"scale":{"x":1,"y":1},"rotation":0,"depth":-1,"data":"","position":{"x":15676,"y":-484}}]},{"name":"enemies","depth":1,"paths":[],"objects":[{"id":"maggot_01","texture":"maggot_01","anchor":{"x":0.5,"y":1},"scale":{"x":1,"y":1},"rotation":0,"depth":0,"data":"{ \"left\": 300, \"right\": 300, \"orientation\": \"left\" }","position":{"x":13448,"y":-481}}]},{"name":"pickups","depth":2,"paths":[],"objects":[{"id":"coin","texture":"pick_up","anchor":{"x":0.5,"y":0.5},"scale":{"x":1,"y":1},"rotation":0,"depth":0,"data":"","position":{"x":1723,"y":-242}},{"id":"coin","texture":"pick_up","anchor":{"x":0.5,"y":0.5},"scale":{"x":1,"y":1},"rotation":0,"depth":0,"data":"","position":{"x":1871,"y":-416}},{"id":"coin","texture":"pick_up","anchor":{"x":0.5,"y":0.5},"scale":{"x":1,"y":1},"rotation":0,"depth":0,"data":"","position":{"x":12729,"y":-555}},{"id":"coin","texture":"pick_up","anchor":{"x":0.5,"y":0.5},"scale":{"x":1,"y":1},"rotation":0,"depth":0,"data":"","position":{"x":12918,"y":-606}},{"id":"coin","texture":"pick_up","anchor":{"x":0.5,"y":0.5},"scale":{"x":1,"y":1},"rotation":0,"depth":0,"data":"","position":{"x":11773,"y":-713}},{"id":"coin","texture":"pick_up","anchor":{"x":0.5,"y":0.5},"scale":{"x":1,"y":1},"rotation":0,"depth":0,"data":"","position":{"x":11720,"y":-620}},{"id":"coin","texture":"pick_up","anchor":{"x":0.5,"y":0.5},"scale":{"x":1,"y":1},"rotation":0,"depth":0,"data":"","position":{"x":11829,"y":-618}},{"id":"coin","texture":"pick_up","anchor":{"x":0.5,"y":0.5},"scale":{"x":1,"y":1},"rotation":0,"depth":0,"data":"","position":{"x":15685,"y":-636}},{"id":"coin","texture":"pick_up","anchor":{"x":0.5,"y":0.5},"scale":{"x":1,"y":1},"rotation":0,"depth":0,"data":"","position":{"x":11081,"y":-673}},{"id":"coin","texture":"pick_up","anchor":{"x":0.5,"y":0.5},"scale":{"x":1,"y":1},"rotation":0,"depth":0,"data":"","position":{"x":10875,"y":-628}},{"id":"coin","texture":"pick_up","anchor":{"x":0.5,"y":0.5},"scale":{"x":1,"y":1},"rotation":0,"depth":0,"data":"","position":{"x":10676,"y":-569}},{"id":"coin","texture":"pick_up","anchor":{"x":0.5,"y":0.5},"scale":{"x":1,"y":1},"rotation":0,"depth":0,"data":"","position":{"x":10460,"y":-520}},{"id":"coin","texture":"pick_up","anchor":{"x":0.5,"y":0.5},"scale":{"x":1,"y":1},"rotation":0,"depth":0,"data":"","position":{"x":14494,"y":-642}},{"id":"coin","texture":"pick_up","anchor":{"x":0.5,"y":0.5},"scale":{"x":1,"y":1},"rotation":0,"depth":0,"data":"","position":{"x":885,"y":46}},{"id":"coin","texture":"pick_up","anchor":{"x":0.5,"y":0.5},"scale":{"x":1,"y":1},"rotation":0,"depth":0,"data":"","position":{"x":8671,"y":-343}},{"id":"coin","texture":"pick_up","anchor":{"x":0.5,"y":0.5},"scale":{"x":1,"y":1},"rotation":0,"depth":0,"data":"","position":{"x":245,"y":-65}},{"id":"coin","texture":"pick_up","anchor":{"x":0.5,"y":0.5},"scale":{"x":1,"y":1},"rotation":0,"depth":0,"data":"","position":{"x":468,"y":-60}},{"id":"coin","texture":"pick_up","anchor":{"x":0.5,"y":0.5},"scale":{"x":1,"y":1},"rotation":0,"depth":0,"data":"","position":{"x":676,"y":-31}},{"id":"coin","texture":"pick_up","anchor":{"x":0.5,"y":0.5},"scale":{"x":1,"y":1},"rotation":0,"depth":0,"data":"","position":{"x":12533,"y":-492}},{"id":"coin","texture":"pick_up","anchor":{"x":0.5,"y":0.5},"scale":{"x":1,"y":1},"rotation":0,"depth":0,"data":"","position":{"x":1583,"y":-77}},{"id":"coin","texture":"pick_up","anchor":{"x":0.5,"y":0.5},"scale":{"x":1,"y":1},"rotation":0,"depth":0,"data":"","position":{"x":8788,"y":-336}},{"id":"coin","texture":"pick_up","anchor":{"x":0.5,"y":0.5},"scale":{"x":1,"y":1},"rotation":0,"depth":0,"data":"","position":{"x":2054,"y":-553}},{"id":"coin","texture":"pick_up","anchor":{"x":0.5,"y":0.5},"scale":{"x":1,"y":1},"rotation":0,"depth":0,"data":"","position":{"x":2267,"y":-600}},{"id":"coin","texture":"pick_up","anchor":{"x":0.5,"y":0.5},"scale":{"x":1,"y":1},"rotation":0,"depth":0,"data":"","position":{"x":15104,"y":-641}},{"id":"coin","texture":"pick_up","anchor":{"x":0.5,"y":0.5},"scale":{"x":1,"y":1},"rotation":0,"depth":0,"data":"","position":{"x":15393,"y":-641}},{"id":"sumocard","texture":"pick_up_card","anchor":{"x":0.5,"y":0.5},"scale":{"x":1,"y":1},"rotation":0,"depth":0,"data":"","position":{"x":7001,"y":-380}},{"id":"coin","texture":"pick_up","anchor":{"x":0.5,"y":0.5},"scale":{"x":1,"y":1},"rotation":0,"depth":0,"data":"","position":{"x":5160,"y":-230}},{"id":"coin","texture":"pick_up","anchor":{"x":0.5,"y":0.5},"scale":{"x":1,"y":1},"rotation":0,"depth":0,"data":"","position":{"x":14801,"y":-639}},{"id":"coin","texture":"pick_up","anchor":{"x":0.5,"y":0.5},"scale":{"x":1,"y":1},"rotation":0,"depth":0,"data":"","position":{"x":8734,"y":-447}},{"id":"time","texture":"pick_up_time","anchor":{"x":0.5,"y":0.5},"scale":{"x":1,"y":1},"rotation":0,"depth":0,"data":"","position":{"x":9306,"y":-685}},{"id":"coin","texture":"pick_up","anchor":{"x":0.5,"y":0.5},"scale":{"x":1,"y":1},"rotation":0,"depth":0,"data":"","position":{"x":5530,"y":-530}},{"id":"coin","texture":"pick_up","anchor":{"x":0.5,"y":0.5},"scale":{"x":1,"y":1},"rotation":0,"depth":0,"data":"","position":{"x":7857,"y":-668}},{"id":"coin","texture":"pick_up","anchor":{"x":0.5,"y":0.5},"scale":{"x":1,"y":1},"rotation":0,"depth":0,"data":"","position":{"x":8054,"y":-754}},{"id":"coin","texture":"pick_up","anchor":{"x":0.5,"y":0.5},"scale":{"x":1,"y":1},"rotation":0,"depth":0,"data":"","position":{"x":8257,"y":-807}},{"id":"time","texture":"pick_up_time","anchor":{"x":0.5,"y":0.5},"scale":{"x":1,"y":1},"rotation":0,"depth":0,"data":"","position":{"x":1068,"y":-369}},{"id":"coin","texture":"pick_up","anchor":{"x":0.5,"y":0.5},"scale":{"x":1,"y":1},"rotation":0,"depth":0,"data":"","position":{"x":4055,"y":-359}},{"id":"coin","texture":"pick_up","anchor":{"x":0.5,"y":0.5},"scale":{"x":1,"y":1},"rotation":0,"depth":0,"data":"","position":{"x":4219,"y":-192}},{"id":"coin","texture":"pick_up","anchor":{"x":0.5,"y":0.5},"scale":{"x":1,"y":1},"rotation":0,"depth":0,"data":"","position":{"x":4351,"y":0}},{"id":"coin","texture":"pick_up","anchor":{"x":0.5,"y":0.5},"scale":{"x":1,"y":1},"rotation":0,"depth":0,"data":"","position":{"x":5362,"y":-359}}]}],"length":16351}