{"name":"xlr83","layers":[{"name":"beauty","depth":0,"paths":[],"objects":[{"id":"money_03","texture":"theme_003_scenery_money","anchor":{"x":0.5,"y":1},"scale":{"x":1,"y":1},"rotation":0,"depth":0,"data":"","position":{"x":-2574,"y":-849}},{"id":"finish_03","texture":"theme_003_obstacle_finish","anchor":{"x":0.5,"y":1},"scale":{"x":1,"y":1},"rotation":0,"depth":0,"data":"","position":{"x":17114,"y":-2367}},{"id":"ropes_03","texture":"theme_003_scenery_ropes","anchor":{"x":0.5,"y":1},"scale":{"x":1,"y":1},"rotation":0,"depth":0,"data":"","position":{"x":852,"y":103}},{"id":"ropes_03","texture":"theme_003_scenery_ropes","anchor":{"x":0.5,"y":1},"scale":{"x":1,"y":1},"rotation":0,"depth":0,"data":"","position":{"x":2006,"y":109}},{"id":"ropes_03","texture":"theme_003_scenery_ropes","anchor":{"x":0.5,"y":1},"scale":{"x":1,"y":1},"rotation":-12,"depth":0,"data":"","position":{"x":8029,"y":-850}},{"id":"ropes_03","texture":"theme_003_scenery_ropes","anchor":{"x":0.5,"y":1},"scale":{"x":1,"y":1},"rotation":-12,"depth":0,"data":"","position":{"x":7830,"y":-807}},{"id":"ropes_03","texture":"theme_003_scenery_ropes","anchor":{"x":0.5,"y":1},"scale":{"x":1,"y":1},"rotation":0,"depth":0,"data":"","position":{"x":13101,"y":-138}},{"id":"ropes_03","texture":"theme_003_scenery_ropes","anchor":{"x":0.5,"y":1},"scale":{"x":1,"y":1},"rotation":0,"depth":0,"data":"","position":{"x":14031,"y":-1976}},{"id":"ropes_03","texture":"theme_003_scenery_ropes","anchor":{"x":0.5,"y":1},"scale":{"x":1,"y":1},"rotation":0,"depth":0,"data":"","position":{"x":14335,"y":-1976}},{"id":"ropes_03","texture":"theme_003_scenery_ropes","anchor":{"x":0.5,"y":1},"scale":{"x":1,"y":1},"rotation":0,"depth":0,"data":"","position":{"x":13727,"y":-1975}},{"id":"ropes_03","texture":"theme_003_scenery_ropes","anchor":{"x":0.5,"y":1},"scale":{"x":1,"y":1},"rotation":0,"depth":0,"data":"","position":{"x":17775,"y":-2368}},{"id":"desk_03","texture":"theme_003_scenery_desk","anchor":{"x":0.5,"y":1},"scale":{"x":1,"y":1},"rotation":0,"depth":0,"data":"","position":{"x":10804,"y":-916}},{"id":"desk_03","texture":"theme_003_scenery_desk","anchor":{"x":0.5,"y":1},"scale":{"x":1,"y":1},"rotation":-10,"depth":0,"data":"","position":{"x":6183,"y":-612}},{"id":"desk_03","texture":"theme_003_scenery_desk","anchor":{"x":0.5,"y":1},"scale":{"x":1,"y":1},"rotation":0,"depth":1,"data":"","position":{"x":3247,"y":125}},{"id":"desk_03","texture":"theme_003_scenery_desk","anchor":{"x":0.5,"y":1},"scale":{"x":1,"y":1},"rotation":-5,"depth":0,"data":"","position":{"x":-612,"y":-901}},{"id":"desk_03","texture":"theme_003_scenery_desk","anchor":{"x":0.5,"y":1},"scale":{"x":1,"y":1},"rotation":4,"depth":0,"data":"","position":{"x":5302,"y":-1252}},{"id":"desk_03","texture":"theme_003_scenery_desk","anchor":{"x":0.5,"y":1},"scale":{"x":1,"y":1},"rotation":0,"depth":1,"data":"","position":{"x":12795,"y":-1968}},{"id":"desk_03","texture":"theme_003_scenery_desk","anchor":{"x":0.5,"y":1},"scale":{"x":1,"y":1},"rotation":0,"depth":1,"data":"","position":{"x":17532,"y":-2358}},{"id":"money_03","texture":"theme_003_scenery_money","anchor":{"x":0.5,"y":1},"scale":{"x":1,"y":1},"rotation":0,"depth":0,"data":"","position":{"x":13892,"y":-106}},{"id":"ropes_03","texture":"theme_003_scenery_ropes","anchor":{"x":0.5,"y":1},"scale":{"x":1,"y":1},"rotation":0,"depth":0,"data":"","position":{"x":547,"y":103}},{"id":"money_03","texture":"theme_003_scenery_money","anchor":{"x":0.5,"y":1},"scale":{"x":1,"y":1},"rotation":-12,"depth":0,"data":"","position":{"x":4782,"y":-132}},{"id":"money_03","texture":"theme_003_scenery_money","anchor":{"x":0.5,"y":1},"scale":{"x":1,"y":1},"rotation":0,"depth":0,"data":"","position":{"x":5789,"y":-385}},{"id":"money_03","texture":"theme_003_scenery_money","anchor":{"x":0.5,"y":1},"scale":{"x":1,"y":1},"rotation":0,"depth":0,"data":"","position":{"x":-814,"y":119}},{"id":"plant_03","texture":"theme_003_scenery_plant","anchor":{"x":0.5,"y":1},"scale":{"x":1,"y":1},"rotation":0,"depth":0,"data":"","position":{"x":-824,"y":-890}},{"id":"plant_03","texture":"theme_003_scenery_plant","anchor":{"x":0.5,"y":1},"scale":{"x":1,"y":1},"rotation":0,"depth":0,"data":"","position":{"x":291,"y":102}},{"id":"plant_03","texture":"theme_003_scenery_plant","anchor":{"x":0.5,"y":1},"scale":{"x":1,"y":1},"rotation":1,"depth":0,"data":"","position":{"x":2513,"y":-1148}},{"id":"plant_03","texture":"theme_003_scenery_plant","anchor":{"x":0.5,"y":1},"scale":{"x":1,"y":1},"rotation":0,"depth":0,"data":"","position":{"x":3225,"y":51}},{"id":"plant_03","texture":"theme_003_scenery_plant","anchor":{"x":0.5,"y":1},"scale":{"x":1,"y":1},"rotation":0,"depth":0,"data":"","position":{"x":4095,"y":-627}},{"id":"plant_03","texture":"theme_003_scenery_plant","anchor":{"x":0.5,"y":1},"scale":{"x":1,"y":1},"rotation":0,"depth":0,"data":"","position":{"x":4630,"y":-1413}},{"id":"plant_03","texture":"theme_003_scenery_plant","anchor":{"x":0.5,"y":1},"scale":{"x":1,"y":1},"rotation":0,"depth":0,"data":"","position":{"x":7032,"y":-759}},{"id":"plant_03","texture":"theme_003_scenery_plant","anchor":{"x":0.5,"y":1},"scale":{"x":1,"y":1},"rotation":0,"depth":0,"data":"","position":{"x":10096,"y":-911}},{"id":"plant_03","texture":"theme_003_scenery_plant","anchor":{"x":0.5,"y":1},"scale":{"x":1,"y":1},"rotation":0,"depth":0,"data":"","position":{"x":12775,"y":-2044}},{"id":"plant_03","texture":"theme_003_scenery_plant","anchor":{"x":0.5,"y":1},"scale":{"x":1,"y":1},"rotation":0,"depth":0,"data":"","position":{"x":15065,"y":-2003}},{"id":"plant_03","texture":"theme_003_scenery_plant","anchor":{"x":0.5,"y":1},"scale":{"x":1,"y":1},"rotation":0,"depth":0,"data":"","position":{"x":17512,"y":-2434}},{"id":"chair02_03","texture":"theme_003_scenery_chair","anchor":{"x":0.5,"y":1},"scale":{"x":1,"y":1},"rotation":0,"depth":0,"data":"","position":{"x":14789,"y":-2010}},{"id":"chair02_03","texture":"theme_003_scenery_chair","anchor":{"x":0.5,"y":1},"scale":{"x":1,"y":1},"rotation":-10,"depth":0,"data":"","position":{"x":6002,"y":-590}},{"id":"chair02_03","texture":"theme_003_scenery_chair","anchor":{"x":0.5,"y":1},"scale":{"x":1,"y":1},"rotation":0,"depth":0,"data":"","position":{"x":5008,"y":-410}},{"id":"chair02_03","texture":"theme_003_scenery_chair","anchor":{"x":0.5,"y":1},"scale":{"x":1,"y":1},"rotation":0,"depth":0,"data":"","position":{"x":-463,"y":103}},{"id":"chair02_03","texture":"theme_003_scenery_chair","anchor":{"x":0.5,"y":1},"scale":{"x":1,"y":1},"rotation":-5,"depth":0,"data":"","position":{"x":782,"y":-1026}},{"id":"chair02_03","texture":"theme_003_scenery_chair","anchor":{"x":0.5,"y":1},"scale":{"x":1,"y":1},"rotation":4,"depth":0,"data":"","position":{"x":2610,"y":-1145}},{"id":"plant_03","texture":"theme_003_scenery_plant","anchor":{"x":0.5,"y":1},"scale":{"x":1,"y":1},"rotation":0,"depth":0,"data":"","position":{"x":14505,"y":-936}},{"id":"chair02_03","texture":"theme_003_scenery_chair","anchor":{"x":0.5,"y":1},"scale":{"x":1,"y":1},"rotation":0,"depth":0,"data":"","position":{"x":14570,"y":-743}},{"id":"ropes_03","texture":"theme_003_scenery_ropes","anchor":{"x":0.5,"y":1},"scale":{"x":1,"y":1},"rotation":4,"depth":0,"data":"","position":{"x":1419,"y":-1219}},{"id":"ropes_03","texture":"theme_003_scenery_ropes","anchor":{"x":0.5,"y":1},"scale":{"x":1,"y":1},"rotation":0,"depth":0,"data":"","position":{"x":12164,"y":-1978}}]},{"name":"obstacles","depth":0,"paths":[],"objects":[{"id":"level_gameover","texture":"level_gameover","anchor":{"x":0.5,"y":0.5},"scale":{"x":3.5,"y":3.5},"rotation":0,"depth":0,"data":"","position":{"x":7395,"y":-409}},{"id":"teleport_02","texture":"theme_002_obstacle_teleport_off","anchor":{"x":0.5,"y":1},"scale":{"x":1,"y":1},"rotation":0,"depth":0,"data":"{ \"in\":2,\"out\":2 }","position":{"x":4829,"y":-1274}},{"id":"gate_red03","texture":"theme_003_obstacle_gate_red_closed","anchor":{"x":0.5,"y":1},"scale":{"x":1,"y":1},"rotation":0,"depth":1,"data":"","position":{"x":12073,"y":-288}},{"id":"teleport_02","texture":"theme_002_obstacle_teleport_off","anchor":{"x":0.5,"y":1},"scale":{"x":1,"y":1},"rotation":0,"depth":0,"data":"{ \"in\":3,\"out\":4 }","position":{"x":13620,"y":-124}},{"id":"teleport_03","texture":"theme_003_obstacle_teleport_off","anchor":{"x":0.5,"y":1},"scale":{"x":1,"y":1},"rotation":0,"depth":0,"data":"{ \"in\":4,\"out\":4 }","position":{"x":13198,"y":-1982}},{"id":"level_end","texture":"level_end","anchor":{"x":0.5,"y":0.5},"scale":{"x":4,"y":4},"rotation":0,"depth":0,"data":"","position":{"x":17523,"y":-2627}},{"id":"level_gameover","texture":"level_gameover","anchor":{"x":0.5,"y":0.5},"scale":{"x":3,"y":3},"rotation":0,"depth":0,"data":"","position":{"x":15656,"y":-1875}},{"id":"level_gameover","texture":"level_gameover","anchor":{"x":0.5,"y":0.5},"scale":{"x":3.4,"y":3.4},"rotation":0,"depth":0,"data":"","position":{"x":14634,"y":-1577}},{"id":"level_gameover","texture":"level_gameover","anchor":{"x":0.5,"y":0.5},"scale":{"x":5,"y":5},"rotation":0,"depth":0,"data":"","position":{"x":9317,"y":-478}},{"id":"level_gameover","texture":"level_gameover","anchor":{"x":0.5,"y":0.5},"scale":{"x":5,"y":5},"rotation":0,"depth":0,"data":"","position":{"x":8677,"y":-479}},{"id":"teleport_02","texture":"theme_002_obstacle_teleport_off","anchor":{"x":0.5,"y":1},"scale":{"x":1,"y":1},"rotation":0,"depth":0,"data":"{ \"in\":1,\"out\":2 }","position":{"x":-1129,"y":-458}},{"id":"level_gameover","texture":"level_gameover","anchor":{"x":0.5,"y":0.5},"scale":{"x":5,"y":5},"rotation":0,"depth":0,"data":"","position":{"x":9958,"y":-477}},{"id":"level_gameover","texture":"level_gameover","anchor":{"x":0.5,"y":0.5},"scale":{"x":5,"y":5},"rotation":0,"depth":0,"data":"","position":{"x":3565,"y":565}},{"id":"level_gameover","texture":"level_gameover","anchor":{"x":0.5,"y":0.5},"scale":{"x":6,"y":6},"rotation":0,"depth":0,"data":"","position":{"x":2604,"y":617}},{"id":"level_gameover","texture":"level_gameover","anchor":{"x":0.5,"y":0.5},"scale":{"x":6,"y":6},"rotation":0,"depth":0,"data":"","position":{"x":1391,"y":609}},{"id":"spike01_03","texture":"theme_003_obstacle_spike_small_off","anchor":{"x":0.5,"y":1},"scale":{"x":1,"y":1},"rotation":0,"depth":0,"data":"","position":{"x":10474,"y":-914}},{"id":"spike01_03","texture":"theme_003_obstacle_spike_small_off","anchor":{"x":0.5,"y":1},"scale":{"x":1,"y":1},"rotation":4,"depth":0,"data":"","position":{"x":2007,"y":-1184}},{"id":"rock02_03","texture":"theme_003_obstacle_rock_002","anchor":{"x":0.5,"y":1},"scale":{"x":1,"y":1},"rotation":4,"depth":0,"data":"","position":{"x":10964,"y":-690}},{"id":"rock02_03","texture":"theme_003_obstacle_rock_002","anchor":{"x":0.5,"y":1},"scale":{"x":1,"y":1},"rotation":0,"depth":0,"data":"","position":{"x":13944,"y":-131}},{"id":"rock01_03","texture":"theme_003_obstacle_rock","anchor":{"x":0.5,"y":1},"scale":{"x":1,"y":1},"rotation":0,"depth":0,"data":"","position":{"x":14497,"y":-743}},{"id":"rock01_03","texture":"theme_003_obstacle_rock","anchor":{"x":0.5,"y":1},"scale":{"x":1,"y":1},"rotation":0,"depth":0,"data":"","position":{"x":-916,"y":-453}},{"id":"rock02_03","texture":"theme_003_obstacle_rock_002","anchor":{"x":0.5,"y":1},"scale":{"x":1,"y":1},"rotation":1,"depth":0,"data":"","position":{"x":4603,"y":-1280}},{"id":"hint","texture":"hint","anchor":{"x":0.5,"y":0.5},"scale":{"x":4.5,"y":4.5},"rotation":0,"depth":0,"data":"{ \"id\" : \"xlr8\" }","position":{"x":739,"y":-192}}]},{"name":"platforms","depth":0,"paths":[{"closed":false,"depth":0,"collisions":1,"texFill":"theme_03_fill","texGround":"theme_03_ground","texGroundEdge":"theme_03_ground_edge","texWall":"theme_03_wall","texFillPadding":64,"texFillSize":256,"texGroundSize":160,"texGroundDelta":0.35,"texWallSize":160,"texWallDelta":0.1,"texWallAngle":70,"texGroundEdgeSide":"","data":"","points":[{"x":-3792,"y":-1456},{"x":-3712,"y":-1456},{"x":-2672,"y":-1456},{"x":-2608,"y":-1456},{"x":-2608,"y":-1376},{"x":-2608,"y":-928},{"x":-2608,"y":-864},{"x":-2496,"y":-864},{"x":-2240,"y":-864},{"x":-1840,"y":-864},{"x":-1344,"y":-448},{"x":-1840,"y":-864},{"x":-1344,"y":-448},{"x":-944,"y":-448},{"x":-928,"y":-448},{"x":-928,"y":-448},{"x":-928,"y":-416},{"x":-928,"y":64},{"x":-928,"y":112},{"x":-80,"y":112},{"x":16,"y":112},{"x":976,"y":112},{"x":976,"y":496},{"x":976,"y":1296},{"x":976,"y":1472}],"bounds":[-3792,976]},{"closed":true,"depth":0,"collisions":1,"texFill":"theme_03_fill","texGround":"theme_03_ground","texGroundEdge":"theme_03_ground_edge","texWall":"theme_03_wall","texFillPadding":512,"texFillSize":256,"texGroundSize":160,"texGroundDelta":0.35,"texWallSize":160,"texWallDelta":0.1,"texWallAngle":70,"texGroundEdgeSide":"","data":"","points":[{"x":-848,"y":-880},{"x":-848,"y":-880},{"x":896,"y":-1024},{"x":896,"y":-1024},{"x":864,"y":-944},{"x":672,"y":-496},{"x":672,"y":-496},{"x":528,"y":-496},{"x":-272,"y":-496},{"x":-432,"y":-496},{"x":-528,"y":-592},{"x":-816,"y":-864},{"x":-816,"y":-864}],"bounds":[-848,896]},{"closed":true,"depth":0,"collisions":1,"texFill":"theme_03_fill","texGround":"theme_03_ground","texGroundEdge":"theme_03_ground_edge","texWall":"theme_03_wall","texFillPadding":512,"texFillSize":256,"texGroundSize":160,"texGroundDelta":0.4,"texWallSize":160,"texWallDelta":0.1,"texWallAngle":70,"texGroundEdgeSide":"","data":"","points":[{"x":1168,"y":-1216},{"x":1168,"y":-1216},{"x":2736,"y":-1120},{"x":2736,"y":-1120},{"x":2736,"y":-1120},{"x":2416,"y":-736},{"x":2416,"y":-736},{"x":2416,"y":-736},{"x":1568,"y":-880},{"x":1568,"y":-880},{"x":1568,"y":-880},{"x":1184,"y":-1200},{"x":1184,"y":-1200}],"bounds":[1168,2736]},{"closed":false,"depth":0,"collisions":1,"texFill":"theme_03_fill","texGround":"theme_03_ground","texGroundEdge":"theme_03_ground_edge","texWall":"theme_03_wall","texFillPadding":64,"texFillSize":256,"texGroundSize":160,"texGroundDelta":0.3,"texWallSize":160,"texWallDelta":0.1,"texWallAngle":70,"texGroundEdgeSide":"","data":"","points":[{"x":1808,"y":1472},{"x":1808,"y":1232},{"x":1808,"y":272},{"x":1808,"y":112},{"x":2000,"y":112},{"x":2000,"y":112},{"x":2192,"y":112},{"x":2192,"y":240},{"x":2192,"y":1456},{"x":2192,"y":1488}],"bounds":[1808,2192]},{"closed":true,"depth":0,"collisions":1,"texFill":"theme_03_fill","texGround":"theme_03_ground","texGroundEdge":"theme_03_ground_edge","texWall":"theme_03_wall","texFillPadding":512,"texFillSize":256,"texGroundSize":160,"texGroundDelta":0.4,"texWallSize":160,"texWallDelta":0.1,"texWallAngle":70,"texGroundEdgeSide":"","data":"","points":[{"x":2976,"y":-960},{"x":3072,"y":-944},{"x":3888,"y":-816},{"x":3888,"y":-816},{"x":3888,"y":-816},{"x":3696,"y":-480},{"x":3696,"y":-480},{"x":3696,"y":-480},{"x":3024,"y":-752},{"x":3024,"y":-752},{"x":3024,"y":-752},{"x":2976,"y":-944},{"x":2976,"y":-944}],"bounds":[2976,3888]},{"closed":false,"depth":0,"collisions":1,"texFill":"theme_03_fill","texGround":"theme_03_ground","texGroundEdge":"theme_03_ground_edge","texWall":"theme_03_wall","texFillPadding":64,"texFillSize":256,"texGroundSize":160,"texGroundDelta":0.35,"texWallSize":160,"texWallDelta":0.1,"texWallAngle":70,"texGroundEdgeSide":"","data":"","points":[{"x":3008,"y":1456},{"x":3008,"y":1296},{"x":3008,"y":368},{"x":3008,"y":128},{"x":3184,"y":128},{"x":3184,"y":128},{"x":3376,"y":128},{"x":3376,"y":144},{"x":3376,"y":1440},{"x":3376,"y":1456}],"bounds":[3008,3376]},{"closed":false,"depth":0,"collisions":1,"texFill":"theme_03_fill","texGround":"theme_03_ground","texGroundEdge":"theme_03_ground_edge","texWall":"theme_03_wall","texFillPadding":64,"texFillSize":256,"texGroundSize":160,"texGroundDelta":0.35,"texWallSize":160,"texWallDelta":0.1,"texWallAngle":70,"texGroundEdgeSide":"","data":"","points":[{"x":3712,"y":1456},{"x":3712,"y":1216},{"x":3728,"y":240},{"x":3728,"y":64},{"x":3728,"y":64},{"x":4960,"y":-176},{"x":4960,"y":-176},{"x":4912,"y":-400},{"x":4960,"y":-176},{"x":4912,"y":-400},{"x":5360,"y":-400},{"x":5424,"y":-400},{"x":5888,"y":-400},{"x":5888,"y":-448},{"x":5888,"y":-512},{"x":5888,"y":-560},{"x":6528,"y":-672},{"x":6528,"y":-672},{"x":7152,"y":-784},{"x":7152,"y":-752},{"x":7152,"y":1344},{"x":7152,"y":1456}],"bounds":[3712,7152]},{"closed":true,"depth":0,"collisions":1,"texFill":"theme_03_fill","texGround":"theme_03_ground","texGroundEdge":"theme_03_ground_edge","texWall":"theme_03_wall","texFillPadding":512,"texFillSize":256,"texGroundSize":160,"texGroundDelta":0.35,"texWallSize":160,"texWallDelta":0.1,"texWallAngle":70,"texGroundEdgeSide":"","data":"","points":[{"x":4080,"y":-624},{"x":4288,"y":-592},{"x":4320,"y":-592},{"x":4544,"y":-560},{"x":4528,"y":-512},{"x":4496,"y":-448},{"x":4464,"y":-368},{"x":4288,"y":-432},{"x":4288,"y":-432},{"x":4128,"y":-480},{"x":4096,"y":-560},{"x":4096,"y":-560},{"x":4080,"y":-608}],"bounds":[4080,4544]},{"closed":true,"depth":0,"collisions":2,"texFill":"theme_03_fill","texGround":"theme_03_ground","texGroundEdge":"theme_03_ground_edge","texWall":"theme_03_wall","texFillPadding":512,"texFillSize":256,"texGroundSize":160,"texGroundDelta":0.4,"texWallSize":160,"texWallDelta":0.1,"texWallAngle":70,"texGroundEdgeSide":"","data":"","points":[{"x":4608,"y":-1264},{"x":4912,"y":-1264},{"x":5616,"y":-1216},{"x":5904,"y":-1216},{"x":5888,"y":-1216},{"x":5424,"y":-976},{"x":5392,"y":-976},{"x":5280,"y":-976},{"x":4832,"y":-976},{"x":4720,"y":-976},{"x":4448,"y":-1056},{"x":4304,"y":-1104},{"x":4096,"y":-1152},{"x":4272,"y":-1200},{"x":4496,"y":-1264},{"x":4496,"y":-1264},{"x":4496,"y":-1264},{"x":4496,"y":-1264},{"x":4608,"y":-1264}],"bounds":[4096,5904]},{"closed":true,"depth":0,"collisions":1,"texFill":"theme_03_fill","texGround":"theme_03_ground","texGroundEdge":"theme_03_ground_edge","texWall":"theme_03_wall","texFillPadding":512,"texFillSize":256,"texGroundSize":160,"texGroundDelta":0.4,"texWallSize":160,"texWallDelta":0.1,"texWallAngle":70,"texGroundEdgeSide":"","data":"","points":[{"x":7536,"y":-736},{"x":7712,"y":-768},{"x":7952,"y":-816},{"x":8336,"y":-896},{"x":8336,"y":-832},{"x":8336,"y":-816},{"x":8336,"y":-768},{"x":8128,"y":-656},{"x":8128,"y":-656},{"x":7920,"y":-544},{"x":7808,"y":-544},{"x":7744,"y":-544},{"x":7632,"y":-544},{"x":7584,"y":-624},{"x":7584,"y":-624},{"x":7520,"y":-720}],"bounds":[7520,8336]},{"closed":false,"depth":0,"collisions":1,"texFill":"theme_03_fill","texGround":"theme_03_ground","texGroundEdge":"theme_03_ground_edge","texWall":"theme_03_wall","texFillPadding":64,"texFillSize":256,"texGroundSize":160,"texGroundDelta":0.35,"texWallSize":160,"texWallDelta":0.1,"texWallAngle":70,"texGroundEdgeSide":"","data":"","points":[{"x":10304,"y":688},{"x":10304,"y":688},{"x":9984,"y":-912},{"x":9984,"y":-912},{"x":10304,"y":-912},{"x":10576,"y":-912},{"x":10912,"y":-912},{"x":10912,"y":-800},{"x":10912,"y":-768},{"x":10912,"y":-704},{"x":10912,"y":-704},{"x":11728,"y":-496},{"x":11728,"y":-496},{"x":11728,"y":-448},{"x":11728,"y":-336},{"x":11728,"y":-304},{"x":12080,"y":-304},{"x":12016,"y":-304},{"x":12944,"y":-304},{"x":12944,"y":-304},{"x":12944,"y":-96},{"x":12944,"y":-128},{"x":13264,"y":-128},{"x":13664,"y":-128},{"x":14000,"y":-128},{"x":14000,"y":-272},{"x":14000,"y":-624},{"x":14000,"y":-736},{"x":14144,"y":-736},{"x":14384,"y":-736},{"x":14560,"y":-736},{"x":14560,"y":-288},{"x":14560,"y":416},{"x":14560,"y":688}],"bounds":[9984,14560]},{"closed":true,"depth":0,"collisions":1,"texFill":"theme_03_fill","texGround":"theme_03_ground","texGroundEdge":"theme_03_ground_edge","texWall":"theme_03_wall","texFillPadding":512,"texFillSize":256,"texGroundSize":160,"texGroundDelta":0.35,"texWallSize":160,"texWallDelta":0.1,"texWallAngle":70,"texGroundEdgeSide":"","data":"","points":[{"x":11984,"y":-1968},{"x":13264,"y":-1968},{"x":13152,"y":-1968},{"x":14432,"y":-1968},{"x":14432,"y":-1728},{"x":14432,"y":-1120},{"x":14432,"y":-656},{"x":12368,"y":-656},{"x":12752,"y":-656},{"x":12032,"y":-656},{"x":12032,"y":-1040},{"x":12032,"y":-1456},{"x":12032,"y":-1952}],"bounds":[11984,14432]},{"closed":true,"depth":0,"collisions":1,"texFill":"theme_03_fill","texGround":"theme_03_ground","texGroundEdge":"theme_03_ground_edge","texWall":"theme_03_wall","texFillPadding":512,"texFillSize":256,"texGroundSize":160,"texGroundDelta":0.35,"texWallSize":160,"texWallDelta":0.1,"texWallAngle":70,"texGroundEdgeSide":"","data":"","points":[{"x":14752,"y":-2000},{"x":14752,"y":-2000},{"x":14864,"y":-2000},{"x":15056,"y":-2000},{"x":15056,"y":-2000},{"x":15424,"y":-2160},{"x":15424,"y":-2160},{"x":15424,"y":-1888},{"x":15424,"y":-1088},{"x":15424,"y":-928},{"x":15344,"y":-928},{"x":14864,"y":-928},{"x":14768,"y":-928},{"x":14768,"y":-1152},{"x":14768,"y":-1824},{"x":14768,"y":-1968}],"bounds":[14752,15424]},{"closed":true,"depth":0,"collisions":1,"texFill":"theme_03_fill","texGround":"theme_03_ground","texGroundEdge":"theme_03_ground_edge","texWall":"theme_03_wall","texFillPadding":512,"texFillSize":256,"texGroundSize":160,"texGroundDelta":0.35,"texWallSize":160,"texWallDelta":0.1,"texWallAngle":70,"texGroundEdgeSide":"","data":"","points":[{"x":15856,"y":-2208},{"x":15856,"y":-2208},{"x":16576,"y":-2368},{"x":16576,"y":-2368},{"x":16576,"y":-2368},{"x":17920,"y":-2368},{"x":17952,"y":-2368},{"x":17952,"y":-2368},{"x":18640,"y":-2688},{"x":18640,"y":-2688},{"x":18640,"y":-2352},{"x":18640,"y":-1920},{"x":18640,"y":-1696},{"x":18448,"y":-1696},{"x":18016,"y":-1696},{"x":17776,"y":-1696},{"x":17728,"y":-1680},{"x":16864,"y":-1120},{"x":16624,"y":-960},{"x":16368,"y":-960},{"x":16160,"y":-960},{"x":15856,"y":-960},{"x":15856,"y":-1280},{"x":15856,"y":-1824},{"x":15856,"y":-2192}],"bounds":[15856,18640]}],"objects":[{"id":"platform_03","texture":"theme_003_obstacle_falling_platform","anchor":{"x":0.5,"y":0},"scale":{"x":1,"y":1},"rotation":0,"depth":0,"data":"","position":{"x":8743,"y":-929}},{"id":"platform_03","texture":"theme_003_obstacle_falling_platform","anchor":{"x":0.5,"y":0},"scale":{"x":1,"y":1},"rotation":0,"depth":0,"data":"","position":{"x":1277,"y":102}},{"id":"platform_03","texture":"theme_003_obstacle_falling_platform","anchor":{"x":0.5,"y":0},"scale":{"x":1,"y":1},"rotation":0,"depth":-1,"data":"","position":{"x":1725,"y":102}},{"id":"platform_03","texture":"theme_003_obstacle_falling_platform","anchor":{"x":0.5,"y":0},"scale":{"x":1,"y":1},"rotation":0,"depth":0,"data":"","position":{"x":2434,"y":111}},{"id":"platform_03","texture":"theme_003_obstacle_falling_platform","anchor":{"x":0.5,"y":0},"scale":{"x":1,"y":1},"rotation":0,"depth":0,"data":"","position":{"x":2659,"y":111}},{"id":"platform_03","texture":"theme_003_obstacle_falling_platform","anchor":{"x":0.5,"y":0},"scale":{"x":1,"y":1},"rotation":0,"depth":-1,"data":"","position":{"x":2885,"y":111}},{"id":"platform_03","texture":"theme_003_obstacle_falling_platform","anchor":{"x":0.5,"y":0},"scale":{"x":1,"y":1},"rotation":0,"depth":0,"data":"","position":{"x":8519,"y":-929}},{"id":"platform_03","texture":"theme_003_obstacle_falling_platform","anchor":{"x":0.5,"y":0},"scale":{"x":1,"y":1},"rotation":0,"depth":0,"data":"","position":{"x":1501,"y":102}},{"id":"platform_03","texture":"theme_003_obstacle_falling_platform","anchor":{"x":0.5,"y":0},"scale":{"x":1,"y":1},"rotation":0,"depth":0,"data":"","position":{"x":8969,"y":-929}},{"id":"platform_03","texture":"theme_003_obstacle_falling_platform","anchor":{"x":0.5,"y":0},"scale":{"x":1,"y":1},"rotation":0,"depth":0,"data":"","position":{"x":9194,"y":-929}},{"id":"platform_03","texture":"theme_003_obstacle_falling_platform","anchor":{"x":0.5,"y":0},"scale":{"x":1,"y":1},"rotation":0,"depth":0,"data":"","position":{"x":9419,"y":-929}},{"id":"platform_03","texture":"theme_003_obstacle_falling_platform","anchor":{"x":0.5,"y":0},"scale":{"x":1,"y":1},"rotation":0,"depth":0,"data":"","position":{"x":9644,"y":-929}},{"id":"platform_03","texture":"theme_003_obstacle_falling_platform","anchor":{"x":0.5,"y":0},"scale":{"x":1,"y":1},"rotation":0,"depth":-1,"data":"","position":{"x":9870,"y":-929}},{"id":"platform_03","texture":"theme_003_obstacle_falling_platform","anchor":{"x":0.5,"y":0},"scale":{"x":1,"y":1},"rotation":0,"depth":-1,"data":"","position":{"x":1052,"y":102}},{"id":"platform_03","texture":"theme_003_obstacle_falling_platform","anchor":{"x":0.5,"y":0},"scale":{"x":1,"y":1},"rotation":0,"depth":-1,"data":"","position":{"x":2209,"y":111}}]},{"name":"enemies","depth":1,"paths":[],"objects":[{"id":"bandit_03","texture":"bandit_03","anchor":{"x":0.5,"y":1},"scale":{"x":1,"y":1},"rotation":0,"depth":0,"data":"{ \"left\": 100, \"right\": 100, \"fireRate\" : 2, \"fireRateVariability\" : 60 }","position":{"x":16715,"y":-2377}},{"id":"bandit_03","texture":"bandit_03","anchor":{"x":0.5,"y":1},"scale":{"x":1,"y":1},"rotation":0,"depth":0,"data":"{ \"left\": 100, \"right\": 100,\"orientation\": \"left\" }","position":{"x":5527,"y":-410}},{"id":"bandit_03","texture":"bandit_03","anchor":{"x":0.5,"y":1},"scale":{"x":1,"y":1},"rotation":0,"depth":0,"data":"{ \"left\": 100, \"right\": 100, \"fireRate\" : 1, \"fireRateVariability\" : 60 }","position":{"x":12554,"y":-1977}},{"id":"bandit_03","texture":"bandit_03","anchor":{"x":0.5,"y":1},"scale":{"x":1,"y":1},"rotation":0,"depth":0,"data":"{ \"left\": 500, \"right\": 200,\"orientation\": \"left\" }","position":{"x":-2039,"y":-874}}]},{"name":"pickups","depth":2,"paths":[],"objects":[{"id":"coin","texture":"pick_up","anchor":{"x":0.5,"y":0.5},"scale":{"x":1,"y":1},"rotation":0,"depth":0,"data":"","position":{"x":1370,"y":11}},{"id":"coin","texture":"pick_up","anchor":{"x":0.5,"y":0.5},"scale":{"x":1,"y":1},"rotation":0,"depth":0,"data":"","position":{"x":15905,"y":-2365}},{"id":"coin","texture":"pick_up","anchor":{"x":0.5,"y":0.5},"scale":{"x":1,"y":1},"rotation":0,"depth":0,"data":"","position":{"x":128,"y":-1117}},{"id":"coin","texture":"pick_up","anchor":{"x":0.5,"y":0.5},"scale":{"x":1,"y":1},"rotation":0,"depth":0,"data":"","position":{"x":1171,"y":13}},{"id":"time","texture":"pick_up_time","anchor":{"x":0.5,"y":0.5},"scale":{"x":1,"y":1},"rotation":0,"depth":0,"data":"","position":{"x":7900,"y":-969}},{"id":"coin","texture":"pick_up","anchor":{"x":0.5,"y":0.5},"scale":{"x":1,"y":1},"rotation":0,"depth":0,"data":"","position":{"x":-106,"y":-1095}},{"id":"coin","texture":"pick_up","anchor":{"x":0.5,"y":0.5},"scale":{"x":1,"y":1},"rotation":0,"depth":0,"data":"","position":{"x":12572,"y":-463}},{"id":"coin","texture":"pick_up","anchor":{"x":0.5,"y":0.5},"scale":{"x":1,"y":1},"rotation":0,"depth":0,"data":"","position":{"x":12335,"y":-460}},{"id":"time","texture":"pick_up_time","anchor":{"x":0.5,"y":0.5},"scale":{"x":1,"y":1},"rotation":0,"depth":0,"data":"","position":{"x":13612,"y":-268}},{"id":"coin","texture":"pick_up","anchor":{"x":0.5,"y":0.5},"scale":{"x":1,"y":1},"rotation":0,"depth":0,"data":"","position":{"x":16119,"y":-2421}},{"id":"coin","texture":"pick_up","anchor":{"x":0.5,"y":0.5},"scale":{"x":1,"y":1},"rotation":0,"depth":0,"data":"","position":{"x":16329,"y":-2472}},{"id":"sumocard","texture":"pick_up_card","anchor":{"x":0.5,"y":0.5},"scale":{"x":1,"y":1},"rotation":0,"depth":0,"data":"","position":{"x":-2331,"y":-1038}},{"id":"coin","texture":"pick_up","anchor":{"x":0.5,"y":0.5},"scale":{"x":1,"y":1},"rotation":0,"depth":0,"data":"","position":{"x":6094,"y":-1382}},{"id":"key_red","texture":"key_red_radial","anchor":{"x":0.5,"y":0.5},"scale":{"x":1,"y":1},"rotation":0,"depth":0,"data":"","position":{"x":5861,"y":-1431}},{"id":"time","texture":"pick_up_time","anchor":{"x":0.5,"y":0.5},"scale":{"x":1,"y":1},"rotation":0,"depth":0,"data":"","position":{"x":-623,"y":-49}},{"id":"coin","texture":"pick_up","anchor":{"x":0.5,"y":0.5},"scale":{"x":1,"y":1},"rotation":0,"depth":0,"data":"","position":{"x":4305,"y":-719}},{"id":"coin","texture":"pick_up","anchor":{"x":0.5,"y":0.5},"scale":{"x":1,"y":1},"rotation":0,"depth":0,"data":"","position":{"x":4439,"y":-700}},{"id":"coin","texture":"pick_up","anchor":{"x":0.5,"y":0.5},"scale":{"x":1,"y":1},"rotation":0,"depth":0,"data":"","position":{"x":3190,"y":-1072}},{"id":"coin","texture":"pick_up","anchor":{"x":0.5,"y":0.5},"scale":{"x":1,"y":1},"rotation":0,"depth":0,"data":"","position":{"x":3744,"y":-977}},{"id":"coin","texture":"pick_up","anchor":{"x":0.5,"y":0.5},"scale":{"x":1,"y":1},"rotation":0,"depth":0,"data":"","position":{"x":6292,"y":-1282}},{"id":"coin","texture":"pick_up","anchor":{"x":0.5,"y":0.5},"scale":{"x":1,"y":1},"rotation":0,"depth":0,"data":"","position":{"x":3462,"y":-1026}},{"id":"coin","texture":"pick_up","anchor":{"x":0.5,"y":0.5},"scale":{"x":1,"y":1},"rotation":0,"depth":0,"data":"","position":{"x":12102,"y":-2128}},{"id":"coin","texture":"pick_up","anchor":{"x":0.5,"y":0.5},"scale":{"x":1,"y":1},"rotation":0,"depth":0,"data":"","position":{"x":12221,"y":-2128}},{"id":"time","texture":"pick_up_time","anchor":{"x":0.5,"y":0.5},"scale":{"x":1,"y":1},"rotation":0,"depth":0,"data":"","position":{"x":2008,"y":-1309}},{"id":"coin","texture":"pick_up","anchor":{"x":0.5,"y":0.5},"scale":{"x":1,"y":1},"rotation":0,"depth":0,"data":"","position":{"x":1571,"y":15}},{"id":"coin","texture":"pick_up","anchor":{"x":0.5,"y":0.5},"scale":{"x":1,"y":1},"rotation":0,"depth":0,"data":"","position":{"x":2371,"y":11}},{"id":"coin","texture":"pick_up","anchor":{"x":0.5,"y":0.5},"scale":{"x":1,"y":1},"rotation":0,"depth":0,"data":"","position":{"x":2572,"y":11}},{"id":"coin","texture":"pick_up","anchor":{"x":0.5,"y":0.5},"scale":{"x":1,"y":1},"rotation":0,"depth":0,"data":"","position":{"x":2777,"y":11}},{"id":"coin","texture":"pick_up","anchor":{"x":0.5,"y":0.5},"scale":{"x":1,"y":1},"rotation":0,"depth":0,"data":"","position":{"x":366,"y":-1134}},{"id":"coin","texture":"pick_up","anchor":{"x":0.5,"y":0.5},"scale":{"x":1,"y":1},"rotation":0,"depth":0,"data":"","position":{"x":4388,"y":-820}},{"id":"coin","texture":"pick_up","anchor":{"x":0.5,"y":0.5},"scale":{"x":1,"y":1},"rotation":0,"depth":0,"data":"","position":{"x":6442,"y":-1137}},{"id":"coin","texture":"pick_up","anchor":{"x":0.5,"y":0.5},"scale":{"x":1,"y":1},"rotation":0,"depth":0,"data":"","position":{"x":-350,"y":-1070}},{"id":"coin","texture":"pick_up","anchor":{"x":0.5,"y":0.5},"scale":{"x":1,"y":1},"rotation":0,"depth":0,"data":"","position":{"x":8646,"y":-1025}},{"id":"coin","texture":"pick_up","anchor":{"x":0.5,"y":0.5},"scale":{"x":1,"y":1},"rotation":0,"depth":0,"data":"","position":{"x":8885,"y":-1033}},{"id":"coin","texture":"pick_up","anchor":{"x":0.5,"y":0.5},"scale":{"x":1,"y":1},"rotation":0,"depth":0,"data":"","position":{"x":9128,"y":-1025}},{"id":"coin","texture":"pick_up","anchor":{"x":0.5,"y":0.5},"scale":{"x":1,"y":1},"rotation":0,"depth":0,"data":"","position":{"x":9371,"y":-1021}},{"id":"coin","texture":"pick_up","anchor":{"x":0.5,"y":0.5},"scale":{"x":1,"y":1},"rotation":0,"depth":0,"data":"","position":{"x":9613,"y":-1025}},{"id":"coin","texture":"pick_up","anchor":{"x":0.5,"y":0.5},"scale":{"x":1,"y":1},"rotation":0,"depth":0,"data":"","position":{"x":12813,"y":-460}},{"id":"coin","texture":"pick_up","anchor":{"x":0.5,"y":0.5},"scale":{"x":1,"y":1},"rotation":0,"depth":0,"data":"","position":{"x":12159,"y":-2226}},{"id":"coin","texture":"pick_up","anchor":{"x":0.5,"y":0.5},"scale":{"x":1,"y":1},"rotation":0,"depth":0,"data":"","position":{"x":11200,"y":-810}},{"id":"coin","texture":"pick_up","anchor":{"x":0.5,"y":0.5},"scale":{"x":1,"y":1},"rotation":0,"depth":0,"data":"","position":{"x":11413,"y":-757}},{"id":"coin","texture":"pick_up","anchor":{"x":0.5,"y":0.5},"scale":{"x":1,"y":1},"rotation":0,"depth":0,"data":"","position":{"x":11617,"y":-696}},{"id":"coin","texture":"pick_up","anchor":{"x":0.5,"y":0.5},"scale":{"x":1,"y":1},"rotation":0,"depth":0,"data":"","position":{"x":13794,"y":-2130}},{"id":"coin","texture":"pick_up","anchor":{"x":0.5,"y":0.5},"scale":{"x":1,"y":1},"rotation":0,"depth":0,"data":"","position":{"x":14029,"y":-2130}},{"id":"coin","texture":"pick_up","anchor":{"x":0.5,"y":0.5},"scale":{"x":1,"y":1},"rotation":0,"depth":0,"data":"","position":{"x":14249,"y":-2130}},{"id":"time","texture":"pick_up_time","anchor":{"x":0.5,"y":0.5},"scale":{"x":1,"y":1},"rotation":0,"depth":0,"data":"","position":{"x":-1137,"y":-602}}]}],"length":17011}