{"name":"cannonbolt3","layers":[{"name":"beauty","depth":-3,"paths":[],"objects":[{"id":"desk_03","texture":"theme_003_scenery_desk","anchor":{"x":0.5,"y":1},"scale":{"x":1,"y":1},"rotation":-16,"depth":0,"data":"","position":{"x":4517,"y":235}},{"id":"desk_03","texture":"theme_003_scenery_desk","anchor":{"x":0.5,"y":1},"scale":{"x":1,"y":1},"rotation":13,"depth":0,"data":"","position":{"x":10026,"y":-698}},{"id":"money_03","texture":"theme_003_scenery_money","anchor":{"x":0.5,"y":1},"scale":{"x":1,"y":1},"rotation":0,"depth":0,"data":"","position":{"x":4993,"y":-1700}},{"id":"ropes_03","texture":"theme_003_scenery_ropes","anchor":{"x":0.5,"y":1},"scale":{"x":1,"y":1},"rotation":0,"depth":0,"data":"","position":{"x":4379,"y":-2163}},{"id":"ropes_03","texture":"theme_003_scenery_ropes","anchor":{"x":0.5,"y":1},"scale":{"x":1,"y":1},"rotation":0,"depth":-1,"data":"","position":{"x":4686,"y":-2159}},{"id":"ropes_03","texture":"theme_003_scenery_ropes","anchor":{"x":0.5,"y":1},"scale":{"x":1,"y":1},"rotation":0,"depth":0,"data":"","position":{"x":11716,"y":-1195}},{"id":"ropes_03","texture":"theme_003_scenery_ropes","anchor":{"x":0.5,"y":1},"scale":{"x":1,"y":1},"rotation":0,"depth":0,"data":"","position":{"x":15671,"y":-1199}},{"id":"money_03","texture":"theme_003_scenery_money","anchor":{"x":0.5,"y":1},"scale":{"x":1,"y":1},"rotation":0,"depth":0,"data":"","position":{"x":2294,"y":258}},{"id":"money_03","texture":"theme_003_scenery_money","anchor":{"x":0.5,"y":1},"scale":{"x":1,"y":1},"rotation":0,"depth":0,"data":"","position":{"x":-873,"y":-1125}},{"id":"ropes_03","texture":"theme_003_scenery_ropes","anchor":{"x":0.5,"y":1},"scale":{"x":1,"y":1},"rotation":0,"depth":0,"data":"","position":{"x":8520,"y":-846}},{"id":"chair02_03","texture":"theme_003_scenery_chair","anchor":{"x":0.5,"y":1},"scale":{"x":1,"y":1},"rotation":0,"depth":0,"data":"","position":{"x":1301,"y":238}},{"id":"chair02_03","texture":"theme_003_scenery_chair","anchor":{"x":0.5,"y":1},"scale":{"x":1,"y":1},"rotation":0,"depth":0,"data":"","position":{"x":5265,"y":-1729}},{"id":"chair02_03","texture":"theme_003_scenery_chair","anchor":{"x":0.5,"y":1},"scale":{"x":1,"y":1},"rotation":0,"depth":0,"data":"","position":{"x":11253,"y":-466}},{"id":"chair02_03","texture":"theme_003_scenery_chair","anchor":{"x":0.5,"y":1},"scale":{"x":0.8,"y":0.8},"rotation":0,"depth":0,"data":"","position":{"x":12243,"y":-434}},{"id":"chair02_03","texture":"theme_003_scenery_chair","anchor":{"x":0.5,"y":1},"scale":{"x":1,"y":1},"rotation":0,"depth":0,"data":"","position":{"x":13387,"y":-1346}},{"id":"money_03","texture":"theme_003_scenery_money","anchor":{"x":0.5,"y":1},"scale":{"x":1,"y":1},"rotation":-5,"depth":0,"data":"","position":{"x":9381,"y":-1807}},{"id":"money_03","texture":"theme_003_scenery_money","anchor":{"x":0.5,"y":1},"scale":{"x":1,"y":1},"rotation":0,"depth":0,"data":"","position":{"x":15488,"y":131}},{"id":"ropes_03","texture":"theme_003_scenery_ropes","anchor":{"x":0.5,"y":1},"scale":{"x":1,"y":1},"rotation":0,"depth":0,"data":"","position":{"x":11010,"y":-468}},{"id":"money_03","texture":"theme_003_scenery_money","anchor":{"x":0.5,"y":1},"scale":{"x":1,"y":1},"rotation":0,"depth":0,"data":"","position":{"x":13976,"y":-1317}},{"id":"ropes_03","texture":"theme_003_scenery_ropes","anchor":{"x":0.5,"y":1},"scale":{"x":1,"y":1},"rotation":0,"depth":0,"data":"","position":{"x":-1112,"y":-1140}},{"id":"ropes_03","texture":"theme_003_scenery_ropes","anchor":{"x":0.5,"y":1},"scale":{"x":1,"y":1},"rotation":0,"depth":0,"data":"","position":{"x":14840,"y":367}},{"id":"desk_03","texture":"theme_003_scenery_desk","anchor":{"x":0.5,"y":1},"scale":{"x":1,"y":1},"rotation":19,"depth":0,"data":"","position":{"x":5844,"y":-922}},{"id":"desk_03","texture":"theme_003_scenery_desk","anchor":{"x":0.5,"y":1},"scale":{"x":1,"y":1},"rotation":0,"depth":0,"data":"","position":{"x":12102,"y":-430}},{"id":"desk_03","texture":"theme_003_scenery_desk","anchor":{"x":0.5,"y":1},"scale":{"x":1,"y":1},"rotation":0,"depth":0,"data":"","position":{"x":168,"y":156}},{"id":"desk_03","texture":"theme_003_scenery_desk","anchor":{"x":0.5,"y":1},"scale":{"x":1,"y":1},"rotation":0,"depth":0,"data":"","position":{"x":15061,"y":118}},{"id":"plant_03","texture":"theme_003_scenery_plant","anchor":{"x":0.5,"y":1},"scale":{"x":1,"y":1},"rotation":8,"depth":0,"data":"","position":{"x":9889,"y":-752}},{"id":"plant_03","texture":"theme_003_scenery_plant","anchor":{"x":0.5,"y":1},"scale":{"x":1,"y":1},"rotation":0,"depth":0,"data":"","position":{"x":6891,"y":-462}},{"id":"plant_03","texture":"theme_003_scenery_plant","anchor":{"x":0.5,"y":1},"scale":{"x":1,"y":1},"rotation":0,"depth":0,"data":"","position":{"x":7653,"y":-1840}},{"id":"plant_03","texture":"theme_003_scenery_plant","anchor":{"x":0.5,"y":1},"scale":{"x":1,"y":1},"rotation":0,"depth":0,"data":"","position":{"x":3527,"y":-2531}},{"id":"plant_03","texture":"theme_003_scenery_plant","anchor":{"x":0.5,"y":1},"scale":{"x":1,"y":1},"rotation":0,"depth":0,"data":"","position":{"x":318,"y":142}},{"id":"plant_03","texture":"theme_003_scenery_plant","anchor":{"x":0.5,"y":1},"scale":{"x":1,"y":1},"rotation":0,"depth":0,"data":"","position":{"x":1157,"y":-880}},{"id":"plant_03","texture":"theme_003_scenery_plant","anchor":{"x":0.5,"y":1},"scale":{"x":1,"y":1},"rotation":-7,"depth":0,"data":"","position":{"x":4671,"y":191}},{"id":"plant_03","texture":"theme_003_scenery_plant","anchor":{"x":0.5,"y":1},"scale":{"x":1,"y":1},"rotation":10,"depth":0,"data":"","position":{"x":5450,"y":-1081}},{"id":"plant_03","texture":"theme_003_scenery_plant","anchor":{"x":0.5,"y":1},"scale":{"x":1,"y":1},"rotation":0,"depth":0,"data":"","position":{"x":11509,"y":-1199}},{"id":"plant_03","texture":"theme_003_scenery_plant","anchor":{"x":0.5,"y":1},"scale":{"x":1,"y":1},"rotation":0,"depth":0,"data":"","position":{"x":11232,"y":-1920}},{"id":"plant_03","texture":"theme_003_scenery_plant","anchor":{"x":0.5,"y":1},"scale":{"x":1,"y":1},"rotation":-5,"depth":0,"data":"","position":{"x":10731,"y":-2156}},{"id":"plant_03","texture":"theme_003_scenery_plant","anchor":{"x":0.5,"y":1},"scale":{"x":1,"y":1},"rotation":0,"depth":0,"data":"","position":{"x":14193,"y":-478}},{"id":"plant_03","texture":"theme_003_scenery_plant","anchor":{"x":0.5,"y":1},"scale":{"x":1,"y":1},"rotation":0,"depth":0,"data":"","position":{"x":14273,"y":686}},{"id":"plant_03","texture":"theme_003_scenery_plant","anchor":{"x":0.5,"y":1},"scale":{"x":1,"y":1},"rotation":-25,"depth":0,"data":"","position":{"x":15145,"y":-1074}},{"id":"desk_03","texture":"theme_003_scenery_desk","anchor":{"x":0.5,"y":1},"scale":{"x":1,"y":1},"rotation":0,"depth":1,"data":"","position":{"x":13775,"y":-1335}},{"id":"money_03","texture":"theme_003_scenery_money","anchor":{"x":0.5,"y":1},"scale":{"x":0.8,"y":0.8},"rotation":0,"depth":0,"data":"","position":{"x":13654,"y":-1329}},{"id":"plant_03","texture":"theme_003_scenery_plant","anchor":{"x":0.5,"y":1},"scale":{"x":1,"y":1},"rotation":1,"depth":0,"data":"","position":{"x":13109,"y":-706}},{"id":"ropes_03","texture":"theme_003_scenery_ropes","anchor":{"x":0.5,"y":1},"scale":{"x":1,"y":1},"rotation":-21,"depth":0,"data":"","position":{"x":6305,"y":-1463}},{"id":"chair02_03","texture":"theme_003_scenery_chair","anchor":{"x":0.5,"y":1},"scale":{"x":1,"y":1},"rotation":0,"depth":0,"data":"","position":{"x":3455,"y":-627}},{"id":"ropes_03","texture":"theme_003_scenery_ropes","anchor":{"x":0.5,"y":1},"scale":{"x":1,"y":1},"rotation":-30,"depth":0,"data":"","position":{"x":-141,"y":-555}},{"id":"money_03","texture":"theme_003_scenery_money","anchor":{"x":0.5,"y":1},"scale":{"x":1,"y":1},"rotation":-16,"depth":0,"data":"","position":{"x":4121,"y":368}},{"id":"money_03","texture":"theme_003_scenery_money","anchor":{"x":0.5,"y":1},"scale":{"x":1,"y":1},"rotation":-14,"depth":0,"data":"","position":{"x":7715,"y":-191}},{"id":"money_03","texture":"theme_003_scenery_money","anchor":{"x":0.5,"y":1},"scale":{"x":1,"y":1},"rotation":-16,"depth":0,"data":"","position":{"x":8364,"y":-601}}]},{"name":"obstacles","depth":-1,"paths":[],"objects":[{"id":"spike01_01","texture":"theme_001_obstacle_spike_small_off","anchor":{"x":0.5,"y":1},"scale":{"x":1,"y":1},"rotation":-14,"depth":0,"data":"","position":{"x":10388,"y":-2080}},{"id":"teleport_01","texture":"theme_001_obstacle_teleport_off","anchor":{"x":0.5,"y":1},"scale":{"x":1,"y":1},"rotation":0,"depth":0,"data":"{ \"in\":1,\"out\":2 }","position":{"x":13664,"y":-710}},{"id":"level_gameover","texture":"level_gameover","anchor":{"x":0.5,"y":0.5},"scale":{"x":6.4,"y":6.4},"rotation":0,"depth":0,"data":"","position":{"x":11662,"y":251}},{"id":"gate_blue03","texture":"theme_003_obstacle_gate_blue_closed","anchor":{"x":0.5,"y":1},"scale":{"x":1,"y":1},"rotation":0,"depth":0,"data":"","position":{"x":565,"y":-772}},{"id":"teleport_01","texture":"theme_001_obstacle_teleport_off","anchor":{"x":0.5,"y":1},"scale":{"x":1,"y":1},"rotation":0,"depth":0,"data":"{ \"in\":2,\"out\":2 }","position":{"x":3761,"y":-2531}},{"id":"level_end","texture":"level_end","anchor":{"x":0.5,"y":0.5},"scale":{"x":5,"y":5},"rotation":0,"depth":0,"data":"","position":{"x":15889,"y":-1516}},{"id":"gate_green03","texture":"theme_003_obstacle_gate_green_closed","anchor":{"x":0.5,"y":1},"scale":{"x":1,"y":1},"rotation":0,"depth":0,"data":"","position":{"x":13372,"y":-708}},{"id":"level_gameover","texture":"level_gameover","anchor":{"x":0.5,"y":0.5},"scale":{"x":2.8,"y":2.8},"rotation":0,"depth":0,"data":"","position":{"x":5644,"y":472}},{"id":"finish_03","texture":"theme_003_obstacle_finish","anchor":{"x":0.5,"y":1},"scale":{"x":1,"y":1},"rotation":0,"depth":0,"data":"","position":{"x":15528,"y":-1202}},{"id":"spike01_01","texture":"theme_001_obstacle_spike_small_off","anchor":{"x":0.5,"y":1},"scale":{"x":1,"y":1},"rotation":-16,"depth":0,"data":"","position":{"x":9741,"y":-1922}},{"id":"level_gameover","texture":"level_gameover","anchor":{"x":0.5,"y":0.5},"scale":{"x":3.4,"y":3.4},"rotation":0,"depth":0,"data":"","position":{"x":3174,"y":-94}},{"id":"fire_on_03","texture":"theme_003_obstacle_flame_on","anchor":{"x":0.5,"y":1},"scale":{"x":1,"y":1},"rotation":0,"depth":0,"data":"","position":{"x":791,"y":-4}},{"id":"spike02_01","texture":"theme_001_obstacle_spike_large_off","anchor":{"x":0.5,"y":1},"scale":{"x":1,"y":1},"rotation":0,"depth":0,"data":"","position":{"x":3720,"y":-629}},{"id":"spike02_01","texture":"theme_001_obstacle_spike_large_off","anchor":{"x":0.5,"y":1},"scale":{"x":1,"y":1},"rotation":0,"depth":0,"data":"","position":{"x":12462,"y":-437}},{"id":"rock01_03","texture":"theme_003_obstacle_rock","anchor":{"x":0.5,"y":1},"scale":{"x":1.3,"y":1.3},"rotation":39,"depth":0,"data":"","position":{"x":13219,"y":-134}},{"id":"rock02_03","texture":"theme_003_obstacle_rock_002","anchor":{"x":0.5,"y":1},"scale":{"x":1.3,"y":1.3},"rotation":41,"depth":0,"data":"","position":{"x":13394,"y":12}},{"id":"rock02_03","texture":"theme_003_obstacle_rock_002","anchor":{"x":0.5,"y":1},"scale":{"x":1.3,"y":1.3},"rotation":41,"depth":0,"data":"","position":{"x":13607,"y":193}},{"id":"rock01_03","texture":"theme_003_obstacle_rock","anchor":{"x":0.5,"y":1},"scale":{"x":1.3,"y":1.3},"rotation":39,"depth":0,"data":"","position":{"x":13860,"y":406}},{"id":"rock02_03","texture":"theme_003_obstacle_rock_002","anchor":{"x":0.5,"y":1},"scale":{"x":1.5,"y":1.5},"rotation":0,"depth":0,"data":"","position":{"x":4828,"y":-2159}},{"id":"rock01_03","texture":"theme_003_obstacle_rock","anchor":{"x":0.5,"y":1},"scale":{"x":1.5,"y":1.5},"rotation":-14,"depth":0,"data":"","position":{"x":6828,"y":15}},{"id":"rock02_03","texture":"theme_003_obstacle_rock_002","anchor":{"x":0.5,"y":1},"scale":{"x":1.5,"y":1.5},"rotation":-14,"depth":0,"data":"","position":{"x":6654,"y":61}},{"id":"rock02_03","texture":"theme_003_obstacle_rock_002","anchor":{"x":0.5,"y":1},"scale":{"x":1.5,"y":1.5},"rotation":0,"depth":0,"data":"","position":{"x":9156,"y":-1808}},{"id":"hint","texture":"hint","anchor":{"x":0.5,"y":0.5},"scale":{"x":4.2,"y":4.2},"rotation":0,"depth":0,"data":"{ \"id\" : \"cannonbolt\" }","position":{"x":6353,"y":-109}}]},{"name":"platforms","depth":0,"paths":[{"closed":false,"depth":0,"collisions":1,"texFill":"theme_03_fill","texGround":"theme_03_ground","texGroundEdge":"theme_03_ground_edge","texWall":"theme_03_wall","texFillPadding":640,"texFillSize":256,"texGroundSize":160,"texGroundDelta":0.3,"texWallSize":160,"texWallDelta":0.1,"texWallAngle":70,"texGroundEdgeSide":"","data":"","points":[{"x":-2208,"y":-1152},{"x":-2144,"y":-1152},{"x":-752,"y":-1152},{"x":-752,"y":-1152},{"x":-752,"y":-1152},{"x":-752,"y":-704},{"x":-752,"y":-224},{"x":-752,"y":-224},{"x":-288,"y":-80},{"x":-288,"y":-80},{"x":-288,"y":144},{"x":-288,"y":144},{"x":-288,"y":144},{"x":-288,"y":144},{"x":240,"y":144},{"x":288,"y":144},{"x":336,"y":112},{"x":416,"y":48},{"x":480,"y":0},{"x":720,"y":0},{"x":816,"y":0},{"x":1120,"y":0},{"x":1120,"y":64},{"x":1120,"y":176},{"x":1120,"y":240},{"x":1568,"y":240},{"x":2144,"y":240},{"x":2400,"y":240},{"x":2400,"y":288},{"x":2400,"y":-832},{"x":2400,"y":-832},{"x":2400,"y":-832},{"x":2800,"y":-832},{"x":2800,"y":-832},{"x":2800,"y":-832},{"x":2864,"y":-800},{"x":2976,"y":-752},{"x":2976,"y":-672},{"x":2976,"y":688},{"x":2976,"y":768}],"bounds":[-2208,2976]},{"closed":true,"depth":-1,"collisions":1,"texFill":"theme_03_fill","texGround":"theme_03_ground","texGroundEdge":"theme_03_ground_edge","texWall":"theme_03_wall","texFillPadding":960,"texFillSize":256,"texGroundSize":160,"texGroundDelta":0.3,"texWallSize":160,"texWallDelta":0.1,"texWallAngle":70,"texGroundEdgeSide":"","data":"","points":[{"x":-336,"y":-448},{"x":-336,"y":-448},{"x":-96,"y":-576},{"x":64,"y":-672},{"x":64,"y":-640},{"x":64,"y":-528},{"x":64,"y":-480},{"x":16,"y":-448},{"x":-16,"y":-432},{"x":-16,"y":-432},{"x":-96,"y":-432},{"x":-208,"y":-432},{"x":-320,"y":-432}],"bounds":[-336,64]},{"closed":true,"depth":0,"collisions":1,"texFill":"theme_03_fill","texGround":"theme_03_ground","texGroundEdge":"theme_03_ground_edge","texWall":"theme_03_wall","texFillPadding":512,"texFillSize":256,"texGroundSize":160,"texGroundDelta":0.3,"texWallSize":160,"texWallDelta":0.1,"texWallAngle":70,"texGroundEdgeSide":"","data":"","points":[{"x":448,"y":-768},{"x":448,"y":-768},{"x":736,"y":-768},{"x":736,"y":-768},{"x":736,"y":-768},{"x":736,"y":-768},{"x":688,"y":-608},{"x":656,"y":-608},{"x":528,"y":-608},{"x":512,"y":-608},{"x":448,"y":-752},{"x":448,"y":-752},{"x":448,"y":-752}],"bounds":[448,736]},{"closed":true,"depth":0,"collisions":1,"texFill":"theme_03_fill","texGround":"theme_03_ground","texGroundEdge":"theme_03_ground_edge","texWall":"theme_03_wall","texFillPadding":512,"texFillSize":256,"texGroundSize":160,"texGroundDelta":0.3,"texWallSize":160,"texWallDelta":0.1,"texWallAngle":70,"texGroundEdgeSide":"","data":"","points":[{"x":1136,"y":-880},{"x":1168,"y":-880},{"x":1296,"y":-880},{"x":1408,"y":-880},{"x":1456,"y":-912},{"x":1728,"y":-1040},{"x":1760,"y":-1056},{"x":1840,"y":-1056},{"x":1952,"y":-1056},{"x":2032,"y":-1056},{"x":2016,"y":-1040},{"x":1856,"y":-800},{"x":1808,"y":-736},{"x":1584,"y":-736},{"x":1360,"y":-736},{"x":1280,"y":-736},{"x":1200,"y":-800},{"x":1152,"y":-848},{"x":1136,"y":-864}],"bounds":[1136,2032]},{"closed":true,"depth":0,"collisions":1,"texFill":"theme_03_fill","texGround":"theme_03_ground","texGroundEdge":"theme_03_ground_edge","texWall":"theme_03_wall","texFillPadding":1024,"texFillSize":256,"texGroundSize":176,"texGroundDelta":0.3,"texWallSize":160,"texWallDelta":0.1,"texWallAngle":70,"texGroundEdgeSide":"","data":"","points":[{"x":3392,"y":-624},{"x":3680,"y":-624},{"x":3712,"y":-624},{"x":3984,"y":-624},{"x":3984,"y":-624},{"x":3968,"y":336},{"x":3968,"y":384},{"x":3968,"y":384},{"x":4960,"y":112},{"x":4960,"y":112},{"x":4960,"y":80},{"x":4960,"y":-128},{"x":4960,"y":-160},{"x":4960,"y":-160},{"x":5328,"y":-160},{"x":5504,"y":-160},{"x":5504,"y":-64},{"x":5504,"y":912},{"x":5504,"y":1104},{"x":4544,"y":1136},{"x":3424,"y":1008},{"x":3392,"y":1008},{"x":3392,"y":976},{"x":3392,"y":-624},{"x":3392,"y":-624}],"bounds":[3392,5504]},{"closed":true,"depth":0,"collisions":1,"texFill":"theme_03_fill","texGround":"theme_03_ground","texGroundEdge":"theme_03_ground_edge","texWall":"theme_03_wall","texFillPadding":512,"texFillSize":352,"texGroundSize":176,"texGroundDelta":0.3,"texWallSize":176,"texWallDelta":0.1,"texWallAngle":62,"texGroundEdgeSide":"","data":"","points":[{"x":3520,"y":-2528},{"x":3664,"y":-2528},{"x":3808,"y":-2528},{"x":3952,"y":-2528},{"x":3952,"y":-2528},{"x":3952,"y":-2064},{"x":3952,"y":-2016},{"x":3904,"y":-2016},{"x":3792,"y":-2016},{"x":3696,"y":-2016},{"x":3680,"y":-2080},{"x":3536,"y":-2496},{"x":3552,"y":-2496}],"bounds":[3520,3952]},{"closed":true,"depth":0,"collisions":1,"texFill":"theme_03_fill","texGround":"theme_03_ground","texGroundEdge":"theme_03_ground_edge","texWall":"theme_03_wall","texFillPadding":512,"texFillSize":256,"texGroundSize":160,"texGroundDelta":0.3,"texWallSize":160,"texWallDelta":0.1,"texWallAngle":70,"texGroundEdgeSide":"","data":"","points":[{"x":4256,"y":-2160},{"x":4512,"y":-2160},{"x":4608,"y":-2160},{"x":4880,"y":-2160},{"x":4880,"y":-1984},{"x":4880,"y":-1856},{"x":4880,"y":-1728},{"x":4976,"y":-1728},{"x":5280,"y":-1728},{"x":5376,"y":-1728},{"x":5360,"y":-1728},{"x":5376,"y":-1632},{"x":5376,"y":-1584},{"x":5344,"y":-1568},{"x":5216,"y":-1520},{"x":5168,"y":-1504},{"x":5008,"y":-1504},{"x":4864,"y":-1504},{"x":4704,"y":-1504},{"x":4528,"y":-1648},{"x":4368,"y":-1792},{"x":4256,"y":-1888},{"x":4256,"y":-2080},{"x":4256,"y":-2032},{"x":4256,"y":-2144}],"bounds":[4256,5376]},{"closed":true,"depth":0,"collisions":1,"texFill":"theme_03_fill","texGround":"theme_03_ground","texGroundEdge":"theme_03_ground_edge","texWall":"theme_03_wall","texFillPadding":512,"texFillSize":256,"texGroundSize":160,"texGroundDelta":0.25,"texWallSize":160,"texWallDelta":0.1,"texWallAngle":70,"texGroundEdgeSide":"","data":"","points":[{"x":4384,"y":-496},{"x":4384,"y":-496},{"x":4656,"y":-432},{"x":4656,"y":-432},{"x":4656,"y":-432},{"x":4592,"y":-272},{"x":4592,"y":-272},{"x":4592,"y":-272},{"x":4416,"y":-320},{"x":4416,"y":-320},{"x":4416,"y":-320},{"x":4384,"y":-480},{"x":4384,"y":-480}],"bounds":[4384,4656]},{"closed":true,"depth":0,"collisions":1,"texFill":"theme_03_fill","texGround":"theme_03_ground","texGroundEdge":"theme_03_ground_edge","texWall":"theme_03_wall","texFillPadding":512,"texFillSize":256,"texGroundSize":160,"texGroundDelta":0.3,"texWallSize":160,"texWallDelta":0.1,"texWallAngle":70,"texGroundEdgeSide":"","data":"","points":[{"x":5968,"y":-880},{"x":5968,"y":-848},{"x":5968,"y":-784},{"x":5968,"y":-736},{"x":5872,"y":-736},{"x":5760,"y":-736},{"x":5680,"y":-736},{"x":5584,"y":-800},{"x":5504,"y":-848},{"x":5424,"y":-896},{"x":5424,"y":-976},{"x":5424,"y":-1040},{"x":5424,"y":-1088},{"x":5600,"y":-1024},{"x":5808,"y":-944},{"x":5968,"y":-880}],"bounds":[5424,5968]},{"closed":true,"depth":0,"collisions":1,"texFill":"theme_03_fill","texGround":"theme_03_ground","texGroundEdge":"theme_03_ground_edge","texWall":"theme_03_wall","texFillPadding":512,"texFillSize":256,"texGroundSize":160,"texGroundDelta":0.3,"texWallSize":160,"texWallDelta":0.1,"texWallAngle":70,"texGroundEdgeSide":"","data":"","points":[{"x":8368,"y":-848},{"x":8368,"y":-848},{"x":9584,"y":-848},{"x":9584,"y":-848},{"x":9584,"y":-848},{"x":10784,"y":-464},{"x":10784,"y":-464},{"x":10784,"y":-464},{"x":11280,"y":-464},{"x":11280,"y":-464},{"x":11280,"y":-464},{"x":11280,"y":1088},{"x":11280,"y":1200},{"x":11008,"y":1200},{"x":5936,"y":1184},{"x":5792,"y":1168},{"x":5792,"y":1040},{"x":5792,"y":176},{"x":5792,"y":144},{"x":5840,"y":144},{"x":6208,"y":144},{"x":6320,"y":144},{"x":6320,"y":144},{"x":7616,"y":-192},{"x":7904,"y":-256},{"x":7904,"y":-320},{"x":7904,"y":-400},{"x":7904,"y":-464},{"x":7936,"y":-480},{"x":8320,"y":-608},{"x":8368,"y":-624},{"x":8368,"y":-800},{"x":8368,"y":-720},{"x":8368,"y":-848}],"bounds":[5792,11280]},{"closed":true,"depth":0,"collisions":1,"texFill":"theme_03_fill","texGround":"theme_03_ground","texGroundEdge":"theme_03_ground_edge","texWall":"theme_03_wall","texFillPadding":512,"texFillSize":256,"texGroundSize":160,"texGroundDelta":0.35,"texWallSize":160,"texWallDelta":0.1,"texWallAngle":70,"texGroundEdgeSide":"","data":"","points":[{"x":6000,"y":-1328},{"x":6272,"y":-1440},{"x":6352,"y":-1472},{"x":6576,"y":-1552},{"x":6576,"y":-1520},{"x":6576,"y":-1552},{"x":6576,"y":-1392},{"x":6576,"y":-1392},{"x":6384,"y":-1328},{"x":6336,"y":-1312},{"x":6320,"y":-1312},{"x":6064,"y":-1312},{"x":6016,"y":-1328}],"bounds":[6000,6576]},{"closed":true,"depth":0,"collisions":1,"texFill":"theme_03_fill","texGround":"theme_03_ground","texGroundEdge":"theme_03_ground_edge","texWall":"theme_03_wall","texFillPadding":512,"texFillSize":256,"texGroundSize":160,"texGroundDelta":0.4,"texWallSize":160,"texWallDelta":0.1,"texWallAngle":70,"texGroundEdgeSide":"","data":"","points":[{"x":6320,"y":-704},{"x":6320,"y":-704},{"x":6576,"y":-624},{"x":6720,"y":-576},{"x":6720,"y":-544},{"x":6720,"y":-480},{"x":6720,"y":-448},{"x":6752,"y":-448},{"x":6832,"y":-448},{"x":6944,"y":-448},{"x":6944,"y":-416},{"x":6944,"y":-352},{"x":6944,"y":-320},{"x":6944,"y":-320},{"x":6592,"y":-320},{"x":6544,"y":-320},{"x":6464,"y":-368},{"x":6464,"y":-368},{"x":6320,"y":-464},{"x":6320,"y":-560},{"x":6320,"y":-688},{"x":6320,"y":-688}],"bounds":[6320,6944]},{"closed":true,"depth":0,"collisions":1,"texFill":"theme_03_fill","texGround":"theme_03_ground","texGroundEdge":"theme_03_ground_edge","texWall":"theme_03_wall","texFillPadding":512,"texFillSize":256,"texGroundSize":192,"texGroundDelta":0.35,"texWallSize":160,"texWallDelta":0.1,"texWallAngle":70,"texGroundEdgeSide":"","data":"","points":[{"x":6944,"y":-1680},{"x":6944,"y":-1680},{"x":7360,"y":-1824},{"x":7360,"y":-1824},{"x":7376,"y":-1824},{"x":8336,"y":-1824},{"x":8384,"y":-1824},{"x":8368,"y":-1792},{"x":8144,"y":-1344},{"x":8144,"y":-1344},{"x":8016,"y":-1344},{"x":7728,"y":-1344},{"x":7520,"y":-1344},{"x":7520,"y":-1344},{"x":7376,"y":-1440},{"x":7376,"y":-1440},{"x":7312,"y":-1440},{"x":6992,"y":-1440},{"x":6992,"y":-1440},{"x":6992,"y":-1440},{"x":6944,"y":-1664},{"x":6944,"y":-1664}],"bounds":[6944,8384]},{"closed":true,"depth":0,"collisions":1,"texFill":"theme_03_fill","texGround":"theme_03_ground","texGroundEdge":"theme_03_ground_edge","texWall":"theme_03_wall","texFillPadding":512,"texFillSize":256,"texGroundSize":160,"texGroundDelta":0.3,"texWallSize":160,"texWallDelta":0.1,"texWallAngle":70,"texGroundEdgeSide":"","data":"","points":[{"x":8912,"y":-1808},{"x":8912,"y":-1808},{"x":9296,"y":-1808},{"x":9296,"y":-1808},{"x":9296,"y":-1808},{"x":10736,"y":-2160},{"x":10736,"y":-2160},{"x":10736,"y":-2160},{"x":10736,"y":-2000},{"x":10736,"y":-1920},{"x":10608,"y":-1872},{"x":10032,"y":-1616},{"x":9776,"y":-1504},{"x":9408,"y":-1504},{"x":9440,"y":-1504},{"x":9104,"y":-1504},{"x":9104,"y":-1504},{"x":8912,"y":-1808},{"x":8912,"y":-1808}],"bounds":[8912,10736]},{"closed":false,"depth":-1,"collisions":1,"texFill":"theme_03_fill","texGround":"theme_03_ground","texGroundEdge":"theme_03_ground_edge","texWall":"theme_03_wall","texFillPadding":1024,"texFillSize":256,"texGroundSize":160,"texGroundDelta":0.3,"texWallSize":176,"texWallDelta":0.15,"texWallAngle":70,"texGroundEdgeSide":"","data":"","points":[{"x":10480,"y":-1008},{"x":10480,"y":-1008},{"x":11168,"y":-1264},{"x":11168,"y":-1264}],"bounds":[10480,11168]},{"closed":true,"depth":-1,"collisions":1,"texFill":"theme_03_fill","texGround":"theme_03_ground","texGroundEdge":"theme_03_ground_edge","texWall":"theme_03_wall","texFillPadding":512,"texFillSize":256,"texGroundSize":160,"texGroundDelta":0.3,"texWallSize":160,"texWallDelta":0.1,"texWallAngle":70,"texGroundEdgeSide":"","data":"","points":[{"x":11216,"y":-1920},{"x":11296,"y":-1920},{"x":11648,"y":-1920},{"x":11648,"y":-1920},{"x":11648,"y":-1920},{"x":11648,"y":-1872},{"x":11648,"y":-1760},{"x":11600,"y":-1760},{"x":11552,"y":-1760},{"x":11536,"y":-1760},{"x":11408,"y":-1824},{"x":11424,"y":-1808},{"x":11392,"y":-1824},{"x":11360,"y":-1824},{"x":11408,"y":-1824},{"x":11216,"y":-1824},{"x":11216,"y":-1856},{"x":11216,"y":-1888},{"x":11216,"y":-1920}],"bounds":[11216,11648]},{"closed":true,"depth":0,"collisions":1,"texFill":"theme_03_fill","texGround":"theme_03_ground","texGroundEdge":"theme_03_ground_edge","texWall":"theme_03_wall","texFillPadding":512,"texFillSize":256,"texGroundSize":160,"texGroundDelta":0.3,"texWallSize":160,"texWallDelta":0.1,"texWallAngle":70,"texGroundEdgeSide":"","data":"","points":[{"x":11536,"y":-1200},{"x":11696,"y":-1200},{"x":11744,"y":-1200},{"x":11904,"y":-1200},{"x":11904,"y":-1200},{"x":12368,"y":-1008},{"x":12368,"y":-1008},{"x":12368,"y":-1008},{"x":11936,"y":-832},{"x":11936,"y":-832},{"x":11840,"y":-832},{"x":11792,"y":-832},{"x":11648,"y":-832},{"x":11648,"y":-832},{"x":11536,"y":-912},{"x":11536,"y":-912},{"x":11536,"y":-1056},{"x":11536,"y":-1184},{"x":11536,"y":-1168}],"bounds":[11536,12368]},{"closed":true,"depth":0,"collisions":1,"texFill":"theme_03_fill","texGround":"theme_03_ground","texGroundEdge":"theme_03_ground_edge","texWall":"theme_03_wall","texFillPadding":512,"texFillSize":256,"texGroundSize":160,"texGroundDelta":0.3,"texWallSize":160,"texWallDelta":0.1,"texWallAngle":70,"texGroundEdgeSide":"","data":"","points":[{"x":12016,"y":-432},{"x":12080,"y":-432},{"x":12736,"y":-432},{"x":12864,"y":-432},{"x":13152,"y":-192},{"x":13888,"y":432},{"x":14192,"y":688},{"x":14416,"y":688},{"x":14704,"y":688},{"x":14896,"y":688},{"x":14896,"y":624},{"x":14896,"y":208},{"x":14896,"y":112},{"x":14928,"y":112},{"x":15360,"y":112},{"x":15488,"y":112},{"x":15488,"y":-448},{"x":15488,"y":-848},{"x":15488,"y":-1200},{"x":15664,"y":-1200},{"x":15872,"y":-1200},{"x":16000,"y":-1200},{"x":16000,"y":-1200},{"x":17280,"y":-1584},{"x":17280,"y":-1584},{"x":17280,"y":-1280},{"x":17280,"y":864},{"x":17280,"y":1296},{"x":17072,"y":1296},{"x":12048,"y":1296},{"x":12016,"y":1296},{"x":12016,"y":1104},{"x":12016,"y":-368},{"x":12016,"y":-400}],"bounds":[12016,17280]},{"closed":true,"depth":0,"collisions":1,"texFill":"theme_03_fill","texGround":"theme_03_ground","texGroundEdge":"theme_03_ground_edge","texWall":"theme_03_wall","texFillPadding":512,"texFillSize":256,"texGroundSize":160,"texGroundDelta":0.3,"texWallSize":160,"texWallDelta":0.1,"texWallAngle":70,"texGroundEdgeSide":"","data":"","points":[{"x":13344,"y":-1344},{"x":13472,"y":-1344},{"x":14000,"y":-1344},{"x":14128,"y":-1344},{"x":14128,"y":-1184},{"x":14128,"y":-720},{"x":14128,"y":-480},{"x":14208,"y":-480},{"x":14192,"y":-480},{"x":14304,"y":-480},{"x":14304,"y":-368},{"x":14304,"y":-48},{"x":14304,"y":256},{"x":14192,"y":256},{"x":14192,"y":256},{"x":14144,"y":256},{"x":14080,"y":208},{"x":13200,"y":-512},{"x":12976,"y":-704},{"x":13312,"y":-704},{"x":13488,"y":-704},{"x":13824,"y":-704},{"x":13824,"y":-1136},{"x":13824,"y":-1136},{"x":13824,"y":-1136},{"x":13632,"y":-1136},{"x":13520,"y":-1136},{"x":13520,"y":-1136},{"x":13520,"y":-1136},{"x":13472,"y":-1088},{"x":13456,"y":-1072},{"x":13456,"y":-1072},{"x":13456,"y":-1072},{"x":13328,"y":-1072},{"x":13328,"y":-1120},{"x":13328,"y":-1312},{"x":13328,"y":-1312}],"bounds":[12976,14304]},{"closed":true,"depth":0,"collisions":1,"texFill":"theme_03_fill","texGround":"theme_03_ground","texGroundEdge":"theme_03_ground_edge","texWall":"theme_03_wall","texFillPadding":512,"texFillSize":256,"texGroundSize":160,"texGroundDelta":0.3,"texWallSize":160,"texWallDelta":0.1,"texWallAngle":70,"texGroundEdgeSide":"","data":"","points":[{"x":14544,"y":-272},{"x":14672,"y":-272},{"x":14864,"y":-272},{"x":15008,"y":-272}],"bounds":[14544,15008]},{"closed":false,"depth":-1,"collisions":1,"texFill":"theme_03_fill","texGround":"theme_03_ground","texGroundEdge":"theme_03_ground_edge","texWall":"theme_03_wall","texFillPadding":768,"texFillSize":256,"texGroundSize":160,"texGroundDelta":0.3,"texWallSize":160,"texWallDelta":0.1,"texWallAngle":70,"texGroundEdgeSide":"","data":"","points":[{"x":14576,"y":368},{"x":14800,"y":368},{"x":14800,"y":368},{"x":15008,"y":368}],"bounds":[14576,15008]},{"closed":true,"depth":0,"collisions":1,"texFill":"theme_03_fill","texGround":"theme_03_ground","texGroundEdge":"theme_03_ground_edge","texWall":"theme_03_wall","texFillPadding":512,"texFillSize":256,"texGroundSize":160,"texGroundDelta":0.3,"texWallSize":160,"texWallDelta":0.1,"texWallAngle":70,"texGroundEdgeSide":"","data":"","points":[{"x":14640,"y":-832},{"x":14736,"y":-880},{"x":15200,"y":-1104},{"x":15200,"y":-1104},{"x":15200,"y":-1088},{"x":15200,"y":-1008},{"x":15200,"y":-928},{"x":15200,"y":-928},{"x":14928,"y":-816},{"x":14928,"y":-816},{"x":14784,"y":-816},{"x":14816,"y":-816},{"x":14672,"y":-816}],"bounds":[14640,15200]}],"objects":[]},{"name":"enemies","depth":1,"paths":[],"objects":[{"id":"bandit_03","texture":"bandit_03","anchor":{"x":0.5,"y":1},"scale":{"x":1,"y":1},"rotation":0,"depth":0,"data":"{ \"left\": 400, \"right\": 400, \"orientation\": \"left\" }","position":{"x":1664,"y":240}},{"id":"bandit_03","texture":"bandit_03","anchor":{"x":0.5,"y":1},"scale":{"x":1,"y":1},"rotation":0,"depth":0,"data":"{ \"left\": 100, \"right\": 100, \"fireRate\" : 1, \"fireRateVariability\" : 60 }","position":{"x":1926,"y":-1055}},{"id":"bandit_03","texture":"bandit_03","anchor":{"x":0.5,"y":1},"scale":{"x":1,"y":1},"rotation":0,"depth":0,"data":"{ \"left\": 100, \"right\": 100, \"fireRate\" : 2, \"fireRateVariability\" : 60 }","position":{"x":5233,"y":-163}},{"id":"bandit_03","texture":"bandit_03","anchor":{"x":0.5,"y":1},"scale":{"x":1,"y":1},"rotation":0,"depth":0,"data":"{ \"left\": 300, \"right\": 200, \"fireRate\" : 1, \"fireRateVariability\" : 60 }","position":{"x":7993,"y":-1836}},{"id":"bandit_03","texture":"bandit_03","anchor":{"x":0.5,"y":1},"scale":{"x":1,"y":1},"rotation":0,"depth":0,"data":"{ \"left\": 300, \"right\": 200, \"fireRate\" : 2, \"fireRateVariability\" : 60 }","position":{"x":8956,"y":-850}}]},{"name":"pickups","depth":2,"paths":[],"objects":[{"id":"key_blue","texture":"key_blue_radial","anchor":{"x":0.5,"y":0.5},"scale":{"x":1,"y":1},"rotation":0,"depth":0,"data":"","position":{"x":2223,"y":71}},{"id":"coin","texture":"pick_up","anchor":{"x":0.5,"y":0.5},"scale":{"x":1,"y":1},"rotation":0,"depth":0,"data":"","position":{"x":7814,"y":-1976}},{"id":"time","texture":"pick_up_time","anchor":{"x":0.5,"y":0.5},"scale":{"x":1,"y":1},"rotation":0,"depth":0,"data":"","position":{"x":1264,"y":-990}},{"id":"time","texture":"pick_up_time","anchor":{"x":0.5,"y":0.5},"scale":{"x":1,"y":1},"rotation":0,"depth":0,"data":"","position":{"x":793,"y":-300}},{"id":"time","texture":"pick_up_time","anchor":{"x":0.5,"y":0.5},"scale":{"x":1,"y":1},"rotation":0,"depth":0,"data":"","position":{"x":3716,"y":-765}},{"id":"time","texture":"pick_up_time","anchor":{"x":0.5,"y":0.5},"scale":{"x":1,"y":1},"rotation":0,"depth":0,"data":"","position":{"x":8091,"y":-708}},{"id":"time","texture":"pick_up_time","anchor":{"x":0.5,"y":0.5},"scale":{"x":1,"y":1},"rotation":0,"depth":0,"data":"","position":{"x":6576,"y":-824}},{"id":"time","texture":"pick_up_time","anchor":{"x":0.5,"y":0.5},"scale":{"x":1,"y":1},"rotation":0,"depth":0,"data":"","position":{"x":11026,"y":-672}},{"id":"time","texture":"pick_up_time","anchor":{"x":0.5,"y":0.5},"scale":{"x":1,"y":1},"rotation":0,"depth":0,"data":"","position":{"x":12458,"y":-592}},{"id":"time","texture":"pick_up_time","anchor":{"x":0.5,"y":0.5},"scale":{"x":1,"y":1},"rotation":0,"depth":0,"data":"","position":{"x":13650,"y":-856}},{"id":"time","texture":"pick_up_time","anchor":{"x":0.5,"y":0.5},"scale":{"x":1,"y":1},"rotation":0,"depth":0,"data":"","position":{"x":14824,"y":-452}},{"id":"time","texture":"pick_up_time","anchor":{"x":0.5,"y":0.5},"scale":{"x":1,"y":1},"rotation":0,"depth":0,"data":"","position":{"x":8263,"y":-1983}},{"id":"time","texture":"pick_up_time","anchor":{"x":0.5,"y":0.5},"scale":{"x":1,"y":1},"rotation":0,"depth":0,"data":"","position":{"x":5177,"y":-2020}},{"id":"key_green","texture":"key_green_radial","anchor":{"x":0.5,"y":0.5},"scale":{"x":1,"y":1},"rotation":0,"depth":0,"data":"","position":{"x":11439,"y":-1998}},{"id":"coin","texture":"pick_up","anchor":{"x":0.5,"y":0.5},"scale":{"x":1,"y":1},"rotation":0,"depth":0,"data":"","position":{"x":-597,"y":-323}},{"id":"coin","texture":"pick_up","anchor":{"x":0.5,"y":0.5},"scale":{"x":1,"y":1},"rotation":0,"depth":0,"data":"","position":{"x":-592,"y":-517}},{"id":"coin","texture":"pick_up","anchor":{"x":0.5,"y":0.5},"scale":{"x":1,"y":1},"rotation":0,"depth":0,"data":"","position":{"x":1411,"y":109}},{"id":"coin","texture":"pick_up","anchor":{"x":0.5,"y":0.5},"scale":{"x":1,"y":1},"rotation":0,"depth":0,"data":"","position":{"x":1710,"y":117}},{"id":"coin","texture":"pick_up","anchor":{"x":0.5,"y":0.5},"scale":{"x":1,"y":1},"rotation":0,"depth":0,"data":"","position":{"x":1982,"y":116}},{"id":"coin","texture":"pick_up","anchor":{"x":0.5,"y":0.5},"scale":{"x":1,"y":1},"rotation":0,"depth":0,"data":"","position":{"x":1924,"y":-1163}},{"id":"coin","texture":"pick_up","anchor":{"x":0.5,"y":0.5},"scale":{"x":1,"y":1},"rotation":0,"depth":0,"data":"","position":{"x":2527,"y":-944}},{"id":"coin","texture":"pick_up","anchor":{"x":0.5,"y":0.5},"scale":{"x":1,"y":1},"rotation":0,"depth":0,"data":"","position":{"x":2658,"y":-945}},{"id":"coin","texture":"pick_up","anchor":{"x":0.5,"y":0.5},"scale":{"x":1,"y":1},"rotation":0,"depth":0,"data":"","position":{"x":4538,"y":-571}},{"id":"coin","texture":"pick_up","anchor":{"x":0.5,"y":0.5},"scale":{"x":1,"y":1},"rotation":0,"depth":0,"data":"","position":{"x":6022,"y":-41}},{"id":"coin","texture":"pick_up","anchor":{"x":0.5,"y":0.5},"scale":{"x":1,"y":1},"rotation":0,"depth":0,"data":"","position":{"x":6145,"y":-42}},{"id":"coin","texture":"pick_up","anchor":{"x":0.5,"y":0.5},"scale":{"x":1,"y":1},"rotation":0,"depth":0,"data":"","position":{"x":5567,"y":-1193}},{"id":"coin","texture":"pick_up","anchor":{"x":0.5,"y":0.5},"scale":{"x":1,"y":1},"rotation":0,"depth":0,"data":"","position":{"x":5564,"y":-1391}},{"id":"coin","texture":"pick_up","anchor":{"x":0.5,"y":0.5},"scale":{"x":1,"y":1},"rotation":0,"depth":0,"data":"","position":{"x":4032,"y":-2678}},{"id":"coin","texture":"pick_up","anchor":{"x":0.5,"y":0.5},"scale":{"x":1,"y":1},"rotation":0,"depth":0,"data":"","position":{"x":4238,"y":-2602}},{"id":"sumocard","texture":"pick_up_card","anchor":{"x":0.5,"y":0.5},"scale":{"x":1,"y":1},"rotation":0,"depth":0,"data":"","position":{"x":4558,"y":-2334}},{"id":"coin","texture":"pick_up","anchor":{"x":0.5,"y":0.5},"scale":{"x":1,"y":1},"rotation":0,"depth":0,"data":"","position":{"x":7113,"y":-1886}},{"id":"coin","texture":"pick_up","anchor":{"x":0.5,"y":0.5},"scale":{"x":1,"y":1},"rotation":0,"depth":0,"data":"","position":{"x":7465,"y":-1959}},{"id":"coin","texture":"pick_up","anchor":{"x":0.5,"y":0.5},"scale":{"x":1,"y":1},"rotation":0,"depth":0,"data":"","position":{"x":4402,"y":-2462}},{"id":"coin","texture":"pick_up","anchor":{"x":0.5,"y":0.5},"scale":{"x":1,"y":1},"rotation":0,"depth":0,"data":"","position":{"x":15285,"y":-300}},{"id":"coin","texture":"pick_up","anchor":{"x":0.5,"y":0.5},"scale":{"x":1,"y":1},"rotation":0,"depth":0,"data":"","position":{"x":15290,"y":-82}},{"id":"coin","texture":"pick_up","anchor":{"x":0.5,"y":0.5},"scale":{"x":1,"y":1},"rotation":0,"depth":0,"data":"","position":{"x":14840,"y":-1058}},{"id":"coin","texture":"pick_up","anchor":{"x":0.5,"y":0.5},"scale":{"x":1,"y":1},"rotation":0,"depth":0,"data":"","position":{"x":14958,"y":-1119}},{"id":"coin","texture":"pick_up","anchor":{"x":0.5,"y":0.5},"scale":{"x":1,"y":1},"rotation":0,"depth":0,"data":"","position":{"x":12955,"y":-897}},{"id":"coin","texture":"pick_up","anchor":{"x":0.5,"y":0.5},"scale":{"x":1,"y":1},"rotation":0,"depth":0,"data":"","position":{"x":12333,"y":-1145}},{"id":"coin","texture":"pick_up","anchor":{"x":0.5,"y":0.5},"scale":{"x":1,"y":1},"rotation":0,"depth":0,"data":"","position":{"x":12560,"y":-1170}},{"id":"coin","texture":"pick_up","anchor":{"x":0.5,"y":0.5},"scale":{"x":1,"y":1},"rotation":0,"depth":0,"data":"","position":{"x":12788,"y":-1064}},{"id":"coin","texture":"pick_up","anchor":{"x":0.5,"y":0.5},"scale":{"x":1,"y":1},"rotation":0,"depth":0,"data":"","position":{"x":9991,"y":-2088}},{"id":"coin","texture":"pick_up","anchor":{"x":0.5,"y":0.5},"scale":{"x":1,"y":1},"rotation":0,"depth":0,"data":"","position":{"x":10112,"y":-2120}},{"id":"coin","texture":"pick_up","anchor":{"x":0.5,"y":0.5},"scale":{"x":1,"y":1},"rotation":0,"depth":0,"data":"","position":{"x":8592,"y":-1008}},{"id":"coin","texture":"pick_up","anchor":{"x":0.5,"y":0.5},"scale":{"x":1,"y":1},"rotation":0,"depth":0,"data":"","position":{"x":8956,"y":-998}},{"id":"coin","texture":"pick_up","anchor":{"x":0.5,"y":0.5},"scale":{"x":1,"y":1},"rotation":0,"depth":0,"data":"","position":{"x":9340,"y":-988}},{"id":"coin","texture":"pick_up","anchor":{"x":0.5,"y":0.5},"scale":{"x":1,"y":1},"rotation":0,"depth":0,"data":"","position":{"x":5104,"y":-1883}},{"id":"coin","texture":"pick_up","anchor":{"x":0.5,"y":0.5},"scale":{"x":1,"y":1},"rotation":0,"depth":0,"data":"","position":{"x":5255,"y":-1878}},{"id":"coin","texture":"pick_up","anchor":{"x":0.5,"y":0.5},"scale":{"x":1,"y":1},"rotation":0,"depth":0,"data":"","position":{"x":2591,"y":-1054}},{"id":"coin","texture":"pick_up","anchor":{"x":0.5,"y":0.5},"scale":{"x":1,"y":1},"rotation":0,"depth":0,"data":"","position":{"x":10563,"y":-1175}},{"id":"coin","texture":"pick_up","anchor":{"x":0.5,"y":0.5},"scale":{"x":1,"y":1},"rotation":0,"depth":0,"data":"","position":{"x":10811,"y":-1286}},{"id":"coin","texture":"pick_up","anchor":{"x":0.5,"y":0.5},"scale":{"x":1,"y":1},"rotation":0,"depth":0,"data":"","position":{"x":11039,"y":-1387}},{"id":"coin","texture":"pick_up","anchor":{"x":0.5,"y":0.5},"scale":{"x":1,"y":1},"rotation":0,"depth":0,"data":"","position":{"x":14699,"y":211}},{"id":"coin","texture":"pick_up","anchor":{"x":0.5,"y":0.5},"scale":{"x":1,"y":1},"rotation":0,"depth":0,"data":"","position":{"x":14252,"y":-632}},{"id":"coin","texture":"pick_up","anchor":{"x":0.5,"y":0.5},"scale":{"x":1,"y":1},"rotation":0,"depth":0,"data":"","position":{"x":6217,"y":-1530}},{"id":"coin","texture":"pick_up","anchor":{"x":0.5,"y":0.5},"scale":{"x":1,"y":1},"rotation":0,"depth":0,"data":"","position":{"x":6334,"y":-1574}},{"id":"coin","texture":"pick_up","anchor":{"x":0.5,"y":0.5},"scale":{"x":1,"y":1},"rotation":0,"depth":0,"data":"","position":{"x":6235,"y":-1646}},{"id":"coin","texture":"pick_up","anchor":{"x":0.5,"y":0.5},"scale":{"x":1,"y":1},"rotation":0,"depth":0,"data":"","position":{"x":10013,"y":-2211}},{"id":"time","texture":"pick_up_time","anchor":{"x":0.5,"y":0.5},"scale":{"x":1,"y":1},"rotation":0,"depth":0,"data":"","position":{"x":10618,"y":-2305}},{"id":"time","texture":"pick_up_time","anchor":{"x":0.5,"y":0.5},"scale":{"x":1,"y":1},"rotation":0,"depth":0,"data":"","position":{"x":11680,"y":-1379}},{"id":"coin","texture":"pick_up","anchor":{"x":0.5,"y":0.5},"scale":{"x":1,"y":1},"rotation":0,"depth":0,"data":"","position":{"x":11645,"y":-1995}},{"id":"coin","texture":"pick_up","anchor":{"x":0.5,"y":0.5},"scale":{"x":1,"y":1},"rotation":0,"depth":0,"data":"","position":{"x":11795,"y":-2074}},{"id":"coin","texture":"pick_up","anchor":{"x":0.5,"y":0.5},"scale":{"x":1,"y":1},"rotation":0,"depth":0,"data":"","position":{"x":11944,"y":-1987}},{"id":"coin","texture":"pick_up","anchor":{"x":0.5,"y":0.5},"scale":{"x":1,"y":1},"rotation":0,"depth":0,"data":"","position":{"x":12058,"y":-1827}},{"id":"coin","texture":"pick_up","anchor":{"x":0.5,"y":0.5},"scale":{"x":1,"y":1},"rotation":0,"depth":0,"data":"","position":{"x":14845,"y":-1187}},{"id":"coin","texture":"pick_up","anchor":{"x":0.5,"y":0.5},"scale":{"x":1,"y":1},"rotation":0,"depth":0,"data":"","position":{"x":6083,"y":-148}}]}],"length":15249}