{
	"alpha": {
		"start": 1,
		"end": 0
	},
	"scale": {
		"start": 0.8,
		"end": 0.3,
		"minimumScaleMultiplier": 0.6
	},
	"color": {
		"start": "#ff9900",
		"end": "#fff700"
	},
	"speed": {
		"start": 700,
		"end": 0
	},
	"acceleration": {
		"x": 0,
		"y": 0
	},
	"startRotation": {
		"min": 0,
		"max": 360
	},
	"rotationSpeed": {
		"min": 0,
		"max": 0
	},
	"lifetime": {
		"min": 0.2,
		"max": 1
	},
	"blendMode": "add",
	"frequency": 0.001,
	"emitterLifetime": 0.15,
	"maxParticles": 80,
	"pos": {
		"x": 0,
		"y": 0
	},
	"addAtBack": false,
	"spawnType": "circle",
	"spawnCircle": {
		"x": 0,
		"y": 0,
		"r": 0
	}
}