{
	"alpha": {
		"start": 1,
		"end": 0.31
	},
	"scale": {
		"start": 2,
		"end": 0.5,
		"minimumScaleMultiplier": 0.5
	},
	"color": {
		"start": "#fff67f",
		"end": "#ffae00"
	},
	"speed": {
		"start": 1000,
		"end": 0
	},
	"acceleration": {
		"x": 0,
		"y": 0
	},
	"startRotation": {
		"min": 140,
		"max": 400
	},
	"rotationSpeed": {
		"min": 0,
		"max": 20
	},
	"lifetime": {
		"min": 0.2,
		"max": 0.4
	},
	"blendMode": "add",
	"frequency": 0.001,
	"emitterLifetime": 0.1,
	"maxParticles": 8,
	"pos": {
		"x": 0,
		"y": 0
	},
	"addAtBack": false,
	"spawnType": "point"
}