{
	"alpha": {
		"start": 1,
		"end": 0
	},
	"scale": {
		"start": 0.8,
		"end": 0.3,
		"minimumScaleMultiplier": 0.6
	},
	"color": {
		"start": "#ffa600",
		"end": "#fff700"
	},
	"speed": {
		"start": 100,
		"end": 50
	},
	"acceleration": {
		"x": 0,
		"y": 0
	},
	"startRotation": {
		"min": 0,
		"max": 360
	},
	"rotationSpeed": {
		"min": 0,
		"max": 0
	},
	"lifetime": {
		"min": 2,
		"max": 4
	},
	"blendMode": "add",
	"frequency": 0.01,
	"emitterLifetime": -1,
	"maxParticles": 80,
	"pos": {
		"x": 0,
		"y": 0
	},
	"addAtBack": false,
	"spawnType": "circle",
	"spawnCircle": {
		"x": 0,
		"y": 0,
		"r": 0
	}
}