<?xml version="1.0" encoding="UTF-8" standalone="no"?>
<!--Created using Glyph Designer - http://www.71squared.com/glyphdesigner-->
<font>
    <info face="Superclarendon Numbers" size="60" bold="1" italic="0" chasrset="" unicode="0" stretchH="100" smooth="1" aa="1" padding="0,0,0,0" spacing="2,2"/>
    <common lineHeight="73" base="59" scaleW="256" scaleH="256" pages="1" packed="0"/>
    <pages>
        <page id="0" file="superclarendon_numbers_60pt.png"/>
    </pages>
    <chars count="15">
        <char id="32" x="164" y="109" width="0" height="0" xoffset="0" yoffset="59" xadvance="21" page="0" chnl="0" letter="space"/>
        <char id="43" x="74" y="109" width="39" height="38" xoffset="2" yoffset="14" xadvance="34" page="0" chnl="0" letter="+"/>
        <char id="45" x="136" y="109" width="26" height="14" xoffset="2" yoffset="30" xadvance="20" page="0" chnl="0" letter="-"/>
        <char id="46" x="115" y="109" width="19" height="19" xoffset="5" yoffset="41" xadvance="20" page="0" chnl="0" letter="."/>
        <char id="48" x="89" y="2" width="45" height="51" xoffset="3" yoffset="9" xadvance="42" page="0" chnl="0" letter="0"/>
        <char id="49" x="134" y="56" width="33" height="51" xoffset="3" yoffset="8" xadvance="30" page="0" chnl="0" letter="1"/>
        <char id="50" x="181" y="2" width="42" height="51" xoffset="3" yoffset="9" xadvance="39" page="0" chnl="0" letter="2"/>
        <char id="51" x="2" y="56" width="42" height="51" xoffset="3" yoffset="9" xadvance="39" page="0" chnl="0" letter="3"/>
        <char id="52" x="169" y="56" width="45" height="50" xoffset="3" yoffset="9" xadvance="41" page="0" chnl="0" letter="4"/>
        <char id="53" x="2" y="2" width="43" height="52" xoffset="3" yoffset="8" xadvance="40" page="0" chnl="0" letter="5"/>
        <char id="54" x="46" y="56" width="42" height="51" xoffset="3" yoffset="9" xadvance="39" page="0" chnl="0" letter="6"/>
        <char id="55" x="47" y="2" width="40" height="52" xoffset="3" yoffset="8" xadvance="35" page="0" chnl="0" letter="7"/>
        <char id="56" x="136" y="2" width="43" height="51" xoffset="3" yoffset="9" xadvance="40" page="0" chnl="0" letter="8"/>
        <char id="57" x="90" y="56" width="42" height="51" xoffset="3" yoffset="9" xadvance="39" page="0" chnl="0" letter="9"/>
        <char id="109" x="2" y="109" width="70" height="41" xoffset="2" yoffset="18" xadvance="65" page="0" chnl="0" letter="m"/>
    </chars>
    <kernings count="9">
        <kerning first="43" second="49" amount="-9"/>
        <kerning first="43" second="54" amount="-9"/>
        <kerning first="46" second="52" amount="-3"/>
        <kerning first="48" second="46" amount="-3"/>
        <kerning first="51" second="46" amount="-3"/>
        <kerning first="54" second="46" amount="-3"/>
        <kerning first="55" second="52" amount="-8"/>
        <kerning first="56" second="46" amount="-3"/>
        <kerning first="57" second="46" amount="-3"/>
    </kernings>
</font>