{
	"alpha": {
		"start": 1,
		"end": 0
	},
	"scale": {
		"start": 0.5,
		"end": 1.5,
		"minimumScaleMultiplier": 1
	},
	"color": {
		"start": "#ffffff",
		"end": "#ffffff"
	},
	"speed": {
		"start": 0,
		"end": 10
	},
	"acceleration": {
		"x": 0,
		"y": -50
	},
	"startRotation": {
		"min": 0,
		"max": 1
	},
	"rotationSpeed": {
		"min": 0,
		"max": 1
	},
	"lifetime": {
		"min": 0.5,
		"max": 1
	},
	"blendMode": "normal",
	"frequency": 0.001,
	"emitterLifetime": -1,
	"maxParticles": 15,
	"pos": {
		"x": 0,
		"y": 0
	},
	"addAtBack": false,
	"spawnType": "rect",
	"spawnRect": {
		"x": 0,
		"y": 0,
		"w": 100,
		"h": 0
	}
}