{
	"alpha": {
		"start": 1,
		"end": 0
	},
	"scale": {
		"start": 0.5,
		"end": 0.25,
		"minimumScaleMultiplier": 2
	},
	"color": {
		"start": "#ffffff",
		"end": "#ffffff"
	},
	"speed": {
		"start": 500,
		"end": 0
	},
	"acceleration": {
		"x": 0,
		"y": 3000
	},
	"startRotation": {
		"min": 380,
		"max": 260
	},
	"rotationSpeed": {
		"min": 0,
		"max": 360
	},
	"lifetime": {
		"min": 0.4,
		"max": 0.7
	},
	"blendMode": "normal",
	"frequency": 0.001,
	"emitterLifetime": 0.1,
	"maxParticles": 14,
	"pos": {
		"x": 0,
		"y": 0
	},
	"addAtBack": false,
	"spawnType": "circle",
	"spawnCircle": {
		"x": 0,
		"y": 0,
		"r": 50
	}
}