{
	"alpha": {
		"start": 1,
		"end": 0
	},
	"scale": {
		"start": 0.6,
		"end": 1.4,
		"minimumScaleMultiplier": 1
	},
	"color": {
		"start": "#ffffff",
		"end": "#ffffff"
	},
	"speed": {
		"start": 400,
		"end": 50
	},
	"acceleration": {
		"x": 0,
		"y": 160
	},
	"startRotation": {
		"min": 0,
		"max": 360
	},
	"noRotation": false,
	"rotationSpeed": {
		"min": 0,
		"max": 0
	},
	"lifetime": {
		"min": 1.0,
		"max": 1.4
	},
	"blendMode": "add",
	"frequency": 0.048,
	"emitterLifetime": -1,
	"maxParticles": 40,
	"pos": {
		"x": 0,
		"y": 0
	},
	"addAtBack": false,
	"spawnType": "circle",
	"spawnCircle": {
		"x": 0,
		"y": 0,
		"r": 20
	}
}